# name	page	lib	header	print
AddParameterBytes	ee503840(v=winembedded.60)	-	-	RTFSUPP_API void AddParameterBytes( HPACKET hPacket, BYTE *pData, DWORD cbData );
AddParameterDWORD	ee503863(v=winembedded.60)	-	-	RTFSUPP_API void AddParameterDWORD( HPACKET hPacket, DWORD dwData );
AddParameterString	ee503752(v=winembedded.60)	-	-	RTFSUPP_API void AddParameterString( HPACKET hPacket, WCHAR *szData );
AddParameterWORD	ee503862(v=winembedded.60)	-	-	RTFSUPP_API void AddParameterWORD( HPACKET hPacket, WORD wData );
AddVectoredExceptionHandler	ee488606(v=winembedded.60)	-	winbase.h	PVOID AddVectoredExceptionHandler( ULONG FirstHandler, PVECTORED_EXCEPTION_HANDLER VectoredHandler );
BP_GetPartitionInfo	aa516965(v=msdn.10)	Bootpart.lib	Bootpart.h	PPARTENTRY BP_GetPartitionInfo(HANDLE hPartition, );
BP_Init	aa516966(v=msdn.10)	Bootpart.lib	Bootpart.h	BOOL BP_Init(LPBYTE pMemory, DWORD dwSize,LPCTSTR lpActiveReg,PPCI_REG_INFO pRegIn,PPCI_REG_INFO pRegOut);
BP_LowLevelFormat	aa516967(v=msdn.10)	Bootpart.lib	Bootpart.h	BOOL BP_LowLevelFormat(DWORD dwStartBlock,DWORD dwNumBlocks,DWORD dwFlags);
BP_OpenPartition	aa516968(v=msdn.10)	Bootpart.lib	Bootpart.h	HANDLE BP_OpenPartition(DWORD dwStartSector, DWORD dwNumSectors,DWORD dwPartType,BOOL fActive,DWORD dwCreationFlags);
BP_ReadData	aa516969(v=msdn.10)	Bootpart.lib	Bootpart.h	BOOL BP_ReadData(HANDLE hPartition, LPBYTE pbBuffer,DWORD dwLength);
BP_SetDataPointer	aa516970(v=msdn.10)	Bootpart.lib	Bootpart.h	BOOL BP_SetDataPointer(HANDLE hPartition, DWORD dwAddress);
BP_WriteData	aa516971(v=msdn.10)	Bootpart.lib	Bootpart.h	BOOL BP_WriteData(HANDLE hPartition, LPBYTE pbBuffer,DWORD dwLength);
BSPIntrActiveIrq	aa447215(v=msdn.10)	-	Oal_intr.h	UINT32 BSPIntrActiveIrq( UINT32 irq);
BSPIntrDisableIrq	aa447216(v=msdn.10)	-	Oal_intr.h	UINT32 BSPIntrDisableIrq( UINT32 irq);
BSPIntrDoneIrq	aa447217(v=msdn.10)	-	Oal_intr.h	UINT32 BSPIntrDoneIrq( UINT32 irq);
BSPIntrEnableIrq	aa447218(v=msdn.10)	-	Oal_intr.h	UINT32 BSPIntrEnableIrq( UINT32 irq);
BSPIntrInit	aa447219(v=msdn.10)	-	Oal_intr.h	BOOL BSPIntrInit();
BSPIntrRequestIrqs	aa447220(v=msdn.10)	-	Oal_intr.h	BOOL BSPIntrRequestIrqs( DEVICE_LOCATION *pDevLoc, UINT32 *pCount, UINT32 *pIrqs);
BthNotifyEvent	ee495355(v=winembedded.60)	-	-	HANDLE BthNotifyEvent( PBTEVENT pbtEvent, DWORD dwEventClass );
BusChildIoControl	ee482917(v=winembedded.60)	-	ceddk.h	BOOL BusChildIoControl( HANDLE hBusAccess, DWORD dwIoControlCode, LPVOID lpBuffer, DWORD nBufferSize ) ;
CAM_Close	ee485410(v=winembedded.60)	-	-	BOOL CAM_Close( DWORD Context );
CAM_Init	ee481911(v=winembedded.60)	-	-	DWORD CAM_Init( VOID* pContext );
CAM_Open	ee482517(v=winembedded.60)	-	-	DWORD CAM_Open( DWORD Context, DWORD Access, DWORD ShareMode );
CeAllocAsynchronousBuffer	ee488604(v=winembedded.60)	-	pkfuncs.h	HRESULT CeAllocAsynchronousBuffer( PVOID * ppDestAsyncMarshalled, PVOID pSrcSyncMarshalled, DWORD cbSrc, DWORD ArgumentDescriptor );
CeAllocDuplicateBuffer	ee488789(v=winembedded.60)	-	pkfuncs.h	HRESULT CeAllocDuplicateBuffer( PVOID * ppDestDuplicate, PVOID pSrcMarshalled, DWORD cbSrc, DWORD ArgumentDescriptor );
CeCallUserProc	ee482964(v=winembedded.60)	-	pkfuncs.h	BOOL CeCallUserProc( LPCWSTR pszDllName, LPCWSTR pszFuncName, LPVOID lpInBuffer, DWORD nInBufferSize, LPVOID lpOutBuffer, DWORD nOutBufferSize, LPDWORD lpBytesReturned );
CeDriverDuplicateCallerHandle	ee486213(v=winembedded.60)	-	ceddk.h	HANDLE CeDriverDuplicateCallerHandle( HANDLE DirectCallerHandle, DWORD dwDesiredAccess, BOOL bInheritHandle, DWORD dwOptions );
CeDriverMapCallbackFunction	ee484627(v=winembedded.60)	-	ceddk.h	HANDLE CeDriverMapCallbackFunction( LPNOTIFY_CALLBACK_ROUTINE lpCallback );
CeDriverPerformCallback	ee482211(v=winembedded.60)	-	ceddk.h	BOOL CeDriverPerformCallback( HANDLE hCallback, DWORD dwIoControlCode, LPVOID lpInBuf, DWORD nInBufSize, LPVOID lpOutBuf, DWORD nOutBufSize, LPDWORD lpBytesReturned, LPOVERLAPPED lpOverlapped );
CeFlushAsynchronousBuffer	ee488374(v=winembedded.60)	-	pkfuncs.h	HRESULT CeFlushAsynchronousBuffer( PVOID pDestAsyncMarshalled, PVOID pSrcSyncMarshalled, PVOID pSrcUnmarshalled, DWORD cbSrc, DWORD ArgumentDescriptor );
CeFreeAsynchronousBuffer	ee488607(v=winembedded.60)	-	pkfuncs.h	HRESULT CeFreeAsynchronousBuffer( PVOID pDestAsyncMarshalled, PVOID pSrcSyncMarshalled, DWORD cbSrc, DWORD ArgumentDescriptor );
CeFreeDuplicateBuffer	ee488644(v=winembedded.60)	-	pkfuncs.h	HRESULT CeFreeDuplicateBuffer( PVOID pDestDuplicate, PVOID pSrcMarshalled, DWORD cbSrc, DWORD ArgumentDescriptor );
CeGetDiskFreeSpaceEx	ee496420(v=winembedded.60)	-	rapi.h	int CeGetDiskFreeSpaceEx( LPCTSTR _lpDirectoryName, PULARGE_INTEGER lpFreeBytesAvailable, PULARGE_INTEGER lpTotalNumberOfBytes, PULARGE_INTEGER lpTotalNumberOfFreeBytes );
CeGetRawTime	ee488174(v=winembedded.60)	-	pkfuncs.h	BOOL CeGetRawTime( ULONGLONG * pui64Millsec );
CeGetRawTimeOffset	ee488363(v=winembedded.60)	-	pkfuncs.h	BOOL CeGetRawTimeOffset( LONGLONG * pi64Offset );
CeImpersonateCurrentProcess	ee482962(v=winembedded.60)	-	pkfuncs.h	BOOL CeImpersonateCurrentProcess ( void );
CeRegGetInfo	ee490230(v=winembedded.60)	-	winreg.h	LONG CeRegGetInfo( __in HKEY hKey, __inout PCE_REGISTRY_INFO pInfo
CeRemoteHeapCreate	ee487990(v=winembedded.60)	-	pkfuncs.h	HANDLE CeRemoteHeapCreate ( DWORD dwProcessId, DWORD dwFlags );
CeRemoteHeapTranslatePointer	ee487998(v=winembedded.60)	-	pkfuncs.h	LPVOID CeRemoteHeapTranslatePointer( HANDLE hHeap, DWORD dwFlags, LPVOID ptr );
CeSyncStop	ee496864(v=winembedded.60)	-	rapi.h	HRESULT CeSyncStop();
CertInit	ee498713(v=winembedded.60)	-	cecertmod.h	DWORD CertInit();
CertifyModule	ms903995(v=msdn.10)	Loadauth.lib	-	BOOL CertifyModule(PBYTEpbBlock,DWORDcbBlock );
CertifyModuleFinal	ms903996(v=msdn.10)	Loadauth.lib	-	BOOL CertifyModuleFinal(PBYTE* ppbSignData,PDWORD pcbSignData );
CertifyModuleInit	ms903997(v=msdn.10)	Loadauth.lib	-	BOOL CertifyModuleInit (void);
CheckControlC	aa462538(v=msdn.10)	-	WDbgExts_CE.h	ULONG CheckControlC( VOID);
CleanupTestThread	aa462553(v=msdn.10)	-	-	UINT CleanupTestThread( HANDLE hThread, DWORD dwThreadId, int index);
CloseDmpTxt	ee481394(v=winembedded.60)	-	DwDumpTxt.h	HRESULT CloseDmpTxt( HANDLE hDmpFile );
CloseGestureInfoHandle	ee504292(v=winembedded.60)	-	pwinuser.h	BOOL CloseGestureInfoHandle ( HGESTUREINFO hGestureInfo );
CoInternetCreateSecurityManager	ee491853(v=winembedded.60)	-	urlmon.h	HRESULT CoInternetCreateSecurityManager( IServiceProvider* pSP, IInternetSecurityManager** ppSM, DWORD dwReserved );
ConnMgrEnumDestinations	ee496934(v=winembedded.60)	-	connmgr.h	HRESULT WINAPI ConnMgrEnumDestinations( int Index, CONNMGR_DESTINATION_INFO *pDestInfo );
ConnMgrQueryDetailedStatus	ee497106(v=winembedded.60)	-	connmgr_status.h	HRESULT WINAPI ConnMgrQueryDetailedStatus( CONNMGR_CONNECTION_DETAILED_STATUS *pStatusBuffer, DWORD *pcbBufferSize );
ConnMgrRegisterScheduledConnection	ee498068(v=winembedded.60)	-	connmgr.h	HRESULT WINAPI ConnMgrRegisterScheduledConnection( SCHEDULEDCONNECTIONINFO *pSCI );
ConnectionDialog	ms908147(v=msdn.10)	Netui.lib	Netui.h	BOOL ConnectionDialog(HWND hParent,PADDCONNECT_DLGPARAMS pDlgParams);
ContrastControl	ee486954(v=winembedded.60)	-	gpe.h	BOOL ContrastControl( ULONG cmd, ULONG * pValue );
CreateAPIHandle	ee483024(v=winembedded.60)	-	pkfuncs.h	HANDLE CreateAPIHandle( HANDLE hASet, LPVOID pvData );
CreateAPISet	ee482963(v=winembedded.60)	-	pkfuncs.h	HANDLE CreateAPISet( char acName[4], USHORT cFunctions, const PFNVOID *ppfnMethods, const ULONGLONG *pu64Sig );
CreateCommand	ee503868(v=winembedded.60)	-	-	RTFSUPP_API HRESULT CreateCommand( HPACKET *pHPacket );
CreatePhysicsEngine	ee501743(v=winembedded.60)	-	physicsengine.h	HRESULT CreatePhysicsEngine( __in const PHYSICSENGINEINIT* pEngineInit, __out HPHYSICSENGINE* phResult );
CreateTileProxy	ee487646(v=winembedded.60)	-	TileProxy.h	HRESULT CreateTileProxy( HWND hParentWnd, HWND hHtmlWnd, WNDPROC pfnWndProc, LPVOID pCreateParam, HANDLE* phTileProxy);
CreateTransport	aa462558(v=msdn.10)	-	Trans.h	CTransport* CreateTransport();
CustomTrackPopupMenu	ee505492(v=winembedded.60)	-	-	BOOL CustomTrackPopupMenu( HMENU hmenu, UNIT uFlags, Int x, Int y, HWND hWnd, LPTPMPARAMS lpTpm, BOOL fSelectFirst, BOOL *pfCustomTracked );
D3DMXCheckTextureRequirements	ee490484(v=winembedded.60)	-	d3dmx.h	HRESULT WINAPI D3DMXCheckTextureRequirements( LPDIRECT3DMOBILEDEVICE pDevice, UINT* pWidth, UINT* pHeight, UINT* pNumMipLevels, DWORD Usage, D3DMFORMAT* pFormat, D3DMPOOL Pool );
D3DMXCreateTexture	ee491275(v=winembedded.60)	-	d3dmx.h	HRESULT WINAPI D3DMXCreateTexture( LPDIRECT3DMOBILEDEVICE pDevice, UINT Width, UINT Height, UINT MipLevels, DWORD Usage, D3DMFORMAT Format, D3DMPOOL Pool, LPDIRECT3DMOBILETEXTURE* ppTexture );
D3DMXLoadSurfaceFromFileInMemory	ee490052(v=winembedded.60)	-	d3dmx.h	HRESULT WINAPI D3DMXLoadSurfaceFromFileInMemory( LPDIRECT3DMOBILESURFACE pDestSurface, CONST PALETTEENTRY* pDestPalette, CONST RECT* pDestRect, LPCVOID pSrcData, UINT SrcDataSize, CONST RECT* pSrcRect, DWORD Filter, D3DMCOLOR ColorKey, D3DMXIMAGE_INFO* pSrcInfo );
D3DMXLoadSurfaceFromSurface	ee490854(v=winembedded.60)	-	d3dmx.h	HRESULT WINAPI D3DMXLoadSurfaceFromSurface( LPDIRECT3DMOBILESURFACE pDestSurface, CONST PALETTEENTRY* pDestPalette, CONST RECT* pDestRect, LPDIRECT3DMOBILESURFACE pSrcSurface, CONST PALETTEENTRY* pSrcPalette, CONST RECT* pSrcRect, DWORD Filter, D3DMCOLOR ColorKey );
DMAAllocateChannel	ee482261(v=winembedded.60)	-	oaldma.h	DMA_CHANNEL_HANDLE DMAAllocateChannel( PCE_DMA_ADAPTER pDmaAdapter, ULONG ulRequestedChannel, ULONG ulAddressSpace, PHYSICAL_ADDRESS phDeviceIoAddress );
DMACancelTransfer	ee481535(v=winembedded.60)	-	oaldma.h	BOOL DMACancelTransfer( DMACancelTransfer DmaTransferHandle );
DMACloseBuffer	ee483662(v=winembedded.60)	-	oaldma.h	BOOL DMACloseBuffer ( DMA_BUFFER_HANDLE hBuffer );
DMACloseTransfer	ee481336(v=winembedded.60)	-	oaldma.h	BOOL DMACloseTransfer ( DMA_TRANSFER_HANDLE DmaTransferHandle );
DMAFlushBlockBuffer	ee484606(v=winembedded.60)	-	oaldma.h	BOOL DMAFlushBlockBuffer ( DMA_BUFFER_HANDLE hBuffer );
DMAFreeChannel	ee486319(v=winembedded.60)	-	oaldma.h	BOOL DMAFreeChannel( DMA_CHANNEL_HANDLE Channel );
DMAGetAdapter	ee482102(v=winembedded.60)	-	oaldma.h	BOOL DMAGetAdapter( PDEVICE_DMA_REQUIRMENT_INFO pDeviceDmaRequirementInfo, PCE_DMA_ADAPTER pDmaAdapter );
DMAGetBufferPhysAddr	ee482935(v=winembedded.60)	-	oaldma.h	DWORD DMAGetBufferPhysAddr ( DMA_BUFFER_HANDLE hBuffer, DWORD NumOfBufferBlock, CE_DMA_BUFFER_BLOCK ceDmaBufferBLockArray[] );
DMAGetContexts	ee483874(v=winembedded.60)	-	oaldma.h	BOOL DMAGetContexts ( DMA_TRANSFER_HANDLE hDmaTransferHandle, PVOID *pContext1, PVOID *pContext2 );
DMAGetStatus	ee483989(v=winembedded.60)	-	oaldma.h	BOOL DMAGetStatus ( DMA_TRANSFER_HANDLE hDmaTransferHandle, PDWORD lpCompletedLength, PDWORD lpCompletionCode );
DMAIssueMultiBufferTransfer	ee482304(v=winembedded.60)	-	oaldma.h	BOOL DMAIssueMultiBufferTransfer ( HANDLE hDmaChannel, PDMA_TRANSFER_HANDLE phDmaHandle, DWORD dwFlags, DWORD dwNumOfTransfer, CE_DMA_BUFFER_BLOCK pCeDmaBufferBlock[], HANDLE hNotifyHandle, PVOID Context1, PVOID Context2, PHYSICAL_ADDRESS phOpDeviceIoAddress );
DMAIssueRawTransfer	ee483849(v=winembedded.60)	-	oaldma.h	BOOL DMAIssueRawTransfer ( DMA_TRANSFER_HANDLE *phDmaHandle, HANDLE hDmaChannel, PVOID lpInPtr, DWORD nInLen, HANDLE hNotifyHandle, PVOID NotifyContext1, PVOID NotifyContext2 );
DMAIssueTransfer	ee485066(v=winembedded.60)	-	oaldma.h	BOOL DMAIssueTransfer( HANDLE hDmaChannel, PDMA_TRANSFER_HANDLE phDmaHandle, DWORD dwFlags, PHYSICAL_ADDRESS SysytemMemoryPhysicalAddress, PVOID CurrentVa, ULONG Length, HANDLE hNotifyHandle, PVOID Context1, PVOID Context2, PHYSICAL_ADDRESS phOpDeviceIoAddress );
DMAOpenBuffer	ee482925(v=winembedded.60)	-	oaldma.h	DMA_BUFFER_HANDLE DMAOpenBuffer ( PCE_DMA_ADAPTER pDmaAdapter, DWORD dwNumBuffer, PVOID pBufferArray[], DWORD aLength[], );
DMARawTransferControl	ee481530(v=winembedded.60)	-	oaldma.h	BOOL DMARawTransferControl ( DMA_TRANSFER_HANDLE hDmaHandle, DWORD dwIoControl, PVOID lpInPtr, DWORD nInLen, LPVOID lpOutBuffer, DWORD nOutBufferSize, LPDWORD lpBytesReturned );
DMAStartTransfer	ee483053(v=winembedded.60)	-	oaldma.h	BOOL DMAStartTransfer( DMA_TRANSFER_HANDLE hDmaTransferHandle );
DMATransferOnBlocks	ee485446(v=winembedded.60)	-	oaldma.h	BOOL DMATransferOnBlocks( DMA_BUFFER_HANDLE hBuffer, HANDLE hDmaChannel, PDMA_TRANSFER_HANDLE phDmaHandle, DWORD dwFlags, PVOID pBufferContext, HANDLE hNotifyHandle, PVOID Context1, PVOID Context2, PHYSICAL_ADDRESS phOpDeviceIoAddress );
DRM_ND_GetPrivateKey	aa456347(v=msdn.10)	drm_nd_oem.lib	-	BOOL DRM_ND_GetPrivateKey( PrivateKeyDef *pDef);
DefragVolume	ms887939(v=msdn.10)	Fatutil.dll	Defragdisk.h	BOOL DefragVolume( HANDLEhVolume,PDISK_INFOpdi,PDEFRAG_OPTIONSpdo,PFN_PROGRESSpfnProgress,PFN_MESSAGEpfnMessage);
DefragVolumeEx	ms887947(v=msdn.10)	Fatutil.dll	Defragdisk.h	DWORD DefragVolumeEx( HANDLEhVolume,PDEFRAG_PARAMSpdp);
DeleteStaticMapping	ee482746(v=winembedded.60)	-	pkfuncs.h	BOOL DeleteStaticMapping( LPVOID pVirtBase, DWORD dwSize );
DestroyInstance	ms904005(v=msdn.10)	-	-	BOOL DestroyInstance( DWORD InstanceIndex);
DestroyPhysicsEngine	ee502549(v=winembedded.60)	-	physicsengine.h	HRESULT DestroyPhysicsEngine( HPHYSICSENGINE hEngine );
DisableGestures	ee504053(v=winembedded.60)	-	pwinuser.h	BOOL DisableGestures( HWND hwnd, ULONGLONG ullFlags, UINT uScope );
DoOptionsDialog	ee486399(v=winembedded.60)	-	cesync.h	HRESULT DoOptionsDialog ( HWND hwndParent, LPCSTR lpszObjType, IReplNotify* pntfy );
DoStressIteration	aa462567(v=msdn.10)	-	-	UINT DoStressIteration( HANDLE hThread, DWORD dwThreadId, LPVOID pv);
DrvTextOut	ee489882(v=winembedded.60)	-	winddif.h	BOOL DrvTextOut( SURFOBJ *pso, STROBJ *pstro, FONTOBJ *pfo, CLIPOBJ *pco, RECTL *prclExtra, RECTL *prclOpaque, BRUSHOBJ *pboFore, BRUSHOBJ *pboOpaque, POINTL *pptlOrg, MIX mix );
EbootEtherReadData	ms904025(v=msdn.10)	Hal.lib	Halether.h	BOOL EbootEtherReadData(DWORD cbData,LPBYTE pbData);
EbootGetDHCPAddr	ms904026(v=msdn.10)	Hal.lib	Halether.h	BOOL EbootGetDHCPAddr(EDBG_ADDR* pEdbgAddr,DWORD* pdwSubnetMask,EDBG_ADDR* pdwDHCPLeaseTime);
EbootInitEtherTransport	ms904027(v=msdn.10)	Hal.lib	Halether.h	BOOL EbootInitEtherTransport(EDBG_ADDR* pEdbgAddr,LPDWORD pdwSubnetMask,BOOL* pfJumping,DWORD* pdwDHCPLeaseTime,UCHAR VersionMajor,UCHAR VersionMinor,char* szPlatformString,char* szDeviceName,UCHAR CPUId,DWORD dwBootFlags);
EbootWaitForHostConnect	ms904028(v=msdn.10)	Hal.lib	Halether.h	EDBG_OS_CONFIG_DATA* EbootWaitForHostConnect(EDBG_ADDR* pDevAddr,EDBG_ADDR* pHostAddr);
EnableGestures	ee499762(v=winembedded.60)	-	pwinuser.h	BOOL EnableGestures( HWND hwnd, ULONGLONG ullFlags, UINT uScope );
ExpInterlockedCompareExchange64	ms864036	-	Mipsintr.h	LONGLONG ExpInterlockedCompareExchange64( PLONGLONG Destination, PLONGLONG Exchange, PLONGLONG Comparand );
FDDESTROYFONT	ee489854(v=winembedded.60)	-	fontdrv.h	VOID FDDESTROYFONT(FONTOBJ *pfo);
FDGETFONTTABLE	ee489843(v=winembedded.60)	-	fontdrv.h	LONG FDGETFONTTABLE ( ULONG_PTR iFile, ULONG ulFont, ULONG ulTag, PTRDIFF dpStart, ULONG cjBuf, BYTE *pjBuf, PBYTE *ppjTable, ULONG *pcjTable );
FDLOADFONTFILE	ee489877(v=winembedded.60)	-	fontdrv.h	ULONG_PTR FDLOADFONTFILE( ULONG cFiles, ULONG_PTR *piFile, PVOID *ppvView, ULONG *pcjView, DESIGNVECTOR *pdv, ULONG ulLangID, ULONG ulFastCheckSum );
FDQUERYFONT	ee489869(v=winembedded.60)	-	fontdrv.h	PIFIMETRICS FDQUERYFONT( DHPDEV dhpdev, ULONG_PTR iFile, ULONG iFace, ULONG_PTR *pid );
FDQUERYFONTDATA	ee489837(v=winembedded.60)	-	fontdrv.h	LONG FDQUERYFONTDATA( DHPDEV dhpdev, FONTOBJ *pfo, ULONG iMode, HGLYPH hg, GLYPHDATA *pgd, PVOID pv, ULONG cjSize );
FDQUERYFONTFILE	ee489873(v=winembedded.60)	-	fontdrv.h	LONG FDQUERYFONTFILE( ULONG_PTR iFile, ULONG ulMode, ULONG cjBuf, ULONG *pulBuf );
FDUNLOADFONTFILE	ee489898(v=winembedded.60)	-	fontdrv.h	BOOL FDUNLOADFONTFILE(ULONG_PTR iFile);
FMD_GetInfoEx	ee485657(v=winembedded.60)	-	fmd.h	BOOL FMD_GetInfoEx( PFlashInfoEx pFlashInfo, PDWORD pdwNumRegions );
FSDMGR_CacheIoControl	ee490621(v=winembedded.60)	-	fsdmgr.h	BOOL FSDMGR_CacheIoControl( DWORD dwCacheId, DWORD dwIoControlCode, LPVOID lpInBuf, DWORD nInBufSize, LPVOID lpOutBuf, DWORD nOutBufSize, LPDWORD lpBytesReturned, LPOVERLAPPED lpOverlapped );
FSDMGR_CachedRead	ee490768(v=winembedded.60)	-	fsdmgr.h	DWORD FSDMGR_CachedRead( DWORD dwCacheId, DWORD dwBlockNum, DWORD dwNumBlocks, PVOID pBuffer, DWORD dwReadFlags );
FSDMGR_CachedWrite	ee489800(v=winembedded.60)	-	fsdmgr.h	DWORD FSDMGR_CachedWrite( DWORD dwCacheId, DWORD dwBlockNum, DWORD dwNumBlocks, PVOID pBuffer, DWORD dwWriteFlags );
FSDMGR_CreateCache	ee490581(v=winembedded.60)	-	fsdmgr.h	DWORD FSDMGR_CreateCache( HDSK pDsk, DWORD dwStart, DWORD dwEnd, DWORD dwCacheSize, DWORD dwBlockSize, DWORD dwCreateFlags );
FSDMGR_DeleteCache	ee489588(v=winembedded.60)	-	fsdmgr.h	DWORD FSDMGR_DeleteCache( DWORD dwCacheId );
FSDMGR_FlushCache	ee489937(v=winembedded.60)	-	fsdmgr.h	DWORD FSDMGR_FlushCache( DWORD dwCacheId, PSECTOR_LIST_ENTRY pSectorList, DWORD dwNumEntries, DWORD dwFlushFlags );
FSDMGR_InstallFileLock	ee489597(v=winembedded.60)	-	lockmgr.h	BOOL FSDMGR_InstallFileLock( PACQUIREFILELOCKSTATE pAcquireFileLockState, PRELEASEFILELOCKSTATE pReleaseFileLockState, DWORD dwHandle, DWORD dwFlags, DWORD dwReserved, DWORD nNumberOfBytesToLockLow, DWORD nNumberOfBytesToLockHigh, LPOVERLAPPED lpOverlapped );
FSDMGR_InvalidateCache	ee490378(v=winembedded.60)	-	fsdmgr.h	DWORD FSDMGR_InvalidateCache( DWORD dwCacheId, PSECTOR_LIST_ENTRY pSectorList, DWORD dwNumEntries, DWORD dwFlags );
FSDMGR_RemoveFileLockEx	ee489609(v=winembedded.60)	-	lockmgr.h	BOOL FSDMGR_RemoveFileLockEx( PACQUIREFILELOCKSTATE pAcquireFileLockState, PRELEASEFILELOCKSTATE pReleaseFileLockState, DWORD dwHandle );
FSDMGR_ResizeCache	ee490384(v=winembedded.60)	-	fsdmgr.h	DWORD FSDMGR_ResizeCache( DWORD dwCacheId, DWORD dwSize, DWORD dwResizeFlags );
FSDMGR_SyncCache	ee489567(v=winembedded.60)	-	fsdmgr.h	DWORD FSDMGR_SyncCache( DWORD dwCacheId, PSECTOR_LIST_ENTRY pSectorList, DWORD dwNumEntries, DWORD dwSyncFlags );
FSDMGR_TestFileLock	ee490368(v=winembedded.60)	-	lockmgr.h	BOOL FSDMGR_TestFileLock( PACQUIREFILELOCKSTATE pAcquireFileLockState, PRELEASEFILELOCKSTATE pReleaseFileLockState, DWORD dwHandle, BOOL fRead, DWORD cbReadWrite );
FSDMGR_TestFileLockEx	ee490616(v=winembedded.60)	-	lockmgr.h	BOOL FSDMGR_TestFileLockEx( PACQUIREFILELOCKSTATE pAcquireFileLockState, PRELEASEFILELOCKSTATE pReleaseFileLockState, DWORD dwHandle, BOOL fRead, DWORD cbReadWrite, DWORD dwOffsetLow, DWORD dwOffsetHigh );
FindI	ms937590	-	-	POSITION FindI(void* pObj);
FormatVolume	ms890458(v=msdn.10)	Fatutil.dll	Formatdisk.h	DWORD FormatVolume( HANDLEhVolume,PDISK_INFOpdi,PFORMAT_OPTIONSpfo,PFN_PROGRESSpfnProgress,PFN_PROGRESSpfnMessage);
FormatVolumeEx	ms890467(v=msdn.10)	Fatutil.dll	Formatdisk.h	DWORD FormatVolumeEx( HANDLEhVolume,PFORMAT_PARAMSpfp,);
ForwardDeviceIoControl	ee482824(v=winembedded.60)	-	pkfuncs.h	BOOL ForwardDeviceIoControl ( HANDLE hDevice, DWORD dwIoControlCode, LPVOID lpInBuf, DWORD nInBufSize, LPVOID lpOutBuf, DWORD nOutBufSize, LPDWORD lpBytesReturned, LPOVERLAPPED lpOverlapped );
FreeCommand	ee503878(v=winembedded.60)	-	-	RTFSUPP_API HRESULT FreeCommand( HPACKET hPacket );
FreeString	ee503729(v=winembedded.60)	-	-	RTFSUPP_API void FreeString( HPACKET hPacket, WCHAR *pszData );
FreeXRValue	ee501875(v=winembedded.60)	-	XamlRuntime.h	void WINAPI FreeXRValue( XRValue* pValue );
GPSGetDeviceState	ee483702(v=winembedded.60)	-	gpsapi.h	DWORD GPSGetDeviceState( GPS_DEVICE *pGPSDevice );
GPSGetPosition	ee483312(v=winembedded.60)	-	gpsapi.h	DWORD GPSGetPosition( HANDLE hGPSDevice, GPS_POSITION *pGPSPosition, DWORD dwMaximumAge, DWORD dwFlags );
GetAnimateMessageInfo	ee500295(v=winembedded.60)	-	pwinuser.h	BOOL GetAnimateMessageInfo( HWND hWnd, WPARAM wParam, LPARAM lParam, LPANIMATEMESSAGEINFO pAnimateMessageInfo );
GetAuxTabInfo	ee486546(v=winembedded.60)	-	oem_settings.h	EXTERN_C HRESULT WINAPI GetAuxTabInfo( PRDP_TAB_INFO pTab );
GetAvailableDataSize	ee503794(v=winembedded.60)	-	-	RTFSUPP_API BOOL GetAvailableDataSize( HPACKET hPacket, DWORD *pdwAvailable );
GetContext	aa462582(v=msdn.10)	-	WDbgExts_CE.h	ULONG GetContext( ULONG Target, PCONTEXT lpContext, ULONG cbSizeOfContext);
GetDebuggerData	aa462584(v=msdn.10)	-	WDbgExts_CE.h	ULONG GetDebuggerData( ULONG Tag, PVOID Buf, ULONG Size):
GetDmpInfo	ee481801(v=winembedded.60)	-	dwdmptxt.h	HRESULT GetDmpInfo( HANDLE hDmpFile, PDMPFILEINFO pDmpFileInfo );
GetDmpLines	ee480428(v=winembedded.60)	-	dwdmptxt.h	HRESULT GetDmpLines( HANDLE hDmpFile, LPWSTR pwzBuf, DWORD dwBufSize, DWORD dwBegLine, DWORD dwEndLine );
GetDriverName	ms929238(v=msdn.10)	Netui.lib	Netui.h	BOOL GetDriverName(HWND hParent,PGETDRIVERNAMEPARMS pDriverParms);
GetEPC	ms885618(v=msdn.10)	Nkprof.lib	-	DWORD GetEPC (void);
GetExpression	aa462585(v=msdn.10)	-	WDbgExts_CE.h	ULONG GetExpression( PCSTR expression);
GetGestureExtraArguments	ee505235(v=winembedded.60)	-	pwinuser.h	BOOL GetGestureExtraArguments ( HGESTUREINFO hGestureInfo, UNIT cbExtraArguments, PBYTE pExtraArguments );
GetGestureInfo	ee503217(v=winembedded.60)	-	pwinuser.h	BOOL GetGestureInfo( HGESTUREINFO hGestureInfo PGESTUREINFO pGestureInfo );
GetNewPassword	aa453143(v=msdn.10)	Netui.lib	Netui.h	BOOL WINAPI GetNewPassword ( HWND hParent, OUT PNETUI_NEWPWD pNewPwd);
GetNewPasswordEx	aa453144(v=msdn.10)	Netui.lib	Netui.h	BOOL WINAPI GetNewPasswordEx ( HWND hParent, OUT PNETUI_NEWPWD pNewPwd, OUT OPTIONAL HWND* phDlg);
GetNextParameterType	ee503739(v=winembedded.60)	-	-	RTFSUPP_API BOOL GetNextParameterType( HPACKET hPacket, MANAGED_DATATYPE *pType, DWORD *pSize );
GetParameterBytes	ee503836(v=winembedded.60)	-	-	RTFSUPP_API BOOL GetParameterBytes( HPACKET hPacket, BYTE *pData, DWORD cbData );
GetParameterDWORD	ee503792(v=winembedded.60)	-	-	RTFSUPP_API BOOL GetParameterDWORD( HPACKET hPacket, DWORD *pdwData );
GetParameterString	ee503755(v=winembedded.60)	-	-	RTFSUPP_API BOOL GetParameterString( HPACKET hPacket, WCHAR **pszData );
GetParameterWORD	ee503774(v=winembedded.60)	-	-	RTFSUPP_API BOOL GetParameterWORD( HPACKET hPacket, WORD *pwData );
GetResourcePassword	aa453158(v=msdn.10)	Netui.lib	Netui.h	BOOL GetResourcePassword(HWND hParent, PNETUI_RESPWD pResPwd);
GetRunningModuleCount	aa462587(v=msdn.10)	StressUtils.lib	StressUtils.h	LONG GetRunningModuleCount( HANDLE hInstance);
GetSetSympath	aa462588(v=msdn.10)	-	WDbgExts_CE.h	VOID GetSetSympath( PSTR Arg, PSTR Result, int Length);
GetSymbol	aa462589(v=msdn.10)	-	WDbgExts_CE.h	VOID GetSymbol( PVOID offset, PUCHAR pchBuffer, PULONG pDisplacement);
GetUserConsent	ee480829(v=winembedded.60)	-	dwui.h	HRESULT GetUserConsent( LPCWSTR pwzDumpFilePath, BOOL* pfUserConsented );
GetUsernamePassword	aa453176(v=msdn.10)	Netui.lib	Netui.h	BOOL GetUsernamePassword(HWND hParent, PNETUI_USERPWD pUserPwd);
GetUsernamePasswordEx	aa453177(v=msdn.10)	Netui.lib	Netui.h	BOOL GetUsernamePasswordEx ( HWND hParent, PNETUI_USERPWD pUserPwd, OPTIONAL HWND* phDlg);
GetWindowAutoGesture	ee506075(v=winembedded.60)	-	pwinuser.h	BOOL GetWindowAutoGesture( HWND hWnd, LPWAGINFO lpAutoGestureInfo );
GetXRApplicationInstance	ee501625(v=winembedded.60)	-	XamlRuntime.h	HRESULT WINAPI GetXRApplicationInstance( IXRApplication** ppApplication );
HCI_EstablishDeviceContext	ms890317(v=msdn.10)	Btd.lib	Bt_hcip.h	Int HCI_EstablishDeviceContext(Void* pUserContext,UINTuiControl,BD_ADDR* pba,UINTclass_of_device,UCHARlink_type,HCI_EVENT_INDICATION* pInd,HCI_CALLBACKS* pCall,HCI_INTERFACE* pInt,int* pcDataHeaders,int* pcDataTrailers,HANDLE* phDeviceContext);
HookInterrupt	ms885664(v=msdn.10)	Nk.lib	Nkintr.h	BOOL HookInterrupt(int hwIntNumber,FARPROC pfnHandler );
INTERRUPTS_ENABLE	ms885679(v=msdn.10)	Nk.lib	Nkintr.h	BOOL INTERRUPTS_ENABLE(BOOLfEnable);
INTERRUPTS_OFF	ms885680(v=msdn.10)	Nk.lib	Nkintr.h	VOID INTERRUPTS_OFF(void);
INTERRUPTS_ON	ms885681(v=msdn.10)	Nk.lib	Nkintr.h	VOID INTERRUPTS_ON (void);
IOControl	ms904429(v=msdn.10)	-	-	BOOL IOControl(DWORD dwInst,DWORD dwIoControlCode,LPVOID lpInBuf,DWORD nInBufSize,LPVOID lpOutBuf,DWORD nOutBufSize,LPDWORD lpBytesReturned);
ISRHandler	ms886727(v=msdn.10)	-	-	DWORD ISRHandler(DWORDInstanceIndex);
InitClock	ms904425(v=msdn.10)	Nk.lib	-	void InitClock (void);
InitDmpTxt	ee481154(v=winembedded.60)	-	dwdmptxt.h	HRESULT InitDmpTxt( LPCWSTR pwzFilePath, DWORD dwMaxCharsPerLine, DWORD* pdwTotalLines, HANDLE* phDmpFile );
InitPubKey	ms904426(v=msdn.10)	Loadauth.lib	-	BOOL InitPubKey( BYTE* pKey,DWORD cbBlob );
InitializeService	ee503817(v=winembedded.60)	-	-	RTFSUPP_API HRESULT InitializeService( WCHAR *szService );
InitializeStressModule	ms898644(v=msdn.10)	-	-	BOOL InitializeStressModule( MODULE_PARAMS* pmp, UINT* pnThreads);
InitializeStressUtils	ms898645(v=msdn.10)	StressUtils.lib	StressUtils.h	BOOL InitializeStressUtils( LPCTSTR tszModuleName, DWORD dwDefaultLoggingZones, MODULE_PARAMS* pmp);
InitializeTestThread	ms898646(v=msdn.10)	-	-	UINT InitializeTestThread( HANDLE hThread, DWORD dwThreadId, int index);
KITLDeInitLibrary	ms900578(v=msdn.10)	Kitldll.lib	Kitlclnt.h	BOOL KITLDeInitLibrary (void);
KITLDeRegisterClient	ms900581(v=msdn.10)	Kitldll.lib	Kitlclnt.h	BOOL KITLDeRegisterClient(KITLIDid);
KITLGetTranXMLParams	ms900585(v=msdn.10)	-	Kitl.h	BOOL KITLGetTranXMLParams(KITLTRANLIB klib,LPCWSTR* ppstrXML);
KITLInitLibrary	ms900589(v=msdn.10)	Kitldll.lib	Kitlclnt.h	BOOL KITLInitLibrary(LPCWSTRpszRegKeyRoot);
KITLLoadTransportLib	ms900600(v=msdn.10)	-	Kitl.h	KITLTRANLIB KITLLoadTransportLib(LPCWSTR pszDllName);
KITLOutputDebugString	ms904518(v=msdn.10)	Kitl.lib	Kitl.h	void KITLOutputDebugString(const char* fmt, ... );
KITLRecv	ms900603(v=msdn.10)	Kitldll.lib	Kitlclnt.h	BOOL KITLRecv(KITLIDid,LPVOIDpBuffer,USHORT* pcbBuffer,DWORDdwTimeout);
KITLRegisterClient	ms900606(v=msdn.10)	Kitldll.lib	Kitlclnt.h	KITLID KITLRegisterClient(LPCWSTRpszDevName,LPCWSTRpszSvcName,DWORDdwTimeout,DWORDdwFlags);
KITLSend	ms900608(v=msdn.10)	Kitldll.lib	Kitlclnt.h	BOOL KITLSend(KITLIDid,LPCVOIDpData,USHORTcbData,DWORDdwTimeout);
KITLSetTranParam	ms900611(v=msdn.10)	-	Kitl.h	BOOL KITLSetTranParam(KITLTRANLIB klib,LPCWSTR strName,LPCWSTR strValue,LPWSTR strError,ULONG lErrorStringSize);
KITLUnloadTransportLib	ms900612(v=msdn.10)	-	Kitl.h	BOOL KITLUnloadTransportLib(KITLTRANLIB klib);
KITLWaitForSvcConnect	ms900613(v=msdn.10)	Kitldll.lib	Kitlclnt.h	BOOL KITLWaitForSvcConnect(KITLIDid,DWORDdwTimeout);
KLibUnalignedAccessEnable	ee478378(v=winembedded.60)	-	pkfuncs.h	BOOL KLibUnalignedAccessEnable ( BOOL fEnable );
KatoBeginLevel	ms900505(v=msdn.10)	Kato.lib	Kato.h	INT KatoBeginLevel(HKATO hKato,DWORDdwLevelID,LPCTSTRszFormat);
KatoCallback	ms900509(v=msdn.10)	Kato.lib	Kato.h	BOOL CALLBACK KatoCallback( KATOCALLBACKSTRUCTlpkcbs );
KatoComment	ms900515(v=msdn.10)	Kato.lib	Kato.h	BOOL KatoComment(HKATO hKato,DWORDdwVerbosity,LPCTSTRszFormat);
KatoCreate	ms900522(v=msdn.10)	Kato.lib	Kato.h	HKATO KatoCreate(LPCTSTRszName );
KatoDebug	ms900524(v=msdn.10)	Kato.lib	Kato.h	BOOL KatoDebug(BOOLfEnabled,DWORDdwMaxLogVerbosity,DWORDdwMaxCommentVerbosity,DWORDdwMaxLevel );
KatoDestroy	ms900534(v=msdn.10)	Kato.lib	Kato.h	BOOL KatoDestroy(HKATO hKato );
KatoEndLevel	ms900537(v=msdn.10)	Kato.lib	Kato.h	INT KatoEndLevel(HKATO hKato,LPCTSTRszFormat);
KatoFlush	ms900541(v=msdn.10)	Kato.lib	Kato.h	BOOL KatoFlush(KATO_FLUSH_TYPEflushType );
KatoGetCurrentLevel	ms900543(v=msdn.10)	Kato.lib	Kato.h	DWORD KatoGetCurrentLevel(HKATO hKato );
KatoGetDefaultObject	ms900545(v=msdn.10)	Kato.lib	Kato.h	HKATO KatoGetDefaultObject (void);
KatoGetItemData	ms900547(v=msdn.10)	Kato.lib	Kato.h	DWORD KatoGetItemData(HKATO hKato );
KatoGetServer	ms900549(v=msdn.10)	Kato.lib	Kato.h	BOOL KatoGetServer(LPTSTRszServer,INTnCount );
KatoGetVerbosityCount	ms900551(v=msdn.10)	Kato.lib	Kato.h	INT KatoGetVerbosityCount(HKATO hKato,DWORDdwVerbosity,DWORDdwLevel );
KatoLog	ms900554(v=msdn.10)	Kato.lib	Kato.h	BOOL KatoLog( HKATO hKato,DWORDdwVerbosity,LPCTSTRszFormat);
KatoSendSystemData	ms900564(v=msdn.10)	Kato.lib	Kato.h	BOOL KatoSendSystemData( HKATO hKato,DWORDdwSystemID,LPCVOIDlpcvBuffer,DWORDdwSize );
KatoSetCallback	ms900566(v=msdn.10)	Kato.lib	Kato.h	BOOL KatoSetCallback(LPKATOCALLBACKlpCallback,LPARAMlParam );
KatoSetItemData	ms900569(v=msdn.10)	Kato.lib	Kato.h	BOOL KatoSetItemData(HKATO hKato,DWORDdwItemData );
KatoSetServer	ms900571(v=msdn.10)	Kato.lib	Kato.h	BOOL KatoSetServer(LPCTSTRszServer );
LAPCancelVerifySequence	ee498710(v=winembedded.60)	-	lap.h	BOOL LAPCancelVerifySequence()
LASSClose	ee497926(v=winembedded.60)	-	lap.h	BOOL LASSClose( LASSHandle hLASS );
LASSGetResult	ee498744(v=winembedded.60)	-	lap.h	BOOL LASSGetResult ( LASSHandle hLASS );
LineConfigEdit	aa453295(v=msdn.10)	Netui.lib	Netui.h	BOOL LineConfigEdit(HWND hParent,PLINECONFIGDATA pLineConfigData);
LocationClose	ee485924(v=winembedded.60)	-	lfapi.h	DWORD LocationClose( HLOCATION hLocation // HLOCATION returned by LocationOpen );
LocationGetPluginInfoForReport	ee484726(v=winembedded.60)	-	lfapi.h	DWORD LocationGetPluginInfoForReport( HLOCATION hLocation, REFGUID reportType, PLUGIN_STATE* pPluginState, GUID* pPluginGuid );
LocationGetProvidersInfo	ee486380(v=winembedded.60)	-	lfapi.h	DWORD LocationGetProvidersInfo( HLOCATION hLocation, PROVIDER_INFORMATION* pProviders, DWORD* pcbBuffer );
LocationGetReport	ee485982(v=winembedded.60)	-	lfapi.h	DWORD LocationGetReport( HLOCATION hLocation, REFGUID reportType, DWORD maximumAge, LOCATION_REPORT* pLocationReport, DWORD* pcbLocationReport, DWORD flags );
LocationGetResolversInfo	ee486327(v=winembedded.60)	-	lfapi.h	DWORD LocationGetResolversInfo( HLOCATION hLocation, RESOLVER_INFORMATION* pResolvers, DWORD* pcbBuffer );
LocationGetServiceState	ee485796(v=winembedded.60)	-	lfapi.h	DWORD LocationGetServiceState( HLOCATION hLocation, LOCATION_SERVICE_STATE* pServiceState );
LocationOpen	ee485125(v=winembedded.60)	-	lfapi.h	HLOCATION LocationOpen( DWORD version, VOID* pReserved, DWORD flags );
LocationPluginClose	ee485546(v=winembedded.60)	-	lfapi.h	DWORD LocationPluginClose( HLOCATION hLocation, HLOCATIONPLUGIN hPlugin );
LocationPluginIOCTL	ee484909(v=winembedded.60)	-	lfapi.h	DWORD LocationPluginIOCTL( HLOCATION hLocation, HLOCATIONPLUGIN hPlugin, DWORD dwCode, BYTE* pbIn, DWORD cbIn, BYTE* pbOut, DWORD* pcbOut );
LocationPluginOpen	ee483301(v=winembedded.60)	-	lfapi.h	HLOCATIONPLUGIN LocationPluginOpen( HLOCATION hLocation, REFGUID pluginGuid );
LocationRegisterForReport	ee486740(v=winembedded.60)	-	lfapi.h	DWORD LocationRegisterForReport( HLOCATION hLocation, HANDLE hNewLocationReport, HANDLE hStateChangeEvent, REFGUID reportType, DWORD flags );
LocationUnRegisterForReport	ee483520(v=winembedded.60)	-	lfapi.h	DWORD LocationUnRegisterForReport( HLOCATION hLocation, REFGUID reportType, DWORD flags );
LogAll	ms900622(v=msdn.10)	StressUtils.lib	StressUtils.h	void LogAll( const TCHAR* tszFormat, vargs ...);
LogComment	ms900624(v=msdn.10)	StressUtils.lib	StressUtils.h	void LogComment( const TCHAR* tszFormat, vargs ...);
LogEx	ms900626(v=msdn.10)	StressUtils.lib	StressUtils.h	void LogEx( DWORD dwVerbosity, DWORD dwZone, const TCHAR* tszFormat, vargs ...);
LogFail	ms900629(v=msdn.10)	StressUtils.lib	StressUtils.h	void LogFail( const TCHAR* tszFormat, vargs ...);
LogVerbose	ms900634(v=msdn.10)	StressUtils.lib	StressUtils.h	void LogVerbose( const TCHAR* tszFormat, vargs ...);
LogWarn1	ms900636(v=msdn.10)	StressUtils.lib	StressUtils.h	void LogWarn1( const TCHAR* tszFormat, vargs ...);
LogWarn2	ms900640(v=msdn.10)	StressUtils.lib	StressUtils.h	void LogWarn2( const TCHAR* tszFormat, vargs ...);
MTPIPAuthorizeConnection	ee941519(v=winembedded.60)	-	-	HRESULT MTPIPAuthorizeConnection ( DWORD dwNonce, BOOL fAuthorize );
MTPIPGetConnectionData	ee941518(v=winembedded.60)	-	-	HRESULT MTPIPGetConnectionData ( MTPIPCONNECTIONINFO* pCI );
MTPIPRegisterConnectionNotification	ee941517(v=winembedded.60)	-	-	HRESULT MTPIPRegisterConnectionNotification ( HANDLE hEvent );
MulDiv	ms864744(v=msdn.10)	-	Cmnintrin.h	int MulDiv( int nNumber, intnNumerator, intnDenominator);
NKCallIntChain	ms904863(v=msdn.10)	Nk.lib	Nkintr.h	DWORD NKCallIntChain(BYTE irq);
NKDeleteStaticMapping	ee478203(v=winembedded.60)	-	pkfuncs.h	BOOL NKDeleteStaticMapping ( LPVOID pVirtAddr, DWORD dwSize );
NKIsSysIntrValid	ms904866(v=msdn.10)	Nk.lib	Nkintr.h	BOOL NKIsSysIntrValid(DWORD idInt );
NdisAllocatePacketPoolEx	ee486227(v=winembedded.60)	-	ndis.h	VOID NdisAllocatePacketPoolEx( PNDIS_STATUS Status, PNDIS_HANDLE PoolHandle, UINT NumberOfDescriptors, UINT NumberOfOverflowDescriptors, UINT ProtocolReservedLength );
NdisPacketPoolUsage	ee484209(v=winembedded.60)	-	ndis.h	UINT NdisPacketPoolUsage( NDIS_HANDLE PoolHandle );
NewProviderReport	ee485364(v=winembedded.60)	-	lfplugin.h	DWORD NewProviderReport( HANDLE provContext, LOCATION_REPORT* pNewReport );
NewResolverReport	ee483488(v=winembedded.60)	-	lfplugin.h	DWORD NewResolverReport( HANDLE resContext, LOCATION_REPORT* pNewReport );
OALArgsQuery	aa447262(v=msdn.10)	-	Oal_args.h	VOID* OALArgsQuery( UINT32 type);
OALCAtoUA	aa447264(v=msdn.10)	-	Oal_memory.h	VOID* OALCAtoUA( VOID *ca)
OALCPUIdle	aa447273(v=msdn.10)	-	Oal_timer.h	VOID OALCPUIdle();
OALCacheGlobalsInit	aa447263(v=msdn.10)	-	Oal_cache.h	VOID OALCacheGlobalsInit();
OALCleanDCache	aa447265(v=msdn.10)	-	Oal_cache.h	VOID OALCleanDCache();
OALCleanDCacheLines	aa447266(v=msdn.10)	-	Oal_cache.h	VOID OALCleanDCacheLines( VOID *pAddress, UINT32 size);
OALClearDTLB	aa447267(v=msdn.10)	-	Oal_cache.h	VOID OALClearDTLB();
OALClearDTLBEntry	aa447268(v=msdn.10)	-	Oal_cache.h	VOID OALClearDTLBEntry( VOID *pAddress);
OALClearITLB	aa447269(v=msdn.10)	-	Oal_cache.h	VOID OALClearITLB();
OALClearITLBEntry	aa447270(v=msdn.10)	-	Oal_cache.h	VOID OALClearITLBEntry( VOID *pAddress);
OALClearTLB	aa447271(v=msdn.10)	-	Oal_cache.h	VOID OALClearTLB();
OALClearTLBEntry	aa447272(v=msdn.10)	-	Oal_cache.h	VOID OALClearTLBEntry( VOID *pAddress);
OALFlushDCache	aa447274(v=msdn.10)	-	Oal_cache.h	VOID OALFlushDCache();
OALFlushDCacheLines	aa447275(v=msdn.10)	-	Oal_cache.h	VOID OALFlushDCacheLines( VOID *pAddress, UINT32 size);
OALFlushICache	aa447276(v=msdn.10)	-	Oal_cache.h	VOID OALFlushICache();
OALFlushICacheLines	aa447277(v=msdn.10)	-	Oal_cache.h	VOID OALFlushICacheLines( VOID *pAddress, UINT32 size);
OALGetTickCount	aa447278(v=msdn.10)	-	Oal_timer.h	UINT32 OALGetTickCount();
OALIntrDisableIrqs	aa447279(v=msdn.10)	-	Oal_intr.h	VOID OALIntrDisableIrqs( UINT32 count, const UINT32 *pIrqs);
OALIntrDoneIrqs	aa447280(v=msdn.10)	-	Oal_intr.h	VOID OALIntrDoneIrqs( UINT32 count, const UINT32 *pIrqs);
OALIntrEnableIrqs	aa447281(v=msdn.10)	-	Oal_intr.h	BOOL OALIntrEnableIrqs( UINT32 count, const UINT32 *pIrqs);
OALIntrInit	aa447282(v=msdn.10)	-	Oal_intr.h	BOOL OALIntrInit();
OALIntrMapInit	aa447283(v=msdn.10)	-	Oal_intr.h	VOID OALIntrMapInit();
OALIntrReleaseSysIntr	aa447284(v=msdn.10)	-	Oal_intr.h	BOOL OALIntrReleaseSysIntr( UINT32 sysIntr);
OALIntrRequestIrqs	aa447285(v=msdn.10)	-	Oal_intr.h	BOOL OALIntrRequestIrqs( DEVICE_LOCATION *pDevLoc, UINT32 *pCount, UINT32 *pIrqs);
OALIntrRequestSysIntr	aa447286(v=msdn.10)	-	Oal_intr.h	UINT32 OALIntrRequestSysIntr( UINT32 count, const UINT32 *pIrqs, UINT32 flags);
OALIntrStaticTranslate	aa447287(v=msdn.10)	-	Oal_intr.h	VOID OALIntrStaticTranslate( UINT32 sysIntr, UINT32 irq);
OALIntrTranslateIrq	aa447288(v=msdn.10)	-	Oal_intr.h	UINT32 OALIntrTranslateIrq( UINT32irq);
OALIntrTranslateSysIntr	aa447289(v=msdn.10)	-	Oal_intr.h	BOOL OALIntrTranslateSysIntr( UINT32 sysIntr, UINT32 *pCount, const UINT32 **ppIrqs);
OALIoBusPowerOff	aa447290(v=msdn.10)	-	Oal_io.h	BOOL OALIoBusPowerOff( INTERFACE_TYPE ifcType, UINT32 busId);
OALIoBusPowerOn	aa447291(v=msdn.10)	-	Oal_io.h	BOOL OALIoBusPowerOn( INTERFACE_TYPE ifcType, UINT32 busId);
OALIoCtlHalDDI	aa447292(v=msdn.10)	-	Oal_ioctl.h	BOOL OALIoCtlHalDDI( UINT32 dwIoControlCode, VOID* lpInBuf, UINT32 nInBufSize, VOID* lpOutBuf, UINT32 nOutBufSize, UINT32*lpBytesReturned);
OALIoCtlHalDdkCall	aa447293(v=msdn.10)	-	Oal_io.h	BOOL OALIoCtlHalDdkCall( UINT32 dwIoControlCode, VOID *lpInBuf, UINT32 nInBufSize, VOID *lpOutBuf, UINT32 nOutBufSize, UINT32 *lpBytesReturned);
OALIoCtlHalGetCacheInfo	aa447294(v=msdn.10)	-	Oal_cache.h	BOOL OALIoCtlHalGetCacheInfo( UINT32 code, VOID *pInBuffer, UINT32 inpSize, VOID *pOutBuffer, UINT32 outSize, UINT32 *pOutSize);
OALIoCtlHalGetDeviceId	aa447295(v=msdn.10)	-	Oal_ioctl.h	BOOL OALIoCtlHalGetDeviceId( UINT32 dwIoControlCode, VOID* lpInBuf, UINT32 nInBufSize, VOID* lpOutBuf, UINT32 nOutBufSize, UINT32* lpBytesReturned);
OALIoCtlHalGetDeviceInfo	aa447296(v=msdn.10)	-	Oal_ioctl.h	BOOL OALIoCtlHalGetDeviceInfo( UINT32 dwIoControlCode, VOID* lpInBuf, UINT32 nInBufSize, VOID* lpOutBuf, UINT32 nOutBufSize, UINT32* lpBytesReturned);
OALIoCtlHalGetHWEntropy	aa447297(v=msdn.10)	-	Oal_ioctl.h	BOOL OALIoCtlHalGetHWEntropy( UINT32 dwIOControlCode, VOID* lpInBuf, UINT32 nInBufSize, VOID* lpOutBuf, UINT32 nOutBufSize, UINT32* lpBytesReturned);
OALIoCtlHalGetRandomSeed	aa447298(v=msdn.10)	-	Oal_ioctl.h	BOOL OALIoCtlHalGetRandomSeed( UINT32 dwIoControlCode, VOID* lpInBuf, UINT32 nInBufSize, VOID* lpOutBuf, UINT32 nOutBufSize, UINT32* lpBytesReturned);
OALIoCtlHalGetRegSecureKeys	aa447299(v=msdn.10)	-	Oal_ioctl.h	BOOL OALIoCtlHalGetRegSecureKeys( UINT32 dwIoControlCode, VOID* lpInBuf, UINT32 nInBufSize, VOID* lpOutBuf, UINT32 lpOutBufSize, UINT32* lpBytesReturned);
OALIoCtlHalGetUUID	aa447300(v=msdn.10)	-	Oal_ioctl.h	BOOL OALIoCtlHalGetUUID ( UINT32 dwIoControlCode, VOID* lpInBuf, UINT32 nInBufSize, VOID* lpOutBuf, UINT32 nOutBufSize, UINT32* lpBytesReturned);
OALIoCtlHalILTiming	aa447301(v=msdn.10)	-	Oal_ilt.h	BOOL OALIoCtlHalILTiming( UINT32 dwIoControlCode, VOID *lpInBuf, UINT32 nInBufsize, VOID *lpOutBuf, UINT32 nOutBufSize, UINT32 *lpBytesReturned);
OALIoCtlHalInitRegistry	aa447302(v=msdn.10)	-	Oal_ioctl.h	BOOL OALIoCtlHalInitRegistry( UINT32 dwIoControlCode, VOID* lpInBuf, UINT32 nInBufSize, VOID* lpOutBuf, UINT32 nOutBufSize, UINT32* lpBytesReturned);
OALIoCtlHalReboot	aa447303(v=msdn.10)	-	Oal_ioctl.h	BOOL OALIoCtlHalReboot( UINT32 dwIoControlCode, VOID* lpInBuf, UINT32 nInBufSize, VOID* lpOutBuf, UINT32 nOutBufSize, UINT32* lpBytesReturned);
OALIoCtlHalReleaseSysIntr	aa447304(v=msdn.10)	-	Oal_intr.h	BOOL OALIoCtlHalReleaseSysIntr( UINT32 dwIoControlCode, VOID *lpInBuf, UINT32 nInBufSize, VOID *lpOutBuf, UINT32 nOutBufSize, UINT32 *lpBytesReturned);
OALIoCtlHalRequestIrq	aa447305(v=msdn.10)	-	Oal_intr.h	BOOL OALIoCtlHalRequestIrq( UINT32 dwIoControlCode, VOID *lpInBuf, UINT32 nInBufSize, VOID *lpOutBuf, UINT32 nOutBufSize, UINT32 *lpBytesReturned);
OALIoCtlHalRequestSysIntr	aa447306(v=msdn.10)	-	Oal_intr.h	BOOL OALIoCtlHalRequestSysIntr( UINT32 dwIoControlCode, VOID *lpInBuf, UINT32 nInBufSize, VOID *lpOutBuf, UINT32 nOutBufSize, UINT32 *lpBytesReturned);
OALIoCtlHalUpdateMode	aa447307(v=msdn.10)	-	Oal_ioctl.h	BOOL OALIoCtlHalUpdateMode( UINT32 dwIoControlCode, VOID* lpInBuf, UINT32 nInBufSize, VOID* lpOutBuf, UINT32 nOutBufSize, UINT32* lpBytesReturned);
OALIoCtlProcessorInfo	aa447308(v=msdn.10)	-	Oal_ioctl.h	BOOL OALIoCtlProcessorInfo( UINT32 dwIoControlCode, VOID* lpInBuf, UINT32 nInBufSize, VOID* lpOutBuf, UINT32 nOutBufSize, UINT32* lpBytesReturned);
OALIoCtlVBridge	aa447309(v=msdn.10)	-	Oal_kitl.h	BOOL OALIoCtlVBridge( UINT32 code, VOID *pInpBuffer, UINT32 inpSize, VOID *pOutBuffer, UINT32 outSize, UINT32 *pOutSize);
OALIoReadBusData	aa447310(v=msdn.10)	-	Oal_io.h	UINT32 OALIoReadBusData( DEVICE_LOCATION *pDevLoc, UINT32 address, UINT32 size, VOID *pData);
OALIoTransBusAddress	aa447311(v=msdn.10)	-	Oal_io.h	BOOL OALIoTransBusAddress( INTERFACE_TYPE ifcType, UINT32 busNumber, UINT64 busAddress, UINT32 *pAddressSpace, UINT64 *pSystemAddress);
OALIoTransSystemAddress	aa447312(v=msdn.10)	-	Oal_io.h	BOOL OALIoTransSystemAddress( INTERFACE_TYPE ifcType, UINT32 busNumber, UINT64 systemAddress, UINT64 *pBusAddress);
OALIoWriteBusData	aa447313(v=msdn.10)	-	Oal_io.h	UINT32 OALIoWriteBusData( DEVICE_LOCATION *pDevLoc, UINT32 address, UINT32 size, VOID *pData);
OALKitlCreateName	aa447314(v=msdn.10)	-	Oal_kitl.h	VOID OALKitlCreateName( LPSTR szPrefix, UINT16 mac[3], LPSTR szBuffer);
OALKitlDeviceName	aa447315(v=msdn.10)	-	Oal_kitl.h	LPCWSTR OALKitlDeviceName( DEVICE_LOCATION *pDevLoc, OAL_KITL_DEVICE *pDevices);
OALKitlDeviceType	aa447316(v=msdn.10)	-	Oal_kitl.h	OAL_KITL_TYPE OALKitlDeviceType( DEVICE_LOCATION *pDevLoc, OAL_KITL_DEVICE *pDevices);
OALKitlFindDevice	aa447317(v=msdn.10)	-	Oal_kitl.h	OAL_KITL_DEVICE* OALKitlFindDevice( DEVICE_LOCATION *pDevLoc, OAL_KITL_DEVICE *pDevices);
OALKitlGetDevLoc	aa447318(v=msdn.10)	-	Oal_kitl.h	BOOL OALKitlGetDevLoc( DEVICE_LOCATION *pDevLoc);
OALKitlIPtoString	aa447321(v=msdn.10)	-	Oal_kitl.h	LPWSTR OALKitlIPtoString( UINT32 ip4);
OALKitlInit	aa447319(v=msdn.10)	-	Oal_kitl.h	BOOL OALKitlInit( LPCSTR deviceId, OAL_KITL_ARGS *pArgs, OAL_KITL_DEVICE *pDevice);
OALKitlInitRegistry	aa447320(v=msdn.10)	-	Oal_kitl.h	VOID OALKitlInitRegistry();
OALKitlMACtoString	aa447322(v=msdn.10)	-	Oal_kitl.h	LPWSTR OALKitlMACtoString( UINT16 mac[]);
OALKitlPowerOff	aa447323(v=msdn.10)	-	Oal_kitl.h	VOID OALKitlPowerOff();
OALKitlPowerOn	aa447324(v=msdn.10)	-	Oal_kitl.h	VOID OALKitlPowerOn();
OALKitlStart	aa447325(v=msdn.10)	-	Oal_kitl.h	BOOL OALKitlStart();
OALKitlStringToIP	aa447326(v=msdn.10)	-	Oal_kitl.h	UINT32 OALKitlStringToIP( LPCWSTR szIP);
OALKitlStringToMAC	aa447327(v=msdn.10)	-	Oal_kitl.h	BOOL OALKitlStringToMAC( LPCWSTR szMAC, UINT16 mac[]);
OALLogPrintf	aa447330(v=msdn.10)	-	Oal_log.h	void OALLogPrintf( LPWSTR buffer, UINT32 maxChars, LPCWSTR format, ...);
OALLogSerial	aa447331(v=msdn.10)	-	Oal_log.h	void OALLogSerial( LPCWSTR format, ...);
OALLogSetZones	aa447332(v=msdn.10)	-	Oal_log.h	void OALLogSetZones( UINT32 zones);
OALPAtoCA	aa447338(v=msdn.10)	-	Oal_memory.h	VOID* OALPAtoCA( UINT32 pa)
OALPAtoUA	aa447339(v=msdn.10)	-	Oal_memory.h	VOID* OALPAtoUA( UINT32 pa)
OALPAtoVA	aa447340(v=msdn.10)	-	Oal_memory.h	VOID* OALPAtoVA( UINT32 pa, BOOL cached)
OALPCICfgRead	aa447341(v=msdn.10)	-	Oal_pci.h	UINT32 OALPCICfgRead( UINT32 busId, OAL_PCI_LOCATION pciLoc, UINT32 offset, UINT32 size, VOID *pData);
OALPCICfgWrite	aa447342(v=msdn.10)	-	Oal_pci.h	UINT32 OALPCICfgWrite( UINT32 busId, OAL_PCI_LOCATION pciLoc, UINT32 offset, UINT32 size, VOID *pData);
OALPCIConfig	aa447343(v=msdn.10)	-	Oal_pci.h	BOOL OALPCIConfig( UINT32 busId, UINT32 memBase, UINT32 memSize, UINT32 ioBase, UINT32 ioSize, UINT32 pciLocCount, OAL_PCI_LOCATION *aPciLoc);
OALPCIDump	aa447344(v=msdn.10)	-	Oal_pci.h	VOID OALPCIDump( UINT32 busId, BOOL full);
OALPCIDumpConfig	aa447345(v=msdn.10)	-	Oal_pci.h	VOID OALPCIDumpConfig( UINT32 busId, OAL_PCI_LOCATION pciLoc);
OALPCIFindNextId	aa447346(v=msdn.10)	-	Oal_pci.h	BOOL OALPCIFindNextId( UINT32 busId, UINT32 deviceId, OAL_PCI_LOCATION *pPciLoc);
OALPCIGetHeaderType	aa447347(v=msdn.10)	-	Oal_pci.h	UINT8 OALPCIGetHeaderType( UINT32 busId, OAL_PCI_LOCATION pciLoc);
OALPCIGetId	aa447348(v=msdn.10)	-	Oal_pci.h	UINT32 OALPCIGetId( UINT32 busId, OAL_PCI_LOCATION pciLoc);
OALPCIGetInterruptPin	aa447349(v=msdn.10)	-	Oal_pci.h	UINT32 OALPCIGetInterruptPin( UINT32 busId, OAL_PCI_LOCATION pciLoc);
OALPCIGetMBAR	aa447350(v=msdn.10)	-	Oal_pci.h	UINT32 OALPCIGetMBAR( UINT32 busId, OAL_PCI_LOCATION pciLoc, UINT32 index);
OALPCIGetSecBusNum	aa447351(v=msdn.10)	-	Oal_pci.h	UINT8 OALPCIGetSecBusNum( UINT32 busId, OAL_PCI_LOCATION pciLoc);
OALPCIGetSubBusNum	aa447352(v=msdn.10)	-	Oal_pci.h	UINT8 OALPCIGetSubBusNum( UINT32 busId, OAL_PCI_LOCATION pciLoc);
OALPCIInit	aa447353(v=msdn.10)	-	Oal_pci.h	BOOL OALPCIInit();
OALPCIPowerOff	aa447354(v=msdn.10)	-	Oal_pci.h	VOID OALPCIPowerOff( UINT32 busId);
OALPCIPowerOn	aa447355(v=msdn.10)	-	Oal_pci.h	VOID OALPCIPowerOn( UINT32 busId);
OALPCIRegisterAsUsed	aa447356(v=msdn.10)	-	Oal_pci.h	BOOL OALPCIRegisterAsUsed( UINT32 busId, OAL_PCI_LOCATION pciLoc);
OALPCITransBusAddress	aa447357(v=msdn.10)	-	Oal_pci.h	BOOL OALPCITransBusAddress( UINT32 busId, UINT64 busAddress, UINT32 *pAddressSpace, UINT64 *pSystemAddress);
OALStall	aa447358(v=msdn.10)	-	Oal_timer.h	VOID OALStall( UINT32 uSecs);
OALTimerCountsSinceSysTick	aa447359(v=msdn.10)	-	Oal_timer.h	INT32 OALTimerCountsSinceSysTick();
OALTimerGetCompare	aa447360(v=msdn.10)	-	Oal_timer.h	UINT32 OALTimerGetCompare();
OALTimerGetCount	aa447361(v=msdn.10)	-	Oal_timer.h	UINT32 OALTimerGetCount()
OALTimerInit	aa447362(v=msdn.10)	-	Oal_timer.h	BOOL OALTimerInit( UINT32 msecPerSysTick, UINT32 countsPerMSec, UINT32 margin);
OALTimerInitCount	aa447363(v=msdn.10)	-	Oal_timer.h	VOID OALTimerInitCount( UINT32 period);
OALTimerIntrHandler	aa447364(v=msdn.10)	-	Oal_timer.h	UINT32 OALTimerIntrHandler();
OALTimerQueryPerformanceCounter	ee478723(v=winembedded.60)	-	oal_timer.h	BOOL OALTimerQueryPerformanceCounter( LARGE_INTEGER *pCounter );
OALTimerQueryPerformanceFrequency	ee478466(v=winembedded.60)	-	oal_timer.h	BOOL OALTimerQueryPerformanceFrequency( LARGE_INTEGER *pFrequency );
OALTimerRecharge	aa447365(v=msdn.10)	-	Oal_timer.h	VOID OALTimerRecharge( UINT32 period, UINT32 margin);
OALTimerSetCompare	aa447366(v=msdn.10)	-	Oal_timer.h	VOID OALTimerSetCompare( UINT32 compare);
OALTimerUpdate	aa447367(v=msdn.10)	-	Oal_timer.h	UINT32 OALTimerUpdate( UINT32 period, UINT32 margin);
OALTimerUpdateRescheduleTime	ee478304(v=winembedded.60)	-	oal_timer.h	VOID OALTimerUpdateRescheduleTime(DWORD time);
OALUAtoCA	aa447368(v=msdn.10)	-	Oal_memory.h	VOID* OALUAtoCA( VOID *ua)
OALVAtoPA	aa447369(v=msdn.10)	-	Oal_memory.h	UINT32 OALVAtoPA( VOID *va)
OEMARMCacheMode	ms904877(v=msdn.10)	Nk.lib	Mem_arm.h	DWORD OEMARMCacheMode (void);
OEMCertifyModule	ms904879(v=msdn.10)	Nk.lib	-	DWORD OEMCertifyModule(LPBYTElpData,DWORD cbData );
OEMCertifyModuleInit	ms904880(v=msdn.10)	Nk.lib	-	BOOL OEMCertifyModuleInit(LPTSTRlpModuleName );
OEMDataAbortHandler	ms904885(v=msdn.10)	Nk.lib	-	void OEMDataAbortHandler(void);
OEMEnumExtensionDRAM	ms904887(v=msdn.10)	Nk.lib	Nkintr.h	DWORD OEMEnumExtensionDRAM(PMEMORY_SECTION pMemSections,DWORD cMemSections);
OEMFindFirstWakeSource	ms904898(v=msdn.10)	-	-	DWORD OEMFindFirstWakeSource(void);
OEMGetInterrupt	ms904902(v=msdn.10)	-	-	BOOL OEMGetInterrupt(PDEVICE_LOCATION pDevLoc, PDWORD Irq);
OEMHandleVFPException	ms904905(v=msdn.10)	Nk.lib	-	BOOL OEMHandleVFPException(EXCEPTION_RECORD* er,PCONTEXTpctx);
OEMIdle	ms904906(v=msdn.10)	Nk.lib	-	void OEMIdle(DWORD dwIdleParam );
OEMInitCoProcRegisterSavedArea	ms904909(v=msdn.10)	Nk.lib	-	void OEMInitCoProcRegisterSavedArea( LPBYTE pArea);
OEMInterruptHandler	ms904914(v=msdn.10)	Nk.lib	-	int OEMInterruptHandler(unsigned intra);
OEMInterruptHandlerFIQ	ms904915(v=msdn.10)	Nk.lib	-	void OEMInterruptHandlerFIQ (void);
OEMIntrOccurs	ms904916(v=msdn.10)	Nk.lib	-	DWORD OEMIntrOccurs(DWORD dwSysIntr );
OEMKitlInit	ms904921(v=msdn.10)	Kitl.lib	Kitl.h	BOOL OEMKitlInit(PKITLTRANSPORTpTransport);
OEMKitlIoctl	ee479449(v=winembedded.60)	-	-	BOOL OEMKitlIoctl( DWORD code, VOID* pInBuffer, DWORD inSize, VOID* pOutBuffer, DWORD outSize, DWORD* pOutSize );
OEMKitlStartup	ee478158(v=winembedded.60)	-	oal_kitl.h	BOOL OEMKitlStartup(void);
OEMLaunch	ms904922(v=msdn.10)	Blcommon.lib	Blcommon.h	void OEMLaunch(DWORDdwImageStart,DWORDdwImageLength,DWORDdwLaunchAddr,const ROMHDR*pRomHdr);
OEMMultiBINNotify	ms904925(v=msdn.10)	Blcommon.lib	Blcommon.h	void OEMMultiBINNotify(const PMultiBINInfopInfo);
OEMNMIHandler	ms904927(v=msdn.10)	Nk.lib	-	void OEMNMIHandler (void);
OEMReschedule	ms904937(v=msdn.10)	Nk.lib	-	void OEMReschedule(DWORD dwThrdId,DWORD dwPrio,DWORD dwQuantum,DWORD dwFlags );
OEMRestoreCoProcRegister	ms904939(v=msdn.10)	Nk.lib	-	void OEMRestoreCoProcRegister(LPBYTE pArea);
OEMRestoreVFPCtrlRegs	ms904940(v=msdn.10)	Nk.lib	-	void OEMRestoreVFPCtrlRegs(LPDWORDlpExtra, intnMaxRegs);
OEMSaveCoProcRegister	ms904942(v=msdn.10)	Nk.lib	-	void OEMSaveCoProcRegister(LPBYTE pArea);
OEMSaveVFPCtrlRegs	ms904943(v=msdn.10)	Nk.lib	-	void OEMSaveVFPCtrlRegs(LPDWORDlpExtra, intnMaxRegs);
OEMTranslateIrq	ms904950(v=msdn.10)	-	-	DWORD OEMTranslateIrq(DWORD Irq);
OEMTranslateSysIntr	ms904951(v=msdn.10)	-	-	DWORD OEMTranslateSysIntr(DWORD SysIntr);
OemHelpProc	ee484521(v=winembedded.60)	-	oem_settings.h	HRESULT WINAPI OemHelpProc( HWND hOwnerWnd );
OemProcXXX	ee484733(v=winembedded.60)	-	oem_settings.h	BOOL CALLBACK OemProcXXX( HWND hwnd, UINT msg, WPARAM wParam, LPARAM lParam );
OomUI_NotRespondingWndProc	ms911901(v=msdn.10)	-	Oomui.h	LRESULT CALLBACK OomUI_NotRespondingWndProc( HWND hwnd, UINT message, WPARAM wParam, LPARAM lParam);
OomUI_OomWndProc	ms911903(v=msdn.10)	-	Oomui.h	LRESULT CALLBACK OomUI_OomWndProc( HWND hwnd, UINT message, WPARAM wParam, LPARAM lParam);
OpenConnection	ee481982(v=winembedded.60)	-	dwconn.h	HRESULT OpenConnection( HANDLE* phConnection, LPCWSTR* ppszServer, LPWSTR* ppszProxy );
PDD_AllocateBuffer	ee484003(v=winembedded.60)	-	-	PVOID PDD_AllocateBuffer( LPVOID PDDContext, ULONG ulModeType );
PDD_DeAllocateBuffer	ee486426(v=winembedded.60)	-	-	DWORD PDD_DeAllocateBuffer( LPVOID PDDContext, ULONG ulModeType, PVOID pBuffer );
PDD_DeInit	ee481287(v=winembedded.60)	-	-	DWORD PDD_DeInit( LPVOID PDDContext );
PDD_DeInitSensorMode	ee482268(v=winembedded.60)	-	-	DWORD PDD_DeInitSensorMode( LPVOID PDDContext, ULONG ulModeType );
PDD_FillBuffer	ee485503(v=winembedded.60)	-	-	DWORD PDD_FillBuffer( LPVOID PDDContext, ULONG ulModeType, PUCHAR pImage );
PDD_GetAdapterInfo	ee484009(v=winembedded.60)	-	-	DWORD PDD_GetAdapterInfo( LPVOID PDDContext, PADAPTERINFO pAdapterInfo );
PDD_GetSensorModeInfo	ee484270(v=winembedded.60)	-	-	DWORD PDD_GetSensorModeInfo( LPVOID PDDContext ULONG ulModeType PSUBDEVICEINFO pSubDevInfo );
PDD_HandleCamControlChanges	ee481876(v=winembedded.60)	-	-	DWORD PDD_HandleCamControlChanges( LPVOID PDDContext, DWORD dwPropId, LONG lFlags, LONG lValue );
PDD_HandleModeCustomProperties	ee481330(v=winembedded.60)	-	-	DWORD PDD_HandleModeCustomProperties( LPVOID PDDContext, ULONG ulModeType, PUCHAR pInBuf, DWORD InBufLen, PUCHAR pOutBuf, DWORD OutBufLen, PDWORD pdwBytesTransferred );
PDD_HandleVidProcAmpChanges	ee486307(v=winembedded.60)	-	-	DWORD PDD_HandleVidProcAmpChanges( LPVOID PDDContext, DWORD dwPropId, LONG lFlags, LONG lValue );
PDD_HandleVideoControlCapsChanges	ee485426(v=winembedded.60)	-	-	DWORD PDD_HandleVideoControlCapsChanges( LPVOID PDDContext, LONG lModeType, ULONG ulCaps );
PDD_Init	ee484660(v=winembedded.60)	-	-	PVOID PDD_Init( PVOID MDDContext, PPDDFUNCTBL pPDDFuncTbl );
PDD_InitSensorMode	ee484195(v=winembedded.60)	-	-	DWORD PDD_InitSensorMode( LPVOID PDDContext, ULONG ulModeType, LPVOID ModeContext );
PDD_RegisterClientBuffer	ee483981(v=winembedded.60)	-	-	DWORD PDD_RegisterClientBuffer( LPVOID PDDContext, ULONG ulModeType, PVOID pBuffer );
PDD_SetPowerState	ee481107(v=winembedded.60)	-	-	DWORD PDD_SetPowerState( LPVOID PDDContext, CEDEVICE_POWER_STATE PowerState );
PDD_SetSensorModeFormat	ee485909(v=winembedded.60)	-	-	DWORD PDD_SetSensorModeFormat( LPVOID PDDContext, ULONG ulModeType, PCS_DATARANGE_VIDEO pCsDataRangeVideo );
PDD_SetSensorState	ee485058(v=winembedded.60)	-	-	DWORD PDD_SetSensorState( LPVOID PDDContext, ULONG ulModeType, CSSTATE CsState );
PDD_TakeStillPicture	ee485235(v=winembedded.60)	-	-	DWORD PDD_TakeStillPicture( LPVOID PDDContext, LPVOID pBurstModeInfo );
PDD_UnRegisterClientBuffer	ee481136(v=winembedded.60)	-	-	DWORD PDD_UnRegisterClientBuffer( LPVOID PDDContext, ULONG ulModeType, PVOID pBuffer );
PHCreateLabeledEditDisplayItem	ee501048(v=winembedded.60)	-	controldefinitions.h	HRESULT PHCreateLabeledEditDisplayItem( WCHAR* pLabelText, DWORD EditStyle, int EditTextLimit, IVoIPDisplayItem** ppItem, int DefaultLabelWidth = -1, UINT DefaultInputMode = (UINT)-1 );
PHCreateTextDisplayItem	ee501049(v=winembedded.60)	-	controldefinitions.h	HRESULT PHCreateTextDisplayItem( WCHAR* pText, IVoIPDisplayItem** ppItem );
PHDialogScreen	ee499603(v=winembedded.60)	-	controldefinitions.h	BOOL PHDialogScreen( PH_DIALOG_SCREEN_PARAMETERS* pParameters );
PHInitCallerInfoDB	ee499541(v=winembedded.60)	-	databaseapi.h	HRESULT PHInitCallerInfoDB( IVoIPCallerInfoDB** piCallerInfoDB );
PHInitCommonControls	ee500108(v=winembedded.60)	-	controldefinitions.h	BOOL PHInitCommonControls();
PHLaunchProcess	ee501524(v=winembedded.60)	-	commandapi.h	HRESULT PHLaunchProcess( WCHAR* pApplicationName, WCHAR* pArguments, HPROCESS* pHandle );
PHMakePhoneCall	ee499311(v=winembedded.60)	-	phoneapi.h	HRESULT PHMakePhoneCall( const PH_MAKEPHONECALL_PARAMETERS* pParameters );
PHUnInitCommonControls	ee500389(v=winembedded.60)	-	controldefinitions.h	BOOL PHUnInitCommonControls();
PIN_Close	ee482669(v=winembedded.60)	-	-	BOOL PIN_Close ( DWORD Context );
PIN_Init	ee486275(v=winembedded.60)	-	-	DWORD PIN_Init( LPCTSTR Context, LPVOID lpvBusContext );
PIN_Open	ee482695(v=winembedded.60)	-	-	DWORD PIN_Open( DWORD Context, DWORD Access, DWORD ShareMode );
PerfCountSinceTick	aa446991(v=msdn.10)	Nk.lib	-	DWORD PerfCountSinceTick (void);
ProfilerHit	ms886779(v=msdn.10)	Nkprof.lib	-	void ProfilerHit(DWORDra);
ProviderGetLocation	ee485191(v=winembedded.60)	-	lfplugin.h	DWORD ProviderGetLocation( PROVIDER_CONTROL_BLOCK* pProvControlBlock );
ProviderInitialize	ee487063(v=winembedded.60)	-	lfplugin.h	DWORD ProviderInitialize( PROVIDER_INFORMATION* pProvInfo );
ProviderIoctlCall	ee483486(v=winembedded.60)	-	lfplugin.h	DWORD ProviderIoctlCall( HANDLE hProv, DWORD dwCode, BYTE* pBufIn, DWORD cbIn, BYTE* pBufOut, DWORD* pcbOut );
ProviderIoctlClose	ee487120(v=winembedded.60)	-	lfplugin.h	DWORD ProviderIoctlClose( HANDLE hProv );
ProviderIoctlOpen	ee486578(v=winembedded.60)	-	lfplugin.h	HLOCATIONPLUGIN ProviderIoctlOpen(void);
ProviderStop	ee484751(v=winembedded.60)	-	lfplugin.h	DWORD ProviderStop(void)
PushCommand	ee503788(v=winembedded.60)	-	-	RTFSUPP_API HRESULT PushCommand( DWORD dwCmd, HPACKET hPacket );
QueryGestures	ee503597(v=winembedded.60)	-	pwinuser.h	BOOL QueryGestures ( HWND hwnd, UINT uScope, PULONGLONG pullFlags );
QueryPhysicsEngine	ee500453(v=winembedded.60)	-	physicsengine.h	HRESULT QueryPhysicsEngine( HPHYSICSENGINE hEngine, __out PHYSICSENGINESTATE* pState );
RGBA	ee501471(v=winembedded.60)	-	-	COLORREF RGBA( BYTE byRed, BYTE byGreen, BYTE byBlue, BYTE alpha );
RIL_AddCallForwarding	ee498040(v=winembedded.60)	-	ril.h	HRESULT RIL_AddCallForwarding( HRIL hRil, DWORD dwReason, const RILCALLFORWARDINGSETTINGS* lpSettings, DWORD dwAddressId );
RIL_AddPreferredOperator	ee498005(v=winembedded.60)	-	ril.h	HRESULT RIL_AddPreferredOperator( HRIL hRil, DWORD dwIndex, const RILOPERATORNAMES* lpOperatorNames );
RIL_Answer	ee497371(v=winembedded.60)	-	ril.h	HRESULT RIL_Answer( HRIL hRil );
RIL_CancelSupServiceDataSession	ee497149(v=winembedded.60)	-	ril.h	HRESULT RIL_CancelSupServiceDataSession( HRIL hRil );
RIL_ChangeCallBarringPassword	ee498249(v=winembedded.60)	-	ril.h	HRESULT RIL_ChangeCallBarringPassword( HRIL hRil, DWORD dwType, LPCSTR lpwszOldPassword, LPCSTR lpwszNewPassword );
RIL_ChangeLockingPassword	ee497814(v=winembedded.60)	-	ril.h	HRESULT RIL_ChangeLockingPassword( HRIL hRil, DWORD dwFacility, LPCSTR lpszOldPassword, LPCSTR lpszNewPassword );
RIL_ClearCCBSRegistration	ee497351(v=winembedded.60)	-	ril.h	HRESULT RIL_ClearCCBSRegistration( HRIL hRil, DWORD dwCCBSIndex );
RIL_Deinitialize	ee497636(v=winembedded.60)	-	ril.h	HRESULT RIL_Deinitialize( HRIL hRil );
RIL_DeleteGPRSContext	ee496941(v=winembedded.60)	-	ril.h	HRESULT RIL_DeleteGPRSContext( HRIL hRil, DWORD dwContextID );
RIL_DeleteMinimumQualityOfService	ee497811(v=winembedded.60)	-	ril.h	HRESULT RIL_DeleteMinimumQualityOfService( HRIL hRil, DWORD dwContextID );
RIL_DeleteMsg	ee497800(v=winembedded.60)	-	ril.h	HRESULT RIL_DeleteMsg( HRIL hRil, DWORD dwIndex );
RIL_DeletePhonebookEntry	ee498097(v=winembedded.60)	-	ril.h	HRESULT RIL_DeletePhonebookEntry( HRIL hRil, DWORD dwIndex );
RIL_DeleteRequestedQualityOfService	ee496879(v=winembedded.60)	-	ril.h	HRESULT RIL_DeleteRequestedQualityOfService( HRIL hRil, DWORD dwContextID );
RIL_DevSpecific	ee497850(v=winembedded.60)	-	ril.h	HRESULT RIL_DevSpecific( HRIL hRil, const BYTE* lpbParams, DWORD dwSize, BYTE* pbAsyncResults = NULL, DWORD dwAsyncResultsSize = RIL_NOTIFYTHREAD_ALLOCSIZE, DWORD* pcbAsyncResults = NULL, DWORD dwTimeOut = RIL_DEVSPECIFIC_ASYNC_RESPONSE_TIMEOUT );
RIL_Dial	ee497051(v=winembedded.60)	-	ril.h	HRESULT RIL_Dial( HRIL hRil, LPCSTR lpszAddress, DWORD dwType, DWORD dwOptions );
RIL_DisableNotifications	ee497118(v=winembedded.60)	-	ril.h	HRESULT RIL_DisableNotifications( HRIL hRil, DWORD dwNotificationClasses );
RIL_EnableNotifications	ee497674(v=winembedded.60)	-	ril.h	HRESULT RIL_EnableNotifications( HRIL hRil, DWORD dwNotificationClasses );
RIL_EnterGPRSDataMode	ee498261(v=winembedded.60)	-	ril.h	HRESULT RIL_EnterGPRSDataMode( HRIL hRil, const RILENTERGPRSDATAMODE* lpEnterGprsDataMode );
RIL_FetchSimToolkitCmd	ee497385(v=winembedded.60)	-	ril.h	HRESULT RIL_FetchSimToolkitCmd( HRIL hRil );
RIL_GPRSAnswer	ee498262(v=winembedded.60)	-	ril.h	HRESULT RIL_GPRSAnswer( HRIL hRil );
RIL_GetATR	ee497884(v=winembedded.60)	-	ril.h	HRESULT RIL_GetATR( HRIL hRil );
RIL_GetAllOperatorsList	ee496893(v=winembedded.60)	-	ril.h	HRESULT RIL_GetAllOperatorsList( HRIL hRil );
RIL_GetAudioDevices	ee497263(v=winembedded.60)	-	ril.h	HRESULT RIL_GetAudioDevices( HRIL hRil );
RIL_GetAudioGain	ee497882(v=winembedded.60)	-	ril.h	HRESULT RIL_GetAudioGain( HRIL hRil );
RIL_GetAudioMuting	ee498059(v=winembedded.60)	-	ril.h	HRESULT RIL_GetAudioMuting( HRIL hRil );
RIL_GetBearerServiceOptions	ee497293(v=winembedded.60)	-	ril.h	HRESULT RIL_GetBearerServiceOptions( HRIL hRil );
RIL_GetCCBSStatus	ee497488(v=winembedded.60)	-	ril.h	HRESULT RIL_GetCCBSStatus( HRIL hRil, DWORD dwCCBSIndex );
RIL_GetCallBarringStatus	ee496867(v=winembedded.60)	-	ril.h	HRESULT RIL_GetCallBarringStatus( HRIL hRil, DWORD dwType, DWORD dwInfoClass, LPCSTR lpszPassword );
RIL_GetCallForwardingSettings	ee498050(v=winembedded.60)	-	ril.h	HRESULT RIL_GetCallForwardingSettings( HRIL hRil, DWORD dwReason, DWORD dwAddressId );
RIL_GetCallWaitingSettings	ee497274(v=winembedded.60)	-	ril.h	HRESULT RIL_GetCallWaitingSettings( HRIL hRil DWORD dwInfoClass );
RIL_GetCallerIdSettings	ee496910(v=winembedded.60)	-	ril.h	HRESULT RIL_GetCallerIdSettings( HRIL hRil );
RIL_GetCellBroadcastMsgConfig	ee497525(v=winembedded.60)	-	ril.h	HRESULT RIL_GetCellBroadcastMsgConfig( HRIL hRil );
RIL_GetCellTowerInfo	ee496945(v=winembedded.60)	-	ril.h	HRESULT RIL_GetCellTowerInfo( HRIL hRil );
RIL_GetClosedGroupSettings	ee497353(v=winembedded.60)	-	ril.h	HRESULT RIL_GetClosedGroupSettings( HRIL hRil );
RIL_GetCurrentAddressId	ee497432(v=winembedded.60)	-	ril.h	HRESULT RIL_GetCurrentAddressId( HRIL hRil );
RIL_GetCurrentOperator	ee496930(v=winembedded.60)	-	ril.h	HRESULT RIL_GetCurrentOperator( HRIL hRil, DWORD dwFormat );
RIL_GetCurrentPrivacyStatus	ee498257(v=winembedded.60)	-	ril.h	HRESULT RIL_GetCurrentPrivacyStatus( HRIL hRil );
RIL_GetCurrentSystemType	ee498264(v=winembedded.60)	-	ril.h	HRESULT RIL_GetCurrentSystemType( HRIL hRil );
RIL_GetDataCompression	ee497151(v=winembedded.60)	-	ril.h	HRESULT RIL_GetDataCompression( HRIL hRil );
RIL_GetDevCaps	ee496883(v=winembedded.60)	-	ril.h	HRESULT RIL_GetDevCaps( HRIL hRil, DWORD dwCapsType );
RIL_GetDialedIdSettings	ee497188(v=winembedded.60)	-	ril.h	HRESULT RIL_GetDialedIdSettings( HRIL hRil );
RIL_GetDriverVersion	ee497355(v=winembedded.60)	-	ril.h	HRESULT RIL_GetDriverVersion( HRIL hRil, DWORD *pdwVersion );
RIL_GetEquipmentInfo	ee497825(v=winembedded.60)	-	ril.h	HRESULT RIL_GetEquipmentInfo( HRIL hRil );
RIL_GetEquipmentState	ee497373(v=winembedded.60)	-	ril.h	HRESULT RIL_GetEquipmentState( HRIL hRil );
RIL_GetErrorCorrection	ee498219(v=winembedded.60)	-	ril.h	HRESULT RIL_GetErrorCorrection( HRIL hRil );
RIL_GetGPRSAddress	ee497297(v=winembedded.60)	-	ril.h	HRESULT RIL_GetGPRSAddress( HRIL hRil, DWORD dwContextID );
RIL_GetGPRSAttached	ee497818(v=winembedded.60)	-	ril.h	HRESULT RIL_GetGPRSAttached( HRIL hRil );
RIL_GetGPRSClass	ee497640(v=winembedded.60)	-	ril.h	HRESULT RIL_GetGPRSClass( HRIL hRil );
RIL_GetGPRSContextActivatedList	ee497889(v=winembedded.60)	-	ril.h	HRESULT RIL_GetGPRSContextActivatedList( HRIL hRil );
RIL_GetGPRSContextList	ee497471(v=winembedded.60)	-	ril.h	HRESULT RIL_GetGPRSContextList( HRIL hRil );
RIL_GetGPRSRegistrationStatus	ee497412(v=winembedded.60)	-	ril.h	HRESULT RIL_GetGPRSRegistrationStatus( HRIL hRil );
RIL_GetHSCSDCallSettings	ee497604(v=winembedded.60)	-	ril.h	HRESULT RIL_GetHSCSDCallSettings( HRIL hRil );
RIL_GetHSCSDOptions	ee496895(v=winembedded.60)	-	ril.h	HRESULT RIL_GetHSCSDOptions( HRIL hRil );
RIL_GetHideConnectedIdSettings	ee497095(v=winembedded.60)	-	ril.h	HRESULT RIL_GetHideConnectedIdSettings( HRIL hRil );
RIL_GetHideIdSettings	ee497600(v=winembedded.60)	-	ril.h	HRESULT RIL_GetHideIdSettings( HRIL hRil );
RIL_GetLockingStatus	ee496929(v=winembedded.60)	-	ril.h	HRESULT RIL_GetLockingStatus( HRIL hRil, DWORD dwFacility, LPCSTR lpszPassword );
RIL_GetMOSMSService	ee498010(v=winembedded.60)	-	ril.h	HRESULT RIL_GetMOSMSService( HRIL hRil );
RIL_GetMinimumQualityOfServiceList	ee497861(v=winembedded.60)	-	ril.h	HRESULT RIL_GetMinimumQualityOfServiceList( HRIL hRil );
RIL_GetMsgConfig	ee497107(v=winembedded.60)	-	ril.h	HRESULT RIL_GetMsgConfig( HRIL hRil );
RIL_GetMsgServiceOptions	ee497134(v=winembedded.60)	-	ril.h	HRESULT RIL_GetMsgServiceOptions( HRIL hRil );
RIL_GetOperatorList	ee497059(v=winembedded.60)	-	ril.h	HRESULT RIL_GetOperatorList( HRIL hRil );
RIL_GetPacketByteCount	ee496909(v=winembedded.60)	-	ril.h	HRESULT RIL_GetPacketByteCount( HRIL hRil );
RIL_GetPhoneLockedState	ee497231(v=winembedded.60)	-	ril.h	HRESULT RIL_GetPhoneLockedState( HRIL hRil );
RIL_GetPhonebookOptions	ee497102(v=winembedded.60)	-	ril.h	HRESULT RIL_GetPhonebookOptions( HRIL hRil );
RIL_GetPreferredOperatorList	ee498269(v=winembedded.60)	-	ril.h	HRESULT RIL_GetPreferredOperatorList( HRIL hRil, DWORD dwFormat );
RIL_GetPreferredPrivacyMode	ee498048(v=winembedded.60)	-	ril.h	HRESULT RIL_GetPreferredPrivacyMode( HRIL hRil );
RIL_GetRLPOptions	ee498224(v=winembedded.60)	-	ril.h	HRESULT RIL_GetRLPOptions( HRIL hRil );
RIL_GetRadioPresence	ee496937(v=winembedded.60)	-	ril.h	HRESULT RIL_GetRadioPresence( HRIL hRIL, DWORD* dwRadioPresence );
RIL_GetRegistrationStatus	ee498218(v=winembedded.60)	-	ril.h	HRESULT RIL_GetRegistrationStatus( HRIL hRil );
RIL_GetRequestedQualityOfServiceList	ee496911(v=winembedded.60)	-	ril.h	HRESULT RIL_GetRequestedQualityOfServiceList( HRIL hRil );
RIL_GetRoamingMode	ee497217(v=winembedded.60)	-	ril.h	HRESULT RIL_GetRoamingMode( HRIL hRil );
RIL_GetSerialPortHandle	ee497080(v=winembedded.60)	-	ril.h	HRESULT RIL_GetSerialPortHandle( HRIL hRil, HANDLE* lphSerial );
RIL_GetSerialPortHandleFromContextID	ee498208(v=winembedded.60)	-	ril.h	HRESULT RIL_GetSerialPortHandleFromContextID( HRIL hRil, DWORD dwContextID, HANDLE *lphSerial );
RIL_GetSerialPortStatistics	ee497895(v=winembedded.60)	-	ril.h	HRESULT RIL_GetSerialPortStatistics( HRIL hRil, RILSERIALPORTSTATS* lpSerialPortStats );
RIL_GetSignalQuality	ee497842(v=winembedded.60)	-	ril.h	HRESULT RIL_GetSignalQuality( HRIL hRil );
RIL_GetSimRecordStatus	ee497312(v=winembedded.60)	-	ril.h	HRESULT RIL_GetSimRecordStatus( HRIL hRil, DWORD dwFileID );
RIL_GetSimToolkitProfile	ee497267(v=winembedded.60)	-	ril.h	HRESULT RIL_GetSimToolkitProfile( HRIL hRil );
RIL_GetSubscriberNumbers	ee498221(v=winembedded.60)	-	ril.h	HRESULT RIL_GetSubscriberNumbers( HRIL hRil );
RIL_GetSystemTime	ee497099(v=winembedded.60)	-	ril.h	HRESULT RIL_GetSystemTime( HRIL hRil );
RIL_GetUserIdentity	ee498080(v=winembedded.60)	-	ril.h	HRESULT RIL_GetUserIdentity( HRIL hRil );
RIL_Hangup	ee497612(v=winembedded.60)	-	ril.h	HRESULT RIL_Hangup( HRIL hRil );
RIL_Initialize	ee497812(v=winembedded.60)	-	ril.h	HRESULT RIL_Initialize( DWORD dwIndex, RILRESULTCALLBACK pfnResult, RILNOTIFYCALLBACK pfnNotify, DWORD dwNotificationClasses, DWORD dwParam, HRIL* lphRil );
RIL_InitializeEmergency	ee497467(v=winembedded.60)	-	ril.h	HRESULT RIL_InitializeEmergency( DWORD dwIndex, RILRESULTCALLBACK pfnResult, RILNOTIFYCALLBACK pfnNotify, DWORD dwNotificationClasses, DWORD dwParam, HRIL* lphRil );
RIL_LogEventToRadio	ee496936(v=winembedded.60)	-	ril.h	HRESULT RIL_LogEventToRadio( HRIL hRil, LPCSTR lpszChars );
RIL_ManageCalls	ee497094(v=winembedded.60)	-	ril.h	HRESULT RIL_ManageCalls( HRIL hRil, DWORD dwCommand, DWORD dwID );
RIL_NDIS_ReceivePacketDone	ee496903(v=winembedded.60)	-	ril.h	HRESULT RIL_NDIS_ReceivePacketDone ( HRIL hRil, Const RILNDISPACKET* pPacketReceived );
RIL_NDIS_SendPacket	ee497651(v=winembedded.60)	-	ril.h	HRESULT RIL_NDIS_SendPacket ( HRIL hRil, const RILNDISPACKET* pPacketToSend );
RIL_ReadMsg	ee496851(v=winembedded.60)	-	ril.h	HRESULT RIL_ReadMsg( HRIL hRil, DWORD dwIndex );
RIL_ReadPhonebookEntries	ee497495(v=winembedded.60)	-	ril.h	HRESULT RIL_ReadPhonebookEntries( HRIL hRil, DWORD dwStartIndex, DWORD dwEndIndex );
RIL_RegisterOnNetwork	ee497641(v=winembedded.60)	-	ril.h	HRESULT RIL_RegisterOnNetwork( HRIL hRil, DWORD dwMode, const RILOPERATORNAMES* lpOperatorNames );
RIL_RemoveCallForwarding	ee498232(v=winembedded.60)	-	ril.h	HRESULT RIL_RemoveCallForwarding( HRIL hRil, DWORD dwReason, DWORD dwInfoClasses, );
RIL_RemovePreferredOperator	ee497845(v=winembedded.60)	-	ril.h	HRESULT RIL_RemovePreferredOperator( HRIL hRil, DWORD dwIndex );
RIL_ResetPacketByteCount	ee498027(v=winembedded.60)	-	ril.h	HRESULT RIL_ResetPacketByteCount( HRIL hRil );
RIL_SendAKey	ee496913(v=winembedded.60)	-	ril.h	HRESULT RIL_SendAKey( HRIL hRil, LPCSTR lpszChars );
RIL_SendDTMF	ee497047(v=winembedded.60)	-	ril.h	HRESULT RIL_SendDTMF( HRIL hRil, LPCSTR lpszChars, DWORD dwDuration );
RIL_SendFlash	ee497341(v=winembedded.60)	-	ril.h	HRESULT RIL_SendFlash( HRIL hRil, LPRILADDRESS lpraRilAddress );
RIL_SendMsg	ee496949(v=winembedded.60)	-	ril.h	HRESULT RIL_SendMsg( HRIL hRil, const RILMESSAGE* lpMessage, DWORD dwOptions );
RIL_SendMsgAcknowledgement	ee498290(v=winembedded.60)	-	ril.h	HRESULT RIL_SendMsgAcknowledgement( HRIL hRil, BOOL fSuccess );
RIL_SendRestrictedSimCmd	ee498045(v=winembedded.60)	-	ril.h	HRESULT RIL_SendRestrictedSimCmd( HRIL hRil, DWORD dwCommand, const RILSIMCMDPARAMETERS* lpParameters, const BYTE* lpbData, DWORD dwSize );
RIL_SendSimCmd	ee497100(v=winembedded.60)	-	ril.h	HRESULT RIL_SendSimCmd( HRIL hRil, const BYTE* lpbCommand, DWORD dwSize );
RIL_SendSimToolkitCmdResponse	ee497878(v=winembedded.60)	-	ril.h	HRESULT RIL_SendSimToolkitCmdResponse( HRIL hRil, const RILSIMTOOLKITRSP* pRsp, const LPBYTE pDetails, DWORD dwDetailSize );
RIL_SendSimToolkitEnvelopeCmd	ee498204(v=winembedded.60)	-	ril.h	HRESULT RIL_SendSimToolkitEnvelopeCmd( HRIL hRil, const BYTE* lpbCommand, DWORD dwSize );
RIL_SendSimToolkitEventDownload	ee497370(v=winembedded.60)	-	ril.h	HRESULT RIL_SendSimToolkitEventDownload( HRIL hRil, const DWORD dwEvent, const LPBYTE pData, DWORD dwDataSize );
RIL_SendStoredMsg	ee498276(v=winembedded.60)	-	ril.h	HRESULT RIL_SendStoredMsg( HRIL hRil, DWORD dwIndex, DWORD dwOptions );
RIL_SendSupServiceData	ee498220(v=winembedded.60)	-	ril.h	HRESULT RIL_SendSupServiceData( HRIL hRil, const BYTE* lpbData, DWORD dwSize );
RIL_SetAudioDevices	ee497863(v=winembedded.60)	-	ril.h	HRESULT RIL_SetAudioDevices( HRIL hRil, const RILAUDIODEVICEINFO* lpAudioDeviceInfo );
RIL_SetAudioGain	ee497317(v=winembedded.60)	-	ril.h	HRESULT RIL_SetAudioGain( HRIL hRil, const RILGAININFO* lpGainInfo );
RIL_SetAudioMuting	ee498038(v=winembedded.60)	-	ril.h	HRESULT RIL_SetAudioMuting( HRIL hRil, BOOL fEnable );
RIL_SetBearerServiceOptions	ee497673(v=winembedded.60)	-	ril.h	HRESULT RIL_SetBearerServiceOptions( HRIL hRil, const RILBEARERSVCINFO* lpBearerServiceInfo );
RIL_SetCallBarringStatus	ee497693(v=winembedded.60)	-	ril.h	HRESULT RIL_SetCallBarringStatus( HRIL hRil, DWORD dwType, DWORD dwInfoClass, LPCSTR lpszPassword, DWORD dwStatus );
RIL_SetCallForwardingStatus	ee497637(v=winembedded.60)	-	ril.h	HRESULT RIL_SetCallForwardingStatus( HRIL hRil, DWORD dwReason, DWORD dwInfoClasses, DWORD dwStatus, );
RIL_SetCallWaitingStatus	ee497139(v=winembedded.60)	-	ril.h	HRESULT RIL_SetCallWaitingStatus( HRIL hRil, DWORD dwInfoClasses, DWORD dwStatus );
RIL_SetCallerIdStatus	ee497675(v=winembedded.60)	-	ril.h	HRESULT RIL_SetCallerIdStatus( HRIL hRil, DWORD dwStatus );
RIL_SetCellBroadcastMsgConfig	ee497816(v=winembedded.60)	-	ril.h	HRESULT RIL_SetCellBroadcastMsgConfig( HRIL hRil, const RILCBMSGCONFIG* lpCbMsgConfigInfo );
RIL_SetClosedGroupSettings	ee497259(v=winembedded.60)	-	ril.h	HRESULT RIL_SetClosedGroupSettings( HRIL hRil, const RILCLOSEDGROUPSETTINGS* lpSettings );
RIL_SetCostInfo	ee497854(v=winembedded.60)	-	ril.h	HRESULT RIL_SetCostInfo( HRIL hRil, const RILCOSTINFO* lpCostInfo, LPCSTR lpszPassword );
RIL_SetCurrentAddressId	ee497096(v=winembedded.60)	-	ril.h	HRESULT RIL_SetCurrentAddressId( HRIL hRil, DWORD dwAddressId );
RIL_SetDTMFMonitoring	ee498267(v=winembedded.60)	-	ril.h	HRESULT RIL_SetDTMFMonitoring( HRIL hRil, BOOL fEnable );
RIL_SetDataCompression	ee497667(v=winembedded.60)	-	ril.h	HRESULT RIL_SetDataCompression( HRIL hRil, const RILDATACOMPINFO* lpDataCompInfo );
RIL_SetDialedIdStatus	ee498084(v=winembedded.60)	-	ril.h	HRESULT RIL_SetDialedIdStatus( HRIL hRil, DWORD dwStatus );
RIL_SetEquipmentState	ee497033(v=winembedded.60)	-	ril.h	HRESULT RIL_SetEquipmentState( HRIL hRil, DWORD dwEquipmentState );
RIL_SetErrorCorrection	ee497678(v=winembedded.60)	-	ril.h	HRESULT RIL_SetErrorCorrection( HRIL hRil, const RILERRORCORRECTIONINFO* lpErrorCorrectionInfo );
RIL_SetGPRSAttached	ee497687(v=winembedded.60)	-	ril.h	HRESULT RIL_SetGPRSAttached( HRIL hRil, BOOL fAttached );
RIL_SetGPRSClass	ee497132(v=winembedded.60)	-	ril.h	HRESULT RIL_SetGPRSClass( HRIL hRil, DWORD dwClass );
RIL_SetGPRSContext	ee497875(v=winembedded.60)	-	ril.h	HRESULT RIL_SetGPRSContext( HRIL hRil, const RILGPRSCONTEXT* lpGprsContext );
RIL_SetGPRSContextActivated	ee498062(v=winembedded.60)	-	ril.h	HRESULT RIL_SetGPRSContextActivated( HRIL hRil, DWORD dwContextID, BOOL fContextActivation );
RIL_SetHSCSDOptions	ee497435(v=winembedded.60)	-	ril.h	HRESULT RIL_SetHSCSDOptions( HRIL hRil, const RILHSCSDINFO* lpHscsdInfo );
RIL_SetHideConnectedIdStatus	ee497071(v=winembedded.60)	-	ril.h	HRESULT RIL_SetHideConnectedIdStatus( HRIL hRil, DWORD dwStatus );
RIL_SetHideIdStatus	ee496886(v=winembedded.60)	-	ril.h	HRESULT RIL_SetHideIdStatus( HRIL hRil, DWORD dwStatus );
RIL_SetLockingStatus	ee496849(v=winembedded.60)	-	ril.h	HRESULT RIL_SetLockingStatus( HRIL hRil, DWORD dwFacility, LPCSTR lpszPassword, DWORD dwStatus );
RIL_SetMOSMSService	ee496878(v=winembedded.60)	-	ril.h	HRESULT RIL_SetMOSMSService( HRIL hRil, DWORD dwMoSmsService );
RIL_SetMinimumQualityOfService	ee497173(v=winembedded.60)	-	ril.h	HRESULT RIL_SetMinimumQualityOfService( HRIL hRil, const RILGPRSQOSPROFILE* lpGprsQosProfile );
RIL_SetMsgConfig	ee496932(v=winembedded.60)	-	ril.h	HRESULT RIL_SetMsgConfig( HRIL hRil, const RILMSGCONFIG* lpMsgConfigInfo );
RIL_SetMsgServiceOptions	ee497851(v=winembedded.60)	-	ril.h	HRESULT RIL_SetMsgServiceOptions( HRIL hRil, const RILMSGSERVICEINFO* lpMsgServiceInfo );
RIL_SetPhonebookOptions	ee497145(v=winembedded.60)	-	ril.h	HRESULT RIL_SetPhonebookOptions( HRIL hRil, const RILPHONEBOOKINFO* lpPhonebookInfo );
RIL_SetPreferredPrivacyMode	ee497238(v=winembedded.60)	-	ril.h	HRESULT RIL_SetPreferredPrivacyMode( HRIL hRil, DWORD dwPreferredPrivacyMode );
RIL_SetRLPOptions	ee497354(v=winembedded.60)	-	ril.h	HRESULT RIL_SetRLPOptions( HRIL hRil, const RILRLPINFO* lpRlpInfo );
RIL_SetRequestedQualityOfService	ee498070(v=winembedded.60)	-	ril.h	HRESULT RIL_SetRequestedQualityOfService( HRIL hRil, const RILGPRSQOSPROFILE* lpGprsQosProfile );
RIL_SetRoamingMode	ee497291(v=winembedded.60)	-	ril.h	HRESULT RIL_SetRoamingMode( HRIL hRil, DWORD dwRoamingMode );
RIL_SetSimToolkitProfile	ee496916(v=winembedded.60)	-	ril.h	HRESULT RIL_SetSimToolkitProfile( HRIL hRil, const BYTE* lpbProfile, DWORD dwSize );
RIL_TerminateSimToolkitSession	ee496948(v=winembedded.60)	-	ril.h	HRESULT RIL_TerminateSimToolkitSession( HRIL hRil, DWORD dwCause );
RIL_TransferCall	ee496887(v=winembedded.60)	-	ril.h	HRESULT RIL_TransferCall( HRIL hRil, const RILADDRESS* lpAddress, const RILSUBADDRESS* lpSubAddress );
RIL_UnlockPhone	ee497409(v=winembedded.60)	-	ril.h	HRESULT RIL_UnlockPhone( HRIL hRil, LPCSTR lpszPassword, LPCSTR lpszNewPassword );
RIL_UnregisterFromNetwork	ee498015(v=winembedded.60)	-	ril.h	HRESULT RIL_UnregisterFromNetwork( HRIL hRil );
RIL_WriteMsg	ee497332(v=winembedded.60)	-	ril.h	HRESULT RIL_WriteMsg( HRIL hRil, const RILMESSAGE* lpMessage, DWORD dwStatus );
RIL_WritePhonebookEntry	ee497594(v=winembedded.60)	-	ril.h	HRESULT RIL_WritePhonebookEntry( HRIL hRil, const RILPHONEBOOKENTRY* lpEntry );
ReadControlSpace	ms901192(v=msdn.10)	-	WDbgExts_CE.h	VOID ReadControlSpace( USHORT processor, ULONG address, PVOID buf, ULONG size);
ReadIoSpace	ms901193(v=msdn.10)	-	WDbgExts_CE.h	VOID ReadIoSpace( ULONG address, PULONG data, PULONG size);
ReadMemory	ms901194(v=msdn.10)	-	WDbgExts_CE.h	ULONG ReadMemory( ULONG offset, PVOID lpBuffer, ULONG cb, PULONG lpcbBytesRead);
ReadPhysical	ms901195(v=msdn.10)	-	WDbgExts_CE.h	VOID ReadPhysical( LARGE_INTEGER address, PVOID buf, ULONG size, PULONG sizer);
RegisterAPISet	ee482984(v=winembedded.60)	-	pkfuncs.h	BOOL RegisterAPISet( HANDLE hASet, DWORD dwSetID );
RegisterDesktop	ms934026(v=msdn.10)	-	Pwinuser.h	BOOL RegisterDesktop( HWND hwndDesktop);
RegisterGesture	ee505707(v=winembedded.60)	-	pwinuser.h	BOOL RegisterGesture ( LPCWSTR pszName, PDWORD_PTR pdwID );
RegisterTaskBarEx	ms934027(v=msdn.10)	-	Pwinuser.h	BOOL RegisterTaskBarEx( HWND hwndTaskbar,BOOL bTaskBarOnTop);
RegistryDeleteValue	ee488640(v=winembedded.60)	-	regext.h	HRESULT WINAPI RegistryDeleteValue( HKEY hKey LPCTSTR pszSubKey, LPCTSTR pszValueName );
RegistryNotifyCallback	ee487978(v=winembedded.60)	-	regext.h	HRESULT WINAPI RegistryNotifyCallback( HKEY hKey, LPCTSTR pszSubKey, LPCTSTR pszValueName, REGISTRYNOTIFYCALLBACK pfnRegistryNotifyCallback, DWORD dwUserData, NOTIFICATIONCONDITION * pCondition, HREGNOTIFY * phNotify );
ResolverGetLocation	ee483360(v=winembedded.60)	-	lfplugin.h	DWORD ResolverGetLocation( RESOLVER_CONTROL_BLOCK* pResControlBlock );
ResolverInitialize	ee486574(v=winembedded.60)	-	lfplugin.h	DWORD ResolverInitialize( RESOLVER_INFORMATION* pResInfo );
ResolverIoctlCall	ee483892(v=winembedded.60)	-	lfplugin.h	DWORD ResolverIoctlCall( HANDLE hProv, DWORD dwCode, BYTE* pBufIn, DWORD cbIn, BYTE* pBufOut, DWORD* pcbOut );
ResolverIoctlClose	ee484745(v=winembedded.60)	-	lfplugin.h	DWORD ResolverIoctlClose( HANDLE hProv );
ResolverIoctlOpen	ee483532(v=winembedded.60)	-	lfplugin.h	HLOCATIONPLUGIN ResolverIoctlOpen(void);
ResolverStop	ee483922(v=winembedded.60)	-	lfplugin.h	DWORD ResolverStop(void);
ResolverUnInitialize	ee483680(v=winembedded.60)	-	lfplugin.h	DWORD ResolverUnInitialize(void);
SDBusRequestEx	ee482086(v=winembedded.60)	-	sdcardddk.h	SD_API_STATUS SDBusRequestEx( SD_DEVICE_HANDLE hDevice, UCHAR Command, ULONG Argument, SD_TRANSFER_CLASS TransferClass, SD_RESPONSE_TYPE ResponseType, ULONG NumBlocks, ULONG BlockSize, PUCHAR pBuffer, PSD_BUS_REQUEST_CALLBACK pCallback, DWORD RequestParam, PSD_BUS_REQUEST *ppRequest, DWORD Flags, DWORD cbSize, PPHYS_BUFF_LIST pPhysBuffList );
SDBusRequestResponse	ee482231(v=winembedded.60)	-	sdcardddk.h	SD_API_STATUS SDBusRequestResponse( PSD_BUS_REQUEST pRequest, PSD_COMMAND_RESPONSE pCommandResp );
SDHCDAllocateContext	ee486841(v=winembedded.60)	-	sdhcd.h	SD_API_STATUS SDHCDAllocateContext( DWORD cSlots, PSDCARD_HC_CONTEXT *ppHostContext );
SDHCDDeinitializeHCLib	ee483197(v=winembedded.60)	-	sdhcd.h	SD_API_STATUS SDHCDDeinitializeHCLib();
SDHCDDeleteContext	ee481109(v=winembedded.60)	-	sdhcd.h	VOID SDHCDDeleteContext( PSDCARD_HC_CONTEXT pHCContext );
SDHCDDeregisterHostController	ee484028(v=winembedded.60)	-	sdhcd.h	SD_API_STATUS SDHCDDeregisterHostController( PSDCARD_HC_CONTEXT pHCContext );
SDHCDGetAndLockCurrentRequest	ee485043(v=winembedded.60)	-	sdhcd.h	PSD_BUS_REQUEST SDHCDGetAndLockCurrentRequest( PSDCARD_HC_CONTEXT pHCContext, DWORD SlotIndex );
SDHCDIndicateSlotStateChange	ee484063(v=winembedded.60)	-	sdhcd.h	VOID SDHCDIndicateSlotStateChange( PSDCARD_HC_CONTEXT pHCContext, DWORD SlotNumber, SD_SLOT_EVENT Event );
SDHCDInitializeHCLib	ee481655(v=winembedded.60)	-	sdhcd.h	SD_API_STATUS SDHCDInitializeHCLib();
SDHCDPowerUpDown	ee485686(v=winembedded.60)	-	sdhcd.h	VOID SDHCDPowerUpDown( PSDCARD_HC_CONTEXT pHCContext, BOOL PowerUp, BOOL SlotKeepPower, DWORD SlotIndex, );
SDHCDRegisterHostController	ee483467(v=winembedded.60)	-	sdhcd.h	SD_API_STATUS SDHCDRegisterHostController( PSDCARD_HC_CONTEXT pHCContext );
SDHCDUnlockRequest	ee486903(v=winembedded.60)	-	sdhcd.h	VOID SDHCDUnlockRequest( PSDCARD_HC_CONTEXT pHCContext, PSD_BUS_REQUEST pRequest );
SDSynchronousBusRequestEx	ee486512(v=winembedded.60)	-	sdcardddk.h	SD_API_STATUS SDSynchronousBusRequestEx( SD_DEVICE_HANDLE hDevice, UCHAR Command, DWORD Argument, SD_TRANSFER_CLASS TransferClass, SD_RESPONSE_TYPE ResponseType, PSD_COMMAND_RESPONSE pResponse, ULONG NumBlocks, ULONG BlockSize, PUCHAR pBuffer, DWORD Flags, DWORD cbSize, PPHYS_BUFF_LIST pPhysBuffList );
ScanVolume	ms891845(v=msdn.10)	Fatutil.dll	Scandisk.h	BOOL ScanVolume( HANDLEhVolume,PDISK_INFOpdi,PSCAN_OPTIONSpso,PFN_PROGRESSpfnProgress,PFN_MESSAGEpfnMessage);
ScanVolumeEx	ms891858(v=msdn.10)	Fatutil.dll	Scandisk.h	DWORD ScanVolumeEx( HANDLEhVolume,PSCAN_PARAMSpsp,);
ScheduleConnection	ee480970(v=winembedded.60)	-	dwconn.h	HRESULT ScheduleConnection( DWORD dwConnectionFlags );
SetAPIErrorHandler	ee482869(v=winembedded.60)	-	pkfuncs.h	BOOL SetAPIErrorHandler( HANDLE hApiSet, PFNAPIERRHANDLER pfnHandler );
SetAllocatedSize	ee503779(v=winembedded.60)	-	-	RTFSUPP_API BOOL SetAllocatedSize( HPACKET hPacket, DWORD dwBytesRequested, DWORD *pBytesAllocated );
SetContext	ms901199(v=msdn.10)	-	WDbgExts_CE.h	ULONG SetContext( ULONG Target, PCONTEXT lpContext, ULONG cbSizeOfContext);
SetPhysicsEngineUserTime	ee500780(v=winembedded.60)	-	physicsengine.h	HRESULT SetPhysicsEngineUserTime( HPHYSICSENGINE hEngine, DWORD dwTime );
SetTabDispArea	ee486133(v=winembedded.60)	-	oem_settings.h	void WINAPI SetTabDispArea( RECT *prect );
SetTimer_I	aa453658(v=msdn.10)	-	Gwebypasscoredllthunk.h	UINT WINAPI SetTimer_I( HWND hwnd, UINT idTimer, UINT uTimeout, TIMERPROC tmprc);
SetWindowAutoGesture	ee503736(v=winembedded.60)	-	pwinuser.h	BOOL SetWindowAutoGesture( HWND hWnd, LPWAGINFO lpAutoGestureInfo );
ShellProc	ms894946(v=msdn.10)	Coredll.lib	Tux.h	SHELLPROCAPI ShellProc(UINTuMsg,SPPARAMspParam);
SimGetDevCaps	ee497394(v=winembedded.60)	-	simmgr.h	HRESULT SimGetDevCaps( HSIM hSim, DWORD dwCapsType, LPSIMCAPS lpSimCaps );
SimGetPhonebookCapabilities	ee497617(v=winembedded.60)	-	simmgr.h	HRESULT SimGetPhonebookCapabilities( HSIM hSim, LPSIMPHONEBOOKCAPS lpCapabilities );
SimReadMessage	ee497144(v=winembedded.60)	-	simmgr.h	HRESULT SimReadMessage ( HSIM hSim, DWORD dwStorage, DWORD dwIndex, LPSIMMESSAGE lpSimMessage );
SimReadPhonebookEntries	ee497803(v=winembedded.60)	-	simmgr.h	HRESULT SimReadPhonebookEntries( HSIM hSim, DWORD dwLocation, DWORD dwStartIndex, LPDWORD lpdwCount, LPSIMPHONEBOOKENTRYEX lpEntries, LPDWORD lpdwBufferSize );
SimReadPhonebookEntry	ee498099(v=winembedded.60)	-	simmgr.h	HRESULT SimReadPhonebookEntry ( HSIM hSim, DWORD dwLocation, DWORD dwIndex, LPSIMPHONEBOOKENTRY lpPhonebookEntry );
SimWriteMessage	ee498102(v=winembedded.60)	-	simmgr.h	HRESULT SimWriteMessage ( HSIM hSim, DWORD dwStorage, LPDWORD lpdwIndex, LPSIMMESSAGE lpSimMessage );
SimWritePhonebookEntry	ee496880(v=winembedded.60)	-	simmgr.h	HRESULT SimWritePhonebookEntry ( HSIM hSim, DWORD dwLocation, DWORD dwIndex, LPSIMPHONEBOOKENTRY lpPhonebookEntry );
SimWritePhonebookEntryEx	ee496846(v=winembedded.60)	-	simmgr.h	HRESULT SimWritePhonebookEntryEx( HSIM hSim, DWORD dwLocation, DWORD dwIndex, LPSIMPHONEBOOKENTRYEX lpEntries );
SmsGetBroadcastMsgRanges	ee498021(v=winembedded.60)	-	sms.h	HRESULT SmsGetBroadcastMsgRanges ( const SMS_BROADCAST_RANGES* psmsbrBroadcastRanges );
SmsGetMessageSize	ee496906(v=winembedded.60)	-	sms.h	HRESULT SmsGetMessageSize ( const SMS_HANDLE smshHandle, DWORD* const pdwDataSize );
SmsGetMessageStatus	ee497508(v=winembedded.60)	-	sms.h	HRESULT SmsGetMessageStatus ( const SMS_HANDLE smshHandle, SMS_MESSAGE_ID smsmidMessageID, SMS_STATUS_INFORMATION* psmssiStatusInformation, const DWORD dwTimeout );
SmsGetPhoneNumber	ee498284(v=winembedded.60)	-	sms.h	HRESULT SmsGetPhoneNumber ( const SMS_ADDRESS* psmsaAddress );
SmsGetSMSC	ee497367(v=winembedded.60)	-	sms.h	HRESULT SmsGetSMSC ( SMS_ADDRESS* psmsaSMSCAddress );
SmsReadMessage	ee496912(v=winembedded.60)	-	sms.h	HRESULT SmsReadMessage ( const SMS_HANDLE smshHandle, SMS_ADDRESS* const psmsaSMSCAddress, SMS_ADDRESS* const psmsaSourceAddress, SYSTEMTIME* const pstReceiveTime, bcount(dwBufferSize) BYTE* pbBuffer, DWORD dwBufferSize, bcount(dwProviderSpecificDataBuffer) BYTE* pbProviderSpecificBuffer, DWORD dwProviderSpecificDataBuffer, DWORD* pdwBytesRead );
SmsSendMessage	ee498244(v=winembedded.60)	-	sms.h	HRESULT SmsSendMessage ( const SMS_HANDLE smshHandle, const SMS_ADDRESS* psmsaSMSCAddress, const SMS_ADDRESS* psmsaDestinationAddress, const SYSTEMTIME* pstValidityPeriod, const BYTE* pbData, const DWORD dwDataSize, const BYTE* pbProviderSpecificData, const DWORD dwProviderSpecificDataSize, const SMS_DATA_ENCODING smsdeDataEncoding, const DWORD dwOptions, SMS_MESSAGE_ID* psmsmidMessageID );
SmsSetBroadcastMsgRanges	ee497819(v=winembedded.60)	-	sms.h	HRESULT SmsSetBroadcastMsgRanges ( const SMS_BROADCAST_RANGES* psmsbrBroadcastRanges);
SmsSetMessageNotification	ee497377(v=winembedded.60)	-	sms.h	HRESULT SmsSetMessageNotification ( const SMSREGISTRATIONDATA* psmsrd );
SmsSetSMSC	ee497839(v=winembedded.60)	-	sms.h	HRESULT SmsSetSMSC ( const SMS_ADDRESS *psmsaSMSCAddress);
StackTrace	ms901219(v=msdn.10)	-	WDbgExts_CE.h	ULONG StackTrace( ULONG FramePointer, ULONG StackPointer, ULONG ProgramCounter, PEXTSTACKTRACE StackFrames, ULONG Frames);
StartCommandHandler	ee503756(v=winembedded.60)	-	-	RTFSUPP_API HRESULT StartCommandHandler( WCHAR *szService, MANAGED_COMMANDHANDLER_TYPE type, HWND hwndNotify, UINT Msg );
StartUp	aa447026(v=msdn.10)	Nk.lib	-	void StartUp(void);
StopCommandHandler	ee503880(v=winembedded.60)	-	-	RTFSUPP_API HRESULT StopCommandHandler();
TLBClear	aa447027(v=msdn.10)	Nk.lib	-	void TLBClear(void);
TerminateStressModule	ms901221(v=msdn.10)	-	-	DWORD TerminateStressModule(void);
TouchCalibrateUI_Done	aa453760(v=msdn.10)	-	Calibrui.h	void TouchCalibrateUI_Done( TOUCH_CALIBRATE_STATE tcs);
TouchCalibrateUI_Initialize	aa453764(v=msdn.10)	-	Calibrui.h	void TouchCalibrateUI_Initialize( TOUCH_CALIBRATE_STATE* ptcs,HINSTANCE hinst);
TranCreate	ms901230(v=msdn.10)	-	Kitltran.h	TRANSPORTID TranCreate(LPCWSTRpszDeviceName);
TranDelete	ms901232(v=msdn.10)	-	Kitltran.h	BOOL TranDelete(TRANSPORTIDid);
TranGetHostCfg	ms901234(v=msdn.10)	-	Kitltran.h	BOOL TranGetHostCfg(TRANSPORTIDid,LPVOIDpBuffer,PUSHORTpcbBuffer);
TranGetInfo	ms901235(v=msdn.10)	-	Kitltran.h	BOOL TranGetInfo(PTRANPORTINFOSTRUCTpInfo);
TranGetXMLParams	ms901236(v=msdn.10)	-	KitlTran.h	BOOL TranGetXMLParams(LPCWSTR* ppstrXML);
TranRecv	ms901238(v=msdn.10)	-	Kitltran.h	BOOL TranRecv(TRANSPORTIDid,LPVOIDpBuffer,USHORT* pcbBuffer,DWORDdwTimeout);
TranSend	ms901239(v=msdn.10)	-	Kitltran.h	BOOL TranSend(TRANSPORTIDid,LPCVOIDpData,USHORTcbData,DWORDdwTimeout);
TranSetDevCfg	ms901240(v=msdn.10)	-	Kitltran.h	BOOL TranSetDevCfg(TRANSPORTIDid,LPCVOIDpData,USHORTcbData);
TranSetParam	ms901241(v=msdn.10)	-	KitlTran.h	BOOL TranSetParam(LPCWSTR strName,LPCWSTR strValue,LPWSTR pstrError,long lErrorStringSize);
TscSettingsRead	ee485541(v=winembedded.60)	-	oem_settings.h	HRESULT TscSettingsRead ( UINT uID, LPVOID val );
TscSettingsWrite	ee485315(v=winembedded.60)	-	oem_settings.h	HRESULT TscSettingsWrite ( UINT uID, LPVOID val );
UnInitializeService	ee503816(v=winembedded.60)	-	-	RTFSUPP_API HRESULT UnInitializeService();
UnhookInterrupt	aa450961(v=msdn.10)	Nk.lib	Nkintr.h	BOOL UnhookInterrupt( INT hwInterruptNumber, FARPROC pfnHandler );
VerifyUserAsync	ee497978(v=winembedded.60)	-	lap.h	LASSHandle VerifyUserAsync( const GUID *AEKey, LPCWSTR wszAEDisplayText, HWND hWndParent, DWORD dwOptions, PVOID pExtended );
VirtualCopyEx	ee488448(v=winembedded.60)	-	pkfuncs.h	BOOL VirtualCopyEx( HANDLE hDstProc, LPVOID lpvDest, HANDLE hSrcProc, LPVOID lpvSrc, DWORD cbSize, DWORD fdwProtect );
WSDCreateDeviceHost	ee499213(v=winembedded.60)	-	wsdapi.h	HRESULT WSDCreateDeviceHost( const WCHAR* pszLocalId, IWSDXMLContext* pContext, IWSDDeviceHost** ppDeviceHost );
WSDCreateDeviceHostAdvanced	ee500217(v=winembedded.60)	-	wsdapi.h	HRESULT WSDCreateDeviceHostAdvanced( const WCHAR* pszLocalId, IWSDXMLContext* pContext, IWSDAddress** ppHostAddresses, DWORD dwHostAddressCount, IWSDDeviceHost** ppDeviceHost );
WSDCreateDeviceProxy	ee500876(v=winembedded.60)	-	wsdapi.h	HRESULT WSDCreateDeviceProxy( const WCHAR* pszDeviceId, const WCHAR* pszLocalId, IWSDXMLContext* pContext, IWSDDeviceProxy** ppDeviceProxy );
WSDCreateDiscoveryProvider	ee500750(v=winembedded.60)	-	wsdapi.h	HRESULT WSDCreateDiscoveryProvider( IWSDXMLContext* pContext, IWSDiscoveryProvider** ppProvider );
WSDCreateDiscoveryPublisher	ee500819(v=winembedded.60)	-	wsdapi.h	HRESULT WSDCreateDiscoveryPublisher( IWSDXMLContext* pContext, IWSDiscoveryPublisher** ppPublisher );
WSDCreateHttpAddress	ee499018(v=winembedded.60)	-	wsdapi.h	HRESULT WSDCreateHttpAddress( IWSDHttpAddress** ppAddress );
WSDCreateHttpMessageParameters	ee498662(v=winembedded.60)	-	wsdapi.h	HRESULT WSDCreateHttpMessageParameters( IWSDHttpMessageParameters** ppTxParams );
WSDCreateOutboundAttachment	ee501103(v=winembedded.60)	-	wsdapi.h	HRESULT WSDCreateOutboundAttachment ( IWSDOutboundAttachment** attachmentOut );
WSDCreateUdpAddress	ee498998(v=winembedded.60)	-	wsdapi.h	HRESULT WINAPI WSDCreateUdpAddress( IWSDUdpAddress** ppAddress );
WSDCreateUdpMessageParameters	ee499481(v=winembedded.60)	-	wsdapi.h	HRESULT WINAPI WSDCreateUdpMessageParameters( IWSDUdpMessageParameters** ppTxParams );
WSDGenerateFault	ee498805(v=winembedded.60)	-	wsdapi.h	HRESULT WSDGenerateFault( const LPCWSTR* pszCode, const LPCWSTR* pszSubCode, const LPCWSTR* pszReason, const LPCWSTR* pszDetail, IWSDXMLContext* pContext, WSD_SOAP_FAULT** ppFault );
WSDGenerateFaultEx	ee498654(v=winembedded.60)	-	wsdapi.h	HRESULT WSDGenerateFaultEx( WSDXML_NAME* pCode, WSDXML_NAME* pSubCode, WSD_LOCALIZED_STRING_LIST* pReasons, const LPCWSTR* pszDetail, WSD_SOAP_FAULT** ppFault );
WSDRegisterNamespaces	ee499484(v=winembedded.60)	-	wsdapi.h	void WSDRegisterNamespaces( IWSDXMLContext* pContext );
WSDXMLAddChild	ee498632(v=winembedded.60)	-	wsdapi.h	HRESULT STDAPI WSDXMLAddChild( WSDXML_ELEMENT* pParent, WSDXML_ELEMENT* pChild );
WSDXMLAddSibling	ee499225(v=winembedded.60)	-	wsdapi.h	HRESULT STDAPI WSDXMLAddSibling( WSDXML_ELEMENT* pFirst, WSDXML_ELEMENT* pSecond );
WSDXMLBuildAnyForSingleElement	ee498989(v=winembedded.60)	-	wsdapi.h	HRESULT STDAPI WSDXMLBuildAnyForSingleElement( WSDXML_NAME* pElementName, const LPCWSTR* pszText, WSDXML_ELEMENT** ppAny );
WSDXMLCleanupElement	ee500847(v=winembedded.60)	-	wsdapi.h	HRESULT WINAPI WSDXMLCleanupElement( WSDXML_ELEMENT* pAny );
WSDXMLCreateContext	ee498635(v=winembedded.60)	-	wsdapi.h	HRESULT WINAPI WSDXMLCreateContext( IWSDXMLContext** ppContext );
WSDXMLGetNameFromBuiltinNamespace	ee498682(v=winembedded.60)	-	wsdapi.h	HRESULT WINAPI WSDXMLGetNameFromBuiltinNamespace( LPCWSTR pszNamespace, LPCWSTR pszName, WSDXML_NAME** ppName );
WSDXMLGetValueFromAny	ee499228(v=winembedded.60)	-	wsdapi.h	HRESULT STDAPI WSDXMLGetValueFromAny( const WCHAR* pszNamespace, const WCHAR* pszName, WSDXML_ELEMENT* pAny, const LPCWSTR** ppszValue );
WZCDeleteIntfObjEx	ee481708(v=winembedded.60)	-	wzcsapi.h	VOID WZCDeleteIntfObjEx( PINTF_ENTRY_EX pIntf );
WZCEnumEapExtensions	ee485428(v=winembedded.60)	-	wzcsapi.h	DWORD WZCEnumEapExtensions( DWORD *pdwNumOfExtensions, PEAP_EXTENSION_INFO *pEapExtensions);
WZCQueryInterfaceEx	ee483427(v=winembedded.60)	-	wzcsapi.h	DWORD WZCQueryInterfaceEx( LPWSTR pSrvAddr, DWORD dwInFlags, PINTF_ENTRY_EX pIntfEx, LPDWORD pdwOutFlags );
WZCQueryLatencySensitiveMode	ee485853(v=winembedded.60)	-	-	DWORD WZCQueryLatencySensitiveMode( LPWSTR pSrvAddr, PWSTR wszInterfaceGuid, BOOL *pbEnable, ULONG *pPacketLatencyMs );
WZCRefreshInterfaceEx	ee482278(v=winembedded.60)	-	wzcsapi.h	DWORD WZCRefreshInterfaceEx( LPWSTR pSrvAddr, DWORD dwInFlags, PINTF_ENTRY_EX pIntfEx, LPDWORD pdwOutFlags);
WZCSetInterfaceEx	ee481704(v=winembedded.60)	-	wzcsapi.h	DWORD WZCSetInterfaceEx( LPWSTR pSrvAddr, DWORD dwInFlags, PINTF_ENTRY_EX pIntfEx, LPDWORD pdwOutFlags);
WZCSetLatencySensitiveMode	ee486518(v=winembedded.60)	-	-	DWORD WZCSetLatencySensitiveMode( LPWSTR pSrvAddr, PWSTR wszInterfaceGuid, BOOL bEnable, ULONG PacketLatencyMs );
WaitForAPIReady	ee482994(v=winembedded.60)	-	kfuncs.h	DWORD WaitForAPIReady( DWORD dwAPISlotIndex, DWORD dwTimeout );
WaitOnCommandHandler	ee503869(v=winembedded.60)	-	-	RTFSUPP_API HRESULT WaitOnCommandHandler();
WapClose	ee497805(v=winembedded.60)	-	wap.h	HRESULT WapClose( const WAP_HANDLE whHandle );
WapGetNextPrimitiveSize	ee496873(v=winembedded.60)	-	wap.h	HRESULT WapGetNextPrimitiveSize( const WAP_HANDLE whHandle, DWORD* const pdwNextPrimitiveSize );
WapOpen	ee497681(v=winembedded.60)	-	wap.h	HRESULT WapOpen( const WAP_LAYER wlLayer, const DWORD dwLocalPort, WAP_HANDLE* const pwhHandle, HANDLE* const phMessageAvailableEvent );
WapPing	ee497695(v=winembedded.60)	-	wap.h	HRESULT WapPing( const WAP_ADDRESS* const pwaAddress, const WORD wIdentifier, const DWORD dwSendDataSize, DWORD* const pdwReceiveDataSize, const DWORD dwTimeout );
WapRead	ee498210(v=winembedded.60)	-	wap.h	HRESULT WapRead( const WAP_HANDLE whHandle, WAP_PRIMITIVE_BASE* const pwpbPrimitiveBuffer, const DWORD dwPrimitiveBufferSize );
WapSend	ee497328(v=winembedded.60)	-	wap.h	HRESULT WapSend( const WAP_HANDLE whHandle, WAP_PRIMITIVE_BASE* const pwpbPrimitive );
WatsonUploadResponse	ee480446(v=winembedded.60)	-	dwui.h	HRESULT WatsonUploadResponse( BucketResponse* pBucketResponse );
WriteIoSpace	ms901243(v=msdn.10)	-	WDbgExts_CE.h	VOID WriteIoSpace( ULONG address, ULONG data, PULONG size);
WriteMemory	ms901245(v=msdn.10)	-	WDbgExts_CE.h	ULONG WriteMemory( ULONG offset, LPCVOID lpbuffer, ULONG cb, PULONG lpcbBytesWritten);
WritePhysical	ms901246(v=msdn.10)	-	WDbgExts_CE.h	VOID WritePhysical( LARGE_INTEGER address, PVOID buf, ULONG size, PULONG sizew);
XXX_GetMessageInfo	ee497518(v=winembedded.60)	-	-	BOOL XXX_GetMessageInfo( const RILMESSAGE* prmMessage, SMSROUNTERMSGINFO* psmsriInfo );
XXX_GetSize	ee496924(v=winembedded.60)	-	-	HRESULT XXX_GetSize( SMS_MANAGER_COOKIE smsmcCookie, SMSSTOREITEM* psmssiMessage, SMS_MANAGER_GET_NEXT_MESSAGE smsmgnmGetNextMessageFunction, DWORD* pdwSize );
XXX_RecognizeMessage	ee498235(v=winembedded.60)	-	-	BOOL XXX_RecognizeMessage( const RILMESSAGE* prmMessage );
XXX_Send	ee497638(v=winembedded.60)	-	-	BOOL XXX_Send( SMS_MANAGER_COOKIE smsmcCookie, const BYTE* pbData, DWORD dwDataSize, const BYTE* pbProviderSpecificData, DWORD dwProviderSpecificDataSize, SMS_DATA_ENCODING smsdeDesiredDataEncoding, RILMESSAGE* prilmTemplate, SMS_MANAGER_SEND_MESSAGE smsmsmSendMessageFunction );
XamlRuntimeInitialize	ee502513(v=winembedded.60)	-	XamlRuntime.h	BOOL WINAPI XamlRuntimeInitialize();
XamlRuntimeUninitialize	ee504466(v=winembedded.60)	-	XamlRuntime.h	BOOL WINAPI XamlRuntimeUninitialize();
_Alert	aa462529(v=msdn.10)	-	-	void _Alert( BSTR string);
_BuildVersion	aa462532(v=msdn.10)	-	-	BSTR _BuildVersion( void);
_Convolve	ms913654(v=msdn.10)	-	shintr.h	Float _Convolve( int nelement, float* pstart, float* pend, float* pdata, float* pfilter);
_CopyFloatFromInt32	ms913673(v=msdn.10)	-	Cmnintrin.h	float _CopyFloatFromInt32(___int32arg1);
_CopyInt32FromFloat	ms913676(v=msdn.10)	-	Cmnintrin.h	__int32 _CopyInt32FromFloat( float arg1);
_CopyInt64FromDouble	ms913680(v=msdn.10)	-	Cmnintrin.h	__int64 _CopyInt64FromDouble( double arg1);
_CountLeadingOnes	ms913682(v=msdn.10)	-	Cmnintrin.h	unsigned __cdecl _CountLeadingOnes( long arg1);
_CountLeadingOnes64	ms913685(v=msdn.10)	-	Cmnintrin.h	unsigned __cdecl _CountLeadingOnes64( __int64 arg1);
_CountLeadingSigns	ms913687(v=msdn.10)	-	Cmnintrin.h	unsigned __cdecl _CountLeadingSigns( long arg1);
_CountLeadingSigns64	ms913689(v=msdn.10)	-	Cmnintrin.h	unsigned __cdecl _CountLeadingSigns64( __int64 arg1);
_CountLeadingZeros	ms913691(v=msdn.10)	-	Cmnintrin.h	unsigned __cdecl _CountLeadingZeros( long arg1);
_CountLeadingZeros64	ms913693(v=msdn.10)	-	Cmnintrin.h	unsigned __cdecl _CountLeadingZeros64( __int64 arg1);
_CountOneBits	ms913694(v=msdn.10)	-	Cmnintrin.h	unsigned __cdecl _CountOneBits( long arg1);
_CountOneBits64	ms913696(v=msdn.10)	-	Cmnintrin.h	unsigned __cdecl _CountOneBits64( __int64 arg1);
_CreateLogObject	aa462557(v=msdn.10)	-	-	VT_DISPATCH _CreateLogObject( void );
_Exec	aa462572(v=msdn.10)	-	-	void _Exec( BSTR FileName, BSTR CommandLine, short Flag);
_GetCPU	aa462583(v=msdn.10)	-	-	BSTR _GetCPU( void );
_GetOSVer	aa462586(v=msdn.10)	-	-	BSTR _GetOSVer( void );
_Kill	ms900574(v=msdn.10)	-	-	BSTR _Kill ( BSTR String);
_LangHost	ms900614(v=msdn.10)	-	-	long _LangHost( void );
_MsgBox	ms900900(v=msdn.10)	-	-	int _MsgBox( BSTR String);
_MulHigh	ms940759(v=msdn.10)	-	Cmnintrin.h	long __cdecl _MulHigh( long arg1,long arg2);
_MulUnsignedHigh	ms940761(v=msdn.10)	-	Cmnintrin.h	unsigned long __cdecl _MulUnsignedHigh( unsigned long arg1,unsigned long arg2);
_Name	ms901010(v=msdn.10)	-	-	BSTR _Name( void );
_NewScriptThread	ms901069(v=msdn.10)	-	-	void _NewScriptThread( BSTR FileName, BSTR EntryFunction );
_OutputDebugString	ms901247(v=msdn.10)	-	-	void _OutputDebugString( BSTR string);
_ReadCoProcessor	ms933594(v=msdn.10)	-	Armintr.h	__int64 _ReadCoProcessor(int Arg1);
_ReadWriteBarrier	ms933596(v=msdn.10)	-	Cmnintrin.h	void __cdecl _ReadWriteBarrier(void);
_ReleaseThenLaunch	ms901196(v=msdn.10)	-	-	void _ReleaseThenLaunch( long msDelay, BSTR FileName, BSTR EntryFunction);
_SignalEvent	ms901201(v=msdn.10)	-	-	void _SignalEvent( BSTR String);
_Sleep	ms901248(v=msdn.10)	-	-	void _Sleep( long msSleep);
_SmulAddHiLo_SW_SQ	ms933605(v=msdn.10)	-	Armintr.h	__int64 _SmulAddHiLo_SW_SQ(__int64Arg1,intArg2,intArg3);
_SmulAddHi_SW_SQ	ms933608(v=msdn.10)	-	Armintr.h	__int64 _SmulAddHi_SW_SQ(__int64Arg1,intArg2,intArg3);
_SmulAddLoHi_SW_SQ	ms933611(v=msdn.10)	-	Armintr.h	__int64 _SmulAddLoHi_SW_SQ(__int64Arg1,intArg2,intArg3);
_SmulAddLo_SW_SQ	ms933614(v=msdn.10)	-	Armintr.h	__int64 _SmulAddLo_SW_SQ(__int64Arg1,intArg2,intArg3);
_StrConv	ms901220(v=msdn.10)	-	-	BSTR _StrConv( BSTR string, Integer convertFlag);
_WriteBarrier	ms933761(v=msdn.10)	-	Cmnintrin.h	void __cdecl _WriteBarrier(void);
_WriteCoProcessor	ms933762(v=msdn.10)	-	Armintr.h	void _WriteCoProcessor(__int64 Arg1,intArg2);
_WriteLocalLog	ms901244(v=msdn.10)	-	-	void _WriteLocalLog( BSTR string);
__CacheRelease	ee479376(v=winembedded.60)	-	cmnintrin.h	void __cdecl __CacheRelease( void * );
__debugbreak	ms933768(v=msdn.10)	-	Cmnintrin.h	void __cdecl __debugbreak(void);
__emit	ms933778(v=msdn.10)	-	armintr.h	void __emit(const unsigned __int32 opcode );
__emul	ms933264(v=msdn.10)	-	winnt.h	__int64 __cdecl __emul(int1,int2);
__emulu	ms933268(v=msdn.10)	-	winnt.h	__int64 __cdecl __emulu(int1,int2);
__fmac	ms933524(v=msdn.10)	-	shintr.h	Float __fmac( float i, float j, float k);
__ll_lshift	ms940753(v=msdn.10)	-	winnt.h	__int64 __cdecl __ll_lshift(int64,int);
__ll_rshift	ms940754(v=msdn.10)	-	winnt.h	__int64 __cdecl __ll_rshift(int64,int);
__regsize	ms933597(v=msdn.10)	-	stdlib.h	int __cdecl __regsize(void);
__security_init_cookie	ee479302(v=winembedded.60)	-	stdlib.h	void __security_init_cookie(void);
__trap	ee480167(v=winembedded.60)	-	cmnintrin.h	int __cdecl __trap(int arg1, ...);
__ull_rshift	ms933753(v=msdn.10)	-	winnt.h	unsigned __int64 __cdecl __ull_rshift(unsigned__int64,int);
_abs_ps	ms864514	-	Mipsintr.h	double __cdecl _abs_ps( arg1 );
_abs_sl	ms864515	-	Mipsintr.h	float __cdecl _abs_sl( arg1 );
_abs_su	ms864516	-	Mipsintr.h	float __cdecl _abs_su( arg1 );
_abs_vl	ms864517	-	Mipsintr.h	double __cdecl _abs_vl( arg1 );
_abs_vu	ms864518	-	Mipsintr.h	double __cdecl _abs_vu( arg1 );
_add_ps	ms864521	-	Mipsintr.h	double __cdecl _add_ps( arg1, arg2 );
_add_sl	ms864522	-	Mipsintr.h	float __cdecl _add_sl( arg1, arg2 );
_add_su	ms864523	-	Mipsintr.h	float __cdecl _add_su( arg1, arg2 );
_add_vl	ms864524	-	Mipsintr.h	double __cdecl _add_vl( arg1, arg2 );
_add_vu	ms864525	-	Mipsintr.h	double __cdecl _add_vu( arg1, arg2 );
_alloca	ms859601(v=msdn.10)	coredll.dll	malloc.h	void *_alloca( size_tsize);
_byteswap_uint64	ms933212(v=msdn.10)	-	Cmnintrin.h	unsigned __int64 __cdecl _byteswap_uint64( unsigned __int64 arg1);
_byteswap_ulong	ms933215(v=msdn.10)	-	Cmnintrin.h	unsigned long __cdecl _byteswap_ulong( unsigned long arg1);
_byteswap_ushort	ms933220(v=msdn.10)	-	Cmnintrin.h	unsigned short __cdecl _byteswap_ushort( unsigned short arg1);
_c_eq_sl	ms864551	-	Mipsintr.h	void __cdecl _c_eq_sl( int, double, float );
_c_eq_su	ms864552	-	Mipsintr.h	void __cdecl _c_eq_su( int, double, float );
_c_eq_vl	ms864553	-	Mipsintr.h	void __cdecl _c_eq_vl( int, double1, double2 );
_c_eq_vu	ms864554	-	Mipsintr.h	void __cdecl _c_eq_vu( int, double1, double2 );
_c_f_sl	ms864557	-	Mipsintr.h	void __cdecl _c_f_sl( int, double, float );
_c_f_su	ms864558	-	Mipsintr.h	void __cdecl _c_f_su( int, double, float );
_c_f_vl	ms864559	-	Mipsintr.h	void __cdecl _c_f_vl( int, double1, double2 );
_c_f_vu	ms864560	-	Mipsintr.h	void __cdecl _c_f_vu( int, double1, double2 );
_c_le_ps	ms864562	-	Mipsintr.h	void __cdecl _c_le_ps( int, double1, double2 );
_c_le_sl	ms864563	-	Mipsintr.h	void __cdecl _c_le_sl( int, double, float );
_c_le_su	ms864564	-	Mipsintr.h	void __cdecl _c_le_su( int, double, float );
_c_le_vl	ms864565	-	Mipsintr.h	void __cdecl _c_le_vl( int, double1, double2 );
_c_le_vu	ms864566	-	Mipsintr.h	void __cdecl _c_le_vu( int, double1, double2 );
_c_lt_ps	ms864568	-	Mipsintr.h	void __cdecl _c_lt_ps( int, double1, double2 );
_c_lt_sl	ms864569	-	Mipsintr.h	void __cdecl _c_lt_sl( int, double, float );
_c_lt_su	ms864570	-	Mipsintr.h	void __cdecl _c_lt_su( int, double, float );
_c_lt_vl	ms864571	-	Mipsintr.h	void __cdecl _c_lt_vl( int, double1, double2 );
_c_lt_vu	ms864572	-	Mipsintr.h	void __cdecl _c_lt_vu( int, double1, double2 );
_c_nge_ps	ms864700	-	Mipsintr.h	void __cdecl _c_nge_ps( int, double1, double2 );
_c_nge_sl	ms879587	-	Mipsintr.h	void __cdecl _c_nge_sl( int, double, float );
_c_nge_su	ms879594	-	Mipsintr.h	void __cdecl _c_nge_su( int, double, float );
_c_nge_vl	ms879601	-	Mipsintr.h	void __cdecl _c_nge_vl( int, double1, double2 );
_c_nge_vu	ms879604	-	Mipsintr.h	void __cdecl _c_nge_vu( int, double1, double2 );
_c_ngl_ps	ms879635	-	Mipsintr.h	void __cdecl _c_ngl_ps( int, double1, double2 );
_c_ngl_sl	ms879640	-	Mipsintr.h	void __cdecl _c_ngl_sl( int, double, float );
_c_ngl_su	ms879645	-	Mipsintr.h	void __cdecl _c_ngl_su( int, double, float );
_c_ngl_vl	ms879648	-	Mipsintr.h	void __cdecl _c_ngl_vl( int, double1, double2 );
_c_ngl_vu	ms879654	-	Mipsintr.h	void __cdecl _c_ngl_vu( int, double1, double2 );
_c_ngle_ps	ms879611	-	Mipsintr.h	void __cdecl _c_ngle_ps( int, double1, double2 );
_c_ngle_sl	ms879616	-	Mipsintr.h	void __cdecl _c_ngle_sl( int, double, float );
_c_ngle_su	ms879618	-	Mipsintr.h	void __cdecl _c_ngle_su( int, double, float );
_c_ngle_vl	ms879624	-	Mipsintr.h	void __cdecl _c_ngle_vl( int, double1, double2 );
_c_ngle_vu	ms879629	-	Mipsintr.h	void __cdecl _c_ngle_vu( int, double1, double2 );
_c_ngt_ps	ms879657	-	Mipsintr.h	void __cdecl _c_ngt_ps( int, double1, double2 );
_c_ngt_sl	ms879665	-	Mipsintr.h	void __cdecl _c_ngt_sl( int, double, float );
_c_ngt_su	ms879671	-	Mipsintr.h	void __cdecl _c_ngt_su( int, double, float );
_c_ngt_vl	ms879679	-	Mipsintr.h	void __cdecl _c_ngt_vl( int, double1, double2 );
_c_ngt_vu	ms879682	-	Mipsintr.h	void __cdecl _c_ngt_vu( int, double1, double2 );
_c_ole_ps	ms879691	-	Mipsintr.h	void __cdecl _c_ole_ps( int, double1, double2 );
_c_ole_sl	ms879693	-	Mipsintr.h	void __cdecl _c_ole_sl( int, double, float );
_c_ole_su	ms879694	-	Mipsintr.h	void __cdecl _c_ole_su( int, double, float );
_c_ole_vl	ms879695	-	Mipsintr.h	void __cdecl _c_ole_vl( int, double1, double2 );
_c_ole_vu	ms879696	-	Mipsintr.h	void __cdecl _c_ole_vu( int, double1, double2 );
_c_olt_ps	ms879697	-	Mipsintr.h	void __cdecl _c_olt_ps( int, double1, double2 );
_c_olt_sl	ms879698	-	Mipsintr.h	void __cdecl _c_olt_sl( int, double, float );
_c_olt_su	ms879699	-	Mipsintr.h	void __cdecl _c_olt_su( int, double, float );
_c_olt_vl	ms879700	-	Mipsintr.h	void __cdecl _c_olt_vl( int, double1, double2 );
_c_olt_vu	ms879701	-	Mipsintr.h	void __cdecl _c_olt_vu( int, double1, double2 );
_c_seq_sl	ms879703	-	Mipsintr.h	void __cdecl _c_seq_sl( int, double, float );
_c_seq_su	ms879704	-	Mipsintr.h	void __cdecl _c_seq_su( int, double, float );
_c_seq_vl	ms879705	-	Mipsintr.h	void __cdecl _c_seq_vl( int, double1, double2 );
_c_seq_vu	ms879706	-	Mipsintr.h	void __cdecl _c_seq_vu( int, double1, double2 );
_c_sf_ps	ms879707	-	Mipsintr.h	void __cdecl _c_sf_ps( int, double1, double2 );
_c_sf_sl	ms879708	-	Mipsintr.h	void __cdecl _c_sf_sl( int, double, float );
_c_sf_su	ms879709	-	Mipsintr.h	void __cdecl _c_sf_su( int, double, float );
_c_sf_vl	ms879710	-	Mipsintr.h	void __cdecl _c_sf_vl( int, double1, double2 );
_c_sf_vu	ms879711	-	Mipsintr.h	void __cdecl _c_sf_vu( int, double1, double2 );
_c_ueq_ps	ms879712	-	Mipsintr.h	void __cdecl _c_ueq_ps( int, double1, double2 );
_c_ueq_sl	ms879713	-	Mipsintr.h	void __cdecl _c_ueq_sl( int, double, float );
_c_ueq_su	ms879714	-	Mipsintr.h	void __cdecl _c_ueq_su( int, double, float );
_c_ueq_vl	ms879715	-	Mipsintr.h	void __cdecl _c_ueq_vl( int, double1, double2 );
_c_ueq_vu	ms879716	-	Mipsintr.h	void __cdecl _c_ueq_vu( int, double1, double2 );
_c_ule_ps	ms879717	-	Mipsintr.h	void __cdecl _c_ule_ps( int, double1, double2 );
_c_ule_sl	ms879718	-	Mipsintr.h	void __cdecl _c_ule_sl( int, double, float );
_c_ule_su	ms879719	-	Mipsintr.h	void __cdecl _c_ule_su( int, double, float );
_c_ule_vl	ms879720	-	Mipsintr.h	void __cdecl _c_ule_vl( int, double1, double2 );
_c_ule_vu	ms879721	-	Mipsintr.h	void __cdecl _c_ule_vu( int, double1, double2 );
_c_ult_ps	ms879722	-	Mipsintr.h	void __cdecl _c_ult_ps( int, double1, double2 );
_c_ult_sl	ms879723	-	Mipsintr.h	void __cdecl _c_ult_sl( int, double, float );
_c_ult_su	ms879724	-	Mipsintr.h	void __cdecl _c_ult_su( int, double, float );
_c_ult_vl	ms879725	-	Mipsintr.h	void __cdecl _c_ult_vl( int, double1, double2 );
_c_ult_vu	ms879726	-	Mipsintr.h	void __cdecl _c_ult_vu( int, double1, double2 );
_c_un_ps	ms879727	-	Mipsintr.h	void __cdecl _c_un_ps( int, double1, double2 );
_c_un_sl	ms879728	-	Mipsintr.h	void __cdecl _c_un_sl( int, double, float );
_c_un_su	ms879729	-	Mipsintr.h	void __cdecl _c_un_su( int, double, float );
_c_un_vl	ms879730	-	Mipsintr.h	void __cdecl _c_un_vl( int, double1, double2 );
_c_un_vu	ms879731	-	Mipsintr.h	void __cdecl _c_un_vu( int, double1, double2 );
_cabs	ms860481(v=msdn.10)	coredll.dll	stdlib.h	double _cabs( struct _complexz);
_chgsign	ms860483(v=msdn.10)	coredll.dll	float.h	double _chgsign( doublex);
_copysign	ms860486(v=msdn.10)	coredll.dll	float.h	double _copysign( doublex,doubley);
_cvt_ps_s	ms864545	-	Mipsintr.h	double __cdecl _cvt_ps_s( float1, float2 );
_cvt_s_pl	ms864546	-	Mipsintr.h	float __cdecl _cvt_s_pl( double );
_cvt_s_pu	ms864547	-	Mipsintr.h	float __cdecl _cvt_s_pu( double );
_div_ps	ms879735	-	Mipsintr.h	double __cdecl _div_ps( arg1, arg2 );
_div_sl	ms879736	-	Mipsintr.h	float __cdecl _div_sl( arg1, arg2 );
_div_su	ms879737	-	Mipsintr.h	float __cdecl _div_su( arg1, arg2 );
_div_vl	ms879738	-	Mipsintr.h	double __cdecl _div_vl( arg1, arg2 );
_div_vu	ms879739	-	Mipsintr.h	double __cdecl _div_vu( arg1, arg2 );
_ecvt	ms860488(v=msdn.10)	coredll.dll	stdlib.h	char *_ecvt( doublevalue,intcount,int*dec,int*sign);
_fcvt	ms860490(v=msdn.10)	coredll.dll	stdlib.h	char *_fcvt( doublevalue,intcount,int*dec,int*sign);
_fileno	ms860492(v=msdn.10)	coredll.dll	stdlib.h	void* _fileno( FILE*stream);
_finite	ms860495(v=msdn.10)	coredll.dll	stdlib.h	int _finite( doublex);
_flushall	ms860498(v=msdn.10)	coredll.dll	stdlib.h	int _flushall( void );
_fpclass	ms860506(v=msdn.10)	coredll.dll	stdlib.h	int _fpclass( doublex);
_fpieee_flt	ms860509(v=msdn.10)	coredll.dll	stdlib.h	int _fpieee_flt( unsigned longexc_code,struct_EXCEPTION_POINTERS*exc_info,inthandler(_FPIEEE_RECORD *) );
_fpreset	ms860513(v=msdn.10)	coredll.dll	stdlib.h	void _fpreset( void );
_gcvt	ms860516(v=msdn.10)	coredll.dll	stdlib.h	char *_gcvt( doublevalue,intdigits,char*buffer );
_hypot	ms860519(v=msdn.10)	coredll.dll	stdlib.h	double _hypot( doublex,doubley);
_isnan	ms860526(v=msdn.10)	coredll.dll	stdlib.h	int _isnan( doublex);
_isunordered	ms940747(v=msdn.10)	-	Cmnintrin.h	int __cdecl _isunordered( double arg1,double arg2);
_isunorderedf	ms940748(v=msdn.10)	-	Cmnintrin.h	int __cdecl _isunorderedf( float arg1, float arg2);
_logb	ms860535(v=msdn.10)	coredll.dll	stdlib.h	double _logb( doublex);
_madd_ps	ms879761	-	Mipsintr.h	double __cdecl _madd_ps( arg1, arg2, arg3 );
_madd_sl	ms879762	-	Mipsintr.h	float __cdecl _madd_sl( arg1, arg2, arg3 );
_madd_su	ms879763	-	Mipsintr.h	float __cdecl _madd_su( arg1, arg2, arg3 );
_madd_vl	ms879764	-	Mipsintr.h	double __cdecl _madd_vl( arg1, arg2, arg3 );
_madd_vu	ms879765	-	Mipsintr.h	double __cdecl _madd_vu( arg1, arg2, arg3 );
_memccpy	ms860546(v=msdn.10)	coredll.dll	stdlib.h	void *_memccpy( void*dest, const void*src, intc, unsigned intcount);
_memicmp	ms860871(v=msdn.10)	coredll.dll	stdlib.h	int _memicmp( const void*buf1, const void*buf2, unsignedintcount);
_mov_ps	ms879859	-	Mipsintr.h	double __cdecl _mov_ps( double );
_mov_sl	ms879963	-	Mipsintr.h	float __cdecl _mov_sl( double );
_mov_su	ms879967	-	Mipsintr.h	float __cdecl _mov_su( double );
_mov_vl	ms879970	-	Mipsintr.h	double __cdecl _mov_vl( double );
_mov_vu	ms879974	-	Mipsintr.h	double __cdecl _mov_vu( double );
_movf_ps	ms879768	-	Mipsintr.h	double __cdecl _movf_ps( double, int );
_movz_ps	ms879771	-	Mipsintr.h	double __cdecl _movz_ps( double, int );
_msize	ms860937(v=msdn.10)	coredll.dll	stdlib.h	size_t _msize( void*memblock);
_msub_ps	ms879978	-	Mipsintr.h	double __cdecl _msub_ps( double1, double2, double3 );
_msub_sl	ms879983	-	Mipsintr.h	double __cdecl _msub_sl( float1, double, float2 );
_msub_su	ms879988	-	Mipsintr.h	double __cdecl _msub_su( float1, double, float2 );
_mul_ps	ms880050	-	Mipsintr.h	double __cdecl _mul_ps( double1, double2 );
_mul_sl	ms880054	-	Mipsintr.h	double __cdecl _mul_sl( double1, float );
_mul_su	ms880058	-	Mipsintr.h	double __cdecl _mul_su( double1, float );
_mul_vl	ms880064	-	Mipsintr.h	double __cdecl _mul_vl( double1, double2 );
_neg_ps	ms880071	-	Mipsintr.h	double __cdecl _neg_ps( arg1 );
_neg_sl	ms880075	-	Mipsintr.h	float __cdecl _neg_sl( arg1 );
_neg_su	ms880080	-	Mipsintr.h	float __cdecl _neg_su( arg1 );
_neg_vl	ms880083	-	Mipsintr.h	float __cdecl _neg_vl( arg1 );
_nextafter	ms861004(v=msdn.10)	coredll.dll	stdlib.h	double _nextafter( doublex, doubley);
_nmadd_ps	ms880093	-	Mipsintr.h	double __cdecl _nmadd_ps( arg1, arg2, arg3 );
_nmadd_sl	ms880098	-	Mipsintr.h	float __cdecl _nmadd_sl( arg1, arg2, arg3 );
_nmadd_su	ms880105	-	Mipsintr.h	float __cdecl _nmadd_su( arg1, arg2, arg3 );
_nmadd_vl	ms880112	-	Mipsintr.h	double __cdecl _nmadd_vl( arg1, arg2, arg3 );
_nmadd_vu	ms880118	-	Mipsintr.h	double __cdecl _nmadd_vu( arg1, arg2, arg3 );
_nmsub_sl	ms880134	-	Mipsintr.h	float __cdecl _nmsub_sl( arg1, arg2, arg3 );
_nmsub_su	ms880138	-	Mipsintr.h	float __cdecl _nmsub_su( arg1, arg2, arg3 );
_nmsub_vl	ms880149	-	Mipsintr.h	double __cdecl _nmsub_vl( arg1, arg2, arg3 );
_nmsub_vu	ms880155	-	Mipsintr.h	double __cdecl _nmsub_vu( arg1, arg2, arg3 );
_pll_ps	ms880193	-	Mipsintr.h	double __cdecl _pll_ps( arg1, arg2 );
_plu_ps	ms880203	-	Mipsintr.h	double __cdecl _plu_ps( arg1, arg2 );
_pul_ps	ms880232	-	Mipsintr.h	double __cdecl _pul_ps( arg1, arg2 );
_puu_ps	ms880242	-	Mipsintr.h	double __cdecl _puu_ps( arg1, arg2 );
_recip_ps	ms880287	-	Mipsintr.h	double __cdecl _recip_ps( arg1 );
_recip_sl	ms880293	-	Mipsintr.h	float __cdecl _recip_sl( arg1 );
_recip_su	ms880380	-	Mipsintr.h	float __cdecl _recip_su( arg1 );
_recip_vl	ms880418	-	Mipsintr.h	double __cdecl _recip_vl( arg1 );
_recip_vu	ms880425	-	Mipsintr.h	double __cdecl _recip_vu( arg1 );
_rsqrt_ps	ms880445	-	Mipsintr.h	double __cdecl _rsqrt_ps( arg1 );
_rsqrt_sl	ms880458	-	Mipsintr.h	float __cdecl _rsqrt_sl( arg1 );
_rsqrt_su	ms880468	-	Mipsintr.h	float __cdecl _rsqrt_su( arg1 );
_rsqrt_vl	ms880482	-	Mipsintr.h	double __cdecl _rsqrt_vl( arg1 );
_rsqrt_vu	ms880492	-	Mipsintr.h	double __cdecl _rsqrt_vu( arg1 );
_scalb	ms861134(v=msdn.10)	coredll.dll	stdlib.h	double _scalb( doublex,longexp);
_set_new_handler	ms861441(v=msdn.10)	coredll.dll	new.h	_PNH _set_new_handler( _PNH pNewHandler);
_setmode	ms861138(v=msdn.10)	coredll.dll	stdlib.h	int _setmode( inthandle,intmode);
_sqrt_ps	ms880802	-	Mipsintr.h	double __cdecl _sqrt_ps( arg1 );
_sqrt_sl	ms880803	-	Mipsintr.h	float __cdecl _sqrt_sl( arg1 );
_sqrt_su	ms880804	-	Mipsintr.h	float __cdecl _sqrt_su( arg1 );
_sqrt_vl	ms880805	-	Mipsintr.h	double __cdecl _sqrt_vl( arg1 );
_sqrt_vu	ms880806	-	Mipsintr.h	double __cdecl _sqrt_vu( arg1 );
_statusfp	ms861151(v=msdn.10)	coredll.dll	float.h	unsigned int _statusfp( void );
_sub_ps	ms881242	-	Mipsintr.h	double __cdecl _sub_ps( arg1, arg2 );
_sub_sl	ms881329	-	Mipsintr.h	float __cdecl _sub_sl( arg1, arg2 );
_sub_su	ms881337	-	Mipsintr.h	float __cdecl _sub_su( arg1, arg2 );
_sub_vl	ms881345	-	Mipsintr.h	double __cdecl _sub_vl( arg1, arg2 );
_sub_vu	ms881355	-	Mipsintr.h	double __cdecl _sub_vu( arg1, arg2 );
_wfdopen	ms861280(v=msdn.10)	coredll.dll	stdio.h	FILE *_wfdopen( inthandle, constwchar_t *mode);
abs	ms859602(v=msdn.10)	coredll.dll	stdlib.h	INT abs( intn);
acos	ms859603(v=msdn.10)	coredll.dll	stdlib.h	double acos( doublex);
asin	ms859604(v=msdn.10)	coredll.dll	stdlib.h	double asin( doublex);
calloc	ms859607(v=msdn.10)	coredll.dll	malloc.h	void *calloc( size_t num, size_t size);
ceil	ms859608(v=msdn.10)	coredll.dll	stdlib.h	double ceil( doublex);
clearerr	ms859609(v=msdn.10)	coredll.dll	stdlib.h	void clearerr( FILE*stream);
div	ms859616(v=msdn.10)	coredll.dll	stdlib.h	div_t div( intnumer,intdenom);
dprintf	aa462568(v=msdn.10)	-	WDbgExts_CE.h	VOID dprintf( PCSTR format [,arguments]...):
fabs	ms859619(v=msdn.10)	coredll.dll	stdlib.h	double fabs( doublex);
feof	ms859621(v=msdn.10)	coredll.dll	stdlib.h	int feof( FILE*stream);
ferror	ms859622(v=msdn.10)	coredll.dll	stdlib.h	int ferror( FILE *stream);
fflush	ms859623(v=msdn.10)	coredll.dll	stdlib.h	int fflush( FILE*stream);
fgetpos	ms859625(v=msdn.10)	coredll.dll	stdlib.h	int fgetpos( FILE *stream, fpos_t *pos);
fmod	ms859630(v=msdn.10)	coredll.dll	stdlib.h	double fmod( doublex,double y);
fread	ms859637(v=msdn.10)	coredll.dll	stdlib.h	size_t fread( void*buffer,size_tsize,size_tcount,FILE*stream);
frexp	ms859639(v=msdn.10)	coredll.dll	stdlib.h	double frexp( doublex,int* expptr);
fseek	ms859641(v=msdn.10)	coredll.dll	stdlib.h	int fseek( FILE*stream,longoffset,intorigin);
fsetpos	ms859643(v=msdn.10)	coredll.dll	stdlib.h	int fsetpos( FILE*stream,const fpos_t*pos);
ftell	ms859644(v=msdn.10)	coredll.dll	stdlib.h	long ftell( FILE*stream);
fwrite	ms859645(v=msdn.10)	coredll.dll	stdlib.h	size_t fwrite( const void*buffer,size_tsize,size_tcount,FILE*stream);
labs	ms859660(v=msdn.10)	coredll.dll	stdlib.h	long labs( longn);
ldexp	ms859661(v=msdn.10)	coredll.dll	stdlib.h	double ldexp(doublex,intexp);
ldiv	ms859662(v=msdn.10)	coredll.dll	stdlib.h	ldiv_t ldiv( long intnumer, long intdenom);
lineGetCurrentOperator	ee497180(v=winembedded.60)	-	extapi.h	LONG WINAPI lineGetCurrentOperator( HLINE hLine, LPLINEOPERATOR lpCurrentOperator );
lineSendUSSD	ee497597(v=winembedded.60)	-	extapi.h	LONG WINAPI lineSendUSSD( HLINE hLine, const BYTE * const lpbUSSD, DWORD dwUSSDSize, DWORD dwFlags );
lineSetPreferredOperator	ee496856(v=winembedded.60)	-	extapi.h	LONG WINAPI lineSetPreferredOperator( HLINE hLine, LPLINEOPERATOR lpOperator );
longjmp	ms859664(v=msdn.10)	coredll.dll	stdlib.h	void longjmp( jmp_bufenv,intvalue);
malloc	ms859665(v=msdn.10)	coredll.dll	stdlib.h	void *malloc( size_tsize);
mbstowcs	ms859667(v=msdn.10)	coredll.dll	stdlib.h	size_t mbstowcs( wchar_t*wcstr, const char*mbstr, size_tcount);
memmove	ms859671(v=msdn.10)	coredll.dll	stdlib.h	void*memmove( void*dest, const void*src, size_tcount);wchar_t *wmemmove( wchar_t*dest,const wchar_t*src,size_tcount);
modf	ms859743(v=msdn.10)	coredll.dll	stdlib.h	double modf( doublex,double*intptr);
pNotifyForceCleanboot	aa447008(v=msdn.10)	Nk.lib	-	void pNotifyForceCleanboot(DWORD dwReserved1,DWORD dwReserved2,DWORD dwReserved3,DWORD dwReserved4);
pfnCommandCallback	ee503740(v=winembedded.60)	-	-	typedef HRESULT STDAPICALLTYPE pfnCommandCallback( DWORD dwCmd, const CCommandPacket *pCmdIn, CCommandPacket *pCmdOut );
pow	ms859860(v=msdn.10)	coredll.dll	stdlib.h	double pow( doublex, doubley);
qsort	ms860352(v=msdn.10)	coredll.dll	stdlib.h	void qsort( void*base,size_tnum,size_twidth,int( __cdecl*compare)( constvoid*elem1,constvoid*elem2) );
rand	ms860353(v=msdn.10)	coredll.dll	stdlib.h	int rand( void );
realloc	ms860357(v=msdn.10)	coredll.dll	stdlib.h	void *realloc( void*memblock, size_tsize);
setjmp	ms860366(v=msdn.10)	coredll.dll	stdlib.h	int setjmp( jmp_bufenv);
setvbuf	ms860368(v=msdn.10)	coredll.dll	stdio.h	int setvbuf( FILE*stream,char*buffer,intmode,size_tsize);
sqrt	ms860375(v=msdn.10)	coredll.dll	stdlib.h	double sqrt( doublex );
srand	ms860377(v=msdn.10)	coredll.dll	stdlib.h	void srand( unsigned intseed);
towlower	ms860473(v=msdn.10)	coredll.dll	condio.h	int towlower( wint_t c );
towupper	ms860474(v=msdn.10)	coredll.dll	condio.h	int towupper( wint_t c );
wcstombs	ms861432(v=msdn.10)	coredll.dll	stdio.h	size_t wcstombs( char *mbstr, constwchar_t *wcstr, size_tcount);
xxx_Close	ms937803	-	-	BOOL xxx_Close( DWORD dwData );
xxx_Deinit	ms937903	-	-	BOOL xxx_Deinit( DWORD dwData );
xxx_IOControl	ms938001	-	-	BOOL xxx_IOControl( DWORD dwData, DWORD dwCode, PBYTE pBufIn, DWORD dwLenIn, PBYTE pBufOut, DWORD dwLenOut, PDWORD pdwActualOut );
xxx_Init	ms937994	-	-	DWORD xxx_Init( DWORD dwData );
xxx_Open	ms938010	-	-	BOOL xxx_Open( DWORD dwData, DWORD dwAccess, DWORD dwShareMode );
xxx_Read	ms938019	-	-	DWORD xxx_Read( DWORD dwData, LPVOID pBuf, DWORD dwLen );
xxx_Seek	ms938028	-	-	DWORD xxx_Seek( DWORD dwData, long pos, DWORD type );
xxx_Write	ms938038	-	-	DWORD xxx_Write( DWORD dwData, LPcVOID pInBuf, DWORD dwInLen );
