name	min_ce	versions	header	lib	in_include
_SH3CacheLines	2.10	2.10 and later			0
_SH3DSP	3.0	3.0 and later			0
_SH3FQCR_Fast	2.10	2.10 and later			0
_SH3FQCR_Slow	2.10	2.10 and later			0
_SH3InitialSR	2.10	2.10 and later			0
_SH4CacheLines	3.0	3.0 and later			0
AbnormalTermination	1.0	1.0 and later	Excpt.h	Coredll.lib	1
AbortDoc	2.0	2.0 and later	Wingdi.h	Mgprint.lib	1
AbortPipeTransfers	2.10	2.10 and later			0
AbortTransfer	2.10	2.10 and later			1
ACCEL	1.0	1.0 and later	Winuser.h		1
accept	1.0	1.0 and later	Winsock.h		1
ACM_Close	1.0	1.0 and later			1
ACM_Deinit	1.0	1.0 and later			1
ACM_Init	1.0	1.0 and later		Acmdwrap.lib	1
ACM_IOControl	1.0	1.0 and later		Acmdwrap.lib	1
ACM_Open	1.0	1.0 and later		Acmdwrap.lib	1
ACM_PowerDown	1.0	1.0 and later		Acmdwrap.lib	1
ACM_PowerUp	1.0	1.0 and later		Acmdwrap.lib	1
ACM_Read	1.0	1.0 and later		Acmdwrap.lib	1
ACM_Seek	1.0	1.0 and later		Acmdwrap.lib	1
ACM_Write	1.0	1.0 and later		Acmdwrap.lib	1
ACMDM_DRIVER_ABOUT	1.0	1.0 and later			1
ACMDM_DRIVER_DETAILS	1.0	1.0 and later			1
ACMDM_DRIVER_NOTIFY	3.0	3.0 and later			1
ACMDM_FILTER_DETAILS	1.0	1.0 and later			1
ACMDM_FILTERTAG_DETAILS	1.0	1.0 and later			1
ACMDM_FORMAT_DETAILS	1.0	1.0 and later			1
ACMDM_FORMAT_SUGGEST	1.0	1.0 and later			1
ACMDM_FORMATTAG_DETAILS	1.0	1.0 and later			1
ACMDM_HARDWARE_WAVE_CAPS_INPUT	1.0	1.0 and later			1
ACMDM_HARDWARE_WAVE_CAPS_OUTPUT	1.0	1.0 and later			1
ACMDM_STREAM_CLOSE	1.0	1.0 and later			1
ACMDM_STREAM_CONVERT	1.0	1.0 and later			1
ACMDM_STREAM_OPEN	1.0	1.0 and later			1
ACMDM_STREAM_PREPARE	1.0	1.0 and later			1
ACMDM_STREAM_RESET	1.0	1.0 and later			1
ACMDM_STREAM_SIZE	1.0	1.0 and later			1
ACMDM_STREAM_UNPREPARE	1.0	1.0 and later			1
ACMDRV_MESSAGE_PARAMS	1.0	1.0 and later			1
ACMDRVFORMATSUGGEST	1.0	1.0 and later	Msacmdrv.h		1
ACMDRVOPENDESC	1.0	1.0 and later	Msacmdrv.h		1
ACMDRVSTREAMHEADER	1.0	1.0 and later	Msacmdrv.h		1
ACMDRVSTREAMINSTANCE	1.0	1.0 and later	Msacmdrv.h		1
ACMDRVSTREAMSIZE	1.0	1.0 and later	Msacmdrv.h		1
AcquireCredentialsHandle	2.10	2.10 and later	Sspi.h	Schannel.lib	1
ActivateDevice	2.11	2.11 and later	Winbase.h	Coredll.lib	1
ActivateDevice	2.11	2.11 and later			1
AdapterIPProperties	2.10	2.10 and later	Netui.h		0
ADDCONNECT_DLGPARAMS	2.10	2.10 and later	Netui.h		0
AddFontResource	2.0	2.0 and later	Wingdi.h	Mgrast.lib Mgtt.lib	1
AddHeader	3.0	3.0 and later	Httpfilt.h	Httpfilt.lib	1
AddIPAddress	3.0	3.0 and later	Iphlpapi.h	Iphlpapi.lib	1
AddPropSheetPageProc	1.0	1.0 and later			1
AdjustWindowRectEx	1.0	1.0 and later	Winuser.h		1
ALG_ID	3.0	3.0 or later	Wincrypt.h		1
AllocMem	3.0	3.0 and later	Httpfilt.h	Httpfilt.lib	1
AppendMenu	1.0	1.0 and later	Winuser.h		1
ApplyControlToken	2.10	2.10 and later	Sspi.h	Schannel.lib	1
aPropID	2.0	2.0 and later. Versions prior to 2.12 require the MSMQ add-on pack.	Mq.h		1
aPropVar	2.0	2.0 and later. Versions prior to 2.12 require the MSMQ add-on pack.	Mq.h		1
ARGUMENT_PRESENT	2.0	2.0 and later	Ndis.h		0
ARRAYDESC	2.0	2.0 and later	Oaidl.h		1
AsnAny	3.0	3.0 and later	Snmp.h		1
AsnCounter64	3.0	3.0 and later	Snmp.h		1
AsnObjectIdentifier	3.0	3.0 and later	Snmp.h		1
AsnOctetString	3.0	3.0 and later	Snmp.h		1
ASSERT	2.0	2.0 and later	Ndis.h		1
ASSERT	2.10	2.10 and later	Dbgapi.h		1
ASSERTMSG	2.0	2.0 and later	Ndis.h		1
ASSERTMSG	2.10	2.10 and later	Dbgapi.h		1
aStatus	2.0	2.0 and later. Versions prior to 2.12 require the MSMQ add-on pack.	Mq.h		1
BATTERY_STATUS	1.0	1.0 and later	Battery.h		0
BatteryDrvrGetLevels	2.0	2.0 and later	Battery.h		1
BatteryDrvrGetStatus	1.0	1.0 and later	Battery.h	Acmdwrap.lib	0
BatteryDrvrGetStatus	2.10	2.10 and later	Battery.h		0
BatteryDrvrSupportsChangeNotification	1.0	1.0 and later	Battery.h	Acmdwrap.lib	1
BatteryGetLifeTimeInfo	2.10	2.10 and later	Pwinuser.h		1
BeginDeferWindowPos	2.10	2.10 and later	Winuser.h		1
BeginPaint	1.0	1.0 and later	Winuser.h	Coredll.lib, Winmgr.lib	1
bind	1.0	1.0 and later	Winsock.h		1
BIND_FLAGS	2.0	2.0 and later	Objidl.idl		1
BIND_OPTS	2.0	2.0 and later	Objidl.h		1
BIND_OPTS2	2.0	2.0 and later	Objidl.h		1
BINDPTR	2.0	2.0 and later	Oaidl.h		1
BitBlt	2.0	2.0 and later	Wingdi.h	Mgblt.lib	1
BITMAP	1.9	1.9 and later	Wingdi.h		1
BITMAPCOREHEADER	2.0	2.0 and later	Wingdi.h		1
BITMAPCOREINFO	2.0	2.0 and later	Wingdi.h		1
BITMAPFILEHEADER	2.0	2.0 and later	Wingdi.h		1
BITMAPINFO	1.0	1.0 and later	Wingdi.h		1
BITMAPINFOHEADER	1.0	1.0 and later	Wingdi.h		1
BLOB	3.0	3.0 or later	Wincrypt.h		1
BM_CLICK	1.0	1.0 and later	Winuser.h		1
BM_GETCHECK	1.0	1.0 and later	Winuser.h		1
BM_GETSTATE	1.0	1.0 and later	Winuser.h		1
BM_SETCHECK	1.0	1.0 and later	Winuser.h		1
BM_SETSTATE	1.0	1.0 and later	Winuser.h		1
BM_SETSTYLE	1.0	1.0 and later	Winuser.h		1
BN_CLICKED	1.0	1.0 and later	Winuser.h		1
BN_KILLFOCUS	1.0	1.0 and later	Winuser.h		1
BN_SETFOCUS	1.0	1.0 and later	Winuser.h		1
BringWindowToTop	1.0	1.0 and later	Winuser.h		1
BstrFromVector	2.0	2.0 and later	Oleauto.h		1
BY_HANDLE_FILE_INFORMATION	1.0	1.0 and later	Winbase.h		1
CacheErrorHandler	3.0	3.0 and later	Cache.s		0
CacheSync	2.10	2.10 and later	Pkfuncs.h		0
CALLCONV	2.0	2.0 and later	Oaidl.h		1
CallWindowProc	1.0	1.0 and later	Winuser.h		1
CANDIDATEFORM	2.1	2.1 and later (Japanese version 1.0 and later)	Wceemul.h		1
CANDIDATELIST	2.1	2.1 and later (Japanese version 1.0 and later)	Wceemul.h		1
CARD_CLIENT_HANDLE	1.0	1.0 and later			1
CARD_CONFIG_INFO	1.0	1.0 and later			1
CARD_DATA_PARMS	1.0	1.0 and later			1
CARD_EVENT	1.0	1.0 and later			1
CARD_EVENT_MASK_PARMS	1.0	1.0 and later			1
CARD_EVENT_PARMS	1.0	1.0 and later			1
CARD_ISR	1.0	1.0 and later			1
CARD_REGISTER_PARMS	1.0	1.0 and later			1
CARD_SOCKET_HANDLE	1.0	1.0 and later			1
CARD_STATUS	1.0	1.0 and later			1
CARD_TUPLE_PARMS	1.0	1.0 and later			1
CARD_WINDOW_HANDLE	1.0	1.0 and later			1
CARD_WINDOW_PARMS	1.0	1.0 and later			1
CardAccessConfigurationRegister	1.0	1.0 and later			1
CardDeregisterClient	1.0	1.0 and later			1
CardGetEventMask	1.0	1.0 and later			1
CardGetFirstTuple	1.0	1.0 and later			1
CardGetNextTuple	1.0	1.0 and later			1
CardGetParsedTuple	1.0	1.0 and later			1
CardGetStatus	1.0	1.0 and later	Cardserv.h		1
CardGetTupleData	1.0	1.0 and later			1
CardMapWindow	1.0	1.0 and later			1
CardModifyWindow	1.0	1.0 and later			1
CardRegisterClient	1.0	1.0 and later			1
CardReleaseConfiguration	1.0	1.0 and later			1
CardReleaseExclusive	1.0	1.0 and later			1
CardReleaseIRQ	1.0	1.0 and later			1
CardReleaseSocketMask	1.0	1.0 and later			1
CardReleaseWindow	1.0	1.0 and later			1
CardRequestConfiguration	1.0	1.0 and later			1
CardRequestExclusive	1.0	1.0 and later			1
CardRequestIRQ	1.0	1.0 and later			1
CardRequestSocketMask	1.0	1.0 and later			1
CardRequestWindow	1.0	1.0 and later			1
CardResetFunction	1.0	1.0 and later			1
CardSetEventMask	1.0	1.0 and later			1
CB_ADDSTRING	1.0	1.0 and later	Winuser.h		1
CB_DELETESTRING	1.0	1.0 and later	Winuser.h		1
CB_FINDSTRING	1.0	1.0 and later	Winuser.h		1
CB_FINDSTRINGEXACT	1.0	1.0 and later	Winuser.h		1
CB_GETCOUNT	1.0	1.0 and later	Winuser.h		1
CB_GETCURSEL	1.0	1.0 and later	Winuser.h		1
CB_GETDROPPEDCONTROLRECT	1.0	1.0 and later	Winuser.h		1
CB_GETDROPPEDSTATE	1.0	1.0 and later	Winuser.h		1
CB_GETDROPPEDWIDTH	1.0	1.0 and later	Winuser.h		1
CB_GETEDITSEL	1.0	1.0 and later	Winuser.h		1
CB_GETEXTENDEDUI	1.0	1.0 and later	Winuser.h		1
CB_GETHORIZONTALEXTENT	1.0	1.0 and later	Winuser.h		1
CB_GETITEMDATA	1.0	1.0 and later	Winuser.h		1
CB_GETITEMHEIGHT	1.0	1.0 and later	Winuser.h		1
CB_GETLBTEXT	1.0	1.0 and later	Winuser.h		1
CB_GETLBTEXTLEN	1.0	1.0 and later	Winuser.h		1
CB_GETLOCALE	2.0	2.0 and later	Winuser.h		1
CB_GETTOPINDEX	1.0	1.0 and later	Winuser.h		1
CB_INITSTORAGE	1.0	1.0 and later	Winuser.h		1
CB_INSERTSTRING	1.0	1.0 and later	Winuser.h		1
CB_LIMITTEXT	1.0	1.0 and later	Winuser.h		1
CB_RESETCONTENT	1.0	1.0 and later	Winuser.h		1
CB_SELECTSTRING	1.0	1.0 and later	Winuser.h		1
CB_SETCURSEL	1.0	1.0 and later	Winuser.h		1
CB_SETDROPPEDWIDTH	1.0	1.0 and later	Winuser.h		1
CB_SETEDITSEL	1.0	1.0 and later	Winuser.h		1
CB_SETEXTENDEDUI	1.0	1.0 and later	Winuser.h		1
CB_SETHORIZONTALEXTENT	1.0	1.0 and later	Winuser.h		1
CB_SETITEMDATA	1.0	1.0 and later	Winuser.h		1
CB_SETITEMHEIGHT	1.0	1.0 and later	Winuser.h		1
CB_SETLOCALE	2.0	2.0 and later	Winuser.h		1
CB_SETTOPINDEX	1.0	1.0 and later	Winuser.h		1
CB_SHOWDROPDOWN	1.0	1.0 and later	Winuser.h		1
CBN_CLOSEUP	1.0	1.0 and later	Winuser.h		1
CBN_DBLCLK	2.0	2.0 and later	Winuser.h		1
CBN_DROPDOWN	1.0	1.0 and later	Winuser.h		1
CBN_EDITCHANGE	1.0	1.0 and later	Winuser.h		1
CBN_EDITUPDATE	1.0	1.0 and later	Winuser.h		1
CBN_ERRSPACE	1.0	1.0 and later	Winuser.h		1
CBN_KILLFOCUS	1.0	1.0 and later	Winuser.h		1
CBN_SELCHANGE	1.0	1.0 and later	Winuser.h		1
CBN_SELENDCANCEL	1.0	1.0 and later	Winuser.h		1
CBN_SELENDOK	1.0	1.0 and later	Winuser.h		1
CBN_SETFOCUS	1.0	1.0 and later	Winuser.h		1
CCHookProc	2.0	2.0 and later	Commdlg.h		1
CDM_SETDEFEXT	1.0	1.0 and later	Winuser.h		1
CDN_TYPECHANGE	1.0	1.0 and later	Commdlg.h		1
CE_FIND_DATA	1.0	1.0 and later	Rapi.h		1
CE_USER_NOTIFICATION	1.01	1.01 and later	Notify.h		1
CEBLOB	1.01	1.01 and later	Winsock.h		1
CeChangeDatabaseLCID	2.10	2.10 and later	Pkfuncs.h		1
CeCheckPassword	2.0	2.0 and later	Rapi.h		1
CeClearReplChangeBitsEx	3.0	3.0 and later	Windbase.h	coredll.lib	1
CeClearUserNotification	1.01	1.01 and later	Notify.h	Notify.lib	1
CeCloseHandle	1.0	1.0 and later	Rapi.h		1
CeCopyFile	2.0	2.0 and later	Rapi.h		1
CeCreateDatabase	1.01	1.01 and later	Windbase.h	Fsdbase.lib	1
CeCreateDatabase	1.01	1.01 and later	Rapi.h		1
CeCreateDatabaseEx	2.10	2.10 and later	Windbase.h	Fsdbase.lib	1
CeCreateDatabaseEx	2.10	2.10 and later	Rapi.h		1
CeCreateDirectory	2.0	2.0 and later	Rapi.h		1
CeCreateFile	2.0	2.0 and later	Rapi.h		1
CeCreateProcess	2.0	2.0 and later	Rapi.h		1
CEDB_FIND_DATA	1.0	1.0 and later	Rapi.h		1
CEDBASEINFO	1.01	1.01 and later	Windbase.h		1
CeDeleteDatabase	1.01	1.01 and later	Windbase.h	Fsdbase.lib	1
CeDeleteDatabase	1.01	1.01 and later	Rapi.h		1
CeDeleteDatabaseEx	2.10	2.10 and later	Windbase.h	Fsdbase.lib	1
CeDeleteDatabaseEx	2.10	2.10 and later	Rapi.h		1
CeDeleteFile	2.0	2.0 and later	Rapi.h		1
CeDeleteRecord	1.01	1.01 and later	Windbase.h	Fsdbase.lib	1
CeDeleteRecord	2.0	2.0 and later	Rapi.h		1
CEDIRINFO	1.01	1.01 and later	Winbase.h		1
CeEnumDBVolumes	2.10	2.10 and later	Windbase.h	Fsdbase.lib	1
CeEnumDBVolumes	2.12	2.12 and later	Rapi.h		1
CEFILEINFO	1.01	1.01 and later	Winbase.h		1
CeFindAllDatabases	2.0	2.0 and later	Rapi.h		1
CeFindAllFiles	2.0	2.0 and later	Rapi.h		1
CeFindClose	2.0	2.0 and later	Rapi.h		1
CeFindFirstDatabase	1.01	1.01 and later	Windbase.h	Fsdbase.lib	1
CeFindFirstDatabase	1.01	1.01 and later	Rapi.h		1
CeFindFirstDatabaseEx	2.10	2.10 and later	Windbase.h	Fsdbase.lib	1
CeFindFirstDatabaseEx	2.10	2.10 and later	Rapi.h		1
CeFindFirstFile	2.0	2.0 and later	Rapi.h		1
CeFindNextDatabase	1.01	1.01 and later	Windbase.h	Fsdbase.lib	1
CeFindNextDatabase	1.01	1.01 and later	Rapi.h		1
CeFindNextDatabaseEx	2.10	2.10 and later	Windbase.h	Fsdbase.lib	1
CeFindNextDatabaseEx	2.10	2.10 and later	Rapi.h		1
CeFindNextFile	2.0	2.0 and later	Rapi.h		1
CeFlushDBVol	2.10	2.10 and later	Windbase.h	Fsdbase.lib	1
CeFreeNotification	2.10	2.10 and later	Windbase.h	Fsdbase.lib	1
CeGetCallerTrust	3.0	3.0 and later	Winbase.h	Nk.lib	1
CeGetClassName	2.0	2.0 and later	Rapi.h		1
CeGetCurrentTrust	3.0	3.0 and later	Windbase.h	Nk.lib	1
CeGetDesktopDeviceCaps	2.0	2.0 and later	Rapi.h		1
CeGetFileAttributes	2.0	2.0 and later	Rapi.h		1
CeGetFileSize	2.0	2.0 and later	Rapi.h		1
CeGetFileTime	2.0	2.0 and later	Rapi.h		1
CeGetLastError	2.0	2.0 and later	Rapi.h		1
CeGetRandomSeed	3.0	3.0 and later	Winbase.h	Nk.lib	1
CeGetReplChangeBitsEx	3.0	3.0 and later	Windbase.h	coredll.lib	1
CeGetReplChangeMask	3.0	3.0 and later	Windbase.h	coredll.lib	1
CeGetReplOtherBitsEx	3.0	3.0 and later	Windbase.h	coredll.lib	1
CeGetSpecialFolderPath	2.0	2.0 and later	Rapi.h		1
CeGetStoreInformation	2.0	2.0 and later	Rapi.h		1
CeGetSystemInfo	2.0	2.0 and later	Rapi.h		1
CeGetSystemPowerStatusEx	2.0	2.0 and later	Rapi.h		1
CeGetTempPath	2.0	2.0 and later	Rapi.h		1
CeGetThreadPriority	3.0	3.0 and later	Winbase.h	Nk.lib	1
CeGetThreadQuantum	3.0	3.0 and later	Winbase.h	Nk.lib	1
CeGetUserNotification	2.12	2.12 and later	Notify.h	Notify.lib	1
CeGetUserNotificationHandles	2.12	2.12 and later	Notify.h	Notify.lib	1
CeGetUserNotificationPreferences	1.01	1.01 and later	Notify.h	Notify.lib	1
CeGetVersionEx	2.0	2.0 and later	Rapi.h		1
CeGetWindow	2.0	2.0 and later	Rapi.h		1
CeGetWindowLong	2.0	2.0 and later	Rapi.h		1
CeGetWindowText	2.0	2.0 and later	Rapi.h		1
CeGlobalMemoryStatus	2.0	2.0 and later	Rapi.h		1
CeHandleAppNotifications	1.01	1.01 and later	Notify.h	Notify.lib	1
CEL_CRITSEC_ENTER	3.0	3.0 and later	Celog.h		1
CEL_CRITSEC_LEAVE	3.0	3.0 and later	Celog.h		1
CEL_DATA_LOSS	3.0	3.0 and later	Celog.h		1
CEL_EVENT_CLOSE	3.0	3.0 and later	Celog.h		1
CEL_EVENT_CREATE	3.0	3.0 and later	Celog.h		1
CEL_EVENT_DELETE	3.0	3.0 and later	Celog.h		1
CEL_EVENT_PULSE	3.0	3.0 and later	Celog.h		1
CEL_EVENT_RESET	3.0	3.0 and later	Celog.h		1
CEL_EVENT_SET	3.0	3.0 and later	Celog.h		1
CEL_HEADER	3.0	3.0 and later	Celog.h		1
CEL_HEAP_ALLOC	3.0	3.0 and later	Celog.h		1
CEL_HEAP_CREATE	3.0	3.0 and later	Celog.h		1
CEL_HEAP_DESTROY	3.0	3.0 and later	Celog.h		1
CEL_HEAP_FREE	3.0	3.0 and later	Celog.h		1
CEL_HEAP_REALLOC	3.0	3.0 and later	Celog.h		1
CEL_INT_DATA	3.0	3.0 and later	Celog.h		1
CEL_INTERRUPTS	3.0	3.0 and later	Celog.h		1
CEL_LOG_MARKER	3.0	3.0 and later	Celog.h		1
CEL_MODULE_FREE	3.0	3.0 and later	Celog.h		1
CEL_MODULE_LOAD	3.0	3.0 and later	Celog.h		1
CEL_MUTEX_CLOSE	3.0	3.0 and later	Celog.h		1
CEL_MUTEX_CREATE	3.0	3.0 and later	Celog.h		1
CEL_MUTEX_DELETE	3.0	3.0 and later	Celog.h		1
CEL_MUTEX_RELEASE	3.0	3.0 and later	Celog.h		1
CEL_PROCESS_CLOSE	3.0	3.0 and later	Celog.h		1
CEL_PROCESS_CREATE	3.0	3.0 and later	Celog.h		1
CEL_PROCESS_DELETE	3.0	3.0 and later	Celog.h		1
CEL_PROCESS_TERMINATE	3.0	3.0 and later	Celog.h		1
CEL_SEM_CLOSE	3.0	3.0 and later	Celog.h		1
CEL_SEM_CREATE	3.0	3.0 and later	Celog.h		1
CEL_SEM_DELETE	3.0	3.0 and later	Celog.h		1
CEL_SEM_RELEASE	3.0	3.0 and later	Celog.h		1
CEL_SLEEP	3.0	3.0 and later	Celog.h		1
CEL_SYSTEM_INVERT	3.0	3.0 and later	Celog.h		1
CEL_SYSTEM_PAGE	3.0	3.0 and later	Celog.h		1
CEL_SYSTEM_TLB	3.0	3.0 and later	Celog.h		1
CEL_THREAD_CLOSE	3.0	3.0 and later	Celog.h		1
CEL_THREAD_CREATE	3.0	3.0 and later	Celog.h		1
CEL_THREAD_DELETE	3.0	3.0 and later	Celog.h		1
CEL_THREAD_MIGRATE	3.0	3.0 and later	Celog.h		1
CEL_THREAD_PRIORITY	3.0	3.0 and later	Celog.h		1
CEL_THREAD_QUANTUM	3.0	3.0 and later	Celog.h		1
CEL_THREAD_RESUME	3.0	3.0 and later	Celog.h		1
CEL_THREAD_SUSPEND	3.0	3.0 and later	Celog.h		1
CEL_THREAD_SWITCH	3.0	3.0 and later	Celog.h		1
CEL_THREAD_TERMINATE	3.0	3.0 and later	Celog.h		1
CEL_VIRTUAL_ALLOC	3.0	3.0 and later	Celog.h		1
CEL_VIRTUAL_COPY	3.0	3.0 and later	Celog.h		1
CEL_VIRTUAL_FREE	3.0	3.0 and later	Celog.h		1
CEL_WAIT_MULTI	3.0	3.0 and later	Celog.h		1
CeLogData	3.0	3.0 and later	Celog.h		1
CeLogInit	3.0	3.0 and later	Celog.h		1
CeLogInterrupt	3.0	3.0 and later	Celog.h		1
CeLogReSync	3.0	3.0 and later	Celog.h		1
CeLogSetZones	3.0	3.0 and later	Celog.h		1
CeLogThreadMigrate	3.0	3.0 and later	Celog.h		1
CeMountDBVol	2.10	2.10 and later	Windbase.h	Fsdbase.lib	1
CeMountDBVol	2.12	2.12 and later	Rapi.h		1
CeMoveFile	2.0	2.0 and later	Rapi.h		1
CeNotifyPrivate_ClearUserAlarm	2.10	2.10 and later	Notifext.hxx		0
CeNotifyPrivate_DeleteNotification	2.10	2.10 and later	Notifext.hxx		0
CeNotifyPrivate_FilterType	2.10	2.10 and later	Notifext.hxx		0
CeNotifyPrivate_Lock	2.10	2.10 and later	Notifext.hxx		0
CeNotifyPrivate_Reschedule	2.10	2.10 and later	Notifext.hxx		0
CeNotifyPrivate_SetUserAlarm	2.10	2.10 and later	Notifext.hxx		0
CeNotifyPrivate_TranslateOID	2.10	2.10 and later	Notifext.hxx		0
CeNotifyPrivate_Unlock	2.10	2.10 and later	Notifext.hxx		0
CeNotifyPublic_DisposeOfPacket	2.10	2.10 and later	Notifext.hxx		0
CeNotifyPublic_FilterEvent	2.10	2.10 and later	Notifext.hxx		0
CeNotifyPublic_FilterUserNotification	2.10	2.10 and later	Notifext.hxx		0
CeNotifyPublic_Initialize	2.10	2.10 and later	Notifext.hxx		0
CeNotifyPublic_NewPacket	2.10	2.10 and later	Notifext.hxx		0
CeNotifyPublic_PresentSettingsBox	2.10	2.10 and later	Notifext.hxx		0
CeNotifyPublic_UIWndProc	2.10	2.10 and later	Notifext.hxx		0
CeNotifyPublic_UserAlarmSignalled	2.10	2.10 and later	Notifext.hxx		0
CeOidGetInfo	1.01	1.01 and later	Windbase.h		1
CeOidGetInfo	1.01	1.01 and later	Rapi.h		1
CeOidGetInfoEx	2.10	2.10 and later	Windbase.h		1
CeOidGetInfoEx	2.10	2.10 and later	Rapi.h		1
CEOIDINFO	1.01	1.01 and later	Windbase.h		1
CeOpenDatabase	1.01	1.01 and later	Windbase.h	Fsdbase.lib	1
CeOpenDatabase	1.01	1.01 and later	Rapi.h		1
CeOpenDatabaseEx	2.10	2.10 and later	Windbase.h	Fsdbase.lib	1
CeOpenDatabaseEx	2.10	2.10 and later	Rapi.h		1
CEOSVERSIONINFO	2.0	2.0 and later	Rapi.h		1
CePimCommand	2.0	2.0 and later	pimstore.h		1
CEProcessorType	3.0	3.0 and later			0
CEPROPVAL	1.01	1.01 and later	Winbase.h		1
CeRapiFreeBuffer	1.0	1.0 and later	Rapi.h		1
CeRapiGetError	2.0	2.0 and later	Rapi.h		1
CeRapiInit	2.0	2.0 and later	Rapi.h		1
CeRapiInitEx	2.0	2.0 and later	Rapi.h		1
CeRapiInvoke	2.0	2.0 and later	Rapi.h		1
CeRapiUninit	2.0	2.0 and later	Rapi.h		1
CeReadFile	2.0	2.0 and later	Rapi.h		1
CeReadRecordProps	1.01	1.01 and later	Rapi.h		1
CeReadRecordProps	2.10	2.10 and later	Windbase.h	Fsdbase.lib	1
CeReadRecordPropsEx	2.10	2.10 and later	Windbase.h	Fsdbase.lib	1
CeReadRecordPropsEx	2.10	2.10 and later	Rapi.h		1
CERECORDINFO	1.01	1.01 and later	Winbase.h		1
CeRegCloseKey	2.0	2.0 and later	Rapi.h		1
CeRegCreateKeyEx	2.0	2.0 and later	Rapi.h		1
CeRegDeleteKey	2.0	2.0 and later	Rapi.h		1
CeRegDeleteValue	2.0	2.0 and later	Rapi.h		1
CeRegEnumKeyEx	2.0	2.0 and later	Rapi.h		1
CeRegEnumValue	2.0	2.0 and later	Rapi.h		1
CeRegisterReplNotification	3.0	3.0 and later	Windbase.h	coredll.lib	1
CeRegOpenKeyEx	2.0	2.0 and later	Rapi.h		1
CeRegQueryInfoKey	2.0	2.0 and later	Rapi.h		1
CeRegQueryValueEx	2.0	2.0 and later	Rapi.h		1
CeRegSetValueEx	2.0	2.0 and later	Rapi.h		1
CeRemoveDirectory	2.0	2.0 and later	Rapi.h		1
CeResyncFilesys	3.0	3.0 and later	Winbase.h	Device.lib	1
CERT_ACCESS_DESCRIPTION	3.0	3.0 or later	Wincrypt.h		1
CERT_ALT_NAME_ENTRY	3.0	3.0 or later	Wincrypt.h		1
CERT_ALT_NAME_INFO	3.0	3.0 or later	Wincrypt.h		1
CERT_AUTHORITY_INFO_ACCESS	3.0	3.0 or later	Wincrypt.h		1
CERT_AUTHORITY_KEY_ID2_INFO	3.0	3.0 or later	Wincrypt.h		1
CERT_AUTHORITY_KEY_ID_INFO	3.0	3.0 or later	Wincrypt.h		1
CERT_BASIC_CONSTRAINTS2_INFO	3.0	3.0 or later	Wincrypt.h		1
CERT_BASIC_CONSTRAINTS_INFO	3.0	3.0 or later	Wincrypt.h		1
CERT_CHAIN_CONTEXT	3.0	3.0 or later	Wincrypt.h		1
CERT_CHAIN_ELEMENT	3.0	3.0 or later	Wincrypt.h		1
CERT_CHAIN_ENGINE_CONFIG	3.0	3.0 or later	Wincrypt.h		1
CERT_CHAIN_PARA	3.0	3.0 or later	Wincrypt.h		1
CERT_CONTEXT	3.0	3.0 or later	Wincrypt.h		1
CERT_EXTENSION	3.0	3.0 or later	Wincrypt.h		1
CERT_ID	3.0	3.0 or later	Wincrypt.h		1
CERT_INFO	3.0	3.0 or later	Wincrypt.h		1
CERT_ISSUER_SERIAL_NUMBER	3.0	3.0 or later	Wincrypt.h		1
CERT_KEY_ATTRIBUTES_INFO	3.0	3.0 or later	Wincrypt.h		1
CERT_KEY_CONTEXT	3.0	3.0 or later	Wincrypt.h		1
CERT_KEY_USAGE_RESTRICTION_INFO	3.0	3.0 or later	Wincrypt.h		1
CERT_KEYGEN_REQUEST_INFO	3.0	3.0 or later	Wincrypt.h		1
CERT_NAME_INFO	3.0	3.0 or later	Wincrypt.h		1
CERT_POLICIES_INFO	3.0	3.0 or later	Wincrypt.h		1
CERT_POLICY_ID	3.0	3.0 or later	Wincrypt.h		1
CERT_POLICY_INFO	3.0	3.0 or later	Wincrypt.h		1
CERT_POLICY_QUALIFIER_INFO	3.0	3.0 or later	Wincrypt.h		1
CERT_PRIVATE_KEY_VALIDITY	3.0	3.0 or later	Wincrypt.h		1
CERT_PUBLIC_KEY_INFO	3.0	3.0 or later	Wincrypt.h		1
CERT_RDN	3.0	3.0 or later	Wincrypt.h		1
CERT_RDN_ATTR	3.0	3.0 or later	Wincrypt.h		1
CERT_REQUEST_INFO	3.0	3.0 or later	Wincrypt.h		1
CERT_SIGNED_CONTENT_INFO	3.0	3.0 or later	Wincrypt.h		1
CERT_SIMPLE_CHAIN	3.0	3.0 or later	Wincrypt.h		1
CERT_SYSTEM_STORE_INFO	3.0	3.0 or later	Wincrypt.h		1
CERT_SYSTEM_STORE_RELOCATE_PARA	3.0	3.0 or later	Wincrypt.h		1
CERT_TRUST_LIST_INFO	3.0	3.0 or later	Wincrypt.h		1
CERT_TRUST_STATUS	3.0	3.0 or later	Wincrypt.h		1
CERT_USAGE_MATCH	3.0	3.0 or later	Wincrypt.h		1
CertAddCertificateContextToStore	3.0	3.0 or later	Wincrypt.h	Crypt32.lib	1
CertAddCertificateLinkToStore	3.0	3.0 or later	Wincrypt.h	Crypt32.lib	1
CertAddEncodedCertificateToStore	3.0	3.0 or later	Wincrypt.h	Crypt32.lib	1
CertAddEnhancedKeyUsageIdentifier	3.0	3.0 or later	Wincrypt.h	Crypt32.lib	1
CertAddSerializedElementToStore	3.0	3.0 or later	Wincrypt.h	Crypt32.lib	1
CertAlgIdToOID	3.0	3.0 or later	Wincrypt.h	Crypt32.lib	1
CertCloseStore	3.0	3.0 or later	Wincrypt.h	Crypt32.lib	1
CertCompareCertificate	3.0	3.0 or later	Wincrypt.h	Crypt32.lib	1
CertCompareCertificateName	3.0	3.0 or later	Wincrypt.h	Crypt32.lib	1
CertCompareIntegerBlob	3.0	3.0 or later	Wincrypt.h	Crypt32.lib	1
CertComparePublicKeyInfo	3.0	3.0 or later	Wincrypt.h	Crypt32.lib	1
CertControlStore	3.0	3.0 or later	Wincrypt.h	Crypt32.lib	1
CertCreateCertificateContext	3.0	3.0 or later	Wincrypt.h	Crypt32.lib	1
CertDeleteCertificateFromStore	3.0	3.0 or later	Wincrypt.h	Crypt32.lib	1
CertDuplicateCertificateChain	3.0	3.0 or later	Wincrypt.h	Crypt32.lib	1
CertDuplicateCertificateContext	3.0	3.0 or later	Wincrypt.h	Crypt32.lib	1
CertDuplicateStore	3.0	3.0 or later	Wincrypt.h	Crypt32.lib	1
CertEnumCertificatesInStore	3.0	3.0 or later	Wincrypt.h	Crypt32.lib	1
CertEnumSystemStore	3.0	3.0 or later	Wincrypt.h	Crypt32.lib	1
CertEnumSystemStoreLocation	3.0	3.0 or later	Wincrypt.h	Crypt32.lib	1
CertFindAttribute	3.0	3.0 or later	Wincrypt.h	Crypt32.lib	1
CertFindCertificateInStore	3.0	3.0 or later	Wincrypt.h	Crypt32.lib	1
CertFindExtension	3.0	3.0 or later	Wincrypt.h	Crypt32.lib	1
CertFindRDNAttr	3.0	3.0 or later	Wincrypt.h	Crypt32.lib	1
CertFreeCertificateChain	3.0	3.0 or later	Wincrypt.h	Crypt32.lib	1
CertFreeCertificateContext	3.0	3.0 or later	Wincrypt.h	Crypt32.lib	1
CertGetCertificateChain	3.0	3.0 or later	Wincrypt.h	Crypt32.lib	1
CertGetCertificateContextProperty	3.0	3.0 or later	Wincrypt.h	Crypt32.lib	1
CertGetEnhancedKeyUsage	3.0	3.0 or later	Wincrypt.h	Crypt32.lib	1
CertGetIntendedKeyUsage	3.0	3.0 or later	Wincrypt.h	Crypt32.lib	1
CertGetIssuerCertificateFromStore	3.0	3.0 or later	Wincrypt.h	Crypt32.lib	1
CertGetNameString	3.0	3.0 or later	Wincrypt.h	Crypt32.lib	1
CertGetPublicKeyLength	3.0	3.0 or later	Wincrypt.h	Crypt32.lib	1
CertGetStoreProperty	3.0	3.0 or later	Wincrypt.h	Crypt32.lib	1
CertGetSubjectCertificateFromStore	3.0	3.0 or later	Wincrypt.h	Crypt32.lib	1
CertifyModule	2.10	2.10 and later			0
CertifyModuleFinal	2.10	2.10 and later			0
CertifyModuleInit	2.10	2.10 and later			0
CertIsRDNAttrsInCertificateName	3.0	3.0 or later	Wincrypt.h	Crypt32.lib	1
CertNameToStr	3.0	3.0 or later	Wincrypt.h	Crypt32.lib	1
CertOIDToAlgId	3.0	3.0 or later	Wincrypt.h	Crypt32.lib	1
CertOpenStore	3.0	3.0 or later	Wincrypt.h	Crypt32.lib	1
CertRDNValueToStr	3.0	3.0 or later	Wincrypt.h	Crypt32.lib	1
CertRemoveEnhancedKeyUsageIdentifier	3.0	3.0 or later	Wincrypt.h	Crypt32.lib	1
CertSaveStore	3.0	3.0 or later	Wincrypt.h	Crypt32.lib	1
CertSerializeCertificateStoreElement	3.0	3.0 or later	Wincrypt.h	Crypt32.lib	1
CertSetCertificateContextProperty	3.0	3.0 or later	Wincrypt.h	Crypt32.lib	1
CertSetEnhancedKeyUsage	3.0	3.0 or later	Wincrypt.h	Crypt32.lib	1
CertSetStoreProperty	3.0	3.0 or later	Wincrypt.h	Crypt32.lib	1
CertStrToName	3.0	3.0 or later	Wincrypt.h	Crypt32.lib	1
CertVerifySubjectCertificateContext	3.0	3.0 or later	Wincrypt.h	Crypt32.lib	1
CertVerifyTimeValidity	3.0	3.0 or later	Wincrypt.h	Crypt32.lib	1
CertVerifyValidityNesting	3.0	3.0 or later	Wincrypt.h	Crypt32.lib	1
CeRunAppAtEvent	1.01	1.01 and later	Notify.h	Notify.lib	1
CeSeekDatabase	1.01	1.01 and later	Windbase.h	Fsdbase.lib	1
CeSeekDatabase	1.01	1.01 and later	Rapi.h		1
CeSetDatabaseInfo	1.01	1.01 and later	Windbase.h	Fsdbase.lib	1
CeSetDatabaseInfo	1.01	1.01 and later	Rapi.h		1
CeSetDatabaseInfoEx	2.10	2.10 and later	Windbase.h	Fsdbase.lib	1
CeSetDatabaseInfoEx	2.10	2.10 and later	Rapi.h		1
CeSetEndOfFile	2.0	2.0 and later	Rapi.h		1
CeSetFileAttributes	2.0	2.0 and later	Rapi.h		1
CeSetFilePointer	2.0	2.0 and later	Rapi.h		1
CeSetFileTime	2.0	2.0 and later	Rapi.h		1
CeSetReplChangeBitsEx	3.0	3.0 and later	Windbase.h	coredll.lib	1
CeSetReplChangeMask	3.0	3.0 and later	Windbase.h	coredll.lib	1
CeSetReplOtherBitsEx	3.0	3.0 and later	Windbase.h	coredll.lib	1
CeSetThreadPriority	3.0	3.0 and later	Windbase.h	Nk.lib	1
CeSetThreadQuantum	3.0	3.0 and later	Windbase.h	Nk.lib	1
CeSetUserNotification	1.01	1.01 and later	Notify.h	Notify.lib	1
CeSetUserNotificationEx	2.12	2.12 and later	Notify.h	Notify.lib	1
CeSHCreateShortcut	2.0	2.0 and later	Rapi.h		1
CeSHGetShortcutTarget	2.0	2.0 and later	Rapi.h		1
CeUnmountDBVol	2.10	2.10 and later	Windbase.h	Fsdbase.lib	1
CeUnmountDBVol	2.12	2.12 and later	Rapi.h		1
CEVALUNION	1.01	1.01 and later	Winbase.h		1
CeWriteFile	2.0	2.0 and later	Rapi.h		1
CeWriteRecordProps	1.01	1.01 and later	Windbase.h	Fsdbase.lib	1
CeWriteRecordProps	1.01	1.01 and later	Rapi.h		1
CFF_CONVERTINFO	2.0	2.0 and later	Replfilt.h		1
CFF_CONVERTOPTIONS	2.0	2.0 and later	Replfilt.h		1
CFF_DESTINATIONFILE	2.0	2.0 and later	Replfilt.h		1
CFF_SOURCEFILE	2.0	2.0 and later	Replfilt.h		1
CharLower	1.0	1.0 and later	Winbase.h	Coreloc.lib	1
CharLowerBuff	1.0	1.0 and later	Winbase.h	Coreloc.lib	1
CharNext	1.0	1.0 and later	Winbase.h	Coreloc.lib, Locusa.lib	1
CharPrev	1.01	1.01 and later	Winbase.h	Coreloc.lib	1
CHARSETINFO	2.11	2.11 and later	Wingdi.h		1
CharUpper	1.0	1.0 and later	Winbase.h	Coreloc.lib	1
CharUpperBuff	1.0	1.0 and later	Winbase.h	Coreloc.lib	1
CHECK_INVALIDGUID	2.10	2.10 and later	Windbase.h		1
CHECK_SYSTEMGUID	2.10	2.10 and later	Windbase.h	Fsdbase.lib	1
CheckMenuItem	1.0	1.0 and later	Winuser.h	Menu.lib	1
CheckMenuRadioItem	1.0	1.0 and later	Winuser.h	Menu.lib	1
CheckPassword	1.01	1.01 and later	Winbase.h	Coredll.lib, Fspass.lib	1
CheckPassword	2.10	2.10 and later	Windbase.h		1
CheckRadioButton	1.0	1.0 and later	Winuser.h	Dlgmgr.lib	1
ChildWindowFromPoint	1.0	1.0 and later	Winuser.h		1
CHOOSECOLOR	2.0	2.0 and later	Commdlg.h		1
ChooseColor	2.0	2.0 and later	Commdlg.h	Commdlg.lib	1
ClearCommBreak	1.0	1.0 and later	Winbase.h	Serdev.lib	1
ClearCommError	1.0	1.0 and later	Winbase.h	Serdev.lib	1
ClearFeature	2.10	2.10 and later			0
CLIENT_CALLBACK	1.0	1.0 and later			1
ClientToScreen	1.0	1.0 and later	Winuser.h	Coredll.lib, Winmgr.lib	1
ClipCursor	1.0	1.0 and later	Winuser.h	Cursor.lib, Mcursor.lib	1
CloseClipboard	1.0	1.0 and later	Winuser.h	Clipbd.lib	1
CloseHandle	1.0	1.0 and later	Winbase.h	Coredll.lib	1
ClosePipe	2.10	2.10 and later			0
CloseToolhelp32Snapshot	2.0	2.0 and later	Tlhelp32.h		1
CloseTransfer	2.10	2.10 and later			0
CLSIDFromProgID	2.10	2.10 and later	Objbase.h		1
CLSIDFromString	2.0	2.0 and later	Objbase.h		1
CoAddRefServerProcess	3.0	3.0 and later	Objbase.h	Ole232.lib	1
COAUTHINFO	2.0	2.0 and later	Wtypes.h		1
CoBuildVersion	3.0	3.0 and later	Objbase.h	Ole232.lib	1
CoCopyProxy	3.0	3.0 and later	Objbase.h	Ole232.lib	1
CoCreateFreeThreadedMarshaler	3.0	3.0 and later	Objbase.h	Ole232.lib	1
CoCreateGuid	3.0	3.0 and later	Objbase.h	Ole232.lib	1
CoCreateInstance	2.0	2.0 and later	Objbase.h		1
CoCreateInstanceEx	3.0	3.0 and later	Objbase.h	Ole232.lib	1
CoDisconnectObject	3.0	3.0 and later	Objbase.h	Ole232.lib	1
CoFileTimeNow	3.0	3.0 and later	Objbase.h	Ole232.lib	1
CoFreeAllLibraries	3.0	3.0 and later	Objbase.h	Ole232.lib	1
CoFreeLibrary	2.0	2.0 and later	Objbase.h		1
CoFreeUnusedLibraries	2.0	2.0 and later	Objbase.h		1
CoGetCallContext	3.0	3.0 and later	Objbase.h	Ole232.lib	1
CoGetClassObject	2.0	2.0 and later	Objbase.h		1
CoGetCurrentProcess	3.0	3.0 and later	Objbase.h	Ole232.lib	1
CoGetInstanceFromFile	3.0	3.0 and later	Objbase.h	Ole232.lib	1
CoGetInstanceFromIStorage	3.0	3.0 and later	Objbase.h	Ole232.lib	1
CoGetInterfaceAndReleaseStream	3.0	3.0 and later	Objbase.h	Ole232.lib	1
CoGetMalloc	3.0	3.0 and later	Objbase.h	Ole232.lib	1
CoGetMarshalSizeMax	3.0	3.0 and later	Objbase.h	Ole232.lib	1
CoGetObject	3.0	3.0 and later	Objbase.h	Ole232.lib	1
CoGetPSClsid	3.0	3.0 and later	Objbase.h	Ole232.lib	1
CoGetStandardMarshal	3.0	3.0 and later	Objbase.h	Ole232.lib	1
CoGetTreatAsClass	3.0	3.0 and later	Objbase.h	Ole232.lib	1
CoImpersonateClient	3.0	3.0 and later	Objbase.h	Ole232.lib	1
CoInitialize	3.0	3.0 and later	Objbase.h	Ole232.lib	1
CoInitializeEx	2.0	2.0 and later	Objbase.h		1
CoInitializeSecurity	3.0	3.0 and later	Objbase.h	Ole232.lib	1
CoIsHandlerConnected	3.0	3.0 and later	Objbase.h	Ole232.lib	1
CoIsOle1Class	3.0	3.0 and later	Objbase.h	Ole232.lib	1
CoLoadLibrary	2.0	2.0 and later	Objbase.h		1
CoLockObjectExternal	3.0	3.0 and later	Objbase.h	Ole232.lib	1
COLORREF	1.0	1.0 and later	Windef.h		1
COM_Close	1.0	1.0 and later	Mdd.c		1
COM_Deinit	1.0	1.0 and later	Mdd.c		1
COM_Init	1.0	1.0 and later	Mdd.c		1
COM_IOControl	1.0	1.0 and later	Mdd.c		1
COM_Open	1.0	1.0 and later	Mdd.c		1
COM_PowerDown	1.0	1.0 and later	Mdd.c		1
COM_PowerUp	1.0	1.0 and later	Mdd.c		1
COM_Read	1.0	1.0 and later	Mdd.c		1
COM_Write	1.0	1.0 and later	Mdd.c		1
CoMarshalHresult	3.0	3.0 and later	Objbase.h	Ole232.lib	1
CoMarshalInterface	3.0	3.0 and later	Objbase.h	Ole232.lib	1
CoMarshalInterThreadInterfaceInStream	3.0	3.0 and later	Objbase.h	Ole232.lib	1
CombineRgn	1.0	1.0 and later	Wingdi.h	Mgrgn.lib	1
CommandBands_AddAdornments	2.0	2.0 and later	Commctrl.h	Commctl.lib	1
CommandBands_AddBands	2.0	2.0 and later	Commctrl.h	Commctl.lib	1
CommandBands_Create	2.0	2.0 and later	Commctrl.h	Commctl.lib	1
CommandBands_GetCommandBar	2.0	2.0 and later	Commctrl.h	Commctl.lib	1
CommandBands_GetRestoreInformation	2.0	2.0 and later	Commctrl.h	Commctl.lib	1
CommandBands_Height	2.0	2.0 and later	Commctrl.h	Commctl.lib	1
CommandBands_Show	2.0	2.0 and later	Commctrl.h	Commctl.lib	1
COMMANDBANDSRESTOREINFO	2.10	2.10 and later	Commctrl.h		1
CommandBar_AddAdornments	1.0	1.0 and later	Commctrl.	Commctl.lib	1
CommandBar_AddBitmap	1.0	1.0 and later	Commctrl.	Commctl.lib	1
CommandBar_AddButtons	1.0	1.0 and later	Commctrl.	Commctl.lib	1
CommandBar_AddToolTips	1.0	1.0 and later	Commctrl.	Commctl.lib	1
CommandBar_Create	1.0	1.0 and later	Commctrl.	Commctl.lib	1
CommandBar_Destroy	1.0	1.0 and later	Commctrl.	Commctl.lib	1
CommandBar_DrawMenuBar	1.0	1.0 and later	Commctrl.	Commctl.lib	1
CommandBar_GetMenu	1.0	1.0 and later	Commctrl.	Commctl.lib	1
CommandBar_Height	1.0	1.0 and later	Commctrl.	Commctl.lib	1
CommandBar_InsertButton	1.0	1.0 and later	Commctrl.	Commctl.lib	1
CommandBar_InsertComboBox	1.0	1.0 and later	Commctrl.	Commctl.lib	1
CommandBar_InsertMenubar	1.0	1.0 and later	Commctrl.	Commctl.lib	1
CommandBar_InsertMenubarEx	1.0	1.0 and later	Commctrl.	Commctl.lib	1
CommandBar_IsVisible	1.0	1.0 and later	Commctrl.	Commctl.lib	1
CommandBar_Show	1.0	1.0 and later	Commctrl.	Commctl.lib	1
CommDlgExtendedError	2.0	2.0 and later	Commctrl.h	Commdlg.lib	1
CommitUrlCacheEntry	2.12	2.12 and later	Wininet.h	Wininet.lib	1
COMMPROP	1.0	1.0 and later	Winbase.h		1
COMMTIMEOUTS	1.0	1.0 and later	Winbase.h		1
CompareFileTime	1.0	1.0 and later	Winbase.h		1
CompareString	1.0	1.0 and later	Winnls.h	Coreloc.lib	1
CompareString	2.10	2.10 and later			1
CompleteAuthToken	2.10	2.10 and later	Sspi.h	Schannel.lib	1
COMPOSITIONFORM	2.11	2.11 and later	Wceemul.h		1
COMSTAT	1.0	1.0 and later	Winbase.h		1
CONFINFO	1.0	1.0 and later	Cesync.h		1
connect	1.0	1.0 and later	Winsock.h		1
CONNECTDLGSTRUCT	2.0	2.0 and later	Winnetwk.h		1
ConnectionDialog	2.10	2.10 and later	Netui.h		0
CONTAINING_RECORD	2.0	2.0 and later	Winnt.h		1
CONTEXT	2.0	2.0 and later	Winbase.h		1
ContinueDebugEvent	2.0	2.0 and later	Winbase.h		1
ContrastCmdInputParm	2.12	2.12 and later			1
CONTROLINFO	2.0	2.0 and later	Ocidl.h		1
ConvertDefaultLocale	1.0	1.0 and later	Winnls.h	Coreloc.lib	1
COPYDATASTRUCT	1.0	1.0 and later	Winuser.h		1
CopyFile	1.0	1.0 and later	Winbase.h	Coredll.lib, Fsmain.lib	1
CopyRect	1.0	1.0 and later	Winuser.h	Rectapi.lib	1
CoQueryAuthenticationServices	3.0	3.0 and later	Objbase.h	Ole232.lib	1
CoQueryClientBlanket	3.0	3.0 and later	Objbase.h	Ole232.lib	1
CoQueryProxyBlanket	3.0	3.0 and later	Objbase.h	Ole232.lib	1
CoRegisterClassObject	3.0	3.0 and later	Objbase.h	Ole232.lib	1
CoRegisterMallocSpy	3.0	3.0 and later	Objbase.h	Ole232.lib	1
CoRegisterMessageFilter	3.0	3.0 and later	Objbase.h	Ole232.lib	1
CoRegisterPSClsid	3.0	3.0 and later	Objbase.h	Ole232.lib	1
CoRegisterSurrogate	3.0	3.0 and later	Objbase.h	Ole232.lib	1
CoReleaseMarshalData	3.0	3.0 and later	Objbase.h	Ole232.lib	1
CoReleaseServerProcess	3.0	3.0 and later	Objbase.h	Ole232.lib	1
CoResumeClassObjects	3.0	3.0 and later	Objbase.h	Ole232.lib	1
CoRevertToSelf	3.0	3.0 and later	Objbase.h	Ole232.lib	1
CoRevokeClassObject	3.0	3.0 and later	Objbase.h	Ole232.lib	1
CoRevokeMallocSpy	3.0	3.0 and later	Objbase.h	Ole232.lib	1
COSERVERINFO	2.0	2.0 and later	Wtypes.h		1
CoSetProxyBlanket	3.0	3.0 and later	Objbase.h	Ole232.lib	1
CoSuspendClassObjects	3.0	3.0 and later	Objbase.h	Ole232.lib	1
CoSwitchCallContext	3.0	3.0 and later	Objbase.h	Ole232.lib	1
CoTaskMemAlloc	2.0	2.0 and later			1
CoTaskMemFree	2.0	2.0 and later	Objbase.h		1
CoTaskMemRealloc	2.0	2.0 and later	Objbase.h		1
CoTreatAsClass	3.0	3.0 and later	Objbase.h	Ole232.lib	1
CoUninitialize	2.0	2.0 and later	Objbase.h		1
CoUnmarshalHresult	3.0	3.0 and later	Objbase.h	Ole232.lib	1
CoUnmarshalInterface	3.0	3.0 and later	Objbase.h	Ole232.lib	1
CountClipboardFormats	1.0	1.0 and later	Winuser.h	Clipbd.lib	1
CPINFO	1.0	1.0 and later	Winnls.h		1
CPL_DBLCLK	1.0	1.0 and later	Cpl.h		1
CPL_EXIT	1.0	1.0 and later	Cpl.h		1
CPL_GETCOUNT	1.0	1.0 and later	Cpl.h		1
CPL_INIT	1.0	1.0 and later	Cpl.h		1
CPL_NEWINQUIRE	1.0	1.0 and later	Cpl.h		1
CPL_STOP	1.0	1.0 and later	Cpl.h		1
CPLINFO	1.0	1.0 and later	Cpl.h		1
CREATE_INVALIDGUID	2.10	2.10 and later	Windbase.h	Fsdbase.lib	1
CREATE_PROCESS_DEBUG_INFO	2.0	2.0 and later	Winbase.h		1
CREATE_SYSTEMGUID	2.10	2.10 and later	Windbase.h	Fsdbase.lib	1
CREATE_THREAD_DEBUG_INFO	2.0	2.0 and later	Winbase.h		1
CreateAcceleratorTable	1.0	1.0 and later	Winuser.h	Accel.lib	1
CreateAntiMoniker	3.0	3.0 and later	Objbase.h	Ole232.lib	1
CreateBindCtx	2.10	2.10 and later	Objbase.h		1
CreateBitmap	1.0	1.0 and later	Wingdi.h	Mgbitmap.lib	1
CreateCaret	1.0	1.0 and later	Winuser.h	Caret.lib	1
CreateClassMoniker	3.0	3.0 and later	Objbase.h	Ole232.lib	1
CreateCompatibleBitmap	1.0	1.0 and later	Wingdi.h	Mgbitmap.lib	1
CreateCompatibleDC	1.0	1.0 and later	Wingdi.h	Mgbase.lib	1
CreateCursor	1.0	1.0 and later	Winuser.h	Iconcurs.lib	1
CreateDC	2.0	2.0 and later	Wingdi.h	Mgdc.lib	1
CreateDialog	1.0	1.0 and later	Winuser.h		1
CreateDialogIndirect	1.0	1.0 and later	Winuser.h	Dlgmgr.lib	1
CreateDialogIndirectParam	1.0	1.0 and later	Winuser.h	Dlgmgr.lib	1
CreateDialogParam	1.0	1.0 and later	Winuser.h		1
CreateDIBPatternBrushPt	1.0	1.0 and later	Wingdi.h	Mgdraw.lib	1
CreateDIBSection	1.0	1.0 and later	Wingdi.h	Mgdi_c.lib, Mgdibsec.lib	1
CreateDirectory	1.0	1.0 and later	Winbase.h	Fsmain.lib	1
CreateErrorInfo	2.0	2.0 and later	Oleauto.h		1
CreateEvent	1.0	1.0 and later	Winbase.h	Coredll.lib, Nk.lib	1
CreateFile	1.0	1.0 and later	Winbase.h	Coredll.lib	1
CreateFileForMapping	1.01	1.01 and later	Winbase.h	Coredll.lib, Nk.lib	1
CreateFileMapping	1.01	1.01 and later	Winbase.h	Coredll.lib, Nk.lib	1
CreateFileMoniker	3.0	3.0 and later	Objbase.h	Ole232.lib	1
CreateFontIndirect	1.0	1.0 and later	Wingdi.h	Mgrast.lib, Mgtt.lib	1
CreateGenericComposite	3.0	3.0 and later	Objbase.h	Ole232.lib	1
CreateHandler	3.0	3.0 and later	Natedit.h	Coredll.dll	1
CreateIconIndirect	1.0	1.0 and later	Winuser.h	Icon.lib	1
CreateIpForwardEntry	3.0	3.0 and later	Iphlpapi.h	Iphlpapi.lib	1
CreateIpNetEntry	3.0	3.0 and later	Iphlpapi.h	Iphlpapi.lib	1
CreateItemMoniker	3.0	3.0 and later	Objbase.h	Ole232.lib	1
CreateMenu	1.0	1.0 and later	Winuser.h	Menu.lib	1
CreateMutex	1.01	1.01 and later	Winbase.h	Coredll.lib, Nk.lib	1
CreateOleAdviseHolder	2.0	2.0 and later	Ole2.h	Ole232.lib	1
CreatePalette	2.0	2.0 and later	Wingdi.h	Mgpal.lib	1
CreatePatternBrush	2.0	2.0 and later	Wingdi.h	Mgdraw.lib	1
CreatePen	2.0	2.0 and later	Wingdi.h	Mgdraw.lib	1
CreatePenIndirect	1.0	1.0 and later	Wingdi.h	Mgdraw.lib	1
CreatePointerMoniker	3.0	3.0 and later	Objbase.h	Ole232.lib	1
CreatePopupMenu	1.0	1.0 and later	Winuser.h	Menu.lib	1
CreateProcess	1.0	1.0 and later	Winbase.h	Coredll.lib, Nk.lib	1
CreatePropertySheetPage	1.0	1.0 and later	Prsht.h		1
CreateProxyArpEntry	3.0	3.0 and later	Iphlpapi.h	Iphlpapi.lib	1
CreateRectRgn	2.0	2.0 and later	Wingdi.h	Mgrgn.lib	1
CreateRectRgnIndirect	1.0	1.0 and later	Wingdi.h	Mgrgn.lib	1
CreateSemaphore	3.0	3.0 and later	Winbase.h	Nk.lib	1
CreateSolidBrush	1.0	1.0 and later	Wingdi.h	Mgdraw.lib	1
CreateStatusWindow	1.0	1.0 and later	Commctrl.h	Commctrl.lib	1
CreateStreamOnHGlobal	2.0	2.0 and later	Ole2.h	Ole232.lib	1
CREATESTRUCT	1.0	1.0 and later	Winuser.h		1
CreateThread	1.01	1.01 and later	Winbase.h	Coredll.lib, Nk.lib	1
CreateTicket	3.0	3.0 and later	Natedit.h	Coredll.dll	1
CreateToolbarEx	2.0	2.0 and later	Commctrl.h		1
CreateTypeLib2	2.0	2.0 and later	Oleauto.h		1
CreateUpDownControl	1.0	1.0 and later	Commctrl.h		1
CreateUrlCacheEntry	2.12	2.12 and later	Wininet.h	Wininet.lib	1
CreateUrlCacheGroup	2.12	2.12 and later	Wininet.h	Wininet.lib	1
CreateWindow	1.0	1.0 and later	Winuser.h		1
CreateWindowEx	1.0	1.0 and later	Winuser.h		1
CRYPT_ALGORITHM_IDENTIFIER	3.0	3.0 or later	Wincrypt.h		1
CRYPT_ATTRIBUTE	3.0	3.0 or later	Wincrypt.h		1
CRYPT_BIT_BLOB	3.0	3.0 or later	Wincrypt.h		1
CRYPT_ENCODE_PARA	3.0	3.0 or later	Wincrypt.h		1
CRYPT_KEY_PROV_INFO	3.0	3.0 or later	Wincrypt.h		1
CRYPT_KEY_PROV_PARAM	3.0	3.0 or later	Wincrypt.h		1
CRYPT_OID_FUNC_ENTRY	3.0	3.0 or later	Wincrypt.h		1
CRYPT_OID_INFO	3.0	3.0 or later	Wincrypt.h		1
CryptAcquireCertificatePrivateKey	3.0	3.0 or later	Wincrypt.h	Crypt32.lib	1
CryptAcquireContext	2.10	2.10 and later	Wincrypt.h	Cryptapi.lib	1
CryptContextAddRef	2.10	2.10 and later	Wincrypt.h	Cryptapi.lib	1
CryptCreateHash	2.10	2.10 and later	Wincrypt.h	Cryptapi.lib	1
CryptCreateKeyIdentifierFromCSP	3.0	3.0 or later	Wincrypt.h	Crypt32.lib	1
CryptDecodeObjectEx	3.0	3.0 or later	Wincrypt.h	Crypt32.lib	1
CryptDecrypt	2.10	2.10 and later	Wincrypt.h	Cryptapi.lib	1
CryptDeriveKey	2.10	2.10 and later	Wincrypt.h	Cryptapi.lib	1
CryptDestroyHash	2.10	2.10 and later	Wincrypt.h	Cryptapi.lib	1
CryptDestroyKey	2.10	2.10 and later	Wincrypt.h	Cryptapi.lib	1
CryptDuplicateHash	2.10	2.10 and later	Wincrypt.h	Cryptapi.lib	1
CryptDuplicateKey	2.10	2.10 and later	Wincrypt.h	Cryptapi.lib	1
CryptEncodeObjectEx	3.0	3.0 or later	Wincrypt.h	Crypt32.lib	1
CryptEncrypt	2.10	2.10 and later	Wincrypt.h	Cryptapi.lib	1
CryptEnumKeyIdentifierProperties	3.0	3.0 or later	Wincrypt.h	Crypt32.lib	1
CryptEnumOIDInfo	3.0	3.0 or later	Wincrypt.h	Crypt32.lib	1
CryptEnumProviders	2.10	2.10 and later	Wincrypt.h	Cryptapi.lib	1
CryptEnumProviderTypes	2.10	2.10 and later	Wincrypt.h	Cryptapi.lib	1
CryptExportKey	2.10	2.10 and later	Wincrypt.h	Cryptapi.lib	1
CryptExportPublicKeyInfoEx	3.0	3.0 or later	Wincrypt.h	Crypt32.lib	1
CryptFindCertificateKeyProvInfo	3.0	3.0 or later	Wincrypt.h	Crypt32.lib	1
CryptFindOIDInfo	3.0	3.0 or later	Wincrypt.h	Crypt32.lib	1
CryptFreeOIDFunctionAddress	3.0	3.0 or later	Wincrypt.h	Crypt32.lib	1
CryptGenKey	2.10	2.10 and later	Wincrypt.h	Cryptapi.lib	1
CryptGenRandom	2.10	2.10 and later	Wincrypt.h	Cryptapi.lib	1
CryptGetDefaultOIDFunctionAddress	3.0	3.0 or later	Wincrypt.h	Crypt32.lib	1
CryptGetDefaultProvider	2.10	2.10 and later	Wincrypt.h	Cryptapi.lib	1
CryptGetHashParam	2.10	2.10 and later	Wincrypt.h	Cryptapi.lib	1
CryptGetKeyIdentifierProperty	3.0	3.0 or later	Wincrypt.h	Crypt32.lib	1
CryptGetKeyParam	2.10	2.10 and later	Wincrypt.h	Cryptapi.lib	1
CryptGetOIDFunctionAddress	3.0	3.0 or later	Wincrypt.h	Crypt32.lib	1
CryptGetProvParam	2.10	2.10 and later	Wincrypt.h	Cryptapi.lib	1
CryptGetUserKey	2.10	2.10 and later	Wincrypt.h	Cryptapi.lib	1
CryptHashCertificate	3.0	3.0 or later	Wincrypt.h	Crypt32.lib	1
CryptHashData	2.10	2.10 and later	Wincrypt.h	Cryptapi.lib	1
CryptHashPublicKeyInfo	3.0	3.0 or later	Wincrypt.h	Crypt32.lib	1
CryptHashSessionKey	2.10	2.10 and later	Wincrypt.h	Cryptapi.lib	1
CryptHashToBeSigned	3.0	3.0 or later	Wincrypt.h	Crypt32.lib	1
CryptImportKey	2.10	2.10 and later	Wincrypt.h	Cryptapi.lib	1
CryptImportPublicKeyInfoEx	3.0	3.0 or later	Wincrypt.h	Crypt32.lib	1
CryptInitOIDFunctionSet	3.0	3.0 or later	Wincrypt.h	Crypt32.lib	1
CryptInstallDefaultContext	3.0	3.0 or later	Wincrypt.h	Crypt32.lib	1
CryptInstallOIDFunctionAddress	3.0	3.0 or later	Wincrypt.h	Crypt32.lib	1
CryptReleaseContext	2.10	2.10 and later	Wincrypt.h	Cryptapi.lib	1
CryptSetHashParam	2.10	2.10 and later	Wincrypt.h	Cryptapi.lib	1
CryptSetKeyIdentifierProperty	3.0	3.0 or later	Wincrypt.h	Crypt32.lib	1
CryptSetKeyParam	2.10	2.10 and later	Wincrypt.h	Cryptapi.lib	1
CryptSetProvider	2.10	2.10 and later	Wincrypt.h	Cryptapi.lib	1
CryptSetProviderEx	2.10	2.10 and later	Wincrypt.h	Cryptapi.lib	1
CryptSetProvParam	2.10	2.10 and later	Wincrypt.h	Cryptapi.lib	1
CryptSignAndEncodeCertificate	3.0	3.0 or later	Wincrypt.h	Crypt32.lib	1
CryptSignCertificate	3.0	3.0 or later	Wincrypt.h	Crypt32.lib	1
CryptSignHash	2.10	2.10 and later	Wincrypt.h	Cryptapi.lib	1
CryptUninstallDefaultContext	3.0	3.0 or later	Wincrypt.h	Crypt32.lib	1
CryptVerifySignature	2.10	2.10 and later	Wincrypt.h	Cryptapi.lib	1
CTL_USAGE	3.0	3.0 or later	Wincrypt.h		1
CurMSec	2.10	2.10 and later	Fwpc.c		0
CURRENCY	2.0	2.0 and later	Oaidl.h		1
CURRENCYFMT	1.0	1.0 and later	Winnls.h		1
curridlehigh	3.0	3.0 and later	Cfwp2.c		0
curridlelow	3.0	3.0 and later	Cfwp2.c		0
CUSTDATA	2.0	2.0 and later	Oaidl.h		1
CUSTDATAITEM	2.0	2.0 and later	Oaidl.h		1
DataHandler	3.0	3.0 and later	Natedit.h	Coredll.dll	1
DateTime_GetMonthCal	1.0	1.0 and later	Commctrl.h	Commctrl.lib	1
DateTime_GetMonthCalColor	2.0	2.0 and later	Commctrl.h	Commctrl.lib	1
DateTime_GetMonthCalFont	2.0	2.0 and later	Commctrl.h	Commctrl.lib	1
DateTime_GetRange	2.0	2.0 and later	Commctrl.h	Commctrl.lib	1
DateTime_GetSystemtime	2.0	2.0 and later	Commctrl.h	Commctrl.lib	1
DateTime_SetFormat	1.0	1.0 and later	Commctrl.h	Commctrl.lib	1
DateTime_SetMonthCalColor	2.0	2.0 and later	Commctrl.h	Commctrl.lib	1
DateTime_SetMonthCalFont	2.0	2.0 and later	Commctrl.h	Commctrl.lib	1
DateTime_SetRange	1.0	1.0 and later	Commctrl.h	Commctrl.lib	1
DateTime_SetSystemtime	2.0	2.0 and later	Commctrl.h	Commctrl.lib	1
DB_CEOID_CHANGED	1.01	1.01 and later	Winbase.h		1
DB_CEOID_RECORD_DELETED	1.01	1.01 and later	Windbase.h		1
DB_PEGOID_CHANGED	1.0	1.0	Windbase.h		1
DB_PEGOID_CREATED	1.0	1.0	Windbase.h		1
DB_PEGOID_RECORD_DELETED	1.0	1.0	Windbase.h		1
DCB	1.0	1.0 and later	Winbase.h		1
DDALPHABLTFX	2.12	2.12 or later. Version 2.12 requires DXPAK 1.0 or later.			1
DDBLTFX	2.12	2.12 or later. Version 2.12 requires DXPAK 1.0 or later.			1
DDCAPS	2.12	2.12 or later. Version 2.12 requires DXPAK 1.0 or later.			1
DDCOLORCONTROL	2.12	2.12 or later. Version 2.12 requires DXPAK 1.0 or later.			1
DDCOLORKEY	2.12	2.12 or later. Version 2.12 requires DXPAK 1.0 or later.			1
DDEnumCallback	2.12	2.12 or later. Version 2.12 requires DXPAK 1.0 or later.		user-defined	1
DDEnumCallbackEx	2.12	2.12 or later. Version 2.12 requires DXPAK 1.0 or later.		user-defined	1
DDOVERLAYFX	2.12	2.12 or later. Version 2.12 requires DXPAK 1.0 or later.			1
DDPIXELFORMAT	2.12	2.12 or later. Version 2.12 requires DXPAK 1.0 or later.			1
DDSCAPS	2.12	2.12 or later. Version 2.12 requires DXPAK 1.0 or later.			1
DDSCAPS2	2.12	2.12 or later. Version 2.12 requires DXPAK 1.0 or later.			1
DDSCAPSEX	2.12	2.12 or later. Version 2.12 requires DXPAK 1.0 or later.			1
DdsiTouchPanelDisable	1.0	1.0 and later			1
DdsiTouchPanelEnable	1.0	1.0 and later			1
DdsiTouchPanelGetDeviceCaps	1.0	1.0 and later			1
DdsiTouchPanelGetPoint	1.0	1.0 and later			1
DdsiTouchPanelPowerHandler	1.0	1.0 and later			1
DdsiTouchPanelSetMode	1.0	1.0 and later			1
DDSURFACEDESC	2.12	2.12 or later. Version 2.12 requires DXPAK 1.0 or later.			1
DDSURFACEDESC2	2.12	2.12 or later. Version 2.12 requires DXPAK 1.0 or later.			1
DDVIDEOPORTBANDWIDTH	2.12	2.12 or later. Version 2.12 requires DXPAK 1.0 or later.			1
DDVIDEOPORTCAPS	2.12	2.12 or later. Version 2.12 requires DXPAK 1.0 or later.			1
DDVIDEOPORTCONNECT	2.12	2.12 or later. Version 2.12 requires DXPAK 1.0 or later.			1
DDVIDEOPORTDESC	2.12	2.12 or later. Version 2.12 requires DXPAK 1.0 or later.			1
DDVIDEOPORTINFO	2.12	2.12 or later. Version 2.12 requires DXPAK 1.0 or later.			1
DDVIDEOPORTSTATUS	2.12	2.12 or later. Version 2.12 requires DXPAK 1.0 or later.			1
DEBUG_EVENT	2.0	2.0 and later	Winbase.h		1
DebugActiveProcess	2.0	2.0 and later	Winbase.h	Coredll.lib, Nk.lib	1
DebugBreak	1.0	1.0 and later	Kfuncs.h		1
DEBUGCHK	2.10	2.10 and later	Dbgapi.h		1
DEBUGLED	2.10	2.10 and later	Dbgapi.h		1
DEBUGMSG	2.10	2.10 and later	Dbgapi.h		1
DEBUGREGISTER	2.10	2.10 and later	Dbgapi.h		1
DEBUGZONE	2.10	2.10 and later	Dbgapi.h		1
DefDlgProc	1.0	1.0 and later	Winuser.h	Dlgmgr.lib	1
DeferWindowPos	2.10	2.10 and later	Winuser.h		1
DefWindowProc	1.0	1.0 and later	Winuser.h		1
DeleteAndRenameFile	1.01	1.01 and later	Winbase.h	Coredll.lib, Fsmain.lib	1
DeleteCriticalSection	1.0	1.0 and later	Winbase.h	Coremain.lib	1
DeleteDC	1.0	1.0 and later	Wingdi.h	Mgbase.lib	1
DeleteFile	1.0	1.0 and later	Winbase.h	Coredll.lib, Fsmain.lib	1
DeleteHandler	3.0	3.0 and later	Natedit.h	Coredll.dll	1
DeleteIPAddress	3.0	3.0 and later	Iphlpapi.h	Iphlpapi.lib	1
DeleteIpForwardEntry	3.0	3.0 and later	Iphlpapi.h	Iphlpapi.lib	1
DeleteIpNetEntry	3.0	3.0 and later	Iphlpapi.h	Iphlpapi.lib	1
DELETEITEMSTRUCT	1.0	1.0 and later	Winuser.h		1
DeleteMenu	1.0	1.0 and later	Winuser.h	Menu.lib	1
DeleteObject	1.0	1.0 and later	Wingdi.h	Mgbase.lib	1
DeleteProxyArpEntry	3.0	3.0 and later	Iphlpapi.h	Iphlpapi.lib	1
DeleteSecurityContext	2.10	2.10 and later	Sspi.h	Schannel.lib	1
DeleteTicket	3.0	3.0 and later	Natedit.h	Coredll.dll	1
DeleteUrlCacheEntry	2.12	2.12 and later	Wininet.h	Wininet.lib	1
DeleteUrlCacheGroup	2.12	2.12 and later	Wininet.h	Wininet.lib	1
DeregisterDevice	1.0	1.0 and later	Winbase.h	Coredll.lib	1
DeregisterDevice	1.0	1.0 and later			1
DESCKIND	2.0	2.0 and later	Oaidl.h		1
DestroyAcceleratorTable	1.0	1.0 and later	Winuser.h	Accel.lib	1
DestroyCaret	1.0	1.0 and later	Winuser.h	Caret.lib	1
DestroyCursor	1.0	1.0 and later	Winuser.h	Iconcurs.lib	1
DestroyIcon	1.0	1.0 and later	Winuser.h	Icon.lib	1
DestroyMenu	1.0	1.0 and later	Winuser.h	Menu.lib	1
DestroyPropertySheetPage	1.0	1.0 and later	Prsht.h		1
DestroyWindow	1.0	1.0 and later	Winuser.h		1
DEVICE_ID	2.10	2.10 and later	Pkfuncs.h		0
DEVICE_LIST	1.0	1.0 and later	Serhw.h		1
DeviceIoControl	1.0	1.0 and later	Winbase.h	Coredll.lib, Fsmain.lib	1
DEVINFO	1.0	1.0 and later	Cesync.h		1
DEVMODE	2.0	2.0 and later	Wingdi.h		1
DEVNAMES	2.10	2.10 and later	Commdlg.h		1
DialogBox	1.0	1.0 and later	Winuser.h		1
DialogBoxIndirect	1.0	1.0 and later	Winuser.h		1
DialogBoxIndirectParam	1.0	1.0 and later	Winuser.h	Dlgmgr.lib	1
DialogBoxParam	1.0	1.0 and later	Winuser.h		1
DialogProc	1.0	1.0 and later			1
DIBSECTION	2.0	2.0 and later	Wingdi.h		1
DiffMSec	2.10	2.10 and later	Fwpc.c		0
DirectDrawCreate	2.12	2.12 or later. Version 2.12 requires DXPAK 1.0 or later.		ddraw.lib	1
DirectDrawCreateClipper	2.12	2.12 or later. Version 2.12 requires DXPAK 1.0 or later.		ddraw.lib	1
DirectDrawEnumerate	2.12	2.12 or later. Version 2.12 requires DXPAK 1.0 or later.		ddraw.lib	1
DirectDrawEnumerateEx	2.12	2.12 or later. Version 2.12 requires DXPAK 1.0 or later.		ddraw.lib	1
DirectInputCreate	2.12	2.12 and later	Dinput.h		1
DirectSoundCaptureCreate	2.12	2.12 or later. Version 2.12 requires DXPAK 1.0 or later.	dsound.h	dsound.lib	0
DirectSoundCaptureEnumerate	2.12	2.12 or later. Version 2.12 requires DXPAK 1.0 or later.	dsound.h	dsound.lib	0
DirectSoundCreate	2.12	2.12 or later. Version 2.12 requires DXPAK 1.0 or later.	dsound.h	dsound.lib	0
DirectSoundEnumerate	2.12	2.12 or later. Version 2.12 requires DXPAK 1.0 or later.	dsound.h	dsound.lib	0
DisableThreadLibraryCalls	3.0	3.0 and later	Winbase.h	Nk.lib	1
DisassociateSession	3.0	3.0 and later	Natedit.h	Coredll.dll	1
DISCDLGSTRUCT	2.0	2.0 and later	Winnetwk.h		1
DisconnectDialog	2.10	2.10 and later	Netui.h		0
DISK_IOCTL_FORMAT_MEDIA	2.10	2.10 and later			0
DISK_IOCTL_GETINFO	1.0	1.0 and later			0
DISK_IOCTL_GETNAME	1.0	1.0 and later			0
DISK_IOCTL_READ	1.0	1.0 and later			0
DISK_IOCTL_SETINFO	1.0	1.0 and later			0
DISK_IOCTL_WRITE	1.0	1.0 and later			0
DispatchMessage	1.0	1.0 and later	Winuser.h	Msgque.lib	1
DispGetIDsOfNames	2.0	2.0 and later	Oleauto.h		1
DispGetParam	2.0	2.0 and later	Oleauto.h		1
dispinterface	2.0	2.0 and later			1
DispInvoke	2.0	2.0 and later	Oleauto.h		1
DISPPARAMS	2.0	2.0 and later	Oleauto.h		1
DLGITEMTEMPLATE	1.0	1.0 and later	Winuser.h		1
DLGITEMTEMPLATEEX	2.0	2.0 and later	Wingdi.h		1
DLGTEMPLATE	1.0	1.0 and later	Winuser.h		1
DllCanUnloadNow	2.0	2.0 and later	Objbase.h		1
DllGetClassObject	3.0	3.0 and later	Objbase.h	Ole232.lib	1
DllMain	1.0	1.0 and later	Winbase.h	Coredll.lib, Nk.lib	1
DllRegisterServer	2.0	2.0 and later	Objbase.h		1
DllUnregisterServer	2.0	2.0 and later	Objbase.h		1
DM_GETDEFID	1.0	1.0 and later	Winuser.h		1
DM_SETDEFID	1.0	1.0 and later	Winuser.h		1
DOCINFO	2.0	2.0 and later	Wingdi.h		1
DrawEdge	1.0	1.0 and later	Wingdi.h	Mgdraw.lib	1
DrawFocusRect	1.0	1.0 and later	Wingdi.h	Rectapi.lib, Mgdraw.lib	1
DrawFrameControl	2.0	2.0 and later	Winuser.h	Nclient.lib	1
DrawIcon	1.0	1.0 and later	Winuser.h	Icon.lib	1
DrawIconEx	1.0	1.0 and later	Winuser.h	Icon.lib	1
DRAWITEMSTRUCT	1.0	1.0 and later	Winuser.h		1
DrawMenuBar	2.0	2.0 and later	Winuser.h	Drawmbar.lib. Menu.lib	1
DrawStatusText	1.0	1.0 and later	Commctrl.h	Commctrl.lib	1
DrawText	1.0	1.0 and later	Winuser.h	Mgdrwtxt.lib	1
DriverEntry	2.0	2.0 and later	Ndis.h		1
DrvCopyBits	1.0	1.0 and later			1
DrvDisablePDEV	1.0	1.0 and later			1
DrvDisableSurface	1.0	1.0 and later			1
DrvEnableDriver	1.0	1.0 and later			1
DrvEnablePDEV	1.0	1.0 and later			1
DrvEnableSurface	1.0	1.0 and later			1
DrvEndDoc	1.0	1.0 and later			1
DrvGetModes	1.0	1.0 and later			1
DrvStartDoc	1.0	1.0 and later			1
DrvStartPage	1.0	1.0 and later			1
DSBCAPS	2.12	2.12 or later. Version 2.12 requires DXPAK 1.0 or later.	dsound.h		0
DSBPOSITIONNOTIFY	2.12	2.12 or later. Version 2.12 requires DXPAK 1.0 or later.	dsound.h		0
DSBUFFERDESC	2.12	2.12 or later. Version 2.12 requires DXPAK 1.0 or later.	dsound.h		0
DSCAPS	2.12	2.12 or later. Version 2.12 requires DXPAK 1.0 or later.	dsound.h		0
DSCBCAPS	2.12	2.12 or later. Version 2.12 requires DXPAK 1.0 or later.	dsound.h		0
DSCBUFFERDESC	2.12	2.12 or later. Version 2.12 requires DXPAK 1.0 or later.	dsound.h		0
DSCCAPS	2.12	2.12 or later. Version 2.12 requires DXPAK 1.0 or later.	dsound.h		0
DSEnumCallback	2.12	2.12 or later. Version 2.12 requires DXPAK 1.0 or later.	dsound.h	dsound.lib	0
DSK_Close	1.0	1.0 and later			0
DSK_Deinit	1.0	1.0 and later			0
DSK_Init	1.0	1.0 and later			0
DSK_IOControl	1.0	1.0 and later			0
DSK_Open	1.0	1.0 and later			0
DSK_PowerDown	1.0	1.0 and later			0
DSK_PowerUp	1.0	1.0 and later			0
DTM_ADDTEXT	1.0	1.0 and later	Htmlctrl.h		0
DTM_ADDTEXTW	1.0	1.0 and later	Htmlctrl.h		0
DTM_ANCHOR	1.0	1.0 and later	Htmlctrl.h		0
DTM_ANCHORW	1.0	1.0 and later	Htmlctrl.h		0
DTM_ENABLESHRINK	1.0	1.0 and later	Htmlctrl.h		0
DTM_ENDOFSOURCE	1.0	1.0 and later	Htmlctrl.h		0
DTM_GETMCCOLOR	2.0	2.0 and later	Commctrl.h		1
DTM_GETMCFONT	2.0	2.0 and later	Commctrl.h		1
DTM_GETMONTHCAL	2.0	2.0 and later	Commctrl.h		1
DTM_GETRANGE	2.0	2.0 and later	Commctrl.h		1
DTM_GETSYSTEMTIME	2.0	2.0 and later	Commctrl.h		1
DTM_IMAGEFAIL	1.0	1.0 and later	Htmlctrl.h		0
DTM_SELECTALL	1.0	1.0 and later	Htmlctrl.h		0
DTM_SETFORMAT	2.0	2.0 and later	Commctrl.h		1
DTM_SETIMAGE	1.0	1.0 and later	Htmlctrl.h		0
DTM_SETMCCOLOR	2.0	2.0 and later	Commctrl.h		1
DTM_SETMCFONT	2.0	2.0 and later	Commctrl.h		1
DTM_SETRANGE	2.0	2.0 and later	Commctrl.h		1
DTM_SETSYSTEMTIME	2.0	2.0 and later	Commctrl.h		1
DTN_CLOSEUP	2.0	2.0 and later	Commctrl.h		1
DTN_DATETIMECHANGE	2.0	2.0 and later	Commctrl.h		1
DTN_DROPDOWN	2.0	2.0 and later	Commctrl.h		1
DTN_FORMAT	2.0	2.0 and later	Commctrl.h		1
DTN_FORMATQUERY	2.0	2.0 and later	Commctrl.h		1
DTN_USERSTRING	2.0	2.0 and later	Commctrl.h		1
DTN_WMKEYDOWN	2.0	2.0 and later	Commctrl.h		1
DVASPECT	2.0	2.0 and later	Wtypes.h		1
DVEXTENTINFO	2.0	2.0 and later	Ocidl.h		1
DVTARGETDEVICE	2.0	2.0 and later	Objidl.h		1
dwCeLogFlushTimeout	3.0	3.0 and later	Celog.h		1
dwCeLogLargeBuf	3.0	3.0 and later	Celog.h		1
dwCeLogSmallBuf	3.0	3.0 and later	Celog.h		1
dwCeLogTLBMiss	3.0	3.0 and later			0
dwPartialDiffMSec	3.0	3.0 and later			0
dwPreempt	3.0	3.0 and later	Fwpc.c		0
dwSleepMin	3.0	3.0 and later	Fwpc.c		0
EDBG_ADAPTER	2.10	2.10 and later	Halether.h		0
EDBG_ADDR	2.10	2.10 and later	Halether.h		0
EDBG_BOOT_CALLBACK_FUNC	2.10	2.10 and later	Ethdbg.h		0
EDBG_BOOTME_DATA	2.10	2.10 and later	Ethdbg.h		0
EdbgCancelRegisterClient	2.10	2.10 and later	Client.c		0
EdbgDeregisterBootCallback	2.10	2.10 and later	Ethdbg.h	Edbg.dll	0
EdbgDeregisterClient	2.10	2.10 and later	Ethdbg.h	Ethdbg.lib, Ethdbg.dll	0
EdbgGetDeviceInfo	2.10	2.10 and later	Ethdbg.h	Edbg.dll	0
EdbgInit	2.10	2.10 and later	halether.h		0
EdbgOutputDebugString	2.10	2.10 and later	Halether.h		0
EdbgRecv	2.10	2.10 and later	Ethdbg.h	Ethdbg.lib	0
EdbgRegisterBootCallback	2.10	2.10 and later	Ethdbg.h	Edbg.dll	0
EdbgRegisterClient	2.10	2.10 and later	Ethdbg.h	Edbg.dll	0
EdbgRegisterClient	2.10	2.10 and later	Ethdbg.h	Ethdbg.lib	0
EdbgResetDevice	2.10	2.10 and later	Ethdbg.h		0
EdbgSend	2.10	2.10 and later	Ethdbg.h	Ethdbg.lib, Edbg.dll	0
EdbgSendUDP	2.10	2.10 and later	Halether.h		0
EdbgSetDebug	2.10	2.10 and later	Ethdbg.h	Ethdbg.dll	0
EdbgSetDebug	2.10	2.10 and later	Ethdbg.h	Ethdbg.lib	0
EditorDeregister	3.0	3.0 and later	Natedit.h	Coredll.dll	1
EditorInitialize	3.0	3.0 and later	Natedit.h	Coredll.dll	1
EditSession	3.0	3.0 and later	Natedit.h	Coredll.dll	1
ELEMDESC	2.0	2.0 and later	Oaidl.h		1
Ellipse	1.0	1.0 and later	Wingdi.h	Mgdraw.lib	1
EM_CANUNDO	1.0	1.0 and later	Winuser.h		1
EM_CHARFROMPOS	1.0	1.0 and later	Winuser.h		1
EM_EMPTYUNDOBUFFER	1.0	1.0 and later	Winuser.h		1
EM_FMTLINES	1.0	1.0 and later	Winuser.h		1
EM_GETFIRSTVISIBLELINE	1.0	1.0 and later	Winuser.h		1
EM_GETLIMITTEXT	1.0	1.0 and later	Winuser.h		1
EM_GETLINE	1.0	1.0 and later	Winuser.h		1
EM_GETLINECOUNT	1.0	1.0 and later	Winuser.h		1
EM_GETMARGINS	1.0	1.0 and later	Winuser.h		1
EM_GETMODIFY	1.0	1.0 and later	Winuser.h		1
EM_GETPASSWORDCHAR	1.0	1.0 and later	Winuser.h		1
EM_GETRECT	1.0	1.0 and later	Winuser.h		1
EM_GETSEL	1.0	1.0 and later	Winuser.h		1
EM_LIMITTEXT	1.0	1.0 and later	Winuser.h		1
EM_LINEFROMCHAR	1.0	1.0 and later	Winuser.h		1
EM_LINEINDEX	1.0	1.0 and later	Winuser.h		1
EM_LINELENGTH	1.0	1.0 and later	Winuser.h		1
EM_LINESCROLL	1.0	1.0 and later	Winuser.h		1
EM_POSFROMCHAR	1.0	1.0 and later	Winuser.h		1
EM_REPLACESEL	1.0	1.0 and later	Winuser.h		1
EM_SCROLL	1.0	1.0 and later	Winuser.h		1
EM_SCROLLCARET	1.0	1.0 and later	Winuser.h		1
EM_SETLIMITTEXT	1.0	1.0 and later	Winuser.h		1
EM_SETMARGINS	1.0	1.0 and later	Winuser.h		1
EM_SETMODIFY	1.0	1.0 and later	Winuser.h		1
EM_SETPASSWORDCHAR	1.0	1.0 and later	Winuser.h		1
EM_SETREADONLY	1.0	1.0 and later	Winuser.h		1
EM_SETRECT	1.0	1.0 and later	Winuser.h		1
EM_SETRECTNP	1.0	1.0 and later	Winuser.h		1
EM_SETSEL	1.0	1.0 and later	Winuser.h		1
EM_SETTABSTOPS	1.0	1.0 and later	Winuser.h		1
EM_UNDO	1.0	1.0 and later	Winuser.h		1
EmptyClipboard	1.0	1.0 and later	Winuser.h	Clipbd.lib	1
EN_CHANGE	1.0	1.0 and later	Winuser.h		1
EN_ERRSPACE	1.0	1.0 and later	Winuser.h		1
EN_HSCROLL	1.0	1.0 and later	Winuser.h		1
EN_KILLFOCUS	1.0	1.0 and later	Winuser.h		1
EN_MAXTEXT	1.0	1.0 and later	Winuser.h		1
EN_SETFOCUS	1.0	1.0 and later	Winuser.h		1
EN_UPDATE	1.0	1.0 and later	Winuser.h		1
EN_VSCROLL	1.0	1.0 and later	Winuser.h		1
EnableEUDC	2.01	2.01 and later, (Japanese version 1.0 and later)	Wingdi.h	Mgtt.lib	1
EnableHardwareKeyboard	2.0	2.0 and later	Winuser.h	Kbdui.lib	1
EnableMenuItem	1.0	1.0 and later	Winuser.h	Menu.lib	1
EnableWindow	1.0	1.0 and later	Winuser.h	Wmgr_c.lib	1
EndDeferWindowPos	2.10	2.10 and later	Winuser.h		1
EndDialog	1.0	1.0 and later	Winuser.h	Dlgmgr.lib	1
EndDoc	2.0	2.0 and later	Wingdi.h	Mgprint.lib	1
EndPage	2.0	2.0 and later	Wingdi.h	Mgprint.lib	1
EndPaint	1.0	1.0 and later	Winuser.h	Winmgr.lib	1
EnterCriticalSection	1.0	1.0 and later	Winbase.h	Coremain.lib	1
EnumCalendarInfo	1.0	1.0 and later	Winnls.h	Coreloc.lib	1
EnumCalendarInfoProc	1.0	1.0 and later			1
EnumClipboardFormats	1.0	1.0 and later	Winuser.h	Clipbd.lib	1
EnumCodePagesProc	1.0	1.0 and later			1
EnumDateFormats	1.0	1.0 and later	Winnls.h	Coreloc.lib	1
EnumDateFormatsProc	1.0	1.0 and later			1
EnumDevices	1.0	1.0 and later			1
EnumDisplayMonitors	4.0	4.0 and later	Winuser.h	User32.lib	1
EnumerateSecurityPackages	2.10	2.10 and later	Sspi.h	Schannel.lib	1
EnumFontFamilies	1.0	1.0 and later	Wingdi.h	Mgrast2.lib	1
EnumFontFamProc	1.0	1.0 and later	Wingdi.h		1
EnumFonts	1.0	1.0 and later	Wingdi.h	Mgrast2.lib	1
EnumFontsProc	1.0	1.0 and later	Wingdi.h		1
EnumLocalesProc	1.0	1.0 and later			1
ENUMLOGFONT	1.0	1.0 and later	Wingdi.h		1
EnumModesCallback	2.12	2.12 or later. Version 2.12 requires DXPAK 1.0 or later.		user-defined	1
EnumModesCallback2	2.12	2.12 or later. Version 2.12 requires DXPAK 1.0 or later.		user-defined	1
EnumPnpIds	1.0	1.0 and later			1
EnumRegisterWordProc	2.1	2.1 and later	Imm.h		1
EnumSurfacesCallback	2.12	2.12 or later. Version 2.12 requires DXPAK 1.0 or later.		user-defined	1
EnumSurfacesCallback2	2.12	2.12 or later. Version 2.12 requires DXPAK 1.0 or later.		user-defined	1
EnumSystemCodePages	1.0	1.0 and later	Winnls.h	Coreloc.lib	1
EnumTimeFormats	1.0	1.0 and later	Winnls.h	Coreloc.lib	1
EnumTimeFormatsProc	1.0	1.0 and later			1
EnumVideoCallback	2.12	2.12 or later. Version 2.12 requires DXPAK 1.0 or later.		user-defined	1
EnumWindows	1.0	1.0 and later	Winuser.h		1
EnumWindowsProc	1.0	1.0 and later	Winuser.h		1
EqualRect	1.0	1.0 and later	Winuser.h	Rectapi.lib	1
EqualRgn	1.0	1.0 and later	Wingdi.h	Mgdi_c.lib, Mgrgn.lib	1
ErrorAnalysis	1.0	1.0 and later	Calibrat.c		1
ERRORMSG	2.10	2.10 and later	Dbgapi.h		1
EscapeCommFunction	2.10	2.10 and later	Winbase.h	Serdev.lib	1
ETH_COPY_NETWORK_ADDRESS	2.0	2.0 and later	Efilter.h		1
EthChangeFilterAddresses	2.0	2.0 and later	Ndis.h	Ndislib.lib	0
EthChangeFilterAddresses	2.0	2.0 and later	Ndis.h		0
EthCreateFilter	2.0	2.0 and later	Ndis.h	Ndislib.lib	0
EthCreateFilter	2.0	2.0 and later	Ndis.h		0
EthDeleteFilter	2.0	2.0 and later	Ndis.h	Ndislib.lib	0
EthDeleteFilter	2.0	2.0 and later	Ndis.h		0
EthDeleteFilterOpenAdapter	2.0	2.0 and later	Ndis.h	Ndislib.lib	0
EthDeleteFilterOpenAdapter	2.0	2.0 and later	Ndis.h		0
EthFilterAdjust	2.0	2.0 and later	Ndis.h	Ndislib.lib	0
EthFilterAdjust	2.0	2.0 and later	Ndis.h		0
EthFilterIndicateReceive	2.0	2.0 and later	Ndis.h	Ndislib.lib	0
EthFilterIndicateReceive	2.0	2.0 and later	Ndis.h		0
EthFilterIndicateReceiveComplete	2.0	2.0 and later	Ndis.h	Ndislib.lib	0
EthFilterIndicateReceiveComplete	2.0	2.0 and later	Ndis.h		0
EthNoteFilterOpenAdapter	2.0	2.0 and later	Ndis.h	Ndislib.lib	0
EthNoteFilterOpenAdapter	2.0	2.0 and later	Ndis.h		0
EthNumberOfOpenFilterAddresses	2.0	2.0 and later	Ndis.h	Ndislib.lib	0
EthNumberOfOpenFilterAddresses	2.0	2.0 and later	Ndis.h		0
EthQueryGlobalFilterAddresses	2.0	2.0 and later	Ndis.h	Ndislib.lib	0
EthQueryGlobalFilterAddresses	2.0	2.0 and later	Ndis.h		0
EthQueryOpenFilterAddresses	2.0	2.0 and later	Ndis.h	Ndislib.lib	0
EthQueryOpenFilterAddresses	2.0	2.0 and later	Ndis.h		0
EthShouldAddressLoopBack	2.0	2.0 and later	Ndis.h	Ndislib.lib	0
EthShouldAddressLoopBack	2.0	2.0 and later	Ndis.h		0
EXCEPINFO	2.0	2.0 and later	Oaidl.h		1
EXCEPTION_DEBUG_INFO	2.0	2.0 and later	Winbase.h		1
EXCEPTION_POINTERS	1.0	1.0 and later	Excpt.h		1
EXCEPTION_RECORD	1.0	1.0 and later	Winnt.h		1
ExcludeClipRect	1.0	1.0 and later	Wingdi.h	Mgrgn.lib	1
EXIT_PROCESS_DEBUG_INFO	2.0	2.0 and later	Winbase.h		1
EXIT_THREAD_DEBUG_INFO	2.0	2.0 and later	Winbase.h		1
ExitProcess	2.0	2.0 and later	mkfuncs.h	Coredll.lib,	1
ExitThread	1.0	1.0 and later		Coremain.lib	1
EXTENSION_CONTROL_BLOCK	3.0	3.0 and later	httpext.h		1
ExtensionPropSheetPageProc	1.0	1.0 and later			1
ExtEscape	2.10	2.10 and later	Wingdi.h	Mgdc.lib	1
ExtEscape	2.10	2.10 and later			1
ExtractIconEx	1.0	1.0 and later	Shellapi.h		1
ExtTextOut	1.0	1.0 and later	Wingdi.h	Mgrast.lib Mgtt.lib	1
FATUIDATA	2.10	2.10 and later	Fatui.h		0
FATUIEvent	2.10	2.10 and later	Fatui.h		0
FILECHANGEINFO	2.10	2.10 and later	Extfile.h		1
FILETIME	1.0	1.0 and later	Winbase.h		1
FileTimeToLocalFileTime	1.0	1.0 and later	Winbase.h		1
FileTimeToSystemTime	1.0	1.0 and later	Winbase.h		1
FillRect	1.0	1.0 and later	Wingdi.h	Mgdraw.lib	1
FillRgn	2.0	2.0 and later	Wingdi.h	Mgdraw.lib	1
FindClose	1.0	1.0 and later	Winbase.h	Coredll.lib	1
FindCloseUrlCache	2.12	2.12 and later	Wininet.h	Wininet.lib	1
FINDEX_INFO_LEVELS	3.0	3.0 and later	Winbase.h		1
FINDEX_SEARCH_OPS	3.0	3.0 and later	Winbase.h		1
FindFirstFile	1.0	1.0 and later	Winbase.h	Coredll.lib, Fsmain.lib	1
FindFirstFileEx	3.0	3.0 and later	Winbase.h	Fsmain.lib	1
FindInterface	2.10	2.10 and later			0
FindNextFile	1.0	1.0 and later	Winbase.h	Coredll.lib, Fsmain.lib	1
FindNextUrlCacheEntry	2.12	2.12 and later	Wininet.h	Wininet.lib	1
FindNextUrlCacheEntryEx	2.12	2.12 and later	Wininet.h	Wininet.lib	1
FindResource	1.0	1.0 and later	Winbase.h	Coredll.lib, Nk.lib	1
FindWindow	1.0	1.0 and later	Winuser.h		1
FIXED_INFO	3.0	3.0 and later	Iptypes.h		1
FlushFileBuffers	1.0	1.0 and later	Winbase.h	Coredll.lib, Fsmain.lib	1
FlushInstructionCache	2.0	2.0 and later	Winbase.h	Coredll.lib	1
FlushIpNetTable	3.0	3.0 and later	Iphlpapi.h	Iphlpapi.lib	1
FlushViewOfFile	1.01	1.01 and later	Winbase.h	Coredll.lib, Nk.lib	1
FoldString	1.0	1.0 and later	Winnls.h	Coreloc.lib	1
FONTSIGNATURE	2.10	2.10 and later	Wingdi.h		1
ForcePageout	2.10	2.10 and later	Pkfuncs.h		0
FORMATETC	2.0	2.0 and later	Objidl.h		1
FormatMessage	1.0	1.0 and later	Winbase.h	Fmtmsg.lib	1
FORWARD_WM_NOTIFY	1.0	1.0 and later	Commctrl.h		1
FreeContextBuffer	2.12	2.12 and later	Sspi.h	Schannel.lib	1
FreeCredentialsHandle	2.12	2.12 and later	Sspi.h	Schannel.lib	1
FreeLibrary	1.0	1.0 and later	Winbase.h	Coredll.lib, Nk.lib	1
FSD_BUFFER_INFO	2.10	2.10 and later	Fsdmgr.h		0
FSD_DISK_INFO	2.10	2.10 and later	Fsdmgr.h		0
FSD_MountDisk	2.10	2.10 and later	Fsdmgr.h		1
FSD_SCATTER_GATHER_INFO	2.10	2.10 and later	Fsdmgr.h		1
FSD_SCATTER_GATHER_RESULTS	2.10	2.10 and later	Fsdmgr.h		1
FSD_UnmountDisk	2.10	2.10 and later	Fsdmgr.h		1
FSDMGR_CreateFileHandle	2.10	2.10 and later	Fsdmgr.h	Fsdmgr.lib	1
FSDMGR_CreateSearchHandle	2.10	2.10 and later	Fsdmgr.h	Fsdmgr.lib	1
FSDMGR_DeregisterVolume	2.10	2.10 and later	Fsdmgr.h	Fsdmgr.lib	1
FSDMGR_GetDiskInfo	2.10	2.10 and later	Fsdmgr.h	Fsdmgr.lib	1
FSDMGR_GetVolumeName	2.10	2.10 and later	Fsdmgr.h	Fsdmgr.lib	1
FSDMGR_ReadDisk	2.10	2.10 and later	Fsdmgr.h	Fsdmgr.lib	1
FSDMGR_ReadDiskEx	2.10	2.10 and later	Fsdmgr.h	Fsdmgr.lib	1
FSDMGR_RegisterVolume	2.10	2.10 and later	Fsdmgr.h	Fsdmgr.lib	1
FSDMGR_WriteDisk	2.10	2.10 and later	Fsdmgr.h	Fsdmgr.lib	1
FSDMGR_WriteDiskEx	2.10	2.10 and later	Fsdmgr.h	Fsdmgr.lib	1
FtpCommand	2.12	2.12 and later	Wininet.h	Wininet.lib	1
FtpCreateDirectory	2.0	2.0 and later	Wininet.h	Wininet.lib	1
FtpDeleteFile	2.0	2.0 and later	Wininet.h	Wininet.lib	1
FtpFindFirstFile	2.0	2.0 and later	Wininet.h	Wininet.lib	1
FtpGetCurrentDirectory	2.0	2.0 and later	Wininet.h	Wininet.lib	1
FtpGetFile	2.0	2.0 and later	Wininet.h	Wininet.lib	1
FtpOpenFile	2.0	2.0 and later	Wininet.h	Wininet.lib	1
FtpPutFile	2.0	2.0 and later	Wininet.h	Wininet.lib	1
FtpRemoveDirectory	2.0	2.0 and later	Wininet.h	Wininet.lib	1
FtpRenameFile	2.0	2.0 and later	Wininet.h	Wininet.lib	1
FtpSetCurrentDirectory	2.0	2.0 and later	Wininet.h	Wininet.lib	1
FUNCDESC	2.0	2.0 and later	Oaidl.h		1
FUNCKIND	2.0	2.0 and later	Oaidl.h		1
fUseIterations	3.0	3.0 and later			0
g_fShellAPI	2.10	2.10 and later	Notifext.cxx		0
GET_FILEEX_INFO_LEVELS	3.0	3.0 and later	Winbase.h		1
GetACP	1.01	1.01 and later	Winnls.h	Coreloc.lib	1
GetActiveWindow	1.0	1.0 and later	Winuser.h	Caret.lib, Foregnd.lib	1
GetAdapterIndex	3.0	3.0 and later	Iphlpapi.h	Iphlpapi.lib	1
GetAdaptersInfo	3.0	3.0 and later	Iphlpapi.h	Iphlpapi.lib	1
GetAsyncKeyState	1.0	1.0 and later	Winuser.h	Kbdui.lib	1
GetBestInterface	3.0	3.0 and later	Iphlpapi.h	Iphlpapi.lib	1
GetBestRoute	3.0	3.0 and later	Iphlpapi.h	Iphlpapi.lib	1
GetBkColor	1.0	1.0 and later	Wingdi.h	Mgbase.lib	1
GetBkMode	1.0	1.0 and later	Wingdi.h	Mgbase.lib	1
GetBValue	1.0	1.0 and later	Wingdi.h		1
GetCapture	1.0	1.0 and later	Winuser.h	Foregnd.lib	1
GetCaretBlinkTime	1.0	1.0 and later	Winuser.h	Caret.lib	1
GetCaretPos	1.0	1.0 and later	Winuser.h	Caret.lib	1
GetClassFile	2.10	2.10 and later	Objbase.h		1
GetClassInfo	1.0	1.0 and later	Winuser.h		1
GetClassLong	1.0	1.0 and later	Winuser.h		1
GetClassName	1.0	1.0 and later	Winuser.h		1
GetClientRect	1.0	1.0 and later	Winuser.h		1
GetClipboardData	1.0	1.0 and later	Winuser.h	Clipbd.lib	1
GetClipboardDataAlloc	1.0	1.0 and later	Winuser.h	Clipbd.lib	1
GetClipboardFormatName	1.0	1.0 and later	Winuser.h	Clipbd.lib	1
GetClipboardOwner	1.0	1.0 and later	Winuser.h	Clipbd.lib	1
GetClipBox	1.0	1.0 and later	Wingdi.h	Mgrgn.lib	1
GetClipCursor	1.0	1.0 and later	Winuser.h	Cursor.lib, Mcursor.lib	1
GetClipRgn	1.0	1.0 and later	Wingdi.h	Mgrgn.lib	1
GetCommandLine	3.0	3.0 and later	Winbase.h	Nk.lib	1
GetCommMask	1.0	1.0 and later	Wininet.h	Serdev.lib	1
GetCommModemStatus	1.0	1.0 and later	Winbase.h	Serdev.lib	1
GetCommProperties	1.0	1.0 and later	Winbase.h	Serdev.lib	1
GetCommState	1.0	1.0 and later	Winbase.h	Serdev.lib	1
GetCommTimeouts	1.0	1.0 and later	Winbase.h	Serdev.lib	1
GetCPInfo	1.01	1.01 and later	Winnls.h	Coreloc.lib	1
GetCurrencyFormat	1.0	1.0 and later	Winnls.h	Coreloc.lib	1
GetCurrentObject	1.0	1.0 and later	Wingdi.h	Mgbase.lib	1
GetCurrentPermissions	2.10	2.10 and later	Pkfuncs.h		0
GetCurrentProcess	1.0	1.0 and later	Kfuncs.h	Nk.lib	1
GetCurrentProcessId	1.0	1.0 and later	Kfuncs.h	Nk.lib	1
GetCurrentThread	1.0	1.0 and later	Kfuncs.h	Nk.lib	1
GetCurrentThreadId	1.0	1.0 and later	Kfuncs.h	Nk.lib	1
GetCursor	1.0	1.0 and later	Winuser.h	Cursor.lib, Mcursor.lib	1
GetCursorPos	1.0	1.0 and later	Winuser.h	Cursor.lib, Mcursor.lib	1
GetDateFormat	1.0	1.0 and later	Winnls.h	Coreloc.lib	1
GetDC	1.0	1.0 and later	Winuser.h	Coredll.lib, Winmgr.lib	1
GetDCEx	2.10	2.10 and later	Winuser.h	Coredll.lib, Winmgr.lib	1
GetDescriptor	2.10	2.10 and later			0
GetDeviceCaps	1.0	1.0 and later	Wingdi.h	Mgbase.lib	1
GetDeviceInfo	2.10	2.10 and later			0
GetDialogBaseUnits	1.0	1.0 and later	Winuser.h	Dlgmgr.lib	1
GetDiskFreeSpaceEx	2.0	2.0 and later	Winbase.h	Coredll.lib, Fsmain.lib	1
GetDlgCtrlID	1.0	1.0 and later	Winuser.h	Dlgmgr.lib	1
GetDlgItem	1.0	1.0 and later	Winuser.h	Dlgmgr.lib	1
GetDlgItemInt	1.0	1.0 and later	Winuser.h	Dlgmgr.lib	1
GetDlgItemText	1.0	1.0 and later	Winuser.h	Dlgmgr.lib	1
GetDoubleClickTime	1.0	1.0 and later	Winuser.h	Wmbase.lib	1
GetDriverName	2.10	2.10 and later	Netui.h		0
GETDRIVERNAMEPARMS	2.10	2.10 and later	Netui.h		0
GetEPC	3.0	3.0 and later			0
GetErrorInfo	2.10	2.10 and later	Oleauto.h		1
GetExceptionCode	1.0	1.0 and later	Excpt.h		1
GetExceptionInformation	1.0	1.0 and later	Excpt.h		1
GetExitCodeProcess	2.0	2.0 and later	Winbase.h	Coredll.lib, Nk.lib	1
GetExitCodeThread	1.01	1.01 and later	Winbase.h	Coredll.lib, Nk.lib	1
GetExtensionVersion	3.0	3.0 and later	httpext.h		1
GetFileAttributes	1.0	1.0 and later	Winbase.h	Coredll.lib	1
GetFileAttributesEx	3.0	3.0 and later	Winbase.h		1
GetFileInformationByHandle	1.0	1.0 and later	Winbase.h	Coredll.lib	1
GetFileSize	1.0	1.0 and later	Winbase.h	Coredll.lib	1
GetFileTime	1.0	1.0 and later	Winbase.h		1
GetFileVersionInfo	3.0	3.0 and later	Winbase.h		1
GetFileVersionInfoSize	3.0	3.0 and later	Winbase.h		1
GetFocus	1.0	1.0 and later	Winuser.h	Caret.lib, Foregnd.lib	1
GetForegroundWindow	1.0	1.0 and later	Winuser.h		1
GetFrameLength	2.10	2.10 and later			0
GetFrameNumber	2.10	2.10 and later			0
GetFriendlyIfIndex	3.0	3.0 and later	Iphlpapi.h	Iphlpapi.lib	1
GetGValue	1.0	1.0 and later	Wingdi.h		1
GetHeader	3.0	3.0 and later	Httpfilt.h	Httpfilt.lib	1
GetHGlobalFromStream	2.0	2.0 and later	Ole2.h	Ole232.lib	1
gethostbyaddr	1.0	1.0 and later	Winsock.h		1
gethostbyname	1.0	1.0 and later	Winsock.h		1
gethostname	1.0	1.0 and later	Winsock.h		1
GetIcmpStatistics	3.0	3.0 and later	Iphlpapi.h	Iphlpapi.lib	1
GetIdleTime	3.0	3.0 and later	Mkfuncs.h		1
GetIfEntry	3.0	3.0 and later	Iphlpapi.h	Iphlpapi.lib	1
GetIfTable	3.0	3.0 and later	Iphlpapi.h	Iphlpapi.lib	1
GetInterface	2.10	2.10 and later			1
GetInterfaceInfo	3.0	3.0 and later	Iphlpapi.h	Iphlpapi.lib	1
GetIPAddress	2.10	2.10 and later	Netui.h		0
GetIpAddrTable	3.0	3.0 and later	Iphlpapi.h	Iphlpapi.lib	1
GetIpForwardTable	3.0	3.0 and later	Iphlpapi.h	Iphlpapi.lib	1
GetIpNetTable	3.0	3.0 and later	Iphlpapi.h	Iphlpapi.lib	1
GetIpStatistics	3.0	3.0 and later	Iphlpapi.h	Iphlpapi.lib	1
GetIsochResults	2.10	2.10 and later			0
GetKeyboardLayout	1.0	1.0 and later	Winuser.h	Coreimm.lib	1
GetKeyboardLayoutName	2.10	2.10 and later	Winuser.h	Kbdui.lib	1
GetKeyboardStatus	1.0-jp	Japanese version 1.0 and later	Winuser.h	Kbdui.lib	1
GetKeyState	1.0	1.0 and later	Winuser.h	Kbdui.lib	1
GetLastError	1.0	1.0 and later	Winbase.h	Coredll.lib, Nk.lib	1
GetLocaleInfo	1.0	1.0 and later	Winnls.h	Coreloc.lib	1
GetLocalTime	1.0	1.0 and later	Winbase.h		1
GetMenuItemInfo	1.0	1.0 and later	Winuser.h	Menu.lib	1
GetMessage	1.0	1.0 and later	Winuser.h	Msgque.lib	1
GetMessagePos	1.0	1.0 and later	Winuser.h	Msgque.lib	1
GetMessageSource	2.0	2.0 and later	Winuser.h	Msgque.lib	1
GetModuleFileName	2.0	2.0 and later	Winbase.h	Coredll.lib, Nk.lib	1
GetModuleHandle	2.10	2.10 and later	Winbase.h	Coredll.lib, Nk.lib	1
GetMonitorInfo	4.0	4.0 and later	Winuser.h	User32.lib	1
GetMouseMovePoints	2.0	2.0 and later	Winuser.h	Wmgr_c.lib, Uibase.lib	1
GetNearestColor	1.0	1.0 and later	Wingdi.h	Mgpal.lib	1
GetNearestPaletteIndex	2.0	2.0 and later	Wingdi.h	Mgpal.lib	1
GetNetString	2.10	2.10 and later	Netui.h		0
GetNetworkParams	3.0	3.0 and later	Iphlpapi.h	Iphlpapi.lib	1
GetNextDlgGroupItem	1.0	1.0 and later	Winuser.h	Dlgmgr.lib	1
GetNextDlgTabItem	1.0	1.0 and later	Winuser.h	Dlgmgr.lib	1
GetNumberFormat	1.0	1.0 and later	Winnls.h	Coreloc.lib	1
GetNumberOfInterfaces	3.0	3.0 and later	Iphlpapi.h	Iphlpapi.lib	1
GetObject	1.0	1.0 and later	Wingdi.h	Mgbase.lib	1
GetObjectType	1.0	1.0 and later	Wingdi.h	Mgbase.lib	1
GetOEMCP	1.01	1.01 and later	Winnls.h	Coreloc.lib	1
GetOpenClipboardWindow	1.0	1.0 and later	Winuser.h	Clipbd.lib	1
GetOpenFileName	1.0	1.0 and later	Commdlg.h	Fileopen.lib	1
GetOwnerProcess	2.10	2.10 and later	Pkfuncs.h		0
GetPaletteEntries	2.0	2.0 and later	Wingdi.h	Coredll.lib, Winmgr.lib	1
GetParent	1.0	1.0 and later	Winuser.h		1
GetPasswordActive	2.10	2.10 and later	Windbase.h		1
getpeername	1.0	1.0 and later	Winsock.h		1
GetPerAdapterInfo	3.0	3.0 and later	Iphlpapi.h	Iphlpapi.lib	1
GetPixel	1.0	1.0 and later	Wingdi.h	Mgdraw.lib	1
GetPrinterInfo	2.10	2.10 and later			1
GetPriorityClipboardFormat	1.0	1.0 and later	Winuser.h	Clipbd.lib	1
GetProcAddress	1.0	1.0 and later	Winbase.h	Coredll.lib	1
GetProcessHeap	1.0	1.0 and later	Winbase.h	Lmem.lib	1
GetRegionData	1.0	1.0 and later	Wingdi.h	Coredll.lib, Winmgr.lib	1
GetResourcePassword	2.10	2.10 and later	Netui.h		0
GetRgnBox	1.0	1.0 and later	Wingdi.h	Mgrgn.lib	1
GetRTTAndHopCount	3.0	3.0 and later	Iphlpapi.h	Iphlpapi.lib	1
GetRunningObjectTable	3.0	3.0 and later	Objbase.h	Ole232.lib	1
GetRValue	1.0	1.0 and later	Wingdi.h		1
GetSaveFileName	1.0	1.0 and later	Commdlg.h	Fileopen.lib	1
GetScrollInfo	1.0	1.0 and later	Winuser.h	Sbcmn.lib	1
GetSerialObject	1.0	1.0 and later	Serhw.h		1
GetServerVariable	3.0	3.0 and later	httpext.h	Httpfilt.lib	1
getsockname	1.0	1.0 and later	Winsock.h		1
getsockopt	1.0	1.0 and later	Winsock.h		1
GetStatus	2.10	2.10 and later			1
GetStockObject	1.0	1.0 and later	Wingdi.h	Mgbase.lib	1
GetStoreInformation	1.0	1.0 and later	Winbase.h	Coredll.lib	1
GetStringType	1.0	1.0 and later	Winnls.h	Coreloc.lib, Locusa.lib	1
GetStringTypeEx	1.0	1.0 and later	Winnls.h	Coreloc.lib	1
GetSubMenu	1.0	1.0 and later	Winuser.h	Menu.lib	1
GetSysColor	1.0	1.0 and later	Winuser.h	Wmgr_c.lib	1
GetSysColorBrush	1.0	1.0 and later	Wingdi.h	Mgdraw.lib	1
GetSystemDefaultLangID	1.0	1.0 and later	Winnls.h	Coreloc.lib	1
GetSystemDefaultLCID	1.0	1.0 and later	Winnls.h	Coreloc.lib	1
GetSystemInfo	1.0	1.0 and later	Winbase.h	Coredll.lib, Nk.lib	1
GetSystemMemoryDivision	2.10	2.10 and later	Pwindbas.h		0
GetSystemMenu	1.0	1.0 and later	Winuser.h	Menu.lib	1
GetSystemMetrics	1.0	1.0 and later	Winuser.h	Wmbase.lib	1
GetSystemPaletteEntries	2.0	2.0 and later	Wingdi.h	Mgpal.lib	1
GetSystemPowerStatusEx	1.0	1.0 and later	Winbase.h	Getpower.lib	1
GetSystemPowerStatusEx2	2.12	2.12 and later	Winbase.h	Getpower.lib	1
GetSystemTime	1.0	1.0 and later	Winbase.h		1
GetTcpStatistics	3.0	3.0 and later	Iphlpapi.h	Iphlpapi.lib	1
GetTcpTable	3.0	3.0 and later	Iphlpapi.h	Iphlpapi.lib	1
GetTempFileName	3.0	3.0 and later	Winbase.h		1
GetTempPath	2.11	2.11	Winbase.h		1
GetTextColor	1.0	1.0 and later	Wingdi.h	Coredll.lib, Winmgr.lib	1
GetTextExtentExPoint	1.0	1.0 and later	Wingdi.h	Mgrast.lib, Mgtt.lib	1
GetTextExtentPoint	2.0	2.0 and later	Wingdi.h		1
GetTextExtentPoint32	2.0	2.0 and later	Wingdi.h		1
GetTextFace	1.0	1.0 and later	Wingdi.h	Mgrast2.lib, Mgtt.lib	1
GetTextMetrics	1.0	1.0 and later	Wingdi.h	Mgrast.lib, Mgtt.lib	1
GetThreadContext	2.0	2.0 and later	Winbase.h	Coredll.lib, Nk.lib	1
GetThreadPriority	1.0	1.0 and later	Winbase.h	Coredll.lib, Nk.lib	1
GetThreadTimes	2.10	2.10 and later	Winbase.h	Coredll.lib, Nk.lib	1
GetTickCount	1.0	1.0 and later	Winbase.h		1
GetTickCount	2.10	2.10 and later	Mkfuncs.h		1
GetTimeFormat	1.0	1.0 and later	Winnls.h	Coreloc.lib	1
GetTimeZoneInformation	1.0	1.0 and later	Winbase.h		1
GetTransferError	2.10	2.10 and later			1
GetTransferStatus	2.10	2.10 and later			1
GetUdpStatistics	3.0	3.0 and later	Iphlpapi.h	Iphlpapi.lib	1
GetUdpTable	3.0	3.0 and later	Iphlpapi.h	Iphlpapi.lib	1
GetUniDirectionalAdapterInfo	3.0	3.0 and later	Iphlpapi.h	Iphlpapi.lib	1
GetUpdateRect	1.0	1.0 and later	Winuser.h	Coredll.lib, Winmgr.lib	1
GetUpdateRgn	1.0	1.0 and later	Winuser.h	Coredll.lib, Winmgr.lib	1
GetUrlCacheEntryInfo	2.12	2.12 and later	Wininet.h	Wininet.lib	1
GetUrlCacheEntryInfoEx	2.12	2.12 and later	Wininet.h	Wininet.lib	1
GetUSBDVersion	2.10	2.10 and later			0
GetUserDefaultLangID	1.0	1.0 and later	Winnls.h	Coreloc.lib	1
GetUserDefaultLCID	1.0	1.0 and later	Winnls.h	Coreloc.lib	1
GetUsernamePassword	2.10	2.10 and later	Netui.h		0
GetVersionEx	1.0	1.0 and later	Winbase.h	Coremain.lib	1
GetWindow	1.0	1.0 and later	Winuser.h		1
GetWindowDC	1.0	1.0 and later	Winuser.h	Coredll.lib, Winmgr.lib	1
GetWindowLong	1.0	1.0 and later	Winuser.h		1
GetWindowRect	1.0	1.0 and later	Winuser.h		1
GetWindowRgn	2.12	2.12 and later	Winuser.h	Coredll.lib, Winmgr.lib	1
GetWindowText	1.0	1.0 and later	Winuser.h		1
GetWindowTextLength	1.0	1.0 and later	Winuser.h		1
GetWindowThreadProcessId	1.0	1.0 and later	Winuser.h		1
GlobalMemoryStatus	1.0	1.0 and later	Winbase.h	Coredll.lib	1
GPEBltParms	1.0	1.0 and later	gpe.h		1
GPELineParms	1.0	1.0 and later	gpe.h		1
HalGetBusData	2.10	2.10 and later	Ceddk.h		1
HalGetBusDataByOffset	2.10	2.10 and later	Ceddk.h		1
HalSetBusData	2.10	2.10 and later	Ceddk.h		1
HalSetBusDataByOffset	2.10	2.10 and later	Ceddk.h		1
HalTranslateBusAddress	2.10	2.10 and later	Ceddk.h		1
HANDLE_WM_NOTIFY	1.0	1.0 and later	Commctrl.h		1
HCRYPTHASH	3.0	3.0 or later	Wincrypt.h		1
HCRYPTKEY	3.0	3.0 or later	Wincrypt.h		1
HCRYPTPROV	3.0	3.0 or later	Wincrypt.h		1
HDHITTESTINFO	2.0	2.0 and later	Commctrl.h		1
HDITEM	2.0	2.0 and later	Commctrl.h		1
HDLAYOUT	2.0	2.0 and later	Commctrl.h		1
HDM_CREATEDRAGIMAGE	1.0	1.0 and later	Commctrl.h		1
HDM_DELETEITEM	1.0	1.0 and later	Commctrl.h		1
HDM_GETIMAGELIST	2.0	2.0 and later	Commctrl.h		1
HDM_GETITEM	1.0	1.0 and later	Commctrl.h		1
HDM_GETITEMCOUNT	1.0	1.0 and later	Commctrl.h		1
HDM_GETITEMRECT	1.0	1.0 and later	Commctrl.h		1
HDM_GETORDERARRAY	2.0	2.0 and later	Commctrl.h		1
HDM_HITTEST	1.0	1.0 and later	Commctrl.h		1
HDM_INSERTITEM	1.0	1.0 and later	Commctrl.h		1
HDM_LAYOUT	1.0	1.0 and later	Commctrl.h		1
HDM_ORDERTOINDEX	2.0	2.0 and later	Commctrl.h		1
HDM_SETHOTDIVIDER	2.0	2.0 and later	Commctrl.h		1
HDM_SETIMAGELIST	2.0	2.0 and later	Commctrl.h		1
HDM_SETITEM	1.0	1.0 and later	Commctrl.h		1
HDM_SETORDERARRAY	2.0	2.0 and later	Commctrl.h		1
HDN_BEGINDRAG	2.0	2.0 and later	Commctrl.h		1
HDN_BEGINTRACK	1.0	1.0 and later	Commctrl.h		1
HDN_DIVIDERDBLCLICK	1.0	1.0 and later	Commctrl.h		1
HDN_ENDDRAG	2.0	2.0 and later	Commctrl.h		1
HDN_ENDTRACK	1.0	1.0 and later	Commctrl.h		1
HDN_GETDISPINFO	2.0	2.0 and later	Commctrl.h		1
HDN_ITEMCHANGED	1.0	1.0 and later	Commctrl.h		1
HDN_ITEMCHANGING	1.0	1.0 and later	Commctrl.h		1
HDN_ITEMCLICK	1.0	1.0 and later	Commctrl.h		1
HDN_ITEMDBLCLICK	1.0	1.0 and later	Commctrl.h		1
HDN_TRACK	1.0	1.0 and later	Commctrl.h		1
Header_CreateDragImage	2.0	2.0 and later	Commctrl.h	Commctrl.lib	1
Header_DeleteItem	1.0	1.0 and later	Commctrl.h	Commctrl.lib	1
Header_GetImageList	2.0	2.0 and later	Commctrl.h	Commctrl.lib	1
Header_GetItem	1.0	1.0 and later	Commctrl.h	Commctrl.lib	1
Header_GetItemCount	1.0	1.0 and later	Commctrl.h	Commctrl.lib	1
Header_GetItemRect	2.0	2.0 and later	Commctrl.h	Commctrl.lib	1
Header_GetOrderArray	2.0	2.0 and later	Commctrl.h	Commctrl.lib	1
Header_InsertItem	1.0	1.0 and later	Commctrl.h	Commctrl.lib	1
Header_Layout	1.0	1.0 and later	Commctrl.h	Commctrl.lib	1
Header_OrderToIndex	2.0	2.0 and later	Commctrl.h	Commctrl.lib	1
Header_SetHotDivider	2.0	2.0 and later	Commctrl.h	Commctrl.lib	1
Header_SetImageList	1.0	1.0 and later	Commctrl.h	Commctrl.lib	1
Header_SetItem	1.0	1.0 and later	Commctrl.h	Commctrl.lib	1
Header_SetOrderArray	1.0	1.0 and later	Commctrl.h	Commctrl.lib	1
Heap32First	2.0	2.0 and later	Tlhelp.h		1
Heap32ListFirst	2.0	2.0 and later	Tlhelp.h		1
Heap32ListNext	2.0	2.0 and later	Tlhelp32.h		1
Heap32Next	2.0	2.0 and later	Tlhelp32.h		1
HeapAlloc	1.0	1.0 and later	Winbase.h		1
HeapCreate	1.0	1.0 and later	Winbase.h	Lmem.lib	1
HeapDestroy	1.0	1.0 and later	Winbase.h		1
HEAPENTRY32	1.0	1.0 and later	Tlhelp32.h		1
HeapFree	1.0	1.0 and later	Winbase.h	Lmem.lib	1
HEAPLIST32	1.0	1.0 and later	Tlhelp32.h		1
HeapReAlloc	1.0	1.0 and later	Winbase.h	Lmem.lib	1
HeapSize	1.0	1.0 and later	Winbase.h	Lmem.lib	1
HIBYTE	1.0	1.0 and later	Windef.h		1
HideCaret	1.0	1.0 and later	Winuser.h	Caret.lib	1
HIWORD	1.0	1.0 and later	Windef.h		1
HMAC_INFO	3.0	3.0 or later	Wincrypt.h		1
HookInterrupt	2.10	2.10 and later	Nkintr.h		0
hostent	1.0	1.0 and later	Winsock.h		1
HREPLFLD	2.0	2.0 and later	Cesync.h		1
HREPLITEM	2.0	2.0 and later	Cesync.h		1
HREPLOBJ	2.0	2.0 and later	Cesync.h		1
HSE_VERSION_INFO	3.0	3.0 and later	httpext.h		1
htonl	1.0	1.0 and later	Winsock.h		1
htons	1.0	1.0 and later	Winsock.h		1
HTTP_FILTER_CONTEXT	3.0	3.0 and later	Httpfilt.h		1
HTTP_FILTER_SEND_RESPONSE	3.0	3.0 and later	Httpfilt.h	Httpfilt.lib	1
HttpAddRequestHeaders	2.0	2.0 and later	Wininet.h	Wininet.lib	1
HttpEndRequest	2.12	2.12 and later	Wininet.h	Wininet.lib	1
HttpExtensionProc	3.0	3.0 and later	httpext.h		1
HttpOpenRequest	2.0	2.0 and later	Wininet.h	Wininet.lib	1
HttpQueryInfo	2.0	2.0 and later	Wininet.h	Wininet.lib	1
HttpSendRequest	2.0	2.0 and later	Wininet.h	Wininet.lib	1
HttpSendRequestEx	2.12	2.12 and later	Wininet.h	Wininet.lib	1
HW_VTBL	1.0	1.0 and later			1
HWClearBreak	1.0	1.0 and later	Serhw.h		1
HWClearDTR	1.0	1.0 and later	Serhw.h		1
HWClearRTS	1.0	1.0 and later	Serhw.h		1
HWClose	1.0	1.0 and later	Serhw.h		1
HWDeinit	1.0	1.0 and later	Serhw.h		1
HWDisableIR	1.0	1.0 and later	Serhw.h		1
HWEnableIR	1.0	1.0 and later	Serhw.h		1
HWGetBytes	1.0	1.0 and later	Serhw.h		0
HWGetCommProperties	1.0	1.0 and later	Serhw.h		1
HWGetIntrType	1.0	1.0 and later	Serhw.h		1
HWGetModemStatus	1.0	1.0 and later	Serhw.h		1
HWGetRxBufferSize	1.0	1.0 and later	Serhw.h		1
HWGetRxStart	2.12	2.12 and earlier	Serhw.h		1
HWGetStatus	1.0	1.0 and later	Serhw.h		1
HWInit	1.0	1.0 and later	Serhw.h		1
HWIoctl	1.0	1.0 and later	Serhw.h		1
HWLineIntrHandler	1.0	1.0 and later	Serhw.h		1
HWModemIntrHandler	3.0	3.0 and later	Serhw.h		1
HWOBJ	1.0	1.0 and later			1
HWOpen	1.0	1.0 and later	Serhw.h		1
HWOtherIntrHandler	2.12	2.12 and earlier	Serhw.h		0
HWPostInit	3.0	3.0 and later	Serhw.h		1
HWPowerOff	1.0	1.0 and later	Serhw.h		1
HWPowerOn	1.0	1.0 and later	Serhw.h		1
HWPurgeComm	1.0	1.0 and later	Serhw.h		1
HWPutBytes	1.0	1.0 and later	Serhw.h		1
HWReset	1.0	1.0 and later	Serhw.h		1
HWRxIntrHandler	3.0	3.0 and later	Serhw.h		1
HWSetBreak	1.0	1.0 and later	Serhw.h		1
HWSetCommTimeouts	1.0	1.0 and later	Serhw.h		1
HWSetDCB	1.0	1.0 and later	Serhw.h		1
HWSetDTR	1.0	1.0 and later	Serhw.h		1
HWSetRTS	1.0	1.0 and later	Serhw.h		1
HWTxIntrHandler	1.0	1.0 and later	Serhw.h		1
HwxALCPriority	2.0	2.0 and later	Recog.h	Hwxjpn.lib, Hwxusa.lib	1
HwxALCValid	2.0	2.0 and later	Recog.h	Hwxjpn.lib, Hwxusa.lib	1
HwxConfig	2.0	2.0 and later	Recog.h	Hwxjpn.lib, Hwxusa.lib	1
HwxCreate	2.0	2.0 and later	Recog.h	Hwxjpn.lib, Hwxusa.lib	1
HwxDestroy	2.0	2.0 and later	Recog.h	Hwxjpn.lib, Hwxusa.lib	1
HwxEndInput	2.0	2.0 and later	Recog.h	Hwxjpn.lib, Hwxusa.lib	1
HwxGetResults	2.0	2.0 and later	Recog.h	Hwxjpn.lib, Hwxusa.lib	1
HWXGUIDE	2.0	2.0 and later	Recog.h		1
HwxInput	2.0	2.0 and later	Recog.h	Hwxjpn.lib, Hwxusa.lib	1
HWXmitComChar	1.0	1.0 and later	Serhw.h		1
HwxProcess	2.0	2.0 and later	Recog.h	Hwxjpn.lib, Hwxusa.lib	1
HWXRESULTS	2.0	2.0 and later	Recog.h		1
HwxResultsAvailable	2.0	2.0 and later	Recog.h	Hwxjpn.lib, Hwxusa.lib	1
HwxSetAbort	2.0	2.0 and later	Recog.h	Hwxjpn.lib, Hwxusa.lib	1
HwxSetContext	2.0	2.0 and later	Recog.h	Hwxjpn.lib, Hwxusa.lib	1
HwxSetGuide	2.0	2.0 and later	Recog.h	Hwxjpn.lib, Hwxusa.lib	1
HwxSetPartial	2.0	2.0 and later	Recog.h	Hwxjpn.lib, Hwxusa.lib	1
IAdviseSink	2.0	2.0 and later	Oaidl.h		1
IAS_QUERY	2.0	2.0 and later	Af_irda.h		0
IAS_SET	2.0	2.0 and later	Af_irda.h		0
ICeFileFilter	2.0	2.0 and later	Replfilt.h		1
ICeFileFilterOptions	2.0	2.0 and later	Replfilt.h		1
ICeFileFilterSite	2.0	2.0 and later	Replfilt.h		1
IClassActivator	3.0	3.0 and later	Objidl.h		1
IClassFactory	2.0	2.0 and later	Objbase.h		1
IClassFactory2	3.0	3.0 and later	Ocidl.h		1
IClientSecurity	3.0	3.0 and later	Objidl.h		1
ICMP_ECHO_REPLY	2.0	2.0 and later	ipexport.h		1
IcmpCloseHandle	2.12	2.12 and later	Icmpapi.h		1
IcmpCreateFile	2.12	2.12 and later	Icmpapi.h		1
IcmpSendEcho	2.12	2.12 and later	Icmpapi.h		1
ICONINFO	1.0	1.0 and later	Commctrl.h		1
IConnectionPoint	3.0	3.0 and later	Ocidl.h		1
IConnectionPointContainer	3.0	3.0 and later	Ocidl.h		1
ICreateErrorInfo	2.0	2.0 and later	Oaidl.h	Oleaut32.lib	1
ICreateTypeInfo	2.0	2.0 and later	Oaidl.h		1
ICreateTypeLib	2.0	2.0 and later	Oaidl.h		1
IDccMan	1.0	1.0 and later	Dccole.h		1
IDccManSink	1.0	1.0 and later	Dccole.h		1
IDDVideoPortContainer	2.12	2.12 or later. Version 2.12 requires DXPAK 1.0 or later.		ddraw.lib	1
IDirectDraw4	2.12	2.12 or later. Version 2.12 requires DXPAK 1.0 or later.		ddraw.lib	1
IDirectDrawClipper	2.12	2.12 or later. Version 2.12 requires DXPAK 1.0 or later.		ddraw.lib	1
IDirectDrawColorControl	2.12	2.12 or later. Version 2.12 requires DXPAK 1.0 or later.		ddraw.lib	1
IDirectDrawPalette	2.12	2.12 or later. Version 2.12 requires DXPAK 1.0 or later.		ddraw.lib	1
IDirectDrawSurface5	2.12	2.12 or later. Version 2.12 requires DXPAK 1.0 or later.		ddraw.lib	1
IDirectDrawVideoPort	2.12	2.12 or later. Version 2.12 requires DXPAK 1.0 or later.		ddraw.lib	1
IDirectSound	2.12	2.12 or later. Version 2.12 requires DXPAK 1.0 or later.	dsound.h	dsound.lib	0
IDirectSoundBuffer	2.12	2.12 or later. Version 2.12 requires DXPAK 1.0 or later.	dsound.h	dsound.lib	0
IDirectSoundCapture	2.12	2.12 or later. Version 2.12 requires DXPAK 1.0 or later.	dsound.h	dsound.lib	0
IDirectSoundCaptureBuffer	2.12	2.12 or later. Version 2.12 requires DXPAK 1.0 or later.	dsound.h	dsound.lib	0
IDirectSoundNotify	2.12	2.12 or later. Version 2.12 requires DXPAK 1.0 or later.	dsound.h	dsound.lib	0
IDispatch	2.0	2.0 and later	Oaidl.h		1
IDLDESC	1.0	1.0 and later	Oaidl.h		1
idleconv	3.0	3.0 and later	Cfwp2.c		0
IEnumConnectionPoints	3.0	3.0 and later	Ocidl.h		1
IEnumConnections	3.0	3.0 and later	Ocidl.h		1
IEnumMoniker	3.0	3.0 and later	Objidl.h		1
IEnumReplItem	2.0	2.0 and later	Cesync.h		1
IEnumSTATDATA	2.0	2.0 and later	Oaidl.h		1
IEnumSTATSTG	2.0	2.0 and later	Objidl.h		1
IEnumString	2.0	2.0 and later	Objidl.h		1
IEnumVARIANT	2.0	2.0 and later	Oaidl.h	Oleauto.h	1
IErrorInfo	2.0	2.0 and later	Oaidl.h	Oleaut32.lib	1
IExternalConnection	3.0	3.0 and later	Objidl.h		1
IFillLockBytes	3.0	3.0 and later	Objidl.h		1
IIDFromString	3.0	3.0 and later	Objbase.h	Ole232.lib	1
IIMCallback	2.01	2.01 and later	Sip.h		1
IIMCallback2	2.12	2.12 and later	Sip.h		1
IInputMethod	2.12	2.12 and later	Sip.h		1
IInputMethod2	2.12	2.12 and later	Sip.h		1
ILockBytes	2.0	2.0 and later	Objbase.h		1
ILTIMING_MESSAGE	3.0	3.0 and later	Iltiming.h		0
IMAGE_DATA_DIRECTORY	2.10	2.10 and later	Winnt.h		0
IMAGEINFO	1.0	1.0 and later	Commctrl.h		1
ImageList_Add	1.0	1.0 and later	Commctrl.h	Commctrl.lib, Imgctl.lib	1
ImageList_AddIcon	1.0	1.0 and later	Commctrl.h	Commctrl.lib, Imgctl.lib	1
ImageList_AddMasked	1.0	1.0 and later	Commctrl.h	Commctrl.lib, Imgctl.lib	1
ImageList_BeginDrag	1.0	1.0 and later	Commctrl.h	Commctrl.lib, Imgctl.lib	1
ImageList_Copy	2.0	2.0 and later	Commctrl.h	Commctrl.lib, Imgctl.lib	1
ImageList_Create	1.0	1.0 and later	Commctrl.h	Commctrl.lib, Imgctl.lib	1
ImageList_Destroy	1.0	1.0 and later	Commctrl.h		1
ImageList_DragEnter	1.0	1.0 and later	Commctrl.h	Commctrl.lib, Imgctl.lib	1
ImageList_DragLeave	1.0	1.0 and later	Commctrl.h	Commctrl.lib, Imgctl.lib	1
ImageList_DragMove	1.0	1.0 and later	Commctrl.h	Commctrl.lib, Imgctl.lib	1
ImageList_DragShowNolock	1.0	1.0 and later	Commctrl.h	Commctrl.lib, Imgctl.lib	1
ImageList_Draw	1.0	1.0 and later	Commctrl.h	Commctrl.lib, Imgctl.lib	1
ImageList_DrawEx	1.0	1.0 and later	Commctrl.h	Commctrl.lib, Imgctl.lib	1
ImageList_DrawIndirect	2.0	2.0 and later	Commctrl.h	Commctrl.lib, Imgctl.lib	1
ImageList_Duplicate	2.0	2.0 and later	Commctrl.h	Commctrl.lib, Imgctl.lib	1
ImageList_EndDrag	1.0	1.0 and later	Commctrl.h	Commctrl.lib, Imgctl.lib	1
ImageList_ExtractIcon	1.0	1.0 and later	Commctrl.h	Commctrl.lib, Imgctl.lib	1
ImageList_GetBkColor	1.0	1.0 and later	Commctrl.h	Commctrl.lib, Imgctl.lib	1
ImageList_GetDragImage	1.0	1.0 and later	Commctrl.h	Commctrl.lib, Imgctl.lib	1
ImageList_GetIcon	1.0	1.0 and later	Commctrl.h	Commctrl.lib, Imgctl.lib	1
ImageList_GetIconSize	1.0	1.0 and later	Commctrl.h	Commctrl.lib, Imgctl.lib	1
ImageList_GetImageCount	1.0	1.0 and later	Commctrl.h	Commctrl.lib, Imgctl.lib	1
ImageList_GetImageInfo	1.0	1.0 and later	Commctrl.h	Commctrl.lib, Imgctl.lib	1
ImageList_LoadBitmap	1.0	1.0 and later	Commctrl.h	Commctrl.lib, Imgctl.lib	1
ImageList_LoadImage	1.0	1.0 and later	Commctrl.h	Commctrl.lib, Imgctl.lib	1
ImageList_Merge	1.0	1.0 and later	Commctrl.h	Commctrl.lib, Imgctl.lib	1
ImageList_Remove	1.0	1.0 and later	Commctrl.h	Commctrl.lib, Imgctl.lib	1
ImageList_RemoveAll	1.0	1.0 and later	Commctrl.h	Commctrl.lib, Imgctl.lib	1
ImageList_Replace	1.0	1.0 and later	Commctrl.h	Commctrl.lib, Imgctl.lib	1
ImageList_ReplaceIcon	1.0	1.0 and later	Commctrl.h	Commctrl.lib, Imgctl.lib	1
ImageList_SetBkColor	1.0	1.0 and later	Commctrl.h	Commctrl.lib, Imgctl.lib	1
ImageList_SetDragCursorImage	1.0	1.0 and later	Commctrl.h	Commctrl.lib, Imgctl.lib	1
ImageList_SetIconSize	1.0	1.0 and later	Commctrl.h	Commctrl.lib, Imgctl.lib	1
ImageList_SetImageCount	2.0	2.0 and later	Commctrl.h	Commctrl.lib, Imgctl.lib	1
ImageList_SetOverlayImage	1.0	1.0 and later	Commctrl.h	Commctrl.lib, Imgctl.lib	1
IMAGELISTDRAWPARAMS	2.0	2.0 and later	Commctrl.h		1
IMarshal	3.0	3.0 and later	Objidl.h		1
IMC_CLOSESTATUSWINDOW	2.1	2.1 and later	Imm.h		1
IMC_GETCANDIDATEPOS	2.1	2.1 and later	Imm.h		1
IMC_GETCOMPOSITIONFONT	2.1	2.1 and later	Imm.h		1
IMC_GETCOMPOSITIONWINDOW	2.1	2.1 and later	Imm.h		1
IMC_GETCONVERSIONMODE	2.1	2.1 and later	Imm.h		1
IMC_GETOPENSTATUS	2.1	2.1 and later	Imm.h		1
IMC_GETSENTENCEMODE	2.1	2.1 and later	Imm.h		1
IMC_GETSTATUSWINDOWPOS	2.1	2.1 and later	Imm.h		1
IMC_OPENSTATUSWINDOW	2.1	2.1 and later	Imm.h		1
IMC_SETCANDIDATEPOS	2.1	2.1 and later	Imm.h		1
IMC_SETCOMPOSITIONFONT	2.1	2.1 and later	Imm.h		1
IMC_SETCOMPOSITIONWINDOW	2.1	2.1 and later	Imm.h		1
IMC_SETCONVERSIONMODE	2.1	2.1 and later	Imm.h		1
IMC_SETOPENSTATUS	2.1	2.1 and later	Imm.h		1
IMC_SETSENTENCEMODE	2.1	2.1 and later	Imm.h		1
IMC_SETSTATUSWINDOWPOS	2.1	2.1 and later	Imm.h		1
IMEMENUITEMINFO	2.11	2.11 and later	Imm.h		1
IMENUMINFO	2.10	2.10 and later	Sipapi.h		1
IMessageFilter	3.0	3.0 and later	Objidl.h		1
IMINFO	2.01	2.01 and later	Sip.h		1
ImmAssociateContext	2.10	2.10 and later (Japanese version 1.0 and later)	Imm.h	Coreimm.lib	1
ImmAssociateContextEx	2.10	2.10 and later	Imm.h	Coreimm.lib	1
ImmConfigureIME	2.10	2.10 and later	Imm.h	Coreimm.lib	1
ImmCreateContext	2.10	2.10 and later	Imm.h	Coreimm.lib	1
ImmCreateIMCC	2.10	2.10 and later	Imm.h	Coreimm.lib	1
ImmDestroyContext	2.10	2.10 and later	Imm.h	Coreimm.lib	1
ImmDestroyIMCC	2.10	2.10 and later	Imm.h	Coreimm.lib	1
ImmDisableIME	2.10	2.10 and later	Imm.h	Coreimm.lib	1
ImmEnumRegisterWord	2.10	2.10 and later	Imm.h	Coreimm.lib	1
ImmEscape	2.10	2.10 and later	Imm.h	Coreimm.lib	1
ImmGenerateMessage	2.10	2.10 and later	Imm.h	Coreimm.lib	1
ImmGetCandidateList	2.10	2.10 and later (Japanese version 1.0 and later)	Imm.h	Coreimm.lib	1
ImmGetCandidateListCount	2.10	2.10 and later (Japanese version 1.0 and later)	Imm.h	Coreimm.lib	1
ImmGetCandidateWindow	2.10	2.10 and later (Japanese version 1.0 and later)	Imm.h	Coreimm.lib	1
ImmGetCompositionFont	2.10	2.10 and later	Imm.h	Coreimm.lib	1
ImmGetCompositionString	2.10	2.10 and later (Japanese version 1.0 and later)	Imm.h	Coreimm.lib	1
ImmGetCompositionWindow	2.10	2.10 and later (Japanese version 1.0 and later)	Imm.h	Coreimm.lib	1
ImmGetContext	2.10	2.10 and later (Japanese version 1.0 and later)	Imm.h	Coreimm.lib	1
ImmGetConversionList	2.10	2.10 and later (Japanese version 1.0 and later)	Imm.h	Coreimm.lib	1
ImmGetConversionStatus	2.10	2.10 and later (Japanese version 1.0 and later)	Imm.h	Coreimm.lib	1
ImmGetDefaultIMEWnd	2.10	2.10 and later (Japanese version 1.0 and later)	Imm.h	Coreimm.lib	1
ImmGetDescription	2.10	2.10 and later (Japanese version 1.0 and later)	Imm.h	Coreimm.lib	1
ImmGetGuideLine	2.10	2.10 and later (Japanese version 1.0 and later)	Imm.h	Coreimm.lib	1
ImmGetHotKey	2.10	2.10 and later	Imm.h	Coreimm.lib	1
ImmGetIMCCLockCount	2.10	2.10 and later	Imm.h	Coreimm.lib	1
ImmGetIMCCSize	2.10	2.10 and later	Imm.h	Coreimm.lib	1
ImmGetIMCLockCount	2.10	2.10 and later	Imm.h	Coreimm.lib	1
ImmGetIMEFileName	2.10	2.10 and later	Imm.h	Coreimm.lib	1
ImmGetImeMenuItems	2.10	2.10 and later	Imm.h	Coreimm.lib	1
ImmGetOpenStatus	2.10	2.10 and later	Imm.h	Coreimm.lib	1
ImmGetProperty	2.10	2.10 and later (Japanese version 1.0 and later)	Imm.h	Coreimm.lib	1
ImmGetRegisterWordStyle	2.10	2.10 and later	Imm.h	Coreimm.lib	1
ImmGetStatusWindowPos	2.10	2.10 and later	Imm.h	Coreimm.lib	1
ImmGetVirtualKey	2.10	2.10 and later	Imm.h	Coreimm.lib	1
ImmIsIME	2.10	2.10 and later	Imm.h	Coreimm.lib	1
ImmIsUIMessage	2.10	2.10 and later (Japanese version 1.0 and later)	Imm.h	Coreimm.lib	1
ImmLockIMC	2.10	2.10 and later	Imm.h	Coreimm.lib	1
ImmLockIMCC	2.10	2.10 and later	Imm.h	Coreimm.lib	1
ImmNotifyIME	2.10	2.10 and later (Japanese version 1.0 and later)	Imm.h	Coreimm.lib	1
ImmRegisterWord	2.10	2.10 and later	Imm.h	Coreimm.lib	1
ImmReleaseContext	2.10	2.10 and later (Japanese version 1.0 and later)	Imm.h	Coreimm.lib	1
ImmReSizeIMCC	2.10	2.10 and later (Japanese version 1.0 and later)	Imm.h	Coreimm.lib	1
ImmSetCandidateWindow	2.10	2.10 and later (Japanese version 1.0 and later)	Imm.h	Coreimm.lib	1
ImmSetCompositionFont	2.10	2.10 and later	Imm.h	Coreimm.lib	1
ImmSetCompositionString	2.10	2.10 and later (Japanese version 1.0 and later)	Imm.h	Coreimm.lib	1
ImmSetCompositionWindow	2.10	2.10 and later (Japanese version 1.0 and later)	Imm.h	Coreimm.lib	1
ImmSetConversionStatus	2.10	2.10 and later	Imm.h	Coreimm.lib	1
ImmSetHotKey	2.10	2.10 and later	Imm.h	Coreimm.lib	1
ImmSetOpenStatus	2.10	2.10 and later (Japanese version 1.0 and later)	Imm.h	Coreimm.lib	1
ImmSetStatusWindowPos	2.10	2.10 and later	Imm.h	Coreimm.lib	1
ImmSimulateHotKey	2.10	2.10 and later (Japanese version 1.0 and later)	Imm.h	Coreimm.lib	1
ImmSIPanelState	2.0-jp	Japanese version 2.0	Imm.h	Coreimm.lib	1
ImmUnlockIMC	2.10	2.10 and later	Imm.h	Coreimm.lib	1
ImmUnlockIMCC	2.10	2.10 and later	Imm.h	Coreimm.lib	1
ImmUnregisterWord	2.10	2.10 and later	Imm.h	Coreimm.lib	1
IMN_CHANGECANDIDATE	2.1	2.1 and later (Japanese version 1.0 and later)	Imm.h		1
IMN_CLOSECANDIDATE	2.1	2.1 and later (Japanese version 1.0 and later)	Imm.h		1
IMN_CLOSESTATUSWINDOW	2.1	2.1 and later	Imm.h		1
IMN_GUIDELINE	2.1	2.1 and later (Japanese version 1.0 and later)	Imm.h		1
IMN_OPENCANDIDATE	2.1	2.1 and later (Japanese version 1.0 and later)	Imm.h		1
IMN_OPENSTATUSWINDOW	2.1	2.1 and later	Imm.h		1
IMN_SETCANDIDATEPOS	2.1	2.1 and later (Japanese version 1.0 and later)	Imm.h		1
IMN_SETCOMPOSITIONFONT	2.1	2.1 and later	Imm.h		1
IMN_SETCOMPOSITIONWINDOW	2.1	2.1 and later (Japanese version 1.0 and later)	Imm.h		1
IMN_SETCONVERSIONMODE	2.1	2.1 and later (Japanese version 1.0 and later)	Imm.h		1
IMN_SETOPENSTATUS	2.1	2.1 and later (Japanese version 1.0 and later)	Imm.h		1
IMN_SETSENTENCEMODE	2.1	2.1 and later (Japanese version 1.0 and later)	Imm.h		1
IMN_SETSTATUSWINDOWPOS	2.1	2.1 and later (Japanese version 1.0 and later)	Imm.h		1
IMR_CANDIDATEFORM	2.1	2.1 and later	Imm.h		1
IMR_COMPOSITIONFONT	2.1	2.1 and later (Japanese version 1.0 and later)	Imm.h		1
IMR_COMPOSITIONFORM	2.1	2.1 and later	Imm.h		1
IMR_CONFIRMRECONVERTSTRING	2.1	2.1 and later	Imm.h		1
IMR_RECONVERTSTRING	2.1	2.1 and later	Imm.h		1
IMultiQI	3.0	3.0 and later	Objidl.h		1
IN_ADDR	1.0	1.0 and later	Winsock.h		1
INDEXTOOVERLAYMASK	1.0	1.0 and later	Commctrl.h		1
INDEXTOSTATEIMAGEMASK	1.0	1.0 and later	Commctrl.h		1
inet_addr	1.0	1.0 and later	Winsock.h		1
inet_ntoa	1.0	1.0 and later	Winsock.h		1
InflateRect	1.0	1.0 and later	Winbase.h	Rectapi.lib	1
InitCommonControls	2.0	2.0 and later	Commctrl.h	Commctrl.lib	1
INITCOMMONCONTROLSEX	2.0	2.0 and later	Commctrl.h		1
InitCommonControlsEx	2.0	2.0 and later	Commctrl.h	Commctrl.lib	1
InitHTMLControl	1.0	1.0 and later	Htmlctrl.h		0
InitializeCriticalSection	1.0	1.0 and later	Winbase.h	Coremain.lib	1
InitializeListHead	2.0	2.0 and later	Ntcompat.h		0
InitObjType	2.0	2.0 and later	Cesync.h		1
InitPubKey	2.10	2.10 and later			0
InitSecurityInterface	2.10	2.10 and later	Sspi.h	Schannel.lib	1
INLINEIMAGEINFO	1.0	1.0 and later	Htmlctrl.h		0
INPUT	2.0	2.0 and later	Winuser.h		1
InsertHeadList	2.0	2.0 and later	Ntcompat.h		0
InsertMenu	1.0	1.0 and later	Winuser.h	Menu.lib	1
InsertTailList	2.0	2.0 and later	Ntcompat.h		0
InsetRect	1.0	1.0 and later	Windowsx.h		0
InterlockedDecrement	1.0	1.0 and later	Winbase.h		1
InterlockedExchange	1.0	1.0 and later	Winbase.h		1
InterlockedIncrement	1.0	1.0 and later	Winbase.h		1
InterlockedTestExchange	1.0	1.0 and later	Winbase.h		1
INTERNET_ASYNC_RESULT	2.12	2.12 and later	Wininet.h	Wininet.lib	1
INTERNET_CACHE_ENTRY_INFO	2.12	2.12 and later	Wininet.h	Wininet.lib	1
INTERNET_SCHEME	2.12	2.12 and later	Wininet.h	Wininet.lib	1
INTERNET_STATUS_CALLBACK	2.12	2.12 and later	Wininet.h	Wininet.lib	1
InternetCanonicalizeUrl	2.0	2.0 and later	Wininet.h	Schannel.lib	1
InternetCloseHandle	2.0	2.0 and later	Wininet.h	Wininet.lib	1
InternetCombineUrl	2.0	2.0 and later	Wininet.h	Wininet.lib	1
InternetConnect	2.0	2.0 and later	Wininet.h	Wininet.lib	1
InternetCrackUrl	2.0	2.0 and later	Wininet.h	Wininet.lib	1
InternetCreateUrl	2.0	2.0 and later	Wininet.h	Wininet.lib	1
InternetErrorDlg	2.12	2.12 and later	Wininet.h	Wininet.lib	1
InternetFindNextFile	2.0	2.0 and later	Wininet.h	Wininet.lib	1
InternetGetConnectedState	2.12	2.12 and later	Wininet.h	Wininet.lib	1
InternetGetCookie	2.12	2.12 and later	Wininet.h	Wininet.lib	1
InternetGetLastResponseInfo	2.0	2.0 and later	Wininet.h	Wininet.lib	1
InternetGoOnline	2.12	2.12 and later	Wininet.h	Wininet.lib	1
InternetLockRequestFile	2.12	2.12 and later	Wininet.h	Wininet.lib	1
InternetOpen	2.0	2.0 and later	Wininet.h	Wininet.lib	1
InternetOpenUrl	2.0	2.0 and later	Wininet.h	Wininet.lib	1
InternetQueryDataAvailable	2.0	2.0 and later	Wininet.h	Wininet.lib	1
InternetQueryOption	2.0	2.0 and later	Wininet.h	Wininet.lib	1
InternetReadFile	2.0	2.0 and later	Wininet.h	Wininet.lib	1
InternetReadFileEx	2.12	2.12 and later	Wininet.h	Wininet.lib	1
InternetSetCookie	2.12	2.12 and later	Wininet.h	Wininet.lib	1
InternetSetFilePointer	2.12	2.12 and later	Wininet.h	Wininet.lib	1
InternetSetOption	2.0	2.0 and later	Wininet.h	Wininet.lib	1
InternetSetStatusCallback	2.0	2.0 and later	Wininet.h	Wininet.lib	1
InternetTimeFromSystemTime	2.0	2.0 and later	Wininet.h	Wininet.lib	1
InternetTimeToSystemTime	2.0	2.0 and later	Wininet.h	Wininet.lib	1
InternetUnlockRequestFile	2.12	2.12 and later	Wininet.h	Wininet.lib	1
InternetWriteFile	2.12	2.12 and later	Wininet.h	Wininet.lib	1
InterruptDisable	2.10	2.10 and later	Pkfuncs.h		0
InterruptDone	2.10	2.10 and later	Pkfuncs.h		0
InterruptInitialize	2.10	2.10 and later	Pkfuncs.h		0
INTERRUPTS_OFF	2.10	2.10 and later	Nkintr.h		0
INTERRUPTS_ON	2.10	2.10 and later	Nkintr.h		0
IntersectClipRect	1.0	1.0 and later	Wingdi.h	Mgrgn.lib	1
IntersectRect	1.0	1.0 and later	Winuser.h	Rectapi.lib	1
IntrPrio	3.0	3.0 and later			0
InvalidateRect	1.0	1.0 and later	Winuser.h	Coredll.lib, Winmgr.lib	1
INVOKEKIND	2.0	2.0 and later	Oaidl.h		1
IOCTL_COLLECTOR_REGISTER	3.0	3.0 and later			0
IOCTL_COLLECTOR_SEND	3.0	3.0 and later			0
IOCTL_COLLECTOR_UNREGISTER	3.0	3.0 and later			0
IOCTL_CONSOLE_SETCONTROLCHANDLER	3.0	3.0 and later	Console.h		0
IOCTL_DISK_FORMAT_MEDIA	3.0	3.0 and later			1
IOCTL_DISK_FORMAT_VOLUME	2.12	2.12 and later	Diskio.h		0
IOCTL_DISK_GET_STORAGEID	3.0	3.0 and later			1
IOCTL_DISK_GETINFO	3.0	3.0 and later			1
IOCTL_DISK_GETNAME	3.0	3.0 and later			1
IOCTL_DISK_READ	3.0	3.0 and later			1
IOCTL_DISK_SCAN_VOLUME	2.12	2.12 and later	Diskio.h		0
IOCTL_DISK_SETINFO	3.0	3.0 and later			1
IOCTL_DISK_WRITE	3.0	3.0 and later			1
IOCTL_EDBG_DEREGISTER_CLIENT	3.0	3.0 and later	Pkfuncs.h		0
IOCTL_EDBG_RECV	3.0	3.0 and later	Pkfuncs.h		0
IOCTL_EDBG_REGISTER_CLIENT	3.0	3.0 and later	Pkfuncs.h		0
IOCTL_EDBG_SEND	3.0	3.0 and later	Pkfuncs.h		0
IOCTL_EDBG_SET_DEBUG	3.0	3.0 and later	Pkfuncs.h		0
IOCTL_HAL_GET_DEVICE_INFO	3.0	3.0 and later	Pkfuncs.h		0
IOCTL_HAL_GET_DEVICEID	2.10	2.10 and later	Pkfuncs.h		0
IOCTL_HAL_GET_IP_ADDR	3.0	3.0 and later	Pkfuncs.h		0
IOCTL_HAL_GET_UUID	2.12	2.12 and later	Pkfuncs.h		0
IOCTL_HAL_ILTIMING	3.0	3.0 and later	Pkfuncs.h		0
IOCTL_HAL_INIT_RTC	3.0	3.0 and later	Pkfuncs.h		0
IOCTL_HAL_REBOOT	2.12	2.12 and later	Pkfuncs.h		0
IOCTL_HID_ACQUIRE	1.0	1.0 and later			0
IOCTL_HID_ATTACH	1.0	1.0 and later			0
IOCTL_HID_ENUM_DEVICES	1.0	1.0 and later			0
IOCTL_HID_ENUM_OBJECTS	1.0	1.0 and later			0
IOCTL_HID_GET_INST_DATA	1.0	1.0 and later			0
IOCTL_HID_POLL	1.0	1.0 and later			0
IOCTL_HID_SET_FORMAT	1.0	1.0 and later			0
IOCTL_HID_TRANSFER_EVENT	1.0	1.0 and later			0
IOCTL_PROCESSOR_INFORMATION	3.0	3.0 and later	Pkfuncs.h		0
IOCTL_QUERY_PHYSICALMEM	3.0	3.0 and later	Pkfuncs.h		0
Ioctl_Register_DataCollector	3.0	3.0 and later	Oemioctl.c		0
Ioctl_Send_DataCollector	3.0	3.0 and later	Oemioctl.c		0
IOCTL_SERIAL_CLR_DTR	1.0	1.0 and later	Pegdser.h		1
IOCTL_SERIAL_CLR_RTS	1.0	1.0 and later	Pegdser.h		1
IOCTL_SERIAL_DISABLE_IR	1.0	1.0 and later	Pegdser.h		1
IOCTL_SERIAL_ENABLE_IR	1.0	1.0 and later	Pegdser.h		1
IOCTL_SERIAL_GET_COMMSTATUS	1.0	1.0 and later	Pegdser.h		1
IOCTL_SERIAL_GET_DCB	1.0	1.0 and later	Pegdser.h		1
IOCTL_SERIAL_GET_MODEMSTATUS	1.0	1.0 and later	Pegdser.h		1
IOCTL_SERIAL_GET_PROPERTIES	1.0	1.0 and later	Pegdser.h		1
IOCTL_SERIAL_GET_TIMEOUTS	1.0	1.0 and later	Pegdser.h		1
IOCTL_SERIAL_GET_WAIT_MASK	1.0	1.0 and later	Pegdser.h		1
IOCTL_SERIAL_IMMEDIATE_CHAR	1.0	1.0 and later	Pegdser.h		1
IOCTL_SERIAL_PURGE	1.0	1.0 and later	Pegdser.h		1
IOCTL_SERIAL_SET_BREAK_OFF	1.0	1.0 and later	Pegdser.h		1
IOCTL_SERIAL_SET_BREAK_ON	1.0	1.0 and later	Pegdser.h		1
IOCTL_SERIAL_SET_DCB	1.0	1.0 and later	Pegdser.h		1
IOCTL_SERIAL_SET_DTR	1.0	1.0 and later	Pegdser.h		1
IOCTL_SERIAL_SET_QUEUE_SIZE	1.0	1.0 and later	Pegdser.h		1
IOCTL_SERIAL_SET_RTS	1.0	1.0 and later	Pegdser.h		1
IOCTL_SERIAL_SET_TIMEOUTS	1.0	1.0 and later	Pegdser.h		1
IOCTL_SERIAL_SET_WAIT_MASK	1.0	1.0 and later	Pegdser.h		1
IOCTL_SERIAL_SET_XOFF	1.0	1.0 and later	Pegdser.h		1
IOCTL_SERIAL_SET_XON	1.0	1.0 and later	Pegdser.h		1
IOCTL_SERIAL_WAIT_ON_MASK	1.0	1.0 and later	Pegdser.h		1
IOCTL_SET_KERNEL_COMM_DEV	3.0	3.0 and later	Pkfuncs.h		0
Ioctl_Unregister_DataCollector	3.0	3.0 and later	Oemioctl.c		0
ioctlsocket	1.0	1.0 and later	Winsock.h		1
IOleAdviseHolder	2.0	2.0 and later	Oleidl.h		1
IOleClientSite	2.0	2.0 and later	Oleidl.h		1
IOleObject	2.0	2.0 and later	Oleidl.h		1
IP_ADAPTER_INDEX_MAP	3.0	3.0 and later	Ipexport.h		1
IP_ADAPTER_INFO	3.0	3.0 and later	Iptypes.h		1
IP_INTERFACE_INFO	3.0	3.0 and later	Ipexport.h		1
IP_NAT_DIRECTION	3.0	3.0 and later	Natedit.h	Coredll.dll	1
IP_NAT_REGISTER_EDITOR	3.0	3.0 and later	Natedit.h	Coredll.dll	1
IP_NAT_SESSION_MAPPING_STATISTICS	3.0	3.0 and later	Natedit.h	Coredll.dll	1
IP_OPTION_INFORMATION	2.0	2.0 and later	ipexport.h		1
IP_PER_ADAPTER_INFO	3.0	3.0 and later	Iptypes.h		1
IP_UNIDIRECTIONAL_ADAPTER_ADDRESS	3.0	3.0 and later	Ipexport.h		1
IPegasusFileFilter	1.0	1.0 and later	Replfilt.h		1
IPegasusFileFilterSite	1.0	1.0 and later	Replfilt.h		1
IPersist	2.0	2.0 and later	Oleidl.h		1
IPersistFile	3.0	3.0 and later	Objidl.h		1
IPersistStorage	2.0	2.0 and later	Oleidl.h		1
IPersistStreamInit	3.0	3.0 and later	Ocidl.h		1
IPOutlookApp	2.0	2.0 and later	pimstore.h		1
IPRcvBuf	3.0	3.0 and later	Natedit.h	Coredll.dll	1
IpReleaseAddress	3.0	3.0 and later	Iphlpapi.h	Iphlpapi.lib	1
IpRenewAddress	3.0	3.0 and later	Iphlpapi.h	Iphlpapi.lib	1
IRAPIStream	2.0	2.0 and later	Rapi.h		1
IReplNotify	2.0	2.0 and later	Cesync.h		1
IReplObjHandler	2.0	2.0 and later	Cesync.h		1
IReplStore	2.0	2.0 and later	Cesync.h		1
IRootStorage	2.0	2.0 and later	Oleidl.h		1
IROTData	3.0	3.0 and later	Objidl.h		1
IRunnableObject	3.0	3.0 and later	Objidl.h		1
IRunningObjectTable	3.0	3.0 and later	Objidl.h		1
IsAPIReady	2.10	2.10 and later	Windev.h	Coredll.dll	0
IsBadCodePtr	1.0	1.0 and later	Winbase.h	Lmem.lib	1
IsBadReadPtr	1.0	1.0 and later	Winbase.h	Coredll.lib, Nk.lib	1
IsBadWritePtr	1.0	1.0 and later	Winbase.h	Coredll.lib, Nk.lib	1
IsCharAlpha	1.0	1.0 and later	Winbase.h	Coreloc.lib	1
IsCharAlphaNumeric	1.0	1.0 and later	Winbase.h	Coreloc.lib	1
IsCharLower	1.0	1.0 and later	Winbase.h		1
IsCharUpper	1.0	1.0 and later	Winbase.h		1
IsChild	1.0	1.0 and later	Winuser.h		1
IsClipboardFormatAvailable	1.0	1.0 and later	Winuser.h	Clipbd.lib	1
IsDBCSLeadByte	1.01	1.01 and later	Winnls.h		1
IsDBCSLeadByteEx	1.01	1.01 and later	Winnls.h		1
IsDefaultPipeHalted	2.10	2.10 and later			0
IsDialogMessage	1.0	1.0 and later	Winuser.h	Dlgmgr.lib	1
IsEqualGUID	3.0	3.0 and later	Objbase.h		1
ISequentialStream	3.0	3.0 and later	Objidl.h		1
IServerSecurity	3.0	3.0 and later	Objidl.h		1
IsListEmpty	2.0	2.0 and later	Ntcompat.h		0
IsPipeHalted	2.10	2.10 and later			0
IsRectEmpty	1.0	1.0 and later	Winuser.h	Rectapi.lib	1
IssueBulkTransfer	2.10	2.10 and later			1
IssueControlTransfer	2.10	2.10 and later			0
IssueInterruptTransfer	2.10	2.10 and later			1
IssueIsochTransfer	2.10	2.10 and later			0
IssueVendorTransfer	2.10	2.10 and later			1
IStdMarshalInfo	3.0	3.0 and later	Objidl.h		1
IStorage	2.0	2.0 and later	Objidl.h		1
IsTransferComplete	2.10	2.10 and later			0
IStream	2.0	2.0 and later	Objidl.h		1
ISupportErrorInfo	2.0	2.0 and later	Oaidl.h		1
IsValidCodePage	1.0	1.0 and later	Winnls.h	Coreloc.lib	1
IsValidLocale	1.0	1.0 and later	Winnls.h	Coreloc.lib	1
IsWindow	1.0	1.0 and later	Winuser.h		1
IsWindowEnabled	1.0	1.0 and later	Winuser.h	Wmgr_c.lib	1
IsWindowVisible	1.0	1.0 and later	Winuser.h		1
ITEMIDLIST	1.0	1.0 and later	Shlobj.h		1
ITypeComp	2.0	2.0 and later	Oaidl.h		1
ITypeInfo	2.0	2.0 and later	Oaidl.h		1
ITypeInfo2	2.0	2.0 and later	Oaidl.h		1
ITypeLib	2.0	2.0 and later	Oaidl.h		1
IUnknown	1.0	1.0 and later	Unknwn.h		1
IViewObject	2.0	2.0 and later	Oleidl.h		1
KCompareFileTime	2.10	2.10 and later	Nkintr.h		0
KD_BPINFO	3.0	3.0 and later	Pkfuncs.h		0
KD_IOCTL_CLEAR_CBP	3.0	3.0 and later	Pkfuncs.h		0
KD_IOCTL_CLEAR_DBP	3.0	3.0 and later	Pkfuncs.h		0
KD_IOCTL_ENUM_CBP	3.0	3.0 and later	Pkfuncs.h		0
KD_IOCTL_ENUM_DBP	3.0	3.0 and later	Pkfuncs.h		0
KD_IOCTL_QUERY_CBP	3.0	3.0 and later	Pkfuncs.h		0
KD_IOCTL_QUERY_DBP	3.0	3.0 and later	Pkfuncs.h		0
KD_IOCTL_REBOOT	3.0	3.0 and later	Pkfuncs.h		0
KD_IOCTL_SET_CBP	3.0	3.0 and later	Pkfuncs.h		0
KD_IOCTL_SET_DBP	3.0	3.0 and later	Pkfuncs.h		0
KdBreakPoint	2.0	2.0 and later	Ndis.h		0
KdPrint	2.0	2.0 and later	Ndis.h		0
KernelIoControl	2.10	2.10 and later	Pkfuncs.h		0
KernelIoControl	3.0	3.0 and later	kfuncs.h		0
keybd_event	1.0	1.0 and later	Winuser.h	Uibase.lib	1
KeybdDriverGetInfo	1.0	1.0 and later	Keybdmdd.cpp		0
KeybdDriverInitialize	1.0	1.0 and later	Keybdmdd.cpp		0
KeybdDriverInitStates	1.0	1.0 and later	Keybdmdd.cpp		0
KeybdDriverPowerHandler	1.0	1.0 and later	Keybdmdd.cpp		0
KeybdDriverSetMode	1.0	1.0 and later	Keybdmdd.cpp		0
KeybdDriverVKeyToUnicode	1.0	1.0 and later	Keybdmdd.cpp		0
KeybdEventCallback	1.0	1.0 and later	Keybddr.h		0
KeybdPdd_DllEntry	1.0	1.0 and later			0
KeybdPdd_GetEvent	1.0	1.0 and later			0
KeybdPdd_InitializeDriver	1.0	1.0 and later			0
KeybdPdd_PowerHandler	1.0	1.0 and later			0
KFileTimeToSystemTime	2.10	2.10 and later	Nkintr.h		0
KillTimer	1.0	1.0 and later	Winbase.h		1
KSystemTimeToFileTime	2.10	2.10 and later	Nkintr.h		0
LB_ADDSTRING	1.0	1.0 and later	Winuser.h		1
LB_DELETESTRING	1.0	1.0 and later	Winuser.h		1
LB_FINDSTRING	1.0	1.0 and later	Winuser.h		1
LB_FINDSTRINGEXACT	1.0	1.0 and later	Winuser.h		1
LB_GETANCHORINDEX	1.0	1.0 and later	Winuser.h		1
LB_GETCARETINDEX	1.0	1.0 and later	Winuser.h		1
LB_GETCOUNT	1.0	1.0 and later	Winuser.h		1
LB_GETCURSEL	1.0	1.0 and later	Winuser.h		1
LB_GETHORIZONTALEXTENT	1.0	1.0 and later	Winuser.h		1
LB_GETITEMDATA	1.0	1.0 and later	Winuser.h		1
LB_GETITEMHEIGHT	1.0	1.0 and later	Winuser.h		1
LB_GETITEMRECT	1.0	1.0 and later	Winuser.h		1
LB_GETLOCALE	1.0	1.0 and later	Winuser.h		1
LB_GETSEL	1.0	1.0 and later	Winuser.h		1
LB_GETSELCOUNT	1.0	1.0 and later	Winuser.h		1
LB_GETSELITEMS	1.0	1.0 and later	Winuser.h		1
LB_GETTEXT	1.0	1.0 and later	Winuser.h		1
LB_GETTEXTLEN	1.0	1.0 and later	Winuser.h		1
LB_GETTOPINDEX	1.0	1.0 and later	Winuser.h		1
LB_INITSTORAGE	1.0	1.0 and later	Winuser.h		1
LB_INSERTSTRING	1.0	1.0 and later	Winuser.h		1
LB_ITEMFROMPOINT	1.0	1.0 and later	Winuser.h		1
LB_RESETCONTENT	1.0	1.0 and later	Winuser.h		1
LB_SELECTSTRING	1.0	1.0 and later	Winuser.h		1
LB_SELITEMRANGE	1.0	1.0 and later	Winuser.h		1
LB_SELITEMRANGEEX	1.0	1.0 and later	Winuser.h		1
LB_SETANCHORINDEX	1.0	1.0 and later	Winuser.h		1
LB_SETCARETINDEX	1.0	1.0 and later	Winuser.h		1
LB_SETCOLUMNWIDTH	1.0	1.0 and later	Winuser.h		1
LB_SETCURSEL	1.0	1.0 and later	Winuser.h		1
LB_SETHORIZONTALEXTENT	1.0	1.0 and later	Winuser.h		1
LB_SETITEMDATA	1.0	1.0 and later	Winuser.h		1
LB_SETITEMHEIGHT	1.0	1.0 and later	Winuser.h		1
LB_SETLOCALE	1.0	1.0 and later	Winuser.h		1
LB_SETSEL	1.0	1.0 and later	Winuser.h		1
LB_SETTABSTOPS	1.0	1.0 and later	Winuser.h		1
LB_SETTOPINDEX	1.0	1.0 and later	Winuser.h		1
LBN_DBLCLK	1.0	1.0 and later	Winuser.h		1
LBN_ERRSPACE	1.0	1.0 and later	Winuser.h		1
LBN_KILLFOCUS	1.0	1.0 and later	Winuser.h		1
LBN_SELCANCEL	1.0	1.0 and later	Winuser.h		1
LBN_SELCHANGE	1.0	1.0 and later	Winuser.h		1
LBN_SETFOCUS	1.0	1.0 and later	Winuser.h		1
LCMapString	1.0	1.0 and later	Winnls.h	Coreloc.lib	1
LeaveCriticalSection	1.0	1.0 and later	Winbase.h	Coremain.lib	1
LINE_ADDRESSSTATE	1.0	1.0 and later	Tapi.h		1
LINE_CALLINFO	1.0	1.0 and later	Tapi.h		1
LINE_CALLSTATE	1.0	1.0 and later	Tapi.h		1
LINE_CLOSE	1.0	1.0 and later	Tapi.h		1
LINE_CREATE	1.0	1.0 and later	Tapi.h		1
LINE_DEVSPECIFIC	1.0	1.0 and later	Tapi.h		1
LINE_LINEDEVSTATE	1.0	1.0 and later	Tapi.h		1
LINE_REMOVE	1.0	1.0 and later	Tapi.h		1
LINE_REPLY	1.0	1.0 and later	Tapi.h		0
lineAccept	1.0	1.0 and later	Tapi.h	Coredll.lib	1
lineAddProvider	2.0	2.0 and later	Tapi.h	Coredll.lib	1
lineAddToConference	1.0	1.0 and later	Tapi.h	Coredll.lib	1
lineAnswer	1.0	1.0 and later	Tapi.h	Coredll.lib	1
lineBlindTransfer	1.0	1.0 and later	Tapi.h	Coredll.lib	1
lineCallbackFunc	1.0	1.0 and later	Tapi.h	Coredll.lib	1
LINECALLINFO	1.0	1.0 and later	Tapi.h		1
LINECALLPARAMS	1.0	1.0 and later	Tapi.h		1
LINECALLSTATUS	1.0	1.0 and later	Tapi.h		1
lineClose	1.0	1.0 and later	Tapi.h	Coredll.lib	1
lineCompleteTransfer	1.0	1.0 and later	Tapi.h	Coredll.lib	1
LINECONFIGDATA	2.10	2.10 and later	Netui.h		0
lineConfigDialogEdit	1.0	1.0 and later	Tapi.h	Coredll.lib	1
LineConfigEdit	2.10	2.10 and later	Netui.h		0
lineDeallocateCall	1.0	1.0 and later	Tapi.h	Coredll.lib	1
LINEDEVCAPS	1.0	1.0 and later	Tapi.h		1
lineDevSpecific	1.0	1.0 and later	Tapi.h	Coredll.lib	1
LINEDEVSTATUS	1.0	1.0 and later	Tapi.h		1
lineDial	1.0	1.0 and later	Tapi.h	Coredll.lib	1
LINEDIALPARAMS	1.0	1.0 and later	Tapi.h		1
lineDrop	1.0	1.0 and later	Tapi.h	Coredll.lib	1
lineForward	1.0	1.0 and later	Tapi.h	Coredll.lib	1
lineGenerateDigits	1.0	1.0 and later	Tapi.h	Coredll.lib	1
lineGenerateTone	1.0	1.0 and later	Tapi.h	Coredll.lib	1
lineGetAddressCaps	1.0	1.0 and later	Tapi.h	Coredll.lib	1
lineGetAddressID	1.0	1.0 and later	Tapi.h	Coredll.lib	1
lineGetAddressStatus	1.0	1.0 and later	Tapi.h	Coredll.lib	1
lineGetAppPriority	1.0	1.0 and later	Tapi.h	Coredll.lib	1
lineGetCallInfo	1.0	1.0 and later	Tapi.h	Coredll.lib	1
lineGetCallStatus	1.0	1.0 and later	Tapi.h	Coredll.lib	1
lineGetConfRelatedCalls	1.0	1.0 and later	Tapi.h	Coredll.lib	1
lineGetDevCaps	1.0	1.0 and later	Tapi.h	Coredll.lib	1
lineGetDevConfig	1.0	1.0 and later	Tapi.h	Coredll.lib	1
lineGetIcon	1.0	1.0 and later	Tapi.h	Coredll.lib	1
lineGetID	1.0	1.0 and later	Tapi.h	Coredll.lib	1
lineGetLineDevStatus	1.0	1.0 and later	Tapi.h	Coredll.lib	1
lineGetMessage	3.0	3.0 and later	Tapi.h	Coredll.lib	1
lineGetNewCalls	1.0	1.0 and later	Tapi.h	Coredll.lib	1
lineGetNumRings	1.0	1.0 and later	Tapi.h	Coredll.lib	1
lineGetProviderList	1.0	1.0 and later	Tapi.h	Coredll.lib	1
lineGetStatusMessages	1.0	1.0 and later	Tapi.h	Coredll.lib	1
lineGetTranslateCaps	1.0	1.0 and later	Tapi.h	Coredll.lib	1
lineHandoff	1.0	1.0 and later	Tapi.h	Coredll.lib	1
lineHold	1.0	1.0 and later	Tapi.h	Coredll.lib	1
lineInitialize	1.0	1.0 and later	Tapi.h	Coredll.lib	1
lineInitializeEx	3.0	3.0 and later	Tapi.h	Coredll.lib	1
LINEINITIALIZEEXPARAMS	3.0	3.0 and later	Tapi.h		1
LINELOCATIONENTRY	1.0	1.0 and later	Tapi.h		1
lineMakeCall	1.0	1.0 and later	Tapi.h	Coredll.lib	1
LINEMESSAGE	3.0	3.0 and later	Tapi.h		1
lineMonitorDigits	1.0	1.0 and later	Tapi.h	Coredll.lib	1
lineMonitorMedia	1.0	1.0 and later	Tapi.h	Coredll.lib	1
lineNegotiateAPIVersion	1.0	1.0 and later	Tapi.h	Coredll.lib	1
lineNegotiateExtVersion	1.0	1.0 and later	Tapi.h	Coredll.lib	1
lineOpen	1.0	1.0 and later	Tapi.h	Coredll.lib	1
linePickup	1.0	1.0 and later	Tapi.h	Coredll.lib	1
linePrepareAddToConference	1.0	1.0 and later	Tapi.h	Coredll.lib	1
lineRedirect	1.0	1.0 and later	Tapi.h	Coredll.lib	1
lineReleaseUserUserInfo	1.0	1.0 and later	Tapi.h	Coredll.lib	1
lineRemoveFromConference	1.0	1.0 and later	Tapi.h	Coredll.lib	1
lineSendUserUserInfo	1.0	1.0 and later	Tapi.h	Coredll.lib	1
lineSetAppPriority	1.0	1.0 and later	Tapi.h	Coredll.lib	1
lineSetCallParams	1.0	1.0 and later	Tapi.h	Coredll.lib	1
lineSetCallPrivilege	1.0	1.0 and later	Tapi.h	Coredll.lib	1
lineSetCurrentLocation	2.10	2.10 and later	Tapi.h	Coredll.lib	1
lineSetDevConfig	1.0	1.0 and later	Tapi.h	Coredll.lib	1
lineSetMediaMode	1.0	1.0 and later	Tapi.h	Coredll.lib	1
lineSetNumRings	1.0	1.0 and later	Tapi.h	Coredll.lib	1
lineSetStatusMessages	1.0	1.0 and later	Tapi.h	Coredll.lib	1
lineSetTerminal	1.0	1.0 and later	Tapi.h	Coredll.lib	1
lineSetupConference	1.0	1.0 and later	Tapi.h	Coredll.lib	1
lineSetupTransfer	1.0	1.0 and later	Tapi.h	Coredll.lib	1
lineShutdown	1.0	1.0 and later	Tapi.h	Coredll.lib	1
lineSwapHold	1.0	1.0 and later	Tapi.h	Coredll.lib	1
lineTranslateAddress	1.0	1.0 and later	Tapi.h	Coredll.lib	1
LINETRANSLATECAPS	1.0	1.0 and later	Tapi.h		1
lineTranslateDialog	1.0	1.0 and later	Tapi.h	Coredll.lib	1
LineTranslateDialog	2.10	2.10 and later	Netui.h		0
LINETRANSLATEOUTPUT	1.0	1.0 and later	Tapi.h		1
lineUnhold	1.0	1.0 and later	Tapi.h	Coredll.lib	1
LINGER	1.0	1.0 and later	Winsock.h		1
listen	1.0	1.0 and later	Winsock.h		1
ListView_ApproximateViewRect	2.0	2.0 and later	Commctrl.h		1
ListView_Arrange	1.0	1.0 and later	Commctrl.h		1
ListView_CreateDragImage	1.0	1.0 and later	Commctrl.h		1
ListView_DeleteAllItems	1.0	1.0 and later	Commctrl.h		1
ListView_DeleteColumn	1.0	1.0 and later	Commctrl.h		1
ListView_DeleteItem	1.0	1.0 and later	Commctrl.h		1
ListView_EditLabel	1.0	1.0 and later	Commctrl.h		1
ListView_EnsureVisible	1.0	1.0 and later	Commctrl.h		1
ListView_FindItem	1.0	1.0 and later	Commctrl.h		1
ListView_GetBkColor	1.0	1.0 and later	Commctrl.h		1
ListView_GetCallbackMask	1.0	1.0 and later	Commctrl.h		1
ListView_GetCheckState	2.0	2.0 and later	Commctrl.h		1
ListView_GetColumn	1.0	1.0 and later	Commctrl.h		1
ListView_GetColumnOrderArray	2.0	2.0 and later	Commctrl.h		1
ListView_GetColumnWidth	1.0	1.0 and later	Commctrl.h		1
ListView_GetCountPerPage	1.0	1.0 and later	Commctrl.h		1
ListView_GetEditControl	1.0	1.0 and later	Commctrl.h		1
ListView_GetExtendedListViewStyle	2.0	2.0 and later	Commctrl.h		1
ListView_GetHeader	2.0	2.0 and later	Commctrl.h		1
ListView_GetImageList	1.0	1.0 and later	Commctrl.h		1
ListView_GetISearchString	1.0	1.0 and later	Commctrl.h		1
ListView_GetItem	1.0	1.0 and later	Commctrl.h		1
ListView_GetItemCount	1.0	1.0 and later	Commctrl.h		1
ListView_GetItemPosition	1.0	1.0 and later	Commctrl.h		1
ListView_GetItemRect	1.0	1.0 and later	Commctrl.h		1
ListView_GetItemSpacing	1.0	1.0 and later	Commctrl.h		1
ListView_GetItemState	1.0	1.0 and later	Commctrl.h		1
ListView_GetItemText	1.0	1.0 and later	Commctrl.h		1
ListView_GetNextItem	1.0	1.0 and later	Commctrl.h		1
ListView_GetOrigin	1.0	1.0 and later	Commctrl.h		1
ListView_GetSelectedCount	1.0	1.0 and later	Commctrl.h		1
ListView_GetSelectionMark	2.0	2.0 and later	Commctrl.h		1
ListView_GetStringWidth	1.0	1.0 and later	Commctrl.h		1
ListView_GetSubItemRect	2.0	2.0 and later	Commctrl.h		1
ListView_GetTextBkColor	1.0	1.0 and later	Commctrl.h		1
ListView_GetTextColor	1.0	1.0 and later	Commctrl.h		1
ListView_GetTopIndex	1.0	1.0 and later	Commctrl.h		1
ListView_GetViewRect	1.0	1.0 and later	Commctrl.h		1
ListView_HitTest	1.0	1.0 and later	Commctrl.h		1
ListView_InsertColumn	1.0	1.0 and later	Commctrl.h		1
ListView_InsertItem	1.0	1.0 and later	Commctrl.h		1
ListView_RedrawItems	1.0	1.0 and later	Commctrl.h		1
ListView_Scroll	1.0	1.0 and later	Commctrl.h		1
ListView_SetBkColor	1.0	1.0 and later	Commctrl.h		1
ListView_SetCallbackMask	1.0	1.0 and later	Commctrl.h		1
ListView_SetColumn	1.0	1.0 and later	Commctrl.h		1
ListView_SetColumnOrderArray	2.0	2.0 and later	Commctrl.h		1
ListView_SetColumnWidth	1.0	1.0 and later	Commctrl.h		1
ListView_SetExtendedListViewStyle	2.0	2.0 and later	Commctrl.h		1
ListView_SetIconSpacing	2.0	2.0 and later	Commctrl.h		1
ListView_SetImageList	1.0	1.0 and later	Commctrl.h		1
ListView_SetItem	1.0	1.0 and later	Commctrl.h		1
ListView_SetItemCount	1.0	1.0 and later	Commctrl.h		1
ListView_SetItemCountEx	2.0	2.0 and later	Commctrl.h		1
ListView_SetItemPosition	1.0	1.0 and later	Commctrl.h		1
ListView_SetItemPosition32	1.0	1.0 and later	Commctrl.h		1
ListView_SetItemState	1.0	1.0 and later	Commctrl.h		1
ListView_SetItemText	1.0	1.0 and later	Commctrl.h		1
ListView_SetSelectionMark	2.0	2.0 and later	Commctrl.h		1
ListView_SetTextBkColor	1.0	1.0 and later	Commctrl.h		1
ListView_SetTextColor	1.0	1.0 and later	Commctrl.h		1
ListView_SortItems	1.0	1.0 and later	Commctrl.h		1
ListView_SubItemHitTest	2.0	2.0 and later	Commctrl.h		1
ListView_Update	1.0	1.0 and later	Commctrl.h		1
LMDATA	2.12	2.12 and later	Sip.h		1
LOAD_DLL_DEBUG_INFO	2.0	2.0 and later	Winbase.h		1
LoadAccelerators	1.0	1.0 and later	Winuser.h	Accel.lib	1
LoadBitmap	1.0	1.0 and later	Winuser.h	Loadbmp.lib	1
LoadCursor	1.0	1.0 and later	Winuser.h	Cursor.lib, Mcursor.lib	1
LoadDriver	2.10	2.10 and later	Pkfuncs.h		0
LoadFSD	2.10	2.10 and later	Winbase.h	Coredll.lib	1
LoadFSDEx	2.12	2.12 and later	Winbase.h	Device.lib	1
LoadGenericInterfaceDriver	2.10	2.10 and later			0
LoadIcon	1.0	1.0 and later	Winuser.h	Icon.lib	1
LoadImage	1.0	1.0 and later	Winuser.h	Loadimg.lib	1
LoadLibrary	1.0	1.0 and later	Winbase.h	Nk.lib	1
LoadLibraryEx	3.0	3.0 and later	Winbase.h	Nk.lib	1
LoadMenu	1.0	1.0 and later	Winuser.h	Menu.lib	1
LoadRegTypeLib	2.0	2.0 and later	Oleauto.h		1
LoadResource	1.0	1.0 and later	Winbase.h	Coredll.lib, Nk.lib	1
LoadString	1.0	1.0 and later	Winbase.h	Loadstr.lib	1
LoadTypeLib	2.0	2.0 and later	Oleauto.h	Oleaut32.lib	1
LOBYTE	1.0	1.0 and later	Windef.h		1
LocalAlloc	1.0	1.0 and later	Winbase.h	Lmem.lib	1
LocalFileTimeToFileTime	1.0	1.0 and later	Winbase.h		1
LocalFree	1.0	1.0 and later	Winbase.h	Lmem.lib	1
LocalReAlloc	1.0	1.0 and later	Winbase.h	Lmem.lib	1
LocalSize	1.0	1.0 and later	Winbase.h	Lmem.lib	1
LockPages	2.10	2.10 and later	Pkfuncs.h		0
LOGBRUSH	2.0	2.0 and later	Wingdi.h		1
LOGFONT	1.0	1.0 and later	Wingdi.h		1
LOGPALETTE	2.0	2.0 and later	Wingdi.h		1
LOGPEN	1.0	1.0 and later	Wingdi.h		1
LogProcessCreate	2.10	2.10 and later	Kerninst.c		0
LogProcessDelete	2.10	2.10 and later	Kerninst.c		0
LogThreadCreate	2.10	2.10 and later	Kerninst.c		0
LogThreadDelete	2.10	2.10 and later	Kerninst.c		0
LogThreadSwitch	2.10	2.10 and later	Kerninst.c		0
LOWORD	1.0	1.0 and later	Windef.h		1
lpParallelPortGetByteFunc	3.0	3.0 and later	Nkintr.h		0
lpParallelPortSendByteFunc	3.0	3.0 and later	Nkintr.h		0
lpReadDebugByteFunc	2.10	2.10 and later	Nkintr.h		0
lpWriteDebugByteFunc	2.10	2.10 and later	Nkintr.h		0
lpWriteDebugStringFunc	2.10	2.10 and later	Nkintr.h		0
LV_DISPINFO	1.0	1.0 and later	Commctrl.h		1
LV_FINDINFO	1.0	1.0 and later	Commctrl.h		1
LVCOLUMN	2.0	2.0 and later	Commctrl.h		1
LVFINDINFO	2.0	2.0 and later	Commctrl.h		1
LVHITTESTINFO	2.0	2.0 and later	Commctrl.h		1
LVITEM	2.0	2.0 and later	Commctrl.h		1
LVM_APPROXIMATEVIEWRECT	2.0	2.0 and later	Commctrl.h		1
LVM_ARRANGE	1.0	1.0 and later	Commctrl.h		1
LVM_CREATEDRAGIMAGE	1.0	1.0 and later	Commctrl.h		1
LVM_DELETEALLITEMS	1.0	1.0 and later	Commctrl.h		1
LVM_DELETECOLUMN	1.0	1.0 and later	Commctrl.h		1
LVM_DELETEITEM	1.0	1.0 and later	Commctrl.h		1
LVM_EDITLABEL	1.0	1.0 and later	Commctrl.h		1
LVM_ENSUREVISIBLE	1.0	1.0 and later	Commctrl.h		1
LVM_FINDITEM	1.0	1.0 and later	Commctrl.h		1
LVM_GETBKCOLOR	1.0	1.0 and later	Commctrl.h		1
LVM_GETCALLBACKMASK	1.0	1.0 and later	Commctrl.h		1
LVM_GETCOLUMN	1.0	1.0 and later	Commctrl.h		1
LVM_GETCOLUMNORDERARRAY	1.0	1.0 and later	Commctrl.h		1
LVM_GETCOLUMNWIDTH	1.0	1.0 and later	Commctrl.h		1
LVM_GETCOUNTPERPAGE	1.0	1.0 and later	Commctrl.h		1
LVM_GETEDITCONTROL	1.0	1.0 and later	Commctrl.h		1
LVM_GETEXTENDEDLISTVIEWSTYLE	1.0	1.0 and later	Commctrl.h		1
LVM_GETHEADER	2.0	2.0 and later	Commctrl.h		1
LVM_GETIMAGELIST	1.0	1.0 and later	Commctrl.h		1
LVM_GETISEARCHSTRING	1.0	1.0 and later	Commctrl.h		1
LVM_GETITEM	1.0	1.0 and later	Commctrl.h		1
LVM_GETITEMCOUNT	1.0	1.0 and later	Commctrl.h		1
LVM_GETITEMPOSITION	1.0	1.0 and later	Commctrl.h		1
LVM_GETITEMRECT	1.0	1.0 and later	Commctrl.h		1
LVM_GETITEMSPACING	1.0	1.0 and later	Commctrl.h		1
LVM_GETITEMSTATE	1.0	1.0 and later	Commctrl.h		1
LVM_GETITEMTEXT	1.0	1.0 and later	Commctrl.h		1
LVM_GETNEXTITEM	1.0	1.0 and later	Commctrl.h		1
LVM_GETORIGIN	1.0	1.0 and later	Commctrl.h		1
LVM_GETSELECTEDCOUNT	1.0	1.0 and later	Commctrl.h		1
LVM_GETSELECTIONMARK	1.0	1.0 and later	Commctrl.h		1
LVM_GETSTRINGWIDTH	1.0	1.0 and later	Commctrl.h		1
LVM_GETSUBITEMRECT	2.0	2.0 and later	Commctrl.h		1
LVM_GETTEXTBKCOLOR	1.0	1.0 and later	Commctrl.h		1
LVM_GETTEXTCOLOR	1.0	1.0 and later	Commctrl.h		1
LVM_GETTOPINDEX	1.0	1.0 and later	Commctrl.h		1
LVM_GETVIEWRECT	1.0	1.0 and later	Commctrl.h		1
LVM_HITTEST	1.0	1.0 and later	Commctrl.h		1
LVM_INSERTCOLUMN	1.0	1.0 and later	Commctrl.h		1
LVM_INSERTITEM	1.0	1.0 and later	Commctrl.h		1
LVM_REDRAWITEMS	1.0	1.0 and later	Commctrl.h		1
LVM_SCROLL	1.0	1.0 and later	Commctrl.h		1
LVM_SETBKCOLOR	1.0	1.0 and later	Commctrl.h		1
LVM_SETCALLBACKMASK	1.0	1.0 and later	Commctrl.h		1
LVM_SETCOLUMN	1.0	1.0 and later	Commctrl.h		1
LVM_SETCOLUMNORDERARRAY	2.0	2.0 and later	Commctrl.h		1
LVM_SETCOLUMNWIDTH	1.0	1.0 and later	Commctrl.h		1
LVM_SETEXTENDEDLISTVIEWSTYLE	2.0	2.0 and later	Commctrl.h		1
LVM_SETICONSPACING	2.0	2.0 and later	Commctrl.h		1
LVM_SETIMAGELIST	1.0	1.0 and later	Commctrl.h		1
LVM_SETITEM	1.0	1.0 and later	Commctrl.h		1
LVM_SETITEMCOUNT	1.0	1.0 and later	Commctrl.h		1
LVM_SETITEMPOSITION	1.0	1.0 and later	Commctrl.h		1
LVM_SETITEMPOSITION32	1.0	1.0 and later	Commctrl.h		1
LVM_SETITEMSTATE	1.0	1.0 and later	Commctrl.h		1
LVM_SETITEMTEXT	1.0	1.0 and later	Commctrl.h		1
LVM_SETSELECTIONMARK	1.0	1.0 and later	Commctrl.h		1
LVM_SETTEXTBKCOLOR	1.0	1.0 and later	Commctrl.h		1
LVM_SETTEXTCOLOR	1.0	1.0 and later	Commctrl.h		1
LVM_SORTITEMS	1.0	1.0 and later	Commctrl.h		1
LVM_SUBITEMHITTEST	1.0	1.0 and later	Commctrl.h		1
LVM_UPDATE	1.0	1.0 and later	Commctrl.h		1
LVN_BEGINDRAG	1.0	1.0 and later	Commctrl.h		1
LVN_BEGINLABELEDIT	1.0	1.0 and later	Commctrl.h		1
LVN_COLUMNCLICK	1.0	1.0 and later	Commctrl.h		1
LVN_DELETEALLITEMS	1.0	1.0 and later	Commctrl.h		1
LVN_DELETEITEM	1.0	1.0 and later	Commctrl.h		1
LVN_ENDDRAG	1.0	1.0 and later	Commctrl.h		1
LVN_ENDLABELEDIT	1.0	1.0 and later	Commctrl.h		1
LVN_GETDISPINFO	1.0	1.0 and later	Commctrl.h		1
LVN_INSERTITEM	1.0	1.0 and later	Commctrl.h		1
LVN_ITEMACTIVATE	2.0	2.0 and later	Commctrl.h		1
LVN_ITEMCHANGED	1.0	1.0 and later	Commctrl.h		1
LVN_ITEMCHANGING	1.0	1.0 and later	Commctrl.h		1
LVN_KEYDOWN	1.0	1.0 and later	Commctrl.h		1
LVN_MARQUEEBEGIN	2.0	2.0 and later	Commctrl.h		1
LVN_ODCACHEHINT	2.0	2.0 and later	Commctrl.h		1
LVN_ODFINDITEM	2.0	2.0 and later	Commctrl.h		1
LVN_ODSTATECHANGED	2.0	2.0 and later	Commctrl.h		1
LVN_SETDISPINFO	1.0	1.0 and later	Commctrl.h		1
MainMemoryEndAddress	2.10	2.10 and later			0
MAKEINTRESOURCE	1.0	1.0 and later	Winuser.h		1
MAKELANGID	1.0	1.0 and later	Winnt.h		1
MAKELCID	1.0	1.0 and later	Winnt.h		1
MAKELONG	1.0	1.0 and later	Windef.h		1
MAKELPARAM	1.0	1.0 and later	Winuser.h		1
MAKELRESULT	1.0	1.0 and later	Winuser.h		1
MAKEROP4	2.0	2.0 and later	Wingdi.h		1
MakeSignature	2.10	2.10 and later	Sspi.h	Schannel.lib	1
MAKEWORD	1.0	1.0 and later	Windef.h		1
MAKEWPARAM	1.0	1.0 and later	Winuser.h		1
MapDialogRect	1.0	1.0 and later	Winuser.h	Dlgmgr.lib	1
MapNtStatusToWinError	3.0	3.0 and later			1
MapPtrToProcess	2.10	2.10 and later	Pkfuncs.h		0
MapViewOfFile	1.01	1.01 and later	Winbase.h	Coredll.lib	1
MapVirtualKey	1.0	1.0 and later	Winuser.h	Kbdui.lib	1
MapWindowPoints	1.0	1.0 and later	Winuser.h	Coredll.lib, Winmgr.lib	1
MapWindowRect	1.0	1.0 and later	Windowsx.h		1
MaskBlt	1.0	1.0 and later	Wingdi.h	Mgblt2.lib	1
MCHITTESTINFO	2.0	2.0 and later	Commctrl.h		1
MCM_GETCOLOR	2.0	2.0 and later	Commctrl.h		1
MCM_GETCURSEL	2.0	2.0 and later	Commctrl.h		1
MCM_GETFIRSTDAYOFWEEK	2.0	2.0 and later	Commctrl.h		1
MCM_GETMAXSELCOUNT	2.0	2.0 and later	Commctrl.h		1
MCM_GETMAXTODAYWIDTH	2.0	2.0 and later	Commctrl.h		1
MCM_GETMINREQRECT	2.0	2.0 and later	Commctrl.h		1
MCM_GETMONTHDELTA	2.0	2.0 and later	Commctrl.h		1
MCM_GETMONTHRANGE	2.0	2.0 and later	Commctrl.h		1
MCM_GETRANGE	2.0	2.0 and later	Commctrl.h		1
MCM_GETSELRANGE	2.0	2.0 and later	Commctrl.h		1
MCM_GETTODAY	2.0	2.0 and later	Commctrl.h		1
MCM_HITTEST	2.0	2.0 and later	Commctrl.h		1
MCM_SETCOLOR	2.0	2.0 and later	Commctrl.h		1
MCM_SETCURSEL	2.0	2.0 and later	Commctrl.h		1
MCM_SETDAYSTATE	2.0	2.0 and later	Commctrl.h		1
MCM_SETFIRSTDAYOFWEEK	2.0	2.0 and later	Commctrl.h		1
MCM_SETMAXSELCOUNT	2.0	2.0 and later	Commctrl.h		1
MCM_SETMONTHDELTA	2.0	2.0 and later	Commctrl.h		1
MCM_SETRANGE	2.0	2.0 and later	Commctrl.h		1
MCM_SETSELRANGE	2.0	2.0 and later	Commctrl.h		1
MCM_SETTODAY	2.0	2.0 and later	Commctrl.h		1
MCN_GETDAYSTATE	2.0	2.0 and later	Commctrl.h		1
MCN_SELCHANGE	2.0	2.0 and later	Commctrl.h		1
MCN_SELECT	2.0	2.0 and later	Commctrl.h		1
MEASUREITEMSTRUCT	1.0	1.0 and later	Winuser.h		1
MediaSpecificInformation	2.0	2.0 and later	Ndis.h		1
MEMBERID	2.0	2.0 and later	Oleauto.h		1
MEMORY_BASIC_INFORMATION	1.0	1.0 and later	Winnt.h		1
MEMORYSTATUS	1.0	1.0 and later	Winbase.h		1
MENUITEMINFO	1.0	1.0 and later	Winuser.h		1
MessageBeep	1.0	1.0 and later	Winbase.h	Msgbeep.lib	1
MessageBox	1.0	1.0 and later	Winuser.h	Msgbox.lib	1
METHODDATA	2.0	2.0 and later	Oleauto.h		1
MIB_BEST_IF	3.0	3.0 and later	Routprot.h		1
MIB_ICMP	3.0	3.0 and later	Iprtrmib.h		1
MIB_IFROW	3.0	3.0 and later	Iprtrmib.h		1
MIB_IFTABLE	3.0	3.0 and later	Iprtrmib.h		1
MIB_IPADDRROW	3.0	3.0 and later	Iprtrmib.h		1
MIB_IPADDRTABLE	3.0	3.0 and later	Iprtrmib.h		1
MIB_IPFORWARDROW	3.0	3.0 and later	Iprtrmib.h		1
MIB_IPFORWARDTABLE	3.0	3.0 and later	Iprtrmib.h		1
MIB_IPNETROW	3.0	3.0 and later	Iprtrmib.h		1
MIB_IPNETTABLE	3.0	3.0 and later	Iprtrmib.h		1
MIB_IPSTATS	3.0	3.0 and later	Iprtrmib.h		1
MIB_PROXYARP	3.0	3.0 and later	Iprtrmib.h		1
MIB_TCPROW	3.0	3.0 and later	Iprtrmib.h		1
MIB_TCPSTATS	3.0	3.0 and later	Iprtrmib.h		1
MIB_TCPTABLE	3.0	3.0 and later	Iprtrmib.h		1
MIB_UDPROW	3.0	3.0 and later	Iprtrmib.h		1
MIB_UDPSTATS	3.0	3.0 and later	Iprtrmib.h		1
MIB_UDPTABLE	3.0	3.0 and later	Iprtrmib.h		1
MIBICMPINFO	3.0	3.0 and later	Iprtrmib.h		1
MIBICMPSTATS	3.0	3.0 and later	Iprtrmib.h		1
MiniportCheckForHang	2.0	2.0 and later	Ndis.h	Ndislib.lib	1
MiniportDisableInterrupt	2.0	2.0 and later	Ndis.h	Ndislib.lib	1
MiniportEnableInterrupt	2.0	2.0 and later	Ndis.h	Ndislib.lib	1
MiniportHalt	2.0	2.0 and later	Ndis.h	Ndislib.lib	1
MiniportHandleInterrupt	2.0	2.0 and later	Ndis.h	Ndislib.lib	1
MiniportInitialize	2.0	2.0 and later	Ndis.h	Ndislib.lib	1
MiniportISR	2.0	2.0 and later	Ndis.h	Ndislib.lib	1
MiniportQueryInformation	2.0	2.0 and later	Ndis.h	Ndislib.lib	1
MiniportReconfigure	2.0	2.0 and later	Ndis.h	Ndislib.lib	1
MiniportReset	2.0	2.0 and later	Ndis.h	Ndislib.lib	1
MiniportReturnPacket	2.0	2.0 and later	Ndis.h	Ndislib.lib	1
MiniportSend	2.0	2.0 and later	Ndis.h	Ndislib.lib	1
MiniportSetInformation	2.0	2.0 and later	Ndis.h	Ndislib.lib	1
MiniportTransferData	2.0	2.0 and later	Ndis.h	Ndislib.lib	1
MiniportWanSend	2.0	2.0 and later	Ndis.h	Ndislib.lib	1
MIXERCAPS	2.12	2.12 or later. Version 2.12 requires DXPAK 1.0 or later.	mmsystem.h		1
mixerClose	2.12	2.12 or later. Version 2.12 requires DXPAK 1.0 or later.	mmsystem.h	mixerapi.lib	1
MIXERCONTROL	2.12	2.12 or later. Version 2.12 requires DXPAK 1.0 or later.	mmsystem.h		1
MIXERCONTROLDETAILS	2.12	2.12 or later. Version 2.12 requires DXPAK 1.0 or later.	mmsystem.h		1
MIXERCONTROLDETAILS_BOOLEAN	2.12	2.12 or later. Version 2.12 requires DXPAK 1.0 or later.	mmsystem.h		1
MIXERCONTROLDETAILS_LISTTEXT	2.12	2.12 or later. Version 2.12 requires DXPAK 1.0 or later.	mmsystem.h		1
MIXERCONTROLDETAILS_SIGNED	2.12	2.12 or later. Version 2.12 requires DXPAK 1.0 or later.	mmsystem.h		1
MIXERCONTROLDETAILS_UNSIGNED	2.12	2.12 or later. Version 2.12 requires DXPAK 1.0 or later.	mmsystem.h		1
mixerGetControlDetails	2.12	2.12 or later. Version 2.12 requires DXPAK 1.0 or later.	mmsystem.h	mixerapi.lib	1
mixerGetDevCaps	2.12	2.12 or later. Version 2.12 requires DXPAK 1.0 or later.	mmsystem.h	mixerapi.lib	1
mixerGetID	2.12	2.12 or later. Version 2.12 requires DXPAK 1.0 or later.	mmsystem.h	mixerapi.lib	1
mixerGetLineControls	2.12	2.12 or later. Version 2.12 requires DXPAK 1.0 or later.	mmsystem.h	mixerapi.lib	1
mixerGetLineInfo	2.12	2.12 or later. Version 2.12 requires DXPAK 1.0 or later.	mmsystem.h	mixerapi.lib	1
mixerGetNumDevs	2.12	2.12 or later. Version 2.12 requires DXPAK 1.0 or later.	mmsystem.h	mixerapi.lib	1
MIXERLINE	2.12	2.12 or later. Version 2.12 requires DXPAK 1.0 or later.	mmsystem.h		1
MIXERLINECONTROLS	2.12	2.12 or later. Version 2.12 requires DXPAK 1.0 or later.	mmsystem.h		1
mixerMessage	2.12	2.12 or later. Version 2.12 requires DXPAK 1.0 or later.	mmsystem.h	mixerapi.lib	1
mixerOpen	2.12	2.12 or later. Version 2.12 requires DXPAK 1.0 or later.	mmsystem.h	mixerapi.lib	1
mixerSetControlDetails	2.12	2.12 or later. Version 2.12 requires DXPAK 1.0 or later.	mmsystem.h	mixerapi.lib	1
MkParseDisplayName	3.0	3.0 and later	Objbase.h	Ole232.lib	1
MM_MIXM_CONTROL_CHANGE	2.12	2.12 or later. Version 2.12 requires DXPAK 1.0 or later.	mmsystem.h		1
MM_MIXM_LINE_CHANGE	2.12	2.12 or later. Version 2.12 requires DXPAK 1.0 or later.	mmsystem.h		1
MMDRV_MESSAGE_PARAMS	1.0	1.0 and later	Wavedev.h		1
MmMapIoSpace	2.10	2.10 and later	Ceddk.h		1
MMTIME	2.0	2.0 and later	Mmsystem.h		1
MmUnmapIoSpace	2.10	2.10 and later	Ceddk.h		1
Module32First	2.0	2.0 and later	Tlhelp32.h		1
Module32Next	2.0	2.0 and later	Tlhelp32.h		1
MODULEENTRY32	1.0	1.0 and later	Tlhelp32.h		1
MonikerCommonPrefixWith	3.0	3.0 and later	Objbase.h	Ole232.lib	1
MonikerRelativePathTo	3.0	3.0 and later	Objbase.h	Ole232.lib	1
MonitorEnumProc	4.0	4.0 and later	Winuser.h		1
MonitorFromPoint	4.0	4.0 and later	Winuser.h	User32.lib	1
MonitorFromRect	4.0	4.0 and later	Winuser.h	User32.lib	1
MonitorFromWindow	4.0	4.0 and later	Winuser.h	User32.lib	1
MONITORINFO	4.0	4.0 and later	Winuser.h		1
MONITORINFOEX	4.0	4.0 and later	Winuser.h		1
MonthCal_GetColor	2.0	2.0 and later	Commctrl.h	Commctrl.lib	1
MonthCal_GetCurSel	2.0	2.0 and later	Commctrl.h	Commctrl.lib	1
MonthCal_GetFirstDayOfWeek	2.0	2.0 and later	Commctrl.h	Commctrl.lib	1
MonthCal_GetMaxSelCount	2.0	2.0 and later	Commctrl.h	Commctrl.lib	1
MonthCal_GetMaxTodayWidth	2.0	2.0 and later	Commctrl.h		1
MonthCal_GetMinReqRect	2.0	2.0 and later	Commctrl.h	Commctrl.lib	1
MonthCal_GetMonthDelta	2.0	2.0 and later	Commctrl.h	Commctrl.lib	1
MonthCal_GetMonthRange	2.0	2.0 and later	Commctrl.h	Commctrl.lib	1
MonthCal_GetRange	2.0	2.0 and later	Commctrl.h	Commctrl.lib	1
MonthCal_GetSelRange	2.0	2.0 and later	Commctrl.h	Commctrl.lib	1
MonthCal_GetToday	2.0	2.0 and later	Commctrl.h	Commctrl.lib	1
MonthCal_HitTest	2.0	2.0 and later	Commctrl.h	Commctrl.lib	1
MonthCal_SetColor	2.0	2.0 and later	Commctrl.h	Commctrl.lib	1
MonthCal_SetCurSel	2.0	2.0 and later	Commctrl.h	Commctrl.lib	1
MonthCal_SetDayState	2.0	2.0 and later	Commctrl.h	Commctrl.lib	1
MonthCal_SetFirstDayOfWeek	2.0	2.0 and later	Commctrl.h	Commctrl.lib	1
MonthCal_SetMaxSelCount	2.0	2.0 and later	Commctrl.h	Commctrl.lib	1
MonthCal_SetMonthDelta	2.0	2.0 and later	Commctrl.h	Commctrl.lib	1
MonthCal_SetRange	2.0	2.0 and later	Commctrl.h	Commctrl.lib	1
MonthCal_SetSelRange	2.0	2.0 and later	Commctrl.h	Commctrl.lib	1
MonthCal_SetToday	2.0	2.0 and later	Commctrl.h		1
mouse_event	2.0	2.0 and later	Winuser.h	Wmgr_c.lib, Uibase.lib	1
MoveFile	1.0	1.0 and later	Winbase.h	Coredll.lib, Fsmain.lib	1
MoveWindow	1.0	1.0 and later	Winuser.h		1
MQCloseCursor	2.0	2.0 and later. Versions prior to 2.12 require the MSMQ add-on pack.	Mq.h	Msmqrt.lib	1
MQCloseQueue	2.0	2.0 and later. Versions prior to 2.12 require the MSMQ add-on pack.	Mq.h	Msmqrt.lib	1
MQCreateCursor	2.0	2.0 and later. Versions prior to 2.12 require the MSMQ add-on pack.	Mq.h	Msmqrt.lib	1
MQCreateQueue	2.0	2.0 and later. Versions prior to 2.12 require the MSMQ add-on pack.	Mq.h	Msmqrt.lib	1
MQDeleteQueue	2.0	2.0 and later. Versions prior to 2.12 require the MSMQ add-on pack.	Mq.h	Msmqrt.lib	1
MQFreeMemory	2.0	2.0 and later. Versions prior to 2.12 require the MSMQ add-on pack.	Mq.h	Msmqrt.lib	1
MQGetMachineProperties	2.0	2.0 and later. Versions prior to 2.12 require the MSMQ add-on pack.	Mq.h	Msmqrt.lib	1
MQGetQueueProperties	2.0	2.0 and later. Versions prior to 2.12 require the MSMQ add-on pack.	Mq.h	Msmqrt.lib	1
MQHandleToFormatName	2.0	2.0 and later. Versions prior to 2.12 require the MSMQ add-on pack.	Mq.h	Msmqrt.lib	1
MQMSGPROPS	2.0	2.0 and later. Versions prior to 2.12 require the MSMQ add-on pack.	Mq.h		1
MQOpenQueue	2.0	2.0 and later. Versions prior to 2.12 require the MSMQ add-on pack.	Mq.h	Msmqrt.lib	1
MQPathNameToFormatName	2.0	2.0 and later. Versions prior to 2.12 require the MSMQ add-on pack.	Mq.h	Msmqrt.lib	1
MQPROPVARIANT	2.0	2.0 and later. Versions prior to 2.12 require the MSMQ add-on pack.	Mq.h		1
MQQMPROPS	2.0	2.0 and later. Versions prior to 2.12 require the MSMQ add-on pack.	Mq.h		1
MQQUEUEPROPS	2.0	2.0 and later. Versions prior to 2.12 require the MSMQ add-on pack.	Mq.h		1
MQReceiveMessage	2.0	2.0 and later. Versions prior to 2.12 require the MSMQ add-on pack.	Mq.h	Msmqrt.lib	1
MQSendMessage	2.0	2.0 and later. Versions prior to 2.12 require the MSMQ add-on pack.	Mq.h	Msmqrt.lib	1
MQSetQueueProperties	2.0	2.0 and later. Versions prior to 2.12 require the MSMQ add-on pack.	Mq.h	Msmqrt.lib	1
MSG	1.0	1.0 and later	Winuser.h		1
MsgWaitForMultipleObjects	1.0	1.0 and later	Winbase.h	Msgque.lib	1
MsgWaitForMultipleObjectsEx	2.0	2.0 and later	Winbase.h	Msgque.lib	1
MultiByteToWideChar	1.01	1.01 and later	Winnls.h		1
MyFSD_CloseFile	2.10	2.10 and later	Fsdmgr.h		1
MyFSD_CloseVolume	2.10	2.10 and later	Fsdmgr.h		1
MyFSD_CreateDirectoryW	2.10	2.10 and later	Fsdmgr.h		1
MyFSD_CreateFileW	2.10	2.10 and later	Fsdmgr.h		1
MyFSD_DeleteAndRenameFileW	2.10	2.10 and later	Fsdmgr.h		1
MyFSD_DeleteFileW	2.10	2.10 and later	Fsdmgr.h		1
MyFSD_DeviceIoControl	2.10	2.10 and later	Fsdmgr.h		1
MyFSD_FindClose	2.10	2.10 and later	Fsdmgr.h		1
MyFSD_FindFirstFileW	2.10	2.10 and later	Fsdmgr.h		1
MyFSD_FindNextFileW	2.10	2.10 and later	Fsdmgr.h		1
MyFSD_FlushFileBuffers	2.10	2.10 and later	Fsdmgr.h		1
MyFSD_GetDiskFreeSpaceW	2.10	2.10 and later	Fsdmgr.h		1
MyFSD_GetFileAttributesW	2.10	2.10 and later	Fsdmgr.h		1
MyFSD_GetFileInformationByHandle	2.10	2.10 and later	Fsdmgr.h		1
MyFSD_GetFileSize	2.10	2.10 and later	Fsdmgr.h		1
MyFSD_GetFileTime	2.10	2.10 and later	Fsdmgr.h		1
MyFSD_MountDisk	2.10	2.10 and later	Fsdmgr.h		1
MyFSD_MoveFileW	2.10	2.10 and later	Fsdmgr.h		1
MyFSD_ReadFile	2.10	2.10 and later	Fsdmgr.h		1
MyFSD_ReadFileWithSeek	2.10	2.10 and later	Fsdmgr.h		1
MyFSD_RegisterFileSystemFunction	2.10	2.10 and later	Fsdmgr.h		1
MyFSD_RemoveDirectoryW	2.10	2.10 and later	Fsdmgr.h		1
MyFSD_SetEndOfFile	2.10	2.10 and later	Fsdmgr.h		1
MyFSD_SetFileAttributesW	2.10	2.10 and later	Fsdmgr.h		1
MyFSD_SetFilePointer	2.10	2.10 and later	Fsdmgr.h		1
MyFSD_SetFileTime	2.10	2.10 and later	Fsdmgr.h		1
MyFSD_UnmountDisk	2.10	2.10 and later	Fsdmgr.h		1
MyFSD_WriteFile	2.10	2.10 and later	Fsdmgr.h		1
MyFSD_WriteFileWithSeek	2.10	2.10 and later	Fsdmgr.h		1
nCeLogThreadPrio	3.0	3.0 and later	Celog.h		1
NDIS_BUFFER_LINKAGE	2.0	2.0 and later	Ndis.h		1
NDIS_BUFFER_TO_SPAN_PAGES	2.0	2.0 and later	Ndis.h		1
NDIS_PACKET	2.0	2.0 and later	Ndis.h		1
NDIS_PACKET_OOB_DATA	2.0	2.0 and later	Ndis.h		1
NDIS_PHYSICAL_ADDRESS_CONST	2.0	2.0 and later	Ndis.h		1
NDIS_PROTOCOL_CHARACTERISTICS	2.0	2.0 and later	Ndis.h		1
NDIS_REQUEST	2.0	2.0 and later	Ndis.h		1
NDIS_SET_PACKET_HEADER_SIZE	2.0	2.0 and later	Ndis.h		1
NDIS_SET_PACKET_MEDIA_SPECIFIC_INFO	2.0	2.0 and later	Ndis.h		1
NDIS_SET_PACKET_STATUS	2.0	2.0 and later	Ndis.h		1
NDIS_SET_PACKET_TIME_RECEIVED	2.0	2.0 and later	Ndis.h		1
NDIS_SET_PACKET_TIME_SENT	2.0	2.0 and later	Ndis.h		1
NDIS_SET_PACKET_TIME_TO_SEND	2.0	2.0 and later	Ndis.h		1
NdisAcquireSpinLock	2.0	2.0 and later	Ndis.h	Ndislib.lib	1
NdisAcquireSpinLock	2.0	2.0 and later	Ndis.h		1
NdisAdjustBufferLength	2.0	2.0 and later	Ndis.h	Ndislib.lib	1
NdisAdjustBufferLength	2.0	2.0 and later	Ndis.h		1
NdisAllocateBuffer	2.0	2.0 and later	Ndis.h	Ndislib.lib	1
NdisAllocateBuffer	2.0	2.0 and later	Ndis.h		1
NdisAllocateBufferPool	2.0	2.0 and later	Ndis.h	Ndislib.lib	1
NdisAllocateBufferPool	2.0	2.0 and later	Ndis.h		1
NdisAllocateMemory	2.0	2.0 and later	Ndis.h	Ndislib.lib	1
NdisAllocateMemory	2.0	2.0 and later	Ndis.h		1
NdisAllocatePacket	2.0	2.0 and later	Ndis.h	Ndislib.lib	1
NdisAllocatePacket	2.0	2.0 and later	Ndis.h		1
NdisAllocatePacketPool	2.0	2.0 and later	Ndis.h	Ndislib.lib	1
NdisAllocatePacketPool	2.0	2.0 and later	Ndis.h		1
NdisAllocateSpinLock	2.0	2.0 and later	Ndis.h	Ndislib.lib	1
NdisAllocateSpinLock	2.0	2.0 and later	Ndis.h		1
NdisAnsiStringToUnicodeString	2.0	2.0 and later	Ndis.h	Ndislib.lib	1
NdisAnsiStringToUnicodeString	2.0	2.0 and later	Ndis.h		1
NdisChainBufferAtBack	2.0	2.0 and later	Ndis.h	Ndislib.lib	1
NdisChainBufferAtBack	2.0	2.0 and later	Ndis.h		1
NdisChainBufferAtFront	2.0	2.0 and later	Ndis.h	Ndislib.lib	1
NdisChainBufferAtFront	2.0	2.0 and later	Ndis.h		1
NdisCloseAdapter	2.0	2.0 and later	Ndis.h	Ndislib.lib	1
NdisCloseAdapter	2.0	2.0 and later	Ndis.h		1
NdisCloseConfiguration	2.0	2.0 and later	Ndis.h	Ndislib.lib	1
NdisCloseConfiguration	2.0	2.0 and later	Ndis.h		1
NdisCopyFromPacketToPacket	2.0	2.0 and later	Ndis.h	Ndislib.lib	1
NdisCopyFromPacketToPacket	2.0	2.0 and later	Ndis.h		1
NdisDeregisterAdapter	3.0	3.0 and later	Ndis.h		1
NdisDeregisterProtocol	2.0	2.0 and later	Ndis.h	Ndislib.lib	1
NdisDeregisterProtocol	2.0	2.0 and later	Ndis.h		1
NdisDprAcquireSpinLock	2.0	2.0 and later	Ndis.h	Ndislib.lib	1
NdisDprAcquireSpinLock	2.0	2.0 and later	Ndis.h		1
NdisDprReleaseSpinLock	2.0	2.0 and later	Ndis.h	Ndislib.lib	1
NdisDprReleaseSpinLock	2.0	2.0 and later	Ndis.h		1
NdisEqualString	2.0	2.0 and later	Ndis.h	Ndislib.lib	1
NdisEqualString	2.0	2.0 and later	Ndis.h		1
NdisFlushBuffer	2.0	2.0 and later	Ndis.h	Ndislib.lib	1
NdisFlushBuffer	2.0	2.0 and later	Ndis.h		1
NdisFreeBuffer	2.0	2.0 and later	Ndis.h	Ndislib.lib	1
NdisFreeBuffer	2.0	2.0 and later	Ndis.h		1
NdisFreeBufferPool	2.0	2.0 and later	Ndis.h	Ndislib.lib	1
NdisFreeBufferPool	2.0	2.0 and later	Ndis.h		1
NdisFreeMemory	2.0	2.0 and later	Ndis.h	Ndislib.lib	1
NdisFreeMemory	2.0	2.0 and later	Ndis.h		1
NdisFreePacket	2.0	2.0 and later	Ndis.h	Ndislib.lib	1
NdisFreePacket	2.0	2.0 and later	Ndis.h		1
NdisFreePacketPool	2.0	2.0 and later	Ndis.h	Ndislib.lib	1
NdisFreePacketPool	2.0	2.0 and later	Ndis.h		1
NdisFreeSpinLock	2.0	2.0 and later	Ndis.h	Ndislib.lib	1
NdisFreeSpinLock	2.0	2.0 and later	Ndis.h		1
NdisFreeString	2.0	2.0 and later	Ndis.h	Ndislib.lib	1
NdisFreeString	2.0	2.0 and later	Ndis.h		1
NdisGetFirstBufferFromPacket	2.0	2.0 and later	Ndis.h	Ndislib.lib	1
NdisGetFirstBufferFromPacket	2.0	2.0 and later	Ndis.h		1
NdisGetNextBuffer	2.0	2.0 and later	Ndis.h	Ndislib.lib	1
NdisGetNextBuffer	2.0	2.0 and later	Ndis.h		1
NdisGetPacketFlags	2.0	2.0 and later	Ndis.h	Ndislib.lib	1
NdisGetPacketFlags	2.0	2.0 and later	Ndis.h		1
NdisGetPhysicalAddressHigh	2.0	2.0 and later	Ndis.h	Ndislib.lib	1
NdisGetPhysicalAddressHigh	2.0	2.0 and later	Ndis.h		1
NdisGetPhysicalAddressLow	2.0	2.0 and later	Ndis.h	Ndislib.lib	1
NdisGetPhysicalAddressLow	2.0	2.0 and later	Ndis.h		1
NdisIMDeInitializeDeviceInstance	3.0	3.0 and later	Ndis.h	Ndislib.lib	1
NdisIMGetDeviceContext	3.0	3.0 and later	Ndis.h	Ndislib.lib	1
NdisIMInitializeDeviceInstance	3.0	3.0 and later	Ndis.h	Ndislib.lib	1
NdisIMInitializeDeviceInstanceEx	3.0	3.0 and later	Ndis.h	Ndislib.lib	1
NdisIMRegisterLayeredMiniport	3.0	3.0 and later	Ndis.h	Ndislib.lib	1
NdisIMRevertBack	2.0	2.0 and later	Ndis.h	Ndislib.lib	1
NdisIMRevertBack	2.0	2.0 and later	Ndis.h		1
NdisIMSwitchToMiniport	2.0	2.0 and later	Ndis.h	Ndislib.lib	1
NdisIMSwitchToMiniport	2.0	2.0 and later	Ndis.h		1
NdisInitAnsiString	2.0	2.0 and later	Ndis.h	Ndislib.lib	1
NdisInitAnsiString	2.0	2.0 and later	Ndis.h		1
NdisInitializeListHead	2.0	2.0 and later	Ndis.h	Ndislib.lib	1
NdisInitializeListHead	2.0	2.0 and later	Ndis.h		1
NdisInitializeString	2.0	2.0 and later	Ndis.h	Ndislib.lib	1
NdisInitializeString	2.0	2.0 and later	Ndis.h		1
NdisInitUnicodeString	2.0	2.0 and later	Ndis.h	Ndislib.lib	1
NdisInitUnicodeString	2.0	2.0 and later	Ndis.h		1
NdisInterlockedInsertHeadList	2.0	2.0 and later	Ndis.h	Ndislib.lib	1
NdisInterlockedInsertHeadList	2.0	2.0 and later	Ndis.h		1
NdisInterlockedInsertTailList	2.0	2.0 and later	Ndis.h	Ndislib.lib	1
NdisInterlockedInsertTailList	2.0	2.0 and later	Ndis.h		1
NdisInterlockedRemoveHeadList	2.0	2.0 and later	Ndis.h	Ndislib.lib	1
NdisInterlockedRemoveHeadList	2.0	2.0 and later	Ndis.h		1
NdisMAllocateMapRegisters	2.0	2.0 and later	Ndis.h	Ndislib.lib	1
NdisMAllocateMapRegisters	2.0	2.0 and later	Ndis.h		1
NdisMCancelTimer	2.0	2.0 and later	Ndis.h	Ndislib.lib	1
NdisMCancelTimer	2.0	2.0 and later	Ndis.h		1
NdisMDeregisterAdapterShutdownHandler	2.0	2.0 and later	Ndis.h	Ndislib.lib	1
NdisMDeregisterAdapterShutdownHandler	2.0	2.0 and later	Ndis.h		1
NdisMDeregisterInterrupt	2.0	2.0 and later	Ndis.h	Ndislib.lib	1
NdisMDeregisterInterrupt	2.0	2.0 and later	Ndis.h		1
NdisMDeregisterIoPortRange	2.0	2.0 and later	Ndis.h	Ndislib.lib	1
NdisMDeregisterIoPortRange	2.0	2.0 and later	Ndis.h		1
NdisMEthIndicateReceive	2.0	2.0 and later	Ndis.h	Ndislib.lib	1
NdisMEthIndicateReceive	2.0	2.0 and later	Ndis.h		1
NdisMEthIndicateReceiveComplete	2.0	2.0 and later	Ndis.h	Ndislib.lib	1
NdisMEthIndicateReceiveComplete	2.0	2.0 and later	Ndis.h		1
NdisMFreeMapRegisters	2.0	2.0 and later	Ndis.h	Ndislib.lib	1
NdisMFreeMapRegisters	2.0	2.0 and later	Ndis.h		1
NdisMIndicateReceivePacket	2.0	2.0 and later	Ndis.h	Ndislib.lib	1
NdisMIndicateReceivePacket	2.0	2.0 and later	Ndis.h		1
NdisMIndicateStatus	2.0	2.0 and later	Ndis.h	Ndislib.lib	1
NdisMIndicateStatus	2.0	2.0 and later	Ndis.h		1
NdisMIndicateStatusComplete	2.0	2.0 and later	Ndis.h	Ndislib.lib	1
NdisMIndicateStatusComplete	2.0	2.0 and later	Ndis.h		1
NdisMInitializeTimer	2.0	2.0 and later	Ndis.h	Ndislib.lib	1
NdisMInitializeTimer	2.0	2.0 and later	Ndis.h		1
NdisMInitializeWrapper	2.0	2.0 and later	Ndis.h	Ndislib.lib	1
NdisMInitializeWrapper	2.0	2.0 and later	Ndis.h		1
NdisMMapIoSpace	2.0	2.0 and later	Ndis.h	Ndislib.lib	1
NdisMMapIoSpace	2.0	2.0 and later	Ndis.h		1
NdisMoveFromMappedMemory	2.0	2.0 and later	Ndis.h	Ndislib.lib	1
NdisMoveFromMappedMemory	2.0	2.0 and later	Ndis.h		1
NdisMoveMappedMemory	2.0	2.0 and later	Ndis.h	Ndislib.lib	1
NdisMoveMappedMemory	2.0	2.0 and later	Ndis.h		1
NdisMoveMemory	2.0	2.0 and later	Ndis.h	Ndislib.lib	1
NdisMoveMemory	2.0	2.0 and later	Ndis.h		1
NdisMoveToMappedMemory	2.0	2.0 and later	Ndis.h	Ndislib.lib	1
NdisMoveToMappedMemory	2.0	2.0 and later	Ndis.h		1
NdisMPciAssignResources	2.0	2.0 and later	Ndis.h	Ndislib.lib	1
NdisMPciAssignResources	2.0	2.0 and later	Ndis.h		1
NdisMQueryInformationComplete	2.0	2.0 and later	Ndis.h	Ndislib.lib	1
NdisMQueryInformationComplete	2.0	2.0 and later	Ndis.h		1
NdisMRegisterAdapterShutdownHandler	2.0	2.0 and later	Ndis.h	Ndislib.lib	1
NdisMRegisterAdapterShutdownHandler	2.0	2.0 and later	Ndis.h		1
NdisMRegisterInterrupt	2.0	2.0 and later	Ndis.h	Ndislib.lib	1
NdisMRegisterInterrupt	2.0	2.0 and later	Ndis.h		1
NdisMRegisterIoPortRange	2.0	2.0 and later	Ndis.h	Ndislib.lib	1
NdisMRegisterIoPortRange	2.0	2.0 and later	Ndis.h		1
NdisMRegisterMiniport	2.0	2.0 and later	Ndis.h	Ndislib.lib	1
NdisMRegisterMiniport	2.0	2.0 and later	Ndis.h		1
NdisMResetComplete	2.0	2.0 and later	Ndis.h	Ndislib.lib	1
NdisMResetComplete	2.0	2.0 and later	Ndis.h		1
NdisMSendComplete	2.0	2.0 and later	Ndis.h	Ndislib.lib	1
NdisMSendComplete	2.0	2.0 and later	Ndis.h		1
NdisMSendResourcesAvailable	2.0	2.0 and later	Ndis.h	Ndislib.lib	1
NdisMSendResourcesAvailable	2.0	2.0 and later	Ndis.h		1
NdisMSetAttributes	2.0	2.0 and later	Ndis.h	Ndislib.lib	1
NdisMSetAttributes	2.0	2.0 and later	Ndis.h		1
NdisMSetAttributesEx	2.0	2.0 and later	Ndis.h	Ndislib.lib	1
NdisMSetAttributesEx	2.0	2.0 and later	Ndis.h		1
NdisMSetInformationComplete	2.0	2.0 and later	Ndis.h	Ndislib.lib	1
NdisMSetInformationComplete	2.0	2.0 and later	Ndis.h		1
NdisMSetPeriodicTimer	2.0	2.0 and later	Ndis.h	Ndislib.lib	1
NdisMSetPeriodicTimer	2.0	2.0 and later	Ndis.h		1
NdisMSetTimer	2.0	2.0 and later	Ndis.h	Ndislib.lib	1
NdisMSetTimer	2.0	2.0 and later	Ndis.h		1
NdisMSleep	2.0	2.0 and later	Ndis.h	Ndislib.lib	1
NdisMSleep	2.0	2.0 and later	Ndis.h		1
NdisMSynchronizeWithInterrupt	2.0	2.0 and later	Ndis.h	Ndislib.lib	1
NdisMSynchronizeWithInterrupt	2.0	2.0 and later	Ndis.h		1
NdisMTransferDataComplete	2.0	2.0 and later	Ndis.h	Ndislib.lib	1
NdisMTransferDataComplete	2.0	2.0 and later	Ndis.h		1
NdisMTrIndicateReceive	3.0	3.0 and later	Ndis.h		1
NdisMTrIndicateReceiveComplete	3.0	3.0 and later	Ndis.h		1
NdisMUnmapIoSpace	2.0	2.0 and later	Ndis.h	Ndislib.lib	1
NdisMUnmapIoSpace	2.0	2.0 and later	Ndis.h		1
NdisMUpdateSharedMemory	2.0	2.0 and later	Ndis.h	Ndislib.lib	1
NdisMUpdateSharedMemory	2.0	2.0 and later	Ndis.h		1
NdisMWanIndicateReceive	3.0	3.0 and later	Ndis.h	Ndislib.lib	1
NdisMWanIndicateReceiveComplete	3.0	3.0 and later	Ndis.h	Ndislib.lib	1
NdisMWanSendComplete	3.0	3.0 and later	Ndis.h	Ndislib.lib	1
NdisOpenAdapter	2.0	2.0 and later	Ndis.h	Ndislib.lib	1
NdisOpenAdapter	2.0	2.0 and later	Ndis.h		1
NdisOpenConfiguration	2.0	2.0 and later	Ndis.h	Ndislib.lib	1
NdisOpenConfiguration	2.0	2.0 and later	Ndis.h		1
NdisOpenProtocolConfiguration	2.0	2.0 and later	Ndis.h	Ndislib.lib	1
NdisOpenProtocolConfiguration	2.0	2.0 and later	Ndis.h		1
NdisPrintString	2.0	2.0 and later	Ndis.h	Ndislib.lib	1
NdisPrintString	2.0	2.0 and later	Ndis.h		1
NdisQueryBuffer	2.0	2.0 and later	Ndis.h	Ndislib.lib	1
NdisQueryBuffer	2.0	2.0 and later	Ndis.h		1
NdisQueryBufferOffset	2.0	2.0 and later	Ndis.h	Ndislib.lib	1
NdisQueryBufferOffset	2.0	2.0 and later	Ndis.h		1
NdisQueryMapRegisterCount	2.0	2.0 and later	Ndis.h	Ndislib.lib	0
NdisQueryMapRegisterCount	2.0	2.0 and later	Ndis.h		0
NdisQueryPacket	2.0	2.0 and later	Ndis.h	Ndislib.lib	1
NdisQueryPacket	2.0	2.0 and later	Ndis.h		1
NdisRawReadPortBufferUchar	2.0	2.0 and later	Ndis.h	Ndislib.lib	1
NdisRawReadPortBufferUchar	2.0	2.0 and later	Ndis.h		1
NdisRawReadPortBufferUlong	2.0	2.0 and later	Ndis.h	Ndislib.lib	1
NdisRawReadPortBufferUlong	2.0	2.0 and later	Ndis.h		1
NdisRawReadPortBufferUshort	2.0	2.0 and later	Ndis.h	Ndislib.lib	1
NdisRawReadPortBufferUshort	2.0	2.0 and later	Ndis.h		1
NdisRawReadPortUchar	2.0	2.0 and later	Ndis.h	Ndislib.lib	1
NdisRawReadPortUchar	2.0	2.0 and later	Ndis.h		1
NdisRawReadPortUlong	2.0	2.0 and later	Ndis.h	Ndislib.lib	1
NdisRawReadPortUlong	2.0	2.0 and later	Ndis.h		1
NdisRawReadPortUshort	2.0	2.0 and later	Ndis.h	Ndislib.lib	1
NdisRawReadPortUshort	2.0	2.0 and later	Ndis.h		1
NdisRawWritePortBufferUchar	2.0	2.0 and later	Ndis.h	Ndislib.lib	1
NdisRawWritePortBufferUchar	2.0	2.0 and later	Ndis.h		1
NdisRawWritePortBufferUlong	2.0	2.0 and later	Ndis.h	Ndislib.lib	1
NdisRawWritePortBufferUlong	2.0	2.0 and later	Ndis.h		1
NdisRawWritePortBufferUshort	2.0	2.0 and later	Ndis.h	Ndislib.lib	1
NdisRawWritePortBufferUshort	2.0	2.0 and later	Ndis.h		1
NdisRawWritePortUchar	2.0	2.0 and later	Ndis.h	Ndislib.lib	1
NdisRawWritePortUchar	2.0	2.0 and later	Ndis.h		1
NdisRawWritePortUlong	2.0	2.0 and later	Ndis.h	Ndislib.lib	1
NdisRawWritePortUlong	2.0	2.0 and later	Ndis.h		1
NdisRawWritePortUshort	2.0	2.0 and later	Ndis.h	Ndislib.lib	1
NdisRawWritePortUshort	2.0	2.0 and later	Ndis.h		1
NdisReadConfiguration	2.0	2.0 and later	Ndis.h	Ndislib.lib	1
NdisReadConfiguration	2.0	2.0 and later	Ndis.h		1
NdisReadNetworkAddress	2.0	2.0 and later	Ndis.h	Ndislib.lib	1
NdisReadNetworkAddress	2.0	2.0 and later	Ndis.h		1
NdisReadPciSlotInformation	2.0	2.0 and later	Ndis.h	Ndislib.lib	1
NdisReadPciSlotInformation	2.0	2.0 and later	Ndis.h		1
NdisRebindProtocolsToAdapter	3.0	3.0 and later	Ndis.h		1
NdisRecalculatePacketCounts	2.0	2.0 and later	Ndis.h	Ndislib.lib	1
NdisRecalculatePacketCounts	2.0	2.0 and later	Ndis.h		1
NdisRegisterAdapter	3.0	3.0 and later	Ndis.h		1
NdisRegisterProtocol	2.0	2.0 and later	Ndis.h	Ndislib.lib	1
NdisRegisterProtocol	2.0	2.0 and later	Ndis.h		1
NdisReinitializePacket	2.0	2.0 and later	Ndis.h	Ndislib.lib	1
NdisReinitializePacket	2.0	2.0 and later	Ndis.h		1
NdisReleaseSpinLock	2.0	2.0 and later	Ndis.h	Ndislib.lib	1
NdisReleaseSpinLock	2.0	2.0 and later	Ndis.h		1
NdisRequest	2.0	2.0 and later	Ndis.h	Ndislib.lib	1
NdisRequest	2.0	2.0 and later	Ndis.h		1
NdisReset	2.0	2.0 and later	Ndis.h	Ndislib.lib	1
NdisReset	2.0	2.0 and later	Ndis.h		1
NdisResetComplete	2.0	2.0 and later	Ndis.h		0
NdisReturnPackets	2.0	2.0 and later	Ndis.h	Ndislib.lib	1
NdisReturnPackets	2.0	2.0 and later	Ndis.h		1
NdisSend	2.0	2.0 and later	Ndis.h	Ndislib.lib	1
NdisSend	2.0	2.0 and later	Ndis.h		1
NdisSetPacketFlags	2.0	2.0 and later	Ndis.h	Ndislib.lib	1
NdisSetPacketFlags	2.0	2.0 and later	Ndis.h		1
NdisSetPhysicalAddressHigh	2.0	2.0 and later	Ndis.h	Ndislib.lib	1
NdisSetPhysicalAddressHigh	2.0	2.0 and later	Ndis.h		1
NdisSetPhysicalAddressLow	2.0	2.0 and later	Ndis.h	Ndislib.lib	1
NdisSetPhysicalAddressLow	2.0	2.0 and later	Ndis.h		1
NdisStallExecution	2.0	2.0 and later	Ndis.h	Ndislib.lib	1
NdisStallExecution	2.0	2.0 and later	Ndis.h		1
NdisTerminateWrapper	2.0	2.0 and later	Ndis.h	Ndislib.lib	1
NdisTerminateWrapper	2.0	2.0 and later	Ndis.h		1
NdisTransferData	2.0	2.0 and later	Ndis.h	Ndislib.lib	1
NdisTransferData	2.0	2.0 and later	Ndis.h		1
NdisUnchainBufferAtBack	2.0	2.0 and later	Ndis.h	Ndislib.lib	1
NdisUnchainBufferAtBack	2.0	2.0 and later	Ndis.h		1
NdisUnchainBufferAtFront	2.0	2.0 and later	Ndis.h	Ndislib.lib	1
NdisUnchainBufferAtFront	2.0	2.0 and later	Ndis.h		1
NdisUnicodeStringToAnsiString	2.0	2.0 and later	Ndis.h	Ndislib.lib	1
NdisUnicodeStringToAnsiString	2.0	2.0 and later	Ndis.h		1
NdisWriteConfiguration	2.0	2.0 and later	Ndis.h	Ndislib.lib	1
NdisWriteConfiguration	2.0	2.0 and later	Ndis.h		1
NdisWriteErrorLogEntry	2.0	2.0 and later	Ndis.h	Ndislib.lib	1
NdisWriteErrorLogEntry	2.0	2.0 and later	Ndis.h		1
NdisWritePciSlotInformation	2.0	2.0 and later	Ndis.h	Ndislib.lib	1
NdisWritePciSlotInformation	2.0	2.0 and later	Ndis.h		1
NdisZeroMappedMemory	2.0	2.0 and later	Ndis.h	Ndislib.lib	1
NdisZeroMappedMemory	2.0	2.0 and later	Ndis.h		1
NdisZeroMemory	2.0	2.0 and later	Ndis.h	Ndislib.lib	1
NdisZeroMemory	2.0	2.0 and later	Ndis.h		1
NetMsgBox	2.10	2.10 and later	Netui.h		0
NETRESOURCE	2.0	2.0 and later	Winnetwk.h		1
NETUI_RESPWD	2.10	2.10 and later	Netui.h		0
NETUI_USERPWD	2.10	2.10 and later	Netui.h		0
NEWCPLINFO	1.0	1.0 and later	Cpl.h		1
NEWTEXTMETRIC	1.0	1.0 and later	Wingdi.h		1
NLED_COUNT_INFO	1.0	1.0 and later	Nled.h		1
NLED_SETTINGS_INFO	1.0	1.0 and later	Nled.h		1
NLED_SUPPORTS_INFO	1.0	1.0 and later	Nled.h		1
NLedDriverDllEntry	1.0	1.0 and later	Nleddrv.cpp		0
NLedDriverGetDeviceInfo	1.0	1.0 and later	Led_drvr.h		1
NLedDriverInitialize	1.0	1.0 and later	Led_drvr.h		1
NLedDriverPowerDown	1.0	1.0 and later	Led_drvr.h		1
NLedDriverSetDevice	1.0	1.0 and later	Led_drvr.h		1
NM_BASE	2.0	2.0 and later	Htmlctrl.h		0
NM_CLICK	2.0	2.0 and later	Commctrl.h		1
NM_CONTEXTMENU	2.0	2.0 and later	Htmlctrl.h		0
NM_CUSTOMDRAW	2.0	2.0 and later	Commctrl.h		1
NM_DBLCLK	2.0	2.0 and later	Commctrl.h		1
NM_HOTSPOT	2.0	2.0 and later	Htmlctrl.h		0
NM_HOVER	2.0	2.0 and later	Commctrl.h		1
NM_HTMLCONTEXT	2.0	2.0 and later	Htmlctrl.h		0
NM_HTMLVIEW	1.0	1.0 and later	Htmlctrl.h		0
NM_INLINE_IMAGE	1.0	1.0 and later	Htmlctrl.h		0
NM_INLINE_SOUND	1.0	1.0 and later	Htmlctrl.h		0
NM_KEYDOWN	2.0	2.0 and later	Commctrl.h		1
NM_KILLFOCUS	2.0	2.0 and later	Commctrl.h		1
NM_META	1.0	1.0 and later	Htmlctrl.h		0
NM_NCHITTEST	2.0	2.0 and later	Commctrl.h		1
NM_OUTOFMEMORY	2.0	2.0 and later	Commctrl.h		1
NM_RCLICK	2.0	2.0 and later	Commctrl.h		1
NM_RDBLCLK	2.0	2.0 and later	Commctrl.h		1
NM_RETURN	2.0	2.0 and later	Commctrl.h		1
NM_SETFOCUS	2.0	2.0 and later	Commctrl.h		1
NM_TITLE	1.0	1.0 and later	Htmlctrl.h		0
NM_TREEVIEW	1.0	1.0 and later	Commctrl.h		1
NMCUSTOMDRAW	2.0	2.0 and later	Commctrl.h		1
NMDATETIMECHANGE	2.0	2.0 and later	Commctrl.h		1
NMDATETIMEFORMAT	2.0	2.0 and later	Commctrl.h		1
NMDATETIMEFORMATQUERY	2.0	2.0 and later	Commctrl.h		1
NMDATETIMESTRING	2.0	2.0 and later	Commctrl.h		1
NMDATETIMEWMKEYDOWN	2.0	2.0 and later	Commctrl.h		1
NMDAYSTATE	2.0	2.0 and later	Commctrl.h		1
NMHDDISPINFO	2.0	2.0 and later	Commctrl.h		1
NMHDR	1.0	1.0 and later	Winuser.h		1
NMHEADER	2.0	2.0 and later	Commctrl.h		1
NMKEY	2.0	2.0 and later	Commctrl.h		1
NMLISTVIEW	2.0	2.0 and later	Commctrl.h		1
NMLVCACHEHINT	2.0	2.0 and later	Commctrl.h		1
NMLVCUSTOMDRAW	2.0	2.0 and later	Commctrl.h		1
NMLVFINDITEM	2.0	2.0 and later	Commctrl.h		1
NMLVKEYDOWN	2.0	2.0 and later	Commctrl.h		1
NMLVODSTATECHANGE	2.0	2.0 and later	Commctrl.h		1
NMMOUSE	2.0	2.0 and later	Commctrl.h		1
NMRBAUTOSIZE	2.0	2.0 and later	Commctrl.h		1
NMREBAR	2.0	2.0 and later	Commctrl.h		1
NMSELCHANGE	2.0	2.0 and later	Commctrl.h		1
NMTCKEYDOWN	2.0	2.0 and later	Commctrl.h		1
NMTOOLBAR	2.0	2.0 and later	Commctrl.h		1
NMTVCUSTOMDRAW	2.0	2.0 and later	Commctrl.h		1
NMTVKEYDOWN	2.0	2.0 and later	Commctrl.h		1
NMUPDOWN	2.0	2.0 and later	Commctrl.h		1
NotifyAddrChange	3.0	3.0 and later	Iphlpapi.h	Iphlpapi.lib	1
NOTIFYICONDATA	1.0	1.0 and later	Shellapi.h		1
NotifyPacket	2.10	2.10 and later	Notifext.hxx		0
NotifyRouteChange	3.0	3.0 and later	Iphlpapi.h	Iphlpapi.lib	1
NotifyWinUserSystem	2.10	2.10 and later	Pwinuser.h		0
NTLMDeleteUser	3.0	3.0 and later	NTLMSSP.dll		1
NTLMEnumUser	3.0	3.0 and later	NTLMSSP.dll		1
NTLMSetUserInfo	3.0	3.0 and later	NTLMSSP.dll		1
ntohl	1.0	1.0 and later	Winsock.h		1
ntohs	1.0	1.0 and later	Winsock.h		1
NUMBERFMT	1.0	1.0 and later	Winnls.h		1
OaBuildVersion	2.0	2.0 and later	Oleauto.h	Oleaut32.lib	0
ObjectNotify	2.0	2.0 and later	Cesync.h		1
OBJNOTIFY	2.0	2.0 and later	Cesync.h		1
OBJTYPEINFO	2.0	2.0 and later	Cesync.h		1
OBJUIDATA	2.0	2.0 and later	Cesync.h		1
OEMARMCacheMode	3.0	3.0 and later	Cache.s		0
OEMCertifyModule	2.10	2.10 and later			0
OEMCertifyModuleInit	2.10	2.10 and later			0
OEMClearDebugCommError	2.10	2.10 and later	Nkintr.h		0
OEMEthDisableInts	2.10	2.10 and later	Halether.h		0
OEMEthEnableInts	2.10	2.10 and later	Halether.h		0
OEMEthGetFrame	2.10	2.10 and later	Halether.h		0
OEMEthGetSecs	2.10	2.10 and later	Halether.h		0
OEMEthInit	2.10	2.10 and later	Halether.h		0
OEMEthISR	2.10	2.10 and later	Halether.h		0
OEMEthQueryClientInfo	2.10	2.10 and later	Halether.h		0
OEMEthSendFrame	2.10	2.10 and later	Halether.h		0
OEMExtraCCR	2.10	2.10 and later			0
OEMFlushCache	3.0	3.0 and later			0
OEMGetExtensionDRAM	2.10	2.10 and later	Nkintr.h		0
OEMGetRealTime	2.10	2.10 and later	Nkintr.h		0
OEMIdle	2.10	2.10 and later	Cfwp2.c		0
OEMInit	2.10	2.10 and later	Nkintr.h		1
OEMInitDebugSerial	2.10	2.10 and later	Nkintr.h		0
OEMInitPageTable	2.10	2.10 and later	Oeminit.asm		0
OEMInterruptDisable	2.10	2.10 and later	Nkintr.h		0
OEMInterruptDone	2.10	2.10 and later	Nkintr.h		0
OEMInterruptEnable	2.10	2.10 and later	Nkintr.h		0
OEMInterruptHandler	3.0	3.0 and later			0
OEMInterruptHandlerFIQ	3.0	3.0 and later			0
OEMIoControl	2.10	2.10 and later	Oemioctl.c		0
OEMKDIoControl	3.0	3.0 and later	Pkfuncs.h		0
OEMMemoryMap	3.0	3.0 and later			0
OEMNMIHandler	2.10	2.10 and later	Fwpc.c		0
OEMParallelPortGetByte	2.10	2.10 and later	Nkintr.h		0
OEMParallelPortGetStatus	2.10	2.10 and later	Oemboot.c		0
OEMParallelPortSendByte	2.10	2.10 and later	Nkintr.h		0
OEMPowerOff	2.10	2.10 and later	Nkintr.h		0
OEMProfileTimerDisable	2.10	2.10 and later	Profiler.h		0
OEMProfileTimerEnable	2.10	2.10 and later	Profiler.h		0
OEMReadDebugByte	2.12	2.12 and later	Nkintr.h		0
OEMSetAlarmTime	2.10	2.10 and later	Nkintr.h		0
OEMSetRealTime	2.10	2.10 and later	Nkintr.h		0
OEMWriteDebugByte	2.10	2.10 and later	Nkintr.h		0
OEMWriteDebugLED	2.10	2.10 and later	Nkintr.h		0
OEMWriteDebugString	2.10	2.10 and later	Nkintr.h		0
OffsetRect	1.0	1.0 and later	Winuser.h	Rectapi.lib	1
OffsetRgn	1.0	1.0 and later	Wingdi.h	Rectapi.lib	1
OFNOTIFY	1.0	1.0 and later	Commdlg.h		1
OhcdMdd_CreateMemoryObject	1.0	1.0 and later	Ohcdddsi.h		0
OhcdMdd_CreateOhcdObject	1.0	1.0 and later	Ohcdddsi.h		0
OhcdMdd_DestroyMemoryObject	1.0	1.0 and later	Ohcdddsi.h		0
OhcdMdd_DestroyOhcdObject	1.0	1.0 and later	Ohcdddsi.h		0
OhcdMdd_PowerDown	1.0	1.0 and later	Ohcdddsi.h		0
OhcdMdd_PowerUp	1.0	1.0 and later	Ohcdddsi.h		0
OhcdPdd_CheckConfigPower	1.0	1.0 and later	Ohcdddsi.h		0
OhcdPdd_Close	1.0	1.0 and later	Ohcdddsi.h		0
OhcdPdd_Deinit	1.0	1.0 and later	Ohcdddsi.h		0
OhcdPdd_DllMain	1.0	1.0 and later	Ohcdddsi.h		0
OhcdPdd_Init	1.0	1.0 and later	Ohcdddsi.h		0
OhcdPdd_IOControl	1.0	1.0 and later	Ohcdddsi.h		0
OhcdPdd_Open	1.0	1.0 and later	Ohcdddsi.h		0
OhcdPdd_PowerDown	1.0	1.0 and later	Ohcdddsi.h		0
OhcdPdd_PowerUp	1.0	1.0 and later	Ohcdddsi.h		0
OhcdPdd_Read	1.0	1.0 and later	Ohcdddsi.h		0
OhcdPdd_Seek	1.0	1.0 and later			0
OhcdPdd_Write	1.0	1.0 and later	Ohcdddsi.h		0
OleCreate	2.0	2.0 and later	Ole2.h	Ole232.lib	1
OleCreateFontIndirect	2.0	2.0 and later	Olectl.h	Oleaut32.lib	0
OleCreatePropertyFrame	2.0	2.0 and later	Olectl.h	Oleaut32.lib	0
OleDraw	2.0	2.0 and later	Ole2.h	Ole232.lib	1
OleIsRunning	2.0	2.0 and later	Ole2.h	Ole232.lib	1
OleLoadFromStream	3.0	3.0 and later	Ole2.h	Ole232.lib	1
OleRun	2.0	2.0 and later	Ole2.h	Ole232.lib	1
OleSave	2.0	2.0 and later	Ole2.h	Ole232.lib	1
OleSaveToStream	3.0	3.0 and later	Ole2.h	Ole232.lib	1
OleSetContainedObject	2.0	2.0 and later	Ole2.h	Ole232.lib	1
OleSetMenuDescriptor	2.0	2.0 and later	Ole2.h	Ole232.lib	1
OomUI_CreateNotRespondingWindow	2.10	2.10 and later	Oomui.h		0
OomUI_CreateOomWindow	2.10	2.10 and later	Oomui.h		0
OomUI_FShowOomWindow	2.10	2.10 and later	Oomui.h		0
OomUI_Initialize	2.10	2.10 and later	Oomui.h		0
OomUI_NotRespondingWndProc	2.10	2.10 and later	Oomui.h		0
OomUI_OnShow	2.10	2.10 and later	Oomui.h		0
OomUI_OomWndProc	2.10	2.10 and later	Oomui.h		0
OomUI_SetWindowsInfo	2.10	2.10 and later	Oomui.h		0
OomUICallback_CloseWindow	2.10	2.10 and later	Oomui.h		0
OomUICallback_IsCritical	2.10	2.10 and later	Oomui.h		0
OomUICallback_NonClientPaint	2.10	2.10 and later	Oomui.h		0
OpenClientRegistryKey	2.10	2.10 and later			0
OpenClipboard	1.0	1.0 and later	Winuser.h	Clipbd.lib	1
OPENFILENAME	1.0	1.0 and later	Commdlg.h		1
OpenPipe	2.10	2.10 and later			0
OpenProcess	2.0	2.0 and later	Winbase.h		1
OSVERSIONINFO	1.0	1.0 and later	Winbase.h		1
OUTPUT_DEBUG_STRING_INFO	2.0	2.0 and later	Winbase.h		1
OutputDebugString	1.0	1.0 and later	Winbase.h	Nk.lib	1
PagePaintHook	2.10	2.10 and later	Commdlg.h		1
PAGESETUPDLG	2.10	2.10 and later	Commdlg.h		1
PageSetupDlg	2.10	2.10 and later	Commdlg.h	Commdlg.lib	1
PageSetupHook	2.10	2.10 and later	Commdlg.h		1
PAINTSTRUCT	1.0	1.0 and later	Winuser.h		1
PALETTEENTRY	2.0	2.0 and later	Wingdi.h		1
PALETTERGB	1.0	1.0 and later	Wingdi.h		1
PARAMDATA	2.0	2.0 and later	Oleauto.h		1
PARAMDESC	2.0	2.0 and later	Oaidl.h		1
PARSED_CFTABLE	1.0	1.0 and later			1
PARSED_CONFIG	1.0	1.0 and later			1
PatBlt	1.0	1.0 and later	Wingdi.h	Mgblt2.lib, Mgdraw.lib	1
PBM_DELTAPOS	1.0	1.0 and later	Commctrl.h		1
PBM_GETPOS	2.0	2.0 and later	Commctrl.h		1
PBM_GETRANGE	2.0	2.0 and later	Commctrl.h		1
PBM_SETPOS	2.0	2.0 and later	Commctrl.h		1
PBM_SETRANGE	1.0	1.0 and later	Commctrl.h		1
PBM_SETRANGE32	2.0	2.0 and later	Commctrl.h		1
PBM_SETSTEP	1.0	1.0 and later	Commctrl.h		1
PBM_STEPIT	1.0	1.0 and later	Commctrl.h		1
PBRANGE	2.0	2.0 and later	Commctrl.h		1
PDCARD_ADAPTER_INFO	1.0	1.0 and later	Sockserv.h		0
PDCARD_POWER_ENTRY	1.0	1.0 and later	Sockserv.h		0
PDCARD_SOCKET_STATE	1.0	1.0 and later	Sockserv.h		0
PDCARD_WINDOW_INFO	1.0	1.0 and later	Sockserv.h		0
PDCARD_WINDOW_STATE	1.0	1.0 and later	Sockserv.h		0
PDCardGetAdapter	1.0	1.0 and later			0
PDCardGetSocket	1.0	1.0 and later			0
PDCardGetWindow	1.0	1.0 and later			0
PDCardInquireAdapter	1.0	1.0 and later			0
PDCardInquireWindow	1.0	1.0 and later			0
PDCardReadAttrByte	1.0	1.0 and later			0
PDCardReadCmnByte	1.0	1.0 and later			0
PDCardResetSocket	1.0	1.0 and later			0
PDCardSetAdapter	1.0	1.0 and later			0
PDCardSetSocket	1.0	1.0 and later			0
PDCardSetWindow	1.0	1.0 and later			0
PDCardWriteAttrByte	1.0	1.0 and later			0
PDCardWriteCmnByte	1.0	1.0 and later			0
PDD_AudioDeinitialize	1.0	1.0 and later	Waveddsi.h		1
PDD_AudioGetInterruptType	1.0	1.0 and later	Waveddsi.h		1
PDD_AudioInitialize	1.0	1.0 and later	Waveddsi.h		1
PDD_AudioMessage	1.0	1.0 and later	Waveddsi.h		1
PDD_AudioPowerHandler	1.0	1.0 and later	Waveddsi.h		1
PDD_WaveProc	1.0	1.0 and later	Waveddsi.h		1
PeekMessage	1.0	1.0 and later	Winuser.h	Msgque.lib	1
PEG_USER_NOTIFICATION	1.0	1.0 and later	Rapi.h		0
PerfCountSinceTick	3.0	3.0 and later			0
PersistentPacket	2.10	2.10 and later	Notifext.hxx		0
PFF_CONVERTINFO	1.0	1.0 and 1.01	Replfilt.h		1
PFF_DESTINATIONFILE	1.0	1.0 and 1.01	Replfilt.h		1
PFF_SOURCEFILE	1.0	1.0 and 1.01	Replfilt.h		1
phoneCallbackFunc	3.0	3.0 and later	Tapi.h	Coredll.lib	1
phoneClose	3.0	3.0 and later	Tapi.h	Coredll.lib	1
phoneConfigDialog	3.0	3.0 and later	Tapi.h	Coredll.lib	1
phoneDevSpecific	3.0	3.0 and later	Tapi.h	Coredll.lib	1
phoneGetDevCaps	3.0	3.0 and later	Tapi.h	Coredll.lib	1
phoneGetGain	3.0	3.0 and later	Tapi.h	Coredll.lib	1
phoneGetHookSwitch	3.0	3.0 and later	Tapi.h	Coredll.lib	1
phoneGetIcon	3.0	3.0 and later	Tapi.h	Coredll.lib	1
phoneGetID	3.0	3.0 and later	Tapi.h	Coredll.lib	1
phoneGetMessage	3.0	3.0 and later	Tapi.h	Coredll.lib	1
phoneGetRing	3.0	3.0 and later	Tapi.h	Coredll.lib	1
phoneGetStatus	3.0	3.0 and later	Tapi.h	Coredll.lib	1
phoneGetStatusMessages	3.0	3.0 and later	Tapi.h	Coredll.lib	1
phoneGetVolume	3.0	3.0 and later	Tapi.h	Coredll.lib	1
phoneInitializeEx	3.0	3.0 and later	Tapi.h	Coredll.lib	1
PHONEINITIALIZEEXPARAMS	3.0	3.0 and later	Tapi.h		1
PHONEMESSAGE	3.0	3.0 and later	Tapi.h		1
phoneNegotiateAPIVersion	3.0	3.0 and later	Tapi.h	Coredll.lib	1
phoneNegotiateExtVersion	3.0	3.0 and later	Tapi.h	Coredll.lib	1
phoneOpen	3.0	3.0 and later	Tapi.h	Coredll.lib	1
phoneSetGain	3.0	3.0 and later	Tapi.h	Coredll.lib	1
phoneSetHookSwitch	3.0	3.0 and later	Tapi.h	Coredll.lib	1
phoneSetRing	3.0	3.0 and later	Tapi.h	Coredll.lib	1
phoneSetStatusMessages	3.0	3.0 and later	Tapi.h	Coredll.lib	1
phoneSetVolume	3.0	3.0 and later	Tapi.h	Coredll.lib	1
phoneShutdown	3.0	3.0 and later	Tapi.h	Coredll.lib	1
PHONESTATUS	3.0	3.0 and later	Tapi.h		1
PHYSICAL_BASIC_INFORMATION	3.0	3.0 and later	Pkfuncs.h		0
pIoctl_Register_DataCollector	3.0	3.0 and later			0
pIoctl_Send_DataCollector	3.0	3.0 and later			0
PlaySound	2.0	2.0 and later	Mmsystem.h	Wavelib.lib	1
pLogProcessCreate	2.10	2.10 and later			0
pLogProcessDelete	2.10	2.10 and later			0
pLogThreadCreate	2.10	2.10 and later			0
pLogThreadDelete	2.10	2.10 and later			0
pLogThreadSwitch	2.10	2.10 and later			0
pOEMCertifyModule	2.10	2.10 and later			0
pOEMCertifyModuleInit	2.10	2.10 and later			0
POINT	1.0	1.0 and later	Windef.h		1
POINTS	1.0	1.0 and later	Windef.h		1
POINTSTOPOINT	1.0	1.0 and later	Winuser.h		1
Polygon	1.0	1.0 and later	Wingdi.h	Mgdraw.lib	1
Polyline	1.0	1.0 and later	Wingdi.h	Mgdraw.lib	1
PopEntryList	1.0	1.0 and later	Ntcompat.h		0
PostKeybdMessage	2.0	2.0 and later	Winuser.h	Kbdui.lib	1
PostMessage	1.0	1.0 and later	Winuser.h	Msgque.lib	1
PostQuitMessage	1.0	1.0 and later	Winuser.h	Msgque.lib	1
PostThreadMessage	1.0	1.0 and later	Winuser.h	Coredll.lib, Msgque.lib	1
POWER_DESCR	1.0	1.0 and later			1
pQueryPerformanceCounter	2.10	2.10 and later			0
pQueryPerformanceFrequency	2.10	2.10 and later			0
pReadRegistryFromOEM	2.10	2.10 and later			0
PRIMARYLANGID	1.0	1.0 and later	Winnt.h		1
PRINTDLG	2.0	2.0 and 2.01	Commdlg.h		1
PrintDlg	2.0	2.0 and 2.01	Commdlg.h	Commdlg.lib	1
PrinterClose	1.0	1.0 and later			1
PrinterOpen	1.0	1.0 and later			1
PrinterSend	1.0	1.0 and later			1
PrintHookProc	2.0	2.0 and later	Commdlg.h		1
Process32First	2.0	2.0 and later	Tlhelp32.h		1
Process32Next	2.0	2.0 and later	Tlhelp32.h		1
PROCESS_INFORMATION	1.0	1.0 and later	Winbase.h		1
PROCESSENTRY32	1.0	1.0 and later	Tlhelp32.h		1
PROCESSOR_INFO	3.0	3.0 and later	Pkfuncs.h		0
ProfilerHit	3.0	3.0 and later			0
ProfileStart	2.10	2.10 and later	Profiler.h		0
ProfileStop	2.10	2.10 and later	Profiler.h		0
ProgIDFromCLSID	3.0	3.0 and later	Objbase.h	Ole232.lib	1
PropertySheet	1.0	1.0 and later	Prsht.h		1
PROPID_M_ACKNOWLEDGE	2.0	2.0 and later. Versions prior to 2.12 require the MSMQ add-on pack.	Mq.h		1
PROPID_M_ADMIN_QUEUE	2.0	2.0 and later. Versions prior to 2.12 require the MSMQ add-on pack.	Mq.h		1
PROPID_M_ADMIN_QUEUE_LEN	2.0	2.0 and later. Versions prior to 2.12 require the MSMQ add-on pack.	Mq.h		1
PROPID_M_APPSPECIFIC	2.0	2.0 and later. Versions prior to 2.12 require the MSMQ add-on pack.	Mq.h		1
PROPID_M_ARRIVEDTIME	2.0	2.0 and later. Versions prior to 2.12 require the MSMQ add-on pack.	Mq.h		1
PROPID_M_AUTH_LEVEL	2.0	2.0 and later. Versions prior to 2.12 require the MSMQ add-on pack.	Mq.h		1
PROPID_M_BODY	2.0	2.0 and later. Versions prior to 2.12 require the MSMQ add-on pack.	Mq.h		1
PROPID_M_BODY_SIZE	2.0	2.0 and later. Versions prior to 2.12 require the MSMQ add-on pack.	Mq.h		1
PROPID_M_BODY_TYPE	2.0	2.0 and later. Versions prior to 2.12 require the MSMQ add-on pack.	Mq.h		1
PROPID_M_CLASS	2.0	2.0 and later. Versions prior to 2.12 require the MSMQ add-on pack.	Mq.h		1
PROPID_M_CORRELATIONID	2.0	2.0 and later. Versions prior to 2.12 require the MSMQ add-on pack.	Mq.h		1
PROPID_M_DELIVERY	2.0	2.0 and later. Versions prior to 2.12 require the MSMQ add-on pack.	Mq.h		1
PROPID_M_DEST_QUEUE	2.0	2.0 and later. Versions prior to 2.12 require the MSMQ add-on pack.	Mq.h		1
PROPID_M_DEST_QUEUE_LEN	2.0	2.0 and later. Versions prior to 2.12 require the MSMQ add-on pack.	Mq.h		1
PROPID_M_EXTENSION	2.0	2.0 and later. Versions prior to 2.12 require the MSMQ add-on pack.	Mq.h		1
PROPID_M_EXTENSION_LEN	2.0	2.0 and later. Versions prior to 2.12 require the MSMQ add-on pack.	Mq.h		1
PROPID_M_JOURNAL	2.0	2.0 and later. Versions prior to 2.12 require the MSMQ add-on pack.	Mq.h		1
PROPID_M_LABEL	2.0	2.0 and later. Versions prior to 2.12 require the MSMQ add-on pack.	Mq.h		1
PROPID_M_LABEL_LEN	2.0	2.0 and later. Versions prior to 2.12 require the MSMQ add-on pack.	Mq.h		1
PROPID_M_MSGID	2.0	2.0 and later. Versions prior to 2.12 require the MSMQ add-on pack.	Mq.h		1
PROPID_M_PRIORITY	2.0	2.0 and later. Versions prior to 2.12 require the MSMQ add-on pack.	Mq.h		1
PROPID_M_RESP_QUEUE	2.0	2.0 and later. Versions prior to 2.12 require the MSMQ add-on pack.	Mq.h		1
PROPID_M_RESP_QUEUE_LEN	2.0	2.0 and later. Versions prior to 2.12 require the MSMQ add-on pack.	Mq.h		1
PROPID_M_SENTTIME	2.0	2.0 and later. Versions prior to 2.12 require the MSMQ add-on pack.	Mq.h		1
PROPID_M_SRC_MACHINE_ID	2.0	2.0 and later. Versions prior to 2.12 require the MSMQ add-on pack.	Mq.h		1
PROPID_M_TIME_TO_BE_RECEIVED	2.0	2.0 and later. Versions prior to 2.12 require the MSMQ add-on pack.	Mq.h		1
PROPID_M_TIME_TO_REACH_QUEUE	2.0	2.0 and later. Versions prior to 2.12 require the MSMQ add-on pack.	Mq.h		1
PROPID_M_TRACE	2.0	2.0 and later. Versions prior to 2.12 require the MSMQ add-on pack.	Mq.h		1
PROPID_M_VERSION	2.0	2.0 and later. Versions prior to 2.12 require the MSMQ add-on pack.	Mq.h		1
PROPID_Q_AUTHENTICATE	2.0	2.0 and later. Versions prior to 2.12 require the MSMQ add-on pack.	Mq.h		1
PROPID_Q_CREATE_TIME	2.0	2.0 and later. Versions prior to 2.12 require the MSMQ add-on pack.	Mq.h		1
PROPID_Q_JOURNAL	2.0	2.0 and later. Versions prior to 2.12 require the MSMQ add-on pack.	Mq.h		1
PROPID_Q_JOURNAL_QUOTA	2.0	2.0 and later. Versions prior to 2.12 require the MSMQ add-on pack.	Mq.h		1
PROPID_Q_LABEL	2.0	2.0 and later. Versions prior to 2.12 require the MSMQ add-on pack.	Mq.h		1
PROPID_Q_MODIFY_TIME	2.0	2.0 and later. Versions prior to 2.12 require the MSMQ add-on pack.	Mq.h		1
PROPID_Q_PATHNAME	2.0	2.0 and later. Versions prior to 2.12 require the MSMQ add-on pack.	Mq.h		1
PROPID_Q_PRIV_LEVEL	2.0	2.0 and later. Versions prior to 2.12 require the MSMQ add-on pack.	Mq.h		1
PROPID_Q_QUOTA	2.0	2.0 and later. Versions prior to 2.12 require the MSMQ add-on pack.	Mq.h		1
PROPID_Q_TRANSACTION	2.0	2.0 and later. Versions prior to 2.12 require the MSMQ add-on pack.	Mq.h		1
PROPID_QM_MACHINE_ID	2.0	2.0 and later. Versions prior to 2.12 require the MSMQ add-on pack.	Mq.h		1
PropSheet_AddPage	1.0	1.0 and later	Prsht.h		1
PropSheet_Apply	1.0	1.0 and later	Prsht.h		1
PropSheet_CancelToClose	1.0	1.0 and later	Prsht.h		1
PropSheet_Changed	1.0	1.0 and later	Prsht.h		1
PropSheet_GetCurrentPageHwnd	1.0	1.0 and later	Prsht.h		1
PropSheet_GetTabControl	1.0	1.0 and later	Prsht.h		1
PropSheet_IsDialogMessage	1.0	1.0 and later	Prsht.h		1
PropSheet_PressButton	1.0	1.0 and later	Prsht.h		1
PropSheet_QuerySiblings	1.0	1.0 and later	Prsht.h		1
PropSheet_RebootSystem	1.0	1.0 and later	Prsht.h		1
PropSheet_RemovePage	1.0	1.0 and later	Prsht.h		1
PropSheet_RestartWindows	1.0	1.0 and later	Prsht.h		1
PropSheet_SetCurSel	1.0	1.0 and later	Prsht.h		1
PropSheet_SetCurSelByID	1.0	1.0 and later	Prsht.h		1
PropSheet_SetFinishText	2.0	2.0 and later	Prsht.h		1
PropSheet_SetTitle	1.0	1.0 and later	Prsht.h		1
PropSheet_SetWizButtons	1.0	1.0 and later	Prsht.h		1
PropSheet_UnChanged	1.0	1.0 and later	Prsht.h		1
PROPSHEETHEADER	1.0	1.0 and later	Prsht.h		1
PROPSHEETPAGE	1.0	1.0 and later	Prsht.h		1
PropSheetPageProc	1.0	1.0 and later	Prsht.h		1
PropSheetProc	1.0	1.0 and later	Prsht.h		1
ProtocolBindAdapter	2.0	2.0 and later	Ndis.h	Ndislib.lib	1
ProtocolCloseAdapterComplete	2.0	2.0 and later	Ndis.h	Ndislib.lib	1
ProtocolOpenAdapterComplete	2.0	2.0 and later	Ndis.h	Ndislib.lib	1
ProtocolReceive	2.0	2.0 and later	Ndis.h	Ndislib.lib	1
ProtocolReceiveComplete	2.0	2.0 and later	Ndis.h	Ndislib.lib	1
ProtocolReceivePacket	3.0	3.0 and later	Ndis.h		1
ProtocolRequestComplete	2.0	2.0 and later	Ndis.h	Ndislib.lib	1
ProtocolResetComplete	2.0	2.0 and later	Ndis.h	Ndislib.lib	1
ProtocolSendComplete	2.0	2.0 and later	Ndis.h	Ndislib.lib	1
ProtocolStatus	2.0	2.0 and later	Ndis.h	Ndislib.lib	1
ProtocolStatusComplete	2.0	2.0 and later	Ndis.h	Ndislib.lib	1
ProtocolTransferDataComplete	2.0	2.0 and later	Ndis.h	Ndislib.lib	1
ProtocolUnbindAdapter	2.0	2.0 and later	Ndis.h	Ndislib.lib	1
PSHNOTIFY	1.0	1.0 and later	Prsht.h		1
PSM_ADDPAGE	1.0	1.0 and later			1
PSM_APPLY	1.0	1.0 and later	Commctrl.h		1
PSM_CANCELTOCLOSE	1.0	1.0 and later	Commctrl.h		1
PSM_CHANGED	1.0	1.0 and later	Commctrl.h		1
PSM_GETCURRENTPAGEHWND	1.0	1.0 and later	Commctrl.h		1
PSM_GETTABCONTROL	1.0	1.0 and later	Commctrl.h		1
PSM_ISDIALOGMESSAGE	1.0	1.0 and later	Commctrl.h		1
PSM_PRESSBUTTON	1.0	1.0 and later	Commctrl.h		1
PSM_QUERYSIBLINGS	1.0	1.0 and later	Commctrl.h		1
PSM_REBOOTSYSTEM	1.0	1.0 and later	Commctrl.h		1
PSM_REMOVEPAGE	1.0	1.0 and later	Commctrl.h		1
PSM_RESTARTWINDOWS	1.0	1.0 and later	Commctrl.h		1
PSM_SETCURSEL	1.0	1.0 and later	Commctrl.h		1
PSM_SETCURSELID	1.0	1.0 and later	Commctrl.h		1
PSM_SETFINISHTEXT	1.0	1.0 and later	Commctrl.h		1
PSM_SETTITLE	1.0	1.0 and later	Commctrl.h		1
PSM_SETWIZBUTTONS	1.0	1.0 and later	Commctrl.h		1
PSN_APPLY	1.0	1.0 and later	Prsht.h		1
PSN_HELP	1.0	1.0 and later	Prsht.h		1
PSN_KILLACTIVE	1.0	1.0 and later	Prsht.h		1
PSN_QUERYCANCEL	1.0	1.0 and later	Prsht.h		1
PSN_RESET	1.0	1.0 and later	Prsht.h		1
PSN_SETACTIVE	1.0	1.0 and later	Prsht.h		1
PtInRect	1.0	1.0 and later	Winuser.h	Rectapi.lib	1
PtInRegion	1.0	1.0 and later	Wingdi.h	Mgrgn.lib	1
PUBLICKEYSTRUC	3.0	3.0 or later	Wincrypt.h		1
PulseEvent	1.0	1.0 and later	Kfuncs.h		1
PurgeComm	1.0	1.0 and later	Winbase.h	Serdev.lib	1
PushEntryList	1.0	1.0 and later	Ntcompat.h		0
pWriteRegistryToOEM	2.10	2.10 and later			0
QueryContextAttributes	1.0	1.0 and later	Winbase.h	Schannel.lib	1
QueryCredentialsAttributes	2.10	2.10 and later	Sspi.h	Schannel.lib	1
QueryInfoSession	3.0	3.0 and later	Natedit.h	Coredll.dll	1
QueryPerformanceCounter	2.0	2.0 and later	Winbase.h		1
QueryPerformanceCounter	2.10	2.10 and later	Mkfuncs.h		1
QueryPerformanceFrequency	2.0	2.0 and later	Winbase.h		1
QueryPerformanceFrequency	2.10	2.10 and later	Mkfuncs.h		1
QuerySecurityPackageInfo	2.10	2.10 and later	Sspi.h	Schannel.lib	1
RaiseException	1.0	1.0 and later	Winbase.h	Coredll.lib	1
Random	1.0	1.0 and later	Winbase.h	Coredll.lib	1
RAPIINIT	1.0	1.0 and later	Rapi.h		1
RASCONN	1.0	1.0 and later	Ras.h		1
RASCONNSTATE	1.0	1.0 and later	Ras.h		1
RASCONNSTATUS	1.0	1.0 and later	Ras.h		1
RasDeleteEntry	3.0	3.0 and later	Ras.h, Afdfunc.h	Ppp.lib	1
RASDEVINFO	1.0	1.0 and later	Ras.h		1
RasDial	1.0	1.0 and later	Ras.h, Afdfunc.h	Ppp.lib	1
RASDIALPARAMS	1.0	1.0 and later	Ras.h		1
RASENTRY	1.0	1.0 and later	Ras.h		1
RASENTRYNAME	1.0	1.0 and later	Ras.h		1
RasEnumConnections	1.0	1.0 and later	Ras.h, Afdfunc.h	Ppp.lib	1
RasEnumDevices	3.0	3.0 and later	Ras.h	Ppp.lib	1
RasEnumEntries	1.0	1.0 and later	Ras.h, Afdfunc.h	Ppp.lib	1
RasGetConnectStatus	1.0	1.0 and later	Ras.h, Afdfunc.h	Ppp.lib	1
RasGetEntryDialParams	1.0	1.0 and later	Ras.h, Afdfunc.h	Ppp.lib	1
RasGetEntryProperties	1.0	1.0 and later	Ras.h, Afdfunc.h	Ppp.lib	1
RasGetLinkStatistics	3.0	3.0 and later	Ras.h, Afdfunc.h	Ppp.lib	1
RasGetProjectionInfo	3.0	3.0 and later	Ras.h, Afdfunc.h	Ppp.lib	1
RasHangUp	1.0	1.0 and later	Ras.h, Afdfunc.h	Ppp.lib	1
RASIPADDR	1.0	1.0 and later	Ras.h		1
RASPPPIP	1.0	1.0 and later	Ras.h		1
RASPROJECTION	1.0	1.0 and later	Ras.h		1
RasRenameEntry	1.0	1.0 and later	Ras.h, Afdfunc.h	Ppp.lib	1
RasSetEntryDialParams	1.0	1.0 and later	Ras.h, Afdfunc.h	Ppp.lib	1
RasSetEntryProperties	1.0	1.0 and later	Ras.h, Afdfunc.h	Ppp.lib	1
RasValidateEntryName	1.0	1.0 and later	Ras.h, Afdfunc.h	Ppp.lib	1
RB_DELETEBAND	2.0	2.0 and later	Commctrl.h		1
RB_GETBANDBORDERS	2.0	2.0 and later	Commctrl.h		1
RB_GETBANDCOUNT	2.0	2.0 and later	Commctrl.h		1
RB_GETBANDINFO	2.0	2.0 and later	Commctrl.h		1
RB_GETBARHEIGHT	2.0	2.0 and later	Commctrl.h		1
RB_GETBARINFO	2.0	2.0 and later	Commctrl.h		1
RB_GETBKCOLOR	2.0	2.0 and later	Commctrl.h		1
RB_GETRECT	2.0	2.0 and later	Commctrl.h		1
RB_GETROWCOUNT	2.0	2.0 and later	Commctrl.h		1
RB_GETROWHEIGHT	2.0	2.0 and later	Commctrl.h		1
RB_GETTEXTCOLOR	2.0	2.0 and later	Commctrl.h		1
RB_HITTEST	2.0	2.0 and later	Commctrl.h		1
RB_IDTOINDEX	2.0	2.0 and later	Commctrl.h		1
RB_INSERTBAND	2.0	2.0 and later	Commctrl.h		1
RB_MAXIMIZEBAND	2.0	2.0 and later	Commctrl.h		1
RB_MINIMIZEBAND	2.0	2.0 and later	Commctrl.h		1
RB_SETBANDINFO	2.0	2.0 and later	Commctrl.h		1
RB_SETBARINFO	2.0	2.0 and later	Commctrl.h		1
RB_SETBKCOLOR	2.0	2.0 and later	Commctrl.h		1
RB_SETPARENT	2.0	2.0 and later	Commctrl.h		1
RB_SETTEXTCOLOR	2.0	2.0 and later	Commctrl.h		1
RB_SHOWBAND	2.0	2.0 and later	Commctrl.h		1
RB_SIZETORECT	2.0	2.0 and later	Commctrl.h		1
RBHITTESTINFO	2.0	2.0 and later	Commctrl.h		1
RBN_AUTOSIZE	2.0	2.0 and later	Commctrl.h		1
RBN_BEGINDRAG	2.0	2.0 and later	Commctrl.h		1
RBN_ENDDRAG	2.0	2.0 and later	Commctrl.h		1
RBN_HEIGHTCHANGE	2.0	2.0 and later	Commctrl.h		1
RBN_LAYOUTCHANGED	2.0	2.0 and later	Commctrl.h		1
RDF_CARD_EJECT	3.0	3.0 and later			1
RDF_CARD_POWER	3.0	3.0 and later			1
RDF_CARD_TRACKING	3.0	3.0 and later			1
RDF_IOCTL_VENDOR	3.0	3.0 and later			1
RDF_READER_SWALLOW	3.0	3.0 and later			1
RDF_SET_PROTOCOL	3.0	3.0 and later			1
RDF_TRANSMIT	3.0	3.0 and later			1
READ_PORT_BUFFER_UCHAR	2.10	2.10 and later	Ceddk.h		1
READ_PORT_BUFFER_ULONG	2.10	2.10 and later	Ceddk.h		1
READ_PORT_BUFFER_USHORT	2.10	2.10 and later	Ceddk.h		1
READ_PORT_UCHAR	2.10	2.10 and later	Ceddk.h		1
READ_PORT_ULONG	2.10	2.10 and later	Ceddk.h		1
READ_PORT_USHORT	2.10	2.10 and later	Ceddk.h		1
READ_REGISTER_BUFFER_UCHAR	2.10	2.10 and later	Ceddk.h		1
READ_REGISTER_BUFFER_ULONG	2.10	2.10 and later	Ceddk.h		1
READ_REGISTER_BUFFER_USHORT	2.10	2.10 and later	Ceddk.h		1
READ_REGISTER_UCHAR	2.10	2.10 and later	Ceddk.h		1
READ_REGISTER_ULONG	2.10	2.10 and later	Ceddk.h		1
READ_REGISTER_USHORT	2.10	2.10 and later	Ceddk.h		1
ReadClassStg	2.0	2.0 and later	Ole2.h	Ole232.lib	1
ReadClassStm	2.0	2.0 and later	Ole2.h	Ole232.lib	1
ReadClient	3.0	3.0 and later	httpext.h	Httpextn.lib	1
ReadFile	1.0	1.0 and later	Winbase.h	Coredll.lib, Fsmain.lib	1
ReadProcessMemory	2.0	2.0 and later	Winbase.h	Coredll.lib, Nk.lib	1
ReadRegistryFromOEM	2.10	2.10 and later	Pkfuncs.h		0
RealizePalette	2.0	2.0 and later	Wingdi.h	Mgpal.lib	1
REBARBANDINFO	2.0	2.0 and later	Commctrl.h		1
REBARINFO	2.0	2.0 and later	Commctrl.h		1
RECONVERTSTRING	2.11	2.11 and later	Imm.h		1
RECT	1.0	1.0 and later	Windef.h		1
Rectangle	1.0	1.0 and later	Wingdi.h	Mgdraw.lib	1
RectInRegion	1.0	1.0 and later	Wingdi.h	Mgrgn.lib	1
RECTL	1.0	1.0 and later	Windef.h		1
RectVisible	2.0	2.0 and later	Wingdi.h	Mgrgn.lib	1
recv	1.0	1.0 and later	Winsock.h		1
recvfrom	1.0	1.0 and later	Winsock.h		1
RegCloseKey	1.0	1.0 and later	Winreg.h	Coredll.lib, Fsreg.lib	1
RegCopyFile	2.10	2.10 and later	Pwinreg.h		0
RegCreateKeyEx	1.0	1.0 and later	Winreg.h	Coredll.lib, Fsreg.lib	1
RegDeleteKey	1.0	1.0 and later	Winreg.h	Coredll.lib, Fsreg.lib	1
RegDeleteValue	1.0	1.0 and later	Winreg.h	Coredll.lib, Fsreg.lib	1
RegEnumKeyEx	1.0	1.0 and later	Winreg.h	Coredll.lib, Fsreg.lib	1
RegEnumValue	1.0	1.0 and later	Winreg.h	Coredll.lib, Fsreg.lib	1
RegFlushKey	2.10	2.10 and later	Winreg.h	Coredll.lib, Fsreg.lib	1
RegisterClass	1.0	1.0 and later	Winuser.h		1
RegisterClientDriverID	2.10	2.10 and later			0
RegisterClientSettings	2.10	2.10 and later			0
RegisterClipboardFormat	1.0	1.0 and later	Winuser.h	Clipbd.lib	1
RegisterDevice	1.0	1.0 and later	Winbase.h	Coredll.lib	1
RegisterDevice	2.0	2.0 and later	Ntcompat.h		1
RegisterEditor	3.0	3.0 and later	Natedit.h	Coredll.dll	1
RegisterHotKey	2.0	2.0 and later	Winuser.h	Hotkey.lib	1
RegisterNotificationRoutine	2.10	2.10 and later			0
RegisterTaskBar	2.10	2.10 and later	Pwinuser.h		0
RegisterTypeLib	2.0	2.0 and later	Oleauto.h	Oleaut32.lib	1
RegisterWindowMessage	2.0	2.0 and later	Winuser.h		1
REGISTERWORD	2.12	2.12 and later	Imm.h		1
RegOpenKeyEx	1.0	1.0 and later	Winreg.h	Coredll.lib, Fsreg.lib	1
RegQueryInfoKey	1.0	1.0 and later	Winreg.h	Coredll.lib, Fsreg.lib	1
RegQueryValueEx	1.0	1.0 and later	Winreg.h	Coredll.lib, Fsreg.lib	1
RegRestoreFile	2.10	2.10 and later	Pwinreg.h		0
RegSetValueEx	1.0	1.0 and later	Winreg.h	Coredll.lib, Fsreg.lib	1
ReleaseCapture	1.0	1.0 and later	Winuser.h	Foregnd.lib	1
ReleaseDC	1.0	1.0 and later	Winuser.h	Coredll.lib, Winmgr.lib	1
ReleaseFrameLengthControl	2.10	2.10 and later			0
ReleaseMutex	1.01	1.01 and later	Winbase.h	Nk.lib	1
ReleaseSemaphore	3.0	3.0 and later	Winbase.h		1
ReleaseStgMedium	2.10	2.10 and later	Ole2.h		1
REMOTE_NAME_INFO	2.0	2.0 and later	Winnetwk.h		1
RemoveDirectory	1.0	1.0 and later	Winbase.h	Coredll.lib, Fsmain.lib	1
RemoveEntryList	2.0	2.0 and later	Ntcompat.h		0
RemoveFontResource	1.0	1.0 and later	Wingdi.h	Mgrast.lib, Mgtt.lib	1
RemoveHeadList	2.0	2.0 and later	Ntcompat.h		0
RemoveMenu	1.0	1.0 and later	Winuser.h	Menu.lib	1
RemoveTailList	2.0	2.0 and later	Ntcompat.h		0
REPLSETUP	2.0	2.0 and later	Cesync.h		1
ReportPrinterStatus	2.0	2.0 and later	Prnport.h		1
ReportStatus	2.0	2.0 and later	Cesync.h		1
ResetDefaultPipe	1.0	1.0 and later			0
ResetEvent	1.0	1.0 and later	Kfuncs.h		1
ResetPipe	2.10	2.10 and later			1
RestoreDC	1.0	1.0 and later	Wingdi.h	Mgdc.lib	1
ResumeThread	1.0	1.0 and later	Winbase.h	Coredll.lib	1
RETAILLED	2.10	2.10 and later	Dbgapi.h		1
RETAILMSG	2.10	2.10 and later	Dbgapi.h		1
RetrieveUrlCacheEntryFile	2.12	2.12 and later	Wininet.h	Wininet.lib	1
RGB	1.0	1.0 and later	Wingdi.h		1
RGBQUAD	1.0	1.0 and later	Wingdi.h		1
RGBTRIPLE	2.0	2.0 and later	Wingdi.h		1
RGNDATA	1.0	1.0 and later	Wingdi.h		1
RGNDATAHEADER	1.0	1.0 and later	Wingdi.h		1
RoundRect	1.0	1.0 and later	Wingdi.h	Mgdraw.lib	1
SAFEARRAY	1.0	1.0 and later	Oaidl.h		1
SafeArrayAccessData	2.0	2.0 and later	Oleauto.h	Oleaut32.lib	1
SafeArrayAllocData	2.0	2.0 and later	Oleauto.h	Oleaut32.lib	1
SafeArrayAllocDescriptor	2.0	2.0 and later	Oleauto.h	Oleaut32.lib	1
SAFEARRAYBOUND	1.0	1.0 and later	Oaidl.h		1
SafeArrayCopy	2.0	2.0 and later	Oleauto.h	Oleaut32.lib	1
SafeArrayCopyData	2.0	2.0 and later	Oleauto.h	Oleaut32.lib	1
SafeArrayCreate	2.0	2.0 and later	Oleauto.h	Oleaut32.lib	1
SafeArrayCreateVector	2.0	2.0 and later	Oleauto.h	Oleaut32.lib	1
SafeArrayDestroy	2.0	2.0 and later	Oleauto.h	Oleaut32.lib	1
SafeArrayDestroyData	2.0	2.0 and later	Oleauto.h	Oleaut32.lib	1
SafeArrayDestroyDescriptor	2.0	2.0 and later	Oleauto.h	Oleaut32.lib	1
SafeArrayGetDim	2.0	2.0 and later	Oleauto.h	Oleaut32.lib	1
SafeArrayGetElement	2.0	2.0 and later	Oleauto.h	Oleaut32.lib	1
SafeArrayGetElemsize	2.0	2.0 and later	Oleauto.h		1
SafeArrayGetLBound	2.0	2.0 and later	Oleauto.h	Oleaut32.lib	1
SafeArrayGetUBound	2.0	2.0 and later	Oleauto.h	Oleaut32.lib	1
SafeArrayLock	2.0	2.0 and later	Oleauto.h	Oleaut32.lib	1
SafeArrayPtrOfIndex	2.0	2.0 and later	Oleauto.h	Oleaut32.lib	1
SafeArrayPutElement	2.0	2.0 and later	Oleauto.h	Oleaut32.lib	1
SafeArrayRedim	2.0	2.0 and later	Oleauto.h	Oleaut32.lib	1
SafeArrayUnaccessData	2.0	2.0 and later	Oleauto.h	Oleaut32.lib	1
SafeArrayUnlock	2.0	2.0 and later	Oleauto.h	Oleaut32.lib	1
SaveDC	1.0	1.0 and later	Wingdi.h	Mgdc.lib	1
SB_GETBORDERS	1.0	1.0 and later	Commctrl.h		1
SB_GETPARTS	1.0	1.0 and later	Commctrl.h		1
SB_GETRECT	1.0	1.0 and later	Commctrl.h		1
SB_GETTEXT	1.0	1.0 and later	Commctrl.h		1
SB_GETTEXTLENGTH	1.0	1.0 and later	Commctrl.h		1
SB_ISSIMPLE	1.0	1.0 and later	Commctrl.h		1
SB_SETMINHEIGHT	1.0	1.0 and later	Commctrl.h		1
SB_SETPARTS	1.0	1.0 and later	Commctrl.h		1
SB_SETTEXT	1.0	1.0 and later	Commctrl.h		1
SB_SIMPLE	1.0	1.0 and later	Commctrl.h		1
SBM_GETPOS	2.0	2.0 and later	Commctrl.h		1
SBM_GETRANGE	2.0	2.0 and later	Commctrl.h		1
SBM_GETSCROLLINFO	1.0	1.0 and later	Commctrl.h		1
SBM_SETPOS	2.0	2.0 and later	Commctrl.h		1
SBM_SETRANGE	2.0	2.0 and later	Commctrl.h		1
SBM_SETRANGEREDRAW	2.0	2.0 and later	Commctrl.h		1
SBM_SETSCROLLINFO	1.0	1.0 and later	Commctrl.h		1
SBN_SIMPLEMODECHANGE	2.0	2.0 and later	Commctrl.h		1
SCARD_IO_REQUEST	3.0	3.0 and later	Winscard.h		1
SCARD_READERSTATE	3.0	3.0 and later	Winscard.h		1
SCardBeginTransaction	3.0	3.0 and later	Winscard.h	Winscard.lib	1
SCardCancel	3.0	3.0 and later	Winscard.h	Winscard.lib	1
SCardConnect	3.0	3.0 and later	Winscard.h	Winscard.lib	1
SCardControl	3.0	3.0 and later	Winscard.h	Winscard.lib	1
SCardDisconnect	3.0	3.0 and later	Winscard.h	Winscard.lib	1
SCardEndTransaction	3.0	3.0 and later	Winscard.h	Winscard.lib	1
SCardEstablishContext	3.0	3.0 and later	Winscard.h	Winscard.lib	1
SCardForgetCardType	3.0	3.0 and later	Winscard.h	Winscard.lib	1
SCardForgetReader	3.0	3.0 and later	Winscard.h	Winscard.lib	1
SCardGetAttrib	3.0	3.0 and later	Winscard.h	Winscard.lib	1
SCardGetCardTypeProviderName	3.0	3.0 and later	Winscard.h	Winscard.lib	1
SCardGetProviderId	3.0	3.0 and later	Winscard.h	Winscard.lib	1
SCardGetStatusChange	3.0	3.0 and later	Winscard.h	Winscard.lib	1
SCardIntroduceCardType	3.0	3.0 and later	Winscard.h	Winscard.lib	1
SCardIntroduceReader	3.0	3.0 and later	Winscard.h	Winscard.lib	1
SCardListCards	3.0	3.0 and later	Winscard.h	Winscard.lib	1
SCardListInterfaces	3.0	3.0 and later	Winscard.h	Winscard.lib	1
SCardListReaders	3.0	3.0 and later	Winscard.h	Winscard.lib	1
SCardLocateCards	3.0	3.0 and later	Winscard.h	Winscard.lib	1
SCardReconnect	3.0	3.0 and later	Winscard.h	Winscard.lib	1
SCardReleaseContext	3.0	3.0 and later	Winscard.h	Winscard.lib	1
SCardSetAttrib	3.0	3.0 and later	Winscard.h	Winscard.lib	1
SCardStatus	3.0	3.0 and later	Winscard.h	Winscard.lib	1
SCardTransmit	3.0	3.0 and later	Winscard.h	Winscard.lib	1
SchedLogGetProcessName	2.10	2.10 and later	Schedlog.h		0
SchedLogGetThreadProgramCounter	2.10	2.10 and later	Schedlog.h		0
SchedLogTranslate	2.10	2.10 and later	Schedlog.h		0
ScreenToClient	1.0	1.0 and later	Winuser.h	Coredll.lib, Winmgr.lib	1
ScrollDC	1.0	1.0 and later	Winuser.h	Mgwinmgr.lib	1
SCROLLINFO	1.0	1.0 and later	Winuser.h		1
ScrollWindowEx	1.0	1.0 and later	Winuser.h	Coredll.lib, Winmgr.lib	1
SEC_WINNT_AUTH_IDENTITY	2.0	2.0 and later	Rpcdce.h		1
SecBuffer	2.10	2.10 and later	Sspi.h		1
SecBufferDesc	2.10	2.10 and later	Sspi.h		1
SecPkgContext_Authority	2.10	2.10 and later	Sspi.h		1
SecPkgContext_DceInfo	2.10	2.10 and later	Sspi.h		1
SecPkgContext_KeyInfo	2.10	2.10 and later	Sspi.h		1
SecPkgContext_Lifespan	2.10	2.10 and later	Sspi.h		1
SecPkgContext_Names	2.10	2.10 and later	Sspi.h		1
SecPkgContext_Sizes	2.10	2.10 and later	Sspi.h		1
SecPkgCredentials_Names	2.10	2.10 and later	Sspi.h		1
SecPkgInfo	2.10	2.10 and later	Sspi.h		1
SecurityFunctionTable	2.10	2.10 and later	Sspi.h		1
select	1.0	1.0 and later	Winsock.h		1
SelectClipRgn	1.0	1.0 and later	Wingdi.h	Mgrgn.lib	1
SelectObject	1.0	1.0 and later	Wingdi.h	Mgbase.lib	1
SelectPalette	2.0	2.0 and later	Wingdi.h	Mgpal.lib	1
send	1.0	1.0 and later	Winsock.h		1
SendARP	3.0	3.0 and later	Iphlpapi.h	Iphlpapi.lib	1
SendDlgItemMessage	1.0	1.0 and later	Winuser.h	Dlgmgr.lib	1
SendInput	2.0	2.0 and later	Winuser.h	Wmgr_c.lib, Uibase.lib	1
SendMessage	1.0	1.0 and later	Winuser.h	Msgque.lib	1
SendNotifyMessage	1.0	1.0 and later	Winuser.h	Msgque.lib	1
sendto	1.0	1.0 and later	Winsock.h		1
ServerSupportFunction	3.0	3.0 and later	Httpfilt.h	Httpfilt.lib	1
SetAbortProc	2.0	2.0 and later	Wingdi.h	Mgprint.lib	1
SetActiveWindow	1.0	1.0 and later	Winuser.h	Caret.lib	1
SetBkColor	1.0	1.0 and later	Wingdi.h	Mgbase.lib	1
SetBkMode	1.0	1.0 and later	Wingdi.h	Mgbase.lib	1
SetBrushOrgEx	1.0	1.0 and later	Wingdi.h	Mgdraw.lib	1
SetCapture	1.0	1.0 and later	Winuser.h	Foregnd.lib	1
SetCaretBlinkTime	1.0	1.0 and later	Winuser.h	Caret.lib	1
SetCaretPos	1.0	1.0 and later	Winuser.h	Caret.lib	1
SetClassLong	1.0	1.0 and later	Winuser.h		1
SetCleanRebootFlag	2.10	2.10 and later	Pkfuncs.h		0
SetClipboardData	1.0	1.0 and later	Winuser.h	Clipbd.lib	1
SetCommBreak	1.0	1.0 and later	Winbase.h	Serdev.lib	1
SetCommMask	1.0	1.0 and later	Winbase.h	Serdev.lib	1
SetCommState	1.0	1.0 and later	Winbase.h	Serdev.lib	1
SetCommTimeouts	1.0	1.0 and later	Winbase.h	Serdev.lib	1
SetCursor	1.0	1.0 and later	Winuser.h	Cursor.lib, Mcursor.lib	1
SetCursorPos	1.0	1.0 and later	Winuser.h	Cursor.lib, Mcursor.lib	1
SetDaylightTime	2.0	2.0 and later	Winbase.h	Coredll.lib	1
SetDescriptor	2.10	2.10 and later			0
SetDlgItemInt	1.0	1.0 and later	Winuser.h	Dlgmgr.lib	1
SetDlgItemText	1.0	1.0 and later	Winuser.h	Dlgmgr.lib	1
SetDlgMsgResult	1.0	1.0 and later	Windowsx.h		1
SetEndOfFile	1.0	1.0 and later	Winbase.h	Coredll.lib, Fsmain.lib	1
SetErrorInfo	1.0	1.0 and later	Winbase.h	Oleaut32.lib	1
SetEvent	1.0	1.0 and later	Kfuncs.h		1
SetFeature	2.10	2.10 and later			0
SetFileAttributes	1.0	1.0 and later	Winbase.h	Coredll.lib	1
SetFilePointer	1.0	1.0 and later	Winbase.h	Coredll.lib, Fsmain.lib	1
SetFileTime	1.0	1.0 and later	Winbase.h		1
SetFocus	1.0	1.0 and later	Winuser.h	Caret.lib, Foregnd.lib	1
SetForegroundWindow	1.0	1.0 and later	Winuser.h		1
SetFrameLength	2.10	2.10 and later			0
SetHeader	3.0	3.0 and later	Httpfilt.h	Httpfilt.lib	1
SetIfEntry	3.0	3.0 and later	Iphlpapi.h	Iphlpapi.lib	1
SetInterface	2.10	2.10 and later			0
SetInterruptEvent	2.10	2.10 and later	Nkintr.h		0
SetIpForwardEntry	3.0	3.0 and later	Iphlpapi.h	Iphlpapi.lib	1
SetIpNetEntry	3.0	3.0 and later	Iphlpapi.h	Iphlpapi.lib	1
SetIpStatistics	3.0	3.0 and later	Iphlpapi.h	Iphlpapi.lib	1
SetIpTTL	3.0	3.0 and later	Iphlpapi.h	Iphlpapi.lib	1
SetKernelCommDev	2.10	2.10 and later	Nkintr.h		0
SetKMode	2.10	2.10 and later	Pkfuncs.h		0
SetLastError	1.0	1.0 and later	Winbase.h	Coredll.lib	1
SetLocaleInfo	1.0	1.0 and later	Winnls.h	Coreloc.lib	1
SetLocalTime	1.0	1.0 and later	Winbase.h		1
SetMenuItemInfo	1.0	1.0 and later	Winuser.h	Menu.lib	1
SetOOMEvent	3.0	3.0 and later	Pkfuncs.h		0
SetPaletteEntries	2.0	2.0 and later	Wingdi.h	Mgpal.lib	1
SetParent	1.0	1.0 and later	Winuser.h		1
SetPassword	2.10	2.10 and later	Windbase.h		1
SetPasswordActive	2.10	2.10 and later	Windbase.h		1
SetPixel	2.0	2.0 and later	Wingdi.h	Mgdraw.lib	1
SetProcPermissions	2.10	2.10 and later	Pkfuncs.h		1
SetRect	1.0	1.0 and later	Winbase.h	Rectapi.lib	1
SetRectEmpty	1.0	1.0 and later	Winuser.h	Rectapi.lib	1
SetRectRgn	2.0	2.0 and later	Wingdi.h	Mgrgn.lib	1
SetROP2	2.0	2.0 and later	Wingdi.h	Mgdraw.lib	1
SetScrollInfo	1.0	1.0 and later	Winuser.h	Sbcmn.lib	1
SetScrollPos	2.0	2.0 and later	Winuser.h	Sbcmn.lib	1
SetScrollRange	2.0	2.0 and later	Winuser.h	Sbcmn.lib	1
SetStoreQueueBase	2.10	2.10 and later	Pkfuncs.h		0
SetSysColors	2.0	2.0 and later	Winuser.h	Winmgr.lib	1
SetSystemMemoryDivision	2.10	2.10 and later	Pwindbas.h		0
SetSystemTime	1.0	1.0 and later	Winbase.h	Coremain.lib	1
SetTcpEntry	3.0	3.0 and later	Iphlpapi.h	Iphlpapi.lib	1
SetTextColor	1.0	1.0 and later	Wingdi.h	Mgbase.lib	1
SetThreadContext	2.0	2.0 and later	Winbase.h	Nk.lib	1
SetThreadPriority	1.0	1.0 and later	Winbase.h	Coredll.lib, Nk.lib	1
SetTimer	2.0	2.0 and later	Winuser.h		1
SetTimeZoneInformation	1.0	1.0 and later	Winbase.h		1
SettingsDialogData	2.10	2.10 and later	Notifext.hxx		0
SetupComm	1.0	1.0 and later	Winbase.h	Serdev.lib	1
SetUrlCacheEntryGroup	2.12	2.12 and later	Wininet.h	Wininet.lib	1
SetUrlCacheEntryInfo	2.12	2.12 and later	Wininet.h	Wininet.lib	1
SetViewportOrgEx	1.0	1.0 and later	Wingdi.h		1
SetWindowLong	1.0	1.0 and later	Winuser.h		1
SetWindowPos	1.0	1.0 and later	Winuser.h		1
SetWindowRgn	2.12	2.12 and later	Winuser.h	Winmgr.lib	1
SetWindowText	1.0	1.0 and later	Winuser.h		1
SHAddToRecentDocs	1.0	1.0 and later	Shellapi.h		1
SHCreateShortcut	1.0	1.0 and later	Shellapi.h	Shortcut.lib	1
Shell_NotifyIcon	1.0	1.0 and later	Shellapi.h		1
ShellExecuteEx	1.0	1.0 and later	Shellapi.h		1
SHELLEXECUTEINFO	1.0	1.0 and later	Shellapi.h		1
SHELLFILECHANGEFUNC_t	2.10	2.10 and later	Extfile.h		1
SHFILEINFO	1.0	1.0 and later	Shellapi.h		1
SHGetFileInfo	1.0	1.0 and later	Shellapi.h		1
SHGetMalloc	1.0	1.0 and 2.12	Shlobj.h		1
SHGetPathFromIDList	2.0	2.0 and later	Shellapi.h		1
SHGetShortcutTarget	1.0	1.0 and later	Shellapi.h	Shortcut.lib	1
SHGetSpecialFolderLocation	1.0	1.0 and 2.12	Shlobj.h		1
SHGetSpecialFolderPath	2.12	2.12 and later	Shellapi.h		1
SHLoadDIBitmap	1.0	1.0 and later	Shellapi.h	Shmisc.lib	1
ShowCaret	1.0	1.0 and later	Winuser.h	Caret.lib	1
ShowCursor	1.0	1.0 and later	Winuser.h	Cursor.lib, Mcursor.lib	1
ShowWindow	1.0	1.0 and later	Winuser.h		1
SHShowOutOfMemory	1.0	1.0 and later	Shellapi.h	Shmisc.lib	1
shutdown	1.0	1.0 and later	Winsock.h		1
SignalStarted	2.10	2.10 and later	Winbase.h		1
SipEnumIM	2.10	2.10 and later	Sipapi.h	Coresip.lib	1
SipEnumIMProc	2.10	2.10 and later		Coresip.lib	1
SipGetCurrentIM	2.10	2.10 and later	Sipapi.h	Coresip.lib	1
SipGetInfo	2.10	2.10 and later	Sipapi.h	Coresip.lib	1
SIPINFO	2.01	2.01 and later	Sipapi.h		1
SipRegisterNotification	2.10	2.10 and later	Sipapi.h	Coresip.lib	1
SipSetCurrentIM	2.10	2.10 and later	Sipapi.h	Coresip.lib	1
SipSetDefaultRect	2.10	2.10 and later	Sipapi.h	Coresip.lib	1
SipSetInfo	2.10	2.10 and later	Sipapi.h	Coresip.lib	1
SipShowIM	2.10	2.10 and later	Sipapi.h	Coresip.lib	1
SipStatus	2.10	2.10 and later	Sipapi.h	Coresip.lib	1
SIZE	1.0	1.0 and later	Windef.h		1
SizeofResource	1.0	1.0 and later	Winbase.h	Coredll.lib	1
Sleep	1.0	1.0 and later	Winbase.h	Coredll.lib	1
SmartcardCreateLink	3.0	3.0 and later			1
SmartcardDeleteLink	3.0	3.0 and later			1
SmartcardDeviceControl	3.0	3.0 and later			1
SmartcardExit	3.0	3.0 and later			1
SmartcardInitialize	3.0	3.0 and later			1
SmartcardLockDevice	3.0	3.0 and later			1
SmartcardRawReply	3.0	3.0 and later			1
SmartcardRawRequest	3.0	3.0 and later			1
SmartcardT0Reply	3.0	3.0 and later			1
SmartcardT0Request	3.0	3.0 and later			1
SmartcardT1Reply	3.0	3.0 and later			1
SmartcardT1Request	3.0	3.0 and later			1
SmartcardUnlockDevice	3.0	3.0 and later			1
SmartcardUpdateCardCapabilities	3.0	3.0 and later			1
sndPlaySound	2.0	2.0 and later	Mmsystem.h	Wavelib.lib	1
SnmpExtensionClose	3.0	3.0 and later	Snmp.h	Snmp.lib	1
SnmpExtensionInit	3.0	3.0 and later	Snmp.h	Snmp.lib	1
SnmpExtensionInitEx	3.0	3.0 and later	Snmp.h	Snmp.lib	1
SnmpExtensionQuery	3.0	3.0 and later	Snmp.h	Snmp.lib	1
SnmpExtensionQueryEx	3.0	3.0 and later	Snmp.h	Snmp.lib	1
SnmpExtensionTrap	3.0	3.0 and later	Snmp.h	Snmp.lib	1
SnmpSvcGetUptime	3.0	3.0 and later	Snmp.h	Snmpapi.lib	1
SnmpSvcSetLogLevel	3.0	3.0 and later	Snmp.h	Snmpapi.lib	1
SnmpSvcSetLogType	3.0	3.0 and later	Snmp.h	Snmpapi.lib	1
SnmpTfxClose	3.0	3.0 and later	Snmpexts.h	Snmpapi.lib	1
SnmpTfxOpen	3.0	3.0 and later	Snmpexts.h	Snmpapi.lib	1
SnmpTfxQuery	3.0	3.0 and later	Snmpexts.h	Snmpapi.lib	1
SnmpUtilAsnAnyCpy	3.0	3.0 and later	Snmp.h	Snmpapi.lib	1
SnmpUtilAsnAnyFree	3.0	3.0 and later	Snmp.h	Snmpapi.lib	1
SnmpUtilDbgPrint	3.0	3.0 and later	Snmp.h	Snmpapi.lib	1
SnmpUtilIdsToA	3.0	3.0 and later	Snmp.h	Snmpapi.lib	1
SnmpUtilIdsToW	3.0	3.0 and later	Snmp.h	Snmpapi.lib	1
SnmpUtilMemAlloc	3.0	3.0 and later	Snmp.h	Snmpapi.lib	1
SnmpUtilMemFree	3.0	3.0 and later	Snmp.h	Snmpapi.lib	1
SnmpUtilMemReAlloc	3.0	3.0 and later	Snmp.h	Snmpapi.lib	1
SnmpUtilOctetsCmp	3.0	3.0 and later	Snmp.h	Snmpapi.lib	1
SnmpUtilOctetsCpy	3.0	3.0 and later	Snmp.h	Snmpapi.lib	1
SnmpUtilOctetsFree	3.0	3.0 and later	Snmp.h	Snmpapi.lib	1
SnmpUtilOctetsNCmp	3.0	3.0 and later	Snmp.h	Snmpapi.lib	1
SnmpUtilOidAppend	3.0	3.0 and later	Snmp.h	Snmpapi.lib	1
SnmpUtilOidCmp	3.0	3.0 and later	Snmp.h	Snmpapi.lib	1
SnmpUtilOidCpy	3.0	3.0 and later	Snmp.h	Snmpapi.lib	1
SnmpUtilOidFree	3.0	3.0 and later	Snmp.h	Snmpapi.lib	1
SnmpUtilOidNCmp	3.0	3.0 and later	Snmp.h	Snmpapi.lib	1
SnmpUtilOidToA	3.0	3.0 and later	Snmp.h	Snmpapi.lib	1
SnmpUtilOidToW	3.0	3.0 and later	Snmp.h	Snmpapi.lib	1
SnmpUtilPrintToStrAsnAny	3.0	3.0 and later	Snmp.h	Snmpapi.lib	1
SnmpUtilVarBindCpy	3.0	3.0 and later	Snmp.h	Snmpapi.lib	1
SnmpUtilVarBindListCpy	3.0	3.0 and later	Snmp.h	Snmpapi.lib	1
SnmpVarBind	3.0	3.0 and later	Snmp.h		1
SnmpVarBindList	3.0	3.0 and later	Snmp.h		1
sockaddr	1.0	1.0 and later	Winsock.h		1
SOCKADDR_IN	1.0	1.0 and later	Winsock.h		1
sockaddr_irda	1.0	1.0 and later	Winsock.h		1
socket	1.0	1.0 and later	Winsock.h		1
SORTORDERSPEC	1.0	1.0 and later	Windbase.h		1
SplAddUserDict	2.10	2.10 and later	Splapi.h	Splusa.lib	0
SPLBUFFER	2.10	2.10 and later	Splapi.h		0
SplCheck	2.10	2.10 and later	Splapi.h	Splusa.lib	0
SplClrUserDict	2.10	2.10 and later	Splapi.h	Splusa.lib	0
SplEnumUserDict	2.10	2.10 and later	Splapi.h	Splusa.lib	0
SplInit	2.10	2.10 and later	Splapi.h	Splusa.lib	0
SplLimitGet	2.10	2.10 and later	Splapi.h	Splusa.lib	0
SplLimitSet	2.10	2.10 and later	Splapi.h	Splusa.lib	0
SplOptionGet	2.10	2.10 and later	Splapi.h	Splusa.lib	0
SplOptionSet	2.10	2.10 and later	Splapi.h	Splusa.lib	0
SplQuit	2.10	2.10 and later	Splapi.h	Splusa.lib	0
SplRemUserDict	2.10	2.10 and later	Splapi.h	Splusa.lib	0
SplReplace	2.10	2.10 and later	Splapi.h	Splusa.lib	0
SplSizeUserDict	2.10	2.10 and later	Splapi.h	Splusa.lib	0
SPLSUGGEST	2.10	2.10 and later	Splapi.h		0
SplSuggest	2.10	2.10 and later	Splapi.h	Splusa.lib	0
StartDoc	2.0	2.0 and later	Wingdi.h	Mgprint.lib	1
StartPage	2.0	2.0 and later	Wingdi.h	Mgprint.lib	1
Startup_DestroyDialogCallback	2.10	2.10 and later	Startui.h		0
Startup_DlgProc	2.10	2.10 and later	Startui.h		0
Startup_Initialize	2.10	2.10 and later	Startui.h		0
Startup_PowerOffWhileStartupActiveNotification	2.10	2.10 and later	Startui.h		0
Startup_PowerOnNotification	2.10	2.10 and later	Startui.h		0
Startup_WantStartupScreen	2.10	2.10 and later	Startui.h		0
STATSTG	2.0	2.0 and later	Objidl.h		1
StgCreateDocfile	2.0	2.0 and later	Objbase.h	Ole232.lib	1
StgCreateDocfileOnILockBytes	2.0	2.0 and later	Objbase.h	Ole232.lib	1
STGMEDIUM	2.0	2.0 and later	Objidl.h		1
StgOpenStorage	2.0	2.0 and later	Objbase.h	Ole232.lib	1
StgOpenStorageOnILockBytes	2.0	2.0 and later	Objbase.h	Ole232.lib	1
STM_GETIMAGE	1.0	1.0 and later	Commctrl.h		1
STM_SETIMAGE	1.0	1.0 and later	Commctrl.h		1
STN_CLICKED	1.0	1.0 and later	Commctrl.h		1
STN_DISABLE	1.0	1.0 and later	Commctrl.h		1
STN_ENABLE	2.0	2.0 and later	Commctrl.h		1
STORE_INFORMATION	1.0	1.0 and later	Winbase.h		1
STOREINFO	2.0	2.0 and later	Cesync.h		1
StretchBlt	1.0	1.0 and later	Wingdi.h		1
String	3.0	3.0 and later			1
StringFileInfo	3.0	3.0 and later			1
StringFromCLSID	2.0	2.0 and later	Objbase.h		1
StringFromGUID2	2.0	2.0 and later	Objbase.h		1
StringFromIID	2.0	2.0 and later	Objbase.h		1
StringTable	3.0	3.0 and later			1
STYLEBUF	2.10	2.10 and later	Imm.h		1
STYLESTRUCT	1.0	1.0 and later	Winuser.h		1
SUBLANGID	1.0	1.0 and later	Winnt.h		1
SubtractRect	2.0	2.0 and later	Winuser.h	Rectapi.lib	1
SuspendThread	1.0	1.0 and later	Winbase.h	Coredll.lib	1
SyncFrame	2.10	2.10 and later			0
SysAllocString	2.0	2.0 and later	Oleauto.h	Oleaut32.lib	1
SysAllocStringByteLen	2.0	2.0 and later	Oleauto.h	Oleaut32.lib	1
SysAllocStringLen	2.0	2.0 and later	Oleauto.h	Oleaut32.lib	1
SysFreeString	2.0	2.0 and later	Oleauto.h	Oleaut32.lib	1
SysReAllocString	2.0	2.0 and later	Oleauto.h	Oleaut32.lib	1
SysReAllocStringLen	2.0	2.0 and later	Oleauto.h	Oleaut32.lib	1
SysStringByteLen	2.0	2.0 and later	Oleauto.h	Oleaut32.lib	1
SysStringLen	2.0	2.0 and later	Oleauto.h	Oleaut32.lib	1
SYSTEM_INFO	1.0	1.0 and later	Winbase.h		1
SYSTEM_POWER_STATUS_EX	1.0	1.0 and later	Winbase.h		1
SYSTEM_POWER_STATUS_EX2	2.12	2.12 and later	Winbase.h		1
SYSTEM_POWER_STATUS_EX2	2.12	2.12 and later	Winbase.h		1
SystemIdleTimerReset	2.0	2.0 and later	Winuser.h		1
SystemParametersInfo	2.0	2.0 and later	Winuser.h	Coredll.lib	1
SYSTEMTIME	1.0	1.0 and later	Winbase.h		1
SystemTimeToFileTime	1.0	1.0 and later	Winbase.h		1
SystemTimeToVariantTime	2.0	2.0 and later	Oleauto.h	Oleaut32.lib	1
TabCtrl_AdjustRect	1.0	1.0 and later	Commctrl.h		1
TabCtrl_DeleteAllItems	1.0	1.0 and later	Commctrl.h		1
TabCtrl_DeleteItem	1.0	1.0 and later	Commctrl.h		1
TabCtrl_DeselectAll	2.0	2.0 and later	Commctrl.h		1
TabCtrl_GetCurFocus	1.0	1.0 and later	Commctrl.h		1
TabCtrl_GetCurSel	1.0	1.0 and later	Commctrl.h		1
TabCtrl_GetExtendedStyle	2.0	2.0 and later	Commctrl.h		1
TabCtrl_GetImageList	1.0	1.0 and later	Commctrl.h		1
TabCtrl_GetItem	1.0	1.0 and later	Commctrl.h		1
TabCtrl_GetItemCount	1.0	1.0 and later	Commctrl.h		1
TabCtrl_GetItemRect	1.0	1.0 and later	Commctrl.h		1
TabCtrl_GetRowCount	1.0	1.0 and later	Commctrl.h		1
TabCtrl_HighlightItem	1.0	1.0 and later	Commctrl.h		1
TabCtrl_HitTest	1.0	1.0 and later	Commctrl.h		1
TabCtrl_InsertItem	1.0	1.0 and later	Commctrl.h		1
TabCtrl_RemoveImage	1.0	1.0 and later	Commctrl.h		1
TabCtrl_SetCurFocus	1.0	1.0 and later	Commctrl.h		1
TabCtrl_SetCurSel	1.0	1.0 and later	Commctrl.h		1
TabCtrl_SetExtendedStyle	2.0	2.0 and later	Commctrl.h		1
TabCtrl_SetImageList	2.0	2.0 and later	Commctrl.h		1
TabCtrl_SetItem	2.0	2.0 and later	Commctrl.h		1
TabCtrl_SetItemExtra	1.0	1.0 and later	Commctrl.h		1
TabCtrl_SetItemSize	1.0	1.0 and later	Commctrl.h		1
TabCtrl_SetMinTabWidth	2.0	2.0 and later	Commctrl.h		1
TabCtrl_SetPadding	1.0	1.0 and later	Commctrl.h		1
TakeFrameLengthControl	2.10	2.10 and later			0
TB_ADDBITMAP	1.0	1.0 and later	Commctrl.h		1
TB_ADDBUTTONS	1.0	1.0 and later	Commctrl.h		1
TB_ADDSTRING	1.0	1.0 and later	Commctrl.h		1
TB_AUTOSIZE	1.0	1.0 and later	Commctrl.h		1
TB_BUTTONCOUNT	1.0	1.0 and later	Commctrl.h		1
TB_BUTTONSTRUCTSIZE	1.0	1.0 and later	Commctrl.h		1
TB_CHANGEBITMAP	1.0	1.0 and later	Commctrl.h		1
TB_CHECKBUTTON	1.0	1.0 and later	Commctrl.h		1
TB_COMMANDTOINDEX	1.0	1.0 and later	Commctrl.h		1
TB_DELETEBUTTON	1.0	1.0 and later	Commctrl.h		1
TB_ENABLEBUTTON	1.0	1.0 and later	Commctrl.h		1
TB_GETBITMAP	1.0	1.0 and later	Commctrl.h		1
TB_GETBITMAPFLAGS	1.0	1.0 and later	Commctrl.h		1
TB_GETBUTTON	1.0	1.0 and later	Commctrl.h		1
TB_GETBUTTONINFO	1.0	1.0 and later	Commctrl.h		1
TB_GETBUTTONSIZE	2.0	2.0 and later	Commctrl.h		1
TB_GETBUTTONTEXT	1.0	1.0 and later	Commctrl.h		1
TB_GETDISABLEDIMAGELIST	2.0	2.0 and later	Commctrl.h		1
TB_GETIMAGELIST	2.0	2.0 and later	Commctrl.h		1
TB_GETITEMRECT	1.0	1.0 and later	Commctrl.h		1
TB_GETRECT	1.0	1.0 and later	Commctrl.h		1
TB_GETROWS	1.0	1.0 and later	Commctrl.h		1
TB_GETSTATE	1.0	1.0 and later	Commctrl.h		1
TB_GETSTYLE	2.0	2.0 and later	Commctrl.h		1
TB_GETTEXTROWS	2.0	2.0 and later	Commctrl.h		1
TB_GETTOOLTIPS	1.0	1.0 and later	Commctrl.h		1
TB_HIDEBUTTON	1.0	1.0 and later	Commctrl.h		1
TB_HIGHLIGHTBUTTON	2.0	2.0 and later	Commctrl.h		1
TB_INDETERMINATE	1.0	1.0 and later	Commctrl.h		1
TB_INSERTBUTTON	1.0	1.0 and later	Commctrl.h		1
TB_ISBUTTONCHECKED	1.0	1.0 and later	Commctrl.h		1
TB_ISBUTTONENABLED	1.0	1.0 and later	Commctrl.h		1
TB_ISBUTTONHIDDEN	1.0	1.0 and later	Commctrl.h		1
TB_ISBUTTONHIGHLIGHTED	2.0	2.0 and later	Commctrl.h		1
TB_ISBUTTONINDETERMINATE	1.0	1.0 and later	Commctrl.h		1
TB_ISBUTTONPRESSED	1.0	1.0 and later	Commctrl.h		1
TB_LOADIMAGES	1.0	1.0 and later	Commctrl.h		1
TB_PRESSBUTTON	1.0	1.0 and later	Commctrl.h		1
TB_REPLACEBITMAP	2.0	2.0 and later	Commctrl.h		1
TB_SETBITMAPSIZE	1.0	1.0 and later	Commctrl.h		1
TB_SETBUTTONINFO	2.0	2.0 and later	Commctrl.h		1
TB_SETBUTTONSIZE	1.0	1.0 and later	Commctrl.h		1
TB_SETBUTTONWIDTH	2.0	2.0 and later	Commctrl.h		1
TB_SETCMDID	1.0	1.0 and later	Commctrl.h		1
TB_SETDISABLEDIMAGELIST	2.0	2.0 and later	Commctrl.h		1
TB_SETDRAWTEXTFLAGS	2.0	2.0 and later	Commctrl.h		1
TB_SETIMAGELIST	2.0	2.0 and later	Commctrl.h		1
TB_SETINDENT	2.0	2.0 and later	Commctrl.h		1
TB_SETMAXTEXTROWS	2.0	2.0 and later	Commctrl.h		1
TB_SETPARENT	1.0	1.0 and later	Commctrl.h		1
TB_SETROWS	2.0	2.0 and later	Commctrl.h		1
TB_SETSTATE	2.0	2.0 and later	Commctrl.h		1
TB_SETSTYLE	1.0	1.0 and later	Commctrl.h		1
TB_SETTOOLTIPS	1.0	1.0 and later	Commctrl.h		1
TBADDBITMAP	2.10	2.10 and later	Commctrl.h		1
TBBUTTON	1.0	1.0 and later	Commctrl.h		1
TBBUTTONINFO	2.0	2.0 and later	Commctrl.h		1
TBM_CLEARSEL	1.0	1.0 and later	Commctrl.h		1
TBM_CLEARTICS	1.0	1.0 and later	Commctrl.h		1
TBM_GETBUDDY	2.0	2.0 and later	Commctrl.h		1
TBM_GETCHANNELRECT	1.0	1.0 and later	Commctrl.h		1
TBM_GETLINESIZE	1.0	1.0 and later	Commctrl.h		1
TBM_GETNUMTICS	1.0	1.0 and later	Commctrl.h		1
TBM_GETPAGESIZE	1.0	1.0 and later	Commctrl.h		1
TBM_GETPOS	1.0	1.0 and later	Commctrl.h		1
TBM_GETPTICS	1.0	1.0 and later	Commctrl.h		1
TBM_GETRANGEMAX	1.0	1.0 and later	Commctrl.h		1
TBM_GETRANGEMIN	1.0	1.0 and later	Commctrl.h		1
TBM_GETSELEND	1.0	1.0 and later	Commctrl.h		1
TBM_GETSELSTART	1.0	1.0 and later	Commctrl.h		1
TBM_GETTHUMBLENGTH	1.0	1.0 and later	Commctrl.h		1
TBM_GETTHUMBRECT	1.0	1.0 and later	Commctrl.h		1
TBM_GETTIC	1.0	1.0 and later	Commctrl.h		1
TBM_GETTICPOS	1.0	1.0 and later	Commctrl.h		1
TBM_SETBUDDY	1.0	1.0 and later	Commctrl.h		1
TBM_SETLINESIZE	1.0	1.0 and later	Commctrl.h		1
TBM_SETPAGESIZE	1.0	1.0 and later	Commctrl.h		1
TBM_SETPOS	1.0	1.0 and later	Commctrl.h		1
TBM_SETRANGE	1.0	1.0 and later	Commctrl.h		1
TBM_SETRANGEMAX	1.0	1.0 and later	Commctrl.h		1
TBM_SETRANGEMIN	1.0	1.0 and later	Commctrl.h		1
TBM_SETSEL	1.0	1.0 and later	Commctrl.h		1
TBM_SETSELEND	1.0	1.0 and later	Commctrl.h		1
TBM_SETSELSTART	1.0	1.0 and later	Commctrl.h		1
TBM_SETTHUMBLENGTH	1.0	1.0 and later	Commctrl.h		1
TBM_SETTIC	1.0	1.0 and later	Commctrl.h		1
TBM_SETTICFREQ	1.0	1.0 and later	Commctrl.h		1
TBN_BEGINDRAG	1.0	1.0 and later	Commctrl.h		1
TBN_DROPDOWN	2.0	2.0 and later	Commctrl.h		1
TBN_ENDDRAG	1.0	1.0 and later	Commctrl.h		1
TBN_GETBUTTONINFO	1.0	1.0 and later	Commctrl.h		1
TBREPLACEBITMAP	2.0	2.0 and later	Commctrl.h		1
TCHITTESTINFO	2.0	2.0 and later	Commctrl.h		1
TCITEM	2.0	2.0 and later	Commctrl.h		1
TCITEMHEADER	2.0	2.0 and later	Commctrl.h		1
TCM_ADJUSTRECT	1.0	1.0 and later	Commctrl.h		1
TCM_DELETEALLITEMS	1.0	1.0 and later	Commctrl.h		1
TCM_DELETEITEM	1.0	1.0 and later	Commctrl.h		1
TCM_DESELECTALL	1.0	1.0 and later	Commctrl.h		1
TCM_GETCURFOCUS	1.0	1.0 and later	Commctrl.h		1
TCM_GETCURSEL	1.0	1.0 and later	Commctrl.h		1
TCM_GETEXTENDEDSTYLE	1.0	1.0 and later	Commctrl.h		1
TCM_GETIMAGELIST	1.0	1.0 and later	Commctrl.h		1
TCM_GETITEM	1.0	1.0 and later	Commctrl.h		1
TCM_GETITEMCOUNT	1.0	1.0 and later	Commctrl.h		1
TCM_GETITEMRECT	1.0	1.0 and later	Commctrl.h		1
TCM_GETROWCOUNT	1.0	1.0 and later	Commctrl.h		1
TCM_HIGHLIGHTITEM	1.0	1.0 and later	Commctrl.h		1
TCM_HITTEST	1.0	1.0 and later	Commctrl.h		1
TCM_INSERTITEM	1.0	1.0 and later	Commctrl.h		1
TCM_REMOVEIMAGE	1.0	1.0 and later	Commctrl.h		1
TCM_SETCURFOCUS	1.0	1.0 and later	Commctrl.h		1
TCM_SETCURSEL	1.0	1.0 and later	Commctrl.h		1
TCM_SETEXTENDEDSTYLE	2.0	2.0 and later	Commctrl.h		1
TCM_SETIMAGELIST	1.0	1.0 and later	Commctrl.h		1
TCM_SETITEM	1.0	1.0 and later	Commctrl.h		1
TCM_SETITEMEXTRA	1.0	1.0 and later	Commctrl.h		1
TCM_SETITEMSIZE	1.0	1.0 and later	Commctrl.h		1
TCM_SETMINTABWIDTH	2.0	2.0 and later	Commctrl.h		1
TCM_SETPADDING	1.0	1.0 and later	Commctrl.h		1
TCN_KEYDOWN	1.0	1.0 and later	Commctrl.h		1
TCN_SELCHANGE	1.0	1.0 and later	Commctrl.h		1
TCN_SELCHANGING	1.0	1.0 and later	Commctrl.h		1
TerminateExtension	3.0	3.0 and later	httpext.h		1
TerminateProcess	1.0	1.0 and later	Winbase.h	Coredll.lib	1
TerminateThread	1.01	1.01 and later	Winbase.h	Coredll.lib	1
TEXT	1.0	1.0 and later	Winnt.h		1
TEXTMETRIC	1.0	1.0 and later	Wingdi.h		1
Thread32First	2.0	2.0 and later	Tlhelp32.h		1
Thread32Next	2.0	2.0 and later	Tlhelp32.h		1
THREADENTRY32	1.0	1.0 and later	Tlhelp32.h		1
ThreadProc	1.01	1.01 and later			1
ticksleft	2.10	2.10 and later	Fwpc.c		0
TIME_ZONE_INFORMATION	1.0	1.0 and later	Winbase.h		1
TimeoutSession	3.0	3.0 and later	Natedit.h	Coredll.dll	1
TimerProc	1.0	1.0 and later	Winbase.h		1
TlsAlloc	1.0	1.0 and later	Winuser.h	Coremain.lib	1
TlsFree	1.0	1.0 and later	Winbase.h	Coremain.lib	1
TlsGetValue	1.0	1.0 and later	Winbase.h	Coremain.lib	1
TlsSetValue	1.0	1.0 and later	Winbase.h	Coremain.lib	1
Toolhelp32ReadProcessMemory	2.0	2.0 and later	Tlhelp32.h		1
TouchCalibrateUI_Done	2.10	2.10 and later	Calibrui.h		0
TouchCalibrateUI_DrawConfirmationScreen	2.10	2.10 and later	Calibrui.h		0
TouchCalibrateUI_DrawMainScreen	2.10	2.10 and later	Calibrui.h		0
TouchCalibrateUI_HandleUserInputMessage	2.10	2.10 and later	Calibrui.h		0
TouchCalibrateUI_Initialize	2.10	2.10 and later	Calibrui.h		0
TouchCalibrateUI_WaitForConfirmation	2.10	2.10 and later	Calibrui.h		0
TOUCHPANEL_POINT_SAMPLE	1.0	1.0 and later	Tchaud.h		0
TouchPanelCalibrateAPoint	1.0	1.0 and later	Tchddi.h		1
TouchPanelDisable	1.0	1.0 and later	Tchddi.h		1
TouchPanelEnable	1.0	1.0 and later	Tchddi.h		1
TouchPanelGetDeviceCaps	1.0	1.0 and later	Tchddi.h		1
TouchPanelPowerHandler	1.0	1.0 and later	Tchddi.h		1
TouchPanelReadCalibrationAbort	1.0	1.0 and later	Tchddi.h		1
TouchPanelReadCalibrationPoint	1.0	1.0 and later	Tchddi.h		1
TouchPanelSetCalibration	1.0	1.0 and later	Tchddi.h		1
TouchPanelSetMode	1.0	1.0 and later	Tchddi.h		1
TPMPARAMS	1.0	1.0 and later	Winuser.h		1
TrackPopupMenu	1.0	1.0 and later	Winuser.h	Menu.lib	1
TrackPopupMenuEx	1.0	1.0 and later	Winuser.h	Menu.lib	1
TranslateAccelerator	1.0	1.0 and later	Winuser.h	Accel.lib	1
TranslateCharsetInfo	2.0	2.0 and later	Wingdi.h		1
TranslateMessage	1.0	1.0 and later	Winuser.h	Msgque.lib	1
TranslateStringDescr	2.10	2.10 and later			0
TransmitCommChar	1.0	1.0 and later	Winbase.h	Serdev.lib	1
TransparentImage	2.0	2.0 and later	Wingdi.h	Mgblt2.lib	1
TreeView_CreateDragImage	1.0	1.0 and later	Commctrl.h		1
TreeView_DeleteAllItems	1.0	1.0 and later	Commctrl.h		1
TreeView_DeleteItem	1.0	1.0 and later	Commctrl.h		1
TreeView_EditLabel	1.0	1.0 and later	Commctrl.h		1
TreeView_EndEditLabelNow	1.0	1.0 and later	Commctrl.h		1
TreeView_EnsureVisible	1.0	1.0 and later	Commctrl.h		1
TreeView_Expand	1.0	1.0 and later	Commctrl.h		1
TreeView_GetChild	1.0	1.0 and later	Commctrl.h		1
TreeView_GetCount	1.0	1.0 and later	Commctrl.h		1
TreeView_GetDropHilight	1.0	1.0 and later	Commctrl.h		1
TreeView_GetEditControl	1.0	1.0 and later	Commctrl.h		1
TreeView_GetFirstVisible	1.0	1.0 and later	Commctrl.h		1
TreeView_GetImageList	1.0	1.0 and later	Commctrl.h		1
TreeView_GetIndent	1.0	1.0 and later	Commctrl.h		1
TreeView_GetISearchString	1.0	1.0 and later	Commctrl.h		1
TreeView_GetItem	1.0	1.0 and later	Commctrl.h		1
TreeView_GetItemRect	1.0	1.0 and later	Commctrl.h		1
TreeView_GetNextItem	1.0	1.0 and later	Commctrl.h		1
TreeView_GetNextSibling	1.0	1.0 and later	Commctrl.h		1
TreeView_GetNextVisible	1.0	1.0 and later	Commctrl.h		1
TreeView_GetParent	1.0	1.0 and later	Commctrl.h		1
TreeView_GetPrevSibling	1.0	1.0 and later	Commctrl.h		1
TreeView_GetPrevVisible	1.0	1.0 and later	Commctrl.h		1
TreeView_GetRoot	1.0	1.0 and later	Commctrl.h		1
TreeView_GetSelection	1.0	1.0 and later	Commctrl.h		1
TreeView_GetVisibleCount	1.0	1.0 and later	Commctrl.h		1
TreeView_HitTest	1.0	1.0 and later	Commctrl.h		1
TreeView_InsertItem	1.0	1.0 and later	Commctrl.h		1
TreeView_Select	1.0	1.0 and later	Commctrl.h		1
TreeView_SelectDropTarget	1.0	1.0 and later	Commctrl.h		1
TreeView_SelectItem	1.0	1.0 and later	Commctrl.h		1
TreeView_SelectSetFirstVisible	1.0	1.0 and later	Commctrl.h		1
TreeView_SetImageList	1.0	1.0 and later	Commctrl.h		1
TreeView_SetIndent	1.0	1.0 and later	Commctrl.h		1
TreeView_SetItem	1.0	1.0 and later	Commctrl.h		1
TreeView_SortChildren	1.0	1.0 and later	Commctrl.h		1
TreeView_SortChildrenCB	1.0	1.0 and later	Commctrl.h		1
TryEnterCriticalSection	3.0	3.0 and later	Winbase.h		1
TSPI_lineAccept	3.0	3.0 and later	Tapicomn.h	Coredll.lib	1
TSPI_lineAddToConference	3.0	3.0 and later	Tapicomn.h	Coredll.lib	1
TSPI_lineAnswer	3.0	3.0 and later	Tapicomn.h	Coredll.lib	1
TSPI_lineBlindTransfer	3.0	3.0 and later	Tapicomn.h	Coredll.lib	1
TSPI_lineClose	3.0	3.0 and later	Tapicomn.h	Coredll.lib	1
TSPI_lineCloseCall	3.0	3.0 and later	Tapicomn.h	Coredll.lib	1
TSPI_lineCompleteTransfer	3.0	3.0 and later	Tapicomn.h	Coredll.lib	1
TSPI_lineConditionalMediaDetection	3.0	3.0 and later	Tapicomn.h	Coredll.lib	1
TSPI_lineConfigDialogEdit	3.0	3.0 and later	Tapicomn.h	Coredll.lib	1
TSPI_lineDevSpecific	3.0	3.0 and later	Tapicomn.h	Coredll.lib	1
TSPI_lineDial	3.0	3.0 and later	Tapicomn.h	Coredll.lib	1
TSPI_lineDrop	3.0	3.0 and later	Tapicomn.h	Coredll.lib	1
TSPI_lineForward	3.0	3.0 and later	Tapicomn.h	Coredll.lib	1
TSPI_lineGenerateDigits	3.0	3.0 and later	Tapicomn.h	Coredll.lib	1
TSPI_lineGenerateTone	3.0	3.0 and later	Tapicomn.h	Coredll.lib	1
TSPI_lineGetAddressCaps	3.0	3.0 and later	Tapicomn.h	Coredll.lib	1
TSPI_lineGetAddressID	3.0	3.0 and later	Tapicomn.h	Coredll.lib	1
TSPI_lineGetAddressStatus	3.0	3.0 and later	Tapicomn.h	Coredll.lib	1
TSPI_lineGetCallAddressID	3.0	3.0 and later	Tapicomn.h	Coredll.lib	1
TSPI_lineGetCallInfo	3.0	3.0 and later	Tspi.h	Coredll.lib	1
TSPI_lineGetCallStatus	3.0	3.0 and later	Tapicomn.h	Coredll.lib	1
TSPI_lineGetDevCaps	3.0	3.0 and later	Tapicomn.h	Coredll.lib	1
TSPI_lineGetDevConfig	3.0	3.0 and later	Tapicomn.h	Coredll.lib	1
TSPI_lineGetExtensionID	3.0	3.0 and later	Tapicomn.h	Coredll.lib	1
TSPI_lineGetIcon	3.0	3.0 and later	Tapicomn.h	Coredll.lib	1
TSPI_lineGetID	3.0	3.0 and later	Tapicomn.h	Coredll.lib	1
TSPI_lineGetLineDevStatus	3.0	3.0 and later	Tapicomn.h	Coredll.lib	1
TSPI_lineGetNumAddressIDs	3.0	3.0 and later	Tapicomn.h	Coredll.lib	1
TSPI_lineHold	3.0	3.0 and later	Tapicomn.h	Coredll.lib	1
TSPI_lineMakeCall	3.0	3.0 and later	Tapicomn.h	Coredll.lib	1
TSPI_lineMonitorDigits	3.0	3.0 and later	Tapicomn.h	Coredll.lib	1
TSPI_lineMonitorMedia	3.0	3.0 and later	Tapicomn.h	Coredll.lib	1
TSPI_lineNegotiateExtVersion	3.0	3.0 and later	Tapicomn.h	Coredll.lib	1
TSPI_lineNegotiateTSPIVersion	3.0	3.0 and later	Tapicomn.h	Coredll.lib	1
TSPI_lineOpen	3.0	3.0 and later	Tapicomn.h	Coredll.lib	1
TSPI_linePickup	3.0	3.0 and later	Tapicomn.h	Coredll.lib	1
TSPI_linePrepareAddToConference	3.0	3.0 and later	Tapicomn.h	Coredll.lib	1
TSPI_lineRedirect	3.0	3.0 and later	Tapicomn.h	Coredll.lib	1
TSPI_lineReleaseUserUserInfo	3.0	3.0 and later	Tapicomn.h	Coredll.lib	1
TSPI_lineRemoveFromConference	3.0	3.0 and later	Tapicomn.h	Coredll.lib	1
TSPI_lineSendUserUserInfo	3.0	3.0 and later	Tapicomn.h	Coredll.lib	1
TSPI_lineSetCallParams	3.0	3.0 and later	Tapicomn.h	Coredll.lib	1
TSPI_lineSetDefaultMediaDetection	3.0	3.0 and later	Tapicomn.h	Coredll.lib	1
TSPI_lineSetDevConfig	3.0	3.0 and later	Tapicomn.h	Coredll.lib	1
TSPI_lineSetMediaMode	3.0	3.0 and later	Tapicomn.h	Coredll.lib	1
TSPI_lineSetStatusMessages	3.0	3.0 and later	Tapicomn.h	Coredll.lib	1
TSPI_lineSetTerminal	3.0	3.0 and later	Tapicomn.h	Coredll.lib	1
TSPI_lineSetupConference	3.0	3.0 and later	Tapicomn.h	Coredll.lib	1
TSPI_lineSetupTransfer	3.0	3.0 and later	Tapicomn.h	Coredll.lib	1
TSPI_lineSwapHold	3.0	3.0 and later	Tapicomn.h	Coredll.lib	1
TSPI_lineUnhold	3.0	3.0 and later	Tapicomn.h	Coredll.lib	1
TSPI_phoneClose	3.0	3.0 and later	Tapicomn.h	Coredll.lib	1
TSPI_phoneConfigDialog	3.0	3.0 and later	Tapicomn.h	Coredll.lib	1
TSPI_phoneDevSpecific	3.0	3.0 and later	Tapicomn.h	Coredll.lib	1
TSPI_phoneGetDevCaps	3.0	3.0 and later	Tapicomn.h	Coredll.lib	1
TSPI_phoneGetExtensionID	3.0	3.0 and later	Tapicomn.h	Coredll.lib	1
TSPI_phoneGetGain	3.0	3.0 and later	Tapicomn.h	Coredll.lib	1
TSPI_phoneGetHookSwitch	3.0	3.0 and later	Tapicomn.h	Coredll.lib	1
TSPI_phoneGetIcon	3.0	3.0 and later	Tapicomn.h	Coredll.lib	1
TSPI_phoneGetID	3.0	3.0 and later	Tapicomn.h	Coredll.lib	1
TSPI_phoneGetRing	3.0	3.0 and later	Tapicomn.h	Coredll.lib	1
TSPI_phoneGetStatus	3.0	3.0 and later	Tapicomn.h	Coredll.lib	1
TSPI_phoneGetVolume	3.0	3.0 and later	Tapicomn.h	Coredll.lib	1
TSPI_phoneNegotiateExtVersion	3.0	3.0 and later	Tapicomn.h	Coredll.lib	1
TSPI_phoneNegotiateTSPIVersion	3.0	3.0 and later	Tapicomn.h	Coredll.lib	1
TSPI_phoneOpen	3.0	3.0 and later	Tapicomn.h	Coredll.lib	1
TSPI_phoneSelectExtVersion	3.0	3.0 and later	Tapicomn.h	Coredll.lib	1
TSPI_phoneSetGain	3.0	3.0 and later	Tapicomn.h	Coredll.lib	1
TSPI_phoneSetHookSwitch	3.0	3.0 and later	Tapicomn.h	Coredll.lib	1
TSPI_phoneSetRing	3.0	3.0 and later	Tapicomn.h	Coredll.lib	1
TSPI_phoneSetStatusMessages	3.0	3.0 and later	Tapicomn.h	Coredll.lib	1
TSPI_phoneSetVolume	3.0	3.0 and later	Tapicomn.h	Coredll.lib	1
TSPI_providerCreateLineDevice	3.0	3.0 and later	Tapicomn.h	Coredll.lib	1
TSPI_providerCreatePhoneDevice	3.0	3.0 and later	Tapicomn.h	Coredll.lib	1
TSPI_providerEnumDevices	3.0	3.0 and later	Tapicomn.h	Coredll.lib	1
TSPI_providerInit	3.0	3.0 and later	Tapicomn.h	Coredll.lib	1
TSPI_providerInstall	3.0	3.0 and later	Tapicomn.h	Coredll.lib	1
TSPI_providerRemove	3.0	3.0 and later	Tapicomn.h	Coredll.lib	1
TSPI_providerRemoveDevice	3.0	3.0 and later	Tapicomn.h	Coredll.lib	1
TSPI_providerShutdown	3.0	3.0 and later	Tapicomn.h	Coredll.lib	1
TV_DISPINFO	1.0	1.0 and later	Commctrl.h		1
TV_HITTESTINFO	1.0	1.0 and later	Commctrl.h		1
TV_INSERTSTRUCT	1.0	1.0 and later	Commctrl.h		1
TV_ITEM	1.0	1.0 and later	Commctrl.h		1
TV_KEYDOWN	1.0	1.0 and later	Commctrl.h		1
TV_SORTCB	1.0	1.0 and later	Commctrl.h		1
TVHITTESTINFO	2.0	2.0 and later	Commctrl.h		1
TVINSERTSTRUCT	2.0	2.0 and later	Commctrl.h		1
TVITEM	2.0	2.0 and later	Commctrl.h		1
TVM_CREATEDRAGIMAGE	1.0	1.0 and later	Commctrl.h		1
TVM_DELETEITEM	1.0	1.0 and later	Commctrl.h		1
TVM_EDITLABEL	1.0	1.0 and later	Commctrl.h		1
TVM_ENDEDITLABELNOW	1.0	1.0 and later	Commctrl.h		1
TVM_ENSUREVISIBLE	1.0	1.0 and later	Commctrl.h		1
TVM_EXPAND	1.0	1.0 and later, updated in 2.0	Commctrl.h		1
TVM_GETCOUNT	1.0	1.0 and later	Commctrl.h		1
TVM_GETEDITCONTROL	1.0	1.0 and later	Commctrl.h		1
TVM_GETIMAGELIST	1.0	1.0 and later	Commctrl.h		1
TVM_GETINDENT	1.0	1.0 and later	Commctrl.h		1
TVM_GETISEARCHSTRING	1.0	1.0 and later	Commctrl.h		1
TVM_GETITEM	1.0	1.0 and later	Commctrl.h		1
TVM_GETITEMRECT	1.0	1.0 and later	Commctrl.h		1
TVM_GETNEXTITEM	1.0	1.0 and later	Commctrl.h		1
TVM_GETVISIBLECOUNT	1.0	1.0 and later	Commctrl.h		1
TVM_HITTEST	1.0	1.0 and later	Commctrl.h		1
TVM_INSERTITEM	1.0	1.0 and later	Commctrl.h		1
TVM_SELECTITEM	1.0	1.0 and later	Commctrl.h		1
TVM_SETIMAGELIST	1.0	1.0 and later	Commctrl.h		1
TVM_SETINDENT	1.0	1.0 and later	Commctrl.h		1
TVM_SETITEM	1.0	1.0 and later	Commctrl.h		1
TVM_SORTCHILDREN	1.0	1.0 and later	Commctrl.h		1
TVM_SORTCHILDRENCB	1.0	1.0 and later	Commctrl.h		1
TVN_BEGINDRAG	1.0	1.0 and later	Commctrl.h		1
TVN_BEGINLABELEDIT	1.0	1.0 and later	Commctrl.h		1
TVN_DELETEITEM	1.0	1.0 and later	Commctrl.h		1
TVN_ENDLABELEDIT	1.0	1.0 and later	Commctrl.h		1
TVN_GETDISPINFO	1.0	1.0 and later	Commctrl.h		1
TVN_ITEMEXPANDED	1.0	1.0 and later	Commctrl.h		1
TVN_ITEMEXPANDING	1.0	1.0 and later	Commctrl.h		1
TVN_KEYDOWN	1.0	1.0 and later	Commctrl.h		1
TVN_SELCHANGED	1.0	1.0 and later	Commctrl.h		1
TVN_SELCHANGING	1.0	1.0 and later	Commctrl.h		1
TVN_SETDISPINFO	1.0	1.0 and later	Commctrl.h		1
TVSORTCB	2.0	2.0 and later	Commctrl.h		1
TYMED	2.0	2.0 and later	Objidl.h		1
TYPEATTR	2.0	2.0 and later	Oaidl.h		1
TYPEDESC	2.0	2.0 and later	Oaidl.h		1
TypeFromPropID	1.0	1.0 and later	Windbase.h	Fsdbase.lib	1
TYPEKIND	2.0	2.0 and later	Oaidl.h		1
UDACCEL	1.0	1.0 and later	Commctrl.h		1
UDM_GETACCEL	1.0	1.0 and later	Commctrl.h		1
UDM_GETBASE	1.0	1.0 and later	Commctrl.h		1
UDM_GETBUDDY	1.0	1.0 and later	Commctrl.h		1
UDM_GETPOS	1.0	1.0 and later	Commctrl.h		1
UDM_GETRANGE	1.0	1.0 and later	Commctrl.h		1
UDM_GETRANGE32	2.0	2.0 and later	Commctrl.h		1
UDM_SETACCEL	1.0	1.0 and later	Commctrl.h		1
UDM_SETBASE	1.0	1.0 and later	Commctrl.h		1
UDM_SETBUDDY	1.0	1.0 and later	Commctrl.h		1
UDM_SETPOS	1.0	1.0 and later	Commctrl.h		1
UDM_SETRANGE	1.0	1.0 and later	Commctrl.h		1
UDM_SETRANGE32	2.0	2.0 and later	Commctrl.h		1
UDN_DELTAPOS	1.0	1.0 and later	Commctrl.h		1
UIPARAM	2.10	2.10 and later	Fatui.h		0
ULARGE_INTEGER	1.0	1.0 and later	Wtype.h		1
UnhookInterrupt	2.10	2.10 and later	Nkintr.h		0
UnionRect	1.0	1.0 and later	Winuser.h	Rectapi.lib	1
UNIVERSAL_NAME_INFO	2.0	2.0 and later	Winnetwk.h		1
UNLOAD_DLL_DEBUG_INFO	2.0	2.0 and later	Winbase.h		1
UnlockPages	2.10	2.10 and later	Pkfuncs.h		0
UnlockUrlCacheEntryFile	2.12	2.12 and later	Wininet.h	Wininet.lib	1
UnMapPtr	2.10	2.10 and later	Pkfuncs.h		0
UnmapViewOfFile	1.01	1.01 and later	Winbase.h	Coredll.lib	1
UnregisterClass	1.0	1.0 and later	Winuser.h		1
UnRegisterClientSettings	2.10	2.10 and later			0
UnregisterHotKey	2.0	2.0 and later	Winuser.h		1
UnRegisterNotificationRoutine	2.10	2.10 and later			0
UnRegisterTypeLib	2.0	2.0 and later	Oleauto.h	Oleaut32.lib	1
UpdateDCOMSettings	3.0	3.0 and later	Objbase.h	Ole232.lib	1
UpdateWindow	1.0	1.0 and later	Winuser.h	Coredll.lib, Winmgr.lib	1
URL_COMPONENTS	2.12	2.12 and later	Wininet.h	Wininet.lib	1
USB_DEVICE	2.10	2.10 and later	usb100.h		1
USB_DRIVER_SETTINGS	1.0	1.0 and later	Usbdi.h		1
USB_ENDPOINT	2.10	2.10 and later	usb100.h		1
USB_INTERFACE	2.10	2.10 and later	usb100.h		1
USBDeviceAttach	2.10	2.10 and later			1
USBInstallDriver	2.10	2.10 and later			1
USBUnInstallDriver	2.10	2.10 and later			1
UserNotificationTrigger	2.12	2.12 and later	Notify.h		1
ValidateRect	1.0	1.0 and later	Winuser.h	Coredll.lib, Winmgr.lib	1
Var	3.0	3.0 and later			1
VarBoolFromCy	2.0	2.0 and later	Oleauto.h	Oleaut32.lib	1
VarBoolFromDate	2.0	2.0 and later	Oleauto.h	Oleaut32.lib	1
VarBoolFromDec	2.0	2.0 and later	Oleauto.h	Oleaut32.lib	1
VarBoolFromDisp	2.0	2.0 and later	Oleauto.h	Oleaut32.lib	1
VarBoolFromI1	2.0	2.0 and later	Oleauto.h	Oleaut32.lib	1
VarBoolFromI2	2.0	2.0 and later	Oleauto.h	Oleaut32.lib	1
VarBoolFromI4	2.0	2.0 and later	Oleauto.h	Oleaut32.lib	1
VarBoolFromR4	2.0	2.0 and later	Oleauto.h	Oleaut32.lib	1
VarBoolFromR8	2.0	2.0 and later	Oleauto.h	Oleaut32.lib	1
VarBoolFromStr	2.0	2.0 and later	Oleauto.h	Oleaut32.lib	1
VarBoolFromUI1	2.0	2.0 and later	Oleauto.h	Oleaut32.lib	1
VarBoolFromUI2	2.0	2.0 and later	Oleauto.h	Oleaut32.lib	1
VarBoolFromUI4	2.0	2.0 and later	Oleauto.h	Oleaut32.lib	1
VarBstrFromBool	2.0	2.0 and later	Oleauto.h	Oleaut32.lib	1
VarBstrFromCy	2.0	2.0 and later	Oleauto.h	Oleaut32.lib	1
VarBstrFromDate	2.0	2.0 and later	Oleauto.h	Oleaut32.lib	1
VarBstrFromDec	2.0	2.0 and later	Oleauto.h	Oleaut32.lib	1
VarBstrFromDisp	2.0	2.0 and later	Oleauto.h	Oleaut32.lib	1
VarBstrFromI1	2.0	2.0 and later	Oleauto.h	Oleaut32.lib	1
VarBstrFromI2	2.0	2.0 and later	Oleauto.h	Oleaut32.lib	1
VarBstrFromI4	2.0	2.0 and later	Oleauto.h	Oleaut32.lib	1
VarBstrFromR4	2.0	2.0 and later	Oleauto.h	Oleaut32.lib	1
VarBstrFromR8	2.0	2.0 and later	Oleauto.h	Oleaut32.lib	1
VarBstrFromUI1	2.0	2.0 and later	Oleauto.h	Oleaut32.lib	1
VarBstrFromUI2	2.0	2.0 and later	Oleauto.h	Oleaut32.lib	1
VarBstrFromUI4	2.0	2.0 and later	Oleauto.h	Oleaut32.lib	1
VarCyFromBool	2.0	2.0 and later	Oleauto.h	Oleaut32.lib	1
VarCyFromDate	2.0	2.0 and later	Oleauto.h	Oleaut32.lib	1
VarCyFromDec	2.0	2.0 and later	Oleauto.h	Oleaut32.lib	1
VarCyFromDisp	2.0	2.0 and later	Oleauto.h	Oleaut32.lib	1
VarCyFromI1	2.0	2.0 and later	Oleauto.h	Oleaut32.lib	1
VarCyFromI2	2.0	2.0 and later	Oleauto.h	Oleaut32.lib	1
VarCyFromI4	2.0	2.0 and later	Oleauto.h	Oleaut32.lib	1
VarCyFromR4	2.0	2.0 and later	Oleauto.h	Oleaut32.lib	1
VarCyFromR8	2.0	2.0 and later	Oleauto.h	Oleaut32.lib	1
VarCyFromStr	2.0	2.0 and later	Oleauto.h	Oleaut32.lib	1
VarCyFromUI1	2.0	2.0 and later	Oleauto.h	Oleaut32.lib	1
VarCyFromUI2	2.0	2.0 and later	Oleauto.h	Oleaut32.lib	1
VarCyFromUI4	2.0	2.0 and later	Oleauto.h	Oleaut32.lib	1
VarDateFromBool	2.0	2.0 and later	Oleauto.h	Oleaut32.lib	1
VarDateFromCy	2.0	2.0 and later	Oleauto.h	Oleaut32.lib	1
VarDateFromDec	2.0	2.0 and later	Oleauto.h	Oleaut32.lib	1
VarDateFromDisp	2.0	2.0 and later	Oleauto.h	Oleaut32.lib	1
VarDateFromI1	2.0	2.0 and later	Oleauto.h	Oleaut32.lib	1
VarDateFromI2	2.0	2.0 and later	Oleauto.h	Oleaut32.lib	1
VarDateFromI4	2.0	2.0 and later	Oleauto.h	Oleaut32.lib	1
VarDateFromR4	2.0	2.0 and later	Oleauto.h	Oleaut32.lib	1
VarDateFromR8	2.0	2.0 and later	Oleauto.h	Oleaut32.lib	1
VarDateFromStr	2.0	2.0 and later	Oleauto.h	Oleaut32.lib	1
VarDateFromUdate	2.0	2.0 and later	Oleauto.h	Oleaut32.lib	1
VarDateFromUI1	2.0	2.0 and later	Oleauto.h	Oleaut32.lib	1
VarDateFromUI2	2.0	2.0 and later	Oleauto.h	Oleaut32.lib	1
VarDateFromUI4	2.0	2.0 and later	Oleauto.h	Oleaut32.lib	1
VarDecFromBool	2.0	2.0 and later	Oleauto.h	Oleaut32.lib	1
VarDecFromCy	2.0	2.0 and later	Oleauto.h	Oleaut32.lib	1
VarDecFromDate	2.0	2.0 and later	Oleauto.h	Oleaut32.lib	1
VarDecFromDisp	2.0	2.0 and later	Oleauto.h	Oleaut32.lib	1
VarDecFromI1	2.0	2.0 and later	Oleauto.h	Oleaut32.lib	1
VarDecFromI2	2.0	2.0 and later	Oleauto.h	Oleaut32.lib	1
VarDecFromI4	2.0	2.0 and later	Oleauto.h	Oleaut32.lib	1
VarDecFromR4	2.0	2.0 and later	Oleauto.h	Oleaut32.lib	1
VarDecFromR8	2.0	2.0 and later	Oleauto.h	Oleaut32.lib	1
VarDecFromStr	2.0	2.0 and later	Oleauto.h	Oleaut32.lib	1
VarDecFromUI1	2.0	2.0 and later	Oleauto.h	Oleaut32.lib	1
VarDecFromUI2	2.0	2.0 and later	Oleauto.h	Oleaut32.lib	1
VarDecFromUI4	2.0	2.0 and later	Oleauto.h	Oleaut32.lib	1
VARDESC	2.0	2.0 and later	Oaidl.h		1
VarFileInfo	3.0	3.0 and later			1
VarI1FromBool	2.0	2.0 and later	Oleauto.h	Oleaut32.lib	1
VarI1FromCy	2.0	2.0 and later	Oleauto.h	Oleaut32.lib	1
VarI1FromDate	2.0	2.0 and later	Oleauto.h	Oleaut32.lib	1
VarI1FromDec	2.0	2.0 and later	Oleauto.h	Oleaut32.lib	1
VarI1FromDisp	2.0	2.0 and later	Oleauto.h	Oleaut32.lib	1
VarI1FromI2	2.0	2.0 and later	Oleauto.h	Oleaut32.lib	1
VarI1FromI4	2.0	2.0 and later	Oleauto.h	Oleaut32.lib	1
VarI1FromR4	2.0	2.0 and later	Oleauto.h	Oleaut32.lib	1
VarI1FromR8	2.0	2.0 and later	Oleauto.h	Oleaut32.lib	1
VarI1FromStr	2.0	2.0 and later	Oleauto.h	Oleaut32.lib	1
VarI1FromUI1	2.0	2.0 and later	Oleauto.h	Oleaut32.lib	1
VarI1FromUI2	2.0	2.0 and later	Oleauto.h	Oleaut32.lib	1
VarI1FromUI4	2.0	2.0 and later	Oleauto.h	Oleaut32.lib	1
VarI2FromBool	2.0	2.0 and later	Oleauto.h	Oleaut32.lib	1
VarI2FromCy	2.0	2.0 and later	Oleauto.h	Oleaut32.lib	1
VarI2FromDate	2.0	2.0 and later	Oleauto.h	Oleaut32.lib	1
VarI2FromDec	2.0	2.0 and later	Oleauto.h	Oleaut32.lib	1
VarI2FromDisp	2.0	2.0 and later	Oleauto.h	Oleaut32.lib	1
VarI2FromI1	2.0	2.0 and later	Oleauto.h	Oleaut32.lib	1
VarI2FromI4	2.0	2.0 and later	Oleauto.h	Oleaut32.lib	1
VarI2FromR4	2.0	2.0 and later	Oleauto.h	Oleaut32.lib	1
VarI2FromR8	2.0	2.0 and later	Oleauto.h	Oleaut32.lib	1
VarI2FromStr	2.0	2.0 and later	Oleauto.h	Oleaut32.lib	1
VarI2FromUI1	2.0	2.0 and later	Oleauto.h	Oleaut32.lib	1
VarI2FromUI2	2.0	2.0 and later	Oleauto.h	Oleaut32.lib	1
VarI2FromUI4	2.0	2.0 and later	Oleauto.h	Oleaut32.lib	1
VarI4FromBool	2.0	2.0 and later	Oleauto.h	Oleaut32.lib	1
VarI4FromCy	2.0	2.0 and later	Oleauto.h	Oleaut32.lib	1
VarI4FromDate	2.0	2.0 and later	Oleauto.h	Oleaut32.lib	1
VarI4FromDec	2.0	2.0 and later	Oleauto.h	Oleaut32.lib	1
VarI4FromDisp	2.0	2.0 and later	Oleauto.h	Oleaut32.lib	1
VarI4FromI1	2.0	2.0 and later	Oleauto.h	Oleaut32.lib	1
VarI4FromI2	2.0	2.0 and later	Oleauto.h	Oleaut32.lib	1
VarI4FromR4	2.0	2.0 and later	Oleauto.h	Oleaut32.lib	1
VarI4FromR8	2.0	2.0 and later	Oleauto.h	Oleaut32.lib	1
VarI4FromStr	2.0	2.0 and later	Oleauto.h	Oleaut32.lib	1
VarI4FromUI1	2.0	2.0 and later	Oleauto.h	Oleaut32.lib	1
VarI4FromUI2	2.0	2.0 and later	Oleauto.h	Oleaut32.lib	1
VarI4FromUI4	2.0	2.0 and later	Oleauto.h	Oleaut32.lib	1
VariantChangeType	2.0	2.0 and later	Oleauto.h	Oleaut32.lib	1
VariantChangeTypeEx	2.0	2.0 and later	Oleauto.h	Oleaut32.lib	1
VariantClear	2.0	2.0 and later	Oleauto.h	Oleaut32.lib	1
VariantCopy	2.0	2.0 and later	Oleauto.h	Oleaut32.lib	1
VariantCopyInd	2.0	2.0 and later	Oleauto.h	Oleaut32.lib	1
VariantInit	2.0	2.0 and later	Oleauto.h	Oleaut32.lib	1
VariantTimeToSystemTime	2.0	2.0 and later	Oleauto.h	Oleaut32.lib	1
VarNumFromParseNum	2.0	2.0 and later	Oleauto.h	Oleaut32.lib	1
VarParseNumFromStr	2.0	2.0 and later	Oleauto.h	Oleaut32.lib	1
VarR4FromBool	2.0	2.0 and later	Oleauto.h	Oleaut32.lib	1
VarR4FromCy	2.0	2.0 and later	Oleauto.h	Oleaut32.lib	1
VarR4FromDate	2.0	2.0 and later	Oleauto.h	Oleaut32.lib	1
VarR4FromDec	2.0	2.0 and later	Oleauto.h	Oleaut32.lib	1
VarR4FromDisp	2.0	2.0 and later	Oleauto.h	Oleaut32.lib	1
VarR4FromI1	2.0	2.0 and later	Oleauto.h	Oleaut32.lib	1
VarR4FromI2	2.0	2.0 and later	Oleauto.h	Oleaut32.lib	1
VarR4FromI4	2.0	2.0 and later	Oleauto.h	Oleaut32.lib	1
VarR4FromR8	2.0	2.0 and later	Oleauto.h	Oleaut32.lib	1
VarR4FromStr	2.0	2.0 and later	Oleauto.h	Oleaut32.lib	1
VarR4FromUI1	2.0	2.0 and later	Oleauto.h	Oleaut32.lib	1
VarR4FromUI2	2.0	2.0 and later	Oleauto.h	Oleaut32.lib	1
VarR4FromUI4	2.0	2.0 and later	Oleauto.h	Oleaut32.lib	1
VarR8FromBool	2.0	2.0 and later	Oleauto.h	Oleaut32.lib	1
VarR8FromCy	2.0	2.0 and later	Oleauto.h	Oleaut32.lib	1
VarR8FromDate	2.0	2.0 and later	Oleauto.h	Oleaut32.lib	1
VarR8FromDec	2.0	2.0 and later	Oleauto.h	Oleaut32.lib	1
VarR8FromDisp	2.0	2.0 and later	Oleauto.h	Oleaut32.lib	1
VarR8FromI1	2.0	2.0 and later	Oleauto.h	Oleaut32.lib	1
VarR8FromI2	2.0	2.0 and later	Oleauto.h	Oleaut32.lib	1
VarR8FromI4	2.0	2.0 and later	Oleauto.h	Oleaut32.lib	1
VarR8FromR4	2.0	2.0 and later	Oleauto.h	Oleaut32.lib	1
VarR8FromStr	2.0	2.0 and later	Oleauto.h	Oleaut32.lib	1
VarR8FromUI1	2.0	2.0 and later	Oleauto.h	Oleaut32.lib	1
VarR8FromUI2	2.0	2.0 and later	Oleauto.h	Oleaut32.lib	1
VarR8FromUI4	2.0	2.0 and later	Oleauto.h	Oleaut32.lib	1
VARSTRING	1.0	1.0 and later	Tapi.h		1
VARTYPE	2.0	2.0 and later	Oaidl.h		1
VarUdateFromDate	2.0	2.0 and later	Oleauto.h	Oleaut32.lib	1
VarUI1FromBool	2.0	2.0 and later	Oleauto.h	Oleaut32.lib	1
VarUI1FromCy	2.0	2.0 and later	Oleauto.h	Oleaut32.lib	1
VarUI1FromDate	2.0	2.0 and later	Oleauto.h	Oleaut32.lib	1
VarUI1FromDec	2.0	2.0 and later	Oleauto.h	Oleaut32.lib	1
VarUI1FromDisp	2.0	2.0 and later	Oleauto.h	Oleaut32.lib	1
VarUI1FromI1	2.0	2.0 and later	Oleauto.h	Oleaut32.lib	1
VarUI1FromI2	2.0	2.0 and later	Oleauto.h	Oleaut32.lib	1
VarUI1FromI4	2.0	2.0 and later	Oleauto.h	Oleaut32.lib	1
VarUI1FromR4	2.0	2.0 and later	Oleauto.h	Oleaut32.lib	1
VarUI1FromR8	2.0	2.0 and later	Oleauto.h	Oleaut32.lib	1
VarUI1FromStr	2.0	2.0 and later	Oleauto.h	Oleaut32.lib	1
VarUI1FromUI2	2.0	2.0 and later	Oleauto.h	Oleaut32.lib	1
VarUI1FromUI4	2.0	2.0 and later	Oleauto.h	Oleaut32.lib	1
VarUI2FromBool	2.0	2.0 and later	Oleauto.h	Oleaut32.lib	1
VarUI2FromCy	2.0	2.0 and later	Oleauto.h	Oleaut32.lib	1
VarUI2FromDate	2.0	2.0 and later	Oleauto.h	Oleaut32.lib	1
VarUI2FromDec	2.0	2.0 and later	Oleauto.h	Oleaut32.lib	1
VarUI2FromDisp	2.0	2.0 and later	Oleauto.h	Oleaut32.lib	1
VarUI2FromI1	2.0	2.0 and later	Oleauto.h	Oleaut32.lib	1
VarUI2FromI2	2.0	2.0 and later	Oleauto.h	Oleaut32.lib	1
VarUI2FromI4	2.0	2.0 and later	Oleauto.h	Oleaut32.lib	1
VarUI2FromR4	2.0	2.0 and later	Oleauto.h	Oleaut32.lib	1
VarUI2FromR8	2.12	2.12 and later		Oleaut32.lib	1
VarUI2FromStr	2.0	2.0 and later	Oleauto.h	Oleaut32.lib	1
VarUI2FromUI1	2.0	2.0 and later	Oleauto.h	Oleaut32.lib	1
VarUI2FromUI4	2.0	2.0 and later	Oleauto.h	Oleaut32.lib	1
VarUI4FromBool	2.0	2.0 and later	Oleauto.h	Oleaut32.lib	1
VarUI4FromCy	2.0	2.0 and later	Oleauto.h	Oleaut32.lib	1
VarUI4FromDate	2.0	2.0 and later	Oleauto.h	Oleaut32.lib	1
VarUI4FromDec	2.0	2.0 and later	Oleauto.h	Oleaut32.lib	1
VarUI4FromDisp	2.0	2.0 and later	Oleauto.h	Oleaut32.lib	1
VarUI4FromI1	2.0	2.0 and later	Oleauto.h	Oleaut32.lib	1
VarUI4FromI2	2.0	2.0 and later	Oleauto.h	Oleaut32.lib	1
VarUI4FromI4	2.0	2.0 and later	Oleauto.h	Oleaut32.lib	1
VarUI4FromR4	2.0	2.0 and later	Oleauto.h	Oleaut32.lib	1
VarUI4FromR8	2.0	2.0 and later	Oleauto.h	Oleaut32.lib	1
VarUI4FromStr	2.0	2.0 and later	Oleauto.h	Oleaut32.lib	1
VarUI4FromUI1	2.0	2.0 and later	Oleauto.h	Oleaut32.lib	1
VarUI4FromUI2	2.0	2.0 and later	Oleauto.h	Oleaut32.lib	1
VectorFromBstr	2.0	2.0 and later	Oleauto.h	Oleaut32.lib	1
VerifySignature	2.10	2.10 and later	Sspi.h	Schannel.lib	1
VerQueryValue	3.0	3.0 and later	Winbase.h		1
VIDEO_POWER_MANAGEMENT	2.10	2.10 and later			1
VirtualAlloc	1.0	1.0 and later	Winbase.h	Coredll.lib	1
VirtualCopy	2.10	2.10 and later	Pkfuncs.h		0
VirtualFree	1.0	1.0 and later	Winbase.h	Coredll.lib	1
VirtualProtect	1.0	1.0 and later	Winbase.h	Coredll.lib	1
VirtualQuery	1.0	1.0 and later	Winbase.h	Coredll.lib	1
VirtualSetPageFlags	3.0	3.0 and later	Pkfuncs.h		0
VS_FIXEDFILEINFO	3.0	3.0 and later	Winbase.h		1
VS_VERSIONINFO	3.0	3.0 and later			1
WaitCommEvent	1.0	1.0 and later	Winbase.h	Serdev.lib	1
WaitForDebugEvent	2.0	2.0 and later	Winbase.h	Coredll.lib, Nk.lib	1
WaitForMultipleObjects	1.01	1.01 and later	Winbase.h	Nk.lib	1
WaitForSingleObject	1.0	1.0 and later	Winbase.h	Coredll.lib	1
WAV_Close	1.0	1.0 and later			1
WAV_Deinit	1.0	1.0 and later			1
WAV_Init	1.0	1.0 and later			1
WAV_IOControl	1.0	1.0 and later			1
WAV_Open	1.0	1.0 and later			1
WAV_PowerDown	1.0	1.0 and later			1
WAV_PowerUp	1.0	1.0 and later			1
WAV_Read	1.0	1.0 and later			1
WAV_Seek	1.0	1.0 and later			1
WAV_Write	1.0	1.0 and later			1
WAVEFORMATEX	2.0	2.0 and later	Mmsystem.h		1
WAVEHDR	2.0	2.0 and later	Mmsystem.h		1
waveInAddBuffer	2.0	2.0 and later	Mmsystem.h	Wavelib.lib	1
WAVEINCAPS	2.0	2.0 and later	Mmsystem.h		1
waveInClose	2.0	2.0 and later	Mmsystem.h	Wavelib.lib	1
waveInGetDevCaps	2.0	2.0 and later	Mmsystem.h	Wavelib.lib	1
waveInGetErrorText	2.0	2.0 and later	Mmsystem.h	Wavelib.lib	1
waveInGetID	2.0	2.0 and later	Mmsystem.h	Wavelib.lib	1
waveInGetNumDevs	2.0	2.0 and later	Mmsystem.h	Wavelib.lib	1
waveInGetPosition	2.0	2.0 and later	Mmsystem.h	Wavelib.lib	1
waveInMessage	2.0	2.0 and later	Mmsystem.h	Wavelib.lib	1
waveInOpen	2.0	2.0 and later	Mmsystem.h	Wavelib.lib	1
waveInPrepareHeader	2.0	2.0 and later	Mmsystem.h	Wavelib.lib	1
waveInReset	2.0	2.0 and later	Mmsystem.h	Wavelib.lib	1
waveInStart	2.0	2.0 and later	Mmsystem.h	Wavelib.lib	1
waveInStop	2.0	2.0 and later	Mmsystem.h	Wavelib.lib	1
waveInUnprepareHeader	2.0	2.0 and later	Mmsystem.h	Wavelib.lib	1
WAVEOPENDESC	1.0	1.0 and later	Mmddk.h		1
waveOutBreakLoop	2.0	2.0 and later	Mmsystem.h	Wavelib.lib	1
WAVEOUTCAPS	2.0	2.0 and later	Mmsystem.h		1
waveOutClose	2.0	2.0 and later	Mmsystem.h	Wavelib.lib	1
waveOutGetDevCaps	2.0	2.0 and later	Mmsystem.h	Wavelib.lib	1
waveOutGetErrorText	2.0	2.0 and later	Mmsystem.h	Wavelib.lib	1
waveOutGetID	2.0	2.0 and later	Mmsystem.h	Wavelib.lib	1
waveOutGetNumDevs	2.0	2.0 and later	Mmsystem.h	Wavelib.lib	1
waveOutGetPitch	2.0	2.0 and later	Mmsystem.h	Wavelib.lib	1
waveOutGetPlaybackRate	2.0	2.0 and later	Mmsystem.h	Wavelib.lib	1
waveOutGetPosition	2.0	2.0 and later	Mmsystem.h	Wavelib.lib	1
waveOutGetVolume	2.0	2.0 and later	Mmsystem.h	Wavelib.lib	1
waveOutMessage	2.0	2.0 and later	Mmsystem.h	Wavelib.lib	1
waveOutOpen	2.0	2.0 and later	Mmsystem.h	Wavelib.lib	1
waveOutPause	2.0	2.0 and later	Mmsystem.h	Wavelib.lib	1
waveOutPrepareHeader	2.0	2.0 and later	Mmsystem.h	Wavelib.lib	1
waveOutReset	2.0	2.0 and later	Mmsystem.h	Wavelib.lib	1
waveOutRestart	2.0	2.0 and later	Mmsystem.h	Wavelib.lib	1
waveOutSetPitch	2.0	2.0 and later	Mmsystem.h	Wavelib.lib	1
waveOutSetPlaybackRate	2.0	2.0 and later	Mmsystem.h	Wavelib.lib	1
waveOutSetVolume	2.0	2.0 and later	Mmsystem.h	Wavelib.lib	1
waveOutUnprepareHeader	2.0	2.0 and later	Mmsystem.h	Wavelib.lib	1
waveOutWrite	2.0	2.0 and later	Mmsystem.h	Wavelib.lib	1
waveui_AcmDlgProc	2.10	2.10 and later	Waveui.c		0
waveui_AfterDialogBox	2.10	2.10 and later	Waveui.c		0
waveui_BeforeDialogBox	2.10	2.10 and later	Waveui.c		0
waveui_DeInit	2.10	2.10 and later		Waveapi.dll	0
waveui_Init	2.10	2.10 and later	Waveui.c		0
WideCharToMultiByte	1.01	1.01 and later	Winnls.h		1
WIDM_ADDBUFFER	1.0	1.0 and later			1
WIDM_CLOSE	1.0	1.0 and later			1
WIDM_GETDEVCAPS	1.0	1.0 and later			1
WIDM_GETNUMDEVS	1.0	1.0 and later			1
WIDM_GETPOS	1.0	1.0 and later			1
WIDM_OPEN	1.0	1.0 and later			1
WIDM_PREPARE	1.0	1.0 and later			1
WIDM_RESET	1.0	1.0 and later			1
WIDM_START	1.0	1.0 and later			1
WIDM_STOP	1.0	1.0 and later			1
WIDM_UNPREPARE	1.0	1.0 and later			1
WIN32_FIND_DATA	1.0	1.0 and later	Winbase.h		1
WIN_CERTIFICATE	3.0	3.0 and later	Loadauth.h		0
WindowFromPoint	1.0	1.0 and later	Winuser.h		1
WINDOWINFO	2.10	2.10 and later	Oomui.h		0
WINDOWPOS	1.0	1.0 and later	Winuser.h		1
WindowProc	1.0	1.0 and later	Winuser.h		1
WinMain	1.0	1.0 and later	Winuser.h		1
WM_ACTIVATE	1.0	1.0 and later	Winuser.h		1
WM_APP	1.0	1.0 and later	Winuser.h		1
WM_CANCELMODE	1.0	1.0 and later	Winuser.h		1
WM_CAPTURECHANGED	1.0	1.0 and later	Winuser.h		1
WM_CHAR	1.0	1.0 and later	Winuser.h		1
WM_CLEAR	1.0	1.0 and later	Winuser.h		1
WM_CLOSE	1.0	1.0 and later	Winuser.h		1
WM_COMMAND	1.0	1.0 and later	Winuser.h		1
WM_COPY	1.0	1.0 and later	Winuser.h		1
WM_COPYDATA	1.0	1.0 and later	Winuser.h		1
WM_CREATE	1.0	1.0 and later	Winuser.h		1
WM_CTLCOLORBTN	2.0	2.0 and later	Winuser.h		1
WM_CTLCOLORDLG	1.0	1.0 and later	Winuser.h		1
WM_CTLCOLOREDIT	2.0	2.0 and later	Winuser.h		1
WM_CTLCOLORLISTBOX	2.0	2.0 and later	Winuser.h		1
WM_CTLCOLORSCROLLBAR	2.0	2.0 and later	Winuser.h		1
WM_CTLCOLORSTATIC	2.0	2.0 and later	Winuser.h		1
WM_CUT	1.0	1.0 and later	Winuser.h		1
WM_DBNOTIFICATION	2.10	2.10 and later	Winuser.h		1
WM_DELETEITEM	1.0	1.0 and later	Winuser.h		1
WM_DESTROY	1.0	1.0 and later	Winuser.h		1
WM_DRAWITEM	1.0	1.0 and later	Winuser.h		1
WM_ENABLE	1.0	1.0 and later	Winuser.h		1
WM_ENTERMENULOOP	1.0	1.0 and later	Winuser.h		1
WM_ERASEBKGND	1.0	1.0 and later	Winuser.h		1
WM_EXITMENULOOP	1.0	1.0 and later	Winuser.h		1
WM_FONTCHANGE	1.0	1.0 and later	Winuser.h		1
WM_GETDLGCODE	1.0	1.0 and later	Winuser.h		1
WM_GETFONT	1.0	1.0 and later	Winuser.h		1
WM_GETICON	1.0	1.0 and later	Winuser.h		1
WM_GETTEXT	1.0	1.0 and later	Winuser.h		1
WM_GETTEXTLENGTH	1.0	1.0 and later	Winuser.h		1
WM_HELP	1.0	1.0 and later	Winuser.h		1
WM_HIBERNATE	1.0	1.0 and later	Winuser.h		1
WM_HOTKEY	2.0	2.0 and later	Winuser.h		1
WM_HSCROLL	1.0	1.0 and later	Winuser.h		1
WM_IM_INFO	2.10	2.10 and later	Winuser.h		1
WM_IME_CHAR	2.1	2.1 and later	Imm.h		1
WM_IME_COMPOSITION	2.1	2.1 and later (Japanese version 1.0 and later)	Imm.h		1
WM_IME_COMPOSITIONFULL	2.10	2.10 and later	Imm.h		1
WM_IME_CONTROL	2.1	2.1 and later	Imm.h		1
WM_IME_ENDCOMPOSITION	2.1	2.1 and later (Japanese version 1.0 and later)	Imm.h		1
WM_IME_KEYDOWN	2.1	2.1 and later (Japanese version 1.0 and later)	Imm.h		1
WM_IME_KEYUP	2.1	2.1 and later (Japanese version 1.0 and later)	Imm.h		1
WM_IME_NOTIFY	2.1	2.1 and later (Japanese version 1.0 and later)	Imm.h		1
WM_IME_REQUEST	2.1	2.1 and later	Imm.h		1
WM_IME_SELECT	2.1	2.1 and later	Imm.h		1
WM_IME_SETCONTEXT	2.1	2.1 and later (Japanese version 1.0 and later)	Imm.h		1
WM_IME_STARTCOMPOSITION	2.1	2.1 and later (Japanese version 1.0 and later)	Imm.h		1
WM_INITDIALOG	1.0	1.0 and later	Winuser.h		1
WM_INITMENUPOPUP	1.0	1.0 and later	Winuser.h		1
WM_KEYDOWN	1.0	1.0 and later	Winuser.h		1
WM_KEYFIRST	1.0	1.0 and later	Winuser.h		1
WM_KEYLAST	1.0	1.0 and later	Winuser.h		1
WM_KEYUP	1.0	1.0 and later	Winuser.h		1
WM_KILLFOCUS	1.0	1.0 and later	Winuser.h		1
WM_LBUTTONDBLCLK	1.0	1.0 and later	Winuser.h		1
WM_LBUTTONDOWN	1.0	1.0 and later	Winuser.h		1
WM_LBUTTONUP	1.0	1.0 and later	Winuser.h		1
WM_MEASUREITEM	1.0	1.0 and later	Winuser.h		1
WM_MENUCHAR	1.0	1.0 and later	Winuser.h		1
WM_MOVE	1.0	1.0 and later	Winuser.h		1
WM_NEXTDLGCTL	1.0	1.0 and later	Winuser.h		1
WM_NOTIFY	1.0	1.0 and later	Winuser.h		1
WM_PAINT	1.0	1.0 and later	Winuser.h		1
WM_PALETTECHANGED	2.0	2.0 and later	Winuser.h		1
WM_PASTE	1.0	1.0 and later	Winuser.h		1
WM_QUERYNEWPALETTE	2.0	2.0 and later	Winuser.h		1
WM_QUIT	1.0	1.0 and later	Winuser.h		1
WM_RASDIALEVENT	1.0	1.0 and later	Winuser.h		1
WM_RENDERALLFORMATS	1.0	1.0 and later	Winuser.h		1
WM_RENDERFORMAT	1.0	1.0 and later	Winuser.h		1
WM_SETCURSOR	2.0	2.0 and later	Winuser.h		1
WM_SETFOCUS	1.0	1.0 and later	Winuser.h		1
WM_SETFONT	1.0	1.0 and later	Winuser.h		1
WM_SETICON	1.0	1.0 and later	Winuser.h		1
WM_SETREDRAW	1.0	1.0 and later	Winuser.h		1
WM_SETTEXT	1.0	1.0 and later	Winuser.h		1
WM_SETTINGCHANGE	1.0	1.0 and later	Winuser.h		1
WM_SIZE	1.0	1.0 and later	Winuser.h		1
WM_STYLECHANGED	1.0	1.0 and later	Winuser.h		1
WM_SYSCOLORCHANGE	2.0	2.0 and later	Winuser.h		1
WM_SYSCOMMAND	1.0	1.0 and later	Winuser.h		1
WM_SYSCOPYDATA	2.12	2.12 and later	Pwinuser.h		1
WM_SYSDEADCHAR	1.0	1.0 and later	Winuser.h		1
WM_SYSKEYDOWN	1.0	1.0 and later	Winuser.h		1
WM_SYSKEYUP	1.0	1.0 and later	Winuser.h		1
WM_TIMER	1.0	1.0 and later	Winuser.h		1
WM_UNDO	1.0	1.0 and later	Winuser.h		1
WM_VSCROLL	1.0	1.0 and later	Winuser.h		1
WM_WINDOWPOSCHANGED	1.0	1.0 and later	Winuser.h		1
WNDCLASS	1.0	1.0 and later	Winuser.h		1
WNetAddConnection3	2.0	2.0 and later	Winnetwk.h	Redir.lib	1
WNetCancelConnection2	2.0	2.0 and later	Winnetwk.h	Redir.lib	1
WNetCloseEnum	2.0	2.0 and later	Winnetwk.h	Redir.lib	1
WNetConnectionDialog1	2.0	2.0 and later	Winnetwk.h	Redir.lib	1
WNetDisconnectDialog	2.0	2.0 and later	Winnetwk.h	Redir.lib	1
WNetDisconnectDialog1	2.0	2.0 and later	Winnetwk.h	Redir.lib	1
WNetEnumResource	2.0	2.0 and later	Winnetwk.h	Redir.lib	1
WNetGetConnection	2.0	2.0 and later	Winnetwk.h	Redir.lib	1
WNetGetUniversalName	2.0	2.0 and later	Winnetwk.h	Redir.lib	1
WNetGetUser	2.0	2.0 and later	Winnetwk.h	Redir.lib	1
WNetOpenEnum	2.0	2.0 and later	Winnetwk.h	Redir.lib	1
WODM_BREAKLOOP	1.0	1.0 and later			1
WODM_CLOSE	1.0	1.0 and later			1
WODM_GETDEVCAPS	1.0	1.0 and later			1
WODM_GETNUMDEVS	1.0	1.0 and later			1
WODM_GETPITCH	1.0	1.0 and later			1
WODM_GETPLAYBACKRATE	1.0	1.0 and later			1
WODM_GETPOS	1.0	1.0 and later			1
WODM_GETVOLUME	1.0	1.0 and later			1
WODM_OPEN	1.0	1.0 and later			1
WODM_PAUSE	1.0	1.0 and later			1
WODM_PREPARE	1.0	1.0 and later			1
WODM_RESET	1.0	1.0 and later			1
WODM_RESTART	1.0	1.0 and later			1
WODM_SETPITCH	1.0	1.0 and later			1
WODM_SETPLAYBACKRATE	1.0	1.0 and later			1
WODM_SETVOLUME	1.0	1.0 and later			1
WODM_UNPREPARE	1.0	1.0 and later			1
WODM_WRITE	1.0	1.0 and later			1
WPDM_CLOSE	1.0	1.0 and later			1
WPDM_CONTINUE	1.0	1.0 and later	Waveddsi.h		1
WPDM_ENDOFDATA	1.0	1.0 and later	Waveddsi.h		1
WPDM_GETDEVCAPS	1.0	1.0 and later	Waveddsi.h		1
WPDM_GETVOLUME	1.0	1.0 and later	Waveddsi.h		1
WPDM_OPEN	1.0	1.0 and later	Waveddsi.h		1
WPDM_PAUSE	1.0	1.0 and later	Waveddsi.h		1
WPDM_RESTART	1.0	1.0 and later	Waveddsi.h		1
WPDM_SETVOLUME	1.0	1.0 and later	Waveddsi.h		1
WPDM_STANDBY	1.0	1.0 and later	Waveddsi.h		1
WPDM_START	1.0	1.0 and later	Waveddsi.h		1
WPDM_STOP	1.0	1.0 and later	Waveddsi.h		1
WRITE_PORT_BUFFER_UCHAR	2.10	2.10 and later	Ceddk.h		1
WRITE_PORT_BUFFER_ULONG	2.10	2.10 and later	Ceddk.h		1
WRITE_PORT_BUFFER_USHORT	2.10	2.10 and later	Ceddk.h		1
WRITE_PORT_UCHAR	2.10	2.10 and later	Ceddk.h		1
WRITE_PORT_ULONG	2.10	2.10 and later	Ceddk.h		1
WRITE_PORT_USHORT	2.10	2.10 and later	Ceddk.h		1
WRITE_REGISTER_BUFFER_UCHAR	2.10	2.10 and later	Ceddk.h		1
WRITE_REGISTER_BUFFER_ULONG	2.10	2.10 and later	Ceddk.h		1
WRITE_REGISTER_BUFFER_USHORT	2.10	2.10 and later	Ceddk.h		1
WRITE_REGISTER_UCHAR	2.10	2.10 and later	Ceddk.h		1
WRITE_REGISTER_ULONG	2.10	2.10 and later	Ceddk.h		1
WRITE_REGISTER_USHORT	2.10	2.10 and later	Ceddk.h		1
WriteClassStg	2.0	2.0 and later	Ole2.h	Ole232.lib	1
WriteClassStm	2.0	2.0 and later	Ole2.h	Ole232.lib	1
WriteClient	3.0	3.0 and later	httpext.h	Httpextn.lib, Httpfilt.lib	1
WriteDebugLED	2.12	2.12 and later	Dbgapi.h		1
WriteFile	1.0	1.0 and later	Winbase.h	Coredll.lib, Fsmain.lib	1
WriteProcessMemory	2.0	2.0 and later	Winbase.h	Nk.lib	1
WriteRegistryToOEM	2.10	2.10 and later	Pkfuncs.h		0
WSACleanup	1.0	1.0 and later	Winsock.h		1
WSADATA	1.0	1.0 and later	Winsock.h		1
WSAGetLastError	1.0	1.0 and later	Winsock.h		1
WSASetLastError	2.0	2.0 and later	Winsock.h		1
WSAStartup	1.0	1.0 and later	Winsock.h		1
wsprintf	1.0	1.0 and later	Winbase.h		1
wvsprintf	1.0	1.0 and later	Winbase.h		1
XXX_Close	1.0	1.0 and later			1
XXX_Deinit	1.0	1.0 and later			1
XXX_Init	1.0	1.0 and later			1
XXX_IOControl	1.0	1.0 and later			1
XXX_Open	1.0	1.0 and later			1
XXX_PowerDown	1.0	1.0 and later			1
XXX_PowerUp	1.0	1.0 and later			1
XXX_Read	1.0	1.0 and later			1
XXX_Seek	1.0	1.0 and later			1
XXX_Write	1.0	1.0 and later			1
