id	title	min_ce	versions	header	lib	os
_WCESDK_HREPLOBJ	HREPLOBJ	2.0	2.0 and later	Cesync.h		Windows CE OS
_wcepb_ADDCONNECT_DLGPARAMS	ADDCONNECT_DLGPARAMS	2.10	2.10 and later	Netui.h		Windows CE OS
_wcepb_ASSERT	ASSERT	2.10	2.10 and later	Dbgapi.h		Windows CE OS
_wcepb_ASSERTMSG	ASSERTMSG	2.10	2.10 and later	Dbgapi.h		Windows CE OS
_wcepb_AdapterIPProperties	AdapterIPProperties	2.10	2.10 and later	Netui.h		Windows CE OS
_wcepb_BatteryDrvrGetStatus	BatteryDrvrGetStatus	2.10	2.10 and later	Battery.h		Windows CE OS
_wcepb_BatteryGetLifeTimeInfo	BatteryGetLifeTimeInfo	2.10	2.10 and later	Pwinuser.h		Windows CE OS
_wcepb_CEL_CRITSEC_ENTER	CEL_CRITSEC_ENTER	3.0	3.0 and later	Celog.h		Windows CE OS
_wcepb_CEL_CRITSEC_LEAVE	CEL_CRITSEC_LEAVE	3.0	3.0 and later	Celog.h		Windows CE OS
_wcepb_CEL_DATA_LOSS	CEL_DATA_LOSS	3.0	3.0 and later	Celog.h		Windows CE OS
_wcepb_CEL_EVENT_CLOSE	CEL_EVENT_CLOSE	3.0	3.0 and later	Celog.h		Windows CE OS
_wcepb_CEL_EVENT_CREATE	CEL_EVENT_CREATE	3.0	3.0 and later	Celog.h		Windows CE OS
_wcepb_CEL_EVENT_DELETE	CEL_EVENT_DELETE	3.0	3.0 and later	Celog.h		Windows CE OS
_wcepb_CEL_EVENT_PULSE	CEL_EVENT_PULSE	3.0	3.0 and later	Celog.h		Windows CE OS
_wcepb_CEL_EVENT_RESET	CEL_EVENT_RESET	3.0	3.0 and later	Celog.h		Windows CE OS
_wcepb_CEL_EVENT_SET	CEL_EVENT_SET	3.0	3.0 and later	Celog.h		Windows CE OS
_wcepb_CEL_HEADER	CEL_HEADER	3.0	3.0 and later	Celog.h		Windows CE OS
_wcepb_CEL_HEAP_ALLOC	CEL_HEAP_ALLOC	3.0	3.0 and later	Celog.h		Windows CE OS
_wcepb_CEL_HEAP_CREATE	CEL_HEAP_CREATE	3.0	3.0 and later	Celog.h		Windows CE OS
_wcepb_CEL_HEAP_DESTROY	CEL_HEAP_DESTROY	3.0	3.0 and later	Celog.h		Windows CE OS
_wcepb_CEL_HEAP_FREE	CEL_HEAP_FREE	3.0	3.0 and later	Celog.h		Windows CE OS
_wcepb_CEL_HEAP_REALLOC	CEL_HEAP_REALLOC	3.0	3.0 and later	Celog.h		Windows CE OS
_wcepb_CEL_INTERRUPTS	CEL_INTERRUPTS	3.0	3.0 and later	Celog.h		Windows CE OS
_wcepb_CEL_INT_DATA	CEL_INT_DATA	3.0	3.0 and later	Celog.h		Windows CE OS
_wcepb_CEL_LOG_MARKER	CEL_LOG_MARKER	3.0	3.0 and later	Celog.h		Windows CE OS
_wcepb_CEL_MODULE_FREE	CEL_MODULE_FREE	3.0	3.0 and later	Celog.h		Windows CE OS
_wcepb_CEL_MODULE_LOAD	CEL_MODULE_LOAD	3.0	3.0 and later	Celog.h		Windows CE OS
_wcepb_CEL_MUTEX_CLOSE	CEL_MUTEX_CLOSE	3.0	3.0 and later	Celog.h		Windows CE OS
_wcepb_CEL_MUTEX_CREATE	CEL_MUTEX_CREATE	3.0	3.0 and later	Celog.h		Windows CE OS
_wcepb_CEL_MUTEX_DELETE	CEL_MUTEX_DELETE	3.0	3.0 and later	Celog.h		Windows CE OS
_wcepb_CEL_MUTEX_RELEASE	CEL_MUTEX_RELEASE	3.0	3.0 and later	Celog.h		Windows CE OS
_wcepb_CEL_PROCESS_CLOSE	CEL_PROCESS_CLOSE	3.0	3.0 and later	Celog.h		Windows CE OS
_wcepb_CEL_PROCESS_CREATE	CEL_PROCESS_CREATE	3.0	3.0 and later	Celog.h		Windows CE OS
_wcepb_CEL_PROCESS_DELETE	CEL_PROCESS_DELETE	3.0	3.0 and later	Celog.h		Windows CE OS
_wcepb_CEL_PROCESS_TERMINATE	CEL_PROCESS_TERMINATE	3.0	3.0 and later	Celog.h		Windows CE OS
_wcepb_CEL_SEM_CLOSE	CEL_SEM_CLOSE	3.0	3.0 and later	Celog.h		Windows CE OS
_wcepb_CEL_SEM_CREATE	CEL_SEM_CREATE	3.0	3.0 and later	Celog.h		Windows CE OS
_wcepb_CEL_SEM_DELETE	CEL_SEM_DELETE	3.0	3.0 and later	Celog.h		Windows CE OS
_wcepb_CEL_SEM_RELEASE	CEL_SEM_RELEASE	3.0	3.0 and later	Celog.h		Windows CE OS
_wcepb_CEL_SLEEP	CEL_SLEEP	3.0	3.0 and later	Celog.h		Windows CE OS
_wcepb_CEL_SYSTEM_INVERT	CEL_SYSTEM_INVERT	3.0	3.0 and later	Celog.h		Windows CE OS
_wcepb_CEL_SYSTEM_PAGE	CEL_SYSTEM_PAGE	3.0	3.0 and later	Celog.h		Windows CE OS
_wcepb_CEL_SYSTEM_TLB	CEL_SYSTEM_TLB	3.0	3.0 and later	Celog.h		Windows CE OS
_wcepb_CEL_THREAD_CLOSE	CEL_THREAD_CLOSE	3.0	3.0 and later	Celog.h		Windows CE OS
_wcepb_CEL_THREAD_CREATE	CEL_THREAD_CREATE	3.0	3.0 and later	Celog.h		Windows CE OS
_wcepb_CEL_THREAD_DELETE	CEL_THREAD_DELETE	3.0	3.0 and later	Celog.h		Windows CE OS
_wcepb_CEL_THREAD_MIGRATE	CEL_THREAD_MIGRATE	3.0	3.0 and later	Celog.h		Windows CE OS
_wcepb_CEL_THREAD_PRIORITY	CEL_THREAD_PRIORITY	3.0	3.0 and later	Celog.h		Windows CE OS
_wcepb_CEL_THREAD_QUANTUM	CEL_THREAD_QUANTUM	3.0	3.0 and later	Celog.h		Windows CE OS
_wcepb_CEL_THREAD_RESUME	CEL_THREAD_RESUME	3.0	3.0 and later	Celog.h		Windows CE OS
_wcepb_CEL_THREAD_SUSPEND	CEL_THREAD_SUSPEND	3.0	3.0 and later	Celog.h		Windows CE OS
_wcepb_CEL_THREAD_SWITCH	CEL_THREAD_SWITCH	3.0	3.0 and later	Celog.h		Windows CE OS
_wcepb_CEL_THREAD_TERMINATE	CEL_THREAD_TERMINATE	3.0	3.0 and later	Celog.h		Windows CE OS
_wcepb_CEL_VIRTUAL_ALLOC	CEL_VIRTUAL_ALLOC	3.0	3.0 and later	Celog.h		Windows CE OS
_wcepb_CEL_VIRTUAL_COPY	CEL_VIRTUAL_COPY	3.0	3.0 and later	Celog.h		Windows CE OS
_wcepb_CEL_VIRTUAL_FREE	CEL_VIRTUAL_FREE	3.0	3.0 and later	Celog.h		Windows CE OS
_wcepb_CEL_WAIT_MULTI	CEL_WAIT_MULTI	3.0	3.0 and later	Celog.h		Windows CE OS
_wcepb_CEProcessorType	CEProcessorType	3.0	3.0 and later			Windows CE OS
_wcepb_CacheErrorHandler	CacheErrorHandler	3.0	3.0 and later	Cache.s		Windows CE OS
_wcepb_CacheSync	CacheSync	2.10	2.10 and later	Pkfuncs.h		Windows CE OS
_wcepb_CeChangeDatabaseLCID	CeChangeDatabaseLCID	2.10	2.10 and later	Pkfuncs.h		Windows CE OS
_wcepb_CeLogData	CeLogData	3.0	3.0 and later	Celog.h		Windows CE OS
_wcepb_CeLogInit	CeLogInit	3.0	3.0 and later	Celog.h		Windows CE OS
_wcepb_CeLogInterrupt	CeLogInterrupt	3.0	3.0 and later	Celog.h		Windows CE OS
_wcepb_CeLogReSync	CeLogReSync	3.0	3.0 and later	Celog.h		Windows CE OS
_wcepb_CeLogSetZones	CeLogSetZones	3.0	3.0 and later	Celog.h		Windows CE OS
_wcepb_CeLogThreadMigrate	CeLogThreadMigrate	3.0	3.0 and later	Celog.h		Windows CE OS
_wcepb_CeNotifyPrivate_ClearUserAlarm	CeNotifyPrivate_ClearUserAlarm	2.10	2.10 and later	Notifext.hxx		Windows CE OS
_wcepb_CeNotifyPrivate_DeleteNotification	CeNotifyPrivate_DeleteNotification	2.10	2.10 and later	Notifext.hxx		Windows CE OS
_wcepb_CeNotifyPrivate_FilterType	CeNotifyPrivate_FilterType	2.10	2.10 and later	Notifext.hxx		Windows CE OS
_wcepb_CeNotifyPrivate_Lock	CeNotifyPrivate_Lock	2.10	2.10 and later	Notifext.hxx		Windows CE OS
_wcepb_CeNotifyPrivate_Reschedule	CeNotifyPrivate_Reschedule	2.10	2.10 and later	Notifext.hxx		Windows CE OS
_wcepb_CeNotifyPrivate_SetUserAlarm	CeNotifyPrivate_SetUserAlarm	2.10	2.10 and later	Notifext.hxx		Windows CE OS
_wcepb_CeNotifyPrivate_TranslateOID	CeNotifyPrivate_TranslateOID	2.10	2.10 and later	Notifext.hxx		Windows CE OS
_wcepb_CeNotifyPrivate_Unlock	CeNotifyPrivate_Unlock	2.10	2.10 and later	Notifext.hxx		Windows CE OS
_wcepb_CeNotifyPublic_DisposeOfPacket	CeNotifyPublic_DisposeOfPacket	2.10	2.10 and later	Notifext.hxx		Windows CE OS
_wcepb_CeNotifyPublic_FilterEvent	CeNotifyPublic_FilterEvent	2.10	2.10 and later	Notifext.hxx		Windows CE OS
_wcepb_CeNotifyPublic_FilterUserNotification	CeNotifyPublic_FilterUserNotification	2.10	2.10 and later	Notifext.hxx		Windows CE OS
_wcepb_CeNotifyPublic_Initialize	CeNotifyPublic_Initialize	2.10	2.10 and later	Notifext.hxx		Windows CE OS
_wcepb_CeNotifyPublic_NewPacket	CeNotifyPublic_NewPacket	2.10	2.10 and later	Notifext.hxx		Windows CE OS
_wcepb_CeNotifyPublic_PresentSettingsBox	CeNotifyPublic_PresentSettingsBox	2.10	2.10 and later	Notifext.hxx		Windows CE OS
_wcepb_CeNotifyPublic_UIWndProc	CeNotifyPublic_UIWndProc	2.10	2.10 and later	Notifext.hxx		Windows CE OS
_wcepb_CeNotifyPublic_UserAlarmSignalled	CeNotifyPublic_UserAlarmSignalled	2.10	2.10 and later	Notifext.hxx		Windows CE OS
_wcepb_CertifyModule	CertifyModule	2.10	2.10 and later			Windows CE OS
_wcepb_CertifyModuleFinal	CertifyModuleFinal	2.10	2.10 and later			Windows CE OS
_wcepb_CertifyModuleInit	CertifyModuleInit	2.10	2.10 and later			Windows CE OS
_wcepb_CheckPassword	CheckPassword	2.10	2.10 and later	Windbase.h		Windows CE OS
_wcepb_ConnectionDialog	ConnectionDialog	2.10	2.10 and later	Netui.h		Windows CE OS
_wcepb_CreateHandler	CreateHandler	3.0	3.0 and later	Natedit.h	Coredll.dll	Windows CE OS
_wcepb_CreateTicket	CreateTicket	3.0	3.0 and later	Natedit.h	Coredll.dll	Windows CE OS
_wcepb_CurMSec	CurMSec	2.10	2.10 and later	Fwpc.c		Windows CE OS
_wcepb_DEBUGCHK	DEBUGCHK	2.10	2.10 and later	Dbgapi.h		Windows CE OS
_wcepb_DEBUGLED	DEBUGLED	2.10	2.10 and later	Dbgapi.h		Windows CE OS
_wcepb_DEBUGMSG	DEBUGMSG	2.10	2.10 and later	Dbgapi.h		Windows CE OS
_wcepb_DEBUGREGISTER	DEBUGREGISTER	2.10	2.10 and later	Dbgapi.h		Windows CE OS
_wcepb_DEBUGZONE	DEBUGZONE	2.10	2.10 and later	Dbgapi.h		Windows CE OS
_wcepb_DEVICE_ID	DEVICE_ID	2.10	2.10 and later	Pkfuncs.h		Windows CE OS
_wcepb_DataHandler	DataHandler	3.0	3.0 and later	Natedit.h	Coredll.dll	Windows CE OS
_wcepb_DeleteHandler	DeleteHandler	3.0	3.0 and later	Natedit.h	Coredll.dll	Windows CE OS
_wcepb_DeleteTicket	DeleteTicket	3.0	3.0 and later	Natedit.h	Coredll.dll	Windows CE OS
_wcepb_DiffMSec	DiffMSec	2.10	2.10 and later	Fwpc.c		Windows CE OS
_wcepb_DisassociateSession	DisassociateSession	3.0	3.0 and later	Natedit.h	Coredll.dll	Windows CE OS
_wcepb_DisconnectDialog	DisconnectDialog	2.10	2.10 and later	Netui.h		Windows CE OS
_wcepb_EDBG_ADAPTER	EDBG_ADAPTER	2.10	2.10 and later	Halether.h		Windows CE OS
_wcepb_EDBG_ADDR	EDBG_ADDR	2.10	2.10 and later	Halether.h		Windows CE OS
_wcepb_EDBG_BOOTME_DATA	EDBG_BOOTME_DATA	2.10	2.10 and later	Ethdbg.h		Windows CE OS
_wcepb_EDBG_BOOT_CALLBACK_FUNC	EDBG_BOOT_CALLBACK_FUNC	2.10	2.10 and later	Ethdbg.h		Windows CE OS
_wcepb_ERRORMSG	ERRORMSG	2.10	2.10 and later	Dbgapi.h		Windows CE OS
_wcepb_EdbgCancelRegisterClient	EdbgCancelRegisterClient	2.10	2.10 and later	Client.c		Windows CE OS
_wcepb_EdbgDeregisterBootCallback	EdbgDeregisterBootCallback	2.10	2.10 and later	Ethdbg.h	Edbg.dll	Windows CE OS
_wcepb_EdbgDeregisterClient	EdbgDeregisterClient	2.10	2.10 and later	Ethdbg.h	Ethdbg.lib, Ethdbg.dll	Windows CE OS
_wcepb_EdbgGetDeviceInfo	EdbgGetDeviceInfo	2.10	2.10 and later	Ethdbg.h	Edbg.dll	Windows CE OS
_wcepb_EdbgInit	EdbgInit	2.10	2.10 and later	halether.h		Windows CE OS
_wcepb_EdbgOutputDebugString	EdbgOutputDebugString	2.10	2.10 and later	Halether.h		Windows CE OS
_wcepb_EdbgRecv	EdbgRecv	2.10	2.10 and later	Ethdbg.h	Ethdbg.lib	Windows CE OS
_wcepb_EdbgRegisterBootCallback	EdbgRegisterBootCallback	2.10	2.10 and later	Ethdbg.h	Edbg.dll	Windows CE OS
_wcepb_EdbgRegisterClient_Development_Workstation_	EdbgRegisterClient (Development Workstation)	2.10	2.10 and later	Ethdbg.h	Edbg.dll	Windows CE OS
_wcepb_EdbgRegisterClient_Target_Device_	EdbgRegisterClient (Target Device)	2.10	2.10 and later	Ethdbg.h	Ethdbg.lib	Windows CE OS
_wcepb_EdbgResetDevice	EdbgResetDevice	2.10	2.10 and later	Ethdbg.h		Windows CE OS
_wcepb_EdbgSend	EdbgSend	2.10	2.10 and later	Ethdbg.h	Ethdbg.lib, Edbg.dll	Windows CE OS
_wcepb_EdbgSendUDP	EdbgSendUDP	2.10	2.10 and later	Halether.h		Windows CE OS
_wcepb_EdbgSetDebug_Development_Workstation_	EdbgSetDebug (Development Workstation)	2.10	2.10 and later	Ethdbg.h	Ethdbg.dll	Windows CE OS
_wcepb_EdbgSetDebug_Target_Device_	EdbgSetDebug (Target Device)	2.10	2.10 and later	Ethdbg.h	Ethdbg.lib	Windows CE OS
_wcepb_EditSession	EditSession	3.0	3.0 and later	Natedit.h	Coredll.dll	Windows CE OS
_wcepb_EditorDeregister	EditorDeregister	3.0	3.0 and later	Natedit.h	Coredll.dll	Windows CE OS
_wcepb_EditorInitialize	EditorInitialize	3.0	3.0 and later	Natedit.h	Coredll.dll	Windows CE OS
_wcepb_FATUIDATA	FATUIDATA	2.10	2.10 and later	Fatui.h		Windows CE OS
_wcepb_FATUIEvent	FATUIEvent	2.10	2.10 and later	Fatui.h		Windows CE OS
_wcepb_ForcePageout	ForcePageout	2.10	2.10 and later	Pkfuncs.h		Windows CE OS
_wcepb_GETDRIVERNAMEPARMS	GETDRIVERNAMEPARMS	2.10	2.10 and later	Netui.h		Windows CE OS
_wcepb_GetCurrentPermissions	GetCurrentPermissions	2.10	2.10 and later	Pkfuncs.h		Windows CE OS
_wcepb_GetDriverName	GetDriverName	2.10	2.10 and later	Netui.h		Windows CE OS
_wcepb_GetEPC	GetEPC	3.0	3.0 and later			Windows CE OS
_wcepb_GetIPAddress	GetIPAddress	2.10	2.10 and later	Netui.h		Windows CE OS
_wcepb_GetIdleTime	GetIdleTime	3.0	3.0 and later	Mkfuncs.h		Windows CE OS
_wcepb_GetNetString	GetNetString	2.10	2.10 and later	Netui.h		Windows CE OS
_wcepb_GetOwnerProcess	GetOwnerProcess	2.10	2.10 and later	Pkfuncs.h		Windows CE OS
_wcepb_GetPasswordActive	GetPasswordActive	2.10	2.10 and later	Windbase.h		Windows CE OS
_wcepb_GetResourcePassword	GetResourcePassword	2.10	2.10 and later	Netui.h		Windows CE OS
_wcepb_GetSystemMemoryDivision	GetSystemMemoryDivision	2.10	2.10 and later	Pwindbas.h		Windows CE OS
_wcepb_GetTickCount	GetTickCount	2.10	2.10 and later	Mkfuncs.h		Windows CE OS
_wcepb_GetUsernamePassword	GetUsernamePassword	2.10	2.10 and later	Netui.h		Windows CE OS
_wcepb_HalGetBusData	HalGetBusData	2.10	2.10 and later	Ceddk.h		Windows CE OS
_wcepb_HalGetBusDataByOffset	HalGetBusDataByOffset	2.10	2.10 and later	Ceddk.h		Windows CE OS
_wcepb_HalSetBusData	HalSetBusData	2.10	2.10 and later	Ceddk.h		Windows CE OS
_wcepb_HalSetBusDataByOffset	HalSetBusDataByOffset	2.10	2.10 and later	Ceddk.h		Windows CE OS
_wcepb_HalTranslateBusAddress	HalTranslateBusAddress	2.10	2.10 and later	Ceddk.h		Windows CE OS
_wcepb_HookInterrupt	HookInterrupt	2.10	2.10 and later	Nkintr.h		Windows CE OS
_wcepb_ILTIMING_MESSAGE	ILTIMING_MESSAGE	3.0	3.0 and later	Iltiming.h		Windows CE OS
_wcepb_IMAGE_DATA_DIRECTORY	IMAGE_DATA_DIRECTORY	2.10	2.10 and later	Winnt.h		Windows CE OS
_wcepb_INTERRUPTS_OFF	INTERRUPTS_OFF	2.10	2.10 and later	Nkintr.h		Windows CE OS
_wcepb_INTERRUPTS_ON	INTERRUPTS_ON	2.10	2.10 and later	Nkintr.h		Windows CE OS
_wcepb_IOCTL_COLLECTOR_REGISTER	IOCTL_COLLECTOR_REGISTER	3.0	3.0 and later			Windows CE OS
_wcepb_IOCTL_COLLECTOR_SEND	IOCTL_COLLECTOR_SEND	3.0	3.0 and later			Windows CE OS
_wcepb_IOCTL_COLLECTOR_UNREGISTER	IOCTL_COLLECTOR_UNREGISTER	3.0	3.0 and later			Windows CE OS
_wcepb_IOCTL_CONSOLE_SETCONTROLCHANDLER	IOCTL_CONSOLE_SETCONTROLCHANDLER	3.0	3.0 and later	Console.h		Windows CE OS
_wcepb_IOCTL_DISK_FORMAT_VOLUME	IOCTL_DISK_FORMAT_VOLUME	2.12	2.12 and later	Diskio.h		Windows CE OS
_wcepb_IOCTL_DISK_SCAN_VOLUME	IOCTL_DISK_SCAN_VOLUME	2.12	2.12 and later	Diskio.h		Windows CE OS
_wcepb_IOCTL_EDBG_DEREGISTER_CLIENT	IOCTL_EDBG_DEREGISTER_CLIENT	3.0	3.0 and later	Pkfuncs.h		Windows CE OS
_wcepb_IOCTL_EDBG_RECV	IOCTL_EDBG_RECV	3.0	3.0 and later	Pkfuncs.h		Windows CE OS
_wcepb_IOCTL_EDBG_REGISTER_CLIENT	IOCTL_EDBG_REGISTER_CLIENT	3.0	3.0 and later	Pkfuncs.h		Windows CE OS
_wcepb_IOCTL_EDBG_SEND	IOCTL_EDBG_SEND	3.0	3.0 and later	Pkfuncs.h		Windows CE OS
_wcepb_IOCTL_EDBG_SET_DEBUG	IOCTL_EDBG_SET_DEBUG	3.0	3.0 and later	Pkfuncs.h		Windows CE OS
_wcepb_IOCTL_HAL_GET_DEVICEID	IOCTL_HAL_GET_DEVICEID	2.10	2.10 and later	Pkfuncs.h		Windows CE OS
_wcepb_IOCTL_HAL_GET_DEVICE_INFO	IOCTL_HAL_GET_DEVICE_INFO	3.0	3.0 and later	Pkfuncs.h		Windows CE OS
_wcepb_IOCTL_HAL_GET_IP_ADDR	IOCTL_HAL_GET_IP_ADDR	3.0	3.0 and later	Pkfuncs.h		Windows CE OS
_wcepb_IOCTL_HAL_GET_UUID	IOCTL_HAL_GET_UUID	2.12	2.12 and later	Pkfuncs.h		Windows CE OS
_wcepb_IOCTL_HAL_ILTIMING	IOCTL_HAL_ILTIMING	3.0	3.0 and later	Pkfuncs.h		Windows CE OS
_wcepb_IOCTL_HAL_INIT_RTC	IOCTL_HAL_INIT_RTC	3.0	3.0 and later	Pkfuncs.h		Windows CE OS
_wcepb_IOCTL_HAL_REBOOT	IOCTL_HAL_REBOOT	2.12	2.12 and later	Pkfuncs.h		Windows CE OS
_wcepb_IOCTL_PROCESSOR_INFORMATION	IOCTL_PROCESSOR_INFORMATION	3.0	3.0 and later	Pkfuncs.h		Windows CE OS
_wcepb_IOCTL_QUERY_PHYSICALMEM	IOCTL_QUERY_PHYSICALMEM	3.0	3.0 and later	Pkfuncs.h		Windows CE OS
_wcepb_IOCTL_SET_KERNEL_COMM_DEV	IOCTL_SET_KERNEL_COMM_DEV	3.0	3.0 and later	Pkfuncs.h		Windows CE OS
_wcepb_IPRcvBuf	IPRcvBuf	3.0	3.0 and later	Natedit.h	Coredll.dll	Windows CE OS
_wcepb_IP_NAT_DIRECTION	IP_NAT_DIRECTION	3.0	3.0 and later	Natedit.h	Coredll.dll	Windows CE OS
_wcepb_IP_NAT_REGISTER_EDITOR	IP_NAT_REGISTER_EDITOR	3.0	3.0 and later	Natedit.h	Coredll.dll	Windows CE OS
_wcepb_IP_NAT_SESSION_MAPPING_STATISTICS	IP_NAT_SESSION_MAPPING_STATISTICS	3.0	3.0 and later	Natedit.h	Coredll.dll	Windows CE OS
_wcepb_InitPubKey	InitPubKey	2.10	2.10 and later			Windows CE OS
_wcepb_InterruptDisable	InterruptDisable	2.10	2.10 and later	Pkfuncs.h		Windows CE OS
_wcepb_InterruptDone	InterruptDone	2.10	2.10 and later	Pkfuncs.h		Windows CE OS
_wcepb_InterruptInitialize	InterruptInitialize	2.10	2.10 and later	Pkfuncs.h		Windows CE OS
_wcepb_IntrPrio	IntrPrio	3.0	3.0 and later			Windows CE OS
_wcepb_Ioctl_Register_DataCollector	Ioctl_Register_DataCollector	3.0	3.0 and later	Oemioctl.c		Windows CE OS
_wcepb_Ioctl_Send_DataCollector	Ioctl_Send_DataCollector	3.0	3.0 and later	Oemioctl.c		Windows CE OS
_wcepb_Ioctl_Unregister_DataCollector	Ioctl_Unregister_DataCollector	3.0	3.0 and later	Oemioctl.c		Windows CE OS
_wcepb_IsAPIReady	IsAPIReady	2.10	2.10 and later	Windev.h	Coredll.dll	Windows CE OS
_wcepb_KCompareFileTime	KCompareFileTime	2.10	2.10 and later	Nkintr.h		Windows CE OS
_wcepb_KD_BPINFO	KD_BPINFO	3.0	3.0 and later	Pkfuncs.h		Windows CE OS
_wcepb_KD_IOCTL_CLEAR_CBP	KD_IOCTL_CLEAR_CBP	3.0	3.0 and later	Pkfuncs.h		Windows CE OS
_wcepb_KD_IOCTL_CLEAR_DBP	KD_IOCTL_CLEAR_DBP	3.0	3.0 and later	Pkfuncs.h		Windows CE OS
_wcepb_KD_IOCTL_ENUM_CBP	KD_IOCTL_ENUM_CBP	3.0	3.0 and later	Pkfuncs.h		Windows CE OS
_wcepb_KD_IOCTL_ENUM_DBP	KD_IOCTL_ENUM_DBP	3.0	3.0 and later	Pkfuncs.h		Windows CE OS
_wcepb_KD_IOCTL_QUERY_CBP	KD_IOCTL_QUERY_CBP	3.0	3.0 and later	Pkfuncs.h		Windows CE OS
_wcepb_KD_IOCTL_QUERY_DBP	KD_IOCTL_QUERY_DBP	3.0	3.0 and later	Pkfuncs.h		Windows CE OS
_wcepb_KD_IOCTL_REBOOT	KD_IOCTL_REBOOT	3.0	3.0 and later	Pkfuncs.h		Windows CE OS
_wcepb_KD_IOCTL_SET_CBP	KD_IOCTL_SET_CBP	3.0	3.0 and later	Pkfuncs.h		Windows CE OS
_wcepb_KD_IOCTL_SET_DBP	KD_IOCTL_SET_DBP	3.0	3.0 and later	Pkfuncs.h		Windows CE OS
_wcepb_KFileTimeToSystemTime	KFileTimeToSystemTime	2.10	2.10 and later	Nkintr.h		Windows CE OS
_wcepb_KSystemTimeToFileTime	KSystemTimeToFileTime	2.10	2.10 and later	Nkintr.h		Windows CE OS
_wcepb_KernelIoControl	KernelIoControl	2.10	2.10 and later	Pkfuncs.h		Windows CE OS
_wcepb_LINECONFIGDATA	LINECONFIGDATA	2.10	2.10 and later	Netui.h		Windows CE OS
_wcepb_LineConfigEdit	LineConfigEdit	2.10	2.10 and later	Netui.h		Windows CE OS
_wcepb_LineTranslateDialog	LineTranslateDialog	2.10	2.10 and later	Netui.h		Windows CE OS
_wcepb_LoadDriver	LoadDriver	2.10	2.10 and later	Pkfuncs.h		Windows CE OS
_wcepb_LockPages	LockPages	2.10	2.10 and later	Pkfuncs.h		Windows CE OS
_wcepb_LogProcessCreate	LogProcessCreate	2.10	2.10 and later	Kerninst.c		Windows CE OS
_wcepb_LogProcessDelete	LogProcessDelete	2.10	2.10 and later	Kerninst.c		Windows CE OS
_wcepb_LogThreadCreate	LogThreadCreate	2.10	2.10 and later	Kerninst.c		Windows CE OS
_wcepb_LogThreadDelete	LogThreadDelete	2.10	2.10 and later	Kerninst.c		Windows CE OS
_wcepb_LogThreadSwitch	LogThreadSwitch	2.10	2.10 and later	Kerninst.c		Windows CE OS
_wcepb_MainMemoryEndAddress	MainMemoryEndAddress	2.10	2.10 and later			Windows CE OS
_wcepb_MapPtrToProcess	MapPtrToProcess	2.10	2.10 and later	Pkfuncs.h		Windows CE OS
_wcepb_MmMapIoSpace	MmMapIoSpace	2.10	2.10 and later	Ceddk.h		Windows CE OS
_wcepb_MmUnmapIoSpace	MmUnmapIoSpace	2.10	2.10 and later	Ceddk.h		Windows CE OS
_wcepb_NETUI_RESPWD	NETUI_RESPWD	2.10	2.10 and later	Netui.h		Windows CE OS
_wcepb_NETUI_USERPWD	NETUI_USERPWD	2.10	2.10 and later	Netui.h		Windows CE OS
_wcepb_NetMsgBox	NetMsgBox	2.10	2.10 and later	Netui.h		Windows CE OS
_wcepb_NotifyPacket	NotifyPacket	2.10	2.10 and later	Notifext.hxx		Windows CE OS
_wcepb_NotifyWinUserSystem	NotifyWinUserSystem	2.10	2.10 and later	Pwinuser.h		Windows CE OS
_wcepb_OEMARMCacheMode	OEMARMCacheMode	3.0	3.0 and later	Cache.s		Windows CE OS
_wcepb_OEMCertifyModule	OEMCertifyModule	2.10	2.10 and later			Windows CE OS
_wcepb_OEMCertifyModuleInit	OEMCertifyModuleInit	2.10	2.10 and later			Windows CE OS
_wcepb_OEMClearDebugCommError	OEMClearDebugCommError	2.10	2.10 and later	Nkintr.h		Windows CE OS
_wcepb_OEMEthDisableInts	OEMEthDisableInts	2.10	2.10 and later	Halether.h		Windows CE OS
_wcepb_OEMEthEnableInts	OEMEthEnableInts	2.10	2.10 and later	Halether.h		Windows CE OS
_wcepb_OEMEthGetFrame	OEMEthGetFrame	2.10	2.10 and later	Halether.h		Windows CE OS
_wcepb_OEMEthGetSecs	OEMEthGetSecs	2.10	2.10 and later	Halether.h		Windows CE OS
_wcepb_OEMEthISR	OEMEthISR	2.10	2.10 and later	Halether.h		Windows CE OS
_wcepb_OEMEthInit	OEMEthInit	2.10	2.10 and later	Halether.h		Windows CE OS
_wcepb_OEMEthQueryClientInfo	OEMEthQueryClientInfo	2.10	2.10 and later	Halether.h		Windows CE OS
_wcepb_OEMEthSendFrame	OEMEthSendFrame	2.10	2.10 and later	Halether.h		Windows CE OS
_wcepb_OEMExtraCCR	OEMExtraCCR	2.10	2.10 and later			Windows CE OS
_wcepb_OEMFlushCache	OEMFlushCache	3.0	3.0 and later			Windows CE OS
_wcepb_OEMGetExtensionDRAM	OEMGetExtensionDRAM	2.10	2.10 and later	Nkintr.h		Windows CE OS
_wcepb_OEMGetRealTime	OEMGetRealTime	2.10	2.10 and later	Nkintr.h		Windows CE OS
_wcepb_OEMIdle	OEMIdle	2.10	2.10 and later	Cfwp2.c		Windows CE OS
_wcepb_OEMInit	OEMInit	2.10	2.10 and later	Nkintr.h		Windows CE OS
_wcepb_OEMInitDebugSerial	OEMInitDebugSerial	2.10	2.10 and later	Nkintr.h		Windows CE OS
_wcepb_OEMInitPageTable	OEMInitPageTable	2.10	2.10 and later	Oeminit.asm		Windows CE OS
_wcepb_OEMInterruptDisable	OEMInterruptDisable	2.10	2.10 and later	Nkintr.h		Windows CE OS
_wcepb_OEMInterruptDone	OEMInterruptDone	2.10	2.10 and later	Nkintr.h		Windows CE OS
_wcepb_OEMInterruptEnable	OEMInterruptEnable	2.10	2.10 and later	Nkintr.h		Windows CE OS
_wcepb_OEMInterruptHandler	OEMInterruptHandler	3.0	3.0 and later			Windows CE OS
_wcepb_OEMInterruptHandlerFIQ	OEMInterruptHandlerFIQ	3.0	3.0 and later			Windows CE OS
_wcepb_OEMIoControl	OEMIoControl	2.10	2.10 and later	Oemioctl.c		Windows CE OS
_wcepb_OEMKDIoControl	OEMKDIoControl	3.0	3.0 and later	Pkfuncs.h		Windows CE OS
_wcepb_OEMMemoryMap	OEMMemoryMap	3.0	3.0 and later			Windows CE OS
_wcepb_OEMNMIHandler	OEMNMIHandler	2.10	2.10 and later	Fwpc.c		Windows CE OS
_wcepb_OEMParallelPortGetByte	OEMParallelPortGetByte	2.10	2.10 and later	Nkintr.h		Windows CE OS
_wcepb_OEMParallelPortGetStatus	OEMParallelPortGetStatus	2.10	2.10 and later	Oemboot.c		Windows CE OS
_wcepb_OEMParallelPortSendByte	OEMParallelPortSendByte	2.10	2.10 and later	Nkintr.h		Windows CE OS
_wcepb_OEMPowerOff	OEMPowerOff	2.10	2.10 and later	Nkintr.h		Windows CE OS
_wcepb_OEMProfileTimerDisable	OEMProfileTimerDisable	2.10	2.10 and later	Profiler.h		Windows CE OS
_wcepb_OEMProfileTimerEnable	OEMProfileTimerEnable	2.10	2.10 and later	Profiler.h		Windows CE OS
_wcepb_OEMReadDebugByte	OEMReadDebugByte	2.12	2.12 and later	Nkintr.h		Windows CE OS
_wcepb_OEMSetAlarmTime	OEMSetAlarmTime	2.10	2.10 and later	Nkintr.h		Windows CE OS
_wcepb_OEMSetRealTime	OEMSetRealTime	2.10	2.10 and later	Nkintr.h		Windows CE OS
_wcepb_OEMWriteDebugByte	OEMWriteDebugByte	2.10	2.10 and later	Nkintr.h		Windows CE OS
_wcepb_OEMWriteDebugLED	OEMWriteDebugLED	2.10	2.10 and later	Nkintr.h		Windows CE OS
_wcepb_OEMWriteDebugString	OEMWriteDebugString	2.10	2.10 and later	Nkintr.h		Windows CE OS
_wcepb_OomUICallback_CloseWindow	OomUICallback_CloseWindow	2.10	2.10 and later	Oomui.h		Windows CE OS
_wcepb_OomUICallback_IsCritical	OomUICallback_IsCritical	2.10	2.10 and later	Oomui.h		Windows CE OS
_wcepb_OomUICallback_NonClientPaint	OomUICallback_NonClientPaint	2.10	2.10 and later	Oomui.h		Windows CE OS
_wcepb_OomUI_CreateNotRespondingWindow	OomUI_CreateNotRespondingWindow	2.10	2.10 and later	Oomui.h		Windows CE OS
_wcepb_OomUI_CreateOomWindow	OomUI_CreateOomWindow	2.10	2.10 and later	Oomui.h		Windows CE OS
_wcepb_OomUI_FShowOomWindow	OomUI_FShowOomWindow	2.10	2.10 and later	Oomui.h		Windows CE OS
_wcepb_OomUI_Initialize	OomUI_Initialize	2.10	2.10 and later	Oomui.h		Windows CE OS
_wcepb_OomUI_NotRespondingWndProc	OomUI_NotRespondingWndProc	2.10	2.10 and later	Oomui.h		Windows CE OS
_wcepb_OomUI_OnShow	OomUI_OnShow	2.10	2.10 and later	Oomui.h		Windows CE OS
_wcepb_OomUI_OomWndProc	OomUI_OomWndProc	2.10	2.10 and later	Oomui.h		Windows CE OS
_wcepb_OomUI_SetWindowsInfo	OomUI_SetWindowsInfo	2.10	2.10 and later	Oomui.h		Windows CE OS
_wcepb_PHYSICAL_BASIC_INFORMATION	PHYSICAL_BASIC_INFORMATION	3.0	3.0 and later	Pkfuncs.h		Windows CE OS
_wcepb_PROCESSOR_INFO	PROCESSOR_INFO	3.0	3.0 and later	Pkfuncs.h		Windows CE OS
_wcepb_PerfCountSinceTick	PerfCountSinceTick	3.0	3.0 and later			Windows CE OS
_wcepb_PersistentPacket	PersistentPacket	2.10	2.10 and later	Notifext.hxx		Windows CE OS
_wcepb_ProfileStart	ProfileStart	2.10	2.10 and later	Profiler.h		Windows CE OS
_wcepb_ProfileStop	ProfileStop	2.10	2.10 and later	Profiler.h		Windows CE OS
_wcepb_ProfilerHit	ProfilerHit	3.0	3.0 and later			Windows CE OS
_wcepb_QueryInfoSession	QueryInfoSession	3.0	3.0 and later	Natedit.h	Coredll.dll	Windows CE OS
_wcepb_QueryPerformanceCounter	QueryPerformanceCounter	2.10	2.10 and later	Mkfuncs.h		Windows CE OS
_wcepb_QueryPerformanceFrequency	QueryPerformanceFrequency	2.10	2.10 and later	Mkfuncs.h		Windows CE OS
_wcepb_READ_PORT_BUFFER_UCHAR	READ_PORT_BUFFER_UCHAR	2.10	2.10 and later	Ceddk.h		Windows CE OS
_wcepb_READ_PORT_BUFFER_ULONG	READ_PORT_BUFFER_ULONG	2.10	2.10 and later	Ceddk.h		Windows CE OS
_wcepb_READ_PORT_BUFFER_USHORT	READ_PORT_BUFFER_USHORT	2.10	2.10 and later	Ceddk.h		Windows CE OS
_wcepb_READ_PORT_UCHAR	READ_PORT_UCHAR	2.10	2.10 and later	Ceddk.h		Windows CE OS
_wcepb_READ_PORT_ULONG	READ_PORT_ULONG	2.10	2.10 and later	Ceddk.h		Windows CE OS
_wcepb_READ_PORT_USHORT	READ_PORT_USHORT	2.10	2.10 and later	Ceddk.h		Windows CE OS
_wcepb_READ_REGISTER_BUFFER_UCHAR	READ_REGISTER_BUFFER_UCHAR	2.10	2.10 and later	Ceddk.h		Windows CE OS
_wcepb_READ_REGISTER_BUFFER_ULONG	READ_REGISTER_BUFFER_ULONG	2.10	2.10 and later	Ceddk.h		Windows CE OS
_wcepb_READ_REGISTER_BUFFER_USHORT	READ_REGISTER_BUFFER_USHORT	2.10	2.10 and later	Ceddk.h		Windows CE OS
_wcepb_READ_REGISTER_UCHAR	READ_REGISTER_UCHAR	2.10	2.10 and later	Ceddk.h		Windows CE OS
_wcepb_READ_REGISTER_ULONG	READ_REGISTER_ULONG	2.10	2.10 and later	Ceddk.h		Windows CE OS
_wcepb_READ_REGISTER_USHORT	READ_REGISTER_USHORT	2.10	2.10 and later	Ceddk.h		Windows CE OS
_wcepb_RETAILMSG	RETAILMSG	2.10	2.10 and later	Dbgapi.h		Windows CE OS
_wcepb_ReadRegistryFromOEM	ReadRegistryFromOEM	2.10	2.10 and later	Pkfuncs.h		Windows CE OS
_wcepb_RegCopyFile	RegCopyFile	2.10	2.10 and later	Pwinreg.h		Windows CE OS
_wcepb_RegRestoreFile	RegRestoreFile	2.10	2.10 and later	Pwinreg.h		Windows CE OS
_wcepb_RegisterEditor	RegisterEditor	3.0	3.0 and later	Natedit.h	Coredll.dll	Windows CE OS
_wcepb_RegisterTaskBar	RegisterTaskBar	2.10	2.10 and later	Pwinuser.h		Windows CE OS
_wcepb_SYSTEM_POWER_STATUS_EX2	SYSTEM_POWER_STATUS_EX2	2.12	2.12 and later	Winbase.h		Windows CE OS
_wcepb_SchedLogGetProcessName	SchedLogGetProcessName	2.10	2.10 and later	Schedlog.h		Windows CE OS
_wcepb_SchedLogGetThreadProgramCounter	SchedLogGetThreadProgramCounter	2.10	2.10 and later	Schedlog.h		Windows CE OS
_wcepb_SchedLogTranslate	SchedLogTranslate	2.10	2.10 and later	Schedlog.h		Windows CE OS
_wcepb_SetCleanRebootFlag	SetCleanRebootFlag	2.10	2.10 and later	Pkfuncs.h		Windows CE OS
_wcepb_SetInterruptEvent	SetInterruptEvent	2.10	2.10 and later	Nkintr.h		Windows CE OS
_wcepb_SetKMode	SetKMode	2.10	2.10 and later	Pkfuncs.h		Windows CE OS
_wcepb_SetKernelCommDev	SetKernelCommDev	2.10	2.10 and later	Nkintr.h		Windows CE OS
_wcepb_SetOOMEvent	SetOOMEvent	3.0	3.0 and later	Pkfuncs.h		Windows CE OS
_wcepb_SetPassword	SetPassword	2.10	2.10 and later	Windbase.h		Windows CE OS
_wcepb_SetPasswordActive	SetPasswordActive	2.10	2.10 and later	Windbase.h		Windows CE OS
_wcepb_SetProcPermissions	SetProcPermissions	2.10	2.10 and later	Pkfuncs.h		Windows CE OS
_wcepb_SetStoreQueueBase	SetStoreQueueBase	2.10	2.10 and later	Pkfuncs.h		Windows CE OS
_wcepb_SetSystemMemoryDivision	SetSystemMemoryDivision	2.10	2.10 and later	Pwindbas.h		Windows CE OS
_wcepb_SettingsDialogData	SettingsDialogData	2.10	2.10 and later	Notifext.hxx		Windows CE OS
_wcepb_SignalStarted	SignalStarted	2.10	2.10 and later	Winbase.h		Windows CE OS
_wcepb_Startup_DestroyDialogCallback	Startup_DestroyDialogCallback	2.10	2.10 and later	Startui.h		Windows CE OS
_wcepb_Startup_DlgProc	Startup_DlgProc	2.10	2.10 and later	Startui.h		Windows CE OS
_wcepb_Startup_Initialize	Startup_Initialize	2.10	2.10 and later	Startui.h		Windows CE OS
_wcepb_Startup_PowerOffWhileStartupActiveNotification	Startup_PowerOffWhileStartupActiveNotification	2.10	2.10 and later	Startui.h		Windows CE OS
_wcepb_Startup_PowerOnNotification	Startup_PowerOnNotification	2.10	2.10 and later	Startui.h		Windows CE OS
_wcepb_Startup_WantStartupScreen	Startup_WantStartupScreen	2.10	2.10 and later	Startui.h		Windows CE OS
_wcepb_TimeoutSession	TimeoutSession	3.0	3.0 and later	Natedit.h	Coredll.dll	Windows CE OS
_wcepb_TouchCalibrateUI_Done	TouchCalibrateUI_Done	2.10	2.10 and later	Calibrui.h		Windows CE OS
_wcepb_TouchCalibrateUI_DrawConfirmationScreen	TouchCalibrateUI_DrawConfirmationScreen	2.10	2.10 and later	Calibrui.h		Windows CE OS
_wcepb_TouchCalibrateUI_DrawMainScreen	TouchCalibrateUI_DrawMainScreen	2.10	2.10 and later	Calibrui.h		Windows CE OS
_wcepb_TouchCalibrateUI_HandleUserInputMessage	TouchCalibrateUI_HandleUserInputMessage	2.10	2.10 and later	Calibrui.h		Windows CE OS
_wcepb_TouchCalibrateUI_Initialize	TouchCalibrateUI_Initialize	2.10	2.10 and later	Calibrui.h		Windows CE OS
_wcepb_TouchCalibrateUI_WaitForConfirmation	TouchCalibrateUI_WaitForConfirmation	2.10	2.10 and later	Calibrui.h		Windows CE OS
_wcepb_UIPARAM	UIPARAM	2.10	2.10 and later	Fatui.h		Windows CE OS
_wcepb_UnMapPtr	UnMapPtr	2.10	2.10 and later	Pkfuncs.h		Windows CE OS
_wcepb_UnhookInterrupt	UnhookInterrupt	2.10	2.10 and later	Nkintr.h		Windows CE OS
_wcepb_UnlockPages	UnlockPages	2.10	2.10 and later	Pkfuncs.h		Windows CE OS
_wcepb_VirtualCopy	VirtualCopy	2.10	2.10 and later	Pkfuncs.h		Windows CE OS
_wcepb_VirtualSetPageFlags	VirtualSetPageFlags	3.0	3.0 and later	Pkfuncs.h		Windows CE OS
_wcepb_WINDOWINFO	WINDOWINFO	2.10	2.10 and later	Oomui.h		Windows CE OS
_wcepb_WIN_CERTIFICATE	WIN_CERTIFICATE	3.0	3.0 and later	Loadauth.h		Windows CE OS
_wcepb_WRITE_PORT_BUFFER_UCHAR	WRITE_PORT_BUFFER_UCHAR	2.10	2.10 and later	Ceddk.h		Windows CE OS
_wcepb_WRITE_PORT_BUFFER_ULONG	WRITE_PORT_BUFFER_ULONG	2.10	2.10 and later	Ceddk.h		Windows CE OS
_wcepb_WRITE_PORT_BUFFER_USHORT	WRITE_PORT_BUFFER_USHORT	2.10	2.10 and later	Ceddk.h		Windows CE OS
_wcepb_WRITE_PORT_UCHAR	WRITE_PORT_UCHAR	2.10	2.10 and later	Ceddk.h		Windows CE OS
_wcepb_WRITE_PORT_ULONG	WRITE_PORT_ULONG	2.10	2.10 and later	Ceddk.h		Windows CE OS
_wcepb_WRITE_PORT_USHORT	WRITE_PORT_USHORT	2.10	2.10 and later	Ceddk.h		Windows CE OS
_wcepb_WRITE_REGISTER_BUFFER_UCHAR	WRITE_REGISTER_BUFFER_UCHAR	2.10	2.10 and later	Ceddk.h		Windows CE OS
_wcepb_WRITE_REGISTER_BUFFER_ULONG	WRITE_REGISTER_BUFFER_ULONG	2.10	2.10 and later	Ceddk.h		Windows CE OS
_wcepb_WRITE_REGISTER_BUFFER_USHORT	WRITE_REGISTER_BUFFER_USHORT	2.10	2.10 and later	Ceddk.h		Windows CE OS
_wcepb_WRITE_REGISTER_UCHAR	WRITE_REGISTER_UCHAR	2.10	2.10 and later	Ceddk.h		Windows CE OS
_wcepb_WRITE_REGISTER_ULONG	WRITE_REGISTER_ULONG	2.10	2.10 and later	Ceddk.h		Windows CE OS
_wcepb_WRITE_REGISTER_USHORT	WRITE_REGISTER_USHORT	2.10	2.10 and later	Ceddk.h		Windows CE OS
_wcepb_WriteRegistryToOEM	WriteRegistryToOEM	2.10	2.10 and later	Pkfuncs.h		Windows CE OS
_wcepb__SH3CacheLines	_SH3CacheLines	2.10	2.10 and later			Windows CE OS
_wcepb__SH3DSP	_SH3DSP	3.0	3.0 and later			Windows CE OS
_wcepb__SH3FQCR_Fast	_SH3FQCR_Fast	2.10	2.10 and later			Windows CE OS
_wcepb__SH3FQCR_Slow	_SH3FQCR_Slow	2.10	2.10 and later			Windows CE OS
_wcepb__SH3InitialSR	_SH3InitialSR	2.10	2.10 and later			Windows CE OS
_wcepb__SH4CacheLines	_SH4CacheLines	3.0	3.0 and later			Windows CE OS
_wcepb_curridlehigh	curridlehigh	3.0	3.0 and later	Cfwp2.c		Windows CE OS
_wcepb_curridlelow	curridlelow	3.0	3.0 and later	Cfwp2.c		Windows CE OS
_wcepb_dwCeLogFlushTimeout	dwCeLogFlushTimeout	3.0	3.0 and later	Celog.h		Windows CE OS
_wcepb_dwCeLogLargeBuf	dwCeLogLargeBuf	3.0	3.0 and later	Celog.h		Windows CE OS
_wcepb_dwCeLogSmallBuf	dwCeLogSmallBuf	3.0	3.0 and later	Celog.h		Windows CE OS
_wcepb_dwCeLogTLBMiss	dwCeLogTLBMiss	3.0	3.0 and later			Windows CE OS
_wcepb_dwPartialDiffMSec	dwPartialDiffMSec	3.0	3.0 and later			Windows CE OS
_wcepb_dwPreempt	dwPreempt	3.0	3.0 and later	Fwpc.c		Windows CE OS
_wcepb_dwSleepMin	dwSleepMin	3.0	3.0 and later	Fwpc.c		Windows CE OS
_wcepb_fUseIterations	fUseIterations	3.0	3.0 and later			Windows CE OS
_wcepb_g_fShellAPI	g_fShellAPI	2.10	2.10 and later	Notifext.cxx		Windows CE OS
_wcepb_idleconv	idleconv	3.0	3.0 and later	Cfwp2.c		Windows CE OS
_wcepb_lpParallelPortGetByteFunc	lpParallelPortGetByteFunc	3.0	3.0 and later	Nkintr.h		Windows CE OS
_wcepb_lpParallelPortSendByteFunc	lpParallelPortSendByteFunc	3.0	3.0 and later	Nkintr.h		Windows CE OS
_wcepb_lpReadDebugByteFunc	lpReadDebugByteFunc	2.10	2.10 and later	Nkintr.h		Windows CE OS
_wcepb_lpWriteDebugByteFunc	lpWriteDebugByteFunc	2.10	2.10 and later	Nkintr.h		Windows CE OS
_wcepb_lpWriteDebugStringFunc	lpWriteDebugStringFunc	2.10	2.10 and later	Nkintr.h		Windows CE OS
_wcepb_nCeLogThreadPrio	nCeLogThreadPrio	3.0	3.0 and later	Celog.h		Windows CE OS
_wcepb_pIoctl_Register_DataCollector	pIoctl_Register_DataCollector	3.0	3.0 and later			Windows CE OS
_wcepb_pIoctl_Send_DataCollector	pIoctl_Send_DataCollector	3.0	3.0 and later			Windows CE OS
_wcepb_pLogProcessCreate	pLogProcessCreate	2.10	2.10 and later			Windows CE OS
_wcepb_pLogProcessDelete	pLogProcessDelete	2.10	2.10 and later			Windows CE OS
_wcepb_pLogThreadCreate	pLogThreadCreate	2.10	2.10 and later			Windows CE OS
_wcepb_pLogThreadDelete	pLogThreadDelete	2.10	2.10 and later			Windows CE OS
_wcepb_pLogThreadSwitch	pLogThreadSwitch	2.10	2.10 and later			Windows CE OS
_wcepb_pOEMCertifyModule	pOEMCertifyModule	2.10	2.10 and later			Windows CE OS
_wcepb_pOEMCertifyModuleInit	pOEMCertifyModuleInit	2.10	2.10 and later			Windows CE OS
_wcepb_pQueryPerformanceCounter	pQueryPerformanceCounter	2.10	2.10 and later			Windows CE OS
_wcepb_pQueryPerformanceFrequency	pQueryPerformanceFrequency	2.10	2.10 and later			Windows CE OS
_wcepb_pReadRegistryFromOEM	pReadRegistryFromOEM	2.10	2.10 and later			Windows CE OS
_wcepb_pWriteRegistryToOEM	pWriteRegistryToOEM	2.10	2.10 and later			Windows CE OS
_wcepb_ticksleft	ticksleft	2.10	2.10 and later	Fwpc.c		Windows CE OS
_wcepb_waveui_AcmDlgProc	waveui_AcmDlgProc	2.10	2.10 and later	Waveui.c		Windows CE OS
_wcepb_waveui_AfterDialogBox	waveui_AfterDialogBox	2.10	2.10 and later	Waveui.c		Windows CE OS
_wcepb_waveui_BeforeDialogBox	waveui_BeforeDialogBox	2.10	2.10 and later	Waveui.c		Windows CE OS
_wcepb_waveui_DeInit	waveui_DeInit	2.10	2.10 and later		Waveapi.dll	Windows CE OS
_wcepb_waveui_Init	waveui_Init	2.10	2.10 and later	Waveui.c		Windows CE OS
_wcesdk_ActivateDevice	ActivateDevice	2.11	2.11 and later	Winbase.h	Coredll.lib	Windows CE OS
_wcesdk_CALLCONV	CALLCONV	2.0	2.0 and later	Oaidl.h		Windows CE OS
_wcesdk_CEDBASEINFO	CEDBASEINFO	1.01	1.01 and later	Windbase.h		Windows CE OS
_wcesdk_CEDB_FIND_DATA	CEDB_FIND_DATA	1.0	1.0 and later	Rapi.h		Windows CE OS
_wcesdk_CEDIRINFO	CEDIRINFO	1.01	1.01 and later	Winbase.h		Windows CE OS
_wcesdk_CEFILEINFO	CEFILEINFO	1.01	1.01 and later	Winbase.h		Windows CE OS
_wcesdk_CEOIDINFO	CEOIDINFO	1.01	1.01 and later	Windbase.h		Windows CE OS
_wcesdk_CEOSVERSIONINFO	CEOSVERSIONINFO	2.0	2.0 and later	Rapi.h		Windows CE OS
_wcesdk_CEPROPVAL	CEPROPVAL	1.01	1.01 and later	Winbase.h		Windows CE OS
_wcesdk_CERECORDINFO	CERECORDINFO	1.01	1.01 and later	Winbase.h		Windows CE OS
_wcesdk_CEVALUNION	CEVALUNION	1.01	1.01 and later	Winbase.h		Windows CE OS
_wcesdk_CE_FIND_DATA	CE_FIND_DATA	1.0	1.0 and later	Rapi.h		Windows CE OS
_wcesdk_CE_USER_NOTIFICATION	CE_USER_NOTIFICATION	1.01	1.01 and later	Notify.h		Windows CE OS
_wcesdk_CFF_CONVERTINFO	CFF_CONVERTINFO	2.0	2.0 and later	Replfilt.h		Windows CE OS
_wcesdk_CFF_CONVERTOPTIONS	CFF_CONVERTOPTIONS	2.0	2.0 and later	Replfilt.h		Windows CE OS
_wcesdk_CFF_DESTINATIONFILE	CFF_DESTINATIONFILE	2.0	2.0 and later	Replfilt.h		Windows CE OS
_wcesdk_CFF_SOURCEFILE	CFF_SOURCEFILE	2.0	2.0 and later	Replfilt.h		Windows CE OS
_wcesdk_CHECK_INVALIDGUID	CHECK_INVALIDGUID	2.10	2.10 and later	Windbase.h		Windows CE OS
_wcesdk_CHECK_SYSTEMGUID	CHECK_SYSTEMGUID	2.10	2.10 and later	Windbase.h	Fsdbase.lib	Windows CE OS
_wcesdk_COMMANDBANDSRESTOREINFO	COMMANDBANDSRESTOREINFO	2.10	2.10 and later	Commctrl.h		Windows CE OS
_wcesdk_COM_CLSIDFromProgID	CLSIDFromProgID	2.10	2.10 and later	Objbase.h		Windows CE OS
_wcesdk_COM_CLSIDFromString	CLSIDFromString	2.0	2.0 and later	Objbase.h		Windows CE OS
_wcesdk_COM_CoCreateInstance	CoCreateInstance	2.0	2.0 and later	Objbase.h		Windows CE OS
_wcesdk_COM_CoFreeLibrary	CoFreeLibrary	2.0	2.0 and later	Objbase.h		Windows CE OS
_wcesdk_COM_CoFreeUnusedLibraries	CoFreeUnusedLibraries	2.0	2.0 and later	Objbase.h		Windows CE OS
_wcesdk_COM_CoGetClassObject	CoGetClassObject	2.0	2.0 and later	Objbase.h		Windows CE OS
_wcesdk_COM_CoInitializeEx	CoInitializeEx	2.0	2.0 and later	Objbase.h		Windows CE OS
_wcesdk_COM_CoLoadLibrary	CoLoadLibrary	2.0	2.0 and later	Objbase.h		Windows CE OS
_wcesdk_COM_CoTaskMemAlloc	CoTaskMemAlloc	2.0	2.0 and later			Windows CE OS
_wcesdk_COM_CoTaskMemFree	CoTaskMemFree	2.0	2.0 and later	Objbase.h		Windows CE OS
_wcesdk_COM_CoTaskMemRealloc	CoTaskMemRealloc	2.0	2.0 and later	Objbase.h		Windows CE OS
_wcesdk_COM_CoUninitialize	CoUninitialize	2.0	2.0 and later	Objbase.h		Windows CE OS
_wcesdk_COM_CreateBindCtx	CreateBindCtx	2.10	2.10 and later	Objbase.h		Windows CE OS
_wcesdk_COM_CreateOleAdviseHolder	CreateOleAdviseHolder	2.0	2.0 and later	Ole2.h	Ole232.lib	Windows CE OS
_wcesdk_COM_GetClassFile	GetClassFile	2.10	2.10 and later	Objbase.h		Windows CE OS
_wcesdk_COM_GetErrorInfo	GetErrorInfo	2.10	2.10 and later	Oleauto.h		Windows CE OS
_wcesdk_COM_OleCreate	OleCreate	2.0	2.0 and later	Ole2.h	Ole232.lib	Windows CE OS
_wcesdk_COM_OleDraw	OleDraw	2.0	2.0 and later	Ole2.h	Ole232.lib	Windows CE OS
_wcesdk_COM_OleIsRunning	OleIsRunning	2.0	2.0 and later	Ole2.h	Ole232.lib	Windows CE OS
_wcesdk_COM_OleRun	OleRun	2.0	2.0 and later	Ole2.h	Ole232.lib	Windows CE OS
_wcesdk_COM_OleSave	OleSave	2.0	2.0 and later	Ole2.h	Ole232.lib	Windows CE OS
_wcesdk_COM_OleSetContainedObject	OleSetContainedObject	2.0	2.0 and later	Ole2.h	Ole232.lib	Windows CE OS
_wcesdk_COM_OleSetMenuDescriptor	OleSetMenuDescriptor	2.0	2.0 and later	Ole2.h	Ole232.lib	Windows CE OS
_wcesdk_COM_ReadClassStm	ReadClassStm	2.0	2.0 and later	Ole2.h	Ole232.lib	Windows CE OS
_wcesdk_COM_ReleaseStgMedium	ReleaseStgMedium	2.10	2.10 and later	Ole2.h		Windows CE OS
_wcesdk_COM_StgCreateDocfile	StgCreateDocfile	2.0	2.0 and later	Objbase.h	Ole232.lib	Windows CE OS
_wcesdk_COM_StgCreateDocfileOnILockBytes	StgCreateDocfileOnILockBytes	2.0	2.0 and later	Objbase.h	Ole232.lib	Windows CE OS
_wcesdk_COM_StgOpenStorage	StgOpenStorage	2.0	2.0 and later	Objbase.h	Ole232.lib	Windows CE OS
_wcesdk_COM_StgOpenStorageOnILockBytes	StgOpenStorageOnILockBytes	2.0	2.0 and later	Objbase.h	Ole232.lib	Windows CE OS
_wcesdk_COM_StringFromCLSID	StringFromCLSID	2.0	2.0 and later	Objbase.h		Windows CE OS
_wcesdk_COM_StringFromGUID2	StringFromGUID2	2.0	2.0 and later	Objbase.h		Windows CE OS
_wcesdk_COM_StringFromIID	StringFromIID	2.0	2.0 and later	Objbase.h		Windows CE OS
_wcesdk_COM_WriteClassStg	WriteClassStg	2.0	2.0 and later	Ole2.h	Ole232.lib	Windows CE OS
_wcesdk_COM_WriteClassStm	WriteClassStm	2.0	2.0 and later	Ole2.h	Ole232.lib	Windows CE OS
_wcesdk_CREATE_INVALIDGUID	CREATE_INVALIDGUID	2.10	2.10 and later	Windbase.h	Fsdbase.lib	Windows CE OS
_wcesdk_CREATE_SYSTEMGUID	CREATE_SYSTEMGUID	2.10	2.10 and later	Windbase.h	Fsdbase.lib	Windows CE OS
_wcesdk_CURRENCY	CURRENCY	2.0	2.0 and later	Oaidl.h		Windows CE OS
_wcesdk_CeCheckPassword_RAPI_	CeCheckPassword (RAPI)	2.0	2.0 and later	Rapi.h		Windows CE OS
_wcesdk_CeClearReplChangeBitsEx	CeClearReplChangeBitsEx	3.0	3.0 and later	Windbase.h	coredll.lib	Windows CE OS
_wcesdk_CeClearUserNotification	CeClearUserNotification	1.01	1.01 and later	Notify.h	Notify.lib	Windows CE OS
_wcesdk_CeCloseHandle_RAPI_	CeCloseHandle (RAPI)	1.0	1.0 and later	Rapi.h		Windows CE OS
_wcesdk_CeCopyFile_RAPI_	CeCopyFile (RAPI)	2.0	2.0 and later	Rapi.h		Windows CE OS
_wcesdk_CeCreateDatabase	CeCreateDatabase	1.01	1.01 and later	Windbase.h	Fsdbase.lib	Windows CE OS
_wcesdk_CeCreateDatabaseEx	CeCreateDatabaseEx	2.10	2.10 and later	Windbase.h	Fsdbase.lib	Windows CE OS
_wcesdk_CeCreateDatabaseEx_RAPI_	CeCreateDatabaseEx (RAPI)	2.10	2.10 and later	Rapi.h		Windows CE OS
_wcesdk_CeCreateDatabase_RAPI_	CeCreateDatabase (RAPI)	1.01	1.01 and later	Rapi.h		Windows CE OS
_wcesdk_CeCreateDirectory_RAPI_	CeCreateDirectory (RAPI)	2.0	2.0 and later	Rapi.h		Windows CE OS
_wcesdk_CeCreateFile_RAPI_	CeCreateFile (RAPI)	2.0	2.0 and later	Rapi.h		Windows CE OS
_wcesdk_CeCreateProcess_RAPI_	CeCreateProcess (RAPI)	2.0	2.0 and later	Rapi.h		Windows CE OS
_wcesdk_CeDeleteDatabase	CeDeleteDatabase	1.01	1.01 and later	Windbase.h	Fsdbase.lib	Windows CE OS
_wcesdk_CeDeleteDatabaseEx	CeDeleteDatabaseEx	2.10	2.10 and later	Windbase.h	Fsdbase.lib	Windows CE OS
_wcesdk_CeDeleteDatabaseEx_RAPI_	CeDeleteDatabaseEx (RAPI)	2.10	2.10 and later	Rapi.h		Windows CE OS
_wcesdk_CeDeleteDatabase_RAPI_	CeDeleteDatabase (RAPI)	1.01	1.01 and later	Rapi.h		Windows CE OS
_wcesdk_CeDeleteFile_RAPI_	CeDeleteFile (RAPI)	2.0	2.0 and later	Rapi.h		Windows CE OS
_wcesdk_CeDeleteRecord	CeDeleteRecord	1.01	1.01 and later	Windbase.h	Fsdbase.lib	Windows CE OS
_wcesdk_CeDeleteRecord_RAPI_	CeDeleteRecord (RAPI)	2.0	2.0 and later	Rapi.h		Windows CE OS
_wcesdk_CeEnumDBVolumes	CeEnumDBVolumes	2.10	2.10 and later	Windbase.h	Fsdbase.lib	Windows CE OS
_wcesdk_CeEnumDBVolumes_RAPI_	CeEnumDBVolumes (RAPI)	2.12	2.12 and later	Rapi.h		Windows CE OS
_wcesdk_CeFindAllDatabases_RAPI_	CeFindAllDatabases (RAPI)	2.0	2.0 and later	Rapi.h		Windows CE OS
_wcesdk_CeFindAllFiles_RAPI_	CeFindAllFiles (RAPI)	2.0	2.0 and later	Rapi.h		Windows CE OS
_wcesdk_CeFindClose_RAPI_	CeFindClose (RAPI)	2.0	2.0 and later	Rapi.h		Windows CE OS
_wcesdk_CeFindFirstDatabase	CeFindFirstDatabase	1.01	1.01 and later	Windbase.h	Fsdbase.lib	Windows CE OS
_wcesdk_CeFindFirstDatabaseEx	CeFindFirstDatabaseEx	2.10	2.10 and later	Windbase.h	Fsdbase.lib	Windows CE OS
_wcesdk_CeFindFirstDatabaseEx_RAPI_	CeFindFirstDatabaseEx (RAPI)	2.10	2.10 and later	Rapi.h		Windows CE OS
_wcesdk_CeFindFirstDatabase_RAPI_	CeFindFirstDatabase (RAPI)	1.01	1.01 and later	Rapi.h		Windows CE OS
_wcesdk_CeFindFirstFile_RAPI_	CeFindFirstFile (RAPI)	2.0	2.0 and later	Rapi.h		Windows CE OS
_wcesdk_CeFindNextDatabase	CeFindNextDatabase	1.01	1.01 and later	Windbase.h	Fsdbase.lib	Windows CE OS
_wcesdk_CeFindNextDatabaseEx	CeFindNextDatabaseEx	2.10	2.10 and later	Windbase.h	Fsdbase.lib	Windows CE OS
_wcesdk_CeFindNextDatabaseEx_RAPI_	CeFindNextDatabaseEx (RAPI)	2.10	2.10 and later	Rapi.h		Windows CE OS
_wcesdk_CeFindNextDatabase_RAPI_	CeFindNextDatabase (RAPI)	1.01	1.01 and later	Rapi.h		Windows CE OS
_wcesdk_CeFindNextFile_RAPI_	CeFindNextFile (RAPI)	2.0	2.0 and later	Rapi.h		Windows CE OS
_wcesdk_CeFlushDBVol	CeFlushDBVol	2.10	2.10 and later	Windbase.h	Fsdbase.lib	Windows CE OS
_wcesdk_CeFreeNotification	CeFreeNotification	2.10	2.10 and later	Windbase.h	Fsdbase.lib	Windows CE OS
_wcesdk_CeGetClassName_RAPI_	CeGetClassName (RAPI)	2.0	2.0 and later	Rapi.h		Windows CE OS
_wcesdk_CeGetCurrentTrust	CeGetCurrentTrust	3.0	3.0 and later	Windbase.h	Nk.lib	Windows CE OS
_wcesdk_CeGetDesktopDeviceCaps_RAPI_	CeGetDesktopDeviceCaps (RAPI)	2.0	2.0 and later	Rapi.h		Windows CE OS
_wcesdk_CeGetFileAttributes_RAPI_	CeGetFileAttributes (RAPI)	2.0	2.0 and later	Rapi.h		Windows CE OS
_wcesdk_CeGetFileSize_RAPI_	CeGetFileSize (RAPI)	2.0	2.0 and later	Rapi.h		Windows CE OS
_wcesdk_CeGetFileTime_RAPI_	CeGetFileTime (RAPI)	2.0	2.0 and later	Rapi.h		Windows CE OS
_wcesdk_CeGetLastError_RAPI_	CeGetLastError (RAPI)	2.0	2.0 and later	Rapi.h		Windows CE OS
_wcesdk_CeGetReplChangeBitsEx	CeGetReplChangeBitsEx	3.0	3.0 and later	Windbase.h	coredll.lib	Windows CE OS
_wcesdk_CeGetReplChangeMask	CeGetReplChangeMask	3.0	3.0 and later	Windbase.h	coredll.lib	Windows CE OS
_wcesdk_CeGetReplOtherBitsEx	CeGetReplOtherBitsEx	3.0	3.0 and later	Windbase.h	coredll.lib	Windows CE OS
_wcesdk_CeGetSpecialFolderPath_RAPI_	CeGetSpecialFolderPath (RAPI)	2.0	2.0 and later	Rapi.h		Windows CE OS
_wcesdk_CeGetStoreInformation_RAPI_	CeGetStoreInformation (RAPI)	2.0	2.0 and later	Rapi.h		Windows CE OS
_wcesdk_CeGetSystemInfo_RAPI_	CeGetSystemInfo (RAPI)	2.0	2.0 and later	Rapi.h		Windows CE OS
_wcesdk_CeGetSystemPowerStatusEx_RAPI_	CeGetSystemPowerStatusEx (RAPI)	2.0	2.0 and later	Rapi.h		Windows CE OS
_wcesdk_CeGetTempPath_RAPI_	CeGetTempPath (RAPI)	2.0	2.0 and later	Rapi.h		Windows CE OS
_wcesdk_CeGetUserNotification	CeGetUserNotification	2.12	2.12 and later	Notify.h	Notify.lib	Windows CE OS
_wcesdk_CeGetUserNotificationHandles	CeGetUserNotificationHandles	2.12	2.12 and later	Notify.h	Notify.lib	Windows CE OS
_wcesdk_CeGetUserNotificationPreferences	CeGetUserNotificationPreferences	1.01	1.01 and later	Notify.h	Notify.lib	Windows CE OS
_wcesdk_CeGetVersionEx_RAPI_	CeGetVersionEx (RAPI)	2.0	2.0 and later	Rapi.h		Windows CE OS
_wcesdk_CeGetWindowLong_RAPI_	CeGetWindowLong (RAPI)	2.0	2.0 and later	Rapi.h		Windows CE OS
_wcesdk_CeGetWindowText_RAPI_	CeGetWindowText (RAPI)	2.0	2.0 and later	Rapi.h		Windows CE OS
_wcesdk_CeGetWindow_RAPI_	CeGetWindow (RAPI)	2.0	2.0 and later	Rapi.h		Windows CE OS
_wcesdk_CeGlobalMemoryStatus_RAPI_	CeGlobalMemoryStatus (RAPI)	2.0	2.0 and later	Rapi.h		Windows CE OS
_wcesdk_CeHandleAppNotifications	CeHandleAppNotifications	1.01	1.01 and later	Notify.h	Notify.lib	Windows CE OS
_wcesdk_CeMountDBVol	CeMountDBVol	2.10	2.10 and later	Windbase.h	Fsdbase.lib	Windows CE OS
_wcesdk_CeMountDBVol_RAPI_	CeMountDBVol (RAPI)	2.12	2.12 and later	Rapi.h		Windows CE OS
_wcesdk_CeMoveFile_RAPI_	CeMoveFile (RAPI)	2.0	2.0 and later	Rapi.h		Windows CE OS
_wcesdk_CeOidGetInfo	CeOidGetInfo	1.01	1.01 and later	Windbase.h		Windows CE OS
_wcesdk_CeOidGetInfoEx	CeOidGetInfoEx	2.10	2.10 and later	Windbase.h		Windows CE OS
_wcesdk_CeOidGetInfoEx_RAPI_	CeOidGetInfoEx (RAPI)	2.10	2.10 and later	Rapi.h		Windows CE OS
_wcesdk_CeOidGetInfo_RAPI_	CeOidGetInfo (RAPI)	1.01	1.01 and later	Rapi.h		Windows CE OS
_wcesdk_CeOpenDatabase	CeOpenDatabase	1.01	1.01 and later	Windbase.h	Fsdbase.lib	Windows CE OS
_wcesdk_CeOpenDatabaseEx	CeOpenDatabaseEx	2.10	2.10 and later	Windbase.h	Fsdbase.lib	Windows CE OS
_wcesdk_CeOpenDatabaseEx_RAPI_	CeOpenDatabaseEx (RAPI)	2.10	2.10 and later	Rapi.h		Windows CE OS
_wcesdk_CeOpenDatabase_RAPI_	CeOpenDatabase (RAPI)	1.01	1.01 and later	Rapi.h		Windows CE OS
_wcesdk_CePimCommand	CePimCommand	2.0	2.0 and later	pimstore.h		Windows CE OS
_wcesdk_CeRapiFreeBuffer	CeRapiFreeBuffer	1.0	1.0 and later	Rapi.h		Windows CE OS
_wcesdk_CeRapiGetError	CeRapiGetError	2.0	2.0 and later	Rapi.h		Windows CE OS
_wcesdk_CeRapiInit	CeRapiInit	2.0	2.0 and later	Rapi.h		Windows CE OS
_wcesdk_CeRapiInitEx	CeRapiInitEx	2.0	2.0 and later	Rapi.h		Windows CE OS
_wcesdk_CeRapiInvoke	CeRapiInvoke	2.0	2.0 and later	Rapi.h		Windows CE OS
_wcesdk_CeRapiUninit	CeRapiUninit	2.0	2.0 and later	Rapi.h		Windows CE OS
_wcesdk_CeReadFile_RAPI_	CeReadFile (RAPI)	2.0	2.0 and later	Rapi.h		Windows CE OS
_wcesdk_CeReadRecordProps	CeReadRecordProps	2.10	2.10 and later	Windbase.h	Fsdbase.lib	Windows CE OS
_wcesdk_CeReadRecordPropsEx	CeReadRecordPropsEx	2.10	2.10 and later	Windbase.h	Fsdbase.lib	Windows CE OS
_wcesdk_CeReadRecordPropsEx_RAPI_	CeReadRecordPropsEx (RAPI)	2.10	2.10 and later	Rapi.h		Windows CE OS
_wcesdk_CeReadRecordProps_RAPI_	CeReadRecordProps (RAPI)	1.01	1.01 and later	Rapi.h		Windows CE OS
_wcesdk_CeRegCloseKey_RAPI_	CeRegCloseKey (RAPI)	2.0	2.0 and later	Rapi.h		Windows CE OS
_wcesdk_CeRegCreateKeyEx_RAPI_	CeRegCreateKeyEx (RAPI)	2.0	2.0 and later	Rapi.h		Windows CE OS
_wcesdk_CeRegDeleteKey_RAPI_	CeRegDeleteKey (RAPI)	2.0	2.0 and later	Rapi.h		Windows CE OS
_wcesdk_CeRegDeleteValue_RAPI_	CeRegDeleteValue (RAPI)	2.0	2.0 and later	Rapi.h		Windows CE OS
_wcesdk_CeRegEnumKeyEx_RAPI_	CeRegEnumKeyEx (RAPI)	2.0	2.0 and later	Rapi.h		Windows CE OS
_wcesdk_CeRegEnumValue_RAPI_	CeRegEnumValue (RAPI)	2.0	2.0 and later	Rapi.h		Windows CE OS
_wcesdk_CeRegOpenKeyEx_RAPI_	CeRegOpenKeyEx (RAPI)	2.0	2.0 and later	Rapi.h		Windows CE OS
_wcesdk_CeRegQueryInfoKey_RAPI_	CeRegQueryInfoKey (RAPI)	2.0	2.0 and later	Rapi.h		Windows CE OS
_wcesdk_CeRegQueryValueEx_RAPI_	CeRegQueryValueEx (RAPI)	2.0	2.0 and later	Rapi.h		Windows CE OS
_wcesdk_CeRegSetValueEx_RAPI_	CeRegSetValueEx (RAPI)	2.0	2.0 and later	Rapi.h		Windows CE OS
_wcesdk_CeRegisterReplNotification	CeRegisterReplNotification	3.0	3.0 and later	Windbase.h	coredll.lib	Windows CE OS
_wcesdk_CeRemoveDirectory_RAPI_	CeRemoveDirectory (RAPI)	2.0	2.0 and later	Rapi.h		Windows CE OS
_wcesdk_CeResyncFilesys	CeResyncFilesys	3.0	3.0 and later	Winbase.h	Device.lib	Windows CE OS
_wcesdk_CeRunAppAtEvent	CeRunAppAtEvent	1.01	1.01 and later	Notify.h	Notify.lib	Windows CE OS
_wcesdk_CeSHCreateShortcut_RAPI_	CeSHCreateShortcut (RAPI)	2.0	2.0 and later	Rapi.h		Windows CE OS
_wcesdk_CeSHGetShortcutTarget_RAPI_	CeSHGetShortcutTarget (RAPI)	2.0	2.0 and later	Rapi.h		Windows CE OS
_wcesdk_CeSeekDatabase	CeSeekDatabase	1.01	1.01 and later	Windbase.h	Fsdbase.lib	Windows CE OS
_wcesdk_CeSeekDatabase_RAPI_	CeSeekDatabase (RAPI)	1.01	1.01 and later	Rapi.h		Windows CE OS
_wcesdk_CeSetDatabaseInfo	CeSetDatabaseInfo	1.01	1.01 and later	Windbase.h	Fsdbase.lib	Windows CE OS
_wcesdk_CeSetDatabaseInfoEx	CeSetDatabaseInfoEx	2.10	2.10 and later	Windbase.h	Fsdbase.lib	Windows CE OS
_wcesdk_CeSetDatabaseInfoEx_RAPI_	CeSetDatabaseInfoEx (RAPI)	2.10	2.10 and later	Rapi.h		Windows CE OS
_wcesdk_CeSetDatabaseInfo_RAPI_	CeSetDatabaseInfo (RAPI)	1.01	1.01 and later	Rapi.h		Windows CE OS
_wcesdk_CeSetEndOfFile_RAPI_	CeSetEndOfFile (RAPI)	2.0	2.0 and later	Rapi.h		Windows CE OS
_wcesdk_CeSetFileAttributes_RAPI_	CeSetFileAttributes (RAPI)	2.0	2.0 and later	Rapi.h		Windows CE OS
_wcesdk_CeSetFilePointer_RAPI_	CeSetFilePointer (RAPI)	2.0	2.0 and later	Rapi.h		Windows CE OS
_wcesdk_CeSetFileTime_RAPI_	CeSetFileTime (RAPI)	2.0	2.0 and later	Rapi.h		Windows CE OS
_wcesdk_CeSetReplChangeBitsEx	CeSetReplChangeBitsEx	3.0	3.0 and later	Windbase.h	coredll.lib	Windows CE OS
_wcesdk_CeSetReplChangeMask	CeSetReplChangeMask	3.0	3.0 and later	Windbase.h	coredll.lib	Windows CE OS
_wcesdk_CeSetReplOtherBitsEx	CeSetReplOtherBitsEx	3.0	3.0 and later	Windbase.h	coredll.lib	Windows CE OS
_wcesdk_CeSetUserNotification	CeSetUserNotification	1.01	1.01 and later	Notify.h	Notify.lib	Windows CE OS
_wcesdk_CeSetUserNotificationEx	CeSetUserNotificationEx	2.12	2.12 and later	Notify.h	Notify.lib	Windows CE OS
_wcesdk_CeUnmountDBVol	CeUnmountDBVol	2.10	2.10 and later	Windbase.h	Fsdbase.lib	Windows CE OS
_wcesdk_CeUnmountDBVol_RAPI_	CeUnmountDBVol (RAPI)	2.12	2.12 and later	Rapi.h		Windows CE OS
_wcesdk_CeWriteFile_RAPI_	CeWriteFile (RAPI)	2.0	2.0 and later	Rapi.h		Windows CE OS
_wcesdk_CeWriteRecordProps	CeWriteRecordProps	1.01	1.01 and later	Windbase.h	Fsdbase.lib	Windows CE OS
_wcesdk_CeWriteRecordProps_RAPI_	CeWriteRecordProps (RAPI)	1.01	1.01 and later	Rapi.h		Windows CE OS
_wcesdk_CheckPassword	CheckPassword	1.01	1.01 and later	Winbase.h	Coredll.lib, Fspass.lib	Windows CE OS
_wcesdk_CommandBands_AddAdornments	CommandBands_AddAdornments	2.0	2.0 and later	Commctrl.h	Commctl.lib	Windows CE OS
_wcesdk_CommandBands_AddBands	CommandBands_AddBands	2.0	2.0 and later	Commctrl.h	Commctl.lib	Windows CE OS
_wcesdk_CommandBands_Create	CommandBands_Create	2.0	2.0 and later	Commctrl.h	Commctl.lib	Windows CE OS
_wcesdk_CommandBands_GetCommandBar	CommandBands_GetCommandBar	2.0	2.0 and later	Commctrl.h	Commctl.lib	Windows CE OS
_wcesdk_CommandBands_GetRestoreInformation	CommandBands_GetRestoreInformation	2.0	2.0 and later	Commctrl.h	Commctl.lib	Windows CE OS
_wcesdk_CommandBands_Height	CommandBands_Height	2.0	2.0 and later	Commctrl.h	Commctl.lib	Windows CE OS
_wcesdk_CommandBands_Show	CommandBands_Show	2.0	2.0 and later	Commctrl.h	Commctl.lib	Windows CE OS
_wcesdk_CommandBar_AddAdornments	CommandBar_AddAdornments	1.0	1.0 and later	Commctrl.	Commctl.lib	Windows CE OS
_wcesdk_CommandBar_AddBitmap	CommandBar_AddBitmap	1.0	1.0 and later	Commctrl.	Commctl.lib	Windows CE OS
_wcesdk_CommandBar_AddButtons	CommandBar_AddButtons	1.0	1.0 and later	Commctrl.	Commctl.lib	Windows CE OS
_wcesdk_CommandBar_AddToolTips	CommandBar_AddToolTips	1.0	1.0 and later	Commctrl.	Commctl.lib	Windows CE OS
_wcesdk_CommandBar_Create	CommandBar_Create	1.0	1.0 and later	Commctrl.	Commctl.lib	Windows CE OS
_wcesdk_CommandBar_Destroy	CommandBar_Destroy	1.0	1.0 and later	Commctrl.	Commctl.lib	Windows CE OS
_wcesdk_CommandBar_DrawMenuBar	CommandBar_DrawMenuBar	1.0	1.0 and later	Commctrl.	Commctl.lib	Windows CE OS
_wcesdk_CommandBar_GetMenu	CommandBar_GetMenu	1.0	1.0 and later	Commctrl.	Commctl.lib	Windows CE OS
_wcesdk_CommandBar_Height	CommandBar_Height	1.0	1.0 and later	Commctrl.	Commctl.lib	Windows CE OS
_wcesdk_CommandBar_InsertButton	CommandBar_InsertButton	1.0	1.0 and later	Commctrl.	Commctl.lib	Windows CE OS
_wcesdk_CommandBar_InsertComboBox	CommandBar_InsertComboBox	1.0	1.0 and later	Commctrl.	Commctl.lib	Windows CE OS
_wcesdk_CommandBar_InsertMenubar	CommandBar_InsertMenubar	1.0	1.0 and later	Commctrl.	Commctl.lib	Windows CE OS
_wcesdk_CommandBar_InsertMenubarEx	CommandBar_InsertMenubarEx	1.0	1.0 and later	Commctrl.	Commctl.lib	Windows CE OS
_wcesdk_CommandBar_IsVisible	CommandBar_IsVisible	1.0	1.0 and later	Commctrl.	Commctl.lib	Windows CE OS
_wcesdk_CommandBar_Show	CommandBar_Show	1.0	1.0 and later	Commctrl.	Commctl.lib	Windows CE OS
_wcesdk_CommitUrlCacheEntry	CommitUrlCacheEntry	2.12	2.12 and later	Wininet.h	Wininet.lib	Windows CE OS
_wcesdk_CreateUrlCacheEntry	CreateUrlCacheEntry	2.12	2.12 and later	Wininet.h	Wininet.lib	Windows CE OS
_wcesdk_CreateUrlCacheGroup	CreateUrlCacheGroup	2.12	2.12 and later	Wininet.h	Wininet.lib	Windows CE OS
_wcesdk_DB_CEOID_CHANGED	DB_CEOID_CHANGED	1.01	1.01 and later	Winbase.h		Windows CE OS
_wcesdk_DB_CEOID_RECORD_DELETED	DB_CEOID_RECORD_DELETED	1.01	1.01 and later	Windbase.h		Windows CE OS
_wcesdk_DB_PEGOID_CHANGED	DB_PEGOID_CHANGED	1.0	1.0	Windbase.h		Windows CE OS
_wcesdk_DB_PEGOID_CREATED	DB_PEGOID_CREATED	1.0	1.0	Windbase.h		Windows CE OS
_wcesdk_DB_PEGOID_RECORD_DELETED	DB_PEGOID_RECORD_DELETED	1.0	1.0	Windbase.h		Windows CE OS
_wcesdk_DESCKIND	DESCKIND	2.0	2.0 and later	Oaidl.h		Windows CE OS
_wcesdk_DISPPARAMS	DISPPARAMS	2.0	2.0 and later	Oleauto.h		Windows CE OS
_wcesdk_DTM_ADDTEXT	DTM_ADDTEXT	1.0	1.0 and later	Htmlctrl.h		Windows CE OS
_wcesdk_DTM_ADDTEXTW	DTM_ADDTEXTW	1.0	1.0 and later	Htmlctrl.h		Windows CE OS
_wcesdk_DTM_ANCHOR	DTM_ANCHOR	1.0	1.0 and later	Htmlctrl.h		Windows CE OS
_wcesdk_DTM_ANCHORW	DTM_ANCHORW	1.0	1.0 and later	Htmlctrl.h		Windows CE OS
_wcesdk_DTM_ENABLESHRINK	DTM_ENABLESHRINK	1.0	1.0 and later	Htmlctrl.h		Windows CE OS
_wcesdk_DTM_ENDOFSOURCE	DTM_ENDOFSOURCE	1.0	1.0 and later	Htmlctrl.h		Windows CE OS
_wcesdk_DTM_GETMCCOLOR	DTM_GETMCCOLOR	2.0	2.0 and later	Commctrl.h		Windows CE OS
_wcesdk_DTM_GETMCFONT	DTM_GETMCFONT	2.0	2.0 and later	Commctrl.h		Windows CE OS
_wcesdk_DTM_GETMONTHCAL	DTM_GETMONTHCAL	2.0	2.0 and later	Commctrl.h		Windows CE OS
_wcesdk_DTM_GETRANGE	DTM_GETRANGE	2.0	2.0 and later	Commctrl.h		Windows CE OS
_wcesdk_DTM_GETSYSTEMTIME	DTM_GETSYSTEMTIME	2.0	2.0 and later	Commctrl.h		Windows CE OS
_wcesdk_DTM_IMAGEFAIL	DTM_IMAGEFAIL	1.0	1.0 and later	Htmlctrl.h		Windows CE OS
_wcesdk_DTM_SELECTALL	DTM_SELECTALL	1.0	1.0 and later	Htmlctrl.h		Windows CE OS
_wcesdk_DTM_SETFORMAT	DTM_SETFORMAT	2.0	2.0 and later	Commctrl.h		Windows CE OS
_wcesdk_DTM_SETIMAGE	DTM_SETIMAGE	1.0	1.0 and later	Htmlctrl.h		Windows CE OS
_wcesdk_DTM_SETMCCOLOR	DTM_SETMCCOLOR	2.0	2.0 and later	Commctrl.h		Windows CE OS
_wcesdk_DTM_SETMCFONT	DTM_SETMCFONT	2.0	2.0 and later	Commctrl.h		Windows CE OS
_wcesdk_DTM_SETRANGE	DTM_SETRANGE	2.0	2.0 and later	Commctrl.h		Windows CE OS
_wcesdk_DTM_SETSYSTEMTIME	DTM_SETSYSTEMTIME	2.0	2.0 and later	Commctrl.h		Windows CE OS
_wcesdk_DTN_CLOSEUP	DTN_CLOSEUP	2.0	2.0 and later	Commctrl.h		Windows CE OS
_wcesdk_DTN_DATETIMECHANGE	DTN_DATETIMECHANGE	2.0	2.0 and later	Commctrl.h		Windows CE OS
_wcesdk_DTN_DROPDOWN	DTN_DROPDOWN	2.0	2.0 and later	Commctrl.h		Windows CE OS
_wcesdk_DTN_FORMAT	DTN_FORMAT	2.0	2.0 and later	Commctrl.h		Windows CE OS
_wcesdk_DTN_FORMATQUERY	DTN_FORMATQUERY	2.0	2.0 and later	Commctrl.h		Windows CE OS
_wcesdk_DTN_USERSTRING	DTN_USERSTRING	2.0	2.0 and later	Commctrl.h		Windows CE OS
_wcesdk_DTN_WMKEYDOWN	DTN_WMKEYDOWN	2.0	2.0 and later	Commctrl.h		Windows CE OS
_wcesdk_DateTime_GetMonthCal	DateTime_GetMonthCal	1.0	1.0 and later	Commctrl.h	Commctrl.lib	Windows CE OS
_wcesdk_DateTime_GetMonthCalColor	DateTime_GetMonthCalColor	2.0	2.0 and later	Commctrl.h	Commctrl.lib	Windows CE OS
_wcesdk_DateTime_GetMonthCalFont	DateTime_GetMonthCalFont	2.0	2.0 and later	Commctrl.h	Commctrl.lib	Windows CE OS
_wcesdk_DateTime_GetRange	DateTime_GetRange	2.0	2.0 and later	Commctrl.h	Commctrl.lib	Windows CE OS
_wcesdk_DateTime_GetSystemtime	DateTime_GetSystemtime	2.0	2.0 and later	Commctrl.h	Commctrl.lib	Windows CE OS
_wcesdk_DateTime_SetFormat	DateTime_SetFormat	1.0	1.0 and later	Commctrl.h	Commctrl.lib	Windows CE OS
_wcesdk_DateTime_SetMonthCalColor	DateTime_SetMonthCalColor	2.0	2.0 and later	Commctrl.h	Commctrl.lib	Windows CE OS
_wcesdk_DateTime_SetMonthCalFont	DateTime_SetMonthCalFont	2.0	2.0 and later	Commctrl.h	Commctrl.lib	Windows CE OS
_wcesdk_DateTime_SetRange	DateTime_SetRange	1.0	1.0 and later	Commctrl.h	Commctrl.lib	Windows CE OS
_wcesdk_DateTime_SetSystemtime	DateTime_SetSystemtime	2.0	2.0 and later	Commctrl.h	Commctrl.lib	Windows CE OS
_wcesdk_DeleteAndRenameFile	DeleteAndRenameFile	1.01	1.01 and later	Winbase.h	Coredll.lib, Fsmain.lib	Windows CE OS
_wcesdk_DeleteUrlCacheEntry	DeleteUrlCacheEntry	2.12	2.12 and later	Wininet.h	Wininet.lib	Windows CE OS
_wcesdk_DeleteUrlCacheGroup	DeleteUrlCacheGroup	2.12	2.12 and later	Wininet.h	Wininet.lib	Windows CE OS
_wcesdk_DeregisterDevice	DeregisterDevice	1.0	1.0 and later	Winbase.h	Coredll.lib	Windows CE OS
_wcesdk_DriverEntry	DriverEntry	2.0	2.0 and later	Ndis.h		Windows CE OS
_wcesdk_ELEMDESC	ELEMDESC	2.0	2.0 and later	Oaidl.h		Windows CE OS
_wcesdk_EnableEUDC	EnableEUDC	2.01	2.01 and later, (Japanese version 1.0 and later)	Wingdi.h	Mgtt.lib	Windows CE OS
_wcesdk_EthChangeFilterAddresses	EthChangeFilterAddresses	2.0	2.0 and later	Ndis.h	Ndislib.lib	Windows CE OS
_wcesdk_EthCreateFilter	EthCreateFilter	2.0	2.0 and later	Ndis.h	Ndislib.lib	Windows CE OS
_wcesdk_EthDeleteFilter	EthDeleteFilter	2.0	2.0 and later	Ndis.h	Ndislib.lib	Windows CE OS
_wcesdk_EthDeleteFilterOpenAdapter	EthDeleteFilterOpenAdapter	2.0	2.0 and later	Ndis.h	Ndislib.lib	Windows CE OS
_wcesdk_EthFilterAdjust	EthFilterAdjust	2.0	2.0 and later	Ndis.h	Ndislib.lib	Windows CE OS
_wcesdk_EthFilterIndicateReceive	EthFilterIndicateReceive	2.0	2.0 and later	Ndis.h	Ndislib.lib	Windows CE OS
_wcesdk_EthFilterIndicateReceiveComplete	EthFilterIndicateReceiveComplete	2.0	2.0 and later	Ndis.h	Ndislib.lib	Windows CE OS
_wcesdk_EthNoteFilterOpenAdapter	EthNoteFilterOpenAdapter	2.0	2.0 and later	Ndis.h	Ndislib.lib	Windows CE OS
_wcesdk_EthNumberOfOpenFilterAddresses	EthNumberOfOpenFilterAddresses	2.0	2.0 and later	Ndis.h	Ndislib.lib	Windows CE OS
_wcesdk_EthQueryGlobalFilterAddresses	EthQueryGlobalFilterAddresses	2.0	2.0 and later	Ndis.h	Ndislib.lib	Windows CE OS
_wcesdk_EthQueryOpenFilterAddresses	EthQueryOpenFilterAddresses	2.0	2.0 and later	Ndis.h	Ndislib.lib	Windows CE OS
_wcesdk_EthShouldAddressLoopBack	EthShouldAddressLoopBack	2.0	2.0 and later	Ndis.h	Ndislib.lib	Windows CE OS
_wcesdk_FSDMGR_CreateFileHandle	FSDMGR_CreateFileHandle	2.10	2.10 and later	Fsdmgr.h	Fsdmgr.lib	Windows CE OS
_wcesdk_FSDMGR_CreateSearchHandle	FSDMGR_CreateSearchHandle	2.10	2.10 and later	Fsdmgr.h	Fsdmgr.lib	Windows CE OS
_wcesdk_FSDMGR_DeregisterVolume	FSDMGR_DeregisterVolume	2.10	2.10 and later	Fsdmgr.h	Fsdmgr.lib	Windows CE OS
_wcesdk_FSDMGR_GetDiskInfo	FSDMGR_GetDiskInfo	2.10	2.10 and later	Fsdmgr.h	Fsdmgr.lib	Windows CE OS
_wcesdk_FSDMGR_GetVolumeName	FSDMGR_GetVolumeName	2.10	2.10 and later	Fsdmgr.h	Fsdmgr.lib	Windows CE OS
_wcesdk_FSDMGR_ReadDisk	FSDMGR_ReadDisk	2.10	2.10 and later	Fsdmgr.h	Fsdmgr.lib	Windows CE OS
_wcesdk_FSDMGR_ReadDiskEx	FSDMGR_ReadDiskEx	2.10	2.10 and later	Fsdmgr.h	Fsdmgr.lib	Windows CE OS
_wcesdk_FSDMGR_RegisterVolume	FSDMGR_RegisterVolume	2.10	2.10 and later	Fsdmgr.h	Fsdmgr.lib	Windows CE OS
_wcesdk_FSDMGR_WriteDisk	FSDMGR_WriteDisk	2.10	2.10 and later	Fsdmgr.h	Fsdmgr.lib	Windows CE OS
_wcesdk_FSDMGR_WriteDiskEx	FSDMGR_WriteDiskEx	2.10	2.10 and later	Fsdmgr.h	Fsdmgr.lib	Windows CE OS
_wcesdk_FSD_BUFFER_INFO_str	FSD_BUFFER_INFO	2.10	2.10 and later	Fsdmgr.h		Windows CE OS
_wcesdk_FSD_DISK_INFO_str	FSD_DISK_INFO	2.10	2.10 and later	Fsdmgr.h		Windows CE OS
_wcesdk_FSD_MountDisk	FSD_MountDisk	2.10	2.10 and later	Fsdmgr.h		Windows CE OS
_wcesdk_FSD_SCATTER_GATHER_INFO_str	FSD_SCATTER_GATHER_INFO	2.10	2.10 and later	Fsdmgr.h		Windows CE OS
_wcesdk_FSD_SCATTER_GATHER_RESULTS_str	FSD_SCATTER_GATHER_RESULTS	2.10	2.10 and later	Fsdmgr.h		Windows CE OS
_wcesdk_FSD_UnmountDisk	FSD_UnmountDisk	2.10	2.10 and later	Fsdmgr.h		Windows CE OS
_wcesdk_FUNCKIND	FUNCKIND	2.0	2.0 and later	Oaidl.h		Windows CE OS
_wcesdk_FindCloseUrlCache	FindCloseUrlCache	2.12	2.12 and later	Wininet.h	Wininet.lib	Windows CE OS
_wcesdk_FindNextUrlCacheEntry	FindNextUrlCacheEntry	2.12	2.12 and later	Wininet.h	Wininet.lib	Windows CE OS
_wcesdk_FindNextUrlCacheEntryEx	FindNextUrlCacheEntryEx	2.12	2.12 and later	Wininet.h	Wininet.lib	Windows CE OS
_wcesdk_FtpCommand	FtpCommand	2.12	2.12 and later	Wininet.h	Wininet.lib	Windows CE OS
_wcesdk_GetKeyboardStatus	GetKeyboardStatus	1.0-jp	Japanese version 1.0 and later	Winuser.h	Kbdui.lib	Windows CE OS
_wcesdk_GetStoreInformation	GetStoreInformation	1.0	1.0 and later	Winbase.h	Coredll.lib	Windows CE OS
_wcesdk_GetSystemPowerStatusEx	GetSystemPowerStatusEx	1.0	1.0 and later	Winbase.h	Getpower.lib	Windows CE OS
_wcesdk_GetSystemPowerStatusEx2	GetSystemPowerStatusEx2	2.12	2.12 and later	Winbase.h	Getpower.lib	Windows CE OS
_wcesdk_GetUrlCacheEntryInfo	GetUrlCacheEntryInfo	2.12	2.12 and later	Wininet.h	Wininet.lib	Windows CE OS
_wcesdk_GetUrlCacheEntryInfoEx	GetUrlCacheEntryInfoEx	2.12	2.12 and later	Wininet.h	Wininet.lib	Windows CE OS
_wcesdk_HDHITTESTINFO	HDHITTESTINFO	2.0	2.0 and later	Commctrl.h		Windows CE OS
_wcesdk_HDITEM	HDITEM	2.0	2.0 and later	Commctrl.h		Windows CE OS
_wcesdk_HDLAYOUT	HDLAYOUT	2.0	2.0 and later	Commctrl.h		Windows CE OS
_wcesdk_HDM_CREATEDRAGIMAGE	HDM_CREATEDRAGIMAGE	1.0	1.0 and later	Commctrl.h		Windows CE OS
_wcesdk_HDM_DELETEITEM	HDM_DELETEITEM	1.0	1.0 and later	Commctrl.h		Windows CE OS
_wcesdk_HDM_GETIMAGELIST	HDM_GETIMAGELIST	2.0	2.0 and later	Commctrl.h		Windows CE OS
_wcesdk_HDM_GETITEM	HDM_GETITEM	1.0	1.0 and later	Commctrl.h		Windows CE OS
_wcesdk_HDM_GETITEMCOUNT	HDM_GETITEMCOUNT	1.0	1.0 and later	Commctrl.h		Windows CE OS
_wcesdk_HDM_GETITEMRECT	HDM_GETITEMRECT	1.0	1.0 and later	Commctrl.h		Windows CE OS
_wcesdk_HDM_GETORDERARRAY	HDM_GETORDERARRAY	2.0	2.0 and later	Commctrl.h		Windows CE OS
_wcesdk_HDM_INSERTITEM	HDM_INSERTITEM	1.0	1.0 and later	Commctrl.h		Windows CE OS
_wcesdk_HDM_LAYOUT	HDM_LAYOUT	1.0	1.0 and later	Commctrl.h		Windows CE OS
_wcesdk_HDM_ORDERTOINDEX	HDM_ORDERTOINDEX	2.0	2.0 and later	Commctrl.h		Windows CE OS
_wcesdk_HDM_SETHOTDIVIDER	HDM_SETHOTDIVIDER	2.0	2.0 and later	Commctrl.h		Windows CE OS
_wcesdk_HDM_SETIMAGELIST	HDM_SETIMAGELIST	2.0	2.0 and later	Commctrl.h		Windows CE OS
_wcesdk_HDM_SETITEM	HDM_SETITEM	1.0	1.0 and later	Commctrl.h		Windows CE OS
_wcesdk_HDM_SETORDERARRAY	HDM_SETORDERARRAY	2.0	2.0 and later	Commctrl.h		Windows CE OS
_wcesdk_HDN_BEGINDRAG	HDN_BEGINDRAG	2.0	2.0 and later	Commctrl.h		Windows CE OS
_wcesdk_HDN_ENDDRAG	HDN_ENDDRAG	2.0	2.0 and later	Commctrl.h		Windows CE OS
_wcesdk_HDN_GETDISPINFO	HDN_GETDISPINFO	2.0	2.0 and later	Commctrl.h		Windows CE OS
_wcesdk_HREPLFLD	HREPLFLD	2.0	2.0 and later	Cesync.h		Windows CE OS
_wcesdk_HREPLITEM	HREPLITEM	2.0	2.0 and later	Cesync.h		Windows CE OS
_wcesdk_HWXGUIDE_str	HWXGUIDE	2.0	2.0 and later	Recog.h		Windows CE OS
_wcesdk_HWXRESULTS_str	HWXRESULTS	2.0	2.0 and later	Recog.h		Windows CE OS
_wcesdk_Header_CreateDragImage	Header_CreateDragImage	2.0	2.0 and later	Commctrl.h	Commctrl.lib	Windows CE OS
_wcesdk_Header_DeleteItem	Header_DeleteItem	1.0	1.0 and later	Commctrl.h	Commctrl.lib	Windows CE OS
_wcesdk_Header_GetImageList	Header_GetImageList	2.0	2.0 and later	Commctrl.h	Commctrl.lib	Windows CE OS
_wcesdk_Header_GetItem	Header_GetItem	1.0	1.0 and later	Commctrl.h	Commctrl.lib	Windows CE OS
_wcesdk_Header_GetItemCount	Header_GetItemCount	1.0	1.0 and later	Commctrl.h	Commctrl.lib	Windows CE OS
_wcesdk_Header_GetItemRect	Header_GetItemRect	2.0	2.0 and later	Commctrl.h	Commctrl.lib	Windows CE OS
_wcesdk_Header_GetOrderArray	Header_GetOrderArray	2.0	2.0 and later	Commctrl.h	Commctrl.lib	Windows CE OS
_wcesdk_Header_InsertItem	Header_InsertItem	1.0	1.0 and later	Commctrl.h	Commctrl.lib	Windows CE OS
_wcesdk_Header_Layout	Header_Layout	1.0	1.0 and later	Commctrl.h	Commctrl.lib	Windows CE OS
_wcesdk_Header_OrderToIndex	Header_OrderToIndex	2.0	2.0 and later	Commctrl.h	Commctrl.lib	Windows CE OS
_wcesdk_Header_SetHotDivider	Header_SetHotDivider	2.0	2.0 and later	Commctrl.h	Commctrl.lib	Windows CE OS
_wcesdk_Header_SetImageList	Header_SetImageList	1.0	1.0 and later	Commctrl.h	Commctrl.lib	Windows CE OS
_wcesdk_Header_SetItem	Header_SetItem	1.0	1.0 and later	Commctrl.h	Commctrl.lib	Windows CE OS
_wcesdk_Header_SetOrderArray	Header_SetOrderArray	1.0	1.0 and later	Commctrl.h	Commctrl.lib	Windows CE OS
_wcesdk_HttpEndRequest	HttpEndRequest	2.12	2.12 and later	Wininet.h	Wininet.lib	Windows CE OS
_wcesdk_HttpSendRequestEx	HttpSendRequestEx	2.12	2.12 and later	Wininet.h	Wininet.lib	Windows CE OS
_wcesdk_HwxALCPriority	HwxALCPriority	2.0	2.0 and later	Recog.h	Hwxjpn.lib, Hwxusa.lib	Windows CE OS
_wcesdk_HwxALCValid	HwxALCValid	2.0	2.0 and later	Recog.h	Hwxjpn.lib, Hwxusa.lib	Windows CE OS
_wcesdk_HwxConfig	HwxConfig	2.0	2.0 and later	Recog.h	Hwxjpn.lib, Hwxusa.lib	Windows CE OS
_wcesdk_HwxCreate	HwxCreate	2.0	2.0 and later	Recog.h	Hwxjpn.lib, Hwxusa.lib	Windows CE OS
_wcesdk_HwxDestroy	HwxDestroy	2.0	2.0 and later	Recog.h	Hwxjpn.lib, Hwxusa.lib	Windows CE OS
_wcesdk_HwxEndInput	HwxEndInput	2.0	2.0 and later	Recog.h	Hwxjpn.lib, Hwxusa.lib	Windows CE OS
_wcesdk_HwxGetResults	HwxGetResults	2.0	2.0 and later	Recog.h	Hwxjpn.lib, Hwxusa.lib	Windows CE OS
_wcesdk_HwxInput	HwxInput	2.0	2.0 and later	Recog.h	Hwxjpn.lib, Hwxusa.lib	Windows CE OS
_wcesdk_HwxProcess	HwxProcess	2.0	2.0 and later	Recog.h	Hwxjpn.lib, Hwxusa.lib	Windows CE OS
_wcesdk_HwxResultsAvailable	HwxResultsAvailable	2.0	2.0 and later	Recog.h	Hwxjpn.lib, Hwxusa.lib	Windows CE OS
_wcesdk_HwxSetAbort	HwxSetAbort	2.0	2.0 and later	Recog.h	Hwxjpn.lib, Hwxusa.lib	Windows CE OS
_wcesdk_HwxSetContext	HwxSetContext	2.0	2.0 and later	Recog.h	Hwxjpn.lib, Hwxusa.lib	Windows CE OS
_wcesdk_HwxSetGuide	HwxSetGuide	2.0	2.0 and later	Recog.h	Hwxjpn.lib, Hwxusa.lib	Windows CE OS
_wcesdk_HwxSetPartial	HwxSetPartial	2.0	2.0 and later	Recog.h	Hwxjpn.lib, Hwxusa.lib	Windows CE OS
_wcesdk_IAS_QUERY_str	IAS_QUERY	2.0	2.0 and later	Af_irda.h		Windows CE OS
_wcesdk_IAS_SET_str	IAS_SET	2.0	2.0 and later	Af_irda.h		Windows CE OS
_wcesdk_IAppointment_Cancel	IAppointment::Cancel	2.0	2.0 and later	pimstore.h		Windows CE OS
_wcesdk_IAppointment_ClearRecurrencePattern	IAppointment::ClearRecurrencePattern	2.0	2.0 and later	pimstore.h		Windows CE OS
_wcesdk_IAppointment_Copy	IAppointment::Copy	2.0	2.0 and later	pimstore.h		Windows CE OS
_wcesdk_IAppointment_Delete	IAppointment::Delete	2.0	2.0 and later	pimstore.h		Windows CE OS
_wcesdk_IAppointment_Display	IAppointment::Display	2.0	2.0 and later	pimstore.h		Windows CE OS
_wcesdk_IAppointment_GetRecurrencePattern	IAppointment::GetRecurrencePattern	2.0	2.0 and later	pimstore.h		Windows CE OS
_wcesdk_IAppointment_Save	IAppointment::Save	2.0	2.0 and later	pimstore.h		Windows CE OS
_wcesdk_IAppointment_Send	IAppointment::Send	2.0	2.0 and later	pimstore.h		Windows CE OS
_wcesdk_IAppointment_Unknown	IAppointment::Unknown	2.0	2.0 and later	pimstore.h		Windows CE OS
_wcesdk_ICeFileFilterOptions_IUnknown	ICeFileFilterOptions	2.0	2.0 and later	Replfilt.h		Windows CE OS
_wcesdk_ICeFileFilterOptions_SetFilterOptions	ICeFileFilterOptions::SetFilterOptions	2.0	2.0 and later	Replfilt.h		Windows CE OS
_wcesdk_ICeFileFilterSite_CloseDestinationFile	ICeFileFilterSite::CloseDestinationFile	2.0	2.0 and later	Replfilt.h		Windows CE OS
_wcesdk_ICeFileFilterSite_CloseSourceFile	ICeFileFilterSite::CloseSourceFile	2.0	2.0 and later	Replfilt.h		Windows CE OS
_wcesdk_ICeFileFilterSite_IUnknown	ICeFileFilterSite	2.0	2.0 and later	Replfilt.h		Windows CE OS
_wcesdk_ICeFileFilterSite_OpenDestinationFile	ICeFileFilterSite::OpenDestinationFile	2.0	2.0 and later	Replfilt.h		Windows CE OS
_wcesdk_ICeFileFilterSite_OpenSourceFile	ICeFileFilterSite::OpenSourceFile	2.0	2.0 and later	Replfilt.h		Windows CE OS
_wcesdk_ICeFileFilterSite_ReportLoss	ICeFileFilterSite::ReportLoss	2.0	2.0 and later	Replfilt.h		Windows CE OS
_wcesdk_ICeFileFilterSite_ReportProgress	ICeFileFilterSite::ReportProgress	2.0	2.0 and later	Replfilt.h		Windows CE OS
_wcesdk_ICeFileFilter_FilterOptions	ICeFileFilter::FilterOptions	2.0	2.0 and later	Replfilt.h		Windows CE OS
_wcesdk_ICeFileFilter_FormatMessage	ICeFileFilter::FormatMessage	2.0	2.0 and later	Replfilt.h		Windows CE OS
_wcesdk_ICeFileFilter_IUnknown	ICeFileFilter	2.0	2.0 and later	Replfilt.h		Windows CE OS
_wcesdk_ICeFileFilter_NextConvertFile	ICeFileFilter::NextConvertFile	2.0	2.0 and later	Replfilt.h		Windows CE OS
_wcesdk_ICity_Copy	ICity::Copy	2.0	2.0 and later	pimstore.h		Windows CE OS
_wcesdk_ICity_Delete	ICity::Delete	2.0	2.0 and later	pimstore.h		Windows CE OS
_wcesdk_ICity_Display	ICity::Display	2.0	2.0 and later	pimstore.h		Windows CE OS
_wcesdk_ICity_Unknown	ICity::Unknown	2.0	2.0 and later	pimstore.h		Windows CE OS
_wcesdk_ICity__Save	ICity::Save	2.0	2.0 and later	pimstore.h		Windows CE OS
_wcesdk_IContact_Copy	IContact::Copy	2.0	2.0 and later	pimstore.h		Windows CE OS
_wcesdk_IContact_Delete	IContact::Delete	2.0	2.0 and later	pimstore.h		Windows CE OS
_wcesdk_IContact_Display	IContact::Display	2.0	2.0 and later	pimstore.h		Windows CE OS
_wcesdk_IContact_Save	IContact::Save	2.0	2.0 and later	pimstore.h		Windows CE OS
_wcesdk_IContact__Unknown	IContact::Unknown	2.0	2.0 and later	pimstore.h		Windows CE OS
_wcesdk_IDccManSink_IUnknown	IDccManSink	1.0	1.0 and later	Dccole.h		Windows CE OS
_wcesdk_IDccManSink_OnLogActive	IDccManSink::OnLogActive	1.0	1.0 and later	Dccole.h		Windows CE OS
_wcesdk_IDccManSink_OnLogAnswered	IDccManSink::OnLogAnswered	1.0	1.0 and later	Dccole.h		Windows CE OS
_wcesdk_IDccManSink_OnLogDisconnection	IDccManSink::OnLogDisconnection	1.0	1.0 and later	Dccole.h		Windows CE OS
_wcesdk_IDccManSink_OnLogError	IDccManSink::OnLogError	1.0	1.0 and later	Dccole.h		Windows CE OS
_wcesdk_IDccManSink_OnLogInactive	IDccManSink::OnLogInactive	1.02	1.02 and later	Dccole.h		Windows CE OS
_wcesdk_IDccManSink_OnLogIpAddr	IDccManSink::OnLogIpAddr	1.0	1.0 and later	Dccole.h		Windows CE OS
_wcesdk_IDccManSink_OnLogListen	IDccManSink::OnLogListen	1.0	1.0 and later	Dccole.h		Windows CE OS
_wcesdk_IDccManSink_OnLogTerminated	IDccManSink::OnLogTerminated	1.0	1.0 and later	Dccole.h		Windows CE OS
_wcesdk_IDccMan_Advise	IDccMan::Advise	1.0	1.0 and later	Dccole.h		Windows CE OS
_wcesdk_IDccMan_IUnknown	IDccMan	1.0	1.0 and later	Dccole.h		Windows CE OS
_wcesdk_IDccMan_ShowCommSettings	IDccMan::ShowCommSettings	1.0	1.0 and later	Dccole.h		Windows CE OS
_wcesdk_IDccMan_Unadvise	IDccMan::Unadvise	1.0	1.0 and later	Dccole.h		Windows CE OS
_wcesdk_IEnumReplItem	IEnumReplItem	2.0	2.0 and later	Cesync.h		Windows CE OS
_wcesdk_IEnumReplItem_Clone	IEnumReplItem::Clone	2.0	2.0 and later	Cesync.h		Windows CE OS
_wcesdk_IEnumReplItem_GetFolderHandle	IEnumReplItem::GetFolderHandle	2.0	2.0 and later	Cesync.h		Windows CE OS
_wcesdk_IEnumReplItem_Next	IEnumReplItem::Next	2.0	2.0 and later	Cesync.h		Windows CE OS
_wcesdk_IEnumReplItem_Reset	IEnumReplItem::Reset	2.0	2.0 and later	Cesync.h		Windows CE OS
_wcesdk_IEnumReplItem_Skip	IEnumReplItem::Skip	2.0	2.0 and later	Cesync.h		Windows CE OS
_wcesdk_IException_Unknown	IException::Unknown	2.0	2.0 and later	pimstore.h		Windows CE OS
_wcesdk_IExceptions_Item	IExceptions::Item	2.0	2.0 and later	pimstore.h		Windows CE OS
_wcesdk_IExceptions_Unknown	IExceptions::Unknown	2.0	2.0 and later	pimstore.h		Windows CE OS
_wcesdk_IFolder_AddItemToInfraredFolder	IFolder::AddItemToInfraredFolder	2.0	2.0 and later	pimstore.h		Windows CE OS
_wcesdk_IFolder_ReceiveFromInfrared	IFolder::ReceiveFromInfrared	2.0	2.0 and later	pimstore.h		Windows CE OS
_wcesdk_IFolder_SendToInfrared	IFolder::SendToInfrared	2.0	2.0 and later	pimstore.h		Windows CE OS
_wcesdk_IFolder_Unknown	IFolder::Unknown	2.0	2.0 and later	pimstore.h		Windows CE OS
_wcesdk_IIMCallback	IIMCallback	2.01	2.01 and later	Sip.h		Windows CE OS
_wcesdk_IIMCallback2	IIMCallback2	2.12	2.12 and later	Sip.h		Windows CE OS
_wcesdk_IIMCallback2_SendAlternatives2	IIMCallback2::SendAlternatives2	2.12	2.12 and later	Sip.h		Windows CE OS
_wcesdk_IIMCallback2_SendCharEvents	IIMCallback2::SendCharEvents	2.12	2.12 and later	Sip.h		Windows CE OS
_wcesdk_IIMCallback2_SendString	IIMCallback2::SendString	2.12	2.12 and later	Sip.h		Windows CE OS
_wcesdk_IIMCallback2_SendVirtualKey	IIMCallback2::SendVirtualKey	2.12	2.12 and later	Sip.h		Windows CE OS
_wcesdk_IIMCallback2_SetImInfo	IIMCallback2::SetImInfo	2.12	2.12 and later	Sip.h		Windows CE OS
_wcesdk_IIMCallback_SendCharEvents	IIMCallback::SendCharEvents	2.01	2.01 and later	Sip.h		Windows CE OS
_wcesdk_IIMCallback_SendString	IIMCallback::SendString	2.01	2.01 and later	Sip.h		Windows CE OS
_wcesdk_IIMCallback_SendVirtualKey	IIMCallback::SendVirtualKey	2.01	2.01 and later	Sip.h		Windows CE OS
_wcesdk_IIMCallback_SetImInfo	IIMCallback::SetImInfo	2.01	2.01 and later	Sip.h		Windows CE OS
_wcesdk_IInputMethod	IInputMethod	2.12	2.12 and later	Sip.h		Windows CE OS
_wcesdk_IInputMethod2	IInputMethod2	2.12	2.12 and later	Sip.h		Windows CE OS
_wcesdk_IInputMethod2_Deselect	IInputMethod2::Deselect	2.12	2.12 and later	Sip.h		Windows CE OS
_wcesdk_IInputMethod2_GetImData	IInputMethod2::GetImData	2.12	2.12 and later	Sip.h		Windows CE OS
_wcesdk_IInputMethod2_GetInfo	IInputMethod2::GetInfo	2.12	2.12 and later	Sip.h		Windows CE OS
_wcesdk_IInputMethod2_Hiding	IInputMethod2::Hiding	2.12	2.12 and later	Sip.h		Windows CE OS
_wcesdk_IInputMethod2_ReceiveSipInfo	IInputMethod2::ReceiveSipInfo	2.12	2.12 and later	Sip.h		Windows CE OS
_wcesdk_IInputMethod2_RegisterCallback	IInputMethod2::RegisterCallback	2.12	2.12 and later	Sip.h		Windows CE OS
_wcesdk_IInputMethod2_RegisterCallback2	IInputMethod2::RegisterCallback2	2.12	2.12 and later	Sip.h		Windows CE OS
_wcesdk_IInputMethod2_Select	IInputMethod2::Select	2.12	2.12 and later	Sip.h		Windows CE OS
_wcesdk_IInputMethod2_SetIMMActiveContext	IInputMethod2::SetIMMActiveContext	2.12	2.12 and later	Sip.h		Windows CE OS
_wcesdk_IInputMethod2_SetImData	IInputMethod2::SetImData	2.12	2.12 and later	Sip.h		Windows CE OS
_wcesdk_IInputMethod2_Showing	IInputMethod2::Showing	2.12	2.12 and later	Sip.h		Windows CE OS
_wcesdk_IInputMethod2_UserOptionsDlg	IInputMethod2::UserOptionsDlg	2.12	2.12 and later	Sip.h		Windows CE OS
_wcesdk_IInputMethod_Deselect	IInputMethod::Deselect	2.01	2.01 and later	Sip.h		Windows CE OS
_wcesdk_IInputMethod_GetImData	IInputMethod::GetImData	2.01	2.01 and later	Sip.h		Windows CE OS
_wcesdk_IInputMethod_GetInfo	IInputMethod::GetInfo	2.01	2.01 and later	Sip.h		Windows CE OS
_wcesdk_IInputMethod_Hiding	IInputMethod::Hiding	2.01	2.01 and later	Sip.h		Windows CE OS
_wcesdk_IInputMethod_ReceiveSipInfo	IInputMethod::ReceiveSipInfo	2.01	2.01 and later	Sip.h		Windows CE OS
_wcesdk_IInputMethod_RegisterCallback	IInputMethod::RegisterCallback	2.01	2.01 and later	Sip.h		Windows CE OS
_wcesdk_IInputMethod_Select	IInputMethod::Select	2.01	2.01 and later	Sip.h		Windows CE OS
_wcesdk_IInputMethod_SetImData	IInputMethod::SetImData	2.01	2.01 and later	Sip.h		Windows CE OS
_wcesdk_IInputMethod_Showing	IInputMethod::Showing	2.01	2.01 and later	Sip.h		Windows CE OS
_wcesdk_IInputMethod_UserOptionsDlg	IInputMethod::UserOptionsDlg	2.01	2.01 and later	Sip.h		Windows CE OS
_wcesdk_IMAGELISTDRAWPARAMS	IMAGELISTDRAWPARAMS	2.0	2.0 and later	Commctrl.h		Windows CE OS
_wcesdk_IMENUMINFO	IMENUMINFO	2.10	2.10 and later	Sipapi.h		Windows CE OS
_wcesdk_IMINFO_str	IMINFO	2.01	2.01 and later	Sip.h		Windows CE OS
_wcesdk_INITCOMMONCONTROLSEX_str	INITCOMMONCONTROLSEX	2.0	2.0 and later	Commctrl.h		Windows CE OS
_wcesdk_INLINEIMAGEINFO	INLINEIMAGEINFO	1.0	1.0 and later	Htmlctrl.h		Windows CE OS
_wcesdk_INTERNET_ASYNC_RESULT	INTERNET_ASYNC_RESULT	2.12	2.12 and later	Wininet.h	Wininet.lib	Windows CE OS
_wcesdk_INTERNET_CACHE_ENTRY_INFO	INTERNET_CACHE_ENTRY_INFO	2.12	2.12 and later	Wininet.h	Wininet.lib	Windows CE OS
_wcesdk_INTERNET_SCHEME	INTERNET_SCHEME	2.12	2.12 and later	Wininet.h	Wininet.lib	Windows CE OS
_wcesdk_INTERNET_STATUS_CALLBACK	INTERNET_STATUS_CALLBACK	2.12	2.12 and later	Wininet.h	Wininet.lib	Windows CE OS
_wcesdk_INVOKEKIND	INVOKEKIND	2.0	2.0 and later	Oaidl.h		Windows CE OS
_wcesdk_IPOlItems_SetColumns	IPOlItems::SetColumns	2.0	2.0 and later	pimstore.h		Windows CE OS
_wcesdk_IPOlItems_Unknown	IPOlItems::Unknown	2.0	2.0 and later	pimstore.h		Windows CE OS
_wcesdk_IPOlRecipient_Resolve	IPOlRecipient::Resolve	2.0	2.0 and later	pimstore.h		Windows CE OS
_wcesdk_IPOlRecipient_Unknown	IPOlRecipient::Unknown	2.0	2.0 and later	pimstore.h		Windows CE OS
_wcesdk_IPOutlookApp	IPOutlookApp	2.0	2.0 and later	pimstore.h		Windows CE OS
_wcesdk_IPOutlookApp_CreateItem	IPOutlookApp::CreateItem	2.0	2.0 and later	pimstore.h		Windows CE OS
_wcesdk_IPOutlookApp_GetDefaultFolder	IPOutlookApp::GetDefaultFolder	2.0	2.0 and later	pimstore.h		Windows CE OS
_wcesdk_IPOutlookApp_GetItemFromOid	IPOutlookApp::GetItemFromOid	2.0	2.0 and later	pimstore.h		Windows CE OS
_wcesdk_IPOutlookApp_GetTimeZoneFromIndex	IPOutlookApp::GetTimeZoneFromIndex	2.0	2.0 and later	pimstore.h		Windows CE OS
_wcesdk_IPOutlookApp_GetTimeZoneInformationFromIndex	IPOutlookApp::GetTimeZoneInformationFromIndex	2.0	2.0 and later	pimstore.h		Windows CE OS
_wcesdk_IPOutlookApp_Logoff	IPOutlookApp::Logoff	2.0	2.0 and later	pimstore.h		Windows CE OS
_wcesdk_IPOutlookApp_Logon	IPOutlookApp::Logon	2.0	2.0 and later	pimstore.h		Windows CE OS
_wcesdk_IPOutlookApp_ReceiveFromInfrared	IPOutlookApp::ReceiveFromInfrared	2.0	2.0 and later	pimstore.h		Windows CE OS
_wcesdk_IPOutlookApp_SysFreeString	IPOutlookApp::SysFreeString	2.0	2.0 and later	pimstore.h		Windows CE OS
_wcesdk_IPOutlookItemCollection_Add	IPOutlookItemCollection::Add	2.0	2.0 and later	pimstore.h		Windows CE OS
_wcesdk_IPOutlookItemCollection_Find	IPOutlookItemCollection::Find	2.0	2.0 and later	pimstore.h		Windows CE OS
_wcesdk_IPOutlookItemCollection_FindNext	IPOutlookItemCollection::FindNext	2.0	2.0 and later	pimstore.h		Windows CE OS
_wcesdk_IPOutlookItemCollection_Item	IPOutlookItemCollection::Item	2.0	2.0 and later	pimstore.h		Windows CE OS
_wcesdk_IPOutlookItemCollection_Remove	IPOutlookItemCollection::Remove	2.0	2.0 and later	pimstore.h		Windows CE OS
_wcesdk_IPOutlookItemCollection_Restrict	IPOutlookItemCollection::Restrict	2.0	2.0 and later	pimstore.h		Windows CE OS
_wcesdk_IPOutlookItemCollection_Sort	IPOutlookItemCollection::Sort	2.0	2.0 and later	pimstore.h		Windows CE OS
_wcesdk_IPOutlookItemCollection__Unknown	IPOutlookItemCollection::Unknown	2.0	2.0 and later	pimstore.h		Windows CE OS
_wcesdk_IPegasusFileFilterSite_CloseDestinationFile	IPegasusFileFilterSite::CloseDestinationFile	1.0	1.0 and later	Replfilt.h		Windows CE OS
_wcesdk_IPegasusFileFilterSite_CloseSourceFile	IPegasusFileFilterSite::CloseSourceFile	1.0	1.0 and later	Replfilt.h		Windows CE OS
_wcesdk_IPegasusFileFilterSite_IUnknown	IPegasusFileFilterSite	1.0	1.0 and later	Replfilt.h		Windows CE OS
_wcesdk_IPegasusFileFilterSite_OpenDestinationFile	IPegasusFileFilterSite::OpenDestinationFile	1.0	1.0 and later	Replfilt.h		Windows CE OS
_wcesdk_IPegasusFileFilterSite_OpenSourceFile	IPegasusFileFilterSite::OpenSourceFile	1.0	1.0 and later	Replfilt.h		Windows CE OS
_wcesdk_IPegasusFileFilterSite_ReportLoss	IPegasusFileFilterSite::ReportLoss	1.0	1.0 and later	Replfilt.h		Windows CE OS
_wcesdk_IPegasusFileFilterSite_ReportProgress	IPegasusFileFilterSite::ReportProgress	1.0	1.0 and later	Replfilt.h		Windows CE OS
_wcesdk_IPegasusFileFilter_FilterOptions	IPegasusFileFilter::FilterOptions	1.01	1.01 and later	Replfilt.h		Windows CE OS
_wcesdk_IPegasusFileFilter_FormatMessage	IPegasusFileFilter::FormatMessage	1.0	1.0 and later	Replfilt.h		Windows CE OS
_wcesdk_IPegasusFileFilter_IUnknown	IPegasusFileFilter	1.0	1.0 and later	Replfilt.h		Windows CE OS
_wcesdk_IPegasusFileFilter_NextConvertFile	IPegasusFileFilter::NextConvertFile	1.0	1.0 and later	Replfilt.h		Windows CE OS
_wcesdk_IRAPIStream	IRAPIStream	2.0	2.0 and later	Rapi.h		Windows CE OS
_wcesdk_IRAPIStream_GetRapiStat	IRAPIStream::GetRapiStat	2.0	2.0 and later	Rapi.h		Windows CE OS
_wcesdk_IRAPIStream_SetRapiStat	IRAPIStream::SetRapiStat	2.0	2.0 and later	Rapi.h		Windows CE OS
_wcesdk_IRecipient_Unknown	IRecipient::Unknown	2.0	2.0 and later	pimstore.h		Windows CE OS
_wcesdk_IRecipients_Add	IRecipients::Add	2.0	2.0 and later	pimstore.h		Windows CE OS
_wcesdk_IRecipients_Item	IRecipients::Item	2.0	2.0 and later	pimstore.h		Windows CE OS
_wcesdk_IRecipients_Remove	IRecipients::Remove	2.0	2.0 and later	pimstore.h		Windows CE OS
_wcesdk_IRecipients_Unknown	IRecipients::Unknown	2.0	2.0 and later	pimstore.h		Windows CE OS
_wcesdk_IRecurrencePattern_GetOccurrence	IRecurrencePattern::GetOccurrence	2.0	2.0 and later	pimstore.h		Windows CE OS
_wcesdk_IRecurrencePattern_Unknown	IRecurrencePattern::Unknown	2.0	2.0 and later	pimstore.h		Windows CE OS
_wcesdk_IReplNotify_GetWindow	IReplNotify::GetWindow	2.0	2.0 and later	Cesync.h		Windows CE OS
_wcesdk_IReplNotify_IUnknown	IReplNotify	2.0	2.0 and later	Cesync.h		Windows CE OS
_wcesdk_IReplNotify_OnItemCompleted	IReplNotify::OnItemCompleted	2.0	2.0 and later	Cesync.h		Windows CE OS
_wcesdk_IReplNotify_OnItemNotify	IReplNotify::OnItemNotify	2.0	2.0 and later	Cesync.h		Windows CE OS
_wcesdk_IReplNotify_QueryDevice	IReplNotify::QueryDevice	2.0	2.0 and later	Cesync.h		Windows CE OS
_wcesdk_IReplNotify_SetStatusText	IReplNotify::SetStatusText	2.0	2.0 and later	Cesync.h		Windows CE OS
_wcesdk_IReplObjHandler_DeleteObj	IReplObjHandler::DeleteObj	2.0	2.0 and later	Cesync.h		Windows CE OS
_wcesdk_IReplObjHandler_GetPacket	IReplObjHandler::GetPacket	2.0	2.0 and later	Cesync.h		Windows CE OS
_wcesdk_IReplObjHandler_IUnknown	IReplObjHandler	2.0	2.0 and later	Cesync.h		Windows CE OS
_wcesdk_IReplObjHandler_Reset	IReplObjHandler::Reset	2.0	2.0 and later	Cesync.h		Windows CE OS
_wcesdk_IReplObjHandler_SetPacket	IReplObjHandler::SetPacket	2.0	2.0 and later	Cesync.h		Windows CE OS
_wcesdk_IReplObjHandler_Setup	IReplObjHandler::Setup	2.0	2.0 and later	Cesync.h		Windows CE OS
_wcesdk_IReplStore_ActivateDialog	IReplStore::ActivateDialog	2.0	2.0 and later	Cesync.h		Windows CE OS
_wcesdk_IReplStore_BytesToObject	IReplStore::BytesToObject	2.0	2.0 and later	Cesync.h		Windows CE OS
_wcesdk_IReplStore_CompareItem	IReplStore::CompareItem	2.0	2.0 and later	Cesync.h		Windows CE OS
_wcesdk_IReplStore_CompareStoreIDs	IReplStore::CompareStoreIDs	2.0	2.0 and later	Cesync.h		Windows CE OS
_wcesdk_IReplStore_CopyObject	IReplStore::CopyObject	2.0	2.0 and later	Cesync.h		Windows CE OS
_wcesdk_IReplStore_FindFirstItem	IReplStore::FindFirstItem	2.0	2.0 and later	Cesync.h		Windows CE OS
_wcesdk_IReplStore_FindItemClose	IReplStore::FindItemClose	2.0	2.0 and later	Cesync.h		Windows CE OS
_wcesdk_IReplStore_FindNextItem	IReplStore::FindNextItem	2.0	2.0 and later	Cesync.h		Windows CE OS
_wcesdk_IReplStore_FreeObject	IReplStore::FreeObject	2.0	2.0 and later	Cesync.h		Windows CE OS
_wcesdk_IReplStore_GetConflictInfo	IReplStore::GetConflictInfo	2.0	2.0 and later	Cesync.h		Windows CE OS
_wcesdk_IReplStore_GetFolderInfo	IReplStore::GetFolderInfo	2.0	2.0 and later	Cesync.h		Windows CE OS
_wcesdk_IReplStore_GetObjTypeUIData	IReplStore::GetObjTypeUIData	2.0	2.0 and later	Cesync.h		Windows CE OS
_wcesdk_IReplStore_GetStoreInfo	IReplStore::GetStoreInfo	2.0	2.0 and later	Cesync.h		Windows CE OS
_wcesdk_IReplStore_IUnknown	IReplStore	2.0	2.0 and later	Cesync.h		Windows CE OS
_wcesdk_IReplStore_Initialize	IReplStore::Initialize	2.0	2.0 and later	Cesync.h		Windows CE OS
_wcesdk_IReplStore_IsFolderChanged	IReplStore::IsFolderChanged	2.0	2.0 and later	Cesync.h		Windows CE OS
_wcesdk_IReplStore_IsItemChanged	IReplStore::IsItemChanged	2.0	2.0 and later	Cesync.h		Windows CE OS
_wcesdk_IReplStore_IsItemReplicated	IReplStore::IsItemReplicated	2.0	2.0 and later	Cesync.h		Windows CE OS
_wcesdk_IReplStore_IsValidObject	IReplStore::IsValidObject	2.0	2.0 and later	Cesync.h		Windows CE OS
_wcesdk_IReplStore_ObjectToBytes	IReplStore::ObjectToBytes	2.0	2.0 and later	Cesync.h		Windows CE OS
_wcesdk_IReplStore_RemoveDuplicates	IReplStore::RemoveDuplicates	2.0	2.0 and later	Cesync.h		Windows CE OS
_wcesdk_IReplStore_ReportStatus	IReplStore::ReportStatus	2.0	2.0 and later	Cesync.h		Windows CE OS
_wcesdk_IReplStore_UpdateItem	IReplStore::UpdateItem	2.0	2.0 and later	Cesync.h		Windows CE OS
_wcesdk_ITask_ClearRecurrencePattern	ITask::ClearRecurrencePattern	2.0	2.0 and later	pimstore.h		Windows CE OS
_wcesdk_ITask_Copy	ITask::Copy	2.0	2.0 and later	pimstore.h		Windows CE OS
_wcesdk_ITask_Delete	ITask::Delete	2.0	2.0 and later	pimstore.h		Windows CE OS
_wcesdk_ITask_Display	ITask::Display	2.0	2.0 and later	pimstore.h		Windows CE OS
_wcesdk_ITask_GetRecurrencePattern	ITask::GetRecurrencePattern	2.0	2.0 and later	pimstore.h		Windows CE OS
_wcesdk_ITask_Save	ITask::Save	2.0	2.0 and later	pimstore.h		Windows CE OS
_wcesdk_ITask_SkipRecurrence	ITask::SkipRecurrence	2.0	2.0 and later	pimstore.h		Windows CE OS
_wcesdk_ITask_Unknown	ITask::Unknown	2.0	2.0 and later	pimstore.h		Windows CE OS
_wcesdk_ITimeZone_Unknown	ITimeZone::Unknown	2.0	2.0 and later	pimstore.h		Windows CE OS
_wcesdk_ImageList_Copy	ImageList_Copy	2.0	2.0 and later	Commctrl.h	Commctrl.lib, Imgctl.lib	Windows CE OS
_wcesdk_ImageList_Duplicate	ImageList_Duplicate	2.0	2.0 and later	Commctrl.h	Commctrl.lib, Imgctl.lib	Windows CE OS
_wcesdk_ImageList_SetImageCount	ImageList_SetImageCount	2.0	2.0 and later	Commctrl.h	Commctrl.lib, Imgctl.lib	Windows CE OS
_wcesdk_ImmCreateIMCC	ImmCreateIMCC	2.10	2.10 and later	Imm.h	Coreimm.lib	Windows CE OS
_wcesdk_ImmDestroyIMCC	ImmDestroyIMCC	2.10	2.10 and later	Imm.h	Coreimm.lib	Windows CE OS
_wcesdk_ImmGenerateMessage	ImmGenerateMessage	2.10	2.10 and later	Imm.h	Coreimm.lib	Windows CE OS
_wcesdk_ImmGetHotKey	ImmGetHotKey	2.10	2.10 and later	Imm.h	Coreimm.lib	Windows CE OS
_wcesdk_ImmGetIMCCLockCount	ImmGetIMCCLockCount	2.10	2.10 and later	Imm.h	Coreimm.lib	Windows CE OS
_wcesdk_ImmGetIMCCSize	ImmGetIMCCSize	2.10	2.10 and later	Imm.h	Coreimm.lib	Windows CE OS
_wcesdk_ImmGetIMCLockCount	ImmGetIMCLockCount	2.10	2.10 and later	Imm.h	Coreimm.lib	Windows CE OS
_wcesdk_ImmLockIMC	ImmLockIMC	2.10	2.10 and later	Imm.h	Coreimm.lib	Windows CE OS
_wcesdk_ImmLockIMCC	ImmLockIMCC	2.10	2.10 and later	Imm.h	Coreimm.lib	Windows CE OS
_wcesdk_ImmReSizeIMCC	ImmReSizeIMCC	2.10	2.10 and later (Japanese version 1.0 and later)	Imm.h	Coreimm.lib	Windows CE OS
_wcesdk_ImmSetHotKey	ImmSetHotKey	2.10	2.10 and later	Imm.h	Coreimm.lib	Windows CE OS
_wcesdk_ImmUnlockIMC	ImmUnlockIMC	2.10	2.10 and later	Imm.h	Coreimm.lib	Windows CE OS
_wcesdk_ImmUnlockIMCC	ImmUnlockIMCC	2.10	2.10 and later	Imm.h	Coreimm.lib	Windows CE OS
_wcesdk_InitCommonControlsEx	InitCommonControlsEx	2.0	2.0 and later	Commctrl.h	Commctrl.lib	Windows CE OS
_wcesdk_InitHTMLControl	InitHTMLControl	1.0	1.0 and later	Htmlctrl.h		Windows CE OS
_wcesdk_InitObjType	InitObjType	2.0	2.0 and later	Cesync.h		Windows CE OS
_wcesdk_InsetRect	InsetRect	1.0	1.0 and later	Windowsx.h		Windows CE OS
_wcesdk_InterlockedTestExchange	InterlockedTestExchange	1.0	1.0 and later	Winbase.h		Windows CE OS
_wcesdk_InternetErrorDlg	InternetErrorDlg	2.12	2.12 and later	Wininet.h	Wininet.lib	Windows CE OS
_wcesdk_InternetGetCookie	InternetGetCookie	2.12	2.12 and later	Wininet.h	Wininet.lib	Windows CE OS
_wcesdk_InternetGoOnline	InternetGoOnline	2.12	2.12 and later	Wininet.h	Wininet.lib	Windows CE OS
_wcesdk_InternetLockRequestFile	InternetLockRequestFile	2.12	2.12 and later	Wininet.h	Wininet.lib	Windows CE OS
_wcesdk_InternetReadFileEx	InternetReadFileEx	2.12	2.12 and later	Wininet.h	Wininet.lib	Windows CE OS
_wcesdk_InternetSetCookie	InternetSetCookie	2.12	2.12 and later	Wininet.h	Wininet.lib	Windows CE OS
_wcesdk_InternetSetFilePointer	InternetSetFilePointer	2.12	2.12 and later	Wininet.h	Wininet.lib	Windows CE OS
_wcesdk_InternetUnlockRequestFile	InternetUnlockRequestFile	2.12	2.12 and later	Wininet.h	Wininet.lib	Windows CE OS
_wcesdk_InternetWriteFile	InternetWriteFile	2.12	2.12 and later	Wininet.h	Wininet.lib	Windows CE OS
_wcesdk_IsCharAlpha	IsCharAlpha	1.0	1.0 and later	Winbase.h	Coreloc.lib	Windows CE OS
_wcesdk_IsCharAlphaNumeric	IsCharAlphaNumeric	1.0	1.0 and later	Winbase.h	Coreloc.lib	Windows CE OS
_wcesdk_KernelIoControl	KernelIoControl	3.0	3.0 and later	kfuncs.h		Windows CE OS
_wcesdk_LMDATA	LMDATA	2.12	2.12 and later	Sip.h		Windows CE OS
_wcesdk_LVCOLUMN	LVCOLUMN	2.0	2.0 and later	Commctrl.h		Windows CE OS
_wcesdk_LVFINDINFO	LVFINDINFO	2.0	2.0 and later	Commctrl.h		Windows CE OS
_wcesdk_LVHITTESTINFO	LVHITTESTINFO	2.0	2.0 and later	Commctrl.h		Windows CE OS
_wcesdk_LVITEM	LVITEM	2.0	2.0 and later	Commctrl.h		Windows CE OS
_wcesdk_LVM_APPROXIMATEVIEWRECT	LVM_APPROXIMATEVIEWRECT	2.0	2.0 and later	Commctrl.h		Windows CE OS
_wcesdk_LVM_ARRANGE	LVM_ARRANGE	1.0	1.0 and later	Commctrl.h		Windows CE OS
_wcesdk_LVM_CREATEDRAGIMAGE	LVM_CREATEDRAGIMAGE	1.0	1.0 and later	Commctrl.h		Windows CE OS
_wcesdk_LVM_DELETEALLITEMS	LVM_DELETEALLITEMS	1.0	1.0 and later	Commctrl.h		Windows CE OS
_wcesdk_LVM_DELETECOLUMN	LVM_DELETECOLUMN	1.0	1.0 and later	Commctrl.h		Windows CE OS
_wcesdk_LVM_DELETEITEM	LVM_DELETEITEM	1.0	1.0 and later	Commctrl.h		Windows CE OS
_wcesdk_LVM_EDITLABEL	LVM_EDITLABEL	1.0	1.0 and later	Commctrl.h		Windows CE OS
_wcesdk_LVM_ENSUREVISIBLE	LVM_ENSUREVISIBLE	1.0	1.0 and later	Commctrl.h		Windows CE OS
_wcesdk_LVM_FINDITEM	LVM_FINDITEM	1.0	1.0 and later	Commctrl.h		Windows CE OS
_wcesdk_LVM_GETBKCOLOR	LVM_GETBKCOLOR	1.0	1.0 and later	Commctrl.h		Windows CE OS
_wcesdk_LVM_GETCALLBACKMASK	LVM_GETCALLBACKMASK	1.0	1.0 and later	Commctrl.h		Windows CE OS
_wcesdk_LVM_GETCOLUMN	LVM_GETCOLUMN	1.0	1.0 and later	Commctrl.h		Windows CE OS
_wcesdk_LVM_GETCOLUMNORDERARRAY	LVM_GETCOLUMNORDERARRAY	1.0	1.0 and later	Commctrl.h		Windows CE OS
_wcesdk_LVM_GETCOLUMNWIDTH	LVM_GETCOLUMNWIDTH	1.0	1.0 and later	Commctrl.h		Windows CE OS
_wcesdk_LVM_GETCOUNTPERPAGE	LVM_GETCOUNTPERPAGE	1.0	1.0 and later	Commctrl.h		Windows CE OS
_wcesdk_LVM_GETEDITCONTROL	LVM_GETEDITCONTROL	1.0	1.0 and later	Commctrl.h		Windows CE OS
_wcesdk_LVM_GETEXTENDEDLISTVIEWSTYLE	LVM_GETEXTENDEDLISTVIEWSTYLE	1.0	1.0 and later	Commctrl.h		Windows CE OS
_wcesdk_LVM_GETHEADER	LVM_GETHEADER	2.0	2.0 and later	Commctrl.h		Windows CE OS
_wcesdk_LVM_GETIMAGELIST	LVM_GETIMAGELIST	1.0	1.0 and later	Commctrl.h		Windows CE OS
_wcesdk_LVM_GETISEARCHSTRING	LVM_GETISEARCHSTRING	1.0	1.0 and later	Commctrl.h		Windows CE OS
_wcesdk_LVM_GETITEM	LVM_GETITEM	1.0	1.0 and later	Commctrl.h		Windows CE OS
_wcesdk_LVM_GETITEMCOUNT	LVM_GETITEMCOUNT	1.0	1.0 and later	Commctrl.h		Windows CE OS
_wcesdk_LVM_GETITEMPOSITION	LVM_GETITEMPOSITION	1.0	1.0 and later	Commctrl.h		Windows CE OS
_wcesdk_LVM_GETITEMRECT	LVM_GETITEMRECT	1.0	1.0 and later	Commctrl.h		Windows CE OS
_wcesdk_LVM_GETITEMSPACING	LVM_GETITEMSPACING	1.0	1.0 and later	Commctrl.h		Windows CE OS
_wcesdk_LVM_GETITEMSTATE	LVM_GETITEMSTATE	1.0	1.0 and later	Commctrl.h		Windows CE OS
_wcesdk_LVM_GETITEMTEXT	LVM_GETITEMTEXT	1.0	1.0 and later	Commctrl.h		Windows CE OS
_wcesdk_LVM_GETNEXTITEM	LVM_GETNEXTITEM	1.0	1.0 and later	Commctrl.h		Windows CE OS
_wcesdk_LVM_GETORIGIN	LVM_GETORIGIN	1.0	1.0 and later	Commctrl.h		Windows CE OS
_wcesdk_LVM_GETSELECTEDCOUNT	LVM_GETSELECTEDCOUNT	1.0	1.0 and later	Commctrl.h		Windows CE OS
_wcesdk_LVM_GETSELECTIONMARK	LVM_GETSELECTIONMARK	1.0	1.0 and later	Commctrl.h		Windows CE OS
_wcesdk_LVM_GETSTRINGWIDTH	LVM_GETSTRINGWIDTH	1.0	1.0 and later	Commctrl.h		Windows CE OS
_wcesdk_LVM_GETSUBITEMRECT	LVM_GETSUBITEMRECT	2.0	2.0 and later	Commctrl.h		Windows CE OS
_wcesdk_LVM_GETTEXTBKCOLOR	LVM_GETTEXTBKCOLOR	1.0	1.0 and later	Commctrl.h		Windows CE OS
_wcesdk_LVM_GETTEXTCOLOR	LVM_GETTEXTCOLOR	1.0	1.0 and later	Commctrl.h		Windows CE OS
_wcesdk_LVM_GETTOPINDEX	LVM_GETTOPINDEX	1.0	1.0 and later	Commctrl.h		Windows CE OS
_wcesdk_LVM_GETVIEWRECT	LVM_GETVIEWRECT	1.0	1.0 and later	Commctrl.h		Windows CE OS
_wcesdk_LVM_HITTEST	LVM_HITTEST	1.0	1.0 and later	Commctrl.h		Windows CE OS
_wcesdk_LVM_INSERTCOLUMN	LVM_INSERTCOLUMN	1.0	1.0 and later	Commctrl.h		Windows CE OS
_wcesdk_LVM_INSERTITEM	LVM_INSERTITEM	1.0	1.0 and later	Commctrl.h		Windows CE OS
_wcesdk_LVM_REDRAWITEMS	LVM_REDRAWITEMS	1.0	1.0 and later	Commctrl.h		Windows CE OS
_wcesdk_LVM_SCROLL	LVM_SCROLL	1.0	1.0 and later	Commctrl.h		Windows CE OS
_wcesdk_LVM_SETBKCOLOR	LVM_SETBKCOLOR	1.0	1.0 and later	Commctrl.h		Windows CE OS
_wcesdk_LVM_SETCALLBACKMASK	LVM_SETCALLBACKMASK	1.0	1.0 and later	Commctrl.h		Windows CE OS
_wcesdk_LVM_SETCOLUMN	LVM_SETCOLUMN	1.0	1.0 and later	Commctrl.h		Windows CE OS
_wcesdk_LVM_SETCOLUMNORDERARRAY	LVM_SETCOLUMNORDERARRAY	2.0	2.0 and later	Commctrl.h		Windows CE OS
_wcesdk_LVM_SETCOLUMNWIDTH	LVM_SETCOLUMNWIDTH	1.0	1.0 and later	Commctrl.h		Windows CE OS
_wcesdk_LVM_SETEXTENDEDLISTVIEWSTYLE	LVM_SETEXTENDEDLISTVIEWSTYLE	2.0	2.0 and later	Commctrl.h		Windows CE OS
_wcesdk_LVM_SETICONSPACING	LVM_SETICONSPACING	2.0	2.0 and later	Commctrl.h		Windows CE OS
_wcesdk_LVM_SETIMAGELIST	LVM_SETIMAGELIST	1.0	1.0 and later	Commctrl.h		Windows CE OS
_wcesdk_LVM_SETITEM	LVM_SETITEM	1.0	1.0 and later	Commctrl.h		Windows CE OS
_wcesdk_LVM_SETITEMCOUNT	LVM_SETITEMCOUNT	1.0	1.0 and later	Commctrl.h		Windows CE OS
_wcesdk_LVM_SETITEMPOSITION	LVM_SETITEMPOSITION	1.0	1.0 and later	Commctrl.h		Windows CE OS
_wcesdk_LVM_SETITEMPOSITION32	LVM_SETITEMPOSITION32	1.0	1.0 and later	Commctrl.h		Windows CE OS
_wcesdk_LVM_SETITEMSTATE	LVM_SETITEMSTATE	1.0	1.0 and later	Commctrl.h		Windows CE OS
_wcesdk_LVM_SETITEMTEXT	LVM_SETITEMTEXT	1.0	1.0 and later	Commctrl.h		Windows CE OS
_wcesdk_LVM_SETSELECTIONMARK	LVM_SETSELECTIONMARK	1.0	1.0 and later	Commctrl.h		Windows CE OS
_wcesdk_LVM_SETTEXTBKCOLOR	LVM_SETTEXTBKCOLOR	1.0	1.0 and later	Commctrl.h		Windows CE OS
_wcesdk_LVM_SETTEXTCOLOR	LVM_SETTEXTCOLOR	1.0	1.0 and later	Commctrl.h		Windows CE OS
_wcesdk_LVM_SORTITEMS	LVM_SORTITEMS	1.0	1.0 and later	Commctrl.h		Windows CE OS
_wcesdk_LVM_SUBITEMHITTEST	LVM_SUBITEMHITTEST	1.0	1.0 and later	Commctrl.h		Windows CE OS
_wcesdk_LVM_UPDATE	LVM_UPDATE	1.0	1.0 and later	Commctrl.h		Windows CE OS
_wcesdk_LVN_ENDDRAG	LVN_ENDDRAG	1.0	1.0 and later	Commctrl.h		Windows CE OS
_wcesdk_LVN_ITEMACTIVATE	LVN_ITEMACTIVATE	2.0	2.0 and later	Commctrl.h		Windows CE OS
_wcesdk_LVN_MARQUEEBEGIN	LVN_MARQUEEBEGIN	2.0	2.0 and later	Commctrl.h		Windows CE OS
_wcesdk_LVN_ODCACHEHINT	LVN_ODCACHEHINT	2.0	2.0 and later	Commctrl.h		Windows CE OS
_wcesdk_LVN_ODFINDITEM	LVN_ODFINDITEM	2.0	2.0 and later	Commctrl.h		Windows CE OS
_wcesdk_LVN_ODSTATECHANGED	LVN_ODSTATECHANGED	2.0	2.0 and later	Commctrl.h		Windows CE OS
_wcesdk_ListView_ApproximateViewRect	ListView_ApproximateViewRect	2.0	2.0 and later	Commctrl.h		Windows CE OS
_wcesdk_ListView_Arrange	ListView_Arrange	1.0	1.0 and later	Commctrl.h		Windows CE OS
_wcesdk_ListView_CreateDragImage	ListView_CreateDragImage	1.0	1.0 and later	Commctrl.h		Windows CE OS
_wcesdk_ListView_DeleteAllItems	ListView_DeleteAllItems	1.0	1.0 and later	Commctrl.h		Windows CE OS
_wcesdk_ListView_DeleteColumn	ListView_DeleteColumn	1.0	1.0 and later	Commctrl.h		Windows CE OS
_wcesdk_ListView_DeleteItem	ListView_DeleteItem	1.0	1.0 and later	Commctrl.h		Windows CE OS
_wcesdk_ListView_EditLabel	ListView_EditLabel	1.0	1.0 and later	Commctrl.h		Windows CE OS
_wcesdk_ListView_EnsureVisible	ListView_EnsureVisible	1.0	1.0 and later	Commctrl.h		Windows CE OS
_wcesdk_ListView_FindItem	ListView_FindItem	1.0	1.0 and later	Commctrl.h		Windows CE OS
_wcesdk_ListView_GetBkColor	ListView_GetBkColor	1.0	1.0 and later	Commctrl.h		Windows CE OS
_wcesdk_ListView_GetCallbackMask	ListView_GetCallbackMask	1.0	1.0 and later	Commctrl.h		Windows CE OS
_wcesdk_ListView_GetCheckState	ListView_GetCheckState	2.0	2.0 and later	Commctrl.h		Windows CE OS
_wcesdk_ListView_GetColumn	ListView_GetColumn	1.0	1.0 and later	Commctrl.h		Windows CE OS
_wcesdk_ListView_GetColumnOrderArray	ListView_GetColumnOrderArray	2.0	2.0 and later	Commctrl.h		Windows CE OS
_wcesdk_ListView_GetColumnWidth	ListView_GetColumnWidth	1.0	1.0 and later	Commctrl.h		Windows CE OS
_wcesdk_ListView_GetCountPerPage	ListView_GetCountPerPage	1.0	1.0 and later	Commctrl.h		Windows CE OS
_wcesdk_ListView_GetEditControl	ListView_GetEditControl	1.0	1.0 and later	Commctrl.h		Windows CE OS
_wcesdk_ListView_GetExtendedListViewStyle	ListView_GetExtendedListViewStyle	2.0	2.0 and later	Commctrl.h		Windows CE OS
_wcesdk_ListView_GetHeader	ListView_GetHeader	2.0	2.0 and later	Commctrl.h		Windows CE OS
_wcesdk_ListView_GetISearchString	ListView_GetISearchString	1.0	1.0 and later	Commctrl.h		Windows CE OS
_wcesdk_ListView_GetImageList	ListView_GetImageList	1.0	1.0 and later	Commctrl.h		Windows CE OS
_wcesdk_ListView_GetItem	ListView_GetItem	1.0	1.0 and later	Commctrl.h		Windows CE OS
_wcesdk_ListView_GetItemCount	ListView_GetItemCount	1.0	1.0 and later	Commctrl.h		Windows CE OS
_wcesdk_ListView_GetItemPosition	ListView_GetItemPosition	1.0	1.0 and later	Commctrl.h		Windows CE OS
_wcesdk_ListView_GetItemRect	ListView_GetItemRect	1.0	1.0 and later	Commctrl.h		Windows CE OS
_wcesdk_ListView_GetItemSpacing	ListView_GetItemSpacing	1.0	1.0 and later	Commctrl.h		Windows CE OS
_wcesdk_ListView_GetItemState	ListView_GetItemState	1.0	1.0 and later	Commctrl.h		Windows CE OS
_wcesdk_ListView_GetItemText	ListView_GetItemText	1.0	1.0 and later	Commctrl.h		Windows CE OS
_wcesdk_ListView_GetNextItem	ListView_GetNextItem	1.0	1.0 and later	Commctrl.h		Windows CE OS
_wcesdk_ListView_GetOrigin	ListView_GetOrigin	1.0	1.0 and later	Commctrl.h		Windows CE OS
_wcesdk_ListView_GetSelectedCount	ListView_GetSelectedCount	1.0	1.0 and later	Commctrl.h		Windows CE OS
_wcesdk_ListView_GetSelectionMark	ListView_GetSelectionMark	2.0	2.0 and later	Commctrl.h		Windows CE OS
_wcesdk_ListView_GetStringWidth	ListView_GetStringWidth	1.0	1.0 and later	Commctrl.h		Windows CE OS
_wcesdk_ListView_GetSubItemRect	ListView_GetSubItemRect	2.0	2.0 and later	Commctrl.h		Windows CE OS
_wcesdk_ListView_GetTextBkColor	ListView_GetTextBkColor	1.0	1.0 and later	Commctrl.h		Windows CE OS
_wcesdk_ListView_GetTextColor	ListView_GetTextColor	1.0	1.0 and later	Commctrl.h		Windows CE OS
_wcesdk_ListView_GetTopIndex	ListView_GetTopIndex	1.0	1.0 and later	Commctrl.h		Windows CE OS
_wcesdk_ListView_GetViewRect	ListView_GetViewRect	1.0	1.0 and later	Commctrl.h		Windows CE OS
_wcesdk_ListView_HitTest	ListView_HitTest	1.0	1.0 and later	Commctrl.h		Windows CE OS
_wcesdk_ListView_InsertColumn	ListView_InsertColumn	1.0	1.0 and later	Commctrl.h		Windows CE OS
_wcesdk_ListView_InsertItem	ListView_InsertItem	1.0	1.0 and later	Commctrl.h		Windows CE OS
_wcesdk_ListView_RedrawItems	ListView_RedrawItems	1.0	1.0 and later	Commctrl.h		Windows CE OS
_wcesdk_ListView_Scroll	ListView_Scroll	1.0	1.0 and later	Commctrl.h		Windows CE OS
_wcesdk_ListView_SetBkColor	ListView_SetBkColor	1.0	1.0 and later	Commctrl.h		Windows CE OS
_wcesdk_ListView_SetCallbackMask	ListView_SetCallbackMask	1.0	1.0 and later	Commctrl.h		Windows CE OS
_wcesdk_ListView_SetColumn	ListView_SetColumn	1.0	1.0 and later	Commctrl.h		Windows CE OS
_wcesdk_ListView_SetColumnOrderArray	ListView_SetColumnOrderArray	2.0	2.0 and later	Commctrl.h		Windows CE OS
_wcesdk_ListView_SetColumnWidth	ListView_SetColumnWidth	1.0	1.0 and later	Commctrl.h		Windows CE OS
_wcesdk_ListView_SetExtendedListViewStyle	ListView_SetExtendedListViewStyle	2.0	2.0 and later	Commctrl.h		Windows CE OS
_wcesdk_ListView_SetIconSpacing	ListView_SetIconSpacing	2.0	2.0 and later	Commctrl.h		Windows CE OS
_wcesdk_ListView_SetImageList	ListView_SetImageList	1.0	1.0 and later	Commctrl.h		Windows CE OS
_wcesdk_ListView_SetItem	ListView_SetItem	1.0	1.0 and later	Commctrl.h		Windows CE OS
_wcesdk_ListView_SetItemCount	ListView_SetItemCount	1.0	1.0 and later	Commctrl.h		Windows CE OS
_wcesdk_ListView_SetItemCountEx	ListView_SetItemCountEx	2.0	2.0 and later	Commctrl.h		Windows CE OS
_wcesdk_ListView_SetItemPosition	ListView_SetItemPosition	1.0	1.0 and later	Commctrl.h		Windows CE OS
_wcesdk_ListView_SetItemPosition32	ListView_SetItemPosition32	1.0	1.0 and later	Commctrl.h		Windows CE OS
_wcesdk_ListView_SetItemState	ListView_SetItemState	1.0	1.0 and later	Commctrl.h		Windows CE OS
_wcesdk_ListView_SetItemText	ListView_SetItemText	1.0	1.0 and later	Commctrl.h		Windows CE OS
_wcesdk_ListView_SetSelectionMark	ListView_SetSelectionMark	2.0	2.0 and later	Commctrl.h		Windows CE OS
_wcesdk_ListView_SetTextBkColor	ListView_SetTextBkColor	1.0	1.0 and later	Commctrl.h		Windows CE OS
_wcesdk_ListView_SetTextColor	ListView_SetTextColor	1.0	1.0 and later	Commctrl.h		Windows CE OS
_wcesdk_ListView_SortItems	ListView_SortItems	1.0	1.0 and later	Commctrl.h		Windows CE OS
_wcesdk_ListView_SubItemHitTest	ListView_SubItemHitTest	2.0	2.0 and later	Commctrl.h		Windows CE OS
_wcesdk_ListView_Update	ListView_Update	1.0	1.0 and later	Commctrl.h		Windows CE OS
_wcesdk_LoadFSD	LoadFSD	2.10	2.10 and later	Winbase.h	Coredll.lib	Windows CE OS
_wcesdk_LoadFSDEx	LoadFSDEx	2.12	2.12 and later	Winbase.h	Device.lib	Windows CE OS
_wcesdk_MCHITTESTINFO	MCHITTESTINFO	2.0	2.0 and later	Commctrl.h		Windows CE OS
_wcesdk_MCM_GETCOLOR	MCM_GETCOLOR	2.0	2.0 and later	Commctrl.h		Windows CE OS
_wcesdk_MCM_GETCURSEL	MCM_GETCURSEL	2.0	2.0 and later	Commctrl.h		Windows CE OS
_wcesdk_MCM_GETFIRSTDAYOFWEEK	MCM_GETFIRSTDAYOFWEEK	2.0	2.0 and later	Commctrl.h		Windows CE OS
_wcesdk_MCM_GETMAXSELCOUNT	MCM_GETMAXSELCOUNT	2.0	2.0 and later	Commctrl.h		Windows CE OS
_wcesdk_MCM_GETMAXTODAYWIDTH	MCM_GETMAXTODAYWIDTH	2.0	2.0 and later	Commctrl.h		Windows CE OS
_wcesdk_MCM_GETMINREQRECT	MCM_GETMINREQRECT	2.0	2.0 and later	Commctrl.h		Windows CE OS
_wcesdk_MCM_GETMONTHDELTA	MCM_GETMONTHDELTA	2.0	2.0 and later	Commctrl.h		Windows CE OS
_wcesdk_MCM_GETMONTHRANGE	MCM_GETMONTHRANGE	2.0	2.0 and later	Commctrl.h		Windows CE OS
_wcesdk_MCM_GETRANGE	MCM_GETRANGE	2.0	2.0 and later	Commctrl.h		Windows CE OS
_wcesdk_MCM_GETSELRANGE	MCM_GETSELRANGE	2.0	2.0 and later	Commctrl.h		Windows CE OS
_wcesdk_MCM_GETTODAY	MCM_GETTODAY	2.0	2.0 and later	Commctrl.h		Windows CE OS
_wcesdk_MCM_HITTEST	MCM_HITTEST	2.0	2.0 and later	Commctrl.h		Windows CE OS
_wcesdk_MCM_SETCOLOR	MCM_SETCOLOR	2.0	2.0 and later	Commctrl.h		Windows CE OS
_wcesdk_MCM_SETCURSEL	MCM_SETCURSEL	2.0	2.0 and later	Commctrl.h		Windows CE OS
_wcesdk_MCM_SETDAYSTATE	MCM_SETDAYSTATE	2.0	2.0 and later	Commctrl.h		Windows CE OS
_wcesdk_MCM_SETFIRSTDAYOFWEEK	MCM_SETFIRSTDAYOFWEEK	2.0	2.0 and later	Commctrl.h		Windows CE OS
_wcesdk_MCM_SETMAXSELCOUNT	MCM_SETMAXSELCOUNT	2.0	2.0 and later	Commctrl.h		Windows CE OS
_wcesdk_MCM_SETMONTHDELTA	MCM_SETMONTHDELTA	2.0	2.0 and later	Commctrl.h		Windows CE OS
_wcesdk_MCM_SETRANGE	MCM_SETRANGE	2.0	2.0 and later	Commctrl.h		Windows CE OS
_wcesdk_MCM_SETSELRANGE	MCM_SETSELRANGE	2.0	2.0 and later	Commctrl.h		Windows CE OS
_wcesdk_MCM_SETTODAY	MCM_SETTODAY	2.0	2.0 and later	Commctrl.h		Windows CE OS
_wcesdk_MCN_GETDAYSTATE	MCN_GETDAYSTATE	2.0	2.0 and later	Commctrl.h		Windows CE OS
_wcesdk_MCN_SELCHANGE	MCN_SELCHANGE	2.0	2.0 and later	Commctrl.h		Windows CE OS
_wcesdk_MCN_SELECT	MCN_SELECT	2.0	2.0 and later	Commctrl.h		Windows CE OS
_wcesdk_MapWindowRect	MapWindowRect	1.0	1.0 and later	Windowsx.h		Windows CE OS
_wcesdk_MiniportCheckForHang	MiniportCheckForHang	2.0	2.0 and later	Ndis.h	Ndislib.lib	Windows CE OS
_wcesdk_MiniportDisableInterrupt	MiniportDisableInterrupt	2.0	2.0 and later	Ndis.h	Ndislib.lib	Windows CE OS
_wcesdk_MiniportEnableInterrupt	MiniportEnableInterrupt	2.0	2.0 and later	Ndis.h	Ndislib.lib	Windows CE OS
_wcesdk_MiniportHalt	MiniportHalt	2.0	2.0 and later	Ndis.h	Ndislib.lib	Windows CE OS
_wcesdk_MiniportHandleInterrupt	MiniportHandleInterrupt	2.0	2.0 and later	Ndis.h	Ndislib.lib	Windows CE OS
_wcesdk_MiniportISR	MiniportISR	2.0	2.0 and later	Ndis.h	Ndislib.lib	Windows CE OS
_wcesdk_MiniportInitialize	MiniportInitialize	2.0	2.0 and later	Ndis.h	Ndislib.lib	Windows CE OS
_wcesdk_MiniportQueryInformation	MiniportQueryInformation	2.0	2.0 and later	Ndis.h	Ndislib.lib	Windows CE OS
_wcesdk_MiniportReconfigure	MiniportReconfigure	2.0	2.0 and later	Ndis.h	Ndislib.lib	Windows CE OS
_wcesdk_MiniportReset	MiniportReset	2.0	2.0 and later	Ndis.h	Ndislib.lib	Windows CE OS
_wcesdk_MiniportReturnPacket	MiniportReturnPacket	2.0	2.0 and later	Ndis.h	Ndislib.lib	Windows CE OS
_wcesdk_MiniportSend	MiniportSend	2.0	2.0 and later	Ndis.h	Ndislib.lib	Windows CE OS
_wcesdk_MiniportSetInformation	MiniportSetInformation	2.0	2.0 and later	Ndis.h	Ndislib.lib	Windows CE OS
_wcesdk_MiniportTransferData	MiniportTransferData	2.0	2.0 and later	Ndis.h	Ndislib.lib	Windows CE OS
_wcesdk_MiniportWanSend	MiniportWanSend	2.0	2.0 and later	Ndis.h	Ndislib.lib	Windows CE OS
_wcesdk_MonthCal_GetColor	MonthCal_GetColor	2.0	2.0 and later	Commctrl.h	Commctrl.lib	Windows CE OS
_wcesdk_MonthCal_GetCurSel	MonthCal_GetCurSel	2.0	2.0 and later	Commctrl.h	Commctrl.lib	Windows CE OS
_wcesdk_MonthCal_GetFirstDayOfWeek	MonthCal_GetFirstDayOfWeek	2.0	2.0 and later	Commctrl.h	Commctrl.lib	Windows CE OS
_wcesdk_MonthCal_GetMaxSelCount	MonthCal_GetMaxSelCount	2.0	2.0 and later	Commctrl.h	Commctrl.lib	Windows CE OS
_wcesdk_MonthCal_GetMaxTodayWidth	MonthCal_GetMaxTodayWidth	2.0	2.0 and later	Commctrl.h		Windows CE OS
_wcesdk_MonthCal_GetMinReqRect	MonthCal_GetMinReqRect	2.0	2.0 and later	Commctrl.h	Commctrl.lib	Windows CE OS
_wcesdk_MonthCal_GetMonthDelta	MonthCal_GetMonthDelta	2.0	2.0 and later	Commctrl.h	Commctrl.lib	Windows CE OS
_wcesdk_MonthCal_GetMonthRange	MonthCal_GetMonthRange	2.0	2.0 and later	Commctrl.h	Commctrl.lib	Windows CE OS
_wcesdk_MonthCal_GetRange	MonthCal_GetRange	2.0	2.0 and later	Commctrl.h	Commctrl.lib	Windows CE OS
_wcesdk_MonthCal_GetSelRange	MonthCal_GetSelRange	2.0	2.0 and later	Commctrl.h	Commctrl.lib	Windows CE OS
_wcesdk_MonthCal_GetToday	MonthCal_GetToday	2.0	2.0 and later	Commctrl.h	Commctrl.lib	Windows CE OS
_wcesdk_MonthCal_HitTest	MonthCal_HitTest	2.0	2.0 and later	Commctrl.h	Commctrl.lib	Windows CE OS
_wcesdk_MonthCal_SetColor	MonthCal_SetColor	2.0	2.0 and later	Commctrl.h	Commctrl.lib	Windows CE OS
_wcesdk_MonthCal_SetCurSel	MonthCal_SetCurSel	2.0	2.0 and later	Commctrl.h	Commctrl.lib	Windows CE OS
_wcesdk_MonthCal_SetDayState	MonthCal_SetDayState	2.0	2.0 and later	Commctrl.h	Commctrl.lib	Windows CE OS
_wcesdk_MonthCal_SetFirstDayOfWeek	MonthCal_SetFirstDayOfWeek	2.0	2.0 and later	Commctrl.h	Commctrl.lib	Windows CE OS
_wcesdk_MonthCal_SetMaxSelCount	MonthCal_SetMaxSelCount	2.0	2.0 and later	Commctrl.h	Commctrl.lib	Windows CE OS
_wcesdk_MonthCal_SetMonthDelta	MonthCal_SetMonthDelta	2.0	2.0 and later	Commctrl.h	Commctrl.lib	Windows CE OS
_wcesdk_MonthCal_SetRange	MonthCal_SetRange	2.0	2.0 and later	Commctrl.h	Commctrl.lib	Windows CE OS
_wcesdk_MonthCal_SetSelRange	MonthCal_SetSelRange	2.0	2.0 and later	Commctrl.h	Commctrl.lib	Windows CE OS
_wcesdk_MonthCal_SetToday	MonthCal_SetToday	2.0	2.0 and later	Commctrl.h		Windows CE OS
_wcesdk_MyFSD_CloseFile	MyFSD_CloseFile	2.10	2.10 and later	Fsdmgr.h		Windows CE OS
_wcesdk_MyFSD_CloseVolume	MyFSD_CloseVolume	2.10	2.10 and later	Fsdmgr.h		Windows CE OS
_wcesdk_MyFSD_CreateDirectoryW	MyFSD_CreateDirectoryW	2.10	2.10 and later	Fsdmgr.h		Windows CE OS
_wcesdk_MyFSD_CreateFileW	MyFSD_CreateFileW	2.10	2.10 and later	Fsdmgr.h		Windows CE OS
_wcesdk_MyFSD_DeleteAndRenameFileW	MyFSD_DeleteAndRenameFileW	2.10	2.10 and later	Fsdmgr.h		Windows CE OS
_wcesdk_MyFSD_DeleteFileW	MyFSD_DeleteFileW	2.10	2.10 and later	Fsdmgr.h		Windows CE OS
_wcesdk_MyFSD_DeviceIoControl	MyFSD_DeviceIoControl	2.10	2.10 and later	Fsdmgr.h		Windows CE OS
_wcesdk_MyFSD_FindClose	MyFSD_FindClose	2.10	2.10 and later	Fsdmgr.h		Windows CE OS
_wcesdk_MyFSD_FindFirstFileW	MyFSD_FindFirstFileW	2.10	2.10 and later	Fsdmgr.h		Windows CE OS
_wcesdk_MyFSD_FindNextFileW	MyFSD_FindNextFileW	2.10	2.10 and later	Fsdmgr.h		Windows CE OS
_wcesdk_MyFSD_FlushFileBuffers	MyFSD_FlushFileBuffers	2.10	2.10 and later	Fsdmgr.h		Windows CE OS
_wcesdk_MyFSD_GetDiskFreeSpaceW	MyFSD_GetDiskFreeSpaceW	2.10	2.10 and later	Fsdmgr.h		Windows CE OS
_wcesdk_MyFSD_GetFileAttributesW	MyFSD_GetFileAttributesW	2.10	2.10 and later	Fsdmgr.h		Windows CE OS
_wcesdk_MyFSD_GetFileInformationByHandle	MyFSD_GetFileInformationByHandle	2.10	2.10 and later	Fsdmgr.h		Windows CE OS
_wcesdk_MyFSD_GetFileSize	MyFSD_GetFileSize	2.10	2.10 and later	Fsdmgr.h		Windows CE OS
_wcesdk_MyFSD_GetFileTime	MyFSD_GetFileTime	2.10	2.10 and later	Fsdmgr.h		Windows CE OS
_wcesdk_MyFSD_MountDisk	MyFSD_MountDisk	2.10	2.10 and later	Fsdmgr.h		Windows CE OS
_wcesdk_MyFSD_MoveFileW	MyFSD_MoveFileW	2.10	2.10 and later	Fsdmgr.h		Windows CE OS
_wcesdk_MyFSD_ReadFile	MyFSD_ReadFile	2.10	2.10 and later	Fsdmgr.h		Windows CE OS
_wcesdk_MyFSD_ReadFileWithSeek	MyFSD_ReadFileWithSeek	2.10	2.10 and later	Fsdmgr.h		Windows CE OS
_wcesdk_MyFSD_RegisterFileSystemFunction	MyFSD_RegisterFileSystemFunction	2.10	2.10 and later	Fsdmgr.h		Windows CE OS
_wcesdk_MyFSD_RemoveDirectoryW	MyFSD_RemoveDirectoryW	2.10	2.10 and later	Fsdmgr.h		Windows CE OS
_wcesdk_MyFSD_SetEndOfFile	MyFSD_SetEndOfFile	2.10	2.10 and later	Fsdmgr.h		Windows CE OS
_wcesdk_MyFSD_SetFileAttributesW	MyFSD_SetFileAttributesW	2.10	2.10 and later	Fsdmgr.h		Windows CE OS
_wcesdk_MyFSD_SetFilePointer	MyFSD_SetFilePointer	2.10	2.10 and later	Fsdmgr.h		Windows CE OS
_wcesdk_MyFSD_SetFileTime	MyFSD_SetFileTime	2.10	2.10 and later	Fsdmgr.h		Windows CE OS
_wcesdk_MyFSD_UnmountDisk	MyFSD_UnmountDisk	2.10	2.10 and later	Fsdmgr.h		Windows CE OS
_wcesdk_MyFSD_WriteFile	MyFSD_WriteFile	2.10	2.10 and later	Fsdmgr.h		Windows CE OS
_wcesdk_MyFSD_WriteFileWithSeek	MyFSD_WriteFileWithSeek	2.10	2.10 and later	Fsdmgr.h		Windows CE OS
_wcesdk_NMCUSTOMDRAW	NMCUSTOMDRAW	2.0	2.0 and later	Commctrl.h		Windows CE OS
_wcesdk_NMDATETIMECHANGE	NMDATETIMECHANGE	2.0	2.0 and later	Commctrl.h		Windows CE OS
_wcesdk_NMDATETIMEFORMAT	NMDATETIMEFORMAT	2.0	2.0 and later	Commctrl.h		Windows CE OS
_wcesdk_NMDATETIMEFORMATQUERY	NMDATETIMEFORMATQUERY	2.0	2.0 and later	Commctrl.h		Windows CE OS
_wcesdk_NMDATETIMESTRING	NMDATETIMESTRING	2.0	2.0 and later	Commctrl.h		Windows CE OS
_wcesdk_NMDATETIMEWMKEYDOWN	NMDATETIMEWMKEYDOWN	2.0	2.0 and later	Commctrl.h		Windows CE OS
_wcesdk_NMDAYSTATE	NMDAYSTATE	2.0	2.0 and later	Commctrl.h		Windows CE OS
_wcesdk_NMHDDISPINFO	NMHDDISPINFO	2.0	2.0 and later	Commctrl.h		Windows CE OS
_wcesdk_NMHEADER	NMHEADER	2.0	2.0 and later	Commctrl.h		Windows CE OS
_wcesdk_NMKEY	NMKEY	2.0	2.0 and later	Commctrl.h		Windows CE OS
_wcesdk_NMLISTVIEW	NMLISTVIEW	2.0	2.0 and later	Commctrl.h		Windows CE OS
_wcesdk_NMLVCACHEHINT	NMLVCACHEHINT	2.0	2.0 and later	Commctrl.h		Windows CE OS
_wcesdk_NMLVCUSTOMDRAW	NMLVCUSTOMDRAW	2.0	2.0 and later	Commctrl.h		Windows CE OS
_wcesdk_NMLVFINDITEM	NMLVFINDITEM	2.0	2.0 and later	Commctrl.h		Windows CE OS
_wcesdk_NMLVKEYDOWN	NMLVKEYDOWN	2.0	2.0 and later	Commctrl.h		Windows CE OS
_wcesdk_NMLVODSTATECHANGE	NMLVODSTATECHANGE	2.0	2.0 and later	Commctrl.h		Windows CE OS
_wcesdk_NMMOUSE	NMMOUSE	2.0	2.0 and later	Commctrl.h		Windows CE OS
_wcesdk_NMRBAUTOSIZE	NMRBAUTOSIZE	2.0	2.0 and later	Commctrl.h		Windows CE OS
_wcesdk_NMREBAR	NMREBAR	2.0	2.0 and later	Commctrl.h		Windows CE OS
_wcesdk_NMSELCHANGE	NMSELCHANGE	2.0	2.0 and later	Commctrl.h		Windows CE OS
_wcesdk_NMTCKEYDOWN	NMTCKEYDOWN	2.0	2.0 and later	Commctrl.h		Windows CE OS
_wcesdk_NMTOOLBAR	NMTOOLBAR	2.0	2.0 and later	Commctrl.h		Windows CE OS
_wcesdk_NMTVCUSTOMDRAW	NMTVCUSTOMDRAW	2.0	2.0 and later	Commctrl.h		Windows CE OS
_wcesdk_NMTVKEYDOWN	NMTVKEYDOWN	2.0	2.0 and later	Commctrl.h		Windows CE OS
_wcesdk_NMUPDOWN	NMUPDOWN	2.0	2.0 and later	Commctrl.h		Windows CE OS
_wcesdk_NM_BASE	NM_BASE	2.0	2.0 and later	Htmlctrl.h		Windows CE OS
_wcesdk_NM_CLICK	NM_CLICK	2.0	2.0 and later	Commctrl.h		Windows CE OS
_wcesdk_NM_CONTEXTMENU	NM_CONTEXTMENU	2.0	2.0 and later	Htmlctrl.h		Windows CE OS
_wcesdk_NM_CUSTOMDRAW	NM_CUSTOMDRAW	2.0	2.0 and later	Commctrl.h		Windows CE OS
_wcesdk_NM_HOTSPOT	NM_HOTSPOT	2.0	2.0 and later	Htmlctrl.h		Windows CE OS
_wcesdk_NM_HTMLCONTEXT	NM_HTMLCONTEXT	2.0	2.0 and later	Htmlctrl.h		Windows CE OS
_wcesdk_NM_HTMLVIEW	NM_HTMLVIEW	1.0	1.0 and later	Htmlctrl.h		Windows CE OS
_wcesdk_NM_INLINE_IMAGE	NM_INLINE_IMAGE	1.0	1.0 and later	Htmlctrl.h		Windows CE OS
_wcesdk_NM_INLINE_SOUND	NM_INLINE_SOUND	1.0	1.0 and later	Htmlctrl.h		Windows CE OS
_wcesdk_NM_KEYDOWN	NM_KEYDOWN	2.0	2.0 and later	Commctrl.h		Windows CE OS
_wcesdk_NM_META	NM_META	1.0	1.0 and later	Htmlctrl.h		Windows CE OS
_wcesdk_NM_TITLE	NM_TITLE	1.0	1.0 and later	Htmlctrl.h		Windows CE OS
_wcesdk_NdisAcquireSpinLock	NdisAcquireSpinLock	2.0	2.0 and later	Ndis.h	Ndislib.lib	Windows CE OS
_wcesdk_NdisAdjustBufferLength	NdisAdjustBufferLength	2.0	2.0 and later	Ndis.h	Ndislib.lib	Windows CE OS
_wcesdk_NdisAllocateBuffer	NdisAllocateBuffer	2.0	2.0 and later	Ndis.h	Ndislib.lib	Windows CE OS
_wcesdk_NdisAllocateBufferPool	NdisAllocateBufferPool	2.0	2.0 and later	Ndis.h	Ndislib.lib	Windows CE OS
_wcesdk_NdisAllocateMemory	NdisAllocateMemory	2.0	2.0 and later	Ndis.h	Ndislib.lib	Windows CE OS
_wcesdk_NdisAllocatePacket	NdisAllocatePacket	2.0	2.0 and later	Ndis.h	Ndislib.lib	Windows CE OS
_wcesdk_NdisAllocatePacketPool	NdisAllocatePacketPool	2.0	2.0 and later	Ndis.h	Ndislib.lib	Windows CE OS
_wcesdk_NdisAllocateSpinLock	NdisAllocateSpinLock	2.0	2.0 and later	Ndis.h	Ndislib.lib	Windows CE OS
_wcesdk_NdisAnsiStringToUnicodeString	NdisAnsiStringToUnicodeString	2.0	2.0 and later	Ndis.h	Ndislib.lib	Windows CE OS
_wcesdk_NdisChainBufferAtBack	NdisChainBufferAtBack	2.0	2.0 and later	Ndis.h	Ndislib.lib	Windows CE OS
_wcesdk_NdisChainBufferAtFront	NdisChainBufferAtFront	2.0	2.0 and later	Ndis.h	Ndislib.lib	Windows CE OS
_wcesdk_NdisCloseAdapter	NdisCloseAdapter	2.0	2.0 and later	Ndis.h	Ndislib.lib	Windows CE OS
_wcesdk_NdisCloseConfiguration	NdisCloseConfiguration	2.0	2.0 and later	Ndis.h	Ndislib.lib	Windows CE OS
_wcesdk_NdisCopyFromPacketToPacket	NdisCopyFromPacketToPacket	2.0	2.0 and later	Ndis.h	Ndislib.lib	Windows CE OS
_wcesdk_NdisDeregisterProtocol	NdisDeregisterProtocol	2.0	2.0 and later	Ndis.h	Ndislib.lib	Windows CE OS
_wcesdk_NdisDprAcquireSpinLock	NdisDprAcquireSpinLock	2.0	2.0 and later	Ndis.h	Ndislib.lib	Windows CE OS
_wcesdk_NdisDprReleaseSpinLock	NdisDprReleaseSpinLock	2.0	2.0 and later	Ndis.h	Ndislib.lib	Windows CE OS
_wcesdk_NdisEqualString	NdisEqualString	2.0	2.0 and later	Ndis.h	Ndislib.lib	Windows CE OS
_wcesdk_NdisFlushBuffer	NdisFlushBuffer	2.0	2.0 and later	Ndis.h	Ndislib.lib	Windows CE OS
_wcesdk_NdisFreeBuffer	NdisFreeBuffer	2.0	2.0 and later	Ndis.h	Ndislib.lib	Windows CE OS
_wcesdk_NdisFreeBufferPool	NdisFreeBufferPool	2.0	2.0 and later	Ndis.h	Ndislib.lib	Windows CE OS
_wcesdk_NdisFreeMemory	NdisFreeMemory	2.0	2.0 and later	Ndis.h	Ndislib.lib	Windows CE OS
_wcesdk_NdisFreePacket	NdisFreePacket	2.0	2.0 and later	Ndis.h	Ndislib.lib	Windows CE OS
_wcesdk_NdisFreePacketPool	NdisFreePacketPool	2.0	2.0 and later	Ndis.h	Ndislib.lib	Windows CE OS
_wcesdk_NdisFreeSpinLock	NdisFreeSpinLock	2.0	2.0 and later	Ndis.h	Ndislib.lib	Windows CE OS
_wcesdk_NdisFreeString	NdisFreeString	2.0	2.0 and later	Ndis.h	Ndislib.lib	Windows CE OS
_wcesdk_NdisGetFirstBufferFromPacket	NdisGetFirstBufferFromPacket	2.0	2.0 and later	Ndis.h	Ndislib.lib	Windows CE OS
_wcesdk_NdisGetNextBuffer	NdisGetNextBuffer	2.0	2.0 and later	Ndis.h	Ndislib.lib	Windows CE OS
_wcesdk_NdisGetPacketFlags	NdisGetPacketFlags	2.0	2.0 and later	Ndis.h	Ndislib.lib	Windows CE OS
_wcesdk_NdisGetPhysicalAddressHigh	NdisGetPhysicalAddressHigh	2.0	2.0 and later	Ndis.h	Ndislib.lib	Windows CE OS
_wcesdk_NdisGetPhysicalAddressLow	NdisGetPhysicalAddressLow	2.0	2.0 and later	Ndis.h	Ndislib.lib	Windows CE OS
_wcesdk_NdisIMDeInitializeDeviceInstance	NdisIMDeInitializeDeviceInstance	3.0	3.0 and later	Ndis.h	Ndislib.lib	Windows CE OS
_wcesdk_NdisIMGetDeviceContext	NdisIMGetDeviceContext	3.0	3.0 and later	Ndis.h	Ndislib.lib	Windows CE OS
_wcesdk_NdisIMInitializeDeviceInstance	NdisIMInitializeDeviceInstance	3.0	3.0 and later	Ndis.h	Ndislib.lib	Windows CE OS
_wcesdk_NdisIMInitializeDeviceInstanceEx	NdisIMInitializeDeviceInstanceEx	3.0	3.0 and later	Ndis.h	Ndislib.lib	Windows CE OS
_wcesdk_NdisIMRegisterLayeredMiniport	NdisIMRegisterLayeredMiniport	3.0	3.0 and later	Ndis.h	Ndislib.lib	Windows CE OS
_wcesdk_NdisIMRevertBack	NdisIMRevertBack	2.0	2.0 and later	Ndis.h	Ndislib.lib	Windows CE OS
_wcesdk_NdisIMSwitchToMiniport	NdisIMSwitchToMiniport	2.0	2.0 and later	Ndis.h	Ndislib.lib	Windows CE OS
_wcesdk_NdisInitAnsiString	NdisInitAnsiString	2.0	2.0 and later	Ndis.h	Ndislib.lib	Windows CE OS
_wcesdk_NdisInitUnicodeString	NdisInitUnicodeString	2.0	2.0 and later	Ndis.h	Ndislib.lib	Windows CE OS
_wcesdk_NdisInitializeListHead	NdisInitializeListHead	2.0	2.0 and later	Ndis.h	Ndislib.lib	Windows CE OS
_wcesdk_NdisInitializeString	NdisInitializeString	2.0	2.0 and later	Ndis.h	Ndislib.lib	Windows CE OS
_wcesdk_NdisInterlockedInsertHeadList	NdisInterlockedInsertHeadList	2.0	2.0 and later	Ndis.h	Ndislib.lib	Windows CE OS
_wcesdk_NdisInterlockedInsertTailList	NdisInterlockedInsertTailList	2.0	2.0 and later	Ndis.h	Ndislib.lib	Windows CE OS
_wcesdk_NdisInterlockedRemoveHeadList	NdisInterlockedRemoveHeadList	2.0	2.0 and later	Ndis.h	Ndislib.lib	Windows CE OS
_wcesdk_NdisMAllocateMapRegisters	NdisMAllocateMapRegisters	2.0	2.0 and later	Ndis.h	Ndislib.lib	Windows CE OS
_wcesdk_NdisMCancelTimer	NdisMCancelTimer	2.0	2.0 and later	Ndis.h	Ndislib.lib	Windows CE OS
_wcesdk_NdisMDeregisterAdapterShutdownHandler	NdisMDeregisterAdapterShutdownHandler	2.0	2.0 and later	Ndis.h	Ndislib.lib	Windows CE OS
_wcesdk_NdisMDeregisterInterrupt	NdisMDeregisterInterrupt	2.0	2.0 and later	Ndis.h	Ndislib.lib	Windows CE OS
_wcesdk_NdisMDeregisterIoPortRange	NdisMDeregisterIoPortRange	2.0	2.0 and later	Ndis.h	Ndislib.lib	Windows CE OS
_wcesdk_NdisMEthIndicateReceive	NdisMEthIndicateReceive	2.0	2.0 and later	Ndis.h	Ndislib.lib	Windows CE OS
_wcesdk_NdisMEthIndicateReceiveComplete	NdisMEthIndicateReceiveComplete	2.0	2.0 and later	Ndis.h	Ndislib.lib	Windows CE OS
_wcesdk_NdisMFreeMapRegisters	NdisMFreeMapRegisters	2.0	2.0 and later	Ndis.h	Ndislib.lib	Windows CE OS
_wcesdk_NdisMIndicateReceivePacket	NdisMIndicateReceivePacket	2.0	2.0 and later	Ndis.h	Ndislib.lib	Windows CE OS
_wcesdk_NdisMIndicateStatus	NdisMIndicateStatus	2.0	2.0 and later	Ndis.h	Ndislib.lib	Windows CE OS
_wcesdk_NdisMIndicateStatusComplete	NdisMIndicateStatusComplete	2.0	2.0 and later	Ndis.h	Ndislib.lib	Windows CE OS
_wcesdk_NdisMInitializeTimer	NdisMInitializeTimer	2.0	2.0 and later	Ndis.h	Ndislib.lib	Windows CE OS
_wcesdk_NdisMInitializeWrapper	NdisMInitializeWrapper	2.0	2.0 and later	Ndis.h	Ndislib.lib	Windows CE OS
_wcesdk_NdisMMapIoSpace	NdisMMapIoSpace	2.0	2.0 and later	Ndis.h	Ndislib.lib	Windows CE OS
_wcesdk_NdisMPciAssignResources	NdisMPciAssignResources	2.0	2.0 and later	Ndis.h	Ndislib.lib	Windows CE OS
_wcesdk_NdisMQueryInformationComplete	NdisMQueryInformationComplete	2.0	2.0 and later	Ndis.h	Ndislib.lib	Windows CE OS
_wcesdk_NdisMRegisterAdapterShutdownHandler	NdisMRegisterAdapterShutdownHandler	2.0	2.0 and later	Ndis.h	Ndislib.lib	Windows CE OS
_wcesdk_NdisMRegisterInterrupt	NdisMRegisterInterrupt	2.0	2.0 and later	Ndis.h	Ndislib.lib	Windows CE OS
_wcesdk_NdisMRegisterIoPortRange	NdisMRegisterIoPortRange	2.0	2.0 and later	Ndis.h	Ndislib.lib	Windows CE OS
_wcesdk_NdisMRegisterMiniport	NdisMRegisterMiniport	2.0	2.0 and later	Ndis.h	Ndislib.lib	Windows CE OS
_wcesdk_NdisMResetComplete	NdisMResetComplete	2.0	2.0 and later	Ndis.h	Ndislib.lib	Windows CE OS
_wcesdk_NdisMSendComplete	NdisMSendComplete	2.0	2.0 and later	Ndis.h	Ndislib.lib	Windows CE OS
_wcesdk_NdisMSendResourcesAvailable	NdisMSendResourcesAvailable	2.0	2.0 and later	Ndis.h	Ndislib.lib	Windows CE OS
_wcesdk_NdisMSetAttributes	NdisMSetAttributes	2.0	2.0 and later	Ndis.h	Ndislib.lib	Windows CE OS
_wcesdk_NdisMSetAttributesEx	NdisMSetAttributesEx	2.0	2.0 and later	Ndis.h	Ndislib.lib	Windows CE OS
_wcesdk_NdisMSetInformationComplete	NdisMSetInformationComplete	2.0	2.0 and later	Ndis.h	Ndislib.lib	Windows CE OS
_wcesdk_NdisMSetPeriodicTimer	NdisMSetPeriodicTimer	2.0	2.0 and later	Ndis.h	Ndislib.lib	Windows CE OS
_wcesdk_NdisMSetTimer	NdisMSetTimer	2.0	2.0 and later	Ndis.h	Ndislib.lib	Windows CE OS
_wcesdk_NdisMSleep	NdisMSleep	2.0	2.0 and later	Ndis.h	Ndislib.lib	Windows CE OS
_wcesdk_NdisMSynchronizeWithInterrupt	NdisMSynchronizeWithInterrupt	2.0	2.0 and later	Ndis.h	Ndislib.lib	Windows CE OS
_wcesdk_NdisMTransferDataComplete	NdisMTransferDataComplete	2.0	2.0 and later	Ndis.h	Ndislib.lib	Windows CE OS
_wcesdk_NdisMUnmapIoSpace	NdisMUnmapIoSpace	2.0	2.0 and later	Ndis.h	Ndislib.lib	Windows CE OS
_wcesdk_NdisMUpdateSharedMemory	NdisMUpdateSharedMemory	2.0	2.0 and later	Ndis.h	Ndislib.lib	Windows CE OS
_wcesdk_NdisMWanIndicateReceive	NdisMWanIndicateReceive	3.0	3.0 and later	Ndis.h	Ndislib.lib	Windows CE OS
_wcesdk_NdisMWanIndicateReceiveComplete	NdisMWanIndicateReceiveComplete	3.0	3.0 and later	Ndis.h	Ndislib.lib	Windows CE OS
_wcesdk_NdisMWanSendComplete	NdisMWanSendComplete	3.0	3.0 and later	Ndis.h	Ndislib.lib	Windows CE OS
_wcesdk_NdisMoveFromMappedMemory	NdisMoveFromMappedMemory	2.0	2.0 and later	Ndis.h	Ndislib.lib	Windows CE OS
_wcesdk_NdisMoveMappedMemory	NdisMoveMappedMemory	2.0	2.0 and later	Ndis.h	Ndislib.lib	Windows CE OS
_wcesdk_NdisMoveMemory	NdisMoveMemory	2.0	2.0 and later	Ndis.h	Ndislib.lib	Windows CE OS
_wcesdk_NdisMoveToMappedMemory	NdisMoveToMappedMemory	2.0	2.0 and later	Ndis.h	Ndislib.lib	Windows CE OS
_wcesdk_NdisOpenAdapter	NdisOpenAdapter	2.0	2.0 and later	Ndis.h	Ndislib.lib	Windows CE OS
_wcesdk_NdisOpenConfiguration	NdisOpenConfiguration	2.0	2.0 and later	Ndis.h	Ndislib.lib	Windows CE OS
_wcesdk_NdisOpenProtocolConfiguration	NdisOpenProtocolConfiguration	2.0	2.0 and later	Ndis.h	Ndislib.lib	Windows CE OS
_wcesdk_NdisPrintString	NdisPrintString	2.0	2.0 and later	Ndis.h	Ndislib.lib	Windows CE OS
_wcesdk_NdisQueryBuffer	NdisQueryBuffer	2.0	2.0 and later	Ndis.h	Ndislib.lib	Windows CE OS
_wcesdk_NdisQueryBufferOffset	NdisQueryBufferOffset	2.0	2.0 and later	Ndis.h	Ndislib.lib	Windows CE OS
_wcesdk_NdisQueryMapRegisterCount	NdisQueryMapRegisterCount	2.0	2.0 and later	Ndis.h	Ndislib.lib	Windows CE OS
_wcesdk_NdisQueryPacket	NdisQueryPacket	2.0	2.0 and later	Ndis.h	Ndislib.lib	Windows CE OS
_wcesdk_NdisRawReadPortBufferUchar	NdisRawReadPortBufferUchar	2.0	2.0 and later	Ndis.h	Ndislib.lib	Windows CE OS
_wcesdk_NdisRawReadPortBufferUlong	NdisRawReadPortBufferUlong	2.0	2.0 and later	Ndis.h	Ndislib.lib	Windows CE OS
_wcesdk_NdisRawReadPortBufferUshort	NdisRawReadPortBufferUshort	2.0	2.0 and later	Ndis.h	Ndislib.lib	Windows CE OS
_wcesdk_NdisRawReadPortUchar	NdisRawReadPortUchar	2.0	2.0 and later	Ndis.h	Ndislib.lib	Windows CE OS
_wcesdk_NdisRawReadPortUlong	NdisRawReadPortUlong	2.0	2.0 and later	Ndis.h	Ndislib.lib	Windows CE OS
_wcesdk_NdisRawReadPortUshort	NdisRawReadPortUshort	2.0	2.0 and later	Ndis.h	Ndislib.lib	Windows CE OS
_wcesdk_NdisRawWritePortBufferUchar	NdisRawWritePortBufferUchar	2.0	2.0 and later	Ndis.h	Ndislib.lib	Windows CE OS
_wcesdk_NdisRawWritePortBufferUlong	NdisRawWritePortBufferUlong	2.0	2.0 and later	Ndis.h	Ndislib.lib	Windows CE OS
_wcesdk_NdisRawWritePortBufferUshort	NdisRawWritePortBufferUshort	2.0	2.0 and later	Ndis.h	Ndislib.lib	Windows CE OS
_wcesdk_NdisRawWritePortUchar	NdisRawWritePortUchar	2.0	2.0 and later	Ndis.h	Ndislib.lib	Windows CE OS
_wcesdk_NdisRawWritePortUlong	NdisRawWritePortUlong	2.0	2.0 and later	Ndis.h	Ndislib.lib	Windows CE OS
_wcesdk_NdisRawWritePortUshort	NdisRawWritePortUshort	2.0	2.0 and later	Ndis.h	Ndislib.lib	Windows CE OS
_wcesdk_NdisReadConfiguration	NdisReadConfiguration	2.0	2.0 and later	Ndis.h	Ndislib.lib	Windows CE OS
_wcesdk_NdisReadNetworkAddress	NdisReadNetworkAddress	2.0	2.0 and later	Ndis.h	Ndislib.lib	Windows CE OS
_wcesdk_NdisReadPciSlotInformation	NdisReadPciSlotInformation	2.0	2.0 and later	Ndis.h	Ndislib.lib	Windows CE OS
_wcesdk_NdisRecalculatePacketCounts	NdisRecalculatePacketCounts	2.0	2.0 and later	Ndis.h	Ndislib.lib	Windows CE OS
_wcesdk_NdisRegisterProtocol	NdisRegisterProtocol	2.0	2.0 and later	Ndis.h	Ndislib.lib	Windows CE OS
_wcesdk_NdisReinitializePacket	NdisReinitializePacket	2.0	2.0 and later	Ndis.h	Ndislib.lib	Windows CE OS
_wcesdk_NdisReleaseSpinLock	NdisReleaseSpinLock	2.0	2.0 and later	Ndis.h	Ndislib.lib	Windows CE OS
_wcesdk_NdisRequest	NdisRequest	2.0	2.0 and later	Ndis.h	Ndislib.lib	Windows CE OS
_wcesdk_NdisReset	NdisReset	2.0	2.0 and later	Ndis.h	Ndislib.lib	Windows CE OS
_wcesdk_NdisReturnPackets	NdisReturnPackets	2.0	2.0 and later	Ndis.h	Ndislib.lib	Windows CE OS
_wcesdk_NdisSend	NdisSend	2.0	2.0 and later	Ndis.h	Ndislib.lib	Windows CE OS
_wcesdk_NdisSetPacketFlags	NdisSetPacketFlags	2.0	2.0 and later	Ndis.h	Ndislib.lib	Windows CE OS
_wcesdk_NdisSetPhysicalAddressHigh	NdisSetPhysicalAddressHigh	2.0	2.0 and later	Ndis.h	Ndislib.lib	Windows CE OS
_wcesdk_NdisSetPhysicalAddressLow	NdisSetPhysicalAddressLow	2.0	2.0 and later	Ndis.h	Ndislib.lib	Windows CE OS
_wcesdk_NdisStallExecution	NdisStallExecution	2.0	2.0 and later	Ndis.h	Ndislib.lib	Windows CE OS
_wcesdk_NdisTerminateWrapper	NdisTerminateWrapper	2.0	2.0 and later	Ndis.h	Ndislib.lib	Windows CE OS
_wcesdk_NdisTransferData	NdisTransferData	2.0	2.0 and later	Ndis.h	Ndislib.lib	Windows CE OS
_wcesdk_NdisUnchainBufferAtBack	NdisUnchainBufferAtBack	2.0	2.0 and later	Ndis.h	Ndislib.lib	Windows CE OS
_wcesdk_NdisUnchainBufferAtFront	NdisUnchainBufferAtFront	2.0	2.0 and later	Ndis.h	Ndislib.lib	Windows CE OS
_wcesdk_NdisUnicodeStringToAnsiString	NdisUnicodeStringToAnsiString	2.0	2.0 and later	Ndis.h	Ndislib.lib	Windows CE OS
_wcesdk_NdisWriteConfiguration	NdisWriteConfiguration	2.0	2.0 and later	Ndis.h	Ndislib.lib	Windows CE OS
_wcesdk_NdisWriteErrorLogEntry	NdisWriteErrorLogEntry	2.0	2.0 and later	Ndis.h	Ndislib.lib	Windows CE OS
_wcesdk_NdisWritePciSlotInformation	NdisWritePciSlotInformation	2.0	2.0 and later	Ndis.h	Ndislib.lib	Windows CE OS
_wcesdk_NdisZeroMappedMemory	NdisZeroMappedMemory	2.0	2.0 and later	Ndis.h	Ndislib.lib	Windows CE OS
_wcesdk_NdisZeroMemory	NdisZeroMemory	2.0	2.0 and later	Ndis.h	Ndislib.lib	Windows CE OS
_wcesdk_OBJNOTIFY	OBJNOTIFY	2.0	2.0 and later	Cesync.h		Windows CE OS
_wcesdk_OBJTYPEINFO	OBJTYPEINFO	2.0	2.0 and later	Cesync.h		Windows CE OS
_wcesdk_OBJUIDATA	OBJUIDATA	2.0	2.0 and later	Cesync.h		Windows CE OS
_wcesdk_ObjectNotify	ObjectNotify	2.0	2.0 and later	Cesync.h		Windows CE OS
_wcesdk_PBM_GETPOS	PBM_GETPOS	2.0	2.0 and later	Commctrl.h		Windows CE OS
_wcesdk_PBM_GETRANGE	PBM_GETRANGE	2.0	2.0 and later	Commctrl.h		Windows CE OS
_wcesdk_PBM_SETRANGE32	PBM_SETRANGE32	2.0	2.0 and later	Commctrl.h		Windows CE OS
_wcesdk_PBRANGE	PBRANGE	2.0	2.0 and later	Commctrl.h		Windows CE OS
_wcesdk_PFF_CONVERTINFO	PFF_CONVERTINFO	1.0	1.0 and 1.01	Replfilt.h		Windows CE OS
_wcesdk_PFF_DESTINATIONFILE	PFF_DESTINATIONFILE	1.0	1.0 and 1.01	Replfilt.h		Windows CE OS
_wcesdk_PFF_SOURCEFILE	PFF_SOURCEFILE	1.0	1.0 and 1.01	Replfilt.h		Windows CE OS
_wcesdk_PSM_ADDPAGE	PSM_ADDPAGE	1.0	1.0 and later			Windows CE OS
_wcesdk_PSM_APPLY	PSM_APPLY	1.0	1.0 and later	Commctrl.h		Windows CE OS
_wcesdk_PSM_CANCELTOCLOSE	PSM_CANCELTOCLOSE	1.0	1.0 and later	Commctrl.h		Windows CE OS
_wcesdk_PSM_CHANGED	PSM_CHANGED	1.0	1.0 and later	Commctrl.h		Windows CE OS
_wcesdk_PSM_GETCURRENTPAGEHWND	PSM_GETCURRENTPAGEHWND	1.0	1.0 and later	Commctrl.h		Windows CE OS
_wcesdk_PSM_GETTABCONTROL	PSM_GETTABCONTROL	1.0	1.0 and later	Commctrl.h		Windows CE OS
_wcesdk_PSM_ISDIALOGMESSAGE	PSM_ISDIALOGMESSAGE	1.0	1.0 and later	Commctrl.h		Windows CE OS
_wcesdk_PSM_PRESSBUTTON	PSM_PRESSBUTTON	1.0	1.0 and later	Commctrl.h		Windows CE OS
_wcesdk_PSM_QUERYSIBLINGS	PSM_QUERYSIBLINGS	1.0	1.0 and later	Commctrl.h		Windows CE OS
_wcesdk_PSM_REBOOTSYSTEM	PSM_REBOOTSYSTEM	1.0	1.0 and later	Commctrl.h		Windows CE OS
_wcesdk_PSM_REMOVEPAGE	PSM_REMOVEPAGE	1.0	1.0 and later	Commctrl.h		Windows CE OS
_wcesdk_PSM_RESTARTWINDOWS	PSM_RESTARTWINDOWS	1.0	1.0 and later	Commctrl.h		Windows CE OS
_wcesdk_PSM_SETCURSEL	PSM_SETCURSEL	1.0	1.0 and later	Commctrl.h		Windows CE OS
_wcesdk_PSM_SETCURSELID	PSM_SETCURSELID	1.0	1.0 and later	Commctrl.h		Windows CE OS
_wcesdk_PSM_SETTITLE	PSM_SETTITLE	1.0	1.0 and later	Commctrl.h		Windows CE OS
_wcesdk_PSM_SETWIZBUTTONS	PSM_SETWIZBUTTONS	1.0	1.0 and later	Commctrl.h		Windows CE OS
_wcesdk_PostKeybdMessage	PostKeybdMessage	2.0	2.0 and later	Winuser.h	Kbdui.lib	Windows CE OS
_wcesdk_PropSheet_AddPage	PropSheet_AddPage	1.0	1.0 and later	Prsht.h		Windows CE OS
_wcesdk_PropSheet_Apply	PropSheet_Apply	1.0	1.0 and later	Prsht.h		Windows CE OS
_wcesdk_PropSheet_CancelToClose	PropSheet_CancelToClose	1.0	1.0 and later	Prsht.h		Windows CE OS
_wcesdk_PropSheet_Changed	PropSheet_Changed	1.0	1.0 and later	Prsht.h		Windows CE OS
_wcesdk_PropSheet_GetCurrentPageHwnd	PropSheet_GetCurrentPageHwnd	1.0	1.0 and later	Prsht.h		Windows CE OS
_wcesdk_PropSheet_GetTabControl	PropSheet_GetTabControl	1.0	1.0 and later	Prsht.h		Windows CE OS
_wcesdk_PropSheet_IsDialogMessage	PropSheet_IsDialogMessage	1.0	1.0 and later	Prsht.h		Windows CE OS
_wcesdk_PropSheet_PressButton	PropSheet_PressButton	1.0	1.0 and later	Prsht.h		Windows CE OS
_wcesdk_PropSheet_QuerySiblings	PropSheet_QuerySiblings	1.0	1.0 and later	Prsht.h		Windows CE OS
_wcesdk_PropSheet_RebootSystem	PropSheet_RebootSystem	1.0	1.0 and later	Prsht.h		Windows CE OS
_wcesdk_PropSheet_RemovePage	PropSheet_RemovePage	1.0	1.0 and later	Prsht.h		Windows CE OS
_wcesdk_PropSheet_RestartWindows	PropSheet_RestartWindows	1.0	1.0 and later	Prsht.h		Windows CE OS
_wcesdk_PropSheet_SetCurSel	PropSheet_SetCurSel	1.0	1.0 and later	Prsht.h		Windows CE OS
_wcesdk_PropSheet_SetCurSelByID	PropSheet_SetCurSelByID	1.0	1.0 and later	Prsht.h		Windows CE OS
_wcesdk_PropSheet_SetTitle	PropSheet_SetTitle	1.0	1.0 and later	Prsht.h		Windows CE OS
_wcesdk_PropSheet_SetWizButtons	PropSheet_SetWizButtons	1.0	1.0 and later	Prsht.h		Windows CE OS
_wcesdk_PropSheet_UnChanged	PropSheet_UnChanged	1.0	1.0 and later	Prsht.h		Windows CE OS
_wcesdk_ProtocolBindAdapter	ProtocolBindAdapter	2.0	2.0 and later	Ndis.h	Ndislib.lib	Windows CE OS
_wcesdk_ProtocolCloseAdapterComplete	ProtocolCloseAdapterComplete	2.0	2.0 and later	Ndis.h	Ndislib.lib	Windows CE OS
_wcesdk_ProtocolOpenAdapterComplete	ProtocolOpenAdapterComplete	2.0	2.0 and later	Ndis.h	Ndislib.lib	Windows CE OS
_wcesdk_ProtocolReceive	ProtocolReceive	2.0	2.0 and later	Ndis.h	Ndislib.lib	Windows CE OS
_wcesdk_ProtocolReceiveComplete	ProtocolReceiveComplete	2.0	2.0 and later	Ndis.h	Ndislib.lib	Windows CE OS
_wcesdk_ProtocolRequestComplete	ProtocolRequestComplete	2.0	2.0 and later	Ndis.h	Ndislib.lib	Windows CE OS
_wcesdk_ProtocolResetComplete	ProtocolResetComplete	2.0	2.0 and later	Ndis.h	Ndislib.lib	Windows CE OS
_wcesdk_ProtocolSendComplete	ProtocolSendComplete	2.0	2.0 and later	Ndis.h	Ndislib.lib	Windows CE OS
_wcesdk_ProtocolStatus	ProtocolStatus	2.0	2.0 and later	Ndis.h	Ndislib.lib	Windows CE OS
_wcesdk_ProtocolStatusComplete	ProtocolStatusComplete	2.0	2.0 and later	Ndis.h	Ndislib.lib	Windows CE OS
_wcesdk_ProtocolTransferDataComplete	ProtocolTransferDataComplete	2.0	2.0 and later	Ndis.h	Ndislib.lib	Windows CE OS
_wcesdk_ProtocolUnbindAdapter	ProtocolUnbindAdapter	2.0	2.0 and later	Ndis.h	Ndislib.lib	Windows CE OS
_wcesdk_RAPIINIT	RAPIINIT	1.0	1.0 and later	Rapi.h		Windows CE OS
_wcesdk_RBHITTESTINFO	RBHITTESTINFO	2.0	2.0 and later	Commctrl.h		Windows CE OS
_wcesdk_RBN_AUTOSIZE	RBN_AUTOSIZE	2.0	2.0 and later	Commctrl.h		Windows CE OS
_wcesdk_RBN_BEGINDRAG	RBN_BEGINDRAG	2.0	2.0 and later	Commctrl.h		Windows CE OS
_wcesdk_RBN_ENDDRAG	RBN_ENDDRAG	2.0	2.0 and later	Commctrl.h		Windows CE OS
_wcesdk_RBN_HEIGHTCHANGE	RBN_HEIGHTCHANGE	2.0	2.0 and later	Commctrl.h		Windows CE OS
_wcesdk_RBN_LAYOUTCHANGED	RBN_LAYOUTCHANGED	2.0	2.0 and later	Commctrl.h		Windows CE OS
_wcesdk_RB_DELETEBAND	RB_DELETEBAND	2.0	2.0 and later	Commctrl.h		Windows CE OS
_wcesdk_RB_GETBANDBORDERS	RB_GETBANDBORDERS	2.0	2.0 and later	Commctrl.h		Windows CE OS
_wcesdk_RB_GETBANDCOUNT	RB_GETBANDCOUNT	2.0	2.0 and later	Commctrl.h		Windows CE OS
_wcesdk_RB_GETBANDINFO	RB_GETBANDINFO	2.0	2.0 and later	Commctrl.h		Windows CE OS
_wcesdk_RB_GETBARHEIGHT	RB_GETBARHEIGHT	2.0	2.0 and later	Commctrl.h		Windows CE OS
_wcesdk_RB_GETBARINFO	RB_GETBARINFO	2.0	2.0 and later	Commctrl.h		Windows CE OS
_wcesdk_RB_GETBKCOLOR	RB_GETBKCOLOR	2.0	2.0 and later	Commctrl.h		Windows CE OS
_wcesdk_RB_GETRECT	RB_GETRECT	2.0	2.0 and later	Commctrl.h		Windows CE OS
_wcesdk_RB_GETROWCOUNT	RB_GETROWCOUNT	2.0	2.0 and later	Commctrl.h		Windows CE OS
_wcesdk_RB_GETROWHEIGHT	RB_GETROWHEIGHT	2.0	2.0 and later	Commctrl.h		Windows CE OS
_wcesdk_RB_GETTEXTCOLOR	RB_GETTEXTCOLOR	2.0	2.0 and later	Commctrl.h		Windows CE OS
_wcesdk_RB_HITTEST	RB_HITTEST	2.0	2.0 and later	Commctrl.h		Windows CE OS
_wcesdk_RB_IDTOINDEX	RB_IDTOINDEX	2.0	2.0 and later	Commctrl.h		Windows CE OS
_wcesdk_RB_INSERTBAND	RB_INSERTBAND	2.0	2.0 and later	Commctrl.h		Windows CE OS
_wcesdk_RB_MAXIMIZEBAND	RB_MAXIMIZEBAND	2.0	2.0 and later	Commctrl.h		Windows CE OS
_wcesdk_RB_MINIMIZEBAND	RB_MINIMIZEBAND	2.0	2.0 and later	Commctrl.h		Windows CE OS
_wcesdk_RB_SETBANDINFO	RB_SETBANDINFO	2.0	2.0 and later	Commctrl.h		Windows CE OS
_wcesdk_RB_SETBARINFO	RB_SETBARINFO	2.0	2.0 and later	Commctrl.h		Windows CE OS
_wcesdk_RB_SETBKCOLOR	RB_SETBKCOLOR	2.0	2.0 and later	Commctrl.h		Windows CE OS
_wcesdk_RB_SETPARENT	RB_SETPARENT	2.0	2.0 and later	Commctrl.h		Windows CE OS
_wcesdk_RB_SETTEXTCOLOR	RB_SETTEXTCOLOR	2.0	2.0 and later	Commctrl.h		Windows CE OS
_wcesdk_RB_SHOWBAND	RB_SHOWBAND	2.0	2.0 and later	Commctrl.h		Windows CE OS
_wcesdk_RB_SIZETORECT	RB_SIZETORECT	2.0	2.0 and later	Commctrl.h		Windows CE OS
_wcesdk_REBARBANDINFO	REBARBANDINFO	2.0	2.0 and later	Commctrl.h		Windows CE OS
_wcesdk_REBARINFO	REBARINFO	2.0	2.0 and later	Commctrl.h		Windows CE OS
_wcesdk_RECTL	RECTL	1.0	1.0 and later	Windef.h		Windows CE OS
_wcesdk_REPLSETUP	REPLSETUP	2.0	2.0 and later	Cesync.h		Windows CE OS
_wcesdk_RegisterDevice	RegisterDevice	1.0	1.0 and later	Winbase.h	Coredll.lib	Windows CE OS
_wcesdk_ReportStatus	ReportStatus	2.0	2.0 and later	Cesync.h		Windows CE OS
_wcesdk_RetrieveUrlCacheEntryFile	RetrieveUrlCacheEntryFile	2.12	2.12 and later	Wininet.h	Wininet.lib	Windows CE OS
_wcesdk_SBN_SIMPLEMODECHANGE	SBN_SIMPLEMODECHANGE	2.0	2.0 and later	Commctrl.h		Windows CE OS
_wcesdk_SB_ISSIMPLE	SB_ISSIMPLE	1.0	1.0 and later	Commctrl.h		Windows CE OS
_wcesdk_SHCreateShortcut	SHCreateShortcut	1.0	1.0 and later	Shellapi.h	Shortcut.lib	Windows CE OS
_wcesdk_SHGetShortcutTarget	SHGetShortcutTarget	1.0	1.0 and later	Shellapi.h	Shortcut.lib	Windows CE OS
_wcesdk_SHGetSpecialFolderPath	SHGetSpecialFolderPath	2.12	2.12 and later	Shellapi.h		Windows CE OS
_wcesdk_SHLoadDIBitmap	SHLoadDIBitmap	1.0	1.0 and later	Shellapi.h	Shmisc.lib	Windows CE OS
_wcesdk_SHShowOutOfMemory	SHShowOutOfMemory	1.0	1.0 and later	Shellapi.h	Shmisc.lib	Windows CE OS
_wcesdk_SIPINFO_str	SIPINFO	2.01	2.01 and later	Sipapi.h		Windows CE OS
_wcesdk_SORTORDERSPEC	SORTORDERSPEC	1.0	1.0 and later	Windbase.h		Windows CE OS
_wcesdk_SPLBUFFER_str	SPLBUFFER	2.10	2.10 and later	Splapi.h		Windows CE OS
_wcesdk_SPLSUGGEST_str	SPLSUGGEST	2.10	2.10 and later	Splapi.h		Windows CE OS
_wcesdk_STOREINFO	STOREINFO	2.0	2.0 and later	Cesync.h		Windows CE OS
_wcesdk_STORE_INFORMATION	STORE_INFORMATION	1.0	1.0 and later	Winbase.h		Windows CE OS
_wcesdk_SYSTEM_POWER_STATUS_EX	SYSTEM_POWER_STATUS_EX	1.0	1.0 and later	Winbase.h		Windows CE OS
_wcesdk_SYSTEM_POWER_STATUS_EX2	SYSTEM_POWER_STATUS_EX2	2.12	2.12 and later	Winbase.h		Windows CE OS
_wcesdk_SetDaylightTime	SetDaylightTime	2.0	2.0 and later	Winbase.h	Coredll.lib	Windows CE OS
_wcesdk_SetUrlCacheEntryGroup	SetUrlCacheEntryGroup	2.12	2.12 and later	Wininet.h	Wininet.lib	Windows CE OS
_wcesdk_SetUrlCacheEntryInfo	SetUrlCacheEntryInfo	2.12	2.12 and later	Wininet.h	Wininet.lib	Windows CE OS
_wcesdk_SipEnumIM	SipEnumIM	2.10	2.10 and later	Sipapi.h	Coresip.lib	Windows CE OS
_wcesdk_SipEnumIMProc	SipEnumIMProc	2.10	2.10 and later		Coresip.lib	Windows CE OS
_wcesdk_SipGetCurrentIM	SipGetCurrentIM	2.10	2.10 and later	Sipapi.h	Coresip.lib	Windows CE OS
_wcesdk_SipGetInfo	SipGetInfo	2.10	2.10 and later	Sipapi.h	Coresip.lib	Windows CE OS
_wcesdk_SipRegisterNotification	SipRegisterNotification	2.10	2.10 and later	Sipapi.h	Coresip.lib	Windows CE OS
_wcesdk_SipSetCurrentIM	SipSetCurrentIM	2.10	2.10 and later	Sipapi.h	Coresip.lib	Windows CE OS
_wcesdk_SipSetDefaultRect	SipSetDefaultRect	2.10	2.10 and later	Sipapi.h	Coresip.lib	Windows CE OS
_wcesdk_SipSetInfo	SipSetInfo	2.10	2.10 and later	Sipapi.h	Coresip.lib	Windows CE OS
_wcesdk_SipShowIM	SipShowIM	2.10	2.10 and later	Sipapi.h	Coresip.lib	Windows CE OS
_wcesdk_SipStatus	SipStatus	2.10	2.10 and later	Sipapi.h	Coresip.lib	Windows CE OS
_wcesdk_SplAddUserDict	SplAddUserDict	2.10	2.10 and later	Splapi.h	Splusa.lib	Windows CE OS
_wcesdk_SplCheck	SplCheck	2.10	2.10 and later	Splapi.h	Splusa.lib	Windows CE OS
_wcesdk_SplClrUserDict	SplClrUserDict	2.10	2.10 and later	Splapi.h	Splusa.lib	Windows CE OS
_wcesdk_SplEnumUserDict	SplEnumUserDict	2.10	2.10 and later	Splapi.h	Splusa.lib	Windows CE OS
_wcesdk_SplInit	SplInit	2.10	2.10 and later	Splapi.h	Splusa.lib	Windows CE OS
_wcesdk_SplLimitGet	SplLimitGet	2.10	2.10 and later	Splapi.h	Splusa.lib	Windows CE OS
_wcesdk_SplLimitSet	SplLimitSet	2.10	2.10 and later	Splapi.h	Splusa.lib	Windows CE OS
_wcesdk_SplOptionGet	SplOptionGet	2.10	2.10 and later	Splapi.h	Splusa.lib	Windows CE OS
_wcesdk_SplOptionSet	SplOptionSet	2.10	2.10 and later	Splapi.h	Splusa.lib	Windows CE OS
_wcesdk_SplQuit	SplQuit	2.10	2.10 and later	Splapi.h	Splusa.lib	Windows CE OS
_wcesdk_SplRemUserDict	SplRemUserDict	2.10	2.10 and later	Splapi.h	Splusa.lib	Windows CE OS
_wcesdk_SplReplace	SplReplace	2.10	2.10 and later	Splapi.h	Splusa.lib	Windows CE OS
_wcesdk_SplSizeUserDict	SplSizeUserDict	2.10	2.10 and later	Splapi.h	Splusa.lib	Windows CE OS
_wcesdk_SplSuggest	SplSuggest	2.10	2.10 and later	Splapi.h	Splusa.lib	Windows CE OS
_wcesdk_SystemIdleTimerReset	SystemIdleTimerReset	2.0	2.0 and later	Winuser.h		Windows CE OS
_wcesdk_TBBUTTONINFO	TBBUTTONINFO	2.0	2.0 and later	Commctrl.h		Windows CE OS
_wcesdk_TBM_GETBUDDY	TBM_GETBUDDY	2.0	2.0 and later	Commctrl.h		Windows CE OS
_wcesdk_TBM_SETBUDDY	TBM_SETBUDDY	1.0	1.0 and later	Commctrl.h		Windows CE OS
_wcesdk_TBN_DROPDOWN	TBN_DROPDOWN	2.0	2.0 and later	Commctrl.h		Windows CE OS
_wcesdk_TBREPLACEBITMAP	TBREPLACEBITMAP	2.0	2.0 and later	Commctrl.h		Windows CE OS
_wcesdk_TB_GETBUTTONINFO	TB_GETBUTTONINFO	1.0	1.0 and later	Commctrl.h		Windows CE OS
_wcesdk_TB_GETBUTTONSIZE	TB_GETBUTTONSIZE	2.0	2.0 and later	Commctrl.h		Windows CE OS
_wcesdk_TB_GETDISABLEDIMAGELIST	TB_GETDISABLEDIMAGELIST	2.0	2.0 and later	Commctrl.h		Windows CE OS
_wcesdk_TB_GETIMAGELIST	TB_GETIMAGELIST	2.0	2.0 and later	Commctrl.h		Windows CE OS
_wcesdk_TB_GETRECT	TB_GETRECT	1.0	1.0 and later	Commctrl.h		Windows CE OS
_wcesdk_TB_GETSTYLE	TB_GETSTYLE	2.0	2.0 and later	Commctrl.h		Windows CE OS
_wcesdk_TB_GETTEXTROWS	TB_GETTEXTROWS	2.0	2.0 and later	Commctrl.h		Windows CE OS
_wcesdk_TB_HIGHLIGHTBUTTON	TB_HIGHLIGHTBUTTON	2.0	2.0 and later	Commctrl.h		Windows CE OS
_wcesdk_TB_ISBUTTONHIGHLIGHTED	TB_ISBUTTONHIGHLIGHTED	2.0	2.0 and later	Commctrl.h		Windows CE OS
_wcesdk_TB_LOADIMAGES	TB_LOADIMAGES	1.0	1.0 and later	Commctrl.h		Windows CE OS
_wcesdk_TB_REPLACEBITMAP	TB_REPLACEBITMAP	2.0	2.0 and later	Commctrl.h		Windows CE OS
_wcesdk_TB_SETBUTTONINFO	TB_SETBUTTONINFO	2.0	2.0 and later	Commctrl.h		Windows CE OS
_wcesdk_TB_SETBUTTONWIDTH	TB_SETBUTTONWIDTH	2.0	2.0 and later	Commctrl.h		Windows CE OS
_wcesdk_TB_SETDISABLEDIMAGELIST	TB_SETDISABLEDIMAGELIST	2.0	2.0 and later	Commctrl.h		Windows CE OS
_wcesdk_TB_SETDRAWTEXTFLAGS	TB_SETDRAWTEXTFLAGS	2.0	2.0 and later	Commctrl.h		Windows CE OS
_wcesdk_TB_SETIMAGELIST	TB_SETIMAGELIST	2.0	2.0 and later	Commctrl.h		Windows CE OS
_wcesdk_TB_SETINDENT	TB_SETINDENT	2.0	2.0 and later	Commctrl.h		Windows CE OS
_wcesdk_TB_SETMAXTEXTROWS	TB_SETMAXTEXTROWS	2.0	2.0 and later	Commctrl.h		Windows CE OS
_wcesdk_TB_SETSTYLE	TB_SETSTYLE	1.0	1.0 and later	Commctrl.h		Windows CE OS
_wcesdk_TCM_ADJUSTRECT	TCM_ADJUSTRECT	1.0	1.0 and later	Commctrl.h		Windows CE OS
_wcesdk_TCM_DELETEALLITEMS	TCM_DELETEALLITEMS	1.0	1.0 and later	Commctrl.h		Windows CE OS
_wcesdk_TCM_DELETEITEM	TCM_DELETEITEM	1.0	1.0 and later	Commctrl.h		Windows CE OS
_wcesdk_TCM_DESELECTALL	TCM_DESELECTALL	1.0	1.0 and later	Commctrl.h		Windows CE OS
_wcesdk_TCM_GETCURFOCUS	TCM_GETCURFOCUS	1.0	1.0 and later	Commctrl.h		Windows CE OS
_wcesdk_TCM_GETCURSEL	TCM_GETCURSEL	1.0	1.0 and later	Commctrl.h		Windows CE OS
_wcesdk_TCM_GETEXTENDEDSTYLE	TCM_GETEXTENDEDSTYLE	1.0	1.0 and later	Commctrl.h		Windows CE OS
_wcesdk_TCM_GETIMAGELIST	TCM_GETIMAGELIST	1.0	1.0 and later	Commctrl.h		Windows CE OS
_wcesdk_TCM_GETITEM	TCM_GETITEM	1.0	1.0 and later	Commctrl.h		Windows CE OS
_wcesdk_TCM_GETITEMCOUNT	TCM_GETITEMCOUNT	1.0	1.0 and later	Commctrl.h		Windows CE OS
_wcesdk_TCM_GETITEMRECT	TCM_GETITEMRECT	1.0	1.0 and later	Commctrl.h		Windows CE OS
_wcesdk_TCM_GETROWCOUNT	TCM_GETROWCOUNT	1.0	1.0 and later	Commctrl.h		Windows CE OS
_wcesdk_TCM_HIGHLIGHTITEM	TCM_HIGHLIGHTITEM	1.0	1.0 and later	Commctrl.h		Windows CE OS
_wcesdk_TCM_HITTEST	TCM_HITTEST	1.0	1.0 and later	Commctrl.h		Windows CE OS
_wcesdk_TCM_INSERTITEM	TCM_INSERTITEM	1.0	1.0 and later	Commctrl.h		Windows CE OS
_wcesdk_TCM_REMOVEIMAGE	TCM_REMOVEIMAGE	1.0	1.0 and later	Commctrl.h		Windows CE OS
_wcesdk_TCM_SETCURFOCUS	TCM_SETCURFOCUS	1.0	1.0 and later	Commctrl.h		Windows CE OS
_wcesdk_TCM_SETCURSEL	TCM_SETCURSEL	1.0	1.0 and later	Commctrl.h		Windows CE OS
_wcesdk_TCM_SETEXTENDEDSTYLE	TCM_SETEXTENDEDSTYLE	2.0	2.0 and later	Commctrl.h		Windows CE OS
_wcesdk_TCM_SETIMAGELIST	TCM_SETIMAGELIST	1.0	1.0 and later	Commctrl.h		Windows CE OS
_wcesdk_TCM_SETITEM	TCM_SETITEM	1.0	1.0 and later	Commctrl.h		Windows CE OS
_wcesdk_TCM_SETITEMEXTRA	TCM_SETITEMEXTRA	1.0	1.0 and later	Commctrl.h		Windows CE OS
_wcesdk_TCM_SETITEMSIZE	TCM_SETITEMSIZE	1.0	1.0 and later	Commctrl.h		Windows CE OS
_wcesdk_TCM_SETMINTABWIDTH	TCM_SETMINTABWIDTH	2.0	2.0 and later	Commctrl.h		Windows CE OS
_wcesdk_TCM_SETPADDING	TCM_SETPADDING	1.0	1.0 and later	Commctrl.h		Windows CE OS
_wcesdk_TEXT	TEXT	1.0	1.0 and later	Winnt.h		Windows CE OS
_wcesdk_TVM_CREATEDRAGIMAGE	TVM_CREATEDRAGIMAGE	1.0	1.0 and later	Commctrl.h		Windows CE OS
_wcesdk_TVM_DELETEITEM	TVM_DELETEITEM	1.0	1.0 and later	Commctrl.h		Windows CE OS
_wcesdk_TVM_EDITLABEL	TVM_EDITLABEL	1.0	1.0 and later	Commctrl.h		Windows CE OS
_wcesdk_TVM_ENDEDITLABELNOW	TVM_ENDEDITLABELNOW	1.0	1.0 and later	Commctrl.h		Windows CE OS
_wcesdk_TVM_ENSUREVISIBLE	TVM_ENSUREVISIBLE	1.0	1.0 and later	Commctrl.h		Windows CE OS
_wcesdk_TVM_EXPAND	TVM_EXPAND	1.0	1.0 and later, updated in 2.0	Commctrl.h		Windows CE OS
_wcesdk_TVM_GETCOUNT	TVM_GETCOUNT	1.0	1.0 and later	Commctrl.h		Windows CE OS
_wcesdk_TVM_GETEDITCONTROL	TVM_GETEDITCONTROL	1.0	1.0 and later	Commctrl.h		Windows CE OS
_wcesdk_TVM_GETIMAGELIST	TVM_GETIMAGELIST	1.0	1.0 and later	Commctrl.h		Windows CE OS
_wcesdk_TVM_GETINDENT	TVM_GETINDENT	1.0	1.0 and later	Commctrl.h		Windows CE OS
_wcesdk_TVM_GETISEARCHSTRING	TVM_GETISEARCHSTRING	1.0	1.0 and later	Commctrl.h		Windows CE OS
_wcesdk_TVM_GETITEM	TVM_GETITEM	1.0	1.0 and later	Commctrl.h		Windows CE OS
_wcesdk_TVM_GETITEMRECT	TVM_GETITEMRECT	1.0	1.0 and later	Commctrl.h		Windows CE OS
_wcesdk_TVM_GETNEXTITEM	TVM_GETNEXTITEM	1.0	1.0 and later	Commctrl.h		Windows CE OS
_wcesdk_TVM_GETVISIBLECOUNT	TVM_GETVISIBLECOUNT	1.0	1.0 and later	Commctrl.h		Windows CE OS
_wcesdk_TVM_HITTEST	TVM_HITTEST	1.0	1.0 and later	Commctrl.h		Windows CE OS
_wcesdk_TVM_INSERTITEM	TVM_INSERTITEM	1.0	1.0 and later	Commctrl.h		Windows CE OS
_wcesdk_TVM_SELECTITEM	TVM_SELECTITEM	1.0	1.0 and later	Commctrl.h		Windows CE OS
_wcesdk_TVM_SETIMAGELIST	TVM_SETIMAGELIST	1.0	1.0 and later	Commctrl.h		Windows CE OS
_wcesdk_TVM_SETINDENT	TVM_SETINDENT	1.0	1.0 and later	Commctrl.h		Windows CE OS
_wcesdk_TVM_SETITEM	TVM_SETITEM	1.0	1.0 and later	Commctrl.h		Windows CE OS
_wcesdk_TVM_SORTCHILDREN	TVM_SORTCHILDREN	1.0	1.0 and later	Commctrl.h		Windows CE OS
_wcesdk_TVM_SORTCHILDRENCB	TVM_SORTCHILDRENCB	1.0	1.0 and later	Commctrl.h		Windows CE OS
_wcesdk_TYPEKIND	TYPEKIND	2.0	2.0 and later	Oaidl.h		Windows CE OS
_wcesdk_TabCtrl_DeleteAllItems	TabCtrl_DeleteAllItems	1.0	1.0 and later	Commctrl.h		Windows CE OS
_wcesdk_TabCtrl_DeleteItem	TabCtrl_DeleteItem	1.0	1.0 and later	Commctrl.h		Windows CE OS
_wcesdk_TabCtrl_DeselectAll	TabCtrl_DeselectAll	2.0	2.0 and later	Commctrl.h		Windows CE OS
_wcesdk_TabCtrl_GetCurFocus	TabCtrl_GetCurFocus	1.0	1.0 and later	Commctrl.h		Windows CE OS
_wcesdk_TabCtrl_GetCurSel	TabCtrl_GetCurSel	1.0	1.0 and later	Commctrl.h		Windows CE OS
_wcesdk_TabCtrl_GetExtendedStyle	TabCtrl_GetExtendedStyle	2.0	2.0 and later	Commctrl.h		Windows CE OS
_wcesdk_TabCtrl_GetImageList	TabCtrl_GetImageList	1.0	1.0 and later	Commctrl.h		Windows CE OS
_wcesdk_TabCtrl_GetItem	TabCtrl_GetItem	1.0	1.0 and later	Commctrl.h		Windows CE OS
_wcesdk_TabCtrl_GetItemCount	TabCtrl_GetItemCount	1.0	1.0 and later	Commctrl.h		Windows CE OS
_wcesdk_TabCtrl_GetItemRect	TabCtrl_GetItemRect	1.0	1.0 and later	Commctrl.h		Windows CE OS
_wcesdk_TabCtrl_GetRowCount	TabCtrl_GetRowCount	1.0	1.0 and later	Commctrl.h		Windows CE OS
_wcesdk_TabCtrl_HighlightItem	TabCtrl_HighlightItem	1.0	1.0 and later	Commctrl.h		Windows CE OS
_wcesdk_TabCtrl_HitTest	TabCtrl_HitTest	1.0	1.0 and later	Commctrl.h		Windows CE OS
_wcesdk_TabCtrl_InsertItem	TabCtrl_InsertItem	1.0	1.0 and later	Commctrl.h		Windows CE OS
_wcesdk_TabCtrl_RemoveImage	TabCtrl_RemoveImage	1.0	1.0 and later	Commctrl.h		Windows CE OS
_wcesdk_TabCtrl_SetCurFocus	TabCtrl_SetCurFocus	1.0	1.0 and later	Commctrl.h		Windows CE OS
_wcesdk_TabCtrl_SetCurSel	TabCtrl_SetCurSel	1.0	1.0 and later	Commctrl.h		Windows CE OS
_wcesdk_TabCtrl_SetExtendedStyle	TabCtrl_SetExtendedStyle	2.0	2.0 and later	Commctrl.h		Windows CE OS
_wcesdk_TabCtrl_SetImageList	TabCtrl_SetImageList	2.0	2.0 and later	Commctrl.h		Windows CE OS
_wcesdk_TabCtrl_SetItem	TabCtrl_SetItem	2.0	2.0 and later	Commctrl.h		Windows CE OS
_wcesdk_TabCtrl_SetItemExtra	TabCtrl_SetItemExtra	1.0	1.0 and later	Commctrl.h		Windows CE OS
_wcesdk_TabCtrl_SetItemSize	TabCtrl_SetItemSize	1.0	1.0 and later	Commctrl.h		Windows CE OS
_wcesdk_TabCtrl_SetMinTabWidth	TabCtrl_SetMinTabWidth	2.0	2.0 and later	Commctrl.h		Windows CE OS
_wcesdk_TabCtrl_SetPadding	TabCtrl_SetPadding	1.0	1.0 and later	Commctrl.h		Windows CE OS
_wcesdk_TreeView_CreateDragImage	TreeView_CreateDragImage	1.0	1.0 and later	Commctrl.h		Windows CE OS
_wcesdk_TreeView_DeleteAllItems	TreeView_DeleteAllItems	1.0	1.0 and later	Commctrl.h		Windows CE OS
_wcesdk_TreeView_DeleteItem	TreeView_DeleteItem	1.0	1.0 and later	Commctrl.h		Windows CE OS
_wcesdk_TreeView_EditLabel	TreeView_EditLabel	1.0	1.0 and later	Commctrl.h		Windows CE OS
_wcesdk_TreeView_EndEditLabelNow	TreeView_EndEditLabelNow	1.0	1.0 and later	Commctrl.h		Windows CE OS
_wcesdk_TreeView_EnsureVisible	TreeView_EnsureVisible	1.0	1.0 and later	Commctrl.h		Windows CE OS
_wcesdk_TreeView_Expand	TreeView_Expand	1.0	1.0 and later	Commctrl.h		Windows CE OS
_wcesdk_TreeView_GetChild	TreeView_GetChild	1.0	1.0 and later	Commctrl.h		Windows CE OS
_wcesdk_TreeView_GetCount	TreeView_GetCount	1.0	1.0 and later	Commctrl.h		Windows CE OS
_wcesdk_TreeView_GetDropHilight	TreeView_GetDropHilight	1.0	1.0 and later	Commctrl.h		Windows CE OS
_wcesdk_TreeView_GetEditControl	TreeView_GetEditControl	1.0	1.0 and later	Commctrl.h		Windows CE OS
_wcesdk_TreeView_GetFirstVisible	TreeView_GetFirstVisible	1.0	1.0 and later	Commctrl.h		Windows CE OS
_wcesdk_TreeView_GetISearchString	TreeView_GetISearchString	1.0	1.0 and later	Commctrl.h		Windows CE OS
_wcesdk_TreeView_GetImageList	TreeView_GetImageList	1.0	1.0 and later	Commctrl.h		Windows CE OS
_wcesdk_TreeView_GetIndent	TreeView_GetIndent	1.0	1.0 and later	Commctrl.h		Windows CE OS
_wcesdk_TreeView_GetItem	TreeView_GetItem	1.0	1.0 and later	Commctrl.h		Windows CE OS
_wcesdk_TreeView_GetItemRect	TreeView_GetItemRect	1.0	1.0 and later	Commctrl.h		Windows CE OS
_wcesdk_TreeView_GetNextItem	TreeView_GetNextItem	1.0	1.0 and later	Commctrl.h		Windows CE OS
_wcesdk_TreeView_GetNextSibling	TreeView_GetNextSibling	1.0	1.0 and later	Commctrl.h		Windows CE OS
_wcesdk_TreeView_GetNextVisible	TreeView_GetNextVisible	1.0	1.0 and later	Commctrl.h		Windows CE OS
_wcesdk_TreeView_GetParent	TreeView_GetParent	1.0	1.0 and later	Commctrl.h		Windows CE OS
_wcesdk_TreeView_GetPrevSibling	TreeView_GetPrevSibling	1.0	1.0 and later	Commctrl.h		Windows CE OS
_wcesdk_TreeView_GetPrevVisible	TreeView_GetPrevVisible	1.0	1.0 and later	Commctrl.h		Windows CE OS
_wcesdk_TreeView_GetRoot	TreeView_GetRoot	1.0	1.0 and later	Commctrl.h		Windows CE OS
_wcesdk_TreeView_GetSelection	TreeView_GetSelection	1.0	1.0 and later	Commctrl.h		Windows CE OS
_wcesdk_TreeView_GetVisibleCount	TreeView_GetVisibleCount	1.0	1.0 and later	Commctrl.h		Windows CE OS
_wcesdk_TreeView_HitTest	TreeView_HitTest	1.0	1.0 and later	Commctrl.h		Windows CE OS
_wcesdk_TreeView_InsertItem	TreeView_InsertItem	1.0	1.0 and later	Commctrl.h		Windows CE OS
_wcesdk_TreeView_Select	TreeView_Select	1.0	1.0 and later	Commctrl.h		Windows CE OS
_wcesdk_TreeView_SelectDropTarget	TreeView_SelectDropTarget	1.0	1.0 and later	Commctrl.h		Windows CE OS
_wcesdk_TreeView_SelectItem	TreeView_SelectItem	1.0	1.0 and later	Commctrl.h		Windows CE OS
_wcesdk_TreeView_SelectSetFirstVisible	TreeView_SelectSetFirstVisible	1.0	1.0 and later	Commctrl.h		Windows CE OS
_wcesdk_TreeView_SetImageList	TreeView_SetImageList	1.0	1.0 and later	Commctrl.h		Windows CE OS
_wcesdk_TreeView_SetIndent	TreeView_SetIndent	1.0	1.0 and later	Commctrl.h		Windows CE OS
_wcesdk_TreeView_SetItem	TreeView_SetItem	1.0	1.0 and later	Commctrl.h		Windows CE OS
_wcesdk_TreeView_SortChildren	TreeView_SortChildren	1.0	1.0 and later	Commctrl.h		Windows CE OS
_wcesdk_TreeView_SortChildrenCB	TreeView_SortChildrenCB	1.0	1.0 and later	Commctrl.h		Windows CE OS
_wcesdk_TypeFromPropID	TypeFromPropID	1.0	1.0 and later	Windbase.h	Fsdbase.lib	Windows CE OS
_wcesdk_UDM_GETRANGE32	UDM_GETRANGE32	2.0	2.0 and later	Commctrl.h		Windows CE OS
_wcesdk_UDM_SETRANGE32	UDM_SETRANGE32	2.0	2.0 and later	Commctrl.h		Windows CE OS
_wcesdk_URL_COMPONENTS	URL_COMPONENTS	2.12	2.12 and later	Wininet.h	Wininet.lib	Windows CE OS
_wcesdk_UnlockUrlCacheEntryFile	UnlockUrlCacheEntryFile	2.12	2.12 and later	Wininet.h	Wininet.lib	Windows CE OS
_wcesdk_UserNotificationTrigger	UserNotificationTrigger	2.12	2.12 and later	Notify.h		Windows CE OS
_wcesdk_VarBoolFromCy	VarBoolFromCy	2.0	2.0 and later	Oleauto.h	Oleaut32.lib	Windows CE OS
_wcesdk_VarBoolFromDate	VarBoolFromDate	2.0	2.0 and later	Oleauto.h	Oleaut32.lib	Windows CE OS
_wcesdk_VarBoolFromDec	VarBoolFromDec	2.0	2.0 and later	Oleauto.h	Oleaut32.lib	Windows CE OS
_wcesdk_VarBoolFromDisp	VarBoolFromDisp	2.0	2.0 and later	Oleauto.h	Oleaut32.lib	Windows CE OS
_wcesdk_VarBoolFromI1	VarBoolFromI1	2.0	2.0 and later	Oleauto.h	Oleaut32.lib	Windows CE OS
_wcesdk_VarBoolFromI2	VarBoolFromI2	2.0	2.0 and later	Oleauto.h	Oleaut32.lib	Windows CE OS
_wcesdk_VarBoolFromI4	VarBoolFromI4	2.0	2.0 and later	Oleauto.h	Oleaut32.lib	Windows CE OS
_wcesdk_VarBoolFromR4	VarBoolFromR4	2.0	2.0 and later	Oleauto.h	Oleaut32.lib	Windows CE OS
_wcesdk_VarBoolFromR8	VarBoolFromR8	2.0	2.0 and later	Oleauto.h	Oleaut32.lib	Windows CE OS
_wcesdk_VarBoolFromStr	VarBoolFromStr	2.0	2.0 and later	Oleauto.h	Oleaut32.lib	Windows CE OS
_wcesdk_VarBoolFromUI1	VarBoolFromUI1	2.0	2.0 and later	Oleauto.h	Oleaut32.lib	Windows CE OS
_wcesdk_VarBoolFromUI2	VarBoolFromUI2	2.0	2.0 and later	Oleauto.h	Oleaut32.lib	Windows CE OS
_wcesdk_VarBoolFromUI4	VarBoolFromUI4	2.0	2.0 and later	Oleauto.h	Oleaut32.lib	Windows CE OS
_wcesdk_VarBstrFromBool	VarBstrFromBool	2.0	2.0 and later	Oleauto.h	Oleaut32.lib	Windows CE OS
_wcesdk_VarBstrFromCy	VarBstrFromCy	2.0	2.0 and later	Oleauto.h	Oleaut32.lib	Windows CE OS
_wcesdk_VarBstrFromDate	VarBstrFromDate	2.0	2.0 and later	Oleauto.h	Oleaut32.lib	Windows CE OS
_wcesdk_VarBstrFromDec	VarBstrFromDec	2.0	2.0 and later	Oleauto.h	Oleaut32.lib	Windows CE OS
_wcesdk_VarBstrFromDisp	VarBstrFromDisp	2.0	2.0 and later	Oleauto.h	Oleaut32.lib	Windows CE OS
_wcesdk_VarBstrFromI1	VarBstrFromI1	2.0	2.0 and later	Oleauto.h	Oleaut32.lib	Windows CE OS
_wcesdk_VarBstrFromI2	VarBstrFromI2	2.0	2.0 and later	Oleauto.h	Oleaut32.lib	Windows CE OS
_wcesdk_VarBstrFromI4	VarBstrFromI4	2.0	2.0 and later	Oleauto.h	Oleaut32.lib	Windows CE OS
_wcesdk_VarBstrFromR4	VarBstrFromR4	2.0	2.0 and later	Oleauto.h	Oleaut32.lib	Windows CE OS
_wcesdk_VarBstrFromR8	VarBstrFromR8	2.0	2.0 and later	Oleauto.h	Oleaut32.lib	Windows CE OS
_wcesdk_VarBstrFromUI1	VarBstrFromUI1	2.0	2.0 and later	Oleauto.h	Oleaut32.lib	Windows CE OS
_wcesdk_VarBstrFromUI2	VarBstrFromUI2	2.0	2.0 and later	Oleauto.h	Oleaut32.lib	Windows CE OS
_wcesdk_VarBstrFromUI4	VarBstrFromUI4	2.0	2.0 and later	Oleauto.h	Oleaut32.lib	Windows CE OS
_wcesdk_VarCyFromBool	VarCyFromBool	2.0	2.0 and later	Oleauto.h	Oleaut32.lib	Windows CE OS
_wcesdk_VarCyFromDate	VarCyFromDate	2.0	2.0 and later	Oleauto.h	Oleaut32.lib	Windows CE OS
_wcesdk_VarCyFromDec	VarCyFromDec	2.0	2.0 and later	Oleauto.h	Oleaut32.lib	Windows CE OS
_wcesdk_VarCyFromDisp	VarCyFromDisp	2.0	2.0 and later	Oleauto.h	Oleaut32.lib	Windows CE OS
_wcesdk_VarCyFromI1	VarCyFromI1	2.0	2.0 and later	Oleauto.h	Oleaut32.lib	Windows CE OS
_wcesdk_VarCyFromI2	VarCyFromI2	2.0	2.0 and later	Oleauto.h	Oleaut32.lib	Windows CE OS
_wcesdk_VarCyFromI4	VarCyFromI4	2.0	2.0 and later	Oleauto.h	Oleaut32.lib	Windows CE OS
_wcesdk_VarCyFromR4	VarCyFromR4	2.0	2.0 and later	Oleauto.h	Oleaut32.lib	Windows CE OS
_wcesdk_VarCyFromR8	VarCyFromR8	2.0	2.0 and later	Oleauto.h	Oleaut32.lib	Windows CE OS
_wcesdk_VarCyFromStr	VarCyFromStr	2.0	2.0 and later	Oleauto.h	Oleaut32.lib	Windows CE OS
_wcesdk_VarCyFromUI1	VarCyFromUI1	2.0	2.0 and later	Oleauto.h	Oleaut32.lib	Windows CE OS
_wcesdk_VarCyFromUI2	VarCyFromUI2	2.0	2.0 and later	Oleauto.h	Oleaut32.lib	Windows CE OS
_wcesdk_VarCyFromUI4	VarCyFromUI4	2.0	2.0 and later	Oleauto.h	Oleaut32.lib	Windows CE OS
_wcesdk_VarDateFromBool	VarDateFromBool	2.0	2.0 and later	Oleauto.h	Oleaut32.lib	Windows CE OS
_wcesdk_VarDateFromCy	VarDateFromCy	2.0	2.0 and later	Oleauto.h	Oleaut32.lib	Windows CE OS
_wcesdk_VarDateFromDec	VarDateFromDec	2.0	2.0 and later	Oleauto.h	Oleaut32.lib	Windows CE OS
_wcesdk_VarDateFromDisp	VarDateFromDisp	2.0	2.0 and later	Oleauto.h	Oleaut32.lib	Windows CE OS
_wcesdk_VarDateFromI1	VarDateFromI1	2.0	2.0 and later	Oleauto.h	Oleaut32.lib	Windows CE OS
_wcesdk_VarDateFromI2	VarDateFromI2	2.0	2.0 and later	Oleauto.h	Oleaut32.lib	Windows CE OS
_wcesdk_VarDateFromI4	VarDateFromI4	2.0	2.0 and later	Oleauto.h	Oleaut32.lib	Windows CE OS
_wcesdk_VarDateFromR4	VarDateFromR4	2.0	2.0 and later	Oleauto.h	Oleaut32.lib	Windows CE OS
_wcesdk_VarDateFromR8	VarDateFromR8	2.0	2.0 and later	Oleauto.h	Oleaut32.lib	Windows CE OS
_wcesdk_VarDateFromStr	VarDateFromStr	2.0	2.0 and later	Oleauto.h	Oleaut32.lib	Windows CE OS
_wcesdk_VarDateFromUI1	VarDateFromUI1	2.0	2.0 and later	Oleauto.h	Oleaut32.lib	Windows CE OS
_wcesdk_VarDateFromUI2	VarDateFromUI2	2.0	2.0 and later	Oleauto.h	Oleaut32.lib	Windows CE OS
_wcesdk_VarDateFromUI4	VarDateFromUI4	2.0	2.0 and later	Oleauto.h	Oleaut32.lib	Windows CE OS
_wcesdk_VarDateFromUdate	VarDateFromUdate	2.0	2.0 and later	Oleauto.h	Oleaut32.lib	Windows CE OS
_wcesdk_VarDecFromBool	VarDecFromBool	2.0	2.0 and later	Oleauto.h	Oleaut32.lib	Windows CE OS
_wcesdk_VarDecFromCy	VarDecFromCy	2.0	2.0 and later	Oleauto.h	Oleaut32.lib	Windows CE OS
_wcesdk_VarDecFromDate	VarDecFromDate	2.0	2.0 and later	Oleauto.h	Oleaut32.lib	Windows CE OS
_wcesdk_VarDecFromDisp	VarDecFromDisp	2.0	2.0 and later	Oleauto.h	Oleaut32.lib	Windows CE OS
_wcesdk_VarDecFromI1	VarDecFromI1	2.0	2.0 and later	Oleauto.h	Oleaut32.lib	Windows CE OS
_wcesdk_VarDecFromI2	VarDecFromI2	2.0	2.0 and later	Oleauto.h	Oleaut32.lib	Windows CE OS
_wcesdk_VarDecFromI4	VarDecFromI4	2.0	2.0 and later	Oleauto.h	Oleaut32.lib	Windows CE OS
_wcesdk_VarDecFromR4	VarDecFromR4	2.0	2.0 and later	Oleauto.h	Oleaut32.lib	Windows CE OS
_wcesdk_VarDecFromR8	VarDecFromR8	2.0	2.0 and later	Oleauto.h	Oleaut32.lib	Windows CE OS
_wcesdk_VarDecFromStr	VarDecFromStr	2.0	2.0 and later	Oleauto.h	Oleaut32.lib	Windows CE OS
_wcesdk_VarDecFromUI1	VarDecFromUI1	2.0	2.0 and later	Oleauto.h	Oleaut32.lib	Windows CE OS
_wcesdk_VarDecFromUI2	VarDecFromUI2	2.0	2.0 and later	Oleauto.h	Oleaut32.lib	Windows CE OS
_wcesdk_VarDecFromUI4	VarDecFromUI4	2.0	2.0 and later	Oleauto.h	Oleaut32.lib	Windows CE OS
_wcesdk_VarI1FromBool	VarI1FromBool	2.0	2.0 and later	Oleauto.h	Oleaut32.lib	Windows CE OS
_wcesdk_VarI1FromCy	VarI1FromCy	2.0	2.0 and later	Oleauto.h	Oleaut32.lib	Windows CE OS
_wcesdk_VarI1FromDate	VarI1FromDate	2.0	2.0 and later	Oleauto.h	Oleaut32.lib	Windows CE OS
_wcesdk_VarI1FromDec	VarI1FromDec	2.0	2.0 and later	Oleauto.h	Oleaut32.lib	Windows CE OS
_wcesdk_VarI1FromDisp	VarI1FromDisp	2.0	2.0 and later	Oleauto.h	Oleaut32.lib	Windows CE OS
_wcesdk_VarI1FromI2	VarI1FromI2	2.0	2.0 and later	Oleauto.h	Oleaut32.lib	Windows CE OS
_wcesdk_VarI1FromI4	VarI1FromI4	2.0	2.0 and later	Oleauto.h	Oleaut32.lib	Windows CE OS
_wcesdk_VarI1FromR4	VarI1FromR4	2.0	2.0 and later	Oleauto.h	Oleaut32.lib	Windows CE OS
_wcesdk_VarI1FromR8	VarI1FromR8	2.0	2.0 and later	Oleauto.h	Oleaut32.lib	Windows CE OS
_wcesdk_VarI1FromStr	VarI1FromStr	2.0	2.0 and later	Oleauto.h	Oleaut32.lib	Windows CE OS
_wcesdk_VarI1FromUI1	VarI1FromUI1	2.0	2.0 and later	Oleauto.h	Oleaut32.lib	Windows CE OS
_wcesdk_VarI1FromUI2	VarI1FromUI2	2.0	2.0 and later	Oleauto.h	Oleaut32.lib	Windows CE OS
_wcesdk_VarI1FromUI4	VarI1FromUI4	2.0	2.0 and later	Oleauto.h	Oleaut32.lib	Windows CE OS
_wcesdk_VarI2FromBool	VarI2FromBool	2.0	2.0 and later	Oleauto.h	Oleaut32.lib	Windows CE OS
_wcesdk_VarI2FromCy	VarI2FromCy	2.0	2.0 and later	Oleauto.h	Oleaut32.lib	Windows CE OS
_wcesdk_VarI2FromDate	VarI2FromDate	2.0	2.0 and later	Oleauto.h	Oleaut32.lib	Windows CE OS
_wcesdk_VarI2FromDec	VarI2FromDec	2.0	2.0 and later	Oleauto.h	Oleaut32.lib	Windows CE OS
_wcesdk_VarI2FromDisp	VarI2FromDisp	2.0	2.0 and later	Oleauto.h	Oleaut32.lib	Windows CE OS
_wcesdk_VarI2FromI1	VarI2FromI1	2.0	2.0 and later	Oleauto.h	Oleaut32.lib	Windows CE OS
_wcesdk_VarI2FromI4	VarI2FromI4	2.0	2.0 and later	Oleauto.h	Oleaut32.lib	Windows CE OS
_wcesdk_VarI2FromR4	VarI2FromR4	2.0	2.0 and later	Oleauto.h	Oleaut32.lib	Windows CE OS
_wcesdk_VarI2FromR8	VarI2FromR8	2.0	2.0 and later	Oleauto.h	Oleaut32.lib	Windows CE OS
_wcesdk_VarI2FromStr	VarI2FromStr	2.0	2.0 and later	Oleauto.h	Oleaut32.lib	Windows CE OS
_wcesdk_VarI2FromUI1	VarI2FromUI1	2.0	2.0 and later	Oleauto.h	Oleaut32.lib	Windows CE OS
_wcesdk_VarI2FromUI2	VarI2FromUI2	2.0	2.0 and later	Oleauto.h	Oleaut32.lib	Windows CE OS
_wcesdk_VarI2FromUI4	VarI2FromUI4	2.0	2.0 and later	Oleauto.h	Oleaut32.lib	Windows CE OS
_wcesdk_VarI4FromBool	VarI4FromBool	2.0	2.0 and later	Oleauto.h	Oleaut32.lib	Windows CE OS
_wcesdk_VarI4FromCy	VarI4FromCy	2.0	2.0 and later	Oleauto.h	Oleaut32.lib	Windows CE OS
_wcesdk_VarI4FromDate	VarI4FromDate	2.0	2.0 and later	Oleauto.h	Oleaut32.lib	Windows CE OS
_wcesdk_VarI4FromDec	VarI4FromDec	2.0	2.0 and later	Oleauto.h	Oleaut32.lib	Windows CE OS
_wcesdk_VarI4FromDisp	VarI4FromDisp	2.0	2.0 and later	Oleauto.h	Oleaut32.lib	Windows CE OS
_wcesdk_VarI4FromI1	VarI4FromI1	2.0	2.0 and later	Oleauto.h	Oleaut32.lib	Windows CE OS
_wcesdk_VarI4FromI2	VarI4FromI2	2.0	2.0 and later	Oleauto.h	Oleaut32.lib	Windows CE OS
_wcesdk_VarI4FromR4	VarI4FromR4	2.0	2.0 and later	Oleauto.h	Oleaut32.lib	Windows CE OS
_wcesdk_VarI4FromR8	VarI4FromR8	2.0	2.0 and later	Oleauto.h	Oleaut32.lib	Windows CE OS
_wcesdk_VarI4FromStr	VarI4FromStr	2.0	2.0 and later	Oleauto.h	Oleaut32.lib	Windows CE OS
_wcesdk_VarI4FromUI1	VarI4FromUI1	2.0	2.0 and later	Oleauto.h	Oleaut32.lib	Windows CE OS
_wcesdk_VarI4FromUI2	VarI4FromUI2	2.0	2.0 and later	Oleauto.h	Oleaut32.lib	Windows CE OS
_wcesdk_VarI4FromUI4	VarI4FromUI4	2.0	2.0 and later	Oleauto.h	Oleaut32.lib	Windows CE OS
_wcesdk_VarR4FromBool	VarR4FromBool	2.0	2.0 and later	Oleauto.h	Oleaut32.lib	Windows CE OS
_wcesdk_VarR4FromCy	VarR4FromCy	2.0	2.0 and later	Oleauto.h	Oleaut32.lib	Windows CE OS
_wcesdk_VarR4FromDate	VarR4FromDate	2.0	2.0 and later	Oleauto.h	Oleaut32.lib	Windows CE OS
_wcesdk_VarR4FromDec	VarR4FromDec	2.0	2.0 and later	Oleauto.h	Oleaut32.lib	Windows CE OS
_wcesdk_VarR4FromDisp	VarR4FromDisp	2.0	2.0 and later	Oleauto.h	Oleaut32.lib	Windows CE OS
_wcesdk_VarR4FromI1	VarR4FromI1	2.0	2.0 and later	Oleauto.h	Oleaut32.lib	Windows CE OS
_wcesdk_VarR4FromI2	VarR4FromI2	2.0	2.0 and later	Oleauto.h	Oleaut32.lib	Windows CE OS
_wcesdk_VarR4FromI4	VarR4FromI4	2.0	2.0 and later	Oleauto.h	Oleaut32.lib	Windows CE OS
_wcesdk_VarR4FromR8	VarR4FromR8	2.0	2.0 and later	Oleauto.h	Oleaut32.lib	Windows CE OS
_wcesdk_VarR4FromStr	VarR4FromStr	2.0	2.0 and later	Oleauto.h	Oleaut32.lib	Windows CE OS
_wcesdk_VarR4FromUI1	VarR4FromUI1	2.0	2.0 and later	Oleauto.h	Oleaut32.lib	Windows CE OS
_wcesdk_VarR4FromUI2	VarR4FromUI2	2.0	2.0 and later	Oleauto.h	Oleaut32.lib	Windows CE OS
_wcesdk_VarR4FromUI4	VarR4FromUI4	2.0	2.0 and later	Oleauto.h	Oleaut32.lib	Windows CE OS
_wcesdk_VarR8FromBool	VarR8FromBool	2.0	2.0 and later	Oleauto.h	Oleaut32.lib	Windows CE OS
_wcesdk_VarR8FromCy	VarR8FromCy	2.0	2.0 and later	Oleauto.h	Oleaut32.lib	Windows CE OS
_wcesdk_VarR8FromDate	VarR8FromDate	2.0	2.0 and later	Oleauto.h	Oleaut32.lib	Windows CE OS
_wcesdk_VarR8FromDec	VarR8FromDec	2.0	2.0 and later	Oleauto.h	Oleaut32.lib	Windows CE OS
_wcesdk_VarR8FromDisp	VarR8FromDisp	2.0	2.0 and later	Oleauto.h	Oleaut32.lib	Windows CE OS
_wcesdk_VarR8FromI1	VarR8FromI1	2.0	2.0 and later	Oleauto.h	Oleaut32.lib	Windows CE OS
_wcesdk_VarR8FromI2	VarR8FromI2	2.0	2.0 and later	Oleauto.h	Oleaut32.lib	Windows CE OS
_wcesdk_VarR8FromI4	VarR8FromI4	2.0	2.0 and later	Oleauto.h	Oleaut32.lib	Windows CE OS
_wcesdk_VarR8FromR4	VarR8FromR4	2.0	2.0 and later	Oleauto.h	Oleaut32.lib	Windows CE OS
_wcesdk_VarR8FromStr	VarR8FromStr	2.0	2.0 and later	Oleauto.h	Oleaut32.lib	Windows CE OS
_wcesdk_VarR8FromUI1	VarR8FromUI1	2.0	2.0 and later	Oleauto.h	Oleaut32.lib	Windows CE OS
_wcesdk_VarR8FromUI2	VarR8FromUI2	2.0	2.0 and later	Oleauto.h	Oleaut32.lib	Windows CE OS
_wcesdk_VarR8FromUI4	VarR8FromUI4	2.0	2.0 and later	Oleauto.h	Oleaut32.lib	Windows CE OS
_wcesdk_VarUI1FromBool	VarUI1FromBool	2.0	2.0 and later	Oleauto.h	Oleaut32.lib	Windows CE OS
_wcesdk_VarUI1FromCy	VarUI1FromCy	2.0	2.0 and later	Oleauto.h	Oleaut32.lib	Windows CE OS
_wcesdk_VarUI1FromDate	VarUI1FromDate	2.0	2.0 and later	Oleauto.h	Oleaut32.lib	Windows CE OS
_wcesdk_VarUI1FromDec	VarUI1FromDec	2.0	2.0 and later	Oleauto.h	Oleaut32.lib	Windows CE OS
_wcesdk_VarUI1FromDisp	VarUI1FromDisp	2.0	2.0 and later	Oleauto.h	Oleaut32.lib	Windows CE OS
_wcesdk_VarUI1FromI1	VarUI1FromI1	2.0	2.0 and later	Oleauto.h	Oleaut32.lib	Windows CE OS
_wcesdk_VarUI1FromI2	VarUI1FromI2	2.0	2.0 and later	Oleauto.h	Oleaut32.lib	Windows CE OS
_wcesdk_VarUI1FromI4	VarUI1FromI4	2.0	2.0 and later	Oleauto.h	Oleaut32.lib	Windows CE OS
_wcesdk_VarUI1FromR4	VarUI1FromR4	2.0	2.0 and later	Oleauto.h	Oleaut32.lib	Windows CE OS
_wcesdk_VarUI1FromR8	VarUI1FromR8	2.0	2.0 and later	Oleauto.h	Oleaut32.lib	Windows CE OS
_wcesdk_VarUI1FromStr	VarUI1FromStr	2.0	2.0 and later	Oleauto.h	Oleaut32.lib	Windows CE OS
_wcesdk_VarUI1FromUI2	VarUI1FromUI2	2.0	2.0 and later	Oleauto.h	Oleaut32.lib	Windows CE OS
_wcesdk_VarUI1FromUI4	VarUI1FromUI4	2.0	2.0 and later	Oleauto.h	Oleaut32.lib	Windows CE OS
_wcesdk_VarUI2FromBool	VarUI2FromBool	2.0	2.0 and later	Oleauto.h	Oleaut32.lib	Windows CE OS
_wcesdk_VarUI2FromCy	VarUI2FromCy	2.0	2.0 and later	Oleauto.h	Oleaut32.lib	Windows CE OS
_wcesdk_VarUI2FromDate	VarUI2FromDate	2.0	2.0 and later	Oleauto.h	Oleaut32.lib	Windows CE OS
_wcesdk_VarUI2FromDec	VarUI2FromDec	2.0	2.0 and later	Oleauto.h	Oleaut32.lib	Windows CE OS
_wcesdk_VarUI2FromDisp	VarUI2FromDisp	2.0	2.0 and later	Oleauto.h	Oleaut32.lib	Windows CE OS
_wcesdk_VarUI2FromI1	VarUI2FromI1	2.0	2.0 and later	Oleauto.h	Oleaut32.lib	Windows CE OS
_wcesdk_VarUI2FromI2	VarUI2FromI2	2.0	2.0 and later	Oleauto.h	Oleaut32.lib	Windows CE OS
_wcesdk_VarUI2FromI4	VarUI2FromI4	2.0	2.0 and later	Oleauto.h	Oleaut32.lib	Windows CE OS
_wcesdk_VarUI2FromR4	VarUI2FromR4	2.0	2.0 and later	Oleauto.h	Oleaut32.lib	Windows CE OS
_wcesdk_VarUI2FromR8	VarUI2FromR8	2.12	2.12 and later		Oleaut32.lib	Windows CE OS
_wcesdk_VarUI2FromStr	VarUI2FromStr	2.0	2.0 and later	Oleauto.h	Oleaut32.lib	Windows CE OS
_wcesdk_VarUI2FromUI1	VarUI2FromUI1	2.0	2.0 and later	Oleauto.h	Oleaut32.lib	Windows CE OS
_wcesdk_VarUI2FromUI4	VarUI2FromUI4	2.0	2.0 and later	Oleauto.h	Oleaut32.lib	Windows CE OS
_wcesdk_VarUI4FromBool	VarUI4FromBool	2.0	2.0 and later	Oleauto.h	Oleaut32.lib	Windows CE OS
_wcesdk_VarUI4FromCy	VarUI4FromCy	2.0	2.0 and later	Oleauto.h	Oleaut32.lib	Windows CE OS
_wcesdk_VarUI4FromDate	VarUI4FromDate	2.0	2.0 and later	Oleauto.h	Oleaut32.lib	Windows CE OS
_wcesdk_VarUI4FromDec	VarUI4FromDec	2.0	2.0 and later	Oleauto.h	Oleaut32.lib	Windows CE OS
_wcesdk_VarUI4FromDisp	VarUI4FromDisp	2.0	2.0 and later	Oleauto.h	Oleaut32.lib	Windows CE OS
_wcesdk_VarUI4FromI1	VarUI4FromI1	2.0	2.0 and later	Oleauto.h	Oleaut32.lib	Windows CE OS
_wcesdk_VarUI4FromI2	VarUI4FromI2	2.0	2.0 and later	Oleauto.h	Oleaut32.lib	Windows CE OS
_wcesdk_VarUI4FromI4	VarUI4FromI4	2.0	2.0 and later	Oleauto.h	Oleaut32.lib	Windows CE OS
_wcesdk_VarUI4FromR4	VarUI4FromR4	2.0	2.0 and later	Oleauto.h	Oleaut32.lib	Windows CE OS
_wcesdk_VarUI4FromR8	VarUI4FromR8	2.0	2.0 and later	Oleauto.h	Oleaut32.lib	Windows CE OS
_wcesdk_VarUI4FromStr	VarUI4FromStr	2.0	2.0 and later	Oleauto.h	Oleaut32.lib	Windows CE OS
_wcesdk_VarUI4FromUI1	VarUI4FromUI1	2.0	2.0 and later	Oleauto.h	Oleaut32.lib	Windows CE OS
_wcesdk_VarUI4FromUI2	VarUI4FromUI2	2.0	2.0 and later	Oleauto.h	Oleaut32.lib	Windows CE OS
_wcesdk_VarUdateFromDate	VarUdateFromDate	2.0	2.0 and later	Oleauto.h	Oleaut32.lib	Windows CE OS
_wcesdk_WM_DBNOTIFICATION	WM_DBNOTIFICATION	2.10	2.10 and later	Winuser.h		Windows CE OS
_wcesdk_WM_HIBERNATE	WM_HIBERNATE	1.0	1.0 and later	Winuser.h		Windows CE OS
_wcesdk_WM_IM_INFO	WM_IM_INFO	2.10	2.10 and later	Winuser.h		Windows CE OS
_wcesdk_WM_KEYFIRST	WM_KEYFIRST	1.0	1.0 and later	Winuser.h		Windows CE OS
_wcesdk_WM_KEYLAST	WM_KEYLAST	1.0	1.0 and later	Winuser.h		Windows CE OS
_wcesdk_WM_SYSCOPYDATA	WM_SYSCOPYDATA	2.12	2.12 and later	Pwinuser.h		Windows CE OS
_wcesdk_Win32_AcquireCredentialsHandle	AcquireCredentialsHandle	2.10	2.10 and later	Sspi.h	Schannel.lib	Windows CE OS
_wcesdk_Win32_AppendMenu	AppendMenu	1.0	1.0 and later	Winuser.h		Windows CE OS
_wcesdk_Win32_BITMAPCOREHEADER_str	BITMAPCOREHEADER	2.0	2.0 and later	Wingdi.h		Windows CE OS
_wcesdk_Win32_BITMAPCOREINFO_str	BITMAPCOREINFO	2.0	2.0 and later	Wingdi.h		Windows CE OS
_wcesdk_Win32_BITMAPFILEHEADER_str	BITMAPFILEHEADER	2.0	2.0 and later	Wingdi.h		Windows CE OS
_wcesdk_Win32_BITMAPINFOHEADER_str	BITMAPINFOHEADER	1.0	1.0 and later	Wingdi.h		Windows CE OS
_wcesdk_Win32_BITMAPINFO_str	BITMAPINFO	1.0	1.0 and later	Wingdi.h		Windows CE OS
_wcesdk_Win32_BITMAP_str	BITMAP	1.9	1.9 and later	Wingdi.h		Windows CE OS
_wcesdk_Win32_BeginDeferWindowPos	BeginDeferWindowPos	2.10	2.10 and later	Winuser.h		Windows CE OS
_wcesdk_Win32_BitBlt	BitBlt	2.0	2.0 and later	Wingdi.h	Mgblt.lib	Windows CE OS
_wcesdk_Win32_CharNext	CharNext	1.0	1.0 and later	Winbase.h	Coreloc.lib, Locusa.lib	Windows CE OS
_wcesdk_Win32_CharPrev	CharPrev	1.01	1.01 and later	Winbase.h	Coreloc.lib	Windows CE OS
_wcesdk_Win32_CharUpper	CharUpper	1.0	1.0 and later	Winbase.h	Coreloc.lib	Windows CE OS
_wcesdk_Win32_CharUpperBuff	CharUpperBuff	1.0	1.0 and later	Winbase.h	Coreloc.lib	Windows CE OS
_wcesdk_Win32_CheckMenuItem	CheckMenuItem	1.0	1.0 and later	Winuser.h	Menu.lib	Windows CE OS
_wcesdk_Win32_CheckMenuRadioItem	CheckMenuRadioItem	1.0	1.0 and later	Winuser.h	Menu.lib	Windows CE OS
_wcesdk_Win32_CheckRadioButton	CheckRadioButton	1.0	1.0 and later	Winuser.h	Dlgmgr.lib	Windows CE OS
_wcesdk_Win32_CombineRgn	CombineRgn	1.0	1.0 and later	Wingdi.h	Mgrgn.lib	Windows CE OS
_wcesdk_Win32_CompareString	CompareString	1.0	1.0 and later	Winnls.h	Coreloc.lib	Windows CE OS
_wcesdk_Win32_CompleteAuthToken	CompleteAuthToken	2.10	2.10 and later	Sspi.h	Schannel.lib	Windows CE OS
_wcesdk_Win32_ConvertDefaultLocale	ConvertDefaultLocale	1.0	1.0 and later	Winnls.h	Coreloc.lib	Windows CE OS
_wcesdk_Win32_CopyFile	CopyFile	1.0	1.0 and later	Winbase.h	Coredll.lib, Fsmain.lib	Windows CE OS
_wcesdk_Win32_CountClipboardFormats	CountClipboardFormats	1.0	1.0 and later	Winuser.h	Clipbd.lib	Windows CE OS
_wcesdk_Win32_CreateBitmap	CreateBitmap	1.0	1.0 and later	Wingdi.h	Mgbitmap.lib	Windows CE OS
_wcesdk_Win32_CreateCaret	CreateCaret	1.0	1.0 and later	Winuser.h	Caret.lib	Windows CE OS
_wcesdk_Win32_CreateCompatibleBitmap	CreateCompatibleBitmap	1.0	1.0 and later	Wingdi.h	Mgbitmap.lib	Windows CE OS
_wcesdk_Win32_CreateDC	CreateDC	2.0	2.0 and later	Wingdi.h	Mgdc.lib	Windows CE OS
_wcesdk_Win32_CreateDIBPatternBrushPt	CreateDIBPatternBrushPt	1.0	1.0 and later	Wingdi.h	Mgdraw.lib	Windows CE OS
_wcesdk_Win32_CreateDIBSection	CreateDIBSection	1.0	1.0 and later	Wingdi.h	Mgdi_c.lib, Mgdibsec.lib	Windows CE OS
_wcesdk_Win32_CreateDialog	CreateDialog	1.0	1.0 and later	Winuser.h		Windows CE OS
_wcesdk_Win32_CreateDialogIndirect	CreateDialogIndirect	1.0	1.0 and later	Winuser.h	Dlgmgr.lib	Windows CE OS
_wcesdk_Win32_CreateDialogIndirectParam	CreateDialogIndirectParam	1.0	1.0 and later	Winuser.h	Dlgmgr.lib	Windows CE OS
_wcesdk_Win32_CreateDialogParam	CreateDialogParam	1.0	1.0 and later	Winuser.h		Windows CE OS
_wcesdk_Win32_CreateDirectory	CreateDirectory	1.0	1.0 and later	Winbase.h	Fsmain.lib	Windows CE OS
_wcesdk_Win32_CreateEvent	CreateEvent	1.0	1.0 and later	Winbase.h	Coredll.lib, Nk.lib	Windows CE OS
_wcesdk_Win32_CreateFile	CreateFile	1.0	1.0 and later	Winbase.h	Coredll.lib	Windows CE OS
_wcesdk_Win32_CreateFileForMapping	CreateFileForMapping	1.01	1.01 and later	Winbase.h	Coredll.lib, Nk.lib	Windows CE OS
_wcesdk_Win32_CreateFileMapping	CreateFileMapping	1.01	1.01 and later	Winbase.h	Coredll.lib, Nk.lib	Windows CE OS
_wcesdk_Win32_CreateFontIndirect	CreateFontIndirect	1.0	1.0 and later	Wingdi.h	Mgrast.lib, Mgtt.lib	Windows CE OS
_wcesdk_Win32_CreateMenu	CreateMenu	1.0	1.0 and later	Winuser.h	Menu.lib	Windows CE OS
_wcesdk_Win32_CreateMutex	CreateMutex	1.01	1.01 and later	Winbase.h	Coredll.lib, Nk.lib	Windows CE OS
_wcesdk_Win32_CreatePalette	CreatePalette	2.0	2.0 and later	Wingdi.h	Mgpal.lib	Windows CE OS
_wcesdk_Win32_CreatePatternBrush	CreatePatternBrush	2.0	2.0 and later	Wingdi.h	Mgdraw.lib	Windows CE OS
_wcesdk_Win32_CreatePen	CreatePen	2.0	2.0 and later	Wingdi.h	Mgdraw.lib	Windows CE OS
_wcesdk_Win32_CreatePenIndirect	CreatePenIndirect	1.0	1.0 and later	Wingdi.h	Mgdraw.lib	Windows CE OS
_wcesdk_Win32_CreatePopupMenu	CreatePopupMenu	1.0	1.0 and later	Winuser.h	Menu.lib	Windows CE OS
_wcesdk_Win32_CreatePropertySheetPage	CreatePropertySheetPage	1.0	1.0 and later	Prsht.h		Windows CE OS
_wcesdk_Win32_CreateRectRgn	CreateRectRgn	2.0	2.0 and later	Wingdi.h	Mgrgn.lib	Windows CE OS
_wcesdk_Win32_CreateRectRgnIndirect	CreateRectRgnIndirect	1.0	1.0 and later	Wingdi.h	Mgrgn.lib	Windows CE OS
_wcesdk_Win32_CreateSolidBrush	CreateSolidBrush	1.0	1.0 and later	Wingdi.h	Mgdraw.lib	Windows CE OS
_wcesdk_Win32_CreateStatusWindow	CreateStatusWindow	1.0	1.0 and later	Commctrl.h	Commctrl.lib	Windows CE OS
_wcesdk_Win32_CreateUpDownControl	CreateUpDownControl	1.0	1.0 and later	Commctrl.h		Windows CE OS
_wcesdk_Win32_DefDlgProc	DefDlgProc	1.0	1.0 and later	Winuser.h	Dlgmgr.lib	Windows CE OS
_wcesdk_Win32_DeferWindowPos	DeferWindowPos	2.10	2.10 and later	Winuser.h		Windows CE OS
_wcesdk_Win32_DeleteFile	DeleteFile	1.0	1.0 and later	Winbase.h	Coredll.lib, Fsmain.lib	Windows CE OS
_wcesdk_Win32_DeleteMenu	DeleteMenu	1.0	1.0 and later	Winuser.h	Menu.lib	Windows CE OS
_wcesdk_Win32_DeleteObject	DeleteObject	1.0	1.0 and later	Wingdi.h	Mgbase.lib	Windows CE OS
_wcesdk_Win32_DeleteSecurityContext	DeleteSecurityContext	2.10	2.10 and later	Sspi.h	Schannel.lib	Windows CE OS
_wcesdk_Win32_DestroyCaret	DestroyCaret	1.0	1.0 and later	Winuser.h	Caret.lib	Windows CE OS
_wcesdk_Win32_DestroyMenu	DestroyMenu	1.0	1.0 and later	Winuser.h	Menu.lib	Windows CE OS
_wcesdk_Win32_DestroyPropertySheetPage	DestroyPropertySheetPage	1.0	1.0 and later	Prsht.h		Windows CE OS
_wcesdk_Win32_DeviceIoControl	DeviceIoControl	1.0	1.0 and later	Winbase.h	Coredll.lib, Fsmain.lib	Windows CE OS
_wcesdk_Win32_DialogBox	DialogBox	1.0	1.0 and later	Winuser.h		Windows CE OS
_wcesdk_Win32_DialogBoxIndirect	DialogBoxIndirect	1.0	1.0 and later	Winuser.h		Windows CE OS
_wcesdk_Win32_DialogBoxIndirectParam	DialogBoxIndirectParam	1.0	1.0 and later	Winuser.h	Dlgmgr.lib	Windows CE OS
_wcesdk_Win32_DialogBoxParam	DialogBoxParam	1.0	1.0 and later	Winuser.h		Windows CE OS
_wcesdk_Win32_DialogProc	DialogProc	1.0	1.0 and later			Windows CE OS
_wcesdk_Win32_DrawFocusRect	DrawFocusRect	1.0	1.0 and later	Wingdi.h	Rectapi.lib, Mgdraw.lib	Windows CE OS
_wcesdk_Win32_DrawFrameControl	DrawFrameControl	2.0	2.0 and later	Winuser.h	Nclient.lib	Windows CE OS
_wcesdk_Win32_DrawMenuBar	DrawMenuBar	2.0	2.0 and later	Winuser.h	Drawmbar.lib. Menu.lib	Windows CE OS
_wcesdk_Win32_DrawStatusText	DrawStatusText	1.0	1.0 and later	Commctrl.h	Commctrl.lib	Windows CE OS
_wcesdk_Win32_DrawText	DrawText	1.0	1.0 and later	Winuser.h	Mgdrwtxt.lib	Windows CE OS
_wcesdk_Win32_Ellipse	Ellipse	1.0	1.0 and later	Wingdi.h	Mgdraw.lib	Windows CE OS
_wcesdk_Win32_EmptyClipboard	EmptyClipboard	1.0	1.0 and later	Winuser.h	Clipbd.lib	Windows CE OS
_wcesdk_Win32_EnableMenuItem	EnableMenuItem	1.0	1.0 and later	Winuser.h	Menu.lib	Windows CE OS
_wcesdk_Win32_EnableWindow	EnableWindow	1.0	1.0 and later	Winuser.h	Wmgr_c.lib	Windows CE OS
_wcesdk_Win32_EndDeferWindowPos	EndDeferWindowPos	2.10	2.10 and later	Winuser.h		Windows CE OS
_wcesdk_Win32_EnterCriticalSection	EnterCriticalSection	1.0	1.0 and later	Winbase.h	Coremain.lib	Windows CE OS
_wcesdk_Win32_EnumCalendarInfo	EnumCalendarInfo	1.0	1.0 and later	Winnls.h	Coreloc.lib	Windows CE OS
_wcesdk_Win32_EnumCalendarInfoProc	EnumCalendarInfoProc	1.0	1.0 and later			Windows CE OS
_wcesdk_Win32_EnumClipboardFormats	EnumClipboardFormats	1.0	1.0 and later	Winuser.h	Clipbd.lib	Windows CE OS
_wcesdk_Win32_EnumCodePagesProc	EnumCodePagesProc	1.0	1.0 and later			Windows CE OS
_wcesdk_Win32_EnumDateFormats	EnumDateFormats	1.0	1.0 and later	Winnls.h	Coreloc.lib	Windows CE OS
_wcesdk_Win32_EnumDateFormatsProc	EnumDateFormatsProc	1.0	1.0 and later			Windows CE OS
_wcesdk_Win32_EnumFontFamProc	EnumFontFamProc	1.0	1.0 and later	Wingdi.h		Windows CE OS
_wcesdk_Win32_EnumFontFamilies	EnumFontFamilies	1.0	1.0 and later	Wingdi.h	Mgrast2.lib	Windows CE OS
_wcesdk_Win32_EnumLocalesProc	EnumLocalesProc	1.0	1.0 and later			Windows CE OS
_wcesdk_Win32_EnumSystemCodePages	EnumSystemCodePages	1.0	1.0 and later	Winnls.h	Coreloc.lib	Windows CE OS
_wcesdk_Win32_EnumTimeFormats	EnumTimeFormats	1.0	1.0 and later	Winnls.h	Coreloc.lib	Windows CE OS
_wcesdk_Win32_EnumTimeFormatsProc	EnumTimeFormatsProc	1.0	1.0 and later			Windows CE OS
_wcesdk_Win32_EnumerateSecurityPackages	EnumerateSecurityPackages	2.10	2.10 and later	Sspi.h	Schannel.lib	Windows CE OS
_wcesdk_Win32_EqualRgn	EqualRgn	1.0	1.0 and later	Wingdi.h	Mgdi_c.lib, Mgrgn.lib	Windows CE OS
_wcesdk_Win32_ExcludeClipRect	ExcludeClipRect	1.0	1.0 and later	Wingdi.h	Mgrgn.lib	Windows CE OS
_wcesdk_Win32_ExtEscape	ExtEscape	2.10	2.10 and later	Wingdi.h	Mgdc.lib	Windows CE OS
_wcesdk_Win32_ExtensionPropSheetPageProc	ExtensionPropSheetPageProc	1.0	1.0 and later			Windows CE OS
_wcesdk_Win32_FillRect	FillRect	1.0	1.0 and later	Wingdi.h	Mgdraw.lib	Windows CE OS
_wcesdk_Win32_FillRgn	FillRgn	2.0	2.0 and later	Wingdi.h	Mgdraw.lib	Windows CE OS
_wcesdk_Win32_FindResource	FindResource	1.0	1.0 and later	Winbase.h	Coredll.lib, Nk.lib	Windows CE OS
_wcesdk_Win32_FlushViewOfFile	FlushViewOfFile	1.01	1.01 and later	Winbase.h	Coredll.lib, Nk.lib	Windows CE OS
_wcesdk_Win32_FoldString	FoldString	1.0	1.0 and later	Winnls.h	Coreloc.lib	Windows CE OS
_wcesdk_Win32_FreeContextBuffer	FreeContextBuffer	2.12	2.12 and later	Sspi.h	Schannel.lib	Windows CE OS
_wcesdk_Win32_FreeCredentialsHandle	FreeCredentialsHandle	2.12	2.12 and later	Sspi.h	Schannel.lib	Windows CE OS
_wcesdk_Win32_GetACP	GetACP	1.01	1.01 and later	Winnls.h	Coreloc.lib	Windows CE OS
_wcesdk_Win32_GetActiveWindow	GetActiveWindow	1.0	1.0 and later	Winuser.h	Caret.lib, Foregnd.lib	Windows CE OS
_wcesdk_Win32_GetAsyncKeyState	GetAsyncKeyState	1.0	1.0 and later	Winuser.h	Kbdui.lib	Windows CE OS
_wcesdk_Win32_GetBkColor	GetBkColor	1.0	1.0 and later	Wingdi.h	Mgbase.lib	Windows CE OS
_wcesdk_Win32_GetBkMode	GetBkMode	1.0	1.0 and later	Wingdi.h	Mgbase.lib	Windows CE OS
_wcesdk_Win32_GetCPInfo	GetCPInfo	1.01	1.01 and later	Winnls.h	Coreloc.lib	Windows CE OS
_wcesdk_Win32_GetCPInfo_str	CPINFO	1.0	1.0 and later	Winnls.h		Windows CE OS
_wcesdk_Win32_GetCaretBlinkTime	GetCaretBlinkTime	1.0	1.0 and later	Winuser.h	Caret.lib	Windows CE OS
_wcesdk_Win32_GetCaretPos	GetCaretPos	1.0	1.0 and later	Winuser.h	Caret.lib	Windows CE OS
_wcesdk_Win32_GetClipBox	GetClipBox	1.0	1.0 and later	Wingdi.h	Mgrgn.lib	Windows CE OS
_wcesdk_Win32_GetClipRgn	GetClipRgn	1.0	1.0 and later	Wingdi.h	Mgrgn.lib	Windows CE OS
_wcesdk_Win32_GetClipboardData	GetClipboardData	1.0	1.0 and later	Winuser.h	Clipbd.lib	Windows CE OS
_wcesdk_Win32_GetClipboardDataAlloc	GetClipboardDataAlloc	1.0	1.0 and later	Winuser.h	Clipbd.lib	Windows CE OS
_wcesdk_Win32_GetClipboardFormatName	GetClipboardFormatName	1.0	1.0 and later	Winuser.h	Clipbd.lib	Windows CE OS
_wcesdk_Win32_GetClipboardOwner	GetClipboardOwner	1.0	1.0 and later	Winuser.h	Clipbd.lib	Windows CE OS
_wcesdk_Win32_GetCurrencyFormat	GetCurrencyFormat	1.0	1.0 and later	Winnls.h	Coreloc.lib	Windows CE OS
_wcesdk_Win32_GetCurrentObject	GetCurrentObject	1.0	1.0 and later	Wingdi.h	Mgbase.lib	Windows CE OS
_wcesdk_Win32_GetDCEx	GetDCEx	2.10	2.10 and later	Winuser.h	Coredll.lib, Winmgr.lib	Windows CE OS
_wcesdk_Win32_GetDateFormat	GetDateFormat	1.0	1.0 and later	Winnls.h	Coreloc.lib	Windows CE OS
_wcesdk_Win32_GetDeviceCaps	GetDeviceCaps	1.0	1.0 and later	Wingdi.h	Mgbase.lib	Windows CE OS
_wcesdk_Win32_GetDialogBaseUnits	GetDialogBaseUnits	1.0	1.0 and later	Winuser.h	Dlgmgr.lib	Windows CE OS
_wcesdk_Win32_GetDiskFreeSpaceEx	GetDiskFreeSpaceEx	2.0	2.0 and later	Winbase.h	Coredll.lib, Fsmain.lib	Windows CE OS
_wcesdk_Win32_GetDlgCtrlID	GetDlgCtrlID	1.0	1.0 and later	Winuser.h	Dlgmgr.lib	Windows CE OS
_wcesdk_Win32_GetDlgItem	GetDlgItem	1.0	1.0 and later	Winuser.h	Dlgmgr.lib	Windows CE OS
_wcesdk_Win32_GetDlgItemInt	GetDlgItemInt	1.0	1.0 and later	Winuser.h	Dlgmgr.lib	Windows CE OS
_wcesdk_Win32_GetDlgItemText	GetDlgItemText	1.0	1.0 and later	Winuser.h	Dlgmgr.lib	Windows CE OS
_wcesdk_Win32_GetExceptionCode	GetExceptionCode	1.0	1.0 and later	Excpt.h		Windows CE OS
_wcesdk_Win32_GetExceptionInformation	GetExceptionInformation	1.0	1.0 and later	Excpt.h		Windows CE OS
_wcesdk_Win32_GetFileAttributes	GetFileAttributes	1.0	1.0 and later	Winbase.h	Coredll.lib	Windows CE OS
_wcesdk_Win32_GetFileInformationByHandle	GetFileInformationByHandle	1.0	1.0 and later	Winbase.h	Coredll.lib	Windows CE OS
_wcesdk_Win32_GetFileSize	GetFileSize	1.0	1.0 and later	Winbase.h	Coredll.lib	Windows CE OS
_wcesdk_Win32_GetFocus	GetFocus	1.0	1.0 and later	Winuser.h	Caret.lib, Foregnd.lib	Windows CE OS
_wcesdk_Win32_GetForegroundWindow	GetForegroundWindow	1.0	1.0 and later	Winuser.h		Windows CE OS
_wcesdk_Win32_GetKeyState	GetKeyState	1.0	1.0 and later	Winuser.h	Kbdui.lib	Windows CE OS
_wcesdk_Win32_GetKeyboardLayout	GetKeyboardLayout	1.0	1.0 and later	Winuser.h	Coreimm.lib	Windows CE OS
_wcesdk_Win32_GetKeyboardLayoutName	GetKeyboardLayoutName	2.10	2.10 and later	Winuser.h	Kbdui.lib	Windows CE OS
_wcesdk_Win32_GetLastError	GetLastError	1.0	1.0 and later	Winbase.h	Coredll.lib, Nk.lib	Windows CE OS
_wcesdk_Win32_GetLocaleInfo	GetLocaleInfo	1.0	1.0 and later	Winnls.h	Coreloc.lib	Windows CE OS
_wcesdk_Win32_GetMenuItemInfo	GetMenuItemInfo	1.0	1.0 and later	Winuser.h	Menu.lib	Windows CE OS
_wcesdk_Win32_GetNearestColor	GetNearestColor	1.0	1.0 and later	Wingdi.h	Mgpal.lib	Windows CE OS
_wcesdk_Win32_GetNearestPaletteIndex	GetNearestPaletteIndex	2.0	2.0 and later	Wingdi.h	Mgpal.lib	Windows CE OS
_wcesdk_Win32_GetNextDlgGroupItem	GetNextDlgGroupItem	1.0	1.0 and later	Winuser.h	Dlgmgr.lib	Windows CE OS
_wcesdk_Win32_GetNextDlgTabItem	GetNextDlgTabItem	1.0	1.0 and later	Winuser.h	Dlgmgr.lib	Windows CE OS
_wcesdk_Win32_GetNumberFormat	GetNumberFormat	1.0	1.0 and later	Winnls.h	Coreloc.lib	Windows CE OS
_wcesdk_Win32_GetOEMCP	GetOEMCP	1.01	1.01 and later	Winnls.h	Coreloc.lib	Windows CE OS
_wcesdk_Win32_GetObject	GetObject	1.0	1.0 and later	Wingdi.h	Mgbase.lib	Windows CE OS
_wcesdk_Win32_GetObjectType	GetObjectType	1.0	1.0 and later	Wingdi.h	Mgbase.lib	Windows CE OS
_wcesdk_Win32_GetOpenClipboardWindow	GetOpenClipboardWindow	1.0	1.0 and later	Winuser.h	Clipbd.lib	Windows CE OS
_wcesdk_Win32_GetOpenFileName	GetOpenFileName	1.0	1.0 and later	Commdlg.h	Fileopen.lib	Windows CE OS
_wcesdk_Win32_GetPaletteEntries	GetPaletteEntries	2.0	2.0 and later	Wingdi.h	Coredll.lib, Winmgr.lib	Windows CE OS
_wcesdk_Win32_GetPixel	GetPixel	1.0	1.0 and later	Wingdi.h	Mgdraw.lib	Windows CE OS
_wcesdk_Win32_GetPriorityClipboardFormat	GetPriorityClipboardFormat	1.0	1.0 and later	Winuser.h	Clipbd.lib	Windows CE OS
_wcesdk_Win32_GetRegionData	GetRegionData	1.0	1.0 and later	Wingdi.h	Coredll.lib, Winmgr.lib	Windows CE OS
_wcesdk_Win32_GetRgnBox	GetRgnBox	1.0	1.0 and later	Wingdi.h	Mgrgn.lib	Windows CE OS
_wcesdk_Win32_GetSaveFileName	GetSaveFileName	1.0	1.0 and later	Commdlg.h	Fileopen.lib	Windows CE OS
_wcesdk_Win32_GetScrollInfo	GetScrollInfo	1.0	1.0 and later	Winuser.h	Sbcmn.lib	Windows CE OS
_wcesdk_Win32_GetStockObject	GetStockObject	1.0	1.0 and later	Wingdi.h	Mgbase.lib	Windows CE OS
_wcesdk_Win32_GetSubMenu	GetSubMenu	1.0	1.0 and later	Winuser.h	Menu.lib	Windows CE OS
_wcesdk_Win32_GetSystemDefaultLCID	GetSystemDefaultLCID	1.0	1.0 and later	Winnls.h	Coreloc.lib	Windows CE OS
_wcesdk_Win32_GetSystemDefaultLangID	GetSystemDefaultLangID	1.0	1.0 and later	Winnls.h	Coreloc.lib	Windows CE OS
_wcesdk_Win32_GetSystemInfo	GetSystemInfo	1.0	1.0 and later	Winbase.h	Coredll.lib, Nk.lib	Windows CE OS
_wcesdk_Win32_GetSystemMenu	GetSystemMenu	1.0	1.0 and later	Winuser.h	Menu.lib	Windows CE OS
_wcesdk_Win32_GetSystemPaletteEntries	GetSystemPaletteEntries	2.0	2.0 and later	Wingdi.h	Mgpal.lib	Windows CE OS
_wcesdk_Win32_GetTextColor	GetTextColor	1.0	1.0 and later	Wingdi.h	Coredll.lib, Winmgr.lib	Windows CE OS
_wcesdk_Win32_GetTextExtentExPoint	GetTextExtentExPoint	1.0	1.0 and later	Wingdi.h	Mgrast.lib, Mgtt.lib	Windows CE OS
_wcesdk_Win32_GetTextExtentPoint	GetTextExtentPoint	2.0	2.0 and later	Wingdi.h		Windows CE OS
_wcesdk_Win32_GetTextExtentPoint32	GetTextExtentPoint32	2.0	2.0 and later	Wingdi.h		Windows CE OS
_wcesdk_Win32_GetTextFace	GetTextFace	1.0	1.0 and later	Wingdi.h	Mgrast2.lib, Mgtt.lib	Windows CE OS
_wcesdk_Win32_GetTextMetrics	GetTextMetrics	1.0	1.0 and later	Wingdi.h	Mgrast.lib, Mgtt.lib	Windows CE OS
_wcesdk_Win32_GetTimeFormat	GetTimeFormat	1.0	1.0 and later	Winnls.h	Coreloc.lib	Windows CE OS
_wcesdk_Win32_GetUserDefaultLCID	GetUserDefaultLCID	1.0	1.0 and later	Winnls.h	Coreloc.lib	Windows CE OS
_wcesdk_Win32_GetUserDefaultLangID	GetUserDefaultLangID	1.0	1.0 and later	Winnls.h	Coreloc.lib	Windows CE OS
_wcesdk_Win32_GetVersionEx	GetVersionEx	1.0	1.0 and later	Winbase.h	Coremain.lib	Windows CE OS
_wcesdk_Win32_HideCaret	HideCaret	1.0	1.0 and later	Winuser.h	Caret.lib	Windows CE OS
_wcesdk_Win32_ImageList_Add	ImageList_Add	1.0	1.0 and later	Commctrl.h	Commctrl.lib, Imgctl.lib	Windows CE OS
_wcesdk_Win32_ImageList_AddMasked	ImageList_AddMasked	1.0	1.0 and later	Commctrl.h	Commctrl.lib, Imgctl.lib	Windows CE OS
_wcesdk_Win32_ImageList_BeginDrag	ImageList_BeginDrag	1.0	1.0 and later	Commctrl.h	Commctrl.lib, Imgctl.lib	Windows CE OS
_wcesdk_Win32_ImageList_Destroy	ImageList_Destroy	1.0	1.0 and later	Commctrl.h		Windows CE OS
_wcesdk_Win32_ImageList_DragEnter	ImageList_DragEnter	1.0	1.0 and later	Commctrl.h	Commctrl.lib, Imgctl.lib	Windows CE OS
_wcesdk_Win32_ImageList_DragLeave	ImageList_DragLeave	1.0	1.0 and later	Commctrl.h	Commctrl.lib, Imgctl.lib	Windows CE OS
_wcesdk_Win32_ImageList_DragMove	ImageList_DragMove	1.0	1.0 and later	Commctrl.h	Commctrl.lib, Imgctl.lib	Windows CE OS
_wcesdk_Win32_ImageList_DragShowNolock	ImageList_DragShowNolock	1.0	1.0 and later	Commctrl.h	Commctrl.lib, Imgctl.lib	Windows CE OS
_wcesdk_Win32_ImageList_Draw	ImageList_Draw	1.0	1.0 and later	Commctrl.h	Commctrl.lib, Imgctl.lib	Windows CE OS
_wcesdk_Win32_ImageList_DrawEx	ImageList_DrawEx	1.0	1.0 and later	Commctrl.h	Commctrl.lib, Imgctl.lib	Windows CE OS
_wcesdk_Win32_ImageList_EndDrag	ImageList_EndDrag	1.0	1.0 and later	Commctrl.h	Commctrl.lib, Imgctl.lib	Windows CE OS
_wcesdk_Win32_ImageList_GetBkColor	ImageList_GetBkColor	1.0	1.0 and later	Commctrl.h	Commctrl.lib, Imgctl.lib	Windows CE OS
_wcesdk_Win32_ImageList_GetDragImage	ImageList_GetDragImage	1.0	1.0 and later	Commctrl.h	Commctrl.lib, Imgctl.lib	Windows CE OS
_wcesdk_Win32_ImageList_GetIcon	ImageList_GetIcon	1.0	1.0 and later	Commctrl.h	Commctrl.lib, Imgctl.lib	Windows CE OS
_wcesdk_Win32_ImageList_GetIconSize	ImageList_GetIconSize	1.0	1.0 and later	Commctrl.h	Commctrl.lib, Imgctl.lib	Windows CE OS
_wcesdk_Win32_ImageList_GetImageCount	ImageList_GetImageCount	1.0	1.0 and later	Commctrl.h	Commctrl.lib, Imgctl.lib	Windows CE OS
_wcesdk_Win32_ImageList_GetImageInfo	ImageList_GetImageInfo	1.0	1.0 and later	Commctrl.h	Commctrl.lib, Imgctl.lib	Windows CE OS
_wcesdk_Win32_ImageList_LoadImage	ImageList_LoadImage	1.0	1.0 and later	Commctrl.h	Commctrl.lib, Imgctl.lib	Windows CE OS
_wcesdk_Win32_ImageList_Remove	ImageList_Remove	1.0	1.0 and later	Commctrl.h	Commctrl.lib, Imgctl.lib	Windows CE OS
_wcesdk_Win32_ImageList_RemoveAll	ImageList_RemoveAll	1.0	1.0 and later	Commctrl.h	Commctrl.lib, Imgctl.lib	Windows CE OS
_wcesdk_Win32_ImageList_Replace	ImageList_Replace	1.0	1.0 and later	Commctrl.h	Commctrl.lib, Imgctl.lib	Windows CE OS
_wcesdk_Win32_ImageList_ReplaceIcon	ImageList_ReplaceIcon	1.0	1.0 and later	Commctrl.h	Commctrl.lib, Imgctl.lib	Windows CE OS
_wcesdk_Win32_ImageList_SetBkColor	ImageList_SetBkColor	1.0	1.0 and later	Commctrl.h	Commctrl.lib, Imgctl.lib	Windows CE OS
_wcesdk_Win32_ImageList_SetDragCursorImage	ImageList_SetDragCursorImage	1.0	1.0 and later	Commctrl.h	Commctrl.lib, Imgctl.lib	Windows CE OS
_wcesdk_Win32_ImageList_SetIconSize	ImageList_SetIconSize	1.0	1.0 and later	Commctrl.h	Commctrl.lib, Imgctl.lib	Windows CE OS
_wcesdk_Win32_ImageList_SetOverlayImage	ImageList_SetOverlayImage	1.0	1.0 and later	Commctrl.h	Commctrl.lib, Imgctl.lib	Windows CE OS
_wcesdk_Win32_InitCommonControls	InitCommonControls	2.0	2.0 and later	Commctrl.h	Commctrl.lib	Windows CE OS
_wcesdk_Win32_InitSecurityInterface	InitSecurityInterface	2.10	2.10 and later	Sspi.h	Schannel.lib	Windows CE OS
_wcesdk_Win32_InsertMenu	InsertMenu	1.0	1.0 and later	Winuser.h	Menu.lib	Windows CE OS
_wcesdk_Win32_InterlockedDecrement	InterlockedDecrement	1.0	1.0 and later	Winbase.h		Windows CE OS
_wcesdk_Win32_InterlockedExchange	InterlockedExchange	1.0	1.0 and later	Winbase.h		Windows CE OS
_wcesdk_Win32_InterlockedIncrement	InterlockedIncrement	1.0	1.0 and later	Winbase.h		Windows CE OS
_wcesdk_Win32_IntersectClipRect	IntersectClipRect	1.0	1.0 and later	Wingdi.h	Mgrgn.lib	Windows CE OS
_wcesdk_Win32_IsCharLower	IsCharLower	1.0	1.0 and later	Winbase.h		Windows CE OS
_wcesdk_Win32_IsCharUpper	IsCharUpper	1.0	1.0 and later	Winbase.h		Windows CE OS
_wcesdk_Win32_IsClipboardFormatAvailable	IsClipboardFormatAvailable	1.0	1.0 and later	Winuser.h	Clipbd.lib	Windows CE OS
_wcesdk_Win32_IsDBCSLeadByte	IsDBCSLeadByte	1.01	1.01 and later	Winnls.h		Windows CE OS
_wcesdk_Win32_IsDBCSLeadByteEx	IsDBCSLeadByteEx	1.01	1.01 and later	Winnls.h		Windows CE OS
_wcesdk_Win32_IsDialogMessage	IsDialogMessage	1.0	1.0 and later	Winuser.h	Dlgmgr.lib	Windows CE OS
_wcesdk_Win32_IsValidCodePage	IsValidCodePage	1.0	1.0 and later	Winnls.h	Coreloc.lib	Windows CE OS
_wcesdk_Win32_IsValidLocale	IsValidLocale	1.0	1.0 and later	Winnls.h	Coreloc.lib	Windows CE OS
_wcesdk_Win32_LCMapString	LCMapString	1.0	1.0 and later	Winnls.h	Coreloc.lib	Windows CE OS
_wcesdk_Win32_LeaveCriticalSection	LeaveCriticalSection	1.0	1.0 and later	Winbase.h	Coremain.lib	Windows CE OS
_wcesdk_Win32_LoadLibraryEx	LoadLibraryEx	3.0	3.0 and later	Winbase.h	Nk.lib	Windows CE OS
_wcesdk_Win32_LoadMenu	LoadMenu	1.0	1.0 and later	Winuser.h	Menu.lib	Windows CE OS
_wcesdk_Win32_LoadResource	LoadResource	1.0	1.0 and later	Winbase.h	Coredll.lib, Nk.lib	Windows CE OS
_wcesdk_Win32_MAKEROP4	MAKEROP4	2.0	2.0 and later	Wingdi.h		Windows CE OS
_wcesdk_Win32_MakeSignature	MakeSignature	2.10	2.10 and later	Sspi.h	Schannel.lib	Windows CE OS
_wcesdk_Win32_MapDialogRect	MapDialogRect	1.0	1.0 and later	Winuser.h	Dlgmgr.lib	Windows CE OS
_wcesdk_Win32_MapViewOfFile	MapViewOfFile	1.01	1.01 and later	Winbase.h	Coredll.lib	Windows CE OS
_wcesdk_Win32_MaskBlt	MaskBlt	1.0	1.0 and later	Wingdi.h	Mgblt2.lib	Windows CE OS
_wcesdk_Win32_MoveFile	MoveFile	1.0	1.0 and later	Winbase.h	Coredll.lib, Fsmain.lib	Windows CE OS
_wcesdk_Win32_MsgWaitForMultipleObjects	MsgWaitForMultipleObjects	1.0	1.0 and later	Winbase.h	Msgque.lib	Windows CE OS
_wcesdk_Win32_MsgWaitForMultipleObjectsEx	MsgWaitForMultipleObjectsEx	2.0	2.0 and later	Winbase.h	Msgque.lib	Windows CE OS
_wcesdk_Win32_MultiByteToWideChar	MultiByteToWideChar	1.01	1.01 and later	Winnls.h		Windows CE OS
_wcesdk_Win32_OffsetRgn	OffsetRgn	1.0	1.0 and later	Wingdi.h	Rectapi.lib	Windows CE OS
_wcesdk_Win32_OpenClipboard	OpenClipboard	1.0	1.0 and later	Winuser.h	Clipbd.lib	Windows CE OS
_wcesdk_Win32_PAGESETUPDLG_str	PAGESETUPDLG	2.10	2.10 and later	Commdlg.h		Windows CE OS
_wcesdk_Win32_PALETTEENTRY_str	PALETTEENTRY	2.0	2.0 and later	Wingdi.h		Windows CE OS
_wcesdk_Win32_PageSetupDlg	PageSetupDlg	2.10	2.10 and later	Commdlg.h	Commdlg.lib	Windows CE OS
_wcesdk_Win32_Polygon	Polygon	1.0	1.0 and later	Wingdi.h	Mgdraw.lib	Windows CE OS
_wcesdk_Win32_Polyline	Polyline	1.0	1.0 and later	Wingdi.h	Mgdraw.lib	Windows CE OS
_wcesdk_Win32_PropSheetPageProc	PropSheetPageProc	1.0	1.0 and later	Prsht.h		Windows CE OS
_wcesdk_Win32_PropSheetProc	PropSheetProc	1.0	1.0 and later	Prsht.h		Windows CE OS
_wcesdk_Win32_PtInRegion	PtInRegion	1.0	1.0 and later	Wingdi.h	Mgrgn.lib	Windows CE OS
_wcesdk_Win32_PulseEvent	PulseEvent	1.0	1.0 and later	Kfuncs.h		Windows CE OS
_wcesdk_Win32_QueryCredentialsAttributes	QueryCredentialsAttributes	2.10	2.10 and later	Sspi.h	Schannel.lib	Windows CE OS
_wcesdk_Win32_QueryPerformanceCounter	QueryPerformanceCounter	2.0	2.0 and later	Winbase.h		Windows CE OS
_wcesdk_Win32_QueryPerformanceFrequency	QueryPerformanceFrequency	2.0	2.0 and later	Winbase.h		Windows CE OS
_wcesdk_Win32_QuerySecurityPackageInfo	QuerySecurityPackageInfo	2.10	2.10 and later	Sspi.h	Schannel.lib	Windows CE OS
_wcesdk_Win32_RGNDATAHEADER_str	RGNDATAHEADER	1.0	1.0 and later	Wingdi.h		Windows CE OS
_wcesdk_Win32_RaiseException	RaiseException	1.0	1.0 and later	Winbase.h	Coredll.lib	Windows CE OS
_wcesdk_Win32_ReadFile	ReadFile	1.0	1.0 and later	Winbase.h	Coredll.lib, Fsmain.lib	Windows CE OS
_wcesdk_Win32_RealizePalette	RealizePalette	2.0	2.0 and later	Wingdi.h	Mgpal.lib	Windows CE OS
_wcesdk_Win32_RectInRegion	RectInRegion	1.0	1.0 and later	Wingdi.h	Mgrgn.lib	Windows CE OS
_wcesdk_Win32_RectVisible	RectVisible	2.0	2.0 and later	Wingdi.h	Mgrgn.lib	Windows CE OS
_wcesdk_Win32_Rectangle	Rectangle	1.0	1.0 and later	Wingdi.h	Mgdraw.lib	Windows CE OS
_wcesdk_Win32_RegCloseKey	RegCloseKey	1.0	1.0 and later	Winreg.h	Coredll.lib, Fsreg.lib	Windows CE OS
_wcesdk_Win32_RegCreateKeyEx	RegCreateKeyEx	1.0	1.0 and later	Winreg.h	Coredll.lib, Fsreg.lib	Windows CE OS
_wcesdk_Win32_RegDeleteKey	RegDeleteKey	1.0	1.0 and later	Winreg.h	Coredll.lib, Fsreg.lib	Windows CE OS
_wcesdk_Win32_RegDeleteValue	RegDeleteValue	1.0	1.0 and later	Winreg.h	Coredll.lib, Fsreg.lib	Windows CE OS
_wcesdk_Win32_RegEnumKeyEx	RegEnumKeyEx	1.0	1.0 and later	Winreg.h	Coredll.lib, Fsreg.lib	Windows CE OS
_wcesdk_Win32_RegEnumValue	RegEnumValue	1.0	1.0 and later	Winreg.h	Coredll.lib, Fsreg.lib	Windows CE OS
_wcesdk_Win32_RegFlushKey	RegFlushKey	2.10	2.10 and later	Winreg.h	Coredll.lib, Fsreg.lib	Windows CE OS
_wcesdk_Win32_RegOpenKeyEx	RegOpenKeyEx	1.0	1.0 and later	Winreg.h	Coredll.lib, Fsreg.lib	Windows CE OS
_wcesdk_Win32_RegQueryInfoKey	RegQueryInfoKey	1.0	1.0 and later	Winreg.h	Coredll.lib, Fsreg.lib	Windows CE OS
_wcesdk_Win32_RegQueryValueEx	RegQueryValueEx	1.0	1.0 and later	Winreg.h	Coredll.lib, Fsreg.lib	Windows CE OS
_wcesdk_Win32_RegSetValueEx	RegSetValueEx	1.0	1.0 and later	Winreg.h	Coredll.lib, Fsreg.lib	Windows CE OS
_wcesdk_Win32_RegisterClipboardFormat	RegisterClipboardFormat	1.0	1.0 and later	Winuser.h	Clipbd.lib	Windows CE OS
_wcesdk_Win32_RegisterHotKey	RegisterHotKey	2.0	2.0 and later	Winuser.h	Hotkey.lib	Windows CE OS
_wcesdk_Win32_ReleaseMutex	ReleaseMutex	1.01	1.01 and later	Winbase.h	Nk.lib	Windows CE OS
_wcesdk_Win32_RemoveDirectory	RemoveDirectory	1.0	1.0 and later	Winbase.h	Coredll.lib, Fsmain.lib	Windows CE OS
_wcesdk_Win32_RemoveFontResource	RemoveFontResource	1.0	1.0 and later	Wingdi.h	Mgrast.lib, Mgtt.lib	Windows CE OS
_wcesdk_Win32_RemoveMenu	RemoveMenu	1.0	1.0 and later	Winuser.h	Menu.lib	Windows CE OS
_wcesdk_Win32_ResetEvent	ResetEvent	1.0	1.0 and later	Kfuncs.h		Windows CE OS
_wcesdk_Win32_RestoreDC	RestoreDC	1.0	1.0 and later	Wingdi.h	Mgdc.lib	Windows CE OS
_wcesdk_Win32_RoundRect	RoundRect	1.0	1.0 and later	Wingdi.h	Mgdraw.lib	Windows CE OS
_wcesdk_Win32_SHAddToRecentDocs	SHAddToRecentDocs	1.0	1.0 and later	Shellapi.h		Windows CE OS
_wcesdk_Win32_SHGetFileInfo	SHGetFileInfo	1.0	1.0 and later	Shellapi.h		Windows CE OS
_wcesdk_Win32_SHGetMalloc	SHGetMalloc	1.0	1.0 and 2.12	Shlobj.h		Windows CE OS
_wcesdk_Win32_SHGetPathFromIDList	SHGetPathFromIDList	2.0	2.0 and later	Shellapi.h		Windows CE OS
_wcesdk_Win32_SaveDC	SaveDC	1.0	1.0 and later	Wingdi.h	Mgdc.lib	Windows CE OS
_wcesdk_Win32_ScrollDC	ScrollDC	1.0	1.0 and later	Winuser.h	Mgwinmgr.lib	Windows CE OS
_wcesdk_Win32_SecBuffer	SecBuffer	2.10	2.10 and later	Sspi.h		Windows CE OS
_wcesdk_Win32_SecBufferDesc	SecBufferDesc	2.10	2.10 and later	Sspi.h		Windows CE OS
_wcesdk_Win32_SecPkgContext_Authority	SecPkgContext_Authority	2.10	2.10 and later	Sspi.h		Windows CE OS
_wcesdk_Win32_SecPkgContext_DceInfo	SecPkgContext_DceInfo	2.10	2.10 and later	Sspi.h		Windows CE OS
_wcesdk_Win32_SecPkgContext_KeyInfo	SecPkgContext_KeyInfo	2.10	2.10 and later	Sspi.h		Windows CE OS
_wcesdk_Win32_SecPkgContext_Lifespan	SecPkgContext_Lifespan	2.10	2.10 and later	Sspi.h		Windows CE OS
_wcesdk_Win32_SecPkgContext_Names	SecPkgContext_Names	2.10	2.10 and later	Sspi.h		Windows CE OS
_wcesdk_Win32_SecPkgContext_Sizes	SecPkgContext_Sizes	2.10	2.10 and later	Sspi.h		Windows CE OS
_wcesdk_Win32_SecPkgCredentials_Names	SecPkgCredentials_Names	2.10	2.10 and later	Sspi.h		Windows CE OS
_wcesdk_Win32_SecPkgInfo	SecPkgInfo	2.10	2.10 and later	Sspi.h		Windows CE OS
_wcesdk_Win32_SecurityFunctionTable	SecurityFunctionTable	2.10	2.10 and later	Sspi.h		Windows CE OS
_wcesdk_Win32_SelectClipRgn	SelectClipRgn	1.0	1.0 and later	Wingdi.h	Mgrgn.lib	Windows CE OS
_wcesdk_Win32_SelectObject	SelectObject	1.0	1.0 and later	Wingdi.h	Mgbase.lib	Windows CE OS
_wcesdk_Win32_SelectPalette	SelectPalette	2.0	2.0 and later	Wingdi.h	Mgpal.lib	Windows CE OS
_wcesdk_Win32_SendDlgItemMessage	SendDlgItemMessage	1.0	1.0 and later	Winuser.h	Dlgmgr.lib	Windows CE OS
_wcesdk_Win32_SetActiveWindow	SetActiveWindow	1.0	1.0 and later	Winuser.h	Caret.lib	Windows CE OS
_wcesdk_Win32_SetBkColor	SetBkColor	1.0	1.0 and later	Wingdi.h	Mgbase.lib	Windows CE OS
_wcesdk_Win32_SetBkMode	SetBkMode	1.0	1.0 and later	Wingdi.h	Mgbase.lib	Windows CE OS
_wcesdk_Win32_SetBrushOrgEx	SetBrushOrgEx	1.0	1.0 and later	Wingdi.h	Mgdraw.lib	Windows CE OS
_wcesdk_Win32_SetCaretBlinkTime	SetCaretBlinkTime	1.0	1.0 and later	Winuser.h	Caret.lib	Windows CE OS
_wcesdk_Win32_SetCaretPos	SetCaretPos	1.0	1.0 and later	Winuser.h	Caret.lib	Windows CE OS
_wcesdk_Win32_SetClipboardData	SetClipboardData	1.0	1.0 and later	Winuser.h	Clipbd.lib	Windows CE OS
_wcesdk_Win32_SetDlgItemInt	SetDlgItemInt	1.0	1.0 and later	Winuser.h	Dlgmgr.lib	Windows CE OS
_wcesdk_Win32_SetDlgItemText	SetDlgItemText	1.0	1.0 and later	Winuser.h	Dlgmgr.lib	Windows CE OS
_wcesdk_Win32_SetDlgMsgResult	SetDlgMsgResult	1.0	1.0 and later	Windowsx.h		Windows CE OS
_wcesdk_Win32_SetEndOfFile	SetEndOfFile	1.0	1.0 and later	Winbase.h	Coredll.lib, Fsmain.lib	Windows CE OS
_wcesdk_Win32_SetEvent	SetEvent	1.0	1.0 and later	Kfuncs.h		Windows CE OS
_wcesdk_Win32_SetFileAttributes	SetFileAttributes	1.0	1.0 and later	Winbase.h	Coredll.lib	Windows CE OS
_wcesdk_Win32_SetFilePointer	SetFilePointer	1.0	1.0 and later	Winbase.h	Coredll.lib, Fsmain.lib	Windows CE OS
_wcesdk_Win32_SetFocus	SetFocus	1.0	1.0 and later	Winuser.h	Caret.lib, Foregnd.lib	Windows CE OS
_wcesdk_Win32_SetLastError	SetLastError	1.0	1.0 and later	Winbase.h	Coredll.lib	Windows CE OS
_wcesdk_Win32_SetLocaleInfo	SetLocaleInfo	1.0	1.0 and later	Winnls.h	Coreloc.lib	Windows CE OS
_wcesdk_Win32_SetMenuItemInfo	SetMenuItemInfo	1.0	1.0 and later	Winuser.h	Menu.lib	Windows CE OS
_wcesdk_Win32_SetPaletteEntries	SetPaletteEntries	2.0	2.0 and later	Wingdi.h	Mgpal.lib	Windows CE OS
_wcesdk_Win32_SetPixel	SetPixel	2.0	2.0 and later	Wingdi.h	Mgdraw.lib	Windows CE OS
_wcesdk_Win32_SetROP2	SetROP2	2.0	2.0 and later	Wingdi.h	Mgdraw.lib	Windows CE OS
_wcesdk_Win32_SetRectRgn	SetRectRgn	2.0	2.0 and later	Wingdi.h	Mgrgn.lib	Windows CE OS
_wcesdk_Win32_SetScrollInfo	SetScrollInfo	1.0	1.0 and later	Winuser.h	Sbcmn.lib	Windows CE OS
_wcesdk_Win32_SetScrollPos	SetScrollPos	2.0	2.0 and later	Winuser.h	Sbcmn.lib	Windows CE OS
_wcesdk_Win32_SetScrollRange	SetScrollRange	2.0	2.0 and later	Winuser.h	Sbcmn.lib	Windows CE OS
_wcesdk_Win32_SetSystemTime	SetSystemTime	1.0	1.0 and later	Winbase.h	Coremain.lib	Windows CE OS
_wcesdk_Win32_SetTextColor	SetTextColor	1.0	1.0 and later	Wingdi.h	Mgbase.lib	Windows CE OS
_wcesdk_Win32_SetViewportOrgEx	SetViewportOrgEx	1.0	1.0 and later	Wingdi.h		Windows CE OS
_wcesdk_Win32_ShellExecuteEx	ShellExecuteEx	1.0	1.0 and later	Shellapi.h		Windows CE OS
_wcesdk_Win32_Shell_NotifyIcon	Shell_NotifyIcon	1.0	1.0 and later	Shellapi.h		Windows CE OS
_wcesdk_Win32_ShowCaret	ShowCaret	1.0	1.0 and later	Winuser.h	Caret.lib	Windows CE OS
_wcesdk_Win32_SizeofResource	SizeofResource	1.0	1.0 and later	Winbase.h	Coredll.lib	Windows CE OS
_wcesdk_Win32_StretchBlt	StretchBlt	1.0	1.0 and later	Wingdi.h		Windows CE OS
_wcesdk_Win32_SystemParametersInfo	SystemParametersInfo	2.0	2.0 and later	Winuser.h	Coredll.lib	Windows CE OS
_wcesdk_Win32_TimerProc	TimerProc	1.0	1.0 and later	Winbase.h		Windows CE OS
_wcesdk_Win32_TrackPopupMenu	TrackPopupMenu	1.0	1.0 and later	Winuser.h	Menu.lib	Windows CE OS
_wcesdk_Win32_TrackPopupMenuEx	TrackPopupMenuEx	1.0	1.0 and later	Winuser.h	Menu.lib	Windows CE OS
_wcesdk_Win32_TranslateCharsetInfo	TranslateCharsetInfo	2.0	2.0 and later	Wingdi.h		Windows CE OS
_wcesdk_Win32_UnmapViewOfFile	UnmapViewOfFile	1.01	1.01 and later	Winbase.h	Coredll.lib	Windows CE OS
_wcesdk_Win32_VerifySignature	VerifySignature	2.10	2.10 and later	Sspi.h	Schannel.lib	Windows CE OS
_wcesdk_Win32_WaitForMultipleObjects	WaitForMultipleObjects	1.01	1.01 and later	Winbase.h	Nk.lib	Windows CE OS
_wcesdk_Win32_WaitForSingleObject	WaitForSingleObject	1.0	1.0 and later	Winbase.h	Coredll.lib	Windows CE OS
_wcesdk_Win32_WideCharToMultiByte	WideCharToMultiByte	1.01	1.01 and later	Winnls.h		Windows CE OS
_wcesdk_Win32_WinMain	WinMain	1.0	1.0 and later	Winuser.h		Windows CE OS
_wcesdk_Win32_WindowProc	WindowProc	1.0	1.0 and later	Winuser.h		Windows CE OS
_wcesdk_Win32_keybd_event	keybd_event	1.0	1.0 and later	Winuser.h	Uibase.lib	Windows CE OS
_wcesdk_Win32_wsprintf	wsprintf	1.0	1.0 and later	Winbase.h		Windows CE OS
_wcesdk_Win32_wvsprintf	wvsprintf	1.0	1.0 and later	Winbase.h		Windows CE OS
_wcesdk_com_BIND_FLAGS	BIND_FLAGS	2.0	2.0 and later	Objidl.idl		Windows CE OS
_wcesdk_com_BIND_OPTS	BIND_OPTS	2.0	2.0 and later	Objidl.h		Windows CE OS
_wcesdk_com_BIND_OPTS2	BIND_OPTS2	2.0	2.0 and later	Objidl.h		Windows CE OS
_wcesdk_com_COAUTHINFO	COAUTHINFO	2.0	2.0 and later	Wtypes.h		Windows CE OS
_wcesdk_com_CONTROLINFO	CONTROLINFO	2.0	2.0 and later	Ocidl.h		Windows CE OS
_wcesdk_com_COSERVERINFO	COSERVERINFO	2.0	2.0 and later	Wtypes.h		Windows CE OS
_wcesdk_com_CoAddRefServerProcess	CoAddRefServerProcess	3.0	3.0 and later	Objbase.h	Ole232.lib	Windows CE OS
_wcesdk_com_CoBuildVersion	CoBuildVersion	3.0	3.0 and later	Objbase.h	Ole232.lib	Windows CE OS
_wcesdk_com_CoCopyProxy	CoCopyProxy	3.0	3.0 and later	Objbase.h	Ole232.lib	Windows CE OS
_wcesdk_com_CoCreateFreeThreadedMarshaler	CoCreateFreeThreadedMarshaler	3.0	3.0 and later	Objbase.h	Ole232.lib	Windows CE OS
_wcesdk_com_CoCreateGuid	CoCreateGuid	3.0	3.0 and later	Objbase.h	Ole232.lib	Windows CE OS
_wcesdk_com_CoCreateInstanceEx	CoCreateInstanceEx	3.0	3.0 and later	Objbase.h	Ole232.lib	Windows CE OS
_wcesdk_com_CoDisconnectObject	CoDisconnectObject	3.0	3.0 and later	Objbase.h	Ole232.lib	Windows CE OS
_wcesdk_com_CoFileTimeNow	CoFileTimeNow	3.0	3.0 and later	Objbase.h	Ole232.lib	Windows CE OS
_wcesdk_com_CoFreeAllLibraries	CoFreeAllLibraries	3.0	3.0 and later	Objbase.h	Ole232.lib	Windows CE OS
_wcesdk_com_CoGetCallContext	CoGetCallContext	3.0	3.0 and later	Objbase.h	Ole232.lib	Windows CE OS
_wcesdk_com_CoGetCurrentProcess	CoGetCurrentProcess	3.0	3.0 and later	Objbase.h	Ole232.lib	Windows CE OS
_wcesdk_com_CoGetInstanceFromFile	CoGetInstanceFromFile	3.0	3.0 and later	Objbase.h	Ole232.lib	Windows CE OS
_wcesdk_com_CoGetInstanceFromIStorage	CoGetInstanceFromIStorage	3.0	3.0 and later	Objbase.h	Ole232.lib	Windows CE OS
_wcesdk_com_CoGetInterfaceAndReleaseStream	CoGetInterfaceAndReleaseStream	3.0	3.0 and later	Objbase.h	Ole232.lib	Windows CE OS
_wcesdk_com_CoGetMalloc	CoGetMalloc	3.0	3.0 and later	Objbase.h	Ole232.lib	Windows CE OS
_wcesdk_com_CoGetMarshalSizeMax	CoGetMarshalSizeMax	3.0	3.0 and later	Objbase.h	Ole232.lib	Windows CE OS
_wcesdk_com_CoGetObject	CoGetObject	3.0	3.0 and later	Objbase.h	Ole232.lib	Windows CE OS
_wcesdk_com_CoGetPSClsid	CoGetPSClsid	3.0	3.0 and later	Objbase.h	Ole232.lib	Windows CE OS
_wcesdk_com_CoGetStandardMarshal	CoGetStandardMarshal	3.0	3.0 and later	Objbase.h	Ole232.lib	Windows CE OS
_wcesdk_com_CoGetTreatAsClass	CoGetTreatAsClass	3.0	3.0 and later	Objbase.h	Ole232.lib	Windows CE OS
_wcesdk_com_CoImpersonateClient	CoImpersonateClient	3.0	3.0 and later	Objbase.h	Ole232.lib	Windows CE OS
_wcesdk_com_CoInitialize	CoInitialize	3.0	3.0 and later	Objbase.h	Ole232.lib	Windows CE OS
_wcesdk_com_CoInitializeSecurity	CoInitializeSecurity	3.0	3.0 and later	Objbase.h	Ole232.lib	Windows CE OS
_wcesdk_com_CoIsHandlerConnected	CoIsHandlerConnected	3.0	3.0 and later	Objbase.h	Ole232.lib	Windows CE OS
_wcesdk_com_CoIsOle1Class	CoIsOle1Class	3.0	3.0 and later	Objbase.h	Ole232.lib	Windows CE OS
_wcesdk_com_CoLockObjectExternal	CoLockObjectExternal	3.0	3.0 and later	Objbase.h	Ole232.lib	Windows CE OS
_wcesdk_com_CoMarshalHresult	CoMarshalHresult	3.0	3.0 and later	Objbase.h	Ole232.lib	Windows CE OS
_wcesdk_com_CoMarshalInterThreadInterfaceInStream	CoMarshalInterThreadInterfaceInStream	3.0	3.0 and later	Objbase.h	Ole232.lib	Windows CE OS
_wcesdk_com_CoMarshalInterface	CoMarshalInterface	3.0	3.0 and later	Objbase.h	Ole232.lib	Windows CE OS
_wcesdk_com_CoQueryAuthenticationServices	CoQueryAuthenticationServices	3.0	3.0 and later	Objbase.h	Ole232.lib	Windows CE OS
_wcesdk_com_CoQueryClientBlanket	CoQueryClientBlanket	3.0	3.0 and later	Objbase.h	Ole232.lib	Windows CE OS
_wcesdk_com_CoQueryProxyBlanket	CoQueryProxyBlanket	3.0	3.0 and later	Objbase.h	Ole232.lib	Windows CE OS
_wcesdk_com_CoRegisterClassObject	CoRegisterClassObject	3.0	3.0 and later	Objbase.h	Ole232.lib	Windows CE OS
_wcesdk_com_CoRegisterMallocSpy	CoRegisterMallocSpy	3.0	3.0 and later	Objbase.h	Ole232.lib	Windows CE OS
_wcesdk_com_CoRegisterMessageFilter	CoRegisterMessageFilter	3.0	3.0 and later	Objbase.h	Ole232.lib	Windows CE OS
_wcesdk_com_CoRegisterPSClsid	CoRegisterPSClsid	3.0	3.0 and later	Objbase.h	Ole232.lib	Windows CE OS
_wcesdk_com_CoRegisterSurrogate	CoRegisterSurrogate	3.0	3.0 and later	Objbase.h	Ole232.lib	Windows CE OS
_wcesdk_com_CoReleaseMarshalData	CoReleaseMarshalData	3.0	3.0 and later	Objbase.h	Ole232.lib	Windows CE OS
_wcesdk_com_CoReleaseServerProcess	CoReleaseServerProcess	3.0	3.0 and later	Objbase.h	Ole232.lib	Windows CE OS
_wcesdk_com_CoResumeClassObjects	CoResumeClassObjects	3.0	3.0 and later	Objbase.h	Ole232.lib	Windows CE OS
_wcesdk_com_CoRevertToSelf	CoRevertToSelf	3.0	3.0 and later	Objbase.h	Ole232.lib	Windows CE OS
_wcesdk_com_CoRevokeClassObject	CoRevokeClassObject	3.0	3.0 and later	Objbase.h	Ole232.lib	Windows CE OS
_wcesdk_com_CoRevokeMallocSpy	CoRevokeMallocSpy	3.0	3.0 and later	Objbase.h	Ole232.lib	Windows CE OS
_wcesdk_com_CoSetProxyBlanket	CoSetProxyBlanket	3.0	3.0 and later	Objbase.h	Ole232.lib	Windows CE OS
_wcesdk_com_CoSuspendClassObjects	CoSuspendClassObjects	3.0	3.0 and later	Objbase.h	Ole232.lib	Windows CE OS
_wcesdk_com_CoSwitchCallContext	CoSwitchCallContext	3.0	3.0 and later	Objbase.h	Ole232.lib	Windows CE OS
_wcesdk_com_CoTreatAsClass	CoTreatAsClass	3.0	3.0 and later	Objbase.h	Ole232.lib	Windows CE OS
_wcesdk_com_CoUnmarshalHresult	CoUnmarshalHresult	3.0	3.0 and later	Objbase.h	Ole232.lib	Windows CE OS
_wcesdk_com_CoUnmarshalInterface	CoUnmarshalInterface	3.0	3.0 and later	Objbase.h	Ole232.lib	Windows CE OS
_wcesdk_com_CreateAntiMoniker	CreateAntiMoniker	3.0	3.0 and later	Objbase.h	Ole232.lib	Windows CE OS
_wcesdk_com_CreateClassMoniker	CreateClassMoniker	3.0	3.0 and later	Objbase.h	Ole232.lib	Windows CE OS
_wcesdk_com_CreateFileMoniker	CreateFileMoniker	3.0	3.0 and later	Objbase.h	Ole232.lib	Windows CE OS
_wcesdk_com_CreateGenericComposite	CreateGenericComposite	3.0	3.0 and later	Objbase.h	Ole232.lib	Windows CE OS
_wcesdk_com_CreateItemMoniker	CreateItemMoniker	3.0	3.0 and later	Objbase.h	Ole232.lib	Windows CE OS
_wcesdk_com_CreatePointerMoniker	CreatePointerMoniker	3.0	3.0 and later	Objbase.h	Ole232.lib	Windows CE OS
_wcesdk_com_CreateStreamOnHGlobal	CreateStreamOnHGlobal	2.0	2.0 and later	Ole2.h	Ole232.lib	Windows CE OS
_wcesdk_com_DVASPECT	DVASPECT	2.0	2.0 and later	Wtypes.h		Windows CE OS
_wcesdk_com_DVEXTENTINFO	DVEXTENTINFO	2.0	2.0 and later	Ocidl.h		Windows CE OS
_wcesdk_com_DVTARGETDEVICE	DVTARGETDEVICE	2.0	2.0 and later	Objidl.h		Windows CE OS
_wcesdk_com_DirectInputCreate	DirectInputCreate	2.12	2.12 and later	Dinput.h		Windows CE OS
_wcesdk_com_DllCanUnloadNow	DllCanUnloadNow	2.0	2.0 and later	Objbase.h		Windows CE OS
_wcesdk_com_DllGetClassObject	DllGetClassObject	3.0	3.0 and later	Objbase.h	Ole232.lib	Windows CE OS
_wcesdk_com_DllRegisterServer	DllRegisterServer	2.0	2.0 and later	Objbase.h		Windows CE OS
_wcesdk_com_DllUnregisterServer	DllUnregisterServer	2.0	2.0 and later	Objbase.h		Windows CE OS
_wcesdk_com_FORMATETC	FORMATETC	2.0	2.0 and later	Objidl.h		Windows CE OS
_wcesdk_com_GetHGlobalFromStream	GetHGlobalFromStream	2.0	2.0 and later	Ole2.h	Ole232.lib	Windows CE OS
_wcesdk_com_GetRunningObjectTable	GetRunningObjectTable	3.0	3.0 and later	Objbase.h	Ole232.lib	Windows CE OS
_wcesdk_com_IAdviseSink	IAdviseSink	2.0	2.0 and later	Oaidl.h		Windows CE OS
_wcesdk_com_IAdviseSink_OnClose	IAdviseSink::OnClose	2.0	2.0 and later	Oaidl.h		Windows CE OS
_wcesdk_com_IAdviseSink_OnDataChange	IAdviseSink::OnDataChange	2.0	2.0 and later	Oaidl.h		Windows CE OS
_wcesdk_com_IAdviseSink_OnRename	IAdviseSink::OnRename	2.0	2.0 and later	Oaidl.h		Windows CE OS
_wcesdk_com_IAdviseSink_OnSave	IAdviseSink::OnSave	2.0	2.0 and later	Oaidl.h		Windows CE OS
_wcesdk_com_IAdviseSink_OnViewChange	IAdviseSink::OnViewChange	2.0	2.0 and later	Oaidl.h		Windows CE OS
_wcesdk_com_IClassActivator	IClassActivator	3.0	3.0 and later	Objidl.h		Windows CE OS
_wcesdk_com_IClassActivator__GetClassObject	IClassActivator::GetClassObject	3.0	3.0 and later	Objidl.h		Windows CE OS
_wcesdk_com_IClassFactory2	IClassFactory2	3.0	3.0 and later	Ocidl.h		Windows CE OS
_wcesdk_com_IClassFactory2__CreateInstanceLic	IClassFactory2::CreateInstanceLic	3.0	3.0 and later	Ocidl.h		Windows CE OS
_wcesdk_com_IClassFactory2__GetLicInfo	IClassFactory2::GetLicInfo	3.0	3.0 and later	Ocidl.h		Windows CE OS
_wcesdk_com_IClassFactory2__RequestLicKey	IClassFactory2::RequestLicKey	3.0	3.0 and later	Ocidl.h		Windows CE OS
_wcesdk_com_IClassFactory_CreateInstance	IClassFactory::CreateInstance	2.0	2.0 and later	Objbase.h		Windows CE OS
_wcesdk_com_IClassFactory_IUnknown	IClassFactory	2.0	2.0 and later	Objbase.h		Windows CE OS
_wcesdk_com_IClassFactory_LockServer	IClassFactory::LockServer	2.0	2.0 and later	Objbase.h		Windows CE OS
_wcesdk_com_IClientSecurity	IClientSecurity	3.0	3.0 and later	Objidl.h		Windows CE OS
_wcesdk_com_IClientSecurity__CopyProxy	IClientSecurity::CopyProxy	3.0	3.0 and later	Objidl.h		Windows CE OS
_wcesdk_com_IClientSecurity__QueryBlanket	IClientSecurity::QueryBlanket	3.0	3.0 and later	Objidl.h		Windows CE OS
_wcesdk_com_IClientSecurity__SetBlanket	IClientSecurity::SetBlanket	3.0	3.0 and later	Objidl.h		Windows CE OS
_wcesdk_com_IConnectionPoint	IConnectionPoint	3.0	3.0 and later	Ocidl.h		Windows CE OS
_wcesdk_com_IConnectionPointContainer	IConnectionPointContainer	3.0	3.0 and later	Ocidl.h		Windows CE OS
_wcesdk_com_IConnectionPointContainer__EnumConnectionPoints	IConnectionPointContainer::EnumConnectionPoints	3.0	3.0 and later	Ocidl.h		Windows CE OS
_wcesdk_com_IConnectionPointContainer__FindConnectionPoint	IConnectionPointContainer::FindConnectionPoint	3.0	3.0 and later	Ocidl.h		Windows CE OS
_wcesdk_com_IConnectionPoint__Advise	IConnectionPoint::Advise	3.0	3.0 and later	Ocidl.h		Windows CE OS
_wcesdk_com_IConnectionPoint__EnumConnections	IConnectionPoint::EnumConnections	3.0	3.0 and later	Ocidl.h		Windows CE OS
_wcesdk_com_IConnectionPoint__GetConnectionInterface	IConnectionPoint::GetConnectionInterface	3.0	3.0 and later	Ocidl.h		Windows CE OS
_wcesdk_com_IConnectionPoint__GetConnectionPointContainer	IConnectionPoint::GetConnectionPointContainer	3.0	3.0 and later	Ocidl.h		Windows CE OS
_wcesdk_com_IConnectionPoint__Unadvise	IConnectionPoint::Unadvise	3.0	3.0 and later	Ocidl.h		Windows CE OS
_wcesdk_com_IEnumConnectionPoints	IEnumConnectionPoints	3.0	3.0 and later	Ocidl.h		Windows CE OS
_wcesdk_com_IEnumConnections	IEnumConnections	3.0	3.0 and later	Ocidl.h		Windows CE OS
_wcesdk_com_IEnumMoniker	IEnumMoniker	3.0	3.0 and later	Objidl.h		Windows CE OS
_wcesdk_com_IEnumSTATDATA	IEnumSTATDATA	2.0	2.0 and later	Oaidl.h		Windows CE OS
_wcesdk_com_IEnumSTATDATA_Clone	IEnumSTATDATA::Clone	2.0	2.0 and later	Oaidl.h		Windows CE OS
_wcesdk_com_IEnumSTATDATA_Next	IEnumSTATDATA::Next	2.0	2.0 and later	Oaidl.h		Windows CE OS
_wcesdk_com_IEnumSTATDATA_Reset	IEnumSTATDATA::Reset	2.0	2.0 and later	Oaidl.h		Windows CE OS
_wcesdk_com_IEnumSTATDATA_Skip	IEnumSTATDATA::Skip	2.0	2.0 and later	Oaidl.h		Windows CE OS
_wcesdk_com_IEnumSTATSTG	IEnumSTATSTG	2.0	2.0 and later	Objidl.h		Windows CE OS
_wcesdk_com_IEnumSTATSTG_Clone	IEnumSTATSTG::Clone	2.0	2.0 and later	Objidl.h		Windows CE OS
_wcesdk_com_IEnumSTATSTG_Next	IEnumSTATSTG::Next	2.0	2.0 and later	Objidl.h		Windows CE OS
_wcesdk_com_IEnumSTATSTG_Reset	IEnumSTATSTG::Reset	2.0	2.0 and later	Objidl.h		Windows CE OS
_wcesdk_com_IEnumSTATSTG_Skip	IEnumSTATSTG::Skip	2.0	2.0 and later	Objidl.h		Windows CE OS
_wcesdk_com_IEnumString	IEnumString	2.0	2.0 and later	Objidl.h		Windows CE OS
_wcesdk_com_IExternalConnection	IExternalConnection	3.0	3.0 and later	Objidl.h		Windows CE OS
_wcesdk_com_IExternalConnection__AddConnection	IExternalConnection::AddConnection	3.0	3.0 and later	Objidl.h		Windows CE OS
_wcesdk_com_IExternalConnection__ReleaseConnection	IExternalConnection::ReleaseConnection	3.0	3.0 and later	Objidl.h		Windows CE OS
_wcesdk_com_IFillLockBytes	IFillLockBytes	3.0	3.0 and later	Objidl.h		Windows CE OS
_wcesdk_com_IFillLockBytes__FillAppend	IFillLockBytes::FillAppend	3.0	3.0 and later	Objidl.h		Windows CE OS
_wcesdk_com_IFillLockBytes__FillAt	IFillLockBytes::FillAt	3.0	3.0 and later	Objidl.h		Windows CE OS
_wcesdk_com_IFillLockBytes__SetFillSize	IFillLockBytes::SetFillSize	3.0	3.0 and later	Objidl.h		Windows CE OS
_wcesdk_com_IFillLockBytes__Terminate	IFillLockBytes::Terminate	3.0	3.0 and later	Objidl.h		Windows CE OS
_wcesdk_com_IIDFromString	IIDFromString	3.0	3.0 and later	Objbase.h	Ole232.lib	Windows CE OS
_wcesdk_com_ILockBytes	ILockBytes	2.0	2.0 and later	Objbase.h		Windows CE OS
_wcesdk_com_ILockBytes_Flush	ILockBytes::Flush	2.0	2.0 and later	Objbase.h		Windows CE OS
_wcesdk_com_ILockBytes_LockRegion	ILockBytes::LockRegion	2.0	2.0 and later	Objbase.h		Windows CE OS
_wcesdk_com_ILockBytes_ReadAt	ILockBytes::ReadAt	2.0	2.0 and later	Objbase.h		Windows CE OS
_wcesdk_com_ILockBytes_SetSize	ILockBytes::SetSize	2.0	2.0 and later	Objbase.h		Windows CE OS
_wcesdk_com_ILockBytes_Stat	ILockBytes::Stat	2.0	2.0 and later	Objbase.h		Windows CE OS
_wcesdk_com_ILockBytes_UnlockRegion	ILockBytes::UnlockRegion	2.0	2.0 and later	Objbase.h		Windows CE OS
_wcesdk_com_ILockBytes_WriteAt	ILockBytes::WriteAt	2.0	2.0 and later	Objbase.h		Windows CE OS
_wcesdk_com_IMarshal	IMarshal	3.0	3.0 and later	Objidl.h		Windows CE OS
_wcesdk_com_IMarshal__DisconnectObject	IMarshal::DisconnectObject	3.0	3.0 and later	Objidl.h		Windows CE OS
_wcesdk_com_IMarshal__GetMarshalSizeMax	IMarshal::GetMarshalSizeMax	3.0	3.0 and later	Objidl.h		Windows CE OS
_wcesdk_com_IMarshal__GetUnmarshalClass	IMarshal::GetUnmarshalClass	3.0	3.0 and later	Objidl.h		Windows CE OS
_wcesdk_com_IMarshal__MarshalInterface	IMarshal::MarshalInterface	3.0	3.0 and later	Objidl.h		Windows CE OS
_wcesdk_com_IMarshal__ReleaseMarshalData	IMarshal::ReleaseMarshalData	3.0	3.0 and later	Objidl.h		Windows CE OS
_wcesdk_com_IMarshal__UnmarshalInterface	IMarshal::UnmarshalInterface	3.0	3.0 and later	Objidl.h		Windows CE OS
_wcesdk_com_IMarshal___Default_Implementation	IMarshal - Default Implementation	3.0	3.0 and later	Objidl.h		Windows CE OS
_wcesdk_com_IMessageFilter	IMessageFilter	3.0	3.0 and later	Objidl.h		Windows CE OS
_wcesdk_com_IMessageFilter__HandleInComingCall	IMessageFilter::HandleInComingCall	3.0	3.0 and later	Objidl.h		Windows CE OS
_wcesdk_com_IMessageFilter__MessagePending	IMessageFilter::MessagePending	3.0	3.0 and later	Objidl.h		Windows CE OS
_wcesdk_com_IMessageFilter__RetryRejectedCall	IMessageFilter::RetryRejectedCall	3.0	3.0 and later	Objidl.h		Windows CE OS
_wcesdk_com_IMoniker_BindToObject	IMoniker::BindToObject	2.0	2.0 and later	Oaidl.h		Windows CE OS
_wcesdk_com_IMoniker_BindToStorage	IMoniker::BindToStorage	2.0	2.0 and later	Oaidl.h		Windows CE OS
_wcesdk_com_IMoniker_CommonPrefixWith	IMoniker::CommonPrefixWith	2.0	2.0 and later	Oaidl.h		Windows CE OS
_wcesdk_com_IMoniker_ComposeWith	IMoniker::ComposeWith	2.0	2.0 and later	Oaidl.h		Windows CE OS
_wcesdk_com_IMoniker_Enum	IMoniker::Enum	2.0	2.0 and later	Oaidl.h		Windows CE OS
_wcesdk_com_IMoniker_GetDisplayName	IMoniker::GetDisplayName	2.0	2.0 and later	Oaidl.h		Windows CE OS
_wcesdk_com_IMoniker_GetTimeOfLastChange	IMoniker::GetTimeOfLastChange	2.0	2.0 and later	Oaidl.h		Windows CE OS
_wcesdk_com_IMoniker_Hash	IMoniker::Hash	2.0	2.0 and later	Oaidl.h		Windows CE OS
_wcesdk_com_IMoniker_Inverse	IMoniker::Inverse	2.0	2.0 and later	Oaidl.h		Windows CE OS
_wcesdk_com_IMoniker_IsEqual	IMoniker::IsEqual	2.0	2.0 and later	Oaidl.h		Windows CE OS
_wcesdk_com_IMoniker_IsRunning	IMoniker::IsRunning	2.0	2.0 and later	Oaidl.h		Windows CE OS
_wcesdk_com_IMoniker_IsSystemMoniker	IMoniker::IsSystemMoniker	2.0	2.0 and later	Oaidl.h		Windows CE OS
_wcesdk_com_IMoniker_ParseDisplayName	IMoniker::ParseDisplayName	2.0	2.0 and later	Oaidl.h		Windows CE OS
_wcesdk_com_IMoniker_Reduce	IMoniker::Reduce	2.0	2.0 and later	Oaidl.h		Windows CE OS
_wcesdk_com_IMoniker_RelativePathTo	IMoniker::RelativePathTo	2.0	2.0 and later	Oaidl.h		Windows CE OS
_wcesdk_com_IMultiQI	IMultiQI	3.0	3.0 and later	Objidl.h		Windows CE OS
_wcesdk_com_IMultiQI__QueryMultipleInterfaces	IMultiQI::QueryMultipleInterfaces	3.0	3.0 and later	Objidl.h		Windows CE OS
_wcesdk_com_IOleAdviseHolder	IOleAdviseHolder	2.0	2.0 and later	Oleidl.h		Windows CE OS
_wcesdk_com_IOleAdviseHolder_Advise	IOleAdviseHolder::Advise	2.0	2.0 and later	Oleidl.h		Windows CE OS
_wcesdk_com_IOleAdviseHolder_EnumAdvise	IOleAdviseHolder::EnumAdvise	2.0	2.0 and later	Oleidl.h		Windows CE OS
_wcesdk_com_IOleAdviseHolder_SendOnClose	IOleAdviseHolder::SendOnClose	2.0	2.0 and later	Oleidl.h		Windows CE OS
_wcesdk_com_IOleAdviseHolder_SendOnRename	IOleAdviseHolder::SendOnRename	2.0	2.0 and later	Oleidl.h		Windows CE OS
_wcesdk_com_IOleAdviseHolder_SendOnSave	IOleAdviseHolder::SendOnSave	2.0	2.0 and later	Oleidl.h		Windows CE OS
_wcesdk_com_IOleAdviseHolder_Unadvise	IOleAdviseHolder::Unadvise	2.0	2.0 and later	Oleidl.h		Windows CE OS
_wcesdk_com_IOleClientSite	IOleClientSite	2.0	2.0 and later	Oleidl.h		Windows CE OS
_wcesdk_com_IOleClientSite_GetContainer	IOleClientSite::GetContainer	2.0	2.0 and later	Oleidl.h		Windows CE OS
_wcesdk_com_IOleClientSite_GetMoniker	IOleClientSite::GetMoniker	2.0	2.0 and later	Oleidl.h		Windows CE OS
_wcesdk_com_IOleClientSite_OnShowWindow	IOleClientSite::OnShowWindow	2.0	2.0 and later	Oleidl.h		Windows CE OS
_wcesdk_com_IOleClientSite_RequestNewObjectLayout	IOleClientSite::RequestNewObjectLayout	2.0	2.0 and later	Oleidl.h		Windows CE OS
_wcesdk_com_IOleClientSite_SaveObject	IOleClientSite::SaveObject	2.0	2.0 and later	Oleidl.h		Windows CE OS
_wcesdk_com_IOleClientSite_ShowObject	IOleClientSite::ShowObject	2.0	2.0 and later	Oleidl.h		Windows CE OS
_wcesdk_com_IOleObject	IOleObject	2.0	2.0 and later	Oleidl.h		Windows CE OS
_wcesdk_com_IOleObject_Advise	IOleObject::Advise	2.0	2.0 and later	Oleidl.h		Windows CE OS
_wcesdk_com_IOleObject_Close	IOleObject::Close	2.0	2.0 and later	Oleidl.h		Windows CE OS
_wcesdk_com_IOleObject_DoVerb	IOleObject::DoVerb	2.0	2.0 and later	Oleidl.h		Windows CE OS
_wcesdk_com_IOleObject_EnumAdvise	IOleObject::EnumAdvise	2.0	2.0 and later	Oleidl.h		Windows CE OS
_wcesdk_com_IOleObject_EnumVerbs	IOleObject::EnumVerbs	2.0	2.0 and later	Oleidl.h		Windows CE OS
_wcesdk_com_IOleObject_GetClientSite	IOleObject::GetClientSite	2.0	2.0 and later	Oleidl.h		Windows CE OS
_wcesdk_com_IOleObject_GetClipboardData	IOleObject::GetClipboardData	2.0	2.0 and later	Oleidl.h		Windows CE OS
_wcesdk_com_IOleObject_GetExtent	IOleObject::GetExtent	2.0	2.0 and later	Oleidl.h		Windows CE OS
_wcesdk_com_IOleObject_GetMiscStatus	IOleObject::GetMiscStatus	2.0	2.0 and later	Oleidl.h		Windows CE OS
_wcesdk_com_IOleObject_GetMoniker	IOleObject::GetMoniker	2.0	2.0 and later	Oleidl.h		Windows CE OS
_wcesdk_com_IOleObject_GetUserClassID	IOleObject::GetUserClassID	2.0	2.0 and later	Oleidl.h		Windows CE OS
_wcesdk_com_IOleObject_GetUserType	IOleObject::GetUserType	2.0	2.0 and later	Oleidl.h		Windows CE OS
_wcesdk_com_IOleObject_InitFromData	IOleObject::InitFromData	2.0	2.0 and later	Oleidl.h		Windows CE OS
_wcesdk_com_IOleObject_IsUpToDate	IOleObject::IsUpToDate	2.0	2.0 and later	Oleidl.h		Windows CE OS
_wcesdk_com_IOleObject_SetClientSite	IOleObject::SetClientSite	2.0	2.0 and later	Oleidl.h		Windows CE OS
_wcesdk_com_IOleObject_SetColorScheme	IOleObject::SetColorScheme	2.0	2.0 and later	Oleidl.h		Windows CE OS
_wcesdk_com_IOleObject_SetExtent	IOleObject::SetExtent	2.0	2.0 and later	Oleidl.h		Windows CE OS
_wcesdk_com_IOleObject_SetHostNames	IOleObject::SetHostNames	2.0	2.0 and later	Oleidl.h		Windows CE OS
_wcesdk_com_IOleObject_SetMoniker	IOleObject::SetMoniker	2.0	2.0 and later	Oleidl.h		Windows CE OS
_wcesdk_com_IOleObject_Unadvise	IOleObject::Unadvise	2.0	2.0 and later	Oleidl.h		Windows CE OS
_wcesdk_com_IOleObject_Update	IOleObject::Update	2.0	2.0 and later	Oleidl.h		Windows CE OS
_wcesdk_com_IParseDisplayName__ParseDisplayName	IParseDisplayName::ParseDisplayName	3.0	3.0 and later	Oleidl.h		Windows CE OS
_wcesdk_com_IPersist	IPersist	2.0	2.0 and later	Oleidl.h		Windows CE OS
_wcesdk_com_IPersistFile	IPersistFile	3.0	3.0 and later	Objidl.h		Windows CE OS
_wcesdk_com_IPersistFile__GetCurFile	IPersistFile::GetCurFile	3.0	3.0 and later	Objidl.h		Windows CE OS
_wcesdk_com_IPersistFile__IsDirty	IPersistFile::IsDirty	3.0	3.0 and later	Objidl.h		Windows CE OS
_wcesdk_com_IPersistFile__Load	IPersistFile::Load	3.0	3.0 and later	Objidl.h		Windows CE OS
_wcesdk_com_IPersistFile__Save	IPersistFile::Save	3.0	3.0 and later	Objidl.h		Windows CE OS
_wcesdk_com_IPersistFile__SaveCompleted	IPersistFile::SaveCompleted	3.0	3.0 and later	Objidl.h		Windows CE OS
_wcesdk_com_IPersistStorage	IPersistStorage	2.0	2.0 and later	Oleidl.h		Windows CE OS
_wcesdk_com_IPersistStorage_HandsOffStorage	IPersistStorage::HandsOffStorage	2.0	2.0 and later	Oleidl.h		Windows CE OS
_wcesdk_com_IPersistStorage_InitNew	IPersistStorage::InitNew	2.0	2.0 and later	Oleidl.h		Windows CE OS
_wcesdk_com_IPersistStorage_IsDirty	IPersistStorage::IsDirty	2.0	2.0 and later	Oleidl.h		Windows CE OS
_wcesdk_com_IPersistStorage_Load	IPersistStorage::Load	2.0	2.0 and later	Oleidl.h		Windows CE OS
_wcesdk_com_IPersistStorage_Save	IPersistStorage::Save	2.0	2.0 and later	Oleidl.h		Windows CE OS
_wcesdk_com_IPersistStorage_SaveCompleted	IPersistStorage::SaveCompleted	2.0	2.0 and later	Oleidl.h		Windows CE OS
_wcesdk_com_IPersistStreamInit	IPersistStreamInit	3.0	3.0 and later	Ocidl.h		Windows CE OS
_wcesdk_com_IPersistStreamInit__GetSizeMax	IPersistStreamInit::GetSizeMax	3.0	3.0 and later	Ocidl.h		Windows CE OS
_wcesdk_com_IPersistStreamInit__InitNew	IPersistStreamInit::InitNew	3.0	3.0 and later	Ocidl.h		Windows CE OS
_wcesdk_com_IPersistStreamInit__IsDirty	IPersistStreamInit::IsDirty	3.0	3.0 and later	Ocidl.h		Windows CE OS
_wcesdk_com_IPersistStreamInit__Load	IPersistStreamInit::Load	3.0	3.0 and later	Ocidl.h		Windows CE OS
_wcesdk_com_IPersistStreamInit__Save	IPersistStreamInit::Save	3.0	3.0 and later	Ocidl.h		Windows CE OS
_wcesdk_com_IPersist_GetClassID	IPersist::GetClassID	2.0	2.0 and later	Oleidl.h		Windows CE OS
_wcesdk_com_IROTData	IROTData	3.0	3.0 and later	Objidl.h		Windows CE OS
_wcesdk_com_IROTData__GetComparisonData	IROTData::GetComparisonData	3.0	3.0 and later	Objidl.h		Windows CE OS
_wcesdk_com_IRootStorage	IRootStorage	2.0	2.0 and later	Oleidl.h		Windows CE OS
_wcesdk_com_IRootStorage_SwitchToFile	IRootStorage::SwitchToFile	2.0	2.0 and later	Oleidl.h		Windows CE OS
_wcesdk_com_IRunnableObject	IRunnableObject	3.0	3.0 and later	Objidl.h		Windows CE OS
_wcesdk_com_IRunnableObject__GetRunningClass	IRunnableObject::GetRunningClass	3.0	3.0 and later	Objidl.h		Windows CE OS
_wcesdk_com_IRunnableObject__IsRunning	IRunnableObject::IsRunning	3.0	3.0 and later	Objidl.h		Windows CE OS
_wcesdk_com_IRunnableObject__LockRunning	IRunnableObject::LockRunning	3.0	3.0 and later	Objidl.h		Windows CE OS
_wcesdk_com_IRunnableObject__Run	IRunnableObject::Run	3.0	3.0 and later	Objidl.h		Windows CE OS
_wcesdk_com_IRunnableObject__SetContainedObject	IRunnableObject::SetContainedObject	3.0	3.0 and later	Objidl.h		Windows CE OS
_wcesdk_com_IRunningObjectTable	IRunningObjectTable	3.0	3.0 and later	Objidl.h		Windows CE OS
_wcesdk_com_IRunningObjectTable__EnumRunning	IRunningObjectTable::EnumRunning	3.0	3.0 and later	Objidl.h		Windows CE OS
_wcesdk_com_IRunningObjectTable__GetObject	IRunningObjectTable::GetObject	3.0	3.0 and later	Objidl.h		Windows CE OS
_wcesdk_com_IRunningObjectTable__GetTimeOfLastChange	IRunningObjectTable::GetTimeOfLastChange	3.0	3.0 and later	Objidl.h		Windows CE OS
_wcesdk_com_IRunningObjectTable__IsRunning	IRunningObjectTable::IsRunning	3.0	3.0 and later	Objidl.h		Windows CE OS
_wcesdk_com_IRunningObjectTable__NoteChangeTime	IRunningObjectTable::NoteChangeTime	3.0	3.0 and later	Objidl.h		Windows CE OS
_wcesdk_com_IRunningObjectTable__Register	IRunningObjectTable::Register	3.0	3.0 and later	Objidl.h		Windows CE OS
_wcesdk_com_IRunningObjectTable__Revoke	IRunningObjectTable::Revoke	3.0	3.0 and later	Objidl.h		Windows CE OS
_wcesdk_com_ISequentialStream	ISequentialStream	3.0	3.0 and later	Objidl.h		Windows CE OS
_wcesdk_com_ISequentialStream__Read	ISequentialStream::Read	3.0	3.0 and later	Objidl.h		Windows CE OS
_wcesdk_com_ISequentialStream__Write	ISequentialStream::Write	3.0	3.0 and later	Objidl.h		Windows CE OS
_wcesdk_com_IServerSecurity	IServerSecurity	3.0	3.0 and later	Objidl.h		Windows CE OS
_wcesdk_com_IServerSecurity__ImpersonateClient	IServerSecurity::ImpersonateClient	3.0	3.0 and later	Objidl.h		Windows CE OS
_wcesdk_com_IServerSecurity__IsImpersonating	IServerSecurity::IsImpersonating	3.0	3.0 and later	Objidl.h		Windows CE OS
_wcesdk_com_IServerSecurity__QueryBlanket	IServerSecurity::QueryBlanket	3.0	3.0 and later	Objidl.h		Windows CE OS
_wcesdk_com_IServerSecurity__RevertToSelf	IServerSecurity::RevertToSelf	3.0	3.0 and later	Objidl.h		Windows CE OS
_wcesdk_com_IStdMarshalInfo	IStdMarshalInfo	3.0	3.0 and later	Objidl.h		Windows CE OS
_wcesdk_com_IStdMarshalInfo__GetClassForHandler	IStdMarshalInfo::GetClassForHandler	3.0	3.0 and later	Objidl.h		Windows CE OS
_wcesdk_com_IStorage	IStorage	2.0	2.0 and later	Objidl.h		Windows CE OS
_wcesdk_com_IStorage_Commit	IStorage::Commit	2.0	2.0 and later	Objidl.h		Windows CE OS
_wcesdk_com_IStorage_CopyTo	IStorage::CopyTo	2.0	2.0 and later	Objidl.h		Windows CE OS
_wcesdk_com_IStorage_CreateStorage	IStorage::CreateStorage	2.0	2.0 and later	Objidl.h		Windows CE OS
_wcesdk_com_IStorage_CreateStream	IStorage::CreateStream	2.0	2.0 and later	Objidl.h		Windows CE OS
_wcesdk_com_IStorage_DestroyElement	IStorage::DestroyElement	2.0	2.0 and later	Objidl.h		Windows CE OS
_wcesdk_com_IStorage_EnumElements	IStorage::EnumElements	2.0	2.0 and later	Objidl.h		Windows CE OS
_wcesdk_com_IStorage_MoveElementTo	IStorage::MoveElementTo	2.0	2.0 and later	Objidl.h		Windows CE OS
_wcesdk_com_IStorage_OpenStorage	IStorage::OpenStorage	2.0	2.0 and later	Objidl.h		Windows CE OS
_wcesdk_com_IStorage_OpenStream	IStorage::OpenStream	2.0	2.0 and later	Objidl.h		Windows CE OS
_wcesdk_com_IStorage_RenameElement	IStorage::RenameElement	2.0	2.0 and later	Objidl.h		Windows CE OS
_wcesdk_com_IStorage_SetClass	IStorage::SetClass	2.0	2.0 and later	Objidl.h		Windows CE OS
_wcesdk_com_IStorage_SetElementTimes	IStorage::SetElementTimes	2.0	2.0 and later	Objidl.h		Windows CE OS
_wcesdk_com_IStorage_SetStateBits	IStorage::SetStateBits	2.0	2.0 and later	Objidl.h		Windows CE OS
_wcesdk_com_IStorage_Stat	IStorage::Stat	2.0	2.0 and later	Objidl.h		Windows CE OS
_wcesdk_com_IStream	IStream	2.0	2.0 and later	Objidl.h		Windows CE OS
_wcesdk_com_IStream_Clone	IStream::Clone	2.0	2.0 and later	Objidl.h		Windows CE OS
_wcesdk_com_IStream_Commit	IStream::Commit	2.0	2.0 and later	Objidl.h		Windows CE OS
_wcesdk_com_IStream_CopyTo	IStream::CopyTo	2.0	2.0 and later	Objidl.h		Windows CE OS
_wcesdk_com_IStream_LockRegion	IStream::LockRegion	2.0	2.0 and later	Objidl.h		Windows CE OS
_wcesdk_com_IStream_Read	IStream::Read	2.0	2.0 and later	Objidl.h		Windows CE OS
_wcesdk_com_IStream_Revert	IStream::Revert	2.0	2.0 and later	Objidl.h		Windows CE OS
_wcesdk_com_IStream_Seek	IStream::Seek	2.0	2.0 and later	Objidl.h		Windows CE OS
_wcesdk_com_IStream_SetSize	IStream::SetSize	2.0	2.0 and later	Objidl.h		Windows CE OS
_wcesdk_com_IStream_Stat	IStream::Stat	2.0	2.0 and later	Objidl.h		Windows CE OS
_wcesdk_com_IStream_UnlockRegion	IStream::UnlockRegion	2.0	2.0 and later	Objidl.h		Windows CE OS
_wcesdk_com_IStream_Write	IStream::Write	2.0	2.0 and later	Objidl.h		Windows CE OS
_wcesdk_com_IUnknown	IUnknown	1.0	1.0 and later	Unknwn.h		Windows CE OS
_wcesdk_com_IViewObject	IViewObject	2.0	2.0 and later	Oleidl.h		Windows CE OS
_wcesdk_com_IViewObject_Draw	IViewObject::Draw	2.0	2.0 and later	Oleidl.h		Windows CE OS
_wcesdk_com_IViewObject_Freeze	IViewObject::Freeze	2.0	2.0 and later	Oleidl.h		Windows CE OS
_wcesdk_com_IViewObject_GetAdvise	IViewObject::GetAdvise	2.0	2.0 and later	Oleidl.h		Windows CE OS
_wcesdk_com_IViewObject_GetColorSet	IViewObject::GetColorSet	2.0	2.0 and later	Oleidl.h		Windows CE OS
_wcesdk_com_IViewObject_SetAdvise	IViewObject::SetAdvise	2.0	2.0 and later	Oleidl.h		Windows CE OS
_wcesdk_com_IViewObject_Unfreeze	IViewObject::Unfreeze	2.0	2.0 and later	Oleidl.h		Windows CE OS
_wcesdk_com_IsEqualGUID	IsEqualGUID	3.0	3.0 and later	Objbase.h		Windows CE OS
_wcesdk_com_Iunknown_AddRef	IUnknown::AddRef	1.0	1.0 and later	Unknwn.h		Windows CE OS
_wcesdk_com_Iunknown_QueryInterface	IUnknown::QueryInterface	1.0	1.0 and later	Unknwn.h		Windows CE OS
_wcesdk_com_Iunknown_Release	IUnknown::Release	1.0	1.0 and later	Unknwn.h		Windows CE OS
_wcesdk_com_MkParseDisplayName	MkParseDisplayName	3.0	3.0 and later	Objbase.h	Ole232.lib	Windows CE OS
_wcesdk_com_MonikerCommonPrefixWith	MonikerCommonPrefixWith	3.0	3.0 and later	Objbase.h	Ole232.lib	Windows CE OS
_wcesdk_com_MonikerRelativePathTo	MonikerRelativePathTo	3.0	3.0 and later	Objbase.h	Ole232.lib	Windows CE OS
_wcesdk_com_NM_DBLCLK	NM_DBLCLK	2.0	2.0 and later	Commctrl.h		Windows CE OS
_wcesdk_com_NM_HOVER	NM_HOVER	2.0	2.0 and later	Commctrl.h		Windows CE OS
_wcesdk_com_NM_KILLFOCUS	NM_KILLFOCUS	2.0	2.0 and later	Commctrl.h		Windows CE OS
_wcesdk_com_NM_NCHITTEST	NM_NCHITTEST	2.0	2.0 and later	Commctrl.h		Windows CE OS
_wcesdk_com_NM_OUTOFMEMORY	NM_OUTOFMEMORY	2.0	2.0 and later	Commctrl.h		Windows CE OS
_wcesdk_com_NM_RCLICK	NM_RCLICK	2.0	2.0 and later	Commctrl.h		Windows CE OS
_wcesdk_com_NM_RDBLCLK	NM_RDBLCLK	2.0	2.0 and later	Commctrl.h		Windows CE OS
_wcesdk_com_NM_RETURN	NM_RETURN	2.0	2.0 and later	Commctrl.h		Windows CE OS
_wcesdk_com_NM_SETFOCUS	NM_SETFOCUS	2.0	2.0 and later	Commctrl.h		Windows CE OS
_wcesdk_com_OleLoadFromStream	OleLoadFromStream	3.0	3.0 and later	Ole2.h	Ole232.lib	Windows CE OS
_wcesdk_com_OleSaveToStream	OleSaveToStream	3.0	3.0 and later	Ole2.h	Ole232.lib	Windows CE OS
_wcesdk_com_ProgIDFromCLSID	ProgIDFromCLSID	3.0	3.0 and later	Objbase.h	Ole232.lib	Windows CE OS
_wcesdk_com_ReadClassStg	ReadClassStg	2.0	2.0 and later	Ole2.h	Ole232.lib	Windows CE OS
_wcesdk_com_STATSTG	STATSTG	2.0	2.0 and later	Objidl.h		Windows CE OS
_wcesdk_com_STGMEDIUM	STGMEDIUM	2.0	2.0 and later	Objidl.h		Windows CE OS
_wcesdk_com_TYMED	TYMED	2.0	2.0 and later	Objidl.h		Windows CE OS
_wcesdk_com_UpdateDCOMSettings	UpdateDCOMSettings	3.0	3.0 and later	Objbase.h	Ole232.lib	Windows CE OS
_wcesdk_crypto2_ALG_ID	ALG_ID	3.0	3.0 or later	Wincrypt.h		Windows CE OS
_wcesdk_crypto2_BLOB	BLOB	3.0	3.0 or later	Wincrypt.h		Windows CE OS
_wcesdk_crypto2_CERT_ACCESS_DESCRIPTION	CERT_ACCESS_DESCRIPTION	3.0	3.0 or later	Wincrypt.h		Windows CE OS
_wcesdk_crypto2_CERT_ALT_NAME_ENTRY	CERT_ALT_NAME_ENTRY	3.0	3.0 or later	Wincrypt.h		Windows CE OS
_wcesdk_crypto2_CERT_ALT_NAME_INFO	CERT_ALT_NAME_INFO	3.0	3.0 or later	Wincrypt.h		Windows CE OS
_wcesdk_crypto2_CERT_AUTHORITY_INFO_ACCESS	CERT_AUTHORITY_INFO_ACCESS	3.0	3.0 or later	Wincrypt.h		Windows CE OS
_wcesdk_crypto2_CERT_AUTHORITY_KEY_ID2_INFO	CERT_AUTHORITY_KEY_ID2_INFO	3.0	3.0 or later	Wincrypt.h		Windows CE OS
_wcesdk_crypto2_CERT_AUTHORITY_KEY_ID_INFO	CERT_AUTHORITY_KEY_ID_INFO	3.0	3.0 or later	Wincrypt.h		Windows CE OS
_wcesdk_crypto2_CERT_BASIC_CONSTRAINTS2_INFO	CERT_BASIC_CONSTRAINTS2_INFO	3.0	3.0 or later	Wincrypt.h		Windows CE OS
_wcesdk_crypto2_CERT_BASIC_CONSTRAINTS_INFO	CERT_BASIC_CONSTRAINTS_INFO	3.0	3.0 or later	Wincrypt.h		Windows CE OS
_wcesdk_crypto2_CERT_CHAIN_CONTEXT	CERT_CHAIN_CONTEXT	3.0	3.0 or later	Wincrypt.h		Windows CE OS
_wcesdk_crypto2_CERT_CHAIN_ELEMENT	CERT_CHAIN_ELEMENT	3.0	3.0 or later	Wincrypt.h		Windows CE OS
_wcesdk_crypto2_CERT_CHAIN_ENGINE_CONFIG	CERT_CHAIN_ENGINE_CONFIG	3.0	3.0 or later	Wincrypt.h		Windows CE OS
_wcesdk_crypto2_CERT_CHAIN_PARA	CERT_CHAIN_PARA	3.0	3.0 or later	Wincrypt.h		Windows CE OS
_wcesdk_crypto2_CERT_CONTEXT	CERT_CONTEXT	3.0	3.0 or later	Wincrypt.h		Windows CE OS
_wcesdk_crypto2_CERT_EXTENSION	CERT_EXTENSION	3.0	3.0 or later	Wincrypt.h		Windows CE OS
_wcesdk_crypto2_CERT_ID	CERT_ID	3.0	3.0 or later	Wincrypt.h		Windows CE OS
_wcesdk_crypto2_CERT_INFO	CERT_INFO	3.0	3.0 or later	Wincrypt.h		Windows CE OS
_wcesdk_crypto2_CERT_ISSUER_SERIAL_NUMBER	CERT_ISSUER_SERIAL_NUMBER	3.0	3.0 or later	Wincrypt.h		Windows CE OS
_wcesdk_crypto2_CERT_KEYGEN_REQUEST_INFO	CERT_KEYGEN_REQUEST_INFO	3.0	3.0 or later	Wincrypt.h		Windows CE OS
_wcesdk_crypto2_CERT_KEY_ATTRIBUTES_INFO	CERT_KEY_ATTRIBUTES_INFO	3.0	3.0 or later	Wincrypt.h		Windows CE OS
_wcesdk_crypto2_CERT_KEY_CONTEXT	CERT_KEY_CONTEXT	3.0	3.0 or later	Wincrypt.h		Windows CE OS
_wcesdk_crypto2_CERT_KEY_USAGE_RESTRICTION_INFO	CERT_KEY_USAGE_RESTRICTION_INFO	3.0	3.0 or later	Wincrypt.h		Windows CE OS
_wcesdk_crypto2_CERT_NAME_INFO	CERT_NAME_INFO	3.0	3.0 or later	Wincrypt.h		Windows CE OS
_wcesdk_crypto2_CERT_POLICIES_INFO	CERT_POLICIES_INFO	3.0	3.0 or later	Wincrypt.h		Windows CE OS
_wcesdk_crypto2_CERT_POLICY_ID	CERT_POLICY_ID	3.0	3.0 or later	Wincrypt.h		Windows CE OS
_wcesdk_crypto2_CERT_POLICY_INFO	CERT_POLICY_INFO	3.0	3.0 or later	Wincrypt.h		Windows CE OS
_wcesdk_crypto2_CERT_POLICY_QUALIFIER_INFO	CERT_POLICY_QUALIFIER_INFO	3.0	3.0 or later	Wincrypt.h		Windows CE OS
_wcesdk_crypto2_CERT_PRIVATE_KEY_VALIDITY	CERT_PRIVATE_KEY_VALIDITY	3.0	3.0 or later	Wincrypt.h		Windows CE OS
_wcesdk_crypto2_CERT_PUBLIC_KEY_INFO	CERT_PUBLIC_KEY_INFO	3.0	3.0 or later	Wincrypt.h		Windows CE OS
_wcesdk_crypto2_CERT_RDN	CERT_RDN	3.0	3.0 or later	Wincrypt.h		Windows CE OS
_wcesdk_crypto2_CERT_RDN_ATTR	CERT_RDN_ATTR	3.0	3.0 or later	Wincrypt.h		Windows CE OS
_wcesdk_crypto2_CERT_REQUEST_INFO	CERT_REQUEST_INFO	3.0	3.0 or later	Wincrypt.h		Windows CE OS
_wcesdk_crypto2_CERT_SIGNED_CONTENT_INFO	CERT_SIGNED_CONTENT_INFO	3.0	3.0 or later	Wincrypt.h		Windows CE OS
_wcesdk_crypto2_CERT_SIMPLE_CHAIN	CERT_SIMPLE_CHAIN	3.0	3.0 or later	Wincrypt.h		Windows CE OS
_wcesdk_crypto2_CERT_SYSTEM_STORE_INFO	CERT_SYSTEM_STORE_INFO	3.0	3.0 or later	Wincrypt.h		Windows CE OS
_wcesdk_crypto2_CERT_SYSTEM_STORE_RELOCATE_PARA	CERT_SYSTEM_STORE_RELOCATE_PARA	3.0	3.0 or later	Wincrypt.h		Windows CE OS
_wcesdk_crypto2_CERT_TRUST_LIST_INFO	CERT_TRUST_LIST_INFO	3.0	3.0 or later	Wincrypt.h		Windows CE OS
_wcesdk_crypto2_CERT_TRUST_STATUS	CERT_TRUST_STATUS	3.0	3.0 or later	Wincrypt.h		Windows CE OS
_wcesdk_crypto2_CERT_USAGE_MATCH	CERT_USAGE_MATCH	3.0	3.0 or later	Wincrypt.h		Windows CE OS
_wcesdk_crypto2_CRYPT_ALGORITHM_IDENTIFIER	CRYPT_ALGORITHM_IDENTIFIER	3.0	3.0 or later	Wincrypt.h		Windows CE OS
_wcesdk_crypto2_CRYPT_ATTRIBUTE	CRYPT_ATTRIBUTE	3.0	3.0 or later	Wincrypt.h		Windows CE OS
_wcesdk_crypto2_CRYPT_BIT_BLOB	CRYPT_BIT_BLOB	3.0	3.0 or later	Wincrypt.h		Windows CE OS
_wcesdk_crypto2_CRYPT_ENCODE_PARA	CRYPT_ENCODE_PARA	3.0	3.0 or later	Wincrypt.h		Windows CE OS
_wcesdk_crypto2_CRYPT_KEY_PROV_INFO	CRYPT_KEY_PROV_INFO	3.0	3.0 or later	Wincrypt.h		Windows CE OS
_wcesdk_crypto2_CRYPT_KEY_PROV_PARAM	CRYPT_KEY_PROV_PARAM	3.0	3.0 or later	Wincrypt.h		Windows CE OS
_wcesdk_crypto2_CRYPT_OID_FUNC_ENTRY	CRYPT_OID_FUNC_ENTRY	3.0	3.0 or later	Wincrypt.h		Windows CE OS
_wcesdk_crypto2_CRYPT_OID_INFO	CRYPT_OID_INFO	3.0	3.0 or later	Wincrypt.h		Windows CE OS
_wcesdk_crypto2_CTL_USAGE	CTL_USAGE	3.0	3.0 or later	Wincrypt.h		Windows CE OS
_wcesdk_crypto2_CertAddCertificateContextToStore	CertAddCertificateContextToStore	3.0	3.0 or later	Wincrypt.h	Crypt32.lib	Windows CE OS
_wcesdk_crypto2_CertAddCertificateLinkToStore	CertAddCertificateLinkToStore	3.0	3.0 or later	Wincrypt.h	Crypt32.lib	Windows CE OS
_wcesdk_crypto2_CertAddEncodedCertificateToStore	CertAddEncodedCertificateToStore	3.0	3.0 or later	Wincrypt.h	Crypt32.lib	Windows CE OS
_wcesdk_crypto2_CertAddEnhancedKeyUsageIdentifier	CertAddEnhancedKeyUsageIdentifier	3.0	3.0 or later	Wincrypt.h	Crypt32.lib	Windows CE OS
_wcesdk_crypto2_CertAddSerializedElementToStore	CertAddSerializedElementToStore	3.0	3.0 or later	Wincrypt.h	Crypt32.lib	Windows CE OS
_wcesdk_crypto2_CertAlgIdToOID	CertAlgIdToOID	3.0	3.0 or later	Wincrypt.h	Crypt32.lib	Windows CE OS
_wcesdk_crypto2_CertCloseStore	CertCloseStore	3.0	3.0 or later	Wincrypt.h	Crypt32.lib	Windows CE OS
_wcesdk_crypto2_CertCompareCertificate	CertCompareCertificate	3.0	3.0 or later	Wincrypt.h	Crypt32.lib	Windows CE OS
_wcesdk_crypto2_CertCompareCertificateName	CertCompareCertificateName	3.0	3.0 or later	Wincrypt.h	Crypt32.lib	Windows CE OS
_wcesdk_crypto2_CertCompareIntegerBlob	CertCompareIntegerBlob	3.0	3.0 or later	Wincrypt.h	Crypt32.lib	Windows CE OS
_wcesdk_crypto2_CertComparePublicKeyInfo	CertComparePublicKeyInfo	3.0	3.0 or later	Wincrypt.h	Crypt32.lib	Windows CE OS
_wcesdk_crypto2_CertControlStore	CertControlStore	3.0	3.0 or later	Wincrypt.h	Crypt32.lib	Windows CE OS
_wcesdk_crypto2_CertCreateCertificateContext	CertCreateCertificateContext	3.0	3.0 or later	Wincrypt.h	Crypt32.lib	Windows CE OS
_wcesdk_crypto2_CertDeleteCertificateFromStore	CertDeleteCertificateFromStore	3.0	3.0 or later	Wincrypt.h	Crypt32.lib	Windows CE OS
_wcesdk_crypto2_CertDuplicateCertificateChain	CertDuplicateCertificateChain	3.0	3.0 or later	Wincrypt.h	Crypt32.lib	Windows CE OS
_wcesdk_crypto2_CertDuplicateCertificateContext	CertDuplicateCertificateContext	3.0	3.0 or later	Wincrypt.h	Crypt32.lib	Windows CE OS
_wcesdk_crypto2_CertDuplicateStore	CertDuplicateStore	3.0	3.0 or later	Wincrypt.h	Crypt32.lib	Windows CE OS
_wcesdk_crypto2_CertEnumCertificatesInStore	CertEnumCertificatesInStore	3.0	3.0 or later	Wincrypt.h	Crypt32.lib	Windows CE OS
_wcesdk_crypto2_CertEnumSystemStore	CertEnumSystemStore	3.0	3.0 or later	Wincrypt.h	Crypt32.lib	Windows CE OS
_wcesdk_crypto2_CertEnumSystemStoreLocation	CertEnumSystemStoreLocation	3.0	3.0 or later	Wincrypt.h	Crypt32.lib	Windows CE OS
_wcesdk_crypto2_CertFindAttribute	CertFindAttribute	3.0	3.0 or later	Wincrypt.h	Crypt32.lib	Windows CE OS
_wcesdk_crypto2_CertFindCertificateInStore	CertFindCertificateInStore	3.0	3.0 or later	Wincrypt.h	Crypt32.lib	Windows CE OS
_wcesdk_crypto2_CertFindExtension	CertFindExtension	3.0	3.0 or later	Wincrypt.h	Crypt32.lib	Windows CE OS
_wcesdk_crypto2_CertFindRDNAttr	CertFindRDNAttr	3.0	3.0 or later	Wincrypt.h	Crypt32.lib	Windows CE OS
_wcesdk_crypto2_CertFreeCertificateChain	CertFreeCertificateChain	3.0	3.0 or later	Wincrypt.h	Crypt32.lib	Windows CE OS
_wcesdk_crypto2_CertFreeCertificateContext	CertFreeCertificateContext	3.0	3.0 or later	Wincrypt.h	Crypt32.lib	Windows CE OS
_wcesdk_crypto2_CertGetCertificateChain	CertGetCertificateChain	3.0	3.0 or later	Wincrypt.h	Crypt32.lib	Windows CE OS
_wcesdk_crypto2_CertGetCertificateContextProperty	CertGetCertificateContextProperty	3.0	3.0 or later	Wincrypt.h	Crypt32.lib	Windows CE OS
_wcesdk_crypto2_CertGetEnhancedKeyUsage	CertGetEnhancedKeyUsage	3.0	3.0 or later	Wincrypt.h	Crypt32.lib	Windows CE OS
_wcesdk_crypto2_CertGetIntendedKeyUsage	CertGetIntendedKeyUsage	3.0	3.0 or later	Wincrypt.h	Crypt32.lib	Windows CE OS
_wcesdk_crypto2_CertGetIssuerCertificateFromStore	CertGetIssuerCertificateFromStore	3.0	3.0 or later	Wincrypt.h	Crypt32.lib	Windows CE OS
_wcesdk_crypto2_CertGetNameString	CertGetNameString	3.0	3.0 or later	Wincrypt.h	Crypt32.lib	Windows CE OS
_wcesdk_crypto2_CertGetPublicKeyLength	CertGetPublicKeyLength	3.0	3.0 or later	Wincrypt.h	Crypt32.lib	Windows CE OS
_wcesdk_crypto2_CertGetStoreProperty	CertGetStoreProperty	3.0	3.0 or later	Wincrypt.h	Crypt32.lib	Windows CE OS
_wcesdk_crypto2_CertGetSubjectCertificateFromStore	CertGetSubjectCertificateFromStore	3.0	3.0 or later	Wincrypt.h	Crypt32.lib	Windows CE OS
_wcesdk_crypto2_CertIsRDNAttrsInCertificateName	CertIsRDNAttrsInCertificateName	3.0	3.0 or later	Wincrypt.h	Crypt32.lib	Windows CE OS
_wcesdk_crypto2_CertNameToStr	CertNameToStr	3.0	3.0 or later	Wincrypt.h	Crypt32.lib	Windows CE OS
_wcesdk_crypto2_CertOIDToAlgId	CertOIDToAlgId	3.0	3.0 or later	Wincrypt.h	Crypt32.lib	Windows CE OS
_wcesdk_crypto2_CertOpenStore	CertOpenStore	3.0	3.0 or later	Wincrypt.h	Crypt32.lib	Windows CE OS
_wcesdk_crypto2_CertRDNValueToStr	CertRDNValueToStr	3.0	3.0 or later	Wincrypt.h	Crypt32.lib	Windows CE OS
_wcesdk_crypto2_CertRemoveEnhancedKeyUsageIdentifier	CertRemoveEnhancedKeyUsageIdentifier	3.0	3.0 or later	Wincrypt.h	Crypt32.lib	Windows CE OS
_wcesdk_crypto2_CertSaveStore	CertSaveStore	3.0	3.0 or later	Wincrypt.h	Crypt32.lib	Windows CE OS
_wcesdk_crypto2_CertSerializeCertificateStoreElement	CertSerializeCertificateStoreElement	3.0	3.0 or later	Wincrypt.h	Crypt32.lib	Windows CE OS
_wcesdk_crypto2_CertSetCertificateContextProperty	CertSetCertificateContextProperty	3.0	3.0 or later	Wincrypt.h	Crypt32.lib	Windows CE OS
_wcesdk_crypto2_CertSetEnhancedKeyUsage	CertSetEnhancedKeyUsage	3.0	3.0 or later	Wincrypt.h	Crypt32.lib	Windows CE OS
_wcesdk_crypto2_CertSetStoreProperty	CertSetStoreProperty	3.0	3.0 or later	Wincrypt.h	Crypt32.lib	Windows CE OS
_wcesdk_crypto2_CertStrToName	CertStrToName	3.0	3.0 or later	Wincrypt.h	Crypt32.lib	Windows CE OS
_wcesdk_crypto2_CertVerifySubjectCertificateContext	CertVerifySubjectCertificateContext	3.0	3.0 or later	Wincrypt.h	Crypt32.lib	Windows CE OS
_wcesdk_crypto2_CertVerifyTimeValidity	CertVerifyTimeValidity	3.0	3.0 or later	Wincrypt.h	Crypt32.lib	Windows CE OS
_wcesdk_crypto2_CertVerifyValidityNesting	CertVerifyValidityNesting	3.0	3.0 or later	Wincrypt.h	Crypt32.lib	Windows CE OS
_wcesdk_crypto2_CryptAcquireCertificatePrivateKey	CryptAcquireCertificatePrivateKey	3.0	3.0 or later	Wincrypt.h	Crypt32.lib	Windows CE OS
_wcesdk_crypto2_CryptAcquireContext	CryptAcquireContext	2.10	2.10 and later	Wincrypt.h	Cryptapi.lib	Windows CE OS
_wcesdk_crypto2_CryptContextAddRef	CryptContextAddRef	2.10	2.10 and later	Wincrypt.h	Cryptapi.lib	Windows CE OS
_wcesdk_crypto2_CryptCreateHash	CryptCreateHash	2.10	2.10 and later	Wincrypt.h	Cryptapi.lib	Windows CE OS
_wcesdk_crypto2_CryptCreateKeyIdentifierFromCSP	CryptCreateKeyIdentifierFromCSP	3.0	3.0 or later	Wincrypt.h	Crypt32.lib	Windows CE OS
_wcesdk_crypto2_CryptDecodeObjectEx	CryptDecodeObjectEx	3.0	3.0 or later	Wincrypt.h	Crypt32.lib	Windows CE OS
_wcesdk_crypto2_CryptDecrypt	CryptDecrypt	2.10	2.10 and later	Wincrypt.h	Cryptapi.lib	Windows CE OS
_wcesdk_crypto2_CryptDeriveKey	CryptDeriveKey	2.10	2.10 and later	Wincrypt.h	Cryptapi.lib	Windows CE OS
_wcesdk_crypto2_CryptDestroyHash	CryptDestroyHash	2.10	2.10 and later	Wincrypt.h	Cryptapi.lib	Windows CE OS
_wcesdk_crypto2_CryptDestroyKey	CryptDestroyKey	2.10	2.10 and later	Wincrypt.h	Cryptapi.lib	Windows CE OS
_wcesdk_crypto2_CryptDuplicateHash	CryptDuplicateHash	2.10	2.10 and later	Wincrypt.h	Cryptapi.lib	Windows CE OS
_wcesdk_crypto2_CryptDuplicateKey	CryptDuplicateKey	2.10	2.10 and later	Wincrypt.h	Cryptapi.lib	Windows CE OS
_wcesdk_crypto2_CryptEncodeObjectEx	CryptEncodeObjectEx	3.0	3.0 or later	Wincrypt.h	Crypt32.lib	Windows CE OS
_wcesdk_crypto2_CryptEncrypt	CryptEncrypt	2.10	2.10 and later	Wincrypt.h	Cryptapi.lib	Windows CE OS
_wcesdk_crypto2_CryptEnumKeyIdentifierProperties	CryptEnumKeyIdentifierProperties	3.0	3.0 or later	Wincrypt.h	Crypt32.lib	Windows CE OS
_wcesdk_crypto2_CryptEnumOIDInfo	CryptEnumOIDInfo	3.0	3.0 or later	Wincrypt.h	Crypt32.lib	Windows CE OS
_wcesdk_crypto2_CryptEnumProviderTypes	CryptEnumProviderTypes	2.10	2.10 and later	Wincrypt.h	Cryptapi.lib	Windows CE OS
_wcesdk_crypto2_CryptEnumProviders	CryptEnumProviders	2.10	2.10 and later	Wincrypt.h	Cryptapi.lib	Windows CE OS
_wcesdk_crypto2_CryptExportKey	CryptExportKey	2.10	2.10 and later	Wincrypt.h	Cryptapi.lib	Windows CE OS
_wcesdk_crypto2_CryptExportPublicKeyInfoEx	CryptExportPublicKeyInfoEx	3.0	3.0 or later	Wincrypt.h	Crypt32.lib	Windows CE OS
_wcesdk_crypto2_CryptFindCertificateKeyProvInfo	CryptFindCertificateKeyProvInfo	3.0	3.0 or later	Wincrypt.h	Crypt32.lib	Windows CE OS
_wcesdk_crypto2_CryptFindOIDInfo	CryptFindOIDInfo	3.0	3.0 or later	Wincrypt.h	Crypt32.lib	Windows CE OS
_wcesdk_crypto2_CryptFreeOIDFunctionAddress	CryptFreeOIDFunctionAddress	3.0	3.0 or later	Wincrypt.h	Crypt32.lib	Windows CE OS
_wcesdk_crypto2_CryptGenKey	CryptGenKey	2.10	2.10 and later	Wincrypt.h	Cryptapi.lib	Windows CE OS
_wcesdk_crypto2_CryptGenRandom	CryptGenRandom	2.10	2.10 and later	Wincrypt.h	Cryptapi.lib	Windows CE OS
_wcesdk_crypto2_CryptGetDefaultOIDFunctionAddress	CryptGetDefaultOIDFunctionAddress	3.0	3.0 or later	Wincrypt.h	Crypt32.lib	Windows CE OS
_wcesdk_crypto2_CryptGetDefaultProvider	CryptGetDefaultProvider	2.10	2.10 and later	Wincrypt.h	Cryptapi.lib	Windows CE OS
_wcesdk_crypto2_CryptGetHashParam	CryptGetHashParam	2.10	2.10 and later	Wincrypt.h	Cryptapi.lib	Windows CE OS
_wcesdk_crypto2_CryptGetKeyIdentifierProperty	CryptGetKeyIdentifierProperty	3.0	3.0 or later	Wincrypt.h	Crypt32.lib	Windows CE OS
_wcesdk_crypto2_CryptGetKeyParam	CryptGetKeyParam	2.10	2.10 and later	Wincrypt.h	Cryptapi.lib	Windows CE OS
_wcesdk_crypto2_CryptGetOIDFunctionAddress	CryptGetOIDFunctionAddress	3.0	3.0 or later	Wincrypt.h	Crypt32.lib	Windows CE OS
_wcesdk_crypto2_CryptGetProvParam	CryptGetProvParam	2.10	2.10 and later	Wincrypt.h	Cryptapi.lib	Windows CE OS
_wcesdk_crypto2_CryptGetUserKey	CryptGetUserKey	2.10	2.10 and later	Wincrypt.h	Cryptapi.lib	Windows CE OS
_wcesdk_crypto2_CryptHashCertificate	CryptHashCertificate	3.0	3.0 or later	Wincrypt.h	Crypt32.lib	Windows CE OS
_wcesdk_crypto2_CryptHashData	CryptHashData	2.10	2.10 and later	Wincrypt.h	Cryptapi.lib	Windows CE OS
_wcesdk_crypto2_CryptHashPublicKeyInfo	CryptHashPublicKeyInfo	3.0	3.0 or later	Wincrypt.h	Crypt32.lib	Windows CE OS
_wcesdk_crypto2_CryptHashSessionKey	CryptHashSessionKey	2.10	2.10 and later	Wincrypt.h	Cryptapi.lib	Windows CE OS
_wcesdk_crypto2_CryptHashToBeSigned	CryptHashToBeSigned	3.0	3.0 or later	Wincrypt.h	Crypt32.lib	Windows CE OS
_wcesdk_crypto2_CryptImportKey	CryptImportKey	2.10	2.10 and later	Wincrypt.h	Cryptapi.lib	Windows CE OS
_wcesdk_crypto2_CryptImportPublicKeyInfoEx	CryptImportPublicKeyInfoEx	3.0	3.0 or later	Wincrypt.h	Crypt32.lib	Windows CE OS
_wcesdk_crypto2_CryptInitOIDFunctionSet	CryptInitOIDFunctionSet	3.0	3.0 or later	Wincrypt.h	Crypt32.lib	Windows CE OS
_wcesdk_crypto2_CryptInstallDefaultContext	CryptInstallDefaultContext	3.0	3.0 or later	Wincrypt.h	Crypt32.lib	Windows CE OS
_wcesdk_crypto2_CryptInstallOIDFunctionAddress	CryptInstallOIDFunctionAddress	3.0	3.0 or later	Wincrypt.h	Crypt32.lib	Windows CE OS
_wcesdk_crypto2_CryptReleaseContext	CryptReleaseContext	2.10	2.10 and later	Wincrypt.h	Cryptapi.lib	Windows CE OS
_wcesdk_crypto2_CryptSetHashParam	CryptSetHashParam	2.10	2.10 and later	Wincrypt.h	Cryptapi.lib	Windows CE OS
_wcesdk_crypto2_CryptSetKeyIdentifierProperty	CryptSetKeyIdentifierProperty	3.0	3.0 or later	Wincrypt.h	Crypt32.lib	Windows CE OS
_wcesdk_crypto2_CryptSetKeyParam	CryptSetKeyParam	2.10	2.10 and later	Wincrypt.h	Cryptapi.lib	Windows CE OS
_wcesdk_crypto2_CryptSetProvParam	CryptSetProvParam	2.10	2.10 and later	Wincrypt.h	Cryptapi.lib	Windows CE OS
_wcesdk_crypto2_CryptSetProvider	CryptSetProvider	2.10	2.10 and later	Wincrypt.h	Cryptapi.lib	Windows CE OS
_wcesdk_crypto2_CryptSetProviderEx	CryptSetProviderEx	2.10	2.10 and later	Wincrypt.h	Cryptapi.lib	Windows CE OS
_wcesdk_crypto2_CryptSignAndEncodeCertificate	CryptSignAndEncodeCertificate	3.0	3.0 or later	Wincrypt.h	Crypt32.lib	Windows CE OS
_wcesdk_crypto2_CryptSignCertificate	CryptSignCertificate	3.0	3.0 or later	Wincrypt.h	Crypt32.lib	Windows CE OS
_wcesdk_crypto2_CryptSignHash	CryptSignHash	2.10	2.10 and later	Wincrypt.h	Cryptapi.lib	Windows CE OS
_wcesdk_crypto2_CryptUninstallDefaultContext	CryptUninstallDefaultContext	3.0	3.0 or later	Wincrypt.h	Crypt32.lib	Windows CE OS
_wcesdk_crypto2_CryptVerifySignature	CryptVerifySignature	2.10	2.10 and later	Wincrypt.h	Cryptapi.lib	Windows CE OS
_wcesdk_crypto2_HCRYPTHASH	HCRYPTHASH	3.0	3.0 or later	Wincrypt.h		Windows CE OS
_wcesdk_crypto2_HCRYPTKEY	HCRYPTKEY	3.0	3.0 or later	Wincrypt.h		Windows CE OS
_wcesdk_crypto2_HCRYPTPROV	HCRYPTPROV	3.0	3.0 or later	Wincrypt.h		Windows CE OS
_wcesdk_crypto2_HMAC_INFO	HMAC_INFO	3.0	3.0 or later	Wincrypt.h		Windows CE OS
_wcesdk_crypto2_PUBLICKEYSTRUC	PUBLICKEYSTRUC	3.0	3.0 or later	Wincrypt.h		Windows CE OS
_wcesdk_mq_MQCloseCursor	MQCloseCursor	2.0	2.0 and later. Versions prior to 2.12 require the MSMQ add-on pack.	Mq.h	Msmqrt.lib	Windows CE OS
_wcesdk_mq_MQCloseQueue	MQCloseQueue	2.0	2.0 and later. Versions prior to 2.12 require the MSMQ add-on pack.	Mq.h	Msmqrt.lib	Windows CE OS
_wcesdk_mq_MQCreateCursor	MQCreateCursor	2.0	2.0 and later. Versions prior to 2.12 require the MSMQ add-on pack.	Mq.h	Msmqrt.lib	Windows CE OS
_wcesdk_mq_MQCreateQueue	MQCreateQueue	2.0	2.0 and later. Versions prior to 2.12 require the MSMQ add-on pack.	Mq.h	Msmqrt.lib	Windows CE OS
_wcesdk_mq_MQDeleteQueue	MQDeleteQueue	2.0	2.0 and later. Versions prior to 2.12 require the MSMQ add-on pack.	Mq.h	Msmqrt.lib	Windows CE OS
_wcesdk_mq_MQFreeMemory	MQFreeMemory	2.0	2.0 and later. Versions prior to 2.12 require the MSMQ add-on pack.	Mq.h	Msmqrt.lib	Windows CE OS
_wcesdk_mq_MQGetMachineProperties	MQGetMachineProperties	2.0	2.0 and later. Versions prior to 2.12 require the MSMQ add-on pack.	Mq.h	Msmqrt.lib	Windows CE OS
_wcesdk_mq_MQGetQueueProperties	MQGetQueueProperties	2.0	2.0 and later. Versions prior to 2.12 require the MSMQ add-on pack.	Mq.h	Msmqrt.lib	Windows CE OS
_wcesdk_mq_MQHandleToFormatName	MQHandleToFormatName	2.0	2.0 and later. Versions prior to 2.12 require the MSMQ add-on pack.	Mq.h	Msmqrt.lib	Windows CE OS
_wcesdk_mq_MQMSGPROPS	MQMSGPROPS	2.0	2.0 and later. Versions prior to 2.12 require the MSMQ add-on pack.	Mq.h		Windows CE OS
_wcesdk_mq_MQOpenQueue	MQOpenQueue	2.0	2.0 and later. Versions prior to 2.12 require the MSMQ add-on pack.	Mq.h	Msmqrt.lib	Windows CE OS
_wcesdk_mq_MQPROPVARIANT	MQPROPVARIANT	2.0	2.0 and later. Versions prior to 2.12 require the MSMQ add-on pack.	Mq.h		Windows CE OS
_wcesdk_mq_MQPathNameToFormatName	MQPathNameToFormatName	2.0	2.0 and later. Versions prior to 2.12 require the MSMQ add-on pack.	Mq.h	Msmqrt.lib	Windows CE OS
_wcesdk_mq_MQQMPROPS	MQQMPROPS	2.0	2.0 and later. Versions prior to 2.12 require the MSMQ add-on pack.	Mq.h		Windows CE OS
_wcesdk_mq_MQQUEUEPROPS	MQQUEUEPROPS	2.0	2.0 and later. Versions prior to 2.12 require the MSMQ add-on pack.	Mq.h		Windows CE OS
_wcesdk_mq_MQReceiveMessage	MQReceiveMessage	2.0	2.0 and later. Versions prior to 2.12 require the MSMQ add-on pack.	Mq.h	Msmqrt.lib	Windows CE OS
_wcesdk_mq_MQSendMessage	MQSendMessage	2.0	2.0 and later. Versions prior to 2.12 require the MSMQ add-on pack.	Mq.h	Msmqrt.lib	Windows CE OS
_wcesdk_mq_MQSetQueueProperties	MQSetQueueProperties	2.0	2.0 and later. Versions prior to 2.12 require the MSMQ add-on pack.	Mq.h	Msmqrt.lib	Windows CE OS
_wcesdk_mq_PROPID_M_ACKNOWLEDGE	PROPID_M_ACKNOWLEDGE	2.0	2.0 and later. Versions prior to 2.12 require the MSMQ add-on pack.	Mq.h		Windows CE OS
_wcesdk_mq_PROPID_M_ADMIN_QUEUE	PROPID_M_ADMIN_QUEUE	2.0	2.0 and later. Versions prior to 2.12 require the MSMQ add-on pack.	Mq.h		Windows CE OS
_wcesdk_mq_PROPID_M_ADMIN_QUEUE_LEN	PROPID_M_ADMIN_QUEUE_LEN	2.0	2.0 and later. Versions prior to 2.12 require the MSMQ add-on pack.	Mq.h		Windows CE OS
_wcesdk_mq_PROPID_M_APPSPECIFIC	PROPID_M_APPSPECIFIC	2.0	2.0 and later. Versions prior to 2.12 require the MSMQ add-on pack.	Mq.h		Windows CE OS
_wcesdk_mq_PROPID_M_ARRIVEDTIME	PROPID_M_ARRIVEDTIME	2.0	2.0 and later. Versions prior to 2.12 require the MSMQ add-on pack.	Mq.h		Windows CE OS
_wcesdk_mq_PROPID_M_AUTH_LEVEL	PROPID_M_AUTH_LEVEL	2.0	2.0 and later. Versions prior to 2.12 require the MSMQ add-on pack.	Mq.h		Windows CE OS
_wcesdk_mq_PROPID_M_BODY	PROPID_M_BODY	2.0	2.0 and later. Versions prior to 2.12 require the MSMQ add-on pack.	Mq.h		Windows CE OS
_wcesdk_mq_PROPID_M_BODY_SIZE	PROPID_M_BODY_SIZE	2.0	2.0 and later. Versions prior to 2.12 require the MSMQ add-on pack.	Mq.h		Windows CE OS
_wcesdk_mq_PROPID_M_BODY_TYPE	PROPID_M_BODY_TYPE	2.0	2.0 and later. Versions prior to 2.12 require the MSMQ add-on pack.	Mq.h		Windows CE OS
_wcesdk_mq_PROPID_M_CLASS	PROPID_M_CLASS	2.0	2.0 and later. Versions prior to 2.12 require the MSMQ add-on pack.	Mq.h		Windows CE OS
_wcesdk_mq_PROPID_M_CORRELATIONID	PROPID_M_CORRELATIONID	2.0	2.0 and later. Versions prior to 2.12 require the MSMQ add-on pack.	Mq.h		Windows CE OS
_wcesdk_mq_PROPID_M_DELIVERY	PROPID_M_DELIVERY	2.0	2.0 and later. Versions prior to 2.12 require the MSMQ add-on pack.	Mq.h		Windows CE OS
_wcesdk_mq_PROPID_M_DEST_QUEUE	PROPID_M_DEST_QUEUE	2.0	2.0 and later. Versions prior to 2.12 require the MSMQ add-on pack.	Mq.h		Windows CE OS
_wcesdk_mq_PROPID_M_DEST_QUEUE_LEN	PROPID_M_DEST_QUEUE_LEN	2.0	2.0 and later. Versions prior to 2.12 require the MSMQ add-on pack.	Mq.h		Windows CE OS
_wcesdk_mq_PROPID_M_EXTENSION	PROPID_M_EXTENSION	2.0	2.0 and later. Versions prior to 2.12 require the MSMQ add-on pack.	Mq.h		Windows CE OS
_wcesdk_mq_PROPID_M_EXTENSION_LEN	PROPID_M_EXTENSION_LEN	2.0	2.0 and later. Versions prior to 2.12 require the MSMQ add-on pack.	Mq.h		Windows CE OS
_wcesdk_mq_PROPID_M_JOURNAL	PROPID_M_JOURNAL	2.0	2.0 and later. Versions prior to 2.12 require the MSMQ add-on pack.	Mq.h		Windows CE OS
_wcesdk_mq_PROPID_M_LABEL	PROPID_M_LABEL	2.0	2.0 and later. Versions prior to 2.12 require the MSMQ add-on pack.	Mq.h		Windows CE OS
_wcesdk_mq_PROPID_M_LABEL_LEN	PROPID_M_LABEL_LEN	2.0	2.0 and later. Versions prior to 2.12 require the MSMQ add-on pack.	Mq.h		Windows CE OS
_wcesdk_mq_PROPID_M_MSGID	PROPID_M_MSGID	2.0	2.0 and later. Versions prior to 2.12 require the MSMQ add-on pack.	Mq.h		Windows CE OS
_wcesdk_mq_PROPID_M_PRIORITY	PROPID_M_PRIORITY	2.0	2.0 and later. Versions prior to 2.12 require the MSMQ add-on pack.	Mq.h		Windows CE OS
_wcesdk_mq_PROPID_M_RESP_QUEUE	PROPID_M_RESP_QUEUE	2.0	2.0 and later. Versions prior to 2.12 require the MSMQ add-on pack.	Mq.h		Windows CE OS
_wcesdk_mq_PROPID_M_RESP_QUEUE_LEN	PROPID_M_RESP_QUEUE_LEN	2.0	2.0 and later. Versions prior to 2.12 require the MSMQ add-on pack.	Mq.h		Windows CE OS
_wcesdk_mq_PROPID_M_SENTTIME	PROPID_M_SENTTIME	2.0	2.0 and later. Versions prior to 2.12 require the MSMQ add-on pack.	Mq.h		Windows CE OS
_wcesdk_mq_PROPID_M_SRC_MACHINE_ID	PROPID_M_SRC_MACHINE_ID	2.0	2.0 and later. Versions prior to 2.12 require the MSMQ add-on pack.	Mq.h		Windows CE OS
_wcesdk_mq_PROPID_M_TIME_TO_BE_RECEIVED	PROPID_M_TIME_TO_BE_RECEIVED	2.0	2.0 and later. Versions prior to 2.12 require the MSMQ add-on pack.	Mq.h		Windows CE OS
_wcesdk_mq_PROPID_M_TIME_TO_REACH_QUEUE	PROPID_M_TIME_TO_REACH_QUEUE	2.0	2.0 and later. Versions prior to 2.12 require the MSMQ add-on pack.	Mq.h		Windows CE OS
_wcesdk_mq_PROPID_M_TRACE	PROPID_M_TRACE	2.0	2.0 and later. Versions prior to 2.12 require the MSMQ add-on pack.	Mq.h		Windows CE OS
_wcesdk_mq_PROPID_M_VERSION	PROPID_M_VERSION	2.0	2.0 and later. Versions prior to 2.12 require the MSMQ add-on pack.	Mq.h		Windows CE OS
_wcesdk_mq_PROPID_QM_MACHINE_ID	PROPID_QM_MACHINE_ID	2.0	2.0 and later. Versions prior to 2.12 require the MSMQ add-on pack.	Mq.h		Windows CE OS
_wcesdk_mq_PROPID_Q_AUTHENTICATE	PROPID_Q_AUTHENTICATE	2.0	2.0 and later. Versions prior to 2.12 require the MSMQ add-on pack.	Mq.h		Windows CE OS
_wcesdk_mq_PROPID_Q_CREATE_TIME	PROPID_Q_CREATE_TIME	2.0	2.0 and later. Versions prior to 2.12 require the MSMQ add-on pack.	Mq.h		Windows CE OS
_wcesdk_mq_PROPID_Q_JOURNAL	PROPID_Q_JOURNAL	2.0	2.0 and later. Versions prior to 2.12 require the MSMQ add-on pack.	Mq.h		Windows CE OS
_wcesdk_mq_PROPID_Q_JOURNAL_QUOTA	PROPID_Q_JOURNAL_QUOTA	2.0	2.0 and later. Versions prior to 2.12 require the MSMQ add-on pack.	Mq.h		Windows CE OS
_wcesdk_mq_PROPID_Q_LABEL	PROPID_Q_LABEL	2.0	2.0 and later. Versions prior to 2.12 require the MSMQ add-on pack.	Mq.h		Windows CE OS
_wcesdk_mq_PROPID_Q_MODIFY_TIME	PROPID_Q_MODIFY_TIME	2.0	2.0 and later. Versions prior to 2.12 require the MSMQ add-on pack.	Mq.h		Windows CE OS
_wcesdk_mq_PROPID_Q_PATHNAME	PROPID_Q_PATHNAME	2.0	2.0 and later. Versions prior to 2.12 require the MSMQ add-on pack.	Mq.h		Windows CE OS
_wcesdk_mq_PROPID_Q_PRIV_LEVEL	PROPID_Q_PRIV_LEVEL	2.0	2.0 and later. Versions prior to 2.12 require the MSMQ add-on pack.	Mq.h		Windows CE OS
_wcesdk_mq_PROPID_Q_QUOTA	PROPID_Q_QUOTA	2.0	2.0 and later. Versions prior to 2.12 require the MSMQ add-on pack.	Mq.h		Windows CE OS
_wcesdk_mq_PROPID_Q_TRANSACTION	PROPID_Q_TRANSACTION	2.0	2.0 and later. Versions prior to 2.12 require the MSMQ add-on pack.	Mq.h		Windows CE OS
_wcesdk_mq_aPropID	aPropID	2.0	2.0 and later. Versions prior to 2.12 require the MSMQ add-on pack.	Mq.h		Windows CE OS
_wcesdk_mq_aPropVar	aPropVar	2.0	2.0 and later. Versions prior to 2.12 require the MSMQ add-on pack.	Mq.h		Windows CE OS
_wcesdk_mq_aStatus	aStatus	2.0	2.0 and later. Versions prior to 2.12 require the MSMQ add-on pack.	Mq.h		Windows CE OS
_wcesdk_oa96_ARRAYDESC	ARRAYDESC	2.0	2.0 and later	Oaidl.h		Windows CE OS
_wcesdk_oa96_BINDPTR	BINDPTR	2.0	2.0 and later	Oaidl.h		Windows CE OS
_wcesdk_oa96_BstrFromVector	BstrFromVector	2.0	2.0 and later	Oleauto.h		Windows CE OS
_wcesdk_oa96_CUSTDATA	CUSTDATA	2.0	2.0 and later	Oaidl.h		Windows CE OS
_wcesdk_oa96_CUSTDATAITEM	CUSTDATAITEM	2.0	2.0 and later	Oaidl.h		Windows CE OS
_wcesdk_oa96_CreateErrorInfo	CreateErrorInfo	2.0	2.0 and later	Oleauto.h		Windows CE OS
_wcesdk_oa96_CreateTypeLib2	CreateTypeLib2	2.0	2.0 and later	Oleauto.h		Windows CE OS
_wcesdk_oa96_DispGetIDsOfNames	DispGetIDsOfNames	2.0	2.0 and later	Oleauto.h		Windows CE OS
_wcesdk_oa96_DispGetParam	DispGetParam	2.0	2.0 and later	Oleauto.h		Windows CE OS
_wcesdk_oa96_DispInvoke	DispInvoke	2.0	2.0 and later	Oleauto.h		Windows CE OS
_wcesdk_oa96_EXCEPINFO	EXCEPINFO	2.0	2.0 and later	Oaidl.h		Windows CE OS
_wcesdk_oa96_FUNCDESC	FUNCDESC	2.0	2.0 and later	Oaidl.h		Windows CE OS
_wcesdk_oa96_ICreateErrorInfo_SetDescription	ICreateErrorInfo::SetDescription	2.0	2.0 and later	Oaidl.h		Windows CE OS
_wcesdk_oa96_ICreateErrorInfo_SetGUID	ICreateErrorInfo::SetGUID	2.0	2.0 and later	Oaidl.h		Windows CE OS
_wcesdk_oa96_ICreateErrorInfo_SetHelpContext	ICreateErrorInfo::SetHelpContext	2.0	2.0 and later	Oaidl.h		Windows CE OS
_wcesdk_oa96_ICreateErrorInfo_SetHelpFile	ICreateErrorInfo::SetHelpFile	2.0	2.0 and later	Oaidl.h		Windows CE OS
_wcesdk_oa96_ICreateErrorInfo_SetSource	ICreateErrorInfo::SetSource	2.0	2.0 and later	Oaidl.h		Windows CE OS
_wcesdk_oa96_ICreateErrorInfo_interface	ICreateErrorInfo	2.0	2.0 and later	Oaidl.h	Oleaut32.lib	Windows CE OS
_wcesdk_oa96_ICreateTypeInfo2_DeleteFuncDesc	ICreateTypeInfo2::DeleteFuncDesc	2.0	2.0 and later	Oaidl.h		Windows CE OS
_wcesdk_oa96_ICreateTypeInfo2_DeleteFuncDescByMemId	ICreateTypeInfo2::DeleteFuncDescByMemId	2.0	2.0 and later	Oaidl.h		Windows CE OS
_wcesdk_oa96_ICreateTypeInfo2_DeleteVarDesc	ICreateTypeInfo2::DeleteVarDesc	2.0	2.0 and later	Oaidl.h		Windows CE OS
_wcesdk_oa96_ICreateTypeInfo2_DeleteVarDescByMemId	ICreateTypeInfo2::DeleteVarDescByMemId	2.0	2.0 and later	Oaidl.h		Windows CE OS
_wcesdk_oa96_ICreateTypeInfo2_SetCustData	ICreateTypeInfo2::SetCustData	2.0	2.0 and later	Oaidl.h		Windows CE OS
_wcesdk_oa96_ICreateTypeInfo2_SetFuncCustData	ICreateTypeInfo2::SetFuncCustData	2.0	2.0 and later	Oaidl.h		Windows CE OS
_wcesdk_oa96_ICreateTypeInfo2_SetFuncHelpStringContext	ICreateTypeInfo2::SetFuncHelpStringContext	2.0	2.0 and later	Oaidl.h		Windows CE OS
_wcesdk_oa96_ICreateTypeInfo2_SetHelpStringContext	ICreateTypeInfo2::SetHelpStringContext	2.0	2.0 and later	Oaidl.h		Windows CE OS
_wcesdk_oa96_ICreateTypeInfo2_SetImplTypeCustData	ICreateTypeInfo2::SetImplTypeCustData	2.0	2.0 and later	Oaidl.h		Windows CE OS
_wcesdk_oa96_ICreateTypeInfo2_SetName	ICreateTypeInfo2::SetName	2.0	2.0 and later	Oaidl.h		Windows CE OS
_wcesdk_oa96_ICreateTypeInfo2_SetParamCustData	ICreateTypeInfo2::SetParamCustData	2.0	2.0 and later	Oaidl.h		Windows CE OS
_wcesdk_oa96_ICreateTypeInfo2_SetVarCustData	ICreateTypeInfo2::SetVarCustData	2.0	2.0 and later	Oaidl.h		Windows CE OS
_wcesdk_oa96_ICreateTypeInfo2_SetVarHelpStringContext	ICreateTypeInfo2::SetVarHelpStringContext	2.0	2.0 and later	Oaidl.h		Windows CE OS
_wcesdk_oa96_ICreateTypeInfo2_interface	ICreateTypeInfo2:ICreateTypeInfo	2.0	2.0 and later	Oaidl.h		Windows CE OS
_wcesdk_oa96_ICreateTypeInfo_AddFuncDesc	ICreateTypeInfo::AddFuncDesc	2.0	2.0 and later	Oaidl.h		Windows CE OS
_wcesdk_oa96_ICreateTypeInfo_AddImplType	ICreateTypeInfo::AddImplType	2.0	2.0 and later	Oaidl.h		Windows CE OS
_wcesdk_oa96_ICreateTypeInfo_AddRefTypeInfo	ICreateTypeInfo::AddRefTypeInfo	2.0	2.0 and later	Oaidl.h		Windows CE OS
_wcesdk_oa96_ICreateTypeInfo_AddVarDesc	ICreateTypeInfo::AddVarDesc	2.0	2.0 and later	Oaidl.h		Windows CE OS
_wcesdk_oa96_ICreateTypeInfo_DefineFuncAsDllEntry	ICreateTypeInfo::DefineFuncAsDllEntry	2.0	2.0 and later	Oaidl.h		Windows CE OS
_wcesdk_oa96_ICreateTypeInfo_LayOut	ICreateTypeInfo::LayOut	2.0	2.0 and later	Oaidl.h		Windows CE OS
_wcesdk_oa96_ICreateTypeInfo_SetAlignment	ICreateTypeInfo::SetAlignment	2.0	2.0 and later	Oaidl.h		Windows CE OS
_wcesdk_oa96_ICreateTypeInfo_SetDocString	ICreateTypeInfo::SetDocString	2.0	2.0 and later	Oaidl.h		Windows CE OS
_wcesdk_oa96_ICreateTypeInfo_SetFuncAndParamNames	ICreateTypeInfo::SetFuncAndParamNames	2.0	2.0 and later	Oaidl.h		Windows CE OS
_wcesdk_oa96_ICreateTypeInfo_SetFuncDocString	ICreateTypeInfo::SetFuncDocString	2.0	2.0 and later	Oaidl.h		Windows CE OS
_wcesdk_oa96_ICreateTypeInfo_SetFuncHelpContext	ICreateTypeInfo::SetFuncHelpContext	2.0	2.0 and later	Oaidl.h		Windows CE OS
_wcesdk_oa96_ICreateTypeInfo_SetHelpContext	ICreateTypeInfo::SetHelpContext	2.0	2.0 and later	Oaidl.h		Windows CE OS
_wcesdk_oa96_ICreateTypeInfo_SetImplTypeFlags	ICreateTypeInfo::SetImplTypeFlags	2.0	2.0 and later	Oaidl.h		Windows CE OS
_wcesdk_oa96_ICreateTypeInfo_SetMops	ICreateTypeInfo::SetMops	2.0	2.0 and later	Oaidl.h		Windows CE OS
_wcesdk_oa96_ICreateTypeInfo_SetTypeDescAlias	ICreateTypeInfo::SetTypeDescAlias	2.0	2.0 and later	Oaidl.h		Windows CE OS
_wcesdk_oa96_ICreateTypeInfo_SetTypeFlags	ICreateTypeInfo::SetTypeFlags	2.0	2.0 and later	Oaidl.h		Windows CE OS
_wcesdk_oa96_ICreateTypeInfo_SetVarDocString	ICreateTypeInfo::SetVarDocString	2.0	2.0 and later	Oaidl.h		Windows CE OS
_wcesdk_oa96_ICreateTypeInfo_SetVarHelpContext	ICreateTypeInfo::SetVarHelpContext	2.0	2.0 and later	Oaidl.h		Windows CE OS
_wcesdk_oa96_ICreateTypeInfo_SetVarName	ICreateTypeInfo::SetVarName	2.0	2.0 and later	Oaidl.h		Windows CE OS
_wcesdk_oa96_ICreateTypeInfo_SetVersion	ICreateTypeInfo::SetVersion	2.0	2.0 and later	Oaidl.h		Windows CE OS
_wcesdk_oa96_ICreateTypeInfo_interface	ICreateTypeInfo	2.0	2.0 and later	Oaidl.h		Windows CE OS
_wcesdk_oa96_ICreateTypeLib2_DeleteTypeInfo	ICreateTypeLib2::DeleteTypeInfo	2.0	2.0 and later	Oaidl.h		Windows CE OS
_wcesdk_oa96_ICreateTypeLib2_SetCustData	ICreateTypeLib2::SetCustData	2.0	2.0 and later	Oaidl.h		Windows CE OS
_wcesdk_oa96_ICreateTypeLib2_SetHelpStringContext	ICreateTypeLib2::SetHelpStringContext	2.0	2.0 and later	Oaidl.h		Windows CE OS
_wcesdk_oa96_ICreateTypeLib2_SetHelpStringDll	ICreateTypeLib2::SetHelpStringDll	2.0	2.0 and later	Oaidl.h		Windows CE OS
_wcesdk_oa96_ICreateTypeLib2_SetName	ICreateTypeLib2::SetName	2.0	2.0 and later	Oaidl.h		Windows CE OS
_wcesdk_oa96_ICreateTypeLib2_interface	ICreateTypeLib2:ICreateTypeLib	2.0	2.0 and later	Oaidl.h		Windows CE OS
_wcesdk_oa96_ICreateTypeLib_CreateTypeInfo	ICreateTypeLib::CreateTypeInfo	2.0	2.0 and later	Oaidl.h		Windows CE OS
_wcesdk_oa96_ICreateTypeLib_SetGuid	ICreateTypeLib::SetGuid	2.0	2.0 and later	Oaidl.h		Windows CE OS
_wcesdk_oa96_ICreateTypeLib_SetHelpContext	ICreateTypeLib::SetHelpContext	2.0	2.0 and later	Oaidl.h		Windows CE OS
_wcesdk_oa96_ICreateTypeLib_SetHelpFileName	ICreateTypeLib::SetHelpFileName	2.0	2.0 and later	Oaidl.h		Windows CE OS
_wcesdk_oa96_ICreateTypeLib_SetLcid	ICreateTypeLib::SetLcid	2.0	2.0 and later	Oaidl.h		Windows CE OS
_wcesdk_oa96_ICreateTypeLib_SetLibFlags	ICreateTypeLib::SetLibFlags	2.0	2.0 and later	Oaidl.h		Windows CE OS
_wcesdk_oa96_ICreateTypeLib_SetName	ICreateTypeLib::SetName	2.0	2.0 and later	Oaidl.h		Windows CE OS
_wcesdk_oa96_ICreateTypeLib_SetVersion	ICreateTypeLib::SetVersion	2.0	2.0 and later	Oaidl.h		Windows CE OS
_wcesdk_oa96_ICreateTypeLib_interface	ICreateTypeLib	2.0	2.0 and later	Oaidl.h		Windows CE OS
_wcesdk_oa96_IDispatch_GetIDsOfNames	IDispatch::GetIDsOfNames	2.0	2.0 and later	Oaidl.h		Windows CE OS
_wcesdk_oa96_IDispatch_GetTypeInfo	IDispatch::GetTypeInfo	2.0	2.0 and later	Oaidl.h		Windows CE OS
_wcesdk_oa96_IDispatch_GetTypeInfoCount	IDispatch::GetTypeInfoCount	2.0	2.0 and later	Oaidl.h		Windows CE OS
_wcesdk_oa96_IDispatch_Invoke	IDispatch::Invoke	2.0	2.0 and later	Oaidl.h		Windows CE OS
_wcesdk_oa96_IDispatch_interface	IDispatch	2.0	2.0 and later	Oaidl.h		Windows CE OS
_wcesdk_oa96_IEnumVARIANT_Clone	IEnumVARIANT::Clone	2.0	2.0 and later	Oaidl.h		Windows CE OS
_wcesdk_oa96_IEnumVARIANT_Next	IEnumVARIANT::Next	2.0	2.0 and later	Oaidl.h		Windows CE OS
_wcesdk_oa96_IEnumVARIANT_Reset	IEnumVARIANT::Reset	2.0	2.0 and later	Oaidl.h		Windows CE OS
_wcesdk_oa96_IEnumVARIANT_Skip	IEnumVARIANT::Skip	2.0	2.0 and later	Oaidl.h		Windows CE OS
_wcesdk_oa96_IEnumVARIANT_interface	IEnumVARIANT	2.0	2.0 and later	Oaidl.h	Oleauto.h	Windows CE OS
_wcesdk_oa96_IErrorInfo_GetDescription	IErrorInfo::GetDescription	2.0	2.0 and later	Oaidl.h		Windows CE OS
_wcesdk_oa96_IErrorInfo_GetGUID	IErrorInfo::GetGUID	2.0	2.0 and later	Oaidl.h		Windows CE OS
_wcesdk_oa96_IErrorInfo_GetHelpContext	IErrorInfo::GetHelpContext	2.0	2.0 and later	Oaidl.h		Windows CE OS
_wcesdk_oa96_IErrorInfo_GetHelpFile	IErrorInfo::GetHelpFile	2.0	2.0 and later	Oaidl.h		Windows CE OS
_wcesdk_oa96_IErrorInfo_GetSource	IErrorInfo::GetSource	2.0	2.0 and later	Oaidl.h		Windows CE OS
_wcesdk_oa96_IErrorInfo_interface	IErrorInfo	2.0	2.0 and later	Oaidl.h	Oleaut32.lib	Windows CE OS
_wcesdk_oa96_ISupportErrorInfo_InterfaceSupportsErrorInfo	ISupportErrorInfo::InterfaceSupportsErrorInfo	2.0	2.0 and later	Oaidl.h		Windows CE OS
_wcesdk_oa96_ISupportErrorInfo_interface	ISupportErrorInfo	2.0	2.0 and later	Oaidl.h		Windows CE OS
_wcesdk_oa96_ITypeComp_Bind	ITypeComp::Bind	2.0	2.0 and later	Oaidl.h		Windows CE OS
_wcesdk_oa96_ITypeComp_BindType	ITypeComp::BindType	2.0	2.0 and later	Oaidl.h		Windows CE OS
_wcesdk_oa96_ITypeComp_interface	ITypeComp	2.0	2.0 and later	Oaidl.h		Windows CE OS
_wcesdk_oa96_ITypeInfo2_GetAllCustData	ITypeInfo2::GetAllCustData	2.0	2.0 and later	Oaidl.h		Windows CE OS
_wcesdk_oa96_ITypeInfo2_GetAllFuncCustData	ITypeInfo2::GetAllFuncCustData	2.0	2.0 and later	Oaidl.h		Windows CE OS
_wcesdk_oa96_ITypeInfo2_GetAllImplTypeCustData	ITypeInfo2::GetAllImplTypeCustData	2.0	2.0 and later	Oaidl.h		Windows CE OS
_wcesdk_oa96_ITypeInfo2_GetAllParamCustData	ITypeInfo2::GetAllParamCustData	2.0	2.0 and later	Oaidl.h		Windows CE OS
_wcesdk_oa96_ITypeInfo2_GetAllVarCustData	ITypeInfo2::GetAllVarCustData	2.0	2.0 and later	Oaidl.h		Windows CE OS
_wcesdk_oa96_ITypeInfo2_GetCustData	ITypeInfo2::GetCustData	2.0	2.0 and later	Oaidl.h		Windows CE OS
_wcesdk_oa96_ITypeInfo2_GetFuncCustData	ITypeInfo2::GetFuncCustData	2.0	2.0 and later	Oaidl.h		Windows CE OS
_wcesdk_oa96_ITypeInfo2_GetFuncIndexOfMemId	ITypeInfo2::GetFuncIndexOfMemId	2.0	2.0 and later	Oaidl.h		Windows CE OS
_wcesdk_oa96_ITypeInfo2_GetImplTypeCustData	ITypeInfo2::GetImplTypeCustData	2.0	2.0 and later	Oaidl.h		Windows CE OS
_wcesdk_oa96_ITypeInfo2_GetParamCustData	ITypeInfo2::GetParamCustData	2.0	2.0 and later	Oaidl.h		Windows CE OS
_wcesdk_oa96_ITypeInfo2_GetTypeFlags	ITypeInfo2::GetTypeFlags	2.0	2.0 and later	Oaidl.h		Windows CE OS
_wcesdk_oa96_ITypeInfo2_GetTypeKind	ITypeInfo2::GetTypeKind	2.0	2.0 and later	Oaidl.h		Windows CE OS
_wcesdk_oa96_ITypeInfo2_GetVarCustData	ITypeInfo2::GetVarCustData	2.0	2.0 and later	Oaidl.h		Windows CE OS
_wcesdk_oa96_ITypeInfo2_GetVarIndexOfMemId	ITypeInfo2::GetVarIndexOfMemId	2.0	2.0 and later	Oaidl.h		Windows CE OS
_wcesdk_oa96_ITypeInfo2_interface	ITypeInfo2	2.0	2.0 and later	Oaidl.h		Windows CE OS
_wcesdk_oa96_ITypeInfo_AddressOfMember	ITypeInfo::AddressOfMember	2.0	2.0 and later	Oaidl.h		Windows CE OS
_wcesdk_oa96_ITypeInfo_CreateInstance	ITypeInfo::CreateInstance	2.0	2.0 and later	Oaidl.h		Windows CE OS
_wcesdk_oa96_ITypeInfo_GetContainingTypeLib	ITypeInfo::GetContainingTypeLib	2.0	2.0 and later	Oaidl.h		Windows CE OS
_wcesdk_oa96_ITypeInfo_GetDllEntry	ITypeInfo::GetDllEntry	2.0	2.0 and later	Oaidl.h		Windows CE OS
_wcesdk_oa96_ITypeInfo_GetDocumentation	ITypeInfo::GetDocumentation	2.0	2.0 and later	Oaidl.h		Windows CE OS
_wcesdk_oa96_ITypeInfo_GetFuncDesc	ITypeInfo::GetFuncDesc	2.0	2.0 and later	Oaidl.h		Windows CE OS
_wcesdk_oa96_ITypeInfo_GetIDsOfNames	ITypeInfo::GetIDsOfNames	2.0	2.0 and later	Oaidl.h		Windows CE OS
_wcesdk_oa96_ITypeInfo_GetImplTypeFlags	ITypeInfo::GetImplTypeFlags	2.0	2.0 and later	Oaidl.h		Windows CE OS
_wcesdk_oa96_ITypeInfo_GetMops	ITypeInfo::GetMops	2.0	2.0 and later	Oaidl.h		Windows CE OS
_wcesdk_oa96_ITypeInfo_GetNames	ITypeInfo::GetNames	2.0	2.0 and later	Oaidl.h		Windows CE OS
_wcesdk_oa96_ITypeInfo_GetRefTypeInfo	ITypeInfo::GetRefTypeInfo	2.0	2.0 and later	Oaidl.h		Windows CE OS
_wcesdk_oa96_ITypeInfo_GetRefTypeOfImplType	ITypeInfo::GetRefTypeOfImplType	2.0	2.0 and later	Oaidl.h		Windows CE OS
_wcesdk_oa96_ITypeInfo_GetTypeAttr	ITypeInfo::GetTypeAttr	2.0	2.0 and later	Oaidl.h		Windows CE OS
_wcesdk_oa96_ITypeInfo_GetTypeComp	ITypeInfo::GetTypeComp	2.0	2.0 and later	Oaidl.h		Windows CE OS
_wcesdk_oa96_ITypeInfo_GetVarDesc	ITypeInfo::GetVarDesc	2.0	2.0 and later	Oaidl.h		Windows CE OS
_wcesdk_oa96_ITypeInfo_Invoke	ITypeInfo::Invoke	2.0	2.0 and later	Oaidl.h		Windows CE OS
_wcesdk_oa96_ITypeInfo_ReleaseFuncDesc	ITypeInfo::ReleaseFuncDesc	2.0	2.0 and later	Oaidl.h		Windows CE OS
_wcesdk_oa96_ITypeInfo_ReleaseTypeAttr	ITypeInfo::ReleaseTypeAttr	2.0	2.0 and later	Oaidl.h		Windows CE OS
_wcesdk_oa96_ITypeInfo_ReleaseVarDesc	ITypeInfo::ReleaseVarDesc	2.0	2.0 and later	Oaidl.h		Windows CE OS
_wcesdk_oa96_ITypeInfo_interface	ITypeInfo	2.0	2.0 and later	Oaidl.h		Windows CE OS
_wcesdk_oa96_ITypeLib2_GetAllCustData	ITypeLib2::GetAllCustData	2.0	2.0 and later	Oaidl.h		Windows CE OS
_wcesdk_oa96_ITypeLib2_GetCustData	ITypeLib2::GetCustData	2.0	2.0 and later	Oaidl.h		Windows CE OS
_wcesdk_oa96_ITypeLib2_GetDocumentation2	ITypeLib2::GetDocumentation2	2.0	2.0 and later	Oaidl.h		Windows CE OS
_wcesdk_oa96_ITypeLib2_GetLibStatistics	ITypeLib2::GetLibStatistics	2.0	2.0 and later	Oaidl.h		Windows CE OS
_wcesdk_oa96_ITypeLib2_interface	ITypeLib2:ITypeLib	2.0	2.0 and later	Oaidl.h		Windows CE OS
_wcesdk_oa96_ITypeLib_FindName	ITypeLib::FindName	2.0	2.0 and later	Oaidl.h		Windows CE OS
_wcesdk_oa96_ITypeLib_GetDocumentation	ITypeLib::GetDocumentation	2.0	2.0 and later	Oaidl.h		Windows CE OS
_wcesdk_oa96_ITypeLib_GetLibAttr	ITypeLib::GetLibAttr	2.0	2.0 and later	Oaidl.h		Windows CE OS
_wcesdk_oa96_ITypeLib_GetTypeComp	ITypeLib::GetTypeComp	2.0	2.0 and later	Oaidl.h		Windows CE OS
_wcesdk_oa96_ITypeLib_GetTypeInfo	ITypeLib::GetTypeInfo	2.0	2.0 and later	Oaidl.h		Windows CE OS
_wcesdk_oa96_ITypeLib_GetTypeInfoCount	ITypeLib::GetTypeInfoCount	2.0	2.0 and later	Oaidl.h		Windows CE OS
_wcesdk_oa96_ITypeLib_GetTypeInfoOfGuid	ITypeLib::GetTypeInfoOfGuid	2.0	2.0 and later	Oaidl.h		Windows CE OS
_wcesdk_oa96_ITypeLib_GetTypeInfoType	ITypeLib::GetTypeInfoType	2.0	2.0 and later	Oaidl.h		Windows CE OS
_wcesdk_oa96_ITypeLib_IsName	ITypeLib::IsName	2.0	2.0 and later	Oaidl.h		Windows CE OS
_wcesdk_oa96_ITypeLib_ReleaseTLibAttr	ITypeLib::ReleaseTLibAttr	2.0	2.0 and later	Oaidl.h		Windows CE OS
_wcesdk_oa96_ITypeLib_interface	ITypeLib	2.0	2.0 and later	Oaidl.h		Windows CE OS
_wcesdk_oa96_LoadRegTypeLib	LoadRegTypeLib	2.0	2.0 and later	Oleauto.h		Windows CE OS
_wcesdk_oa96_LoadTypeLib	LoadTypeLib	2.0	2.0 and later	Oleauto.h	Oleaut32.lib	Windows CE OS
_wcesdk_oa96_MEMBERID	MEMBERID	2.0	2.0 and later	Oleauto.h		Windows CE OS
_wcesdk_oa96_METHODDATA	METHODDATA	2.0	2.0 and later	Oleauto.h		Windows CE OS
_wcesdk_oa96_OaBuildVersion	OaBuildVersion	2.0	2.0 and later	Oleauto.h	Oleaut32.lib	Windows CE OS
_wcesdk_oa96_OleCreateFontIndirect	OleCreateFontIndirect	2.0	2.0 and later	Olectl.h	Oleaut32.lib	Windows CE OS
_wcesdk_oa96_OleCreatePropertyFrame	OleCreatePropertyFrame	2.0	2.0 and later	Olectl.h	Oleaut32.lib	Windows CE OS
_wcesdk_oa96_PARAMDATA	PARAMDATA	2.0	2.0 and later	Oleauto.h		Windows CE OS
_wcesdk_oa96_PARAMDESC	PARAMDESC	2.0	2.0 and later	Oaidl.h		Windows CE OS
_wcesdk_oa96_RegisterTypeLib	RegisterTypeLib	2.0	2.0 and later	Oleauto.h	Oleaut32.lib	Windows CE OS
_wcesdk_oa96_SafeArrayAccessData	SafeArrayAccessData	2.0	2.0 and later	Oleauto.h	Oleaut32.lib	Windows CE OS
_wcesdk_oa96_SafeArrayAllocData	SafeArrayAllocData	2.0	2.0 and later	Oleauto.h	Oleaut32.lib	Windows CE OS
_wcesdk_oa96_SafeArrayAllocDescriptor	SafeArrayAllocDescriptor	2.0	2.0 and later	Oleauto.h	Oleaut32.lib	Windows CE OS
_wcesdk_oa96_SafeArrayCopy	SafeArrayCopy	2.0	2.0 and later	Oleauto.h	Oleaut32.lib	Windows CE OS
_wcesdk_oa96_SafeArrayCopyData	SafeArrayCopyData	2.0	2.0 and later	Oleauto.h	Oleaut32.lib	Windows CE OS
_wcesdk_oa96_SafeArrayCreate	SafeArrayCreate	2.0	2.0 and later	Oleauto.h	Oleaut32.lib	Windows CE OS
_wcesdk_oa96_SafeArrayCreateVector	SafeArrayCreateVector	2.0	2.0 and later	Oleauto.h	Oleaut32.lib	Windows CE OS
_wcesdk_oa96_SafeArrayDestroy	SafeArrayDestroy	2.0	2.0 and later	Oleauto.h	Oleaut32.lib	Windows CE OS
_wcesdk_oa96_SafeArrayDestroyData	SafeArrayDestroyData	2.0	2.0 and later	Oleauto.h	Oleaut32.lib	Windows CE OS
_wcesdk_oa96_SafeArrayDestroyDescriptor	SafeArrayDestroyDescriptor	2.0	2.0 and later	Oleauto.h	Oleaut32.lib	Windows CE OS
_wcesdk_oa96_SafeArrayGetDim	SafeArrayGetDim	2.0	2.0 and later	Oleauto.h	Oleaut32.lib	Windows CE OS
_wcesdk_oa96_SafeArrayGetElement	SafeArrayGetElement	2.0	2.0 and later	Oleauto.h	Oleaut32.lib	Windows CE OS
_wcesdk_oa96_SafeArrayGetElemsize	SafeArrayGetElemsize	2.0	2.0 and later	Oleauto.h		Windows CE OS
_wcesdk_oa96_SafeArrayGetLBound	SafeArrayGetLBound	2.0	2.0 and later	Oleauto.h	Oleaut32.lib	Windows CE OS
_wcesdk_oa96_SafeArrayGetUBound	SafeArrayGetUBound	2.0	2.0 and later	Oleauto.h	Oleaut32.lib	Windows CE OS
_wcesdk_oa96_SafeArrayLock	SafeArrayLock	2.0	2.0 and later	Oleauto.h	Oleaut32.lib	Windows CE OS
_wcesdk_oa96_SafeArrayPtrOfIndex	SafeArrayPtrOfIndex	2.0	2.0 and later	Oleauto.h	Oleaut32.lib	Windows CE OS
_wcesdk_oa96_SafeArrayPutElement	SafeArrayPutElement	2.0	2.0 and later	Oleauto.h	Oleaut32.lib	Windows CE OS
_wcesdk_oa96_SafeArrayRedim	SafeArrayRedim	2.0	2.0 and later	Oleauto.h	Oleaut32.lib	Windows CE OS
_wcesdk_oa96_SafeArrayUnaccessData	SafeArrayUnaccessData	2.0	2.0 and later	Oleauto.h	Oleaut32.lib	Windows CE OS
_wcesdk_oa96_SafeArrayUnlock	SafeArrayUnlock	2.0	2.0 and later	Oleauto.h	Oleaut32.lib	Windows CE OS
_wcesdk_oa96_SetErrorInfo	SetErrorInfo	1.0	1.0 and later	Winbase.h	Oleaut32.lib	Windows CE OS
_wcesdk_oa96_SysAllocString	SysAllocString	2.0	2.0 and later	Oleauto.h	Oleaut32.lib	Windows CE OS
_wcesdk_oa96_SysAllocStringByteLen	SysAllocStringByteLen	2.0	2.0 and later	Oleauto.h	Oleaut32.lib	Windows CE OS
_wcesdk_oa96_SysAllocStringLen	SysAllocStringLen	2.0	2.0 and later	Oleauto.h	Oleaut32.lib	Windows CE OS
_wcesdk_oa96_SysFreeString	SysFreeString	2.0	2.0 and later	Oleauto.h	Oleaut32.lib	Windows CE OS
_wcesdk_oa96_SysReAllocString	SysReAllocString	2.0	2.0 and later	Oleauto.h	Oleaut32.lib	Windows CE OS
_wcesdk_oa96_SysReAllocStringLen	SysReAllocStringLen	2.0	2.0 and later	Oleauto.h	Oleaut32.lib	Windows CE OS
_wcesdk_oa96_SysStringByteLen	SysStringByteLen	2.0	2.0 and later	Oleauto.h	Oleaut32.lib	Windows CE OS
_wcesdk_oa96_SysStringLen	SysStringLen	2.0	2.0 and later	Oleauto.h	Oleaut32.lib	Windows CE OS
_wcesdk_oa96_SystemTimeToVariantTime	SystemTimeToVariantTime	2.0	2.0 and later	Oleauto.h	Oleaut32.lib	Windows CE OS
_wcesdk_oa96_TYPEATTR	TYPEATTR	2.0	2.0 and later	Oaidl.h		Windows CE OS
_wcesdk_oa96_TYPEDESC	TYPEDESC	2.0	2.0 and later	Oaidl.h		Windows CE OS
_wcesdk_oa96_UnRegisterTypeLib	UnRegisterTypeLib	2.0	2.0 and later	Oleauto.h	Oleaut32.lib	Windows CE OS
_wcesdk_oa96_VARDESC	VARDESC	2.0	2.0 and later	Oaidl.h		Windows CE OS
_wcesdk_oa96_VARIANT_and_VARIANTARG	VARIANT and VARIANTARG	2.0	2.0 and later	Oaidl.h		Windows CE OS
_wcesdk_oa96_VARTYPE	VARTYPE	2.0	2.0 and later	Oaidl.h		Windows CE OS
_wcesdk_oa96_VarNumFromParseNum	VarNumFromParseNum	2.0	2.0 and later	Oleauto.h	Oleaut32.lib	Windows CE OS
_wcesdk_oa96_VarParseNumFromStr	VarParseNumFromStr	2.0	2.0 and later	Oleauto.h	Oleaut32.lib	Windows CE OS
_wcesdk_oa96_VariantChangeType	VariantChangeType	2.0	2.0 and later	Oleauto.h	Oleaut32.lib	Windows CE OS
_wcesdk_oa96_VariantChangeTypeEx	VariantChangeTypeEx	2.0	2.0 and later	Oleauto.h	Oleaut32.lib	Windows CE OS
_wcesdk_oa96_VariantClear	VariantClear	2.0	2.0 and later	Oleauto.h	Oleaut32.lib	Windows CE OS
_wcesdk_oa96_VariantCopy	VariantCopy	2.0	2.0 and later	Oleauto.h	Oleaut32.lib	Windows CE OS
_wcesdk_oa96_VariantCopyInd	VariantCopyInd	2.0	2.0 and later	Oleauto.h	Oleaut32.lib	Windows CE OS
_wcesdk_oa96_VariantInit	VariantInit	2.0	2.0 and later	Oleauto.h	Oleaut32.lib	Windows CE OS
_wcesdk_oa96_VariantTimeToSystemTime	VariantTimeToSystemTime	2.0	2.0 and later	Oleauto.h	Oleaut32.lib	Windows CE OS
_wcesdk_oa96_VectorFromBstr	VectorFromBstr	2.0	2.0 and later	Oleauto.h	Oleaut32.lib	Windows CE OS
_wcesdk_oa96_dispinterface	dispinterface	2.0	2.0 and later			Windows CE OS
_wcesdk_scard_SCARD_IO_REQUEST	SCARD_IO_REQUEST	3.0	3.0 and later	Winscard.h		Windows CE OS
_wcesdk_scard_SCARD_READERSTATE	SCARD_READERSTATE	3.0	3.0 and later	Winscard.h		Windows CE OS
_wcesdk_scard_SCardBeginTransaction	SCardBeginTransaction	3.0	3.0 and later	Winscard.h	Winscard.lib	Windows CE OS
_wcesdk_scard_SCardCancel	SCardCancel	3.0	3.0 and later	Winscard.h	Winscard.lib	Windows CE OS
_wcesdk_scard_SCardConnect	SCardConnect	3.0	3.0 and later	Winscard.h	Winscard.lib	Windows CE OS
_wcesdk_scard_SCardControl	SCardControl	3.0	3.0 and later	Winscard.h	Winscard.lib	Windows CE OS
_wcesdk_scard_SCardDisconnect	SCardDisconnect	3.0	3.0 and later	Winscard.h	Winscard.lib	Windows CE OS
_wcesdk_scard_SCardEndTransaction	SCardEndTransaction	3.0	3.0 and later	Winscard.h	Winscard.lib	Windows CE OS
_wcesdk_scard_SCardEstablishContext	SCardEstablishContext	3.0	3.0 and later	Winscard.h	Winscard.lib	Windows CE OS
_wcesdk_scard_SCardForgetCardType	SCardForgetCardType	3.0	3.0 and later	Winscard.h	Winscard.lib	Windows CE OS
_wcesdk_scard_SCardForgetReader	SCardForgetReader	3.0	3.0 and later	Winscard.h	Winscard.lib	Windows CE OS
_wcesdk_scard_SCardGetAttrib	SCardGetAttrib	3.0	3.0 and later	Winscard.h	Winscard.lib	Windows CE OS
_wcesdk_scard_SCardGetCardTypeProviderName	SCardGetCardTypeProviderName	3.0	3.0 and later	Winscard.h	Winscard.lib	Windows CE OS
_wcesdk_scard_SCardGetProviderId	SCardGetProviderId	3.0	3.0 and later	Winscard.h	Winscard.lib	Windows CE OS
_wcesdk_scard_SCardGetStatusChange	SCardGetStatusChange	3.0	3.0 and later	Winscard.h	Winscard.lib	Windows CE OS
_wcesdk_scard_SCardIntroduceCardType	SCardIntroduceCardType	3.0	3.0 and later	Winscard.h	Winscard.lib	Windows CE OS
_wcesdk_scard_SCardIntroduceReader	SCardIntroduceReader	3.0	3.0 and later	Winscard.h	Winscard.lib	Windows CE OS
_wcesdk_scard_SCardListCards	SCardListCards	3.0	3.0 and later	Winscard.h	Winscard.lib	Windows CE OS
_wcesdk_scard_SCardListInterfaces	SCardListInterfaces	3.0	3.0 and later	Winscard.h	Winscard.lib	Windows CE OS
_wcesdk_scard_SCardListReaders	SCardListReaders	3.0	3.0 and later	Winscard.h	Winscard.lib	Windows CE OS
_wcesdk_scard_SCardLocateCards	SCardLocateCards	3.0	3.0 and later	Winscard.h	Winscard.lib	Windows CE OS
_wcesdk_scard_SCardReconnect	SCardReconnect	3.0	3.0 and later	Winscard.h	Winscard.lib	Windows CE OS
_wcesdk_scard_SCardReleaseContext	SCardReleaseContext	3.0	3.0 and later	Winscard.h	Winscard.lib	Windows CE OS
_wcesdk_scard_SCardSetAttrib	SCardSetAttrib	3.0	3.0 and later	Winscard.h	Winscard.lib	Windows CE OS
_wcesdk_scard_SCardStatus	SCardStatus	3.0	3.0 and later	Winscard.h	Winscard.lib	Windows CE OS
_wcesdk_scard_SCardTransmit	SCardTransmit	3.0	3.0 and later	Winscard.h	Winscard.lib	Windows CE OS
_wcesdk_win32_ACCEL_str	ACCEL	1.0	1.0 and later	Winuser.h		Windows CE OS
_wcesdk_win32_AbnormalTermination	AbnormalTermination	1.0	1.0 and later	Excpt.h	Coredll.lib	Windows CE OS
_wcesdk_win32_AddFontResource	AddFontResource	2.0	2.0 and later	Wingdi.h	Mgrast.lib Mgtt.lib	Windows CE OS
_wcesdk_win32_AddPropSheetPageProc	AddPropSheetPageProc	1.0	1.0 and later			Windows CE OS
_wcesdk_win32_AdjustWindowRectEx	AdjustWindowRectEx	1.0	1.0 and later	Winuser.h		Windows CE OS
_wcesdk_win32_ApplyControlToken	ApplyControlToken	2.10	2.10 and later	Sspi.h	Schannel.lib	Windows CE OS
_wcesdk_win32_BM_CLICK	BM_CLICK	1.0	1.0 and later	Winuser.h		Windows CE OS
_wcesdk_win32_BM_GETCHECK	BM_GETCHECK	1.0	1.0 and later	Winuser.h		Windows CE OS
_wcesdk_win32_BM_GETSTATE	BM_GETSTATE	1.0	1.0 and later	Winuser.h		Windows CE OS
_wcesdk_win32_BM_KILLFOCUS	BN_KILLFOCUS	1.0	1.0 and later	Winuser.h		Windows CE OS
_wcesdk_win32_BM_SETCHECK	BM_SETCHECK	1.0	1.0 and later	Winuser.h		Windows CE OS
_wcesdk_win32_BM_SETSTATE	BM_SETSTATE	1.0	1.0 and later	Winuser.h		Windows CE OS
_wcesdk_win32_BM_SETSTYLE	BM_SETSTYLE	1.0	1.0 and later	Winuser.h		Windows CE OS
_wcesdk_win32_BN_CLICKED	BN_CLICKED	1.0	1.0 and later	Winuser.h		Windows CE OS
_wcesdk_win32_BN_SETFOCUS	BN_SETFOCUS	1.0	1.0 and later	Winuser.h		Windows CE OS
_wcesdk_win32_BY_HANDLE_FILE_INFORMATION_str	BY_HANDLE_FILE_INFORMATION	1.0	1.0 and later	Winbase.h		Windows CE OS
_wcesdk_win32_BeginPaint	BeginPaint	1.0	1.0 and later	Winuser.h	Coredll.lib, Winmgr.lib	Windows CE OS
_wcesdk_win32_BringWindowToTop	BringWindowToTop	1.0	1.0 and later	Winuser.h		Windows CE OS
_wcesdk_win32_CANDIDATEFORM_str	CANDIDATEFORM	2.1	2.1 and later (Japanese version 1.0 and later)	Wceemul.h		Windows CE OS
_wcesdk_win32_CANDIDATELIST_str	CANDIDATELIST	2.1	2.1 and later (Japanese version 1.0 and later)	Wceemul.h		Windows CE OS
_wcesdk_win32_CBN_CLOSEUP	CBN_CLOSEUP	1.0	1.0 and later	Winuser.h		Windows CE OS
_wcesdk_win32_CBN_DBLCLK	CBN_DBLCLK	2.0	2.0 and later	Winuser.h		Windows CE OS
_wcesdk_win32_CBN_DROPDOWN	CBN_DROPDOWN	1.0	1.0 and later	Winuser.h		Windows CE OS
_wcesdk_win32_CBN_EDITCHANGE	CBN_EDITCHANGE	1.0	1.0 and later	Winuser.h		Windows CE OS
_wcesdk_win32_CBN_EDITUPDATE	CBN_EDITUPDATE	1.0	1.0 and later	Winuser.h		Windows CE OS
_wcesdk_win32_CBN_ERRSPACE	CBN_ERRSPACE	1.0	1.0 and later	Winuser.h		Windows CE OS
_wcesdk_win32_CBN_KILLFOCUS	CBN_KILLFOCUS	1.0	1.0 and later	Winuser.h		Windows CE OS
_wcesdk_win32_CBN_SELCHANGE	CBN_SELCHANGE	1.0	1.0 and later	Winuser.h		Windows CE OS
_wcesdk_win32_CBN_SELENDCANCEL	CBN_SELENDCANCEL	1.0	1.0 and later	Winuser.h		Windows CE OS
_wcesdk_win32_CBN_SELENDOK	CBN_SELENDOK	1.0	1.0 and later	Winuser.h		Windows CE OS
_wcesdk_win32_CBN_SETFOCUS	CBN_SETFOCUS	1.0	1.0 and later	Winuser.h		Windows CE OS
_wcesdk_win32_CB_ADDSTRING	CB_ADDSTRING	1.0	1.0 and later	Winuser.h		Windows CE OS
_wcesdk_win32_CB_DELETESTRING	CB_DELETESTRING	1.0	1.0 and later	Winuser.h		Windows CE OS
_wcesdk_win32_CB_FINDSTRING	CB_FINDSTRING	1.0	1.0 and later	Winuser.h		Windows CE OS
_wcesdk_win32_CB_FINDSTRINGEXACT	CB_FINDSTRINGEXACT	1.0	1.0 and later	Winuser.h		Windows CE OS
_wcesdk_win32_CB_GETCOUNT	CB_GETCOUNT	1.0	1.0 and later	Winuser.h		Windows CE OS
_wcesdk_win32_CB_GETCURSEL	CB_GETCURSEL	1.0	1.0 and later	Winuser.h		Windows CE OS
_wcesdk_win32_CB_GETDROPPEDCONTROLRECT	CB_GETDROPPEDCONTROLRECT	1.0	1.0 and later	Winuser.h		Windows CE OS
_wcesdk_win32_CB_GETDROPPEDSTATE	CB_GETDROPPEDSTATE	1.0	1.0 and later	Winuser.h		Windows CE OS
_wcesdk_win32_CB_GETDROPPEDWIDTH	CB_GETDROPPEDWIDTH	1.0	1.0 and later	Winuser.h		Windows CE OS
_wcesdk_win32_CB_GETEDITSEL	CB_GETEDITSEL	1.0	1.0 and later	Winuser.h		Windows CE OS
_wcesdk_win32_CB_GETEXTENDEDUI	CB_GETEXTENDEDUI	1.0	1.0 and later	Winuser.h		Windows CE OS
_wcesdk_win32_CB_GETHORIZONTALEXTENT	CB_GETHORIZONTALEXTENT	1.0	1.0 and later	Winuser.h		Windows CE OS
_wcesdk_win32_CB_GETITEMDATA	CB_GETITEMDATA	1.0	1.0 and later	Winuser.h		Windows CE OS
_wcesdk_win32_CB_GETITEMHEIGHT	CB_GETITEMHEIGHT	1.0	1.0 and later	Winuser.h		Windows CE OS
_wcesdk_win32_CB_GETLBTEXT	CB_GETLBTEXT	1.0	1.0 and later	Winuser.h		Windows CE OS
_wcesdk_win32_CB_GETLBTEXTLEN	CB_GETLBTEXTLEN	1.0	1.0 and later	Winuser.h		Windows CE OS
_wcesdk_win32_CB_GETLOCALE	CB_GETLOCALE	2.0	2.0 and later	Winuser.h		Windows CE OS
_wcesdk_win32_CB_GETTOPINDEX	CB_GETTOPINDEX	1.0	1.0 and later	Winuser.h		Windows CE OS
_wcesdk_win32_CB_INITSTORAGE	CB_INITSTORAGE	1.0	1.0 and later	Winuser.h		Windows CE OS
_wcesdk_win32_CB_INSERTSTRING	CB_INSERTSTRING	1.0	1.0 and later	Winuser.h		Windows CE OS
_wcesdk_win32_CB_LIMITTEXT	CB_LIMITTEXT	1.0	1.0 and later	Winuser.h		Windows CE OS
_wcesdk_win32_CB_RESETCONTENT	CB_RESETCONTENT	1.0	1.0 and later	Winuser.h		Windows CE OS
_wcesdk_win32_CB_SELECTSTRING	CB_SELECTSTRING	1.0	1.0 and later	Winuser.h		Windows CE OS
_wcesdk_win32_CB_SETCURSEL	CB_SETCURSEL	1.0	1.0 and later	Winuser.h		Windows CE OS
_wcesdk_win32_CB_SETDROPPEDWIDTH	CB_SETDROPPEDWIDTH	1.0	1.0 and later	Winuser.h		Windows CE OS
_wcesdk_win32_CB_SETEDITSEL	CB_SETEDITSEL	1.0	1.0 and later	Winuser.h		Windows CE OS
_wcesdk_win32_CB_SETEXTENDEDUI	CB_SETEXTENDEDUI	1.0	1.0 and later	Winuser.h		Windows CE OS
_wcesdk_win32_CB_SETITEMDATA	CB_SETITEMDATA	1.0	1.0 and later	Winuser.h		Windows CE OS
_wcesdk_win32_CB_SETITEMHEIGHT	CB_SETITEMHEIGHT	1.0	1.0 and later	Winuser.h		Windows CE OS
_wcesdk_win32_CB_SETLOCALE	CB_SETLOCALE	2.0	2.0 and later	Winuser.h		Windows CE OS
_wcesdk_win32_CB_SHOWDROPDOWN	CB_SHOWDROPDOWN	1.0	1.0 and later	Winuser.h		Windows CE OS
_wcesdk_win32_CCHookProc	CCHookProc	2.0	2.0 and later	Commdlg.h		Windows CE OS
_wcesdk_win32_CDM_SETDEFEXT	CDM_SETDEFEXT	1.0	1.0 and later	Winuser.h		Windows CE OS
_wcesdk_win32_CDN_TYPECHANGE	CDN_TYPECHANGE	1.0	1.0 and later	Commdlg.h		Windows CE OS
_wcesdk_win32_CHARSETINFO_str	CHARSETINFO	2.11	2.11 and later	Wingdi.h		Windows CE OS
_wcesdk_win32_CHOOSECOLOR_str	CHOOSECOLOR	2.0	2.0 and later	Commdlg.h		Windows CE OS
_wcesdk_win32_COLORREF_str	COLORREF	1.0	1.0 and later	Windef.h		Windows CE OS
_wcesdk_win32_COMPOSITIONFORM_str	COMPOSITIONFORM	2.11	2.11 and later	Wceemul.h		Windows CE OS
_wcesdk_win32_COPYDATASTRUCT_str	COPYDATASTRUCT	1.0	1.0 and later	Winuser.h		Windows CE OS
_wcesdk_win32_CPLINFO_str	CPLINFO	1.0	1.0 and later	Cpl.h		Windows CE OS
_wcesdk_win32_CPL_DBLCLK	CPL_DBLCLK	1.0	1.0 and later	Cpl.h		Windows CE OS
_wcesdk_win32_CPL_EXIT	CPL_EXIT	1.0	1.0 and later	Cpl.h		Windows CE OS
_wcesdk_win32_CPL_GETCOUNT	CPL_GETCOUNT	1.0	1.0 and later	Cpl.h		Windows CE OS
_wcesdk_win32_CPL_INIT	CPL_INIT	1.0	1.0 and later	Cpl.h		Windows CE OS
_wcesdk_win32_CPL_NEWINQUIRE	CPL_NEWINQUIRE	1.0	1.0 and later	Cpl.h		Windows CE OS
_wcesdk_win32_CPL_STOP	CPL_STOP	1.0	1.0 and later	Cpl.h		Windows CE OS
_wcesdk_win32_CREATESTRUCT_str	CREATESTRUCT	1.0	1.0 and later	Winuser.h		Windows CE OS
_wcesdk_win32_CURRENCYFMT_str	CURRENCYFMT	1.0	1.0 and later	Winnls.h		Windows CE OS
_wcesdk_win32_CallWindowProc	CallWindowProc	1.0	1.0 and later	Winuser.h		Windows CE OS
_wcesdk_win32_CharLower	CharLower	1.0	1.0 and later	Winbase.h	Coreloc.lib	Windows CE OS
_wcesdk_win32_CharLowerBuff	CharLowerBuff	1.0	1.0 and later	Winbase.h	Coreloc.lib	Windows CE OS
_wcesdk_win32_ChildWindowFromPoint	ChildWindowFromPoint	1.0	1.0 and later	Winuser.h		Windows CE OS
_wcesdk_win32_ChooseColor	ChooseColor	2.0	2.0 and later	Commdlg.h	Commdlg.lib	Windows CE OS
_wcesdk_win32_ClientToScreen	ClientToScreen	1.0	1.0 and later	Winuser.h	Coredll.lib, Winmgr.lib	Windows CE OS
_wcesdk_win32_CloseClipboard	CloseClipboard	1.0	1.0 and later	Winuser.h	Clipbd.lib	Windows CE OS
_wcesdk_win32_CloseHandle	CloseHandle	1.0	1.0 and later	Winbase.h	Coredll.lib	Windows CE OS
_wcesdk_win32_CommDlgExtendedError	CommDlgExtendedError	2.0	2.0 and later	Commctrl.h	Commdlg.lib	Windows CE OS
_wcesdk_win32_CopyRect	CopyRect	1.0	1.0 and later	Winuser.h	Rectapi.lib	Windows CE OS
_wcesdk_win32_CreateAcceleratorTable	CreateAcceleratorTable	1.0	1.0 and later	Winuser.h	Accel.lib	Windows CE OS
_wcesdk_win32_CreateCompatibleDC	CreateCompatibleDC	1.0	1.0 and later	Wingdi.h	Mgbase.lib	Windows CE OS
_wcesdk_win32_CreateSemaphore	CreateSemaphore	3.0	3.0 and later	Winbase.h	Nk.lib	Windows CE OS
_wcesdk_win32_CreateToolbarEx	CreateToolbarEx	2.0	2.0 and later	Commctrl.h		Windows CE OS
_wcesdk_win32_CreateWindow	CreateWindow	1.0	1.0 and later	Winuser.h		Windows CE OS
_wcesdk_win32_CreateWindowEx	CreateWindowEx	1.0	1.0 and later	Winuser.h		Windows CE OS
_wcesdk_win32_DELETEITEMSTRUCT_str	DELETEITEMSTRUCT	1.0	1.0 and later	Winuser.h		Windows CE OS
_wcesdk_win32_DEVMODE_str	DEVMODE	2.0	2.0 and later	Wingdi.h		Windows CE OS
_wcesdk_win32_DEVNAMES_str	DEVNAMES	2.10	2.10 and later	Commdlg.h		Windows CE OS
_wcesdk_win32_DLGITEMTEMPLATEEX_str	DLGITEMTEMPLATEEX	2.0	2.0 and later	Wingdi.h		Windows CE OS
_wcesdk_win32_DLGITEMTEMPLATE_str	DLGITEMTEMPLATE	1.0	1.0 and later	Winuser.h		Windows CE OS
_wcesdk_win32_DLGTEMPLATE_str	DLGTEMPLATE	1.0	1.0 and later	Winuser.h		Windows CE OS
_wcesdk_win32_DM_GETDEFID	DM_GETDEFID	1.0	1.0 and later	Winuser.h		Windows CE OS
_wcesdk_win32_DM_SETDEFID	DM_SETDEFID	1.0	1.0 and later	Winuser.h		Windows CE OS
_wcesdk_win32_DRAWITEMSTRUCT	DRAWITEMSTRUCT	1.0	1.0 and later	Winuser.h		Windows CE OS
_wcesdk_win32_DefWindowProc	DefWindowProc	1.0	1.0 and later	Winuser.h		Windows CE OS
_wcesdk_win32_DeleteCriticalSection	DeleteCriticalSection	1.0	1.0 and later	Winbase.h	Coremain.lib	Windows CE OS
_wcesdk_win32_DeleteDC	DeleteDC	1.0	1.0 and later	Wingdi.h	Mgbase.lib	Windows CE OS
_wcesdk_win32_DestroyAcceleratorTable	DestroyAcceleratorTable	1.0	1.0 and later	Winuser.h	Accel.lib	Windows CE OS
_wcesdk_win32_DestroyWindow	DestroyWindow	1.0	1.0 and later	Winuser.h		Windows CE OS
_wcesdk_win32_DispatchMessage	DispatchMessage	1.0	1.0 and later	Winuser.h	Msgque.lib	Windows CE OS
_wcesdk_win32_DrawEdge	DrawEdge	1.0	1.0 and later	Wingdi.h	Mgdraw.lib	Windows CE OS
_wcesdk_win32_EM_CANUNDO	EM_CANUNDO	1.0	1.0 and later	Winuser.h		Windows CE OS
_wcesdk_win32_EM_CHARFROMPOS	EM_CHARFROMPOS	1.0	1.0 and later	Winuser.h		Windows CE OS
_wcesdk_win32_EM_EMPTYUNDOBUFFER	EM_EMPTYUNDOBUFFER	1.0	1.0 and later	Winuser.h		Windows CE OS
_wcesdk_win32_EM_FMTLINES	EM_FMTLINES	1.0	1.0 and later	Winuser.h		Windows CE OS
_wcesdk_win32_EM_GETFIRSTVISIBLELINE	EM_GETFIRSTVISIBLELINE	1.0	1.0 and later	Winuser.h		Windows CE OS
_wcesdk_win32_EM_GETLIMITTEXT	EM_GETLIMITTEXT	1.0	1.0 and later	Winuser.h		Windows CE OS
_wcesdk_win32_EM_GETLINE	EM_GETLINE	1.0	1.0 and later	Winuser.h		Windows CE OS
_wcesdk_win32_EM_GETLINECOUNT	EM_GETLINECOUNT	1.0	1.0 and later	Winuser.h		Windows CE OS
_wcesdk_win32_EM_GETMARGINS	EM_GETMARGINS	1.0	1.0 and later	Winuser.h		Windows CE OS
_wcesdk_win32_EM_GETMODIFY	EM_GETMODIFY	1.0	1.0 and later	Winuser.h		Windows CE OS
_wcesdk_win32_EM_GETPASSWORDCHAR	EM_GETPASSWORDCHAR	1.0	1.0 and later	Winuser.h		Windows CE OS
_wcesdk_win32_EM_GETRECT	EM_GETRECT	1.0	1.0 and later	Winuser.h		Windows CE OS
_wcesdk_win32_EM_GETSEL	EM_GETSEL	1.0	1.0 and later	Winuser.h		Windows CE OS
_wcesdk_win32_EM_LIMITTEXT	EM_LIMITTEXT	1.0	1.0 and later	Winuser.h		Windows CE OS
_wcesdk_win32_EM_LINEFROMCHAR	EM_LINEFROMCHAR	1.0	1.0 and later	Winuser.h		Windows CE OS
_wcesdk_win32_EM_LINEINDEX	EM_LINEINDEX	1.0	1.0 and later	Winuser.h		Windows CE OS
_wcesdk_win32_EM_LINELENGTH	EM_LINELENGTH	1.0	1.0 and later	Winuser.h		Windows CE OS
_wcesdk_win32_EM_LINESCROLL	EM_LINESCROLL	1.0	1.0 and later	Winuser.h		Windows CE OS
_wcesdk_win32_EM_POSFROMCHAR	EM_POSFROMCHAR	1.0	1.0 and later	Winuser.h		Windows CE OS
_wcesdk_win32_EM_REPLACESEL	EM_REPLACESEL	1.0	1.0 and later	Winuser.h		Windows CE OS
_wcesdk_win32_EM_SCROLL	EM_SCROLL	1.0	1.0 and later	Winuser.h		Windows CE OS
_wcesdk_win32_EM_SCROLLCARET	EM_SCROLLCARET	1.0	1.0 and later	Winuser.h		Windows CE OS
_wcesdk_win32_EM_SETMARGINS	EM_SETMARGINS	1.0	1.0 and later	Winuser.h		Windows CE OS
_wcesdk_win32_EM_SETMODIFY	EM_SETMODIFY	1.0	1.0 and later	Winuser.h		Windows CE OS
_wcesdk_win32_EM_SETPASSWORDCHAR	EM_SETPASSWORDCHAR	1.0	1.0 and later	Winuser.h		Windows CE OS
_wcesdk_win32_EM_SETREADONLY	EM_SETREADONLY	1.0	1.0 and later	Winuser.h		Windows CE OS
_wcesdk_win32_EM_SETRECT	EM_SETRECT	1.0	1.0 and later	Winuser.h		Windows CE OS
_wcesdk_win32_EM_SETRECTNP	EM_SETRECTNP	1.0	1.0 and later	Winuser.h		Windows CE OS
_wcesdk_win32_EM_SETSEL	EM_SETSEL	1.0	1.0 and later	Winuser.h		Windows CE OS
_wcesdk_win32_EM_SETTABSTOPS	EM_SETTABSTOPS	1.0	1.0 and later	Winuser.h		Windows CE OS
_wcesdk_win32_EM_UNDO	EM_UNDO	1.0	1.0 and later	Winuser.h		Windows CE OS
_wcesdk_win32_ENUMLOGFONT_str	ENUMLOGFONT	1.0	1.0 and later	Wingdi.h		Windows CE OS
_wcesdk_win32_EN_CHANGE	EN_CHANGE	1.0	1.0 and later	Winuser.h		Windows CE OS
_wcesdk_win32_EN_ERRSPACE	EN_ERRSPACE	1.0	1.0 and later	Winuser.h		Windows CE OS
_wcesdk_win32_EN_HSCROLL	EN_HSCROLL	1.0	1.0 and later	Winuser.h		Windows CE OS
_wcesdk_win32_EN_KILLFOCUS	EN_KILLFOCUS	1.0	1.0 and later	Winuser.h		Windows CE OS
_wcesdk_win32_EN_MAXTEXT	EN_MAXTEXT	1.0	1.0 and later	Winuser.h		Windows CE OS
_wcesdk_win32_EN_SETFOCUS	EN_SETFOCUS	1.0	1.0 and later	Winuser.h		Windows CE OS
_wcesdk_win32_EN_UPDATE	EN_UPDATE	1.0	1.0 and later	Winuser.h		Windows CE OS
_wcesdk_win32_EN_VSCROLL	EN_VSCROLL	1.0	1.0 and later	Winuser.h		Windows CE OS
_wcesdk_win32_EXCEPTION_POINTERS_str	EXCEPTION_POINTERS	1.0	1.0 and later	Excpt.h		Windows CE OS
_wcesdk_win32_EXCEPTION_RECORD_str	EXCEPTION_RECORD	1.0	1.0 and later	Winnt.h		Windows CE OS
_wcesdk_win32_EnableHardwareKeyboard	EnableHardwareKeyboard	2.0	2.0 and later	Winuser.h	Kbdui.lib	Windows CE OS
_wcesdk_win32_EndDialog	EndDialog	1.0	1.0 and later	Winuser.h	Dlgmgr.lib	Windows CE OS
_wcesdk_win32_EndPaint	EndPaint	1.0	1.0 and later	Winuser.h	Winmgr.lib	Windows CE OS
_wcesdk_win32_EnumFonts	EnumFonts	1.0	1.0 and later	Wingdi.h	Mgrast2.lib	Windows CE OS
_wcesdk_win32_EnumFontsProc	EnumFontsProc	1.0	1.0 and later	Wingdi.h		Windows CE OS
_wcesdk_win32_EnumRegisterWordProc	EnumRegisterWordProc	2.1	2.1 and later	Imm.h		Windows CE OS
_wcesdk_win32_EnumWindows	EnumWindows	1.0	1.0 and later	Winuser.h		Windows CE OS
_wcesdk_win32_EnumWindowsProc	EnumWindowsProc	1.0	1.0 and later	Winuser.h		Windows CE OS
_wcesdk_win32_EqualRect	EqualRect	1.0	1.0 and later	Winuser.h	Rectapi.lib	Windows CE OS
_wcesdk_win32_ExtTextOut	ExtTextOut	1.0	1.0 and later	Wingdi.h	Mgrast.lib Mgtt.lib	Windows CE OS
_wcesdk_win32_FINDEX_INFO_LEVELS	FINDEX_INFO_LEVELS	3.0	3.0 and later	Winbase.h		Windows CE OS
_wcesdk_win32_FINDEX_SEARCH_OPS	FINDEX_SEARCH_OPS	3.0	3.0 and later	Winbase.h		Windows CE OS
_wcesdk_win32_FONTSIGNATURE_str	FONTSIGNATURE	2.10	2.10 and later	Wingdi.h		Windows CE OS
_wcesdk_win32_FORWARD_WM_NOTIFY	FORWARD_WM_NOTIFY	1.0	1.0 and later	Commctrl.h		Windows CE OS
_wcesdk_win32_FindClose	FindClose	1.0	1.0 and later	Winbase.h	Coredll.lib	Windows CE OS
_wcesdk_win32_FindFirstFile	FindFirstFile	1.0	1.0 and later	Winbase.h	Coredll.lib, Fsmain.lib	Windows CE OS
_wcesdk_win32_FindFirstFileEx	FindFirstFileEx	3.0	3.0 and later	Winbase.h	Fsmain.lib	Windows CE OS
_wcesdk_win32_FindNextFile	FindNextFile	1.0	1.0 and later	Winbase.h	Coredll.lib, Fsmain.lib	Windows CE OS
_wcesdk_win32_FindWindow	FindWindow	1.0	1.0 and later	Winuser.h		Windows CE OS
_wcesdk_win32_FlushFileBuffers	FlushFileBuffers	1.0	1.0 and later	Winbase.h	Coredll.lib, Fsmain.lib	Windows CE OS
_wcesdk_win32_FormatMessage	FormatMessage	1.0	1.0 and later	Winbase.h	Fmtmsg.lib	Windows CE OS
_wcesdk_win32_FtpCreateDirectory	FtpCreateDirectory	2.0	2.0 and later	Wininet.h	Wininet.lib	Windows CE OS
_wcesdk_win32_FtpDeleteFile	FtpDeleteFile	2.0	2.0 and later	Wininet.h	Wininet.lib	Windows CE OS
_wcesdk_win32_FtpFindFirstFile	FtpFindFirstFile	2.0	2.0 and later	Wininet.h	Wininet.lib	Windows CE OS
_wcesdk_win32_FtpGetCurrentDirectory	FtpGetCurrentDirectory	2.0	2.0 and later	Wininet.h	Wininet.lib	Windows CE OS
_wcesdk_win32_FtpGetFile	FtpGetFile	2.0	2.0 and later	Wininet.h	Wininet.lib	Windows CE OS
_wcesdk_win32_FtpOpenFile	FtpOpenFile	2.0	2.0 and later	Wininet.h	Wininet.lib	Windows CE OS
_wcesdk_win32_FtpPutFile	FtpPutFile	2.0	2.0 and later	Wininet.h	Wininet.lib	Windows CE OS
_wcesdk_win32_FtpRemoveDirectory	FtpRemoveDirectory	2.0	2.0 and later	Wininet.h	Wininet.lib	Windows CE OS
_wcesdk_win32_FtpRenameFile	FtpRenameFile	2.0	2.0 and later	Wininet.h	Wininet.lib	Windows CE OS
_wcesdk_win32_FtpSetCurrentDirectory	FtpSetCurrentDirectory	2.0	2.0 and later	Wininet.h	Wininet.lib	Windows CE OS
_wcesdk_win32_GET_FILEEX_INFO_LEVELS	GET_FILEEX_INFO_LEVELS	3.0	3.0 and later	Winbase.h		Windows CE OS
_wcesdk_win32_GetBValue	GetBValue	1.0	1.0 and later	Wingdi.h		Windows CE OS
_wcesdk_win32_GetClassInfo	GetClassInfo	1.0	1.0 and later	Winuser.h		Windows CE OS
_wcesdk_win32_GetClassLong	GetClassLong	1.0	1.0 and later	Winuser.h		Windows CE OS
_wcesdk_win32_GetClassName	GetClassName	1.0	1.0 and later	Winuser.h		Windows CE OS
_wcesdk_win32_GetClientRect	GetClientRect	1.0	1.0 and later	Winuser.h		Windows CE OS
_wcesdk_win32_GetDC	GetDC	1.0	1.0 and later	Winuser.h	Coredll.lib, Winmgr.lib	Windows CE OS
_wcesdk_win32_GetFileAttributesEx	GetFileAttributesEx	3.0	3.0 and later	Winbase.h		Windows CE OS
_wcesdk_win32_GetFileVersionInfo	GetFileVersionInfo	3.0	3.0 and later	Winbase.h		Windows CE OS
_wcesdk_win32_GetFileVersionInfoSize	GetFileVersionInfoSize	3.0	3.0 and later	Winbase.h		Windows CE OS
_wcesdk_win32_GetGValue	GetGValue	1.0	1.0 and later	Wingdi.h		Windows CE OS
_wcesdk_win32_GetMessage	GetMessage	1.0	1.0 and later	Winuser.h	Msgque.lib	Windows CE OS
_wcesdk_win32_GetMessagePos	GetMessagePos	1.0	1.0 and later	Winuser.h	Msgque.lib	Windows CE OS
_wcesdk_win32_GetMessageSource	GetMessageSource	2.0	2.0 and later	Winuser.h	Msgque.lib	Windows CE OS
_wcesdk_win32_GetParent	GetParent	1.0	1.0 and later	Winuser.h		Windows CE OS
_wcesdk_win32_GetRValue	GetRValue	1.0	1.0 and later	Wingdi.h		Windows CE OS
_wcesdk_win32_GetStringTypeEx	GetStringTypeEx	1.0	1.0 and later	Winnls.h	Coreloc.lib	Windows CE OS
_wcesdk_win32_GetStringTypeW	GetStringType	1.0	1.0 and later	Winnls.h	Coreloc.lib, Locusa.lib	Windows CE OS
_wcesdk_win32_GetSysColor	GetSysColor	1.0	1.0 and later	Winuser.h	Wmgr_c.lib	Windows CE OS
_wcesdk_win32_GetSysColorBrush	GetSysColorBrush	1.0	1.0 and later	Wingdi.h	Mgdraw.lib	Windows CE OS
_wcesdk_win32_GetSystemMetrics	GetSystemMetrics	1.0	1.0 and later	Winuser.h	Wmbase.lib	Windows CE OS
_wcesdk_win32_GetTempFileName	GetTempFileName	3.0	3.0 and later	Winbase.h		Windows CE OS
_wcesdk_win32_GetTempPath	GetTempPath	2.11	2.11	Winbase.h		Windows CE OS
_wcesdk_win32_GetUpdateRect	GetUpdateRect	1.0	1.0 and later	Winuser.h	Coredll.lib, Winmgr.lib	Windows CE OS
_wcesdk_win32_GetUpdateRgn	GetUpdateRgn	1.0	1.0 and later	Winuser.h	Coredll.lib, Winmgr.lib	Windows CE OS
_wcesdk_win32_GetWindow	GetWindow	1.0	1.0 and later	Winuser.h		Windows CE OS
_wcesdk_win32_GetWindowDC	GetWindowDC	1.0	1.0 and later	Winuser.h	Coredll.lib, Winmgr.lib	Windows CE OS
_wcesdk_win32_GetWindowLong	GetWindowLong	1.0	1.0 and later	Winuser.h		Windows CE OS
_wcesdk_win32_GetWindowRect	GetWindowRect	1.0	1.0 and later	Winuser.h		Windows CE OS
_wcesdk_win32_GetWindowRgn	GetWindowRgn	2.12	2.12 and later	Winuser.h	Coredll.lib, Winmgr.lib	Windows CE OS
_wcesdk_win32_GetWindowText	GetWindowText	1.0	1.0 and later	Winuser.h		Windows CE OS
_wcesdk_win32_GetWindowTextLength	GetWindowTextLength	1.0	1.0 and later	Winuser.h		Windows CE OS
_wcesdk_win32_GetWindowThreadProcessId	GetWindowThreadProcessId	1.0	1.0 and later	Winuser.h		Windows CE OS
_wcesdk_win32_HANDLE_WM_NOTIFY	HANDLE_WM_NOTIFY	1.0	1.0 and later	Commctrl.h		Windows CE OS
_wcesdk_win32_HDM_HITTEST	HDM_HITTEST	1.0	1.0 and later	Commctrl.h		Windows CE OS
_wcesdk_win32_HDN_BEGINTRACK	HDN_BEGINTRACK	1.0	1.0 and later	Commctrl.h		Windows CE OS
_wcesdk_win32_HDN_DIVIDERDBLCLICK	HDN_DIVIDERDBLCLICK	1.0	1.0 and later	Commctrl.h		Windows CE OS
_wcesdk_win32_HDN_ENDTRACK	HDN_ENDTRACK	1.0	1.0 and later	Commctrl.h		Windows CE OS
_wcesdk_win32_HDN_ITEMCHANGED	HDN_ITEMCHANGED	1.0	1.0 and later	Commctrl.h		Windows CE OS
_wcesdk_win32_HDN_ITEMCHANGING	HDN_ITEMCHANGING	1.0	1.0 and later	Commctrl.h		Windows CE OS
_wcesdk_win32_HDN_ITEMCLICK	HDN_ITEMCLICK	1.0	1.0 and later	Commctrl.h		Windows CE OS
_wcesdk_win32_HDN_ITEMDBLCLICK	HDN_ITEMDBLCLICK	1.0	1.0 and later	Commctrl.h		Windows CE OS
_wcesdk_win32_HDN_TRACK	HDN_TRACK	1.0	1.0 and later	Commctrl.h		Windows CE OS
_wcesdk_win32_HIBYTE	HIBYTE	1.0	1.0 and later	Windef.h		Windows CE OS
_wcesdk_win32_HIWORD	HIWORD	1.0	1.0 and later	Windef.h		Windows CE OS
_wcesdk_win32_HttpAddRequestHeaders	HttpAddRequestHeaders	2.0	2.0 and later	Wininet.h	Wininet.lib	Windows CE OS
_wcesdk_win32_HttpOpenRequest	HttpOpenRequest	2.0	2.0 and later	Wininet.h	Wininet.lib	Windows CE OS
_wcesdk_win32_HttpQueryInfo	HttpQueryInfo	2.0	2.0 and later	Wininet.h	Wininet.lib	Windows CE OS
_wcesdk_win32_HttpSendRequest	HttpSendRequest	2.0	2.0 and later	Wininet.h	Wininet.lib	Windows CE OS
_wcesdk_win32_IMAGEINFO_str	IMAGEINFO	1.0	1.0 and later	Commctrl.h		Windows CE OS
_wcesdk_win32_IMC_CLOSESTATUSWINDOW	IMC_CLOSESTATUSWINDOW	2.1	2.1 and later	Imm.h		Windows CE OS
_wcesdk_win32_IMC_GETCANDIDATEPOS	IMC_GETCANDIDATEPOS	2.1	2.1 and later	Imm.h		Windows CE OS
_wcesdk_win32_IMC_GETCOMPOSITIONFONT	IMC_GETCOMPOSITIONFONT	2.1	2.1 and later	Imm.h		Windows CE OS
_wcesdk_win32_IMC_GETCOMPOSITIONWINDOW	IMC_GETCOMPOSITIONWINDOW	2.1	2.1 and later	Imm.h		Windows CE OS
_wcesdk_win32_IMC_GETCONVERSIONMODE	IMC_GETCONVERSIONMODE	2.1	2.1 and later	Imm.h		Windows CE OS
_wcesdk_win32_IMC_GETOPENSTATUS	IMC_GETOPENSTATUS	2.1	2.1 and later	Imm.h		Windows CE OS
_wcesdk_win32_IMC_GETSENTENCEMODE	IMC_GETSENTENCEMODE	2.1	2.1 and later	Imm.h		Windows CE OS
_wcesdk_win32_IMC_GETSTATUSWINDOWPOS	IMC_GETSTATUSWINDOWPOS	2.1	2.1 and later	Imm.h		Windows CE OS
_wcesdk_win32_IMC_OPENSTATUSWINDOW	IMC_OPENSTATUSWINDOW	2.1	2.1 and later	Imm.h		Windows CE OS
_wcesdk_win32_IMC_SETCANDIDATEPOS	IMC_SETCANDIDATEPOS	2.1	2.1 and later	Imm.h		Windows CE OS
_wcesdk_win32_IMC_SETCOMPOSITIONFONT	IMC_SETCOMPOSITIONFONT	2.1	2.1 and later	Imm.h		Windows CE OS
_wcesdk_win32_IMC_SETCOMPOSITIONWINDOW	IMC_SETCOMPOSITIONWINDOW	2.1	2.1 and later	Imm.h		Windows CE OS
_wcesdk_win32_IMC_SETCONVERSIONMODE	IMC_SETCONVERSIONMODE	2.1	2.1 and later	Imm.h		Windows CE OS
_wcesdk_win32_IMC_SETOPENSTATUS	IMC_SETOPENSTATUS	2.1	2.1 and later	Imm.h		Windows CE OS
_wcesdk_win32_IMC_SETSENTENCEMODE	IMC_SETSENTENCEMODE	2.1	2.1 and later	Imm.h		Windows CE OS
_wcesdk_win32_IMC_SETSTATUSWINDOWPOS	IMC_SETSTATUSWINDOWPOS	2.1	2.1 and later	Imm.h		Windows CE OS
_wcesdk_win32_IMEMENUITEMINFO	IMEMENUITEMINFO	2.11	2.11 and later	Imm.h		Windows CE OS
_wcesdk_win32_IMN_CHANGECANDIDATE	IMN_CHANGECANDIDATE	2.1	2.1 and later (Japanese version 1.0 and later)	Imm.h		Windows CE OS
_wcesdk_win32_IMN_CLOSECANDIDATE	IMN_CLOSECANDIDATE	2.1	2.1 and later (Japanese version 1.0 and later)	Imm.h		Windows CE OS
_wcesdk_win32_IMN_CLOSESTATUSWINDOW	IMN_CLOSESTATUSWINDOW	2.1	2.1 and later	Imm.h		Windows CE OS
_wcesdk_win32_IMN_GUIDELINE	IMN_GUIDELINE	2.1	2.1 and later (Japanese version 1.0 and later)	Imm.h		Windows CE OS
_wcesdk_win32_IMN_OPENCANDIDATE	IMN_OPENCANDIDATE	2.1	2.1 and later (Japanese version 1.0 and later)	Imm.h		Windows CE OS
_wcesdk_win32_IMN_OPENSTATUSWINDOW	IMN_OPENSTATUSWINDOW	2.1	2.1 and later	Imm.h		Windows CE OS
_wcesdk_win32_IMN_SETCANDIDATEPOS	IMN_SETCANDIDATEPOS	2.1	2.1 and later (Japanese version 1.0 and later)	Imm.h		Windows CE OS
_wcesdk_win32_IMN_SETCOMPOSITIONFONT	IMN_SETCOMPOSITIONFONT	2.1	2.1 and later	Imm.h		Windows CE OS
_wcesdk_win32_IMN_SETCOMPOSITIONWINDOW	IMN_SETCOMPOSITIONWINDOW	2.1	2.1 and later (Japanese version 1.0 and later)	Imm.h		Windows CE OS
_wcesdk_win32_IMN_SETCONVERSIONMODE	IMN_SETCONVERSIONMODE	2.1	2.1 and later (Japanese version 1.0 and later)	Imm.h		Windows CE OS
_wcesdk_win32_IMN_SETOPENSTATUS	IMN_SETOPENSTATUS	2.1	2.1 and later (Japanese version 1.0 and later)	Imm.h		Windows CE OS
_wcesdk_win32_IMN_SETSENTENCEMODE	IMN_SETSENTENCEMODE	2.1	2.1 and later (Japanese version 1.0 and later)	Imm.h		Windows CE OS
_wcesdk_win32_IMN_SETSTATUSWINDOWPOS	IMN_SETSTATUSWINDOWPOS	2.1	2.1 and later (Japanese version 1.0 and later)	Imm.h		Windows CE OS
_wcesdk_win32_IMR_CANDIDATEFORM	IMR_CANDIDATEFORM	2.1	2.1 and later	Imm.h		Windows CE OS
_wcesdk_win32_IMR_COMPOSITIONFONT	IMR_COMPOSITIONFONT	2.1	2.1 and later (Japanese version 1.0 and later)	Imm.h		Windows CE OS
_wcesdk_win32_IMR_COMPOSITIONFORM	IMR_COMPOSITIONFORM	2.1	2.1 and later	Imm.h		Windows CE OS
_wcesdk_win32_IMR_CONFIRMRECONVERTSTRING	IMR_CONFIRMRECONVERTSTRING	2.1	2.1 and later	Imm.h		Windows CE OS
_wcesdk_win32_IMR_RECONVERTSTRING	IMR_RECONVERTSTRING	2.1	2.1 and later	Imm.h		Windows CE OS
_wcesdk_win32_INDEXTOOVERLAYMASK	INDEXTOOVERLAYMASK	1.0	1.0 and later	Commctrl.h		Windows CE OS
_wcesdk_win32_INDEXTOSTATEIMAGEMASK	INDEXTOSTATEIMAGEMASK	1.0	1.0 and later	Commctrl.h		Windows CE OS
_wcesdk_win32_INPUT_str	INPUT	2.0	2.0 and later	Winuser.h		Windows CE OS
_wcesdk_win32_ITEMIDLIST_str	ITEMIDLIST	1.0	1.0 and later	Shlobj.h		Windows CE OS
_wcesdk_win32_ImageList_Create	ImageList_Create	1.0	1.0 and later	Commctrl.h	Commctrl.lib, Imgctl.lib	Windows CE OS
_wcesdk_win32_ImageList_DrawIndirect	ImageList_DrawIndirect	2.0	2.0 and later	Commctrl.h	Commctrl.lib, Imgctl.lib	Windows CE OS
_wcesdk_win32_ImageList_ExtractIcon	ImageList_ExtractIcon	1.0	1.0 and later	Commctrl.h	Commctrl.lib, Imgctl.lib	Windows CE OS
_wcesdk_win32_ImageList_LoadBitmap	ImageList_LoadBitmap	1.0	1.0 and later	Commctrl.h	Commctrl.lib, Imgctl.lib	Windows CE OS
_wcesdk_win32_ImageList_Merge	ImageList_Merge	1.0	1.0 and later	Commctrl.h	Commctrl.lib, Imgctl.lib	Windows CE OS
_wcesdk_win32_ImmAssociateContext	ImmAssociateContext	2.10	2.10 and later (Japanese version 1.0 and later)	Imm.h	Coreimm.lib	Windows CE OS
_wcesdk_win32_ImmAssociateContextEx	ImmAssociateContextEx	2.10	2.10 and later	Imm.h	Coreimm.lib	Windows CE OS
_wcesdk_win32_ImmConfigureIME	ImmConfigureIME	2.10	2.10 and later	Imm.h	Coreimm.lib	Windows CE OS
_wcesdk_win32_ImmCreateContext	ImmCreateContext	2.10	2.10 and later	Imm.h	Coreimm.lib	Windows CE OS
_wcesdk_win32_ImmDestroyContext	ImmDestroyContext	2.10	2.10 and later	Imm.h	Coreimm.lib	Windows CE OS
_wcesdk_win32_ImmDisableIME	ImmDisableIME	2.10	2.10 and later	Imm.h	Coreimm.lib	Windows CE OS
_wcesdk_win32_ImmEnumRegisterWord	ImmEnumRegisterWord	2.10	2.10 and later	Imm.h	Coreimm.lib	Windows CE OS
_wcesdk_win32_ImmEscape	ImmEscape	2.10	2.10 and later	Imm.h	Coreimm.lib	Windows CE OS
_wcesdk_win32_ImmGetCandidateList	ImmGetCandidateList	2.10	2.10 and later (Japanese version 1.0 and later)	Imm.h	Coreimm.lib	Windows CE OS
_wcesdk_win32_ImmGetCandidateListCount	ImmGetCandidateListCount	2.10	2.10 and later (Japanese version 1.0 and later)	Imm.h	Coreimm.lib	Windows CE OS
_wcesdk_win32_ImmGetCandidateWindow	ImmGetCandidateWindow	2.10	2.10 and later (Japanese version 1.0 and later)	Imm.h	Coreimm.lib	Windows CE OS
_wcesdk_win32_ImmGetCompositionFont	ImmGetCompositionFont	2.10	2.10 and later	Imm.h	Coreimm.lib	Windows CE OS
_wcesdk_win32_ImmGetCompositionString	ImmGetCompositionString	2.10	2.10 and later (Japanese version 1.0 and later)	Imm.h	Coreimm.lib	Windows CE OS
_wcesdk_win32_ImmGetCompositionWindow	ImmGetCompositionWindow	2.10	2.10 and later (Japanese version 1.0 and later)	Imm.h	Coreimm.lib	Windows CE OS
_wcesdk_win32_ImmGetContext	ImmGetContext	2.10	2.10 and later (Japanese version 1.0 and later)	Imm.h	Coreimm.lib	Windows CE OS
_wcesdk_win32_ImmGetConversionList	ImmGetConversionList	2.10	2.10 and later (Japanese version 1.0 and later)	Imm.h	Coreimm.lib	Windows CE OS
_wcesdk_win32_ImmGetConversionStatus	ImmGetConversionStatus	2.10	2.10 and later (Japanese version 1.0 and later)	Imm.h	Coreimm.lib	Windows CE OS
_wcesdk_win32_ImmGetDefaultIMEWnd	ImmGetDefaultIMEWnd	2.10	2.10 and later (Japanese version 1.0 and later)	Imm.h	Coreimm.lib	Windows CE OS
_wcesdk_win32_ImmGetDescription	ImmGetDescription	2.10	2.10 and later (Japanese version 1.0 and later)	Imm.h	Coreimm.lib	Windows CE OS
_wcesdk_win32_ImmGetGuideLine	ImmGetGuideLine	2.10	2.10 and later (Japanese version 1.0 and later)	Imm.h	Coreimm.lib	Windows CE OS
_wcesdk_win32_ImmGetIMEFileName	ImmGetIMEFileName	2.10	2.10 and later	Imm.h	Coreimm.lib	Windows CE OS
_wcesdk_win32_ImmGetImeMenuItems	ImmGetImeMenuItems	2.10	2.10 and later	Imm.h	Coreimm.lib	Windows CE OS
_wcesdk_win32_ImmGetOpenStatus	ImmGetOpenStatus	2.10	2.10 and later	Imm.h	Coreimm.lib	Windows CE OS
_wcesdk_win32_ImmGetProperty	ImmGetProperty	2.10	2.10 and later (Japanese version 1.0 and later)	Imm.h	Coreimm.lib	Windows CE OS
_wcesdk_win32_ImmGetRegisterWordStyle	ImmGetRegisterWordStyle	2.10	2.10 and later	Imm.h	Coreimm.lib	Windows CE OS
_wcesdk_win32_ImmGetStatusWindowPos	ImmGetStatusWindowPos	2.10	2.10 and later	Imm.h	Coreimm.lib	Windows CE OS
_wcesdk_win32_ImmGetVirtualKey	ImmGetVirtualKey	2.10	2.10 and later	Imm.h	Coreimm.lib	Windows CE OS
_wcesdk_win32_ImmIsIME	ImmIsIME	2.10	2.10 and later	Imm.h	Coreimm.lib	Windows CE OS
_wcesdk_win32_ImmIsUIMessage	ImmIsUIMessage	2.10	2.10 and later (Japanese version 1.0 and later)	Imm.h	Coreimm.lib	Windows CE OS
_wcesdk_win32_ImmNotifyIME	ImmNotifyIME	2.10	2.10 and later (Japanese version 1.0 and later)	Imm.h	Coreimm.lib	Windows CE OS
_wcesdk_win32_ImmRegisterWord	ImmRegisterWord	2.10	2.10 and later	Imm.h	Coreimm.lib	Windows CE OS
_wcesdk_win32_ImmReleaseContext	ImmReleaseContext	2.10	2.10 and later (Japanese version 1.0 and later)	Imm.h	Coreimm.lib	Windows CE OS
_wcesdk_win32_ImmSIPanelState	ImmSIPanelState	2.0-jp	Japanese version 2.0	Imm.h	Coreimm.lib	Windows CE OS
_wcesdk_win32_ImmSetCandidateWindow	ImmSetCandidateWindow	2.10	2.10 and later (Japanese version 1.0 and later)	Imm.h	Coreimm.lib	Windows CE OS
_wcesdk_win32_ImmSetCompositionFont	ImmSetCompositionFont	2.10	2.10 and later	Imm.h	Coreimm.lib	Windows CE OS
_wcesdk_win32_ImmSetCompositionString	ImmSetCompositionString	2.10	2.10 and later (Japanese version 1.0 and later)	Imm.h	Coreimm.lib	Windows CE OS
_wcesdk_win32_ImmSetCompositionWindow	ImmSetCompositionWindow	2.10	2.10 and later (Japanese version 1.0 and later)	Imm.h	Coreimm.lib	Windows CE OS
_wcesdk_win32_ImmSetConversionStatus	ImmSetConversionStatus	2.10	2.10 and later	Imm.h	Coreimm.lib	Windows CE OS
_wcesdk_win32_ImmSetOpenStatus	ImmSetOpenStatus	2.10	2.10 and later (Japanese version 1.0 and later)	Imm.h	Coreimm.lib	Windows CE OS
_wcesdk_win32_ImmSetStatusWindowPos	ImmSetStatusWindowPos	2.10	2.10 and later	Imm.h	Coreimm.lib	Windows CE OS
_wcesdk_win32_ImmSimulateHotKey	ImmSimulateHotKey	2.10	2.10 and later (Japanese version 1.0 and later)	Imm.h	Coreimm.lib	Windows CE OS
_wcesdk_win32_ImmUnregisterWord	ImmUnregisterWord	2.10	2.10 and later	Imm.h	Coreimm.lib	Windows CE OS
_wcesdk_win32_InflateRect	InflateRect	1.0	1.0 and later	Winbase.h	Rectapi.lib	Windows CE OS
_wcesdk_win32_InternetCanonicalizeUrl	InternetCanonicalizeUrl	2.0	2.0 and later	Wininet.h	Schannel.lib	Windows CE OS
_wcesdk_win32_InternetCloseHandle	InternetCloseHandle	2.0	2.0 and later	Wininet.h	Wininet.lib	Windows CE OS
_wcesdk_win32_InternetCombineUrl	InternetCombineUrl	2.0	2.0 and later	Wininet.h	Wininet.lib	Windows CE OS
_wcesdk_win32_InternetConnect	InternetConnect	2.0	2.0 and later	Wininet.h	Wininet.lib	Windows CE OS
_wcesdk_win32_InternetCrackUrl	InternetCrackUrl	2.0	2.0 and later	Wininet.h	Wininet.lib	Windows CE OS
_wcesdk_win32_InternetCreateUrl	InternetCreateUrl	2.0	2.0 and later	Wininet.h	Wininet.lib	Windows CE OS
_wcesdk_win32_InternetFindNextFile	InternetFindNextFile	2.0	2.0 and later	Wininet.h	Wininet.lib	Windows CE OS
_wcesdk_win32_InternetGetConnectedState	InternetGetConnectedState	2.12	2.12 and later	Wininet.h	Wininet.lib	Windows CE OS
_wcesdk_win32_InternetGetLastResponseInfo	InternetGetLastResponseInfo	2.0	2.0 and later	Wininet.h	Wininet.lib	Windows CE OS
_wcesdk_win32_InternetOpen	InternetOpen	2.0	2.0 and later	Wininet.h	Wininet.lib	Windows CE OS
_wcesdk_win32_InternetOpenUrl	InternetOpenUrl	2.0	2.0 and later	Wininet.h	Wininet.lib	Windows CE OS
_wcesdk_win32_InternetQueryDataAvailable	InternetQueryDataAvailable	2.0	2.0 and later	Wininet.h	Wininet.lib	Windows CE OS
_wcesdk_win32_InternetQueryOption	InternetQueryOption	2.0	2.0 and later	Wininet.h	Wininet.lib	Windows CE OS
_wcesdk_win32_InternetReadFile	InternetReadFile	2.0	2.0 and later	Wininet.h	Wininet.lib	Windows CE OS
_wcesdk_win32_InternetSetOption	InternetSetOption	2.0	2.0 and later	Wininet.h	Wininet.lib	Windows CE OS
_wcesdk_win32_InternetSetStatusCallback	InternetSetStatusCallback	2.0	2.0 and later	Wininet.h	Wininet.lib	Windows CE OS
_wcesdk_win32_InternetTimeFromSystemTime	InternetTimeFromSystemTime	2.0	2.0 and later	Wininet.h	Wininet.lib	Windows CE OS
_wcesdk_win32_InternetTimeToSystemTime	InternetTimeToSystemTime	2.0	2.0 and later	Wininet.h	Wininet.lib	Windows CE OS
_wcesdk_win32_IntersectRect	IntersectRect	1.0	1.0 and later	Winuser.h	Rectapi.lib	Windows CE OS
_wcesdk_win32_InvalidateRect	InvalidateRect	1.0	1.0 and later	Winuser.h	Coredll.lib, Winmgr.lib	Windows CE OS
_wcesdk_win32_IsChild	IsChild	1.0	1.0 and later	Winuser.h		Windows CE OS
_wcesdk_win32_IsRectEmpty	IsRectEmpty	1.0	1.0 and later	Winuser.h	Rectapi.lib	Windows CE OS
_wcesdk_win32_IsWindow	IsWindow	1.0	1.0 and later	Winuser.h		Windows CE OS
_wcesdk_win32_IsWindowEnabled	IsWindowEnabled	1.0	1.0 and later	Winuser.h	Wmgr_c.lib	Windows CE OS
_wcesdk_win32_IsWindowVisible	IsWindowVisible	1.0	1.0 and later	Winuser.h		Windows CE OS
_wcesdk_win32_KillTimer	KillTimer	1.0	1.0 and later	Winbase.h		Windows CE OS
_wcesdk_win32_LBN_DBLCLK	LBN_DBLCLK	1.0	1.0 and later	Winuser.h		Windows CE OS
_wcesdk_win32_LBN_ERRSPACE	LBN_ERRSPACE	1.0	1.0 and later	Winuser.h		Windows CE OS
_wcesdk_win32_LBN_KILLFOCUS	LBN_KILLFOCUS	1.0	1.0 and later	Winuser.h		Windows CE OS
_wcesdk_win32_LBN_SELCANCEL	LBN_SELCANCEL	1.0	1.0 and later	Winuser.h		Windows CE OS
_wcesdk_win32_LBN_SELCHANGE	LBN_SELCHANGE	1.0	1.0 and later	Winuser.h		Windows CE OS
_wcesdk_win32_LBN_SETFOCUS	LBN_SETFOCUS	1.0	1.0 and later	Winuser.h		Windows CE OS
_wcesdk_win32_LB_ADDSTRING	LB_ADDSTRING	1.0	1.0 and later	Winuser.h		Windows CE OS
_wcesdk_win32_LB_DELETESTRING	LB_DELETESTRING	1.0	1.0 and later	Winuser.h		Windows CE OS
_wcesdk_win32_LB_FINDSTRING	LB_FINDSTRING	1.0	1.0 and later	Winuser.h		Windows CE OS
_wcesdk_win32_LB_FINDSTRINGEXACT	LB_FINDSTRINGEXACT	1.0	1.0 and later	Winuser.h		Windows CE OS
_wcesdk_win32_LB_GETANCHORINDEX	LB_GETANCHORINDEX	1.0	1.0 and later	Winuser.h		Windows CE OS
_wcesdk_win32_LB_GETCARETINDEX	LB_GETCARETINDEX	1.0	1.0 and later	Winuser.h		Windows CE OS
_wcesdk_win32_LB_GETCOUNT	LB_GETCOUNT	1.0	1.0 and later	Winuser.h		Windows CE OS
_wcesdk_win32_LB_GETCURSEL	LB_GETCURSEL	1.0	1.0 and later	Winuser.h		Windows CE OS
_wcesdk_win32_LB_GETHORIZONTALEXTENT	LB_GETHORIZONTALEXTENT	1.0	1.0 and later	Winuser.h		Windows CE OS
_wcesdk_win32_LB_GETITEMDATA	LB_GETITEMDATA	1.0	1.0 and later	Winuser.h		Windows CE OS
_wcesdk_win32_LB_GETITEMHEIGHT	LB_GETITEMHEIGHT	1.0	1.0 and later	Winuser.h		Windows CE OS
_wcesdk_win32_LB_GETITEMRECT	LB_GETITEMRECT	1.0	1.0 and later	Winuser.h		Windows CE OS
_wcesdk_win32_LB_GETLOCALE	LB_GETLOCALE	1.0	1.0 and later	Winuser.h		Windows CE OS
_wcesdk_win32_LB_GETSEL	LB_GETSEL	1.0	1.0 and later	Winuser.h		Windows CE OS
_wcesdk_win32_LB_GETSELCOUNT	LB_GETSELCOUNT	1.0	1.0 and later	Winuser.h		Windows CE OS
_wcesdk_win32_LB_GETSELITEMS	LB_GETSELITEMS	1.0	1.0 and later	Winuser.h		Windows CE OS
_wcesdk_win32_LB_GETTEXT	LB_GETTEXT	1.0	1.0 and later	Winuser.h		Windows CE OS
_wcesdk_win32_LB_GETTEXTLEN	LB_GETTEXTLEN	1.0	1.0 and later	Winuser.h		Windows CE OS
_wcesdk_win32_LB_GETTOPINDEX	LB_GETTOPINDEX	1.0	1.0 and later	Winuser.h		Windows CE OS
_wcesdk_win32_LB_INITSTORAGE	LB_INITSTORAGE	1.0	1.0 and later	Winuser.h		Windows CE OS
_wcesdk_win32_LB_INSERTSTRING	LB_INSERTSTRING	1.0	1.0 and later	Winuser.h		Windows CE OS
_wcesdk_win32_LB_ITEMFROMPOINT	LB_ITEMFROMPOINT	1.0	1.0 and later	Winuser.h		Windows CE OS
_wcesdk_win32_LB_RESETCONTENT	LB_RESETCONTENT	1.0	1.0 and later	Winuser.h		Windows CE OS
_wcesdk_win32_LB_SELECTSTRING	LB_SELECTSTRING	1.0	1.0 and later	Winuser.h		Windows CE OS
_wcesdk_win32_LB_SETANCHORINDEX	LB_SETANCHORINDEX	1.0	1.0 and later	Winuser.h		Windows CE OS
_wcesdk_win32_LB_SETCARETINDEX	LB_SETCARETINDEX	1.0	1.0 and later	Winuser.h		Windows CE OS
_wcesdk_win32_LB_SETCOLUMNWIDTH	LB_SETCOLUMNWIDTH	1.0	1.0 and later	Winuser.h		Windows CE OS
_wcesdk_win32_LB_SETCURSEL	LB_SETCURSEL	1.0	1.0 and later	Winuser.h		Windows CE OS
_wcesdk_win32_LB_SETHORIZONTALEXTENT	LB_SETHORIZONTALEXTENT	1.0	1.0 and later	Winuser.h		Windows CE OS
_wcesdk_win32_LB_SETITEMDATA	LB_SETITEMDATA	1.0	1.0 and later	Winuser.h		Windows CE OS
_wcesdk_win32_LB_SETITEMHEIGHT	LB_SETITEMHEIGHT	1.0	1.0 and later	Winuser.h		Windows CE OS
_wcesdk_win32_LB_SETLOCALE	LB_SETLOCALE	1.0	1.0 and later	Winuser.h		Windows CE OS
_wcesdk_win32_LB_SETSEL	LB_SETSEL	1.0	1.0 and later	Winuser.h		Windows CE OS
_wcesdk_win32_LB_SETTABSTOPS	LB_SETTABSTOPS	1.0	1.0 and later	Winuser.h		Windows CE OS
_wcesdk_win32_LB_SETTOPINDEX	LB_SETTOPINDEX	1.0	1.0 and later	Winuser.h		Windows CE OS
_wcesdk_win32_LOBYTE	LOBYTE	1.0	1.0 and later	Windef.h		Windows CE OS
_wcesdk_win32_LOGBRUSH_str	LOGBRUSH	2.0	2.0 and later	Wingdi.h		Windows CE OS
_wcesdk_win32_LOGFONT_str	LOGFONT	1.0	1.0 and later	Wingdi.h		Windows CE OS
_wcesdk_win32_LOGPALETTE_str	LOGPALETTE	2.0	2.0 and later	Wingdi.h		Windows CE OS
_wcesdk_win32_LOGPEN_str	LOGPEN	1.0	1.0 and later	Wingdi.h		Windows CE OS
_wcesdk_win32_LOWORD	LOWORD	1.0	1.0 and later	Windef.h		Windows CE OS
_wcesdk_win32_LVN_BEGINDRAG	LVN_BEGINDRAG	1.0	1.0 and later	Commctrl.h		Windows CE OS
_wcesdk_win32_LVN_BEGINLABELEDIT	LVN_BEGINLABELEDIT	1.0	1.0 and later	Commctrl.h		Windows CE OS
_wcesdk_win32_LVN_COLUMNCLICK	LVN_COLUMNCLICK	1.0	1.0 and later	Commctrl.h		Windows CE OS
_wcesdk_win32_LVN_DELETEALLITEMS	LVN_DELETEALLITEMS	1.0	1.0 and later	Commctrl.h		Windows CE OS
_wcesdk_win32_LVN_DELETEITEM	LVN_DELETEITEM	1.0	1.0 and later	Commctrl.h		Windows CE OS
_wcesdk_win32_LVN_ENDLABELEDIT	LVN_ENDLABELEDIT	1.0	1.0 and later	Commctrl.h		Windows CE OS
_wcesdk_win32_LVN_GETDISPINFO	LVN_GETDISPINFO	1.0	1.0 and later	Commctrl.h		Windows CE OS
_wcesdk_win32_LVN_INSERTITEM	LVN_INSERTITEM	1.0	1.0 and later	Commctrl.h		Windows CE OS
_wcesdk_win32_LVN_ITEMCHANGED	LVN_ITEMCHANGED	1.0	1.0 and later	Commctrl.h		Windows CE OS
_wcesdk_win32_LVN_ITEMCHANGING	LVN_ITEMCHANGING	1.0	1.0 and later	Commctrl.h		Windows CE OS
_wcesdk_win32_LVN_KEYDOWN	LVN_KEYDOWN	1.0	1.0 and later	Commctrl.h		Windows CE OS
_wcesdk_win32_LVN_SETDISPINFO	LVN_SETDISPINFO	1.0	1.0 and later	Commctrl.h		Windows CE OS
_wcesdk_win32_LV_DISPINFO_str	LV_DISPINFO	1.0	1.0 and later	Commctrl.h		Windows CE OS
_wcesdk_win32_LV_FINDINFO_str	LV_FINDINFO	1.0	1.0 and later	Commctrl.h		Windows CE OS
_wcesdk_win32_LoadAccelerators	LoadAccelerators	1.0	1.0 and later	Winuser.h	Accel.lib	Windows CE OS
_wcesdk_win32_LoadBitmap	LoadBitmap	1.0	1.0 and later	Winuser.h	Loadbmp.lib	Windows CE OS
_wcesdk_win32_LoadImage	LoadImage	1.0	1.0 and later	Winuser.h	Loadimg.lib	Windows CE OS
_wcesdk_win32_LoadString	LoadString	1.0	1.0 and later	Winbase.h	Loadstr.lib	Windows CE OS
_wcesdk_win32_MAKEINTRESOURCE	MAKEINTRESOURCE	1.0	1.0 and later	Winuser.h		Windows CE OS
_wcesdk_win32_MAKELANGID	MAKELANGID	1.0	1.0 and later	Winnt.h		Windows CE OS
_wcesdk_win32_MAKELCID	MAKELCID	1.0	1.0 and later	Winnt.h		Windows CE OS
_wcesdk_win32_MAKELONG	MAKELONG	1.0	1.0 and later	Windef.h		Windows CE OS
_wcesdk_win32_MAKELPARAM	MAKELPARAM	1.0	1.0 and later	Winuser.h		Windows CE OS
_wcesdk_win32_MAKELRESULT	MAKELRESULT	1.0	1.0 and later	Winuser.h		Windows CE OS
_wcesdk_win32_MAKEWORD	MAKEWORD	1.0	1.0 and later	Windef.h		Windows CE OS
_wcesdk_win32_MAKEWPARAM	MAKEWPARAM	1.0	1.0 and later	Winuser.h		Windows CE OS
_wcesdk_win32_MEASUREITEMSTRUCT_str	MEASUREITEMSTRUCT	1.0	1.0 and later	Winuser.h		Windows CE OS
_wcesdk_win32_MENUITEMINFO_str	MENUITEMINFO	1.0	1.0 and later	Winuser.h		Windows CE OS
_wcesdk_win32_MSG_str	MSG	1.0	1.0 and later	Winuser.h		Windows CE OS
_wcesdk_win32_MapVirtualKey	MapVirtualKey	1.0	1.0 and later	Winuser.h	Kbdui.lib	Windows CE OS
_wcesdk_win32_MapWindowPoints	MapWindowPoints	1.0	1.0 and later	Winuser.h	Coredll.lib, Winmgr.lib	Windows CE OS
_wcesdk_win32_MessageBeep	MessageBeep	1.0	1.0 and later	Winbase.h	Msgbeep.lib	Windows CE OS
_wcesdk_win32_MessageBox	MessageBox	1.0	1.0 and later	Winuser.h	Msgbox.lib	Windows CE OS
_wcesdk_win32_MoveWindow	MoveWindow	1.0	1.0 and later	Winuser.h		Windows CE OS
_wcesdk_win32_NEWCPLINFO_str	NEWCPLINFO	1.0	1.0 and later	Cpl.h		Windows CE OS
_wcesdk_win32_NEWTEXTMETRIC_str	NEWTEXTMETRIC	1.0	1.0 and later	Wingdi.h		Windows CE OS
_wcesdk_win32_NMHDR_str	NMHDR	1.0	1.0 and later	Winuser.h		Windows CE OS
_wcesdk_win32_NM_TREEVIEW_str	NM_TREEVIEW	1.0	1.0 and later	Commctrl.h		Windows CE OS
_wcesdk_win32_NOTIFYICONDATA_str	NOTIFYICONDATA	1.0	1.0 and later	Shellapi.h		Windows CE OS
_wcesdk_win32_NTLMDeleteUser	NTLMDeleteUser	3.0	3.0 and later	NTLMSSP.dll		Windows CE OS
_wcesdk_win32_NTLMEnumUser	NTLMEnumUser	3.0	3.0 and later	NTLMSSP.dll		Windows CE OS
_wcesdk_win32_NTLMSetUserInfo	NTLMSetUserInfo	3.0	3.0 and later	NTLMSSP.dll		Windows CE OS
_wcesdk_win32_NUMBERFMT_str	NUMBERFMT	1.0	1.0 and later	Winnls.h		Windows CE OS
_wcesdk_win32_OFNOTIFY_str	OFNOTIFY	1.0	1.0 and later	Commdlg.h		Windows CE OS
_wcesdk_win32_OPENFILENAME_str	OPENFILENAME	1.0	1.0 and later	Commdlg.h		Windows CE OS
_wcesdk_win32_OSVERSIONINFO_str	OSVERSIONINFO	1.0	1.0 and later	Winbase.h		Windows CE OS
_wcesdk_win32_OffsetRect	OffsetRect	1.0	1.0 and later	Winuser.h	Rectapi.lib	Windows CE OS
_wcesdk_win32_PAINTSTRUCT_str	PAINTSTRUCT	1.0	1.0 and later	Winuser.h		Windows CE OS
_wcesdk_win32_PALETTERGB	PALETTERGB	1.0	1.0 and later	Wingdi.h		Windows CE OS
_wcesdk_win32_PBM_DELTAPOS	PBM_DELTAPOS	1.0	1.0 and later	Commctrl.h		Windows CE OS
_wcesdk_win32_PBM_SETPOS	PBM_SETPOS	2.0	2.0 and later	Commctrl.h		Windows CE OS
_wcesdk_win32_PBM_SETRANGE	PBM_SETRANGE	1.0	1.0 and later	Commctrl.h		Windows CE OS
_wcesdk_win32_PBM_SETSTEP	PBM_SETSTEP	1.0	1.0 and later	Commctrl.h		Windows CE OS
_wcesdk_win32_PBM_STEPIT	PBM_STEPIT	1.0	1.0 and later	Commctrl.h		Windows CE OS
_wcesdk_win32_POINTSTOPOINT	POINTSTOPOINT	1.0	1.0 and later	Winuser.h		Windows CE OS
_wcesdk_win32_POINTS_str	POINTS	1.0	1.0 and later	Windef.h		Windows CE OS
_wcesdk_win32_POINT_str	POINT	1.0	1.0 and later	Windef.h		Windows CE OS
_wcesdk_win32_PRIMARYLANGID	PRIMARYLANGID	1.0	1.0 and later	Winnt.h		Windows CE OS
_wcesdk_win32_PRINTDLG_str	PRINTDLG	2.0	2.0 and 2.01	Commdlg.h		Windows CE OS
_wcesdk_win32_PROPSHEETHEADER_str	PROPSHEETHEADER	1.0	1.0 and later	Prsht.h		Windows CE OS
_wcesdk_win32_PROPSHEETPAGE_str	PROPSHEETPAGE	1.0	1.0 and later	Prsht.h		Windows CE OS
_wcesdk_win32_PSHNOTIFY_str	PSHNOTIFY	1.0	1.0 and later	Prsht.h		Windows CE OS
_wcesdk_win32_PSM_SETFINISHTEXT	PSM_SETFINISHTEXT	1.0	1.0 and later	Commctrl.h		Windows CE OS
_wcesdk_win32_PSN_APPLY	PSN_APPLY	1.0	1.0 and later	Prsht.h		Windows CE OS
_wcesdk_win32_PSN_HELP	PSN_HELP	1.0	1.0 and later	Prsht.h		Windows CE OS
_wcesdk_win32_PSN_KILLACTIVE	PSN_KILLACTIVE	1.0	1.0 and later	Prsht.h		Windows CE OS
_wcesdk_win32_PSN_QUERYCANCEL	PSN_QUERYCANCEL	1.0	1.0 and later	Prsht.h		Windows CE OS
_wcesdk_win32_PSN_RESET	PSN_RESET	1.0	1.0 and later	Prsht.h		Windows CE OS
_wcesdk_win32_PSN_SETACTIVE	PSN_SETACTIVE	1.0	1.0 and later	Prsht.h		Windows CE OS
_wcesdk_win32_PagePaintHook	PagePaintHook	2.10	2.10 and later	Commdlg.h		Windows CE OS
_wcesdk_win32_PageSetupHook	PageSetupHook	2.10	2.10 and later	Commdlg.h		Windows CE OS
_wcesdk_win32_PatBlt	PatBlt	1.0	1.0 and later	Wingdi.h	Mgblt2.lib, Mgdraw.lib	Windows CE OS
_wcesdk_win32_PeekMessage	PeekMessage	1.0	1.0 and later	Winuser.h	Msgque.lib	Windows CE OS
_wcesdk_win32_PostMessage	PostMessage	1.0	1.0 and later	Winuser.h	Msgque.lib	Windows CE OS
_wcesdk_win32_PostQuitMessage	PostQuitMessage	1.0	1.0 and later	Winuser.h	Msgque.lib	Windows CE OS
_wcesdk_win32_PostThreadMessage	PostThreadMessage	1.0	1.0 and later	Winuser.h	Coredll.lib, Msgque.lib	Windows CE OS
_wcesdk_win32_PrintDlg	PrintDlg	2.0	2.0 and 2.01	Commdlg.h	Commdlg.lib	Windows CE OS
_wcesdk_win32_PrintHookProc	PrintHookProc	2.0	2.0 and later	Commdlg.h		Windows CE OS
_wcesdk_win32_PropSheet_SetFinishText	PropSheet_SetFinishText	2.0	2.0 and later	Prsht.h		Windows CE OS
_wcesdk_win32_PropertySheet	PropertySheet	1.0	1.0 and later	Prsht.h		Windows CE OS
_wcesdk_win32_PtInRect	PtInRect	1.0	1.0 and later	Winuser.h	Rectapi.lib	Windows CE OS
_wcesdk_win32_QueryContextAttributes	QueryContextAttributes	1.0	1.0 and later	Winbase.h	Schannel.lib	Windows CE OS
_wcesdk_win32_RECONVERTSTRING_str	RECONVERTSTRING	2.11	2.11 and later	Imm.h		Windows CE OS
_wcesdk_win32_RECT_str	RECT	1.0	1.0 and later	Windef.h		Windows CE OS
_wcesdk_win32_REGISTERWORD_str	REGISTERWORD	2.12	2.12 and later	Imm.h		Windows CE OS
_wcesdk_win32_RGB	RGB	1.0	1.0 and later	Wingdi.h		Windows CE OS
_wcesdk_win32_RGBQUAD_str	RGBQUAD	1.0	1.0 and later	Wingdi.h		Windows CE OS
_wcesdk_win32_RGBTRIPLE_str	RGBTRIPLE	2.0	2.0 and later	Wingdi.h		Windows CE OS
_wcesdk_win32_RGNDATA_str	RGNDATA	1.0	1.0 and later	Wingdi.h		Windows CE OS
_wcesdk_win32_Random	Random	1.0	1.0 and later	Winbase.h	Coredll.lib	Windows CE OS
_wcesdk_win32_RegisterClass	RegisterClass	1.0	1.0 and later	Winuser.h		Windows CE OS
_wcesdk_win32_RegisterWindowMessage	RegisterWindowMessage	2.0	2.0 and later	Winuser.h		Windows CE OS
_wcesdk_win32_ReleaseDC	ReleaseDC	1.0	1.0 and later	Winuser.h	Coredll.lib, Winmgr.lib	Windows CE OS
_wcesdk_win32_ReleaseSemaphore	ReleaseSemaphore	3.0	3.0 and later	Winbase.h		Windows CE OS
_wcesdk_win32_SBM_GETPOS	SBM_GETPOS	2.0	2.0 and later	Commctrl.h		Windows CE OS
_wcesdk_win32_SBM_GETRANGE	SBM_GETRANGE	2.0	2.0 and later	Commctrl.h		Windows CE OS
_wcesdk_win32_SBM_GETSCROLLINFO	SBM_GETSCROLLINFO	1.0	1.0 and later	Commctrl.h		Windows CE OS
_wcesdk_win32_SBM_SETPOS	SBM_SETPOS	2.0	2.0 and later	Commctrl.h		Windows CE OS
_wcesdk_win32_SBM_SETRANGE	SBM_SETRANGE	2.0	2.0 and later	Commctrl.h		Windows CE OS
_wcesdk_win32_SBM_SETRANGEREDRAW	SBM_SETRANGEREDRAW	2.0	2.0 and later	Commctrl.h		Windows CE OS
_wcesdk_win32_SBM_SETSCROLLINFO	SBM_SETSCROLLINFO	1.0	1.0 and later	Commctrl.h		Windows CE OS
_wcesdk_win32_SB_GETBORDERS	SB_GETBORDERS	1.0	1.0 and later	Commctrl.h		Windows CE OS
_wcesdk_win32_SB_GETPARTS	SB_GETPARTS	1.0	1.0 and later	Commctrl.h		Windows CE OS
_wcesdk_win32_SB_GETRECT	SB_GETRECT	1.0	1.0 and later	Commctrl.h		Windows CE OS
_wcesdk_win32_SB_GETTEXT	SB_GETTEXT	1.0	1.0 and later	Commctrl.h		Windows CE OS
_wcesdk_win32_SB_GETTEXTLENGTH	SB_GETTEXTLENGTH	1.0	1.0 and later	Commctrl.h		Windows CE OS
_wcesdk_win32_SB_SETMINHEIGHT	SB_SETMINHEIGHT	1.0	1.0 and later	Commctrl.h		Windows CE OS
_wcesdk_win32_SB_SETPARTS	SB_SETPARTS	1.0	1.0 and later	Commctrl.h		Windows CE OS
_wcesdk_win32_SB_SETTEXT	SB_SETTEXT	1.0	1.0 and later	Commctrl.h		Windows CE OS
_wcesdk_win32_SB_SIMPLE	SB_SIMPLE	1.0	1.0 and later	Commctrl.h		Windows CE OS
_wcesdk_win32_SCROLLINFO_str	SCROLLINFO	1.0	1.0 and later	Winuser.h		Windows CE OS
_wcesdk_win32_SELITEMRANGE	LB_SELITEMRANGE	1.0	1.0 and later	Winuser.h		Windows CE OS
_wcesdk_win32_SELITEMRANGEEX	LB_SELITEMRANGEEX	1.0	1.0 and later	Winuser.h		Windows CE OS
_wcesdk_win32_SETHORIZONTALEXTENT	CB_SETHORIZONTALEXTENT	1.0	1.0 and later	Winuser.h		Windows CE OS
_wcesdk_win32_SETLIMITTEXT	EM_SETLIMITTEXT	1.0	1.0 and later	Winuser.h		Windows CE OS
_wcesdk_win32_SETTOPINDEX	CB_SETTOPINDEX	1.0	1.0 and later	Winuser.h		Windows CE OS
_wcesdk_win32_SHELLEXECUTEINFO_str	SHELLEXECUTEINFO	1.0	1.0 and later	Shellapi.h		Windows CE OS
_wcesdk_win32_SHFILEINFO_str	SHFILEINFO	1.0	1.0 and later	Shellapi.h		Windows CE OS
_wcesdk_win32_SHGetSpecialFolderLocation	SHGetSpecialFolderLocation	1.0	1.0 and 2.12	Shlobj.h		Windows CE OS
_wcesdk_win32_SIZE_str	SIZE	1.0	1.0 and later	Windef.h		Windows CE OS
_wcesdk_win32_STM_GETIMAGE	STM_GETIMAGE	1.0	1.0 and later	Commctrl.h		Windows CE OS
_wcesdk_win32_STM_SETIMAGE	STM_SETIMAGE	1.0	1.0 and later	Commctrl.h		Windows CE OS
_wcesdk_win32_STN_CLICKED	STN_CLICKED	1.0	1.0 and later	Commctrl.h		Windows CE OS
_wcesdk_win32_STN_DISABLE	STN_DISABLE	1.0	1.0 and later	Commctrl.h		Windows CE OS
_wcesdk_win32_STN_ENABLE	STN_ENABLE	2.0	2.0 and later	Commctrl.h		Windows CE OS
_wcesdk_win32_STYLEBUF_str	STYLEBUF	2.10	2.10 and later	Imm.h		Windows CE OS
_wcesdk_win32_STYLESTRUCT_str	STYLESTRUCT	1.0	1.0 and later	Winuser.h		Windows CE OS
_wcesdk_win32_SUBLANGID	SUBLANGID	1.0	1.0 and later	Winnt.h		Windows CE OS
_wcesdk_win32_SYSTEM_INFO_str	SYSTEM_INFO	1.0	1.0 and later	Winbase.h		Windows CE OS
_wcesdk_win32_ScreenToClient	ScreenToClient	1.0	1.0 and later	Winuser.h	Coredll.lib, Winmgr.lib	Windows CE OS
_wcesdk_win32_ScrollWindowEx	ScrollWindowEx	1.0	1.0 and later	Winuser.h	Coredll.lib, Winmgr.lib	Windows CE OS
_wcesdk_win32_SendInput	SendInput	2.0	2.0 and later	Winuser.h	Wmgr_c.lib, Uibase.lib	Windows CE OS
_wcesdk_win32_SendMessage	SendMessage	1.0	1.0 and later	Winuser.h	Msgque.lib	Windows CE OS
_wcesdk_win32_SendNotifyMessage	SendNotifyMessage	1.0	1.0 and later	Winuser.h	Msgque.lib	Windows CE OS
_wcesdk_win32_SetClassLong	SetClassLong	1.0	1.0 and later	Winuser.h		Windows CE OS
_wcesdk_win32_SetForegroundWindow	SetForegroundWindow	1.0	1.0 and later	Winuser.h		Windows CE OS
_wcesdk_win32_SetParent	SetParent	1.0	1.0 and later	Winuser.h		Windows CE OS
_wcesdk_win32_SetRect	SetRect	1.0	1.0 and later	Winbase.h	Rectapi.lib	Windows CE OS
_wcesdk_win32_SetRectEmpty	SetRectEmpty	1.0	1.0 and later	Winuser.h	Rectapi.lib	Windows CE OS
_wcesdk_win32_SetSysColors	SetSysColors	2.0	2.0 and later	Winuser.h	Winmgr.lib	Windows CE OS
_wcesdk_win32_SetTimer	SetTimer	2.0	2.0 and later	Winuser.h		Windows CE OS
_wcesdk_win32_SetWindowLong	SetWindowLong	1.0	1.0 and later	Winuser.h		Windows CE OS
_wcesdk_win32_SetWindowPos	SetWindowPos	1.0	1.0 and later	Winuser.h		Windows CE OS
_wcesdk_win32_SetWindowRgn	SetWindowRgn	2.12	2.12 and later	Winuser.h	Winmgr.lib	Windows CE OS
_wcesdk_win32_SetWindowText	SetWindowText	1.0	1.0 and later	Winuser.h		Windows CE OS
_wcesdk_win32_ShowWindow	ShowWindow	1.0	1.0 and later	Winuser.h		Windows CE OS
_wcesdk_win32_StringFileInfo_str	StringFileInfo	3.0	3.0 and later			Windows CE OS
_wcesdk_win32_StringTable_str	StringTable	3.0	3.0 and later			Windows CE OS
_wcesdk_win32_String_str	String	3.0	3.0 and later			Windows CE OS
_wcesdk_win32_SubtractRect	SubtractRect	2.0	2.0 and later	Winuser.h	Rectapi.lib	Windows CE OS
_wcesdk_win32_TBADDBITMAP_str	TBADDBITMAP	2.10	2.10 and later	Commctrl.h		Windows CE OS
_wcesdk_win32_TBBUTTON_str	TBBUTTON	1.0	1.0 and later	Commctrl.h		Windows CE OS
_wcesdk_win32_TBM_CLEARSEL	TBM_CLEARSEL	1.0	1.0 and later	Commctrl.h		Windows CE OS
_wcesdk_win32_TBM_CLEARTICS	TBM_CLEARTICS	1.0	1.0 and later	Commctrl.h		Windows CE OS
_wcesdk_win32_TBM_GETCHANNELRECT	TBM_GETCHANNELRECT	1.0	1.0 and later	Commctrl.h		Windows CE OS
_wcesdk_win32_TBM_GETLINESIZE	TBM_GETLINESIZE	1.0	1.0 and later	Commctrl.h		Windows CE OS
_wcesdk_win32_TBM_GETNUMTICS	TBM_GETNUMTICS	1.0	1.0 and later	Commctrl.h		Windows CE OS
_wcesdk_win32_TBM_GETPAGESIZE	TBM_GETPAGESIZE	1.0	1.0 and later	Commctrl.h		Windows CE OS
_wcesdk_win32_TBM_GETPOS	TBM_GETPOS	1.0	1.0 and later	Commctrl.h		Windows CE OS
_wcesdk_win32_TBM_GETPTICS	TBM_GETPTICS	1.0	1.0 and later	Commctrl.h		Windows CE OS
_wcesdk_win32_TBM_GETRANGEMAX	TBM_GETRANGEMAX	1.0	1.0 and later	Commctrl.h		Windows CE OS
_wcesdk_win32_TBM_GETRANGEMIN	TBM_GETRANGEMIN	1.0	1.0 and later	Commctrl.h		Windows CE OS
_wcesdk_win32_TBM_GETSELEND	TBM_GETSELEND	1.0	1.0 and later	Commctrl.h		Windows CE OS
_wcesdk_win32_TBM_GETSELSTART	TBM_GETSELSTART	1.0	1.0 and later	Commctrl.h		Windows CE OS
_wcesdk_win32_TBM_GETTHUMBLENGTH	TBM_GETTHUMBLENGTH	1.0	1.0 and later	Commctrl.h		Windows CE OS
_wcesdk_win32_TBM_GETTHUMBRECT	TBM_GETTHUMBRECT	1.0	1.0 and later	Commctrl.h		Windows CE OS
_wcesdk_win32_TBM_GETTIC	TBM_GETTIC	1.0	1.0 and later	Commctrl.h		Windows CE OS
_wcesdk_win32_TBM_GETTICPOS	TBM_GETTICPOS	1.0	1.0 and later	Commctrl.h		Windows CE OS
_wcesdk_win32_TBM_SETLINESIZE	TBM_SETLINESIZE	1.0	1.0 and later	Commctrl.h		Windows CE OS
_wcesdk_win32_TBM_SETPAGESIZE	TBM_SETPAGESIZE	1.0	1.0 and later	Commctrl.h		Windows CE OS
_wcesdk_win32_TBM_SETPOS	TBM_SETPOS	1.0	1.0 and later	Commctrl.h		Windows CE OS
_wcesdk_win32_TBM_SETRANGE	TBM_SETRANGE	1.0	1.0 and later	Commctrl.h		Windows CE OS
_wcesdk_win32_TBM_SETRANGEMAX	TBM_SETRANGEMAX	1.0	1.0 and later	Commctrl.h		Windows CE OS
_wcesdk_win32_TBM_SETRANGEMIN	TBM_SETRANGEMIN	1.0	1.0 and later	Commctrl.h		Windows CE OS
_wcesdk_win32_TBM_SETSEL	TBM_SETSEL	1.0	1.0 and later	Commctrl.h		Windows CE OS
_wcesdk_win32_TBM_SETSELEND	TBM_SETSELEND	1.0	1.0 and later	Commctrl.h		Windows CE OS
_wcesdk_win32_TBM_SETSELSTART	TBM_SETSELSTART	1.0	1.0 and later	Commctrl.h		Windows CE OS
_wcesdk_win32_TBM_SETTHUMBLENGTH	TBM_SETTHUMBLENGTH	1.0	1.0 and later	Commctrl.h		Windows CE OS
_wcesdk_win32_TBM_SETTIC	TBM_SETTIC	1.0	1.0 and later	Commctrl.h		Windows CE OS
_wcesdk_win32_TBM_SETTICFREQ	TBM_SETTICFREQ	1.0	1.0 and later	Commctrl.h		Windows CE OS
_wcesdk_win32_TBN_BEGINDRAG	TBN_BEGINDRAG	1.0	1.0 and later	Commctrl.h		Windows CE OS
_wcesdk_win32_TBN_ENDDRAG	TBN_ENDDRAG	1.0	1.0 and later	Commctrl.h		Windows CE OS
_wcesdk_win32_TBN_GETBUTTONINFO	TBN_GETBUTTONINFO	1.0	1.0 and later	Commctrl.h		Windows CE OS
_wcesdk_win32_TB_ADDBITMAP	TB_ADDBITMAP	1.0	1.0 and later	Commctrl.h		Windows CE OS
_wcesdk_win32_TB_ADDBUTTONS	TB_ADDBUTTONS	1.0	1.0 and later	Commctrl.h		Windows CE OS
_wcesdk_win32_TB_ADDSTRING	TB_ADDSTRING	1.0	1.0 and later	Commctrl.h		Windows CE OS
_wcesdk_win32_TB_AUTOSIZE	TB_AUTOSIZE	1.0	1.0 and later	Commctrl.h		Windows CE OS
_wcesdk_win32_TB_BUTTONCOUNT	TB_BUTTONCOUNT	1.0	1.0 and later	Commctrl.h		Windows CE OS
_wcesdk_win32_TB_BUTTONSTRUCTSIZE	TB_BUTTONSTRUCTSIZE	1.0	1.0 and later	Commctrl.h		Windows CE OS
_wcesdk_win32_TB_CHANGEBITMAP	TB_CHANGEBITMAP	1.0	1.0 and later	Commctrl.h		Windows CE OS
_wcesdk_win32_TB_CHECKBUTTON	TB_CHECKBUTTON	1.0	1.0 and later	Commctrl.h		Windows CE OS
_wcesdk_win32_TB_COMMANDTOINDEX	TB_COMMANDTOINDEX	1.0	1.0 and later	Commctrl.h		Windows CE OS
_wcesdk_win32_TB_DELETEBUTTON	TB_DELETEBUTTON	1.0	1.0 and later	Commctrl.h		Windows CE OS
_wcesdk_win32_TB_ENABLEBUTTON	TB_ENABLEBUTTON	1.0	1.0 and later	Commctrl.h		Windows CE OS
_wcesdk_win32_TB_GETBITMAP	TB_GETBITMAP	1.0	1.0 and later	Commctrl.h		Windows CE OS
_wcesdk_win32_TB_GETBITMAPFLAGS	TB_GETBITMAPFLAGS	1.0	1.0 and later	Commctrl.h		Windows CE OS
_wcesdk_win32_TB_GETBUTTON	TB_GETBUTTON	1.0	1.0 and later	Commctrl.h		Windows CE OS
_wcesdk_win32_TB_GETBUTTONTEXT	TB_GETBUTTONTEXT	1.0	1.0 and later	Commctrl.h		Windows CE OS
_wcesdk_win32_TB_GETITEMRECT	TB_GETITEMRECT	1.0	1.0 and later	Commctrl.h		Windows CE OS
_wcesdk_win32_TB_GETROWS	TB_GETROWS	1.0	1.0 and later	Commctrl.h		Windows CE OS
_wcesdk_win32_TB_GETSTATE	TB_GETSTATE	1.0	1.0 and later	Commctrl.h		Windows CE OS
_wcesdk_win32_TB_GETTOOLTIPS	TB_GETTOOLTIPS	1.0	1.0 and later	Commctrl.h		Windows CE OS
_wcesdk_win32_TB_HIDEBUTTON	TB_HIDEBUTTON	1.0	1.0 and later	Commctrl.h		Windows CE OS
_wcesdk_win32_TB_INDETERMINATE	TB_INDETERMINATE	1.0	1.0 and later	Commctrl.h		Windows CE OS
_wcesdk_win32_TB_INSERTBUTTON	TB_INSERTBUTTON	1.0	1.0 and later	Commctrl.h		Windows CE OS
_wcesdk_win32_TB_ISBUTTONCHECKED	TB_ISBUTTONCHECKED	1.0	1.0 and later	Commctrl.h		Windows CE OS
_wcesdk_win32_TB_ISBUTTONENABLED	TB_ISBUTTONENABLED	1.0	1.0 and later	Commctrl.h		Windows CE OS
_wcesdk_win32_TB_ISBUTTONHIDDEN	TB_ISBUTTONHIDDEN	1.0	1.0 and later	Commctrl.h		Windows CE OS
_wcesdk_win32_TB_ISBUTTONINDETERMINATE	TB_ISBUTTONINDETERMINATE	1.0	1.0 and later	Commctrl.h		Windows CE OS
_wcesdk_win32_TB_ISBUTTONPRESSED	TB_ISBUTTONPRESSED	1.0	1.0 and later	Commctrl.h		Windows CE OS
_wcesdk_win32_TB_PRESSBUTTON	TB_PRESSBUTTON	1.0	1.0 and later	Commctrl.h		Windows CE OS
_wcesdk_win32_TB_SETBITMAPSIZE	TB_SETBITMAPSIZE	1.0	1.0 and later	Commctrl.h		Windows CE OS
_wcesdk_win32_TB_SETBUTTONSIZE	TB_SETBUTTONSIZE	1.0	1.0 and later	Commctrl.h		Windows CE OS
_wcesdk_win32_TB_SETCMDID	TB_SETCMDID	1.0	1.0 and later	Commctrl.h		Windows CE OS
_wcesdk_win32_TB_SETPARENT	TB_SETPARENT	1.0	1.0 and later	Commctrl.h		Windows CE OS
_wcesdk_win32_TB_SETROWS	TB_SETROWS	2.0	2.0 and later	Commctrl.h		Windows CE OS
_wcesdk_win32_TB_SETSTATE	TB_SETSTATE	2.0	2.0 and later	Commctrl.h		Windows CE OS
_wcesdk_win32_TB_SETTOOLTIPS	TB_SETTOOLTIPS	1.0	1.0 and later	Commctrl.h		Windows CE OS
_wcesdk_win32_TCHITTESTINFO_str	TCHITTESTINFO	2.0	2.0 and later	Commctrl.h		Windows CE OS
_wcesdk_win32_TCITEMHEADER_str	TCITEMHEADER	2.0	2.0 and later	Commctrl.h		Windows CE OS
_wcesdk_win32_TCITEM_str	TCITEM	2.0	2.0 and later	Commctrl.h		Windows CE OS
_wcesdk_win32_TCN_KEYDOWN	TCN_KEYDOWN	1.0	1.0 and later	Commctrl.h		Windows CE OS
_wcesdk_win32_TCN_SELCHANGE	TCN_SELCHANGE	1.0	1.0 and later	Commctrl.h		Windows CE OS
_wcesdk_win32_TCN_SELCHANGING	TCN_SELCHANGING	1.0	1.0 and later	Commctrl.h		Windows CE OS
_wcesdk_win32_TEXTMETRIC_str	TEXTMETRIC	1.0	1.0 and later	Wingdi.h		Windows CE OS
_wcesdk_win32_TPMPARAMS_str	TPMPARAMS	1.0	1.0 and later	Winuser.h		Windows CE OS
_wcesdk_win32_TVHITTESTINFO_str	TVHITTESTINFO	2.0	2.0 and later	Commctrl.h		Windows CE OS
_wcesdk_win32_TVINSERTSTRUCT_str	TVINSERTSTRUCT	2.0	2.0 and later	Commctrl.h		Windows CE OS
_wcesdk_win32_TVITEM_str	TVITEM	2.0	2.0 and later	Commctrl.h		Windows CE OS
_wcesdk_win32_TVN_BEGINDRAG	TVN_BEGINDRAG	1.0	1.0 and later	Commctrl.h		Windows CE OS
_wcesdk_win32_TVN_BEGINLABELEDIT	TVN_BEGINLABELEDIT	1.0	1.0 and later	Commctrl.h		Windows CE OS
_wcesdk_win32_TVN_DELETEITEM	TVN_DELETEITEM	1.0	1.0 and later	Commctrl.h		Windows CE OS
_wcesdk_win32_TVN_ENDLABELEDIT	TVN_ENDLABELEDIT	1.0	1.0 and later	Commctrl.h		Windows CE OS
_wcesdk_win32_TVN_GETDISPINFO	TVN_GETDISPINFO	1.0	1.0 and later	Commctrl.h		Windows CE OS
_wcesdk_win32_TVN_ITEMEXPANDED	TVN_ITEMEXPANDED	1.0	1.0 and later	Commctrl.h		Windows CE OS
_wcesdk_win32_TVN_ITEMEXPANDING	TVN_ITEMEXPANDING	1.0	1.0 and later	Commctrl.h		Windows CE OS
_wcesdk_win32_TVN_KEYDOWN	TVN_KEYDOWN	1.0	1.0 and later	Commctrl.h		Windows CE OS
_wcesdk_win32_TVN_SELCHANGED	TVN_SELCHANGED	1.0	1.0 and later	Commctrl.h		Windows CE OS
_wcesdk_win32_TVN_SELCHANGING	TVN_SELCHANGING	1.0	1.0 and later	Commctrl.h		Windows CE OS
_wcesdk_win32_TVN_SETDISPINFO	TVN_SETDISPINFO	1.0	1.0 and later	Commctrl.h		Windows CE OS
_wcesdk_win32_TVSORTCB_str	TVSORTCB	2.0	2.0 and later	Commctrl.h		Windows CE OS
_wcesdk_win32_TV_DISPINFO_str	TV_DISPINFO	1.0	1.0 and later	Commctrl.h		Windows CE OS
_wcesdk_win32_TV_HITTESTINFO_str	TV_HITTESTINFO	1.0	1.0 and later	Commctrl.h		Windows CE OS
_wcesdk_win32_TV_INSERTSTRUCT_str	TV_INSERTSTRUCT	1.0	1.0 and later	Commctrl.h		Windows CE OS
_wcesdk_win32_TV_ITEM_str	TV_ITEM	1.0	1.0 and later	Commctrl.h		Windows CE OS
_wcesdk_win32_TV_KEYDOWN_str	TV_KEYDOWN	1.0	1.0 and later	Commctrl.h		Windows CE OS
_wcesdk_win32_TV_SORTCB_str	TV_SORTCB	1.0	1.0 and later	Commctrl.h		Windows CE OS
_wcesdk_win32_TabCtrl_AdjustRect	TabCtrl_AdjustRect	1.0	1.0 and later	Commctrl.h		Windows CE OS
_wcesdk_win32_TranslateAccelerator	TranslateAccelerator	1.0	1.0 and later	Winuser.h	Accel.lib	Windows CE OS
_wcesdk_win32_TranslateMessage	TranslateMessage	1.0	1.0 and later	Winuser.h	Msgque.lib	Windows CE OS
_wcesdk_win32_TransparentImage	TransparentImage	2.0	2.0 and later	Wingdi.h	Mgblt2.lib	Windows CE OS
_wcesdk_win32_TryEnterCriticalSection	TryEnterCriticalSection	3.0	3.0 and later	Winbase.h		Windows CE OS
_wcesdk_win32_UDACCEL_str	UDACCEL	1.0	1.0 and later	Commctrl.h		Windows CE OS
_wcesdk_win32_UDM_GETACCEL	UDM_GETACCEL	1.0	1.0 and later	Commctrl.h		Windows CE OS
_wcesdk_win32_UDM_GETBASE	UDM_GETBASE	1.0	1.0 and later	Commctrl.h		Windows CE OS
_wcesdk_win32_UDM_GETBUDDY	UDM_GETBUDDY	1.0	1.0 and later	Commctrl.h		Windows CE OS
_wcesdk_win32_UDM_GETPOS	UDM_GETPOS	1.0	1.0 and later	Commctrl.h		Windows CE OS
_wcesdk_win32_UDM_GETRANGE	UDM_GETRANGE	1.0	1.0 and later	Commctrl.h		Windows CE OS
_wcesdk_win32_UDM_SETACCEL	UDM_SETACCEL	1.0	1.0 and later	Commctrl.h		Windows CE OS
_wcesdk_win32_UDM_SETBASE	UDM_SETBASE	1.0	1.0 and later	Commctrl.h		Windows CE OS
_wcesdk_win32_UDM_SETBUDDY	UDM_SETBUDDY	1.0	1.0 and later	Commctrl.h		Windows CE OS
_wcesdk_win32_UDM_SETPOS	UDM_SETPOS	1.0	1.0 and later	Commctrl.h		Windows CE OS
_wcesdk_win32_UDM_SETRANGE	UDM_SETRANGE	1.0	1.0 and later	Commctrl.h		Windows CE OS
_wcesdk_win32_UDN_DELTAPOS	UDN_DELTAPOS	1.0	1.0 and later	Commctrl.h		Windows CE OS
_wcesdk_win32_ULARGE_INTEGER_str	ULARGE_INTEGER	1.0	1.0 and later	Wtype.h		Windows CE OS
_wcesdk_win32_UnionRect	UnionRect	1.0	1.0 and later	Winuser.h	Rectapi.lib	Windows CE OS
_wcesdk_win32_UnregisterClass	UnregisterClass	1.0	1.0 and later	Winuser.h		Windows CE OS
_wcesdk_win32_UnregisterHotKey	UnregisterHotKey	2.0	2.0 and later	Winuser.h		Windows CE OS
_wcesdk_win32_UpdateWindow	UpdateWindow	1.0	1.0 and later	Winuser.h	Coredll.lib, Winmgr.lib	Windows CE OS
_wcesdk_win32_VS_FIXEDFILEINFO_str	VS_FIXEDFILEINFO	3.0	3.0 and later	Winbase.h		Windows CE OS
_wcesdk_win32_VS_VERSIONINFO_str	VS_VERSIONINFO	3.0	3.0 and later			Windows CE OS
_wcesdk_win32_ValidateRect	ValidateRect	1.0	1.0 and later	Winuser.h	Coredll.lib, Winmgr.lib	Windows CE OS
_wcesdk_win32_VarFileInfo_str	VarFileInfo	3.0	3.0 and later			Windows CE OS
_wcesdk_win32_Var_str	Var	3.0	3.0 and later			Windows CE OS
_wcesdk_win32_VerQueryValue	VerQueryValue	3.0	3.0 and later	Winbase.h		Windows CE OS
_wcesdk_win32_WIN32_FIND_DATA_str	WIN32_FIND_DATA	1.0	1.0 and later	Winbase.h		Windows CE OS
_wcesdk_win32_WINDOWPOS_str	WINDOWPOS	1.0	1.0 and later	Winuser.h		Windows CE OS
_wcesdk_win32_WM_ACTIVATE	WM_ACTIVATE	1.0	1.0 and later	Winuser.h		Windows CE OS
_wcesdk_win32_WM_APP	WM_APP	1.0	1.0 and later	Winuser.h		Windows CE OS
_wcesdk_win32_WM_CANCELMODE	WM_CANCELMODE	1.0	1.0 and later	Winuser.h		Windows CE OS
_wcesdk_win32_WM_CHAR	WM_CHAR	1.0	1.0 and later	Winuser.h		Windows CE OS
_wcesdk_win32_WM_CLEAR	WM_CLEAR	1.0	1.0 and later	Winuser.h		Windows CE OS
_wcesdk_win32_WM_CLOSE	WM_CLOSE	1.0	1.0 and later	Winuser.h		Windows CE OS
_wcesdk_win32_WM_COMMAND	WM_COMMAND	1.0	1.0 and later	Winuser.h		Windows CE OS
_wcesdk_win32_WM_COPY	WM_COPY	1.0	1.0 and later	Winuser.h		Windows CE OS
_wcesdk_win32_WM_COPYDATA	WM_COPYDATA	1.0	1.0 and later	Winuser.h		Windows CE OS
_wcesdk_win32_WM_CREATE	WM_CREATE	1.0	1.0 and later	Winuser.h		Windows CE OS
_wcesdk_win32_WM_CTLCOLORBTN	WM_CTLCOLORBTN	2.0	2.0 and later	Winuser.h		Windows CE OS
_wcesdk_win32_WM_CTLCOLORDLG	WM_CTLCOLORDLG	1.0	1.0 and later	Winuser.h		Windows CE OS
_wcesdk_win32_WM_CTLCOLOREDIT	WM_CTLCOLOREDIT	2.0	2.0 and later	Winuser.h		Windows CE OS
_wcesdk_win32_WM_CTLCOLORLISTBOX	WM_CTLCOLORLISTBOX	2.0	2.0 and later	Winuser.h		Windows CE OS
_wcesdk_win32_WM_CTLCOLORSCROLLBAR	WM_CTLCOLORSCROLLBAR	2.0	2.0 and later	Winuser.h		Windows CE OS
_wcesdk_win32_WM_CTLCOLORSTATIC	WM_CTLCOLORSTATIC	2.0	2.0 and later	Winuser.h		Windows CE OS
_wcesdk_win32_WM_CUT	WM_CUT	1.0	1.0 and later	Winuser.h		Windows CE OS
_wcesdk_win32_WM_DELETEITEM	WM_DELETEITEM	1.0	1.0 and later	Winuser.h		Windows CE OS
_wcesdk_win32_WM_DESTROY	WM_DESTROY	1.0	1.0 and later	Winuser.h		Windows CE OS
_wcesdk_win32_WM_DRAWITEM	WM_DRAWITEM	1.0	1.0 and later	Winuser.h		Windows CE OS
_wcesdk_win32_WM_ENABLE	WM_ENABLE	1.0	1.0 and later	Winuser.h		Windows CE OS
_wcesdk_win32_WM_ENTERMENULOOP	WM_ENTERMENULOOP	1.0	1.0 and later	Winuser.h		Windows CE OS
_wcesdk_win32_WM_EXITMENULOOP	WM_EXITMENULOOP	1.0	1.0 and later	Winuser.h		Windows CE OS
_wcesdk_win32_WM_FONTCHANGE	WM_FONTCHANGE	1.0	1.0 and later	Winuser.h		Windows CE OS
_wcesdk_win32_WM_GETDLGCODE	WM_GETDLGCODE	1.0	1.0 and later	Winuser.h		Windows CE OS
_wcesdk_win32_WM_GETFONT	WM_GETFONT	1.0	1.0 and later	Winuser.h		Windows CE OS
_wcesdk_win32_WM_GETTEXT	WM_GETTEXT	1.0	1.0 and later	Winuser.h		Windows CE OS
_wcesdk_win32_WM_GETTEXTLENGTH	WM_GETTEXTLENGTH	1.0	1.0 and later	Winuser.h		Windows CE OS
_wcesdk_win32_WM_HELP	WM_HELP	1.0	1.0 and later	Winuser.h		Windows CE OS
_wcesdk_win32_WM_HOTKEY	WM_HOTKEY	2.0	2.0 and later	Winuser.h		Windows CE OS
_wcesdk_win32_WM_HSCROLL	WM_HSCROLL	1.0	1.0 and later	Winuser.h		Windows CE OS
_wcesdk_win32_WM_IME_CHAR	WM_IME_CHAR	2.1	2.1 and later	Imm.h		Windows CE OS
_wcesdk_win32_WM_IME_COMPOSITION	WM_IME_COMPOSITION	2.1	2.1 and later (Japanese version 1.0 and later)	Imm.h		Windows CE OS
_wcesdk_win32_WM_IME_COMPOSITIONFULL	WM_IME_COMPOSITIONFULL	2.10	2.10 and later	Imm.h		Windows CE OS
_wcesdk_win32_WM_IME_CONTROL	WM_IME_CONTROL	2.1	2.1 and later	Imm.h		Windows CE OS
_wcesdk_win32_WM_IME_ENDCOMPOSITION	WM_IME_ENDCOMPOSITION	2.1	2.1 and later (Japanese version 1.0 and later)	Imm.h		Windows CE OS
_wcesdk_win32_WM_IME_KEYDOWN	WM_IME_KEYDOWN	2.1	2.1 and later (Japanese version 1.0 and later)	Imm.h		Windows CE OS
_wcesdk_win32_WM_IME_KEYUP	WM_IME_KEYUP	2.1	2.1 and later (Japanese version 1.0 and later)	Imm.h		Windows CE OS
_wcesdk_win32_WM_IME_NOTIFY	WM_IME_NOTIFY	2.1	2.1 and later (Japanese version 1.0 and later)	Imm.h		Windows CE OS
_wcesdk_win32_WM_IME_REQUEST	WM_IME_REQUEST	2.1	2.1 and later	Imm.h		Windows CE OS
_wcesdk_win32_WM_IME_SELECT	WM_IME_SELECT	2.1	2.1 and later	Imm.h		Windows CE OS
_wcesdk_win32_WM_IME_SETCONTEXT	WM_IME_SETCONTEXT	2.1	2.1 and later (Japanese version 1.0 and later)	Imm.h		Windows CE OS
_wcesdk_win32_WM_IME_STARTCOMPOSITION	WM_IME_STARTCOMPOSITION	2.1	2.1 and later (Japanese version 1.0 and later)	Imm.h		Windows CE OS
_wcesdk_win32_WM_INITDIALOG	WM_INITDIALOG	1.0	1.0 and later	Winuser.h		Windows CE OS
_wcesdk_win32_WM_INITMENUPOPUP	WM_INITMENUPOPUP	1.0	1.0 and later	Winuser.h		Windows CE OS
_wcesdk_win32_WM_KEYDOWN	WM_KEYDOWN	1.0	1.0 and later	Winuser.h		Windows CE OS
_wcesdk_win32_WM_KEYUP	WM_KEYUP	1.0	1.0 and later	Winuser.h		Windows CE OS
_wcesdk_win32_WM_KILLFOCUS	WM_KILLFOCUS	1.0	1.0 and later	Winuser.h		Windows CE OS
_wcesdk_win32_WM_MEASUREITEM	WM_MEASUREITEM	1.0	1.0 and later	Winuser.h		Windows CE OS
_wcesdk_win32_WM_MENUCHAR	WM_MENUCHAR	1.0	1.0 and later	Winuser.h		Windows CE OS
_wcesdk_win32_WM_MOVE	WM_MOVE	1.0	1.0 and later	Winuser.h		Windows CE OS
_wcesdk_win32_WM_NEXTDLGCTL	WM_NEXTDLGCTL	1.0	1.0 and later	Winuser.h		Windows CE OS
_wcesdk_win32_WM_NOTIFY	WM_NOTIFY	1.0	1.0 and later	Winuser.h		Windows CE OS
_wcesdk_win32_WM_PAINT	WM_PAINT	1.0	1.0 and later	Winuser.h		Windows CE OS
_wcesdk_win32_WM_PALETTECHANGED	WM_PALETTECHANGED	2.0	2.0 and later	Winuser.h		Windows CE OS
_wcesdk_win32_WM_PASTE	WM_PASTE	1.0	1.0 and later	Winuser.h		Windows CE OS
_wcesdk_win32_WM_QUERYNEWPALETTE	WM_QUERYNEWPALETTE	2.0	2.0 and later	Winuser.h		Windows CE OS
_wcesdk_win32_WM_QUIT	WM_QUIT	1.0	1.0 and later	Winuser.h		Windows CE OS
_wcesdk_win32_WM_RENDERALLFORMATS	WM_RENDERALLFORMATS	1.0	1.0 and later	Winuser.h		Windows CE OS
_wcesdk_win32_WM_RENDERFORMAT	WM_RENDERFORMAT	1.0	1.0 and later	Winuser.h		Windows CE OS
_wcesdk_win32_WM_SETFOCUS	WM_SETFOCUS	1.0	1.0 and later	Winuser.h		Windows CE OS
_wcesdk_win32_WM_SETFONT	WM_SETFONT	1.0	1.0 and later	Winuser.h		Windows CE OS
_wcesdk_win32_WM_SETREDRAW	WM_SETREDRAW	1.0	1.0 and later	Winuser.h		Windows CE OS
_wcesdk_win32_WM_SETTEXT	WM_SETTEXT	1.0	1.0 and later	Winuser.h		Windows CE OS
_wcesdk_win32_WM_SETTINGCHANGE	WM_SETTINGCHANGE	1.0	1.0 and later	Winuser.h		Windows CE OS
_wcesdk_win32_WM_SIZE	WM_SIZE	1.0	1.0 and later	Winuser.h		Windows CE OS
_wcesdk_win32_WM_STYLECHANGED	WM_STYLECHANGED	1.0	1.0 and later	Winuser.h		Windows CE OS
_wcesdk_win32_WM_SYSCOLORCHANGE	WM_SYSCOLORCHANGE	2.0	2.0 and later	Winuser.h		Windows CE OS
_wcesdk_win32_WM_SYSCOMMAND	WM_SYSCOMMAND	1.0	1.0 and later	Winuser.h		Windows CE OS
_wcesdk_win32_WM_SYSDEADCHAR	WM_SYSDEADCHAR	1.0	1.0 and later	Winuser.h		Windows CE OS
_wcesdk_win32_WM_SYSKEYDOWN	WM_SYSKEYDOWN	1.0	1.0 and later	Winuser.h		Windows CE OS
_wcesdk_win32_WM_SYSKEYUP	WM_SYSKEYUP	1.0	1.0 and later	Winuser.h		Windows CE OS
_wcesdk_win32_WM_TIMER	WM_TIMER	1.0	1.0 and later	Winuser.h		Windows CE OS
_wcesdk_win32_WM_UNDO	WM_UNDO	1.0	1.0 and later	Winuser.h		Windows CE OS
_wcesdk_win32_WM_VSCROLL	WM_VSCROLL	1.0	1.0 and later	Winuser.h		Windows CE OS
_wcesdk_win32_WM_WINDOWPOSCHANGED	WM_WINDOWPOSCHANGED	1.0	1.0 and later	Winuser.h		Windows CE OS
_wcesdk_win32_WNDCLASS_str	WNDCLASS	1.0	1.0 and later	Winuser.h		Windows CE OS
_wcesdk_win32_WindowFromPoint	WindowFromPoint	1.0	1.0 and later	Winuser.h		Windows CE OS
_wcesdk_win32_WriteFile	WriteFile	1.0	1.0 and later	Winbase.h	Coredll.lib, Fsmain.lib	Windows CE OS
_wcesdk_win32_dibsection_str	DIBSECTION	2.0	2.0 and later	Wingdi.h		Windows CE OS
_wcesdk_win32_imagelist_addicon	ImageList_AddIcon	1.0	1.0 and later	Commctrl.h	Commctrl.lib, Imgctl.lib	Windows CE OS
wce30refRETAILLED	RETAILLED	2.10	2.10 and later	Dbgapi.h		Windows CE OS
wceddkACMDM_DRIVER_ABOUT	ACMDM_DRIVER_ABOUT (Windows CE 3.0 Device Driver Developement)	1.0	1.0 and later			Windows CE OS
wceddkACMDM_DRIVER_DETAILS	ACMDM_DRIVER_DETAILS (Windows CE 3.0 Device Driver Developement)	1.0	1.0 and later			Windows CE OS
wceddkACMDM_DRIVER_NOTIFY	ACMDM_DRIVER_NOTIFY (Windows CE 3.0 Device Driver Developement)	3.0	3.0 and later			Windows CE OS
wceddkACMDM_FILTERTAG_DETAILS	ACMDM_FILTERTAG_DETAILS (Windows CE 3.0 Device Driver Developement)	1.0	1.0 and later			Windows CE OS
wceddkACMDM_FILTER_DETAILS	ACMDM_FILTER_DETAILS (Windows CE 3.0 Device Driver Developement)	1.0	1.0 and later			Windows CE OS
wceddkACMDM_FORMATTAG_DETAILS	ACMDM_FORMATTAG_DETAILS (Windows CE 3.0 Device Driver Developement)	1.0	1.0 and later			Windows CE OS
wceddkACMDM_FORMAT_DETAILS	ACMDM_FORMAT_DETAILS (Windows CE 3.0 Device Driver Developement)	1.0	1.0 and later			Windows CE OS
wceddkACMDM_FORMAT_SUGGEST	ACMDM_FORMAT_SUGGEST (Windows CE 3.0 Device Driver Developement)	1.0	1.0 and later			Windows CE OS
wceddkACMDM_HARDWARE_WAVE_CAPS_INPUT	ACMDM_HARDWARE_WAVE_CAPS_INPUT (Windows CE 3.0 Device Driver Developement)	1.0	1.0 and later			Windows CE OS
wceddkACMDM_HARDWARE_WAVE_CAPS_OUTPUT	ACMDM_HARDWARE_WAVE_CAPS_OUTPUT (Windows CE 3.0 Device Driver Developement)	1.0	1.0 and later			Windows CE OS
wceddkACMDM_STREAM_CLOSE	ACMDM_STREAM_CLOSE (Windows CE 3.0 Device Driver Developement)	1.0	1.0 and later			Windows CE OS
wceddkACMDM_STREAM_CONVERT	ACMDM_STREAM_CONVERT (Windows CE 3.0 Device Driver Developement)	1.0	1.0 and later			Windows CE OS
wceddkACMDM_STREAM_OPEN	ACMDM_STREAM_OPEN (Windows CE 3.0 Device Driver Developement)	1.0	1.0 and later			Windows CE OS
wceddkACMDM_STREAM_PREPARE	ACMDM_STREAM_PREPARE (Windows CE 3.0 Device Driver Developement)	1.0	1.0 and later			Windows CE OS
wceddkACMDM_STREAM_RESET	ACMDM_STREAM_RESET (Windows CE 3.0 Device Driver Developement)	1.0	1.0 and later			Windows CE OS
wceddkACMDM_STREAM_SIZE	ACMDM_STREAM_SIZE (Windows CE 3.0 Device Driver Developement)	1.0	1.0 and later			Windows CE OS
wceddkACMDM_STREAM_UNPREPARE	ACMDM_STREAM_UNPREPARE (Windows CE 3.0 Device Driver Developement)	1.0	1.0 and later			Windows CE OS
wceddkACMDRVFORMATSUGGEST	ACMDRVFORMATSUGGEST (Windows CE 3.0 Device Driver Developement)	1.0	1.0 and later	Msacmdrv.h		Windows CE OS
wceddkACMDRVOPENDESC	ACMDRVOPENDESC (Windows CE 3.0 Device Driver Developement)	1.0	1.0 and later	Msacmdrv.h		Windows CE OS
wceddkACMDRVSTREAMHEADER	ACMDRVSTREAMHEADER (Windows CE 3.0 Device Driver Developement)	1.0	1.0 and later	Msacmdrv.h		Windows CE OS
wceddkACMDRVSTREAMINSTANCE	ACMDRVSTREAMINSTANCE (Windows CE 3.0 Device Driver Developement)	1.0	1.0 and later	Msacmdrv.h		Windows CE OS
wceddkACMDRVSTREAMSIZE	ACMDRVSTREAMSIZE (Windows CE 3.0 Device Driver Developement)	1.0	1.0 and later	Msacmdrv.h		Windows CE OS
wceddkACMDRV_MESSAGE_PARAMS	ACMDRV_MESSAGE_PARAMS (Windows CE 3.0 Device Driver Developement)	1.0	1.0 and later			Windows CE OS
wceddkACM_Close	ACM_Close (Windows CE 3.0 Device Driver Developement)	1.0	1.0 and later			Windows CE OS
wceddkACM_Deinit	ACM_Deinit (Windows CE 3.0 Device Driver Developement)	1.0	1.0 and later			Windows CE OS
wceddkACM_IOControl	ACM_IOControl (Windows CE 3.0 Device Driver Developement)	1.0	1.0 and later		Acmdwrap.lib	Windows CE OS
wceddkACM_Init	ACM_Init (Windows CE 3.0 Device Driver Developement)	1.0	1.0 and later		Acmdwrap.lib	Windows CE OS
wceddkACM_Open	ACM_Open (Windows CE 3.0 Device Driver Developement)	1.0	1.0 and later		Acmdwrap.lib	Windows CE OS
wceddkACM_PowerDown	ACM_PowerDown (Windows CE 3.0 Device Driver Developement)	1.0	1.0 and later		Acmdwrap.lib	Windows CE OS
wceddkACM_PowerUp	ACM_PowerUp (Windows CE 3.0 Device Driver Developement)	1.0	1.0 and later		Acmdwrap.lib	Windows CE OS
wceddkACM_Read	ACM_Read (Windows CE 3.0 Device Driver Developement)	1.0	1.0 and later		Acmdwrap.lib	Windows CE OS
wceddkACM_Seek	ACM_Seek (Windows CE 3.0 Device Driver Developement)	1.0	1.0 and later		Acmdwrap.lib	Windows CE OS
wceddkACM_Write	ACM_Write (Windows CE 3.0 Device Driver Developement)	1.0	1.0 and later		Acmdwrap.lib	Windows CE OS
wceddkARGUMENT_PRESENT	ARGUMENT_PRESENT (Windows CE 3.0 Device Driver Developement)	2.0	2.0 and later	Ndis.h		Windows CE OS
wceddkASSERT	ASSERT (Windows CE 3.0 Device Driver Developement)	2.0	2.0 and later	Ndis.h		Windows CE OS
wceddkASSERTMSG	ASSERTMSG (Windows CE 3.0 Device Driver Developement)	2.0	2.0 and later	Ndis.h		Windows CE OS
wceddkAbortPipeTransfers	AbortPipeTransfers (Windows CE 3.0 Device Driver Developement)	2.10	2.10 and later			Windows CE OS
wceddkAbortTransfer	AbortTransfer (Windows CE 3.0 Device Driver Developement)	2.10	2.10 and later			Windows CE OS
wceddkActivateDevice	ActivateDevice (Windows CE 3.0 Device Driver Developement)	2.11	2.11 and later			Windows CE OS
wceddkBATTERY_STATUS	BATTERY_STATUS (Windows CE 3.0 Device Driver Developement)	1.0	1.0 and later	Battery.h		Windows CE OS
wceddkBatteryDrvrGetLevels	BatteryDrvrGetLevels (Windows CE 3.0 Device Driver Developement)	2.0	2.0 and later	Battery.h		Windows CE OS
wceddkBatteryDrvrGetStatus	BatteryDrvrGetStatus (Windows CE 3.0 Device Driver Developement)	1.0	1.0 and later	Battery.h	Acmdwrap.lib	Windows CE OS
wceddkBatteryDrvrSupportsChangeNotification	BatteryDrvrSupportsChangeNotification (Windows CE 3.0 Device Driver Developement)	1.0	1.0 and later	Battery.h	Acmdwrap.lib	Windows CE OS
wceddkCARD_CLIENT_HANDLE	CARD_CLIENT_HANDLE (Windows CE 3.0 Device Driver Developement)	1.0	1.0 and later			Windows CE OS
wceddkCARD_CONFIG_INFO	CARD_CONFIG_INFO (Windows CE 3.0 Device Driver Developement)	1.0	1.0 and later			Windows CE OS
wceddkCARD_DATA_PARMS	CARD_DATA_PARMS (Windows CE 3.0 Device Driver Developement)	1.0	1.0 and later			Windows CE OS
wceddkCARD_EVENT	CARD_EVENT (Windows CE 3.0 Device Driver Developement)	1.0	1.0 and later			Windows CE OS
wceddkCARD_EVENT_MASK_PARMS	CARD_EVENT_MASK_PARMS (Windows CE 3.0 Device Driver Developement)	1.0	1.0 and later			Windows CE OS
wceddkCARD_EVENT_PARMS	CARD_EVENT_PARMS (Windows CE 3.0 Device Driver Developement)	1.0	1.0 and later			Windows CE OS
wceddkCARD_ISR	CARD_ISR (Windows CE 3.0 Device Driver Developement)	1.0	1.0 and later			Windows CE OS
wceddkCARD_REGISTER_PARMS	CARD_REGISTER_PARMS (Windows CE 3.0 Device Driver Developement)	1.0	1.0 and later			Windows CE OS
wceddkCARD_SOCKET_HANDLE	CARD_SOCKET_HANDLE (Windows CE 3.0 Device Driver Developement)	1.0	1.0 and later			Windows CE OS
wceddkCARD_STATUS	CARD_STATUS (Windows CE 3.0 Device Driver Developement)	1.0	1.0 and later			Windows CE OS
wceddkCARD_TUPLE_PARMS	CARD_TUPLE_PARMS (Windows CE 3.0 Device Driver Developement)	1.0	1.0 and later			Windows CE OS
wceddkCARD_WINDOW_HANDLE	CARD_WINDOW_HANDLE (Windows CE 3.0 Device Driver Developement)	1.0	1.0 and later			Windows CE OS
wceddkCARD_WINDOW_PARMS	CARD_WINDOW_PARMS (Windows CE 3.0 Device Driver Developement)	1.0	1.0 and later			Windows CE OS
wceddkCLIENT_CALLBACK	CLIENT_CALLBACK (Windows CE 3.0 Device Driver Developement)	1.0	1.0 and later			Windows CE OS
wceddkCOM_Close	COM_Close (Windows CE 3.0 Device Driver Developement)	1.0	1.0 and later	Mdd.c		Windows CE OS
wceddkCOM_Deinit	COM_Deinit (Windows CE 3.0 Device Driver Developement)	1.0	1.0 and later	Mdd.c		Windows CE OS
wceddkCOM_IOControl	COM_IOControl (Windows CE 3.0 Device Driver Developement)	1.0	1.0 and later	Mdd.c		Windows CE OS
wceddkCOM_Init	COM_Init (Windows CE 3.0 Device Driver Developement)	1.0	1.0 and later	Mdd.c		Windows CE OS
wceddkCOM_Open	COM_Open (Windows CE 3.0 Device Driver Developement)	1.0	1.0 and later	Mdd.c		Windows CE OS
wceddkCOM_PowerDown	COM_PowerDown (Windows CE 3.0 Device Driver Developement)	1.0	1.0 and later	Mdd.c		Windows CE OS
wceddkCOM_PowerUp	COM_PowerUp (Windows CE 3.0 Device Driver Developement)	1.0	1.0 and later	Mdd.c		Windows CE OS
wceddkCOM_Read	COM_Read (Windows CE 3.0 Device Driver Developement)	1.0	1.0 and later	Mdd.c		Windows CE OS
wceddkCOM_Write	COM_Write (Windows CE 3.0 Device Driver Developement)	1.0	1.0 and later	Mdd.c		Windows CE OS
wceddkCONTAINING_RECORD	CONTAINING_RECORD (Windows CE 3.0 Device Driver Developement)	2.0	2.0 and later	Winnt.h		Windows CE OS
wceddkCardAccessConfigurationRegister	CardAccessConfigurationRegister (Windows CE 3.0 Device Driver Developement)	1.0	1.0 and later			Windows CE OS
wceddkCardDeregisterClient	CardDeregisterClient (Windows CE 3.0 Device Driver Developement)	1.0	1.0 and later			Windows CE OS
wceddkCardGetEventMask	CardGetEventMask (Windows CE 3.0 Device Driver Developement)	1.0	1.0 and later			Windows CE OS
wceddkCardGetFirstTuple	CardGetFirstTuple (Windows CE 3.0 Device Driver Developement)	1.0	1.0 and later			Windows CE OS
wceddkCardGetNextTuple	CardGetNextTuple (Windows CE 3.0 Device Driver Developement)	1.0	1.0 and later			Windows CE OS
wceddkCardGetParsedTuple	CardGetParsedTuple (Windows CE 3.0 Device Driver Developement)	1.0	1.0 and later			Windows CE OS
wceddkCardGetStatus	CardGetStatus (Windows CE 3.0 Device Driver Developement)	1.0	1.0 and later	Cardserv.h		Windows CE OS
wceddkCardGetTupleData	CardGetTupleData (Windows CE 3.0 Device Driver Developement)	1.0	1.0 and later			Windows CE OS
wceddkCardMapWindow	CardMapWindow (Windows CE 3.0 Device Driver Developement)	1.0	1.0 and later			Windows CE OS
wceddkCardModifyWindow	CardModifyWindow (Windows CE 3.0 Device Driver Developement)	1.0	1.0 and later			Windows CE OS
wceddkCardRegisterClient	CardRegisterClient (Windows CE 3.0 Device Driver Developement)	1.0	1.0 and later			Windows CE OS
wceddkCardReleaseConfiguration	CardReleaseConfiguration (Windows CE 3.0 Device Driver Developement)	1.0	1.0 and later			Windows CE OS
wceddkCardReleaseExclusive	CardReleaseExclusive (Windows CE 3.0 Device Driver Developement)	1.0	1.0 and later			Windows CE OS
wceddkCardReleaseIRQ	CardReleaseIRQ (Windows CE 3.0 Device Driver Developement)	1.0	1.0 and later			Windows CE OS
wceddkCardReleaseSocketMask	CardReleaseSocketMask (Windows CE 3.0 Device Driver Developement)	1.0	1.0 and later			Windows CE OS
wceddkCardReleaseWindow	CardReleaseWindow (Windows CE 3.0 Device Driver Developement)	1.0	1.0 and later			Windows CE OS
wceddkCardRequestConfiguration	CardRequestConfiguration (Windows CE 3.0 Device Driver Developement)	1.0	1.0 and later			Windows CE OS
wceddkCardRequestExclusive	CardRequestExclusive (Windows CE 3.0 Device Driver Developement)	1.0	1.0 and later			Windows CE OS
wceddkCardRequestIRQ	CardRequestIRQ (Windows CE 3.0 Device Driver Developement)	1.0	1.0 and later			Windows CE OS
wceddkCardRequestSocketMask	CardRequestSocketMask (Windows CE 3.0 Device Driver Developement)	1.0	1.0 and later			Windows CE OS
wceddkCardRequestWindow	CardRequestWindow (Windows CE 3.0 Device Driver Developement)	1.0	1.0 and later			Windows CE OS
wceddkCardResetFunction	CardResetFunction (Windows CE 3.0 Device Driver Developement)	1.0	1.0 and later			Windows CE OS
wceddkCardSetEventMask	CardSetEventMask (Windows CE 3.0 Device Driver Developement)	1.0	1.0 and later			Windows CE OS
wceddkClearFeature	ClearFeature (Windows CE 3.0 Device Driver Developement)	2.10	2.10 and later			Windows CE OS
wceddkClosePipe	ClosePipe (Windows CE 3.0 Device Driver Developement)	2.10	2.10 and later			Windows CE OS
wceddkCloseTransfer	CloseTransfer (Windows CE 3.0 Device Driver Developement)	2.10	2.10 and later			Windows CE OS
wceddkCompareString	CompareString (Windows CE 3.0 Device Driver Developement)	2.10	2.10 and later			Windows CE OS
wceddkContrastCmdInputParm	ContrastCmdInputParm (Windows CE 3.0 Device Driver Developement)	2.12	2.12 and later			Windows CE OS
wceddkDEVICE_LIST	DEVICE_LIST (Windows CE 3.0 Device Driver Developement)	1.0	1.0 and later	Serhw.h		Windows CE OS
wceddkDISK_IOCTL_FORMAT_MEDIA	DISK_IOCTL_FORMAT_MEDIA (Windows CE 3.0 Device Driver Developement)	2.10	2.10 and later			Windows CE OS
wceddkDISK_IOCTL_GETINFO	DISK_IOCTL_GETINFO (Windows CE 3.0 Device Driver Developement)	1.0	1.0 and later			Windows CE OS
wceddkDISK_IOCTL_GETNAME	DISK_IOCTL_GETNAME (Windows CE 3.0 Device Driver Developement)	1.0	1.0 and later			Windows CE OS
wceddkDISK_IOCTL_READ	DISK_IOCTL_READ (Windows CE 3.0 Device Driver Developement)	1.0	1.0 and later			Windows CE OS
wceddkDISK_IOCTL_SETINFO	DISK_IOCTL_SETINFO (Windows CE 3.0 Device Driver Developement)	1.0	1.0 and later			Windows CE OS
wceddkDISK_IOCTL_WRITE	DISK_IOCTL_WRITE (Windows CE 3.0 Device Driver Developement)	1.0	1.0 and later			Windows CE OS
wceddkDSK_Close	DSK_Close (Windows CE 3.0 Device Driver Developement)	1.0	1.0 and later			Windows CE OS
wceddkDSK_Deinit	DSK_Deinit (Windows CE 3.0 Device Driver Developement)	1.0	1.0 and later			Windows CE OS
wceddkDSK_IOControl	DSK_IOControl (Windows CE 3.0 Device Driver Developement)	1.0	1.0 and later			Windows CE OS
wceddkDSK_Init	DSK_Init (Windows CE 3.0 Device Driver Developement)	1.0	1.0 and later			Windows CE OS
wceddkDSK_Open	DSK_Open (Windows CE 3.0 Device Driver Developement)	1.0	1.0 and later			Windows CE OS
wceddkDSK_PowerDown	DSK_PowerDown (Windows CE 3.0 Device Driver Developement)	1.0	1.0 and later			Windows CE OS
wceddkDSK_PowerUp	DSK_PowerUp (Windows CE 3.0 Device Driver Developement)	1.0	1.0 and later			Windows CE OS
wceddkDdsiTouchPanelDisable	DdsiTouchPanelDisable (Windows CE 3.0 Device Driver Developement)	1.0	1.0 and later			Windows CE OS
wceddkDdsiTouchPanelEnable	DdsiTouchPanelEnable (Windows CE 3.0 Device Driver Developement)	1.0	1.0 and later			Windows CE OS
wceddkDdsiTouchPanelGetDeviceCaps	DdsiTouchPanelGetDeviceCaps (Windows CE 3.0 Device Driver Developement)	1.0	1.0 and later			Windows CE OS
wceddkDdsiTouchPanelGetPoint	DdsiTouchPanelGetPoint (Windows CE 3.0 Device Driver Developement)	1.0	1.0 and later			Windows CE OS
wceddkDdsiTouchPanelPowerHandler	DdsiTouchPanelPowerHandler (Windows CE 3.0 Device Driver Developement)	1.0	1.0 and later			Windows CE OS
wceddkDdsiTouchPanelSetMode	DdsiTouchPanelSetMode (Windows CE 3.0 Device Driver Developement)	1.0	1.0 and later			Windows CE OS
wceddkDeregisterDevice	DeregisterDevice (Windows CE 3.0 Device Driver Developement)	1.0	1.0 and later			Windows CE OS
wceddkDrvCopyBits	DrvCopyBits (Windows CE 3.0 Device Driver Developement)	1.0	1.0 and later			Windows CE OS
wceddkDrvDisablePDEV	DrvDisablePDEV (Windows CE 3.0 Device Driver Developement)	1.0	1.0 and later			Windows CE OS
wceddkDrvDisableSurface	DrvDisableSurface (Windows CE 3.0 Device Driver Developement)	1.0	1.0 and later			Windows CE OS
wceddkDrvEnableDriver	DrvEnableDriver (Windows CE 3.0 Device Driver Developement)	1.0	1.0 and later			Windows CE OS
wceddkDrvEnablePDEV	DrvEnablePDEV (Windows CE 3.0 Device Driver Developement)	1.0	1.0 and later			Windows CE OS
wceddkDrvEnableSurface	DrvEnableSurface (Windows CE 3.0 Device Driver Developement)	1.0	1.0 and later			Windows CE OS
wceddkDrvEndDoc	DrvEndDoc (Windows CE 3.0 Device Driver Developement)	1.0	1.0 and later			Windows CE OS
wceddkDrvGetModes	DrvGetModes (Windows CE 3.0 Device Driver Developement)	1.0	1.0 and later			Windows CE OS
wceddkDrvStartDoc	DrvStartDoc (Windows CE 3.0 Device Driver Developement)	1.0	1.0 and later			Windows CE OS
wceddkDrvStartPage	DrvStartPage (Windows CE 3.0 Device Driver Developement)	1.0	1.0 and later			Windows CE OS
wceddkETH_COPY_NETWORK_ADDRESS	ETH_COPY_NETWORK_ADDRESS (Windows CE 3.0 Device Driver Developement)	2.0	2.0 and later	Efilter.h		Windows CE OS
wceddkEnumDevices	EnumDevices (Windows CE 3.0 Device Driver Developement)	1.0	1.0 and later			Windows CE OS
wceddkEnumPnpIds	EnumPnpIds (Windows CE 3.0 Device Driver Developement)	1.0	1.0 and later			Windows CE OS
wceddkErrorAnalysis	ErrorAnalysis (Windows CE 3.0 Device Driver Developement)	1.0	1.0 and later	Calibrat.c		Windows CE OS
wceddkEthChangeFilterAddresses	EthChangeFilterAddresses (Windows CE 3.0 Device Driver Developement)	2.0	2.0 and later	Ndis.h		Windows CE OS
wceddkEthCreateFilter	EthCreateFilter (Windows CE 3.0 Device Driver Developement)	2.0	2.0 and later	Ndis.h		Windows CE OS
wceddkEthDeleteFilter	EthDeleteFilter (Windows CE 3.0 Device Driver Developement)	2.0	2.0 and later	Ndis.h		Windows CE OS
wceddkEthDeleteFilterOpenAdapter	EthDeleteFilterOpenAdapter (Windows CE 3.0 Device Driver Developement)	2.0	2.0 and later	Ndis.h		Windows CE OS
wceddkEthFilterAdjust	EthFilterAdjust (Windows CE 3.0 Device Driver Developement)	2.0	2.0 and later	Ndis.h		Windows CE OS
wceddkEthFilterIndicateReceive	EthFilterIndicateReceive (Windows CE 3.0 Device Driver Developement)	2.0	2.0 and later	Ndis.h		Windows CE OS
wceddkEthFilterIndicateReceiveComplete	EthFilterIndicateReceiveComplete (Windows CE 3.0 Device Driver Developement)	2.0	2.0 and later	Ndis.h		Windows CE OS
wceddkEthNoteFilterOpenAdapter	EthNoteFilterOpenAdapter (Windows CE 3.0 Device Driver Developement)	2.0	2.0 and later	Ndis.h		Windows CE OS
wceddkEthNumberOfOpenFilterAddresses	EthNumberOfOpenFilterAddresses (Windows CE 3.0 Device Driver Developement)	2.0	2.0 and later	Ndis.h		Windows CE OS
wceddkEthQueryGlobalFilterAddresses	EthQueryGlobalFilterAddresses (Windows CE 3.0 Device Driver Developement)	2.0	2.0 and later	Ndis.h		Windows CE OS
wceddkEthQueryOpenFilterAddresses	EthQueryOpenFilterAddresses (Windows CE 3.0 Device Driver Developement)	2.0	2.0 and later	Ndis.h		Windows CE OS
wceddkEthShouldAddressLoopBack	EthShouldAddressLoopBack (Windows CE 3.0 Device Driver Developement)	2.0	2.0 and later	Ndis.h		Windows CE OS
wceddkExtEscape	ExtEscape (Windows CE 3.0 Device Driver Developement)	2.10	2.10 and later			Windows CE OS
wceddkFindInterface	FindInterface (Windows CE 3.0 Device Driver Developement)	2.10	2.10 and later			Windows CE OS
wceddkGPEBltParms	GPEBltParms (Windows CE 3.0 Device Driver Developement)	1.0	1.0 and later	gpe.h		Windows CE OS
wceddkGPELineParms	GPELineParms (Windows CE 3.0 Device Driver Developement)	1.0	1.0 and later	gpe.h		Windows CE OS
wceddkGPE_AllocSurface	GPE::AllocSurface (Windows CE 3.0 Device Driver Developement)	1.0	1.0 and later			Windows CE OS
wceddkGPE_BltComplete	GPE::BltComplete (Windows CE 3.0 Device Driver Developement)	1.0	1.0 and later			Windows CE OS
wceddkGPE_BltPrepare	GPE::BltPrepare (Windows CE 3.0 Device Driver Developement)	1.0	1.0 and later			Windows CE OS
wceddkGPE_GetModeInfo	GPE::GetModeInfo (Windows CE 3.0 Device Driver Developement)	1.0	1.0 and later			Windows CE OS
wceddkGPE_Line	GPE::Line (Windows CE 3.0 Device Driver Developement)	1.0	1.0 and later			Windows CE OS
wceddkGPE_MovePointer	GPE::MovePointer (Windows CE 3.0 Device Driver Developement)	1.0	1.0 and later			Windows CE OS
wceddkGPE_NumModes	GPE::NumModes (Windows CE 3.0 Device Driver Developement)	1.0	1.0 and later			Windows CE OS
wceddkGPE_SetMode	GPE::SetMode (Windows CE 3.0 Device Driver Developement)	1.0	1.0 and later			Windows CE OS
wceddkGPE_SetPointerShape	GPE::SetPointerShape (Windows CE 3.0 Device Driver Developement)	1.0	1.0 and later			Windows CE OS
wceddkGetDescriptor	GetDescriptor (Windows CE 3.0 Device Driver Developement)	2.10	2.10 and later			Windows CE OS
wceddkGetDeviceInfo	GetDeviceInfo (Windows CE 3.0 Device Driver Developement)	2.10	2.10 and later			Windows CE OS
wceddkGetFrameLength	GetFrameLength (Windows CE 3.0 Device Driver Developement)	2.10	2.10 and later			Windows CE OS
wceddkGetFrameNumber	GetFrameNumber (Windows CE 3.0 Device Driver Developement)	2.10	2.10 and later			Windows CE OS
wceddkGetInterface	GetInterface (Windows CE 3.0 Device Driver Developement)	2.10	2.10 and later			Windows CE OS
wceddkGetIsochResults	GetIsochResults (Windows CE 3.0 Device Driver Developement)	2.10	2.10 and later			Windows CE OS
wceddkGetPrinterInfo	GetPrinterInfo (Windows CE 3.0 Device Driver Developement)	2.10	2.10 and later			Windows CE OS
wceddkGetSerialObject	GetSerialObject (Windows CE 3.0 Device Driver Developement)	1.0	1.0 and later	Serhw.h		Windows CE OS
wceddkGetStatus	GetStatus (Windows CE 3.0 Device Driver Developement)	2.10	2.10 and later			Windows CE OS
wceddkGetTransferError	GetTransferError (Windows CE 3.0 Device Driver Developement)	2.10	2.10 and later			Windows CE OS
wceddkGetTransferStatus	GetTransferStatus (Windows CE 3.0 Device Driver Developement)	2.10	2.10 and later			Windows CE OS
wceddkGetUSBDVersion	GetUSBDVersion (Windows CE 3.0 Device Driver Developement)	2.10	2.10 and later			Windows CE OS
wceddkHWClearBreak	HWClearBreak (Windows CE 3.0 Device Driver Developement)	1.0	1.0 and later	Serhw.h		Windows CE OS
wceddkHWClearDTR	HWClearDTR (Windows CE 3.0 Device Driver Developement)	1.0	1.0 and later	Serhw.h		Windows CE OS
wceddkHWClearRTS	HWClearRTS (Windows CE 3.0 Device Driver Developement)	1.0	1.0 and later	Serhw.h		Windows CE OS
wceddkHWClose	HWClose (Windows CE 3.0 Device Driver Developement)	1.0	1.0 and later	Serhw.h		Windows CE OS
wceddkHWDeinit	HWDeinit (Windows CE 3.0 Device Driver Developement)	1.0	1.0 and later	Serhw.h		Windows CE OS
wceddkHWDisableIR	HWDisableIR (Windows CE 3.0 Device Driver Developement)	1.0	1.0 and later	Serhw.h		Windows CE OS
wceddkHWEnableIR	HWEnableIR (Windows CE 3.0 Device Driver Developement)	1.0	1.0 and later	Serhw.h		Windows CE OS
wceddkHWGetBytes	HWGetBytes (Windows CE 3.0 Device Driver Developement)	1.0	1.0 and later	Serhw.h		Windows CE OS
wceddkHWGetCommProperties	HWGetCommProperties (Windows CE 3.0 Device Driver Developement)	1.0	1.0 and later	Serhw.h		Windows CE OS
wceddkHWGetIntrType	HWGetIntrType (Windows CE 3.0 Device Driver Developement)	1.0	1.0 and later	Serhw.h		Windows CE OS
wceddkHWGetModemStatus	HWGetModemStatus (Windows CE 3.0 Device Driver Developement)	1.0	1.0 and later	Serhw.h		Windows CE OS
wceddkHWGetRxBufferSize	HWGetRxBufferSize (Windows CE 3.0 Device Driver Developement)	1.0	1.0 and later	Serhw.h		Windows CE OS
wceddkHWGetRxStart	HWGetRxStart (Windows CE 3.0 Device Driver Developement)	2.12	2.12 and earlier	Serhw.h		Windows CE OS
wceddkHWGetStatus	HWGetStatus (Windows CE 3.0 Device Driver Developement)	1.0	1.0 and later	Serhw.h		Windows CE OS
wceddkHWInit	HWInit (Windows CE 3.0 Device Driver Developement)	1.0	1.0 and later	Serhw.h		Windows CE OS
wceddkHWIoctl	HWIoctl (Windows CE 3.0 Device Driver Developement)	1.0	1.0 and later	Serhw.h		Windows CE OS
wceddkHWLineIntrHandler	HWLineIntrHandler (Windows CE 3.0 Device Driver Developement)	1.0	1.0 and later	Serhw.h		Windows CE OS
wceddkHWModemIntrHandler	HWModemIntrHandler (Windows CE 3.0 Device Driver Developement)	3.0	3.0 and later	Serhw.h		Windows CE OS
wceddkHWOBJ	HWOBJ (Windows CE 3.0 Device Driver Developement)	1.0	1.0 and later			Windows CE OS
wceddkHWOpen	HWOpen (Windows CE 3.0 Device Driver Developement)	1.0	1.0 and later	Serhw.h		Windows CE OS
wceddkHWOtherintrHandler	HWOtherIntrHandler (Windows CE 3.0 Device Driver Developement)	2.12	2.12 and earlier	Serhw.h		Windows CE OS
wceddkHWPostInit	HWPostInit (Windows CE 3.0 Device Driver Developement)	3.0	3.0 and later	Serhw.h		Windows CE OS
wceddkHWPowerOff	HWPowerOff (Windows CE 3.0 Device Driver Developement)	1.0	1.0 and later	Serhw.h		Windows CE OS
wceddkHWPowerOn	HWPowerOn (Windows CE 3.0 Device Driver Developement)	1.0	1.0 and later	Serhw.h		Windows CE OS
wceddkHWPurgeComm	HWPurgeComm (Windows CE 3.0 Device Driver Developement)	1.0	1.0 and later	Serhw.h		Windows CE OS
wceddkHWPutBytes	HWPutBytes (Windows CE 3.0 Device Driver Developement)	1.0	1.0 and later	Serhw.h		Windows CE OS
wceddkHWReset	HWReset (Windows CE 3.0 Device Driver Developement)	1.0	1.0 and later	Serhw.h		Windows CE OS
wceddkHWRxIntrHandler	HWRxIntrHandler (Windows CE 3.0 Device Driver Developement)	3.0	3.0 and later	Serhw.h		Windows CE OS
wceddkHWSetBreak	HWSetBreak (Windows CE 3.0 Device Driver Developement)	1.0	1.0 and later	Serhw.h		Windows CE OS
wceddkHWSetCommTimeouts	HWSetCommTimeouts (Windows CE 3.0 Device Driver Developement)	1.0	1.0 and later	Serhw.h		Windows CE OS
wceddkHWSetDCB	HWSetDCB (Windows CE 3.0 Device Driver Developement)	1.0	1.0 and later	Serhw.h		Windows CE OS
wceddkHWSetDTR	HWSetDTR (Windows CE 3.0 Device Driver Developement)	1.0	1.0 and later	Serhw.h		Windows CE OS
wceddkHWSetRTS	HWSetRTS (Windows CE 3.0 Device Driver Developement)	1.0	1.0 and later	Serhw.h		Windows CE OS
wceddkHWTxIntrHandler	HWTxIntrHandler (Windows CE 3.0 Device Driver Developement)	1.0	1.0 and later	Serhw.h		Windows CE OS
wceddkHWXmitComChar	HWXmitComChar (Windows CE 3.0 Device Driver Developement)	1.0	1.0 and later	Serhw.h		Windows CE OS
wceddkHW_VTBL	HW_VTBL (Windows CE 3.0 Device Driver Developement)	1.0	1.0 and later			Windows CE OS
wceddkIOCTL_DISK_FORMAT_MEDIA	IOCTL_DISK_FORMAT_MEDIA (Windows CE 3.0 Device Driver Developement)	3.0	3.0 and later			Windows CE OS
wceddkIOCTL_DISK_GETINFO	IOCTL_DISK_GETINFO (Windows CE 3.0 Device Driver Developement)	3.0	3.0 and later			Windows CE OS
wceddkIOCTL_DISK_GETNAME	IOCTL_DISK_GETNAME (Windows CE 3.0 Device Driver Developement)	3.0	3.0 and later			Windows CE OS
wceddkIOCTL_DISK_GET_STORAGEID	IOCTL_DISK_GET_STORAGEID (Windows CE 3.0 Device Driver Developement)	3.0	3.0 and later			Windows CE OS
wceddkIOCTL_DISK_READ	IOCTL_DISK_READ (Windows CE 3.0 Device Driver Developement)	3.0	3.0 and later			Windows CE OS
wceddkIOCTL_DISK_SETINFO	IOCTL_DISK_SETINFO (Windows CE 3.0 Device Driver Developement)	3.0	3.0 and later			Windows CE OS
wceddkIOCTL_DISK_WRITE	IOCTL_DISK_WRITE (Windows CE 3.0 Device Driver Developement)	3.0	3.0 and later			Windows CE OS
wceddkIOCTL_HID_ACQUIRE	IOCTL_HID_ACQUIRE (Windows CE 3.0 Device Driver Developement)	1.0	1.0 and later			Windows CE OS
wceddkIOCTL_HID_ATTACH	IOCTL_HID_ATTACH (Windows CE 3.0 Device Driver Developement)	1.0	1.0 and later			Windows CE OS
wceddkIOCTL_HID_ENUM_DEVICES	IOCTL_HID_ENUM_DEVICES (Windows CE 3.0 Device Driver Developement)	1.0	1.0 and later			Windows CE OS
wceddkIOCTL_HID_ENUM_OBJECTS	IOCTL_HID_ENUM_OBJECTS (Windows CE 3.0 Device Driver Developement)	1.0	1.0 and later			Windows CE OS
wceddkIOCTL_HID_GET_INST_DATA	IOCTL_HID_GET_INST_DATA (Windows CE 3.0 Device Driver Developement)	1.0	1.0 and later			Windows CE OS
wceddkIOCTL_HID_POLL	IOCTL_HID_POLL (Windows CE 3.0 Device Driver Developement)	1.0	1.0 and later			Windows CE OS
wceddkIOCTL_HID_SET_FORMAT	IOCTL_HID_SET_FORMAT (Windows CE 3.0 Device Driver Developement)	1.0	1.0 and later			Windows CE OS
wceddkIOCTL_HID_TRANSFER_EVENT	IOCTL_HID_TRANSFER_EVENT (Windows CE 3.0 Device Driver Developement)	1.0	1.0 and later			Windows CE OS
wceddkIOCTL_SERIAL_CLR_DTR	IOCTL_SERIAL_CLR_DTR (Windows CE 3.0 Device Driver Developement)	1.0	1.0 and later	Pegdser.h		Windows CE OS
wceddkIOCTL_SERIAL_CLR_RTS	IOCTL_SERIAL_CLR_RTS (Windows CE 3.0 Device Driver Developement)	1.0	1.0 and later	Pegdser.h		Windows CE OS
wceddkIOCTL_SERIAL_DISABLE_IR	IOCTL_SERIAL_DISABLE_IR (Windows CE 3.0 Device Driver Developement)	1.0	1.0 and later	Pegdser.h		Windows CE OS
wceddkIOCTL_SERIAL_ENABLE_IR	IOCTL_SERIAL_ENABLE_IR (Windows CE 3.0 Device Driver Developement)	1.0	1.0 and later	Pegdser.h		Windows CE OS
wceddkIOCTL_SERIAL_GET_COMMSTATUS	IOCTL_SERIAL_GET_COMMSTATUS (Windows CE 3.0 Device Driver Developement)	1.0	1.0 and later	Pegdser.h		Windows CE OS
wceddkIOCTL_SERIAL_GET_DCB	IOCTL_SERIAL_GET_DCB (Windows CE 3.0 Device Driver Developement)	1.0	1.0 and later	Pegdser.h		Windows CE OS
wceddkIOCTL_SERIAL_GET_MODEMSTATUS	IOCTL_SERIAL_GET_MODEMSTATUS (Windows CE 3.0 Device Driver Developement)	1.0	1.0 and later	Pegdser.h		Windows CE OS
wceddkIOCTL_SERIAL_GET_PROPERTIES	IOCTL_SERIAL_GET_PROPERTIES (Windows CE 3.0 Device Driver Developement)	1.0	1.0 and later	Pegdser.h		Windows CE OS
wceddkIOCTL_SERIAL_GET_TIMEOUTS	IOCTL_SERIAL_GET_TIMEOUTS (Windows CE 3.0 Device Driver Developement)	1.0	1.0 and later	Pegdser.h		Windows CE OS
wceddkIOCTL_SERIAL_GET_WAIT_MASK	IOCTL_SERIAL_GET_WAIT_MASK (Windows CE 3.0 Device Driver Developement)	1.0	1.0 and later	Pegdser.h		Windows CE OS
wceddkIOCTL_SERIAL_IMMEDIATE_CHAR	IOCTL_SERIAL_IMMEDIATE_CHAR (Windows CE 3.0 Device Driver Developement)	1.0	1.0 and later	Pegdser.h		Windows CE OS
wceddkIOCTL_SERIAL_PURGE	IOCTL_SERIAL_PURGE (Windows CE 3.0 Device Driver Developement)	1.0	1.0 and later	Pegdser.h		Windows CE OS
wceddkIOCTL_SERIAL_SET_BREAK_OFF	IOCTL_SERIAL_SET_BREAK_OFF (Windows CE 3.0 Device Driver Developement)	1.0	1.0 and later	Pegdser.h		Windows CE OS
wceddkIOCTL_SERIAL_SET_BREAK_ON	IOCTL_SERIAL_SET_BREAK_ON (Windows CE 3.0 Device Driver Developement)	1.0	1.0 and later	Pegdser.h		Windows CE OS
wceddkIOCTL_SERIAL_SET_DCB	IOCTL_SERIAL_SET_DCB (Windows CE 3.0 Device Driver Developement)	1.0	1.0 and later	Pegdser.h		Windows CE OS
wceddkIOCTL_SERIAL_SET_DTR	IOCTL_SERIAL_SET_DTR (Windows CE 3.0 Device Driver Developement)	1.0	1.0 and later	Pegdser.h		Windows CE OS
wceddkIOCTL_SERIAL_SET_QUEUE_SIZE	IOCTL_SERIAL_SET_QUEUE_SIZE (Windows CE 3.0 Device Driver Developement)	1.0	1.0 and later	Pegdser.h		Windows CE OS
wceddkIOCTL_SERIAL_SET_RTS	IOCTL_SERIAL_SET_RTS (Windows CE 3.0 Device Driver Developement)	1.0	1.0 and later	Pegdser.h		Windows CE OS
wceddkIOCTL_SERIAL_SET_TIMEOUTS	IOCTL_SERIAL_SET_TIMEOUTS (Windows CE 3.0 Device Driver Developement)	1.0	1.0 and later	Pegdser.h		Windows CE OS
wceddkIOCTL_SERIAL_SET_WAIT_MASK	IOCTL_SERIAL_SET_WAIT_MASK (Windows CE 3.0 Device Driver Developement)	1.0	1.0 and later	Pegdser.h		Windows CE OS
wceddkIOCTL_SERIAL_SET_XOFF	IOCTL_SERIAL_SET_XOFF (Windows CE 3.0 Device Driver Developement)	1.0	1.0 and later	Pegdser.h		Windows CE OS
wceddkIOCTL_SERIAL_SET_XON	IOCTL_SERIAL_SET_XON (Windows CE 3.0 Device Driver Developement)	1.0	1.0 and later	Pegdser.h		Windows CE OS
wceddkIOCTL_SERIAL_WAIT_ON_MASK	IOCTL_SERIAL_WAIT_ON_MASK (Windows CE 3.0 Device Driver Developement)	1.0	1.0 and later	Pegdser.h		Windows CE OS
wceddkInitializeListHead	InitializeListHead (Windows CE 3.0 Device Driver Developement)	2.0	2.0 and later	Ntcompat.h		Windows CE OS
wceddkInsertHeadList	InsertHeadList (Windows CE 3.0 Device Driver Developement)	2.0	2.0 and later	Ntcompat.h		Windows CE OS
wceddkInsertTailList	InsertTailList (Windows CE 3.0 Device Driver Developement)	2.0	2.0 and later	Ntcompat.h		Windows CE OS
wceddkIsDefaultPipeHalted	IsDefaultPipeHalted (Windows CE 3.0 Device Driver Developement)	2.10	2.10 and later			Windows CE OS
wceddkIsListEmpty	IsListEmpty (Windows CE 3.0 Device Driver Developement)	2.0	2.0 and later	Ntcompat.h		Windows CE OS
wceddkIsPipeHalted	IsPipeHalted (Windows CE 3.0 Device Driver Developement)	2.10	2.10 and later			Windows CE OS
wceddkIsTransferComplete	IsTransferComplete (Windows CE 3.0 Device Driver Developement)	2.10	2.10 and later			Windows CE OS
wceddkIssueBulkTransfer	IssueBulkTransfer (Windows CE 3.0 Device Driver Developement)	2.10	2.10 and later			Windows CE OS
wceddkIssueControlTransfer	IssueControlTransfer (Windows CE 3.0 Device Driver Developement)	2.10	2.10 and later			Windows CE OS
wceddkIssueInterruptTransfer	IssueInterruptTransfer (Windows CE 3.0 Device Driver Developement)	2.10	2.10 and later			Windows CE OS
wceddkIssueIsochTransfer	IssueIsochTransfer (Windows CE 3.0 Device Driver Developement)	2.10	2.10 and later			Windows CE OS
wceddkIssueVendorTransfer	IssueVendorTransfer (Windows CE 3.0 Device Driver Developement)	2.10	2.10 and later			Windows CE OS
wceddkKdBreakPoint	KdBreakPoint (Windows CE 3.0 Device Driver Developement)	2.0	2.0 and later	Ndis.h		Windows CE OS
wceddkKdPrint	KdPrint (Windows CE 3.0 Device Driver Developement)	2.0	2.0 and later	Ndis.h		Windows CE OS
wceddkKeybdDriverGetInfo	KeybdDriverGetInfo (Windows CE 3.0 Device Driver Developement)	1.0	1.0 and later	Keybdmdd.cpp		Windows CE OS
wceddkKeybdDriverInitStates	KeybdDriverInitStates (Windows CE 3.0 Device Driver Developement)	1.0	1.0 and later	Keybdmdd.cpp		Windows CE OS
wceddkKeybdDriverInitialize	KeybdDriverInitialize (Windows CE 3.0 Device Driver Developement)	1.0	1.0 and later	Keybdmdd.cpp		Windows CE OS
wceddkKeybdDriverPowerHandler	KeybdDriverPowerHandler (Windows CE 3.0 Device Driver Developement)	1.0	1.0 and later	Keybdmdd.cpp		Windows CE OS
wceddkKeybdDriverSetMode	KeybdDriverSetMode (Windows CE 3.0 Device Driver Developement)	1.0	1.0 and later	Keybdmdd.cpp		Windows CE OS
wceddkKeybdDriverVKeyToUnicode	KeybdDriverVKeyToUnicode (Windows CE 3.0 Device Driver Developement)	1.0	1.0 and later	Keybdmdd.cpp		Windows CE OS
wceddkKeybdEventCallback	KeybdEventCallback (Windows CE 3.0 Device Driver Developement)	1.0	1.0 and later	Keybddr.h		Windows CE OS
wceddkKeybdPdd_DllEntry	KeybdPdd_DllEntry (Windows CE 3.0 Device Driver Developement)	1.0	1.0 and later			Windows CE OS
wceddkKeybdPdd_GetEvent	KeybdPdd_GetEvent (Windows CE 3.0 Device Driver Developement)	1.0	1.0 and later			Windows CE OS
wceddkKeybdPdd_InitializeDriver	KeybdPdd_InitializeDriver (Windows CE 3.0 Device Driver Developement)	1.0	1.0 and later			Windows CE OS
wceddkKeybdPdd_PowerHandler	KeybdPdd_PowerHandler (Windows CE 3.0 Device Driver Developement)	1.0	1.0 and later			Windows CE OS
wceddkLoadGenericInterfaceDriver	LoadGenericInterfaceDriver (Windows CE 3.0 Device Driver Developement)	2.10	2.10 and later			Windows CE OS
wceddkMMDRV_MESSAGE_PARAMS	MMDRV_MESSAGE_PARAMS (Windows CE 3.0 Device Driver Developement)	1.0	1.0 and later	Wavedev.h		Windows CE OS
wceddkMapNtStatusToWinError	MapNtStatusToWinError (Windows CE 3.0 Device Driver Developement)	3.0	3.0 and later			Windows CE OS
wceddkMediaSpecificInformation	MediaSpecificInformation (Windows CE 3.0 Device Driver Developement)	2.0	2.0 and later	Ndis.h		Windows CE OS
wceddkNDIS_BUFFER_LINKAGE	NDIS_BUFFER_LINKAGE (Windows CE 3.0 Device Driver Developement)	2.0	2.0 and later	Ndis.h		Windows CE OS
wceddkNDIS_BUFFER_TO_SPAN_PAGES	NDIS_BUFFER_TO_SPAN_PAGES (Windows CE 3.0 Device Driver Developement)	2.0	2.0 and later	Ndis.h		Windows CE OS
wceddkNDIS_PACKET	NDIS_PACKET (Windows CE 3.0 Device Driver Developement)	2.0	2.0 and later	Ndis.h		Windows CE OS
wceddkNDIS_PACKET_OOB_DATA	NDIS_PACKET_OOB_DATA (Windows CE 3.0 Device Driver Developement)	2.0	2.0 and later	Ndis.h		Windows CE OS
wceddkNDIS_PHYSICAL_ADDRESS_CONST	NDIS_PHYSICAL_ADDRESS_CONST (Windows CE 3.0 Device Driver Developement)	2.0	2.0 and later	Ndis.h		Windows CE OS
wceddkNDIS_PROTOCOL_CHARACTERISTICS	NDIS_PROTOCOL_CHARACTERISTICS (Windows CE 3.0 Device Driver Developement)	2.0	2.0 and later	Ndis.h		Windows CE OS
wceddkNDIS_REQUEST	NDIS_REQUEST (Windows CE 3.0 Device Driver Developement)	2.0	2.0 and later	Ndis.h		Windows CE OS
wceddkNDIS_SET_PACKET_HEADER_SIZE	NDIS_SET_PACKET_HEADER_SIZE (Windows CE 3.0 Device Driver Developement)	2.0	2.0 and later	Ndis.h		Windows CE OS
wceddkNDIS_SET_PACKET_MEDIA_SPECIFIC_INFO	NDIS_SET_PACKET_MEDIA_SPECIFIC_INFO (Windows CE 3.0 Device Driver Developement)	2.0	2.0 and later	Ndis.h		Windows CE OS
wceddkNDIS_SET_PACKET_STATUS	NDIS_SET_PACKET_STATUS (Windows CE 3.0 Device Driver Developement)	2.0	2.0 and later	Ndis.h		Windows CE OS
wceddkNDIS_SET_PACKET_TIME_RECEIVED	NDIS_SET_PACKET_TIME_RECEIVED (Windows CE 3.0 Device Driver Developement)	2.0	2.0 and later	Ndis.h		Windows CE OS
wceddkNDIS_SET_PACKET_TIME_SENT	NDIS_SET_PACKET_TIME_SENT (Windows CE 3.0 Device Driver Developement)	2.0	2.0 and later	Ndis.h		Windows CE OS
wceddkNDIS_SET_PACKET_TIME_TO_SEND	NDIS_SET_PACKET_TIME_TO_SEND (Windows CE 3.0 Device Driver Developement)	2.0	2.0 and later	Ndis.h		Windows CE OS
wceddkNLED_COUNT_INFO	NLED_COUNT_INFO (Windows CE 3.0 Device Driver Developement)	1.0	1.0 and later	Nled.h		Windows CE OS
wceddkNLED_SETTINGS_INFO	NLED_SETTINGS_INFO (Windows CE 3.0 Device Driver Developement)	1.0	1.0 and later	Nled.h		Windows CE OS
wceddkNLED_SUPPORTS_INFO	NLED_SUPPORTS_INFO (Windows CE 3.0 Device Driver Developement)	1.0	1.0 and later	Nled.h		Windows CE OS
wceddkNLedDriverDllEntry	NLedDriverDllEntry (Windows CE 3.0 Device Driver Developement)	1.0	1.0 and later	Nleddrv.cpp		Windows CE OS
wceddkNLedDriverGetDeviceInfo	NLedDriverGetDeviceInfo (Windows CE 3.0 Device Driver Developement)	1.0	1.0 and later	Led_drvr.h		Windows CE OS
wceddkNLedDriverInitialize	NLedDriverInitialize (Windows CE 3.0 Device Driver Developement)	1.0	1.0 and later	Led_drvr.h		Windows CE OS
wceddkNLedDriverPowerDown	NLedDriverPowerDown (Windows CE 3.0 Device Driver Developement)	1.0	1.0 and later	Led_drvr.h		Windows CE OS
wceddkNLedDriverSetDevice	NLedDriverSetDevice (Windows CE 3.0 Device Driver Developement)	1.0	1.0 and later	Led_drvr.h		Windows CE OS
wceddkNdisAcquireSpinLock	NdisAcquireSpinLock (Windows CE 3.0 Device Driver Developement)	2.0	2.0 and later	Ndis.h		Windows CE OS
wceddkNdisAdjustBufferLength	NdisAdjustBufferLength (Windows CE 3.0 Device Driver Developement)	2.0	2.0 and later	Ndis.h		Windows CE OS
wceddkNdisAllocateBuffer	NdisAllocateBuffer (Windows CE 3.0 Device Driver Developement)	2.0	2.0 and later	Ndis.h		Windows CE OS
wceddkNdisAllocateBufferPool	NdisAllocateBufferPool (Windows CE 3.0 Device Driver Developement)	2.0	2.0 and later	Ndis.h		Windows CE OS
wceddkNdisAllocateMemory	NdisAllocateMemory (Windows CE 3.0 Device Driver Developement)	2.0	2.0 and later	Ndis.h		Windows CE OS
wceddkNdisAllocatePacket	NdisAllocatePacket (Windows CE 3.0 Device Driver Developement)	2.0	2.0 and later	Ndis.h		Windows CE OS
wceddkNdisAllocatePacketPool	NdisAllocatePacketPool (Windows CE 3.0 Device Driver Developement)	2.0	2.0 and later	Ndis.h		Windows CE OS
wceddkNdisAllocateSpinLock	NdisAllocateSpinLock (Windows CE 3.0 Device Driver Developement)	2.0	2.0 and later	Ndis.h		Windows CE OS
wceddkNdisAnsiStringToUnicodeString	NdisAnsiStringToUnicodeString (Windows CE 3.0 Device Driver Developement)	2.0	2.0 and later	Ndis.h		Windows CE OS
wceddkNdisChainBufferAtBack	NdisChainBufferAtBack (Windows CE 3.0 Device Driver Developement)	2.0	2.0 and later	Ndis.h		Windows CE OS
wceddkNdisChainBufferAtFront	NdisChainBufferAtFront (Windows CE 3.0 Device Driver Developement)	2.0	2.0 and later	Ndis.h		Windows CE OS
wceddkNdisCloseAdapter	NdisCloseAdapter (Windows CE 3.0 Device Driver Developement)	2.0	2.0 and later	Ndis.h		Windows CE OS
wceddkNdisCloseConfiguration	NdisCloseConfiguration (Windows CE 3.0 Device Driver Developement)	2.0	2.0 and later	Ndis.h		Windows CE OS
wceddkNdisCopyFromPacketToPacket	NdisCopyFromPacketToPacket (Windows CE 3.0 Device Driver Developement)	2.0	2.0 and later	Ndis.h		Windows CE OS
wceddkNdisDeregisterAdapter	NdisDeregisterAdapter (Windows CE 3.0 Device Driver Developement)	3.0	3.0 and later	Ndis.h		Windows CE OS
wceddkNdisDeregisterProtocol	NdisDeregisterProtocol (Windows CE 3.0 Device Driver Developement)	2.0	2.0 and later	Ndis.h		Windows CE OS
wceddkNdisDprAcquireSpinLock	NdisDprAcquireSpinLock (Windows CE 3.0 Device Driver Developement)	2.0	2.0 and later	Ndis.h		Windows CE OS
wceddkNdisDprReleaseSpinLock	NdisDprReleaseSpinLock (Windows CE 3.0 Device Driver Developement)	2.0	2.0 and later	Ndis.h		Windows CE OS
wceddkNdisEqualString	NdisEqualString (Windows CE 3.0 Device Driver Developement)	2.0	2.0 and later	Ndis.h		Windows CE OS
wceddkNdisFlushBuffer	NdisFlushBuffer (Windows CE 3.0 Device Driver Developement)	2.0	2.0 and later	Ndis.h		Windows CE OS
wceddkNdisFreeBuffer	NdisFreeBuffer (Windows CE 3.0 Device Driver Developement)	2.0	2.0 and later	Ndis.h		Windows CE OS
wceddkNdisFreeBufferPool	NdisFreeBufferPool (Windows CE 3.0 Device Driver Developement)	2.0	2.0 and later	Ndis.h		Windows CE OS
wceddkNdisFreeMemory	NdisFreeMemory (Windows CE 3.0 Device Driver Developement)	2.0	2.0 and later	Ndis.h		Windows CE OS
wceddkNdisFreePacket	NdisFreePacket (Windows CE 3.0 Device Driver Developement)	2.0	2.0 and later	Ndis.h		Windows CE OS
wceddkNdisFreePacketPool	NdisFreePacketPool (Windows CE 3.0 Device Driver Developement)	2.0	2.0 and later	Ndis.h		Windows CE OS
wceddkNdisFreeSpinLock	NdisFreeSpinLock (Windows CE 3.0 Device Driver Developement)	2.0	2.0 and later	Ndis.h		Windows CE OS
wceddkNdisFreeString	NdisFreeString (Windows CE 3.0 Device Driver Developement)	2.0	2.0 and later	Ndis.h		Windows CE OS
wceddkNdisGetFirstBufferFromPacket	NdisGetFirstBufferFromPacket (Windows CE 3.0 Device Driver Developement)	2.0	2.0 and later	Ndis.h		Windows CE OS
wceddkNdisGetNextBuffer	NdisGetNextBuffer (Windows CE 3.0 Device Driver Developement)	2.0	2.0 and later	Ndis.h		Windows CE OS
wceddkNdisGetPacketFlags	NdisGetPacketFlags (Windows CE 3.0 Device Driver Developement)	2.0	2.0 and later	Ndis.h		Windows CE OS
wceddkNdisGetPhysicalAddressHigh	NdisGetPhysicalAddressHigh (Windows CE 3.0 Device Driver Developement)	2.0	2.0 and later	Ndis.h		Windows CE OS
wceddkNdisGetPhysicalAddressLow	NdisGetPhysicalAddressLow (Windows CE 3.0 Device Driver Developement)	2.0	2.0 and later	Ndis.h		Windows CE OS
wceddkNdisIMRevertBack	NdisIMRevertBack (Windows CE 3.0 Device Driver Developement)	2.0	2.0 and later	Ndis.h		Windows CE OS
wceddkNdisIMSwitchToMiniport	NdisIMSwitchToMiniport (Windows CE 3.0 Device Driver Developement)	2.0	2.0 and later	Ndis.h		Windows CE OS
wceddkNdisInitAnsiString	NdisInitAnsiString (Windows CE 3.0 Device Driver Developement)	2.0	2.0 and later	Ndis.h		Windows CE OS
wceddkNdisInitUnicodeString	NdisInitUnicodeString (Windows CE 3.0 Device Driver Developement)	2.0	2.0 and later	Ndis.h		Windows CE OS
wceddkNdisInitializeListHead	NdisInitializeListHead (Windows CE 3.0 Device Driver Developement)	2.0	2.0 and later	Ndis.h		Windows CE OS
wceddkNdisInitializeString	NdisInitializeString (Windows CE 3.0 Device Driver Developement)	2.0	2.0 and later	Ndis.h		Windows CE OS
wceddkNdisInterlockedInsertHeadList	NdisInterlockedInsertHeadList (Windows CE 3.0 Device Driver Developement)	2.0	2.0 and later	Ndis.h		Windows CE OS
wceddkNdisInterlockedInsertTailList	NdisInterlockedInsertTailList (Windows CE 3.0 Device Driver Developement)	2.0	2.0 and later	Ndis.h		Windows CE OS
wceddkNdisInterlockedRemoveHeadList	NdisInterlockedRemoveHeadList (Windows CE 3.0 Device Driver Developement)	2.0	2.0 and later	Ndis.h		Windows CE OS
wceddkNdisMAllocateMapRegisters	NdisMAllocateMapRegisters (Windows CE 3.0 Device Driver Developement)	2.0	2.0 and later	Ndis.h		Windows CE OS
wceddkNdisMCancelTimer	NdisMCancelTimer (Windows CE 3.0 Device Driver Developement)	2.0	2.0 and later	Ndis.h		Windows CE OS
wceddkNdisMDeregisterAdapterShutdownHandler	NdisMDeregisterAdapterShutdownHandler (Windows CE 3.0 Device Driver Developement)	2.0	2.0 and later	Ndis.h		Windows CE OS
wceddkNdisMDeregisterInterrupt	NdisMDeregisterInterrupt (Windows CE 3.0 Device Driver Developement)	2.0	2.0 and later	Ndis.h		Windows CE OS
wceddkNdisMDeregisterIoPortRange	NdisMDeregisterIoPortRange (Windows CE 3.0 Device Driver Developement)	2.0	2.0 and later	Ndis.h		Windows CE OS
wceddkNdisMEthIndicateReceive	NdisMEthIndicateReceive (Windows CE 3.0 Device Driver Developement)	2.0	2.0 and later	Ndis.h		Windows CE OS
wceddkNdisMEthIndicateReceiveComplete	NdisMEthIndicateReceiveComplete (Windows CE 3.0 Device Driver Developement)	2.0	2.0 and later	Ndis.h		Windows CE OS
wceddkNdisMFreeMapRegisters	NdisMFreeMapRegisters (Windows CE 3.0 Device Driver Developement)	2.0	2.0 and later	Ndis.h		Windows CE OS
wceddkNdisMIndicateReceivePacket	NdisMIndicateReceivePacket (Windows CE 3.0 Device Driver Developement)	2.0	2.0 and later	Ndis.h		Windows CE OS
wceddkNdisMIndicateStatus	NdisMIndicateStatus (Windows CE 3.0 Device Driver Developement)	2.0	2.0 and later	Ndis.h		Windows CE OS
wceddkNdisMIndicateStatusComplete	NdisMIndicateStatusComplete (Windows CE 3.0 Device Driver Developement)	2.0	2.0 and later	Ndis.h		Windows CE OS
wceddkNdisMInitializeTimer	NdisMInitializeTimer (Windows CE 3.0 Device Driver Developement)	2.0	2.0 and later	Ndis.h		Windows CE OS
wceddkNdisMInitializeWrapper	NdisMInitializeWrapper (Windows CE 3.0 Device Driver Developement)	2.0	2.0 and later	Ndis.h		Windows CE OS
wceddkNdisMMapIoSpace	NdisMMapIoSpace (Windows CE 3.0 Device Driver Developement)	2.0	2.0 and later	Ndis.h		Windows CE OS
wceddkNdisMPciAssignResources	NdisMPciAssignResources (Windows CE 3.0 Device Driver Developement)	2.0	2.0 and later	Ndis.h		Windows CE OS
wceddkNdisMQueryInformationComplete	NdisMQueryInformationComplete (Windows CE 3.0 Device Driver Developement)	2.0	2.0 and later	Ndis.h		Windows CE OS
wceddkNdisMRegisterAdapterShutdownHandler	NdisMRegisterAdapterShutdownHandler (Windows CE 3.0 Device Driver Developement)	2.0	2.0 and later	Ndis.h		Windows CE OS
wceddkNdisMRegisterInterrupt	NdisMRegisterInterrupt (Windows CE 3.0 Device Driver Developement)	2.0	2.0 and later	Ndis.h		Windows CE OS
wceddkNdisMRegisterIoPortRange	NdisMRegisterIoPortRange (Windows CE 3.0 Device Driver Developement)	2.0	2.0 and later	Ndis.h		Windows CE OS
wceddkNdisMRegisterMiniport	NdisMRegisterMiniport (Windows CE 3.0 Device Driver Developement)	2.0	2.0 and later	Ndis.h		Windows CE OS
wceddkNdisMResetComplete	NdisMResetComplete (Windows CE 3.0 Device Driver Developement)	2.0	2.0 and later	Ndis.h		Windows CE OS
wceddkNdisMSendComplete	NdisMSendComplete (Windows CE 3.0 Device Driver Developement)	2.0	2.0 and later	Ndis.h		Windows CE OS
wceddkNdisMSendResourcesAvailable	NdisMSendResourcesAvailable (Windows CE 3.0 Device Driver Developement)	2.0	2.0 and later	Ndis.h		Windows CE OS
wceddkNdisMSetAttributes	NdisMSetAttributes (Windows CE 3.0 Device Driver Developement)	2.0	2.0 and later	Ndis.h		Windows CE OS
wceddkNdisMSetAttributesEx	NdisMSetAttributesEx (Windows CE 3.0 Device Driver Developement)	2.0	2.0 and later	Ndis.h		Windows CE OS
wceddkNdisMSetInformationComplete	NdisMSetInformationComplete (Windows CE 3.0 Device Driver Developement)	2.0	2.0 and later	Ndis.h		Windows CE OS
wceddkNdisMSetPeriodicTimer	NdisMSetPeriodicTimer (Windows CE 3.0 Device Driver Developement)	2.0	2.0 and later	Ndis.h		Windows CE OS
wceddkNdisMSetTimer	NdisMSetTimer (Windows CE 3.0 Device Driver Developement)	2.0	2.0 and later	Ndis.h		Windows CE OS
wceddkNdisMSleep	NdisMSleep (Windows CE 3.0 Device Driver Developement)	2.0	2.0 and later	Ndis.h		Windows CE OS
wceddkNdisMSynchronizeWithInterrupt	NdisMSynchronizeWithInterrupt (Windows CE 3.0 Device Driver Developement)	2.0	2.0 and later	Ndis.h		Windows CE OS
wceddkNdisMTrIndicateReceive	NdisMTrIndicateReceive (Windows CE 3.0 Device Driver Developement)	3.0	3.0 and later	Ndis.h		Windows CE OS
wceddkNdisMTrIndicateReceiveComplete	NdisMTrIndicateReceiveComplete (Windows CE 3.0 Device Driver Developement)	3.0	3.0 and later	Ndis.h		Windows CE OS
wceddkNdisMTransferDataComplete	NdisMTransferDataComplete (Windows CE 3.0 Device Driver Developement)	2.0	2.0 and later	Ndis.h		Windows CE OS
wceddkNdisMUnmapIoSpace	NdisMUnmapIoSpace (Windows CE 3.0 Device Driver Developement)	2.0	2.0 and later	Ndis.h		Windows CE OS
wceddkNdisMUpdateSharedMemory	NdisMUpdateSharedMemory (Windows CE 3.0 Device Driver Developement)	2.0	2.0 and later	Ndis.h		Windows CE OS
wceddkNdisMoveFromMappedMemory	NdisMoveFromMappedMemory (Windows CE 3.0 Device Driver Developement)	2.0	2.0 and later	Ndis.h		Windows CE OS
wceddkNdisMoveMappedMemory	NdisMoveMappedMemory (Windows CE 3.0 Device Driver Developement)	2.0	2.0 and later	Ndis.h		Windows CE OS
wceddkNdisMoveMemory	NdisMoveMemory (Windows CE 3.0 Device Driver Developement)	2.0	2.0 and later	Ndis.h		Windows CE OS
wceddkNdisMoveToMappedMemory	NdisMoveToMappedMemory (Windows CE 3.0 Device Driver Developement)	2.0	2.0 and later	Ndis.h		Windows CE OS
wceddkNdisOpenAdapter	NdisOpenAdapter (Windows CE 3.0 Device Driver Developement)	2.0	2.0 and later	Ndis.h		Windows CE OS
wceddkNdisOpenConfiguration	NdisOpenConfiguration (Windows CE 3.0 Device Driver Developement)	2.0	2.0 and later	Ndis.h		Windows CE OS
wceddkNdisOpenProtocolConfiguration	NdisOpenProtocolConfiguration (Windows CE 3.0 Device Driver Developement)	2.0	2.0 and later	Ndis.h		Windows CE OS
wceddkNdisPrintString	NdisPrintString (Windows CE 3.0 Device Driver Developement)	2.0	2.0 and later	Ndis.h		Windows CE OS
wceddkNdisQueryBuffer	NdisQueryBuffer (Windows CE 3.0 Device Driver Developement)	2.0	2.0 and later	Ndis.h		Windows CE OS
wceddkNdisQueryBufferOffset	NdisQueryBufferOffset (Windows CE 3.0 Device Driver Developement)	2.0	2.0 and later	Ndis.h		Windows CE OS
wceddkNdisQueryMapRegisterCount	NdisQueryMapRegisterCount (Windows CE 3.0 Device Driver Developement)	2.0	2.0 and later	Ndis.h		Windows CE OS
wceddkNdisQueryPacket	NdisQueryPacket (Windows CE 3.0 Device Driver Developement)	2.0	2.0 and later	Ndis.h		Windows CE OS
wceddkNdisRawReadPortBufferUchar	NdisRawReadPortBufferUchar (Windows CE 3.0 Device Driver Developement)	2.0	2.0 and later	Ndis.h		Windows CE OS
wceddkNdisRawReadPortBufferUlong	NdisRawReadPortBufferUlong (Windows CE 3.0 Device Driver Developement)	2.0	2.0 and later	Ndis.h		Windows CE OS
wceddkNdisRawReadPortBufferUshort	NdisRawReadPortBufferUshort (Windows CE 3.0 Device Driver Developement)	2.0	2.0 and later	Ndis.h		Windows CE OS
wceddkNdisRawReadPortUchar	NdisRawReadPortUchar (Windows CE 3.0 Device Driver Developement)	2.0	2.0 and later	Ndis.h		Windows CE OS
wceddkNdisRawReadPortUlong	NdisRawReadPortUlong (Windows CE 3.0 Device Driver Developement)	2.0	2.0 and later	Ndis.h		Windows CE OS
wceddkNdisRawReadPortUshort	NdisRawReadPortUshort (Windows CE 3.0 Device Driver Developement)	2.0	2.0 and later	Ndis.h		Windows CE OS
wceddkNdisRawWritePortBufferUchar	NdisRawWritePortBufferUchar (Windows CE 3.0 Device Driver Developement)	2.0	2.0 and later	Ndis.h		Windows CE OS
wceddkNdisRawWritePortBufferUlong	NdisRawWritePortBufferUlong (Windows CE 3.0 Device Driver Developement)	2.0	2.0 and later	Ndis.h		Windows CE OS
wceddkNdisRawWritePortBufferUshort	NdisRawWritePortBufferUshort (Windows CE 3.0 Device Driver Developement)	2.0	2.0 and later	Ndis.h		Windows CE OS
wceddkNdisRawWritePortUchar	NdisRawWritePortUchar (Windows CE 3.0 Device Driver Developement)	2.0	2.0 and later	Ndis.h		Windows CE OS
wceddkNdisRawWritePortUlong	NdisRawWritePortUlong (Windows CE 3.0 Device Driver Developement)	2.0	2.0 and later	Ndis.h		Windows CE OS
wceddkNdisRawWritePortUshort	NdisRawWritePortUshort (Windows CE 3.0 Device Driver Developement)	2.0	2.0 and later	Ndis.h		Windows CE OS
wceddkNdisReadConfiguration	NdisReadConfiguration (Windows CE 3.0 Device Driver Developement)	2.0	2.0 and later	Ndis.h		Windows CE OS
wceddkNdisReadNetworkAddress	NdisReadNetworkAddress (Windows CE 3.0 Device Driver Developement)	2.0	2.0 and later	Ndis.h		Windows CE OS
wceddkNdisReadPciSlotInformation	NdisReadPciSlotInformation (Windows CE 3.0 Device Driver Developement)	2.0	2.0 and later	Ndis.h		Windows CE OS
wceddkNdisRebindProtocolsToAdapter	NdisRebindProtocolsToAdapter (Windows CE 3.0 Device Driver Developement)	3.0	3.0 and later	Ndis.h		Windows CE OS
wceddkNdisRecalculatePacketCounts	NdisRecalculatePacketCounts (Windows CE 3.0 Device Driver Developement)	2.0	2.0 and later	Ndis.h		Windows CE OS
wceddkNdisRegisterAdapter	NdisRegisterAdapter (Windows CE 3.0 Device Driver Developement)	3.0	3.0 and later	Ndis.h		Windows CE OS
wceddkNdisRegisterProtocol	NdisRegisterProtocol (Windows CE 3.0 Device Driver Developement)	2.0	2.0 and later	Ndis.h		Windows CE OS
wceddkNdisReinitializePacket	NdisReinitializePacket (Windows CE 3.0 Device Driver Developement)	2.0	2.0 and later	Ndis.h		Windows CE OS
wceddkNdisReleaseSpinLock	NdisReleaseSpinLock (Windows CE 3.0 Device Driver Developement)	2.0	2.0 and later	Ndis.h		Windows CE OS
wceddkNdisRequest	NdisRequest (Windows CE 3.0 Device Driver Developement)	2.0	2.0 and later	Ndis.h		Windows CE OS
wceddkNdisReset	NdisReset (Windows CE 3.0 Device Driver Developement)	2.0	2.0 and later	Ndis.h		Windows CE OS
wceddkNdisResetComplete	NdisResetComplete (Windows CE 3.0 Device Driver Developement)	2.0	2.0 and later	Ndis.h		Windows CE OS
wceddkNdisReturnPackets	NdisReturnPackets (Windows CE 3.0 Device Driver Developement)	2.0	2.0 and later	Ndis.h		Windows CE OS
wceddkNdisSend	NdisSend (Windows CE 3.0 Device Driver Developement)	2.0	2.0 and later	Ndis.h		Windows CE OS
wceddkNdisSetPacketFlags	NdisSetPacketFlags (Windows CE 3.0 Device Driver Developement)	2.0	2.0 and later	Ndis.h		Windows CE OS
wceddkNdisSetPhysicalAddressHigh	NdisSetPhysicalAddressHigh (Windows CE 3.0 Device Driver Developement)	2.0	2.0 and later	Ndis.h		Windows CE OS
wceddkNdisSetPhysicalAddressLow	NdisSetPhysicalAddressLow (Windows CE 3.0 Device Driver Developement)	2.0	2.0 and later	Ndis.h		Windows CE OS
wceddkNdisStallExecution	NdisStallExecution (Windows CE 3.0 Device Driver Developement)	2.0	2.0 and later	Ndis.h		Windows CE OS
wceddkNdisTerminateWrapper	NdisTerminateWrapper (Windows CE 3.0 Device Driver Developement)	2.0	2.0 and later	Ndis.h		Windows CE OS
wceddkNdisTransferData	NdisTransferData (Windows CE 3.0 Device Driver Developement)	2.0	2.0 and later	Ndis.h		Windows CE OS
wceddkNdisUnchainBufferAtBack	NdisUnchainBufferAtBack (Windows CE 3.0 Device Driver Developement)	2.0	2.0 and later	Ndis.h		Windows CE OS
wceddkNdisUnchainBufferAtFront	NdisUnchainBufferAtFront (Windows CE 3.0 Device Driver Developement)	2.0	2.0 and later	Ndis.h		Windows CE OS
wceddkNdisUnicodeStringToAnsiString	NdisUnicodeStringToAnsiString (Windows CE 3.0 Device Driver Developement)	2.0	2.0 and later	Ndis.h		Windows CE OS
wceddkNdisWriteConfiguration	NdisWriteConfiguration (Windows CE 3.0 Device Driver Developement)	2.0	2.0 and later	Ndis.h		Windows CE OS
wceddkNdisWriteErrorLogEntry	NdisWriteErrorLogEntry (Windows CE 3.0 Device Driver Developement)	2.0	2.0 and later	Ndis.h		Windows CE OS
wceddkNdisWritePciSlotInformation	NdisWritePciSlotInformation (Windows CE 3.0 Device Driver Developement)	2.0	2.0 and later	Ndis.h		Windows CE OS
wceddkNdisZeroMappedMemory	NdisZeroMappedMemory (Windows CE 3.0 Device Driver Developement)	2.0	2.0 and later	Ndis.h		Windows CE OS
wceddkNdisZeroMemory	NdisZeroMemory (Windows CE 3.0 Device Driver Developement)	2.0	2.0 and later	Ndis.h		Windows CE OS
wceddkOhcdMdd_CreateMemoryObject	OhcdMdd_CreateMemoryObject (Windows CE 3.0 Device Driver Developement)	1.0	1.0 and later	Ohcdddsi.h		Windows CE OS
wceddkOhcdMdd_CreateOhcdObject	OhcdMdd_CreateOhcdObject (Windows CE 3.0 Device Driver Developement)	1.0	1.0 and later	Ohcdddsi.h		Windows CE OS
wceddkOhcdMdd_DestroyMemoryObject	OhcdMdd_DestroyMemoryObject (Windows CE 3.0 Device Driver Developement)	1.0	1.0 and later	Ohcdddsi.h		Windows CE OS
wceddkOhcdMdd_DestroyOhcdObject	OhcdMdd_DestroyOhcdObject (Windows CE 3.0 Device Driver Developement)	1.0	1.0 and later	Ohcdddsi.h		Windows CE OS
wceddkOhcdMdd_PowerDown	OhcdMdd_PowerDown (Windows CE 3.0 Device Driver Developement)	1.0	1.0 and later	Ohcdddsi.h		Windows CE OS
wceddkOhcdMdd_PowerUp	OhcdMdd_PowerUp (Windows CE 3.0 Device Driver Developement)	1.0	1.0 and later	Ohcdddsi.h		Windows CE OS
wceddkOhcdPdd_CheckConfigPower	OhcdPdd_CheckConfigPower (Windows CE 3.0 Device Driver Developement)	1.0	1.0 and later	Ohcdddsi.h		Windows CE OS
wceddkOhcdPdd_Close	OhcdPdd_Close (Windows CE 3.0 Device Driver Developement)	1.0	1.0 and later	Ohcdddsi.h		Windows CE OS
wceddkOhcdPdd_Deinit	OhcdPdd_Deinit (Windows CE 3.0 Device Driver Developement)	1.0	1.0 and later	Ohcdddsi.h		Windows CE OS
wceddkOhcdPdd_DllMain	OhcdPdd_DllMain (Windows CE 3.0 Device Driver Developement)	1.0	1.0 and later	Ohcdddsi.h		Windows CE OS
wceddkOhcdPdd_IOControl	OhcdPdd_IOControl (Windows CE 3.0 Device Driver Developement)	1.0	1.0 and later	Ohcdddsi.h		Windows CE OS
wceddkOhcdPdd_Init	OhcdPdd_Init (Windows CE 3.0 Device Driver Developement)	1.0	1.0 and later	Ohcdddsi.h		Windows CE OS
wceddkOhcdPdd_Open	OhcdPdd_Open (Windows CE 3.0 Device Driver Developement)	1.0	1.0 and later	Ohcdddsi.h		Windows CE OS
wceddkOhcdPdd_PowerDown	OhcdPdd_PowerDown (Windows CE 3.0 Device Driver Developement)	1.0	1.0 and later	Ohcdddsi.h		Windows CE OS
wceddkOhcdPdd_PowerUp	OhcdPdd_PowerUp (Windows CE 3.0 Device Driver Developement)	1.0	1.0 and later	Ohcdddsi.h		Windows CE OS
wceddkOhcdPdd_Read	OhcdPdd_Read (Windows CE 3.0 Device Driver Developement)	1.0	1.0 and later	Ohcdddsi.h		Windows CE OS
wceddkOhcdPdd_Seek	OhcdPdd_Seek (Windows CE 3.0 Device Driver Developement)	1.0	1.0 and later			Windows CE OS
wceddkOhcdPdd_Write	OhcdPdd_Write (Windows CE 3.0 Device Driver Developement)	1.0	1.0 and later	Ohcdddsi.h		Windows CE OS
wceddkOpenClientRegistryKey	OpenClientRegistryKey (Windows CE 3.0 Device Driver Developement)	2.10	2.10 and later			Windows CE OS
wceddkOpenPipe	OpenPipe (Windows CE 3.0 Device Driver Developement)	2.10	2.10 and later			Windows CE OS
wceddkPARSED_CFTABLE	PARSED_CFTABLE (Windows CE 3.0 Device Driver Developement)	1.0	1.0 and later			Windows CE OS
wceddkPARSED_CONFIG	PARSED_CONFIG (Windows CE 3.0 Device Driver Developement)	1.0	1.0 and later			Windows CE OS
wceddkPDCARD_ADAPTER_INFO	PDCARD_ADAPTER_INFO (Windows CE 3.0 Device Driver Developement)	1.0	1.0 and later	Sockserv.h		Windows CE OS
wceddkPDCARD_POWER_ENTRY	PDCARD_POWER_ENTRY (Windows CE 3.0 Device Driver Developement)	1.0	1.0 and later	Sockserv.h		Windows CE OS
wceddkPDCARD_SOCKET_STATE	PDCARD_SOCKET_STATE (Windows CE 3.0 Device Driver Developement)	1.0	1.0 and later	Sockserv.h		Windows CE OS
wceddkPDCARD_WINDOW_INFO	PDCARD_WINDOW_INFO (Windows CE 3.0 Device Driver Developement)	1.0	1.0 and later	Sockserv.h		Windows CE OS
wceddkPDCARD_WINDOW_STATE	PDCARD_WINDOW_STATE (Windows CE 3.0 Device Driver Developement)	1.0	1.0 and later	Sockserv.h		Windows CE OS
wceddkPDCardGetAdapter	PDCardGetAdapter (Windows CE 3.0 Device Driver Developement)	1.0	1.0 and later			Windows CE OS
wceddkPDCardGetSocket	PDCardGetSocket (Windows CE 3.0 Device Driver Developement)	1.0	1.0 and later			Windows CE OS
wceddkPDCardGetWindow	PDCardGetWindow (Windows CE 3.0 Device Driver Developement)	1.0	1.0 and later			Windows CE OS
wceddkPDCardInquireAdapter	PDCardInquireAdapter (Windows CE 3.0 Device Driver Developement)	1.0	1.0 and later			Windows CE OS
wceddkPDCardInquireWindow	PDCardInquireWindow (Windows CE 3.0 Device Driver Developement)	1.0	1.0 and later			Windows CE OS
wceddkPDCardReadAttrByte	PDCardReadAttrByte (Windows CE 3.0 Device Driver Developement)	1.0	1.0 and later			Windows CE OS
wceddkPDCardReadCmnByte	PDCardReadCmnByte (Windows CE 3.0 Device Driver Developement)	1.0	1.0 and later			Windows CE OS
wceddkPDCardResetSocket	PDCardResetSocket (Windows CE 3.0 Device Driver Developement)	1.0	1.0 and later			Windows CE OS
wceddkPDCardSetAdapter	PDCardSetAdapter (Windows CE 3.0 Device Driver Developement)	1.0	1.0 and later			Windows CE OS
wceddkPDCardSetSocket	PDCardSetSocket (Windows CE 3.0 Device Driver Developement)	1.0	1.0 and later			Windows CE OS
wceddkPDCardSetWindow	PDCardSetWindow (Windows CE 3.0 Device Driver Developement)	1.0	1.0 and later			Windows CE OS
wceddkPDCardWriteAttrByte	PDCardWriteAttrByte (Windows CE 3.0 Device Driver Developement)	1.0	1.0 and later			Windows CE OS
wceddkPDCardWriteCmnByte	PDCardWriteCmnByte (Windows CE 3.0 Device Driver Developement)	1.0	1.0 and later			Windows CE OS
wceddkPDD_AudioDeinitialize	PDD_AudioDeinitialize (Windows CE 3.0 Device Driver Developement)	1.0	1.0 and later	Waveddsi.h		Windows CE OS
wceddkPDD_AudioGetInterruptType	PDD_AudioGetInterruptType (Windows CE 3.0 Device Driver Developement)	1.0	1.0 and later	Waveddsi.h		Windows CE OS
wceddkPDD_AudioInitialize	PDD_AudioInitialize (Windows CE 3.0 Device Driver Developement)	1.0	1.0 and later	Waveddsi.h		Windows CE OS
wceddkPDD_AudioMessage	PDD_AudioMessage (Windows CE 3.0 Device Driver Developement)	1.0	1.0 and later	Waveddsi.h		Windows CE OS
wceddkPDD_AudioPowerHandler	PDD_AudioPowerHandler (Windows CE 3.0 Device Driver Developement)	1.0	1.0 and later	Waveddsi.h		Windows CE OS
wceddkPDD_WaveProc	PDD_WaveProc (Windows CE 3.0 Device Driver Developement)	1.0	1.0 and later	Waveddsi.h		Windows CE OS
wceddkPOWER_DESCR	POWER_DESCR (Windows CE 3.0 Device Driver Developement)	1.0	1.0 and later			Windows CE OS
wceddkPopEntryList	PopEntryList (Windows CE 3.0 Device Driver Developement)	1.0	1.0 and later	Ntcompat.h		Windows CE OS
wceddkPrinterClose	PrinterClose (Windows CE 3.0 Device Driver Developement)	1.0	1.0 and later			Windows CE OS
wceddkPrinterOpen	PrinterOpen (Windows CE 3.0 Device Driver Developement)	1.0	1.0 and later			Windows CE OS
wceddkPrinterSend	PrinterSend (Windows CE 3.0 Device Driver Developement)	1.0	1.0 and later			Windows CE OS
wceddkProtocolReceivePacket	ProtocolReceivePacket (Windows CE 3.0 Device Driver Developement)	3.0	3.0 and later	Ndis.h		Windows CE OS
wceddkPushEntryList	PushEntryList (Windows CE 3.0 Device Driver Developement)	1.0	1.0 and later	Ntcompat.h		Windows CE OS
wceddkRDF_CARD_EJECT	RDF_CARD_EJECT (Windows CE 3.0 Device Driver Developement)	3.0	3.0 and later			Windows CE OS
wceddkRDF_CARD_POWER	RDF_CARD_POWER (Windows CE 3.0 Device Driver Developement)	3.0	3.0 and later			Windows CE OS
wceddkRDF_CARD_TRACKING	RDF_CARD_TRACKING (Windows CE 3.0 Device Driver Developement)	3.0	3.0 and later			Windows CE OS
wceddkRDF_IOCTL_VENDOR	RDF_IOCTL_VENDOR (Windows CE 3.0 Device Driver Developement)	3.0	3.0 and later			Windows CE OS
wceddkRDF_READER_SWALLOW	RDF_READER_SWALLOW (Windows CE 3.0 Device Driver Developement)	3.0	3.0 and later			Windows CE OS
wceddkRDF_SET_PROTOCOL	RDF_SET_PROTOCOL (Windows CE 3.0 Device Driver Developement)	3.0	3.0 and later			Windows CE OS
wceddkRDF_TRANSMIT	RDF_TRANSMIT (Windows CE 3.0 Device Driver Developement)	3.0	3.0 and later			Windows CE OS
wceddkRegisterClientDriverID	RegisterClientDriverID (Windows CE 3.0 Device Driver Developement)	2.10	2.10 and later			Windows CE OS
wceddkRegisterClientSettings	RegisterClientSettings (Windows CE 3.0 Device Driver Developement)	2.10	2.10 and later			Windows CE OS
wceddkRegisterDevice	RegisterDevice (Windows CE 3.0 Device Driver Developement)	2.0	2.0 and later	Ntcompat.h		Windows CE OS
wceddkRegisterNotificationRoutine	RegisterNotificationRoutine (Windows CE 3.0 Device Driver Developement)	2.10	2.10 and later			Windows CE OS
wceddkReleaseFrameLengthControl	ReleaseFrameLengthControl (Windows CE 3.0 Device Driver Developement)	2.10	2.10 and later			Windows CE OS
wceddkRemoveEntryList	RemoveEntryList (Windows CE 3.0 Device Driver Developement)	2.0	2.0 and later	Ntcompat.h		Windows CE OS
wceddkRemoveHeadList	RemoveHeadList (Windows CE 3.0 Device Driver Developement)	2.0	2.0 and later	Ntcompat.h		Windows CE OS
wceddkRemoveTailList	RemoveTailList (Windows CE 3.0 Device Driver Developement)	2.0	2.0 and later	Ntcompat.h		Windows CE OS
wceddkReportPrinterStatus	ReportPrinterStatus (Windows CE 3.0 Device Driver Developement)	2.0	2.0 and later	Prnport.h		Windows CE OS
wceddkResetDefaultPipe	ResetDefaultPipe (Windows CE 3.0 Device Driver Developement)	1.0	1.0 and later			Windows CE OS
wceddkResetPipe	ResetPipe (Windows CE 3.0 Device Driver Developement)	2.10	2.10 and later			Windows CE OS
wceddkSetDescriptor	SetDescriptor (Windows CE 3.0 Device Driver Developement)	2.10	2.10 and later			Windows CE OS
wceddkSetFeature	SetFeature (Windows CE 3.0 Device Driver Developement)	2.10	2.10 and later			Windows CE OS
wceddkSetFrameLength	SetFrameLength (Windows CE 3.0 Device Driver Developement)	2.10	2.10 and later			Windows CE OS
wceddkSetInterface	SetInterface (Windows CE 3.0 Device Driver Developement)	2.10	2.10 and later			Windows CE OS
wceddkSmartcardCreateLink	SmartcardCreateLink (Windows CE 3.0 Device Driver Developement)	3.0	3.0 and later			Windows CE OS
wceddkSmartcardDeleteLink	SmartcardDeleteLink (Windows CE 3.0 Device Driver Developement)	3.0	3.0 and later			Windows CE OS
wceddkSmartcardDeviceControl	SmartcardDeviceControl (Windows CE 3.0 Device Driver Developement)	3.0	3.0 and later			Windows CE OS
wceddkSmartcardExit	SmartcardExit (Windows CE 3.0 Device Driver Developement)	3.0	3.0 and later			Windows CE OS
wceddkSmartcardInitialize	SmartcardInitialize (Windows CE 3.0 Device Driver Developement)	3.0	3.0 and later			Windows CE OS
wceddkSmartcardLockDevice	SmartcardLockDevice (Windows CE 3.0 Device Driver Developement)	3.0	3.0 and later			Windows CE OS
wceddkSmartcardRawReply	SmartcardRawReply (Windows CE 3.0 Device Driver Developement)	3.0	3.0 and later			Windows CE OS
wceddkSmartcardRawRequest	SmartcardRawRequest (Windows CE 3.0 Device Driver Developement)	3.0	3.0 and later			Windows CE OS
wceddkSmartcardT0Reply	SmartcardT0Reply (Windows CE 3.0 Device Driver Developement)	3.0	3.0 and later			Windows CE OS
wceddkSmartcardT0Request	SmartcardT0Request (Windows CE 3.0 Device Driver Developement)	3.0	3.0 and later			Windows CE OS
wceddkSmartcardT1Reply	SmartcardT1Reply (Windows CE 3.0 Device Driver Developement)	3.0	3.0 and later			Windows CE OS
wceddkSmartcardT1Request	SmartcardT1Request (Windows CE 3.0 Device Driver Developement)	3.0	3.0 and later			Windows CE OS
wceddkSmartcardUnlockDevice	SmartcardUnlockDevice (Windows CE 3.0 Device Driver Developement)	3.0	3.0 and later			Windows CE OS
wceddkSmartcardUpdateCardCapabilities	SmartcardUpdateCardCapabilities (Windows CE 3.0 Device Driver Developement)	3.0	3.0 and later			Windows CE OS
wceddkSyncFrame	SyncFrame (Windows CE 3.0 Device Driver Developement)	2.10	2.10 and later			Windows CE OS
wceddkTOUCHPANEL_POINT_SAMPLE	TOUCHPANEL_POINT_SAMPLE (Windows CE 3.0 Device Driver Developement)	1.0	1.0 and later	Tchaud.h		Windows CE OS
wceddkTakeFrameLengthControl	TakeFrameLengthControl (Windows CE 3.0 Device Driver Developement)	2.10	2.10 and later			Windows CE OS
wceddkTouchPanelCalibrateAPoint	TouchPanelCalibrateAPoint (Windows CE 3.0 Device Driver Developement)	1.0	1.0 and later	Tchddi.h		Windows CE OS
wceddkTouchPanelDisable	TouchPanelDisable (Windows CE 3.0 Device Driver Developement)	1.0	1.0 and later	Tchddi.h		Windows CE OS
wceddkTouchPanelEnable	TouchPanelEnable (Windows CE 3.0 Device Driver Developement)	1.0	1.0 and later	Tchddi.h		Windows CE OS
wceddkTouchPanelGetDeviceCaps	TouchPanelGetDeviceCaps (Windows CE 3.0 Device Driver Developement)	1.0	1.0 and later	Tchddi.h		Windows CE OS
wceddkTouchPanelPowerHandler	TouchPanelPowerHandler (Windows CE 3.0 Device Driver Developement)	1.0	1.0 and later	Tchddi.h		Windows CE OS
wceddkTouchPanelReadCalibrationAbort	TouchPanelReadCalibrationAbort (Windows CE 3.0 Device Driver Developement)	1.0	1.0 and later	Tchddi.h		Windows CE OS
wceddkTouchPanelReadCalibrationPoint	TouchPanelReadCalibrationPoint (Windows CE 3.0 Device Driver Developement)	1.0	1.0 and later	Tchddi.h		Windows CE OS
wceddkTouchPanelSetCalibration	TouchPanelSetCalibration (Windows CE 3.0 Device Driver Developement)	1.0	1.0 and later	Tchddi.h		Windows CE OS
wceddkTouchPanelSetMode	TouchPanelSetMode (Windows CE 3.0 Device Driver Developement)	1.0	1.0 and later	Tchddi.h		Windows CE OS
wceddkTranslateStringDescr	TranslateStringDescr (Windows CE 3.0 Device Driver Developement)	2.10	2.10 and later			Windows CE OS
wceddkUSBDeviceAttach	USBDeviceAttach (Windows CE 3.0 Device Driver Developement)	2.10	2.10 and later			Windows CE OS
wceddkUSBInstallDriver	USBInstallDriver (Windows CE 3.0 Device Driver Developement)	2.10	2.10 and later			Windows CE OS
wceddkUSBUnInstallDriver	USBUnInstallDriver (Windows CE 3.0 Device Driver Developement)	2.10	2.10 and later			Windows CE OS
wceddkUSB_DEVICE	USB_DEVICE (Windows CE 3.0 Device Driver Developement)	2.10	2.10 and later	usb100.h		Windows CE OS
wceddkUSB_DRIVER_SETTINGS	USB_DRIVER_SETTINGS (Windows CE 3.0 Device Driver Developement)	1.0	1.0 and later	Usbdi.h		Windows CE OS
wceddkUSB_ENDPOINT	USB_ENDPOINT (Windows CE 3.0 Device Driver Developement)	2.10	2.10 and later	usb100.h		Windows CE OS
wceddkUSB_INTERFACE	USB_INTERFACE (Windows CE 3.0 Device Driver Developement)	2.10	2.10 and later	usb100.h		Windows CE OS
wceddkUnRegisterClientSettings	UnRegisterClientSettings (Windows CE 3.0 Device Driver Developement)	2.10	2.10 and later			Windows CE OS
wceddkUnRegisterNotificationRoutine	UnRegisterNotificationRoutine (Windows CE 3.0 Device Driver Developement)	2.10	2.10 and later			Windows CE OS
wceddkVIDEO_POWER_MANAGEMENT	VIDEO_POWER_MANAGEMENT (Windows CE 3.0 Device Driver Developement)	2.10	2.10 and later			Windows CE OS
wceddkWAVEOPENDESC	WAVEOPENDESC (Windows CE 3.0 Device Driver Developement)	1.0	1.0 and later	Mmddk.h		Windows CE OS
wceddkWAV_Close	WAV_Close (Windows CE 3.0 Device Driver Developement)	1.0	1.0 and later			Windows CE OS
wceddkWAV_Deinit	WAV_Deinit (Windows CE 3.0 Device Driver Developement)	1.0	1.0 and later			Windows CE OS
wceddkWAV_IOControl	WAV_IOControl (Windows CE 3.0 Device Driver Developement)	1.0	1.0 and later			Windows CE OS
wceddkWAV_Init	WAV_Init (Windows CE 3.0 Device Driver Developement)	1.0	1.0 and later			Windows CE OS
wceddkWAV_Open	WAV_Open (Windows CE 3.0 Device Driver Developement)	1.0	1.0 and later			Windows CE OS
wceddkWAV_PowerDown	WAV_PowerDown (Windows CE 3.0 Device Driver Developement)	1.0	1.0 and later			Windows CE OS
wceddkWAV_PowerUp	WAV_PowerUp (Windows CE 3.0 Device Driver Developement)	1.0	1.0 and later			Windows CE OS
wceddkWAV_Read	WAV_Read (Windows CE 3.0 Device Driver Developement)	1.0	1.0 and later			Windows CE OS
wceddkWAV_Seek	WAV_Seek (Windows CE 3.0 Device Driver Developement)	1.0	1.0 and later			Windows CE OS
wceddkWAV_Write	WAV_Write (Windows CE 3.0 Device Driver Developement)	1.0	1.0 and later			Windows CE OS
wceddkWIDM_ADDBUFFER	WIDM_ADDBUFFER (Windows CE 3.0 Device Driver Developement)	1.0	1.0 and later			Windows CE OS
wceddkWIDM_CLOSE	WIDM_CLOSE (Windows CE 3.0 Device Driver Developement)	1.0	1.0 and later			Windows CE OS
wceddkWIDM_GETDEVCAPS	WIDM_GETDEVCAPS (Windows CE 3.0 Device Driver Developement)	1.0	1.0 and later			Windows CE OS
wceddkWIDM_GETNUMDEVS	WIDM_GETNUMDEVS (Windows CE 3.0 Device Driver Developement)	1.0	1.0 and later			Windows CE OS
wceddkWIDM_GETPOS	WIDM_GETPOS (Windows CE 3.0 Device Driver Developement)	1.0	1.0 and later			Windows CE OS
wceddkWIDM_OPEN	WIDM_OPEN (Windows CE 3.0 Device Driver Developement)	1.0	1.0 and later			Windows CE OS
wceddkWIDM_PREPARE	WIDM_PREPARE (Windows CE 3.0 Device Driver Developement)	1.0	1.0 and later			Windows CE OS
wceddkWIDM_RESET	WIDM_RESET (Windows CE 3.0 Device Driver Developement)	1.0	1.0 and later			Windows CE OS
wceddkWIDM_START	WIDM_START (Windows CE 3.0 Device Driver Developement)	1.0	1.0 and later			Windows CE OS
wceddkWIDM_STOP	WIDM_STOP (Windows CE 3.0 Device Driver Developement)	1.0	1.0 and later			Windows CE OS
wceddkWIDM_UNPREPARE	WIDM_UNPREPARE (Windows CE 3.0 Device Driver Developement)	1.0	1.0 and later			Windows CE OS
wceddkWODM_BREAKLOOP	WODM_BREAKLOOP (Windows CE 3.0 Device Driver Developement)	1.0	1.0 and later			Windows CE OS
wceddkWODM_CLOSE	WODM_CLOSE (Windows CE 3.0 Device Driver Developement)	1.0	1.0 and later			Windows CE OS
wceddkWODM_GETDEVCAPS	WODM_GETDEVCAPS (Windows CE 3.0 Device Driver Developement)	1.0	1.0 and later			Windows CE OS
wceddkWODM_GETNUMDEVS	WODM_GETNUMDEVS (Windows CE 3.0 Device Driver Developement)	1.0	1.0 and later			Windows CE OS
wceddkWODM_GETPITCH	WODM_GETPITCH (Windows CE 3.0 Device Driver Developement)	1.0	1.0 and later			Windows CE OS
wceddkWODM_GETPLAYBACKRATE	WODM_GETPLAYBACKRATE (Windows CE 3.0 Device Driver Developement)	1.0	1.0 and later			Windows CE OS
wceddkWODM_GETPOS	WODM_GETPOS (Windows CE 3.0 Device Driver Developement)	1.0	1.0 and later			Windows CE OS
wceddkWODM_GETVOLUME	WODM_GETVOLUME (Windows CE 3.0 Device Driver Developement)	1.0	1.0 and later			Windows CE OS
wceddkWODM_OPEN	WODM_OPEN (Windows CE 3.0 Device Driver Developement)	1.0	1.0 and later			Windows CE OS
wceddkWODM_PAUSE	WODM_PAUSE (Windows CE 3.0 Device Driver Developement)	1.0	1.0 and later			Windows CE OS
wceddkWODM_PREPARE	WODM_PREPARE (Windows CE 3.0 Device Driver Developement)	1.0	1.0 and later			Windows CE OS
wceddkWODM_RESET	WODM_RESET (Windows CE 3.0 Device Driver Developement)	1.0	1.0 and later			Windows CE OS
wceddkWODM_RESTART	WODM_RESTART (Windows CE 3.0 Device Driver Developement)	1.0	1.0 and later			Windows CE OS
wceddkWODM_SETPITCH	WODM_SETPITCH (Windows CE 3.0 Device Driver Developement)	1.0	1.0 and later			Windows CE OS
wceddkWODM_SETPLAYBACKRATE	WODM_SETPLAYBACKRATE (Windows CE 3.0 Device Driver Developement)	1.0	1.0 and later			Windows CE OS
wceddkWODM_SETVOLUME	WODM_SETVOLUME (Windows CE 3.0 Device Driver Developement)	1.0	1.0 and later			Windows CE OS
wceddkWODM_UNPREPARE	WODM_UNPREPARE (Windows CE 3.0 Device Driver Developement)	1.0	1.0 and later			Windows CE OS
wceddkWODM_WRITE	WODM_WRITE (Windows CE 3.0 Device Driver Developement)	1.0	1.0 and later			Windows CE OS
wceddkWPDM_CLOSE	WPDM_CLOSE (Windows CE 3.0 Device Driver Developement)	1.0	1.0 and later			Windows CE OS
wceddkWPDM_CONTINUE	WPDM_CONTINUE (Windows CE 3.0 Device Driver Developement)	1.0	1.0 and later	Waveddsi.h		Windows CE OS
wceddkWPDM_ENDOFDATA	WPDM_ENDOFDATA (Windows CE 3.0 Device Driver Developement)	1.0	1.0 and later	Waveddsi.h		Windows CE OS
wceddkWPDM_GETDEVCAPS	WPDM_GETDEVCAPS (Windows CE 3.0 Device Driver Developement)	1.0	1.0 and later	Waveddsi.h		Windows CE OS
wceddkWPDM_GETVOLUME	WPDM_GETVOLUME (Windows CE 3.0 Device Driver Developement)	1.0	1.0 and later	Waveddsi.h		Windows CE OS
wceddkWPDM_OPEN	WPDM_OPEN (Windows CE 3.0 Device Driver Developement)	1.0	1.0 and later	Waveddsi.h		Windows CE OS
wceddkWPDM_PAUSE	WPDM_PAUSE (Windows CE 3.0 Device Driver Developement)	1.0	1.0 and later	Waveddsi.h		Windows CE OS
wceddkWPDM_RESTART	WPDM_RESTART (Windows CE 3.0 Device Driver Developement)	1.0	1.0 and later	Waveddsi.h		Windows CE OS
wceddkWPDM_SETVOLUME	WPDM_SETVOLUME (Windows CE 3.0 Device Driver Developement)	1.0	1.0 and later	Waveddsi.h		Windows CE OS
wceddkWPDM_STANDBY	WPDM_STANDBY (Windows CE 3.0 Device Driver Developement)	1.0	1.0 and later	Waveddsi.h		Windows CE OS
wceddkWPDM_START	WPDM_START (Windows CE 3.0 Device Driver Developement)	1.0	1.0 and later	Waveddsi.h		Windows CE OS
wceddkWPDM_STOP	WPDM_STOP (Windows CE 3.0 Device Driver Developement)	1.0	1.0 and later	Waveddsi.h		Windows CE OS
wceddkXXX_Close	XXX_Close (Windows CE 3.0 Device Driver Developement)	1.0	1.0 and later			Windows CE OS
wceddkXXX_Deinit	XXX_Deinit (Windows CE 3.0 Device Driver Developement)	1.0	1.0 and later			Windows CE OS
wceddkXXX_IOControl	XXX_IOControl (Windows CE 3.0 Device Driver Developement)	1.0	1.0 and later			Windows CE OS
wceddkXXX_Init	XXX_Init (Windows CE 3.0 Device Driver Developement)	1.0	1.0 and later			Windows CE OS
wceddkXXX_Open	XXX_Open (Windows CE 3.0 Device Driver Developement)	1.0	1.0 and later			Windows CE OS
wceddkXXX_PowerDown	XXX_PowerDown (Windows CE 3.0 Device Driver Developement)	1.0	1.0 and later			Windows CE OS
wceddkXXX_PowerUp	XXX_PowerUp (Windows CE 3.0 Device Driver Developement)	1.0	1.0 and later			Windows CE OS
wceddkXXX_Read	XXX_Read (Windows CE 3.0 Device Driver Developement)	1.0	1.0 and later			Windows CE OS
wceddkXXX_Seek	XXX_Seek (Windows CE 3.0 Device Driver Developement)	1.0	1.0 and later			Windows CE OS
wceddkXXX_Write	XXX_Write (Windows CE 3.0 Device Driver Developement)	1.0	1.0 and later			Windows CE OS
wcesdkrAbortDoc	AbortDoc	2.0	2.0 and later	Wingdi.h	Mgprint.lib	Windows CE OS
wcesdkrAddHeader	AddHeader	3.0	3.0 and later	Httpfilt.h	Httpfilt.lib	Windows CE OS
wcesdkrAddIPAddress	AddIPAddress	3.0	3.0 and later	Iphlpapi.h	Iphlpapi.lib	Windows CE OS
wcesdkrAllocMem	AllocMem	3.0	3.0 and later	Httpfilt.h	Httpfilt.lib	Windows CE OS
wcesdkrAsnAny	AsnAny	3.0	3.0 and later	Snmp.h		Windows CE OS
wcesdkrAsnCounter64	AsnCounter64	3.0	3.0 and later	Snmp.h		Windows CE OS
wcesdkrAsnObjectIdentifier	AsnObjectIdentifier	3.0	3.0 and later	Snmp.h		Windows CE OS
wcesdkrAsnOctetString	AsnOctetString	3.0	3.0 and later	Snmp.h		Windows CE OS
wcesdkrCEBLOB	CEBLOB	1.01	1.01 and later	Winsock.h		Windows CE OS
wcesdkrCOMMPROP_str	COMMPROP	1.0	1.0 and later	Winbase.h		Windows CE OS
wcesdkrCOMMTIMEOUTS_str	COMMTIMEOUTS	1.0	1.0 and later	Winbase.h		Windows CE OS
wcesdkrCOMSTAT_str	COMSTAT	1.0	1.0 and later	Winbase.h		Windows CE OS
wcesdkrCOM_SEC_WINNT_AUTH_IDENTITY	SEC_WINNT_AUTH_IDENTITY	2.0	2.0 and later	Rpcdce.h		Windows CE OS
wcesdkrCONFINFO	CONFINFO	1.0	1.0 and later	Cesync.h		Windows CE OS
wcesdkrCONNECTDLGSTRUCT_str	CONNECTDLGSTRUCT	2.0	2.0 and later	Winnetwk.h		Windows CE OS
wcesdkrCONTEXT	CONTEXT	2.0	2.0 and later	Winbase.h		Windows CE OS
wcesdkrCREATE_PROCESS_DEBUG_INFO_str	CREATE_PROCESS_DEBUG_INFO	2.0	2.0 and later	Winbase.h		Windows CE OS
wcesdkrCREATE_THREAD_DEBUG_INFO	CREATE_THREAD_DEBUG_INFO	2.0	2.0 and later	Winbase.h		Windows CE OS
wcesdkrCeGetCallerTrust	CeGetCallerTrust	3.0	3.0 and later	Winbase.h	Nk.lib	Windows CE OS
wcesdkrCeGetRandomSeed	CeGetRandomSeed	3.0	3.0 and later	Winbase.h	Nk.lib	Windows CE OS
wcesdkrCeGetThreadPriority	CeGetThreadPriority	3.0	3.0 and later	Winbase.h	Nk.lib	Windows CE OS
wcesdkrCeGetThreadQuantum	CeGetThreadQuantum	3.0	3.0 and later	Winbase.h	Nk.lib	Windows CE OS
wcesdkrCeSetThreadPriority	CeSetThreadPriority	3.0	3.0 and later	Windbase.h	Nk.lib	Windows CE OS
wcesdkrCeSetThreadQuantum	CeSetThreadQuantum	3.0	3.0 and later	Windbase.h	Nk.lib	Windows CE OS
wcesdkrClearCommBreak	ClearCommBreak	1.0	1.0 and later	Winbase.h	Serdev.lib	Windows CE OS
wcesdkrClearCommError	ClearCommError	1.0	1.0 and later	Winbase.h	Serdev.lib	Windows CE OS
wcesdkrClipCursor	ClipCursor	1.0	1.0 and later	Winuser.h	Cursor.lib, Mcursor.lib	Windows CE OS
wcesdkrCloseToolhelp32Snapshot	CloseToolhelp32Snapshot	2.0	2.0 and later	Tlhelp32.h		Windows CE OS
wcesdkrCompareFileTime	CompareFileTime	1.0	1.0 and later	Winbase.h		Windows CE OS
wcesdkrContinueDebugEvent	ContinueDebugEvent	2.0	2.0 and later	Winbase.h		Windows CE OS
wcesdkrCreateCursor	CreateCursor	1.0	1.0 and later	Winuser.h	Iconcurs.lib	Windows CE OS
wcesdkrCreateIconIndirect	CreateIconIndirect	1.0	1.0 and later	Winuser.h	Icon.lib	Windows CE OS
wcesdkrCreateIpForwardEntry	CreateIpForwardEntry	3.0	3.0 and later	Iphlpapi.h	Iphlpapi.lib	Windows CE OS
wcesdkrCreateIpNetEntry	CreateIpNetEntry	3.0	3.0 and later	Iphlpapi.h	Iphlpapi.lib	Windows CE OS
wcesdkrCreateProcess	CreateProcess	1.0	1.0 and later	Winbase.h	Coredll.lib, Nk.lib	Windows CE OS
wcesdkrCreateProxyArpEntry	CreateProxyArpEntry	3.0	3.0 and later	Iphlpapi.h	Iphlpapi.lib	Windows CE OS
wcesdkrCreateThread	CreateThread	1.01	1.01 and later	Winbase.h	Coredll.lib, Nk.lib	Windows CE OS
wcesdkrDCB_str	DCB	1.0	1.0 and later	Winbase.h		Windows CE OS
wcesdkrDDALPHABLTFX_ddraw	DDALPHABLTFX	2.12	2.12 or later. Version 2.12 requires DXPAK 1.0 or later.			Windows CE OS
wcesdkrDDBLTFX_ddraw	DDBLTFX	2.12	2.12 or later. Version 2.12 requires DXPAK 1.0 or later.			Windows CE OS
wcesdkrDDCAPS_ddraw	DDCAPS	2.12	2.12 or later. Version 2.12 requires DXPAK 1.0 or later.			Windows CE OS
wcesdkrDDCOLORCONTROL_ddraw	DDCOLORCONTROL	2.12	2.12 or later. Version 2.12 requires DXPAK 1.0 or later.			Windows CE OS
wcesdkrDDCOLORKEY_ddraw	DDCOLORKEY	2.12	2.12 or later. Version 2.12 requires DXPAK 1.0 or later.			Windows CE OS
wcesdkrDDEnumCallbackEx_ddraw	DDEnumCallbackEx	2.12	2.12 or later. Version 2.12 requires DXPAK 1.0 or later.		user-defined	Windows CE OS
wcesdkrDDEnumCallback_ddraw	DDEnumCallback	2.12	2.12 or later. Version 2.12 requires DXPAK 1.0 or later.		user-defined	Windows CE OS
wcesdkrDDOVERLAYFX_ddraw	DDOVERLAYFX	2.12	2.12 or later. Version 2.12 requires DXPAK 1.0 or later.			Windows CE OS
wcesdkrDDPIXELFORMAT_ddraw	DDPIXELFORMAT	2.12	2.12 or later. Version 2.12 requires DXPAK 1.0 or later.			Windows CE OS
wcesdkrDDSCAPS2_ddraw	DDSCAPS2	2.12	2.12 or later. Version 2.12 requires DXPAK 1.0 or later.			Windows CE OS
wcesdkrDDSCAPS_ddraw	DDSCAPS	2.12	2.12 or later. Version 2.12 requires DXPAK 1.0 or later.			Windows CE OS
wcesdkrDDSURFACEDESC2_ddraw	DDSURFACEDESC2	2.12	2.12 or later. Version 2.12 requires DXPAK 1.0 or later.			Windows CE OS
wcesdkrDDSURFACEDESC_ddraw	DDSURFACEDESC	2.12	2.12 or later. Version 2.12 requires DXPAK 1.0 or later.			Windows CE OS
wcesdkrDDVIDEOPORTBANDWIDTH_ddraw	DDVIDEOPORTBANDWIDTH	2.12	2.12 or later. Version 2.12 requires DXPAK 1.0 or later.			Windows CE OS
wcesdkrDDVIDEOPORTCAPS_ddraw	DDVIDEOPORTCAPS	2.12	2.12 or later. Version 2.12 requires DXPAK 1.0 or later.			Windows CE OS
wcesdkrDDVIDEOPORTCONNECT_ddraw	DDVIDEOPORTCONNECT	2.12	2.12 or later. Version 2.12 requires DXPAK 1.0 or later.			Windows CE OS
wcesdkrDDVIDEOPORTDESC_ddraw	DDVIDEOPORTDESC	2.12	2.12 or later. Version 2.12 requires DXPAK 1.0 or later.			Windows CE OS
wcesdkrDDVIDEOPORTINFO_ddraw	DDVIDEOPORTINFO	2.12	2.12 or later. Version 2.12 requires DXPAK 1.0 or later.			Windows CE OS
wcesdkrDDVIDEOPORTSTATUS_ddraw	DDVIDEOPORTSTATUS	2.12	2.12 or later. Version 2.12 requires DXPAK 1.0 or later.			Windows CE OS
wcesdkrDEBUG_EVENT_str	DEBUG_EVENT	2.0	2.0 and later	Winbase.h		Windows CE OS
wcesdkrDEVINFO	DEVINFO	1.0	1.0 and later	Cesync.h		Windows CE OS
wcesdkrDISCDLGSTRUCT_str	DISCDLGSTRUCT	2.0	2.0 and later	Winnetwk.h		Windows CE OS
wcesdkrDSBCAPS_dsound	DSBCAPS	2.12	2.12 or later. Version 2.12 requires DXPAK 1.0 or later.	dsound.h		Windows CE OS
wcesdkrDSBPOSITIONNOTIFY_dsound	DSBPOSITIONNOTIFY	2.12	2.12 or later. Version 2.12 requires DXPAK 1.0 or later.	dsound.h		Windows CE OS
wcesdkrDSBUFFERDESC_dsound	DSBUFFERDESC	2.12	2.12 or later. Version 2.12 requires DXPAK 1.0 or later.	dsound.h		Windows CE OS
wcesdkrDSCAPS_dsound	DSCAPS	2.12	2.12 or later. Version 2.12 requires DXPAK 1.0 or later.	dsound.h		Windows CE OS
wcesdkrDSCBCAPS_dsound	DSCBCAPS	2.12	2.12 or later. Version 2.12 requires DXPAK 1.0 or later.	dsound.h		Windows CE OS
wcesdkrDSCBUFFERDESC_dsound	DSCBUFFERDESC	2.12	2.12 or later. Version 2.12 requires DXPAK 1.0 or later.	dsound.h		Windows CE OS
wcesdkrDSCCAPS_dsound	DSCCAPS	2.12	2.12 or later. Version 2.12 requires DXPAK 1.0 or later.	dsound.h		Windows CE OS
wcesdkrDSEnumCallback_dsound	DSEnumCallback	2.12	2.12 or later. Version 2.12 requires DXPAK 1.0 or later.	dsound.h	dsound.lib	Windows CE OS
wcesdkrDebugActiveProcess	DebugActiveProcess	2.0	2.0 and later	Winbase.h	Coredll.lib, Nk.lib	Windows CE OS
wcesdkrDebugBreak	DebugBreak	1.0	1.0 and later	Kfuncs.h		Windows CE OS
wcesdkrDeleteIPAddress	DeleteIPAddress	3.0	3.0 and later	Iphlpapi.h	Iphlpapi.lib	Windows CE OS
wcesdkrDeleteIpForwardEntry	DeleteIpForwardEntry	3.0	3.0 and later	Iphlpapi.h	Iphlpapi.lib	Windows CE OS
wcesdkrDeleteIpNetEntry	DeleteIpNetEntry	3.0	3.0 and later	Iphlpapi.h	Iphlpapi.lib	Windows CE OS
wcesdkrDeleteProxyArpEntry	DeleteProxyArpEntry	3.0	3.0 and later	Iphlpapi.h	Iphlpapi.lib	Windows CE OS
wcesdkrDestroyCursor	DestroyCursor	1.0	1.0 and later	Winuser.h	Iconcurs.lib	Windows CE OS
wcesdkrDestroyIcon	DestroyIcon	1.0	1.0 and later	Winuser.h	Icon.lib	Windows CE OS
wcesdkrDirectDrawCreateClipper_ddraw	DirectDrawCreateClipper	2.12	2.12 or later. Version 2.12 requires DXPAK 1.0 or later.		ddraw.lib	Windows CE OS
wcesdkrDirectDrawCreate_ddraw	DirectDrawCreate	2.12	2.12 or later. Version 2.12 requires DXPAK 1.0 or later.		ddraw.lib	Windows CE OS
wcesdkrDirectDrawEnumerateEx_ddraw	DirectDrawEnumerateEx	2.12	2.12 or later. Version 2.12 requires DXPAK 1.0 or later.		ddraw.lib	Windows CE OS
wcesdkrDirectDrawEnumerate_ddraw	DirectDrawEnumerate	2.12	2.12 or later. Version 2.12 requires DXPAK 1.0 or later.		ddraw.lib	Windows CE OS
wcesdkrDirectSoundCaptureCreate_dsound	DirectSoundCaptureCreate	2.12	2.12 or later. Version 2.12 requires DXPAK 1.0 or later.	dsound.h	dsound.lib	Windows CE OS
wcesdkrDirectSoundCaptureEnumerate_dsound	DirectSoundCaptureEnumerate	2.12	2.12 or later. Version 2.12 requires DXPAK 1.0 or later.	dsound.h	dsound.lib	Windows CE OS
wcesdkrDirectSoundCreate_dsound	DirectSoundCreate	2.12	2.12 or later. Version 2.12 requires DXPAK 1.0 or later.	dsound.h	dsound.lib	Windows CE OS
wcesdkrDirectSoundEnumerate_dsound	DirectSoundEnumerate	2.12	2.12 or later. Version 2.12 requires DXPAK 1.0 or later.	dsound.h	dsound.lib	Windows CE OS
wcesdkrDisableThreadLibraryCalls	DisableThreadLibraryCalls	3.0	3.0 and later	Winbase.h	Nk.lib	Windows CE OS
wcesdkrDllMain	DllMain	1.0	1.0 and later	Winbase.h	Coredll.lib, Nk.lib	Windows CE OS
wcesdkrDrawIcon	DrawIcon	1.0	1.0 and later	Winuser.h	Icon.lib	Windows CE OS
wcesdkrDrawIconEx	DrawIconEx	1.0	1.0 and later	Winuser.h	Icon.lib	Windows CE OS
wcesdkrEXCEPTION_DEBUG_INFO_str	EXCEPTION_DEBUG_INFO	2.0	2.0 and later	Winbase.h		Windows CE OS
wcesdkrEXIT_PROCESS_DEBUG_INFO_str	EXIT_PROCESS_DEBUG_INFO	2.0	2.0 and later	Winbase.h		Windows CE OS
wcesdkrEXIT_THREAD_DEBUG_INFO	EXIT_THREAD_DEBUG_INFO	2.0	2.0 and later	Winbase.h		Windows CE OS
wcesdkrEXTENSION_CONTROL_BLOCK	EXTENSION_CONTROL_BLOCK	3.0	3.0 and later	httpext.h		Windows CE OS
wcesdkrEndDoc	EndDoc	2.0	2.0 and later	Wingdi.h	Mgprint.lib	Windows CE OS
wcesdkrEndPage	EndPage	2.0	2.0 and later	Wingdi.h	Mgprint.lib	Windows CE OS
wcesdkrEnumDisplayMonitors	EnumDisplayMonitors	4.0	4.0 and later	Winuser.h	User32.lib	Windows CE OS
wcesdkrEnumModesCallback2_ddraw	EnumModesCallback2	2.12	2.12 or later. Version 2.12 requires DXPAK 1.0 or later.		user-defined	Windows CE OS
wcesdkrEnumModesCallback_ddraw	EnumModesCallback	2.12	2.12 or later. Version 2.12 requires DXPAK 1.0 or later.		user-defined	Windows CE OS
wcesdkrEnumSurfacesCallback2_ddraw	EnumSurfacesCallback2	2.12	2.12 or later. Version 2.12 requires DXPAK 1.0 or later.		user-defined	Windows CE OS
wcesdkrEnumSurfacesCallback_ddraw	EnumSurfacesCallback	2.12	2.12 or later. Version 2.12 requires DXPAK 1.0 or later.		user-defined	Windows CE OS
wcesdkrEnumVideoCallback_ddraw	EnumVideoCallback	2.12	2.12 or later. Version 2.12 requires DXPAK 1.0 or later.		user-defined	Windows CE OS
wcesdkrEscapeCommFunction	EscapeCommFunction	2.10	2.10 and later	Winbase.h	Serdev.lib	Windows CE OS
wcesdkrExitProcess	ExitProcess	2.0	2.0 and later	mkfuncs.h	Coredll.lib,	Windows CE OS
wcesdkrExitThread	ExitThread	1.0	1.0 and later		Coremain.lib	Windows CE OS
wcesdkrExtractIconEx	ExtractIconEx	1.0	1.0 and later	Shellapi.h		Windows CE OS
wcesdkrFILECHANGEINFO	FILECHANGEINFO	2.10	2.10 and later	Extfile.h		Windows CE OS
wcesdkrFILETIME_str	FILETIME	1.0	1.0 and later	Winbase.h		Windows CE OS
wcesdkrFIXED_INFO	FIXED_INFO	3.0	3.0 and later	Iptypes.h		Windows CE OS
wcesdkrFileTimeToLocalFileTime	FileTimeToLocalFileTime	1.0	1.0 and later	Winbase.h		Windows CE OS
wcesdkrFileTimeToSystemTime	FileTimeToSystemTime	1.0	1.0 and later	Winbase.h		Windows CE OS
wcesdkrFlushInstructionCache	FlushInstructionCache	2.0	2.0 and later	Winbase.h	Coredll.lib	Windows CE OS
wcesdkrFlushIpNetTable	FlushIpNetTable	3.0	3.0 and later	Iphlpapi.h	Iphlpapi.lib	Windows CE OS
wcesdkrFreeLibrary	FreeLibrary	1.0	1.0 and later	Winbase.h	Coredll.lib, Nk.lib	Windows CE OS
wcesdkrGetAdapterIndex	GetAdapterIndex	3.0	3.0 and later	Iphlpapi.h	Iphlpapi.lib	Windows CE OS
wcesdkrGetAdaptersInfo	GetAdaptersInfo	3.0	3.0 and later	Iphlpapi.h	Iphlpapi.lib	Windows CE OS
wcesdkrGetBestInterface	GetBestInterface	3.0	3.0 and later	Iphlpapi.h	Iphlpapi.lib	Windows CE OS
wcesdkrGetBestRoute	GetBestRoute	3.0	3.0 and later	Iphlpapi.h	Iphlpapi.lib	Windows CE OS
wcesdkrGetCapture	GetCapture	1.0	1.0 and later	Winuser.h	Foregnd.lib	Windows CE OS
wcesdkrGetClipCursor	GetClipCursor	1.0	1.0 and later	Winuser.h	Cursor.lib, Mcursor.lib	Windows CE OS
wcesdkrGetCommMask	GetCommMask	1.0	1.0 and later	Wininet.h	Serdev.lib	Windows CE OS
wcesdkrGetCommModemStatus	GetCommModemStatus	1.0	1.0 and later	Winbase.h	Serdev.lib	Windows CE OS
wcesdkrGetCommProperties	GetCommProperties	1.0	1.0 and later	Winbase.h	Serdev.lib	Windows CE OS
wcesdkrGetCommState	GetCommState	1.0	1.0 and later	Winbase.h	Serdev.lib	Windows CE OS
wcesdkrGetCommTimeouts	GetCommTimeouts	1.0	1.0 and later	Winbase.h	Serdev.lib	Windows CE OS
wcesdkrGetCommandLine	GetCommandLine	3.0	3.0 and later	Winbase.h	Nk.lib	Windows CE OS
wcesdkrGetCurrentProcess	GetCurrentProcess	1.0	1.0 and later	Kfuncs.h	Nk.lib	Windows CE OS
wcesdkrGetCurrentProcessId	GetCurrentProcessId	1.0	1.0 and later	Kfuncs.h	Nk.lib	Windows CE OS
wcesdkrGetCurrentThread	GetCurrentThread	1.0	1.0 and later	Kfuncs.h	Nk.lib	Windows CE OS
wcesdkrGetCurrentThreadId	GetCurrentThreadId	1.0	1.0 and later	Kfuncs.h	Nk.lib	Windows CE OS
wcesdkrGetCursor	GetCursor	1.0	1.0 and later	Winuser.h	Cursor.lib, Mcursor.lib	Windows CE OS
wcesdkrGetCursorPos	GetCursorPos	1.0	1.0 and later	Winuser.h	Cursor.lib, Mcursor.lib	Windows CE OS
wcesdkrGetDoubleClickTime	GetDoubleClickTime	1.0	1.0 and later	Winuser.h	Wmbase.lib	Windows CE OS
wcesdkrGetExitCodeProcess	GetExitCodeProcess	2.0	2.0 and later	Winbase.h	Coredll.lib, Nk.lib	Windows CE OS
wcesdkrGetExitCodeThread	GetExitCodeThread	1.01	1.01 and later	Winbase.h	Coredll.lib, Nk.lib	Windows CE OS
wcesdkrGetExtensionVersion	GetExtensionVersion	3.0	3.0 and later	httpext.h		Windows CE OS
wcesdkrGetFileTime	GetFileTime	1.0	1.0 and later	Winbase.h		Windows CE OS
wcesdkrGetFriendlyIfIndex	GetFriendlyIfIndex	3.0	3.0 and later	Iphlpapi.h	Iphlpapi.lib	Windows CE OS
wcesdkrGetHeader	GetHeader	3.0	3.0 and later	Httpfilt.h	Httpfilt.lib	Windows CE OS
wcesdkrGetIcmpStatistics	GetIcmpStatistics	3.0	3.0 and later	Iphlpapi.h	Iphlpapi.lib	Windows CE OS
wcesdkrGetIfEntry	GetIfEntry	3.0	3.0 and later	Iphlpapi.h	Iphlpapi.lib	Windows CE OS
wcesdkrGetIfTable	GetIfTable	3.0	3.0 and later	Iphlpapi.h	Iphlpapi.lib	Windows CE OS
wcesdkrGetInterfaceInfo	GetInterfaceInfo	3.0	3.0 and later	Iphlpapi.h	Iphlpapi.lib	Windows CE OS
wcesdkrGetIpAddrTable	GetIpAddrTable	3.0	3.0 and later	Iphlpapi.h	Iphlpapi.lib	Windows CE OS
wcesdkrGetIpForwardTable	GetIpForwardTable	3.0	3.0 and later	Iphlpapi.h	Iphlpapi.lib	Windows CE OS
wcesdkrGetIpNetTable	GetIpNetTable	3.0	3.0 and later	Iphlpapi.h	Iphlpapi.lib	Windows CE OS
wcesdkrGetIpStatistics	GetIpStatistics	3.0	3.0 and later	Iphlpapi.h	Iphlpapi.lib	Windows CE OS
wcesdkrGetLocalTime	GetLocalTime	1.0	1.0 and later	Winbase.h		Windows CE OS
wcesdkrGetModuleFileName	GetModuleFileName	2.0	2.0 and later	Winbase.h	Coredll.lib, Nk.lib	Windows CE OS
wcesdkrGetModuleHandle	GetModuleHandle	2.10	2.10 and later	Winbase.h	Coredll.lib, Nk.lib	Windows CE OS
wcesdkrGetMonitorInfo	GetMonitorInfo	4.0	4.0 and later	Winuser.h	User32.lib	Windows CE OS
wcesdkrGetMouseMovePoints	GetMouseMovePoints	2.0	2.0 and later	Winuser.h	Wmgr_c.lib, Uibase.lib	Windows CE OS
wcesdkrGetNetworkParams	GetNetworkParams	3.0	3.0 and later	Iphlpapi.h	Iphlpapi.lib	Windows CE OS
wcesdkrGetNumberOfInterfaces	GetNumberOfInterfaces	3.0	3.0 and later	Iphlpapi.h	Iphlpapi.lib	Windows CE OS
wcesdkrGetPerAdapterInfo	GetPerAdapterInfo	3.0	3.0 and later	Iphlpapi.h	Iphlpapi.lib	Windows CE OS
wcesdkrGetProcAddress	GetProcAddress	1.0	1.0 and later	Winbase.h	Coredll.lib	Windows CE OS
wcesdkrGetProcessHeap	GetProcessHeap	1.0	1.0 and later	Winbase.h	Lmem.lib	Windows CE OS
wcesdkrGetRTTAndHopCount	GetRTTAndHopCount	3.0	3.0 and later	Iphlpapi.h	Iphlpapi.lib	Windows CE OS
wcesdkrGetServerVariable	GetServerVariable	3.0	3.0 and later	httpext.h	Httpfilt.lib	Windows CE OS
wcesdkrGetSystemTime	GetSystemTime	1.0	1.0 and later	Winbase.h		Windows CE OS
wcesdkrGetTcpStatistics	GetTcpStatistics	3.0	3.0 and later	Iphlpapi.h	Iphlpapi.lib	Windows CE OS
wcesdkrGetTcpTable	GetTcpTable	3.0	3.0 and later	Iphlpapi.h	Iphlpapi.lib	Windows CE OS
wcesdkrGetThreadContext	GetThreadContext	2.0	2.0 and later	Winbase.h	Coredll.lib, Nk.lib	Windows CE OS
wcesdkrGetThreadPriority	GetThreadPriority	1.0	1.0 and later	Winbase.h	Coredll.lib, Nk.lib	Windows CE OS
wcesdkrGetThreadTimes	GetThreadTimes	2.10	2.10 and later	Winbase.h	Coredll.lib, Nk.lib	Windows CE OS
wcesdkrGetTickCount	GetTickCount	1.0	1.0 and later	Winbase.h		Windows CE OS
wcesdkrGetTimeZoneInformation	GetTimeZoneInformation	1.0	1.0 and later	Winbase.h		Windows CE OS
wcesdkrGetUdpStatistics	GetUdpStatistics	3.0	3.0 and later	Iphlpapi.h	Iphlpapi.lib	Windows CE OS
wcesdkrGetUdpTable	GetUdpTable	3.0	3.0 and later	Iphlpapi.h	Iphlpapi.lib	Windows CE OS
wcesdkrGetUniDirectionalAdapterInfo	GetUniDirectionalAdapterInfo	3.0	3.0 and later	Iphlpapi.h	Iphlpapi.lib	Windows CE OS
wcesdkrGlobalMemoryStatus	GlobalMemoryStatus	1.0	1.0 and later	Winbase.h	Coredll.lib	Windows CE OS
wcesdkrHEAPENTRY32_str	HEAPENTRY32	1.0	1.0 and later	Tlhelp32.h		Windows CE OS
wcesdkrHEAPLIST32_str	HEAPLIST32	1.0	1.0 and later	Tlhelp32.h		Windows CE OS
wcesdkrHOSTENT	hostent	1.0	1.0 and later	Winsock.h		Windows CE OS
wcesdkrHSE_VERSION_INFO	HSE_VERSION_INFO	3.0	3.0 and later	httpext.h		Windows CE OS
wcesdkrHTTP_FILTER_CONTEXT	HTTP_FILTER_CONTEXT	3.0	3.0 and later	Httpfilt.h		Windows CE OS
wcesdkrHTTP_Filter_Send_Response	HTTP_FILTER_SEND_RESPONSE	3.0	3.0 and later	Httpfilt.h	Httpfilt.lib	Windows CE OS
wcesdkrHeap32First	Heap32First	2.0	2.0 and later	Tlhelp.h		Windows CE OS
wcesdkrHeap32ListFirst	Heap32ListFirst	2.0	2.0 and later	Tlhelp.h		Windows CE OS
wcesdkrHeap32ListNext	Heap32ListNext	2.0	2.0 and later	Tlhelp32.h		Windows CE OS
wcesdkrHeap32Next	Heap32Next	2.0	2.0 and later	Tlhelp32.h		Windows CE OS
wcesdkrHeapAlloc	HeapAlloc	1.0	1.0 and later	Winbase.h		Windows CE OS
wcesdkrHeapCreate	HeapCreate	1.0	1.0 and later	Winbase.h	Lmem.lib	Windows CE OS
wcesdkrHeapDestroy	HeapDestroy	1.0	1.0 and later	Winbase.h		Windows CE OS
wcesdkrHeapFree	HeapFree	1.0	1.0 and later	Winbase.h	Lmem.lib	Windows CE OS
wcesdkrHeapReAlloc	HeapReAlloc	1.0	1.0 and later	Winbase.h	Lmem.lib	Windows CE OS
wcesdkrHeapSize	HeapSize	1.0	1.0 and later	Winbase.h	Lmem.lib	Windows CE OS
wcesdkrHttpExtensionProc	HttpExtensionProc	3.0	3.0 and later	httpext.h		Windows CE OS
wcesdkrICMP_ECHO_REPLY	ICMP_ECHO_REPLY	2.0	2.0 and later	ipexport.h		Windows CE OS
wcesdkrICONINFO_str	ICONINFO	1.0	1.0 and later	Commctrl.h		Windows CE OS
wcesdkrIDDVideoPortContainer_CreateVideoPort_ddraw	IDDVideoPortContainer::CreateVideoPort	2.12	2.12 or later. Version 2.12 requires DXPAK 1.0 or later.		ddraw.lib	Windows CE OS
wcesdkrIDDVideoPortContainer_EnumVideoPorts_ddraw	IDDVideoPortContainer::EnumVideoPorts	2.12	2.12 or later. Version 2.12 requires DXPAK 1.0 or later.		ddraw.lib	Windows CE OS
wcesdkrIDDVideoPortContainer_GetVideoPortConnectInfo_ddraw	IDDVideoPortContainer::GetVideoPortConnectInfo	2.12	2.12 or later. Version 2.12 requires DXPAK 1.0 or later.		ddraw.lib	Windows CE OS
wcesdkrIDDVideoPortContainer_QueryVideoPortStatus_ddraw	IDDVideoPortContainer::QueryVideoPortStatus	2.12	2.12 or later. Version 2.12 requires DXPAK 1.0 or later.		ddraw.lib	Windows CE OS
wcesdkrIDDVideoPortContainer_ddraw	IDDVideoPortContainer	2.12	2.12 or later. Version 2.12 requires DXPAK 1.0 or later.		ddraw.lib	Windows CE OS
wcesdkrIDLDESC	IDLDESC	1.0	1.0 and later	Oaidl.h		Windows CE OS
wcesdkrIDirectDraw4_Compact_ddraw	IDirectDraw4::Compact	2.12	2.12 or later. Version 2.12 requires DXPAK 1.0 or later.		ddraw.lib	Windows CE OS
wcesdkrIDirectDraw4_CreateClipper_ddraw	IDirectDraw4::CreateClipper	2.12	2.12 or later. Version 2.12 requires DXPAK 1.0 or later.		ddraw.lib	Windows CE OS
wcesdkrIDirectDraw4_CreatePalette_ddraw	IDirectDraw4::CreatePalette	2.12	2.12 or later. Version 2.12 requires DXPAK 1.0 or later.		ddraw.lib	Windows CE OS
wcesdkrIDirectDraw4_CreateSurface_ddraw	IDirectDraw4::CreateSurface	2.12	2.12 or later. Version 2.12 requires DXPAK 1.0 or later.		ddraw.lib	Windows CE OS
wcesdkrIDirectDraw4_DuplicateSurface_ddraw	IDirectDraw4::DuplicateSurface	2.12	2.12 or later. Version 2.12 requires DXPAK 1.0 or later.		ddraw.lib	Windows CE OS
wcesdkrIDirectDraw4_EnumDisplayModes_ddraw	IDirectDraw4::EnumDisplayModes	2.12	2.12 or later. Version 2.12 requires DXPAK 1.0 or later.		ddraw.lib	Windows CE OS
wcesdkrIDirectDraw4_EnumSurfaces_ddraw	IDirectDraw4::EnumSurfaces	2.12	2.12 or later. Version 2.12 requires DXPAK 1.0 or later.		ddraw.lib	Windows CE OS
wcesdkrIDirectDraw4_FlipToGDISurface_ddraw	IDirectDraw4::FlipToGDISurface	2.12	2.12 or later. Version 2.12 requires DXPAK 1.0 or later.		ddraw.lib	Windows CE OS
wcesdkrIDirectDraw4_GetAvailableVidMem_ddraw	IDirectDraw4::GetAvailableVidMem	2.12	2.12 or later. Version 2.12 requires DXPAK 1.0 or later.		ddraw.lib	Windows CE OS
wcesdkrIDirectDraw4_GetCaps_ddraw	IDirectDraw4::GetCaps	2.12	2.12 or later. Version 2.12 requires DXPAK 1.0 or later.		ddraw.lib	Windows CE OS
wcesdkrIDirectDraw4_GetDeviceIdentifier_ddraw	IDirectDraw4::GetDeviceIdentifier	2.12	2.12 or later. Version 2.12 requires DXPAK 1.0 or later.		ddraw.lib	Windows CE OS
wcesdkrIDirectDraw4_GetDisplayMode_ddraw	IDirectDraw4::GetDisplayMode	2.12	2.12 or later. Version 2.12 requires DXPAK 1.0 or later.		ddraw.lib	Windows CE OS
wcesdkrIDirectDraw4_GetFourCCCodes_ddraw	IDirectDraw4::GetFourCCCodes	2.12	2.12 or later. Version 2.12 requires DXPAK 1.0 or later.		ddraw.lib	Windows CE OS
wcesdkrIDirectDraw4_GetGDISurface_ddraw	IDirectDraw4::GetGDISurface	2.12	2.12 or later. Version 2.12 requires DXPAK 1.0 or later.		ddraw.lib	Windows CE OS
wcesdkrIDirectDraw4_GetMonitorFrequency_ddraw	IDirectDraw4::GetMonitorFrequency	2.12	2.12 or later. Version 2.12 requires DXPAK 1.0 or later.		ddraw.lib	Windows CE OS
wcesdkrIDirectDraw4_GetScanLine_ddraw	IDirectDraw4::GetScanLine	2.12	2.12 or later. Version 2.12 requires DXPAK 1.0 or later.		ddraw.lib	Windows CE OS
wcesdkrIDirectDraw4_GetSurfaceFromDC_ddraw	IDirectDraw4::GetSurfaceFromDC	2.12	2.12 or later. Version 2.12 requires DXPAK 1.0 or later.		ddraw.lib	Windows CE OS
wcesdkrIDirectDraw4_GetVerticalBlankStatus_ddraw	IDirectDraw4::GetVerticalBlankStatus	2.12	2.12 or later. Version 2.12 requires DXPAK 1.0 or later.		ddraw.lib	Windows CE OS
wcesdkrIDirectDraw4_Initialize_ddraw	IDirectDraw4::Initialize	2.12	2.12 or later. Version 2.12 requires DXPAK 1.0 or later.		ddraw.lib	Windows CE OS
wcesdkrIDirectDraw4_RestoreAllSurfaces_ddraw	IDirectDraw4::RestoreAllSurfaces	2.12	2.12 or later. Version 2.12 requires DXPAK 1.0 or later.		ddraw.lib	Windows CE OS
wcesdkrIDirectDraw4_RestoreDisplayMode_ddraw	IDirectDraw4::RestoreDisplayMode	2.12	2.12 or later. Version 2.12 requires DXPAK 1.0 or later.		ddraw.lib	Windows CE OS
wcesdkrIDirectDraw4_SetCooperativeLevel_ddraw	IDirectDraw4::SetCooperativeLevel	2.12	2.12 or later. Version 2.12 requires DXPAK 1.0 or later.		ddraw.lib	Windows CE OS
wcesdkrIDirectDraw4_SetDisplayMode_ddraw	IDirectDraw4::SetDisplayMode	2.12	2.12 or later. Version 2.12 requires DXPAK 1.0 or later.		ddraw.lib	Windows CE OS
wcesdkrIDirectDraw4_TestCooperativeLevel_ddraw	IDirectDraw4::TestCooperativeLevel	2.12	2.12 or later. Version 2.12 requires DXPAK 1.0 or later.		ddraw.lib	Windows CE OS
wcesdkrIDirectDraw4_WaitForVerticalBlank_ddraw	IDirectDraw4::WaitForVerticalBlank	2.12	2.12 or later. Version 2.12 requires DXPAK 1.0 or later.		ddraw.lib	Windows CE OS
wcesdkrIDirectDraw4_ddraw	IDirectDraw4	2.12	2.12 or later. Version 2.12 requires DXPAK 1.0 or later.		ddraw.lib	Windows CE OS
wcesdkrIDirectDrawClipper_GetClipList_ddraw	IDirectDrawClipper::GetClipList	2.12	2.12 or later. Version 2.12 requires DXPAK 1.0 or later.		ddraw.lib	Windows CE OS
wcesdkrIDirectDrawClipper_GetHWnd_ddraw	IDirectDrawClipper::GetHWnd	2.12	2.12 or later. Version 2.12 requires DXPAK 1.0 or later.		ddraw.lib	Windows CE OS
wcesdkrIDirectDrawClipper_Initialize_ddraw	IDirectDrawClipper::Initialize	2.12	2.12 or later. Version 2.12 requires DXPAK 1.0 or later.		ddraw.lib	Windows CE OS
wcesdkrIDirectDrawClipper_IsClipListChanged_ddraw	IDirectDrawClipper::IsClipListChanged	2.12	2.12 or later. Version 2.12 requires DXPAK 1.0 or later.		ddraw.lib	Windows CE OS
wcesdkrIDirectDrawClipper_SetClipList_ddraw	IDirectDrawClipper::SetClipList	2.12	2.12 or later. Version 2.12 requires DXPAK 1.0 or later.		ddraw.lib	Windows CE OS
wcesdkrIDirectDrawClipper_SetHWnd_ddraw	IDirectDrawClipper::SetHWnd	2.12	2.12 or later. Version 2.12 requires DXPAK 1.0 or later.		ddraw.lib	Windows CE OS
wcesdkrIDirectDrawClipper_ddraw	IDirectDrawClipper	2.12	2.12 or later. Version 2.12 requires DXPAK 1.0 or later.		ddraw.lib	Windows CE OS
wcesdkrIDirectDrawColorControl_GetColorControls_ddraw	IDirectDrawColorControl::GetColorControls	2.12	2.12 or later. Version 2.12 requires DXPAK 1.0 or later.		ddraw.lib	Windows CE OS
wcesdkrIDirectDrawColorControl_SetColorControls_ddraw	IDirectDrawColorControl::SetColorControls	2.12	2.12 or later. Version 2.12 requires DXPAK 1.0 or later.		ddraw.lib	Windows CE OS
wcesdkrIDirectDrawColorControl_ddraw	IDirectDrawColorControl	2.12	2.12 or later. Version 2.12 requires DXPAK 1.0 or later.		ddraw.lib	Windows CE OS
wcesdkrIDirectDrawPalette_GetCaps_ddraw	IDirectDrawPalette::GetCaps	2.12	2.12 or later. Version 2.12 requires DXPAK 1.0 or later.		ddraw.lib	Windows CE OS
wcesdkrIDirectDrawPalette_GetEntries_ddraw	IDirectDrawPalette::GetEntries	2.12	2.12 or later. Version 2.12 requires DXPAK 1.0 or later.		ddraw.lib	Windows CE OS
wcesdkrIDirectDrawPalette_Initialize_ddraw	IDirectDrawPalette::Initialize	2.12	2.12 or later. Version 2.12 requires DXPAK 1.0 or later.		ddraw.lib	Windows CE OS
wcesdkrIDirectDrawPalette_SetEntries_ddraw	IDirectDrawPalette::SetEntries	2.12	2.12 or later. Version 2.12 requires DXPAK 1.0 or later.		ddraw.lib	Windows CE OS
wcesdkrIDirectDrawPalette_ddraw	IDirectDrawPalette	2.12	2.12 or later. Version 2.12 requires DXPAK 1.0 or later.		ddraw.lib	Windows CE OS
wcesdkrIDirectDrawSurface5_AddAttachedSurface_ddraw	IDirectDrawSurface5::AddAttachedSurface	2.12	2.12 or later. Version 2.12 requires DXPAK 1.0 or later.		ddraw.lib	Windows CE OS
wcesdkrIDirectDrawSurface5_AddOverlayDirtyRect_ddraw	IDirectDrawSurface5::AddOverlayDirtyRect	2.12	2.12 or later. Version 2.12 requires DXPAK 1.0 or later.		ddraw.lib	Windows CE OS
wcesdkrIDirectDrawSurface5_AlphaBlt_ddraw	IDirectDrawSurface5::AlphaBlt	2.12	2.12 or later. Version 2.12 requires DXPAK 1.0 or later.		ddraw.lib	Windows CE OS
wcesdkrIDirectDrawSurface5_BltFast_ddraw	IDirectDrawSurface5::BltFast	2.12	2.12 or later. Version 2.12 requires DXPAK 1.0 or later.		ddraw.lib	Windows CE OS
wcesdkrIDirectDrawSurface5_Blt_ddraw	IDirectDrawSurface5::Blt	2.12	2.12 or later. Version 2.12 requires DXPAK 1.0 or later.		ddraw.lib	Windows CE OS
wcesdkrIDirectDrawSurface5_ChangeUniquenessValue_ddraw	IDirectDrawSurface5::ChangeUniquenessValue	2.12	2.12 or later. Version 2.12 requires DXPAK 1.0 or later.		ddraw.lib	Windows CE OS
wcesdkrIDirectDrawSurface5_DeleteAttachedSurface_ddraw	IDirectDrawSurface5::DeleteAttachedSurface	2.12	2.12 or later. Version 2.12 requires DXPAK 1.0 or later.		ddraw.lib	Windows CE OS
wcesdkrIDirectDrawSurface5_EnumAttachedSurfaces_ddraw	IDirectDrawSurface5::EnumAttachedSurfaces	2.12	2.12 or later. Version 2.12 requires DXPAK 1.0 or later.		ddraw.lib	Windows CE OS
wcesdkrIDirectDrawSurface5_EnumOverlayZOrders_ddraw	IDirectDrawSurface5::EnumOverlayZOrders	2.12	2.12 or later. Version 2.12 requires DXPAK 1.0 or later.		ddraw.lib	Windows CE OS
wcesdkrIDirectDrawSurface5_Flip_ddraw	IDirectDrawSurface5::Flip	2.12	2.12 or later. Version 2.12 requires DXPAK 1.0 or later.		ddraw.lib	Windows CE OS
wcesdkrIDirectDrawSurface5_FreePrivateData_ddraw	IDirectDrawSurface5::FreePrivateData	2.12	2.12 or later. Version 2.12 requires DXPAK 1.0 or later.		ddraw.lib	Windows CE OS
wcesdkrIDirectDrawSurface5_GetAttachedSurface_ddraw	IDirectDrawSurface5::GetAttachedSurface	2.12	2.12 or later. Version 2.12 requires DXPAK 1.0 or later.		ddraw.lib	Windows CE OS
wcesdkrIDirectDrawSurface5_GetBltStatus_ddraw	IDirectDrawSurface5::GetBltStatus	2.12	2.12 or later. Version 2.12 requires DXPAK 1.0 or later.		ddraw.lib	Windows CE OS
wcesdkrIDirectDrawSurface5_GetCaps_ddraw	IDirectDrawSurface5::GetCaps	2.12	2.12 or later. Version 2.12 requires DXPAK 1.0 or later.		ddraw.lib	Windows CE OS
wcesdkrIDirectDrawSurface5_GetClipper_ddraw	IDirectDrawSurface5::GetClipper	2.12	2.12 or later. Version 2.12 requires DXPAK 1.0 or later.		ddraw.lib	Windows CE OS
wcesdkrIDirectDrawSurface5_GetColorKey_ddraw	IDirectDrawSurface5::GetColorKey	2.12	2.12 or later. Version 2.12 requires DXPAK 1.0 or later.		ddraw.lib	Windows CE OS
wcesdkrIDirectDrawSurface5_GetDC_ddraw	IDirectDrawSurface5::GetDC	2.12	2.12 or later. Version 2.12 requires DXPAK 1.0 or later.		ddraw.lib	Windows CE OS
wcesdkrIDirectDrawSurface5_GetDDInterface_ddraw	IDirectDrawSurface5::GetDDInterface	2.12	2.12 or later. Version 2.12 requires DXPAK 1.0 or later.		ddraw.lib	Windows CE OS
wcesdkrIDirectDrawSurface5_GetFlipStatus_ddraw	IDirectDrawSurface5::GetFlipStatus	2.12	2.12 or later. Version 2.12 requires DXPAK 1.0 or later.		ddraw.lib	Windows CE OS
wcesdkrIDirectDrawSurface5_GetOverlayPosition_ddraw	IDirectDrawSurface5::GetOverlayPosition	2.12	2.12 or later. Version 2.12 requires DXPAK 1.0 or later.		ddraw.lib	Windows CE OS
wcesdkrIDirectDrawSurface5_GetPalette_ddraw	IDirectDrawSurface5::GetPalette	2.12	2.12 or later. Version 2.12 requires DXPAK 1.0 or later.		ddraw.lib	Windows CE OS
wcesdkrIDirectDrawSurface5_GetPixelFormat_ddraw	IDirectDrawSurface5::GetPixelFormat	2.12	2.12 or later. Version 2.12 requires DXPAK 1.0 or later.		ddraw.lib	Windows CE OS
wcesdkrIDirectDrawSurface5_GetPrivateData_ddraw	IDirectDrawSurface5::GetPrivateData	2.12	2.12 or later. Version 2.12 requires DXPAK 1.0 or later.		ddraw.lib	Windows CE OS
wcesdkrIDirectDrawSurface5_GetSurfaceDesc_ddraw	IDirectDrawSurface5::GetSurfaceDesc	2.12	2.12 or later. Version 2.12 requires DXPAK 1.0 or later.		ddraw.lib	Windows CE OS
wcesdkrIDirectDrawSurface5_GetUniquenessValue_ddraw	IDirectDrawSurface5::GetUniquenessValue	2.12	2.12 or later. Version 2.12 requires DXPAK 1.0 or later.		ddraw.lib	Windows CE OS
wcesdkrIDirectDrawSurface5_Initialize_ddraw	IDirectDrawSurface5::Initialize	2.12	2.12 or later. Version 2.12 requires DXPAK 1.0 or later.		ddraw.lib	Windows CE OS
wcesdkrIDirectDrawSurface5_IsLost_ddraw	IDirectDrawSurface5::IsLost	2.12	2.12 or later. Version 2.12 requires DXPAK 1.0 or later.		ddraw.lib	Windows CE OS
wcesdkrIDirectDrawSurface5_Lock_ddraw	IDirectDrawSurface5::Lock	2.12	2.12 or later. Version 2.12 requires DXPAK 1.0 or later.		ddraw.lib	Windows CE OS
wcesdkrIDirectDrawSurface5_PageLock_ddraw	IDirectDrawSurface5::PageLock	2.12	2.12 or later. Version 2.12 requires DXPAK 1.0 or later.		ddraw.lib	Windows CE OS
wcesdkrIDirectDrawSurface5_PageUnlock_ddraw	IDirectDrawSurface5::PageUnlock	2.12	2.12 or later. Version 2.12 requires DXPAK 1.0 or later.		ddraw.lib	Windows CE OS
wcesdkrIDirectDrawSurface5_ReleaseDC_ddraw	IDirectDrawSurface5::ReleaseDC	2.12	2.12 or later. Version 2.12 requires DXPAK 1.0 or later.		ddraw.lib	Windows CE OS
wcesdkrIDirectDrawSurface5_Restore_ddraw	IDirectDrawSurface5::Restore	2.12	2.12 or later. Version 2.12 requires DXPAK 1.0 or later.		ddraw.lib	Windows CE OS
wcesdkrIDirectDrawSurface5_SetClipper_ddraw	IDirectDrawSurface5::SetClipper	2.12	2.12 or later. Version 2.12 requires DXPAK 1.0 or later.		ddraw.lib	Windows CE OS
wcesdkrIDirectDrawSurface5_SetColorKey_ddraw	IDirectDrawSurface5::SetColorKey	2.12	2.12 or later. Version 2.12 requires DXPAK 1.0 or later.		ddraw.lib	Windows CE OS
wcesdkrIDirectDrawSurface5_SetOverlayPosition_ddraw	IDirectDrawSurface5::SetOverlayPosition	2.12	2.12 or later. Version 2.12 requires DXPAK 1.0 or later.		ddraw.lib	Windows CE OS
wcesdkrIDirectDrawSurface5_SetPalette_ddraw	IDirectDrawSurface5::SetPalette	2.12	2.12 or later. Version 2.12 requires DXPAK 1.0 or later.		ddraw.lib	Windows CE OS
wcesdkrIDirectDrawSurface5_SetPrivateData_ddraw	IDirectDrawSurface5::SetPrivateData	2.12	2.12 or later. Version 2.12 requires DXPAK 1.0 or later.		ddraw.lib	Windows CE OS
wcesdkrIDirectDrawSurface5_SetSurfaceDesc_ddraw	IDirectDrawSurface5::SetSurfaceDesc	2.12	2.12 or later. Version 2.12 requires DXPAK 1.0 or later.		ddraw.lib	Windows CE OS
wcesdkrIDirectDrawSurface5_Unlock_ddraw	IDirectDrawSurface5::Unlock	2.12	2.12 or later. Version 2.12 requires DXPAK 1.0 or later.		ddraw.lib	Windows CE OS
wcesdkrIDirectDrawSurface5_UpdateOverlayZOrder_ddraw	IDirectDrawSurface5::UpdateOverlayZOrder	2.12	2.12 or later. Version 2.12 requires DXPAK 1.0 or later.		ddraw.lib	Windows CE OS
wcesdkrIDirectDrawSurface5_UpdateOverlay_ddraw	IDirectDrawSurface5::UpdateOverlay	2.12	2.12 or later. Version 2.12 requires DXPAK 1.0 or later.		ddraw.lib	Windows CE OS
wcesdkrIDirectDrawSurface5_ddraw	IDirectDrawSurface5	2.12	2.12 or later. Version 2.12 requires DXPAK 1.0 or later.		ddraw.lib	Windows CE OS
wcesdkrIDirectDrawVideoPort_Flip_ddraw	IDirectDrawVideoPort::Flip	2.12	2.12 or later. Version 2.12 requires DXPAK 1.0 or later.		ddraw.lib	Windows CE OS
wcesdkrIDirectDrawVideoPort_GetBandwidthInfo_ddraw	IDirectDrawVideoPort::GetBandwidthInfo	2.12	2.12 or later. Version 2.12 requires DXPAK 1.0 or later.		ddraw.lib	Windows CE OS
wcesdkrIDirectDrawVideoPort_GetColorControls_ddraw	IDirectDrawVideoPort::GetColorControls	2.12	2.12 or later. Version 2.12 requires DXPAK 1.0 or later.		ddraw.lib	Windows CE OS
wcesdkrIDirectDrawVideoPort_GetFieldPolarity_ddraw	IDirectDrawVideoPort::GetFieldPolarity	2.12	2.12 or later. Version 2.12 requires DXPAK 1.0 or later.		ddraw.lib	Windows CE OS
wcesdkrIDirectDrawVideoPort_GetInputFormats_ddraw	IDirectDrawVideoPort::GetInputFormats	2.12	2.12 or later. Version 2.12 requires DXPAK 1.0 or later.		ddraw.lib	Windows CE OS
wcesdkrIDirectDrawVideoPort_GetOutputFormats_ddraw	IDirectDrawVideoPort::GetOutputFormats	2.12	2.12 or later. Version 2.12 requires DXPAK 1.0 or later.		ddraw.lib	Windows CE OS
wcesdkrIDirectDrawVideoPort_GetVideoLine_ddraw	IDirectDrawVideoPort::GetVideoLine	2.12	2.12 or later. Version 2.12 requires DXPAK 1.0 or later.		ddraw.lib	Windows CE OS
wcesdkrIDirectDrawVideoPort_GetVideoSignalStatus_ddraw	IDirectDrawVideoPort::GetVideoSignalStatus	2.12	2.12 or later. Version 2.12 requires DXPAK 1.0 or later.		ddraw.lib	Windows CE OS
wcesdkrIDirectDrawVideoPort_SetColorControls_ddraw	IDirectDrawVideoPort::SetColorControls	2.12	2.12 or later. Version 2.12 requires DXPAK 1.0 or later.		ddraw.lib	Windows CE OS
wcesdkrIDirectDrawVideoPort_SetTargetSurface_ddraw	IDirectDrawVideoPort::SetTargetSurface	2.12	2.12 or later. Version 2.12 requires DXPAK 1.0 or later.		ddraw.lib	Windows CE OS
wcesdkrIDirectDrawVideoPort_StartVideo_ddraw	IDirectDrawVideoPort::StartVideo	2.12	2.12 or later. Version 2.12 requires DXPAK 1.0 or later.		ddraw.lib	Windows CE OS
wcesdkrIDirectDrawVideoPort_StopVideo_ddraw	IDirectDrawVideoPort::StopVideo	2.12	2.12 or later. Version 2.12 requires DXPAK 1.0 or later.		ddraw.lib	Windows CE OS
wcesdkrIDirectDrawVideoPort_UpdateVideo_ddraw	IDirectDrawVideoPort::UpdateVideo	2.12	2.12 or later. Version 2.12 requires DXPAK 1.0 or later.		ddraw.lib	Windows CE OS
wcesdkrIDirectDrawVideoPort_WaitForSync_ddraw	IDirectDrawVideoPort::WaitForSync	2.12	2.12 or later. Version 2.12 requires DXPAK 1.0 or later.		ddraw.lib	Windows CE OS
wcesdkrIDirectDrawVideoPort_ddraw	IDirectDrawVideoPort	2.12	2.12 or later. Version 2.12 requires DXPAK 1.0 or later.		ddraw.lib	Windows CE OS
wcesdkrIDirectSoundBuffer_GetCaps_dsound	IDirectSoundBuffer::GetCaps	2.12	2.12 or later. Version 2.12 requires DXPAK 1.0 or later.	dsound.h	dsound.lib	Windows CE OS
wcesdkrIDirectSoundBuffer_GetCurrentPosition_dsound	IDirectSoundBuffer::GetCurrentPosition	2.12	2.12 or later. Version 2.12 requires DXPAK 1.0 or later.	dsound.h	dsound.lib	Windows CE OS
wcesdkrIDirectSoundBuffer_GetFormat_dsound	IDirectSoundBuffer::GetFormat	2.12	2.12 or later. Version 2.12 requires DXPAK 1.0 or later.	dsound.h	dsound.lib	Windows CE OS
wcesdkrIDirectSoundBuffer_GetFrequency_dsound	IDirectSoundBuffer::GetFrequency	2.12	2.12 or later. Version 2.12 requires DXPAK 1.0 or later.	dsound.h	dsound.lib	Windows CE OS
wcesdkrIDirectSoundBuffer_GetPan_dsound	IDirectSoundBuffer::GetPan	2.12	2.12 or later. Version 2.12 requires DXPAK 1.0 or later.	dsound.h	dsound.lib	Windows CE OS
wcesdkrIDirectSoundBuffer_GetStatus_dsound	IDirectSoundBuffer::GetStatus	2.12	2.12 or later. Version 2.12 requires DXPAK 1.0 or later.	dsound.h	dsound.lib	Windows CE OS
wcesdkrIDirectSoundBuffer_GetVolume_dsound	IDirectSoundBuffer::GetVolume	2.12	2.12 or later. Version 2.12 requires DXPAK 1.0 or later.	dsound.h	dsound.lib	Windows CE OS
wcesdkrIDirectSoundBuffer_Initialize_dsound	IDirectSoundBuffer::Initialize	2.12	2.12 or later. Version 2.12 requires DXPAK 1.0 or later.	dsound.h	dsound.lib	Windows CE OS
wcesdkrIDirectSoundBuffer_Lock_dsound	IDirectSoundBuffer::Lock	2.12	2.12 or later. Version 2.12 requires DXPAK 1.0 or later.	dsound.h	dsound.lib	Windows CE OS
wcesdkrIDirectSoundBuffer_Play_dsound	IDirectSoundBuffer::Play	2.12	2.12 or later. Version 2.12 requires DXPAK 1.0 or later.	dsound.h	dsound.lib	Windows CE OS
wcesdkrIDirectSoundBuffer_Restore_dsound	IDirectSoundBuffer::Restore	2.12	2.12 or later. Version 2.12 requires DXPAK 1.0 or later.	dsound.h	dsound.lib	Windows CE OS
wcesdkrIDirectSoundBuffer_SetCurrentPosition_dsound	IDirectSoundBuffer::SetCurrentPosition	2.12	2.12 or later. Version 2.12 requires DXPAK 1.0 or later.	dsound.h	dsound.lib	Windows CE OS
wcesdkrIDirectSoundBuffer_SetFormat_dsound	IDirectSoundBuffer::SetFormat	2.12	2.12 or later. Version 2.12 requires DXPAK 1.0 or later.	dsound.h	dsound.lib	Windows CE OS
wcesdkrIDirectSoundBuffer_SetFrequency_dsound	IDirectSoundBuffer::SetFrequency	2.12	2.12 or later. Version 2.12 requires DXPAK 1.0 or later.	dsound.h	dsound.lib	Windows CE OS
wcesdkrIDirectSoundBuffer_SetPan_dsound	IDirectSoundBuffer::SetPan	2.12	2.12 or later. Version 2.12 requires DXPAK 1.0 or later.	dsound.h	dsound.lib	Windows CE OS
wcesdkrIDirectSoundBuffer_SetVolume_dsound	IDirectSoundBuffer::SetVolume	2.12	2.12 or later. Version 2.12 requires DXPAK 1.0 or later.	dsound.h	dsound.lib	Windows CE OS
wcesdkrIDirectSoundBuffer_Stop_dsound	IDirectSoundBuffer::Stop	2.12	2.12 or later. Version 2.12 requires DXPAK 1.0 or later.	dsound.h	dsound.lib	Windows CE OS
wcesdkrIDirectSoundBuffer_Unlock_dsound	IDirectSoundBuffer::Unlock	2.12	2.12 or later. Version 2.12 requires DXPAK 1.0 or later.	dsound.h	dsound.lib	Windows CE OS
wcesdkrIDirectSoundBuffer_dsound	IDirectSoundBuffer	2.12	2.12 or later. Version 2.12 requires DXPAK 1.0 or later.	dsound.h	dsound.lib	Windows CE OS
wcesdkrIDirectSoundCaptureBuffer_GetCaps_dsound	IDirectSoundCaptureBuffer::GetCaps	2.12	2.12 or later. Version 2.12 requires DXPAK 1.0 or later.	dsound.h	dsound.lib	Windows CE OS
wcesdkrIDirectSoundCaptureBuffer_GetCurrentPosition_dsound	IDirectSoundCaptureBuffer::GetCurrentPosition	2.12	2.12 or later. Version 2.12 requires DXPAK 1.0 or later.	dsound.h	dsound.lib	Windows CE OS
wcesdkrIDirectSoundCaptureBuffer_GetFormat_dsound	IDirectSoundCaptureBuffer::GetFormat	2.12	2.12 or later. Version 2.12 requires DXPAK 1.0 or later.	dsound.h	dsound.lib	Windows CE OS
wcesdkrIDirectSoundCaptureBuffer_GetStatus_dsound	IDirectSoundCaptureBuffer::GetStatus	2.12	2.12 or later. Version 2.12 requires DXPAK 1.0 or later.	dsound.h	dsound.lib	Windows CE OS
wcesdkrIDirectSoundCaptureBuffer_Initialize_dsound	IDirectSoundCaptureBuffer::Initialize	2.12	2.12 or later. Version 2.12 requires DXPAK 1.0 or later.	dsound.h	dsound.lib	Windows CE OS
wcesdkrIDirectSoundCaptureBuffer_Lock_dsound	IDirectSoundCaptureBuffer::Lock	2.12	2.12 or later. Version 2.12 requires DXPAK 1.0 or later.	dsound.h	dsound.lib	Windows CE OS
wcesdkrIDirectSoundCaptureBuffer_Start_dsound	IDirectSoundCaptureBuffer::Start	2.12	2.12 or later. Version 2.12 requires DXPAK 1.0 or later.	dsound.h	dsound.lib	Windows CE OS
wcesdkrIDirectSoundCaptureBuffer_Stop_dsound	IDirectSoundCaptureBuffer::Stop	2.12	2.12 or later. Version 2.12 requires DXPAK 1.0 or later.	dsound.h	dsound.lib	Windows CE OS
wcesdkrIDirectSoundCaptureBuffer_Unlock_dsound	IDirectSoundCaptureBuffer::Unlock	2.12	2.12 or later. Version 2.12 requires DXPAK 1.0 or later.	dsound.h	dsound.lib	Windows CE OS
wcesdkrIDirectSoundCaptureBuffer_dsound	IDirectSoundCaptureBuffer	2.12	2.12 or later. Version 2.12 requires DXPAK 1.0 or later.	dsound.h	dsound.lib	Windows CE OS
wcesdkrIDirectSoundCapture_CreateCaptureBuffer_dsound	IDirectSoundCapture::CreateCaptureBuffer	2.12	2.12 or later. Version 2.12 requires DXPAK 1.0 or later.	dsound.h	dsound.lib	Windows CE OS
wcesdkrIDirectSoundCapture_GetCaps_dsound	IDirectSoundCapture::GetCaps	2.12	2.12 or later. Version 2.12 requires DXPAK 1.0 or later.	dsound.h	dsound.lib	Windows CE OS
wcesdkrIDirectSoundCapture_Initialize_dsound	IDirectSoundCapture::Initialize	2.12	2.12 or later. Version 2.12 requires DXPAK 1.0 or later.	dsound.h	dsound.lib	Windows CE OS
wcesdkrIDirectSoundCapture_dsound	IDirectSoundCapture	2.12	2.12 or later. Version 2.12 requires DXPAK 1.0 or later.	dsound.h	dsound.lib	Windows CE OS
wcesdkrIDirectSoundNotify_SetNotificationPositions_dsound	IDirectSoundNotify::SetNotificationPositions	2.12	2.12 or later. Version 2.12 requires DXPAK 1.0 or later.	dsound.h	dsound.lib	Windows CE OS
wcesdkrIDirectSoundNotify_dsound	IDirectSoundNotify	2.12	2.12 or later. Version 2.12 requires DXPAK 1.0 or later.	dsound.h	dsound.lib	Windows CE OS
wcesdkrIDirectSound_Compact_dsound	IDirectSound::Compact	2.12	2.12 or later. Version 2.12 requires DXPAK 1.0 or later.	dsound.h	dsound.lib	Windows CE OS
wcesdkrIDirectSound_CreateSoundBuffer_dsound	IDirectSound::CreateSoundBuffer	2.12	2.12 or later. Version 2.12 requires DXPAK 1.0 or later.	dsound.h	dsound.lib	Windows CE OS
wcesdkrIDirectSound_DuplicateSoundBuffer_dsound	IDirectSound::DuplicateSoundBuffer	2.12	2.12 or later. Version 2.12 requires DXPAK 1.0 or later.	dsound.h	dsound.lib	Windows CE OS
wcesdkrIDirectSound_GetCaps_dsound	IDirectSound::GetCaps	2.12	2.12 or later. Version 2.12 requires DXPAK 1.0 or later.	dsound.h	dsound.lib	Windows CE OS
wcesdkrIDirectSound_Initialize_dsound	IDirectSound::Initialize	2.12	2.12 or later. Version 2.12 requires DXPAK 1.0 or later.	dsound.h	dsound.lib	Windows CE OS
wcesdkrIDirectSound_SetCooperativeLevel_dsound	IDirectSound::SetCooperativeLevel	2.12	2.12 or later. Version 2.12 requires DXPAK 1.0 or later.	dsound.h	dsound.lib	Windows CE OS
wcesdkrIDirectSound_dsound	IDirectSound	2.12	2.12 or later. Version 2.12 requires DXPAK 1.0 or later.	dsound.h	dsound.lib	Windows CE OS
wcesdkrIN_ADDR	IN_ADDR	1.0	1.0 and later	Winsock.h		Windows CE OS
wcesdkrIP_ADAPTER_INDEX_MAP	IP_ADAPTER_INDEX_MAP	3.0	3.0 and later	Ipexport.h		Windows CE OS
wcesdkrIP_ADAPTER_INFO	IP_ADAPTER_INFO	3.0	3.0 and later	Iptypes.h		Windows CE OS
wcesdkrIP_INTERFACE_INFO	IP_INTERFACE_INFO	3.0	3.0 and later	Ipexport.h		Windows CE OS
wcesdkrIP_OPTION_INFORMATION	IP_OPTION_INFORMATION	2.0	2.0 and later	ipexport.h		Windows CE OS
wcesdkrIP_PER_ADAPTER_INFO	IP_PER_ADAPTER_INFO	3.0	3.0 and later	Iptypes.h		Windows CE OS
wcesdkrIP_UNIDIRECTIONAL_ADAPTER_ADDRESS	IP_UNIDIRECTIONAL_ADAPTER_ADDRESS	3.0	3.0 and later	Ipexport.h		Windows CE OS
wcesdkrIcmpCloseHandle	IcmpCloseHandle	2.12	2.12 and later	Icmpapi.h		Windows CE OS
wcesdkrIcmpCreateFile	IcmpCreateFile	2.12	2.12 and later	Icmpapi.h		Windows CE OS
wcesdkrIcmpSendEcho	IcmpSendEcho	2.12	2.12 and later	Icmpapi.h		Windows CE OS
wcesdkrInitializeCriticalSection	InitializeCriticalSection	1.0	1.0 and later	Winbase.h	Coremain.lib	Windows CE OS
wcesdkrIpReleaseAddress	IpReleaseAddress	3.0	3.0 and later	Iphlpapi.h	Iphlpapi.lib	Windows CE OS
wcesdkrIpRenewAddress	IpRenewAddress	3.0	3.0 and later	Iphlpapi.h	Iphlpapi.lib	Windows CE OS
wcesdkrIsBadCodePtr	IsBadCodePtr	1.0	1.0 and later	Winbase.h	Lmem.lib	Windows CE OS
wcesdkrIsBadReadPtr	IsBadReadPtr	1.0	1.0 and later	Winbase.h	Coredll.lib, Nk.lib	Windows CE OS
wcesdkrIsBadWritePtr	IsBadWritePtr	1.0	1.0 and later	Winbase.h	Coredll.lib, Nk.lib	Windows CE OS
wcesdkrLINECALLINFO_str	LINECALLINFO	1.0	1.0 and later	Tapi.h		Windows CE OS
wcesdkrLINECALLPARAMS_str	LINECALLPARAMS	1.0	1.0 and later	Tapi.h		Windows CE OS
wcesdkrLINECALLSTATUS	LINECALLSTATUS	1.0	1.0 and later	Tapi.h		Windows CE OS
wcesdkrLINEDEVCAPS_str	LINEDEVCAPS	1.0	1.0 and later	Tapi.h		Windows CE OS
wcesdkrLINEDEVSTATUS_str	LINEDEVSTATUS	1.0	1.0 and later	Tapi.h		Windows CE OS
wcesdkrLINEDIALPARAMS	LINEDIALPARAMS	1.0	1.0 and later	Tapi.h		Windows CE OS
wcesdkrLINEINITIALIZEEXPARAMS	LINEINITIALIZEEXPARAMS	3.0	3.0 and later	Tapi.h		Windows CE OS
wcesdkrLINELOCATIONENTRY_str	LINELOCATIONENTRY	1.0	1.0 and later	Tapi.h		Windows CE OS
wcesdkrLINEMESSAGE	LINEMESSAGE	3.0	3.0 and later	Tapi.h		Windows CE OS
wcesdkrLINETRANSLATECAPS_str	LINETRANSLATECAPS	1.0	1.0 and later	Tapi.h		Windows CE OS
wcesdkrLINETRANSLATEOUTPUT_str	LINETRANSLATEOUTPUT	1.0	1.0 and later	Tapi.h		Windows CE OS
wcesdkrLINE_ADDRESSSTATE	LINE_ADDRESSSTATE	1.0	1.0 and later	Tapi.h		Windows CE OS
wcesdkrLINE_CALLINFO	LINE_CALLINFO	1.0	1.0 and later	Tapi.h		Windows CE OS
wcesdkrLINE_CALLSTATE	LINE_CALLSTATE	1.0	1.0 and later	Tapi.h		Windows CE OS
wcesdkrLINE_CLOSE	LINE_CLOSE	1.0	1.0 and later	Tapi.h		Windows CE OS
wcesdkrLINE_CREATE	LINE_CREATE	1.0	1.0 and later	Tapi.h		Windows CE OS
wcesdkrLINE_DEVSPECIFIC	LINE_DEVSPECIFIC	1.0	1.0 and later	Tapi.h		Windows CE OS
wcesdkrLINE_LINEDEVSTATE	LINE_LINEDEVSTATE	1.0	1.0 and later	Tapi.h		Windows CE OS
wcesdkrLINE_REMOVE	LINE_REMOVE	1.0	1.0 and later	Tapi.h		Windows CE OS
wcesdkrLINE_REPLY	LINE_REPLY	1.0	1.0 and later	Tapi.h		Windows CE OS
wcesdkrLINGER	LINGER	1.0	1.0 and later	Winsock.h		Windows CE OS
wcesdkrLOAD_DLL_DEBUG_INFO_str	LOAD_DLL_DEBUG_INFO	2.0	2.0 and later	Winbase.h		Windows CE OS
wcesdkrLoadCursor	LoadCursor	1.0	1.0 and later	Winuser.h	Cursor.lib, Mcursor.lib	Windows CE OS
wcesdkrLoadIcon	LoadIcon	1.0	1.0 and later	Winuser.h	Icon.lib	Windows CE OS
wcesdkrLoadLibrary	LoadLibrary	1.0	1.0 and later	Winbase.h	Nk.lib	Windows CE OS
wcesdkrLocalAlloc	LocalAlloc	1.0	1.0 and later	Winbase.h	Lmem.lib	Windows CE OS
wcesdkrLocalFileTimeToFileTime	LocalFileTimeToFileTime	1.0	1.0 and later	Winbase.h		Windows CE OS
wcesdkrLocalFree	LocalFree	1.0	1.0 and later	Winbase.h	Lmem.lib	Windows CE OS
wcesdkrLocalReAlloc	LocalReAlloc	1.0	1.0 and later	Winbase.h	Lmem.lib	Windows CE OS
wcesdkrLocalSize	LocalSize	1.0	1.0 and later	Winbase.h	Lmem.lib	Windows CE OS
wcesdkrMEMORYSTATUS_str	MEMORYSTATUS	1.0	1.0 and later	Winbase.h		Windows CE OS
wcesdkrMEMORY_BASIC_INFORMATION_str	MEMORY_BASIC_INFORMATION	1.0	1.0 and later	Winnt.h		Windows CE OS
wcesdkrMIBICMPINFO	MIBICMPINFO	3.0	3.0 and later	Iprtrmib.h		Windows CE OS
wcesdkrMIBICMPSTATS	MIBICMPSTATS	3.0	3.0 and later	Iprtrmib.h		Windows CE OS
wcesdkrMIB_BEST_IF	MIB_BEST_IF	3.0	3.0 and later	Routprot.h		Windows CE OS
wcesdkrMIB_ICMP	MIB_ICMP	3.0	3.0 and later	Iprtrmib.h		Windows CE OS
wcesdkrMIB_IFROW	MIB_IFROW	3.0	3.0 and later	Iprtrmib.h		Windows CE OS
wcesdkrMIB_IFTABLE	MIB_IFTABLE	3.0	3.0 and later	Iprtrmib.h		Windows CE OS
wcesdkrMIB_IPADDRROW	MIB_IPADDRROW	3.0	3.0 and later	Iprtrmib.h		Windows CE OS
wcesdkrMIB_IPADDRTABLE	MIB_IPADDRTABLE	3.0	3.0 and later	Iprtrmib.h		Windows CE OS
wcesdkrMIB_IPFORWARDROW	MIB_IPFORWARDROW	3.0	3.0 and later	Iprtrmib.h		Windows CE OS
wcesdkrMIB_IPFORWARDTABLE	MIB_IPFORWARDTABLE	3.0	3.0 and later	Iprtrmib.h		Windows CE OS
wcesdkrMIB_IPNETROW	MIB_IPNETROW	3.0	3.0 and later	Iprtrmib.h		Windows CE OS
wcesdkrMIB_IPNETTABLE	MIB_IPNETTABLE	3.0	3.0 and later	Iprtrmib.h		Windows CE OS
wcesdkrMIB_IPSTATS	MIB_IPSTATS	3.0	3.0 and later	Iprtrmib.h		Windows CE OS
wcesdkrMIB_PROXYARP	MIB_PROXYARP	3.0	3.0 and later	Iprtrmib.h		Windows CE OS
wcesdkrMIB_TCPROW	MIB_TCPROW	3.0	3.0 and later	Iprtrmib.h		Windows CE OS
wcesdkrMIB_TCPSTATS	MIB_TCPSTATS	3.0	3.0 and later	Iprtrmib.h		Windows CE OS
wcesdkrMIB_TCPTABLE	MIB_TCPTABLE	3.0	3.0 and later	Iprtrmib.h		Windows CE OS
wcesdkrMIB_UDPROW	MIB_UDPROW	3.0	3.0 and later	Iprtrmib.h		Windows CE OS
wcesdkrMIB_UDPSTATS	MIB_UDPSTATS	3.0	3.0 and later	Iprtrmib.h		Windows CE OS
wcesdkrMIB_UDPTABLE	MIB_UDPTABLE	3.0	3.0 and later	Iprtrmib.h		Windows CE OS
wcesdkrMIXERCAPS	MIXERCAPS	2.12	2.12 or later. Version 2.12 requires DXPAK 1.0 or later.	mmsystem.h		Windows CE OS
wcesdkrMMTIME_str	MMTIME	2.0	2.0 and later	Mmsystem.h		Windows CE OS
wcesdkrMM_MIXM_CONTROL_CHANGE	MM_MIXM_CONTROL_CHANGE	2.12	2.12 or later. Version 2.12 requires DXPAK 1.0 or later.	mmsystem.h		Windows CE OS
wcesdkrMODULEENTRY32_str	MODULEENTRY32	1.0	1.0 and later	Tlhelp32.h		Windows CE OS
wcesdkrMONITORINFO	MONITORINFO	4.0	4.0 and later	Winuser.h		Windows CE OS
wcesdkrMONITORINFOEX	MONITORINFOEX	4.0	4.0 and later	Winuser.h		Windows CE OS
wcesdkrModule32First	Module32First	2.0	2.0 and later	Tlhelp32.h		Windows CE OS
wcesdkrModule32Next	Module32Next	2.0	2.0 and later	Tlhelp32.h		Windows CE OS
wcesdkrMonitorEnumProc	MonitorEnumProc	4.0	4.0 and later	Winuser.h		Windows CE OS
wcesdkrMonitorFromPoint	MonitorFromPoint	4.0	4.0 and later	Winuser.h	User32.lib	Windows CE OS
wcesdkrMonitorFromRect	MonitorFromRect	4.0	4.0 and later	Winuser.h	User32.lib	Windows CE OS
wcesdkrMonitorFromWindow	MonitorFromWindow	4.0	4.0 and later	Winuser.h	User32.lib	Windows CE OS
wcesdkrNETRESOURCE_str	NETRESOURCE	2.0	2.0 and later	Winnetwk.h		Windows CE OS
wcesdkrNotifyAddrChange	NotifyAddrChange	3.0	3.0 and later	Iphlpapi.h	Iphlpapi.lib	Windows CE OS
wcesdkrNotifyRouteChange	NotifyRouteChange	3.0	3.0 and later	Iphlpapi.h	Iphlpapi.lib	Windows CE OS
wcesdkrOUTPUT_DEBUG_STRING_INFO_str	OUTPUT_DEBUG_STRING_INFO	2.0	2.0 and later	Winbase.h		Windows CE OS
wcesdkrOpenProcess	OpenProcess	2.0	2.0 and later	Winbase.h		Windows CE OS
wcesdkrOutputDebugString	OutputDebugString	1.0	1.0 and later	Winbase.h	Nk.lib	Windows CE OS
wcesdkrPEG_USER_NOTIFICATION	PEG_USER_NOTIFICATION	1.0	1.0 and later	Rapi.h		Windows CE OS
wcesdkrPHONEINITIALIZEEXPARAMS	PHONEINITIALIZEEXPARAMS	3.0	3.0 and later	Tapi.h		Windows CE OS
wcesdkrPHONEMESSAGE	PHONEMESSAGE	3.0	3.0 and later	Tapi.h		Windows CE OS
wcesdkrPHONESTATUS	PHONESTATUS	3.0	3.0 and later	Tapi.h		Windows CE OS
wcesdkrPROCESSENTRY32_str	PROCESSENTRY32	1.0	1.0 and later	Tlhelp32.h		Windows CE OS
wcesdkrPROCESS_INFORMATION_str	PROCESS_INFORMATION	1.0	1.0 and later	Winbase.h		Windows CE OS
wcesdkrPlaySound	PlaySound	2.0	2.0 and later	Mmsystem.h	Wavelib.lib	Windows CE OS
wcesdkrProcess32First	Process32First	2.0	2.0 and later	Tlhelp32.h		Windows CE OS
wcesdkrProcess32Next	Process32Next	2.0	2.0 and later	Tlhelp32.h		Windows CE OS
wcesdkrPurgeComm	PurgeComm	1.0	1.0 and later	Winbase.h	Serdev.lib	Windows CE OS
wcesdkrRASCONNSTATE_str	RASCONNSTATE	1.0	1.0 and later	Ras.h		Windows CE OS
wcesdkrRASCONNSTATUS_str	RASCONNSTATUS	1.0	1.0 and later	Ras.h		Windows CE OS
wcesdkrRASCONN_str	RASCONN	1.0	1.0 and later	Ras.h		Windows CE OS
wcesdkrRASDEVINFO_str	RASDEVINFO	1.0	1.0 and later	Ras.h		Windows CE OS
wcesdkrRASDIALPARAMS_str	RASDIALPARAMS	1.0	1.0 and later	Ras.h		Windows CE OS
wcesdkrRASENTRYNAME_str	RASENTRYNAME	1.0	1.0 and later	Ras.h		Windows CE OS
wcesdkrRASENTRY_str	RASENTRY	1.0	1.0 and later	Ras.h		Windows CE OS
wcesdkrRASIPADDR_str	RASIPADDR	1.0	1.0 and later	Ras.h		Windows CE OS
wcesdkrRASPPPIP	RASPPPIP	1.0	1.0 and later	Ras.h		Windows CE OS
wcesdkrRASPROJECTION	RASPROJECTION	1.0	1.0 and later	Ras.h		Windows CE OS
wcesdkrREMOTE_NAME_INFO_str	REMOTE_NAME_INFO	2.0	2.0 and later	Winnetwk.h		Windows CE OS
wcesdkrRasDeleteEntry	RasDeleteEntry	3.0	3.0 and later	Ras.h, Afdfunc.h	Ppp.lib	Windows CE OS
wcesdkrRasDial	RasDial	1.0	1.0 and later	Ras.h, Afdfunc.h	Ppp.lib	Windows CE OS
wcesdkrRasEnumConnections	RasEnumConnections	1.0	1.0 and later	Ras.h, Afdfunc.h	Ppp.lib	Windows CE OS
wcesdkrRasEnumDevices	RasEnumDevices	3.0	3.0 and later	Ras.h	Ppp.lib	Windows CE OS
wcesdkrRasEnumEntries	RasEnumEntries	1.0	1.0 and later	Ras.h, Afdfunc.h	Ppp.lib	Windows CE OS
wcesdkrRasGetConnectStatus	RasGetConnectStatus	1.0	1.0 and later	Ras.h, Afdfunc.h	Ppp.lib	Windows CE OS
wcesdkrRasGetEntryDialParams	RasGetEntryDialParams	1.0	1.0 and later	Ras.h, Afdfunc.h	Ppp.lib	Windows CE OS
wcesdkrRasGetEntryProperties	RasGetEntryProperties	1.0	1.0 and later	Ras.h, Afdfunc.h	Ppp.lib	Windows CE OS
wcesdkrRasGetLinkStatistics	RasGetLinkStatistics	3.0	3.0 and later	Ras.h, Afdfunc.h	Ppp.lib	Windows CE OS
wcesdkrRasGetProjectionInfo	RasGetProjectionInfo	3.0	3.0 and later	Ras.h, Afdfunc.h	Ppp.lib	Windows CE OS
wcesdkrRasHangUp	RasHangUp	1.0	1.0 and later	Ras.h, Afdfunc.h	Ppp.lib	Windows CE OS
wcesdkrRasRenameEntry	RasRenameEntry	1.0	1.0 and later	Ras.h, Afdfunc.h	Ppp.lib	Windows CE OS
wcesdkrRasSetEntryDialParams	RasSetEntryDialParams	1.0	1.0 and later	Ras.h, Afdfunc.h	Ppp.lib	Windows CE OS
wcesdkrRasSetEntryProperties	RasSetEntryProperties	1.0	1.0 and later	Ras.h, Afdfunc.h	Ppp.lib	Windows CE OS
wcesdkrRasValidateEntryName	RasValidateEntryName	1.0	1.0 and later	Ras.h, Afdfunc.h	Ppp.lib	Windows CE OS
wcesdkrReadClient	ReadClient	3.0	3.0 and later	httpext.h	Httpextn.lib	Windows CE OS
wcesdkrReadProcessMemory	ReadProcessMemory	2.0	2.0 and later	Winbase.h	Coredll.lib, Nk.lib	Windows CE OS
wcesdkrReleaseCapture	ReleaseCapture	1.0	1.0 and later	Winuser.h	Foregnd.lib	Windows CE OS
wcesdkrResumeThread	ResumeThread	1.0	1.0 and later	Winbase.h	Coredll.lib	Windows CE OS
wcesdkrSHELLFILECHANGEFUNC_t	SHELLFILECHANGEFUNC_t	2.10	2.10 and later	Extfile.h		Windows CE OS
wcesdkrSOCKADDR	sockaddr	1.0	1.0 and later	Winsock.h		Windows CE OS
wcesdkrSOCKADDR_IN	SOCKADDR_IN	1.0	1.0 and later	Winsock.h		Windows CE OS
wcesdkrSYSTEMTIME_str	SYSTEMTIME	1.0	1.0 and later	Winbase.h		Windows CE OS
wcesdkrSendARP	SendARP	3.0	3.0 and later	Iphlpapi.h	Iphlpapi.lib	Windows CE OS
wcesdkrServerSupportFunction	ServerSupportFunction	3.0	3.0 and later	Httpfilt.h	Httpfilt.lib	Windows CE OS
wcesdkrSetAbortProc	SetAbortProc	2.0	2.0 and later	Wingdi.h	Mgprint.lib	Windows CE OS
wcesdkrSetCapture	SetCapture	1.0	1.0 and later	Winuser.h	Foregnd.lib	Windows CE OS
wcesdkrSetCommBreak	SetCommBreak	1.0	1.0 and later	Winbase.h	Serdev.lib	Windows CE OS
wcesdkrSetCommMask	SetCommMask	1.0	1.0 and later	Winbase.h	Serdev.lib	Windows CE OS
wcesdkrSetCommState	SetCommState	1.0	1.0 and later	Winbase.h	Serdev.lib	Windows CE OS
wcesdkrSetCommTimeouts	SetCommTimeouts	1.0	1.0 and later	Winbase.h	Serdev.lib	Windows CE OS
wcesdkrSetCursor	SetCursor	1.0	1.0 and later	Winuser.h	Cursor.lib, Mcursor.lib	Windows CE OS
wcesdkrSetCursorPos	SetCursorPos	1.0	1.0 and later	Winuser.h	Cursor.lib, Mcursor.lib	Windows CE OS
wcesdkrSetFileTime	SetFileTime	1.0	1.0 and later	Winbase.h		Windows CE OS
wcesdkrSetHeader	SetHeader	3.0	3.0 and later	Httpfilt.h	Httpfilt.lib	Windows CE OS
wcesdkrSetIfEntry	SetIfEntry	3.0	3.0 and later	Iphlpapi.h	Iphlpapi.lib	Windows CE OS
wcesdkrSetIpForwardEntry	SetIpForwardEntry	3.0	3.0 and later	Iphlpapi.h	Iphlpapi.lib	Windows CE OS
wcesdkrSetIpNetEntry	SetIpNetEntry	3.0	3.0 and later	Iphlpapi.h	Iphlpapi.lib	Windows CE OS
wcesdkrSetIpStatistics	SetIpStatistics	3.0	3.0 and later	Iphlpapi.h	Iphlpapi.lib	Windows CE OS
wcesdkrSetIpTTL	SetIpTTL	3.0	3.0 and later	Iphlpapi.h	Iphlpapi.lib	Windows CE OS
wcesdkrSetLocalTime	SetLocalTime	1.0	1.0 and later	Winbase.h		Windows CE OS
wcesdkrSetTcpEntry	SetTcpEntry	3.0	3.0 and later	Iphlpapi.h	Iphlpapi.lib	Windows CE OS
wcesdkrSetThreadContext	SetThreadContext	2.0	2.0 and later	Winbase.h	Nk.lib	Windows CE OS
wcesdkrSetThreadPriority	SetThreadPriority	1.0	1.0 and later	Winbase.h	Coredll.lib, Nk.lib	Windows CE OS
wcesdkrSetTimeZoneInformation	SetTimeZoneInformation	1.0	1.0 and later	Winbase.h		Windows CE OS
wcesdkrSetupComm	SetupComm	1.0	1.0 and later	Winbase.h	Serdev.lib	Windows CE OS
wcesdkrShowCursor	ShowCursor	1.0	1.0 and later	Winuser.h	Cursor.lib, Mcursor.lib	Windows CE OS
wcesdkrSleep	Sleep	1.0	1.0 and later	Winbase.h	Coredll.lib	Windows CE OS
wcesdkrSndPlaySound	sndPlaySound	2.0	2.0 and later	Mmsystem.h	Wavelib.lib	Windows CE OS
wcesdkrSnmpExtensionClose	SnmpExtensionClose	3.0	3.0 and later	Snmp.h	Snmp.lib	Windows CE OS
wcesdkrSnmpExtensionInit	SnmpExtensionInit	3.0	3.0 and later	Snmp.h	Snmp.lib	Windows CE OS
wcesdkrSnmpExtensionInitEx	SnmpExtensionInitEx	3.0	3.0 and later	Snmp.h	Snmp.lib	Windows CE OS
wcesdkrSnmpExtensionQuery	SnmpExtensionQuery	3.0	3.0 and later	Snmp.h	Snmp.lib	Windows CE OS
wcesdkrSnmpExtensionQueryEx	SnmpExtensionQueryEx	3.0	3.0 and later	Snmp.h	Snmp.lib	Windows CE OS
wcesdkrSnmpExtensionTrap	SnmpExtensionTrap	3.0	3.0 and later	Snmp.h	Snmp.lib	Windows CE OS
wcesdkrSnmpSvcGetUptime	SnmpSvcGetUptime	3.0	3.0 and later	Snmp.h	Snmpapi.lib	Windows CE OS
wcesdkrSnmpSvcSetLogLevel	SnmpSvcSetLogLevel	3.0	3.0 and later	Snmp.h	Snmpapi.lib	Windows CE OS
wcesdkrSnmpSvcSetLogType	SnmpSvcSetLogType	3.0	3.0 and later	Snmp.h	Snmpapi.lib	Windows CE OS
wcesdkrSnmpTfxClose	SnmpTfxClose	3.0	3.0 and later	Snmpexts.h	Snmpapi.lib	Windows CE OS
wcesdkrSnmpTfxOpen	SnmpTfxOpen	3.0	3.0 and later	Snmpexts.h	Snmpapi.lib	Windows CE OS
wcesdkrSnmpTfxQuery	SnmpTfxQuery	3.0	3.0 and later	Snmpexts.h	Snmpapi.lib	Windows CE OS
wcesdkrSnmpUtilAsnAnyCpy	SnmpUtilAsnAnyCpy	3.0	3.0 and later	Snmp.h	Snmpapi.lib	Windows CE OS
wcesdkrSnmpUtilAsnAnyFree	SnmpUtilAsnAnyFree	3.0	3.0 and later	Snmp.h	Snmpapi.lib	Windows CE OS
wcesdkrSnmpUtilDbgPrint	SnmpUtilDbgPrint	3.0	3.0 and later	Snmp.h	Snmpapi.lib	Windows CE OS
wcesdkrSnmpUtilIdsToA	SnmpUtilIdsToA	3.0	3.0 and later	Snmp.h	Snmpapi.lib	Windows CE OS
wcesdkrSnmpUtilIdsToW	SnmpUtilIdsToW	3.0	3.0 and later	Snmp.h	Snmpapi.lib	Windows CE OS
wcesdkrSnmpUtilMemAlloc	SnmpUtilMemAlloc	3.0	3.0 and later	Snmp.h	Snmpapi.lib	Windows CE OS
wcesdkrSnmpUtilMemFree	SnmpUtilMemFree	3.0	3.0 and later	Snmp.h	Snmpapi.lib	Windows CE OS
wcesdkrSnmpUtilMemReAlloc	SnmpUtilMemReAlloc	3.0	3.0 and later	Snmp.h	Snmpapi.lib	Windows CE OS
wcesdkrSnmpUtilOctetsCmp	SnmpUtilOctetsCmp	3.0	3.0 and later	Snmp.h	Snmpapi.lib	Windows CE OS
wcesdkrSnmpUtilOctetsCpy	SnmpUtilOctetsCpy	3.0	3.0 and later	Snmp.h	Snmpapi.lib	Windows CE OS
wcesdkrSnmpUtilOctetsFree	SnmpUtilOctetsFree	3.0	3.0 and later	Snmp.h	Snmpapi.lib	Windows CE OS
wcesdkrSnmpUtilOctetsNCmp	SnmpUtilOctetsNCmp	3.0	3.0 and later	Snmp.h	Snmpapi.lib	Windows CE OS
wcesdkrSnmpUtilOidAppend	SnmpUtilOidAppend	3.0	3.0 and later	Snmp.h	Snmpapi.lib	Windows CE OS
wcesdkrSnmpUtilOidCmp	SnmpUtilOidCmp	3.0	3.0 and later	Snmp.h	Snmpapi.lib	Windows CE OS
wcesdkrSnmpUtilOidCpy	SnmpUtilOidCpy	3.0	3.0 and later	Snmp.h	Snmpapi.lib	Windows CE OS
wcesdkrSnmpUtilOidFree	SnmpUtilOidFree	3.0	3.0 and later	Snmp.h	Snmpapi.lib	Windows CE OS
wcesdkrSnmpUtilOidNCmp	SnmpUtilOidNCmp	3.0	3.0 and later	Snmp.h	Snmpapi.lib	Windows CE OS
wcesdkrSnmpUtilOidToA	SnmpUtilOidToA	3.0	3.0 and later	Snmp.h	Snmpapi.lib	Windows CE OS
wcesdkrSnmpUtilOidToW	SnmpUtilOidToW	3.0	3.0 and later	Snmp.h	Snmpapi.lib	Windows CE OS
wcesdkrSnmpUtilPrintToStrAsnAny	SnmpUtilPrintToStrAsnAny	3.0	3.0 and later	Snmp.h	Snmpapi.lib	Windows CE OS
wcesdkrSnmpUtilVarBindCpy	SnmpUtilVarBindCpy	3.0	3.0 and later	Snmp.h	Snmpapi.lib	Windows CE OS
wcesdkrSnmpUtilVarBindListCpy	SnmpUtilVarBindListCpy	3.0	3.0 and later	Snmp.h	Snmpapi.lib	Windows CE OS
wcesdkrSnmpVarBind	SnmpVarBind	3.0	3.0 and later	Snmp.h		Windows CE OS
wcesdkrSnmpVarBindList	SnmpVarBindList	3.0	3.0 and later	Snmp.h		Windows CE OS
wcesdkrStartDoc	StartDoc	2.0	2.0 and later	Wingdi.h	Mgprint.lib	Windows CE OS
wcesdkrStartPage	StartPage	2.0	2.0 and later	Wingdi.h	Mgprint.lib	Windows CE OS
wcesdkrSuspendThread	SuspendThread	1.0	1.0 and later	Winbase.h	Coredll.lib	Windows CE OS
wcesdkrSystemTimeToFileTime	SystemTimeToFileTime	1.0	1.0 and later	Winbase.h		Windows CE OS
wcesdkrTHREADENTRY32_str	THREADENTRY32	1.0	1.0 and later	Tlhelp32.h		Windows CE OS
wcesdkrTIME_ZONE_INFORMATION_str	TIME_ZONE_INFORMATION	1.0	1.0 and later	Winbase.h		Windows CE OS
wcesdkrTSPI_lineAccept	TSPI_lineAccept	3.0	3.0 and later	Tapicomn.h	Coredll.lib	Windows CE OS
wcesdkrTSPI_lineAddToConference	TSPI_lineAddToConference	3.0	3.0 and later	Tapicomn.h	Coredll.lib	Windows CE OS
wcesdkrTSPI_lineAnswer	TSPI_lineAnswer	3.0	3.0 and later	Tapicomn.h	Coredll.lib	Windows CE OS
wcesdkrTSPI_lineBlindTransfer	TSPI_lineBlindTransfer	3.0	3.0 and later	Tapicomn.h	Coredll.lib	Windows CE OS
wcesdkrTSPI_lineClose	TSPI_lineClose	3.0	3.0 and later	Tapicomn.h	Coredll.lib	Windows CE OS
wcesdkrTSPI_lineCloseCall	TSPI_lineCloseCall	3.0	3.0 and later	Tapicomn.h	Coredll.lib	Windows CE OS
wcesdkrTSPI_lineCompleteTransfer	TSPI_lineCompleteTransfer	3.0	3.0 and later	Tapicomn.h	Coredll.lib	Windows CE OS
wcesdkrTSPI_lineConditionalMediaDetection	TSPI_lineConditionalMediaDetection	3.0	3.0 and later	Tapicomn.h	Coredll.lib	Windows CE OS
wcesdkrTSPI_lineConfigDialogEdit	TSPI_lineConfigDialogEdit	3.0	3.0 and later	Tapicomn.h	Coredll.lib	Windows CE OS
wcesdkrTSPI_lineDevSpecific	TSPI_lineDevSpecific	3.0	3.0 and later	Tapicomn.h	Coredll.lib	Windows CE OS
wcesdkrTSPI_lineDial	TSPI_lineDial	3.0	3.0 and later	Tapicomn.h	Coredll.lib	Windows CE OS
wcesdkrTSPI_lineDrop	TSPI_lineDrop	3.0	3.0 and later	Tapicomn.h	Coredll.lib	Windows CE OS
wcesdkrTSPI_lineForward	TSPI_lineForward	3.0	3.0 and later	Tapicomn.h	Coredll.lib	Windows CE OS
wcesdkrTSPI_lineGenerateDigits	TSPI_lineGenerateDigits	3.0	3.0 and later	Tapicomn.h	Coredll.lib	Windows CE OS
wcesdkrTSPI_lineGenerateTone	TSPI_lineGenerateTone	3.0	3.0 and later	Tapicomn.h	Coredll.lib	Windows CE OS
wcesdkrTSPI_lineGetAddressCaps	TSPI_lineGetAddressCaps	3.0	3.0 and later	Tapicomn.h	Coredll.lib	Windows CE OS
wcesdkrTSPI_lineGetAddressID	TSPI_lineGetAddressID	3.0	3.0 and later	Tapicomn.h	Coredll.lib	Windows CE OS
wcesdkrTSPI_lineGetAddressStatus	TSPI_lineGetAddressStatus	3.0	3.0 and later	Tapicomn.h	Coredll.lib	Windows CE OS
wcesdkrTSPI_lineGetCallAddressID	TSPI_lineGetCallAddressID	3.0	3.0 and later	Tapicomn.h	Coredll.lib	Windows CE OS
wcesdkrTSPI_lineGetCallInfo	TSPI_lineGetCallInfo	3.0	3.0 and later	Tspi.h	Coredll.lib	Windows CE OS
wcesdkrTSPI_lineGetCallStatus	TSPI_lineGetCallStatus	3.0	3.0 and later	Tapicomn.h	Coredll.lib	Windows CE OS
wcesdkrTSPI_lineGetDevCaps	TSPI_lineGetDevCaps	3.0	3.0 and later	Tapicomn.h	Coredll.lib	Windows CE OS
wcesdkrTSPI_lineGetDevConfig	TSPI_lineGetDevConfig	3.0	3.0 and later	Tapicomn.h	Coredll.lib	Windows CE OS
wcesdkrTSPI_lineGetExtensionID	TSPI_lineGetExtensionID	3.0	3.0 and later	Tapicomn.h	Coredll.lib	Windows CE OS
wcesdkrTSPI_lineGetID	TSPI_lineGetID	3.0	3.0 and later	Tapicomn.h	Coredll.lib	Windows CE OS
wcesdkrTSPI_lineGetIcon	TSPI_lineGetIcon	3.0	3.0 and later	Tapicomn.h	Coredll.lib	Windows CE OS
wcesdkrTSPI_lineGetLineDevStatus	TSPI_lineGetLineDevStatus	3.0	3.0 and later	Tapicomn.h	Coredll.lib	Windows CE OS
wcesdkrTSPI_lineGetNumAddressIDs	TSPI_lineGetNumAddressIDs	3.0	3.0 and later	Tapicomn.h	Coredll.lib	Windows CE OS
wcesdkrTSPI_lineHold	TSPI_lineHold	3.0	3.0 and later	Tapicomn.h	Coredll.lib	Windows CE OS
wcesdkrTSPI_lineMakeCall	TSPI_lineMakeCall	3.0	3.0 and later	Tapicomn.h	Coredll.lib	Windows CE OS
wcesdkrTSPI_lineMonitorDigits	TSPI_lineMonitorDigits	3.0	3.0 and later	Tapicomn.h	Coredll.lib	Windows CE OS
wcesdkrTSPI_lineMonitorMedia	TSPI_lineMonitorMedia	3.0	3.0 and later	Tapicomn.h	Coredll.lib	Windows CE OS
wcesdkrTSPI_lineNegotiateExtVersion	TSPI_lineNegotiateExtVersion	3.0	3.0 and later	Tapicomn.h	Coredll.lib	Windows CE OS
wcesdkrTSPI_lineNegotiateTSPIVersion	TSPI_lineNegotiateTSPIVersion	3.0	3.0 and later	Tapicomn.h	Coredll.lib	Windows CE OS
wcesdkrTSPI_lineOpen	TSPI_lineOpen	3.0	3.0 and later	Tapicomn.h	Coredll.lib	Windows CE OS
wcesdkrTSPI_linePickup	TSPI_linePickup	3.0	3.0 and later	Tapicomn.h	Coredll.lib	Windows CE OS
wcesdkrTSPI_linePrepareAddToConference	TSPI_linePrepareAddToConference	3.0	3.0 and later	Tapicomn.h	Coredll.lib	Windows CE OS
wcesdkrTSPI_lineRedirect	TSPI_lineRedirect	3.0	3.0 and later	Tapicomn.h	Coredll.lib	Windows CE OS
wcesdkrTSPI_lineReleaseUserUserInfo	TSPI_lineReleaseUserUserInfo	3.0	3.0 and later	Tapicomn.h	Coredll.lib	Windows CE OS
wcesdkrTSPI_lineRemoveFromConference	TSPI_lineRemoveFromConference	3.0	3.0 and later	Tapicomn.h	Coredll.lib	Windows CE OS
wcesdkrTSPI_lineSendUserUserInfo	TSPI_lineSendUserUserInfo	3.0	3.0 and later	Tapicomn.h	Coredll.lib	Windows CE OS
wcesdkrTSPI_lineSetCallParams	TSPI_lineSetCallParams	3.0	3.0 and later	Tapicomn.h	Coredll.lib	Windows CE OS
wcesdkrTSPI_lineSetDefaultMediaDetection	TSPI_lineSetDefaultMediaDetection	3.0	3.0 and later	Tapicomn.h	Coredll.lib	Windows CE OS
wcesdkrTSPI_lineSetDevConfig	TSPI_lineSetDevConfig	3.0	3.0 and later	Tapicomn.h	Coredll.lib	Windows CE OS
wcesdkrTSPI_lineSetMediaMode	TSPI_lineSetMediaMode	3.0	3.0 and later	Tapicomn.h	Coredll.lib	Windows CE OS
wcesdkrTSPI_lineSetStatusMessages	TSPI_lineSetStatusMessages	3.0	3.0 and later	Tapicomn.h	Coredll.lib	Windows CE OS
wcesdkrTSPI_lineSetTerminal	TSPI_lineSetTerminal	3.0	3.0 and later	Tapicomn.h	Coredll.lib	Windows CE OS
wcesdkrTSPI_lineSetupConference	TSPI_lineSetupConference	3.0	3.0 and later	Tapicomn.h	Coredll.lib	Windows CE OS
wcesdkrTSPI_lineSetupTransfer	TSPI_lineSetupTransfer	3.0	3.0 and later	Tapicomn.h	Coredll.lib	Windows CE OS
wcesdkrTSPI_lineSwapHold	TSPI_lineSwapHold	3.0	3.0 and later	Tapicomn.h	Coredll.lib	Windows CE OS
wcesdkrTSPI_lineUnhold	TSPI_lineUnhold	3.0	3.0 and later	Tapicomn.h	Coredll.lib	Windows CE OS
wcesdkrTSPI_phoneClose	TSPI_phoneClose	3.0	3.0 and later	Tapicomn.h	Coredll.lib	Windows CE OS
wcesdkrTSPI_phoneConfigDialog	TSPI_phoneConfigDialog	3.0	3.0 and later	Tapicomn.h	Coredll.lib	Windows CE OS
wcesdkrTSPI_phoneDevSpecific	TSPI_phoneDevSpecific	3.0	3.0 and later	Tapicomn.h	Coredll.lib	Windows CE OS
wcesdkrTSPI_phoneGetDevCaps	TSPI_phoneGetDevCaps	3.0	3.0 and later	Tapicomn.h	Coredll.lib	Windows CE OS
wcesdkrTSPI_phoneGetExtensionID	TSPI_phoneGetExtensionID	3.0	3.0 and later	Tapicomn.h	Coredll.lib	Windows CE OS
wcesdkrTSPI_phoneGetGain	TSPI_phoneGetGain	3.0	3.0 and later	Tapicomn.h	Coredll.lib	Windows CE OS
wcesdkrTSPI_phoneGetHookSwitch	TSPI_phoneGetHookSwitch	3.0	3.0 and later	Tapicomn.h	Coredll.lib	Windows CE OS
wcesdkrTSPI_phoneGetID	TSPI_phoneGetID	3.0	3.0 and later	Tapicomn.h	Coredll.lib	Windows CE OS
wcesdkrTSPI_phoneGetIcon	TSPI_phoneGetIcon	3.0	3.0 and later	Tapicomn.h	Coredll.lib	Windows CE OS
wcesdkrTSPI_phoneGetRing	TSPI_phoneGetRing	3.0	3.0 and later	Tapicomn.h	Coredll.lib	Windows CE OS
wcesdkrTSPI_phoneGetStatus	TSPI_phoneGetStatus	3.0	3.0 and later	Tapicomn.h	Coredll.lib	Windows CE OS
wcesdkrTSPI_phoneGetVolume	TSPI_phoneGetVolume	3.0	3.0 and later	Tapicomn.h	Coredll.lib	Windows CE OS
wcesdkrTSPI_phoneNegotiateExtVersion	TSPI_phoneNegotiateExtVersion	3.0	3.0 and later	Tapicomn.h	Coredll.lib	Windows CE OS
wcesdkrTSPI_phoneNegotiateTSPIVersion	TSPI_phoneNegotiateTSPIVersion	3.0	3.0 and later	Tapicomn.h	Coredll.lib	Windows CE OS
wcesdkrTSPI_phoneOpen	TSPI_phoneOpen	3.0	3.0 and later	Tapicomn.h	Coredll.lib	Windows CE OS
wcesdkrTSPI_phoneSelectExtVersion	TSPI_phoneSelectExtVersion	3.0	3.0 and later	Tapicomn.h	Coredll.lib	Windows CE OS
wcesdkrTSPI_phoneSetGain	TSPI_phoneSetGain	3.0	3.0 and later	Tapicomn.h	Coredll.lib	Windows CE OS
wcesdkrTSPI_phoneSetHookSwitch	TSPI_phoneSetHookSwitch	3.0	3.0 and later	Tapicomn.h	Coredll.lib	Windows CE OS
wcesdkrTSPI_phoneSetRing	TSPI_phoneSetRing	3.0	3.0 and later	Tapicomn.h	Coredll.lib	Windows CE OS
wcesdkrTSPI_phoneSetStatusMessages	TSPI_phoneSetStatusMessages	3.0	3.0 and later	Tapicomn.h	Coredll.lib	Windows CE OS
wcesdkrTSPI_phoneSetVolume	TSPI_phoneSetVolume	3.0	3.0 and later	Tapicomn.h	Coredll.lib	Windows CE OS
wcesdkrTSPI_providerCreateLineDevice	TSPI_providerCreateLineDevice	3.0	3.0 and later	Tapicomn.h	Coredll.lib	Windows CE OS
wcesdkrTSPI_providerCreatePhoneDevice	TSPI_providerCreatePhoneDevice	3.0	3.0 and later	Tapicomn.h	Coredll.lib	Windows CE OS
wcesdkrTSPI_providerEnumDevices	TSPI_providerEnumDevices	3.0	3.0 and later	Tapicomn.h	Coredll.lib	Windows CE OS
wcesdkrTSPI_providerInit	TSPI_providerInit	3.0	3.0 and later	Tapicomn.h	Coredll.lib	Windows CE OS
wcesdkrTSPI_providerInstall	TSPI_providerInstall	3.0	3.0 and later	Tapicomn.h	Coredll.lib	Windows CE OS
wcesdkrTSPI_providerRemove	TSPI_providerRemove	3.0	3.0 and later	Tapicomn.h	Coredll.lib	Windows CE OS
wcesdkrTSPI_providerRemoveDevice	TSPI_providerRemoveDevice	3.0	3.0 and later	Tapicomn.h	Coredll.lib	Windows CE OS
wcesdkrTSPI_providerShutdown	TSPI_providerShutdown	3.0	3.0 and later	Tapicomn.h	Coredll.lib	Windows CE OS
wcesdkrTerminateExtension	TerminateExtension	3.0	3.0 and later	httpext.h		Windows CE OS
wcesdkrTerminateProcess	TerminateProcess	1.0	1.0 and later	Winbase.h	Coredll.lib	Windows CE OS
wcesdkrTerminateThread	TerminateThread	1.01	1.01 and later	Winbase.h	Coredll.lib	Windows CE OS
wcesdkrThread32First	Thread32First	2.0	2.0 and later	Tlhelp32.h		Windows CE OS
wcesdkrThread32Next	Thread32Next	2.0	2.0 and later	Tlhelp32.h		Windows CE OS
wcesdkrThreadProc	ThreadProc	1.01	1.01 and later			Windows CE OS
wcesdkrTlsAlloc	TlsAlloc	1.0	1.0 and later	Winuser.h	Coremain.lib	Windows CE OS
wcesdkrTlsFree	TlsFree	1.0	1.0 and later	Winbase.h	Coremain.lib	Windows CE OS
wcesdkrTlsGetValue	TlsGetValue	1.0	1.0 and later	Winbase.h	Coremain.lib	Windows CE OS
wcesdkrTlsSetValue	TlsSetValue	1.0	1.0 and later	Winbase.h	Coremain.lib	Windows CE OS
wcesdkrToolhelp32ReadProcessMemory	Toolhelp32ReadProcessMemory	2.0	2.0 and later	Tlhelp32.h		Windows CE OS
wcesdkrTransmitCommChar	TransmitCommChar	1.0	1.0 and later	Winbase.h	Serdev.lib	Windows CE OS
wcesdkrUNIVERSAL_NAME_INFO_str	UNIVERSAL_NAME_INFO	2.0	2.0 and later	Winnetwk.h		Windows CE OS
wcesdkrUNLOAD_DLL_DEBUG_INFO_str	UNLOAD_DLL_DEBUG_INFO	2.0	2.0 and later	Winbase.h		Windows CE OS
wcesdkrVARSTRING_str	VARSTRING	1.0	1.0 and later	Tapi.h		Windows CE OS
wcesdkrVirtualAlloc	VirtualAlloc	1.0	1.0 and later	Winbase.h	Coredll.lib	Windows CE OS
wcesdkrVirtualFree	VirtualFree	1.0	1.0 and later	Winbase.h	Coredll.lib	Windows CE OS
wcesdkrVirtualProtect	VirtualProtect	1.0	1.0 and later	Winbase.h	Coredll.lib	Windows CE OS
wcesdkrVirtualQuery	VirtualQuery	1.0	1.0 and later	Winbase.h	Coredll.lib	Windows CE OS
wcesdkrWAVEFORMATEX_str	WAVEFORMATEX	2.0	2.0 and later	Mmsystem.h		Windows CE OS
wcesdkrWAVEHDR_str	WAVEHDR	2.0	2.0 and later	Mmsystem.h		Windows CE OS
wcesdkrWAVEINCAPS_str	WAVEINCAPS	2.0	2.0 and later	Mmsystem.h		Windows CE OS
wcesdkrWAVEOUTCAPS_str	WAVEOUTCAPS	2.0	2.0 and later	Mmsystem.h		Windows CE OS
wcesdkrWM_CAPTURECHANGED	WM_CAPTURECHANGED	1.0	1.0 and later	Winuser.h		Windows CE OS
wcesdkrWM_ERASEBKGND	WM_ERASEBKGND	1.0	1.0 and later	Winuser.h		Windows CE OS
wcesdkrWM_GETICON	WM_GETICON	1.0	1.0 and later	Winuser.h		Windows CE OS
wcesdkrWM_LBUTTONBLCLK	WM_LBUTTONDBLCLK	1.0	1.0 and later	Winuser.h		Windows CE OS
wcesdkrWM_LBUTTONDOWN	WM_LBUTTONDOWN	1.0	1.0 and later	Winuser.h		Windows CE OS
wcesdkrWM_LBUTTONUP	WM_LBUTTONUP	1.0	1.0 and later	Winuser.h		Windows CE OS
wcesdkrWM_RASDIALEVENT	WM_RASDIALEVENT	1.0	1.0 and later	Winuser.h		Windows CE OS
wcesdkrWM_SETCURSOR	WM_SETCURSOR	2.0	2.0 and later	Winuser.h		Windows CE OS
wcesdkrWM_SETICON	WM_SETICON	1.0	1.0 and later	Winuser.h		Windows CE OS
wcesdkrWNetCancelConnection2	WNetCancelConnection2	2.0	2.0 and later	Winnetwk.h	Redir.lib	Windows CE OS
wcesdkrWNetCloseEnum	WNetCloseEnum	2.0	2.0 and later	Winnetwk.h	Redir.lib	Windows CE OS
wcesdkrWNetConnectionDialog1	WNetConnectionDialog1	2.0	2.0 and later	Winnetwk.h	Redir.lib	Windows CE OS
wcesdkrWNetDisconnectDialog	WNetDisconnectDialog	2.0	2.0 and later	Winnetwk.h	Redir.lib	Windows CE OS
wcesdkrWNetDisconnectDialog1	WNetDisconnectDialog1	2.0	2.0 and later	Winnetwk.h	Redir.lib	Windows CE OS
wcesdkrWNetEnumResource	WNetEnumResource	2.0	2.0 and later	Winnetwk.h	Redir.lib	Windows CE OS
wcesdkrWNetGetConnection	WNetGetConnection	2.0	2.0 and later	Winnetwk.h	Redir.lib	Windows CE OS
wcesdkrWNetGetUniversalName	WNetGetUniversalName	2.0	2.0 and later	Winnetwk.h	Redir.lib	Windows CE OS
wcesdkrWNetGetUser	WNetGetUser	2.0	2.0 and later	Winnetwk.h	Redir.lib	Windows CE OS
wcesdkrWNetOpenEnum	WNetOpenEnum	2.0	2.0 and later	Winnetwk.h	Redir.lib	Windows CE OS
wcesdkrWSACleanup	WSACleanup	1.0	1.0 and later	Winsock.h		Windows CE OS
wcesdkrWSADATA	WSADATA	1.0	1.0 and later	Winsock.h		Windows CE OS
wcesdkrWSAGetLastError	WSAGetLastError	1.0	1.0 and later	Winsock.h		Windows CE OS
wcesdkrWSASetLastError	WSASetLastError	2.0	2.0 and later	Winsock.h		Windows CE OS
wcesdkrWSAStartup	WSAStartup	1.0	1.0 and later	Winsock.h		Windows CE OS
wcesdkrWaitCommEvent	WaitCommEvent	1.0	1.0 and later	Winbase.h	Serdev.lib	Windows CE OS
wcesdkrWaitForDebugEvent	WaitForDebugEvent	2.0	2.0 and later	Winbase.h	Coredll.lib, Nk.lib	Windows CE OS
wcesdkrWnetAddConnection3	WNetAddConnection3	2.0	2.0 and later	Winnetwk.h	Redir.lib	Windows CE OS
wcesdkrWriteClient	WriteClient	3.0	3.0 and later	httpext.h	Httpextn.lib, Httpfilt.lib	Windows CE OS
wcesdkrWriteDebugLED	WriteDebugLED	2.12	2.12 and later	Dbgapi.h		Windows CE OS
wcesdkrWriteProcessMemory	WriteProcessMemory	2.0	2.0 and later	Winbase.h	Nk.lib	Windows CE OS
wcesdkraccept_function	accept	1.0	1.0 and later	Winsock.h		Windows CE OS
wcesdkrbind	bind	1.0	1.0 and later	Winsock.h		Windows CE OS
wcesdkrconnect_function	connect	1.0	1.0 and later	Winsock.h		Windows CE OS
wcesdkrddscapsex_ddraw	DDSCAPSEX	2.12	2.12 or later. Version 2.12 requires DXPAK 1.0 or later.			Windows CE OS
wcesdkrdocinfo_str	DOCINFO	2.0	2.0 and later	Wingdi.h		Windows CE OS
wcesdkrgethostbyaddr	gethostbyaddr	1.0	1.0 and later	Winsock.h		Windows CE OS
wcesdkrgethostbyname	gethostbyname	1.0	1.0 and later	Winsock.h		Windows CE OS
wcesdkrgethostname	gethostname	1.0	1.0 and later	Winsock.h		Windows CE OS
wcesdkrgetpeername	getpeername	1.0	1.0 and later	Winsock.h		Windows CE OS
wcesdkrgetsockname	getsockname	1.0	1.0 and later	Winsock.h		Windows CE OS
wcesdkrgetsockopt	getsockopt	1.0	1.0 and later	Winsock.h		Windows CE OS
wcesdkrhtonl	htonl	1.0	1.0 and later	Winsock.h		Windows CE OS
wcesdkrhtons	htons	1.0	1.0 and later	Winsock.h		Windows CE OS
wcesdkrinet_addr	inet_addr	1.0	1.0 and later	Winsock.h		Windows CE OS
wcesdkrinet_ntoa	inet_ntoa	1.0	1.0 and later	Winsock.h		Windows CE OS
wcesdkrioctlsocket	ioctlsocket	1.0	1.0 and later	Winsock.h		Windows CE OS
wcesdkrlineAccept	lineAccept	1.0	1.0 and later	Tapi.h	Coredll.lib	Windows CE OS
wcesdkrlineAddProvider	lineAddProvider	2.0	2.0 and later	Tapi.h	Coredll.lib	Windows CE OS
wcesdkrlineAddToConference	lineAddToConference	1.0	1.0 and later	Tapi.h	Coredll.lib	Windows CE OS
wcesdkrlineAnswer	lineAnswer	1.0	1.0 and later	Tapi.h	Coredll.lib	Windows CE OS
wcesdkrlineBlindTransfer	lineBlindTransfer	1.0	1.0 and later	Tapi.h	Coredll.lib	Windows CE OS
wcesdkrlineCallbackFunc	lineCallbackFunc	1.0	1.0 and later	Tapi.h	Coredll.lib	Windows CE OS
wcesdkrlineClose	lineClose	1.0	1.0 and later	Tapi.h	Coredll.lib	Windows CE OS
wcesdkrlineCompleteTransfer	lineCompleteTransfer	1.0	1.0 and later	Tapi.h	Coredll.lib	Windows CE OS
wcesdkrlineConfigDialogEdit	lineConfigDialogEdit	1.0	1.0 and later	Tapi.h	Coredll.lib	Windows CE OS
wcesdkrlineDeallocateCall	lineDeallocateCall	1.0	1.0 and later	Tapi.h	Coredll.lib	Windows CE OS
wcesdkrlineDevSpecific	lineDevSpecific	1.0	1.0 and later	Tapi.h	Coredll.lib	Windows CE OS
wcesdkrlineDial	lineDial	1.0	1.0 and later	Tapi.h	Coredll.lib	Windows CE OS
wcesdkrlineDrop	lineDrop	1.0	1.0 and later	Tapi.h	Coredll.lib	Windows CE OS
wcesdkrlineForward	lineForward	1.0	1.0 and later	Tapi.h	Coredll.lib	Windows CE OS
wcesdkrlineGenerateDigits	lineGenerateDigits	1.0	1.0 and later	Tapi.h	Coredll.lib	Windows CE OS
wcesdkrlineGenerateTone	lineGenerateTone	1.0	1.0 and later	Tapi.h	Coredll.lib	Windows CE OS
wcesdkrlineGetAddressCaps	lineGetAddressCaps	1.0	1.0 and later	Tapi.h	Coredll.lib	Windows CE OS
wcesdkrlineGetAddressID	lineGetAddressID	1.0	1.0 and later	Tapi.h	Coredll.lib	Windows CE OS
wcesdkrlineGetAddressStatus	lineGetAddressStatus	1.0	1.0 and later	Tapi.h	Coredll.lib	Windows CE OS
wcesdkrlineGetAppPriority	lineGetAppPriority	1.0	1.0 and later	Tapi.h	Coredll.lib	Windows CE OS
wcesdkrlineGetCallInfo	lineGetCallInfo	1.0	1.0 and later	Tapi.h	Coredll.lib	Windows CE OS
wcesdkrlineGetCallStatus	lineGetCallStatus	1.0	1.0 and later	Tapi.h	Coredll.lib	Windows CE OS
wcesdkrlineGetConfRelatedCalls	lineGetConfRelatedCalls	1.0	1.0 and later	Tapi.h	Coredll.lib	Windows CE OS
wcesdkrlineGetDevCaps	lineGetDevCaps	1.0	1.0 and later	Tapi.h	Coredll.lib	Windows CE OS
wcesdkrlineGetDevConfig	lineGetDevConfig	1.0	1.0 and later	Tapi.h	Coredll.lib	Windows CE OS
wcesdkrlineGetID	lineGetID	1.0	1.0 and later	Tapi.h	Coredll.lib	Windows CE OS
wcesdkrlineGetIcon	lineGetIcon	1.0	1.0 and later	Tapi.h	Coredll.lib	Windows CE OS
wcesdkrlineGetLineDevStatus	lineGetLineDevStatus	1.0	1.0 and later	Tapi.h	Coredll.lib	Windows CE OS
wcesdkrlineGetMessage	lineGetMessage	3.0	3.0 and later	Tapi.h	Coredll.lib	Windows CE OS
wcesdkrlineGetNewCalls	lineGetNewCalls	1.0	1.0 and later	Tapi.h	Coredll.lib	Windows CE OS
wcesdkrlineGetNumRings	lineGetNumRings	1.0	1.0 and later	Tapi.h	Coredll.lib	Windows CE OS
wcesdkrlineGetProviderList	lineGetProviderList	1.0	1.0 and later	Tapi.h	Coredll.lib	Windows CE OS
wcesdkrlineGetStatusMessages	lineGetStatusMessages	1.0	1.0 and later	Tapi.h	Coredll.lib	Windows CE OS
wcesdkrlineGetTranslateCaps	lineGetTranslateCaps	1.0	1.0 and later	Tapi.h	Coredll.lib	Windows CE OS
wcesdkrlineHandoff	lineHandoff	1.0	1.0 and later	Tapi.h	Coredll.lib	Windows CE OS
wcesdkrlineHold	lineHold	1.0	1.0 and later	Tapi.h	Coredll.lib	Windows CE OS
wcesdkrlineInitialize	lineInitialize	1.0	1.0 and later	Tapi.h	Coredll.lib	Windows CE OS
wcesdkrlineInitializeEx	lineInitializeEx	3.0	3.0 and later	Tapi.h	Coredll.lib	Windows CE OS
wcesdkrlineMakeCall	lineMakeCall	1.0	1.0 and later	Tapi.h	Coredll.lib	Windows CE OS
wcesdkrlineMonitorDigits	lineMonitorDigits	1.0	1.0 and later	Tapi.h	Coredll.lib	Windows CE OS
wcesdkrlineMonitorMedia	lineMonitorMedia	1.0	1.0 and later	Tapi.h	Coredll.lib	Windows CE OS
wcesdkrlineNegotiateAPIVersion	lineNegotiateAPIVersion	1.0	1.0 and later	Tapi.h	Coredll.lib	Windows CE OS
wcesdkrlineNegotiateExtVersion	lineNegotiateExtVersion	1.0	1.0 and later	Tapi.h	Coredll.lib	Windows CE OS
wcesdkrlineOpen	lineOpen	1.0	1.0 and later	Tapi.h	Coredll.lib	Windows CE OS
wcesdkrlinePickup	linePickup	1.0	1.0 and later	Tapi.h	Coredll.lib	Windows CE OS
wcesdkrlinePrepareAddToConference	linePrepareAddToConference	1.0	1.0 and later	Tapi.h	Coredll.lib	Windows CE OS
wcesdkrlineRedirect	lineRedirect	1.0	1.0 and later	Tapi.h	Coredll.lib	Windows CE OS
wcesdkrlineReleaseUserUserInfo	lineReleaseUserUserInfo	1.0	1.0 and later	Tapi.h	Coredll.lib	Windows CE OS
wcesdkrlineRemoveFromConference	lineRemoveFromConference	1.0	1.0 and later	Tapi.h	Coredll.lib	Windows CE OS
wcesdkrlineSendUserUserInfo	lineSendUserUserInfo	1.0	1.0 and later	Tapi.h	Coredll.lib	Windows CE OS
wcesdkrlineSetAppPriority	lineSetAppPriority	1.0	1.0 and later	Tapi.h	Coredll.lib	Windows CE OS
wcesdkrlineSetCallParams	lineSetCallParams	1.0	1.0 and later	Tapi.h	Coredll.lib	Windows CE OS
wcesdkrlineSetCallPrivilege	lineSetCallPrivilege	1.0	1.0 and later	Tapi.h	Coredll.lib	Windows CE OS
wcesdkrlineSetCurrentLocation	lineSetCurrentLocation	2.10	2.10 and later	Tapi.h	Coredll.lib	Windows CE OS
wcesdkrlineSetDevConfig	lineSetDevConfig	1.0	1.0 and later	Tapi.h	Coredll.lib	Windows CE OS
wcesdkrlineSetMediaMode	lineSetMediaMode	1.0	1.0 and later	Tapi.h	Coredll.lib	Windows CE OS
wcesdkrlineSetNumRings	lineSetNumRings	1.0	1.0 and later	Tapi.h	Coredll.lib	Windows CE OS
wcesdkrlineSetStatusMessages	lineSetStatusMessages	1.0	1.0 and later	Tapi.h	Coredll.lib	Windows CE OS
wcesdkrlineSetTerminal	lineSetTerminal	1.0	1.0 and later	Tapi.h	Coredll.lib	Windows CE OS
wcesdkrlineSetupConference	lineSetupConference	1.0	1.0 and later	Tapi.h	Coredll.lib	Windows CE OS
wcesdkrlineSetupTransfer	lineSetupTransfer	1.0	1.0 and later	Tapi.h	Coredll.lib	Windows CE OS
wcesdkrlineShutdown	lineShutdown	1.0	1.0 and later	Tapi.h	Coredll.lib	Windows CE OS
wcesdkrlineSwapHold	lineSwapHold	1.0	1.0 and later	Tapi.h	Coredll.lib	Windows CE OS
wcesdkrlineTranslateAddress	lineTranslateAddress	1.0	1.0 and later	Tapi.h	Coredll.lib	Windows CE OS
wcesdkrlineTranslateDialog	lineTranslateDialog	1.0	1.0 and later	Tapi.h	Coredll.lib	Windows CE OS
wcesdkrlineUnhold	lineUnhold	1.0	1.0 and later	Tapi.h	Coredll.lib	Windows CE OS
wcesdkrlisten_function	listen	1.0	1.0 and later	Winsock.h		Windows CE OS
wcesdkrmixerclose	mixerClose	2.12	2.12 or later. Version 2.12 requires DXPAK 1.0 or later.	mmsystem.h	mixerapi.lib	Windows CE OS
wcesdkrmixercontrol	MIXERCONTROL	2.12	2.12 or later. Version 2.12 requires DXPAK 1.0 or later.	mmsystem.h		Windows CE OS
wcesdkrmixercontroldetails	MIXERCONTROLDETAILS	2.12	2.12 or later. Version 2.12 requires DXPAK 1.0 or later.	mmsystem.h		Windows CE OS
wcesdkrmixercontroldetails_boolean	MIXERCONTROLDETAILS_BOOLEAN	2.12	2.12 or later. Version 2.12 requires DXPAK 1.0 or later.	mmsystem.h		Windows CE OS
wcesdkrmixercontroldetails_listtext	MIXERCONTROLDETAILS_LISTTEXT	2.12	2.12 or later. Version 2.12 requires DXPAK 1.0 or later.	mmsystem.h		Windows CE OS
wcesdkrmixercontroldetails_signed	MIXERCONTROLDETAILS_SIGNED	2.12	2.12 or later. Version 2.12 requires DXPAK 1.0 or later.	mmsystem.h		Windows CE OS
wcesdkrmixercontroldetails_unsigned	MIXERCONTROLDETAILS_UNSIGNED	2.12	2.12 or later. Version 2.12 requires DXPAK 1.0 or later.	mmsystem.h		Windows CE OS
wcesdkrmixergetcontroldetails	mixerGetControlDetails	2.12	2.12 or later. Version 2.12 requires DXPAK 1.0 or later.	mmsystem.h	mixerapi.lib	Windows CE OS
wcesdkrmixergetdevcaps	mixerGetDevCaps	2.12	2.12 or later. Version 2.12 requires DXPAK 1.0 or later.	mmsystem.h	mixerapi.lib	Windows CE OS
wcesdkrmixergetid	mixerGetID	2.12	2.12 or later. Version 2.12 requires DXPAK 1.0 or later.	mmsystem.h	mixerapi.lib	Windows CE OS
wcesdkrmixergetlinecontrols	mixerGetLineControls	2.12	2.12 or later. Version 2.12 requires DXPAK 1.0 or later.	mmsystem.h	mixerapi.lib	Windows CE OS
wcesdkrmixergetlineinfo	mixerGetLineInfo	2.12	2.12 or later. Version 2.12 requires DXPAK 1.0 or later.	mmsystem.h	mixerapi.lib	Windows CE OS
wcesdkrmixergetnumdevs	mixerGetNumDevs	2.12	2.12 or later. Version 2.12 requires DXPAK 1.0 or later.	mmsystem.h	mixerapi.lib	Windows CE OS
wcesdkrmixerline	MIXERLINE	2.12	2.12 or later. Version 2.12 requires DXPAK 1.0 or later.	mmsystem.h		Windows CE OS
wcesdkrmixerlinecontrols	MIXERLINECONTROLS	2.12	2.12 or later. Version 2.12 requires DXPAK 1.0 or later.	mmsystem.h		Windows CE OS
wcesdkrmixermessage	mixerMessage	2.12	2.12 or later. Version 2.12 requires DXPAK 1.0 or later.	mmsystem.h	mixerapi.lib	Windows CE OS
wcesdkrmixeropen	mixerOpen	2.12	2.12 or later. Version 2.12 requires DXPAK 1.0 or later.	mmsystem.h	mixerapi.lib	Windows CE OS
wcesdkrmixersetcontroldetails	mixerSetControlDetails	2.12	2.12 or later. Version 2.12 requires DXPAK 1.0 or later.	mmsystem.h	mixerapi.lib	Windows CE OS
wcesdkrmm_mixm_line_change	MM_MIXM_LINE_CHANGE	2.12	2.12 or later. Version 2.12 requires DXPAK 1.0 or later.	mmsystem.h		Windows CE OS
wcesdkrmouse_event	mouse_event	2.0	2.0 and later	Winuser.h	Wmgr_c.lib, Uibase.lib	Windows CE OS
wcesdkrntohl	ntohl	1.0	1.0 and later	Winsock.h		Windows CE OS
wcesdkrntohs	ntohs	1.0	1.0 and later	Winsock.h		Windows CE OS
wcesdkroa96_SAFEARRAY_Data_Type	SAFEARRAY	1.0	1.0 and later	Oaidl.h		Windows CE OS
wcesdkroa96_SAFEARRAY_Data_TypeBOUND	SAFEARRAYBOUND	1.0	1.0 and later	Oaidl.h		Windows CE OS
wcesdkrphoneCallbackFunc	phoneCallbackFunc	3.0	3.0 and later	Tapi.h	Coredll.lib	Windows CE OS
wcesdkrphoneClose	phoneClose	3.0	3.0 and later	Tapi.h	Coredll.lib	Windows CE OS
wcesdkrphoneConfigDialog	phoneConfigDialog	3.0	3.0 and later	Tapi.h	Coredll.lib	Windows CE OS
wcesdkrphoneDevSpecific	phoneDevSpecific	3.0	3.0 and later	Tapi.h	Coredll.lib	Windows CE OS
wcesdkrphoneGetDevCaps	phoneGetDevCaps	3.0	3.0 and later	Tapi.h	Coredll.lib	Windows CE OS
wcesdkrphoneGetGain	phoneGetGain	3.0	3.0 and later	Tapi.h	Coredll.lib	Windows CE OS
wcesdkrphoneGetHookSwitch	phoneGetHookSwitch	3.0	3.0 and later	Tapi.h	Coredll.lib	Windows CE OS
wcesdkrphoneGetID	phoneGetID	3.0	3.0 and later	Tapi.h	Coredll.lib	Windows CE OS
wcesdkrphoneGetIcon	phoneGetIcon	3.0	3.0 and later	Tapi.h	Coredll.lib	Windows CE OS
wcesdkrphoneGetMessage	phoneGetMessage	3.0	3.0 and later	Tapi.h	Coredll.lib	Windows CE OS
wcesdkrphoneGetRing	phoneGetRing	3.0	3.0 and later	Tapi.h	Coredll.lib	Windows CE OS
wcesdkrphoneGetStatus	phoneGetStatus	3.0	3.0 and later	Tapi.h	Coredll.lib	Windows CE OS
wcesdkrphoneGetStatusMessages	phoneGetStatusMessages	3.0	3.0 and later	Tapi.h	Coredll.lib	Windows CE OS
wcesdkrphoneGetVolume	phoneGetVolume	3.0	3.0 and later	Tapi.h	Coredll.lib	Windows CE OS
wcesdkrphoneInitializeEx	phoneInitializeEx	3.0	3.0 and later	Tapi.h	Coredll.lib	Windows CE OS
wcesdkrphoneNegotiateAPIVersion	phoneNegotiateAPIVersion	3.0	3.0 and later	Tapi.h	Coredll.lib	Windows CE OS
wcesdkrphoneNegotiateExtVersion	phoneNegotiateExtVersion	3.0	3.0 and later	Tapi.h	Coredll.lib	Windows CE OS
wcesdkrphoneOpen	phoneOpen	3.0	3.0 and later	Tapi.h	Coredll.lib	Windows CE OS
wcesdkrphoneSetGain	phoneSetGain	3.0	3.0 and later	Tapi.h	Coredll.lib	Windows CE OS
wcesdkrphoneSetHookSwitch	phoneSetHookSwitch	3.0	3.0 and later	Tapi.h	Coredll.lib	Windows CE OS
wcesdkrphoneSetRing	phoneSetRing	3.0	3.0 and later	Tapi.h	Coredll.lib	Windows CE OS
wcesdkrphoneSetStatusMessages	phoneSetStatusMessages	3.0	3.0 and later	Tapi.h	Coredll.lib	Windows CE OS
wcesdkrphoneSetVolume	phoneSetVolume	3.0	3.0 and later	Tapi.h	Coredll.lib	Windows CE OS
wcesdkrphoneShutdown	phoneShutdown	3.0	3.0 and later	Tapi.h	Coredll.lib	Windows CE OS
wcesdkrrecv	recv	1.0	1.0 and later	Winsock.h		Windows CE OS
wcesdkrrecvfrom	recvfrom	1.0	1.0 and later	Winsock.h		Windows CE OS
wcesdkrselect	select	1.0	1.0 and later	Winsock.h		Windows CE OS
wcesdkrsend	send	1.0	1.0 and later	Winsock.h		Windows CE OS
wcesdkrsendto	sendto	1.0	1.0 and later	Winsock.h		Windows CE OS
wcesdkrshutdown_function	shutdown	1.0	1.0 and later	Winsock.h		Windows CE OS
wcesdkrsockaddr_irda	sockaddr_irda	1.0	1.0 and later	Winsock.h		Windows CE OS
wcesdkrsocket	socket	1.0	1.0 and later	Winsock.h		Windows CE OS
wcesdkrwaveInAddBuffer	waveInAddBuffer	2.0	2.0 and later	Mmsystem.h	Wavelib.lib	Windows CE OS
wcesdkrwaveInClose	waveInClose	2.0	2.0 and later	Mmsystem.h	Wavelib.lib	Windows CE OS
wcesdkrwaveInGetDevCaps	waveInGetDevCaps	2.0	2.0 and later	Mmsystem.h	Wavelib.lib	Windows CE OS
wcesdkrwaveInGetErrorText	waveInGetErrorText	2.0	2.0 and later	Mmsystem.h	Wavelib.lib	Windows CE OS
wcesdkrwaveInGetID	waveInGetID	2.0	2.0 and later	Mmsystem.h	Wavelib.lib	Windows CE OS
wcesdkrwaveInGetNumDevs	waveInGetNumDevs	2.0	2.0 and later	Mmsystem.h	Wavelib.lib	Windows CE OS
wcesdkrwaveInGetPosition	waveInGetPosition	2.0	2.0 and later	Mmsystem.h	Wavelib.lib	Windows CE OS
wcesdkrwaveInMessage	waveInMessage	2.0	2.0 and later	Mmsystem.h	Wavelib.lib	Windows CE OS
wcesdkrwaveInOpen	waveInOpen	2.0	2.0 and later	Mmsystem.h	Wavelib.lib	Windows CE OS
wcesdkrwaveInPrepareHeader	waveInPrepareHeader	2.0	2.0 and later	Mmsystem.h	Wavelib.lib	Windows CE OS
wcesdkrwaveInReset	waveInReset	2.0	2.0 and later	Mmsystem.h	Wavelib.lib	Windows CE OS
wcesdkrwaveInStart	waveInStart	2.0	2.0 and later	Mmsystem.h	Wavelib.lib	Windows CE OS
wcesdkrwaveInStop	waveInStop	2.0	2.0 and later	Mmsystem.h	Wavelib.lib	Windows CE OS
wcesdkrwaveInUnprepareHeader	waveInUnprepareHeader	2.0	2.0 and later	Mmsystem.h	Wavelib.lib	Windows CE OS
wcesdkrwaveOutBreakLoop	waveOutBreakLoop	2.0	2.0 and later	Mmsystem.h	Wavelib.lib	Windows CE OS
wcesdkrwaveOutClose	waveOutClose	2.0	2.0 and later	Mmsystem.h	Wavelib.lib	Windows CE OS
wcesdkrwaveOutGetDevCaps	waveOutGetDevCaps	2.0	2.0 and later	Mmsystem.h	Wavelib.lib	Windows CE OS
wcesdkrwaveOutGetErrorText	waveOutGetErrorText	2.0	2.0 and later	Mmsystem.h	Wavelib.lib	Windows CE OS
wcesdkrwaveOutGetID	waveOutGetID	2.0	2.0 and later	Mmsystem.h	Wavelib.lib	Windows CE OS
wcesdkrwaveOutGetNumDevs	waveOutGetNumDevs	2.0	2.0 and later	Mmsystem.h	Wavelib.lib	Windows CE OS
wcesdkrwaveOutGetPitch	waveOutGetPitch	2.0	2.0 and later	Mmsystem.h	Wavelib.lib	Windows CE OS
wcesdkrwaveOutGetPlaybackRate	waveOutGetPlaybackRate	2.0	2.0 and later	Mmsystem.h	Wavelib.lib	Windows CE OS
wcesdkrwaveOutGetPosition	waveOutGetPosition	2.0	2.0 and later	Mmsystem.h	Wavelib.lib	Windows CE OS
wcesdkrwaveOutGetVolume	waveOutGetVolume	2.0	2.0 and later	Mmsystem.h	Wavelib.lib	Windows CE OS
wcesdkrwaveOutMessage	waveOutMessage	2.0	2.0 and later	Mmsystem.h	Wavelib.lib	Windows CE OS
wcesdkrwaveOutOpen	waveOutOpen	2.0	2.0 and later	Mmsystem.h	Wavelib.lib	Windows CE OS
wcesdkrwaveOutPause	waveOutPause	2.0	2.0 and later	Mmsystem.h	Wavelib.lib	Windows CE OS
wcesdkrwaveOutPrepareHeader	waveOutPrepareHeader	2.0	2.0 and later	Mmsystem.h	Wavelib.lib	Windows CE OS
wcesdkrwaveOutReset	waveOutReset	2.0	2.0 and later	Mmsystem.h	Wavelib.lib	Windows CE OS
wcesdkrwaveOutRestart	waveOutRestart	2.0	2.0 and later	Mmsystem.h	Wavelib.lib	Windows CE OS
wcesdkrwaveOutSetPitch	waveOutSetPitch	2.0	2.0 and later	Mmsystem.h	Wavelib.lib	Windows CE OS
wcesdkrwaveOutSetPlaybackRate	waveOutSetPlaybackRate	2.0	2.0 and later	Mmsystem.h	Wavelib.lib	Windows CE OS
wcesdkrwaveOutSetVolume	waveOutSetVolume	2.0	2.0 and later	Mmsystem.h	Wavelib.lib	Windows CE OS
wcesdkrwaveOutUnprepareHeader	waveOutUnprepareHeader	2.0	2.0 and later	Mmsystem.h	Wavelib.lib	Windows CE OS
wcesdkrwaveOutWrite	waveOutWrite	2.0	2.0 and later	Mmsystem.h	Wavelib.lib	Windows CE OS
