# CE5 leaf -> CE .NET twin page id (official catalogs, title-matched)
# 3490 leaves have a CE .NET twin; 13567 do not ('-').  The struct
# sweep (tools/ce-sweep.py) additionally verifies the twin page's own
# <title> at runtime, so TOC labels that disagree with the page title
# (e.g. catalog 'Touch Screen (Stylus) Registry Settings' serving the
# 'Touch Screen Registry Settings' page) are dropped from the lookup.
&lt;xsl:preserve-space&gt; and &lt;xsl:strip-space&gt; Example	ms862736	-
(Non-Compound) FileType Key	ms862662	ms890802
.NET Compact Framework Migration	ms862638	-
.NET Compact Framework OS Design Development	ms862657	-
802.11 Wireless LAN Object Identifiers	ms894762	-
802.1x Object Identifiers	ms890411	-
802.1x Security	ms890420	-
802.1x User Administration Issues	ms890429	-
A Quick Introduction to WSML	ms862087	-
ABC	ms901108	ms900753
ACCEL	aa452837	-
ACM Format Tags and Filter Tags	ms890477	-
ACMDM_DRIVER_ABOUT	ms895512	-
ACMDM_DRIVER_DETAILS	ms895966	-
ACMDM_DRIVER_NOTIFY	ms895983	-
ACMDM_FILTERTAG_DETAILS	ms896077	-
ACMDM_FILTER_DETAILS	ms896075	-
ACMDM_FORMATTAG_DETAILS	ms896080	-
ACMDM_FORMAT_DETAILS	ms896078	-
ACMDM_FORMAT_SUGGEST	ms896079	-
ACMDM_HARDWARE_WAVE_CAPS_INPUT	ms896081	-
ACMDM_HARDWARE_WAVE_CAPS_OUTPUT	ms896082	-
ACMDM_STREAM_CLOSE	ms896083	-
ACMDM_STREAM_CONVERT	ms896084	-
ACMDM_STREAM_OPEN	ms896085	-
ACMDM_STREAM_PREPARE	ms896086	-
ACMDM_STREAM_RESET	ms896087	-
ACMDM_STREAM_SIZE	ms896088	-
ACMDM_STREAM_UNPREPARE	ms896089	-
ACMDRVFORMATSUGGEST	ms896091	-
ACMDRVOPENDESC	ms896093	-
ACMDRVSTREAMHEADER	ms896094	-
ACMDRVSTREAMINSTANCE	ms896095	-
ACMDRVSTREAMSIZE	ms896096	-
ACMDRV_MESSAGE_PARAMS	ms896092	-
ACM_Close	ms895510	-
ACM_Deinit	ms895511	-
ACM_IOControl	ms896098	-
ACM_Init	ms896097	-
ACM_OPEN (Shell and User Interface)	aa452840	-
ACM_Open (ACM Driver)	ms896099	-
ACM_PLAY	aa452841	-
ACM_PowerDown	ms896100	-
ACM_PowerUp	ms896101	-
ACM_Read	ms896102	-
ACM_STOP	aa452842	-
ACM_Seek	ms896103	-
ACM_Write	ms896104	-
ACN_START	aa452843	-
ACN_STOP	aa452844	-
ADVF	aa513925	ms886084
AFPROTOCOLS	aa450284	ms910258
AGFA AC3 Font Compression OS Design Development	ms903715	-
ALG_ID	ms937014	ms884389
ALLOCATOR_PROPERTIES	ms925330	-
AMGetErrorText	ms925335	-
AMGetWideString	ms925336	-
AMOVIESETUP_FILTER	ms925340	-
AMOVIESETUP_MEDIATYPE	ms925341	-
AMOVIESETUP_PIN	ms925342	-
AMVPDATAINFO	ms925347	-
AMVPSIZE	ms925349	-
AMVP_MODE	ms925348	-
AM_MEDIA_TYPE	ms925337	-
AM_SAMPLE2_PROPERTIES	ms925343	-
AM_SAMPLE_PROPERTY_FLAGS	ms925344	-
AM_STREAM_INFO	ms925345	-
AM_STREAM_INFO_FLAGS	ms925346	-
AMovieDllRegisterServer	ms925338	-
AMovieDllUnregisterServer	ms925339	-
API Access	ms894382	ms898275
API Flags	aa452096	-
ARGB	ms925572	-
ARRAYDESC	ms863667	ms886091
ASP Functionality in Windows CE	ms880937	-
ASSERT	aa451037	-
ASSERTMSG	aa451039	-
ASX Elements Reference/ABSTRACT	ms925328	-
ASX Elements Reference/ASX	ms925588	-
ASX Elements Reference/AUTHOR	ms925730	-
ASX Elements Reference/BASE	ms925786	-
ASX Elements Reference/COPYRIGHT	ms926787	-
ASX Elements Reference/DURATION (ASX Element)	aa451616	-
ASX Elements Reference/ENDMARKER	aa451683	-
ASX Elements Reference/ENTRY	aa451685	-
ASX Elements Reference/ENTRYREF	aa451687	-
ASX Elements Reference/EVENT	aa451705	-
ASX Elements Reference/MOREINFO	ms932215	-
ASX Elements Reference/PARAM	ms932252	-
ASX Elements Reference/REF	ms932281	-
ASX Elements Reference/REPEAT	ms932287	-
ASX Elements Reference/STARTMARKER	ms932317	-
ASX Elements Reference/STARTTIME	ms932318	-
ASX Elements Reference/TITLE (ASX Element)	aa452393	-
ASYNC_COMPLETION	aa450289	ms907130
ATAPI Slave Devices	ms892148	-
ATI Sample Display Driver Optimization	ms890627	-
ATTACHLIST	ms896110	-
ATTRIB	aa452863	ms879811
AUDIOGAINCLASS	ms925607	-
AUDIO_STREAM_CONFIG_CAPS	ms925720	-
AUDIO_SampleFrequency	ms896115	-
AV String Constants	ms898942	-
AVC_VCR_CMD_ANALOG_AUDIO_OUTPUT_MODE	ms896116	-
AVC_VCR_CMD_INPUT_SIGNAL_MODE	ms896117	-
AVC_VCR_CMD_LOAD_MEDIUM	ms896118	-
AVC_VCR_CMD_MEDIUM_INFO	ms896119	-
AVC_VCR_CMD_OUTPUT_SIGNAL_MODE	ms896120	-
AVC_VCR_CMD_PLAY	ms896121	-
AVC_VCR_CMD_RECORD	ms896122	-
AVC_VCR_CMD_RECORDING_DATE	ms896123	-
AVC_VCR_CMD_RECORDING_SPEED	ms896124	-
AVC_VCR_CMD_RECORDING_TIME	ms896125	-
AVC_VCR_CMD_RELATIVE_TIME_COUNTER	ms896126	-
AVC_VCR_CMD_TIME_CODE	ms896127	-
AVC_VCR_CMD_TRANSPORT_STATE	ms896128	-
AVC_VCR_CMD_WIND	ms896129	-
AVI RIFF File Reference/AVI Main Header	aa451195	-
AVI RIFF File Reference/AVI RIFF Form	aa451197	-
AVI RIFF File Reference/AVI Stream Headers	aa451198	-
AVI RIFF File Reference/Stream Data (LIST 'movi' Chunk)	ms924648	-
AVTransportState	aa450295	-
AYGShell API Extensions	ms926103	-
AYGShell Controls	ms927269	-
AYGShell Enumerations	ms927272	-
AYGShell Functions	ms927275	-
AYGShell Interfaces	ms907077	-
AYGShell Macros	ms907080	-
AYGShell Messages	ms907085	-
AYGShell Reference	ms907090	-
AYGShell Structures	ms907095	-
AbnormalTermination	aa450784	-
AbortDoc	aa452835	ms924805
AbortProc	aa452836	-
AbortTransfer	ms895509	-
Aborting a Request	ms880913	ms922566
About Animation Controls	ms938413	-
About Character Sets	aa451874	ms902317
About Cryptographic Service Provider	ms925441	-
About DHTML	aa451877	ms901951
About HINTERNET Handles	aa451879	-
About Render States	aa451158	-
About SnmpExtensionInit	ms894372	ms906863
About SnmpExtensionQuery	ms894374	ms906872
About SnmpExtensionTrap	ms894376	ms906881
About the ActiveX Navigation Control	aa451881	ms907153
About the IMultilanguage Interfaces	aa451883	ms902419
About the WSDL/WSML Generator	ms862071	-
About the Webview Browser Object	aa451885	ms924459
Accelerated Line Segment Function	ms890437	-
AcceptSecurityContext	ms937012	-
Accessing Elements with Script Languages	aa451887	ms902455
Accessing Files on Other Storage Media	ms885120	-
Accessing Folders	aa513308	-
Accessing OOB Information	ms890447	-
Accessing Objects	ms861126	-
Accessing Remote File Systems	ms880914	-
Accessing Shares on the File Server	ms899601	-
Accessing URLs Directly	aa451892	-
Accessing a Smart Card	ms925562	ms938402
Accessing and Outputting Attributes	ms862073	ms912443
Accessing the Contents of a Vertex Buffer	aa451161	-
Accessing the Conversion Service	ms903647	-
Accessing the FTP Protocol	ms880915	-
Accessing the HTTP Protocol	aa451890	-
AcquireCredentialsHandle	ms937013	-
AcquireRemoveLock	ms896105	-
ActivateDevice	ms896106	-
ActivateDeviceEx	ms896107	-
ActivateKeyboardLayout	aa452845	-
ActivateService	aa450278	ms938133
Activating a Service Programmatically	ms880918	ms938045
Active Server Pages	ms898940	-
Active Server Pages Application Development	ms880919	-
Active Server Pages Migration	ms880920	-
Active Server Pages Samples	ms880921	-
Active Server Pages Security	ms880922	-
ActiveSync Migration	aa513311	-
ActiveSync Overview	ms879784	-
ActiveSync Programming FAQ	ms861144	-
ActiveSync Samples	ms861160	-
ActiveSync Security	ms861176	-
Activity Timer Behavior	ms890485	-
Activity Timer Events	ms890491	-
Activity Timer Resets	ms890495	-
Activity Timer Time-outs and the Power Control Panel Utility	ms890509	-
AddAfterI	ms937581	-
AddAttachedSurface	ms896108	-
AddBeforeI	ms937583	-
AddFontResource	ms901109	ms900628
AddHeadI	ms937585	-
AddHeader	aa450279	-
AddIPAddress	aa450280	-
AddPropSheetPageProc	aa452848	-
AddResponseHeaders	aa450281	-
AddTailI	ms937587	-
Add_Share	aa450283	-
Adding Callback Items and Callback Masks	ms906546	-
Adding Columns	ms906548	-
Adding Custom Menus to Windows CE Explorer	aa514589	-
Adding Debug Zones to the NDIS Miniport Driver Initialization Functions	ms895482	-
Adding Enroll.exe to the OS Design	ms926471	-
Adding Header Control Items	ms925985	-
Adding Internet Browsing Functionality to Your Application	aa451896	-
Adding Items and Subitems	ms925989	-
Adding JScript Code to an HTML Page	aa451898	ms905846
Adding Keyboard LED Support to the HID Keyboard Driver	ms923760	-
Adding Keyboard Layouts	ms890515	-
Adding More Player Capabilities/Callbacks	aa451223	-
Adding More Player Capabilities/Changing Discs	aa451230	-
Adding More Player Capabilities/Checking Region Codes	aa451233	-
Adding More Player Capabilities/Scan Modes and Capabilities	ms924617	-
Adding More Player Capabilities/User Navigation	aa451413	-
Adding Resources to a Control Panel Application	aa453945	-
Adding Text to the Status Bar	ms926077	-
Adding Tool Text	ms926078	-
Adding Tool Types	ms926084	-
Adding Transitions	aa452072	-
Adding VBScript Code to an HTML Page	aa451900	ms929038
Adding a Database Volume on an External Device	ms885226	-
Adding a DllMain Entry Point to the NDIS Miniport Driver Core Functions	ms895483	-
Adding a Global New Button Menu Item	ms906513	-
Adding a New TUI Screen	aa525597	-
Adding a Temporary New Button Menu Item	ms906538	-
Adding an Advanced Backlight Dialog Box	ms906521	-
Adding an Advanced Print Dialog Box	ms906525	ms898146
Adding an Entry to the IP Forward Table	ms880923	-
Adding an IPv6 Route	ms899602	-
Adding an Image List to a Tab Control	ms906532	-
Adding an NDIS Miniport Driver to a Run-Time Image	ms895484	-
Adding and Editing Item Labels	ms906530	-
Adding the Windows-based Desktop NDIS Miniport Driver to the Run-Time Image Build	ms895485	-
Additional DHCP Settings	ms880924	-
Additional Information from the Direct3D Mobile Driver	ms890522	-
Additional Resources for JScript Developers	aa451902	ms905953
Additional Resources for VBScript Developers	aa451904	ms929062
Address Registry Settings	ms880926	ms901735
Address Resolution Protocol	ms880927	-
Address Translation Group	ms894380	ms926821
Addresses for Hosts and Routers	ms880925	-
Adhering to International Conventions	ms903706	-
AdjustWindowRectEx	aa452849	-
Administration	ms880929	-
Administrator Settings for Error Reporting	aa526060	-
Advanced Capture Topics/Handling Repaint Events in Video Capture	ms940061	-
Advanced Capture Topics/Using the Smart Tee Filter	ms940075	-
Advanced Capture Topics/Working with Pin Categories	ms940083	-
Advanced DVD Player Application Topics/Content Protection	aa451255	-
Advanced DVD Player Application Topics/DVD-Video in a Window	ms923202	-
Advanced DVD Player Application Topics/Examining the DVDSample Sample Application	ms923357	-
Advanced DVD Player Application Topics/Mouse Navigation	ms924153	-
Advanced DVD Player Application Topics/Time Calculation	aa451395	-
Advanced DirectDraw Information/Alpha Blitting	aa451172	-
Advanced DirectDraw Information/Converting Between YUV and RGB	aa451258	-
Advanced DirectDraw Information/Determining the Capabilities of the Display Hardware	aa451306	-
Advanced DirectDraw Information/DirectDraw Applications and Window Styles	aa451330	-
Advanced DirectDraw Information/Displaying a Window in Full-Screen Mode	aa451357	-
Advanced DirectDraw Information/Getting the Flip and Blit Status	ms923387	-
Advanced DirectDraw Information/Matching True RGB Colors to the Frame Buffer's Color Space	ms924136	-
Advanced DirectDraw Information/Porting Older DirectDraw Code	ms924571	-
Advanced DirectDraw Information/Storing Bitmaps in Display Memory	ms924647	-
Advanced DirectDraw Information/Taking Advantage of DMA Support	ms924664	-
Advanced DirectDraw Information/Triple Buffering	aa451405	-
Advanced DirectDraw Information/Using DirectDraw Palettes in Windowed Mode	aa451425	-
Advanced DirectDraw Information/Video Ports	aa451460	-
Advanced Display Driver Power Management	ms890528	-
Advanced Registry Concepts	ms885238	-
Advanced XSLT Functionality	ms862080	-
AdvertiseInterface	ms896109	-
AllocMem	aa450285	-
Allocating Audio Data Blocks	aa451167	-
Allowing Inbound IPSec (IPv6) Traffic to Private Hosts	ms886631	-
Alpha Blending	aa451170	-
Alpha Blending State	aa451171	-
Alpha Test	aa451173	-
Alpha Testing State	aa451174	-
Alpha Texture Blending	aa451175	-
AlphaBlend	aa452850	-
Alternative Video Renderers/Handling Dynamic Format Changes	ms923393	-
Alternative Video Renderers/Handling EC_REPAINT Notifications	ms923394	-
Alternative Video Renderers/Handling End-of-stream and Flushing Notifications	ms923395	-
Alternative Video Renderers/Handling Notifications in Full-Screen Mode	ms923397	-
Alternative Video Renderers/Handling Persistent Properties	ms923399	-
Alternative Video Renderers/Handling State Changes and Pause Completion	ms923400	-
Alternative Video Renderers/Handling Termination	ms923401	-
Alternative Video Renderers/Summary of Notifications	ms924652	-
Alternative Video Renderers/Writing an Alternative Renderer	ms925287	-
Ambient Lighting State	aa451177	-
American English Phoneme Representation	ms862081	-
AnalogVideoStandard	ms925439	-
Analyzing WSDL and WSML Files	ms862082	-
Animate_Close	aa452851	-
Animate_Create	aa452852	-
Animate_Open	aa452853	-
Animate_OpenEx	aa452854	-
Animate_Play	aa452855	-
Animate_Seek	aa452856	-
Animate_Stop	aa452857	-
Animation Controls	ms926086	-
Animation Controls Macros	aa452858	-
Animation Controls Messages	aa452859	-
Animation Controls Notifications	aa452860	-
Animation Controls Reference	ms927251	-
Animation Controls Styles	aa452861	-
Anisotropic Texture Filtering	aa451178	-
Annotated Client Code with Checkv4 Output	ms880930	-
Annotated Server Code with Checkv4 Output	ms880931	-
Answer a Call	aa525598	ms926938
Antialiased Font Support	ms890543	-
Antialiasing	aa451179	-
Anycast IPv6 Addresses	ms880932	-
AppID Key	ms862083	ms885519
AppendMenu	aa452862	-
ApplicablePackages Element (Poll Response)	ms894712	ms898338
Application Implementation	ms903734	-
Application Installation of MSMQ	ms882822	-
Application Registry Settings	ms880933	ms901908
Application Session Buffers	ms890559	-
Application Session Data Transfer	ms890566	-
Application Session Starting	ms890572	-
Application Session Stopping	ms890581	-
Application Suspend Time-outs	ms890589	-
Application-Managed Resources and Allocation Strategies	aa451180	-
Application-Specific Filter (COM)	ms880935	-
Applications - End User Catalog Items	ms861181	-
Applications and Services that Support IPv6	ms880934	-
Applications with Multiple DLLs	ms903739	-
ApplyControlToken	ms937015	-
Applying Filters	ms905675	-
Arabic	ms906457	-
Arabic OS Design Development	ms906458	-
Architectural Overview of the DVD-Video API/DVD-Video API Interface Map	ms923173	-
Architectural Overview of the DVD-Video API/DVD-Video API Object Architecture	ms923178	-
Architectural Overview of the DVD-Video API/DVD-Video API Rendering	ms923193	-
AreEqualVideoTypes	ms925565	-
Arranging, Sorting, and Finding List Views	ms926093	-
Array Manipulation Functions	ms862088	ms886099
AsnAny	ms894988	ms927024
AsnCounter64	ms894989	ms927030
AsnObjectIdentifier	ms894991	ms927036
AsnOctetString	ms894993	ms927041
Assert Functions	ms925582	-
Assigning User-Specific Permissions	ms899603	ms901352
Assigning an IPv4 Address to a Device	ms880938	-
Assigning an IPv6 Address to a Device	ms880939	-
AsyncMac Registry Settings	ms890616	-
Asynchronous Bus Requests	ms890608	-
Asynchronous Network I/O	ms923761	-
Asynchronous Operations and Message Boxes in the TUI	aa525599	-
Asynchronous Pluggable Protocols Enumerations	ms905670	-
Asynchronous Pluggable Protocols Functions	ms905671	-
Asynchronous Pluggable Protocols Interfaces	ms905672	-
Asynchronous Pluggable Protocols Structures	ms905674	-
Asynchronous Searching	ms880941	ms938809
Atom Tables	ms926099	-
AttemptConnection	ms909303	-
Audio Device Instances	ms890640	-
Audio Driver Migration	ms890647	-
Audio Driver Registry Settings	ms890665	-
Audio Gain Classes	aa451188	-
Audio Line and Control Queries	aa451189	-
Audio MDD and PDD	ms890671	-
Audio Mixer	ms890682	-
Audio and Video Capture Support/Pin Property Set	ms940067	-
Audio and Video Capture Support/Video Capture	ms940077	-
Audio and Video Capture Support/Windows Media Applications	ms940082	-
Audio/Audio Compression Manager	aa451187	-
Audio/Waveform Audio	ms940101	-
Authenticating 802.1x	ms890690	-
Authenticating a Connection	ms925571	-
Authenticating an LDAP Client	ms862089	ms919104
Authenticating the Client	ms925580	ms897925
Authentication	aa525793	-
Authentication Event (AE)	ms926477	-
Authentication Operations	ms862090	ms919119
Authentication Protocol Initialization	ms880946	ms899195
Authentication Services	ms925585	-
Authentication Services Application Development	ms925593	-
Authentication Services Functions	ms936966	-
Authentication Services Migration	ms925600	-
Authentication Services OS Design Development	ms925709	-
Authentication Services Reference	ms936967	-
Authentication Services Registry Settings	ms925716	-
Authentication Services Samples	ms925722	-
Authentication Services Security	ms925727	-
Authentication Services Structures	ms936968	-
Authentication Traps Registry Settings	ms894384	ms907018
Authoring Match Patterns	ms862091	ms912455
Authoring Well-Formed HTML	ms862092	ms912456
AuthorizationToken Element (Poll Request)	ms894994	ms898339
Auto Dial Registry Settings	ms880950	ms901834
Auto Dial Registry Subkeys	ms880951	ms901840
Auto Dial for ICS	ms880949	-
AutoDialCleanupModule	aa450290	ms901912
AutoDialEndConnection	aa450291	ms901913
AutoDialGetConnectionStatus	aa450292	ms901914
AutoDialInitializeModule	aa450293	ms901915
AutoDialStartConnection	aa450294	ms901916
Autoload Settings	aa517821	-
Automatic Client Configuration for IPv4	ms880952	-
Automatic Configuration Constants	aa448300	-
Automatic Configuration Functions	ms894771	-
Automatic Configuration Reference	aa448301	-
Automatic Configuration Structures	aa448297	-
Automatic Configuration Subsystem	ms890698	-
Automatic Detection of Docking for Serial Ports	ms890705	-
Automatic Texture Management	aa451193	-
Automation Data Types	aa513563	-
Automation Enumerations	aa513565	-
Automation Functions	aa513569	-
Automation Interfaces	aa513587	-
Automation Structures	aa513603	-
Automation Supported APIs	ms862094	ms885846
Axes	ms863695	-
BASEBAND_CONNECTION	aa450296	ms863354
BASEBAND_CONNECTION_DATA	aa450297	-
BATTERYLIFETIMEINFO	ms896133	-
BFFM_ENABLEOK	aa452872	-
BFFM_INITIALIZED	aa452873	-
BFFM_SELCHANGED	aa452874	-
BFFM_SETSELECTION	aa452875	-
BFFM_SETSTATUSTEXT	aa452876	-
BFFM_VALIDATEFAILED	aa452877	-
BINDF	aa452098	ms928760
BINDINFO	aa452099	ms928761
BINDINFOF	aa452100	ms928762
BINDINFO_OPTIONS	aa452101	ms928763
BINDPTR	ms863861	ms886124
BINDSTATUS	aa452102	ms928764
BINDSTRING	aa452103	ms928722
BINDVERB	aa452104	ms928765
BIND_FLAGS	ms863834	ms886128
BIND_OPTS	ms863848	ms886131
BIND_OPTS2	ms863857	ms886139
BITMAP	aa452880	-
BITMAPCOREHEADER	aa452881	-
BITMAPCOREINFO	aa452882	-
BITMAPFILEHEADER	aa452883	-
BITMAPINFO	aa452884	-
BITMAPINFOHEADER	aa452885	-
BITMASKS	ms936830	-
BIT_AV_	ms898943	-
BIT_MASKS_MATCH	ms936839	-
BLENDFUNCTION	aa452889	-
BLOB (Cryptography)	ms937016	ms884463
BLOB (Windows Sockets)	aa450302	ms910259
BM_CLICK	aa452890	-
BM_GETCHECK	aa452891	-
BM_GETSTATE	aa452892	-
BM_SETCHECK	aa452893	-
BM_SETSTATE	aa452894	-
BM_SETSTYLE	aa452895	-
BN_CLICKED	aa452896	-
BN_KILLFOCUS	aa452897	-
BN_SETFOCUS	aa452898	-
BP_GetPartitionInfo	aa516965	-
BP_Init	aa516966	-
BP_LowLevelFormat	aa516967	-
BP_OpenPartition	aa516968	-
BP_ReadData	aa516969	-
BP_SetDataPointer	aa516970	-
BP_WriteData	aa516971	-
BROWSEINFO	aa452901	-
BROWSEINFOA (BIF_STATUSTEXT=0x4, BIF_EDITBOX=0x10, BIF_VALIDATE=0x20 -> derived)	https://learn.microsoft.com/en-us/windows/win32/api/shlobj_core/ns-shlobj_core-browseinfoa	-
BRUSHOBJ_pvAllocRbrush	ms896145	-
BRUSHOBJ_pvGetRbrush	ms896146	-
BSCF	aa452105	ms928766
BSTR	ms863868	ms886145
BSTR Functions	ms936848	-
BTHHID_IOCTL_HIDConnect	ms887860	-
BTHHID_IOCTL_HIDDisconnect	ms887861	-
BTHNS_INQUIRYBLOB	ms887864	ms863357
BTHNS_RESTRICTIONBLOB	ms887868	ms863358
BTHNS_SETBLOB	ms887869	ms863359
BTH_HOLD_MODE	ms887904	-
BTH_LOCAL_VERSION	ms887863	ms863360
BTH_PARK_MODE	ms887905	-
BTH_REMOTE_NAME	ms887882	ms863361
BTH_REMOTE_VERSION	ms887884	ms863362
BTH_SNIFF_MODE	ms887906	-
BTH_SOCKOPT_SECURITY	ms887893	ms863363
BUILD_IO_RW_DIRECT_ARG	ms896148	-
BUILD_IO_RW_EXTENDED_ARG	ms896149	-
BUSDATA_PARMS	ms896150	ms902069
BUS_DATA_TYPE	ms896151	ms902070
BY_HANDLE_DB_INFORMATION (CEDB)	aa516972	-
BY_HANDLE_DB_INFORMATION (EDB)	aa516974	-
BY_HANDLE_FILE_INFORMATION	aa516973	ms923882
Back Buffers and Image Surfaces	ms890710	-
Back-Face Culling	aa451199	-
BacklightAdvApplet	aa452867	ms920351
Backup	ms880953	-
Backward Compatibility for Windows Sockets 1.1 Applications	ms880954	-
Base Classes that Implement Interfaces/Clock Base Classes	aa451239	-
Base Classes that Implement Interfaces/Enumerator Base Classes	ms923232	-
Base Classes that Implement Interfaces/Filter Base Classes	ms923365	-
Base Classes that Implement Interfaces/Pin Base Classes	ms924201	-
Base Classes that Implement Interfaces/Transport Base Classes	aa451401	-
Base Classes/Base Classes that Implement Interfaces	aa451201	-
Base Classes/CBaseObject and CUnknown Classes	aa451227	-
Base Registry Settings	ms880955	-
Basic Approach for getXbyY in the SPI	ms880956	ms930434
Basic Authentication and RTC	aa525600	-
Basic Common Control Styles	aa452868	-
Basic Concepts of Surfaces/Color Keying	aa451245	-
Basic Concepts of Surfaces/Pixel Formats	ms924203	-
Basic Concepts of Surfaces/Surface Interfaces	ms924659	-
Basic Concepts of Surfaces/What Are Surfaces?	ms925253	-
Basic Concepts of Surfaces/Width vs. Pitch	ms925262	-
Basic Lighting Formula	aa451203	-
Basic Object Model	ms862095	-
Basic Scripting	ms880957	ms862396
Basic Texturing Concepts	aa451204	-
Basic Window Styles	aa452869	-
Battery Driver Development Concepts	ms890742	-
Battery Driver Global Variables	ms890724	-
Battery Driver Registry Settings	ms890735	-
Battery Driver Samples	ms890749	-
BatteryDrvrGetLevels	ms896130	-
BatteryDrvrSupportsChangeNotification	ms896131	-
BatteryGetLifeTimeInfo	ms896132	-
BatteryNotifyOfTimeChange	ms896134	-
BatteryPDDDeinitialize	ms896135	-
BatteryPDDGetLevels	ms896136	-
BatteryPDDGetStatus	ms896137	-
BatteryPDDInitialize	ms896138	-
BatteryPDDPowerHandler	ms896139	-
BatteryPDDResume	ms896140	-
BatteryPDDSupportsChangeNotification	ms896141	-
BeforeWindowOpen	aa451906	-
BeginDeferWindowPos	aa452870	-
BeginMessage Method	ms863706	-
BeginMessageWSDL Method	ms863712	-
BeginPaint	aa452871	-
Beginning and Ending a Scene	aa451205	-
Behavior Element (Instruction Response)	ms894996	ms898340
Benefits and Limitations of GPE Display Drivers	ms890765	-
Benefits of Media Sense	ms890770	-
BerElement	ms863747	ms920234
Best Practices for DOM	ms862096	-
Best Practices for Faster Suspend Times	aa448265	-
Best Practices for SAX	ms862097	-
Best Practices for the IP Firewall	ms886633	-
BinFS Registry Settings	ms885253	-
BinFS and the Bootpart Library	ms885249	-
Binary Raster Operations	aa452878	-
Binary Rom Image File System (BinFS)	ms885244	-
BindMoniker	ms863843	ms886121
Binding Element	ms862098	-
Binding to a Local Address	ms880958	ms930541
Bit Block Transfer Acceleration	ms890816	-
Bit-Based Replication	ms885257	ms900909
BitBlT Emulation Library Functions	ms896142	-
BitBlt	aa452879	-
Bitmap Functions	aa451206	-
Bitmap Functions, Macros, and Data	aa451207	-
Bitmap and Caching Properties of IMsRdpClientAdvancedSettings	ms861195	ms925143
BitmapData	ms925969	-
Blitting in Direct3D Mobile	aa451211	-
Blitting to Surfaces/Blit Timing	aa451208	-
Blitting to Surfaces/Blitting Basics	aa451210	-
Blitting to Surfaces/Blitting to Multiple Windows	aa451212	-
Blitting to Surfaces/Blitting with Blt	aa451214	-
Blitting to Surfaces/Blitting with BltFast	aa451215	-
Blitting to Surfaces/Color Fills	aa451243	-
Blitting to Surfaces/Transparent Blitting	aa451400	-
Block Driver Access	ms890840	-
Block Driver Architecture	ms890849	-
Block Driver Detection	ms890855	-
Block Driver Installation	ms890864	-
Block Driver Interface	ms890868	-
Block Driver Loading	ms890874	-
Block Driver Manager	ms890877	-
Block Driver Power Cycle	ms890882	-
Block Driver Registry Settings	ms890889	-
BlockLockInfo	ms896143	-
Blocking Input/Output	ms880959	ms930644
Blt	ms896144	-
Bluetooth Application Development Enumerations	ms886634	-
Bluetooth Application Development Functions	ms886635	-
Bluetooth Application Development IOCTLs	ms886637	-
Bluetooth Application Development Interfaces	ms886636	-
Bluetooth Application Development Structures	ms886647	-
Bluetooth HCI Transport Driver Registry Settings	ms890928	-
Bluetooth OS Functions	ms886640	-
Bluetooth OS IOCTLs	ms880965	-
Bluetooth OS Messages	ms886639	-
Bluetooth OS Object Identifiers	ms886638	-
Bluetooth OS Structures	ms880966	-
Bluetooth Stack Architecture	ms890956	ms863323
Bluetooth Stack Implementation Considerations	ms890965	-
Bluetooth Stack Implementation in Windows CE	ms890977	-
Body Property	ms863865	-
BodyEntries Property	ms863863	-
BodyEntry Property	ms863864	-
Boolean Functions	ms863867	-
Boolean, Comparison, and Set Expressions	ms862099	-
Boot Loader Support for BinFS	ms885260	-
Boot Phases	ms885267	-
Bootpart Library OS Functions	aa516962	-
Bootpart Library OS Structures	aa516963	-
Bootpart OS Reference	aa516964	-
Border Color Texture Address Mode	aa451217	-
Brazilian (ABNT) Keyboard	ms890989	-
Breakpoint Function	ms936845	-
Breakpoint Macros	ms936846	-
Bridge Base Class	aa448267	-
BringWindowToTop	aa452899	-
BrowseCallbackProc	aa452900	-
Browser Registry Settings	aa451910	ms924682
BstrFromVector	ms863869	ms886153
BthAGATHandler	aa450304	-
BthAGATSetCallback	aa450305	-
BthAGGetLastDialed	aa450307	-
BthAGGetNameByPhoneNumber	aa450308	-
BthAGGetSpeedDial	aa450309	-
BthAGNetworkAnswerCall	aa450312	-
BthAGNetworkDeinit	aa450313	-
BthAGNetworkDialNumber	aa450314	-
BthAGNetworkDropCall	aa450316	-
BthAGNetworkGetCallState	aa450315	-
BthAGNetworkHoldCall	aa450317	-
BthAGNetworkInit	aa450318	-
BthAGNetworkRejectCall	aa450319	-
BthAGNetworkSwapCall	aa450320	-
BthAGNetworkTransmitDTMF	aa450321	-
BthAGNetworkUnholdCall	aa450322	-
BthAGOnNetworkEvent	aa450323	-
BthAGOverrideCallIn	aa450324	-
BthAGOverrideCallOut	ms887483	-
BthAGPhoneExtDeinit	aa450306	-
BthAGPhoneExtEvent	ms880975	-
BthAGPhoneExtInit	aa450311	-
BthAGSetServiceCallback	aa450310	-
BthAcceptSCOConnections	aa450303	-
BthAnswerPairRequest	ms887558	-
BthAuthenticate	ms887570	ms897766
BthCancelInquiry	ms887578	ms902066
BthClearInquiryFilter	ms887586	ms897768
BthCloseConnection	ms887598	ms897782
BthCreateACLConnection	ms887605	ms897784
BthCreateSCOConnection	ms887612	ms897786
BthEnterHoldMode	ms887712	ms897790
BthEnterParkMode	ms887822	ms897793
BthEnterSniffMode	ms887829	ms897797
BthExitParkMode	ms887830	ms897799
BthExitSniffMode	ms887831	ms897803
BthGetAddress	ms887833	ms897805
BthGetBasebandConnections	ms887834	ms897808
BthGetBasebandHandles	ms887835	ms897811
BthGetCurrentMode	ms887836	ms897814
BthGetHardwareStatus	ms887837	ms897817
BthGetLinkKey	ms887838	ms897821
BthGetPINRequest	ms887839	ms897824
BthGetRemoteCOD	ms887840	-
BthInquiryResult	ms887862	-
BthNsLookupServiceBegin	ms887865	ms897828
BthNsLookupServiceEnd	ms887866	ms897831
BthNsLookupServiceNext	ms887867	ms897834
BthNsSetService	ms887870	ms897838
BthPairRequest	ms887871	-
BthPerformInquiry	ms887872	ms897839
BthReadAuthenticationEnable	ms887873	ms897843
BthReadCOD	ms887874	ms897846
BthReadLinkPolicySettings	ms887875	ms897850
BthReadLocalAddr	ms887876	ms897854
BthReadLocalVersion	ms887877	ms897858
BthReadPageTimeout	ms887878	ms897861
BthReadRemoteVersion	ms887879	ms897864
BthReadScanEnableMask	ms887880	ms897866
BthRefusePINRequest	ms887881	ms897870
BthRemoteNameQuery	ms887883	ms897875
BthRevokeLinkKey	ms887885	ms897877
BthRevokePIN	ms887886	ms897880
BthSetEncryption	ms887887	ms897883
BthSetInquiryFilter	ms887889	ms897886
BthSetLinkKey	ms887890	ms897890
BthSetPIN	ms887891	ms897894
BthSetSecurityUI	ms887892	ms897897
BthTerminateIdleConnections	ms887895	ms897900
BthWriteAuthenticationEnable	ms887896	ms897904
BthWriteCOD	ms887897	ms897905
BthWriteLinkPolicySettings	ms887898	ms897906
BthWritePageTimeout	ms887899	ms897907
BthWriteScanEnableMask	ms887900	ms897908
BufferDisposalFlag	ms936849	-
Building DispPerf.exe	ms923765	-
Building a Control Panel Application	aa453946	-
Building a Multilingual Run-time Image	ms906488	-
Building the Keyboard Driver DLLs	ms923766	-
Built-in Network Adapters	ms890997	-
Built-in Templates	ms862100	ms912457
Bus Enumeration Applications	ms891025	-
Bus Master-DMA Network Adapters	ms891031	-
BusIoControl	ms896152	-
BusTransBusAddrToStatic	ms896153	-
BusTransBusAddrToVirtual	ms896154	-
Byte Ordering Assumptions	ms880976	ms910043
C++ COM Code Example: Creating a Private Queue	ms880978	-
C++ COM Code Example: Opening a Queue to Read Messages	ms880979	-
C++ COM Code Example: Opening a Queue to Send Messages	ms880980	-
C++ COM Code Example: Purging a Queue Synchronously	ms880981	-
C++ COM Code Example: Reading Messages Synchronously	ms880982	-
C++ COM Code Example: Sending a String	ms880983	-
C++ Namespaces in the UPnP AV Framework	ms883105	-
CALL	aa452918	ms879820
CALLCONV	ms863871	ms886161
CAMEvent Class	ms936864	-
CAMEvent::CAMEvent	ms936862	-
CAMEvent::Check	ms936863	-
CAMEvent::Reset	ms936866	-
CAMEvent::Set	ms936867	-
CAMEvent::Wait	ms936868	-
CAMEvent::operator HANDLE	ms936865	-
CAMMsgEvent Class	ms936870	-
CAMMsgEvent::WaitMsg	ms936871	-
CAMSchedule Class	ms936876	-
CAMSchedule::AddAdvisePacket	ms936872	-
CAMSchedule::Advise	ms936873	-
CAMSchedule::CAMSchedule	ms936875	-
CAMSchedule::GetAdviseCount	ms936877	-
CAMSchedule::GetEvent	ms936878	-
CAMSchedule::GetNextAdviseTime	ms936879	-
CAMSchedule::Unadvise	ms936880	-
CAMThread Class	ms936884	-
CAMThread::CAMThread	ms936882	-
CAMThread::CallWorker	ms936881	-
CAMThread::CheckRequest	ms936883	-
CAMThread::Close	ms936885	-
CAMThread::Create	ms936886	-
CAMThread::GetRequest	ms936887	-
CAMThread::GetRequestHandle	ms936889	-
CAMThread::GetRequestParam	ms936890	-
CAMThread::InitialThreadProc	ms936891	-
CAMThread::Reply	ms936892	-
CAMThread::ThreadExists	ms936893	-
CAMThread::ThreadProc	ms936894	-
CANDIDATEFORM	ms904636	ms919085
CANDIDATEINFO	ms904637	ms919093
CANDIDATELIST	ms904638	ms919103
CAPEDIT Control	aa452920	-
CARD_CLIENT_HANDLE	ms896158	-
CARD_CONFIG_INFO	ms896159	-
CARD_DATA_PARMS	ms896160	-
CARD_EVENT	ms896162	-
CARD_EVENT_MASK_PARMS	ms896163	-
CARD_EVENT_PARMS	ms896164	-
CARD_ISR	ms896171	-
CARD_REGISTER_PARMS	aa447633	-
CARD_SOCKET_HANDLE	aa447649	-
CARD_STATUS	aa447650	-
CARD_TUPLE_PARMS	aa447651	-
CARD_WINDOW_ADDRESS	aa447654	-
CARD_WINDOW_HANDLE	aa447652	-
CARD_WINDOW_PARMS	aa447653	-
CAggDirectDraw Class	ms936855	-
CAggDirectDraw::CAggDirectDraw	ms936854	-
CAggDirectDraw::NonDelegatingQueryInterface	ms936856	-
CAggDirectDraw::SetDirectDraw	ms936857	-
CAggDrawSurface Class	ms936859	-
CAggDrawSurface::CAggDrawSurface	ms936858	-
CAggDrawSurface::NonDelegatingQueryInterface	ms936860	-
CAggDrawSurface::SetDirectDrawSurface	ms936861	-
CAutoLock Class	ms936900	-
CAutoLock::CAutoLock	ms936899	-
CBN_CLOSEUP	ms908046	-
CBN_DBLCLK	ms908047	-
CBN_DROPDOWN	ms908049	-
CBN_EDITCHANGE	ms908050	-
CBN_EDITUPDATE	ms908051	-
CBN_ERRSPACE	ms908053	-
CBN_KILLFOCUS	ms908054	-
CBN_SELCHANGE	ms908055	-
CBN_SELENDCANCEL	ms908056	-
CBN_SELENDOK	ms908057	-
CBN_SETFOCUS	ms908058	-
CB_ADDSTRING	aa452924	-
CB_DELETESTRING	aa452925	-
CB_FINDSTRING	aa452926	-
CB_FINDSTRINGEXACT	aa452927	-
CB_GETCOMBOBOXINFO	aa452928	-
CB_GETCOUNT	ms939290	-
CB_GETCURSEL	ms939382	-
CB_GETDROPPEDCONTROLRECT	ms928334	-
CB_GETDROPPEDSTATE	ms928340	-
CB_GETDROPPEDWIDTH	ms928343	-
CB_GETEDITSEL	ms928352	-
CB_GETEXTENDEDUI	ms928359	-
CB_GETHORIZONTALEXTENT	ms928366	-
CB_GETITEMDATA	ms928374	-
CB_GETITEMHEIGHT	ms928376	-
CB_GETLBTEXT	ms928386	-
CB_GETLBTEXTLEN	ms928395	-
CB_GETLOCALE	ms907898	-
CB_GETTOPINDEX	ms907963	-
CB_INITSTORAGE	ms908027	-
CB_INSERTSTRING	ms908036	-
CB_LIMITTEXT	ms908045	-
CB_RESETCONTENT	ms908059	-
CB_SELECTSTRING	ms908060	-
CB_SETCURSEL	ms908061	-
CB_SETDROPPEDWIDTH	ms908062	-
CB_SETEDITSEL	ms908063	-
CB_SETEXTENDEDUI	ms908064	-
CB_SETHORIZONTALEXTENT	ms908065	-
CB_SETITEMDATA	ms908066	-
CB_SETITEMHEIGHT	ms908067	-
CB_SETLOCALE	ms908068	-
CB_SETTOPINDEX	ms908069	-
CB_SHOWDROPDOWN	ms908070	-
CBaseAllocator Class	ms936903	-
CBaseAllocator::Alloc	ms936901	-
CBaseAllocator::CBaseAllocator	ms936902	-
CBaseAllocator::Commit	ms936904	-
CBaseAllocator::Decommit	ms936905	-
CBaseAllocator::Free	ms936906	-
CBaseAllocator::GetBuffer	ms936907	-
CBaseAllocator::GetProperties	ms936908	-
CBaseAllocator::NonDelegatingQueryInterface	ms936909	-
CBaseAllocator::NotifySample	ms936910	-
CBaseAllocator::ReleaseBuffer	ms936911	-
CBaseAllocator::SetProperties	ms936912	-
CBaseAllocator::SetWaiting	ms936913	-
CBaseBasicVideo Class	ms936915	-
CBaseBasicVideo::CBaseBasicVideo	ms936914	-
CBaseBasicVideo::GetIDsOfNames	ms936916	-
CBaseBasicVideo::GetTypeInfo	ms936917	-
CBaseBasicVideo::GetTypeInfoCount	ms936918	-
CBaseBasicVideo::Invoke	ms936919	-
CBaseBasicVideo::NonDelegatingQueryInterface	ms936920	-
CBaseControlVideo Class	ms936924	-
CBaseControlVideo::CBaseControlVideo	ms936921	-
CBaseControlVideo::CheckSourceRect	ms936922	-
CBaseControlVideo::CheckTargetRect	ms936923	-
CBaseControlVideo::CopyImage	ms936941	-
CBaseControlVideo::GetCurrentImage	ms937074	-
CBaseControlVideo::GetDestinationPosition	ms937099	-
CBaseControlVideo::GetImageSize	ms937135	-
CBaseControlVideo::GetSourcePosition	ms937140	-
CBaseControlVideo::GetSourceRect	ms937141	-
CBaseControlVideo::GetStaticImage	ms937144	-
CBaseControlVideo::GetTargetRect	ms937145	-
CBaseControlVideo::GetVideoFormat	ms937146	-
CBaseControlVideo::GetVideoPaletteEntries	ms937148	-
CBaseControlVideo::GetVideoSize	ms937149	-
CBaseControlVideo::IsDefaultSourceRect	ms937151	-
CBaseControlVideo::IsDefaultTargetRect	ms937152	-
CBaseControlVideo::IsUsingDefaultDestination	ms937153	-
CBaseControlVideo::IsUsingDefaultSource	ms937154	-
CBaseControlVideo::OnUpdateRectangles	ms937155	-
CBaseControlVideo::OnVideoSizeChange	ms937156	-
CBaseControlVideo::SetControlVideoPin	ms937165	-
CBaseControlVideo::SetDefaultDestinationPosition	ms937166	-
CBaseControlVideo::SetDefaultSourcePosition	ms937167	-
CBaseControlVideo::SetDefaultSourceRect	ms937168	-
CBaseControlVideo::SetDefaultTargetRect	ms937169	-
CBaseControlVideo::SetDestinationPosition	ms937170	-
CBaseControlVideo::SetSourcePosition	ms937171	-
CBaseControlVideo::SetSourceRect	ms937172	-
CBaseControlVideo::SetTargetRect	ms937173	-
CBaseControlVideo::get_AvgTimePerFrame	ms937046	-
CBaseControlVideo::get_BitErrorRate	ms937055	-
CBaseControlVideo::get_BitRate	ms937063	-
CBaseControlVideo::get_DestinationHeight	ms937083	-
CBaseControlVideo::get_DestinationLeft	ms937092	-
CBaseControlVideo::get_DestinationTop	ms937110	-
CBaseControlVideo::get_DestinationWidth	ms937126	-
CBaseControlVideo::get_SourceHeight	ms937138	-
CBaseControlVideo::get_SourceLeft	ms937139	-
CBaseControlVideo::get_SourceTop	ms937142	-
CBaseControlVideo::get_SourceWidth	ms937143	-
CBaseControlVideo::get_VideoHeight	ms937147	-
CBaseControlVideo::put_DestinationHeight	ms937157	-
CBaseControlVideo::put_DestinationLeft	ms937158	-
CBaseControlVideo::put_DestinationTop	ms937159	-
CBaseControlVideo::put_DestinationWidth	ms937160	-
CBaseControlVideo::put_SourceHeight	ms937161	-
CBaseControlVideo::put_SourceLeft	ms937162	-
CBaseControlVideo::put_SourceTop	ms937163	-
CBaseControlVideo::put_SourceWidth	ms937164	-
CBaseControlWindow Class	ms937175	-
CBaseControlWindow::CBaseControlWindow	ms937174	-
CBaseControlWindow::DoGetWindowStyle	ms937176	-
CBaseControlWindow::DoSetWindowStyle	ms937177	-
CBaseControlWindow::GetBorderColour	ms937181	-
CBaseControlWindow::GetMaxIdealImageSize	ms937186	-
CBaseControlWindow::GetMinIdealImageSize	ms937188	-
CBaseControlWindow::GetOwnerWindow	ms937190	-
CBaseControlWindow::GetRestorePosition	ms937191	-
CBaseControlWindow::GetWindowPosition	ms937195	-
CBaseControlWindow::HideCursor	ms937199	-
CBaseControlWindow::IsAutoShowEnabled	ms937200	-
CBaseControlWindow::IsCursorHidden	ms937201	-
CBaseControlWindow::NotifyOwnerMessage	ms937202	-
CBaseControlWindow::PossiblyEatMessage	ms937203	-
CBaseControlWindow::SetControlWindowPin	ms937219	-
CBaseControlWindow::SetWindowForeground	ms937220	-
CBaseControlWindow::SetWindowPosition	ms937221	-
CBaseControlWindow::get_AutoShow	ms937178	-
CBaseControlWindow::get_BackgroundPalette	ms937179	-
CBaseControlWindow::get_BorderColor	ms937180	-
CBaseControlWindow::get_Caption	ms937182	-
CBaseControlWindow::get_FullScreenMode	ms937183	-
CBaseControlWindow::get_Height	ms937184	-
CBaseControlWindow::get_Left	ms937185	-
CBaseControlWindow::get_MessageDrain	ms937187	-
CBaseControlWindow::get_Owner	ms937189	-
CBaseControlWindow::get_Top	ms937192	-
CBaseControlWindow::get_Visible	ms937193	-
CBaseControlWindow::get_Width	ms937194	-
CBaseControlWindow::get_WindowState	ms937196	-
CBaseControlWindow::get_WindowStyle	ms937197	-
CBaseControlWindow::get_WindowStyleEx	ms937198	-
CBaseControlWindow::put_AutoShow	ms937204	-
CBaseControlWindow::put_BackgroundPalette	ms937205	-
CBaseControlWindow::put_BorderColor	ms937206	-
CBaseControlWindow::put_Caption	ms937207	-
CBaseControlWindow::put_FullScreenMode	ms937208	-
CBaseControlWindow::put_Height	ms937209	-
CBaseControlWindow::put_Left	ms937210	-
CBaseControlWindow::put_MessageDrain	ms937211	-
CBaseControlWindow::put_Owner	ms937212	-
CBaseControlWindow::put_Top	ms937213	-
CBaseControlWindow::put_Visible	ms937214	-
CBaseControlWindow::put_Width	ms937215	-
CBaseControlWindow::put_WindowState	ms937216	-
CBaseControlWindow::put_WindowStyle	ms937217	-
CBaseControlWindow::put_WindowStyleEx	ms937218	-
CBaseDispatch Class	ms937224	-
CBaseDispatch::CBaseDispatch	ms937223	-
CBaseDispatch::GetIDsOfNames	ms937225	-
CBaseDispatch::GetTypeInfo	ms937226	-
CBaseDispatch::GetTypeInfoCount	ms937227	-
CBaseFilter Class	ms937420	-
CBaseFilter::CBaseFilter	ms937329	-
CBaseFilter::EnumPins	ms937528	-
CBaseFilter::FindPin	ms937536	-
CBaseFilter::GetClassID	ms937537	-
CBaseFilter::GetFilterGraph	ms937538	-
CBaseFilter::GetPin	ms937539	-
CBaseFilter::GetPinCount	ms937540	-
CBaseFilter::GetPinVersion	ms937541	-
CBaseFilter::GetSetupData	ms937542	-
CBaseFilter::GetState	ms937544	-
CBaseFilter::GetSyncSource	ms937545	-
CBaseFilter::IncrementPinVersion	ms937546	-
CBaseFilter::IsActive	ms937547	-
CBaseFilter::JoinFilterGraph	ms937548	-
CBaseFilter::NonDelegatingQueryInterface	ms937549	-
CBaseFilter::NotifyEvent	ms937550	-
CBaseFilter::Pause	ms937551	-
CBaseFilter::QueryFilterInfo	ms937552	-
CBaseFilter::QueryVendorInfo	ms937553	-
CBaseFilter::ReconnectPin	ms937554	-
CBaseFilter::Register	ms937556	-
CBaseFilter::Run	ms937557	-
CBaseFilter::SetSyncSource	ms937558	-
CBaseFilter::Stop	ms937559	-
CBaseFilter::StreamTime	ms937560	-
CBaseFilter::Unregister	ms937561	-
CBaseInputPin Class	ms937565	-
CBaseInputPin::BeginFlush	ms937562	-
CBaseInputPin::CBaseInputPin	ms937563	-
CBaseInputPin::CheckStreaming	ms937564	-
CBaseInputPin::Disconnect	ms937566	-
CBaseInputPin::EndFlush	ms937567	-
CBaseInputPin::GetAllocator	ms937568	-
CBaseInputPin::GetAllocatorRequirements	ms937569	-
CBaseInputPin::Inactive	ms937570	-
CBaseInputPin::IsFlushing	ms937571	-
CBaseInputPin::IsReadOnly	ms937572	-
CBaseInputPin::NonDelegatingQueryInterface	ms937573	-
CBaseInputPin::Notify	ms937574	-
CBaseInputPin::NotifyAllocator	ms937575	-
CBaseInputPin::PassNotify	ms937576	-
CBaseInputPin::Receive	ms937577	-
CBaseInputPin::ReceiveCanBlock	ms937578	-
CBaseInputPin::ReceiveMultiple	ms937579	-
CBaseList Class	ms937589	-
CBaseList::AddAfter	ms937580	-
CBaseList::AddBefore	ms937582	-
CBaseList::AddHead	ms937584	-
CBaseList::AddTail	ms937586	-
CBaseList::CBaseList	ms937588	-
CBaseList::GetCountI	ms937591	-
CBaseList::GetHeadPositionI	ms937592	-
CBaseList::GetI	ms937593	-
CBaseList::GetNextI	ms937594	-
CBaseList::GetTailPositionI	ms937595	-
CBaseList::MoveToHead	ms937596	-
CBaseList::MoveToTail	ms937597	-
CBaseList::Next	ms937598	-
CBaseList::Prev	ms937599	-
CBaseList::RemoveAll	ms937600	-
CBaseList::RemoveHeadI	ms937601	-
CBaseList::RemoveI	ms937602	-
CBaseList::RemoveTailI	ms937603	-
CBaseList::Reverse	ms937604	-
CBaseMediaFilter Class	ms937606	-
CBaseMediaFilter::CBaseMediaFilter	ms937605	-
CBaseMediaFilter::GetClassID	ms937607	-
CBaseMediaFilter::GetState	ms937608	-
CBaseMediaFilter::GetSyncSource	ms937609	-
CBaseMediaFilter::IsActive	ms937610	-
CBaseMediaFilter::NonDelegatingQueryInterface	ms937611	-
CBaseMediaFilter::Pause	ms937612	-
CBaseMediaFilter::Run	ms937613	-
CBaseMediaFilter::SetSyncSource	ms937614	-
CBaseMediaFilter::Stop	ms937615	-
CBaseMediaFilter::StreamTime	ms937616	-
CBaseObject Class	ms937618	-
CBaseObject::CBaseObject	ms937617	-
CBaseObject::ObjectsActive	ms937619	-
CBaseOutputPin Class	ms937625	-
CBaseOutputPin::Active	ms937620	-
CBaseOutputPin::BeginFlush	ms937621	-
CBaseOutputPin::BreakConnect	ms937622	-
CBaseOutputPin::CBaseOutputPin	ms937623	-
CBaseOutputPin::CheckConnect	ms937624	-
CBaseOutputPin::CompleteConnect	ms937626	-
CBaseOutputPin::DecideAllocator	ms937627	-
CBaseOutputPin::DecideBufferSize	ms937628	-
CBaseOutputPin::Deliver	ms937629	-
CBaseOutputPin::DeliverBeginFlush	ms937630	-
CBaseOutputPin::DeliverEndFlush	ms937631	-
CBaseOutputPin::DeliverEndOfStream	ms937632	-
CBaseOutputPin::DeliverNewSegment	ms937633	-
CBaseOutputPin::EndFlush	ms937634	-
CBaseOutputPin::EndOfStream	ms937642	-
CBaseOutputPin::GetDeliveryBuffer	ms937750	-
CBaseOutputPin::Inactive	ms937761	-
CBaseOutputPin::InitAllocator	ms937769	-
CBasePin Class	ms938008	-
CBasePin::Active	ms937787	-
CBasePin::AgreeMediaType	ms937793	-
CBasePin::AttemptConnection	ms937800	-
CBasePin::BreakConnect	ms937906	-
CBasePin::CBasePin	ms937990	-
CBasePin::CheckConnect	ms937992	-
CBasePin::CheckMediaType	ms938003	-
CBasePin::CompleteConnect	ms938011	-
CBasePin::Connect	ms938016	-
CBasePin::ConnectedTo	ms938022	-
CBasePin::ConnectionMediaType	ms938024	-
CBasePin::CurrentRate	ms938030	-
CBasePin::CurrentStartTime	ms938033	-
CBasePin::CurrentStopTime	ms938039	-
CBasePin::Disconnect	ms938042	-
CBasePin::DisplayPinInfo	ms938046	-
CBasePin::DisplayTypeInfo	ms938049	-
CBasePin::EndOfStream	ms938055	-
CBasePin::EnumMediaTypes	ms938060	-
CBasePin::GetConnected	ms938061	-
CBasePin::GetMediaType	ms938068	-
CBasePin::GetMediaTypeVersion	ms938072	-
CBasePin::Inactive	ms938077	-
CBasePin::IncrementTypeVersion	ms938083	-
CBasePin::IsConnected	ms938084	-
CBasePin::IsStopped	ms938091	-
CBasePin::Name	ms938108	-
CBasePin::NewSegment	ms938112	-
CBasePin::NonDelegatingAddRef	ms938118	-
CBasePin::NonDelegatingQueryInterface	ms938120	-
CBasePin::NonDelegatingRelease	ms938124	-
CBasePin::Notify	ms938128	-
CBasePin::QueryAccept	ms938132	-
CBasePin::QueryDirection	ms938136	-
CBasePin::QueryId	ms938140	-
CBasePin::QueryInternalConnections	ms938145	-
CBasePin::QueryPinInfo	ms938148	-
CBasePin::ReceiveConnection	ms938154	-
CBasePin::Run	ms938159	-
CBasePin::SetMediaType	ms938163	-
CBasePin::SetSink	ms938168	-
CBasePin::TryMediaTypes	ms938173	-
CBasePropertyPage Class	ms938193	-
CBasePropertyPage::Activate	ms938177	-
CBasePropertyPage::Apply	ms938184	-
CBasePropertyPage::CBasePropertyPage	ms938186	-
CBasePropertyPage::Deactivate	ms938194	-
CBasePropertyPage::GetPageInfo	ms938199	-
CBasePropertyPage::Help	ms938202	-
CBasePropertyPage::IsPageDirty	ms938206	-
CBasePropertyPage::Move	ms938210	-
CBasePropertyPage::OnActivate	ms938245	-
CBasePropertyPage::OnApplyChanges	ms938249	-
CBasePropertyPage::OnConnect	ms938255	-
CBasePropertyPage::OnDeactivate	ms938258	-
CBasePropertyPage::OnDisconnect	ms938263	-
CBasePropertyPage::OnReceiveMessage	ms938268	-
CBasePropertyPage::SetObjects	ms938273	-
CBasePropertyPage::SetPageSite	ms938277	-
CBasePropertyPage::Show	ms938282	-
CBasePropertyPage::TranslateAccelerator	ms938287	-
CBasePropertyPage::m_DialogId	ms938219	-
CBasePropertyPage::m_Dlg	ms938227	-
CBasePropertyPage::m_TitleId	ms938240	-
CBasePropertyPage::m_bDirty	ms938215	-
CBasePropertyPage::m_hwnd	ms938230	-
CBasePropertyPage::m_pPageSite	ms938235	-
CBasePropertyPage::~CBasePropertyPage	ms938294	-
CBaseReferenceClock Class	ms938312	-
CBaseReferenceClock::AdvisePeriodic	ms938296	-
CBaseReferenceClock::AdviseTime	ms938301	-
CBaseReferenceClock::CBaseReferenceClock	ms938308	-
CBaseReferenceClock::GetPrivateTime	ms938318	-
CBaseReferenceClock::GetSchedule	ms938320	-
CBaseReferenceClock::GetTime	ms938328	-
CBaseReferenceClock::NonDelegatingQueryInterface	ms938331	-
CBaseReferenceClock::SetTimeDelta	ms938340	-
CBaseReferenceClock::TriggerThread	ms938342	-
CBaseReferenceClock::Unadvise	ms938348	-
CBaseRenderer Class	ms938389	-
CBaseRenderer::Active	ms938351	-
CBaseRenderer::BeginFlush	ms938357	-
CBaseRenderer::BreakConnect	ms938365	-
CBaseRenderer::CBaseRenderer	ms938374	-
CBaseRenderer::CancelNotification	ms938370	-
CBaseRenderer::CheckMediaType	ms938380	-
CBaseRenderer::CheckReady	ms938385	-
CBaseRenderer::ClearPendingSample	ms938393	-
CBaseRenderer::CompleteConnect	ms938398	-
CBaseRenderer::CompleteStateChange	ms938403	-
CBaseRenderer::DisplayRendererState	ms938415	-
CBaseRenderer::DoRenderSample	ms938423	-
CBaseRenderer::EndFlush	ms938431	-
CBaseRenderer::EndOfStream	ms906500	-
CBaseRenderer::FindPin	ms906508	-
CBaseRenderer::GetCurrentSample	ms926228	-
CBaseRenderer::GetMediaPositionInterface	ms926237	-
CBaseRenderer::GetPin	ms906554	-
CBaseRenderer::GetPinCount	ms906561	-
CBaseRenderer::GetRealState	ms906569	-
CBaseRenderer::GetRenderEvent	ms906577	-
CBaseRenderer::GetSampleTimes	ms906581	-
CBaseRenderer::GetState	ms906583	-
CBaseRenderer::HaveCurrentSample	ms906588	-
CBaseRenderer::Inactive	ms906593	-
CBaseRenderer::IsEndOfStream	ms906598	-
CBaseRenderer::IsEndOfStreamDelivered	ms906603	-
CBaseRenderer::IsStreaming	ms906609	-
CBaseRenderer::NonDelegatingQueryInterface	ms906615	-
CBaseRenderer::NotReady	ms906623	-
CBaseRenderer::NotifyEndOfStream	ms906618	-
CBaseRenderer::OnReceiveFirstSample	ms906625	-
CBaseRenderer::OnRenderEnd	ms906628	-
CBaseRenderer::OnRenderStart	ms906632	-
CBaseRenderer::OnStartStreaming	ms906637	-
CBaseRenderer::OnStopStreaming	ms906641	-
CBaseRenderer::OnWaitEnd	ms906644	-
CBaseRenderer::OnWaitStart	ms906647	-
CBaseRenderer::Pause	ms906649	-
CBaseRenderer::PrepareReceive	ms906654	-
CBaseRenderer::PrepareRender	ms906658	-
CBaseRenderer::Ready	ms906672	-
CBaseRenderer::Receive	ms906677	-
CBaseRenderer::Render	ms906681	-
CBaseRenderer::ResetEndOfStream	ms906685	-
CBaseRenderer::ResetEndOfStreamTimer	ms906688	-
CBaseRenderer::Run	ms906692	-
CBaseRenderer::ScheduleSample	ms906696	-
CBaseRenderer::SendEndOfStream	ms906698	-
CBaseRenderer::SendNotifyWindow	ms906701	-
CBaseRenderer::SendRepaint	ms906704	-
CBaseRenderer::SetAbortSignal	ms906707	-
CBaseRenderer::SetMediaType	ms906710	-
CBaseRenderer::SetRepaintStatus	ms906713	-
CBaseRenderer::ShouldDrawSampleNow	ms906717	-
CBaseRenderer::SignalTimerFired	ms906718	-
CBaseRenderer::SourceThreadCanWait	ms906719	-
CBaseRenderer::StartStreaming	ms906724	-
CBaseRenderer::Stop	ms906729	-
CBaseRenderer::StopStreaming	ms906734	-
CBaseRenderer::TimerCallback	ms906738	-
CBaseRenderer::WaitForReceiveToComplete	ms906740	-
CBaseRenderer::WaitForRenderTime	ms906743	-
CBaseStreamControl Class	ms906750	-
CBaseStreamControl::CBaseStreamControl	ms906745	-
CBaseStreamControl::CheckStreamState	ms906748	-
CBaseStreamControl::Flushing	ms906752	-
CBaseStreamControl::GetInfo	ms906754	-
CBaseStreamControl::NotifyFilterState	ms906758	-
CBaseStreamControl::SetFilterGraph	ms906762	-
CBaseStreamControl::SetSyncSource	ms906768	-
CBaseStreamControl::StartAt	ms938455	-
CBaseStreamControl::StopAt	ms938460	-
CBaseVideoRenderer Class	ms938474	-
CBaseVideoRenderer::CBaseVideoRenderer	ms938464	-
CBaseVideoRenderer::GetStdDev	ms938541	-
CBaseVideoRenderer::JoinFilterGraph	ms938551	-
CBaseVideoRenderer::NonDelegatingQueryInterface	ms938561	-
CBaseVideoRenderer::Notify	ms938571	-
CBaseVideoRenderer::OnDirectRender	ms938581	-
CBaseVideoRenderer::OnRenderEnd	ms938590	-
CBaseVideoRenderer::OnRenderStart	ms938602	-
CBaseVideoRenderer::OnStartStreaming	ms938614	-
CBaseVideoRenderer::OnStopStreaming	ms938623	-
CBaseVideoRenderer::OnWaitEnd	ms938639	-
CBaseVideoRenderer::OnWaitStart	ms938648	-
CBaseVideoRenderer::PreparePerformanceData	ms938661	-
CBaseVideoRenderer::RecordFrameLateness	ms938675	-
CBaseVideoRenderer::ResetStreamingTimes	ms938683	-
CBaseVideoRenderer::ScheduleSample	ms926248	-
CBaseVideoRenderer::SendQuality	ms926258	-
CBaseVideoRenderer::SetSink	ms926270	-
CBaseVideoRenderer::ShouldDrawSampleNow	ms926285	-
CBaseVideoRenderer::ThrottleWait	ms926294	-
CBaseVideoRenderer::get_AvgFrameRate	ms938484	-
CBaseVideoRenderer::get_AvgSyncOffset	ms938491	-
CBaseVideoRenderer::get_DevSyncOffset	ms938502	-
CBaseVideoRenderer::get_FramesDrawn	ms938512	-
CBaseVideoRenderer::get_FramesDroppedInRenderer	ms938521	-
CBaseVideoRenderer::get_Jitter	ms938530	-
CBaseVideoWindow Class	ms926318	-
CBaseVideoWindow::CBaseVideoWindow	ms926306	-
CBaseVideoWindow::GetIDsOfNames	ms926328	-
CBaseVideoWindow::GetTypeInfo	ms926337	-
CBaseVideoWindow::GetTypeInfoCount	ms926345	-
CBaseVideoWindow::Invoke	ms926346	-
CBaseVideoWindow::NonDelegatingQueryInterface	ms926347	-
CBaseWindow Class	ms926350	-
CBaseWindow::ActivateWindow	ms926348	-
CBaseWindow::CBaseWindow	ms926349	-
CBaseWindow::DoneWithWindow	ms926351	-
CBaseWindow::GetClassWindowStyles	ms926352	-
CBaseWindow::GetWindowHWND	ms926353	-
CBaseWindow::InactivateWindow	ms926354	-
CBaseWindow::InitialiseWindow	ms926355	-
CBaseWindow::OnClose	aa451466	-
CBaseWindow::OnReceiveMessage	aa451467	-
CBaseWindow::PossiblyEatMessage	aa451468	-
CBaseWindow::PrepareWindow	aa451469	-
CBaseWindow::UninitialiseWindow	aa451470	-
CBasicAudio Class	aa451472	-
CBasicAudio::CBasicAudio	aa451471	-
CBasicAudio::GetIDsOfNames	aa451473	-
CBasicAudio::GetTypeInfo	aa451474	-
CBasicAudio::GetTypeInfoCount	aa451475	-
CBasicAudio::Invoke	aa451476	-
CBasicAudio::NonDelegatingQueryInterface	aa451477	-
CCHookProc	ms908071	-
CCritSec Class	aa451479	-
CCritSec Debug Functions	aa451480	-
CCritSec::CCritSec	aa451478	-
CCritSec::Lock	aa451481	-
CCritSec::Unlock	aa451482	-
CD/UDFS File System	ms885276	-
CD/UDFS File System Registry Settings	ms885283	-
CDM_SETDEFEXT	ms908072	-
CDN_TYPECHANGE	ms908073	-
CDROM_DISCINFO	aa447655	-
CDROM_PLAY_AUDIO_MSF	aa447656	-
CDROM_READ	aa447657	-
CDROM_TESTUNITREADY	aa447658	-
CDROM_TOC	aa447659	-
CD_SENSE_DATA	aa447660	-
CDisp Class	aa451486	-
CDisp::CDisp	aa451485	-
CDispBasic Class	aa451484	-
CDispBasic::CDispBasic	aa451483	-
CEBLOB (CEDB)	aa516981	-
CEDB Database Support	ms885296	-
CEDB Functions	aa516925	-
CEDB Reference	ms892384	-
CEDB Structures	aa516931	-
CEDBASEINFO (CEDB)	aa516991	-
CEDBASEINFOEX (CEDB)	aa516992	-
CEDBASEINFOEX (EDB)	aa516993	-
CEDB_FIND_DATA	aa513341	-
CEDDK Dynamic-Link Library Address Mapping Functions	ms894807	-
CEDDK Dynamic-Link Library Bus Access Enumerations	ms894826	-
CEDDK Dynamic-Link Library Bus Access Functions	aa447661	-
CEDDK Dynamic-Link Library Bus Access IOCTLs	ms894814	-
CEDDK Dynamic-Link Library DMA Functions	aa447662	-
CEDDK Dynamic-Link Library DMA Structures	ms894823	-
CEDDK Dynamic-Link Library I/O Functions	ms894829	-
CEDEVICE_POWER_STATE	aa447663	-
CEDIRINFO	aa517001	ms923908
CEFILEINFO	aa517101	ms923910
CEL_CRITSEC_DELETE	ms885146	-
CEL_CRITSEC_ENTER	aa450798	ms905291
CEL_CRITSEC_INIT	ms885147	-
CEL_CRITSEC_LEAVE	aa450799	ms905296
CEL_DATA_LOSS	aa450800	ms905306
CEL_DEBUG_MSG	aa451045	-
CEL_EVENT_CLOSE	aa450801	ms905317
CEL_EVENT_CREATE	aa450802	ms905324
CEL_EVENT_DELETE	aa450803	ms905335
CEL_EVENT_PULSE	aa450804	ms905344
CEL_EVENT_RESET	aa450805	ms905350
CEL_EVENT_SET	aa450806	ms905358
CEL_EXTRA_MODULE_INFO	ms885148	-
CEL_EXTRA_PROCESS_INFO	ms885149	-
CEL_HEADER	aa450807	ms905360
CEL_HEAP_ALLOC	aa450808	ms905362
CEL_HEAP_CREATE	aa450809	ms905363
CEL_HEAP_DESTROY	aa450810	ms905364
CEL_HEAP_FREE	aa450811	ms905365
CEL_HEAP_REALLOC	aa450812	ms905366
CEL_INTERRUPTS	aa450814	ms905367
CEL_INT_DATA	aa450813	ms905368
CEL_LOG_MARKER	aa450815	ms905369
CEL_MAPFILE_CREATE	aa451047	-
CEL_MAPFILE_DESTROY	aa451049	-
CEL_MAPFILE_FLUSH	aa451051	-
CEL_MAPFILE_VIEW_CLOSE	aa451053	-
CEL_MAPFILE_VIEW_OPEN	aa451055	-
CEL_MAPFLUSH_TYPE	aa451058	-
CEL_MEMTRACK_BASELINE	aa450816	ms902078
CEL_MODULE_FREE	aa450817	ms905370
CEL_MODULE_LOAD	aa450818	ms905371
CEL_MODULE_REFERENCES	ms885150	-
CEL_MUTEX_CLOSE	aa450819	ms905372
CEL_MUTEX_CREATE	aa450820	ms905373
CEL_MUTEX_DELETE	aa450821	ms905374
CEL_MUTEX_RELEASE	aa450822	ms905375
CEL_PROCESS_CLOSE	aa450829	ms905376
CEL_PROCESS_CREATE	aa450830	ms905377
CEL_PROCESS_DELETE	ms884894	ms905378
CEL_PROCESS_REFCOUNT	ms885151	-
CEL_PROCESS_TERMINATE	ms884998	ms905379
CEL_SEM_CLOSE	ms885107	ms905380
CEL_SEM_CREATE	ms885117	ms905381
CEL_SEM_DELETE	ms885125	ms905382
CEL_SEM_RELEASE	ms885126	ms905383
CEL_SLEEP	ms885127	ms905384
CEL_SYSTEM_INVERT	ms885128	ms905385
CEL_SYSTEM_PAGE	ms885129	ms905386
CEL_SYSTEM_TLB	ms885130	ms905387
CEL_THREAD_CLOSE	ms885131	ms905388
CEL_THREAD_CREATE	ms885132	ms905389
CEL_THREAD_DELETE	ms885133	ms905390
CEL_THREAD_MIGRATE	ms885134	ms905391
CEL_THREAD_PRIORITY	ms885135	ms905392
CEL_THREAD_QUANTUM	ms885136	ms905393
CEL_THREAD_RESUME	ms885137	ms905394
CEL_THREAD_SUSPEND	ms885138	ms905395
CEL_THREAD_SWITCH	ms885139	ms905396
CEL_THREAD_TERMINATE	ms885140	ms905397
CEL_VIRTUAL_ALLOC	ms885141	ms905398
CEL_VIRTUAL_COPY	ms885142	ms905399
CEL_VIRTUAL_FREE	ms885143	ms905400
CEL_WAIT_MULTI	ms885145	ms905401
CEM_ENABLEUPCASE	ms908080	-
CEM_UPCASEALLWORDS	ms908081	-
CENOTIFICATION (CEDB)	aa517186	-
CENOTIFYREQUEST (CEDB)	aa517189	-
CEOIDINFO (CEDB)	aa517207	-
CEOIDINFOEX (CEDB)	aa517208	-
CEOIDINFOEX (EDB)	aa517210	-
CEOSVERSIONINFO	aa513381	-
CEPROPSPEC (EDB)	aa517225	-
CEPROPVAL (CEDB)	aa517227	-
CERECORDINFO (CEDB)	aa517237	-
CERTSRV Error Codes	aa451023	-
CERT_ACCESS_DESCRIPTION	ms937017	ms884391
CERT_ALT_NAME_ENTRY	ms937024	ms884392
CERT_ALT_NAME_INFO	ms937025	ms884393
CERT_AUTHORITY_INFO_ACCESS	ms937026	ms884394
CERT_AUTHORITY_KEY_ID2_INFO	ms937027	ms884395
CERT_AUTHORITY_KEY_ID_INFO	ms937028	ms884396
CERT_BASIC_CONSTRAINTS2_INFO	ms937029	ms884397
CERT_BASIC_CONSTRAINTS_INFO	ms937030	ms884398
CERT_CHAIN_CONTEXT	ms937031	ms884399
CERT_CHAIN_ELEMENT	ms937032	ms884400
CERT_CHAIN_ENGINE_CONFIG	ms937033	ms884401
CERT_CHAIN_PARA	ms937034	ms884402
CERT_CONTEXT	ms937040	ms884403
CERT_EXTENSION	ms937651	ms884404
CERT_ID	ms937671	ms884405
CERT_INFO	ms937672	ms884406
CERT_ISSUER_SERIAL_NUMBER	ms937675	ms884407
CERT_KEYGEN_REQUEST_INFO	ms937678	ms884408
CERT_KEY_ATTRIBUTES_INFO	ms937676	ms884409
CERT_KEY_CONTEXT	ms937677	ms884410
CERT_KEY_USAGE_RESTRICTION_INFO	ms937679	ms884411
CERT_NAME_INFO	ms937680	ms884412
CERT_POLICIES_INFO	ms937685	ms884413
CERT_POLICY_ID	ms937686	ms884414
CERT_POLICY_INFO	ms937687	ms884415
CERT_POLICY_QUALIFIER_INFO	ms937688	ms884416
CERT_PRIVATE_KEY_VALIDITY	ms937689	ms884417
CERT_PUBLIC_KEY_INFO	ms937690	ms884418
CERT_RDN	ms937691	ms884419
CERT_RDN_ATTR	ms937692	ms884420
CERT_REQUEST_INFO	ms937695	ms884421
CERT_SIGNED_CONTENT_INFO	ms937701	ms884422
CERT_SIMPLE_CHAIN	ms937702	ms884423
CERT_SYSTEM_STORE_INFO	ms937704	ms884424
CERT_SYSTEM_STORE_RELOCATE_PARA	ms937705	ms884425
CERT_TRUST_LIST_INFO	ms937706	ms884426
CERT_TRUST_STATUS	ms937707	ms884427
CERT_USAGE_MATCH	ms937708	ms884428
CETK NDIS Test Pass Criteria	aa448268	-
CEVALUNION (CEDB)	aa517283	-
CEVOLUMEOPTIONS (EDB)	aa516924	-
CE_FIND_DATA	aa513350	-
CE_NOTIFICATION_INFO_HEADER	ms908082	-
CE_NOTIFICATION_TRIGGER	ms908083	-
CE_REGISTRY_INFO	aa517289	-
CE_USER_NOTIFICATION	ms908106	-
CE_VOLUME_INFO	aa517292	-
CEnumMediaTypes Class	aa451490	-
CEnumMediaTypes::AddRef	aa451488	-
CEnumMediaTypes::CEnumMediaTypes	aa451489	-
CEnumMediaTypes::Clone	aa451491	-
CEnumMediaTypes::Next	aa451492	-
CEnumMediaTypes::QueryInterface	aa451493	-
CEnumMediaTypes::Release	aa451494	-
CEnumMediaTypes::Reset	aa451495	-
CEnumMediaTypes::Skip	aa451496	-
CEnumPins Class	aa451499	-
CEnumPins::AddRef	aa451497	-
CEnumPins::CEnumPins	aa451498	-
CEnumPins::Clone	aa451500	-
CEnumPins::Next	aa451501	-
CEnumPins::QueryInterface	aa451502	-
CEnumPins::Release	aa451503	-
CEnumPins::Reset	aa451504	-
CEnumPins::Skip	aa451505	-
CFF_CONVERTINFO	aa513851	-
CFF_CONVERTOPTIONS	aa513853	-
CFF_DESTINATIONFILE	aa513854	-
CFF_SOURCEFILE	aa513855	-
CFHookProc	ms908107	-
CFactoryTemplate Class	aa451506	-
CFactoryTemplate::CreateInstance	aa451507	-
CFactoryTemplate::IsClassID	aa451508	-
CGenericList Class	aa451514	-
CGenericList::AddAfter	aa451509	-
CGenericList::AddBefore	aa451510	-
CGenericList::AddHead	aa451511	-
CGenericList::AddTail	aa451512	-
CGenericList::CGenericList	aa451513	-
CGenericList::Find	aa451515	-
CGenericList::Get	aa451516	-
CGenericList::GetCount	aa451517	-
CGenericList::GetHead	aa451518	-
CGenericList::GetHeadPosition	aa451519	-
CGenericList::GetNext	aa451520	-
CGenericList::GetTailPosition	aa451521	-
CGenericList::Remove	aa451522	-
CGenericList::RemoveHead	aa451523	-
CGenericList::RemoveTail	aa451524	-
CGuidNameList Class	aa451525	-
CGuidNameList::operator []	aa451526	-
CHANNEL_DEF	aa513856	ms925144
CHANNEL_ENTRY_POINTS	aa513858	ms925145
CHANNEL_ENTRY_POINTS_EX	aa513861	-
CHANNEL_PDU_HEADER	aa513859	ms925146
CHARSETINFO	ms885163	-
CHDIR, CD	ms908110	ms879821
CHECK_INVALIDGUID	aa517295	ms923944
CHECK_SYSTEMGUID	aa517298	ms923945
CHOOSECOLOR (structure)	ms928580	-
CHOOSEFONT (structure)	ms928582	-
CImeCUICandWindow	ms904639	-
CImeCUICandWindow::CBottomInfoArea::CButton::AdjustRect	ms904640	-
CImeCUICandWindow::CBottomInfoArea::CButton::PaintBackground	ms904641	-
CImeCUICandWindow::CBottomInfoArea::CButton::PaintIcon	ms904642	-
CImeCUICandWindow::CBottomInfoArea::GetMargins	ms904643	-
CImeCUICandWindow::CBottomInfoArea::GetTextColor	ms904644	-
CImeCUICandWindow::CBottomInfoArea::IsAvailable	ms904645	-
CImeCUICandWindow::CBottomInfoArea::PaintBackground	ms904646	-
CImeCUICandWindow::CBottomInfoArea::UseCandMenuButton	ms904647	-
CImeCUICandWindow::CBottomInfoArea::UseCandNumText	ms904648	-
CImeCUICandWindow::CBottomInfoArea::UseSortButton	ms904649	-
CImeCUICandWindow::CCandListArea::GetMargins	ms904650	-
CImeCUICandWindow::CCandListArea::Item::CreateRenderingMetrics	ms904651	-
CImeCUICandWindow::CCandListArea::Item::FreeRenderingMetrics	ms904652	-
CImeCUICandWindow::CCandListArea::Item::GetSize	ms904653	-
CImeCUICandWindow::CCandListArea::Item::PaintBackground	ms904654	-
CImeCUICandWindow::CCandListArea::Item::PaintCandidateString	ms904655	-
CImeCUICandWindow::CCandListArea::Item::PaintInlineComment	ms904656	-
CImeCUICandWindow::CCandListArea::Item::SetSize	ms904657	-
CImeCUICandWindow::CCandListArea::PaintBackground	ms904658	-
CImeCUICandWindow::CCandListArea::ScrollBar::IsVisibleAlways	ms904659	-
CImeCUICandWindow::CNumButton::AdjustRect	ms904660	-
CImeCUICandWindow::CNumButton::PaintBackground	ms904661	-
CImeCUICandWindow::CNumButton::PaintIcon	ms904662	-
CImeCUICandWindow::CReadingsArea::CButton::AdjustRect	ms904663	-
CImeCUICandWindow::CReadingsArea::CButton::PaintBackground	ms904664	-
CImeCUICandWindow::CReadingsArea::CButton::PaintBitmap	ms904665	-
CImeCUICandWindow::CReadingsArea::CButton::PaintText	ms904667	-
CImeCUICandWindow::CReadingsArea::GetMargins	ms904668	-
CImeCUICandWindow::CReadingsArea::GetTextColor	ms904669	-
CImeCUICandWindow::CReadingsArea::IsAvailable	ms904670	-
CImeCUICandWindow::CReadingsArea::PaintBackground	ms904671	-
CImeCUICandWindow::GetHorizontalOffset	ms904672	-
CImeCUICandWindow::GetMargins	ms904673	-
CImeCUICandWindow::GetMaxHeight	ms904674	-
CImeCUICandWindow::GetMaxItems	ms904675	-
CImeCUICandWindow::GetWndStyle	ms904676	-
CImeCUICandWindow::GetWndStyleEx	ms904677	-
CImeCUICandWindow::IsHoverActionSupported	ms904678	-
CImeCUICandWindow::PaintBackground	ms904679	-
CImeCUICandWindow::UseNumButtons	ms904680	-
CImeCUIDefCompWindow	ms904681	-
CImeCUIDefCompWindow::CloseButton::AdjustRect	ms904682	-
CImeCUIDefCompWindow::CloseButton::GetSize	ms904683	-
CImeCUIDefCompWindow::CloseButton::PaintBackground	ms904684	-
CImeCUIDefCompWindow::CloseButton::PaintBitmap	ms904685	-
CImeCUIDefCompWindow::CompArea::GetMargins	ms904686	-
CImeCUIDefCompWindow::GetMargins	ms904687	-
CImeCUIDefCompWindow::GetTextColor	ms904688	-
CImeCUIDefCompWindow::GetWndStyle	ms904689	-
CImeCUIDefCompWindow::GetWndStyleEx	ms904690	-
CImeCUIDefCompWindow::IsHoverActionSupported	ms904691	-
CImeCUIDefCompWindow::PaintBackground	ms904692	-
CImeCUIDefCompWindow::PaintGripper	ms904693	-
CImeCUIToolBar	ms904694	-
CImeCUIToolBar::Button::AdjustRect	ms904695	-
CImeCUIToolBar::Button::GetSize	ms904698	-
CImeCUIToolBar::Button::PaintBackground	ms904699	-
CImeCUIToolBar::Button::PaintBitmap	ms904700	-
CImeCUIToolBar::Button::PaintIcon	ms904701	-
CImeCUIToolBar::ButtonArea::GetMargins	ms904696	-
CImeCUIToolBar::ButtonArea::GetSeparator	ms904697	-
CImeCUIToolBar::GetMargins	ms904702	-
CImeCUIToolBar::GetWndStyle	ms904703	-
CImeCUIToolBar::GetWndStyleEx	ms904704	-
CImeCUIToolBar::IsHoverActionSupported	ms904705	-
CImeCUIToolBar::OnOffButton::AdjustRect	ms904706	-
CImeCUIToolBar::OnOffButton::GetSize	ms904707	-
CImeCUIToolBar::OnOffButton::PaintBackground	ms904708	-
CImeCUIToolBar::OnOffButton::PaintBitmap	ms904709	-
CImeCUIToolBar::PaintBackground	ms904710	-
CImeCUIToolBar::PaintGripper	ms904711	-
CIsochronousPipe Class and CIsochTransfer Class Relationship	ms891069	-
CLIENT_CALLBACK	aa447667	-
CLIPOBJ_bEnum	aa447668	-
CLIPOBJ_cEnumStart	aa447669	-
CLS	ms928588	ms879822
CLSCTX	ms863882	ms886177
CLSID Key	ms862109	ms886195
CLSIDFromProgID	ms863883	ms886181
CLSIDFromString	ms863884	ms886190
CLoadDirectDraw Class	aa451533	-
CLoadDirectDraw::CLoadDirectDraw	aa451534	-
CLoadDirectDraw::GetDirectDraw	aa451535	-
CLoadDirectDraw::IsDirectDrawLoaded	aa451536	-
CLoadDirectDraw::IsDirectDrawVersion1	aa451537	-
CLoadDirectDraw::LoadDirectDraw	aa451538	-
CLoadDirectDraw::ReleaseDirectDraw	aa451539	-
CMSG_CMS_RECIPIENT_INFO	ms937712	-
CMSG_CMS_SIGNER_INFO	ms937713	-
CMSG_CTRL_ADD_SIGNER_UNAUTH_ATTR_PARA	ms937714	-
CMSG_CTRL_DECRYPT_PARA	ms937715	-
CMSG_CTRL_DEL_SIGNER_UNAUTH_ATTR_PARA	ms937716	-
CMSG_CTRL_KEY_AGREE_DECRYPT_PARA	ms937717	-
CMSG_CTRL_VERIFY_SIGNATURE_EX_PARA	ms937718	-
CMSG_ENVELOPED_ENCODE_INFO	ms938395	-
CMSG_HASHED_ENCODE_INFO	ms937719	-
CMSG_KEY_TRANS_RECIPIENT_INFO	ms938404	-
CMSG_MAIL_LIST_RECIPIENT_INFO	ms937720	-
CMSG_SIGNED_ENCODE_INFO	ms937721	-
CMSG_SIGNER_ENCODE_INFO	ms937722	-
CMSG_SIGNER_INFO	ms937723	-
CMSG_STREAM_INFO	ms937724	-
CMediaControl Class	aa451540	-
CMediaControl::CMediaControl	aa451541	-
CMediaControl::GetIDsOfNames	aa451542	-
CMediaControl::GetTypeInfo	aa451543	-
CMediaControl::GetTypeInfoCount	aa451544	-
CMediaControl::Invoke	aa451545	-
CMediaControl::NonDelegatingQueryInterface	aa451546	-
CMediaEvent Class	aa451547	-
CMediaEvent::CMediaEvent	aa451548	-
CMediaEvent::GetIDsOfNames	aa451549	-
CMediaEvent::GetTypeInfo	aa451550	-
CMediaEvent::GetTypeInfoCount	aa451551	-
CMediaEvent::Invoke	aa451552	-
CMediaEvent::NonDelegatingQueryInterface	aa451553	-
CMediaPosition Class	aa451554	-
CMediaPosition::CMediaPosition	aa451556	-
CMediaPosition::GetIDsOfNames	aa451557	-
CMediaPosition::GetTypeInfo	aa451558	-
CMediaPosition::GetTypeInfoCount	aa451559	-
CMediaPosition::Invoke	aa451560	-
CMediaPosition::NonDelegatingQueryInterface	aa451561	-
CMediaSample Class	aa451563	-
CMediaSample::AddRef	aa451562	-
CMediaSample::CMediaSample	aa451564	-
CMediaSample::GetActualDataLength	aa451565	-
CMediaSample::GetMediaTime	aa451566	-
CMediaSample::GetMediaType	ms926607	-
CMediaSample::GetPointer	ms926682	-
CMediaSample::GetSize	ms926690	-
CMediaSample::GetTime	ms926691	-
CMediaSample::IsDiscontinuity	ms926692	-
CMediaSample::IsPreroll	ms926693	-
CMediaSample::IsSyncPoint	ms926694	-
CMediaSample::NonDelegatingQueryInterface	ms926695	-
CMediaSample::QueryInterface	ms926696	-
CMediaSample::Release	ms926697	-
CMediaSample::SetActualDataLength	ms926698	-
CMediaSample::SetDiscontinuity	ms926699	-
CMediaSample::SetMediaTime	ms926700	-
CMediaSample::SetMediaType	ms926701	-
CMediaSample::SetPointer	ms926702	-
CMediaSample::SetPreroll	ms926703	-
CMediaSample::SetSyncPoint	ms926704	-
CMediaSample::SetTime	ms926705	-
CMediaType Class	ms926708	-
CMediaType::AllocFormatBuffer	ms926706	-
CMediaType::CMediaType	ms926709	-
CMediaType::Format	ms926710	-
CMediaType::FormatLength	ms926711	-
CMediaType::FormatType	ms926712	-
CMediaType::GetSampleSize	ms926713	-
CMediaType::InitMediaType	ms926714	-
CMediaType::IsFixedSize	ms926715	-
CMediaType::IsPartiallySpecified	ms926716	-
CMediaType::IsTemporalCompressed	ms926717	-
CMediaType::IsValid	ms926718	-
CMediaType::MatchesPartial	ms926719	-
CMediaType::ReallocFormatBuffer	ms926723	-
CMediaType::ResetFormatBuffer	ms926724	-
CMediaType::SetFormat	ms926725	-
CMediaType::SetFormatType	ms926726	-
CMediaType::SetSampleSize	ms926727	-
CMediaType::SetSubtype	ms926728	-
CMediaType::SetTemporalCompression	ms926729	-
CMediaType::SetType	ms926730	-
CMediaType::SetVariableSize	ms926731	-
CMediaType::Subtype	ms926732	-
CMediaType::Type	ms926733	-
CMediaType::operator !=	ms926722	-
CMediaType::operator =	ms926720	-
CMediaType::operator ==	ms926721	-
CMemAllocator Class	ms926735	-
CMemAllocator::Alloc	ms926734	-
CMemAllocator::CMemAllocator	ms926736	-
CMemAllocator::CreateInstance	ms926737	-
CMemAllocator::Free	ms926738	-
CMemAllocator::ReallyFree	ms926739	-
CMemAllocator::SetProperties	ms926740	-
CMsg Class	ms926741	-
CMsg::CMsg	ms926742	-
CMsgThread Class	ms926743	-
CMsgThread::CMsgThread	ms926744	-
CMsgThread::CreateThread	ms926745	-
CMsgThread::GetThreadHandle	ms926746	-
CMsgThread::GetThreadID	ms926747	-
CMsgThread::GetThreadMsg	ms926748	-
CMsgThread::GetThreadPriority	ms926749	-
CMsgThread::OnThreadInit	ms926750	-
CMsgThread::PutThreadMsg	ms926751	-
CMsgThread::ResumeThread	ms926752	-
CMsgThread::SetThreadPriority	ms926753	-
CMsgThread::SuspendThread	ms926754	-
CMsgThread::ThreadMessageProc	ms926755	-
CMsgThread::WaitForThreadExit	ms926756	-
COARefTime Class	ms926757	-
COARefTime::COARefTime	ms926758	-
COARefTime::Operator !=	ms926763	-
COARefTime::Operator &gt;	ms926765	-
COARefTime::Operator &gt;=	ms926766	-
COARefTime::Operator &lt;	ms926767	-
COARefTime::Operator &lt;=	ms926768	-
COARefTime::Operator *	ms926760	-
COARefTime::Operator +	ms926771	-
COARefTime::Operator +=	ms926772	-
COARefTime::Operator -	ms926769	-
COARefTime::Operator -=	ms926770	-
COARefTime::Operator /	ms926764	-
COARefTime::Operator =	ms926761	-
COARefTime::Operator ==	ms926762	-
COARefTime::double	ms926759	-
COAUTHIDENTITY	ms863886	ms886203
COAUTHINFO	ms863887	ms886208
COLORKEY	ms926774	-
COLORREF	ms928589	-
COLORS	ms926776	-
COM Access Control	ms862113	ms886076
COM Authentication	ms862115	ms886106
COM Functions	aa513621	-
COM Interfaces	aa513722	-
COM OEM Registry Settings	ms862117	ms890806
COM Reference Count Semantics for Surfaces/Reference Counts for Complex Surfaces	ms924594	-
COM Reference Count Semantics for Surfaces/Releasing Surfaces	ms924598	-
COM Reference Count Semantics for Surfaces/When Reference Counts will Change	ms925258	-
COM Structures and Enumerations	aa513724	-
COM Supported APIs	ms862121	ms885890
COM Threads and Processes	ms862714	-
COM and DCOM Migration	ms862116	-
COM and DCOM OS Design Development	ms862118	-
COM-Based Notification	ms861215	-
COMBOBOXINFO	ms928818	-
COMMANDBANDSRESTOREINFO	ms908125	-
COMMPROP	ms885170	-
COMMTIMEOUTS	ms885171	-
COMPOSITIONFORM	ms904714	ms919118
COMPOSITIONSTR	ms904715	ms919125
COMSTAT	ms885173	-
COM_Close	aa447675	-
COM_Deinit	aa447676	-
COM_IOControl	aa447678	-
COM_Init	aa447677	-
COM_Open	aa447679	-
COM_PowerDown	aa447680	-
COM_PowerUp	aa447681	-
COM_Read	aa447682	-
COM_Write	aa447683	-
CONFIG_DATA_	ms909304	-
CONFINFO	aa513863	-
CONNECTDATA	ms863928	ms886466
CONNECTDLGSTRUCT	ms887910	ms925115
CONTAINING_RECORD	aa447688	-
CONTEXT	ms885174	-
CONTROLINFO	ms864020	ms886467
COPY (Command Processor)	ms908150	-
COSERVERINFO	ms864158	ms886935
COutputQueue	ms926790	-
COutputQueue Class	ms926789	-
COutputQueue::BeginFlush	ms926788	-
COutputQueue::EOS	ms907059	-
COutputQueue::EndFlush	ms907055	-
COutputQueue::FreeSamples	ms907069	-
COutputQueue::InitialThreadProc	ms927025	-
COutputQueue::IsIdle	ms927029	-
COutputQueue::IsQueued	ms927035	-
COutputQueue::IsSpecialSample	ms927040	-
COutputQueue::NewSegment	ms927045	-
COutputQueue::NotifyThread	ms927050	-
COutputQueue::QueueSample	ms927056	-
COutputQueue::Receive	ms927066	-
COutputQueue::ReceiveMultiple	ms927072	-
COutputQueue::Reset	ms927080	-
COutputQueue::SendAnyway	ms927084	-
COutputQueue::ThreadProc	ms927088	-
CPAcquireContext	ms937726	ms884429
CPINFO	ms904717	ms919141
CPLINFO	ms908158	-
CPL_DBLCLK	ms908155	-
CPL_EXIT	ms908156	-
CPL_GETCOUNT	ms908157	-
CPL_INIT	ms908159	-
CPL_NEWINQUIRE	ms908160	-
CPL_STOP	ms908161	-
CPersistStream Class	ms927092	-
CPersistStream::CPersistStream	ms927096	-
CPersistStream::GetClassID	ms927100	-
CPersistStream::GetSizeMax	ms927104	-
CPersistStream::GetSoftwareVersion	ms927107	-
CPersistStream::IsDirty	ms927112	-
CPersistStream::Load	ms927116	-
CPersistStream::ReadFromStream	ms927120	-
CPersistStream::Save	ms927124	-
CPersistStream::SetDirty	ms927128	-
CPersistStream::SizeMax	ms927132	-
CPersistStream::WriteToStream	ms927137	-
CPlApplet	ms908154	-
CPosPassThru Class	ms927155	-
CPosPassThru Helper Function	ms927260	-
CPosPassThru::CPosPassThru	ms927167	-
CPosPassThru::CanSeekBackward	ms927143	-
CPosPassThru::CanSeekForward	ms927146	-
CPosPassThru::CheckCapabilities	ms927150	-
CPosPassThru::ConvertTimeFormat	ms927159	-
CPosPassThru::ForceRefresh	ms927174	-
CPosPassThru::GetAvailable	ms927181	-
CPosPassThru::GetCapabilities	ms927186	-
CPosPassThru::GetCurrentPosition	ms927192	-
CPosPassThru::GetDuration	ms927197	-
CPosPassThru::GetMediaTime	ms927201	-
CPosPassThru::GetPositions	ms927209	-
CPosPassThru::GetPreroll	ms927214	-
CPosPassThru::GetRate	ms927224	-
CPosPassThru::GetStopPosition	ms927229	-
CPosPassThru::GetTimeFormat	ms927236	-
CPosPassThru::IsFormatSupported	ms927266	-
CPosPassThru::IsUsingTimeFormat	ms927271	-
CPosPassThru::NonDelegatingQueryInterface	ms927277	-
CPosPassThru::QueryPreferredFormat	ms907116	-
CPosPassThru::SetPositions	ms907124	-
CPosPassThru::SetRate	ms907132	-
CPosPassThru::SetTimeFormat	ms907138	-
CPosPassThru::get_CurrentPosition	ms927239	-
CPosPassThru::get_Duration	ms927249	-
CPosPassThru::get_PrerollTime	ms927219	-
CPosPassThru::get_Rate	ms927254	-
CPosPassThru::get_StopTime	ms927232	-
CPosPassThru::put_CurrentPosition	ms907082	-
CPosPassThru::put_PrerollTime	ms907092	-
CPosPassThru::put_Rate	ms907099	-
CPosPassThru::put_StopTime	ms907109	-
CPullPin Class	ms907177	-
CPullPin::Active	ms907144	-
CPullPin::AlignDown	ms907151	-
CPullPin::AlignUp	ms907161	-
CPullPin::BeginFlush	ms907169	-
CPullPin::CPullPin	ms907194	-
CPullPin::Connect	ms907185	-
CPullPin::DecideAllocator	ms907200	-
CPullPin::Disconnect	ms907206	-
CPullPin::Duration	ms907211	-
CPullPin::EndFlush	ms907217	-
CPullPin::EndOfStream	ms907220	-
CPullPin::GetReader	ms907232	-
CPullPin::Inactive	ms907238	-
CPullPin::OnError	ms907244	-
CPullPin::Receive	ms907252	-
CPullPin::Seek	ms907260	-
CQueue Class	ms907266	-
CQueue::CQueue	ms907269	-
CQueue::GetQueueObject	ms907271	-
CQueue::PutQueueObject	ms907273	-
CQueuePipe Class and CTransfer Class Relationship	aa447435	-
CREATESTRUCT	ms908189	-
CREATE_INVALIDGUID	aa517332	ms923952
CREATE_PROCESS_DEBUG_INFO	ms885183	-
CREATE_SYSTEMGUID	aa517336	ms923953
CREATE_THREAD_DEBUG_INFO	ms885187	-
CRED	ms936976	-
CREDENTIAL	ms937728	-
CRYPT Error Codes	aa451026	-
CRYPTOAPI_BLOB	ms938286	-
CRYPT_ALGORITHM_IDENTIFIER	ms937734	ms884636
CRYPT_ATTRIBUTE	ms937735	ms884637
CRYPT_ATTRIBUTES	ms938388	-
CRYPT_BIT_BLOB	ms937736	ms884638
CRYPT_ENCODE_PARA	ms937748	ms884639
CRYPT_KEY_PROV_INFO	ms938212	ms884640
CRYPT_KEY_PROV_PARAM	ms938221	ms884641
CRYPT_OID_FUNC_ENTRY	ms938293	ms884642
CRYPT_OID_INFO	ms938300	ms884643
CRefTime Class	ms907283	-
CRefTime::CRefTime	ms907290	-
CRefTime::GetUnits	ms907295	-
CRefTime::Millisecs	ms907303	-
CRefTime::operator (REFERENCE_TIME)	ms927485	-
CRefTime::operator +=	ms907321	-
CRefTime::operator -=	ms927278	-
CRefTime::operator =	ms907310	-
CRendererInputPin Class	ms927517	-
CRendererInputPin::Active	ms927491	-
CRendererInputPin::Allocator	ms927495	-
CRendererInputPin::BeginFlush	ms927500	-
CRendererInputPin::BreakConnect	ms927504	-
CRendererInputPin::CRendererInputPin	ms938749	-
CRendererInputPin::CheckMediaType	ms927513	-
CRendererInputPin::CompleteConnect	ms938724	-
CRendererInputPin::EndFlush	ms938807	-
CRendererInputPin::EndOfStream	ms938813	-
CRendererInputPin::Inactive	ms938820	-
CRendererInputPin::QueryId	ms938821	-
CRendererInputPin::Receive	ms938822	-
CRendererInputPin::SetMediaType	ms938823	-
CRendererPosPassThru Class	ms938824	-
CRendererPosPassThru::CRendererPosPassThru	ms938825	-
CRendererPosPassThru::GetMediaTime	ms938826	-
CRendererPosPassThru::RegisterMediaTime	ms938828	-
CRendererPosPassThru::ResetMediaTime	ms938829	-
CSADDR_INFO	ms887919	ms910260
CSIDL reference (checked valueless; grounds the held analysis of the 9 CSIDLs without CE-published values)	https://learn.microsoft.com/en-us/windows/win32/shell/csidl	-
CSP Functions	ms925904	ms906570
CS_SocketCallback	aa447694	-
CSource Class	ms938833	-
CSource::AddPin	ms938832	-
CSource::CSource	ms938834	-
CSource::FindPinNumber	ms938835	-
CSource::GetPin	ms938836	-
CSource::GetPinCount	ms938837	-
CSource::RemovePin	ms938853	-
CSource::pStateLock	ms938852	-
CSourcePosition Class	ms938841	-
CSourcePosition::CSourcePosition	ms938842	-
CSourcePosition::ChangeRate	ms938838	-
CSourcePosition::ChangeStart	ms938839	-
CSourcePosition::ChangeStop	ms938840	-
CSourcePosition::get_CurrentPosition	ms938843	-
CSourcePosition::get_Duration	ms938844	-
CSourcePosition::get_PrerollTime	ms938845	-
CSourcePosition::get_Rate	ms938846	-
CSourcePosition::get_StopTime	ms938847	-
CSourcePosition::put_CurrentPosition	ms938848	-
CSourcePosition::put_PrerollTime	ms938849	-
CSourcePosition::put_Rate	ms938850	-
CSourcePosition::put_StopTime	ms938851	-
CSourceSeeking Class	ms938858	-
CSourceSeeking::CSourceSeeking	ms938860	-
CSourceSeeking::ChangeRate	ms938854	-
CSourceSeeking::ChangeStart	ms938855	-
CSourceSeeking::ChangeStop	ms938856	-
CSourceSeeking::CheckCapabilities	ms938857	-
CSourceSeeking::ConvertTimeFormat	ms938859	-
CSourceSeeking::GetAvailable	ms938861	-
CSourceSeeking::GetCapabilities	ms938862	-
CSourceSeeking::GetCurrentPosition	ms938863	-
CSourceSeeking::GetDuration	ms938864	-
CSourceSeeking::GetPositions	ms938865	-
CSourceSeeking::GetPreroll	ms938866	-
CSourceSeeking::GetRate	ms938867	-
CSourceSeeking::GetStopPosition	ms938868	-
CSourceSeeking::GetTimeFormat	ms938869	-
CSourceSeeking::IsFormatSupported	ms938870	-
CSourceSeeking::IsUsingTimeFormat	ms938871	-
CSourceSeeking::NonDelegatingQueryInterface	ms938872	-
CSourceSeeking::QueryPreferredFormat	ms938873	-
CSourceSeeking::SetPositions	ms938874	-
CSourceSeeking::SetRate	ms938875	-
CSourceSeeking::SetTimeFormat	ms938876	-
CSourceStream Class	ms938890	-
CSourceStream::Active	ms938877	-
CSourceStream::CSourceStream	ms938891	-
CSourceStream::CheckMediaType	ms938878	-
CSourceStream::CheckRequest	ms938879	-
CSourceStream::DoBufferProcessingLoop	ms938892	-
CSourceStream::Exit	ms938893	-
CSourceStream::FillBuffer	ms938894	-
CSourceStream::GetMediaType	ms938895	-
CSourceStream::GetRequest	ms938896	-
CSourceStream::Inactive	ms938897	-
CSourceStream::Init	ms938898	-
CSourceStream::OnThreadCreate	ms938899	-
CSourceStream::OnThreadDestroy	ms938900	-
CSourceStream::OnThreadStartPlay	ms938901	-
CSourceStream::Pause	ms938902	-
CSourceStream::Run	ms938903	-
CSourceStream::Stop	ms938904	-
CSourceStream::ThreadProc	ms938905	-
CSystemClock Class	ms938906	-
CSystemClock::CSystemClock	ms938908	-
CSystemClock::CreateInstance	ms938907	-
CSystemClock::GetClassID	ms938909	-
CSystemClock::NonDelegatingQueryInterface	ms938910	-
CTL_USAGE	ms938410	ms884644
CTransInPlaceFilter Class	ms939085	-
CTransInPlaceFilter::CTransInPlaceFilter	ms939088	-
CTransInPlaceFilter::CheckTransform	ms939084	-
CTransInPlaceFilter::CompleteConnect	ms939086	-
CTransInPlaceFilter::Copy	ms939087	-
CTransInPlaceFilter::DecideBufferSize	ms939089	-
CTransInPlaceFilter::GetMediaType	ms939090	-
CTransInPlaceFilter::GetPin	ms939091	-
CTransInPlaceFilter::InputPin	ms939092	-
CTransInPlaceFilter::OutputPin	ms939093	-
CTransInPlaceFilter::Receive	ms939094	-
CTransInPlaceFilter::RegisterPerfId	ms939095	-
CTransInPlaceFilter::Transform	ms939096	-
CTransInPlaceInputPin Class	ms939098	-
CTransInPlaceInputPin::CTransInPlaceInputPin	ms939099	-
CTransInPlaceInputPin::CheckMediaType	ms939097	-
CTransInPlaceInputPin::EnumMediaTypes	ms939100	-
CTransInPlaceInputPin::GetAllocator	ms939101	-
CTransInPlaceInputPin::GetAllocatorRequirements	ms939102	-
CTransInPlaceInputPin::NotifyAllocator	ms939103	-
CTransInPlaceInputPin::PeekAllocator	ms939104	-
CTransInPlaceInputPin::ReadOnly	ms939105	-
CTransInPlaceOutputPin Class	ms939107	-
CTransInPlaceOutputPin::CTransInPlaceOutputPin	ms939109	-
CTransInPlaceOutputPin::CheckMediaType	ms939106	-
CTransInPlaceOutputPin::ConnectedIMemInputPin	ms939108	-
CTransInPlaceOutputPin::DecideAllocator	ms939110	-
CTransInPlaceOutputPin::EnumMediaTypes	ms939112	-
CTransInPlaceOutputPin::PeekAllocator	ms939113	-
CTransInPlaceOutputPin::ReceiveAllocator	ms939114	-
CTransformFilter Class	ms938917	-
CTransformFilter::AlterQuality	ms938911	-
CTransformFilter::BeginFlush	ms938912	-
CTransformFilter::BreakConnect	ms938913	-
CTransformFilter::CTransformFilter	ms938919	-
CTransformFilter::CheckConnect	ms938914	-
CTransformFilter::CheckInputType	ms938915	-
CTransformFilter::CheckTransform	ms938916	-
CTransformFilter::CompleteConnect	ms938918	-
CTransformFilter::DecideBufferSize	ms938920	-
CTransformFilter::EndFlush	ms938921	-
CTransformFilter::EndOfStream	ms938922	-
CTransformFilter::FindPin	ms938923	-
CTransformFilter::GetMediaType	ms938924	-
CTransformFilter::GetPin	ms938925	-
CTransformFilter::GetPinCount	ms938926	-
CTransformFilter::NewSegment	ms939037	-
CTransformFilter::Pause	ms939039	-
CTransformFilter::Receive	ms939048	-
CTransformFilter::RegisterPerfId	ms939049	-
CTransformFilter::SetMediaType	ms939050	-
CTransformFilter::StartStreaming	ms939051	-
CTransformFilter::Stop	ms939052	-
CTransformFilter::StopStreaming	ms939053	-
CTransformFilter::Transform	ms939054	-
CTransformInputPin Class	ms939061	-
CTransformInputPin::BeginFlush	ms939055	-
CTransformInputPin::BreakConnect	ms939057	-
CTransformInputPin::CTransformInputPin	ms939063	-
CTransformInputPin::CheckConnect	ms939058	-
CTransformInputPin::CheckMediaType	ms939059	-
CTransformInputPin::CheckStreaming	ms939060	-
CTransformInputPin::CompleteConnect	ms939062	-
CTransformInputPin::CurrentMediaType	ms939064	-
CTransformInputPin::EndFlush	ms939065	-
CTransformInputPin::EndOfStream	ms939066	-
CTransformInputPin::NewSegment	ms939067	-
CTransformInputPin::QueryId	ms939068	-
CTransformInputPin::Receive	ms939069	-
CTransformInputPin::SetMediaType	ms939070	-
CTransformOutputPin Class	ms939074	-
CTransformOutputPin::BreakConnect	ms939071	-
CTransformOutputPin::CTransformOutputPin	ms939076	-
CTransformOutputPin::CheckConnect	ms939072	-
CTransformOutputPin::CheckMediaType	ms939073	-
CTransformOutputPin::CompleteConnect	ms939075	-
CTransformOutputPin::CurrentMediaType	ms939077	-
CTransformOutputPin::DecideBufferSize	ms939078	-
CTransformOutputPin::GetMediaType	ms939079	-
CTransformOutputPin::NonDelegatingQueryInterface	ms939080	-
CTransformOutputPin::Notify	ms939081	-
CTransformOutputPin::QueryId	ms939082	-
CTransformOutputPin::SetMediaType	ms939083	-
CURRENCY	ms864404	ms886958
CURRENCYFMT	ms904720	ms919168
CUSTDATA	ms864406	ms886959
CUSTDATAITEM	ms864407	ms886960
CUnknown Class	ms939115	-
CUnknown::CUnknown	ms939116	-
CUnknown::GetOwner	ms939117	-
CUnknown::NonDelegatingAddRef	ms939118	-
CUnknown::NonDelegatingQueryInterface	ms939119	-
CUnknown::NonDelegatingRelease	ms939120	-
CVideoTransformFilter Class	ms939125	-
CVideoTransformFilter::AlterQuality	ms939124	-
CVideoTransformFilter::CVideoTransformFilter	ms939126	-
CVideoTransformFilter::EndFlush	ms939127	-
CVideoTransformFilter::Receive	ms939128	-
CVideoTransformFilter::RegisterPerfId	ms939129	-
CVideoTransformFilter::ShouldSkipFrame	ms939130	-
CVideoTransformFilter::StartStreaming	ms939131	-
CVoIPApp	aa525616	-
CVoIPDesktop	aa525617	-
CVoIPDesktopManager	aa525618	-
CVoIPMainDialog	aa525619	-
CVoIPStateMgr	aa525620	-
Cache Manager	ms885270	-
Cache Manager Functions	aa516978	-
Cache Manager Reference	ms892383	-
CacheIoControl	aa516977	-
CachedRead	aa516975	-
CachedWrite	aa516976	-
Caching with Uniscribe	ms903746	-
CalibrateStallCounter	aa448302	-
CallWindowProc	aa452919	-
Callback Registration	ms880977	ms938932
Calling a Method With No Arguments	ms862102	ms886169
Camera Space Transformation	aa451225	-
CanCreateVideoPort	ms896156	-
Cancel Method	ms862103	-
CapEdit Controls Messages	aa452921	-
CapEdit Controls Reference	aa452922	-
CaptureDumpFileOnDevice	ms939622	-
Capturing Video to a File/Capturing Video to a Windows Media File	ms940051	-
Capturing Video to a File/Capturing to Multiple Files	ms940049	-
Capturing Video to a File/Combining Video Capture and Preview	ms940052	-
Capturing Video to a File/Custom File Formats	ms940058	-
Card Information Structures	ms891038	-
Card Specific Properties	ms925738	ms906567
CardAccessConfigurationRegister	ms896157	-
CardDeregisterClient	ms896161	-
CardGetEventMask	ms896165	-
CardGetFirstTuple	ms896166	-
CardGetNextTuple	ms896167	-
CardGetParsedTuple	ms896168	-
CardGetStatus	ms896169	-
CardGetTupleData	ms896170	-
CardMapWindow	ms896172	-
CardMapWindowPhysical	ms896173	-
CardModifyConfiguration	ms896174	-
CardModifyWindow	aa447629	-
CardPowerOff	aa447630	-
CardPowerOn	aa447631	-
CardRegisterClient	aa447632	-
CardReleaseConfiguration	aa447634	-
CardReleaseExclusive	aa447635	-
CardReleaseIRQ	aa447636	-
CardReleaseSocketMask	aa447637	-
CardReleaseWindow	aa447638	-
CardRequestConfigRegisterPhAddr	aa447639	-
CardRequestConfiguration	aa447640	-
CardRequestDisable	aa447641	-
CardRequestExclusive	aa447642	-
CardRequestIRQ	aa447643	-
CardRequestIRQLine	aa447644	-
CardRequestSocketMask	aa447645	-
CardRequestWindow	aa447646	-
CardResetFunction	aa447647	-
CardSetEventMask	aa447648	-
CeAddDatabaseProps (EDB)	aa516979	-
CeBeginTransaction (EDB)	aa516980	-
CeChangeDatabaseLCID (CEDB)	aa516982	-
CeChangeDatabaseLCID (EDB)	aa516983	-
CeCheckPassword (RAPI)	aa513323	-
CeClearReplChangeBitsEx	aa516984	-
CeClearUserNotification	ms908074	-
CeCloseHandle (RAPI)	aa513324	-
CeCopyFile (RAPI)	aa513325	-
CeCreateDatabase (CEDB)	aa516985	-
CeCreateDatabase (RAPI)	aa513327	-
CeCreateDatabaseEx (CEDB)	aa516986	-
CeCreateDatabaseEx (RAPI)	aa513326	-
CeCreateDatabaseEx2 (CEDB)	aa516987	-
CeCreateDatabaseEx2 (EDB)	aa516988	-
CeCreateDatabaseWithProps (EDB)	aa516989	-
CeCreateDirectory (RAPI)	aa513328	-
CeCreateFile (RAPI)	aa513329	-
CeCreateProcess (RAPI)	aa513340	-
CeCreateSession (EDB)	aa516990	-
CeCredFree	ms937729	-
CeCredRead	ms937730	-
CeCredWrite	ms937731	-
CeDeleteDatabase (CEDB)	aa516994	-
CeDeleteDatabase (EDB)	aa516995	-
CeDeleteDatabase (RAPI)	aa513343	-
CeDeleteDatabaseEx (CEDB)	aa516996	-
CeDeleteDatabaseEx (RAPI)	aa513342	-
CeDeleteFile (RAPI)	aa513344	-
CeDeleteRecord (CEDB)	aa516997	-
CeDeleteRecord (EDB)	aa516998	-
CeDeleteRecord (RAPI)	aa513345	-
CeEndTransaction (EDB)	aa517002	-
CeEnumDBVolumes (CEDB)	aa517003	-
CeEnumDBVolumes (EDB)	aa517004	-
CeEnumDBVolumes (RAPI)	aa513346	-
CeFindAllDatabases (RAPI)	aa513347	-
CeFindAllFiles (RAPI)	aa513348	-
CeFindClose (RAPI)	aa513349	-
CeFindCloseRegChange	aa517103	-
CeFindFirstDatabase (CEDB)	aa517106	-
CeFindFirstDatabase (RAPI)	aa513352	-
CeFindFirstDatabaseEx (CEDB)	aa517109	-
CeFindFirstDatabaseEx (EDB)	aa517114	-
CeFindFirstDatabaseEx (RAPI)	aa513351	-
CeFindFirstFile (RAPI)	aa513353	-
CeFindFirstRegChange	aa517116	-
CeFindNextDatabase (CEDB)	aa517118	-
CeFindNextDatabase (RAPI)	aa513355	-
CeFindNextDatabaseEx (CEDB)	aa517120	-
CeFindNextDatabaseEx (EDB)	aa517122	-
CeFindNextDatabaseEx (RAPI)	aa513354	-
CeFindNextFile (RAPI)	aa513356	-
CeFindNextRegChange	aa517123	-
CeFlushDBVol (CEDB)	aa517128	-
CeFlushDBVol (EDB)	aa517130	-
CeFreeNotification (CEDB)	aa517132	-
CeFreeNotification (EDB)	aa517135	-
CeFsIoControl	aa517137	-
CeGenRandom	aa517140	ms884390
CeGetCallerTrust	aa450792	-
CeGetCanonicalPathName	aa517144	-
CeGetClassName (RAPI)	aa513357	-
CeGetDBInformationByHandle (CEDB)	aa517152	-
CeGetDBInformationByHandle (EDB)	aa517155	-
CeGetDatabaseProps (EDB)	aa517146	-
CeGetDatabaseSession (EDB)	aa517147	-
CeGetDesktopDeviceCaps (RAPI)	aa513358	-
CeGetDevMgmtPackageList	ms894998	ms898341
CeGetDeviceId	ms861107	-
CeGetFileAttributes (RAPI)	aa513359	-
CeGetFileNotificationInfo	aa517158	ms923919
CeGetFileSize (RAPI)	aa513360	-
CeGetFileTime (RAPI)	aa513361	-
CeGetLastError (RAPI)	aa513362	-
CeGetReplChangeBitsEx	aa517163	-
CeGetReplChangeMask	aa517168	-
CeGetReplOtherBitsEx	aa517172	-
CeGetSelectedDeviceId	aa513363	-
CeGetSpecialFolderPath (RAPI)	aa513364	-
CeGetStoreInformation (RAPI)	aa513365	-
CeGetSystemInfo (RAPI)	aa513366	-
CeGetSystemMetrics (RAPI)	aa513367	-
CeGetSystemPowerStatusEx (RAPI)	aa513368	-
CeGetTempPath (RAPI)	aa513369	-
CeGetThreadPriority	aa450795	-
CeGetThreadQuantum	aa450796	-
CeGetUserNotification	ms908076	-
CeGetUserNotificationHandles	ms908077	-
CeGetUserNotificationPreferences	ms908078	-
CeGetVersionEx (RAPI)	aa513370	-
CeGetVolumeInfo	aa517175	-
CeGetWindow (RAPI)	aa513372	-
CeGetWindowLong (RAPI)	aa513371	-
CeGetWindowText (RAPI)	aa513373	-
CeGlobalMemoryStatus (RAPI)	aa513374	-
CeHandleAppNotifications	ms908079	-
CeHeapCreate	aa450797	-
CeLog Event Identifiers	aa450677	-
CeLog Event Tracking Functions	aa450679	-
CeLog Event Tracking Macros	aa451019	-
CeLog Event Tracking Structures	aa450698	-
CeLog Pre-Defined Data Types	aa451021	-
CeLog Zones	aa450700	-
CeLogData	aa450823	-
CeLogGetZones	aa450824	-
CeLogInterrupt	aa451043	ms905278
CeLogMsg	aa450825	-
CeLogQueryZones	aa450826	ms902077
CeLogReSync	aa450827	-
CeLogSetZones	aa450828	-
CeMountDBVol (CEDB)	aa517177	-
CeMountDBVol (EDB)	aa517180	-
CeMountDBVol (RAPI)	aa513375	-
CeMountDBVolEx (EDB)	aa517182	-
CeMoveFile (RAPI)	aa513376	-
CeOidGetInfo (CEDB)	aa517194	-
CeOidGetInfo (RAPI)	aa513378	-
CeOidGetInfoEx (CEDB)	aa517197	-
CeOidGetInfoEx (RAPI)	aa513377	-
CeOidGetInfoEx2 (CEDB)	aa517198	-
CeOidGetInfoEx2 (EDB)	aa517204	-
CeOpenDatabase (CEDB)	aa517213	-
CeOpenDatabase (RAPI)	aa513380	-
CeOpenDatabaseEx (CEDB)	aa517216	-
CeOpenDatabaseEx (RAPI)	aa513379	-
CeOpenDatabaseEx2 (CEDB)	aa517218	-
CeOpenDatabaseInSession (EDB)	aa517220	-
CeOpenStream (EDB)	aa517223	-
CePimCommand	ms863874	-
CeQueryInstructionSet (RAPI)	ms879800	-
CeRapiFreeBuffer	aa513382	-
CeRapiGetError	aa513383	-
CeRapiInit	aa513384	-
CeRapiInitEx	aa513385	-
CeRapiInvoke	aa513386	-
CeRapiUninit	aa513387	-
CeReadFile (RAPI)	aa513388	-
CeReadRecordProps (CEDB)	aa517229	-
CeReadRecordProps (EDB)	aa517232	-
CeReadRecordProps (RAPI)	aa513390	-
CeReadRecordPropsEx (CEDB)	aa517235	-
CeReadRecordPropsEx (EDB)	aa517236	-
CeReadRecordPropsEx (RAPI)	aa513389	-
CeRegCloseKey (RAPI)	aa513391	-
CeRegCreateKeyEx (RAPI)	aa513392	-
CeRegDeleteKey (RAPI)	aa513393	-
CeRegDeleteValue (RAPI)	aa513394	-
CeRegEnumKeyEx (RAPI)	aa513395	-
CeRegEnumValue (RAPI)	aa513396	-
CeRegOpenKeyEx (RAPI)	aa513397	-
CeRegQueryInfoKey (RAPI)	aa513398	-
CeRegQueryValueEx (RAPI)	aa513399	-
CeRegSetValueEx (RAPI)	aa513400	-
CeRegisterReplNotification	aa517239	-
CeRemoveDatabaseProps (EDB)	aa517242	-
CeRemoveDirectory (RAPI)	aa513401	-
CeResyncFilesys	aa517244	ms923935
CeRunAppAtEvent	ms908102	-
CeRunAppAtTime	ms908103	-
CeSHCreateShortcut (RAPI)	aa513814	-
CeSHGetShortcutTarget (RAPI)	aa513816	-
CeSeekDatabase (CEDB)	aa517246	-
CeSeekDatabase (EDB)	aa517250	-
CeSeekDatabase (RAPI)	aa513402	-
CeSeekDatabaseEx (CEDB)	aa517251	-
CeSeekDatabaseEx (EDB)	aa517253	-
CeSetDatabaseInfo (CEDB)	aa517254	-
CeSetDatabaseInfo (EDB)	aa517256	-
CeSetDatabaseInfo (RAPI)	aa513404	-
CeSetDatabaseInfoEx (CEDB)	aa517258	-
CeSetDatabaseInfoEx (RAPI)	aa513403	-
CeSetDatabaseInfoEx2 (CEDB)	aa517259	-
CeSetDevMgmtTask	ms895003	ms898342
CeSetEndOfFile (RAPI)	aa513405	-
CeSetFileAttributes (RAPI)	aa513406	-
CeSetFilePointer (RAPI)	aa513810	-
CeSetFileTime (RAPI)	aa513813	-
CeSetReplChangeBitsEx	aa517262	-
CeSetReplChangeMask	aa517264	-
CeSetReplOtherBitsEx	aa517266	-
CeSetSessionOption (EDB)	aa517268	-
CeSetThreadPriority	ms885155	-
CeSetThreadQuantum	ms885156	-
CeSetUserNotification	ms908104	-
CeSetUserNotificationEx	ms908105	-
CeStartDevMgmtService	ms895004	ms898343
CeStreamRead (EDB)	aa517270	-
CeStreamSaveChanges (EDB)	aa517272	-
CeStreamSeek (EDB)	aa517274	-
CeStreamSetSize (EDB)	aa517275	-
CeStreamWrite (EDB)	aa517278	-
CeSvcAdd	aa513818	-
CeSvcClose	aa513819	-
CeSvcDelete	aa513820	-
CeSvcDeleteVal	aa513823	-
CeSvcEnumProfiles	aa513824	-
CeSvcGetBinary	aa513826	-
CeSvcGetDword	aa513828	-
CeSvcGetString	aa513830	-
CeSvcOpen	aa513833	-
CeSvcOpen Constant Enumeration	ms860950	-
CeSvcOpenEx	aa513836	-
CeSvcQueryInfo	aa513837	-
CeSvcRemove	aa513840	-
CeSvcSetBinary	aa513842	-
CeSvcSetDword	aa513844	-
CeSvcSetString	aa513845	-
CeUnmountDBVol (CEDB)	aa517280	-
CeUnmountDBVol (EDB)	aa517282	-
CeUnmountDBVol (RAPI)	aa513846	-
CeWriteFile (RAPI)	aa513847	-
CeWriteRecordProps (CEDB)	aa517285	-
CeWriteRecordProps (EDB)	aa517288	-
CeWriteRecordProps (RAPI)	aa513850	-
CeZeroPointer	ms885158	-
CertAddCertificateContextToStore	ms937018	ms883714
CertAddCertificateLinkToStore	ms937019	ms883718
CertAddEncodedCertificateToStore	ms937020	ms883723
CertAddEnhancedKeyUsageIdentifier	ms937021	ms883731
CertAddSerializedElementToStore	ms937022	ms883734
CertAlgIdToOID	ms937023	ms883739
CertCloseStore	ms937035	ms883742
CertCompareCertificate	ms937036	ms883747
CertCompareCertificateName	ms937037	ms883752
CertCompareIntegerBlob	ms937038	ms883756
CertComparePublicKeyInfo	ms937039	ms883760
CertControlStore	ms937042	ms883765
CertCreateCertificateContext	ms937043	ms883768
CertDeleteCertificateFromStore	ms937044	ms883774
CertDuplicateCertificateChain	ms937235	ms883782
CertDuplicateCertificateContext	ms937328	ms883785
CertDuplicateStore	ms937422	ms883789
CertEnumCertificateContextProperties	ms937534	ms883795
CertEnumCertificatesInStore	ms937636	ms883799
CertEnumPhysicalStore	aa452564	-
CertEnumSystemStore	ms937645	ms883804
CertEnumSystemStoreLocation	ms937650	ms883809
CertFindAttribute	ms937652	ms883813
CertFindCertificateInStore	ms937653	ms883817
CertFindExtension	ms937655	ms883822
CertFindRDNAttr	ms937657	ms883828
CertFreeCertificateChain	ms937658	ms883833
CertFreeCertificateContext	ms937659	ms883838
CertGetCertificateChain	ms937660	ms883844
CertGetCertificateContextProperty	ms937661	ms883848
CertGetEnhancedKeyUsage	ms937662	ms883853
CertGetIntendedKeyUsage	ms937663	ms883857
CertGetIssuerCertificateFromStore	ms937664	ms883861
CertGetNameString	ms937665	ms883865
CertGetPublicKeyLength	ms937667	ms883872
CertGetStoreProperty	ms937668	ms883875
CertGetSubjectCertificateFromStore	ms937670	ms883881
CertGetValidUsages	aa452565	-
CertIsRDNAttrsInCertificateName	ms937674	ms883884
CertNameToStr	ms937681	ms883889
CertOIDToAlgId	ms937682	ms883894
CertOpenStore	ms937683	ms883897
CertOpenSystemStore	ms937684	ms883902
CertRDNValueToStr	ms937693	ms883906
CertRemoveEnhancedKeyUsageIdentifier	ms937694	ms883910
CertSaveStore	ms937696	ms883915
CertSerializeCertificateStoreElement	ms937697	ms883918
CertSetCertificateContextProperty	ms937698	ms883923
CertSetEnhancedKeyUsage	ms937699	ms883927
CertSetStoreProperty	ms937700	ms883931
CertStrToName	ms937703	ms883934
CertVerifySubjectCertificateContext	ms937709	ms883939
CertVerifyTimeValidity	ms937710	ms883944
CertVerifyValidityNesting	ms937711	ms883950
Certificate Authentication	ms880984	-
Certificate Chains	ms925752	ms883505
Certificate Extended Properties	ms925757	ms883612
Certificate Links	ms925764	ms883632
Certificates	ms926458	-
Certificates Application Development	ms926459	-
Certificates Functions	ms936969	-
Certificates Migration	ms936970	-
Certificates OS Design Development	ms926460	-
Certificates Overview	ms925772	-
Certificates Reference	ms936971	-
Certificates Registry Settings	ms936972	-
Certificates Samples	ms936973	-
Certificates Security	ms936974	-
Certificates and CryptoAPI	ms925766	ms883645
Challenge-Handshake Authentication Protocol (CHAP)	ms880985	ms899187
ChangeDisplaySettingsEx	ms908108	-
Change_ACL	ms887907	-
Changing Depth Buffer Comparison Functions	aa451228	-
Changing Depth Buffer Write Access	aa451229	-
Changing Fonts and Colors	ms926120	-
Changing Fonts with the WebBrowser Control	aa451914	ms937762
Changing the Application Source Code to Support IPv6	ms899604	-
Changing the Default Gateway	ms880987	-
Changing the Edit Control Level	ms903756	-
Changing the Font Size for the Help System	ms901095	ms898194
Changing the Pitch and Playback Rate	aa451231	-
Changing the Properties of an Existing Route	ms880988	-
Changing the Skin Code for the Progress Bar	aa453947	-
Changing the TUI Time Zone	aa525601	-
Changing the Volume of Waveform Audio Playback	aa451232	-
CharLower	ms885159	-
CharLowerBuff	ms885160	-
CharNext	ms885161	-
CharPrev	ms885162	-
CharUpper	ms885164	-
CharUpperBuff	ms885165	-
Check Box Styles	ms928572	-
CheckCapabilities	ms911601	-
CheckDlgButton	ms928573	-
CheckMenuItem	ms928575	-
CheckMenuRadioItem	ms928576	-
CheckPassword	aa517297	-
CheckPointer	aa451530	-
CheckRadioButton	ms928577	-
Checkpoint Restart	ms894386	-
ChildWindowFromPoint	ms928578	-
Chinese (Simplified)	ms904348	-
Chinese (Simplified) OS Design Development	ms903762	-
Chinese (Simplified) Registry Settings	ms904630	-
Chinese (Simplified) Samples	ms906459	-
Chinese (Traditional)	ms904362	-
Chinese (Traditional) OS Design Development	ms906460	-
Chinese (Traditional) Registry Settings	ms904395	-
Chinese (Traditional) Samples	ms903773	-
Chinese Phonemes	ms862104	-
ChooseColor (function)	ms928579	-
ChooseFont (function)	ms928581	-
Choosing Between SAX and DOM	ms862105	-
Choosing a Receive Function	ms891051	-
Choosing a Send Function	ms891059	-
Clamp Texture Address Mode	aa451234	-
Class-Qualified Device Names	ms891075	-
Classless Interdomain Routing (CIDR) for IPv4	ms880989	-
Classless Interdomain Routing (CIDR) for IPv6	ms880990	-
ClearCommBreak	ms885166	-
ClearCommError	ms885167	-
ClearEudpContent	ms904712	-
ClearOrSetFeature	aa447665	-
ClearType	ms891084	-
Clearing Depth Buffers	aa451235	-
Clearing Surfaces	aa451236	-
Client Application Behind a NAT	aa525602	-
Client Driver Entry Points	ms891100	-
Client Driver Registration	ms891109	-
Client Settings	aa525603	-
Client Support	ms880992	-
Client and Server Error Handling	ms862106	-
Client-Side Configuration User Interface	ms880991	ms899196
Client-Side Data Flow	ms862107	-
ClientLocation Element (Location Request)	ms895006	ms898344
ClientProperty Property	ms863879	-
ClientSettings Element (Poll Response)	ms895008	ms898345
ClientToScreen	ms928584	-
Clipping	aa451238	-
Clipping in Direct3D Mobile Drivers	ms891126	-
Cloning the Commctrl Module	aa452828	-
CloseBusAccessHandle	aa447670	-
CloseClipboard	ms928586	-
CloseHandle	aa517300	ms923946
CloseMsgQueue	ms885168	-
CloseThemeData	aa452106	-
CloseToolhelp32Snapshot	ms885169	-
CloseTransferHandle	aa447672	-
Closing Connections	aa447431	-
Closing Sockets	ms880994	ms910142
Closing Waveform Audio Output Devices	aa451241	-
Closing a Connection	ms862108	ms919129
Closing a Registry Key	ms885301	-
CoAddRefServerProcess	ms863885	ms886201
CoBuildVersion	ms863889	ms886213
CoCopyProxy	ms863890	ms886216
CoCreateFreeThreadedMarshaler	ms863891	ms886221
CoCreateGuid	ms863892	ms886229
CoCreateInstance	ms863893	ms886232
CoCreateInstanceEx	ms863894	ms886235
CoDisconnectObject	ms863895	ms886239
CoFileTimeNow	ms863896	ms886243
CoFreeAllLibraries	ms863897	ms886248
CoFreeLibrary	ms863898	ms886250
CoFreeUnusedLibraries	ms863899	ms886254
CoFreeUnusedLibrariesEx	ms863900	-
CoGetCallContext	ms863901	ms886256
CoGetClassObject	ms863902	ms886259
CoGetClassObjectFromURL	aa452108	ms928767
CoGetCurrentProcess	ms863903	ms886262
CoGetInstanceFromFile	ms863904	ms886267
CoGetInstanceFromIStorage	ms863905	ms886271
CoGetInterfaceAndReleaseStream	ms863906	ms886275
CoGetMalloc	ms863907	ms886278
CoGetMarshalSizeMax	ms863908	ms886282
CoGetObject	ms863909	ms886284
CoGetPSClsid	ms863910	ms886289
CoGetStandardMarshal	ms863911	ms886292
CoGetTreatAsClass	ms863912	ms886297
CoImpersonateClient	ms863913	ms886299
CoInitialize	ms863914	ms886303
CoInitializeEx	ms863915	ms886306
CoInitializeSecurity	ms863916	ms886314
CoInternetCombineUrl	aa452109	ms928768
CoInternetGetProtocolFlags	aa452110	ms928723
CoInternetGetSecurityUrl	aa452113	ms928769
CoInternetGetSession	aa452114	ms928724
CoInternetParseUrl	aa452117	ms928770
CoInternetQueryInfo	aa452118	ms928771
CoIsHandlerConnected	ms863917	ms886324
CoIsOle1Class	ms863918	ms886335
CoLoadLibrary	ms863920	ms886346
CoLockObjectExternal	ms863921	ms886357
CoMarshalHresult	ms863922	ms886365
CoMarshalInterThreadInterfaceInStream	ms863924	ms886464
CoMarshalInterface	ms863923	ms886456
CoQueryAuthenticationServices	ms864027	ms886468
CoQueryClientBlanket	ms864032	ms886469
CoQueryProxyBlanket	ms864041	ms886470
CoRegisterClassObject	ms864053	ms886471
CoRegisterMallocSpy	ms864061	ms886472
CoRegisterMessageFilter	ms864067	ms886491
CoRegisterPSClsid	ms864076	ms886499
CoRegisterSurrogate	ms864084	ms886609
CoReleaseMarshalData	ms864093	ms886724
CoReleaseServerProcess	ms864104	ms886823
CoResumeClassObjects	ms864120	ms886929
CoRevertToSelf	ms864129	ms886931
CoRevokeClassObject	ms864137	ms886932
CoRevokeMallocSpy	ms864148	ms886933
CoSetProxyBlanket	ms864164	ms886936
CoSuspendClassObjects	ms864171	ms886937
CoSwitchCallContext	ms864179	ms886938
CoTaskMemAlloc	ms864185	ms886939
CoTaskMemFree	ms864196	ms886940
CoTaskMemRealloc	ms864283	ms886941
CoTreatAsClass	ms864357	ms886942
CoUninitialize	ms864368	ms886943
CoUnmarshalHresult	ms864379	ms886944
CoUnmarshalInterface	ms864380	ms886945
Code Listing for the Calc.wsdl File	ms862110	-
Code Listing for the Calc.wsml File	ms862112	-
Code Page Detection	aa451918	ms902426
Code Page Enumeration	aa452107	ms902495
Code Pages	ms903783	ms921507
CodePage Element (Poll Request)	ms895011	ms898346
Codec Configuration	ms891137	-
Codecs	aa525604	ms926943
Coding for Internationalization	ms903791	-
Collection Objects	ms880995	-
Collections	ms863919	-
Color Controls/Using Color Controls	aa451418	-
Color Controls/What Are Color Controls?	ms925249	-
Color Values for Lights and Materials	aa451246	-
ColorConverter	ms891144	-
ColorPalette	ms926775	-
CombineRgn	ms928608	-
Combo Box Styles	ms908112	-
Combo Cards	ms891161	-
CommDlgExtendedError	ms908144	-
Command Bands Functions	ms907179	-
Command Bands Macros	ms907189	-
Command Bands Reference	ms907195	-
Command Bands Structures	ms907205	-
Command Bars Functions	ms907210	-
Command Bars Macros	ms907216	-
Command Bars Reference	ms907221	-
Command Buffer Structure	ms891181	-
Command Processor	aa453924	-
Command Processor Commands	ms907227	-
Command Processor OS Design Development	ms926133	-
Command Processor Registry Settings	ms926137	ms879850
Command Processor Shell	aa453925	-
CommandBands_AddAdornments	ms908118	-
CommandBands_AddBands	ms908120	-
CommandBands_Create	ms908121	-
CommandBands_GetCommandBar	ms908122	-
CommandBands_GetRestoreInformation	ms908123	-
CommandBands_Height	ms908124	-
CommandBands_Show	ms908126	-
CommandBar_AddAdornments	ms908127	-
CommandBar_AddBitmap	ms908128	-
CommandBar_AddButtons	ms908129	-
CommandBar_AddToolTips	ms908130	-
CommandBar_AlignAdornments	aa453948	-
CommandBar_Create	ms908131	-
CommandBar_Destroy	ms908132	-
CommandBar_DrawMenuBar	ms908133	-
CommandBar_GetMenu	ms908134	-
CommandBar_Height	ms908135	-
CommandBar_InsertButton	ms908136	-
CommandBar_InsertComboBox	ms908137	-
CommandBar_InsertMenubar	ms908138	-
CommandBar_InsertMenubarEx	ms908139	-
CommandBar_IsVisible	ms908140	-
CommandBar_Show	ms908141	-
CommandLine Element (Instruction Response)	ms895012	ms898347
CommitUrlCacheEntry	aa452121	-
Common Control Functions	ms907234	-
Common Control Macros	ms907242	-
Common Control Messages	ms907247	-
Common Control Notifications	ms907254	-
Common Control Reference	ms907532	-
Common Control Registry Settings	ms926140	-
Common Control Structures	ms907537	-
Common Controls	ms926144	ms898197
Common Controls Reference	ms908145	-
Common Details for Direct3D Mobile Resources	aa451436	-
Common Dialog Boxes (Shell)	ms926146	-
Common Dialog Boxes Functions	ms907541	-
Common Dialog Boxes Messages	ms907548	-
Common Dialog Boxes Reference	ms907551	-
Common Dialog Boxes Structures	ms907558	-
Communication Class Interface	aa447428	-
Communities Registry Settings	ms894401	ms907028
CompareFileTime	ms885172	-
CompareString	ms904713	ms919109
Comparing EDB with Other Databases	ms885305	-
Comparing LASS and Password Authentication	ms925779	-
Comparing Store Identifiers	ms861226	-
Comparing Windows CE and Desktop RTC Implementations	aa525607	-
Comparisons	ms863925	-
Compatible Name Resolution for TCP/IP in the Windows Sockets 1.1 API	ms880998	ms910149
Compatible Name Resolution for TCP/IP in the Windows Sockets 1.1 SPI	ms881001	-
CompleteAuthToken	ms937725	-
Completion of the Authentication Session	ms881003	ms899197
Complex Scripts Overview	ms903805	-
Complex Scripts Support in Windows CE	ms903814	-
Compressed Texture Formats	aa451248	-
Compressed Texture Resources	aa451249	-
Conditional Templates	ms862122	ms912458
Conditionally Defining Power Management in the NDIS Miniport Driver Object Identifier Functions	ms895486	-
ConfigInit	aa447684	ms902079
ConfigRsrc	aa447685	ms902080
ConfigSet	aa447686	ms902081
ConfigSize	aa447687	ms902082
Configurable EDB Volume Options	ms885311	-
Configuration Data Store Example XML	aa525608	-
Configuration Descriptor	aa447429	-
Configuration User Interface	ms881006	-
Configuring CLIENT1	ms899607	-
Configuring CLIENT2	ms899608	-
Configuring Enroll.exe	ms925784	ms897926
Configuring FATFS Cache Parameters for the File Server	ms899609	-
Configuring IPv6 Interface Attributes	ms899611	-
Configuring LASS	ms926481	-
Configuring ROUTER1	ms899612	-
Configuring ROUTER2	ms899613	-
Configuring Services.exe to Load a Standalone Service	ms899614	-
Configuring User Permissions for the Web Server	ms899618	-
Configuring a Device with a Static Address for the IPv6 Test Lab	ms899606	-
Configuring a Web Server to use SSL	ms899619	-
Configuring a WebDAV Server	ms881008	-
Configuring the ActiveSync COM Components	ms861235	-
Configuring the ClearType Sample Application	ms901154	ms903575
Configuring the File Server Registry	ms899610	-
Configuring the File Server through the Registry	ms899615	-
Configuring the Keyboard Driver Registry	ms923767	-
Configuring the Print Server through the Registry	ms881010	-
Configuring the RAS Server	ms899616	-
Configuring the SNTP Service	ms881011	-
Configuring the Web Server Registry	ms899617	ms897755
Connect Method (ISoapConnector)	ms863929	-
ConnectWSDL Method	ms863931	-
Connecting Transform Filters/Allocator Negotiation	ms923406	-
Connecting Transform Filters/Connecting Filter Graphs: An Example	aa451252	-
Connecting Transform Filters/Establishing Media Type Connections	ms923245	-
Connecting Transform Filters/The Connection Process: A Summary	aa451385	-
Connecting Transform Filters/When Reconnections Occur	ms925256	-
Connecting to Another Device	ms881358	-
Connecting to WebDAV	ms881375	-
Connecting to a CSP	ms925787	ms884344
Connecting to a Default Peer	ms881338	ms910171
Connecting to a Network	ms881346	-
Connecting to a Presence Server Using a Certificate	aa525609	-
Connecting to an OBEX Server	ms881352	ms922569
Connecting to the Test Internet (6bone)	ms881367	-
Connection Element (Poll Request)	ms895015	ms898349
Connection Points	ms881389	ms922570
Connection Sharing Registry Settings	ms881495	ms901847
Connection Shutdown	ms881505	ms910179
Connection, Timeout, Interval and Event Properties of IMsRdpClientAdvancedSettings	ms861243	ms925147
ConnectionInfo	ms887911	-
ConnectionManagerState	ms887912	-
ConnectorProperty Property	ms863930	-
Considerations For Improving NDIS Driver Performance	aa447432	-
Console Registry Settings	ms908148	-
ContactsSearchCriteria	ms863932	-
ContainsPalette	ms926782	-
ContentDirectoryState	ms887914	-
Context Requirements	ms925876	-
Context Semantics	ms925885	-
ContinueDebugEvent	ms885175	-
Contrast Control	aa447433	-
ContrastCmdInputParm	aa447689	-
Control Channel Characteristics	aa447434	-
Control Panel	ms926152	-
Control Panel Applications	ms926154	-
Control Point Actions	ms881613	ms939045
Control Types	aa451257	-
Controlling White Space with &lt;xsl:text&gt;	ms862125	-
Controlling White Space with XSLT	ms862124	-
Controlling White Space with the DOM	ms862123	ms912459
Controlling a Running Service	ms881520	-
Controls Messages	ms907564	-
Controls Reference	ms907569	-
Conversion	aa452123	ms902496
Conversion Between Character Sets	aa451922	ms902438
Conversion Functions	ms926783	-
ConvertDefaultLocale	ms904716	ms919133
ConvertINetMultiByteToUnicode	aa452124	ms902497
ConvertINetString	aa452127	ms902498
ConvertINetUnicodeToMultiByte	aa452129	ms902499
ConvertThreadToFiber	ms885176	-
ConvertToMilliseconds	ms926784	-
ConvertVideoInfoToVideoInfo2	ms926785	-
Converting a Composition String	ms903822	-
Converting a Legacy PCMCIA Driver to a Bus-Agnostic Driver	ms923713	-
Converting to IPv6	ms881617	-
Cookie Headers	aa451924	-
Cookies	aa451926	-
Cooperative Levels/Testing Cooperative Levels	ms924665	-
Coordinate Transformation Matrices	aa451261	-
Copy External IOCTLs	aa517302	-
Copy External Reference	aa517305	-
Copy External Structures	aa517307	-
CopyBindInfo	aa452131	ms928772
CopyFile	aa517309	ms923947
CopyFileEx	aa517311	-
CopyMediaType	ms926786	-
CopyRect	ms908152	-
CopyStgMedium	aa452132	ms928773
Copying To Surfaces	aa451262	-
Copying the Windows CE .NET 4.1 or Earlier Keyboard Driver to Windows CE .NET 4.2 or Later	ms923769	-
Core Protocol Stack for IPv4	ms881631	-
Core Protocol Stack for IPv6	ms881635	-
Core Protocols of IPv4	ms899597	-
Core Protocols of IPv6	ms881626	-
Count	aa452134	-
Count-Based Replication	ms885313	-
CountClipboardFormats	ms908153	-
Create a Session and Make a Call	aa525611	ms926967
Create a Text Messaging Session	aa525612	ms926957
Create and Enable a Profile	aa525610	ms926950
CreateAcceleratorTable	ms908162	-
CreateAntiMoniker	ms864382	ms886946
CreateAsyncBindCtx	aa452136	ms928774
CreateAsyncBindCtxEx	aa452138	ms928775
CreateAudioMediaType	ms907274	-
CreateBindCtx	ms864385	ms886947
CreateBitmap	ms908163	-
CreateBusAccessHandle	aa447690	-
CreateCache	aa517313	-
CreateCaret	ms908164	-
CreateClassMoniker	ms864387	ms886948
CreateCompatibleBitmap	ms908165	-
CreateCompatibleDC	ms908166	-
CreateDC	ms908168	-
CreateDIBPatternBrushPt	ms908173	-
CreateDIBSection	ms908174	-
CreateDialog	ms908169	-
CreateDialogIndirect	ms908170	-
CreateDialogIndirectParam	ms908171	-
CreateDialogParam	ms908172	-
CreateDirectory	aa517316	ms923948
CreateEnrollmentConfigDialog	ms937727	-
CreateErrorInfo	ms864392	ms886949
CreateEvent	ms885177	-
CreateFiber	ms885178	-
CreateFile	aa517318	ms923949
CreateFileForMapping	aa517321	ms923950
CreateFileMapping	aa517331	ms923951
CreateFileMoniker	ms864393	ms886950
CreateFontIndirect	ms901120	ms900632
CreateFormatEnumerator	aa452140	ms928776
CreateGenericComposite	ms864394	ms886951
CreateHandler	ms885179	-
CreateIFEDictionaryInstance	ms904718	ms919152
CreateIImeIPointInstance	ms904719	ms919161
CreateIconIndirect	ms908175	ms924843
CreateIpForwardEntry	ms887916	-
CreateIpNetEntry	ms887917	-
CreateItemMoniker	ms864395	ms886952
CreateMediaType	ms907276	-
CreateMenu	ms908177	-
CreateMsgQueue	ms885180	-
CreateMutex	ms885181	-
CreateOleAdviseHolder	ms864397	ms886953
CreatePalette (GDI)	ms908178	-
CreatePartition	aa517334	-
CreatePartitionEx	aa517335	-
CreatePatternBrush	ms908179	-
CreatePen	ms908180	-
CreatePenIndirect	ms908181	-
CreatePointerMoniker	ms864398	ms886954
CreatePopupMenu	ms908182	-
CreatePortConnector Method	ms864399	-
CreatePosPassThru	ms907278	-
CreateProcess	ms885182	-
CreatePropertySheetPage	ms908183	-
CreateProxyArpEntry	ms887918	-
CreateRectRgn	ms908184	-
CreateRectRgnIndirect	ms908185	-
CreateSemaphore	ms885184	-
CreateSolidBrush	ms908187	-
CreateStatusWindow	ms908188	-
CreateStreamOnHGlobal	ms864401	ms886955
CreateThread	ms885186	-
CreateTicket	ms885188	-
CreateToolbarEx	ms908190	-
CreateToolhelp32Snapshot	ms885189	-
CreateTypeLib2	ms864403	ms886956
CreateURLMoniker	aa452144	ms928778
CreateURLMonikerEx	aa452146	ms928779
CreateUpDownControl	ms908191	-
CreateUrlCacheEntry	aa452142	-
CreateUrlCacheGroup	aa452433	-
CreateVideoPort	aa447693	-
CreateWindow	ms908192	-
CreateWindowEx	ms908193	-
Creating ASF Files in DirectShow/Building a Filter Graph for ASF Output	ms940044	-
Creating ASF Files in DirectShow/Configuring the ASF Writer	ms940055	-
Creating CDATA Sections	ms862131	ms912462
Creating Controls	ms906575	-
Creating Digital Signatures	ms925889	ms884350
Creating Direct3D Mobile Resources	aa451275	-
Creating End User Defined Characters	ms900852	-
Creating Event Objects	ms881663	ms910188
Creating Excluded Projects to Host Shell Source Code in the IDE	ms914399	-
Creating Image Lists	ms906585	-
Creating Multiline ToolTips	ms906591	-
Creating Queues	ms881668	-
Creating Rules Based on Time	ms886651	-
Creating Rules for an IPv6 Subnet	ms886652	-
Creating Service Description Documents	ms881669	-
Creating Surfaces/Creating Client Memory Surfaces	aa451271	-
Creating Surfaces/Creating Complex Surfaces and Flipping Chains	aa451272	-
Creating Surfaces/Creating Wide Surfaces	aa451288	-
Creating Surfaces/Creating an Off-Screen Surface	aa451267	-
Creating Surfaces/Creating the Primary Surface	aa451285	-
Creating Surfaces/Flipping Surfaces	ms923376	-
Creating Texture Maps in Direct3D Mobile	aa451278	-
Creating Tracking ToolTips	ms906597	-
Creating Virtual FTP Directories	ms899744	ms901361
Creating a Browser Class	aa451938	-
Creating a Browser Window	aa451940	-
Creating a Cache Entry	aa451928	-
Creating a Comma-Separated List of Items	ms862126	ms912463
Creating a Command Bands Control	ms926168	-
Creating a Command Bar	ms926170	-
Creating a Complex Scripts-enabled Run-Time Image	ms917973	-
Creating a Control Panel Application	ms914264	-
Creating a Credential Type Provider	ms925890	-
Creating a Database	ms885320	-
Creating a Date and Time Picker Control	ms926176	-
Creating a Depth Buffer	aa451273	-
Creating a Device Description Document	ms881662	-
Creating a Dictionary File	ms906490	-
Creating a Dictionary Source File	ms903833	-
Creating a Direct3D Mobile Device	aa451274	-
Creating a Display Driver Based on the GPE Classes	aa448245	-
Creating a Header Control	ms926179	-
Creating a Hello World Application	ms914378	-
Creating a LAP	ms936975	-
Creating a List View Control	ms926185	-
Creating a Month Calendar Control	ms926188	-
Creating a Multilingual OS Design	ms906489	-
Creating a Multiple-Part Status Bar	ms926191	-
Creating a New Project for Converting to IPv4/IPv6	ms881640	-
Creating a Notification Sink	ms903850	-
Creating a PKCS #10 Request	ms925887	ms897928
Creating a Private Queue (COM)	ms881655	-
Creating a Progress Bar	ms926208	-
Creating a Property Sheet	ms926211	-
Creating a Queue (COM)	ms881656	-
Creating a Rebar Control	ms926213	-
Creating a Recurring Appointment	ms862129	-
Creating a Simple DVD Player/DVD-Video API Objects	ms923183	-
Creating a Simple DVD Player/Fundamental DVD-Video API Interfaces	ms923381	-
Creating a Simple DVD Player/Implementing First Play	ms923418	-
Creating a Simple DVD Player/Responding to User Commands	ms924606	-
Creating a Socket Client Application	ms899622	-
Creating a Socket Server Application	ms881657	-
Creating a Static Routing Infrastructure in the IPv6 Test Lab	ms899623	-
Creating a Status Bar	ms926227	-
Creating a Tab Control	ms926233	-
Creating a Table of Contents	ms862130	ms912466
Creating a Target Application for Profiling the FLAT Display Driver	aa448246	-
Creating a ToolTip Control	ms926239	-
Creating a Toolbar	ms926235	-
Creating a Trackbar	ms906553	-
Creating a Transform Filter/Determine Which Base Classes to Use	aa451303	-
Creating a Transform Filter/Determine if the Filter Must Copy Media Samples	aa451302	-
Creating a Transform Filter/Instantiate the Filter	ms923427	-
Creating a Transform Filter/Make Added Interfaces Available Through NonDelegatingQueryInterface	ms924133	-
Creating a Transform Filter/Override the Base Class Member Functions	ms924181	-
Creating a Transform Filter/Write a Transform Filter	ms925284	-
Creating a Tree View	ms906558	-
Creating a Tree-View Image List	ms906562	-
Creating a UDP Datagram Socket Application	ms881658	ms911702
Creating a URL Moniker	aa452148	ms928780
Creating a Vertex Buffer	aa451287	-
Creating a Web Browser Object	aa451946	-
Creating a Welcome Application	ms906564	ms898233
Creating an Application That Uses VAIL	aa525613	-
Creating an Application that Demonstrates the Progress Bar	ms914382	-
Creating an Application to Convert to IPv4/IPv6	ms881652	-
Creating an Empty Display-Based OS	ms914387	-
Creating an Enrollment Environment	ms926472	ms897927
Creating an IP Multicast Application	ms881651	-
Creating an IUPnPDeviceControl Implementation	ms881665	-
Creating an Image List	ms926202	-
Creating an Internal Exposed Host	ms881644	ms901921
Creating an International User Interface	ms903842	-
Creating an OS Design for a File Server Device	ms899624	-
Creating an OS Design for a Web Server Device	ms899621	-
Creating an Up-Down Control	ms926205	-
Creating and Cracking URLs	aa451932	-
Creating and Deleting a Peer Identity	ms881661	-
Creating and Initializing COM Objects	ms862127	ms886957
Creating and Opening a File or Directory	ms885325	-
Creating and Opening a Registry Key	ms885328	-
Creating and Populating an HTML Template	ms862128	ms912465
Creating and Retrieving Cookies	aa451935	-
Creating the Browser Control	aa451942	ms907160
Creating the Candidate List	ms903854	-
Creating the Keyboard DLL Sources File	aa448248	-
Creating the Keyboard Device Layout	aa448247	-
Creating the Keyboard Input Language	aa448249	-
Creating the Navigation Control	aa451944	ms907166
Creating the Run-Time Images for the IPv6 Test Lab	ms899731	-
Creating, Finding, and Deleting Atoms	ms906578	-
CredDelete	ms936977	-
CredFree	ms936983	-
CredRead	ms936984	-
CredUpdate	ms936985	-
CredWrite	ms936986	-
Credential Manager	ms925891	-
Credential Manager Application Development	ms926461	-
Credential Manager Error Codes	ms936978	-
Credential Manager Functions	ms936979	-
Credential Manager Migration	ms925893	-
Credential Manager OS Design Development	ms925894	-
Credential Manager Overview	ms925895	-
Credential Manager Reference	ms936980	-
Credential Manager Registry Settings	ms925896	-
Credential Manager Security	ms925897	-
Credential Manager Structures	ms936981	-
Credential Manager Type Provider Functions	ms936982	-
Credential Type Categories	ms925898	-
Credential Type Providers	ms925899	-
Credential Types	ms925900	-
CritCheckIn	ms938830	-
CritCheckOut	ms938831	-
CryptAcquireCertificatePrivateKey	ms937732	ms883955
CryptAcquireContext	ms937733	ms884430
CryptContextAddRef	ms937737	ms884431
CryptCreateHash	ms937738	ms884432
CryptCreateKeyIdentifierFromCSP	ms937739	ms883958
CryptDecodeObjectEx	ms937740	ms883963
CryptDecrypt	ms937741	ms884433
CryptDeriveKey	ms937742	ms884434
CryptDestroyHash	ms937743	ms884435
CryptDestroyKey	ms937744	ms884436
CryptDuplicateHash	ms937745	ms884437
CryptDuplicateKey	ms937746	ms884438
CryptEncodeObjectEx	ms937747	ms883968
CryptEncrypt	ms937989	ms884439
CryptEnumKeyIdentifierProperties	ms937995	ms883971
CryptEnumOIDInfo	ms938004	ms883974
CryptEnumProviderTypes	ms938017	ms884451
CryptEnumProviders	ms938012	ms884450
CryptExportKey	ms938025	ms884452
CryptExportPublicKeyInfoEx	ms938031	ms883980
CryptFindCertificateKeyProvInfo	ms938040	ms883984
CryptFindLocalizedName	aa452566	-
CryptFindOIDInfo	ms938050	ms884053
CryptFreeOIDFunctionAddress	ms938057	ms884059
CryptGenKey	ms938062	ms884453
CryptGenRandom	ms938069	ms884454
CryptGetDefaultOIDFunctionAddress	ms938079	ms884061
CryptGetDefaultProvider	ms938088	ms884455
CryptGetHashParam	ms938096	ms884456
CryptGetKeyIdentifierProperty	ms938099	ms884062
CryptGetKeyParam	ms938103	ms884457
CryptGetOIDFunctionAddress	ms938109	ms884063
CryptGetProvParam	ms938119	ms884458
CryptGetUserKey	ms938123	ms884459
CryptHashCertificate	ms938130	ms884064
CryptHashData	ms938141	ms884460
CryptHashPublicKeyInfo	ms938149	ms884065
CryptHashSessionKey	ms938156	ms884461
CryptHashToBeSigned	ms938167	ms884066
CryptImportKey	ms938178	ms884462
CryptImportPublicKeyInfoEx	ms938185	ms884067
CryptInitOIDFunctionSet	ms938191	ms884068
CryptInstallDefaultContext	ms938197	ms884069
CryptInstallOIDFunctionAddress	ms938204	ms884070
CryptMsgCalculateEncodedLength	ms938232	-
CryptMsgClose	ms938239	-
CryptMsgControl	ms938247	-
CryptMsgDuplicate	ms938251	-
CryptMsgGetParam	ms938257	-
CryptMsgOpenToDecode	ms938264	-
CryptMsgOpenToEncode	ms938271	-
CryptMsgUpdate	ms938279	-
CryptProtectData	ms938309	ms884464
CryptReleaseContext	ms938317	ms884465
CryptSetHashParam	ms938326	ms884581
CryptSetKeyIdentifierProperty	ms938330	ms884071
CryptSetKeyParam	ms938335	ms884621
CryptSetProvParam	ms938358	ms884632
CryptSetProvider	ms938347	ms884628
CryptSetProviderEx	ms938353	ms884631
CryptSignAndEncodeCertificate	ms938360	ms884072
CryptSignCertificate	ms938364	ms884073
CryptSignHash	ms938369	ms884633
CryptUninstallDefaultContext	ms938372	ms884074
CryptUnprotectData	ms938379	ms884634
CryptVerifyCertificateSignature	aa452567	-
CryptVerifySignature	ms938383	ms884635
Cryptography	ms926462	-
Cryptography Application Development	ms926463	-
Cryptography Data Types	ms936987	-
Cryptography Functions	ms936988	-
Cryptography Migration	ms926464	-
Cryptography OS Design Development	ms925901	-
Cryptography Reference	ms936989	-
Cryptography Registry Settings	ms925902	ms884655
Cryptography Samples	ms926465	-
Cryptography Security	ms925903	ms884363
Cryptography Services	ms926466	-
Cryptography Structures	ms936990	-
Culling State	aa451289	-
Current Call	aa525614	-
Custom Draw Messages	ms907573	-
Custom Draw Reference	ms907578	-
Custom Draw Structures	ms907580	-
Custom HTTP Headers for Various POSTs	ms894407	ms898305
Custom Service Extensions	ms881672	ms922583
Customizing Folders with Desktop.ini	ms906608	ms920369
Customizing Output with Callback Fields	ms906612	-
Customizing StartUI or Control Panel to Use LASS	ms925905	-
Customizing the Accelerator Button Area	ms917974	-
Customizing the Bottom Information Area	ms917975	-
Customizing the Browser Font Table	ms905302	-
Customizing the Browser User Interface	aa451948	-
Customizing the Candidate List Area	ms917976	-
Customizing the Candidate Window	ms917977	-
Customizing the Default Composition Window	ms917978	-
Customizing the Focus Rectangle	aa451950	-
Customizing the IME Toolbar	ms903855	-
Customizing the IME Toolbar Buttons	ms917979	-
Customizing the Readings Area	ms917980	-
Customizing the TUI Application	aa525615	-
D3DM Values	ms907765	-
D3DMADAPTER Values	ms939132	-
D3DMADAPTER_IDENTIFIER	ms939133	-
D3DMBACKBUFFER_TYPE	ms939134	-
D3DMBLEND	ms939135	-
D3DMBLENDOP	ms939136	-
D3DMBLENDOPCAPS Values	ms939137	-
D3DMCAPS	ms939138	-
D3DMCLEAR Values	ms939139	-
D3DMCLIPSTATUS	ms939140	-
D3DMCMPFUNC	ms939141	-
D3DMCOLOR	ms939142	-
D3DMCOLORVALUE	ms939143	-
D3DMCOLORWRITEENABLE Values	ms939144	-
D3DMCOLOR_ARGB	ms939145	-
D3DMCOLOR_RGBA	ms939146	-
D3DMCOLOR_XRGB	ms939147	-
D3DMCREATE_MULTITHREADED	ms928109	-
D3DMCS Values	ms928308	-
D3DMCULL	ms907687	-
D3DMCURRENT_DISPLAY_MODE	ms907695	-
D3DMDEVCAPS Values	ms907700	-
D3DMDEVICEFORMAT	aa447699	-
D3DMDEVICE_CREATION_PARAMETERS	ms907701	-
D3DMDEVTYPE	ms907702	-
D3DMDISPLAYMODE	ms907703	-
D3DMERR Values	aa451582	-
D3DMFILLMODE	ms907704	-
D3DMFOGMODE	ms907705	-
D3DMFORMAT	ms907707	-
D3DMFVF Values	ms907708	-
D3DMFVF_TEXCOORDFIXED	ms907709	-
D3DMFVF_TEXCOORDFLOAT	ms907710	-
D3DMFVF_TEXCOORDSIZE Macros	ms907711	-
D3DMINDEXBUFFER_DESC	ms907712	-
D3DMLIGHT	ms907713	-
D3DMLIGHTTYPE	ms907714	-
D3DMLINECAPS Values	ms907715	-
D3DMLOCK Values	ms907717	-
D3DMLOCKED_RECT	ms907716	-
D3DMMATERIAL	ms907718	-
D3DMMATERIALCOLORSOURCE	ms907719	-
D3DMMATRIX	ms907720	-
D3DMMULTISAMPLE_TYPE	ms907721	-
D3DMPBLENDCAPS Values	ms907722	-
D3DMPCMPCAPS Values	ms907723	-
D3DMPMISCCAPS Values	ms907724	-
D3DMPOOL	ms907725	-
D3DMPRASTERCAPS Values	ms907726	-
D3DMPRESENT Values	ms907728	-
D3DMPRESENTFLAG_LOCKABLE_BACKBUFFER	ms907727	-
D3DMPRESENT_PARAMETERS	ms907729	-
D3DMPRIMITIVETYPE	ms907730	-
D3DMPROFILE	ms907731	-
D3DMPSHADECAPS Values	ms907732	-
D3DMPTADDRESSCAPS Values	ms907733	-
D3DMPTEXTURECAPS Values	ms907734	-
D3DMPTFILTERCAPS Values	ms907735	-
D3DMPV Values	ms907736	-
D3DMRENDERSTATETYPE	ms907737	-
D3DMRENDERSTATE_WRAPBIAS	ms907738	-
D3DMRESOURCETYPE	ms907739	-
D3DMRTYPEFLAG Values	aa447706	-
D3DMSHADEMODE	ms907740	-
D3DMSTENCILCAPS Values	ms907741	-
D3DMSTENCILOP	ms907742	-
D3DMSURFACE_DESC	ms907743	-
D3DMSURFCAPS Values	ms907744	-
D3DMSWAPEFFECT	ms907745	-
D3DMTA Values	ms907746	-
D3DMTEXOPCAPS Values	ms907747	-
D3DMTEXTUREADDRESS	ms907748	-
D3DMTEXTUREFILTERTYPE	ms907749	-
D3DMTEXTUREOP	ms907750	-
D3DMTEXTURESTAGESTATETYPE	ms907751	-
D3DMTEXTURETRANSFORMFLAGS	ms907752	-
D3DMTEXTURE_DESC	aa447707	-
D3DMTRANSFORMSTATETYPE	ms907753	-
D3DMTSS_TCI Values	ms907754	-
D3DMTSS_TEXTURE	aa447708	-
D3DMUSAGE Values	ms907755	-
D3DMVALUE	ms907756	-
D3DMVECTOR	ms907757	-
D3DMVERTEXBUFFER_DESC	ms907758	-
D3DMVIEWPORT	ms907759	-
D3DMVTXPCAPS Values	ms907760	-
D3DMWRAPCOORD Values	ms907761	-
D3DMZBUFFERTYPE	ms907762	-
D3DM_CLEAR	aa447711	-
D3DM_COLORFILL	aa447712	-
D3DM_COMMAND	aa447713	-
D3DM_COPYRECT	aa447714	-
D3DM_CREATECONTEXT_DATA	aa447715	-
D3DM_CREATECONTEXT_PTR	aa447716	-
D3DM_CREATELIGHT	aa447717	-
D3DM_CREATEPALETTE	aa447718	-
D3DM_CREATESURFACE_DATA	aa447719	-
D3DM_CREATESURFACE_PTR	aa447720	-
D3DM_CreateContext	aa447695	-
D3DM_CreateSurface	aa447696	-
D3DM_DESTROYCONTEXT_DATA	aa447721	-
D3DM_DESTROYCONTEXT_PTR	aa447722	-
D3DM_DESTROYSURFACE_DATA	aa447723	-
D3DM_DESTROYSURFACE_PTR	aa447724	-
D3DM_DLL_ENTRY	aa447725	-
D3DM_DRAWINDEXEDPRIMITIVE	aa447726	-
D3DM_DRAWPRIMITIVE (Structure)	aa447727	-
D3DM_DRAWPRIMITIVE_DATA	aa447728	-
D3DM_DRAWPRIMITIVE_PTR	aa447729	-
D3DM_DRIVER Values	ms896720	-
D3DM_DestroyContext	aa447697	-
D3DM_DestroySurface	aa447698	-
D3DM_DrawPrimitive (Function)	aa447700	-
D3DM_GETADAPTERINFO_DATA	ms896729	-
D3DM_GETADAPTERINFO_PTR	ms896730	-
D3DM_GETINFO Values	ms896731	-
D3DM_GETINFO_DATA	ms896732	-
D3DM_GETINFO_PTR	ms896733	-
D3DM_GetAdapterInfo	aa447701	-
D3DM_GetInfo	aa447702	-
D3DM_INDEXBUFFER	ms896734	-
D3DM_INITIALIZE_DATA	ms896735	-
D3DM_Initialize	aa447703	-
D3DM_LOCKSURFACE_DATA	ms896737	-
D3DM_LOCKSURFACE_PTR	ms896738	-
D3DM_LockSurface	aa447704	-
D3DM_MAKE_D3DMVALUE	ms907763	-
D3DM_MAKE_RSVALUE	ms907764	-
D3DM_MATERIAL	ms896739	-
D3DM_OPERATION	ms896740	-
D3DM_PRESENT	ms896741	-
D3DM_PROCESSVERTICES	ms896742	-
D3DM_RENDERSTATE	ms896743	-
D3DM_RENDERTARGET	ms896744	-
D3DM_RESOURCEMANAGER_ACTION	ms896745	-
D3DM_RESOURCEMANAGER_DATA	ms896746	-
D3DM_RESOURCEMANAGER_PTR	ms896747	-
D3DM_ResourceManager	aa447705	-
D3DM_SETLIGHT	ms896748	-
D3DM_SETLIGHT_DATATYPE	ms896749	-
D3DM_SETLIGHT_WITHDATA	ms896750	-
D3DM_SETPALETTE	ms896751	-
D3DM_SETPALETTE_DATATYPE	ms896752	-
D3DM_SETPALETTE_WITHENTRIES	ms896753	-
D3DM_STRETCHRECT	ms896754	-
D3DM_TEXTURESTAGESTATE	ms896755	-
D3DM_TRANSFORM	ms896756	-
D3DM_UNLOCKSURFACE_DATA	ms896757	-
D3DM_UNLOCKSURFACE_PTR	ms896758	-
D3DM_UnlockSurface	aa447709	-
D3DM_VALIDATEDEVICE_DATA	ms896759	-
D3DM_VALIDATEDEVICE_PTR	ms896760	-
D3DM_VERTEXBUFFER	ms896761	-
D3DM_VIEWPORT	ms896762	-
D3DM_ValidateDevice	aa447710	-
DATADIR	ms864408	ms886961
DATA_WRAPPER	ms896763	-
DATE	ms908196	ms879825
DBGPARAM	aa451060	-
DBLNODE	ms896764	-
DB_CEOID_CHANGED	aa517338	ms923954
DB_CEOID_CHANGED [CE.NET twin of aa517338]	ms923954	-
DB_CEOID_CREATED	aa517339	ms923955
DB_CEOID_CREATED [CE.NET twin of aa517339]	ms923955	-
DB_CEOID_DATABASE_DELETED	aa517340	ms923956
DB_CEOID_DATABASE_DELETED [CE.NET twin of aa517340]	ms923956	-
DB_CEOID_DIRECTORY_DELETED	aa517341	ms923957
DB_CEOID_DIRECTORY_DELETED [CE.NET twin of aa517341]	ms923957	-
DB_CEOID_FILE_DELETED	ms887719	ms923958
DB_CEOID_FILE_DELETED [CE.NET twin of ms887719]	ms923958	-
DB_CEOID_RECORD_DELETED	ms887825	ms923959
DB_CEOID_RECORD_DELETED [CE.NET twin of ms887825]	ms923959	-
DCB	ms885192	-
DCOM Security Configuration Utility	ms862132	ms886962
DCOM Supported APIs	ms862133	ms885895
DCRP_VALID_	ms909305	-
DDALPHABLTFX	ms907787	ms893879
DDBLTFX	ms907788	ms893880
DDCAPS	ms907789	ms893881
DDCOLORCONTROL	ms907790	ms893882
DDCOLORKEY	ms907791	ms893883
DDCORECAPS	ms896765	-
DDEnumCallback	ms907792	ms893885
DDEnumCallbackEx	ms907793	ms893884
DDGPE Class Definition	ms896774	-
DDGPE Derivation	aa447442	-
DDGPE::AllocSurface	ms896766	-
DDGPE::AllocVideoSurface	ms896768	-
DDGPE::BltExpanded	ms896770	-
DDGPE::BltPrepare	ms896772	-
DDGPE::DetectMode	ms896775	-
DDGPE::DetectPixelFormat	ms896776	-
DDGPE::GetDriverData	ms896779	-
DDGPE::GetDriverGUID	ms896780	-
DDGPE::GetModeInfoEx	ms896781	-
DDGPE::GetPhysicalModeId	ms896782	-
DDGPE::InDisplay	ms896783	-
DDGPE::PerformBlt	ms896784	-
DDGPE::SetDriverData	ms896785	-
DDGPE::SetDriverGUID	ms896786	-
DDGPE::SetMode	ms896787	-
DDGPE::SetVisibleSurface	ms896788	-
DDGPE::WrapSurface	ms896815	-
DDGPEAllocSurfaceData	ms896767	-
DDGPEBltParams	ms896771	-
DDGPEDriverData	ms896778	-
DDGPEStandardHeader	ms896789	-
DDGPESurf Class Definition	ms896793	-
DDGPESurf Constructors	ms896798	-
DDGPESurf Derivation	aa447445	-
DDGPESurf::AlignedWidth	ms896790	-
DDGPESurf::Bpp	ms896791	-
DDGPESurf::ColorKey	ms896794	-
DDGPESurf::ColorKeyHigh	ms896795	-
DDGPESurf::ColorKeyLow	ms896796	-
DDGPESurf::ColorKeyMask	ms896797	-
DDGPESurf::DeleteSurface	ms896799	-
DDGPESurf::GetDDGPESurf	ms896800	-
DDGPESurf::GetDirectDrawSurface	ms896801	-
DDGPESurf::GetDriverData	ms896802	-
DDGPESurf::GetDriverGUID	ms896803	-
DDGPESurf::HasAlpha	ms896804	-
DDGPESurf::Init	ms896805	-
DDGPESurf::PixelFormat	ms896806	-
DDGPESurf::SetColorKey	ms896807	-
DDGPESurf::SetColorKeyHigh	ms896808	-
DDGPESurf::SetColorKeyLow	ms896809	-
DDGPESurf::SetColorKeyMask	ms896810	-
DDGPESurf::SetDDGPESurf	ms896811	-
DDGPESurf::SetDirectDrawSurface	ms896812	-
DDGPESurf::SetDriverData	ms896813	-
DDGPESurf::SetDriverGUID	ms896814	-
DDHAL Callback Return Values	aa447447	-
DDHAL Callbacks and Capabilities	aa447448	-
DDHAL Customization	aa447450	-
DDHALINFO	ms897605	-
DDHALMODEINFO	ms897612	-
DDHAL_ADDATTACHEDSURFACEDATA	ms896816	-
DDHAL_BLTDATA	ms896817	-
DDHAL_CANCREATESURFACEDATA	ms896818	-
DDHAL_CANCREATEVPORTDATA	ms896819	-
DDHAL_COLORCONTROLDATA	ms896820	-
DDHAL_CREATEPALETTEDATA	ms896821	-
DDHAL_CREATESURFACEDATA	ms896822	-
DDHAL_CREATEVPORTDATA	ms896823	-
DDHAL_DDCALLBACKS	ms896824	-
DDHAL_DDCOLORCONTROLCALLBACKS	ms896825	-
DDHAL_DDMISCELLANEOUS2CALLBACKS	ms896826	-
DDHAL_DDMISCELLANEOUSCALLBACKS	ms896827	-
DDHAL_DDPALETTECALLBACKS	ms896828	-
DDHAL_DDSURFACECALLBACKS	ms896829	-
DDHAL_DDVIDEOPORTCALLBACKS	ms897064	-
DDHAL_DESTROYDRIVERDATA	ms897235	-
DDHAL_DESTROYPALETTEDATA	ms897243	-
DDHAL_DESTROYSURFACEDATA	ms897355	-
DDHAL_DESTROYVPORTDATA	ms897410	-
DDHAL_FLIPDATA	ms897514	-
DDHAL_FLIPTOGDISURFACEDATA	ms897527	-
DDHAL_FLIPVPORTDATA	ms897534	-
DDHAL_GETAVAILDRIVERMEMORYDATA	ms897538	-
DDHAL_GETBLTSTATUSDATA	ms897546	-
DDHAL_GETDRIVERINFODATA	ms897547	-
DDHAL_GETFLIPSTATUSDATA	ms897553	-
DDHAL_GETHEAPALIGNMENTDATA	ms897557	-
DDHAL_GETSCANLINEDATA	ms897563	-
DDHAL_GETVPORTBANDWIDTHDATA	ms897569	-
DDHAL_GETVPORTCONNECTDATA	ms897575	-
DDHAL_GETVPORTFIELDDATA	ms897577	-
DDHAL_GETVPORTFLIPSTATUSDATA	ms897584	-
DDHAL_GETVPORTINPUTFORMATDATA	ms897587	-
DDHAL_GETVPORTLINEDATA	ms897590	-
DDHAL_GETVPORTOUTPUTFORMATDATA	ms897595	-
DDHAL_GETVPORTSIGNALDATA	ms897598	-
DDHAL_LOCKDATA	ms897608	-
DDHAL_SETCLIPLISTDATA	ms897624	-
DDHAL_SETCOLORKEYDATA	ms897627	-
DDHAL_SETENTRIESDATA	ms897633	-
DDHAL_SETEXCLUSIVEMODEDATA	ms897640	-
DDHAL_SETMODEDATA	ms897647	-
DDHAL_SETOVERLAYPOSITIONDATA	ms897652	-
DDHAL_SETPALETTEDATA	ms897656	-
DDHAL_SET_PALETTE	aa448303	-
DDHAL_UNLOCKDATA	ms897662	-
DDHAL_UPDATENONLOCALHEAPDATA	ms897669	-
DDHAL_UPDATEOVERLAYDATA	ms897671	-
DDHAL_UPDATEVPORTDATA	ms897678	-
DDHAL_VPORTCOLORDATA	ms897680	-
DDHAL_WAITFORVERTICALBLANKDATA	ms897686	-
DDHAL_WAITFORVPORTSYNCDATA	ms897689	-
DDI Functions	aa447456	-
DDKISRINFO	ms897694	-
DDKPCIINFO	ms897695	-
DDKReg_GetIsrInfo	ms897699	-
DDKReg_GetPciInfo	ms897705	-
DDKReg_GetWindowInfo	ms897707	-
DDKWINDOWINFO	ms897713	-
DDMORECAPS	ms897932	-
DDMORESURFACECAPS	ms897948	-
DDNONLOCALVIDMEMCAPS	ms898018	-
DDOVERLAYFX	ms907794	ms893886
DDPIXELFORMAT	ms907795	ms893887
DDRAWI_DDRAWCLIPPER_GBL	ms898127	-
DDRAWI_DDRAWCLIPPER_INT	ms898239	-
DDRAWI_DDRAWCLIPPER_LCL	ms898249	-
DDRAWI_DDRAWPALETTE_GBL	ms898255	-
DDRAWI_DDRAWPALETTE_INT	ms898256	-
DDRAWI_DDRAWPALETTE_LCL	ms898257	-
DDRAWI_DDRAWSURFACE_GBL	ms898258	-
DDRAWI_DDRAWSURFACE_GBL_MORE	ms898260	-
DDRAWI_DDRAWSURFACE_INT	ms898261	-
DDRAWI_DDRAWSURFACE_LCL	ms898262	-
DDRAWI_DDRAWSURFACE_MORE	ms898263	-
DDRAWI_DDVIDEOPORT_INT	ms898264	-
DDRAWI_DDVIDEOPORT_LCL	ms898265	-
DDRAWI_DIRECTDRAW_GBL	ms898266	-
DDRAWI_DIRECTDRAW_INT	ms898267	-
DDRAWI_DIRECTDRAW_LCL	ms898268	-
DDSCAPS	ms907796	ms893891
DDSCAPS2	ms907797	ms893889
DDSCAPSEX	ms907798	ms893890
DDSURFACEDESC	ms907799	ms893893
DDSURFACEDESC2	ms907800	ms893892
DDVIDEOPORTBANDWIDTH	ms907801	ms893894
DDVIDEOPORTCAPS	ms907802	ms893895
DDVIDEOPORTCONNECT	ms907803	ms893896
DDVIDEOPORTDESC	ms907804	ms893897
DDVIDEOPORTINFO	ms907805	ms893898
DDVIDEOPORTSTATUS	ms907806	ms893899
DEBUGCHK	aa451062	-
DEBUGLED	aa451064	-
DEBUGMSG	aa451065	-
DEBUGREGISTER, RETAILREGISTERZONES	aa451067	-
DEBUGZONE	aa451070	-
DEBUG_EVENT	ms885195	-
DECLARE_IUNKNOWN	aa451569	-
DEFRAG_OPTIONS	ms887931	-
DEFRAG_PARAMS	ms887962	-
DEFRAG_RESULTS	ms887970	-
DELETEITEMSTRUCT	aa452931	-
DELETE_SECTOR_INFO	ms898280	-
DEREFERENCECONNECTION	ms864415	ms920350
DESCKIND	ms864416	ms886963
DEVICEWINDOW	ms898293	-
DEVICE_LIST	ms898289	-
DEVICE_LOCATION	ms898290	ms902651
DEVINFO	aa513865	-
DEVMGR_DEVICE_INFORMATION	ms898294	-
DEVMODE	aa452943	-
DEVMODEW	ms898295	-
DEVNAMES	aa452944	-
DHCP Allocator	ms881700	-
DHCP Allocator Operation	ms881701	ms901931
DHCPv6 Lite Registry Settings	ms881704	-
DHCPv6 Non-Configurable Registry Settings	ms881705	-
DHTML Events	aa451956	ms902090
DIBDATA	aa451578	-
DIBSECTION	aa452953	-
DIBSIZE	aa451579	-
DIR	aa452954	ms879826
DIRECTION	aa450332	-
DISCDLGSTRUCT	aa450334	ms925116
DISK_COPY_EXTERNAL	ms889011	-
DISK_INFO	ms898299	-
DISPID	ms864423	ms886967
DISPLAY_DEVICE	aa452957	-
DISPPARAMS	ms864426	ms886970
DLGITEMTEMPLATE	aa452958	-
DLGITEMTEMPLATEEX	aa452959	-
DLGTEMPLATE	aa452960	-
DLGTEMPLATEEX	aa452961	-
DLL Functions	aa450708	-
DLL Structures	aa450738	-
DLL and Setup Functions	aa451591	-
DMA_ADAPTER_OBJECT	ms898303	ms902671
DMAdvertiseInterface	ms898304	-
DMO Base Class Reference	aa451592	-
DMO Enumerated Types	aa451689	-
DMO Error Codes	aa451595	ms897533
DMO Functions	aa451722	-
DMO GUIDs	aa451598	ms897567
DMO Interfaces	ms923428	-
DMO Structures	aa452388	-
DMOEnum	aa451593	ms897524
DMOGetName	aa451596	ms897536
DMOGetTypes	aa451597	ms897550
DMORegister	aa451608	ms897589
DMORegisterFilter	aa452529	-
DMOUnregister	aa451611	ms897610
DMOUnregisterFilter	aa452530	-
DMO_ENUM_FLAGS	aa451594	ms897621
DMO_INPUT_DATA_BUFFER_FLAGS	aa451599	ms897630
DMO_INPUT_STREAM_INFO_FLAGS	aa451600	ms897639
DMO_MEDIA_TYPE	aa451601	ms897646
DMO_OUTPUT_DATA_BUFFER	aa451602	ms897658
DMO_OUTPUT_DATA_BUFFER_FLAGS	aa451603	ms897676
DMO_OUTPUT_STREAM_INFO_FLAGS	aa451604	ms897691
DMO_PARTIAL_MEDIATYPE	aa451605	ms897698
DMO_PROCESS_OUTPUT_FLAGS	aa451606	ms897709
DMO_REGISTER_FLAGS	aa451609	ms897717
DMO_SET_TYPE_FLAGS	aa451610	ms897723
DMO_VIDEO_OUTPUT_STREAM_FLAGS	aa451612	ms897729
DMOs and Media Types/Decoders and Compressors	aa451297	-
DMOs and Media Types/Media Types in the Registry	ms924143	-
DMOs and Media Types/Overview of Media Types	ms924191	-
DMOs and Media Types/Preferred Media Types	ms924574	-
DMOs and Media Types/Setting the Media Types	ms924629	-
DMSDLINFO	ms895034	ms898359
DMSINVPKGID	ms895037	ms898360
DMSINVRECORD	ms895039	ms898361
DMTASKINFO	ms895041	ms898362
DM_GETDEFID	aa452962	-
DM_SETDEFID	aa452963	-
DNS Functions	ms886653	-
DNS Proxy	ms881714	-
DNS Proxy Registry Settings	aa451151	-
DNS Reference	ms886655	-
DNS Structures	ms886654	-
DNS_AAAA_DATA	aa450339	-
DNS_ATMA_DATA	aa450340	-
DNS_A_DATA	aa450341	-
DNS_HEADER	aa450342	-
DNS_KEY_DATA	aa450343	-
DNS_LOC_DATA	aa450344	-
DNS_MESSAGE_BUFFER	aa450345	-
DNS_MINFO_DATA	aa450346	-
DNS_MX_DATA	aa450347	-
DNS_NULL_DATA	aa450348	-
DNS_NXT_DATA	aa450349	-
DNS_PTR_DATA	aa450350	-
DNS_RECORD	aa450351	-
DNS_RECORD_FLAGS	aa450352	-
DNS_RRSET	aa450353	-
DNS_SIG_DATA	aa450354	-
DNS_SOA_DATA	aa450355	-
DNS_SRV_DATA	aa450356	-
DNS_TKEY_DATA	aa450357	-
DNS_TSIG_DATA	aa450358	-
DNS_TXT_DATA	aa450359	-
DNS_WINSR_DATA	aa450360	-
DNS_WINS_DATA	aa450361	-
DNS_WIRE_QUESTION	aa450362	-
DNS_WIRE_RECORD	aa450363	-
DNS_WKS_DATA	aa450364	-
DOCINFO	aa452964	ms924806
DOM Property	ms864436	-
DOMAIN_CONTROLLER_INFO	aa450366	-
DOMDocument	ms864435	-
DRAWITEMSTRUCT	aa452974	-
DRM Application Development/DRM for Portable Devices	ms923104	-
DRM Application Development/DRM in DirectShow and Windows Media Player	ms923147	-
DRM Application Development/Developing Applications on DRM-Enabled Platforms	ms925288	-
DRM Application Development/License Acquisition	ms923437	-
DRVENABLEDATA	aa447740	-
DRV_CLOSE	aa447733	-
DRV_OPEN	aa447751	-
DTM_GETMCCOLOR	aa452977	-
DTM_GETMCFONT	aa452978	-
DTM_GETMONTHCAL	aa452979	-
DTM_GETRANGE	aa452980	-
DTM_GETSYSTEMTIME	aa452981	-
DTM_SETFORMAT	aa452982	-
DTM_SETMCCOLOR	aa452983	-
DTM_SETMCFONT	aa452984	-
DTM_SETRANGE	aa452985	-
DTM_SETSYSTEMTIME	aa452986	-
DTN_CLOSEUP	aa452987	-
DTN_DATETIMECHANGE	aa452988	-
DTN_DROPDOWN	aa452989	-
DTN_FORMAT	aa452990	-
DTN_FORMATQUERY	aa452991	-
DTN_USERSTRING	aa452992	-
DTN_WMKEYDOWN	aa452993	-
DVASPECT	ms864437	ms886976
DVASPECT2	ms864438	ms886977
DVASPECTINFO	ms864439	ms886978
DVASPECTINFOFLAG	ms864450	ms886979
DVD-Video API Application Development/About the DVD-Video API Documentation	aa451159	-
DVD-Video API Application Development/Understanding the DVD-Video API	aa451409	-
DVD-Video API Application Development/Using the DVD-Video API	aa451440	-
DVD-Video API Data Types/UNICODE_PATH	aa452397	-
DVD-Video API Enumerated Types/EDDVDPlaybackState	aa451671	-
DVD-Video API Enumerated Types/EDVDDomainType	aa451672	-
DVD-Video API Enumerated Types/EDVDNavException	aa451673	-
DVD-Video API Enumerated Types/EDVDSParamEvent	aa451674	-
DVD-Video API Enumerated Types/ENavCmdArea	aa451678	-
DVD-Video API Enumerated Types/EPGCLinkType	aa451695	-
DVD-Video API Enumerated Types/EPGCPlaybackMode	aa451696	-
DVD-Video API Interfaces/IDVDDataSearchInfo	aa451819	-
DVD-Video API Interfaces/IDVDDomain	aa451834	-
DVD-Video API Interfaces/IDVDHighlightInfo	aa451848	-
DVD-Video API Interfaces/IDVDMenu	aa451862	-
DVD-Video API Interfaces/IDVDNavDataStatusSink	aa451865	-
DVD-Video API Interfaces/IDVDNavigationManager	aa451867	-
DVD-Video API Interfaces/IDVDNavigatorSink	aa451878	-
DVD-Video API Interfaces/IDVDParentalManagementTable	aa451905	-
DVD-Video API Interfaces/IDVDProgramChain	aa451909	-
DVD-Video API Interfaces/IDVDROM	aa451941	-
DVD-Video API Interfaces/IDVDStreamAttributes	aa451959	-
DVD-Video API Interfaces/IDVDStreamControlInfo	aa451972	-
DVD-Video API Interfaces/IDVDTextManager	aa452042	-
DVD-Video API Interfaces/IDVDTimeMap	aa452046	-
DVD-Video API Interfaces/IDVDTitleSet	aa452050	-
DVD-Video API Interfaces/IDVDUserOperation	aa452059	-
DVD-Video API Interfaces/IDVDVideoVolume	ms930853	-
DVD-Video API Interfaces/IEnumDVD_XXXX	ms910434	-
DVD-Video API Macros/DVD-Video API Interface Identifiers	ms912026	-
DVD-Video API Reference/DVD-Video API Common Terms	ms923168	-
DVD-Video API Reference/DVD-Video API Data Types	ms925304	-
DVD-Video API Reference/DVD-Video API Enumerated Types	ms925305	-
DVD-Video API Reference/DVD-Video API Interfaces	ms925306	-
DVD-Video API Reference/DVD-Video API Macros	ms925307	-
DVD-Video API Reference/DVD-Video API Structures	ms925309	-
DVD-Video API Structures/DVDUserGOPData	aa451630	-
DVD-Video API Structures/DVD_AUDIO_MU_ATTR	aa451617	-
DVD-Video API Structures/DVD_AUDIO_STREAM_ATTR	aa451618	-
DVD-Video API Structures/DVD_CELL_PIECE	aa451619	-
DVD-Video API Structures/DVD_CELL_PLAYBACK	aa451620	-
DVD-Video API Structures/DVD_ISRC	aa451621	-
DVD-Video API Structures/DVD_NAV_CMD	aa451622	-
DVD-Video API Structures/DVD_POS_CODE	aa451623	-
DVD-Video API Structures/DVD_PROVIDER_ID	aa451624	-
DVD-Video API Structures/DVD_RECT	aa451625	-
DVD-Video API Structures/DVD_SUBPICTURE_STREAM_ATTR	aa451626	-
DVD-Video API Structures/DVD_TEXT_ITEM	aa451627	-
DVD-Video API Structures/DVD_TEXT_LANGUAGE_UNIT	aa451628	-
DVD-Video API Structures/DVD_TITLE_SET_INFO	aa451629	-
DVD-Video API/DVD-Video API Application Development	ms923161	-
DVD-Video API/DVD-Video API Migration	ms923157	-
DVD-Video API/DVD-Video API OS Design Development	ms923190	-
DVD-Video API/DVD-Video API Reference	ms925308	-
DVD-Video API/DVD-Video API Samples	ms932690	-
DVD-Video API/DVD-Video API Security	ms923200	-
DVD-Video Renderer Enumerations	aa447527	-
DVD-Video Renderer Interface Identifiers	ms892115	-
DVD-Video Renderer Interfaces	ms892135	-
DVD-Video Renderer Macros	ms892143	-
DVD_REGIONCE	aa447763	-
DVEXTENTINFO	ms864451	ms886980
DVEXTENTMODE	ms864452	ms886981
DVTARGETDEVICE	ms864453	ms886982
Data Class Interface	aa447437	-
Data Flow in the Filter Graph/Filter States	ms940060	-
Data Flow in the Filter Graph/Generating New Samples	ms923384	-
Data Flow in the Filter Graph/Processing a Sample	ms924579	-
Data Flow in the Filter Graph/Push versus Pull	ms924586	-
Data Flow in the Filter Graph/Thread Usage	aa451393	-
Data In Endpoint Descriptor	aa447438	-
Data Out Endpoint Descriptor	aa447439	-
Data Persistence with the RAM-based Registry Using the OAL	ms892394	ms904847
Data Transport Providers	ms881674	-
DataHandler	ms885191	-
Database Macros	aa516926	-
Database Messages	aa516927	-
Database Reference	aa516928	-
Database Replication OS Functions	aa516929	-
Database Replication OS Macros	ms885337	-
Database Replication OS Reference	aa517337	-
Database Replication OS Structures	aa516930	-
Database Store and Call Logging	aa525621	-
Database Volume Compaction Thread	ms892400	-
Databases	ms885343	-
Date and Time Picker Controls Macros	ms907588	-
Date and Time Picker Controls Messages	ms927538	-
Date and Time Picker Controls Notifications	ms927544	-
Date and Time Picker Controls Reference	ms927550	-
Date and Time Picker Controls Structures	ms927557	-
Date and Time Picker Styles	ms908197	-
DateTime_GetMonthCal	ms908198	-
DateTime_GetMonthCalColor	ms908199	-
DateTime_GetMonthCalFont	ms908200	-
DateTime_GetRange	ms908202	-
DateTime_GetSystemtime	ms908203	-
DateTime_SetFormat	ms908204	-
DateTime_SetMonthCalColor	ms908205	-
DateTime_SetMonthCalFont	ms908206	-
DateTime_SetRange	ms908207	-
DateTime_SetSystemtime	ms908208	-
DbgAssert	ms907766	-
DbgBreak	ms907767	-
DbgBreakPoint	ms907768	-
DbgDumpObjectRegister	ms907769	-
DbgKernelAssert	ms907780	-
DbgLockTrace	ms907781	-
DbgOutString	ms907782	-
DbgSetWaitTimeout	ms907783	-
DbgWaitForMultipleObjects	ms907784	-
DbgWaitForSingleObject	ms907785	-
DdsiTouchPanelAttach	ms898269	-
DdsiTouchPanelDetach	ms898270	-
DdsiTouchPanelDisable	ms898271	-
DdsiTouchPanelEnable	ms898272	-
DdsiTouchPanelGetDeviceCaps	ms898273	-
DdsiTouchPanelGetPoint	ms898274	-
DdsiTouchPanelPowerHandler	ms898276	-
DdsiTouchPanelSetMode	ms898277	-
DeactivateDevice	ms898278	-
Dead Gateway Detection	ms881675	-
Deallocating Memory Blocks Associated with Audio Data	aa451294	-
Debug NOTE (Message) Macros	aa451567	-
Debug Output	aa451568	-
Debug/Auxiliary	aa447457	-
DebugActiveProcess	ms885193	-
DebugBreak	ms885194	-
Debugging Functions	aa450702	-
Debugging MSMQ Installations	ms881676	-
Debugging Macros	ms887725	-
Debugging Structures	aa450706	-
Debugging a Style Sheet	ms862134	ms912467
Debugging using TUI Debug Zones	aa525622	-
Deciding How to Display IP Addresses	ms899748	-
Declaring the Derived Class	aa451296	-
DecoderInitFlag	aa451570	-
DecryptMessage	ms938416	-
DefDlgProc	ms908209	-
DefWindowProc	aa452929	-
Default Address Selection for IPv6	ms881677	-
Default IP Firewall Rules	ms881678	-
Default Registry Settings	ms887923	-
Default Registry Values for Menu	ms903856	-
Default Registry Values for Widgets	ms903857	-
DefaultTransferComplete	ms898279	-
DeferWindowPos	ms908210	-
Defining ActiveSync Objects	ms861269	-
Defining Calendar Formats	ms903859	-
Defining a Character Set	ms903858	-
Defining the DOM Context for XPath Expressions	ms862165	-
Defining the XSLT Context for XPath Expressions	ms862167	-
DefragVolume	ms887939	-
DefragVolumeEx	ms887947	-
DefragVolumeUI	ms887957	-
DeinitLAP	ms938427	-
Del_Share	aa450328	-
Delayed Acknowledgments	ms881679	-
DeleteAndRenameFile	ms887981	ms923960
DeleteCache	ms887992	-
DeleteCriticalSection	ms885196	-
DeleteDC	aa452930	-
DeleteFiber	ms885197	-
DeleteFile	ms889001	ms923961
DeleteHandler	ms885198	-
DeleteIPAddress	ms887920	-
DeleteIpForwardEntry	aa450325	-
DeleteIpNetEntry	aa450326	-
DeleteMediaType	aa451572	-
DeleteMenu	aa452932	-
DeleteObject	aa452933	-
DeletePartition	ms889008	-
DeleteProxyArpEntry	aa450327	-
DeleteSecurityContext	ms906494	-
DeleteTicket	ms885199	-
DeleteUrlCacheEntry	aa452150	-
DeleteUrlCacheGroup	aa452434	-
Deleting Database Information	ms885361	-
Deleting Files from an FTP Server	aa451954	-
Deleting a Cache Entry	aa451952	-
Deleting a Database Volume	ms885347	-
Deleting a File or a Directory	ms885351	-
Deleting a Queue (COM)	ms881682	-
Deleting a Registry Key or Value	ms885355	-
Deleting an Entry to the IP Forward Table	ms881680	-
Depth Buffering	aa451299	-
Depth Buffering State	aa451300	-
Depth Buffers	aa451301	-
Depth and Stencil Buffers	aa447458	-
Deregister and Disable a Profile	aa525623	ms926975
DeregisterDevice	ms898281	-
DeregisterService	aa450329	ms938139
Design Considerations for a Network Performance Test	aa447459	-
Design Goals	ms862135	-
Desktop Computer Registry Settings	ms861287	-
Desktop Registry Settings	aa452934	-
Desktop Registry Structure	ms861294	-
DestroyAcceleratorTable	aa452935	-
DestroyCaret	aa452936	-
DestroyIcon	aa452938	ms924844
DestroyMenu	aa452940	-
DestroyPalette	ms898283	-
DestroyPropertySheetPage	aa452941	-
DestroySurface	ms898284	-
DestroyVideoPort	ms898285	-
DestroyWindow	aa452942	-
Destroying Event Objects	ms881683	ms930661
DetectEncodingInfo	aa452152	ms902500
Detecting Changes to Desktop Objects	ms861304	-
Detecting Device Object Changes	ms861313	-
Determining Available Disk Space	ms885363	-
Determining Available Network Resources	ms881684	ms925096
Determining Hardware Support	aa451304	-
Determining Local and Remote Names	ms881685	ms930716
Determining PC Lock Status Using LASS	aa525625	-
Determining PC Lock Status by Calling the LAP Directly	aa525624	-
Determining Supported COM APIs	ms862136	ms885910
Determining if a Network Connection is Present	ms899755	-
Determining the Composition String	ms903860	-
Determining the Status of One or More Sockets	ms881687	ms910192
Determining the Version	ms862137	-
Developing Secure ActiveX Controls	ms862139	ms885903
Developing UPnP AV Framework Control Points	ms881690	-
Developing UPnP AV Framework Devices	ms881691	-
Developing UPnP AV Framework Devices and Control Points	ms881689	-
Developing a Display Driver that is Prepared for DirectDraw Support	aa447484	-
Developing the Keyboard PDD Entry Point	aa448250	-
Device Capability	ms881692	ms922572
Device Collections Returned by Synchronous Searches	ms881693	ms928307
Device Control	ms881694	-
Device Control IOCTLs	aa447460	-
Device Description	ms881695	ms907690
Device Descriptor	aa447461	-
Device File Names	aa447463	ms922484
Device Finder Creation	ms881698	ms907809
Device Initialization Responsibilities	aa447464	-
Device Layout Data	aa447467	-
Device Limitations for Texture Addressing	aa451310	-
Device Location	ms881699	-
Device Management Client Architecture	ms894425	-
Device Management Client Database	ms894426	ms898314
Device Management Client Migration	ms894427	-
Device Management Client OS Design Development	ms894460	-
Device Management Client Registry Settings	ms894465	-
Device Management Client Samples	ms894685	-
Device Management Client Security	ms894468	-
Device Management Service Design	ms894472	ms898322
Device Management Software Requirements	ms894480	ms898323
Device Manager Architecture	aa448269	-
Device Manager Registry Keys	aa447470	ms922588
Device Manager Security	aa448270	-
Device Power Capabilities	aa447472	-
Device Power States	aa447471	-
Device Registry Settings	ms861416	-
Device State D3 and System Wakeup	aa447475	-
Device States	aa451311	-
Device Types	aa451312	-
Device Types and Index Processing Requirements	aa451313	-
Device Types and Vertex Processing Requirements	aa451314	-
Device and System Power State Names	aa447476	-
Device-Supported Primitive Types	aa451307	-
DeviceCapabilities	aa450330	-
DeviceConfig	ms898287	ms902609
DeviceIoControl	ms898288	-
DeviceName Element (Poll Request)	ms895025	ms898354
DevicePoll Element (Poll Request)	ms895027	ms898355
DevicePowerNotify	ms898291	-
DeviceSearchType	ms898292	-
DhcpOptions	ms881702	-
DhcpSendOptions	ms881703	-
Diagnosing Connections	ms881706	-
Diagnosing Connectivity Problems using the Network Connection Status UI	ms899598	-
Dialing Characters Registry Settings	aa452945	-
Dialing Locations Registry Settings	aa452946	-
Dialog Boxes, Buttons, and Fonts	ms903861	-
DialogBox	aa452947	-
DialogBoxIndirect	aa452948	-
DialogBoxIndirectParam	aa452949	-
DialogBoxParam	aa452950	-
DialogProc	aa452951	-
Differences Between Direct3D Mobile and Other Versions of Direct3D	aa451315	-
Differences Between the LDAP Implementation in Windows CE and Windows Server 2003	ms862140	-
Differences Between the Windows CE and Desktop Models	ms862141	-
Differences from Desktop Implementations	aa447477	-
Diffie-Hellman Keys	ms925906	ms884365
Digest Authentication and RTC	aa525626	-
Digital Rights Management/DRM Application Development	aa452477	-
Digital Rights Management/DRM Migration	ms923153	-
Digital Rights Management/DRM OS Design Development	aa451316	-
Digital Rights Management/DRM Samples	ms932679	-
Digital Rights Management/DRM Security	aa451317	-
Direct Card Access Functions	ms925907	ms938408
Direct Light vs. Ambient Light	aa451340	-
Direct3D Mobile Application Development	aa452479	-
Direct3D Mobile Application Initialization	aa451318	-
Direct3D Mobile Application Operation	aa451319	-
Direct3D Mobile Application Shutdown	aa451320	-
Direct3D Mobile Architecture	aa451321	-
Direct3D Mobile Capability Bits	aa451580	-
Direct3D Mobile Cooperative Levels	aa451323	-
Direct3D Mobile Data Types	aa452480	-
Direct3D Mobile Device Capabilities	aa451308	-
Direct3D Mobile Devices	aa451324	-
Direct3D Mobile Driver Registry Settings	aa447478	-
Direct3D Mobile Enumerations	aa452481	-
Direct3D Mobile Functions	aa452482	-
Direct3D Mobile Interfaces	aa452483	-
Direct3D Mobile Light Model vs. Nature	aa451325	-
Direct3D Mobile Macros	aa452484	-
Direct3D Mobile Migration	aa452485	-
Direct3D Mobile OS Design Development	ms913324	-
Direct3D Mobile Programming	aa451327	-
Direct3D Mobile Reference	ms913343	-
Direct3D Mobile Reference Driver	aa447479	-
Direct3D Mobile Registry Settings	ms932521	-
Direct3D Mobile Rendering Pipeline	aa451328	-
Direct3D Mobile Resources	aa451329	-
Direct3D Mobile Samples	ms932530	-
Direct3D Mobile Security	ms932540	-
Direct3D Mobile Structures	ms932554	-
Direct3D Mobile and COM	aa451322	-
Direct3DMobile Object	aa451326	-
Direct3DMobileCreate	aa451581	-
DirectDraw Application Development/Advanced DirectDraw Information	aa451165	-
DirectDraw Application Development/Exploring Graphics Concepts	ms923363	-
DirectDraw Application Development/Getting Started with DirectDraw	ms923386	-
DirectDraw Application Development/Working with DirectDraw Clippers	ms925277	-
DirectDraw Application Development/Working with DirectDraw Objects	ms925278	-
DirectDraw Application Development/Working with DirectDraw Palettes	ms925279	-
DirectDraw Application Development/Working with DirectDraw Surfaces	ms925280	-
DirectDraw Application Development/Working with Graphics Devices	ms925281	-
DirectDraw Callback Functions (SDK)	ms925292	-
DirectDraw Display Driver Architecture	ms890597	-
DirectDraw Driver Samples	aa447489	-
DirectDraw Functions	ms925293	-
DirectDraw Interfaces	ms925294	-
DirectDraw Middleware Architecture/Architectural Overview for DirectDraw	aa451182	-
DirectDraw Middleware Architecture/DirectDraw Object Types	aa451334	-
DirectDraw Middleware Architecture/Hardware Abstraction Layer	ms923402	-
DirectDraw Middleware Architecture/Software Emulation	ms924638	-
DirectDraw Middleware Architecture/System Integration	ms924663	-
DirectDraw Return Values	aa451337	ms892440
DirectDraw Structures (SDK)	ms925296	-
DirectDraw/DirectDraw Application Development	ms932573	-
DirectDraw/DirectDraw Migration	aa451332	-
DirectDraw/DirectDraw OS Design Development	aa451335	-
DirectDraw/DirectDraw Reference	ms925295	-
DirectDraw/DirectDraw Registry Settings	aa451336	-
DirectDraw/DirectDraw Samples	aa451338	-
DirectDraw/DirectDraw Security	aa451339	-
DirectDrawCreate	aa451583	ms893901
DirectDrawCreateClipper	aa451584	ms893900
DirectDrawEnumerate	aa451585	ms893903
DirectDrawEnumerateEx	aa451586	ms893902
DirectInputCreate	ms864419	ms886964
DirectShow Application Development/Audio and Video Capture Support	aa451185	-
DirectShow Application Development/DirectShow Architecture	aa451343	-
DirectShow Application Development/DirectShow C++ Class Library	aa451345	-
DirectShow Application Development/Getting Started with DirectShow	ms932597	-
DirectShow Application Development/Writing DirectShow Filters	ms925289	-
DirectShow Architecture for Filter Developers/Connection Implementation in the Base Classes	ms923409	-
DirectShow Architecture for Filter Developers/Data Flow in the Filter Graph	aa451292	-
DirectShow Architecture for Filter Developers/Overview of the Filter Connection Process	ms924192	-
DirectShow Architecture for Filter Developers/Quality-Control Management	ms924587	-
DirectShow Architecture for Filter Developers/Time and Clocks in DirectShow	aa451394	-
DirectShow Architecture/DirectShow System Overview	aa451354	-
DirectShow Architecture/Elements of the Filter Graph	aa451390	-
DirectShow Architecture/Event Notification in DirectShow	ms923350	-
DirectShow Architecture/Graph Building with Intelligent Connect	ms923389	-
DirectShow Architecture/Movement of Data Through the Filter Graph	ms924154	-
DirectShow C++ Class Library/Base Classes	aa451200	-
DirectShow C++ Class Library/Utility Classes	aa451450	-
DirectShow Debugging Functions	aa451346	-
DirectShow Debugging Macros	aa451347	-
DirectShow Reference/DirectShow Classes	ms925297	-
DirectShow Reference/DirectShow Enumerations	ms925298	-
DirectShow Reference/DirectShow Functions	ms925299	-
DirectShow Reference/DirectShow Interfaces	ms925300	-
DirectShow Reference/DirectShow Macros	ms925301	-
DirectShow Reference/DirectShow Structures	ms925303	-
DirectShow Reference/Unsupported DirectShow Items	aa452398	-
DirectShow and COM/Creating a DLL in DirectShow	aa451266	-
DirectShow and COM/Implementing IUnknown in DirectShow	ms923419	-
DirectShow and COM/Registering DirectShow Filters	ms924596	-
DirectShow/DMO Reference	aa451607	-
DirectShow/DirectShow Application Development	ms932581	-
DirectShow/DirectShow Migration	aa451349	-
DirectShow/DirectShow OS Design Development	aa451350	-
DirectShow/DirectShow Reference	ms925302	-
DirectShow/DirectShow Registry Settings	aa451351	-
DirectShow/DirectShow Samples	ms932673	-
DirectShow/DirectShow Security	aa451353	-
DirectShow/DirectX Media Objects	aa451355	-
DirectShow/Media Types	ms932033	-
DirectShow/Supported Audio Codecs and Renderers	ms924654	-
DirectShow/Supported DirectShow Filters	ms924655	-
DirectShow/Supported Video Codecs	ms924656	-
DirectX Media Objects/DMOs and Media Types	aa451360	-
DirectX Media Objects/Introduction to DirectX Media Objects	ms923433	-
DirectX Media Objects/Using DMOs in a DirectShow Application	aa451427	-
DirectX Media Objects/Using DirectX Media Objects	aa451426	-
Directly Mapping Texels to Pixels	aa451341	-
Directory Element (Software Inventory Report)	ms895029	ms898356
DirectoryClientRegParams	ms909306	-
DirectoryService Element (Location Request)	ms895031	ms898358
DirectoryService Element (Location Response)	ms895033	ms898357
DisableThreadLibraryCalls	ms885200	-
Disabling Background Flushing to Improve Performance	ms892401	-
Disabling Multiple Windows	aa451958	ms899106
DisassociateSession	ms885201	-
Disconnecting from an OBEX Server	ms881712	ms922574
Discovering OBEX Devices	ms881696	-
DismountPartition	ms889019	-
DismountStore	ms889024	-
DispGetIDsOfNames	ms864421	ms886965
DispGetParam	ms864422	ms886966
DispInvoke	ms864425	ms886969
DispatchMessage	aa452956	-
Display Buffer Formats	aa447494	-
Display Device Performance Profile Analysis	aa448251	-
Display Driver Migration	aa447499	-
Display Driver Performance Profiling	aa447501	-
Display Driver Recommendations	aa447503	-
Display Driver Registry Settings	aa447504	-
Display Driver Security	aa447508	-
Display Drivers and the Run-Time Image	aa447507	-
Display Items	aa525628	-
Display Modes/About Display Modes	aa451155	-
Display Modes/Determining Supported Display Modes	aa451305	-
Display Modes/Setting Display Modes	ms924623	-
DisplayInit	ms898301	-
Displaying Information	aa452635	-
Displaying Text with Uniscribe	ms917982	-
Displaying a Mouse Cursor in the TUI	aa525627	-
Displaying and Handling Items in the New Button Menu	aa452628	-
Displaying the Current Security Zone	aa451960	ms899138
Dithering	aa451359	-
DllCanUnloadNow	ms864427	ms886972
DllGetClassObject	ms864428	ms886973
DllMain	ms885202	-
DllRegisterServer	ms864429	ms886974
DllUnregisterServer	ms864430	ms886975
DnsModifyRecordsInSet_W	aa450335	-
DnsQuery_W	aa450336	-
DnsRecordListFree	aa450337	-
DnsReplaceRecordSetW	aa450338	-
Domain Discovery	ms898953	-
Domain Discovery Application Development	ms881715	-
Domain Discovery Functions	ms898954	-
Domain Discovery Migration	ms881716	-
Domain Discovery OS Design Development	ms881717	-
Domain Discovery Reference	ms898955	-
Domain Discovery Samples	ms881718	-
Domain Discovery Security	ms881719	-
Domain Discovery Structures	aa450365	-
Domain Element (Poll Request)	ms895043	ms898363
Download Event Status Reports	ms894482	ms898364
DrawEdge	aa452968	-
DrawFocusRect	aa452969	-
DrawFrameControl	aa452970	-
DrawIconEx	aa452972	ms924846
DrawMenuBar	aa452975	-
DrawStatusText	aa452976	-
DrawText	ms901121	ms900650
DrawThemeBackground	aa452191	-
Drawing Text	ms900901	ms900648
Drawing and Formatting Text	ms900854	ms900756
Driver Catalog Items	aa447510	-
Driver Initialization in Direct3D Mobile	aa447517	-
Driver Load Order	aa451364	-
Driver-to-Power Manager APIs	aa447523	-
DriverEntry	aa447730	-
DrvAdvPageSetupDlg	aa452636	ms899127
DrvAnyBlt	aa447731	-
DrvBitBlt	aa447732	-
DrvCopyBits	aa447734	-
DrvCreateDeviceBitmap	aa447735	-
DrvDeleteDeviceBitmap	aa447736	-
DrvDisableDriver	aa447737	-
DrvDisablePDEV	aa447738	-
DrvDisableSurface	aa447739	-
DrvEnableDriver	aa447741	-
DrvEnablePDEV	aa447742	-
DrvEnableSurface	aa447743	-
DrvEndDoc	aa447744	-
DrvEscape	aa447745	-
DrvFillPath	aa447746	-
DrvGetMasks	aa447747	-
DrvGetModes	aa447748	-
DrvGradientFill	aa447749	-
DrvMovePointer	aa447750	-
DrvPaint	aa447752	-
DrvPowerHandler	aa447753	-
DrvRealizeBrush	aa447754	-
DrvRealizeColor	aa447755	-
DrvSetPalette	aa447756	-
DrvSetPointerShape	aa447757	-
DrvStartDoc	aa447758	-
DrvStartPage	aa447759	-
DrvStrokePath	aa447760	-
DrvTransparentBlt	aa447761	-
DrvUnrealizeColor	aa447762	-
DsGetDcName	aa450367	-
Dual Stack Architecture	ms881720	-
Dump File Bucketing	aa526062	-
Dump File Format	ms939593	-
Dump File Structures	ms939618	-
DumpGraph	aa451614	-
Duplicate IP Address Detection for IPv4	ms881721	-
Duplicate IP Address Detection for IPv6	ms881722	-
DuplicateHandle	ms885208	-
Dutch Keyboard	aa447524	-
EAP Application Development	ms881854	-
EAP Authentication Protocols	ms881723	-
EAP Enumerations	ms886656	-
EAP Functions	ms886657	-
EAP Implementation Details	ms881724	-
EAP Initialization	ms881725	ms899194
EAP Installation	ms881726	ms899200
EAP Migration	ms898956	-
EAP OS Design Development	ms881855	-
EAP Reference	ms886658	-
EAP Registry Settings	ms881728	ms899192
EAP Samples	ms898957	-
EAP Security	ms881729	-
EAP Structures	ms886659	-
ECHO (Command Processor)	aa452994	-
EC_ACTIVATE	aa451631	-
EC_BUFFERING_DATA	aa451633	-
EC_CLOCK_CHANGED	aa451634	-
EC_COMPLETE	aa451635	-
EC_DRM_LEVEL	aa451670	-
EC_END_OF_SEGMENT	aa451638	-
EC_ERRORABORT	aa451640	-
EC_ERROR_STILLPLAYING	aa451642	-
EC_FULLSCREEN_LOST	aa451644	-
EC_NEED_RESTART	aa451647	-
EC_NOTIFY_WINDOW	aa451648	-
EC_OLE_EVENT	aa451649	-
EC_OPENING_FILE	aa451650	-
EC_PALETTE_CHANGED	aa451651	-
EC_QUALITY_CHANGE	aa451653	-
EC_REPAINT	aa451654	-
EC_SEGMENT_STARTED	aa451655	-
EC_SHUTTING_DOWN	aa451656	-
EC_STARVATION	aa451657	-
EC_STREAM_CONTROL_STARTED	aa451659	-
EC_STREAM_CONTROL_STOPPED	aa451660	-
EC_STREAM_ERROR_STILLPLAYING	aa451661	-
EC_STREAM_ERROR_STOPPED	aa451662	-
EC_TIME	aa451663	-
EC_USERABORT	aa451664	-
EC_VIDEO_SIZE_AR_CHANGED	aa451667	-
EC_VIDEO_SIZE_CHANGED	aa451668	-
EC_WINDOW_DESTROYED	aa451669	-
EDB Data Types and Size Limits	ms885368	-
EDB Database Support	ms885373	-
EDB Functions	aa516932	-
EDB Reference	aa516933	-
EDB Schema Support	ms885379	-
EDB Structures	aa516934	-
EDDGPEPixelFormat	aa447764	-
EDDGPEPixelFormatToEGPEFormat	aa447765	-
EDVDAspectRatioMode	aa447766	-
EDVDAudioFreq	aa447767	-
EDVDAudioStreamType	aa447768	-
EDVDDisplayAspectRatio	aa447769	-
EDVDLpcmQuantization	aa447780	-
EDVDSyncEventType	aa447781	-
EGPEFormatToEDDGPEPixelFormat	aa447782	-
EHighlightAction	aa447783	-
ELEMDESC	ms864455	ms886983
EM_CANUNDO	aa452998	-
EM_CHARFROMPOS	aa453001	-
EM_EMPTYUNDOBUFFER	aa453002	-
EM_FMTLINES	aa453003	-
EM_GETFIRSTVISIBLELINE	aa453004	-
EM_GETLIMITTEXT	aa453005	-
EM_GETLINE	aa453006	-
EM_GETLINECOUNT	aa453007	-
EM_GETMARGINS	aa453008	-
EM_GETMODIFY	aa453009	-
EM_GETPASSWORDCHAR	aa453010	-
EM_GETRECT	aa453011	-
EM_GETSEL	aa453012	-
EM_LIMITTEXT	aa453013	-
EM_LINEFROMCHAR	aa453014	-
EM_LINEINDEX	aa453015	-
EM_LINELENGTH	aa453016	-
EM_LINESCROLL	aa453017	-
EM_POSFROMCHAR	aa453018	-
EM_REPLACESEL	aa453020	-
EM_SCROLL	aa453021	-
EM_SCROLLCARET	aa453022	-
EM_SETLIMITTEXT	aa453023	-
EM_SETMARGINS	aa453024	-
EM_SETMODIFY	aa453025	-
EM_SETPASSWORDCHAR	aa453026	-
EM_SETREADONLY	aa453027	-
EM_SETRECT	aa453028	-
EM_SETRECTNP	aa453029	-
EM_SETSEL	aa453030	-
EM_SETTABSTOPS	aa453031	-
EM_UNDO	aa453032	-
ENGCALLBACKS	aa447784	-
ENUMLOGFONT	ms901128	ms900725
EN_CHANGE	aa453036	-
EN_ERRSPACE	aa453042	-
EN_HSCROLL	aa453043	-
EN_KILLFOCUS	aa453044	-
EN_MAXTEXT	aa453045	-
EN_SETFOCUS	aa453046	-
EN_UPDATE	aa453053	-
EN_VSCROLL	aa453054	-
ERASE, DEL	aa453057	ms879828
ERRORMSG	aa451079	-
ETH_COPY_NETWORK_ADDRESS	aa447796	-
EUDP Management	ms903866	-
EVENTLOG	ms881849	-
EXCEPINFO	aa514943	ms886984
EXCEPTION_DEBUG_INFO	ms885214	-
EXCEPTION_POINTERS	ms885215	-
EXCEPTION_RECORD	ms885216	-
EXIT	aa453059	ms879829
EXIT_PROCESS_DEBUG_INFO	ms885218	-
EXIT_THREAD_DEBUG_INFO	ms885220	-
EXTENSION_CONTROL_BLOCK	aa450369	-
East Asian Font Versions	ms903863	-
East Asian Fonts	ms903862	-
Edit Control Styles	aa452995	-
EditSession	ms885211	-
Editing Labels	aa452638	-
Editing the Composition String	ms903864	-
EditorDeregister	ms885209	-
EditorInitialize	ms885210	-
Effects of White Space in the Style Sheet	ms862142	ms912468
Elements of the Filter Graph/Allocators	aa451168	-
Elements of the Filter Graph/Clocks	aa451240	-
Elements of the Filter Graph/Filters	ms923368	-
Elements of the Filter Graph/Media Samples	ms924141	-
Elements of the Filter Graph/Pins	ms924202	-
Elements of the Filter Graph/The Filter Graph	aa451389	-
Ellipse	aa452997	-
Embedding the Digital Signature as a Resource	ms925908	ms884645
EmptyClipboard	aa453019	-
Enable Presence Functionality	aa525629	-
EnableEUDC	ms901122	ms900655
EnableHardwareKeyboard	aa453033	-
EnableMenuItem	aa453034	-
EnableWindow	aa453035	-
Enabled Element (Poll Response)	ms895054	ms898369
Enabling Antialiased Fonts	ms901096	ms899130
Enabling Asian Line Breaking	ms901013	ms900736
Enabling Auto Dial for ICS	ms881832	ms901850
Enabling ClearType	ms901097	ms899132
Enabling Depth Buffering	ms923211	-
Enabling EUDC	ms901067	ms900737
Enabling Error Reporting in the OAL	ms939661	-
Enabling Font Linking	ms901076	ms900657
Enabling IPv4 Routing	ms899760	-
Enabling IPv6 Forwarding	ms899766	-
Enabling IPv6 Routing	ms881834	-
Enabling Linked Fonts	ms901098	ms899136
Enabling Monte Carlo Profiling of a Configuration	aa448252	-
Enabling NAT	ms881836	ms901861
Enabling Shell Callback Functions	aa452642	ms899139
Enabling Slide Animation for the Taskbar	aa452644	ms899140
Enabling a Backlight	aa452639	-
Enabling and Disabling Lights	ms923219	-
Enabling or Disabling a Service Provider in a New Partnership	ms861429	-
Enabling the DHCP Allocator	ms881837	ms901853
Enabling the DNS Proxy	ms881838	ms901857
Enabling the PCI Bus Driver	ms923768	-
EncoderParameter	aa451679	-
EncoderParameterValueType	aa451681	-
EncoderParameters	aa451680	-
EncoderValue	aa451682	-
Encoding and Decoding a Certificate Context	ms925909	ms883658
EncodingStream Property	ms864461	-
EncryptMessage	ms906502	-
Encrypting and Decrypting Data	ms925910	-
Encrypting and Decrypting Simultaneously	ms925911	ms884367
Encryption and Decryption	ms925912	-
End User Defined Character Codepoint Ranges	aa520322	-
End User-Defined Phrase (EUDP)	ms903865	-
EndDeferWindowPos	aa453037	-
EndDialog	aa453038	-
EndDoc	aa453039	ms924807
EndMessage Method	ms864462	-
EndPage	aa453040	ms924809
EndPaint	aa453041	-
Ending an SSPI Session	ms925913	-
EngCreateDeviceBitmap	aa447785	-
EngCreateDeviceSurface	aa447786	-
EngCreatePalette	aa447787	-
EngDeleteSurface	aa447788	-
Engine Characteristics	ms862143	-
Enhanced Functionality at Connect Time	ms881839	ms930819
Enrolling Users	ms926482	-
Enrollment Options	ms925945	-
Ensuring Communication Integrity	ms925914	-
EnterCriticalSection	ms885212	-
EnumCalendarInfo	ms904721	ms919176
EnumCalendarInfoProc	ms904722	ms919182
EnumCard	aa447789	-
EnumClipboardFormats	aa453047	-
EnumCodePagesProc	ms904723	ms919189
EnumDateFormats	ms904724	ms919196
EnumDateFormatsProc	ms904740	ms919208
EnumDeviceInterfaces	aa447790	-
EnumDevices	aa447791	-
EnumDisplayDevices	aa453048	-
EnumDisplayMonitors	aa451688	ms921262
EnumDisplaySettings	aa453049	-
EnumFontFamProc	ms901125	ms900667
EnumFontFamilies	ms901123	ms900661
EnumFontFamiliesEx	ms901124	-
EnumFonts	ms901126	ms900669
EnumFontsProc	ms901127	ms900673
EnumLocalesProc	ms904848	ms919215
EnumModesCallback	aa451690	ms893905
EnumModesCallback2	aa451691	ms893904
EnumPnpIds	aa447792	-
EnumPropsEx	aa453050	-
EnumRegisterWordProc	ms904955	ms919224
EnumServices	aa450368	ms938151
EnumSocket	aa447793	-
EnumSurfacesCallback	aa451692	ms893907
EnumSurfacesCallback2	aa451693	ms893906
EnumSystemCodePages	ms905062	ms919231
EnumSystemLocales	ms905070	ms919238
EnumTimeFormats	ms905077	ms919245
EnumTimeFormatsProc	ms905083	ms919251
EnumUILanguages	ms905092	ms919258
EnumUILanguagesProc	ms905116	ms919264
EnumVideoCallback	aa451694	ms893908
EnumWindows	aa453051	-
EnumWindowsProc	aa453052	-
EnumerateSecurityPackages	ms906509	-
Enumerating Clouds	ms881840	-
Enumerating Code Pages and Locales	aa451963	ms902448
Enumerating Databases and Database Volumes	ms885382	-
Enumerating Device Objects	ms861466	-
Enumerating Directories	aa451965	-
Enumerating Fonts	ms901077	ms900659
Enumerating Objects	ms861472	-
Enumerating Objects with the FindObjects Function	ms861476	-
Enumerating Registry Keys	ms885387	-
Enumerating the Cache	aa451967	-
Envelope Property	aa514561	-
EqualPins	aa451697	-
EqualRect	aa453055	-
EqualRgn	aa453056	-
Error Codes for the Imaging API	aa451701	-
Error Conditions in Direct3D Mobile	ms923237	-
Error Functions	aa450739	-
Error Message Functions	aa451704	-
Error Report Control Panel	ms939651	-
Error Report Control Panel OS Design Development	ms939585	-
Error Report Control Panel Registry Settings	ms939614	-
Error Report Enumerations	ms939620	-
Error Report Functions	ms939615	-
Error Report Generator	ms939652	-
Error Report Generator OS Design Development	ms939597	-
Error Report Generator Reference	ms939616	-
Error Report Generator Registry Settings	ms939617	-
Error Report Transfer Driver	ms939653	-
Error Report Transfer Driver OS Design Development	ms939601	-
Error Report Transfer Driver Registry Settings	ms939602	-
Error Reporting Catalog Items	ms939619	-
Error Reporting Features	aa526067	-
Error Reporting Modes and Settings	aa526068	-
Error Reporting Overview	ms939599	-
Error Reporting Registry Settings	aa526063	-
Error Reporting Security	ms939621	-
Error Reporting and Parameter Validation	ms881842	ms930829
Error and Success Codes	aa451699	-
ErrorAnalysis	aa447795	-
EscapeCommFunction	ms885213	-
Establishing a Network Connection	ms881844	ms925097
Establishing an ActiveSync Desktop-Device Partnership	ms861484	-
Establishing an LDAP Session	ms862144	ms919158
Ethernet Object Identifiers	ms894877	-
Evaluation of Network Performance Test Results	ms890534	-
Event	aa452193	-
Event Notification Codes	aa451706	-
Event Notification in DirectShow/Learning When an Event Occurs	ms923436	-
Event Notification in DirectShow/Overview of Event Notification	ms924189	-
Event Notification in DirectShow/Retrieving Events	ms924608	-
Event Object Signaling	ms881851	ms930846
Event Objects in the Winsock SPI	ms881852	-
Eventing ContainerUpdateIDs	ms881847	-
Eventing in the UPnP AV Framework	ms881848	-
Examining the DVDSample Sample Application/Architectural Overview of DVDSample	aa451183	-
Examining the DVDSample Sample Application/Callbacks in DVDSample	aa451224	-
Examining the DVDSample Sample Application/Setting up DirectDraw in DVDSample	ms924632	-
Examining the DVDSample Sample Application/The DVDSample Control Panel	aa451386	-
Examining the DVDSample Sample Application/The DVDSample Startup Sequence	aa451387	-
Examining the TUI Implementation	ms909264	-
Example System Power States	ms892149	-
Example VAIL Application Structure	aa525630	-
Examples of CEUTIL Functions	ms861491	-
Exception Functions	aa450741	-
Exception Mode	ms939609	-
Exception Mode Error Reporting	aa526064	-
Exception Structures	aa450743	-
Exchange Client API Organization	ms862146	-
Exchange Client Migration	ms862148	-
Exchange Client OS Design Development	ms862149	-
Exchange Client Registry Settings	aa513729	-
Exchange Client Samples	ms897393	-
Exchange Client Security	ms862150	-
ExchangeClientRequestStatus	aa514944	-
ExchangeClientRequestType	aa514947	-
Exchanging Public Keys	ms925915	ms884368
Exchanging Session Keys	ms925916	ms884369
ExcludeClipRect	aa453058	-
ExcludeCompressed Element (Poll Response)	ms895060	ms898372
ExcludeEncrypted Element (Poll Response)	ms895062	ms898373
ExecuteOperation Method	aa514948	-
ExitProcess	ms885217	-
ExitThread	ms885219	-
Exploring Graphics Concepts/Blitting	aa451209	-
Exploring Graphics Concepts/Bounding Rectangles	aa451219	-
Exploring Graphics Concepts/Device-Independent Bitmaps	aa451309	-
Exploring Graphics Concepts/Drawing Surfaces	aa451363	-
Exploring Graphics Concepts/Page Flipping and Back Buffering	ms924193	-
Exploring XSLT Capabilities	ms862151	-
Exported DDHAL Functions	aa447797	-
Exporting Cryptographic Keys	ms925917	ms884370
Exposing Capture and Compression Formats/Audio Capabilities	ms940043	-
Exposing Capture and Compression Formats/Reconnecting Your Input to Ensure Specific Output Types	ms940070	-
Exposing Capture and Compression Formats/Video Capabilities	ms940076	-
Expressions	ms862152	-
ExtCreateRegion	aa453061	-
ExtEscape	aa453063	-
ExtTextOut	ms901129	ms900676
Extended Byte-Order Conversion Routines	ms881853	ms930864
Extending Shortcut Menus for a File Class	aa452650	-
Extending a Display Driver with the DDGPE Classes	aa447498	-
Extensible Authentication Protocol	ms898958	-
Extension Agents Registry Settings	ms894489	ms907035
Extension-Agent Implementor APIs	ms894486	ms926847
ExtensionPropSheetPageProc	aa453062	-
Extra Bytes	ms892151	-
ExtractIconEx	aa453065	ms924847
FAT File System	ms885394	-
FAT File System OS IOCTLs	ms885399	-
FAT File System OS Reference	aa516935	-
FAT File System OS Structures	aa516936	-
FAT File System Registry Settings	ms885403	-
FAT Utility Library OS Functions	aa516937	-
FILECHANGEINFO	ms889030	-
FILECHANGENOTIFY	aa453066	-
FILELOCKSTATE	aa517917	-
FILETIME	ms885586	-
FILE_ALLOCATED_RANGE_BUFFER	ms889307	-
FILE_COPY_EXTERNAL	ms889492	-
FILE_NOTIFY_INFORMATION	ms889597	-
FILE_ZERO_DATA_INFORMATION	ms889606	-
FILTERHOOK	ms889612	ms923962
FILTER_INFO	aa451713	-
FILTER_STATE	aa451714	-
FINDEX_INFO_LEVELS	ms889654	ms923965
FINDEX_SEARCH_OPS	ms889664	ms923966
FINDOBJINFO	ms879798	-
FIREWALL	ms881863	-
FIXED_INFO	aa450381	-
FLAT Sample Display Driver	ms892154	-
FMDInterface	aa447814	-
FMD_Deinit	aa447809	-
FMD_EraseBlock	aa447810	-
FMD_GetBlockStatus	aa447811	-
FMD_GetInfo	aa447812	-
FMD_Init	aa447813	-
FMD_OEMIoControl	aa447815	-
FMD_PowerDown	aa447816	-
FMD_PowerUp	aa447817	-
FMD_ReadSector	aa447818	-
FMD_SetBlockStatus	aa447819	-
FMD_WriteSector	aa447820	-
FONTSIGNATURE	ms885597	-
FORMATETC	aa514993	ms886985
FORMAT_OPTIONS	ms890413	-
FORMAT_PARAMS	ms890489	-
FORMAT_RESULTS	ms890505	-
FORWARD_WM_NOTIFY	aa453073	-
FOURCCMap Class	aa451715	-
FOURCCMap::FOURCCMap	aa451716	-
FOURCCMap::GetFOURCC	aa451717	-
FOURCCMap::SetFOURCC	aa451718	-
FRAGNODE	ms890514	-
FSCTL_COPY_EXTERNAL_COMPLETE	ms890532	-
FSCTL_COPY_EXTERNAL_START	ms890545	-
FSCTL_GET_COMPRESSION	ms890558	-
FSCTL_GET_REGISTRY_INFO	ms890569	-
FSCTL_QUERY_ALLOCATED_RANGES	ms890585	-
FSCTL_SET_COMPRESSION	ms890601	-
FSCTL_SET_SPARSE	ms890611	-
FSCTL_SET_ZERO_DATA	ms890637	-
FSCTL_USER	ms890651	-
FSD Data Types	ms890679	ms923669
FSD Functions	aa516946	-
FSD IOCTLs	ms889123	-
FSD Reference	aa516947	-
FSD Structures	aa516948	-
FSDMGR_AcquireFileLock	aa517919	-
FSDMGR_CloseFileLockState	aa517920	-
FSDMGR_CreateFileHandle	ms890708	ms923974
FSDMGR_CreateSearchHandle	ms890716	ms923975
FSDMGR_DeregisterVolume	ms890721	ms923976
FSDMGR_DeviceHandleToHDSK	ms890822	-
FSDMGR_DiskIoControl	ms890829	-
FSDMGR_EmptyLockContainer	aa517921	-
FSDMGR_GetDiskInfo	ms890738	ms923977
FSDMGR_GetRegistryFlag	ms890745	ms923978
FSDMGR_GetRegistryString	ms890753	ms923979
FSDMGR_GetRegistryValue	ms890762	-
FSDMGR_GetVolumeName	ms890773	-
FSDMGR_OpenFileLockState	aa517922	-
FSDMGR_ReadDisk	ms890782	-
FSDMGR_ReadDiskEx	ms890792	-
FSDMGR_RegisterVolume	ms890800	-
FSDMGR_RemoveFileLock	aa517923	-
FSDMGR_WriteDisk	ms890807	-
FSDMGR_WriteDiskEx	ms890814	-
FSD_BUFFER_INFO	ms890667	-
FSD_DISK_INFO	ms890695	-
FSD_HookVolume	ms890702	-
FSD_MountDisk	ms890837	-
FSD_SCATTER_GATHER_INFO	ms890842	-
FSD_SCATTER_GATHER_RESULTS	ms890852	-
FSD_UnhookVolume	ms890860	-
FSD_UnmountDisk	ms890869	-
FSD_VOLUME_INFO	aa517924	-
FSSCTL_FLUSH_BUFFERS	ms890878	-
FTP Function Handles	aa451971	-
FTP Server	ms898962	-
FTP Server Application Development	ms881869	-
FTP Server Authentication	ms881870	ms901071
FTP Server Data Types	ms881871	ms901163
FTP Server Implementation	ms881872	-
FTP Server Migration	ms881873	-
FTP Server OS Design Development	ms881874	-
FTP Server Registry Settings	ms881875	ms901310
FTP Server Samples	ms881876	-
FTP Server Security	ms881877	ms901455
FTP Server User List	ms881878	ms901285
FTP WinInet Functions	ms881879	ms901295
FUNCDESC	aa515005	ms886986
FUNCFLAGS	aa515008	ms886002
FUNCKIND	aa515010	ms886987
FVF Vertex Buffers	ms923382	-
FW_ACTIONS	ms898963	-
FW_DAYS	aa450384	-
FW_DIRECTIONS	aa450385	-
FW_IP_ADDRESS	aa450386	-
FW_LOG_ENTRY	aa450387	-
FW_RULE	aa450388	-
FW_RULE_FLAGS	aa450389	-
FW_RULE_MASKS	aa450390	-
Failure Recovery	ms894492	ms898326
FailureRetryCount Element (Poll Response)	ms895064	ms898374
FailureRetryInterval Element (Poll Response)	ms895066	ms898375
Fault Property (ISoapReader)	aa514972	-
FaultActor Property (ISoapReader)	aa514960	-
FaultCode Property (ISoapReader)	aa514969	-
FaultDetail Property	aa514970	-
FaultString Property (ISoapReader)	aa514978	-
Fiber Functions	aa450744	-
FiberProc	ms885221	-
File Collection Report	ms894496	ms898376
File Compression	ms885413	-
File Element (Software Inventory Report)	ms895074	ms898379
File Formats/AVI 2.0 File Format Extensions	aa451194	-
File Formats/AVI RIFF File Reference	aa451196	-
File Formats/DirectShow Graph File Format	aa451348	-
File Formats/Registering a Custom File Type	ms924595	-
File I/O Enumerations	aa516938	-
File I/O Functions	aa516939	-
File I/O Reference	aa516940	-
File I/O Structures	aa516941	-
File Mapping Functions	aa516942	-
File Mapping Reference	aa516943	-
File Server	ms898959	-
File Server Application Development	ms881857	-
File Server Functions	ms886670	-
File Server Migration	ms881858	-
File Server OS Design Development	ms881859	-
File Server Reference	ms886671	-
File Server Registry Settings	ms884924	ms906629
File Server Samples	ms881860	-
File Server Security	ms881861	-
File System Driver Creation	ms885334	-
File System Driver Loading	ms885494	-
File System Filter Implementation	ms885427	-
File System Filter Registry Settings	ms885432	-
File System Filter Samples	ms885439	-
File System Filters	ms885434	-
File System Loading and Unloading	ms892152	-
File System Operations	ms885443	-
File System Password Functions	aa516944	-
File System Password Reference	aa516945	-
File System Settings	aa517910	-
File Systems	ms885452	-
File Systems Registry Settings Overview	aa517912	-
File Systems and Data Store Application Development	ms892388	-
File Systems and Data Store Catalog Items	ms885457	-
File Systems and Data Store Migration	ms892389	-
File Systems and Data Store OS Design Development	ms892390	-
File Systems and Data Store OS Reference	ms889212	-
File Systems and Data Store Reference	ms892385	-
File Systems and Data Store Registry Settings	ms892391	-
File Systems and Data Store Security	ms886136	-
File Viewer Application Limitations	ms861508	-
File Viewer Command-Line Execution	ms861516	-
File Viewers Registry Settings	ms861535	-
File and Database Replication	ms885407	-
File-Naming Limitations	ms885416	-
FileCollectionSettings Element (Poll Response)	ms895068	ms898377
FileFilterItem Element (Poll Response)	ms895079	ms898381
FileReport Element (Software Inventory Report)	ms895085	ms898383
FileTimeToLocalFileTime	ms885589	-
FileTimeToSystemTime	ms885593	-
Filesys.exe Boot Process	ms885423	-
FillRect	aa453067	-
FillRgn	aa453068	-
Filter Element (Poll Response)	ms895092	ms898386
Filter and Transition Properties	ms905676	-
Filtering Local Variables in the NDIS Miniport Driver PhyDetect and SetupPhy Functions	ms895487	-
Filtering Messages (COM)	ms881862	-
Filters and Filter Patterns	aa514981	-
Find Method (EnumWSDLService)	aa514983	-
FindClose	ms889619	ms923963
FindCloseChangeNotification	ms889625	ms923964
FindClosePartition	ms889632	-
FindCloseStore	ms889642	-
FindCloseUrlCache	aa452195	-
FindFirstChangeNotification	ms889670	ms923967
FindFirstDevice	aa447798	-
FindFirstFile	ms889678	ms923968
FindFirstFileEx	ms889683	ms923969
FindFirstPartition	ms889689	-
FindFirstStore	ms889696	-
FindFirstUrlCacheEntry	aa452197	-
FindFirstUrlCacheEntryEx	ms919201	-
FindFirstUrlCacheGroup	aa452486	-
FindI	ms937590	-
FindMediaType	aa452199	ms928781
FindMediaTypeClass	aa452201	ms928782
FindMimeFromData	aa452204	ms928783
FindNextChangeNotification	ms889784	ms923970
FindNextDevice	aa447800	-
FindNextFile	ms889873	ms923971
FindNextPartition	ms889968	-
FindNextStore	ms890093	-
FindNextUrlCacheEntry	ms919204	-
FindNextUrlCacheEntryEx	aa452206	-
FindNextUrlCacheGroup	aa452487	-
FindObjects	ms879797	-
FindResource	aa453069	-
FindWindow	aa453070	-
Firewall	ms898960	-
Firewall Rule Examples	ms898961	-
FirewallCreateRule	aa450371	-
FirewallDeleteRule	aa450372	-
FirewallEnable	aa450373	-
FirewallEnableRule	aa450374	-
FirewallGetRules	aa450375	-
FirewallLogInit	aa450376	-
FirewallLogPacket	aa450377	-
FirewallLogUninit	aa450378	-
FirewallRefresh	aa450379	-
FirewallSetInterface	aa450380	-
Firewalls and NATs	aa525631	-
Flags Element (Instruction Response)	ms895095	ms898387
FlashInfo	aa447801	-
Flip	aa447806	-
FlipVideoPort	aa447808	-
Flipping Surfaces	ms923375	ms893104
Flow Control Using ICMP for IPv4	ms881866	-
Flush-On-Close Registry Flushing	ms885460	-
FlushCache	ms890202	-
FlushFileBuffers	ms890238	ms923972
FlushInstructionCache	ms885595	-
FlushIpNetTable	aa450382	-
FlushViewOfFile	ms890303	ms923973
Fog	ms923377	-
Fog State	ms923378	-
FoldString	ms905209	ms919269
Folder Browsing Service	ms881867	ms922575
Font Linking	aa451969	ms902464
Font Linking Registry Settings	ms901078	ms900739
Font Registry Settings	ms901079	-
Font Registry Settings for Japan	ms901080	ms900742
Font Registry Settings for Korea	ms901081	ms900744
Font Registry Settings for Simplified Chinese	ms901082	ms900749
Font Registry Settings for Traditional Chinese	ms901083	ms900751
Fonts Application Development	ms901149	-
Fonts Catalog Items	ms901084	-
Fonts Functions	ms901099	-
Fonts How-to Topics	ms901150	-
Fonts Messages	ms901100	-
Fonts Migration	ms901151	-
Fonts OS Design Development	ms901152	-
Fonts Overview	ms901085	-
Fonts Reference	ms901101	-
Fonts Samples	ms901153	-
Fonts Security	ms901086	-
Fonts Structures	ms901102	-
Format	ms894498	ms926855
FormatMessage	ms885599	-
FormatPartition	ms890426	-
FormatPartitionEx	ms890434	-
FormatStore	ms890450	-
FormatVolume	ms890458	-
FormatVolumeEx	ms890467	-
FormatVolumeUI	ms890480	-
Formatting Specifications	ms885600	-
Formatting Text	ms901088	ms900690
FreeBSTR	aa451719	-
FreeBusyCriteria	aa515003	-
FreeContextBuffer	ms906515	-
FreeCredentialsHandle	ms906519	-
FreeLibrary	ms885601	-
FreeLibraryAndExitThread	ms885602	-
FreeMediaType	aa451720	-
FreePropVariantArray	aa519255	-
French Keyboard	ms892155	-
Front Buffers	ms892156	-
FtpCommand	aa452208	-
FtpCreateDirectory	aa452210	-
FtpDeleteFile	aa452212	-
FtpFindFirstFile	aa452214	-
FtpGetCurrentDirectory	aa452216	-
FtpGetFile	aa452218	-
FtpGetFileEx	aa452230	-
FtpGetFileSize	aa452232	-
FtpOpenFile	aa452234	-
FtpPutFile	aa452236	-
FtpPutFileEx	aa452238	-
FtpRemoveDirectory	aa452240	-
FtpRenameFile	ms906192	-
FtpSetCurrentDirectory	ms906282	-
Full-Screen Video Renderer/Finding a Filter That Can Be Stretched Full-Screen at No Cost	ms923369	-
Full-Screen Video Renderer/Finding a Filter That Supports Full-Screen Mode	ms923370	-
Full-Screen Video Renderer/Implications of Full-Screen Support for the Application	ms923421	-
Full-Screen Video Renderer/Stretching the Output of a Renderer Full-Screen	ms924651	-
Full-Screen Video Renderer/Supplying a Full-Screen Renderer Filter	ms924653	-
Full-Screen Video Renderer/Using the IVideoWindow PID to Implement Full-Screen Support	aa451442	-
Function Interface Model	ms881880	-
Fundamental RTC Code Examples	aa525678	-
Fundamentals of Events-Based Parsing	ms862154	-
GALSearchCriteria	aa515013	-
GB18030 Data Converter	ms903867	-
GB18030 Text Converter Registry Settings	ms903868	ms921511
GDI Interoperation	ms923383	-
GDI Support Services	ms892157	-
GDIINFO	aa447821	-
GET_FILEEX_INFO_LEVELS	ms890917	-
GET_FOREGROUND_INFO	aa453186	-
GET_LPDDRAWSURFACE_GBL_MORE	ms899308	-
GOFFSET	ms905336	-
GOTO (Command Processor)	aa453191	-
GPE	ms892160	-
GPE::AllocSurface	ms899334	-
GPE::BltComplete	ms899335	-
GPE::BltPrepare	ms899337	-
GPE::GetModeInfo	ms899339	-
GPE::Line	ms899340	-
GPE::MovePointer	ms899344	-
GPE::NumModes	ms899345	-
GPE::SetMode	ms899346	-
GPE::SetPointerShape	ms899347	-
GPEBltParms	ms899336	-
GPEEnableDriver	ms899338	-
GPELineParms	ms899341	-
GPEMode	ms899342	-
GPEModeEx	ms899343	-
GPESurf	ms892162	-
GPESurf::GPESurf	ms899348	-
GPESurf::Init	ms899349	-
GPEVGA	ms892163	-
GRADIENT_RECT	aa453193	-
GUIDELINE	ms905340	ms919415
GWES Suspend Time-outs	ms892164	-
Gateway Logging	ms898964	-
Gateway Logging Registry Settings	ms881881	-
General Firewall Rule Examples	ms898965	-
General Font Registry Settings	ms901089	ms900693
General NDIS Objects	ms892158	-
General Object Identifiers	ms894880	-
General RTC Client API Migration Guidelines	aa525632	-
General Shell Registry Settings	ms929202	-
General String Constants	aa450391	-
Generating Cryptographic Keys	ms925918	ms884371
Generating More Sophisticated XML Output	ms862155	ms912470
Generating a Class Identifier for the Filter	ms861541	-
Generic Data Transport Functions	ms881884	ms930882
German Keyboard	ms892159	-
GetACP	ms905215	ms919275
GetActiveWindow	ms929203	-
GetAdapterIndex	aa450392	-
GetAdaptersAddresses	aa450393	-
GetAdaptersInfo	aa450394	-
GetAsyncKeyState	ms929204	-
GetAsyncShiftFlags	aa453955	-
GetAvailDriverMemory	aa447822	-
GetBValue	ms929207	-
GetBestInterface	aa450396	-
GetBestInterfaceEx	aa450397	-
GetBestRoute	aa450398	-
GetBitCount	aa451723	-
GetBitmapFormatSize	aa451724	-
GetBitmapPalette	aa451725	-
GetBitmapSize	aa451726	-
GetBitmapSubtype	aa451727	-
GetBkColor	ms929205	-
GetBkMode	ms929206	-
GetBltStatus	aa447823	-
GetBusNamePrefix	aa447824	-
GetCPInfo	ms905221	ms919281
GetCaretBlinkTime	ms929209	-
GetCaretPos	ms929210	-
GetCharABCWidths	ms901130	ms900754
GetCharABCWidthsI	aa520324	-
GetCharWidth32	ms901131	ms900727
GetChildDeviceRemoveState	aa447825	-
GetClassFile	aa515023	ms886988
GetClassFileOrMime	ms906288	ms928784
GetClassInfo	ms929211	-
GetClassLong	ms929212	-
GetClassName	ms929213	-
GetClientRect	ms929214	-
GetClipBox	ms929219	-
GetClipRgn	ms929221	-
GetClipboardData	ms929215	-
GetClipboardDataAlloc	ms929216	-
GetClipboardFormatName	ms929217	-
GetClipboardOwner	ms929218	-
GetCommMask	ms885606	-
GetCommModemStatus	ms885607	-
GetCommProperties	ms885608	-
GetCommState	ms885609	-
GetCommTimeouts	ms885610	-
GetCommandLine	ms885605	-
GetCurrencyFormat	ms905229	ms919289
GetCurrentFT	aa451027	-
GetCurrentFiber	ms885611	-
GetCurrentObject	ms929223	-
GetCurrentPositionEx	ms929224	-
GetCurrentProcess	ms885613	-
GetCurrentProcessId	ms885614	-
GetCurrentThread	ms885615	-
GetCurrentThreadId	ms885616	-
GetDC	ms929227	-
GetDCEx	ms929228	-
GetDIBColorTable	ms929232	-
GetDateFormat	ms905235	ms919294
GetDesktopWindow	ms929229	-
GetDeviceCaps	ms929230	-
GetDeviceConfigurationData	aa447827	-
GetDeviceInformationByDeviceHandle	aa447829	-
GetDeviceInformationByFileHandle	aa447830	-
GetDevicePower	aa447831	-
GetDevicePowerState	aa447832	-
GetDialogBaseUnits	ms929231	-
GetDiskFreeSpaceEx	ms890887	-
GetDlgCtrlID	ms929233	-
GetDlgItem	ms929234	-
GetDlgItemInt	ms929235	-
GetDlgItemText	ms929236	-
GetDllVersion	ms885617	-
GetDriverInfo	aa447833	-
GetErrorInfo	aa515037	ms886989
GetExceptionCode	ms885620	-
GetExceptionInformation	ms885621	-
GetExitCodeProcess	ms885622	-
GetExitCodeThread	ms885623	-
GetExtensionVersion	aa450399	-
GetFiberData	ms885624	-
GetFileAttributes	ms890895	-
GetFileAttributesEx	ms890909	-
GetFileInformationByHandle	ms890926	-
GetFileSize	ms890939	-
GetFileTime	ms885625	-
GetFileVersionInfo	ms890951	-
GetFileVersionInfoSize	ms890963	-
GetFilename	aa451975	-
GetFilterVersion	aa450400	-
GetFlipStatus	aa447834	-
GetFocus	ms929240	-
GetFontData	aa520325	-
GetForegroundInfo	ms929241	-
GetForegroundKeyboardLayoutHandle	ms929242	-
GetForegroundKeyboardTarget	ms929243	-
GetForegroundWindow	ms929244	-
GetFriendlyIfIndex	aa450401	-
GetGPE	aa447837	-
GetGValue	ms929246	-
GetHGlobalFromStream	aa515040	ms886990
GetHandler	aa447838	-
GetHeader	aa450402	-
GetHeapAlignment	aa447839	-
GetIcmpStatistics	aa450406	-
GetIcmpStatisticsEx	aa450407	-
GetIconInfo	ms929247	-
GetIdleTime	ms885626	-
GetIfEntry	aa450408	-
GetIfTable	aa450409	-
GetInterface (DirectShow)	aa451732	-
GetInterfaceInfo	aa450410	-
GetIpAddrTable	aa450411	-
GetIpForwardTable	aa450412	-
GetIpNetTable	aa450413	-
GetIpStatistics	aa450414	-
GetIpStatisticsEx	aa450415	-
GetKeyState	aa453132	-
GetKeyboardLayout	ms929249	-
GetKeyboardLayoutList	ms929250	-
GetKeyboardLayoutName	ms929252	-
GetKeyboardStatus	ms929253	-
GetKeyboardType	ms929254	-
GetLastError	ms885627	-
GetLayout	aa453133	-
GetLocalTime	ms885628	-
GetLocaleInfo	ms905243	ms919301
GetMenuItemInfo	aa453134	-
GetMessage	aa453135	-
GetMessagePos	aa453136	-
GetMessageQueueReadyTimeStamp	aa453137	-
GetMessageSource	aa453138	-
GetModuleFileName	ms885629	-
GetModuleHandle	ms885630	-
GetModuleInformation	ms885631	-
GetMonitorInfo	aa451738	ms921263
GetMsgQueueInfo	ms885632	-
GetNearestColor	aa453140	-
GetNearestPaletteIndex	aa453141	-
GetNetworkParams	aa450417	-
GetNextDlgGroupItem	aa453145	-
GetNextDlgTabItem	aa453146	-
GetNumberFormat	ms905250	ms919309
GetNumberOfInterfaces	aa450418	-
GetOEMCP	ms905256	ms919316
GetOIDSearchID	ms890976	-
GetObjTypeInfo	aa513866	-
GetObject	aa453147	-
GetObjectType	aa453148	-
GetOpenClipboardWindow	aa453149	-
GetOpenFileName	aa453150	-
GetOperationParts Method	aa515048	-
GetOutlineTextMetrics	ms933897	-
GetPCSyncName	ms909307	-
GetPaletteEntries	aa453151	-
GetParent	aa453152	-
GetParentDeviceInfo	ms899309	-
GetPartitionInfo	ms890985	-
GetPasswordActive	ms890993	-
GetPasswordStatus	ms891004	-
GetPerAdapterInfo	aa450421	-
GetPinyinType	ms905263	-
GetPixel	aa453153	-
GetPrinterInfo	ms899310	-
GetPriorityClipboardFormat	aa453154	-
GetProcAddress	ms885634	-
GetProcessHeap	ms885635	-
GetProcessVersion	ms885636	-
GetProp	aa453155	-
GetQueueStatus	aa453156	-
GetROP2	aa453160	-
GetRTTAndHopCount	aa450422	-
GetRValue	aa453161	-
GetRegionData	aa453157	-
GetRgnBox	aa453159	-
GetRunningObjectTable	aa515060	ms886991
GetSaveFileName	aa453162	-
GetScrollInfo	aa453163	-
GetSerialObject	ms899312	-
GetServerVariable (ISAPI Extensions)	aa450423	-
GetServerVariable (ISAPI Filters)	aa450424	-
GetServiceHandle	aa450425	ms938158
GetSetKeyValues	ms899314	-
GetSoapOperations Method	aa515061	-
GetSoapPorts Method	aa515063	-
GetSoapServices Method	aa515065	-
GetSocketIndex	ms899315	-
GetSocketStatus	ms899316	-
GetStatus	ms899317	-
GetStockObject	aa453164	-
GetStoreInfo	ms891013	-
GetStoreInformation	ms891023	-
GetStretchBltMode	aa453165	-
GetStringTypeEx	ms905283	ms919331
GetStringTypeW	ms905272	-
GetSubMenu	aa453166	-
GetSubtypeName	aa451740	-
GetSysColor	aa453167	-
GetSysColorBrush	aa453168	-
GetSysmemBltStatus	ms899318	-
GetSystemDefaultLCID	ms905298	ms919344
GetSystemDefaultLangID	ms905289	ms919336
GetSystemDefaultUILanguage	ms905303	ms919352
GetSystemInfo	ms885638	-
GetSystemMenu	aa453169	-
GetSystemMetrics	aa453170	-
GetSystemPaletteEntries	aa453171	-
GetSystemPowerState	ms899319	-
GetSystemPowerStatusEx	aa453172	-
GetSystemPowerStatusEx2	aa453173	-
GetSystemTime	ms885640	-
GetTcpStatistics	ms890306	-
GetTcpStatisticsEx	ms890307	-
GetTcpTable	ms890308	-
GetTempFileName	ms891186	-
GetTempPath	ms891189	-
GetTextAlign	ms901132	ms900729
GetTextCharacterExtra	ms901133	-
GetTextColor	ms901134	ms900694
GetTextExtentExPoint	ms901135	ms900696
GetTextExtentPoint	ms901136	ms900698
GetTextExtentPoint32	ms901137	ms900699
GetTextFace	ms901138	ms900701
GetTextMetrics	ms901139	ms900702
GetThemeBackgroundExtent	ms906298	-
GetThemeColor	ms906304	-
GetThemeFont	ms906315	-
GetThreadContext	ms885642	-
GetThreadPriority	ms885643	-
GetThreadTimes	ms885644	-
GetTickCount	ms885645	-
GetTimeFormat	ms905310	ms919359
GetTimeZoneInformation	ms885646	-
GetTransferError	ms899320	-
GetTransferStatus	ms899321	-
GetTrueColorType	aa451741	-
GetUdpStatistics	ms890309	-
GetUdpStatisticsEx	ms890310	-
GetUdpTable	ms890311	-
GetUniDirectionalAdapterInfo	ms890312	-
GetUpdateRect	aa453174	-
GetUpdateRgn	aa453175	-
GetUrlCacheEntryInfo	ms906320	-
GetUrlCacheEntryInfoEx	ms906328	-
GetUrlCacheGroupAttribute	aa452488	-
GetUserDefaultLCID	ms905323	ms919371
GetUserDefaultLangID	ms905315	ms919364
GetUserDefaultUILanguage	ms905328	ms919379
GetUserDirectory	ms891226	-
GetUserNameEx	aa517595	ms902915
GetVersionEx	ms885648	-
GetVideoPortBandwidth	ms899323	-
GetVideoPortConnectInfo	ms899324	-
GetVideoPortField	ms899325	-
GetVideoPortFlipStatus	ms899326	-
GetVideoPortInputFormats	ms899327	-
GetVideoPortLine	ms899328	-
GetVideoPortOutputFormats	ms899329	-
GetVideoSignalStatus	ms899330	-
GetViewportExtEx	aa453949	-
GetViewportOrgEx	aa453950	-
GetWindow	aa453178	-
GetWindowDC	aa453179	-
GetWindowExtEx	aa453951	-
GetWindowLong	aa453180	-
GetWindowOrgEx	aa453952	-
GetWindowRect	aa453181	-
GetWindowRgn	aa453182	-
GetWindowText	aa453183	-
GetWindowTextLength	aa453184	-
GetWindowThreadProcessId	aa453185	-
Getting Started with DirectDraw/Cooperative Levels	aa451260	-
Getting Started with DirectDraw/DirectDraw Middleware Architecture	aa451331	-
Getting Started with DirectDraw/Display Modes	aa451358	-
Getting Started with DirectDraw/Why Use DirectDraw?	ms925259	-
Getting Started with DirectShow/Introduction to DirectShow Application Programming	ms923432	-
Getting Started with DirectShow/Playing a Media File	ms924206	-
Getting Started with DirectShow/Responding to Events	ms924605	-
Getting Started with DirectShow/Setting the Video Window	ms924630	-
Getting Started with SAX2	ms862157	-
Getting Started with XSLT	ms862158	-
Getting a CSP Signed	ms925919	ms884372
Getting and Setting Properties	aa515067	ms886992
Global Server Settings	ms881890	ms924955
GlobalAddAtom	aa453188	-
GlobalDeleteAtom	aa453189	-
GlobalFindAtom	aa453190	-
GlobalMemoryStatus	ms885649	-
GradientFill	aa453192	-
Graph Building with Intelligent Connect/Adding Filters to the Graph	aa451163	-
Graph Building with Intelligent Connect/Finding the Filters	ms923372	-
Graph Building with Intelligent Connect/Intelligent Connect	ms940065	-
Graphics and Multimedia Technologies	ms940099	-
Graphics and Multimedia Technologies/Audio	aa451190	-
Graphics and Multimedia Technologies/Graphics	ms923392	-
Graphics and Multimedia Technologies/Graphics and Multimedia Technologies Catalog Items	ms923391	-
Graphics and Multimedia Technologies/Media	ms924142	-
Graphics and Multimedia Technologies/Security with Multimedia	ms924620	-
Graphics/AlphaBlend API	aa451169	-
Graphics/Direct3D Mobile	aa452478	-
Graphics/DirectDraw	ms932564	-
Graphics/Gradient Fill Support	ms923388	-
Graphics/Imaging	ms932606	-
Graphics/Multiple Screens	ms940100	-
Graphics/Raster Fonts Support	ms924591	-
Graphics/V1 Font Compatibility	aa451451	-
HALInit	ms899358	-
HANDLE_WM_NOTIFY	ms929879	-
HCI_CloseConnection	ms899383	-
HCI_EVENT	ms899384	-
HCI_OpenConnection	ms899385	-
HCI_PARAMETERS	ms899386	-
HCI_ReadHciParameters	ms899387	-
HCI_ReadPacket	ms899388	-
HCI_SetCallback	ms899389	-
HCI_StartHardware	ms899390	-
HCI_StopHardware	ms899391	-
HCI_TYPE	ms899392	-
HCI_WritePacket	ms899393	-
HCRYPTHASH	ms906535	ms884646
HCRYPTKEY	ms906545	ms884647
HCRYPTPROV	ms925987	ms884648
HDHITTESTINFO	ms929880	-
HDITEM	ms929881	-
HDLAYOUT	ms929882	-
HDM_CREATEDRAGIMAGE	ms929883	-
HDM_DELETEITEM	ms929884	-
HDM_GETIMAGELIST	ms929885	-
HDM_GETITEM	ms929886	-
HDM_GETITEMCOUNT	ms929887	-
HDM_GETITEMRECT	ms929889	-
HDM_GETORDERARRAY	ms929890	-
HDM_HITTEST	ms929891	-
HDM_INSERTITEM	ms929892	-
HDM_LAYOUT	ms929893	-
HDM_ORDERTOINDEX	ms929894	-
HDM_SETHOTDIVIDER	ms929895	-
HDM_SETIMAGELIST	ms929896	-
HDM_SETITEM	ms929897	-
HDM_SETORDERARRAY	ms929898	-
HDN_BEGINDRAG	ms929899	-
HDN_BEGINTRACK	ms929900	-
HDN_DIVIDERDBLCLICK	ms929901	-
HDN_ENDDRAG	ms929902	-
HDN_ENDTRACK	ms929903	-
HDN_GETDISPINFO	ms929904	-
HDN_ITEMCHANGED	ms929905	-
HDN_ITEMCHANGING	ms929906	-
HDN_ITEMCLICK	ms929907	-
HDN_ITEMDBLCLICK	ms929908	-
HDN_TRACK	ms929909	-
HEADER	aa451744	-
HEAPENTRY32	ms885658	-
HEAPLIST32	ms885660	-
HELP	ms929929	ms879831
HID Button Capability Arrays	ms892167	-
HID Collection Capabilities	ms892168	-
HID Data Indexes	ms892169	-
HID Driver Migration	ms892170	-
HID Driver Registry Settings	ms894890	-
HID Driver Samples	ms892172	-
HID Keyboard Driver Dependencies on the GWES Keyboard Driver	ms892173	-
HID Link Collections	ms892174	-
HID Preparsed Data	ms892175	-
HID Report Initialization	ms892176	-
HID Report Interpretation	ms892177	-
HID Value Capability Arrays	ms892178	-
HIDDeviceAttach	ms899394	-
HIDDeviceNotifications	ms899395	-
HIDP_BUTTON_CAPS	ms899396	-
HIDP_CAPS	ms899397	-
HIDP_DATA	ms899398	-
HIDP_EXTENDED_ATTRIBUTES	ms899399	-
HIDP_KEYBOARD_DIRECTION	ms899798	-
HIDP_LINK_COLLECTION_NODE	ms899801	-
HIDP_PREPARSED_DATA	ms899816	-
HIDP_REPORT_TYPE	ms899820	-
HIDP_UNKNOWN_TOKEN	ms899854	-
HIDP_VALUE_CAPS	ms899879	-
HID_DRIVER_SETTINGS	ms899883	-
HID_FUNCS	ms899886	-
HID_STRING_TYPE	ms899890	-
HITRESULT	aa515087	ms886993
HIT_LOGGING_INFO	ms906339	ms928785
HMAC_INFO	ms925995	ms884649
HOSTNAME	ms881908	-
HREFTYPE	aa515089	ms886994
HREPLFLD	aa513869	-
HREPLITEM	aa513871	-
HREPLOBJ	aa513872	-
HRULE	ms890320	-
HSE_SEND_HEADER_EX_INFO	ms890323	-
HSE_URL_MAPEX_INFO	ms890321	-
HSE_VERSION_INFO	ms890322	-
HTTP Authentication	aa451989	-
HTTP Element (Location Response)	ms895099	ms898389
HTTP Functionality	ms881916	-
HTTP Implementation	ms881915	-
HTTP Response Headers	ms906348	-
HTTP Status Codes	ms906351	-
HTTP Status Codes for Device Management	ms894518	ms898328
HTTP Transport	ms881917	-
HTTP and FTP Common Functions	aa451988	-
HTTP_FILTER_ACCESS_DENIED	ms900474	-
HTTP_FILTER_AUTHENT	ms900477	-
HTTP_FILTER_CONTEXT	ms890327	-
HTTP_FILTER_LOG	ms900480	-
HTTP_FILTER_PREPROC_HEADERS	ms900484	-
HTTP_FILTER_RAW_DATA	ms900487	-
HTTP_FILTER_SEND_RESPONSE	ms890329	-
HTTP_FILTER_URL_MAP	ms900491	-
HTTP_FILTER_VERSION	ms890330	-
HTTP_VERSION_INFO	ms906352	-
HWClearBreak	ms899897	-
HWClearDTR	ms900102	-
HWClearRTS	ms900109	-
HWClose	ms900113	-
HWDeinit	ms900119	-
HWDisableIR	ms900121	-
HWEnableIR	ms900126	-
HWGetCommProperties	ms900133	-
HWGetIntrType	ms900137	-
HWGetModemStatus	ms900139	-
HWGetRxBufferSize	ms900140	-
HWGetRxStart	ms900141	-
HWGetStatus	ms900142	-
HWInit	ms900143	-
HWIoctl	ms900144	-
HWLineIntrHandler	ms900145	-
HWModemIntrHandler	ms900146	-
HWOBJ	ms900147	-
HWOpen	ms900148	-
HWOtherintrHandler	ms900149	-
HWPostInit	ms900150	-
HWPowerOff	ms900151	-
HWPowerOn	ms900152	-
HWPurgeComm	ms900153	-
HWPutBytes	ms900154	-
HWReset	ms900155	-
HWRxIntrHandler	ms900156	-
HWSetBreak	ms900157	-
HWSetCommTimeouts	ms900158	-
HWSetDCB	ms900159	-
HWSetDTR	ms900160	-
HWSetRTS	ms900161	-
HWTxIntrHandler	ms900162	-
HWXGUIDE	ms905440	ms919536
HWXRESULTS	ms905443	ms919557
HWXmitComChar	ms900164	-
HW_VTBL	ms900163	-
HalAllocateCommonBuffer	ms899352	ms906141
HalColorControl (color control callback)	ms899353	-
HalColorControl (video port control callback)	ms899354	-
HalFreeCommonBuffer	ms899355	ms906142
HalGetBusData	ms899356	ms906143
HalGetBusDataByOffset	ms899357	ms906144
HalSetBusData	ms899359	ms906145
HalSetBusDataByOffset	ms899360	ms906146
HalTranslateBusAddress	ms899361	ms906148
HalTranslateSystemAddress	ms899362	ms906149
Handle Events	aa525633	ms926980
HandleBlob	ms906527	-
Handling Command Line Parameters	ms899776	-
Handling Document-Oriented SOAP Requests	ms862162	-
Handling Documents and Irregular Data	ms862163	ms912474
Handling Drag-and-Drop Messages	aa452658	-
Handling Errors Generated by Audio Functions	ms923396	-
Handling Errors that Halt Synchronization	ms861565	-
Handling HTTP Authentication	aa451977	-
Handling IME Window Messages	ms903869	-
Handling Initialization Errors	ms861575	-
Handling Messages for Tab Controls	aa452659	-
Handling Miscellaneous Messages	aa452660	-
Handling Paint Cycles, Drawing Stages, and Messages	aa452662	-
Handling Registry Changes	ms926483	-
Handling SOAP Headers	ms862164	-
Handling Structures with Variable Size Data	aa451979	-
Handling Synchronization Errors	ms861590	-
Handling TUI User Input	aa525634	-
Handling Tree-View Messages	aa452664	-
Handling Uniform Resource Locators	aa451981	-
Handling White Space	ms862166	-
Handling a Remote Procedural Call that Returns 10 MB of Data	ms862160	-
Handling and Displaying Service-Provider Errors	ms861549	-
Handwriting Recognizer Engine (HWX)	ms903870	-
Handwriting Recognizer Engine (HWX) Application Development	ms906464	-
Handwriting Recognizer Engine (HWX) Functions	ms904397	-
Handwriting Recognizer Engine (HWX) Migration	ms903871	-
Handwriting Recognizer Engine (HWX) OS Design Development	ms903872	-
Handwriting Recognizer Engine (HWX) Reference	ms906465	-
Handwriting Recognizer Engine (HWX) Registry Settings	ms904398	-
Handwriting Recognizer Engine (HWX) Samples	ms903873	-
Handwriting Recognizer Engine (HWX) Security	ms903874	-
Handwriting Recognizer Engine (HWX) Structures	ms904399	-
Hardware Audio Mixer	ms923403	-
Hardware Audio Mixer Functions	ms925310	-
Hardware Audio Mixer Messages	ms925311	-
Hardware Audio Mixer Reference	ms925312	-
Hardware Audio Mixer Structures	ms925313	-
Hardware Considerations for Texturing	ms923404	-
Hashing and Digital Signature Algorithms	ms925920	ms884373
HcdMdd_CreateHcdObject	ms899363	-
HcdMdd_CreateMemoryObject	ms899364	-
HcdMdd_DestroyHcdObject	ms899365	-
HcdMdd_DestroyMemoryObject	ms899366	-
HcdMdd_PowerDown	ms899367	-
HcdMdd_PowerUp	ms899368	-
HcdMdd_SetCapability	ms899370	-
HcdPdd_CheckConfigPower	ms899371	-
HcdPdd_Close	ms899372	-
HcdPdd_Deinit	ms899373	-
HcdPdd_DllMain	ms899374	-
HcdPdd_IOControl	ms899376	-
HcdPdd_Init	ms899375	-
HcdPdd_Open	ms899377	-
HcdPdd_PowerDown	ms899378	-
HcdPdd_PowerUp	ms899379	-
HcdPdd_Read	ms899380	-
HcdPdd_Seek	ms899381	-
HcdPdd_Write	ms899382	-
Header Control Styles	ms929910	-
Header Controls Macros	ms927659	-
Header Controls Messages	ms927663	-
Header Controls Notifications	ms927670	-
Header Controls Reference	ms927676	-
Header Controls Structures	ms927682	-
Header File Differences	ms881902	ms862419
Header Property	aa515085	-
HeaderEntries Property	aa515078	-
HeaderEntry Property	aa515080	-
HeaderHandler Property (ISoapClient)	aa515083	-
Header_CreateDragImage	ms929911	-
Header_DeleteItem	ms929912	-
Header_GetImageList	ms929913	-
Header_GetItem	ms929914	-
Header_GetItemCount	ms929915	-
Header_GetItemRect	ms929916	-
Header_GetOrderArray	ms929917	-
Header_InsertItem	ms929918	-
Header_Layout	ms929919	-
Header_OrderToIndex	ms929920	-
Header_SetHotDivider	ms929921	-
Header_SetImageList	ms929922	-
Header_SetItem	ms929923	-
Header_SetOrderArray	ms929924	-
Headers to Use with Get Operations	ms881903	-
Headers to Use with Put Operations	ms881904	-
Heap32First	ms885650	-
Heap32ListFirst	ms885651	-
Heap32ListNext	ms885652	-
Heap32Next	ms885653	-
HeapAlloc	ms885654	-
HeapCompact	ms885655	-
HeapCreate	ms885656	-
HeapDestroy	ms885657	-
HeapFree	ms885659	-
HeapReAlloc	ms885661	-
HeapSize	ms885662	-
HeapValidate	ms885663	-
Hebrew	ms906466	-
Hebrew OS Design Development	ms903875	-
HidP_FreeCollectionDescription	ms899400	-
HidP_GetButtonCaps	ms899401	-
HidP_GetButtons	ms899402	-
HidP_GetButtonsEx	ms899403	-
HidP_GetCaps	ms899404	-
HidP_GetCollectionDescription	ms899405	-
HidP_GetData	ms899406	-
HidP_GetExtendedAttributes	ms899407	-
HidP_GetLinkCollectionNodes	ms899408	-
HidP_GetScaledUsageValue	ms899521	-
HidP_GetSpecificButtonCaps	ms899730	-
HidP_GetSpecificValueCaps	ms899736	-
HidP_GetUsageValue	ms899765	-
HidP_GetUsageValueArray	ms899779	-
HidP_GetUsages	ms899742	-
HidP_GetUsagesEx	ms899753	-
HidP_GetValueCaps	ms899783	-
HidP_InitializeReportForID	ms899786	-
HidP_IsSameUsageAndPage	ms899792	-
HidP_MaxDataListLength	ms899808	-
HidP_MaxUsageListLength	ms899811	-
HidP_SetButtons	ms899826	-
HidP_SetData	ms899830	-
HidP_SetScaledUsageValue	ms899837	-
HidP_SetUsageValue	ms899845	-
HidP_SetUsageValueArray	ms899852	-
HidP_SetUsages	ms899842	-
HidP_UnsetButtons	ms899857	-
HidP_UnsetUsages	ms899864	-
HidP_UsageAndPageListDifference	ms899866	-
HidP_UsageListDifference	ms899869	-
HideCaret	ms929930	-
Hiding System Sound Events	aa452665	ms899167
Hierarchy of Trust	ms925921	ms883664
High Speed Serial Port Driver	ms892179	-
Hints for Using the Registry	ms885466	-
Hit Logging	aa451983	ms928725
Hit Logging Functions	ms905677	-
Hit Logging Structures	ms905679	-
HitTestThemeBackground	ms906340	-
Hive-Based Registry	ms885472	-
Hive-Based Registry Data	aa516911	-
Hive-Based Registry Startup Sequence	ms885475	-
Hive-Based Registry Stored in RAM	ms885480	-
Hive-based Registry Initialization	ms892397	-
Hive-based Registry Setup	ms892395	ms920298
HiveRAMInfo	ms891340	ms903012
HiveRAMRegion	ms891349	ms903018
Host Name Resolution Using Registry Entries	ms881914	-
Host Name Resolution Using a DNS Server for IPv4	ms881912	-
Host Name Resolution Using a NetBIOS Server for IPv4	ms881913	-
Host Name Resolution for Dual Stack (IPv4/IPv6)	ms881910	-
Host Name Resolution for IPv4	ms881909	-
Host Name Resolution for IPv6	ms881911	-
Host Resources Device Group	ms894501	ms926869
Host Resources Installed Software Group	ms894503	ms926876
Host Resources Running Software Group	ms894507	ms926900
Host Resources Storage Group	ms894510	ms926911
Host Resources System Group	ms894515	ms926919
Hosting MSHTML from an Application	aa451985	ms902194
How TUI Uses ATL	aa525635	-
How the VAIL Creates the Media Manager	aa525636	-
How to Add Power Management to a Device Driver	ms895488	-
How to Configure a FAT File System	aa516958	-
How to Configure a File Server	aa450272	-
How to Configure a Run-Time Image to Support a Flash Media Device	ms895489	-
How to Configure the Web Server	ms900460	-
How to Convert an Application from IPv4 to IPv4/IPv6	aa450273	-
How to Create a Multilingual Run-time Image Using MUI	ms904635	-
How to Customize the Appearance of Common Controls	aa452830	-
How to Customize the Shell	aa452831	-
How to Develop a File System Filter	aa516959	-
How to Develop a Flash Media Driver	ms895494	-
How to Enroll for a Certificate Using the Default Settings	ms937010	-
How to Enroll for a Certificate Using the Modified Settings	ms937011	-
How to Implement BinFS	aa516960	-
How to Implement ClearType	ms901107	-
How to Implement Error Reporting	ms939660	-
How to Implement a Control Panel Application	aa452832	-
How to Include User Help	ms861649	-
How to Request a Data Object from the OBEX Server	aa450152	-
How to Send a Data Object to the OBEX Server	aa450199	-
How to Set Up and Use an IPv6 Test Lab	aa450274	-
How to Setup a Server Certificate for a Windows CE Web Server	ms900321	-
HttpAddRequestHeaders	ms906344	-
HttpEndRequest	ms906345	-
HttpExtensionProc	ms890326	-
HttpFilterProc	ms890328	-
HttpOpenRequest	ms906346	-
HttpQueryInfo	ms906347	-
HttpSendRequest	ms906349	-
HttpSendRequestEx	ms906350	-
HwxALCPriority	ms905349	ms918998
HwxALCValid	ms905356	ms919008
HwxConfig	ms905428	ms919015
HwxCreate	ms905434	ms919022
HwxDestroy	ms905436	ms919032
HwxEndInput	ms905438	ms919523
HwxGetResults	ms905439	ms919530
HwxInput	ms905441	ms919544
HwxProcess	ms905442	ms919549
HwxResultsAvailable	ms905445	ms919564
HwxSetAbort	ms905446	ms919570
HwxSetContext	ms905447	ms919578
HwxSetGuide	ms905448	ms919583
HwxSetPartial	ms905449	ms919589
I/O Control Codes	ms892442	-
I/O Resource Manager	ms892459	ms922598
IAMDevMemoryAllocator Interface	aa451750	-
IAMDevMemoryAllocator::Alloc	aa451745	-
IAMDevMemoryAllocator::CheckMemory	aa451746	-
IAMDevMemoryAllocator::Free	aa451747	-
IAMDevMemoryAllocator::GetDevMemoryObject	aa451748	-
IAMDevMemoryAllocator::GetInfo	aa451749	-
IAMDevMemoryControl Interface	aa451752	-
IAMDevMemoryControl::GetDevId	aa451751	-
IAMDevMemoryControl::QueryWriteSync	aa451753	-
IAMDevMemoryControl::WriteSync	aa451754	-
IAMDroppedFrames Interface	aa452538	-
IAMDroppedFrames::GetAverageFrameSize	aa452534	-
IAMDroppedFrames::GetDroppedInfo	aa452535	-
IAMDroppedFrames::GetNumDropped	aa452536	-
IAMDroppedFrames::GetNumNotDropped	aa452537	-
IAMMediaContent Interface	ms908721	-
IAMMediaContent::get_AuthorName	aa451759	-
IAMMediaContent::get_BaseURL	aa451760	-
IAMMediaContent::get_Copyright	aa451761	-
IAMMediaContent::get_Description	aa451762	-
IAMMediaContent::get_LogoIconURL	aa451763	-
IAMMediaContent::get_LogoURL	aa451764	-
IAMMediaContent::get_MoreInfoBannerImage	aa451765	-
IAMMediaContent::get_MoreInfoBannerURL	aa451766	-
IAMMediaContent::get_MoreInfoText	aa451767	-
IAMMediaContent::get_MoreInfoURL	ms908698	-
IAMMediaContent::get_Rating	ms908703	-
IAMMediaContent::get_Title	ms908713	-
IAMMediaContent::get_WatermarkURL	ms908716	-
IAMMediaContentEx Interface	aa451755	-
IAMMediaContentEx::MediaParameter	aa451756	-
IAMMediaContentEx::MediaParameterName	aa451757	-
IAMMediaContentEx::PlaylistCount	aa451758	-
IAMPlayList Interface	ms908755	-
IAMPlayList::GetFlags	ms908734	-
IAMPlayList::GetItem	ms908738	-
IAMPlayList::GetItemCount	ms908742	-
IAMPlayList::GetNamedEvent	ms908746	-
IAMPlayList::GetRepeatInfo	ms908750	-
IAMPlayListItem Interface	ms908801	-
IAMPlayListItem::GetFlags	ms908759	-
IAMPlayListItem::GetLinkURL	ms908763	-
IAMPlayListItem::GetScanDuration	ms908767	-
IAMPlayListItem::GetSourceCount	ms908770	-
IAMPlayListItem::GetSourceDuration	ms908773	-
IAMPlayListItem::GetSourceEndMarker	ms908778	-
IAMPlayListItem::GetSourceEndMarkerName	ms908782	-
IAMPlayListItem::GetSourceStart	ms908787	-
IAMPlayListItem::GetSourceStartMarker	ms908790	-
IAMPlayListItem::GetSourceStartMarkerName	ms908793	-
IAMPlayListItem::GetSourceURL	ms908797	-
IAMStreamConfig Interface	ms908817	-
IAMStreamConfig::GetFormat	ms908804	-
IAMStreamConfig::GetNumberOfCapabilities	ms908807	-
IAMStreamConfig::GetStreamCaps	ms908811	-
IAMStreamConfig::SetFormat	ms908823	-
IAMStreamControl Interface	ms908830	-
IAMStreamControl::GetInfo	ms908825	-
IAMStreamControl::StartAt	ms908841	-
IAMStreamControl::StopAt	ms908842	-
IAMStreamSelect Interface	ms908860	-
IAMStreamSelect::Count	ms908847	-
IAMStreamSelect::Enable	ms908850	-
IAMStreamSelect::Info	ms908855	-
IAMTVTuner Interface	aa452524	-
IAMTVTuner::AutoTune	aa452516	-
IAMTVTuner::StoreAutoTune	aa452527	-
IAMTVTuner::get_AudioFrequency	aa452517	-
IAMTVTuner::get_AvailableTVFormats	aa452518	-
IAMTVTuner::get_ConnectInput	aa452519	-
IAMTVTuner::get_InputType	aa452520	-
IAMTVTuner::get_NumInputConnections	aa452521	-
IAMTVTuner::get_TVFormat	aa452522	-
IAMTVTuner::get_VideoFrequency	aa452523	-
IAMTVTuner::put_ConnectInput	aa452525	-
IAMTVTuner::put_InputType	aa452526	-
IAMTuner Interface	aa452506	-
IAMTuner::ChannelMinMax	aa452500	-
IAMTuner::GetAvailableModes	aa452501	-
IAMTuner::Logon	aa452507	-
IAMTuner::Logout	aa452508	-
IAMTuner::RegisterNotificationCallBack	aa452513	-
IAMTuner::SignalPresent	aa452514	-
IAMTuner::UnRegisterNotificationCallBack	aa452515	-
IAMTuner::get_Channel	aa452502	-
IAMTuner::get_CountryCode	aa452503	-
IAMTuner::get_Mode	aa452504	-
IAMTuner::get_TuningSpace	aa452505	-
IAMTuner::put_Channel	aa452509	-
IAMTuner::put_CountryCode	aa452510	-
IAMTuner::put_Mode	aa452511	-
IAMTuner::put_TuningSpace	aa452512	-
IAMovieSetup Interface	ms908725	-
IAMovieSetup::Register	ms908728	-
IAMovieSetup::Unregister	ms908731	-
IAVTransport	ms890334	-
IAVTransport::GetCurrentTransportActions	ms890335	-
IAVTransport::GetDeviceCapabilities	ms890336	-
IAVTransport::GetMediaInfo	ms890337	-
IAVTransport::GetPositionInfo	ms890338	-
IAVTransport::GetTransportInfo	ms890339	-
IAVTransport::GetTransportSettings	ms890340	-
IAVTransport::InvokeVendorAction	ms890342	-
IAVTransport::Next	ms890343	-
IAVTransport::Pause	ms890344	-
IAVTransport::Play	ms890345	-
IAVTransport::Previous	ms890346	-
IAVTransport::Record	ms890347	-
IAVTransport::Seek	ms890348	-
IAVTransport::SetAVTransportURI	ms890349	-
IAVTransport::SetNextAVTransportURI	ms890350	-
IAVTransport::SetPlayMode	ms890351	-
IAVTransport::SetRecordQualityMode	ms890353	-
IAVTransport::Stop	ms890354	-
IAVTransportImpl	ms890341	-
IAccessControl	aa515101	-
IAccessControl::GetAllAccessRights	aa515095	ms886995
IAccessControl::GrantAccessRights	aa515097	ms886996
IAccessControl::IsAccessAllowed	aa515099	ms886997
IAccessControl::RevokeAccessRights	aa515102	ms887001
IAccessControl::SetAccessRights	aa515103	ms887002
IAccessControl::SetOwner	aa515104	ms887003
IAdviseSink	aa515105	-
IAdviseSink::OnClose	aa515106	ms887005
IAdviseSink::OnDataChange	aa515110	ms887006
IAdviseSink::OnRename	aa515340	ms887007
IAdviseSink::OnSave	aa515342	ms887008
IAdviseSink::OnViewChange	aa515344	ms887009
IAppointment	aa515358	-
IAppointment Properties	aa515361	-
IAppointment::Cancel	aa515347	-
IAppointment::ClearRecurrencePattern	aa515349	-
IAppointment::Copy	aa515351	-
IAppointment::Delete	aa515355	-
IAppointment::GetRecurrencePattern	aa515357	-
IAppointment::Save	aa515363	-
IAppointment::Send	aa515365	-
IAsyncMoniker	ms906353	ms928786
IAsyncReader Interface	ms908871	-
IAsyncReader::BeginFlush	ms908864	-
IAsyncReader::EndFlush	ms908869	-
IAsyncReader::Length	ms908876	-
IAsyncReader::Request	ms939468	-
IAsyncReader::RequestAllocator	ms939473	-
IAsyncReader::SyncRead	ms939476	-
IAsyncReader::SyncReadAligned	ms939481	-
IAsyncReader::WaitForNext	ms939486	-
IAuthenticate	ms906354	-
IAuthenticate::Authenticate	ms906355	ms928787
IBaseFilter Interface	ms939498	-
IBaseFilter::EnumPins	ms939490	-
IBaseFilter::FindPin	ms939495	-
IBaseFilter::JoinFilterGraph	ms939504	-
IBaseFilter::QueryFilterInfo	ms939507	-
IBaseFilter::QueryVendorInfo	ms939511	-
IBasicAudio Interface	ms939524	-
IBasicAudio::get_Balance	ms939515	-
IBasicAudio::get_Volume	ms939519	-
IBasicAudio::put_Balance	ms939529	-
IBasicAudio::put_Volume	ms939532	-
IBasicBitmapOps	ms939536	-
IBasicBitmapOps::AdjustBrightness	ms939542	-
IBasicBitmapOps::AdjustContrast	ms939545	-
IBasicBitmapOps::AdjustGamma	ms939546	-
IBasicBitmapOps::Clone	ms939547	-
IBasicBitmapOps::Flip	ms939548	-
IBasicBitmapOps::Resize	ms939549	-
IBasicBitmapOps::Rotate	ms939550	-
IBasicVideo Interface	ms939570	-
IBasicVideo::GetCurrentImage	ms939554	-
IBasicVideo::GetDestinationPosition	ms939558	-
IBasicVideo::GetSourcePosition	ms939563	-
IBasicVideo::GetVideoPaletteEntries	ms939567	-
IBasicVideo::GetVideoSize	ms939568	-
IBasicVideo::IsUsingDefaultDestination	ms939571	-
IBasicVideo::IsUsingDefaultSource	ms939572	-
IBasicVideo::SetDefaultDestinationPosition	ms939581	-
IBasicVideo::SetDefaultSourcePosition	ms939582	-
IBasicVideo::SetDestinationPosition	ms939583	-
IBasicVideo::SetSourcePosition	ms939584	-
IBasicVideo::get_AvgTimePerFrame	ms939551	-
IBasicVideo::get_BitErrorRate	ms939552	-
IBasicVideo::get_BitRate	ms939553	-
IBasicVideo::get_DestinationHeight	ms939556	-
IBasicVideo::get_DestinationLeft	ms939557	-
IBasicVideo::get_DestinationTop	ms939559	-
IBasicVideo::get_DestinationWidth	ms939560	-
IBasicVideo::get_SourceHeight	ms939561	-
IBasicVideo::get_SourceLeft	ms939562	-
IBasicVideo::get_SourceTop	ms939564	-
IBasicVideo::get_SourceWidth	ms939565	-
IBasicVideo::get_VideoHeight	ms939566	-
IBasicVideo::get_VideoWidth	ms939569	-
IBasicVideo::put_DestinationHeight	ms939573	-
IBasicVideo::put_DestinationLeft	ms939574	-
IBasicVideo::put_DestinationTop	ms939575	-
IBasicVideo::put_DestinationWidth	ms939576	-
IBasicVideo::put_SourceHeight	ms939577	-
IBasicVideo::put_SourceLeft	ms939578	-
IBasicVideo::put_SourceTop	ms939579	-
IBasicVideo::put_SourceWidth	ms939580	-
IBindCtx	ms879860	-
IBindCtx::EnumObjectParam	aa515367	ms887010
IBindCtx::GetBindOptions	aa515369	ms887011
IBindCtx::GetObjectParam	aa515370	ms887012
IBindCtx::GetRunningObjectTable	aa515371	ms887013
IBindCtx::RegisterObjectBound	ms879962	ms887015
IBindCtx::RegisterObjectParam	ms879966	ms887016
IBindCtx::ReleaseBoundObjects	ms879972	ms887017
IBindCtx::RevokeObjectBound	ms879976	ms887018
IBindCtx::RevokeObjectParam	ms879981	ms887019
IBindCtx::SetBindOptions	ms879984	ms887020
IBindHost	ms906356	-
IBindHost::CreateMoniker	ms906357	ms928789
IBindHost::MonikerBindToObject	ms906358	ms928791
IBindHost::MonikerBindToStorage	ms906359	ms928792
IBindStatusCallback	ms906365	-
IBindStatusCallback::GetBindInfo	ms906366	ms928798
IBindStatusCallback::GetPriority	ms906367	ms928799
IBindStatusCallback::OnDataAvailable	ms906368	ms928801
IBindStatusCallback::OnObjectAvailable	ms906369	ms928802
IBindStatusCallback::OnProgress	ms906370	ms928803
IBindStatusCallback::OnStartBinding	ms906371	ms928804
IBindStatusCallback::OnStopBinding	ms906372	ms928805
IBinding	ms906360	-
IBinding::Abort	ms906361	ms928793
IBinding::GetBindResult	ms906362	ms928794
IBinding::GetPriority	ms906363	ms928795
IBinding::Resume	ms906364	ms928797
IBitmapImage	ms908972	-
IBitmapImage::GetPalette	ms909009	-
IBitmapImage::GetPixelFormatID	ms909061	-
IBitmapImage::GetSize	ms909070	-
IBitmapImage::LockBits	ms909078	-
IBitmapImage::SetPalette	ms909089	-
IBitmapImage::UnlockBits	ms909098	-
IBitstreamProcessor	ms900169	-
IBitstreamProcessor::GetDMAChannel	ms900165	-
IBitstreamProcessor::GetDMAChannelCount	ms900166	-
IBitstreamProcessor::GetLabeledDMAChannel	ms900167	-
IBitstreamProcessor::Init	ms900168	-
IBitstreamProcessor::SetBitstreamType	ms900170	-
IBrowser2::get_ClearTypeEnabled	ms906375	-
IBrowser2::get_FitToWindow	ms906376	-
IBrowser2::get_LayoutHeight	ms906377	-
IBrowser2::get_LayoutWidth	ms906378	-
IBrowser2::get_LocationBaseURL	ms906379	-
IBrowser2::get_PlaySounds	ms906380	-
IBrowser2::get_ScriptingEnabled	ms906381	-
IBrowser2::get_ShowImages	ms906382	-
IBrowser2::get_ZoomLevel	ms906383	-
IBrowser2::put_ClearTypeEnabled	ms906384	-
IBrowser2::put_FitToWindow	ms906385	-
IBrowser2::put_LocationBaseURL	ms906386	-
IBrowser2::put_PlaySounds	ms906387	-
IBrowser2::put_ScriptingEnabled	ms906388	-
IBrowser2::put_ShowImages	ms906389	-
IBrowser2::put_ZoomLevel	ms906390	-
IBrowser3::addStyle	ms906392	-
IBrowser3::get_ActiveXEnabled	ms906393	-
IBrowser3::get_CanCopy	ms906394	-
IBrowser3::get_ContextMenuEnabled	ms906395	-
IBrowser3::get_FocusRectEnabled	ms906397	-
IBrowser3::get_IntegralPaging	ms906398	-
IBrowser3::get_SelectionEnabled	ms906400	-
IBrowser3::get_SuperFitToWindow	ms906401	-
IBrowser3::get_document	ms906396	-
IBrowser3::get_script	ms906399	-
IBrowser3::put_ActiveXEnabled	ms906402	-
IBrowser3::put_ContextMenuEnabled	ms906403	-
IBrowser3::put_FocusRectEnabled	ms906404	-
IBrowser3::put_IntegralPaging	ms906405	-
IBrowser3::put_SelectionEnabled	ms906406	-
IBrowser3::put_SuperFitToWindow	ms906407	-
IBrowser::FrameNavigate	ms906408	-
IBrowser::Refresh	ms906424	-
IBrowser::Stop	ms906425	-
IBrowser::get_Busy	ms906409	-
IBrowser::get_CBrowserPointer	ms906410	-
IBrowser::get_IsFrame	ms906411	-
IBrowser::get_LocationURL	ms906412	-
IBrowser::get_MarginHeight	ms906413	-
IBrowser::get_MarginWidth	ms906414	-
IBrowser::get_ScrollStyle	ms906415	-
IBrowser::get_SelectedCodepage	ms906416	-
IBrowser::get_title	ms906417	-
IBrowser::navigate	ms906418	-
IBrowser::put_IsFrame	ms906419	-
IBrowser::put_MarginHeight	ms906420	-
IBrowser::put_MarginWidth	ms906421	-
IBrowser::put_ScrollStyle	ms906422	-
IBrowser::put_SelectedCodepage	ms906423	-
ICMP Functions	ms886676	-
ICMP Group	ms894519	ms926931
ICMP Reference	ms886677	-
ICMP Structures	ms886678	-
ICMP_ECHO_REPLY	ms890360	-
ICS Application Development	ms898969	-
ICS Functions	ms886679	-
ICS Migration	ms898966	-
ICS OS Design Development	aa450033	-
ICS Reference	ms886680	-
ICS Registry Settings	aa450034	-
ICS Samples	ms898967	-
ICS Security	aa450035	-
ICatInformation	ms880036	-
ICatInformation::EnumCategories	ms879987	ms887022
ICatInformation::EnumClassesOfCategories	ms880012	ms887023
ICatInformation::EnumImplCategoriesOfClass	ms880020	ms887024
ICatInformation::EnumReqCategoriesOfClass	ms880024	ms887025
ICatInformation::GetCategoryDesc	ms880029	ms887026
ICatInformation::IsClassOfCategories	ms880032	ms887027
ICatRegister	ms880041	-
ICatRegister::RegisterCategories	ms880045	ms887139
ICatRegister::RegisterClassImplCategories	ms880052	ms887248
ICatRegister::RegisterClassReqCategories	ms880057	ms887259
ICatRegister::UnRegisterCategories	ms880063	ms887265
ICatRegister::UnRegisterClassImplCategories	ms880068	ms887266
ICatRegister::UnRegisterClassReqCategories	ms880073	ms887267
ICeFileFilter::FilterOptions	aa513873	-
ICeFileFilter::FormatMessage	aa513875	-
ICeFileFilter::NextConvertFile	aa513877	-
ICeFileFilterOptions::SetFilterOptions	aa513881	-
ICeFileFilterSite::CloseDestinationFile	aa513882	-
ICeFileFilterSite::CloseSourceFile	aa513883	-
ICeFileFilterSite::OpenDestinationFile	aa513886	-
ICeFileFilterSite::OpenSourceFile	aa513890	-
ICeFileFilterSite::ReportLoss	aa513891	-
ICeFileFilterSite::ReportProgress	aa513893	-
IClassActivator	ms880081	-
IClassActivator::GetClassObject	ms880078	ms887268
IClassFactory	ms880104	-
IClassFactory2	ms880092	-
IClassFactory2::CreateInstanceLic	ms880086	ms887270
IClassFactory2::GetLicInfo	ms880090	ms887271
IClassFactory2::RequestLicKey	ms880096	ms887273
IClassFactory::CreateInstance	ms880100	ms887274
IClassFactory::LockServer	ms880110	ms887276
IClientSecurity	ms880117	-
IClientSecurity::CopyProxy	ms880114	ms887277
IClientSecurity::QueryBlanket	ms880121	ms887279
IClientSecurity::SetBlanket	ms880124	ms887280
IConnectionManager	ms890364	-
IConnectionManager::ConnectionComplete	ms890365	-
IConnectionManager::GetCurrentConnectionInfo	ms890366	-
IConnectionManager::GetFirstConnectionID	ms890367	-
IConnectionManager::GetNextConnectionID	ms890368	-
IConnectionManager::GetProtocolInfo	ms890369	-
IConnectionManager::InvokeVendorAction	ms890377	-
IConnectionManager::PrepareForConnection	ms890378	-
IConnectionManagerImpl	ms890370	-
IConnectionManagerImpl::AddSinkProtocol	ms890371	-
IConnectionManagerImpl::AddSourceProtocol	ms890372	-
IConnectionManagerImpl::CreateConnection	ms890373	-
IConnectionManagerImpl::EndConnection	ms890374	-
IConnectionManagerImpl::RemoveSinkProtocol	ms890375	-
IConnectionManagerImpl::RemoveSourceProtocol	ms890376	-
IConnectionPoint	ms880157	-
IConnectionPoint::Advise	ms880127	ms887281
IConnectionPoint::EnumConnections	ms880146	ms887286
IConnectionPoint::GetConnectionInterface	ms880151	ms887287
IConnectionPoint::GetConnectionPointContainer	ms880154	ms887288
IConnectionPoint::Unadvise	ms880162	ms887290
IConnectionPointContainer	ms880141	-
IConnectionPointContainer::EnumConnectionPoints	ms880130	ms887283
IConnectionPointContainer::FindConnectionPoint	ms880137	ms887284
IContact	ms880172	-
IContact Properties	ms880177	-
IContact::Copy	ms880165	-
IContact::Delete	ms880170	-
IContact::Save	ms880181	-
IContentDirectory	ms890379	-
IContentDirectory::BrowseChildren	ms890380	-
IContentDirectory::BrowseMetadata	ms890381	-
IContentDirectory::CreateObject	ms890382	-
IContentDirectory::CreateReference	ms890383	-
IContentDirectory::DeleteResource	ms890384	-
IContentDirectory::DestroyObject	ms890385	-
IContentDirectory::ExportResource	ms890386	-
IContentDirectory::GetSearchCapabilities	ms890387	-
IContentDirectory::GetSortCapabilities	ms890388	-
IContentDirectory::GetSystemUpdateID	ms890389	-
IContentDirectory::GetTransferProgress	ms890390	-
IContentDirectory::ImportResource	ms890392	-
IContentDirectory::InvokeVendorAction	ms890393	-
IContentDirectory::Search	ms890394	-
IContentDirectory::StopTransferResource	ms890395	-
IContentDirectory::UpdateObject	ms890396	-
IContentDirectoryImpl	ms890391	-
IContinueCallback	ms880195	-
IContinueCallback::FContinue	ms880185	ms887292
IContinueCallback::FContinuePrinting	ms880191	ms887293
ICreateErrorInfo	ms880199	-
ICreateErrorInfo::SetDescription	ms880205	ms887295
ICreateErrorInfo::SetGUID	ms880208	ms887296
ICreateErrorInfo::SetHelpContext	ms880214	ms887297
ICreateErrorInfo::SetHelpFile	ms880219	ms887298
ICreateErrorInfo::SetSource	ms880226	ms887299
ICreateTypeInfo	ms880227	-
ICreateTypeInfo2	ms880257	-
ICreateTypeInfo2::DeleteFuncDesc	ms880230	ms887300
ICreateTypeInfo2::DeleteFuncDescByMemId	ms880237	ms887301
ICreateTypeInfo2::DeleteImplType	ms880241	ms887302
ICreateTypeInfo2::DeleteVarDesc	ms880247	ms887303
ICreateTypeInfo2::DeleteVarDescByMemId	ms880252	ms887304
ICreateTypeInfo2::SetCustData	ms880260	ms887306
ICreateTypeInfo2::SetFuncCustData	ms880265	ms887307
ICreateTypeInfo2::SetFuncHelpStringContext	ms880271	ms887308
ICreateTypeInfo2::SetHelpStringContext	ms880272	ms887309
ICreateTypeInfo2::SetImplTypeCustData	ms880280	ms887310
ICreateTypeInfo2::SetName	ms880288	ms887311
ICreateTypeInfo2::SetParamCustData	ms880290	ms887312
ICreateTypeInfo2::SetVarCustData	ms880295	ms887313
ICreateTypeInfo2::SetVarHelpStringContext	ms880371	ms887314
ICreateTypeInfo::AddFuncDesc	ms880379	ms887315
ICreateTypeInfo::AddImplType	ms880384	ms887316
ICreateTypeInfo::AddRefTypeInfo	ms880385	ms887317
ICreateTypeInfo::AddVarDesc	ms880386	ms887318
ICreateTypeInfo::DefineFuncAsDllEntry	ms880387	ms887319
ICreateTypeInfo::LayOut	ms880388	ms887321
ICreateTypeInfo::SetAlignment	ms880389	ms887322
ICreateTypeInfo::SetDocString	ms880390	ms887323
ICreateTypeInfo::SetFuncAndParamNames	ms880393	ms887324
ICreateTypeInfo::SetFuncDocString	ms880394	ms887325
ICreateTypeInfo::SetFuncHelpContext	ms880395	ms887326
ICreateTypeInfo::SetGuid	ms880396	ms887327
ICreateTypeInfo::SetHelpContext	ms880397	ms887328
ICreateTypeInfo::SetImplTypeFlags	ms880398	ms887329
ICreateTypeInfo::SetMops	ms880399	ms887330
ICreateTypeInfo::SetTypeDescAlias	ms880400	ms887331
ICreateTypeInfo::SetTypeFlags	ms880401	ms887332
ICreateTypeInfo::SetVarDocString	ms880402	ms887334
ICreateTypeInfo::SetVarHelpContext	ms880403	ms887335
ICreateTypeInfo::SetVarName	ms880404	ms887336
ICreateTypeInfo::SetVersion	ms880405	ms887337
ICreateTypeLib	ms880406	-
ICreateTypeLib2	ms880408	-
ICreateTypeLib2::DeleteTypeInfo	ms880407	ms887338
ICreateTypeLib2::SetCustData	ms880409	ms887340
ICreateTypeLib2::SetHelpStringContext	ms880410	ms887341
ICreateTypeLib2::SetHelpStringDll	ms880411	ms887342
ICreateTypeLib::CreateTypeInfo	aa515505	ms887343
ICreateTypeLib::SetGuid	aa515506	ms887345
ICreateTypeLib::SetHelpContext	aa515528	ms887346
ICreateTypeLib::SetHelpFileName	aa515529	ms887347
ICreateTypeLib::SetLcid	aa515530	ms887348
ICreateTypeLib::SetLibFlags	aa515531	ms887349
ICreateTypeLib::SetName	aa515532	ms887350
ICreateTypeLib::SetVersion	aa515533	ms887351
ID Element (Instruction Response)	ms895101	ms898391
ID Element (Poll Request)	ms895102	ms898390
IDDVideoPortContainer	ms909107	-
IDDVideoPortContainer::CreateVideoPort	ms909118	ms893910
IDDVideoPortContainer::EnumVideoPorts	ms909119	ms893912
IDDVideoPortContainer::GetVideoPortConnectInfo	ms909120	ms893913
IDDVideoPortContainer::QueryVideoPortStatus	ms909121	ms893914
IDLDESC	aa515591	ms892132
IDMAChannel	ms900175	-
IDMAChannel::AbortAllTransfers	ms900171	-
IDMAChannel::GetLabel	ms900172	-
IDMAChannel::GetMaxOutstandingTransfers	ms900173	-
IDMAChannel::GetPendingTransferCount	ms900174	-
IDMAChannel::OnDiscontinuity	ms900176	-
IDMAChannel::RequestTransfer	ms900177	-
IDMAChannel::SetDataNotificationThreshold	ms900178	-
IDMAChannel::SetThresholdCallback	ms900179	-
IDMOQualityControl	aa451808	-
IDMOQualityControl::GetStatus	aa451809	ms897769
IDMOQualityControl::SetNow	aa451810	ms897787
IDMOQualityControl::SetStatus	aa451811	ms897795
IDMOVideoOutputOptimizations	aa451812	-
IDMOVideoOutputOptimizations::GetCurrentOperationMode	aa451813	ms897809
IDMOVideoOutputOptimizations::GetCurrentSampleRequirements	aa451814	ms897818
IDMOVideoOutputOptimizations::QueryOperationModePreferences	aa451815	ms897825
IDMOVideoOutputOptimizations::SetOperationMode	aa451816	ms897832
IDMOWrapperFilter Interface	aa451818	-
IDMOWrapperFilter::Init	aa451817	-
IDVDDataSearchInfo/IDVDDataSearchInfo::GetAudioGapInfo	aa451820	-
IDVDDataSearchInfo/IDVDDataSearchInfo::GetC_IDN	aa451821	-
IDVDDataSearchInfo/IDVDDataSearchInfo::GetControlInfo	aa451822	-
IDVDDataSearchInfo/IDVDDataSearchInfo::GetInterleavedUnitEndAddress	aa451823	-
IDVDDataSearchInfo/IDVDDataSearchInfo::GetNextInterleavedUnit	aa451824	-
IDVDDataSearchInfo/IDVDDataSearchInfo::GetRefPictureAddress	aa451825	-
IDVDDataSearchInfo/IDVDDataSearchInfo::GetSCRBase	aa451826	-
IDVDDataSearchInfo/IDVDDataSearchInfo::GetSeamlessAngleChangeAddress	aa451827	-
IDVDDataSearchInfo/IDVDDataSearchInfo::GetSeamlessCategory	aa451828	-
IDVDDataSearchInfo/IDVDDataSearchInfo::GetSyncAudioAddress	aa451829	-
IDVDDataSearchInfo/IDVDDataSearchInfo::GetSyncSPAddress	aa451830	-
IDVDDataSearchInfo/IDVDDataSearchInfo::GetUnitEndAddress	aa451831	-
IDVDDataSearchInfo/IDVDDataSearchInfo::GetUnitStepAddress	aa451832	-
IDVDDataSearchInfo/IDVDDataSearchInfo::GetVOB_ID	aa451833	-
IDVDDecoderCSS	ms900185	-
IDVDDecoderCSS::BypassDescrambler	ms900180	-
IDVDDecoderCSS::EnableDescrambler	ms900181	-
IDVDDecoderCSS::GetChallenge	ms900182	-
IDVDDecoderCSS::GetResponseKey	ms900183	-
IDVDDecoderCSS::InitiateAuthentication	ms900184	-
IDVDDecoderCSS::NewDisk	ms900186	-
IDVDDecoderCSS::ResetAuthentication	ms900187	-
IDVDDecoderCSS::SendDriveChallenge	ms900188	-
IDVDDecoderCSS::SendDriveResponseKey	ms900189	-
IDVDDecoderCSS::SendScrambledDiskKeyData	ms900190	-
IDVDDecoderCSS::SendTitleKey	ms900191	-
IDVDDecoderCSS::SetSectorLength	ms900192	-
IDVDDomain/IDVDDomain::GetCellPieceEnumerator	aa451835	-
IDVDDomain/IDVDDomain::GetPGC	aa451836	-
IDVDDomain/IDVDDomain::GetPGCCount	aa451837	-
IDVDDomain/IDVDDomain::GetSpace	aa451838	-
IDVDDomain/IDVDDomain::GetStreamAttributes	aa451839	-
IDVDDomain/IDVDDomain::GetTimeMap	aa451840	-
IDVDDomain/IDVDDomain::GetTitleSet	aa451841	-
IDVDDomain/IDVDDomain::GetTotalVOBUnits	aa451843	-
IDVDDomain/IDVDDomain::GetTotalVideoObjects	aa451842	-
IDVDDomain/IDVDDomain::GetType	aa451844	-
IDVDDomain/IDVDDomain::GetVOBFileID	aa451845	-
IDVDDomain/IDVDDomain::GetVOBUTablePtr	aa451846	-
IDVDDomain/IDVDDomain::GetVolume	aa451847	-
IDVDHighlightInfo/IDVDHighlightInfo::GetAdjacentButton	aa451849	-
IDVDHighlightInfo/IDVDHighlightInfo::GetButtonColorInfo	aa451850	-
IDVDHighlightInfo/IDVDHighlightInfo::GetButtonCommand	aa451851	-
IDVDHighlightInfo/IDVDHighlightInfo::GetButtonCount	aa451852	-
IDVDHighlightInfo/IDVDHighlightInfo::GetButtonMode	aa451853	-
IDVDHighlightInfo/IDVDHighlightInfo::GetButtonOffset	aa451854	-
IDVDHighlightInfo/IDVDHighlightInfo::GetButtonPositionInfo	aa451855	-
IDVDHighlightInfo/IDVDHighlightInfo::GetDefaultActionButton	aa451856	-
IDVDHighlightInfo/IDVDHighlightInfo::GetHLIStatus	aa451857	-
IDVDHighlightInfo/IDVDHighlightInfo::GetInitialSelectionButton	aa451858	-
IDVDHighlightInfo/IDVDHighlightInfo::GetNumberedButtonCount	aa451859	-
IDVDHighlightInfo/IDVDHighlightInfo::GetPTMs	aa451860	-
IDVDHighlightInfo/IDVDHighlightInfo::GetStreamingInfo	aa451861	-
IDVDMenu/IDVDMenu::GetDomain	aa451863	-
IDVDMenu/IDVDMenu::GetMenuLanguageInfo	aa451864	-
IDVDNavDataStatusSink/IDVDNavDataStatusSink::NotifyNewPCI	aa451866	-
IDVDNavigationManager/IDVDNavigationManager::ButtonSelectDirect	aa451868	-
IDVDNavigationManager/IDVDNavigationManager::GetGParameter	aa451869	-
IDVDNavigationManager/IDVDNavigationManager::GetPlaybackState	aa451870	-
IDVDNavigationManager/IDVDNavigationManager::GetSParameter	aa451872	-
IDVDNavigationManager/IDVDNavigationManager::GetScanCaps	aa451871	-
IDVDNavigationManager/IDVDNavigationManager::SetSParameter	aa451873	-
IDVDNavigationManager/IDVDNavigationManager::SetVolume	aa451875	-
IDVDNavigationManager/IDVDNavigationManger::UseRenderer	aa451876	-
IDVDNavigatorSink/IDVDNavigatorSink::ConfirmTemporaryParentalLevel	aa451880	-
IDVDNavigatorSink/IDVDNavigatorSink::InitializeSystemParameters	aa451882	-
IDVDNavigatorSink/IDVDNavigatorSink::OnDiskReadError	aa451884	-
IDVDNavigatorSink/IDVDNavigatorSink::OnGOPUserData	aa451886	-
IDVDNavigatorSink/IDVDNavigatorSink::OnGPRMChange	aa451889	-
IDVDNavigatorSink/IDVDNavigatorSink::OnNavigationException	aa451891	-
IDVDNavigatorSink/IDVDNavigatorSink::OnNewCell	aa451893	-
IDVDNavigatorSink/IDVDNavigatorSink::OnNewProgram	aa451895	-
IDVDNavigatorSink/IDVDNavigatorSink::OnNewProgramChain	aa451897	-
IDVDNavigatorSink/IDVDNavigatorSink::OnPlaybackStateChange	aa451899	-
IDVDNavigatorSink/IDVDNavigatorSink::OnSPRMChange	aa451901	-
IDVDNavigatorSink/IDVDNavigatorSink::OnUOPChange	aa451903	-
IDVDParentalManagementTable/IDVDParentalManagementTable::ConvertParentalLevelToID	aa451907	-
IDVDProgramChain/IDVDProgramChain::GetAudioStreamSelector	aa451911	-
IDVDProgramChain/IDVDProgramChain::GetCellPlaybackInfo	aa451913	-
IDVDProgramChain/IDVDProgramChain::GetCellPosition	aa451915	-
IDVDProgramChain/IDVDProgramChain::GetContents	aa451917	-
IDVDProgramChain/IDVDProgramChain::GetDomain	aa451919	-
IDVDProgramChain/IDVDProgramChain::GetLink	aa451921	-
IDVDProgramChain/IDVDProgramChain::GetNavCommand	aa451923	-
IDVDProgramChain/IDVDProgramChain::GetNavCommandsCount	aa451925	-
IDVDProgramChain/IDVDProgramChain::GetPGCN	aa451927	-
IDVDProgramChain/IDVDProgramChain::GetPlaybackMode	aa451929	-
IDVDProgramChain/IDVDProgramChain::GetPlaybackTime	aa451931	-
IDVDProgramChain/IDVDProgramChain::GetProgramEntryCell	aa451933	-
IDVDProgramChain/IDVDProgramChain::GetSubpicturePalette	aa451934	-
IDVDProgramChain/IDVDProgramChain::GetSubpictureStreamSelector	aa451936	-
IDVDProgramChain/IDVDProgramChain::GetUserOperationControlMask	aa451939	-
IDVDROM/IDVDROM::Bind	aa451943	-
IDVDROM/IDVDROM::CloseVOB	aa451945	-
IDVDROM/IDVDROM::OpenVOB	aa451947	-
IDVDROM/IDVDROM::ReadVMGI	aa451949	-
IDVDROM/IDVDROM::ReadVOB	aa451951	-
IDVDROM/IDVDROM::ReadVTSI	aa451953	-
IDVDROM/IDVDROM::ReleaseMem	aa451955	-
IDVDROM/IDVDROM::Unbind	aa451957	-
IDVDRenderer	ms900198	-
IDVDRenderer::Abort	ms900193	-
IDVDRenderer::GetAudioCaps	ms900194	-
IDVDRenderer::GetHighlightedButton	ms900195	-
IDVDRenderer::GetScanCaps	ms900196	-
IDVDRenderer::Highlight	ms900197	-
IDVDRenderer::Pause	ms900910	-
IDVDRenderer::Play	ms901009	-
IDVDRenderer::RegisterSyncEvent	ms901070	-
IDVDRenderer::Scan	ms901164	-
IDVDRenderer::SetAPS	ms901270	-
IDVDRenderer::SetAspectRatioMode	ms901283	-
IDVDRenderer::SetAudioStreamNumber	ms901290	-
IDVDRenderer::SetAudioStreamType	ms901300	-
IDVDRenderer::SetContentAspectRatio	ms901312	-
IDVDRenderer::SetDisplayAspectRatio	ms901323	-
IDVDRenderer::SetPalette	ms901334	-
IDVDRenderer::SetSubpictureStreamNumber	ms901342	-
IDVDRenderer::Slow	ms901349	-
IDVDRenderer::Step	ms901358	-
IDVDRenderer::UnregisterSyncEvent	ms901363	-
IDVDStreamAttributes/IDVDStreamAttributes::GetAudioAttr	aa451961	-
IDVDStreamAttributes/IDVDStreamAttributes::GetAudioCount	aa451962	-
IDVDStreamAttributes/IDVDStreamAttributes::GetAudioMultichannelUseAttr	aa451964	-
IDVDStreamAttributes/IDVDStreamAttributes::GetSubpictureAttr	aa451966	-
IDVDStreamAttributes/IDVDStreamAttributes::GetSubpictureCount	aa451968	-
IDVDStreamAttributes/IDVDStreamAttributes::GetVideoAttr	aa451970	-
IDVDStreamControlInfo/IDVDStreamControlInfo::GetBlockAddress	aa451974	-
IDVDStreamControlInfo/IDVDStreamControlInfo::GetCategory	aa451976	-
IDVDStreamControlInfo/IDVDStreamControlInfo::GetCellRelativeStartTime	aa451978	-
IDVDStreamControlInfo/IDVDStreamControlInfo::GetDataSearchInfo	aa451980	-
IDVDStreamControlInfo/IDVDStreamControlInfo::GetEndSequencePTM	aa451982	-
IDVDStreamControlInfo/IDVDStreamControlInfo::GetHighlightInfo	aa451984	-
IDVDStreamControlInfo/IDVDStreamControlInfo::GetNonSeamlessAngleChangeAddress	aa451986	-
IDVDStreamControlInfo/IDVDStreamControlInfo::GetPresentationTimes	aa451987	-
IDVDStreamControlInfo/IDVDStreamControlInfo::GetRecordingAudioInfo	aa452034	-
IDVDStreamControlInfo/IDVDStreamControlInfo::GetRecordingSubpictureGroup	aa452035	-
IDVDStreamControlInfo/IDVDStreamControlInfo::GetRecordingSubpictureInfo	aa452036	-
IDVDStreamControlInfo/IDVDStreamControlInfo::GetRecordingVideoInfo	aa452037	-
IDVDStreamControlInfo/IDVDStreamControlInfo::GetUserOperationControlMask	aa452038	-
IDVDStreamControlInfo/IDVDStreamControlInfo::ReaderLock	aa452039	-
IDVDStreamControlInfo/IDVDStreamControlInfo::ReaderUnlock	aa452040	-
IDVDStreamControlInfo/IDVDStreamControlInfo::SetNavigationPack	aa452041	-
IDVDTextManager/IDVDTextManager::EnumerateTextLanguageUnits	aa452043	-
IDVDTextManager/IDVDTextManager::EnumerateTitleTextItems	aa452044	-
IDVDTextManager/IDVDTextManager::GetTextItemsCount	aa452045	-
IDVDTimeMap/IDVDTimeMap::GetTableHeader	aa452048	-
IDVDTimeMap/IDVDTimeMap::GetVOBUAddress	aa452049	-
IDVDTitleSet/IDVDTitleSet::GetCategory	aa452051	-
IDVDTitleSet/IDVDTitleSet::GetDomain	aa452052	-
IDVDTitleSet/IDVDTitleSet::GetMenu	aa452053	-
IDVDTitleSet/IDVDTitleSet::GetSpecVersion	aa452054	-
IDVDTitleSet/IDVDTitleSet::GetTitlePart	aa452055	-
IDVDTitleSet/IDVDTitleSet::GetTotalTitleUnitCount	aa452056	-
IDVDTitleSet/IDVDTitleSet::GetVTSN	aa452058	-
IDVDTitleSet/IDVDTitleSet::GetVolume	aa452057	-
IDVDUserOperation/IDVDUserOperation::BackwardScan	aa452060	-
IDVDUserOperation/IDVDUserOperation::ButtonActivate	aa452061	-
IDVDUserOperation/IDVDUserOperation::ButtonSelect	aa452062	-
IDVDUserOperation/IDVDUserOperation::ButtonSelectAndActivate	aa452063	-
IDVDUserOperation/IDVDUserOperation::ChangeAngle	aa452064	-
IDVDUserOperation/IDVDUserOperation::ChangeAudioStream	aa452065	-
IDVDUserOperation/IDVDUserOperation::ChangeSubPictureStream	aa452067	-
IDVDUserOperation/IDVDUserOperation::ForwardScan	aa452069	-
IDVDUserOperation/IDVDUserOperation::GoUp	aa452071	-
IDVDUserOperation/IDVDUserOperation::MenuCall	aa452073	-
IDVDUserOperation/IDVDUserOperation::MenuLanguageSelect	aa452075	-
IDVDUserOperation/IDVDUserOperation::PTTSearch	ms910167	-
IDVDUserOperation/IDVDUserOperation::ParentalCountrySelect	aa452077	-
IDVDUserOperation/IDVDUserOperation::ParentalLevelSelect	ms910052	-
IDVDUserOperation/IDVDUserOperation::PartPlay	ms910143	-
IDVDUserOperation/IDVDUserOperation::Pause	ms910154	-
IDVDUserOperation/IDVDUserOperation::ProgramSearch	ms910161	-
IDVDUserOperation/IDVDUserOperation::Resume	ms930706	-
IDVDUserOperation/IDVDUserOperation::StillOff	ms930718	-
IDVDUserOperation/IDVDUserOperation::Stop	ms930814	-
IDVDUserOperation/IDVDUserOperation::TimePlay	ms930822	-
IDVDUserOperation/IDVDUserOperation::TimeSearch	ms930827	-
IDVDUserOperation/IDVDUserOperation::TitlePlay	ms930832	-
IDVDUserOperation/IDVDUserOperation::VideoPresentationModeChange	ms930840	-
IDVDVideoVolume/IDVDVideoVolume::GetCategory	ms930862	-
IDVDVideoVolume/IDVDVideoVolume::GetFirstPlay	ms930869	-
IDVDVideoVolume/IDVDVideoVolume::GetMenu	ms930874	-
IDVDVideoVolume/IDVDVideoVolume::GetPOSCode	ms930889	-
IDVDVideoVolume/IDVDVideoVolume::GetParentalManagementTable	ms930879	-
IDVDVideoVolume/IDVDVideoVolume::GetProviderID	ms930895	-
IDVDVideoVolume/IDVDVideoVolume::GetSpecVersion	ms910269	-
IDVDVideoVolume/IDVDVideoVolume::GetTextDataManager	ms910295	-
IDVDVideoVolume/IDVDVideoVolume::GetTitleSet	ms910303	-
IDVDVideoVolume/IDVDVideoVolume::GetTitleSetAttributes	ms910315	-
IDVDVideoVolume/IDVDVideoVolume::GetTitleUnitInfo	ms910321	-
IDVDVideoVolume/IDVDVideoVolume::GetTotalTitleUnitCount	ms910332	-
IDVDVideoVolume/IDVDVideoVolume::GetVideoTitleSetsCount	ms910343	-
IDVDVideoVolume/IDVDVideoVolume::GetVolumeSetInfo	ms910354	-
IDVDVideoVolume/IDVDVideoVolume::InitData	ms910361	-
IDVDVideoVolume/IDVDVideoVolume::Lock	ms910367	-
IDVDVideoVolume/IDVDVideoVolume::UnLock	ms910374	-
IDVREngineHelpers Interface	aa452542	-
IDVREngineHelpers::CleanupOrphanedRecordings	aa452539	-
IDVREngineHelpers::DeleteRecording	aa452540	-
IDVREngineHelpers::GetRecordingSizeOnDisk	aa452541	-
IDataObject	aa515541	-
IDataObject::DAdvise	aa515534	ms887353
IDataObject::DUnadvise	aa515535	ms887354
IDataObject::EnumDAdvise	aa515536	ms887355
IDataObject::EnumFormatEtc	aa515537	ms887356
IDataObject::GetCanonicalFormatEtc	aa515538	ms887357
IDataObject::GetData	aa515539	ms887358
IDataObject::GetDataHere	aa515540	ms887359
IDataObject::QueryGetData	aa515542	ms887360
IDataObject::SetData	aa515543	ms887361
IDccMan	aa515545	-
IDccMan::Advise	aa515544	ms887362
IDccMan::ShowCommSettings	aa515546	ms887482
IDccMan::Unadvise	aa515572	ms887718
IDccManSink	aa515547	-
IDccManSink::OnLogActive	aa515548	ms887559
IDccManSink::OnLogAnswered	aa515560	ms887569
IDccManSink::OnLogDisconnection	aa515561	ms887581
IDccManSink::OnLogError	aa515562	ms887590
IDccManSink::OnLogInactive	aa515564	ms887594
IDccManSink::OnLogIpAddr	aa515566	ms887599
IDccManSink::OnLogListen	aa515568	ms887611
IDccManSink::OnLogTerminated	aa515570	ms887709
IDeviceEnum::Clone	ms900495	-
IDeviceEnum::Next	ms890398	ms922512
IDeviceEnum::Reset	ms890399	ms922513
IDeviceEnum::Skip	ms890400	ms922514
IDeviceEnum:IUnknown	ms890397	-
IDirect3DMobile	ms909122	-
IDirect3DMobile::CheckDepthStencilMatch	ms909127	-
IDirect3DMobile::CheckDeviceFormat	ms909128	-
IDirect3DMobile::CheckDeviceFormatConversion	ms923411	-
IDirect3DMobile::CheckDeviceMultiSampleType	ms909129	-
IDirect3DMobile::CheckDeviceType	ms909130	-
IDirect3DMobile::CheckProfile	ms909131	-
IDirect3DMobile::CreateDevice	ms909132	-
IDirect3DMobile::EnumAdapterModes	ms929139	-
IDirect3DMobile::GetAdapterCount	ms929140	-
IDirect3DMobile::GetAdapterDisplayMode	ms929141	-
IDirect3DMobile::GetAdapterIdentifier	ms929142	-
IDirect3DMobile::GetAdapterModeCount	ms929143	-
IDirect3DMobile::GetDeviceCaps	ms929144	-
IDirect3DMobile::RegisterSoftwareDevice	ms929149	-
IDirect3DMobileBaseTexture	ms909123	-
IDirect3DMobileBaseTexture::GetLOD	ms909125	-
IDirect3DMobileBaseTexture::GetLevelCount	ms909124	-
IDirect3DMobileBaseTexture::SetLOD	ms909126	-
IDirect3DMobileDevice	ms909133	-
IDirect3DMobileDevice::BeginScene	ms909134	-
IDirect3DMobileDevice::Clear	ms909135	-
IDirect3DMobileDevice::ColorFill	ms909136	-
IDirect3DMobileDevice::CopyRects	ms909137	-
IDirect3DMobileDevice::CreateAdditionalSwapChain	ms909138	-
IDirect3DMobileDevice::CreateDepthStencilSurface	ms909139	-
IDirect3DMobileDevice::CreateImageSurface	ms909140	-
IDirect3DMobileDevice::CreateIndexBuffer	ms909141	-
IDirect3DMobileDevice::CreateRenderTarget	ms909142	-
IDirect3DMobileDevice::CreateTexture	ms909143	-
IDirect3DMobileDevice::CreateVertexBuffer	ms909144	-
IDirect3DMobileDevice::DrawIndexedPrimitive	ms909145	-
IDirect3DMobileDevice::DrawPrimitive	ms909146	-
IDirect3DMobileDevice::EndScene	ms929092	-
IDirect3DMobileDevice::GetAvailableTextureMem	ms929093	-
IDirect3DMobileDevice::GetBackBuffer	ms929094	-
IDirect3DMobileDevice::GetClipStatus	ms929095	-
IDirect3DMobileDevice::GetCreationParameters	ms929096	-
IDirect3DMobileDevice::GetCurrentTexturePalette	ms929097	-
IDirect3DMobileDevice::GetDepthStencilSurface	ms929098	-
IDirect3DMobileDevice::GetDeviceCaps	ms929099	-
IDirect3DMobileDevice::GetDirect3D	ms929100	-
IDirect3DMobileDevice::GetDisplayMode	ms929101	-
IDirect3DMobileDevice::GetFrontBuffer	ms929102	-
IDirect3DMobileDevice::GetIndices	ms929103	-
IDirect3DMobileDevice::GetInfo	ms929104	-
IDirect3DMobileDevice::GetLight	ms929105	-
IDirect3DMobileDevice::GetLightEnable	ms929106	-
IDirect3DMobileDevice::GetMaterial	ms929107	-
IDirect3DMobileDevice::GetPaletteEntries	ms929108	-
IDirect3DMobileDevice::GetRenderState	ms929109	-
IDirect3DMobileDevice::GetRenderTarget	ms929110	-
IDirect3DMobileDevice::GetStreamSource	ms929112	-
IDirect3DMobileDevice::GetTexture	ms929113	-
IDirect3DMobileDevice::GetTextureStageState	ms929114	-
IDirect3DMobileDevice::GetTransform	ms929115	-
IDirect3DMobileDevice::GetViewport	ms929116	-
IDirect3DMobileDevice::LightEnable	ms929117	-
IDirect3DMobileDevice::Present	ms929118	-
IDirect3DMobileDevice::ProcessVertices	ms929119	-
IDirect3DMobileDevice::Reset	ms929120	-
IDirect3DMobileDevice::ResourceManagerDiscardBytes	ms929121	-
IDirect3DMobileDevice::SetClipStatus	ms929122	-
IDirect3DMobileDevice::SetCurrentTexturePalette	ms929123	-
IDirect3DMobileDevice::SetIndices	ms929124	-
IDirect3DMobileDevice::SetLight	ms929125	-
IDirect3DMobileDevice::SetMaterial	ms929126	-
IDirect3DMobileDevice::SetPaletteEntries	ms929127	-
IDirect3DMobileDevice::SetRenderState	ms929128	-
IDirect3DMobileDevice::SetRenderTarget	ms929129	-
IDirect3DMobileDevice::SetStreamSource	ms929130	-
IDirect3DMobileDevice::SetTexture	ms929131	-
IDirect3DMobileDevice::SetTextureStageState	ms929132	-
IDirect3DMobileDevice::SetTransform	ms929133	-
IDirect3DMobileDevice::SetViewport	ms929134	-
IDirect3DMobileDevice::StretchRect	ms929135	-
IDirect3DMobileDevice::TestCooperativeLevel	ms929136	-
IDirect3DMobileDevice::UpdateTexture	ms929137	-
IDirect3DMobileDevice::ValidateDevice	ms929138	-
IDirect3DMobileIndexBuffer	ms929145	-
IDirect3DMobileIndexBuffer::GetDesc	ms929146	-
IDirect3DMobileIndexBuffer::Lock	ms929147	-
IDirect3DMobileIndexBuffer::Unlock	ms929148	-
IDirect3DMobileResource	ms929150	-
IDirect3DMobileResource::GetDevice	ms929151	-
IDirect3DMobileResource::GetPriority	ms929152	-
IDirect3DMobileResource::GetType	ms929153	-
IDirect3DMobileResource::PreLoad	ms929154	-
IDirect3DMobileResource::SetPriority	ms929155	-
IDirect3DMobileSurface	ms929424	-
IDirect3DMobileSurface::GetContainer	ms929511	-
IDirect3DMobileSurface::GetDC	ms929619	-
IDirect3DMobileSurface::GetDesc	ms929621	-
IDirect3DMobileSurface::GetDevice	ms929622	-
IDirect3DMobileSurface::LockRect	ms929623	-
IDirect3DMobileSurface::ReleaseDC	ms929624	-
IDirect3DMobileSurface::UnlockRect	ms929625	-
IDirect3DMobileSwapChain	ms929626	-
IDirect3DMobileSwapChain::GetBackBuffer	ms929627	-
IDirect3DMobileSwapChain::Present	ms929628	-
IDirect3DMobileTexture	ms929629	-
IDirect3DMobileTexture::AddDirtyRect	ms929630	-
IDirect3DMobileTexture::GetLevelDesc	ms929631	-
IDirect3DMobileTexture::GetSurfaceLevel	ms929632	-
IDirect3DMobileTexture::LockRect	ms929633	-
IDirect3DMobileTexture::UnlockRect	ms929634	-
IDirect3DMobileVertexBuffer	ms929635	-
IDirect3DMobileVertexBuffer::GetDesc	ms929636	-
IDirect3DMobileVertexBuffer::Lock	ms929637	-
IDirect3DMobileVertexBuffer::Unlock	ms929638	-
IDirectDraw4	ms929639	-
IDirectDraw4::Compact	ms929640	ms893915
IDirectDraw4::CreateClipper	ms929641	ms893916
IDirectDraw4::CreatePalette	ms929642	ms893917
IDirectDraw4::CreateSurface	ms929643	ms893918
IDirectDraw4::DuplicateSurface	ms929644	ms893920
IDirectDraw4::EnumDisplayModes	ms929645	ms893921
IDirectDraw4::EnumSurfaces	ms929646	ms893922
IDirectDraw4::FlipToGDISurface	ms929647	ms893923
IDirectDraw4::GetAvailableVidMem	ms929648	ms893924
IDirectDraw4::GetCaps	ms929649	ms893925
IDirectDraw4::GetDisplayMode	ms929650	ms893926
IDirectDraw4::GetFourCCCodes	ms929651	ms893927
IDirectDraw4::GetGDISurface	ms929652	ms893928
IDirectDraw4::GetMonitorFrequency	ms929653	ms893929
IDirectDraw4::GetScanLine	ms929654	ms893930
IDirectDraw4::GetSurfaceFromDC	ms929655	ms893931
IDirectDraw4::GetVerticalBlankStatus	ms929656	ms893932
IDirectDraw4::RestoreAllSurfaces	ms929657	ms893933
IDirectDraw4::RestoreDisplayMode	ms929658	ms893934
IDirectDraw4::SetCooperativeLevel	ms929659	ms893935
IDirectDraw4::SetDisplayMode	ms929660	ms893936
IDirectDraw4::TestCooperativeLevel	ms929661	ms893937
IDirectDraw4::WaitForVerticalBlank	ms929662	ms893938
IDirectDrawClipper	ms929663	-
IDirectDrawClipper::GetClipList	ms929664	ms893940
IDirectDrawClipper::GetHWnd	ms929665	ms893941
IDirectDrawClipper::IsClipListChanged	ms929667	ms893942
IDirectDrawClipper::SetClipList	ms929668	ms893943
IDirectDrawClipper::SetHWnd	ms929669	ms894106
IDirectDrawColorControl	ms929670	-
IDirectDrawColorControl::GetColorControls	ms929671	ms894211
IDirectDrawColorControl::SetColorControls	ms929672	ms894318
IDirectDrawPalette	ms929673	-
IDirectDrawPalette::GetCaps	ms929674	ms894328
IDirectDrawPalette::GetEntries	ms929675	ms894335
IDirectDrawPalette::SetEntries	ms929676	ms894339
IDirectDrawSurface5	ms929677	-
IDirectDrawSurface5::AddAttachedSurface	ms929678	ms894343
IDirectDrawSurface5::AddOverlayDirtyRect	ms929679	ms894349
IDirectDrawSurface5::AlphaBlt	ms929680	ms894354
IDirectDrawSurface5::Blt	ms929681	ms894364
IDirectDrawSurface5::BltFast	ms929682	ms894359
IDirectDrawSurface5::ChangeUniquenessValue	ms929683	ms895105
IDirectDrawSurface5::DeleteAttachedSurface	ms929684	ms895114
IDirectDrawSurface5::EnumAttachedSurfaces	ms929685	ms895118
IDirectDrawSurface5::EnumOverlayZOrders	ms929686	ms895122
IDirectDrawSurface5::Flip	ms929687	ms895126
IDirectDrawSurface5::FreePrivateData	ms929688	ms895129
IDirectDrawSurface5::GetAttachedSurface	ms929689	ms895132
IDirectDrawSurface5::GetBltStatus	ms929690	ms895135
IDirectDrawSurface5::GetCaps	ms929691	ms895137
IDirectDrawSurface5::GetClipper	ms929692	ms895142
IDirectDrawSurface5::GetColorKey	ms929693	ms895146
IDirectDrawSurface5::GetDC	ms929694	ms895151
IDirectDrawSurface5::GetDDInterface	ms929695	ms895155
IDirectDrawSurface5::GetFlipStatus	ms929696	ms895159
IDirectDrawSurface5::GetOverlayPosition	ms929697	ms895162
IDirectDrawSurface5::GetPalette	ms929698	ms895165
IDirectDrawSurface5::GetPixelFormat	ms929699	ms895168
IDirectDrawSurface5::GetPrivateData	ms929700	ms895171
IDirectDrawSurface5::GetSurfaceDesc	ms929701	ms895175
IDirectDrawSurface5::GetUniquenessValue	ms929702	ms895179
IDirectDrawSurface5::Initialize	ms929703	ms895183
IDirectDrawSurface5::IsLost	ms929704	ms895188
IDirectDrawSurface5::Lock	ms929705	ms895192
IDirectDrawSurface5::PageLock	ms929706	ms895197
IDirectDrawSurface5::PageUnlock	ms929707	ms895201
IDirectDrawSurface5::ReleaseDC	ms929708	ms895205
IDirectDrawSurface5::Restore	ms929709	ms895209
IDirectDrawSurface5::SetClipper	ms929710	ms895213
IDirectDrawSurface5::SetColorKey	ms929711	ms895216
IDirectDrawSurface5::SetOverlayPosition	ms929712	ms895220
IDirectDrawSurface5::SetPalette	ms929713	ms895226
IDirectDrawSurface5::SetPrivateData	ms929714	ms895230
IDirectDrawSurface5::SetSurfaceDesc	ms929715	ms895235
IDirectDrawSurface5::Unlock	ms929716	ms895239
IDirectDrawSurface5::UpdateOverlay	ms929717	ms895251
IDirectDrawSurface5::UpdateOverlayDisplay	ms929718	ms895243
IDirectDrawSurface5::UpdateOverlayZOrder	aa451768	ms895247
IDirectDrawVideo Interface	aa451779	-
IDirectDrawVideo::CanUseOverlayStretch	aa451769	-
IDirectDrawVideo::CanUseScanLine	aa451770	-
IDirectDrawVideo::GetCaps	aa451771	-
IDirectDrawVideo::GetDirectDraw	aa451772	-
IDirectDrawVideo::GetEmulatedCaps	aa451773	-
IDirectDrawVideo::GetFourCCCodes	aa451774	-
IDirectDrawVideo::GetSurfaceDesc	aa451775	-
IDirectDrawVideo::GetSurfaceType	aa451776	-
IDirectDrawVideo::GetSwitches	aa451778	-
IDirectDrawVideo::SetDefault	aa451795	-
IDirectDrawVideo::SetDirectDraw	aa451796	-
IDirectDrawVideo::SetSwitches	aa451797	-
IDirectDrawVideo::UseOverlayStretch	aa451798	-
IDirectDrawVideo::UseScanLine	aa451799	-
IDirectDrawVideo::UseWhenFullScreen	aa451800	-
IDirectDrawVideo::WillUseFullScreen	aa451801	-
IDirectDrawVideoPort	aa451780	-
IDirectDrawVideoPort::Flip	aa451781	ms895258
IDirectDrawVideoPort::GetBandwidthInfo	aa451782	ms895262
IDirectDrawVideoPort::GetColorControls	aa451783	ms895265
IDirectDrawVideoPort::GetFieldPolarity	aa451784	ms895269
IDirectDrawVideoPort::GetInputFormats	aa451785	ms895273
IDirectDrawVideoPort::GetOutputFormats	aa451786	ms895277
IDirectDrawVideoPort::GetVideoLine	aa451787	ms895280
IDirectDrawVideoPort::GetVideoSignalStatus	aa451788	ms895283
IDirectDrawVideoPort::SetColorControls	aa451789	ms895285
IDirectDrawVideoPort::SetTargetSurface	aa451790	ms895288
IDirectDrawVideoPort::StartVideo	aa451791	ms895292
IDirectDrawVideoPort::StopVideo	aa451792	ms895294
IDirectDrawVideoPort::UpdateVideo	aa451793	ms895297
IDirectDrawVideoPort::WaitForSync	aa451794	ms895299
IDispatch	aa515577	-
IDispatch::GetIDsOfNames	aa515582	ms887721
IDispatch::GetTypeInfo	aa515584	ms887722
IDispatch::GetTypeInfoCount	aa515585	ms887723
IDispatch::Invoke	aa515589	ms887724
IDistributorNotify Interface	aa451802	-
IDistributorNotify::NotifyGraphChange	aa451803	-
IDistributorNotify::Pause	aa451804	-
IDistributorNotify::Run	aa451805	-
IDistributorNotify::SetSyncSource	aa451806	-
IDistributorNotify::Stop	aa451807	-
IDropTarget	ms929936	-
IDropTarget::DragEnter	ms929937	-
IDropTarget::DragLeave	ms929938	-
IDropTarget::DragOver	ms929939	-
IDropTarget::Drop	ms929940	-
IEEE 1394 AV/C VCR Subunit Driver Development Concepts	ms892180	-
IEEE 1394 AV/C VCR Subunit Driver Samples	ms892181	-
IEEE 1394 Bus Driver Samples	ms892184	-
IEEE 1394 Data Transfers	ms892185	-
IEEE 1394 Driver Thread Priorities	ms892187	-
IEEE 1394 SBP-2 Driver Development Concepts	ms892189	-
IEEE 1394 SBP-2 Driver Registry Settings	ms892191	-
IEEE 1394 SBP-2 Driver Samples	ms892190	-
IEEE 1394 Sample Communication	ms892188	-
IEEE 1394 Streaming Filter Driver Architecture	ms892192	-
IEEE 1394 Streaming Filter Driver Differences in Media Types	ms892193	-
IEEE 1394 Streaming Filter Driver IOCTL Processing Requirements	ms892194	-
IEEE 1394 Streaming Filter Driver IRP Processing Requirements Complex Form	ms892195	-
IEEE 1394 Streaming Filter Driver IRP Processing Requirements Incorrect Form	ms892196	-
IEEE 1394 Streaming Filter Driver IRP Processing Requirements Simple Form	ms892197	-
IEEE 1394 Streaming Filter Driver Registry Settings	ms892199	-
IEEE 1394 Streaming Filter Driver Samples	ms892201	-
IEEE 1394 Unit Filter Driver Architecture	ms892204	-
IEEE 1394 Unit Filter Driver Destination Selection	ms892205	-
IEEE 1394 Unit Filter Driver Plug Allocation	ms892206	-
IEEE 1394 Unit Filter Driver Plug Management	ms892207	-
IEEE 1394 Unit Filter Driver Registration	ms892208	-
IEEE 1394 Unit Filter Driver Registry Settings	ms892209	-
IEEE 1394 Unit Filter Driver Samples	ms892211	-
IEEE 1394 Unit Filter Driver Streaming	ms892212	-
IEEE 1394 Virtual VCR Application	ms892213	-
IEEE 1394 Virtual VCR Driver Architecture	ms892214	-
IEEE 1394 Virtual VCR Driver Registry Settings	ms892215	-
IEEE 1394 Virtual VCR Driver Samples	ms892217	-
IESample Registry Settings	aa451993	ms899174
IEnumCodePage	ms906426	-
IEnumCodePage::Next	ms906427	ms902503
IEnumCodePage::Reset	ms906428	ms902504
IEnumCodePage::Skip	ms906429	ms902505
IEnumConnectionPoints	aa515594	-
IEnumConnectionPoints::Clone	aa515592	ms887727
IEnumConnectionPoints::Next	aa515596	ms887729
IEnumConnectionPoints::Reset	aa515598	ms887730
IEnumConnectionPoints::Skip	aa515601	ms887731
IEnumConnections	aa515606	-
IEnumConnections::Clone	aa515605	ms887732
IEnumConnections::Next	aa515608	ms887734
IEnumConnections::Reset	aa515609	ms887735
IEnumConnections::Skip	aa515611	ms887736
IEnumDMO	ms910382	-
IEnumDMO::Clone	ms910385	ms897849
IEnumDMO::Next	ms910392	ms897862
IEnumDMO::Reset	ms910398	ms897869
IEnumDMO::Skip	ms910405	ms897876
IEnumDVD_XXXX/IEnumDVD_CELL_PIECE	ms910411	-
IEnumDVD_XXXX/IEnumDVD_TEXT_ITEM	ms910419	-
IEnumDVD_XXXX/IEnumDVD_TEXT_LANGUAGE_UNIT	ms910425	-
IEnumDVD_XXXX/IEnumDVD_XXXX::Clone	ms910442	-
IEnumDVD_XXXX/IEnumDVD_XXXX::Next	ms910451	-
IEnumDVD_XXXX/IEnumDVD_XXXX::Reset	ms910520	-
IEnumDVD_XXXX/IEnumDVD_XXXX::Skip	ms910529	-
IEnumFORMATETC	aa515615	-
IEnumFORMATETC::Clone	aa515612	ms887738
IEnumFORMATETC::Next	aa515616	ms887739
IEnumFORMATETC::Reset	aa515618	ms887740
IEnumFORMATETC::Skip	aa515620	ms887741
IEnumFilters Interface	ms910535	-
IEnumFilters::Clone	ms910534	-
IEnumFilters::Next	ms910536	-
IEnumFilters::Reset	ms910538	-
IEnumFilters::Skip	ms910539	-
IEnumMediaTypes Interface	ms910541	-
IEnumMediaTypes::Clone	ms910540	-
IEnumMediaTypes::Next	ms910542	-
IEnumMediaTypes::Reset	ms910543	-
IEnumMediaTypes::Skip	ms910544	-
IEnumMoniker	aa515624	-
IEnumMoniker::Clone	aa515623	ms887742
IEnumMoniker::Next	aa515626	ms887744
IEnumMoniker::Reset	aa515627	ms887745
IEnumMoniker::Skip	aa515628	ms887746
IEnumOLEVERB	aa515633	-
IEnumOLEVERB::Clone	aa515631	-
IEnumOLEVERB::Next	aa515635	-
IEnumOLEVERB::Reset	aa515636	-
IEnumOLEVERB::Skip	aa515638	-
IEnumPins Interface	ms910546	-
IEnumPins::Clone	ms910545	-
IEnumPins::Next	ms910547	-
IEnumPins::Reset	ms910548	-
IEnumPins::Skip	ms910549	-
IEnumRegFilters Interface	ms910551	-
IEnumRegFilters::Clone	ms910550	-
IEnumRegFilters::Next	ms910552	-
IEnumRegFilters::Reset	ms910553	-
IEnumRegFilters::Skip	ms910554	-
IEnumReplItem::Clone	aa513895	-
IEnumReplItem::GetFolderHandle	aa513896	-
IEnumReplItem::Next	aa513900	-
IEnumReplItem::Reset	aa513901	-
IEnumReplItem::Skip	aa513903	-
IEnumRfc1766	ms906430	-
IEnumRfc1766::Next	ms906431	ms902501
IEnumRfc1766::Reset	ms906432	ms902507
IEnumRfc1766::Skip	ms906433	ms902874
IEnumSTATDATA	aa515657	-
IEnumSTATDATA::Clone	aa515655	ms887747
IEnumSTATDATA::Next	aa515659	ms887749
IEnumSTATDATA::Reset	aa515660	ms887750
IEnumSTATDATA::Skip	aa515663	ms887751
IEnumSTATSTG	aa515670	-
IEnumSTATSTG::Clone	aa515665	ms887752
IEnumSTATSTG::Next	aa515672	ms887754
IEnumSTATSTG::Reset	aa515673	ms887755
IEnumSTATSTG::Skip	aa515675	ms887756
IEnumScript	aa452258	-
IEnumScript::Clone	aa452277	ms902508
IEnumScript::Next	aa452279	ms902510
IEnumScript::Reset	aa452281	ms902511
IEnumScript::Skip	aa452283	ms902512
IEnumSpObjectTokens	aa515639	-
IEnumSpObjectTokens::Clone	aa515641	-
IEnumSpObjectTokens::GetCount	aa515643	-
IEnumSpObjectTokens::Item	aa515645	-
IEnumSpObjectTokens::Next	aa515648	-
IEnumSpObjectTokens::Reset	aa515651	-
IEnumSpObjectTokens::Skip	aa515653	-
IEnumString	aa515677	-
IEnumString::Clone	aa515678	ms887758
IEnumString::Next	aa515679	ms887759
IEnumString::Reset	aa515681	ms887760
IEnumString::Skip	aa515682	ms887761
IEnumUnknown	aa515683	ms887762
IEnumVARIANT	aa515684	-
IEnumVARIANT::Clone	aa515685	ms887763
IEnumVARIANT::Next	aa515688	ms887765
IEnumVARIANT::Reset	aa515691	ms887766
IEnumVARIANT::Skip	aa515694	ms887767
IErrorInfo	aa515700	-
IErrorInfo::GetDescription	aa515702	ms887768
IErrorInfo::GetGUID	aa515705	ms887769
IErrorInfo::GetHelpContext	aa515706	ms887780
IErrorInfo::GetHelpFile	aa515707	ms887781
IErrorInfo::GetSource	aa515708	ms887782
IErrorlog	aa515713	-
IErrorlog::AddError	aa515710	ms886009
IEventSink	ms890401	-
IEventSink::OnStateChanged	ms890402	-
IEventSource	ms890403	-
IEventSource::Advise	ms890404	-
IEventSource::Unadvise	ms890881	-
IException	aa515716	-
IException Properties	aa515719	-
IExceptions	aa516108	-
IExceptions Properties	aa516109	-
IExceptions::Item	aa515721	-
IExchangeClient::CancelPendingRequests	aa516110	-
IExchangeClient::GetServer	aa516134	-
IExchangeClient::Initialize	aa516135	-
IExchangeClient::RequestContacts	aa516141	-
IExchangeClient::RequestFreeBusyData	aa516142	-
IExchangeClient::RequestGALSearch	aa516143	-
IExchangeClient::SetCredentials	aa516149	-
IExchangeClient::SetServer	aa516150	-
IExchangeClient::Uninitialize	aa516151	-
IExchangeClientContactInformation::GetDisplayName	aa516112	-
IExchangeClientContactInformation::GetEmailAddress	aa516113	-
IExchangeClientContactInformation::GetHomeAddress	aa516114	-
IExchangeClientContactInformation::GetHomePhoneNumber	aa516115	-
IExchangeClientContactInformation::GetMobilePhoneNumber	aa516116	-
IExchangeClientContactInformation::GetWorkAddress	aa516117	-
IExchangeClientContactInformation::GetWorkPhoneNumber	aa516118	-
IExchangeClientDataItemArray::GetItemAt	aa516120	-
IExchangeClientDataItemArray::GetItemCount	aa516121	-
IExchangeClientFreeBusyInformation::GetDisplayName	aa516123	-
IExchangeClientFreeBusyInformation::GetEmailAddress	aa516124	-
IExchangeClientFreeBusyInformation::GetFreeBusyData	aa516125	-
IExchangeClientGALSearchInformation::GetAlias	aa516127	-
IExchangeClientGALSearchInformation::GetDisplayName	aa516128	-
IExchangeClientGALSearchInformation::GetOffice	aa516129	-
IExchangeClientGALSearchInformation::GetPhoneNumber	aa516130	-
IExchangeClientGALSearchInformation::GetSMTPAddress	aa516132	-
IExchangeClientRequest::Cancel	aa516140	-
IExchangeClientRequest::GetDataItemArray	aa516144	-
IExchangeClientRequest::GetHttpStatus	aa516145	-
IExchangeClientRequest::GetStatus	aa516146	-
IExchangeClientRequest::GetType	aa516147	-
IExchangeClientRequestCallback::OnRequestProgress	aa516138	-
IExchangeClientRequestCallback::OnShutdown	aa516139	-
IExternalConnection	aa516152	-
IExternalConnection::AddConnection	aa516153	ms887785
IExternalConnection::ReleaseConnection	aa516154	ms887786
IF (Command Processor)	ms929941	-
IFEDictionary	ms905450	-
IFEDictionary::Close	ms905451	ms919602
IFEDictionary::Create	ms905452	ms919608
IFEDictionary::ExistWord	ms905453	ms919621
IFEDictionary::GetHeader	ms905454	ms919628
IFEDictionary::GetPosTable	ms905455	ms919636
IFEDictionary::GetWords	ms905456	ms919642
IFEDictionary::NextWords	ms905457	ms919646
IFEDictionary::Open	ms905458	ms919650
IFEDictionary::RegisterWord	ms905459	ms919654
IF_OPER_STATUS	ms890886	-
IFileSourceFilter Interface	ms910557	-
IFileSourceFilter::GetCurfile	ms910556	-
IFileSourceFilter::Load	ms910558	-
IFillLockBytes	aa516155	-
IFillLockBytes Implementation	aa516158	ms887790
IFillLockBytes::FillAppend	aa516156	ms887788
IFillLockBytes::FillAt	aa516157	ms887789
IFillLockBytes::SetFillSize	aa516159	ms887791
IFillLockBytes::Terminate	aa516160	ms887792
IFilterGraph Interface	ms910566	-
IFilterGraph2 Interface	ms910559	-
IFilterGraph2::ReconnectEx	ms910560	-
IFilterGraph::AddFilter	ms910561	-
IFilterGraph::ConnectDirect	ms910562	-
IFilterGraph::Disconnect	ms910563	-
IFilterGraph::EnumFilters	ms910564	-
IFilterGraph::FindFilterByName	ms910565	-
IFilterGraph::Reconnect	ms910567	-
IFilterGraph::RemoveFilter	ms910568	-
IFilterGraph::SetDefaultSyncSource	ms910569	-
IFilterMapper Interface	ms910571	-
IFilterMapper::EnumMatchingFilters	ms910570	-
IFilterMapper::RegisterFilter	ms910572	-
IFilterMapper::RegisterFilterInstance	ms910573	-
IFilterMapper::RegisterPin	ms910574	-
IFilterMapper::RegisterPinType	ms910575	-
IFilterMapper::UnregisterFilter	ms910576	-
IFilterMapper::UnregisterFilterInstance	ms910577	-
IFilterMapper::UnregisterPin	ms910578	-
IFolder	aa516162	-
IFolder Properties	aa516163	-
IFolder::AddItemToInfraredFolder	aa516161	-
IFolder::ReceiveFromInfrared	aa516164	-
IFolder::SendToInfrared	aa516165	-
IGlobalInterfaceTable	aa516167	-
IGlobalInterfaceTable::GetInterfaceFromGlobal	aa516166	ms887794
IGlobalInterfaceTable::RegisterInterfaceInGlobal	aa516168	ms887795
IGlobalInterfaceTable::RevokeInterfaceFromGlobal	aa516169	ms887796
IGraphBuilder Interface	ms910581	-
IGraphBuilder::AddSourceFilter	ms910579	-
IGraphBuilder::Connect	ms910580	-
IGraphBuilder::Render	ms910582	-
IGraphBuilder::RenderFile	ms910583	-
IGraphBuilder::SetLogFile	ms910584	-
IGraphVersion Interface	ms910585	-
IGraphVersion::QueryVersion	ms910586	-
IHeaderCollection::AddAppParams	ms890891	ms922515
IHeaderCollection::AddBody	ms890893	ms922516
IHeaderCollection::AddByte	ms890897	ms922517
IHeaderCollection::AddByteArray	ms890900	ms922518
IHeaderCollection::AddConnectionId	ms890902	ms922519
IHeaderCollection::AddCount	ms890906	ms922520
IHeaderCollection::AddDescription	ms890910	ms922521
IHeaderCollection::AddEndOfBody	ms890914	ms922522
IHeaderCollection::AddHTTP	ms890916	ms922523
IHeaderCollection::AddLength	ms890920	ms922524
IHeaderCollection::AddLong	ms890922	ms922525
IHeaderCollection::AddName	ms890925	ms922526
IHeaderCollection::AddObjectClass	ms890927	ms922527
IHeaderCollection::AddTarget	ms890931	ms922528
IHeaderCollection::AddTime	ms890933	ms922529
IHeaderCollection::AddTimeOld	ms890938	ms922530
IHeaderCollection::AddType	ms890942	ms922531
IHeaderCollection::AddUnicodeString	ms890944	ms922532
IHeaderCollection::AddWho	ms890947	ms922533
IHeaderCollection::EnumHeaders	ms890950	ms922534
IHeaderCollection::Remove	ms890955	ms922536
IHeaderCollection::RemoveAll	ms890957	ms922537
IHeaderCollection:IUnknown	ms890953	-
IHeaderEnum::Clone	ms890961	ms922538
IHeaderEnum::Next	ms890966	ms922540
IHeaderEnum::Reset	ms890969	ms922541
IHeaderEnum:IUnknown	ms890964	-
IHttpNegotiate	aa452285	-
IHttpNegotiate::BeginningTransaction	aa452286	ms928806
IHttpNegotiate::OnResponse	aa452288	ms928808
IHttpSecurity	aa452290	-
IHttpSecurity::OnSecurityProblem	aa452291	ms928810
IIDFromString	aa516171	ms887797
IIMCallback	ms929942	-
IIMCallback2	ms929943	-
IIMCallback2::SendAlternatives2	ms929944	-
IIMCallback2::SendCharEvents	ms929945	-
IIMCallback2::SendString	ms929946	-
IIMCallback2::SendVirtualKey	ms929947	-
IIMCallback2::SetImInfo	ms929948	-
IIMCallback::SendCharEvents	ms929949	-
IIMCallback::SendString	ms929950	-
IIMCallback::SendVirtualKey	ms929951	-
IIMCallback::SetImInfo	ms929952	-
IImage	ms910587	-
IImage::Draw	aa452147	-
IImage::GetImageInfo	aa452166	-
IImage::GetPhysicalDimension	aa452168	-
IImage::GetThumbnail	aa452169	-
IImage::PushIntoSink	aa452171	-
IImage::SetImageFlags	aa452173	-
IImageDecoder	ms910588	-
IImageDecoder::BeginDecode	ms910589	-
IImageDecoder::Decode	ms910590	-
IImageDecoder::EndDecode	ms910591	-
IImageDecoder::GetAllPropertyItems	ms910592	-
IImageDecoder::GetFrameCount	aa452112	-
IImageDecoder::GetFrameDimensionsCount	aa452115	-
IImageDecoder::GetFrameDimensionsList	aa452116	-
IImageDecoder::GetImageInfo	aa452119	-
IImageDecoder::GetPropertyCount	aa452120	-
IImageDecoder::GetPropertyIdList	aa452122	-
IImageDecoder::GetPropertyItem	aa452125	-
IImageDecoder::GetPropertyItemSize	aa452126	-
IImageDecoder::GetPropertySize	aa452128	-
IImageDecoder::GetThumbnail	aa452130	-
IImageDecoder::InitDecoder	aa452133	-
IImageDecoder::QueryDecoderParam	aa452135	-
IImageDecoder::RemovePropertyItem	aa452137	-
IImageDecoder::SelectActiveFrame	aa452139	-
IImageDecoder::SetDecoderParam	aa452141	-
IImageDecoder::SetPropertyItem	aa452143	-
IImageDecoder::TerminateDecoder	aa452145	-
IImageEncoder	aa452149	-
IImageEncoder::GetEncodeSink	aa452155	-
IImageEncoder::GetEncoderParameterList	aa452151	-
IImageEncoder::GetEncoderParameterListSize	aa452153	-
IImageEncoder::InitEncoder	aa452158	-
IImageEncoder::SetEncoderParameters	aa452160	-
IImageEncoder::SetFrameDimension	aa452162	-
IImageEncoder::TerminateEncoder	aa452164	-
IImageSink	aa452175	-
IImageSink::BeginSink	aa452177	-
IImageSink::EndSink	aa452180	-
IImageSink::GetPixelDataBuffer	aa452182	-
IImageSink::GetPropertyBuffer	aa452184	-
IImageSink::NeedRawProperty	aa452186	-
IImageSink::NeedTransform	aa452188	-
IImageSink::PushPixelData	aa452190	-
IImageSink::PushPropertyItems	aa452192	-
IImageSink::PushRawData	aa452194	-
IImageSink::PushRawInfo	aa452196	-
IImageSink::ReleasePixelDataBuffer	aa452198	-
IImageSink::SetPalette	aa452200	-
IImagingFactory	aa452202	-
IImagingFactory::CreateBitmapFromBuffer	aa452203	-
IImagingFactory::CreateBitmapFromImage	aa452205	-
IImagingFactory::CreateImageDecoder	aa452207	-
IImagingFactory::CreateImageEncoderToFile	aa452209	-
IImagingFactory::CreateImageEncoderToStream	aa452211	-
IImagingFactory::CreateImageFromBuffer	aa452213	-
IImagingFactory::CreateImageFromFile	aa452215	-
IImagingFactory::CreateImageFromStream	aa452217	-
IImagingFactory::CreateNewBitmap	aa452219	-
IImagingFactory::GetInstalledDecoders	aa452231	-
IImagingFactory::GetInstalledEncoders	aa452233	-
IImagingFactory::InstallImageCodec	aa452235	-
IImagingFactory::UninstallImageCodec	aa452237	-
IImeIPoint2	ms905460	-
IImeIPoint2::ControlIME	ms905461	ms919661
IImeIPoint2::DeleteCompString	ms905462	ms919668
IImeIPoint2::GetAllCompositionInfo	ms905463	ms919674
IImeIPoint2::Initialize	ms905464	ms919680
IImeIPoint2::InsertImeItem	ms905465	ms919687
IImeIPoint2::InsertStringEx	ms905466	ms919692
IImeIPoint2::ReplaceCompString	ms905467	ms919696
IImeIPoint2::SelectIpCandidate	ms905468	ms919701
IImeIPoint2::UpdateContext	ms905469	ms919705
IImeIPointNotifySink	ms905470	-
IImeIPointNotifySink::GenerateMessage	ms905471	ms919713
IImeIPointNotifySink::IsReadingHalfKana	ms905472	ms919716
IImeIPointNotifySink::SetCandidateSelection	ms905473	ms919719
IImeIPointNotifySink::SetCandidateStr	ms905474	ms919722
IImeIPointNotifySink::SetCompositionAttr	ms905475	ms919725
IImeIPointNotifySink::SetCompositionClause	ms905476	ms919727
IImeIPointNotifySink::SetCompositionReadAttr	ms905477	ms919731
IImeIPointNotifySink::SetCompositionReadClause	ms905478	ms919734
IImeIPointNotifySink::SetCompositionReadStr	ms905479	ms919737
IImeIPointNotifySink::SetCompositionStr	ms905480	ms919739
IImeIPointNotifySink::SetCursorPos	ms905481	ms919742
IImeIPointNotifySink::SetDeltaPos	ms905482	ms919745
IImeIPointNotifySink::SetResultClause	ms905483	ms919748
IImeIPointNotifySink::SetResultReadClause	ms905484	ms920787
IImeIPointNotifySink::SetResultReadStr	ms905485	ms920797
IImeIPointNotifySink::SetResultStr	ms905486	ms920802
IImeIPointNotifySink::SetTargetClause	ms905487	ms920808
IInputMethod	ms929953	-
IInputMethod2	ms929954	-
IInputMethod2::Deselect	ms929955	-
IInputMethod2::GetImData	ms929956	-
IInputMethod2::GetInfo	ms929957	-
IInputMethod2::Hiding	ms929958	-
IInputMethod2::ReceiveSipInfo	ms929959	-
IInputMethod2::RegisterCallback	ms929960	-
IInputMethod2::RegisterCallback2	ms929961	-
IInputMethod2::Select	ms929962	-
IInputMethod2::SetIMMActiveContext	ms929964	-
IInputMethod2::SetImData	ms929963	-
IInputMethod2::Showing	ms929965	-
IInputMethod2::UserOptionsDlg	ms930035	-
IInputMethod::Deselect	ms930093	-
IInputMethod::GetImData	ms930101	-
IInputMethod::GetInfo	ms930107	-
IInputMethod::Hiding	ms930118	-
IInputMethod::ReceiveSipInfo	ms930126	-
IInputMethod::RegisterCallback	ms930132	-
IInputMethod::Select	ms909669	-
IInputMethod::SetImData	ms909763	-
IInputMethod::Showing	ms909766	-
IInputMethod::UserOptionsDlg	ms909775	-
IInternet	aa452292	ms928811
IInternetBindInfo	aa452293	-
IInternetBindInfo::GetBindInfo	aa452294	ms928813
IInternetBindInfo::GetBindString	aa452295	ms928814
IInternetHostSecurityManager	aa452296	-
IInternetHostSecurityManager::GetSecurityId	aa452297	ms928816
IInternetHostSecurityManager::ProcessUrlAction	aa452298	ms928817
IInternetHostSecurityManager::QueryCustomPolicy	aa452299	ms908442
IInternetPriority	aa452300	-
IInternetPriority::GetPriority	aa452301	ms908622
IInternetPriority::SetPriority	aa452302	ms908623
IInternetProtocol	aa452303	-
IInternetProtocol::LockRequest	aa452309	ms928832
IInternetProtocol::Read	aa452310	ms928833
IInternetProtocol::Seek	aa452316	ms928839
IInternetProtocol::UnlockRequest	aa452326	ms928849
IInternetProtocolInfo	aa452304	-
IInternetProtocolInfo::CombineUrl	aa452305	ms928828
IInternetProtocolInfo::CompareUrl	aa452306	ms928829
IInternetProtocolInfo::ParseUrl	aa452307	ms928830
IInternetProtocolInfo::QueryInfo	aa452308	ms928831
IInternetProtocolRoot	aa452311	-
IInternetProtocolRoot::Abort	aa452312	ms928835
IInternetProtocolRoot::Continue	aa452313	ms928836
IInternetProtocolRoot::Start	aa452314	ms928837
IInternetProtocolRoot::Terminate	aa452315	ms928838
IInternetProtocolSink	aa452317	-
IInternetProtocolSink::ReportData	aa452318	ms928841
IInternetProtocolSink::ReportProgress	aa452319	ms928842
IInternetProtocolSink::ReportResult	aa452320	ms928843
IInternetProtocolSink::Switch	aa452325	ms928848
IInternetProtocolSinkStackable	aa452321	-
IInternetProtocolSinkStackable::CommitSwitch	aa452322	ms928845
IInternetProtocolSinkStackable::RollbackSwitch	aa452323	ms928846
IInternetProtocolSinkStackable::SwitchSink	aa452324	ms928847
IInternetSecurityManager	aa452327	-
IInternetSecurityManager::GetSecurityId	aa452328	ms928851
IInternetSecurityManager::GetSecuritySite	aa452329	ms928852
IInternetSecurityManager::GetZoneMappings	aa452330	ms928853
IInternetSecurityManager::MapUrlToZone	aa452331	ms928854
IInternetSecurityManager::ProcessUrlAction	aa452332	ms928855
IInternetSecurityManager::QueryCustomPolicy	aa452334	ms928856
IInternetSecurityManager::SetSecuritySite	aa452335	ms928857
IInternetSecurityManager::SetZoneMapping	aa452336	ms928858
IInternetSecurityMgrSite	aa452337	-
IInternetSecurityMgrSite::EnableModeless	aa452338	ms928860
IInternetSecurityMgrSite::GetWindow	aa452339	ms928861
IInternetSession	aa452340	-
IInternetSession::RegisterMimeFilter	aa452341	ms928863
IInternetSession::RegisterNameSpace	aa452342	ms928864
IInternetSession::UnregisterMimeFilter	aa452343	ms928865
IInternetSession::UnregisterNameSpace	aa452344	ms928866
IInternetZoneManager	aa452345	-
IInternetZoneManager::CreateZoneEnumerator	aa452346	ms928868
IInternetZoneManager::DestroyZoneEnumerator	aa452347	ms928869
IInternetZoneManager::GetZoneActionPolicy	aa452348	ms928870
IInternetZoneManager::GetZoneAt	aa452349	ms928871
IInternetZoneManager::GetZoneAttributes	aa452350	ms928872
IInternetZoneManager::GetZoneCustomPolicy	aa452351	ms928873
IInternetZoneManager::SetZoneActionPolicy	aa452352	ms928874
IInternetZoneManager::SetZoneAttributes	aa452353	ms928875
IInternetZoneManager::SetZoneCustomPolicy	aa452354	ms928876
IKE Authentication	ms881921	-
IKoreanImeUI	ms905488	-
IKoreanImeUI Interface	ms903876	-
IKoreanImeUI::GetCandWndPos	ms905489	ms921513
IKoreanImeUI::GetCompWndPos	ms905491	ms921515
IKoreanImeUI::GetCompositionFont	ms905490	ms921514
IKoreanImeUI::GetStatusWndPos	ms905492	ms921516
IKoreanImeUI::InitializeUIWindows	ms905493	ms921517
IKoreanImeUI::RedrawCandWnd	ms905494	ms921518
IKoreanImeUI::RedrawCompWnd	ms905495	ms921519
IKoreanImeUI::RedrawStatusWnd	ms905496	ms921520
IKoreanImeUI::SetCandData	ms905497	-
IKoreanImeUI::SetCandWndPos	ms905498	-
IKoreanImeUI::SetCompData	ms905499	-
IKoreanImeUI::SetCompWndPos	ms905500	-
IKoreanImeUI::SetStatusData	ms905501	-
IKoreanImeUI::SetStatusWndPos	ms905502	-
IKoreanImeUI::ShowHideCandWnd	ms905503	-
IKoreanImeUI::ShowHideCompWnd	ms905504	-
IKoreanImeUI::ShowHideStatusWnd	ms905715	-
IKoreanImeUI::UninitializeUIWindows	ms905791	-
IKsPropertySet Interface	aa452544	-
IKsPropertySet::Get	aa452543	ms897541
IKsPropertySet::QuerySupported	aa452545	-
IKsPropertySet::Set	aa452546	ms897554
ILockBytes	aa516173	-
ILockBytes::Flush	aa516172	ms887798
ILockBytes::LockRegion	aa516174	ms887800
ILockBytes::ReadAt	aa516175	ms887801
ILockBytes::SetSize	aa516176	ms887802
ILockBytes::Stat	aa516177	ms887803
ILockBytes::UnlockRegion	aa516178	ms887804
ILockBytes::WriteAt	aa516179	ms887805
IMAGEINFO (Graphics, Windowing and Events)	ms909781	-
IMAGELISTDRAWPARAMS	ms909819	-
IMC_CLOSESTATUSWINDOW	ms905842	ms920816
IMC_GETCANDIDATEPOS	ms905949	ms920820
IMC_GETCOMPOSITIONFONT	ms905955	ms920824
IMC_GETCOMPOSITIONWINDOW	ms905958	ms920827
IMC_GETCONVERSIONMODE	ms905959	ms920833
IMC_GETOPENSTATUS	ms905960	ms920838
IMC_GETSENTENCEMODE	ms905961	ms920841
IMC_GETSTATUSWINDOWPOS	ms905962	ms920846
IMC_OPENSTATUSWINDOW	ms905963	ms920911
IMC_SETCANDIDATEPOS	ms905964	ms920915
IMC_SETCOMPOSITIONFONT	ms905966	ms920919
IMC_SETCOMPOSITIONWINDOW	ms905967	ms920925
IMC_SETCONVERSIONMODE	ms905968	ms920931
IMC_SETOPENSTATUS	ms905969	ms920935
IMC_SETSENTENCEMODE	ms905970	ms920938
IMC_SETSTATUSWINDOWPOS	ms905971	ms920939
IME Composition String Values	ms905973	ms920941
IME Conversion Mode Values	ms905974	ms920942
IME Escapes	ms905976	ms920943
IME Hot Key Identifiers	ms905979	ms920944
IME Sentence Mode Values	ms905981	ms920946
IMECHARPOSITION	ms905972	ms920940
IMEMENUITEMINFO	ms905980	ms920945
IMENUMINFO	ms909841	-
IMESHF	ms905982	ms920947
IMEWRD	ms905983	ms920948
IMINFO	ms909842	-
IMLangCodePages	aa452355	-
IMLangCodePages::CodePageToCodePages	aa452357	ms902514
IMLangCodePages::CodePagesToCodePage	aa452356	ms902513
IMLangCodePages::GetCharCodePages	aa452358	ms902515
IMLangCodePages::GetStrCodePages	aa452359	ms902516
IMLangConvertCharset	aa452360	-
IMLangConvertCharset::DoConversion	aa452361	ms902518
IMLangConvertCharset::DoConversionFromUnicode	aa452362	ms902519
IMLangConvertCharset::DoConversionToUnicode	aa452363	ms902520
IMLangConvertCharset::GetDestinationCodePage	aa452364	ms902521
IMLangConvertCharset::GetProperty	aa452365	ms902522
IMLangConvertCharset::GetSourceCodePage	aa452366	ms902523
IMLangConvertCharset::Initialize	aa452367	ms902524
IMLangFontLink	aa452368	-
IMLangFontLink2	aa452369	-
IMLangFontLink2::CodePageToScriptID	aa452370	ms902526
IMLangFontLink2::GetFontCodePages	aa452371	ms902527
IMLangFontLink2::GetFontUnicodeRanges	aa452372	ms902528
IMLangFontLink2::GetScriptFontInfo	aa452373	ms902529
IMLangFontLink2::MapFont	aa452375	ms902531
IMLangFontLink2::ReleaseFont	aa452377	ms902532
IMLangFontLink2::ResetFontMapping	aa452379	ms902533
IMLangFontLink::GetFontCodePages	aa452382	ms902534
IMLangFontLink::MapFont	aa452384	ms902536
IMLangFontLink::ReleaseFont	aa452386	ms902537
IMLangFontLink::ResetFontMapping	aa452387	ms902538
IMLangLineBreakConsole	aa452389	-
IMLangLineBreakConsole::BreakLineA	aa452391	ms902539
IMLangLineBreakConsole::BreakLineW	ms918284	ms902540
IMN_CHANGECANDIDATE	ms906042	ms921007
IMN_CLOSECANDIDATE	ms906043	ms921008
IMN_CLOSESTATUSWINDOW	ms906044	ms921009
IMN_GUIDELINE	ms906045	ms921010
IMN_OPENCANDIDATE	ms906046	ms921011
IMN_OPENSTATUSWINDOW	ms906047	ms921012
IMN_SETCANDIDATEPOS	ms906048	ms921013
IMN_SETCOMPOSITIONFONT	ms906049	ms921014
IMN_SETCOMPOSITIONWINDOW	ms906050	ms921015
IMN_SETCONVERSIONMODE	ms906051	ms921016
IMN_SETOPENSTATUS	ms906052	ms921017
IMN_SETSENTENCEMODE	ms906053	ms921018
IMN_SETSTATUSWINDOWPOS	ms906054	ms921019
IMPLTYPEFLAGS	ms882821	ms889329
IMR_CANDIDATEFORM	ms906055	ms921020
IMR_COMPOSITIONFONT	ms906056	ms921021
IMR_COMPOSITIONFORM	ms906147	ms921022
IMR_CONFIRMRECONVERTSTRING	ms906166	ms921030
IMR_DOCUMENTFEED	ms906175	ms921138
IMR_QUERYCHARPOSITION	ms906183	ms921147
IMR_RECONVERTSTRING	ms906184	ms921246
IMXAttributes	ms882841	-
IMXReaderControl	ms882847	-
IMXWriter	ms882850	-
IMalloc	aa516185	-
IMalloc::Alloc	aa516180	ms887807
IMalloc::DidAlloc	aa516181	ms887808
IMalloc::Free	aa516182	ms887809
IMalloc::GetSize	aa516183	ms887810
IMalloc::HeapMinimize	aa516184	ms887811
IMalloc::Realloc	aa516186	ms887812
IMallocSpy	aa516187	-
IMallocSpy::PostAlloc	aa516188	ms887814
IMallocSpy::PostDidAlloc	aa516189	ms887815
IMallocSpy::PostFree	aa516190	ms887816
IMallocSpy::PostGetSize	aa516191	ms887817
IMallocSpy::PostHeapMinimize	aa516192	ms887818
IMallocSpy::PostRealloc	aa516193	ms887819
IMallocSpy::PreAlloc	aa516194	ms887820
IMallocSpy::PreDidAlloc	aa516195	ms887921
IMallocSpy::PreFree	aa516196	ms887929
IMallocSpy::PreGetSize	aa516197	ms887937
IMallocSpy::PreHeapMinimize	aa516198	ms887943
IMallocSpy::PreRealloc	aa516199	ms887950
IMarshal	aa516204	-
IMarshal Default Implementation	aa516200	ms887959
IMarshal::DisconnectObject	aa516201	ms887969
IMarshal::GetMarshalSizeMax	aa516202	ms887979
IMarshal::GetUnmarshalClass	aa516203	ms887985
IMarshal::MarshalInterface	aa516205	ms889003
IMarshal::ReleaseMarshalData	aa516206	ms889299
IMarshal::UnmarshalInterface	aa516207	ms889306
IMediaBuffer	aa452254	-
IMediaBuffer::GetBufferAndLength	aa452255	ms897896
IMediaBuffer::GetMaxLength	aa452256	ms897902
IMediaBuffer::SetLength	aa452257	ms897939
IMediaControl Interface	aa452261	-
IMediaControl::AddSourceFilter	aa452259	-
IMediaControl::GetState	aa452260	-
IMediaControl::Pause	aa452262	-
IMediaControl::RenderFile	aa452263	-
IMediaControl::Run	aa452264	-
IMediaControl::Stop	aa452265	-
IMediaControl::StopWhenReady	aa452266	-
IMediaEvent Interface	aa452275	-
IMediaEvent::CancelDefaultHandling	aa452267	-
IMediaEvent::FreeEventParams	aa452272	-
IMediaEvent::GetEvent	aa452273	-
IMediaEvent::GetEventHandle	aa452274	-
IMediaEvent::RestoreDefaultHandling	aa452276	-
IMediaEvent::WaitForCompletion	aa452282	-
IMediaEventEx Interface	aa452269	-
IMediaEventEx::GetNotifyFlags	aa452268	-
IMediaEventEx::SetNotifyFlags	aa452270	-
IMediaEventEx::SetNotifyWindow	aa452271	-
IMediaEventSink Interface	aa452278	-
IMediaEventSink::Notify	aa452280	-
IMediaFilter Interface	aa452289	-
IMediaFilter::GetState	aa452284	-
IMediaFilter::GetSyncSource	aa452287	-
IMediaFilter::Pause	ms931255	-
IMediaFilter::Run	ms931338	-
IMediaFilter::SetSyncSource	ms931385	-
IMediaFilter::Stop	ms931389	-
IMediaObject	ms931390	-
IMediaObject Methods	ms931417	ms897987
IMediaObject::AllocateStreamingResources	ms931391	ms897952
IMediaObject::Discontinuity	ms931392	ms897961
IMediaObject::Flush	ms931393	ms897962
IMediaObject::FreeStreamingResources	ms931394	ms897963
IMediaObject::GetInputCurrentType	ms931395	ms897964
IMediaObject::GetInputMaxLatency	ms931396	ms897965
IMediaObject::GetInputSizeInfo	ms931397	ms897966
IMediaObject::GetInputStatus	ms931398	ms897967
IMediaObject::GetInputStreamInfo	ms931399	ms897969
IMediaObject::GetInputType	ms931400	ms897970
IMediaObject::GetOutputCurrentType	ms931401	ms897971
IMediaObject::GetOutputSizeInfo	ms931402	ms897972
IMediaObject::GetOutputStreamInfo	ms931403	ms897973
IMediaObject::GetOutputType	ms931404	ms897974
IMediaObject::GetStreamCount	ms931405	ms897975
IMediaObject::Lock	ms931416	ms897986
IMediaObject::ProcessInput	ms931418	ms897988
IMediaObject::ProcessOutput	ms931419	ms897989
IMediaObject::SetInputMaxLatency	ms931420	ms897990
IMediaObject::SetInputType	ms931421	ms897991
IMediaObject::SetOutputType	ms931422	ms897992
IMediaObjectImpl Class Template	ms931407	-
IMediaObjectImpl::CheckTypesSet	ms931406	ms897976
IMediaObjectImpl::InputType	ms931408	ms897978
IMediaObjectImpl::InputTypeSet	ms931409	ms897979
IMediaObjectImpl::OutputType	ms931410	ms897980
IMediaObjectImpl::OutputTypeSet	ms931411	ms897981
IMediaObjectInPlace	ms931412	-
IMediaObjectInPlace::Clone	ms931413	ms897983
IMediaObjectInPlace::GetLatency	ms931414	ms897984
IMediaObjectInPlace::Process	ms931415	ms897985
IMediaPosition Interface	ms911576	-
IMediaPosition::CanSeekBackward	ms931423	-
IMediaPosition::CanSeekForward	ms931424	-
IMediaPosition::get_CurrentPosition	ms931425	-
IMediaPosition::get_Duration	ms931426	-
IMediaPosition::get_PrerollTime	ms931427	-
IMediaPosition::get_Rate	ms911574	-
IMediaPosition::get_StopTime	ms911575	-
IMediaPosition::put_CurrentPosition	ms911577	-
IMediaPosition::put_PrerollTime	ms911578	-
IMediaPosition::put_Rate	ms911579	-
IMediaPosition::put_StopTime	ms911580	-
IMediaSample Interface	ms911590	-
IMediaSample2 Interface	ms911582	-
IMediaSample2::GetProperties	ms911581	-
IMediaSample2::SetProperties	ms911583	-
IMediaSample::GetActualDataLength	ms911584	-
IMediaSample::GetMediaTime	ms911585	-
IMediaSample::GetMediaType	ms911586	-
IMediaSample::GetPointer	ms911587	-
IMediaSample::GetSize	ms911588	-
IMediaSample::GetTime	ms911589	-
IMediaSample::IsDiscontinuity	ms911591	-
IMediaSample::IsPreroll	ms911592	-
IMediaSample::IsSyncPoint	ms911593	-
IMediaSample::SetActualDataLength	ms911594	-
IMediaSample::SetDiscontinuity	ms911595	-
IMediaSample::SetMediaTime	ms911596	-
IMediaSample::SetMediaType	ms911597	-
IMediaSample::SetPreroll	ms911598	-
IMediaSample::SetSyncPoint	ms911599	-
IMediaSample::SetTime	ms911600	-
IMediaSeeking Interface	ms911612	-
IMediaSeeking::ConvertTimeFormat	ms911602	-
IMediaSeeking::GetAvailable	ms911603	-
IMediaSeeking::GetCapabilities	ms911604	-
IMediaSeeking::GetCurrentPosition	ms911605	-
IMediaSeeking::GetDuration	ms911606	-
IMediaSeeking::GetPositions	ms911607	-
IMediaSeeking::GetPreroll	ms911608	-
IMediaSeeking::GetRate	ms911609	-
IMediaSeeking::GetStopPosition	ms911610	-
IMediaSeeking::GetTimeFormat	ms911611	-
IMediaSeeking::IsFormatSupported	ms911613	-
IMediaSeeking::IsUsingTimeFormat	ms911614	-
IMediaSeeking::QueryPreferredFormat	ms911615	-
IMediaSeeking::SetPositions	ms911616	-
IMediaSeeking::SetRate	ms911617	-
IMediaSeeking::SetTimeFormat	ms911618	-
IMediaStream Interface	ms911623	-
IMediaStream::AllocateSample	ms911619	-
IMediaStream::CreateSharedSample	ms911620	-
IMediaStream::GetInformation	ms911621	-
IMediaStream::GetMultiMediaStream	ms911622	-
IMediaStream::SendEndOfStream	ms911624	-
IMediaStream::SetSameFormat	ms911625	-
IMemAllocator Interface	ms911630	-
IMemAllocator::Commit	ms911626	-
IMemAllocator::Decommit	ms911627	-
IMemAllocator::GetBuffer	ms911628	-
IMemAllocator::GetProperties	ms911629	-
IMemAllocator::ReleaseBuffer	ms911631	-
IMemAllocator::SetProperties	ms931499	-
IMemInputPin Interface	ms931622	-
IMemInputPin::GetAllocator	ms931604	-
IMemInputPin::GetAllocatorRequirements	ms931613	-
IMemInputPin::NotifyAllocator	ms931631	-
IMemInputPin::Receive	ms931640	-
IMemInputPin::ReceiveCanBlock	ms931649	-
IMemInputPin::ReceiveMultiple	ms931660	-
IMessageFilter	ms882514	-
IMessageFilter::HandleInComingCall	ms882404	ms889308
IMessageFilter::MessagePending	ms882626	ms889310
IMessageFilter::RetryRejectedCall	ms882639	ms889311
IMoniker	ms882776	-
IMoniker::BindToObject	ms882659	ms889312
IMoniker::BindToStorage	ms882672	ms889313
IMoniker::CommonPrefixWith	ms882688	ms889314
IMoniker::ComposeWith	ms882696	ms889316
IMoniker::Enum	ms882703	ms889317
IMoniker::GetDisplayName	ms882716	ms889318
IMoniker::GetTimeOfLastChange	ms882726	ms889319
IMoniker::Hash	ms882736	ms889320
IMoniker::Inverse	ms882744	ms889321
IMoniker::IsEqual	ms882749	ms889322
IMoniker::IsRunning	ms882756	ms889323
IMoniker::IsSystemMoniker	ms882765	ms889324
IMoniker::ParseDisplayName	ms882784	ms889326
IMoniker::Reduce	ms882796	ms889327
IMoniker::RelativePathTo	ms882804	ms889328
IMonikerProp	ms918293	-
IMonikerProp::PutProperty	ms918294	ms928878
IMsRdpClient	aa513905	-
IMsRdpClient Properties	aa513922	ms925161
IMsRdpClient::GetVirtualChannelOptions	aa513915	ms925155
IMsRdpClient::RequestClose	aa513927	ms925162
IMsRdpClient::SetVirtualChannelOptions	aa513936	ms925165
IMsRdpClient::get_ExtendedDisconnectReason	aa513913	ms925156
IMsRdpClientAdvancedSettings	aa513907	-
IMsRdpClientAdvancedSettings Properties	aa513909	ms925153
IMsRdpClientAdvancedSettings Property Descriptions	aa513910	-
IMsRdpClientNonScriptable	aa513916	-
IMsRdpClientNonScriptable::NotifyRedirectDeviceChange	aa513918	ms925159
IMsRdpClientNonScriptable::SendKeys	aa513920	ms925160
IMsRdpClientSecuredSettings	aa513931	-
IMsRdpClientSecuredSettings Properties	aa513933	ms925164
IMsTscAdvancedSettings	aa513937	-
IMsTscAdvancedSettings::get_BitmapPersistence	aa513944	ms925167
IMsTscAdvancedSettings::get_Compress	aa513946	ms925168
IMsTscAdvancedSettings::get_ContainerHandledFullScreen	aa513948	ms925169
IMsTscAdvancedSettings::get_DisableRdpdr	aa513952	ms925170
IMsTscAdvancedSettings::get_allowBackgroundInput	aa513942	ms925166
IMsTscAdvancedSettings::put_BitmapPersistence	aa513954	ms925173
IMsTscAdvancedSettings::put_Compress	aa513955	ms925174
IMsTscAdvancedSettings::put_ContainerHandledFullScreen	aa513956	ms925175
IMsTscAdvancedSettings::put_DisableRdpdr	aa513957	ms925176
IMsTscAdvancedSettings::put_IconFile	aa513958	ms925177
IMsTscAdvancedSettings::put_IconIndex	aa513959	ms925178
IMsTscAdvancedSettings::put_KeyBoardLayoutStr	aa513960	ms925179
IMsTscAdvancedSettings::put_PluginDlls	aa513961	ms925180
IMsTscAdvancedSettings::put_allowBackgroundInput	aa513953	ms925172
IMsTscAx	aa513962	-
IMsTscAx::Connect	aa513963	ms925181
IMsTscAx::CreateVirtualChannels	aa513964	ms925182
IMsTscAx::Disconnect	aa513965	ms925183
IMsTscAx::SendOnVirtualChannel	aa514278	ms925214
IMsTscAx::get_AdvancedSettings	aa513976	ms925194
IMsTscAx::get_CipherStrength	aa513977	ms925195
IMsTscAx::get_Connected	aa514247	ms925196
IMsTscAx::get_ConnectingText	aa514248	ms925197
IMsTscAx::get_DesktopHeight	aa514249	ms925198
IMsTscAx::get_DesktopWidth	aa514250	ms925199
IMsTscAx::get_DisconnectedText	aa514252	ms925200
IMsTscAx::get_Domain	aa514253	ms925201
IMsTscAx::get_HorizontalScrollBarVisible	aa514254	ms925202
IMsTscAx::get_SecuredSettings2	aa514256	ms925203
IMsTscAx::get_Server	aa514258	ms925204
IMsTscAx::get_UserName	aa514260	ms925205
IMsTscAx::get_Version	aa514262	ms925206
IMsTscAx::get_VerticalScrollBarVisible	aa514265	ms925207
IMsTscAx::put_ConnectingText	aa514268	ms925209
IMsTscAx::put_DisconnectedText	aa514270	ms925210
IMsTscAx::put_Domain	aa514271	ms925211
IMsTscAx::put_Server	aa514273	ms925212
IMsTscAx::put_UserName	aa514276	ms925213
IMsTscAxEvents	aa513966	-
IMsTscAxEvents::OnConfirmClose	aa513967	ms925185
IMsTscAxEvents::OnConnected	aa513968	ms925186
IMsTscAxEvents::OnConnecting	aa513969	ms925187
IMsTscAxEvents::OnDisconnected	aa513970	ms925188
IMsTscAxEvents::OnFatalError	aa513971	ms925189
IMsTscAxEvents::OnIdleTimeoutNotification	aa513972	ms925190
IMsTscAxEvents::OnLoginComplete	aa513973	ms925191
IMsTscAxEvents::OnRequestContainerMinimize	aa513974	ms925192
IMsTscAxEvents::OnWarning	aa513975	ms925193
IMsTscNonScriptable	aa514279	-
IMsTscNonScriptable::ResetPassword	aa514299	ms925226
IMsTscNonScriptable::get_BinaryPassword	aa514281	ms925215
IMsTscNonScriptable::get_BinarySalt	aa514283	ms925216
IMsTscNonScriptable::get_PortablePassword	aa514285	ms925217
IMsTscNonScriptable::get_PortableSalt	aa514287	ms925218
IMsTscNonScriptable::put_BinaryPassword	aa514289	ms925220
IMsTscNonScriptable::put_BinarySalt	aa514290	ms925221
IMsTscNonScriptable::put_ClearTextPassword	aa514292	ms925223
IMsTscNonScriptable::put_PortablePassword	aa514295	ms925224
IMsTscNonScriptable::put_PortableSalt	aa514297	ms925225
IMsTscSecuredSettings	aa514300	-
IMsTscSecuredSettings::get_StartProgram	aa514302	ms925227
IMsTscSecuredSettings::get_WorkDir	aa514303	ms925228
IMsTscSecuredSettings::put_StartProgram	aa514305	ms925230
IMsTscSecuredSettings::put_WorkDir	aa514307	ms925231
IMultiLanguage	ms918295	-
IMultiLanguage2	ms918297	-
IMultiLanguage2::ConvertString	ms918298	ms902542
IMultiLanguage2::ConvertStringFromUnicode	ms918299	ms902543
IMultiLanguage2::ConvertStringFromUnicodeEx	ms918300	ms902544
IMultiLanguage2::ConvertStringInIStream	ms918301	ms902545
IMultiLanguage2::ConvertStringToUnicode	ms918302	ms902546
IMultiLanguage2::ConvertStringToUnicodeEx	ms918303	ms902547
IMultiLanguage2::CreateConvertCharset	ms918304	ms902548
IMultiLanguage2::DetectCodepageInIStream	ms918305	ms902549
IMultiLanguage2::DetectInputCodepage	ms918306	ms902550
IMultiLanguage2::EnumCodePages	ms918307	ms902551
IMultiLanguage2::EnumRfc1766	ms918308	ms902552
IMultiLanguage2::EnumScripts	ms918309	ms902553
IMultiLanguage2::GetCharsetInfo	ms918310	ms902554
IMultiLanguage2::GetCodePageDescription	ms918311	ms902556
IMultiLanguage2::GetCodePageInfo	ms918312	ms902557
IMultiLanguage2::GetFamilyCodePage	ms918313	ms902558
IMultiLanguage2::GetLcidFromRfc1766	ms918314	ms902559
IMultiLanguage2::GetNumberOfCodePageInfo	ms918315	ms902560
IMultiLanguage2::GetNumberOfScripts	ms918316	ms902561
IMultiLanguage2::GetRfc1766FromLcid	ms918317	ms902562
IMultiLanguage2::GetRfc1766Info	ms918318	ms902563
IMultiLanguage2::IsConvertible	ms918319	ms902564
IMultiLanguage2::SetMimeDBSource	ms918320	ms902566
IMultiLanguage3	ms918323	-
IMultiLanguage3::DetectOutboundCodePage	ms918321	ms902567
IMultiLanguage3::DetectOutboundCodePageInIStream	ms918322	ms902568
IMultiLanguage::ConvertString	ms918324	ms902570
IMultiLanguage::ConvertStringFromUnicode	ms918325	ms902572
IMultiLanguage::ConvertStringToUnicode	ms918326	ms902573
IMultiLanguage::CreateConvertCharset	ms918327	ms902574
IMultiLanguage::EnumCodePages	ms918328	ms902575
IMultiLanguage::EnumRfc1766	ms918329	ms902593
IMultiLanguage::GetCharsetInfo	ms918330	ms902645
IMultiLanguage::GetCodePageInfo	ms918331	ms902652
IMultiLanguage::GetFamilyCodePage	ms918332	ms902657
IMultiLanguage::GetLcidFromRfc1766	ms918334	ms902667
IMultiLanguage::GetNumberOfCodePageInfo	ms918335	ms902676
IMultiLanguage::GetRfc1766FromLcid	ms918336	ms902684
IMultiLanguage::GetRfc1766Info	ms918337	ms902694
IMultiLanguage::IsConvertible	ms918338	ms902798
IMultiMediaStream Interface	ms911956	-
IMultiMediaStream::EnumMediaStreams	ms931669	-
IMultiMediaStream::GetDuration	ms931676	-
IMultiMediaStream::GetEndOfStreamEventHandle	ms931682	-
IMultiMediaStream::GetInformation	ms911837	-
IMultiMediaStream::GetMediaStream	ms911850	-
IMultiMediaStream::GetState	ms911855	-
IMultiMediaStream::GetTime	ms911946	-
IMultiMediaStream::Seek	ms911969	-
IMultiMediaStream::SetState	ms911980	-
IMultiQI	ms882829	-
IMultiQI::QueryMultipleInterfaces	ms882837	ms889331
INBOX_EVENT_DATA	ms890978	ms922542
INDEXTOOVERLAYMASK	ms909843	-
INDEXTOSTATEIMAGEMASK	ms909844	-
INITCOMMONCONTROLSEX (structure)	ms909850	-
INPUT	ms909851	-
INPUTCONTEXT	ms906185	ms921280
INQUIRY_DATA	ms901366	-
INTERFACEINFO	ms882877	ms889334
INTERFACE_TYPE	ms901367	ms903032
INTERNET_ASYNC_RESULT	ms918339	-
INTERNET_AUTH_NOTIFY_DATA	ms918341	-
INTERNET_BUFFERS	ms918342	-
INTERNET_CACHE_ENTRY_INFO	ms918343	-
INTERNET_CACHE_TIMESTAMPS	ms918344	-
INTERNET_CERTIFICATE_INFO	ms918345	-
INTERNET_CONNECTED_INFO	ms918352	-
INTERNET_PER_CONN_OPTION	ms918370	-
INTERNET_PER_CONN_OPTION_LIST	ms918371	-
INTERNET_PROXY_INFO	ms918372	-
INTERNET_SCHEME	ms918377	-
INTERNET_STATUS_CALLBACK	ms918386	-
INTERNET_VERSION_INFO	ms918390	-
INTFS_KEY_TABLE	aa448305	-
INTF_ENTRY	aa448306	-
INTF_KEY_ENTRY	aa448307	-
INVOKEKIND	ms882878	ms889336
INewMenuItemServer	ms909845	-
INewMenuItemServer::CreateNewItem	ms909846	-
INonDelegatingUnknown Interface	ms912007	-
INonDelegatingUnknown::INonDelegatingUnknown	ms911992	-
IO Control and Other Common Stack Functions	ms892428	-
IOCTL_AG_CLOSE_AUDIO	ms891134	-
IOCTL_AG_CLOSE_CONTROL	ms891136	-
IOCTL_AG_GET_MIC_VOL	ms891138	-
IOCTL_AG_GET_SPEAKER_VOL	ms891142	-
IOCTL_AG_OPEN_AUDIO	ms891145	-
IOCTL_AG_OPEN_CONTROL	ms891147	-
IOCTL_AG_SET_MIC_VOL	ms891150	-
IOCTL_AG_SET_SPEAKER_VOL	ms891153	-
IOCTL_BATTERY_GETLEVELS	ms901368	-
IOCTL_BATTERY_GETLIFETIMEINFO	ms901369	-
IOCTL_BATTERY_GETSYSTEMPOWERSTATUSEX	ms901370	-
IOCTL_BATTERY_GETSYSTEMPOWERSTATUSEX2	ms901371	-
IOCTL_BATTERY_NOTIFYOFTIMECHANGE	ms901372	-
IOCTL_BATTERY_SUPPORTSCHANGENOTIFICATION	ms901373	-
IOCTL_BLUETOOTH_GET_PEER_DEVICE	ms891157	-
IOCTL_BLUETOOTH_GET_RFCOMM_CHANNEL	ms891159	-
IOCTL_CANCEL_READ	ms901374	-
IOCTL_CDROM_DISC_INFO	ms901375	-
IOCTL_CDROM_EJECT_MEDIA	ms901376	-
IOCTL_CDROM_GET_SENSE_DATA	ms901377	-
IOCTL_CDROM_ISSUE_INQUIRY	ms901378	-
IOCTL_CDROM_PAUSE_AUDIO	ms901379	-
IOCTL_CDROM_PLAY_AUDIO_MSF	ms901380	-
IOCTL_CDROM_READ_SG	ms901381	-
IOCTL_CDROM_READ_TOC	ms901382	-
IOCTL_CDROM_RESUME_AUDIO	ms901383	-
IOCTL_CDROM_SEEK_AUDIO_MSF	ms901384	-
IOCTL_CDROM_STOP_AUDIO	ms901385	-
IOCTL_CDROM_TEST_UNIT_READY	ms901386	-
IOCTL_DISK_COPY_EXTERNAL_COMPLETE	ms891378	-
IOCTL_DISK_COPY_EXTERNAL_START	ms891382	-
IOCTL_DISK_DELETE_SECTORS	ms901387	-
IOCTL_DISK_DEVICE_INFO	ms901388	-
IOCTL_DISK_FORMAT_MEDIA	ms901389	-
IOCTL_DISK_FORMAT_VOLUME	ms891368	-
IOCTL_DISK_GETINFO	ms901390	-
IOCTL_DISK_GETNAME	ms901391	-
IOCTL_DISK_GET_STORAGEID	ms901392	-
IOCTL_DISK_READ	ms901393	-
IOCTL_DISK_SCAN_VOLUME	ms891377	-
IOCTL_DISK_SECURE_WIPE	aa448310	-
IOCTL_DISK_SETINFO	ms901394	-
IOCTL_DISK_WRITE	ms901395	-
IOCTL_DVD_GET_REGION	ms902120	-
IOCTL_FMD_GET_INTERFACE	ms902121	-
IOCTL_FMD_LOCK_BLOCKS	ms902122	-
IOCTL_FMD_SET_XIPMODE	ms902123	-
IOCTL_FMD_UNLOCK_BLOCKS	ms902124	-
IOCTL_HAL_DDI	aa448311	-
IOCTL_NDISUIO_CANCEL_NOTIFICATION	ms901405	-
IOCTL_NDISUIO_NIC_STATISTICS	ms901406	-
IOCTL_NDISUIO_OPEN_DEVICE	ms901407	-
IOCTL_NDISUIO_OPEN_WRITE_DEVICE	ms901408	-
IOCTL_NDISUIO_QUERY_BINDING	ms901409	-
IOCTL_NDISUIO_QUERY_OID_VALUE	ms901410	-
IOCTL_NDISUIO_REQUEST_NOTIFICATION	ms901411	-
IOCTL_NDISUIO_SET_ETHER_TYPE	ms901412	-
IOCTL_NDISUIO_SET_OID_VALUE	ms901413	-
IOCTL_NDIS_BIND_ADAPTER	ms901396	-
IOCTL_NDIS_DEREGISTER_ADAPTER	ms901397	-
IOCTL_NDIS_GET_ADAPTER_BINDINGS	ms901398	-
IOCTL_NDIS_GET_ADAPTER_NAMES	ms901399	-
IOCTL_NDIS_GET_LOG_DATA	ms901400	-
IOCTL_NDIS_GET_PROTOCOL_NAMES	ms901401	-
IOCTL_NDIS_LOAD_MINIPORT	ms901402	-
IOCTL_NDIS_REBIND_ADAPTER	ms901403	-
IOCTL_NDIS_REGISTER_ADAPTER	ms901404	-
IOCTL_NDIS_UNBIND_ADAPTER	ms901414	-
IOCTL_POWER_CAPABILITIES	ms901415	-
IOCTL_POWER_GET	ms901416	-
IOCTL_POWER_QUERY	ms901417	-
IOCTL_POWER_SET	ms901418	-
IOCTL_POWER_SET Request Processing	ms892451	-
IOCTL_REGISTER_POWER_RELATIONSHIP	ms901419	-
IOCTL_SERIAL_CLR_DTR	ms901420	-
IOCTL_SERIAL_CLR_RTS	ms901421	-
IOCTL_SERIAL_DISABLE_IR	ms901422	-
IOCTL_SERIAL_ENABLE_IR	ms901423	-
IOCTL_SERIAL_GET_COMMSTATUS	ms901424	-
IOCTL_SERIAL_GET_DCB	ms901425	-
IOCTL_SERIAL_GET_MODEMSTATUS	ms901426	-
IOCTL_SERIAL_GET_PROPERTIES	ms901427	-
IOCTL_SERIAL_GET_TIMEOUTS	ms901428	-
IOCTL_SERIAL_GET_WAIT_MASK	ms901429	-
IOCTL_SERIAL_IMMEDIATE_CHAR	ms901430	-
IOCTL_SERIAL_PURGE	ms901431	-
IOCTL_SERIAL_SET_BREAK_OFF	ms901432	-
IOCTL_SERIAL_SET_BREAK_ON	ms901433	-
IOCTL_SERIAL_SET_DCB	ms901434	-
IOCTL_SERIAL_SET_DTR	ms901435	-
IOCTL_SERIAL_SET_QUEUE_SIZE	ms901436	-
IOCTL_SERIAL_SET_RTS	ms901437	-
IOCTL_SERIAL_SET_TIMEOUTS	ms901438	-
IOCTL_SERIAL_SET_WAIT_MASK	ms901439	-
IOCTL_SERIAL_SET_XOFF	ms901440	-
IOCTL_SERIAL_SET_XON	ms901441	-
IOCTL_SERIAL_WAIT_ON_MASK	ms901442	-
IOCTL_SERVICE_CALLBACK_FUNCTIONS	ms891060	ms938165
IOCTL_SERVICE_COMMAND_LINE_PARAMS	ms891162	-
IOCTL_SERVICE_CONNECTION	ms891064	ms938172
IOCTL_SERVICE_CONSOLE	ms891073	ms938176
IOCTL_SERVICE_CONTROL	ms891077	ms938181
IOCTL_SERVICE_DEBUG	ms891078	ms938188
IOCTL_SERVICE_DEREGISTER_SOCKADDR	ms891083	ms938196
IOCTL_SERVICE_INSTALL	ms891086	ms938205
IOCTL_SERVICE_NOTIFY_ADDR_CHANGE	ms891090	ms938225
IOCTL_SERVICE_PRX_SIGNAL_FILTER	ms891164	-
IOCTL_SERVICE_QUERY_CAN_DEINIT	ms891093	ms938231
IOCTL_SERVICE_REFRESH	ms891097	ms938238
IOCTL_SERVICE_REGISTER_SOCKADDR	ms891099	ms938243
IOCTL_SERVICE_START	ms891102	ms938250
IOCTL_SERVICE_STARTED	ms891105	ms938256
IOCTL_SERVICE_STATUS	ms891107	ms938262
IOCTL_SERVICE_STOP	ms891120	ms938270
IOCTL_SERVICE_UNINSTALL	ms891124	ms938275
IOCTL_SERVICE_UNLOAD	ms891127	ms938284
IOCTL_SMARTCARD_CANCEL_BLOCKING	ms901443	-
IOCTL_SMARTCARD_EJECT	ms901445	-
IOCTL_SMARTCARD_GET_ATTRIBUTE	ms901446	-
IOCTL_SMARTCARD_GET_STATE	ms901447	-
IOCTL_SMARTCARD_IS_ABSENT	ms901448	-
IOCTL_SMARTCARD_IS_PRESENT	ms901449	-
IOCTL_SMARTCARD_POWER	ms901650	-
IOCTL_SMARTCARD_SET_ATTRIBUTE	ms901722	-
IOCTL_SMARTCARD_SET_PROTOCOL	ms901833	-
IOCTL_SMARTCARD_SWALLOW	ms901842	-
IOCTL_SMARTCARD_TRANSMIT	ms901848	-
IOCTL_STREAM_ATTACH_BUFFER	ms901860	-
IOCTL_STREAM_CREATE_LOCAL_PLUG	ms901875	-
IOCTL_STREAM_DELETE_LOCAL_PLUG	ms901884	-
IOCTL_STREAM_DEREFERENCE_REMOTE_PLUG	ms901896	-
IOCTL_STREAM_DETACH_BUFFER	ms901909	-
IOCTL_STREAM_GET_MEDIA_SIZE	ms901940	-
IOCTL_STREAM_GET_REMOTE_PLUG_HANDLE	ms902087	-
IOCTL_STREAM_LOCATE_REMOTE_PLUG	ms902094	-
IOCTL_STREAM_QUERY_BUFFER_STATE	ms902096	-
IOCTL_STREAM_SET_MEDIA_SIZE	ms902097	-
IOCTL_STREAM_START_RECV_SESSION	ms902098	-
IOCTL_STREAM_START_XMIT_SESSION	ms902099	-
IOCTL_STREAM_STOP_SESSION	ms902101	-
IOCTL_UNIT_ALLOCATE_LOCAL_PLUG	ms902102	-
IOCTL_UNIT_CONNECTION_REQUEST_PROCESSED	ms902103	-
IOCTL_UNIT_DEREFERENCE_CONNECTION_PLUG	ms902104	-
IOCTL_UNIT_DEREGISTER_SUBUNIT	ms902105	-
IOCTL_UNIT_DISCONNECTION_REQUEST_PROCESSED	ms902106	-
IOCTL_UNIT_FREE_LOCAL_PLUG	ms902107	-
IOCTL_UNIT_PROCESS_REGISTRY_PLUGS	ms902108	-
IOCTL_UNIT_QUERY_LOCAL_PLUGS	ms902109	-
IOCTL_UNIT_REGISTER_SUBUNIT	ms902110	-
IOCTL_VCR_AVCCMD	ms902112	-
IOCTL_VVCR_COMPLETE	ms902113	-
IOCTL_VVCR_EVENT	ms902114	-
IOCTL_VVCR_QUERY_STATE	ms902116	-
IOCTL_VVCR_SET_MECHANISM_POSITION	ms902117	-
IOCTL_VVCR_SET_MECHANISM_STATE	ms902118	-
IOCTL_VVCR_SET_MECHANISM_TRACK_NUMBER	ms902119	-
IOCTLs that are Sent by Applications	aa450048	ms937765
IOCTLs that are Sent by Services.exe	aa450049	ms937780
IObex::BindToDevice	ms890990	ms922543
IObex::EnumDevices	ms891030	ms922553
IObex::EnumTransports	ms891033	ms922554
IObex::Initialize	ms891037	ms922556
IObex::Shutdown	ms891044	ms922558
IObex::StartDeviceEnum	ms891054	ms922561
IObex::StopDeviceEnum	ms891057	ms922562
IObex:IUnknown	ms891039	-
IObexDevice::Abort	ms890995	ms922544
IObexDevice::Connect	ms890998	ms922545
IObexDevice::Disconnect	ms891002	ms922546
IObexDevice::EnumProperties	ms891005	ms922547
IObexDevice::Get	ms891008	ms922548
IObexDevice::Put	ms891015	ms922550
IObexDevice::SetPassword	ms891017	ms922551
IObexDevice::SetPath	ms891020	ms922552
IObexDevice:IUnknown	ms891011	-
IObexSink::Notify	ms891050	ms922560
IObexSink:IUnknown	ms891046	-
IObjectSafety	ms882880	-
IObjectSafety::GetInterfaceSafetyOptions	ms882879	ms889337
IObjectSafety::SetInterfaceSafetyOptions	ms882881	ms889339
IOleAdviseHolder	ms882884	-
IOleAdviseHolder::Advise	ms882882	ms889340
IOleAdviseHolder::EnumAdvise	ms882883	ms889341
IOleAdviseHolder::SendOnClose	ms882885	ms889343
IOleAdviseHolder::SendOnRename	ms882886	ms889344
IOleAdviseHolder::SendOnSave	ms882887	ms889345
IOleAdviseHolder::Unadvise	ms882889	ms889346
IOleClientSite	ms882892	-
IOleClientSite::GetContainer	ms882890	ms889347
IOleClientSite::GetMoniker	ms882891	ms889348
IOleClientSite::OnShowWindow	ms882893	ms889350
IOleClientSite::RequestNewObjectLayout	ms882894	ms889351
IOleClientSite::SaveObject	ms882895	ms889352
IOleClientSite::ShowObject	ms882896	ms889353
IOleContainer	aa519257	-
IOleContainer::EnumObjects	aa519256	-
IOleContainer::LockContainer	aa519258	-
IOleControlNavigation2::ActivateRect	ms918392	ms907213
IOleControlNavigation2::DeactivateRect	ms918597	ms907218
IOleControlNavigation2::GetControlNavigationCapabilities	ms918608	ms907225
IOleControlNavigation2::GetCurrentRectIndex	ms918620	ms907230
IOleControlNavigation2::GetNavigationRectCount	ms918717	ms907236
IOleControlNavigation2::GetNavigationRects	ms918731	ms907239
IOleControlNavigation2::NavigateInControl	ms918755	ms907250
IOleControlNavigation2AdviseSink::NavigateOutControl	ms918399	ms907253
IOleControlNavigation2AdviseSink::OnFocusRectChange	ms918561	ms907261
IOleControlNavigation2AdviseSink::OnNavigationStatusChange	ms918569	ms907263
IOleControlNavigation2AdviseSink::OnRectsChange	ms918586	ms907265
IOleControlSite	aa519260	-
IOleControlSite::GetExtendedControl	aa519259	-
IOleControlSite::LockInPlaceActive	aa519261	-
IOleControlSite::OnControlInfoChanged	aa519262	-
IOleControlSite::OnFocus	aa519263	-
IOleControlSite::ShowPropertyFrame	aa519264	-
IOleControlSite::TransformCoords	aa519265	-
IOleControlSite::TranslateAccelerator	aa519266	-
IOleInPlaceSite	aa519272	-
IOleInPlaceSite::CanInPlaceActivate	aa519268	-
IOleInPlaceSite::DeactivateAndUndo	aa519269	-
IOleInPlaceSite::DiscardUndoState	aa519270	-
IOleInPlaceSite::GetWindowContext	aa519271	-
IOleInPlaceSite::OnInPlaceActivate	aa519273	-
IOleInPlaceSite::OnInPlaceDeactivate	aa519274	-
IOleInPlaceSite::OnPosRectChange	aa519275	-
IOleInPlaceSite::OnUIActivate	aa519276	-
IOleInPlaceSite::OnUIDeactivate	aa519277	-
IOleInPlaceSite::Scroll	aa519278	-
IOleItemContainer	ms882900	-
IOleItemContainer::GetObject	ms882897	ms889355
IOleItemContainer::GetObjectStorage	ms882898	ms889356
IOleItemContainer::IsRunning	ms882899	ms889357
IOleLink	ms882907	-
IOleLink::BindIfRunning	ms882901	ms889359
IOleLink::BindToSource	ms882902	ms889360
IOleLink::GetBoundSource	ms882903	ms889361
IOleLink::GetSourceDisplayName	ms882904	ms889362
IOleLink::GetSourceMoniker	ms882905	ms889363
IOleLink::GetUpdateOptions	ms882906	ms889364
IOleLink::SetSourceDisplayName	ms882908	ms889365
IOleLink::SetSourceMoniker	ms882909	ms889366
IOleLink::SetUpdateOptions	ms882910	ms889367
IOleLink::UnbindSource	ms882911	ms889368
IOleLink::Update	ms882912	ms889369
IOleObject	ms882927	-
IOleObject::Advise	ms882913	ms889370
IOleObject::Close	ms882914	ms889371
IOleObject::DoVerb	ms882915	ms889372
IOleObject::EnumAdvise	ms882916	ms889373
IOleObject::EnumVerbs	ms882917	ms889374
IOleObject::GetClientSite	ms882918	ms889375
IOleObject::GetClipboardData	ms882919	ms889376
IOleObject::GetExtent	ms882920	ms889377
IOleObject::GetMiscStatus	ms882921	ms889378
IOleObject::GetMoniker	ms882922	ms889379
IOleObject::GetUserClassID	ms882923	ms889380
IOleObject::GetUserType	ms882924	ms889381
IOleObject::InitFromData	ms882925	ms889382
IOleObject::IsUpToDate	ms882926	ms889383
IOleObject::SetClientSite	ms882928	ms889385
IOleObject::SetColorScheme	ms882929	ms889386
IOleObject::SetExtent	ms882930	ms889387
IOleObject::SetHostNames	ms882931	ms889388
IOleObject::SetMoniker	ms882932	ms889389
IOleObject::Unadvise	ms882933	ms889390
IOleObject::Update	ms882934	ms889391
IOleWindow	aa519281	-
IOleWindow::ContextSensitiveHelp	aa519279	-
IOleWindow::GetWindow	aa519280	-
IOverlay Interface	ms912154	-
IOverlay::Advise	ms912083	-
IOverlay::GetClipList	ms912095	-
IOverlay::GetColorKey	ms912107	-
IOverlay::GetDefaultColorKey	ms912119	-
IOverlay::GetPalette	ms912127	-
IOverlay::GetVideoPosition	ms912134	-
IOverlay::GetWindowHandle	ms912142	-
IOverlay::SetColorKey	ms912211	-
IOverlay::SetPalette	ms912218	-
IOverlay::Unadvise	ms912237	-
IOverlayNotify Interface	ms912167	-
IOverlayNotify::OnClipChange	ms912176	-
IOverlayNotify::OnColorKeyChange	ms912185	-
IOverlayNotify::OnPaletteChange	ms912194	-
IOverlayNotify::OnPositionChange	ms912200	-
IP Firewall Application Development	aa450053	-
IP Firewall Data Types	ms886672	-
IP Firewall Enumerations	ms886673	-
IP Firewall Functions	ms886674	-
IP Firewall Logging Reference	ms886684	-
IP Firewall Logging Registry Settings	aa450054	-
IP Firewall Migration	aa450055	-
IP Firewall OS Design Development	aa450052	-
IP Firewall Reference	ms886685	-
IP Firewall Registry Settings	aa450056	-
IP Firewall Samples	aa450057	-
IP Firewall Security	aa450058	-
IP Firewall Structures	ms886675	-
IP Group	ms894531	ms926956
IP Helper Code Samples	aa450059	-
IP Helper Enumerations	ms886686	-
IP Helper Functions	ms886687	-
IP Helper Reference	ms886688	-
IP Helper Structures	ms886689	-
IP Independent Source Code Examples	ms898971	-
IP Multicasting for IPv4	aa450060	-
IP Multicasting for IPv6	aa450061	-
IP NAT Registry Settings	aa450062	ms901872
IP Phone Provisioning	aa525640	-
IP/ARP Extensions for IPv4 Multicasting	aa450050	-
IP4_ARRAY	ms891165	-
IP6_ADDRESS	ms891166	-
IPAddress Element (Location Request)	ms895141	ms898404
IPAddress Element (Poll Request)	ms895145	ms898402
IPAddresses Element (Location Request)	ms895148	ms898403
IPCANDIDATE	ms906186	ms921420
IPCTRL_CARETBACKSPACE	ms906187	ms921425
IPCTRL_CARETBOTTOM	ms906188	ms921426
IPCTRL_CARETDELETE	ms906189	ms921427
IPCTRL_CARETLEFT	ms906190	ms921428
IPCTRL_CARETRIGHT	ms906191	ms921430
IPCTRL_CARETSET	ms906193	ms921431
IPCTRL_CARETTOP	ms906194	ms921432
IPCTRL_CLEARALL	ms906195	ms921434
IPCTRL_CONVERTALL	ms906196	ms921435
IPCTRL_DETERMINALL	ms906197	ms921436
IPCTRL_GETCONVERSIONMODE	ms906198	ms921437
IPCTRL_GETERROR	ms906199	ms921438
IPCTRL_INSERTFULLSPACE	ms906200	ms921439
IPCTRL_INSERTHALFSPACE	ms906201	ms921441
IPCTRL_INSERTSPACE	ms906202	ms921442
IPCTRL_JPN_BUNLENDEC	ms906203	ms921443
IPCTRL_JPN_BUNLENINC	ms906204	ms921445
IPCTRL_JPN_CRSRLEFT	ms906205	ms921446
IPCTRL_JPN_CRSRRIGHT	ms906206	ms921447
IPCTRL_JPN_UNDOBUNSETSU	ms906207	ms921448
IPCTRL_JPN_UNDOCLR	ms906208	ms921449
IPCTRL_MAKECANDIDATE	ms906209	ms921450
IPCTRL_OFFIME	ms906210	ms921451
IPCTRL_ONIME	ms906211	ms921452
IPCTRL_PHRASEDELETE	ms906212	ms921453
IPCTRL_PRECONVERSION	ms906213	ms921454
IPCTRL_RELOADCFG	ms906214	ms921455
IPCTRL_SELECTCANDIDATE	ms906215	ms921456
IPCTRL_SETCONVERSIONMODE	ms906216	ms921457
IPCTRL_SETSHIFTSTATE	ms906217	ms921458
IPConfig	aa450051	-
IPOlRecipient	ms883874	-
IPOlRecipient::Resolve	ms883882	-
IPOutlookApp	ms883943	-
IPOutlookApp Properties	ms883975	-
IPOutlookApp::CreateItem	ms883892	-
IPOutlookApp::GetDefaultFolder	ms883903	-
IPOutlookApp::GetItemFromOid	ms883912	-
IPOutlookApp::GetTimeZoneFromIndex	ms883922	-
IPOutlookApp::GetTimeZoneInformationFromIndex	ms883930	-
IPOutlookApp::Logoff	ms883952	-
IPOutlookApp::Logon	ms883962	-
IPOutlookApp::ReceiveFromInfrared	ms883983	-
IPOutlookApp::SysFreeString	ms884055	-
IPOutlookItemCollection	ms884177	-
IPOutlookItemCollection Properties	ms884192	-
IPOutlookItemCollection::Add	ms884078	-
IPOutlookItemCollection::Find	ms884141	-
IPOutlookItemCollection::FindNext	ms884152	-
IPOutlookItemCollection::Item	ms884165	-
IPOutlookItemCollection::Remove	ms884201	-
IPOutlookItemCollection::Restrict	ms884210	-
IPOutlookItemCollection::Sort	ms884223	-
IPPROTO_IP	aa450063	-
IPPROTO_IPV6	aa450064	-
IPPROTO_TCP	aa450065	-
IPPROTO_UDP	aa450066	-
IPRcvBuf	ms885685	-
IPSEC_API_MODE_INFO	aa450428	-
IPSEC_API_PARAM	aa450429	-
IPSec Application Development	aa450067	-
IPSec Functions	ms886690	-
IPSec Migration	aa450068	-
IPSec OS Design Development	aa450069	-
IPSec Reference	ms886691	-
IPSec Registry Settings	aa450070	-
IPSec Samples	aa450071	-
IPSec Security	aa450072	-
IPSec Structures	ms886692	-
IPSec v4	ms898972	-
IPSubnet Element (Poll Request)	ms895152	ms898405
IPSubnets Element (Location Response)	ms895157	ms898406
IP_ADAPTER_ADDRESSES	ms891167	-
IP_ADAPTER_ANYCAST_ADDRESS	ms891168	-
IP_ADAPTER_INDEX_MAP	ms891169	-
IP_ADAPTER_INFO	ms891170	-
IP_ADAPTER_MULTICAST_ADDRESS	ms891171	-
IP_ADAPTER_PREFIX	ms891172	-
IP_ADAPTER_UNICAST_ADDRESS	ms891173	-
IP_ADDRESS_STRING	ms891174	-
IP_ADDR_STRING	ms891175	-
IP_DAD_STATE	ms891176	-
IP_INTERFACE_INFO	ms891177	-
IP_NAT_DIRECTION	ms885682	-
IP_NAT_REGISTER_EDITOR	ms885683	-
IP_NAT_SESSION_MAPPING_STATISTICS	ms885684	-
IP_OPTION_INFORMATION	ms891178	-
IP_PER_ADAPTER_INFO	ms891179	-
IP_PREFIX_ORIGIN	ms891180	-
IP_SUFFIX_ORIGIN	aa450430	-
IP_UNIDIRECTIONAL_ADAPTER_ADDRESS	aa450431	-
IParseDisplayName	ms882935	-
IParseDisplayName::ParseDisplayName	ms882936	ms889393
IPegasusFileFilter::FilterOptions	aa514316	-
IPegasusFileFilter::FormatMessage	aa514319	-
IPegasusFileFilter::NextConvertFile	aa514323	-
IPegasusFileFilterSite::CloseDestinationFile	aa514325	-
IPegasusFileFilterSite::CloseSourceFile	aa514327	-
IPegasusFileFilterSite::OpenDestinationFile	aa514331	-
IPegasusFileFilterSite::OpenSourceFile	aa514332	-
IPegasusFileFilterSite::ReportLoss	aa514335	-
IPegasusFileFilterSite::ReportProgress	aa514336	-
IPersist	ms883610	-
IPersist::GetClassID	ms883501	-
IPersistFile	ms882939	-
IPersistFile::GetCurFile	ms882937	ms889394
IPersistFile::IsDirty	ms882938	ms889395
IPersistFile::Load	ms882940	-
IPersistFile::Save	ms882941	-
IPersistFile::SaveCompleted	ms883493	-
IPersistFolder	ms909860	-
IPersistFolder::Initialize	ms909861	-
IPersistMoniker	ms918766	-
IPersistMoniker::GetClassID	ms918775	ms928879
IPersistMoniker::GetCurMoniker	ms918789	ms928890
IPersistMoniker::IsDirty	ms918798	ms928892
IPersistMoniker::Load	ms918800	ms928893
IPersistMoniker::Save	ms918801	ms928895
IPersistMoniker::SaveCompleted	ms918802	ms928894
IPersistPropertyBag::InitNew	ms883625	ms886021
IPersistPropertyBag::Load	ms883649	ms886038
IPersistPropertyBag::Save	ms883662	ms886047
IPersistPropertyBag:IPersist	ms883639	-
IPersistStorage	ms883697	-
IPersistStorage::HandsOffStorage	ms883673	-
IPersistStorage::InitNew	ms883686	-
IPersistStorage::IsDirty	ms883704	-
IPersistStorage::Load	ms883717	-
IPersistStorage::Save	ms883726	-
IPersistStorage::SaveCompleted	ms883737	-
IPersistStream	ms883820	-
IPersistStream URL Moniker Implementation	ms883866	-
IPersistStream::GetSizeMax	ms883746	-
IPersistStream::IsDirty	ms883830	-
IPersistStream::Load	ms883840	-
IPersistStream::Save	ms883850	-
IPersistStreamInit	ms883776	-
IPersistStreamInit::GetSizeMax	ms883758	-
IPersistStreamInit::InitNew	ms883767	-
IPersistStreamInit::IsDirty	ms883784	-
IPersistStreamInit::Load	ms883792	-
IPersistStreamInit::Save	ms883806	-
IPin Interface	ms912308	-
IPin::BeginFlush	ms912246	-
IPin::Connect	ms912252	-
IPin::ConnectedTo	ms912262	-
IPin::ConnectionMediaType	ms912270	-
IPin::Disconnect	ms912278	-
IPin::EndFlush	ms912286	-
IPin::EndOfStream	ms912294	-
IPin::EnumMediaTypes	ms912300	-
IPin::NewSegment	ms912310	-
IPin::QueryAccept	ms912318	-
IPin::QueryDirection	ms912328	-
IPin::QueryId	ms912337	-
IPin::QueryInternalConnections	ms912346	-
IPin::QueryPinInfo	ms912352	-
IPin::ReceiveConnection	ms931694	-
IProgressNotify	ms884230	-
IProgressNotify::OnProgress	ms884240	-
IPropertyBag	ms884251	-
IPropertyBag::Read	ms884257	ms886063
IPropertyBag::Write	ms884267	ms886069
IPropertyBagEnum	ms900498	-
IPropertyBagEnum::Clone	ms900502	-
IPropertyBagEnum::Next	ms900507	-
IPropertyBagEnum::Reset	ms900511	-
IPropertyBagEnum::Skip	ms900514	-
IProvideClassInfo	ms884324	-
IProvideClassInfo2	ms884290	-
IProvideClassInfo2::GetGUID	ms884278	-
IProvideClassInfo::GetClassInfo	ms884308	-
IPv4-only Client Code	aa450073	-
IPv4-only Server Code	aa450074	-
IPv4-only Source Code Examples	ms898973	-
IPv6	aa450077	-
IPv6 Address Autoconfiguration	aa450078	-
IPv6 Addresses	aa450079	-
IPv6 Addresses to Configure	aa450081	-
IPv6 Addressing	aa450044	-
IPv6 Application Development	aa450087	-
IPv6 Characteristics	aa450084	-
IPv6 Implementations	aa450083	-
IPv6 Interface Identifiers	aa450085	-
IPv6 OS Design Development	ms898975	-
IPv6 Overview	aa450086	-
IPv6 Packets	aa450045	-
IPv6 RFCs and Internet Drafts	aa450089	-
IPv6 References	aa450088	-
IPv6 Security	aa450090	-
IPv6 Test Lab Requirements	aa450091	-
IPv6 Traffic Between Nodes in Different Sites Across the Internet (6to4)	aa450092	-
IPv6 Traffic Between Nodes on Different Subnets of an IPv4 Internetwork	aa450093	-
IPv6 Traffic Between Nodes on Different Subnets of an IPv6 Internetwork	aa450094	-
IPv6 adu	aa450432	-
IPv6 and IPv4 Coexistence	aa450080	-
IPv6 dp6dns	ms900518	-
IPv6 dp6domain	ms900530	-
IPv6 dp6enum	ms900531	-
IPv6 dp6pd	ms900540	-
IPv6 dp6rf	ms900542	-
IPv6 gp	aa450433	-
IPv6 gpu	aa450434	-
IPv6 gpu MaxTempDADAttempts	aa450435	-
IPv6 gpu MaxTempLifetime	aa450436	-
IPv6 gpu MaxTempRandomTime	aa450437	-
IPv6 gpu NeighborCacheLimit	aa450438	-
IPv6 gpu RouteCacheLimit	aa450439	-
IPv6 gpu TempRandomTime	aa450440	-
IPv6 gpu TempRegenerateTime	aa450441	-
IPv6 gpu UseTemporaryAddresses	aa450442	-
IPv6 if	aa450443	-
IPv6 ifc	aa450445	-
IPv6 ifd	aa450446	-
IPv6 nc	aa450447	-
IPv6 ncf	aa450448	-
IPv6 ppd	aa450449	-
IPv6 ppt	aa450450	-
IPv6 ppu	aa450451	-
IPv6 rc	aa450452	-
IPv6 rcf	aa450453	-
IPv6 renew	aa450454	-
IPv6 rlu	aa450455	-
IPv6 rt	aa450456	-
IPv6 rtu	aa450457	-
IPv6 spt	aa450458	-
IPv6 spu	aa450459	-
IPv6-Enabled Client Code	aa450075	-
IPv6-Enabled Server Code	aa450076	-
IPv6tun	aa450460	-
IQualProp Interface	ms931802	-
IQualProp::get_AvgFrameRate	ms931726	-
IQualProp::get_AvgSyncOffset	ms931785	-
IQualProp::get_DevSyncOffset	ms931794	-
IQualProp::get_FramesDrawn	ms931798	-
IQualProp::get_FramesDroppedInRenderer	ms931799	-
IQualProp::get_Jitter	ms931801	-
IQualityControl Interface	ms931702	-
IQualityControl::Notify	ms931711	-
IQualityControl::SetSink	ms931717	-
IRAPIStream::GetRapiStat	aa514340	-
IRAPIStream::SetRapiStat	aa514342	-
IRDA Miniport Drivers	ms892464	-
IROTData	ms884588	-
IROTData::GetComparisonData	ms884587	-
IRTCBuddy	ms930117	-
IRTCBuddy2	ms909311	-
IRTCBuddy2::EnumerateGroups	ms909308	-
IRTCBuddy2::EnumeratePresenceDevices	ms909309	-
IRTCBuddy2::Groups	ms909310	-
IRTCBuddy2::PresenceDevices	ms909312	-
IRTCBuddy2::PresenceProperty	ms909313	-
IRTCBuddy2::Profile	ms909314	-
IRTCBuddy2::Refresh	ms909315	-
IRTCBuddy2::SubscriptionType	ms909316	-
IRTCBuddy::Notes	ms930128	-
IRTCBuddy::Status	ms930134	-
IRTCBuddyEvent	ms909322	-
IRTCBuddyEvent2	ms909318	-
IRTCBuddyEvent2::EventType	ms909317	-
IRTCBuddyEvent2::StatusCode	ms909319	-
IRTCBuddyEvent2::StatusText	ms909320	-
IRTCBuddyEvent::Buddy	ms909321	-
IRTCBuddyGroup	ms909657	-
IRTCBuddyGroup::AddBuddy	ms909323	-
IRTCBuddyGroup::Buddies	ms909324	-
IRTCBuddyGroup::Data	ms909325	-
IRTCBuddyGroup::EnumerateBuddies	ms909326	-
IRTCBuddyGroup::Name	ms929968	-
IRTCBuddyGroup::Profile	ms930098	-
IRTCBuddyGroup::RemoveBuddy	ms930105	-
IRTCBuddyGroupEvent	ms909457	-
IRTCBuddyGroupEvent::Buddy	ms909327	-
IRTCBuddyGroupEvent::EventType	ms909328	-
IRTCBuddyGroupEvent::Group	ms909329	-
IRTCBuddyGroupEvent::StatusCode	ms909548	-
IRTCClient	ms910065	-
IRTCClient2	ms930238	-
IRTCClient2::AllowedPorts	ms909665	-
IRTCClient2::AnswerMode	ms909769	-
IRTCClient2::ClientCurVer	ms909780	-
IRTCClient2::ClientName	ms909789	-
IRTCClient2::CreateSessionWithDescription	ms909800	-
IRTCClient2::InitializeEx	ms909809	-
IRTCClient2::InvokeTuningWizardEx	ms909899	-
IRTCClient2::PreferredSecurityLevel	ms930346	-
IRTCClient2::SetSessionDescriptionManager	ms930435	-
IRTCClient2::Version	ms930643	-
IRTCClient::ActiveMedia	ms910041	-
IRTCClient::AudioMuted	ms910051	-
IRTCClient::CreateSession	ms910054	-
IRTCClient::EventFilter	ms910058	-
IRTCClient::IVideoWindow	ms910066	-
IRTCClient::Initialize	ms910061	-
IRTCClient::InvokeTuningWizard	ms910062	-
IRTCClient::IsT120AppletRunning	ms910063	-
IRTCClient::IsTuned	ms910064	-
IRTCClient::ListenForIncomingSessions	ms910067	-
IRTCClient::LocalUserName	ms910068	-
IRTCClient::LocalUserURI	ms910069	-
IRTCClient::MaxBitrate	ms910071	-
IRTCClient::MediaCapabilities	ms910072	-
IRTCClient::NetworkAddresses	ms910073	-
IRTCClient::NetworkQuality	ms910074	-
IRTCClient::PlayRing	ms910075	-
IRTCClient::PreferredAEC	ms910080	-
IRTCClient::PreferredAudioDevice	ms910081	-
IRTCClient::PreferredMediaTypes	ms910082	-
IRTCClient::PreferredVideoDevice	ms910083	-
IRTCClient::PreferredVolume	ms910084	-
IRTCClient::PrepareForShutdown	ms910085	-
IRTCClient::SendDTMF	ms910129	-
IRTCClient::SetPreferredMediaTypes	ms910130	-
IRTCClient::Shutdown	ms910131	-
IRTCClient::StartT120Applet	ms910132	-
IRTCClient::StopT120Applets	ms910133	-
IRTCClient::TemporalSpatialTradeOff	ms910134	-
IRTCClient::Volume	ms910135	-
IRTCClientEvent	ms910059	-
IRTCClientEvent::Client	ms910055	-
IRTCClientEvent::EventType	ms910056	-
IRTCClientPortManagement	ms910077	-
IRTCClientPortManagement::GetPortRange	ms910076	-
IRTCClientPortManagement::StartListenAddressAndPort	ms910078	-
IRTCClientPortManagement::StopListenAddressAndPort	ms910079	-
IRTCClientPresence	ms910110	-
IRTCClientPresence2	ms910096	-
IRTCClientPresence2::AddBuddyEx	ms910086	-
IRTCClientPresence2::AddGroup	ms910087	-
IRTCClientPresence2::AddWatcherEx	ms910088	-
IRTCClientPresence2::DisablePresence	ms910089	-
IRTCClientPresence2::EnablePresenceEx	ms910090	-
IRTCClientPresence2::EnumerateGroups	ms910091	-
IRTCClientPresence2::GetLocalPresenceInfo	ms910092	-
IRTCClientPresence2::GetPresenceData	ms910093	-
IRTCClientPresence2::Group	ms910094	-
IRTCClientPresence2::Groups	ms910095	-
IRTCClientPresence2::PresenceProperty	ms910097	-
IRTCClientPresence2::RemoveGroup	ms910098	-
IRTCClientPresence2::SetPresenceData	ms910099	-
IRTCClientPresence2::WatcherEx	ms910100	-
IRTCClientPresence::AddBuddy	ms910101	-
IRTCClientPresence::AddWatcher	ms910102	-
IRTCClientPresence::Buddies	ms910103	-
IRTCClientPresence::Buddy	ms910104	-
IRTCClientPresence::EnablePresence	ms910105	-
IRTCClientPresence::EnumerateBuddies	ms910106	-
IRTCClientPresence::EnumerateWatchers	ms910107	-
IRTCClientPresence::Export	ms910108	-
IRTCClientPresence::Import	ms910109	-
IRTCClientPresence::OfferWatcherMode	ms910112	-
IRTCClientPresence::PrivacyMode	ms910113	-
IRTCClientPresence::RemoveBuddy	ms910114	-
IRTCClientPresence::RemoveWatcher	ms910115	-
IRTCClientPresence::SetLocalPresenceInfo	ms910116	-
IRTCClientPresence::Watcher	ms910117	-
IRTCClientPresence::Watchers	ms910118	-
IRTCClientProvisioning	ms910126	-
IRTCClientProvisioning2	ms910120	-
IRTCClientProvisioning2::EnableProfileEx	ms910119	-
IRTCClientProvisioning::CreateProfile	ms910121	-
IRTCClientProvisioning::DisableProfile	ms910122	-
IRTCClientProvisioning::EnableProfile	ms910123	-
IRTCClientProvisioning::EnumerateProfiles	ms910124	-
IRTCClientProvisioning::GetProfile	ms910125	-
IRTCClientProvisioning::Profiles	ms910127	-
IRTCClientProvisioning::SessionCapabilities	ms910128	-
IRTCCollection	ms930821	-
IRTCCollection::Count	ms930755	-
IRTCCollection::Item	ms930835	-
IRTCCollection::_NewEnum	ms930842	-
IRTCEnumBuddies	ms930859	-
IRTCEnumBuddies::Clone	ms930851	-
IRTCEnumBuddies::Next	ms930867	-
IRTCEnumBuddies::Reset	ms930877	-
IRTCEnumBuddies::Skip	ms930885	-
IRTCEnumGroups	ms930900	-
IRTCEnumGroups::Clone	ms930893	-
IRTCEnumGroups::Next	ms910271	-
IRTCEnumGroups::Reset	ms910302	-
IRTCEnumGroups::Skip	ms910310	-
IRTCEnumParticipants	ms910330	-
IRTCEnumParticipants::Clone	ms910323	-
IRTCEnumParticipants::Next	ms910340	-
IRTCEnumParticipants::Reset	ms910350	-
IRTCEnumParticipants::Skip	ms910356	-
IRTCEnumPresenceDevices	ms910372	-
IRTCEnumPresenceDevices::Clone	ms910365	-
IRTCEnumPresenceDevices::Next	ms910377	-
IRTCEnumPresenceDevices::Reset	ms910387	-
IRTCEnumPresenceDevices::Skip	ms910391	-
IRTCEnumProfiles	ms910402	-
IRTCEnumProfiles::Clone	ms910397	-
IRTCEnumProfiles::Next	ms910408	-
IRTCEnumProfiles::Reset	ms910413	-
IRTCEnumProfiles::Skip	ms910417	-
IRTCEnumUserSearchResults	ms910432	-
IRTCEnumUserSearchResults::Clone	ms910426	-
IRTCEnumUserSearchResults::Next	ms910437	-
IRTCEnumUserSearchResults::Reset	ms910443	-
IRTCEnumUserSearchResults::Skip	ms910452	-
IRTCEnumWatchers	ms910454	-
IRTCEnumWatchers::Clone	ms910453	-
IRTCEnumWatchers::Next	ms910455	-
IRTCEnumWatchers::Reset	ms910456	-
IRTCEnumWatchers::Skip	ms910457	-
IRTCEventNotification	ms910459	-
IRTCEventNotification::Event	ms910458	-
IRTCInfoEvent	ms910460	-
IRTCInfoEvent::Info	ms910461	-
IRTCInfoEvent::InfoHeader	ms910462	-
IRTCInfoEvent::Participant	ms910463	-
IRTCInfoEvent::Session	ms910464	-
IRTCIntensityEvent	ms910466	-
IRTCIntensityEvent::Direction	ms910465	-
IRTCIntensityEvent::Level	ms910467	-
IRTCIntensityEvent::Max	ms910468	-
IRTCIntensityEvent::Min	ms910469	-
IRTCMediaEvent::EventReason	ms910470	-
IRTCMediaEvent::EventType	ms910471	-
IRTCMediaEvent::MediaType	ms910473	-
IRTCMediaEvent:IDispatch	ms910472	-
IRTCMediaRequestEvent	ms910476	-
IRTCMediaRequestEvent::Accept	ms910474	-
IRTCMediaRequestEvent::CurrentMedia	ms910475	-
IRTCMediaRequestEvent::ProposedMedia	ms910477	-
IRTCMediaRequestEvent::Reject	ms910478	-
IRTCMediaRequestEvent::RemotePreferredSecurityLevel	ms910479	-
IRTCMediaRequestEvent::Session	ms910480	-
IRTCMediaRequestEvent::State	ms910481	-
IRTCMessagingEvent	ms910483	-
IRTCMessagingEvent::EventType	ms910482	-
IRTCMessagingEvent::Message	ms910484	-
IRTCMessagingEvent::MessageHeader	ms910485	-
IRTCMessagingEvent::Participant	ms910486	-
IRTCMessagingEvent::Session	ms910487	-
IRTCMessagingEvent::UserStatus	ms910488	-
IRTCParticipant	ms910489	-
IRTCParticipant::Name	ms910490	-
IRTCParticipant::Removable	ms910491	-
IRTCParticipant::Session	ms910492	-
IRTCParticipant::State	ms910493	-
IRTCParticipant::UserURI	ms910498	-
IRTCParticipantStateChangeEvent	ms910494	-
IRTCParticipantStateChangeEvent::Participant	ms910495	-
IRTCParticipantStateChangeEvent::State	ms910496	-
IRTCParticipantStateChangeEvent::StatusCode	ms910497	-
IRTCPortManager	ms910500	-
IRTCPortManager::GetMapping	ms910499	-
IRTCPortManager::ReleaseMapping	ms910501	-
IRTCPortManager::UpdateRemoteAddress	ms910502	-
IRTCPresenceContact	ms910504	-
IRTCPresenceContact::Data	ms910503	-
IRTCPresenceContact::Name	ms910505	-
IRTCPresenceContact::Persistent	ms910506	-
IRTCPresenceContact::PresentityURI	ms910507	-
IRTCPresenceDataEvent	ms910509	-
IRTCPresenceDataEvent::GetPresenceData	ms910508	-
IRTCPresenceDataEvent::StatusCode	ms910510	-
IRTCPresenceDataEvent::StatusText	ms910511	-
IRTCPresenceDevice	ms910513	-
IRTCPresenceDevice::GetPresenceData	ms910512	-
IRTCPresenceDevice::Notes	ms910514	-
IRTCPresenceDevice::PresenceProperty	ms910515	-
IRTCPresenceDevice::Status	ms910516	-
IRTCPresencePropertyEvent	ms910517	-
IRTCPresencePropertyEvent::PresenceProperty	ms910518	-
IRTCPresencePropertyEvent::StatusCode	ms910647	-
IRTCPresencePropertyEvent::StatusText	ms910714	-
IRTCPresencePropertyEvent::Value	ms910716	-
IRTCPresenceStatusEvent	ms910727	-
IRTCPresenceStatusEvent::GetLocalPresenceInfo	ms910723	-
IRTCPresenceStatusEvent::StatusCode	ms910732	-
IRTCPresenceStatusEvent::StatusText	ms910739	-
IRTCProfile	ms910818	-
IRTCProfile2	ms910746	-
IRTCProfile2::AllowedAuth	ms910743	-
IRTCProfile2::Realm	ms910751	-
IRTCProfile::ClientBanner	ms910755	-
IRTCProfile::ClientCurVer	ms910763	-
IRTCProfile::ClientData	ms910765	-
IRTCProfile::ClientMinVer	ms910773	-
IRTCProfile::ClientName	ms910779	-
IRTCProfile::ClientUpdateURI	ms910783	-
IRTCProfile::Key	ms910822	-
IRTCProfile::Name	ms910829	-
IRTCProfile::ProviderData	ms910834	-
IRTCProfile::ProviderName	ms910840	-
IRTCProfile::ProviderURI	ms910842	-
IRTCProfile::SessionCapabilities	ms910847	-
IRTCProfile::SetCredentials	ms910854	-
IRTCProfile::State	ms910856	-
IRTCProfile::UserAccount	ms910861	-
IRTCProfile::UserName	ms910869	-
IRTCProfile::UserURI	ms910874	-
IRTCProfile::XML	ms910875	-
IRTCProfileEvent	ms910804	-
IRTCProfileEvent2	ms910794	-
IRTCProfileEvent2::EventType	ms910785	-
IRTCProfileEvent::Cookie	ms910798	-
IRTCProfileEvent::Profile	ms910808	-
IRTCProfileEvent::StatusCode	ms910813	-
IRTCReInviteEvent	ms910883	-
IRTCReInviteEvent::Accept	ms910881	-
IRTCReInviteEvent::GetRemoteSessionDescription	ms910882	-
IRTCReInviteEvent::Reject	ms910884	-
IRTCReInviteEvent::Session	ms910885	-
IRTCReInviteEvent::State	ms910886	-
IRTCRegistrationStateChangeEvent	ms910876	-
IRTCRegistrationStateChangeEvent::Profile	ms910877	-
IRTCRegistrationStateChangeEvent::State	ms910878	-
IRTCRegistrationStateChangeEvent::StatusCode	ms910879	-
IRTCRegistrationStateChangeEvent::StatusText	ms910880	-
IRTCRoamingEvent	ms910889	-
IRTCRoamingEvent::EventType	ms910887	-
IRTCRoamingEvent::Profile	ms910890	-
IRTCRoamingEvent::StatusCode	ms910891	-
IRTCRoamingEvent::StatusText	ms910892	-
IRTCSession	ms910916	-
IRTCSession2	ms910894	-
IRTCSession2::AnswerWithSessionDescription	ms910893	-
IRTCSession2::IsSecurityEnabled	ms910895	-
IRTCSession2::PreferredSecurityLevel	ms910896	-
IRTCSession2::ReInviteWithSessionDescription	ms910897	-
IRTCSession2::SendInfo	ms910898	-
IRTCSession::AddParticipant	ms910899	-
IRTCSession::AddStream	ms910900	-
IRTCSession::Answer	ms910901	-
IRTCSession::CanAddParticipants	ms910910	-
IRTCSession::Client	ms910911	-
IRTCSession::EncryptionKey	ms910914	-
IRTCSession::EnumerateParticipants	ms910915	-
IRTCSession::NextRedirectedUser	ms910917	-
IRTCSession::Participants	ms910926	-
IRTCSession::Profile	ms910929	-
IRTCSession::Redirect	ms910930	-
IRTCSession::RedirectedUserName	ms910931	-
IRTCSession::RedirectedUserURI	ms910932	-
IRTCSession::RemoveParticipant	ms930927	-
IRTCSession::RemoveStream	ms930933	-
IRTCSession::SendMessage	ms930939	-
IRTCSession::SendMessageStatus	ms930943	-
IRTCSession::State	ms930950	-
IRTCSession::Terminate	ms931149	-
IRTCSession::Type	ms931166	-
IRTCSessionCallControl	ms910905	-
IRTCSessionCallControl::Forward	ms910902	-
IRTCSessionCallControl::Hold	ms910903	-
IRTCSessionCallControl::IsReferred	ms910904	-
IRTCSessionCallControl::Refer	ms910906	-
IRTCSessionCallControl::ReferCookie	ms910907	-
IRTCSessionCallControl::ReferredByURI	ms910908	-
IRTCSessionCallControl::UnHold	ms910909	-
IRTCSessionDescriptionManager	ms910913	-
IRTCSessionDescriptionManager::EvaluateSessionDescription	ms910912	-
IRTCSessionOperationCompleteEvent	ms910922	-
IRTCSessionOperationCompleteEvent2	ms910919	-
IRTCSessionOperationCompleteEvent2::GetRemoteSessionDescription	ms910918	-
IRTCSessionOperationCompleteEvent2::Participant	ms910920	-
IRTCSessionOperationCompleteEvent::Cookie	ms910921	-
IRTCSessionOperationCompleteEvent::Session	ms910923	-
IRTCSessionOperationCompleteEvent::StatusCode	ms910924	-
IRTCSessionOperationCompleteEvent::StatusText	ms910925	-
IRTCSessionPortManagement	ms910927	-
IRTCSessionPortManagement::SetPortManager	ms910928	-
IRTCSessionReferStatusEvent	ms910941	-
IRTCSessionReferStatusEvent::ReferStatus	ms911220	-
IRTCSessionReferStatusEvent::Session	ms911312	-
IRTCSessionReferStatusEvent::StatusCode	ms930910	-
IRTCSessionReferStatusEvent::StatusText	ms930918	-
IRTCSessionReferredEvent	ms910934	-
IRTCSessionReferredEvent::Accept	ms910933	-
IRTCSessionReferredEvent::ReferCookie	ms910935	-
IRTCSessionReferredEvent::ReferToURI	ms910937	-
IRTCSessionReferredEvent::ReferredByURI	ms910936	-
IRTCSessionReferredEvent::Reject	ms910938	-
IRTCSessionReferredEvent::Session	ms910939	-
IRTCSessionReferredEvent::SetReferredSessionState	ms910940	-
IRTCSessionStateChangeEvent	ms931002	-
IRTCSessionStateChangeEvent2	ms930967	-
IRTCSessionStateChangeEvent2::GetRemoteSessionDescription	ms930958	-
IRTCSessionStateChangeEvent2::IsForked	ms930976	-
IRTCSessionStateChangeEvent2::MediaTypes	ms930984	-
IRTCSessionStateChangeEvent2::RemotePreferredSecurityLevel	ms930993	-
IRTCSessionStateChangeEvent::Session	ms931011	-
IRTCSessionStateChangeEvent::State	ms931017	-
IRTCSessionStateChangeEvent::StatusCode	ms931031	-
IRTCSessionStateChangeEvent::StatusText	ms931043	-
IRTCUserSearch	ms911336	-
IRTCUserSearch::CreateQuery	ms911320	-
IRTCUserSearch::ExecuteSearch	ms911326	-
IRTCUserSearchQuery	ms911340	-
IRTCUserSearchQuery::SearchDomain	ms911348	-
IRTCUserSearchQuery::SearchPreference	ms911359	-
IRTCUserSearchQuery::SearchTerm	ms911365	-
IRTCUserSearchQuery::SearchTerms	ms911377	-
IRTCUserSearchResult	ms911385	-
IRTCUserSearchResult::Value	ms911458	-
IRTCUserSearchResultsEvent::Cookie	ms911392	-
IRTCUserSearchResultsEvent::EnumerateResults	ms911400	-
IRTCUserSearchResultsEvent::MoreAvailable	ms911421	-
IRTCUserSearchResultsEvent::Profile	ms911430	-
IRTCUserSearchResultsEvent::Query	ms911437	-
IRTCUserSearchResultsEvent::Results	ms911445	-
IRTCUserSearchResultsEvent::StatusCode	ms911449	-
IRTCUserSearchResultsEvent:IDispatch	ms911408	-
IRTCWatcher	ms911518	-
IRTCWatcher2	ms911467	-
IRTCWatcher2::Profile	ms911477	-
IRTCWatcher2::Scope	ms911481	-
IRTCWatcher::State	ms911524	-
IRTCWatcherEvent	ms911502	-
IRTCWatcherEvent2	ms911492	-
IRTCWatcherEvent2::EventType	ms911489	-
IRTCWatcherEvent2::StatusCode	ms911496	-
IRTCWatcherEvent::Watcher	ms911509	-
IRecipient	ms884331	-
IRecipient Properties	ms884338	-
IRecipients	ms884470	-
IRecipients Properties	ms884569	-
IRecipients::Add	ms884349	-
IRecipients::Item	ms884359	-
IRecipients::Remove	ms884577	-
IRecurrencePattern	ms884583	-
IRecurrencePattern Properties	ms884584	-
IRecurrencePattern::GetOccurrence	ms884582	-
IReferenceClock Interface	ms931806	-
IReferenceClock::AdvisePeriodic	ms931803	-
IReferenceClock::AdviseTime	ms931804	-
IReferenceClock::GetTime	ms931805	-
IReferenceClock::Unadvise	ms931807	-
IRemoteUIModule	aa450462	-
IRemoteUIModule::Get	aa450463	-
IRemoteUIModule::Init	aa450464	-
IRemoteUIModule::ModuleName	aa450465	-
IRemoteUIModule::NeedHTTPDRestart	aa450466	-
IRemoteUIModule::NeedNetworkRestart	aa450467	-
IRemoteUIModule::Put	aa450468	-
IRemoteUIModule::Reset	aa450469	-
IRemoteUI_Array	aa450470	-
IRemoteUI_Array::AddValue	aa450471	-
IRemoteUI_Array::FindFirstVar	aa450472	-
IRemoteUI_Array::FindNextVar	aa450473	-
IRemoteUI_Array::GetName	aa450474	-
IRemoteUI_Array::GetValue	aa450475	-
IRenderingControl	aa450476	-
IRenderingControl::GetBlueVideoBlackLevel	aa450477	-
IRenderingControl::GetBlueVideoGain	aa450478	-
IRenderingControl::GetBrightness	aa450479	-
IRenderingControl::GetColorTemperature	aa450480	-
IRenderingControl::GetContrast	aa450481	-
IRenderingControl::GetGreenVideoBlackLevel	aa450482	-
IRenderingControl::GetGreenVideoGain	aa450483	-
IRenderingControl::GetHorizontalKeystone	aa450484	-
IRenderingControl::GetLoudness	aa450485	-
IRenderingControl::GetMute	aa450486	-
IRenderingControl::GetRedVideoBlackLevel	aa450487	-
IRenderingControl::GetRedVideoGain	aa450488	-
IRenderingControl::GetSharpness	aa450489	-
IRenderingControl::GetVerticalKeystone	ms890314	-
IRenderingControl::GetVolume	aa450490	-
IRenderingControl::GetVolumeDB	aa450492	-
IRenderingControl::GetVolumeDBRange	aa450493	-
IRenderingControl::InvokeVendorAction	aa450497	-
IRenderingControl::ListPresets	aa450499	-
IRenderingControl::SelectPreset	aa450502	-
IRenderingControl::SetBlueVideoBlackLevel	aa450504	-
IRenderingControl::SetBlueVideoGain	aa450506	-
IRenderingControl::SetBrightness	aa450507	-
IRenderingControl::SetColorTemperature	aa450509	-
IRenderingControl::SetContrast	aa450511	-
IRenderingControl::SetGreenVideoBlackLevel	aa450513	-
IRenderingControl::SetGreenVideoGain	aa450515	-
IRenderingControl::SetHorizontalKeystone	aa450517	-
IRenderingControl::SetLoudness	aa450519	-
IRenderingControl::SetMute	aa450521	-
IRenderingControl::SetRedVideoBlackLevel	aa450523	-
IRenderingControl::SetRedVideoGain	aa450525	-
IRenderingControl::SetSharpness	aa450526	-
IRenderingControl::SetVerticalKeystone	aa450528	-
IRenderingControl::SetVolume	aa450530	-
IRenderingControl::SetVolumeDB	aa450532	-
IRenderingControlImpl	aa450495	-
IReplNotify::GetWindow	aa514343	-
IReplNotify::OnItemCompleted	aa514347	-
IReplNotify::OnItemNotify	aa514350	-
IReplNotify::QueryDevice	aa514352	-
IReplNotify::SetStatusText	aa514354	-
IReplObjHandler::DeleteObj	aa514356	-
IReplObjHandler::GetPacket	aa514357	-
IReplObjHandler::Reset	aa514361	-
IReplObjHandler::SetPacket	aa514363	-
IReplObjHandler::Setup	aa514365	-
IReplStore::ActivateDialog	aa514367	-
IReplStore::BytesToObject	aa514370	-
IReplStore::CompareItem	aa514372	-
IReplStore::CompareStoreIDs	aa514374	-
IReplStore::CopyObject	aa514376	-
IReplStore::FindFirstItem	aa514378	-
IReplStore::FindItemClose	aa514380	-
IReplStore::FindNextItem	aa514381	-
IReplStore::FreeObject	aa514384	-
IReplStore::GetConflictInfo	aa514386	-
IReplStore::GetFolderInfo	aa514388	-
IReplStore::GetObjTypeUIData	aa514389	-
IReplStore::GetStoreInfo	aa514391	-
IReplStore::Initialize	aa514393	-
IReplStore::IsFolderChanged	aa514395	-
IReplStore::IsItemChanged	aa514396	-
IReplStore::IsItemReplicated	aa514398	-
IReplStore::IsValidObject	aa514400	-
IReplStore::ObjectToBytes	aa514403	-
IReplStore::RemoveDuplicates	aa514406	-
IReplStore::ReportStatus	aa514407	-
IReplStore::UpdateItem	aa514409	-
IRootStorage	ms884585	-
IRootStorage::SwitchToFile	ms884586	-
IRunnableObject	ms884591	-
IRunnableObject::GetRunningClass	ms884589	-
IRunnableObject::IsRunning	ms884590	-
IRunnableObject::LockRunning	ms884593	-
IRunnableObject::Run	ms884594	-
IRunnableObject::SetContainedObject	ms884595	-
IRunningObjectTable	ms884601	-
IRunningObjectTable::EnumRunning	ms884596	-
IRunningObjectTable::GetObject	ms884597	-
IRunningObjectTable::GetTimeOfLastChange	ms884598	-
IRunningObjectTable::IsRunning	ms884600	-
IRunningObjectTable::NoteChangeTime	ms884602	-
IRunningObjectTable::Register	ms884603	-
IRunningObjectTable::Revoke	ms884604	-
ISAPI Extension Functions	aa450095	-
ISAPI Extensions	aa450096	-
ISAPI Extensions, Filters, and Script Mapping	aa450097	-
ISAPI Filter Functions	aa450098	-
ISAPI Filters	aa450099	-
ISAPI Filters and HTTP Headers	aa450100	-
ISAPI Script Mapping	aa450101	-
ISAXAttributes	ms884618	-
ISAXAttributes::getIndexFromName Method	ms884605	-
ISAXAttributes::getIndexFromQName Method	ms884606	-
ISAXAttributes::getLength Method	ms884607	-
ISAXAttributes::getLocalName Method	ms884608	-
ISAXAttributes::getName Method	ms884609	-
ISAXAttributes::getQName Method	ms884610	-
ISAXAttributes::getType Method	ms884613	-
ISAXAttributes::getTypeFromName Method	ms884611	-
ISAXAttributes::getTypeFromQName Method	ms884612	-
ISAXAttributes::getURI Method	ms884614	-
ISAXAttributes::getValue Method	ms884617	-
ISAXAttributes::getValueFromName Method	ms884615	-
ISAXAttributes::getValueFromQName Method	ms884616	-
ISAXContentHandler	ms885246	-
ISAXContentHandler::characters Method	ms884619	-
ISAXContentHandler::endDocument Method	ms885122	-
ISAXContentHandler::endElement Method	ms885225	-
ISAXContentHandler::endPrefixMapping Method	ms885233	-
ISAXContentHandler::ignorableWhitespace Method	ms885241	-
ISAXContentHandler::processingInstruction Method	ms885252	-
ISAXContentHandler::putDocumentLocator Method	ms885259	-
ISAXContentHandler::skippedEntity Method	ms885268	-
ISAXContentHandler::startDocument Method	ms885277	-
ISAXContentHandler::startElement Method	ms885287	-
ISAXContentHandler::startPrefixMapping Method	ms885291	-
ISAXDTDHandler	ms885321	-
ISAXDTDHandler::notationDecl Method	ms885329	-
ISAXDTDHandler::unparsedEntityDecl Method	ms885338	-
ISAXDeclHandler	ms885316	-
ISAXDeclHandler::attributeDecl Method	ms885297	-
ISAXDeclHandler::elementDecl Method	ms885302	-
ISAXDeclHandler::externalEntityDecl Method	ms885304	-
ISAXDeclHandler::internalEntityDecl Method	ms885310	-
ISAXEntityResolver	ms885345	-
ISAXEntityResolver::resolveEntity Method	ms885348	-
ISAXErrorHandler	ms885380	-
ISAXErrorHandler::error Method	ms885356	-
ISAXErrorHandler::fatalError Method	ms885365	-
ISAXErrorHandler::ignorableWarning Method	ms885371	-
ISAXLexicalHandler	ms885417	-
ISAXLexicalHandler::comment Method	ms885384	-
ISAXLexicalHandler::endCDATA Method	ms885393	-
ISAXLexicalHandler::endDTD Method	ms885400	-
ISAXLexicalHandler::endEntity Method	ms885408	-
ISAXLexicalHandler::startCDATA Method	ms885428	-
ISAXLexicalHandler::startDTD Method	ms885437	-
ISAXLexicalHandler::startEntity Method	ms885446	-
ISAXLocator	ms885485	-
ISAXLocator::getColumnNumber Method	ms885459	-
ISAXLocator::getLineNumber Method	ms885463	-
ISAXLocator::getPublicId Method	ms885470	-
ISAXLocator::getSystemId Method	ms885479	-
ISAXXMLFilter	ms885500	-
ISAXXMLFilter::getParent Method	ms885492	-
ISAXXMLFilter::putParent Method	ms885506	-
ISAXXMLReader	ms885880	-
ISAXXMLReader::getBaseURL Method	ms885514	-
ISAXXMLReader::getContentHandler Method	ms885592	-
ISAXXMLReader::getDTDHandler Method	ms885696	-
ISAXXMLReader::getEntityResolver Method	ms885764	-
ISAXXMLReader::getErrorHandler Method	ms885832	-
ISAXXMLReader::getFeature Method	ms885845	-
ISAXXMLReader::getProperty Method	ms885855	-
ISAXXMLReader::getSecureBaseURL Method	ms885868	-
ISAXXMLReader::parse Method	ms885896	-
ISAXXMLReader::parseURL Method	ms885909	-
ISAXXMLReader::putBaseURL Method	ms885922	-
ISAXXMLReader::putContentHandler Method	ms885928	-
ISAXXMLReader::putDTDHandler Method	ms885941	-
ISAXXMLReader::putEntityResolver Method	ms885950	-
ISAXXMLReader::putErrorHandler Method	ms885961	-
ISAXXMLReader::putFeature Method	ms885972	-
ISAXXMLReader::putProperty Method	ms885985	-
ISAXXMLReader::putSecureBaseURL Method	ms886006	-
ISdpNodeContainer	aa450551	-
ISdpNodeContainer::AppendNode	aa450534	ms863364
ISdpNodeContainer::CreateFromStream	aa450536	ms863365
ISdpNodeContainer::CreateStream	aa450539	ms863366
ISdpNodeContainer::GetNode	aa450540	ms863367
ISdpNodeContainer::GetNodeCount	aa450543	ms863368
ISdpNodeContainer::GetNodeStringData	aa450545	ms863369
ISdpNodeContainer::GetStreamSize	aa450547	ms863370
ISdpNodeContainer::GetType	aa450549	ms863371
ISdpNodeContainer::LockContainer	aa450553	ms863373
ISdpNodeContainer::SetNode	aa450556	ms863374
ISdpNodeContainer::SetType	aa450557	ms863375
ISdpNodeContainer::Walk	aa450560	ms863376
ISdpNodeContainer::WriteStream	aa450562	ms863377
ISdpRecord	aa450590	-
ISdpRecord::CreateFromStream	aa450579	ms863378
ISdpRecord::GetAttribute	aa450582	ms863379
ISdpRecord::GetAttributeAsStream	aa450583	ms863380
ISdpRecord::GetAttributeList	aa450586	ms863381
ISdpRecord::GetServiceClass	aa450588	ms863382
ISdpRecord::SetAttribute	aa450591	ms863384
ISdpRecord::SetAttributeFromStream	aa450593	ms863385
ISdpRecord::Walk	aa450595	ms863386
ISdpRecord::WriteToStream	aa450597	ms863387
ISdpStream	aa450601	-
ISdpStream::ByteSwap*	aa450599	ms863388
ISdpStream::NormalizeUuid	aa450603	ms863390
ISdpStream::Retrieve*	aa450605	ms863391
ISdpStream::RetrieveElementInfo	aa450607	ms863393
ISdpStream::RetrieveRecords	aa450609	ms863392
ISdpStream::Validate	aa450611	ms863394
ISdpStream::VerifySequenceOf	aa450613	ms863395
ISdpStream::Walk	aa450615	ms863396
ISdpWalk	aa450617	-
ISdpWalk::WalkNode	aa450619	ms863398
ISdpWalk::WalkStream	aa450622	ms863399
ISeekingPassThru Interface	ms931811	-
ISeekingPassThru::Init	ms931810	-
ISequentialStream	ms886027	-
ISequentialStream::Read	ms886039	-
ISequentialStream::Write	ms886049	-
IServerSecurity	ms886074	-
IServerSecurity::ImpersonateClient	ms886057	-
IServerSecurity::IsImpersonating	ms886067	-
IServerSecurity::QueryBlanket	ms886085	-
IServerSecurity::RevertToSelf	ms886097	-
IShellFolder	ms909867	-
IShellFolder::BindToObject	ms909868	-
IShellFolder::CompareIDs	ms909869	-
IShellFolder::CreateViewObject	ms909870	-
IShellFolder::EnumObjects	ms909871	-
IShellFolder::GetAttributesOf	ms909872	-
IShellFolder::GetDisplayNameOf	ms909873	-
IShellFolder::GetUIObjectOf	ms909874	-
IShellFolder::ParseDisplayName	ms909875	-
IShellFolder::SetNameOf	ms909876	-
IShellNotificationCallback	ms909877	-
IShellNotificationCallback::OnCommandSelected	ms909878	-
IShellNotificationCallback::OnDismiss	ms909879	-
IShellNotificationCallback::OnLinkSelected	ms909880	-
IShellView	ms909881	-
IShellView::AddPropertySheetPages	ms909882	-
IShellView::CreateViewWindow	ms909883	-
IShellView::DestroyViewWindow	ms909884	-
IShellView::EnableModeless	ms909885	-
IShellView::GetCurrentInfo	ms909886	-
IShellView::GetItemObject	ms909887	-
IShellView::Refresh	ms909889	-
IShellView::SaveViewState	ms909890	-
IShellView::SelectItem	ms909891	-
IShellView::TranslateAccelerator	ms909892	-
IShellView::UIActivate	ms909893	-
ISpAudio	ms886210	-
ISpAudio::EventHandle	ms886219	-
ISpAudio::GetBufferInfo	ms886228	-
ISpAudio::GetBufferNotifySize	ms886240	-
ISpAudio::GetDefaultFormat	ms886253	-
ISpAudio::GetStatus	ms886263	-
ISpAudio::SetBufferInfo	ms886272	-
ISpAudio::SetBufferNotifySize	ms886286	-
ISpAudio::SetFormat	ms886294	-
ISpAudio::SetState	ms886301	-
ISpCFGInterpreter	ms886308	-
ISpCFGInterpreter::InitGrammar	ms886319	-
ISpCFGInterpreter::Interpret	ms886330	-
ISpCFGInterpreterSite	ms886341	-
ISpCFGInterpreterSite::AddProperty	ms886356	-
ISpCFGInterpreterSite::AddTextReplacement	ms886366	-
ISpCFGInterpreterSite::GetResourceValue	ms886462	-
ISpContainerLexicon	ms886478	-
ISpContainerLexicon::AddLexicon	ms886487	-
ISpDataKey	ms886493	-
ISpDataKey::CreateKey	ms886494	-
ISpDataKey::DeleteKey	ms886502	-
ISpDataKey::DeleteValue	ms886614	-
ISpDataKey::EnumKeys	ms886824	-
ISpDataKey::EnumValues	ms886831	-
ISpDataKey::GetDWORD	ms886833	-
ISpDataKey::GetData	ms886832	-
ISpDataKey::GetStringValue	ms886834	-
ISpDataKey::OpenKey	ms886835	-
ISpDataKey::SetDWORD	ms886837	-
ISpDataKey::SetData	ms886836	-
ISpDataKey::SetStringValue	ms886838	-
ISpErrorLog	ms886839	-
ISpErrorLog::AddError	ms886840	-
ISpEventSink	ms886841	-
ISpEventSink::AddEvents	ms886842	-
ISpEventSink::GetEventInterest	ms886843	-
ISpEventSource	ms886844	-
ISpEventSource::GetEvents	ms886845	-
ISpEventSource::GetInfo	ms886846	-
ISpEventSource::SetInterest	ms886847	-
ISpGramCompBackend	ms886848	-
ISpGramCompBackend::InitFromBinaryGrammar	ms886849	-
ISpGramCompBackend::SetSaveObjects	ms886850	-
ISpGrammarBuilder	ms886851	-
ISpGrammarBuilder::AddResource	ms886852	-
ISpGrammarBuilder::AddRuleTransition	ms886853	-
ISpGrammarBuilder::AddWordTransition	ms886854	-
ISpGrammarBuilder::ClearRule	ms886855	-
ISpGrammarBuilder::Commit	ms886856	-
ISpGrammarBuilder::CreateNewState	ms886857	-
ISpGrammarBuilder::GetRule	ms886858	-
ISpGrammarBuilder::ResetGrammar	ms886859	-
ISpGrammarCompiler	ms886860	-
ISpGrammarCompiler::CompileStream	ms886861	-
ISpITNProcessor	ms886862	-
ISpITNProcessor::ITNPhrase	ms886863	-
ISpITNProcessor::LoadITNGrammar	ms886864	-
ISpLexicon	ms886865	-
ISpLexicon::AddPronunciation	ms886866	-
ISpLexicon::GetGeneration	ms886867	-
ISpLexicon::GetGenerationChange	ms886868	-
ISpLexicon::GetPronunciations	ms886869	-
ISpLexicon::GetWords	ms886870	-
ISpLexicon::RemovePronunciation	ms886871	-
ISpMMSysAudio	ms886872	-
ISpMMSysAudio::GetDeviceId	ms886873	-
ISpMMSysAudio::GetLineId	ms886874	-
ISpMMSysAudio::GetMMHandle	ms886875	-
ISpMMSysAudio::Read	ms886876	-
ISpMMSysAudio::SetDeviceId	ms886877	-
ISpMMSysAudio::SetLineId	ms886878	-
ISpMMSysAudio::Write	ms886879	-
ISpNotifyCallback	ms886880	-
ISpNotifyCallback::NotifyCallback	ms886881	-
ISpNotifySink	ms886882	-
ISpNotifySink::Notify	ms886883	-
ISpNotifySource	ms886884	-
ISpNotifySource::GetNotifyEventHandle	ms886885	-
ISpNotifySource::SetNotifyCallbackFunction	ms886886	-
ISpNotifySource::SetNotifyCallbackInterface	ms886887	-
ISpNotifySource::SetNotifySink	ms886889	-
ISpNotifySource::SetNotifyWin32Event	ms886890	-
ISpNotifySource::SetNotifyWindowMessage	ms886891	-
ISpNotifySource::WaitForNotifyEvent	ms886892	-
ISpNotifyTranslator	ms886893	-
ISpNotifyTranslator::GetEventHandle	ms886894	-
ISpNotifyTranslator::InitCallback	ms886895	-
ISpNotifyTranslator::InitSpNotifyCallback	ms886896	-
ISpNotifyTranslator::InitWin32Event	ms886897	-
ISpNotifyTranslator::InitWindowMessage	ms886898	-
ISpNotifyTranslator::Wait	ms886899	-
ISpObjectToken	ms886900	-
ISpObjectToken::CreateInstance	ms886908	-
ISpObjectToken::DisplayUI	ms886909	-
ISpObjectToken::GetCategory	ms886916	-
ISpObjectToken::GetId	ms886917	-
ISpObjectToken::GetStorageFileName	ms886918	-
ISpObjectToken::IsUISupported	ms886921	-
ISpObjectToken::MatchesAttributes	ms886922	-
ISpObjectToken::Remove	ms886923	-
ISpObjectToken::RemoveStorageFileName	ms886924	-
ISpObjectToken::SetId	ms886925	-
ISpObjectTokenCategory	ms886901	-
ISpObjectTokenCategory::EnumTokens	ms886902	-
ISpObjectTokenCategory::GetDataKey	ms886903	-
ISpObjectTokenCategory::GetDefaultTokenId	ms886904	-
ISpObjectTokenCategory::GetId	ms886905	-
ISpObjectTokenCategory::SetDefaultTokenId	ms886906	-
ISpObjectTokenCategory::SetId	ms886907	-
ISpObjectTokenEnumBuilder	ms886910	-
ISpObjectTokenEnumBuilder::AddTokens	ms886911	-
ISpObjectTokenEnumBuilder::AddTokensFromDataKey	ms886912	-
ISpObjectTokenEnumBuilder::AddTokensFromTokenEnum	ms886913	-
ISpObjectTokenEnumBuilder::SetAttribs	ms886914	-
ISpObjectTokenEnumBuilder::Sort	ms886915	-
ISpObjectTokenInit	ms886919	-
ISpObjectTokenInit::InitFromDataKey	ms886920	-
ISpObjectWithToken	ms886926	-
ISpObjectWithToken::GetObjectToken	ms886927	-
ISpObjectWithToken::SetObjectToken	ms886928	-
ISpPhoneConverter	aa517021	-
ISpPhoneConverter::IdToPhone	aa517023	-
ISpPhoneConverter::PhoneToId	aa517156	-
ISpPhrase	aa517159	-
ISpPhrase::Discard	aa517183	-
ISpPhrase::GetPhrase	aa517184	-
ISpPhrase::GetSerializedPhrase	aa517185	-
ISpPhrase::GetText	aa517187	-
ISpPhraseAlt	aa517162	-
ISpPhraseAlt::Commit	aa517165	-
ISpPhraseAlt::GetAltInfo	aa517166	-
ISpPhraseBuilder	aa517169	-
ISpPhraseBuilder::AddElements	aa517171	-
ISpPhraseBuilder::AddProperties	aa517173	-
ISpPhraseBuilder::AddReplacements	aa517176	-
ISpPhraseBuilder::AddRules	aa517178	-
ISpPhraseBuilder::InitFromPhrase	aa517179	-
ISpPhraseBuilder::InitFromSerializedPhrase	aa517181	-
ISpRecoContext	aa517188	-
ISpRecoContext::Bookmark	aa517190	-
ISpRecoContext::CreateGrammar	aa517191	-
ISpRecoContext::DeserializeResult	aa517192	-
ISpRecoContext::GetAudioOptions	aa517193	-
ISpRecoContext::GetContextState	aa517195	-
ISpRecoContext::GetMaxAlternates	aa517196	-
ISpRecoContext::GetRecognizer	aa517199	-
ISpRecoContext::GetStatus	aa517200	-
ISpRecoContext::GetVoice	aa517201	-
ISpRecoContext::GetVoicePurgeEvent	aa517202	-
ISpRecoContext::Pause	aa517203	-
ISpRecoContext::Resume	aa517205	-
ISpRecoContext::SetAdaptationData	aa517206	-
ISpRecoContext::SetAudioOptions	aa517209	-
ISpRecoContext::SetContextState	aa517211	-
ISpRecoContext::SetMaxAlternates	aa517212	-
ISpRecoContext::SetVoice	aa517214	-
ISpRecoContext::SetVoicePurgeEvent	aa517215	-
ISpRecoGrammar	aa517249	-
ISpRecoGrammar::GetGrammarId	aa517252	-
ISpRecoGrammar::GetGrammarState	aa517255	-
ISpRecoGrammar::GetRecoContext	aa517257	-
ISpRecoGrammar::IsPronounceable	aa517260	-
ISpRecoGrammar::LoadCmdFromFile	aa517261	-
ISpRecoGrammar::LoadCmdFromMemory	aa517263	-
ISpRecoGrammar::LoadCmdFromProprietaryGrammar	aa517265	-
ISpRecoGrammar::LoadCmdFromResource	aa517267	-
ISpRecoGrammar::LoadDictation	aa517269	-
ISpRecoGrammar::SaveCmd	aa517271	-
ISpRecoGrammar::SetDictationState	aa517273	-
ISpRecoGrammar::SetGrammarState	aa517276	-
ISpRecoGrammar::SetRuleIdState	aa517277	-
ISpRecoGrammar::SetRuleState	aa517279	-
ISpRecoGrammar::SetTextSelection	aa517281	-
ISpRecoGrammar::SetWordSequenceData	aa517284	-
ISpRecoGrammar::UnloadDictation	aa517286	-
ISpRecoResult	aa517287	-
ISpRecoResult::GetAlternates	aa517290	-
ISpRecoResult::GetAudio	aa517291	-
ISpRecoResult::GetRecoContext	aa517293	-
ISpRecoResult::GetResultTimes	aa517294	-
ISpRecoResult::ScaleAudio	aa517296	-
ISpRecoResult::Serialize	aa517299	-
ISpRecoResult::SpeakAudio	aa517301	-
ISpRecognizer	aa517217	-
ISpRecognizer::CreateRecoContext	aa517219	-
ISpRecognizer::DisplayUI	aa517221	-
ISpRecognizer::EmulateRecognition	aa517224	-
ISpRecognizer::GetFormat	aa517226	-
ISpRecognizer::GetInputObjectToken	aa517228	-
ISpRecognizer::GetInputStream	aa517230	-
ISpRecognizer::GetRecoProfile	aa517233	-
ISpRecognizer::GetRecoState	aa517234	-
ISpRecognizer::GetRecognizer	aa517231	-
ISpRecognizer::GetStatus	aa517238	-
ISpRecognizer::IsSharedInstance	aa517240	-
ISpRecognizer::IsUISupported	aa517241	-
ISpRecognizer::SetInput	aa517243	-
ISpRecognizer::SetRecoProfile	aa517247	-
ISpRecognizer::SetRecoState	aa517248	-
ISpRecognizer::SetRecognizer	aa517245	-
ISpRegDataKey	aa517303	-
ISpRegDataKey::SetKey	aa517304	-
ISpResourceManager	aa517306	-
ISpResourceManager::GetObject	aa517308	-
ISpResourceManager::SetObject	aa517310	-
ISpSRAlternates	aa517312	-
ISpSRAlternates::Commit	aa517314	-
ISpSRAlternates::GetAlternates	aa517315	-
ISpSREngine	aa517317	-
ISpSREngine::GetInputAudioFormat	aa517319	-
ISpSREngine::GetPropertyNum	aa517320	-
ISpSREngine::GetPropertyString	aa517322	-
ISpSREngine::IsPronounceable	aa517323	-
ISpSREngine::LoadProprietaryGrammar	aa517324	-
ISpSREngine::LoadSLM	aa517325	-
ISpSREngine::OnCreateGrammar	aa517326	-
ISpSREngine::OnCreateRecoContext	aa517327	-
ISpSREngine::OnDeleteGrammar	aa517328	-
ISpSREngine::OnDeleteRecoContext	aa517329	-
ISpSREngine::PrivateCall	aa517330	-
ISpSREngine::PrivateCallEx	ms887490	-
ISpSREngine::RecognizeStream	ms887546	-
ISpSREngine::RuleNotify	ms887553	-
ISpSREngine::SetAdaptationData	ms887556	-
ISpSREngine::SetContextState	ms887564	-
ISpSREngine::SetGrammarState	ms887567	-
ISpSREngine::SetPropertyNum	ms887573	-
ISpSREngine::SetPropertyString	ms887576	-
ISpSREngine::SetProprietaryRuleIdState	ms887580	-
ISpSREngine::SetProprietaryRuleState	ms887584	-
ISpSREngine::SetRecoProfile	ms887589	-
ISpSREngine::SetSLMState	ms887603	-
ISpSREngine::SetSite	ms887595	-
ISpSREngine::SetTextSelection	ms887608	-
ISpSREngine::SetWordSequenceData	ms887616	-
ISpSREngine::UnloadProprietaryGrammar	ms889616	-
ISpSREngine::UnloadSLM	ms889623	-
ISpSREngine::WordNotify	ms889630	-
ISpSREngineSite	ms887714	-
ISpSREngineSite::AddEvent	ms887828	-
ISpSREngineSite::DataAvailable	ms887927	-
ISpSREngineSite::GetContextMaxAlternates	ms887940	-
ISpSREngineSite::GetMaxAlternates	ms887951	-
ISpSREngineSite::GetResource	ms887966	-
ISpSREngineSite::GetRuleInfo	ms887975	-
ISpSREngineSite::GetStateInfo	ms887988	-
ISpSREngineSite::GetTransitionProperty	ms887998	-
ISpSREngineSite::GetWordInfo	ms889010	-
ISpSREngineSite::IsAlternate	ms889018	-
ISpSREngineSite::ParseFromTransitions	ms889025	-
ISpSREngineSite::Read	ms889032	-
ISpSREngineSite::Recognition	ms889126	-
ISpSREngineSite::SetBufferNotifySize	ms889208	-
ISpSREngineSite::SetRuleClientContext	ms889303	-
ISpSREngineSite::SetWordClientContext	ms889491	-
ISpSREngineSite::Synchronize	ms889601	-
ISpSREngineSite::UpdateRecoPos	ms889609	-
ISpStream	ms889635	-
ISpStream::BindToFile	ms889643	-
ISpStream::Close	ms889649	-
ISpStream::GetBaseStream	ms890204	-
ISpStream::SetBaseStream	ms890231	-
ISpStreamFormat	ms889659	-
ISpStreamFormat::GetFormat	ms890094	-
ISpStreamFormatConverter	ms889668	-
ISpStreamFormatConverter::GetBaseStream	ms889680	-
ISpStreamFormatConverter::ResetSeekPosition	ms889690	-
ISpStreamFormatConverter::ScaleBaseToConvertedOffset	ms889698	-
ISpStreamFormatConverter::ScaleConvertedToBaseOffset	ms889785	-
ISpStreamFormatConverter::SetBaseStream	ms889876	-
ISpStreamFormatConverter::SetFormat	ms889967	-
ISpTTSEngine	ms890273	-
ISpTTSEngine::GetOutputFormat	ms890274	-
ISpTTSEngine::Speak	ms890282	-
ISpTTSEngineSite	ms890275	-
ISpTTSEngineSite::CompleteSkip	ms890276	-
ISpTTSEngineSite::GetActions	ms890277	-
ISpTTSEngineSite::GetRate	ms890278	-
ISpTTSEngineSite::GetSkipInfo	ms890279	-
ISpTTSEngineSite::GetVolume	ms890280	-
ISpTTSEngineSite::Write	ms890281	-
ISpTask	ms890237	-
ISpTask::Execute	ms890241	-
ISpTaskManager	ms890242	-
ISpTaskManager::CreateReoccurringTask	ms890243	-
ISpTaskManager::CreateThreadControl	ms890244	-
ISpTaskManager::GetThreadPoolInfo	ms890245	-
ISpTaskManager::QueueTask	ms890246	-
ISpTaskManager::SetThreadPoolInfo	ms890248	-
ISpTaskManager::TerminateTask	ms890249	-
ISpTaskManager::TerminateTaskGroup	ms890250	-
ISpThreadControl	ms890251	-
ISpThreadControl::ExitThreadEvent	ms890252	-
ISpThreadControl::NotifyEvent	ms890255	-
ISpThreadControl::StartThread	ms890256	-
ISpThreadControl::TerminateThread	ms890257	-
ISpThreadControl::ThreadCompleteEvent	ms890258	-
ISpThreadControl::ThreadHandle	ms890259	-
ISpThreadControl::ThreadId	ms890260	-
ISpThreadControl::WaitForThreadDone	ms890261	-
ISpThreadControl::WindowHandle	ms890262	-
ISpThreadTask	ms890263	-
ISpThreadTask::InitThread	ms890264	-
ISpThreadTask::ThreadProc	ms890265	-
ISpThreadTask::WindowMessage	ms890266	-
ISpTokenUI	ms890267	-
ISpTokenUI::DisplayUI	ms890268	-
ISpTokenUI::IsUISupported	ms890269	-
ISpTranscript	ms890270	-
ISpTranscript::AppendTranscript	ms890271	-
ISpTranscript::GetTranscript	ms890272	-
ISpVoice	ms890283	-
ISpVoice::DisplayUI	ms890284	-
ISpVoice::GetAlertBoundary	ms890285	-
ISpVoice::GetOutputObjectToken	ms890286	-
ISpVoice::GetOutputStream	ms890288	-
ISpVoice::GetPriority	ms890289	-
ISpVoice::GetRate	ms890290	-
ISpVoice::GetStatus	ms890291	-
ISpVoice::GetSyncSpeakTimeout	ms890292	-
ISpVoice::GetVoice	ms890352	-
ISpVoice::GetVolume	ms890414	-
ISpVoice::IsUISupported	ms890423	-
ISpVoice::Pause	ms890442	-
ISpVoice::Resume	ms890452	-
ISpVoice::SetAlertBoundary	ms890460	-
ISpVoice::SetOutput	ms890466	-
ISpVoice::SetPriority	ms890472	-
ISpVoice::SetRate	ms890479	-
ISpVoice::SetSyncSpeakTimeout	ms890487	-
ISpVoice::SetVoice	ms890497	-
ISpVoice::SetVolume	ms890504	-
ISpVoice::Skip	ms890513	-
ISpVoice::Speak	ms890519	-
ISpVoice::SpeakCompleteEvent	ms890525	-
ISpVoice::SpeakStream	ms890536	-
ISpVoice::WaitUntilDone	ms890540	-
IStdMarshalInfo	ms890553	-
IStdMarshalInfo::GetClassForHandler	ms890547	-
IStorage	ms890600	-
IStorage::Commit	ms890561	-
IStorage::CopyTo	ms890565	-
IStorage::CreateStorage	ms890573	-
IStorage::CreateStream	ms890579	-
IStorage::DestroyElement	ms890584	-
IStorage::EnumElements	ms890596	-
IStorage::MoveElementTo	ms890609	-
IStorage::OpenStorage	ms890617	-
IStorage::OpenStream	ms890624	-
IStorage::RenameElement	ms890628	-
IStorage::Revert	ms890635	-
IStorage::SetClass	ms890641	-
IStorage::SetElementTimes	ms890645	-
IStorage::SetStateBits	ms890655	-
IStorage::Stat	ms890663	-
IStream	ms890686	-
IStream::Clone	ms890670	-
IStream::Commit	ms890676	-
IStream::CopyTo	ms890680	-
IStream::LockRegion	ms890689	-
IStream::Read	ms890697	-
IStream::Revert	ms890706	-
IStream::Seek	ms890715	-
IStream::SetSize	ms890722	-
IStream::Stat	ms890729	-
IStream::UnlockRegion	ms890740	-
IStream::Write	ms890746	-
IStreamBufferCapture Interface	aa452554	-
IStreamBufferCapture::BeginPermanentRecording	aa452547	-
IStreamBufferCapture::BeginTemporaryRecording	aa452548	-
IStreamBufferCapture::ConvertToTemporaryRecording	aa452549	-
IStreamBufferCapture::GetBoundToLiveToken	aa452550	-
IStreamBufferCapture::GetCaptureMode	aa452551	-
IStreamBufferCapture::GetCurrentPosition	aa452552	-
IStreamBufferCapture::GetRecordingPath	aa452553	-
IStreamBufferCapture::SetRecordingPath	aa452556	-
IStreamBufferPlayback Interface	aa452558	-
IStreamBufferPlayback::GetTunePolicy	aa452557	-
IStreamBufferPlayback::NotifyGraphIsConnected	aa452559	-
IStreamBufferPlayback::SetTunePolicy	aa452560	-
IStreamSample Interface	ms931816	-
IStreamSample::CompletionStatus	ms931813	-
IStreamSample::GetMediaStream	ms931814	-
IStreamSample::GetSampleTimes	ms931815	-
IStreamSample::SetSampleTimes	ms931817	-
IStreamSample::Update	ms931818	-
ISupportErrorInfo	ms890750	-
ISupportErrorInfo::InterfaceSupportsErrorInfo	ms890756	-
ISurrogate	ms890769	-
ISurrogate::FreeSurrogate	ms890764	-
ISurrogate::LoadDllServer	ms890776	-
ITEMIDLIST	aa453244	-
ITask	ms890834	-
ITask Properties	ms890839	-
ITask::ClearRecurrencePattern	ms890811	-
ITask::Copy	ms890817	-
ITask::Delete	ms890821	-
ITask::GetRecurrencePattern	ms890827	-
ITask::Save	ms890846	-
ITask::SkipRecurrence	ms890851	-
ITaskbarList	aa453236	-
ITaskbarList2	aa453237	-
ITaskbarList2::MarkFullscreenWindow	aa453238	-
ITaskbarList::ActivateTab	aa453239	-
ITaskbarList::AddTab	aa453240	-
ITaskbarList::DeleteTab	aa453241	-
ITaskbarList::HrInit	aa453242	-
ITaskbarList::SetActiveAlt	aa453243	-
ITimeZone	ms890875	-
ITimeZone Properties	ms890879	-
ITypeComp	ms890884	-
ITypeComp::Bind	ms890890	-
ITypeComp::BindType	ms890896	-
ITypeInfo	ms890907	-
ITypeInfo2	ms890915	-
ITypeInfo2::GetAllCustData	ms890921	-
ITypeInfo2::GetAllFuncCustData	ms890930	ms890300
ITypeInfo2::GetAllImplTypeCustData	ms890936	ms890409
ITypeInfo2::GetAllParamCustData	ms890945	ms890417
ITypeInfo2::GetAllVarCustData	ms890954	ms890424
ITypeInfo2::GetCustData	ms890962	ms890431
ITypeInfo2::GetDocumentation2	ms890971	ms890439
ITypeInfo2::GetFuncCustData	ms890980	ms890446
ITypeInfo2::GetFuncIndexOfMemId	ms890986	ms890451
ITypeInfo2::GetImplTypeCustData	ms890994	ms890455
ITypeInfo2::GetParamCustData	ms891006	ms890459
ITypeInfo2::GetTypeFlags	ms891010	ms890464
ITypeInfo2::GetTypeKind	ms891019	ms890468
ITypeInfo2::GetVarCustData	ms891027	ms890473
ITypeInfo2::GetVarIndexOfMemId	ms891032	ms890476
ITypeInfo::AddressOfMember	ms891040	ms890484
ITypeInfo::CreateInstance	ms891048	ms890488
ITypeInfo::GetContainingTypeLib	ms891056	ms890493
ITypeInfo::GetDllEntry	ms891065	ms890496
ITypeInfo::GetDocumentation	ms891070	ms890501
ITypeInfo::GetFuncDesc	ms891080	ms890506
ITypeInfo::GetIDsOfNames	ms891088	ms890510
ITypeInfo::GetImplTypeFlags	ms891098	ms890517
ITypeInfo::GetMops	ms891106	ms890520
ITypeInfo::GetNames	ms891123	ms890524
ITypeInfo::GetRefTypeInfo	ms891131	ms890529
ITypeInfo::GetRefTypeOfImplType	ms891140	ms890533
ITypeInfo::GetTypeAttr	ms891249	ms890537
ITypeInfo::GetTypeComp	ms891334	ms890541
ITypeInfo::GetVarDesc	ms891338	ms890548
ITypeInfo::Invoke	ms891343	ms890551
ITypeInfo::ReleaseFuncDesc	ms891345	ms890564
ITypeInfo::ReleaseTypeAttr	ms891352	ms890570
ITypeInfo::ReleaseVarDesc	ms891356	ms890575
ITypeLib	ms891361	-
ITypeLib2	ms891483	-
ITypeLib2::GetAllCustData	ms891365	ms890578
ITypeLib2::GetCustData	ms891369	ms890582
ITypeLib2::GetDocumentation2	ms891374	ms890587
ITypeLib2::GetLibStatistics	ms891478	ms890591
ITypeLib::FindName	ms891489	ms890598
ITypeLib::GetDocumentation	ms891492	ms890602
ITypeLib::GetLibAttr	ms891497	ms890605
ITypeLib::GetTypeComp	ms891502	ms890610
ITypeLib::GetTypeInfo	ms891508	ms890614
ITypeLib::GetTypeInfoCount	ms891513	ms890620
ITypeLib::GetTypeInfoOfGuid	ms891517	ms890629
ITypeLib::GetTypeInfoType	ms891521	ms890632
ITypeLib::IsName	ms891529	ms890638
ITypeLib::ReleaseTLibAttr	ms891535	ms890649
IUPnPDescriptionDocument	aa450637	-
IUPnPDescriptionDocument::Abort	aa450629	ms928379
IUPnPDescriptionDocument::DeviceByUDN	aa450635	ms928411
IUPnPDescriptionDocument::Load	aa450639	ms928419
IUPnPDescriptionDocument::LoadAsync	aa450641	ms928425
IUPnPDescriptionDocument::LoadResult	aa450643	ms928436
IUPnPDescriptionDocument::ReadyState	aa450645	ms928442
IUPnPDescriptionDocument::RootDevice	aa450647	ms928450
IUPnPDescriptionDocumentCallback	aa450631	-
IUPnPDescriptionDocumentCallback::LoadComplete	aa450633	ms928402
IUPnPDevice	aa450685	-
IUPnPDevice::Children	aa450649	ms928467
IUPnPDevice::Description	aa450657	ms928477
IUPnPDevice::FriendlyName	aa450682	ms908238
IUPnPDevice::HasChildren	aa450683	ms908248
IUPnPDevice::IconURL	aa450684	ms908255
IUPnPDevice::IsRootDevice	aa450686	ms908266
IUPnPDevice::ManufacturerName	aa450687	ms908281
IUPnPDevice::ManufacturerURL	aa450688	ms908289
IUPnPDevice::ModelName	aa450689	ms908301
IUPnPDevice::ModelNumber	aa450690	ms908310
IUPnPDevice::ModelURL	aa450691	ms908318
IUPnPDevice::ParentDevice	aa450692	ms908330
IUPnPDevice::PresentationURL	aa450693	ms908424
IUPnPDevice::RootDevice	aa450694	ms908515
IUPnPDevice::SerialNumber	aa450697	ms929040
IUPnPDevice::Services	aa450699	ms929041
IUPnPDevice::Type	aa450707	ms929044
IUPnPDevice::UPC	aa450711	ms929046
IUPnPDevice::UniqueDeviceName	aa450710	ms929045
IUPnPDeviceControl	aa450655	-
IUPnPDeviceControl::GetServiceObject	aa450651	-
IUPnPDeviceControl::Initialize	aa450653	-
IUPnPDeviceDocumentAccess	aa450661	-
IUPnPDeviceDocumentAccess::GetDocumentURL	aa450659	-
IUPnPDeviceFinder	aa450680	-
IUPnPDeviceFinder::CancelAsyncFind	aa450672	ms908039
IUPnPDeviceFinder::CreateAsyncFind	aa450674	ms928603
IUPnPDeviceFinder::FindByType	aa450676	ms928714
IUPnPDeviceFinder::FindByUDN	aa450678	ms928823
IUPnPDeviceFinder::StartAsyncFind	aa450681	ms908221
IUPnPDeviceFinderCallback	aa450668	-
IUPnPDeviceFinderCallback::DeviceAdded	aa450663	ms928511
IUPnPDeviceFinderCallback::DeviceRemoved	aa450665	ms907895
IUPnPDeviceFinderCallback::SearchComplete	aa450670	ms907968
IUPnPDevices	aa450701	-
IUPnPDevices::Count	aa450695	ms929035
IUPnPDevices::Item	aa450703	ms929042
IUPnPDevices::_NewEnum	aa450705	ms929043
IUPnPEventSink	aa450712	-
IUPnPEventSink::OnStateChanged	aa450713	-
IUPnPEventSink::OnStateChangedSafe	aa450714	-
IUPnPEventSource	aa450716	-
IUPnPEventSource::Advise	aa450715	-
IUPnPEventSource::Unadvise	aa450717	-
IUPnPRegistrar	aa450719	-
IUPnPRegistrar::GetUniqueDeviceName	aa450718	-
IUPnPRegistrar::RegisterDevice	aa450720	-
IUPnPRegistrar::RegisterRunningDevice	aa450721	-
IUPnPRegistrar::UnregisterDevice	aa450722	-
IUPnPReregistrar	aa450723	-
IUPnPReregistrar::ReregisterDevice	aa450724	-
IUPnPReregistrar::ReregisterRunningDevice	aa450725	-
IUPnPService	aa450731	-
IUPnPService::AddCallback	aa450726	ms929048
IUPnPService::Id	aa450730	ms929052
IUPnPService::InvokeAction	aa450732	ms929053
IUPnPService::LastTransportStatus	aa450733	ms929054
IUPnPService::QueryStateVariable	aa450734	ms929055
IUPnPService::ServiceTypeIdentifier	aa450736	ms929058
IUPnPServiceCallback	aa450727	-
IUPnPServiceCallback::ServiceInstanceDied	aa450728	ms929050
IUPnPServiceCallback::StateVariableChanged	aa450729	ms929051
IUPnPServices	aa450737	-
IUPnPServices::Count	aa450735	ms929057
IUPnPServices::Item	ms893062	ms929059
IUPnPServices::_NewEnum	ms893153	ms929060
IUnknown	ms891543	-
IUnknown Macro	ms931819	-
IUnknown::AddRef	ms891547	ms890658
IUnknown::QueryInterface	ms891550	ms890661
IUnknown::Release	ms891556	ms890669
IVPBaseConfig Interface	ms931998	-
IVPBaseConfig::GetConnectInfo	ms931992	-
IVPBaseConfig::GetMaxPixelRate	ms931993	-
IVPBaseConfig::GetOverlaySurface	ms931994	-
IVPBaseConfig::GetVPDataInfo	ms931996	-
IVPBaseConfig::GetVideoFormats	ms931995	-
IVPBaseConfig::InformVPInputFormats	ms931997	-
IVPBaseConfig::SetConnectInfo	ms932001	-
IVPBaseConfig::SetDDSurfaceKernelHandles	ms932002	-
IVPBaseConfig::SetDirectDrawKernelHandle	ms932003	-
IVPBaseConfig::SetInvertPolarity	ms932004	-
IVPBaseConfig::SetSurfaceParameters	ms932005	-
IVPBaseConfig::SetVideoFormat	ms932006	-
IVPBaseConfig::SetVideoPortID	ms932007	-
IVPBaseNotify Interface	ms932008	-
IVPBaseNotify::RenegotiateVPParameters	ms932009	-
IVPConfig Interface	ms932010	-
IVPConfig::IsVPDecimationAllowed	ms932011	-
IVPConfig::SetScalingFactors	ms932012	-
IVPNotify Interface	ms932015	-
IVPNotify::GetColorControls	ms932013	-
IVPNotify::GetDeinterlaceMode	ms932014	-
IVPNotify::SetColorControls	ms932016	-
IVPNotify::SetDeinterlaceMode	ms932017	-
IVariableContainer	ms893259	-
IVariableContainer::AddArray	ms893266	-
IVariableContainer::AddValue	ms893272	-
IVariableContainer::FindFirstArray	ms893275	-
IVariableContainer::FindFirstVar	ms893281	-
IVariableContainer::FindNextArray	ms893287	-
IVariableContainer::FindNextVar	ms893292	-
IVariableContainer::GetArray	ms893301	-
IVariableContainer::GetValue	ms893305	-
IVideoWIndow::put_Left	ms931981	-
IVideoWindow Interface	ms931969	-
IVideoWindow::GetMaxIdealImageSize	ms931827	-
IVideoWindow::GetMinIdealImageSize	ms931829	-
IVideoWindow::GetRestorePosition	ms931831	-
IVideoWindow::GetWindowPosition	ms912426	-
IVideoWindow::HideCursor	ms931968	-
IVideoWindow::IsCursorHidden	ms931970	-
IVideoWindow::NotifyOwnerMessage	ms931972	-
IVideoWindow::SetWindowForeground	ms931990	-
IVideoWindow::SetWindowPosition	ms931991	-
IVideoWindow::get_AutoShow	ms931820	-
IVideoWindow::get_BackgroundPalette	ms931821	-
IVideoWindow::get_BorderColor	ms931822	-
IVideoWindow::get_Caption	ms931823	-
IVideoWindow::get_FullScreenMode	ms931824	-
IVideoWindow::get_Height	ms931825	-
IVideoWindow::get_Left	ms931826	-
IVideoWindow::get_MessageDrain	ms931828	-
IVideoWindow::get_Owner	ms931830	-
IVideoWindow::get_Top	ms931832	-
IVideoWindow::get_Visible	ms931833	-
IVideoWindow::get_Width	ms931834	-
IVideoWindow::get_WindowState	ms912445	-
IVideoWindow::get_WindowStyle	ms912561	-
IVideoWindow::get_WindowStyleEx	ms931962	-
IVideoWindow::put_AutoShow	ms931974	-
IVideoWindow::put_BackgroundPalette	ms931975	-
IVideoWindow::put_BorderColor	ms931976	-
IVideoWindow::put_Caption	ms931977	-
IVideoWindow::put_FullScreenMode	ms931978	-
IVideoWindow::put_Height	ms931979	-
IVideoWindow::put_MessageDrain	ms931982	-
IVideoWindow::put_Owner	ms931983	-
IVideoWindow::put_Top	ms931984	-
IVideoWindow::put_Visible	ms931985	-
IVideoWindow::put_Width	ms931986	-
IVideoWindow::put_WindowState	ms931987	-
IVideoWindow::put_WindowStyle	ms931988	-
IVideoWindow::put_WindowStyleEx	ms931989	-
IViewObject	ms891701	-
IViewObject2	ms891563	-
IViewObject2::GetExtent	ms891559	ms890678
IViewObject::Draw	ms891568	ms890684
IViewObject::Freeze	ms891597	ms890714
IViewObject::GetAdvise	ms891602	ms890719
IViewObject::GetColorSet	ms891695	ms890726
IViewObject::SetAdvise	ms891709	ms890734
IViewObject::Unfreeze	ms891710	ms890737
IViewObjectEx	ms891586	-
IViewObjectEx::GetNaturalExtent	ms891573	ms890692
IViewObjectEx::GetRect	ms891577	ms890696
IViewObjectEx::GetViewStatus	ms891581	ms890701
IViewObjectEx::QueryHitPoint	ms891589	ms890707
IViewObjectEx::QueryHitRect	ms891594	ms890711
IVirtualService	ms893309	-
IVirtualService::Release	ms893316	-
IVoIPCallLogDB	ms911672	-
IVoIPCallLogDB::Capacity	ms911663	-
IVoIPCallLogDB::CreateRecord	ms911664	-
IVoIPCallLogDB::IncomingEnumerator	ms911670	-
IVoIPCallLogDB::Init	ms911671	-
IVoIPCallLogDB::MissedEnumerator	ms911673	-
IVoIPCallLogDB::OutgoingEnumerator	ms911674	-
IVoIPCallLogDBEnum	ms911665	-
IVoIPCallLogDBEnum::Next	ms911667	-
IVoIPCallLogDBEnum::Reset	ms911668	-
IVoIPCallLogDBEnum::Skip	ms911669	-
IVoIPCallRecord	ms911681	-
IVoIPCallRecord::CallType	ms911675	-
IVoIPCallRecord::Commit	ms911676	-
IVoIPCallRecord::DeleteFromDB	ms911677	-
IVoIPCallRecord::Duration	ms911678	-
IVoIPCallRecord::EndTime	ms911679	-
IVoIPCallRecord::FriendlyName	ms911680	-
IVoIPCallRecord::StartTime	ms911682	-
IVoIPCallRecord::URI	ms911683	-
IVoIPCallRecord::VoIPName	ms911684	-
IVoIPCallerInfoDB	ms911650	-
IVoIPCallerInfoDB::CreateRecord	ms911532	-
IVoIPCallerInfoDB::Enumerator	ms911539	-
IVoIPCallerInfoDB::FindCallerInfoBySpeedDialEntry	ms931238	-
IVoIPCallerInfoDB::FindCallerInfoByURI	ms931345	-
IVoIPCallerInfoDB::FriendlyNameEnumerator	ms911634	-
IVoIPCallerInfoDB::Init	ms911647	-
IVoIPCallerInfoDB::SpeedDialEnumerator	ms911651	-
IVoIPCallerInfoDBEnum	ms911546	-
IVoIPCallerInfoDBEnum::Next	ms911553	-
IVoIPCallerInfoDBEnum::Reset	ms911567	-
IVoIPCallerInfoDBEnum::Skip	ms931185	-
IVoIPCallerInfoRecord	ms911658	-
IVoIPCallerInfoRecord::Blocked	ms911652	-
IVoIPCallerInfoRecord::Commit	ms911654	-
IVoIPCallerInfoRecord::DeleteFromDB	ms911655	-
IVoIPCallerInfoRecord::ForwardingURI	ms911656	-
IVoIPCallerInfoRecord::FriendlyName	ms911657	-
IVoIPCallerInfoRecord::RingTone	ms911659	-
IVoIPCallerInfoRecord::SpeedDialEntry	ms911660	-
IVoIPCallerInfoRecord::URI	ms911661	-
IVoIPCallerInfoRecord::VoIPName	ms911662	-
IVoIPConfigurationDataStore	ms911686	-
IVoIPConfigurationDataStore::Initialize	ms911685	-
IVoIPConfigurationDataStore::ReadValue	ms911687	-
IVoIPConfigurationDataStore::Uninitialize	ms911688	-
IVoIPConfigurationDataStore::UpdateSettingsFromFile	ms911689	-
IVoIPConfigurationDataStore::UpdateSettingsFromServer	ms911690	-
IVoIPConfigurationDataStore::UpdateSettingsFromXML	ms911691	-
IVoIPConfigurationDataStore::WriteValue	ms911692	-
IVoIPCurrentCall	ms931675	-
IVoIPCurrentCall2	ms931621	-
IVoIPCurrentCall2::AddParticipantToConference	ms931501	-
IVoIPCurrentCall2::ConferenceHost	ms931602	-
IVoIPCurrentCall2::ConferenceParticipants	ms931606	-
IVoIPCurrentCall2::IsConferenceHost	ms931612	-
IVoIPCurrentCall2::IsConferenceParticipant	ms931615	-
IVoIPCurrentCall::Answer	ms931626	-
IVoIPCurrentCall::Duration	ms931630	-
IVoIPCurrentCall::FriendlyName	ms931657	-
IVoIPCurrentCall::Hangup	ms931662	-
IVoIPCurrentCall::Hold	ms931667	-
IVoIPCurrentCall::Ignore	ms931672	-
IVoIPCurrentCall::NetworkStatus	ms931679	-
IVoIPCurrentCall::RTCParticipant	ms911835	-
IVoIPCurrentCall::RTCSession	ms911839	-
IVoIPCurrentCall::Redirect	ms931684	-
IVoIPCurrentCall::StartTime	ms911843	-
IVoIPCurrentCall::Status	ms911847	-
IVoIPCurrentCall::Type	ms911852	-
IVoIPCurrentCall::URI	ms911943	-
IVoIPCurrentCall::Unhold	ms911857	-
IVoIPCurrentCall::VoIPName	ms911949	-
IVoIPCurrentCallEnumerator	ms931638	-
IVoIPCurrentCallEnumerator::Next	ms931643	-
IVoIPCurrentCallEnumerator::Reset	ms931646	-
IVoIPCurrentCallEnumerator::Skip	ms931654	-
IVoIPDirectoryClient	ms911957	-
IVoIPDirectoryClient::RegistrationParameters	ms911968	-
IVoIPDirectoryClient::SipPassword	ms911977	-
IVoIPDirectoryClient::SipServerParameters	ms911983	-
IVoIPMediaMgr	ms912032	-
IVoIPMediaMgr::AnswerSession	ms911989	-
IVoIPMediaMgr::ConferenceSessions	aa525641	-
IVoIPMediaMgr::CreatePCToPCSession	ms911998	-
IVoIPMediaMgr::EvaluateSessionDescription	ms912006	-
IVoIPMediaMgr::HoldSession	ms912013	-
IVoIPMediaMgr::Initialize	ms912020	-
IVoIPMediaMgr::InitializeRTCClient	ms912027	-
IVoIPMediaMgr::MicrophoneMute	ms912036	-
IVoIPMediaMgr::MicrophoneVolume	ms912043	-
IVoIPMediaMgr::OnReinviteEvent	ms912055	-
IVoIPMediaMgr::OnSessionOperationCompleteEvent	aa525642	-
IVoIPMediaMgr::OnSessionStateChangeEvent	ms912064	-
IVoIPMediaMgr::PlayProgressTone	ms912071	-
IVoIPMediaMgr::PlaySound	ms912081	-
IVoIPMediaMgr::SendDTMF	ms912089	-
IVoIPMediaMgr::SpeakerMute	ms912098	-
IVoIPMediaMgr::SpeakerVolume	ms912109	-
IVoIPMediaMgr::StopProgressTone	ms912118	-
IVoIPMediaMgr::StopSound	ms912124	-
IVoIPMediaMgr::UnholdSession	ms912130	-
IVoIPMediaMgr::Uninitialize	ms912137	-
IVoIPMgr	ms912233	-
IVoIPMgr2	ms912165	-
IVoIPMgr2::InitializeEx	ms912146	-
IVoIPMgr2::RegisterWithSIPServer	ms912171	-
IVoIPMgr::ActiveCurrentCall	ms912178	-
IVoIPMgr::AutoForwardURI	ms912184	-
IVoIPMgr::Call	ms912189	-
IVoIPMgr::CallLogDB	ms912201	-
IVoIPMgr::CallerInfoDB	ms912195	-
IVoIPMgr::CurrentCallEnumerator	ms912207	-
IVoIPMgr::Initialize	ms912217	-
IVoIPMgr::MicrophoneMute	ms912240	-
IVoIPMgr::MicrophoneVolume	ms912244	-
IVoIPMgr::MissedCallTimeout	ms912253	-
IVoIPMgr::MyServer	ms912258	-
IVoIPMgr::MyURI	ms912263	-
IVoIPMgr::Parameters	ms912269	-
IVoIPMgr::PlayProgressTone	ms912274	-
IVoIPMgr::RTCClient	ms912291	-
IVoIPMgr::Reregister	ms912279	-
IVoIPMgr::RingTone	ms912285	-
IVoIPMgr::SendDTMF	ms912299	-
IVoIPMgr::SpeakerMute	ms912302	-
IVoIPMgr::SpeakerVolume	ms912307	-
IVoIPMgr::State	ms912311	-
IVoIPMgr::StopProgressTone	ms912319	-
IVoIPMgr::Uninitialize	ms912325	-
IVoIPState and CVoIPState	aa525643	-
IVoIPUI	ms912331	-
IVoIPUI::OnCallEvent	ms912339	-
IVoIPUI::OnSystemEvent	ms912343	-
IWinInetHttpInfo	ms918813	-
IWinInetHttpInfo::QueryInfo	ms918814	ms928902
IWinInetInfo	ms918815	-
IWinInetInfo::QueryOption	ms918816	ms928904
IWindowForBindingUI	ms918811	-
IWindowForBindingUI::GetWindow	ms918812	ms928899
IXMLDOMAttribute	ms891711	-
IXMLDOMCDATASection	ms891712	-
IXMLDOMCharacterData	ms891713	-
IXMLDOMComment	ms891714	-
IXMLDOMDocument2	ms891715	-
IXMLDOMDocumentFragment	ms891718	-
IXMLDOMDocumentType	ms891719	-
IXMLDOMElement	ms891720	-
IXMLDOMEntity	ms891721	-
IXMLDOMEntityReference	ms891722	-
IXMLDOMImplementation	ms891723	-
IXMLDOMNamedNodeMap	ms891724	-
IXMLDOMNode	ms891725	-
IXMLDOMNodeList	ms891726	-
IXMLDOMNotation	ms891727	-
IXMLDOMParseError	ms891728	-
IXMLDOMProcessingInstruction	ms891729	-
IXMLDOMSelection	ms891730	-
IXMLDOMText	ms891731	-
IXMLHTTPRequest	ms891732	-
IXMLHTTPRequest Members	ms891733	ms911571
IXMLParseError Error Messages	ms891734	ms931217
IXTLRuntime	ms891735	-
IXTLRuntime Members	ms891736	ms912510
Icmp6CreateFile	ms890355	-
Icmp6ParseReplies	ms890356	-
Icmp6SendEcho2	ms890357	-
IcmpCloseHandle	ms890358	-
IcmpCreateFile	ms890359	-
IcmpParseReplies	ms890361	-
IcmpSendEcho	ms890362	-
IcmpSendEcho2	ms890363	-
Identification Element (Poll Request)	ms895107	ms898392
Identifying Pocket Internet Explorer to a Web Server	aa451991	ms924568
Identity Manager Functions	ms886681	-
Identity Manager Reference	ms886682	-
Identity Manager Structures	ms886683	-
Image File Format Specifications	ms923412	-
ImageCodecFlags	aa452239	-
ImageCodecInfo	aa452241	-
ImageFlags	aa452242	-
ImageInfo (Imaging API)	aa452243	-
ImageList_Add	ms909786	-
ImageList_AddIcon	ms909790	-
ImageList_AddMasked	ms909795	-
ImageList_BeginDrag	ms909799	-
ImageList_Copy	ms909805	-
ImageList_Create	ms909810	-
ImageList_Destroy	ms909811	-
ImageList_DragEnter	ms909812	-
ImageList_DragLeave	ms909813	-
ImageList_DragMove	ms909814	-
ImageList_DragShowNolock	ms909815	-
ImageList_Draw	ms909816	-
ImageList_DrawEx	ms909817	-
ImageList_DrawIndirect	ms909818	-
ImageList_Duplicate	ms909820	-
ImageList_EndDrag	ms909821	-
ImageList_ExtractIcon	ms909822	-
ImageList_GetBkColor	ms909823	-
ImageList_GetDragImage	ms909824	-
ImageList_GetIcon	ms909825	-
ImageList_GetIconSize	ms909826	-
ImageList_GetImageCount	ms909827	-
ImageList_GetImageInfo	ms909828	-
ImageList_LoadBitmap	ms909829	-
ImageList_LoadImage	ms909830	-
ImageList_Merge	ms909831	-
ImageList_Remove	ms909832	-
ImageList_RemoveAll	ms909833	-
ImageList_Replace	ms909834	-
ImageList_ReplaceIcon	ms909835	-
ImageList_SetBkColor	ms909836	-
ImageList_SetDragCursorImage	ms909837	-
ImageList_SetIconSize	ms909838	-
ImageList_SetImageCount	ms909839	-
ImageList_SetOverlayImage	ms909840	-
ImageLockMode	aa452244	-
Imaging Application Development	ms923413	-
Imaging Classes	aa452247	-
Imaging Enumerations	aa452248	-
Imaging GUIDs	aa452249	-
Imaging Interfaces	aa452250	-
Imaging Macros	aa452251	-
Imaging Migration	ms923414	-
Imaging OS Design Development	ms923415	-
Imaging Reference	ms925314	-
Imaging Registry Settings	ms923416	-
Imaging Samples	ms932698	-
Imaging Security	ms923417	-
Imaging Structures	aa452252	-
Imaging Types	aa452253	-
ImeGetUIClassName (Simplified Chinese)	ms905977	-
ImeGetUIClassName (Traditional Chinese)	ms905978	-
ImmAssociateContext	ms905984	ms920949
ImmAssociateContextEx	ms905985	ms920950
ImmConfigureIME	ms905986	ms920951
ImmCreateContext	ms905987	ms920952
ImmCreateIMCC	ms905988	ms920953
ImmDestroyContext	ms905989	ms920954
ImmDestroyIMCC	ms905990	ms920955
ImmDisableIME	ms905991	ms920956
ImmEnumRegisterWord	ms905992	ms920957
ImmEscape	ms905993	ms920958
ImmGenerateMessage	ms905994	ms920959
ImmGetCandidateList	ms905995	ms920960
ImmGetCandidateListCount	ms905996	ms920961
ImmGetCandidateWindow	ms905997	ms920962
ImmGetCompositionFont	ms905998	ms920963
ImmGetCompositionString	ms906001	ms920964
ImmGetCompositionWindow	ms906002	ms920965
ImmGetContext	ms906003	ms920966
ImmGetConversionList	ms906004	ms920967
ImmGetConversionStatus	ms906005	ms920968
ImmGetConversionStatusForeground	ms906006	-
ImmGetDefaultIMEWnd	ms906007	ms920969
ImmGetDescription	ms906008	ms920970
ImmGetGuideLine	ms906009	ms920971
ImmGetHotKey	ms906010	ms920972
ImmGetIMCCLockCount	ms906011	ms920973
ImmGetIMCCSize	ms906012	ms920974
ImmGetIMCLockCount	ms906013	ms920976
ImmGetIMEFileName	ms906014	ms920977
ImmGetImeMenuItems	ms906015	ms920978
ImmGetOpenStatus	ms906016	ms920979
ImmGetProperty	ms906017	ms920980
ImmGetRegisterWordStyle	ms906018	ms920981
ImmGetStatusWindowPos	ms906019	ms920982
ImmGetVirtualKey	ms906020	ms920983
ImmIsIME	ms906021	ms920984
ImmIsUIMessage	ms906022	ms920985
ImmLockIMC	ms906023	ms920986
ImmLockIMCC	ms906024	ms920987
ImmNotifyIME	ms906025	ms920988
ImmReSizeIMCC	ms906028	ms920991
ImmRegisterWord	ms906026	ms920989
ImmReleaseContext	ms906027	ms920990
ImmSIPanelState	ms906038	ms921003
ImmSetCandidateWindow	ms906029	ms920992
ImmSetCompositionFont	ms906030	ms920993
ImmSetCompositionString	ms906031	ms920994
ImmSetCompositionWindow	ms906032	ms920995
ImmSetConversionStatus	ms906033	ms920996
ImmSetHotKey	ms906034	ms920997
ImmSetOpenStatus	ms906035	ms920998
ImmSetStatusWindowPos	ms906036	ms921001
ImmSimulateHotKey	ms906037	ms921002
ImmUnlockIMC	ms906039	ms921004
ImmUnlockIMCC	ms906040	ms921005
ImmUnregisterWord	ms906041	ms921006
Implementations of XSLT	ms862168	ms912473
Implementing DDHAL Functionality	aa447451	-
Implementing DDHAL Functionality without GPE	aa447452	-
Implementing Device Classes	ms881928	-
Implementing IUnknown in DirectShow/IUnknown Basics	ms923435	-
Implementing IUnknown in DirectShow/Using CUnknown	aa451422	-
Implementing Japanese IME 3.1	ms917983	-
Implementing Master Key Protection in a LAP	ms926478	-
Implementing Overlay Flipping in a DirectDraw Driver	ms892231	-
Implementing USB Host Controller Drivers	ms892166	-
Implementing a Dummy File Filter	ms861598	-
Implementing a Hosted Device Using COM	ms881922	-
Implementing a Network Performance Test	aa448253	-
Implementing a ProtocolReceive Handler	ms892218	-
Implementing a ProtocolReceivePacket Handler	ms892219	-
Implementing a Secure Socket	ms881923	ms911704
Implementing an IDispatch Interface for Each Service	ms881925	-
Implementing an Image Decoder Object	ms940062	-
Implementing an Image Encoder Object	ms940063	-
Implementing and Calling Custom Actions	ms881924	-
Implementing the DMO Methods	ms923420	-
Implementing the Device Functions	ms861622	-
Implementing the GenBltCpuInitialize Function	aa448254	-
Implementing the Get Operation	ms881926	-
Implementing the KeybdPdd_GetEventEx2 Function	aa448257	-
Implementing the Keyboard PDD List	aa448258	-
Implementing the Optimization Function	aa448255	-
Implementing the Put Operation	ms881927	-
Implementing the Translation Function	aa448256	-
Important End-user Notification for ActiveSync	aa514725	-
Importing and Exporting a Peer Identity	ms881929	-
InSendMessage	ms909852	-
Inbox Service	ms881930	ms922571
Including a Command Processor	aa452670	ms899785
Including the Standard Shell	aa452671	ms899795
Including the Taskman Shell	aa452672	ms899807
Index Buffer Descriptions	ms923423	-
Index Buffers	ms923424	-
Indexed Primitives	ms923425	-
Indexed Properties	ms882869	ms889332
Indic	ms906467	-
Indic OS Design Development	ms906468	-
IndicateRndisPacketCompleteHandler	ms901364	-
InflateRect	ms909847	-
Infrared Support	ms862169	-
Init Method (ISoapSerializer)	ms882870	-
Init Method (ISoapServer)	ms882871	-
Init Method (ISoapTypeMapper)	ms882872	-
InitCommonControls	ms909848	-
InitCommonControlsEx (function)	ms909849	-
InitLAP (function)	ms926083	-
InitLap (structure)	ms926088	-
InitObjType	aa514309	-
InitSecurityInterface	ms926095	-
Initial Settings	aa450023	ms862424
Initialization of NDIS Protocol Drivers	ms892232	-
Initialize RTC	aa525637	-
InitializeCriticalSection	ms885665	-
InitializeRemoveLock	ms901365	-
InitializeSecurityContext	ms926002	-
Initializing the Device Store	ms861652	-
Initializing the NDIS Wrapper	ms892233	-
Initializing the RAM-based Registry	ms892396	ms904958
Initializing the SSPI	ms925922	-
Initializing the Store	ms861657	-
Input Language Data	ms892234	-
Input Method Editor Constants	ms903877	-
Input Method Manager (IMM)	ms906469	-
Input Method Manager (IMM) Application Development	ms903878	-
Input Method Manager (IMM) Function Identifiers	ms904405	-
Input Method Manager (IMM) Functions	ms904400	-
Input Method Manager (IMM) Messages	ms904401	-
Input Method Manager (IMM) Migration	ms906470	-
Input Method Manager (IMM) OS Design Development	ms906471	-
Input Method Manager (IMM) Reference	ms904402	-
Input Method Manager (IMM) Samples	ms906472	-
Input Method Manager (IMM) Security	ms903879	-
Input Method Manager (IMM) Structures	ms904403	-
InputStream Property	ms882874	-
InsertMenu	ms909853	-
Install_Exit	aa514312	-
Install_Init	aa514314	-
Installable File System	ms885232	-
Installable File Systems	aa450025	-
Installable ISR Registry Settings	ms892236	-
Installation Functions	aa450026	-
Installation Options	aa450027	-
Installing MSMQ Using MSMQADM.EXE	aa450028	-
Installing MSMQ Using Visadm	aa450030	-
Installing MSMQ Using the Registry	aa450029	-
Installing a Custom Shell	aa452675	ms899874
Installing a Custom TUI Input Method Editor	aa525639	-
Installing a LAP	ms936992	-
Installing an AE	ms936991	-
Installing an LSP	aa450110	-
Installing and Uninstalling the USB Serial Host Driver	aa448273	-
Installing and Using Fonts	ms901090	ms900712
Installing the Certificate on a Windows CE-based Web Server	ms900349	-
Installing the USB Host Mass Storage Client Driver on the Target Device	ms892239	-
Installing the USB Host Printer Client Driver on the Target Device	ms892240	-
Installing, Attaching, and Detaching USB Drivers	ms894079	-
Instruction Request to the Server	ms894521	ms898329
Instruction Response from the Server	ms894524	ms898325
Instructions Element (Instruction Response)	ms895124	ms898396
InstructionsRequest Element (Instruction Request)	ms895128	ms898397
Int64x32Div32	ms912016	-
IntToWstr	ms912061	-
Interactive User Interface	aa450032	ms899201
Interface Descriptor for Communication Class Interface	ms892241	-
Interface Descriptor for Data Class Interface	ms892242	-
Interface Identifiers for Direct3D Mobile	ms912040	-
Interface Key	ms862170	ms889335
Interfaces Group	ms894526	ms926947
InterlockedCompareExchange	ms885667	-
InterlockedCompareExchangePointer	ms885668	-
InterlockedDecrement	ms885669	-
InterlockedExchange	ms885670	-
InterlockedExchangeAdd	ms885671	-
InterlockedExchangePointer	ms885672	-
InterlockedIncrement	ms885673	-
InterlockedTestExchange	ms885674	-
Internal Direct3D Mobile Driver Errors	ms892244	-
Internal Representation for Bluetooth Address	ms892245	-
International Application Development	ms906473	-
International Catalog Items	ms904404	-
International Changes in Windows CE .NET 4.0 and Windows CE .NET 4.2	ms903880	-
International Language Functionalities	aa451996	-
International Migration	ms906474	-
International OS Design Development	ms903884	-
International Phoneme Representation	ms862171	-
International Samples	ms903885	-
Internationalizing Software	ms903882	-
Internet Client Services Catalog Items	aa451997	-
Internet Connection Sharing	ms898968	-
Internet Control Message Protocol (ICMP)	aa450037	-
Internet Control Message Protocol for IPv6 (ICMPv6)	aa450036	-
Internet Explorer 6 Application Development	ms918893	-
Internet Explorer 6 Architecture	aa452001	-
Internet Explorer 6 Default Registry Settings	aa452005	-
Internet Explorer 6 Migration	aa452003	-
Internet Explorer 6 OS Overview	aa452004	-
Internet Explorer 6 Security	aa452007	-
Internet Explorer 6 for Windows CE Characteristics	aa452002	-
Internet Explorer Browser Control Host Migration	aa452010	-
Internet Explorer Browser Control Host OS Design Development	aa452011	-
Internet Explorer Browser Control Host Reference	ms919019	-
Internet Explorer Browser Control Host Registry Settings	aa451908	-
Internet Explorer Browser Control Host Samples	aa452012	-
Internet Explorer MLang Enumerations	ms905680	-
Internet Explorer MLang Functions	ms905681	-
Internet Explorer MLang Interfaces	ms905682	-
Internet Explorer MLang Objects	ms905683	-
Internet Explorer MLang Structures	ms905685	-
Internet Explorer MSHTML/DHTML API Migration	aa452013	-
Internet Explorer MSHTML/DHTML API Registry Settings	ms905101	-
Internet Explorer MSHTML/DHTML API Samples	aa452015	-
Internet Explorer Multiple-Language API Migration	aa452017	-
Internet Explorer Multiple-Language API OS Design Development	aa452016	-
Internet Explorer Multiple-Language API Registry Settings	ms905072	-
Internet Explorer Multiple-Language API Samples	aa452018	-
Internet Explorer RPC Support	aa452019	-
Internet Explorer TV-Style Navigation Migration	aa452021	-
Internet Explorer TV-Style Navigation OS Design Development	aa452022	-
Internet Explorer TV-Style Navigation Registry Settings	ms905631	-
Internet Explorer TV-Style Navigation Samples	aa452023	-
Internet Group Management Protocol (IGMP)	aa450038	-
Internet Messaging	aa450039	-
Internet Protocol (IP) for IPv4	aa450041	-
Internet Protocol (IP) for IPv6	aa450042	-
Internet Protocol Helper APIs	aa450040	-
Internet Protocol Version 6	ms898970	-
Internet Protocol version 4 Address Classes	aa450043	-
Internet Protocols	aa452024	ms902487
Internet Router Discovery Protocol (IRDP) for IPv4	aa450046	-
Internet Security Manager	aa452025	ms928729
Internet Zone Manager	aa452026	ms928730
Internet Zone Settings	aa452027	ms928731
InternetAttemptConnect	ms918340	-
InternetCanonicalizeUrl	ms926106	-
InternetCheckConnection	ms918346	-
InternetCloseHandle	ms918348	-
InternetCombineUrl	ms918349	-
InternetConfirmZoneCrossing	ms918350	-
InternetConnect	ms918351	-
InternetCookieState	ms918353	-
InternetCrackUrl	ms918354	-
InternetCreateUrl	ms918355	-
InternetEnumPerSiteCookieDecisionA	ms918356	-
InternetEnumPerSiteCookieDecisionW	ms918357	-
InternetErrorDlg	ms918358	-
InternetFindNextFile	ms918359	-
InternetGetConnectedState	ms918360	-
InternetGetConnectedStateEx	ms918361	-
InternetGetCookie	ms918362	-
InternetGetLastResponseInfo	ms918363	-
InternetGetPerSiteCookieDecisionA	ms918364	-
InternetGetPerSiteCookieDecisionW	ms918365	-
InternetGoOnline	ms918366	-
InternetLockRequestFile	ms918367	-
InternetOpen	ms918368	-
InternetOpenUrl	ms918369	-
InternetQueryDataAvailable	ms918373	-
InternetQueryOption	ms918374	-
InternetReadFile	ms918375	-
InternetReadFileEx	ms918376	-
InternetSetCookie	ms918378	-
InternetSetCookieEx	ms918379	-
InternetSetFilePointer	ms918380	-
InternetSetOption	ms918381	-
InternetSetOptionEx	ms918382	-
InternetSetPerSiteCookieDecisionA	ms918383	-
InternetSetPerSiteCookieDecisionW	ms918384	-
InternetSetStatusCallback	ms918385	-
InternetTimeFromSystemTime	ms918387	-
InternetTimeToSystemTime	ms918388	-
InternetUnlockRequestFile	ms918389	-
InternetWriteFile	ms918391	-
Interpolation	ms923429	-
InterpolationHint	ms912048	-
Interrogation Operations	ms862172	ms919165
Interrupt Handling in Audio Drivers	ms892247	-
IntersectClipRect	ms909855	-
IntersectRect	ms909856	-
Interval Element (Instruction Response)	ms895131	ms898399
Interval Element (Poll Response)	ms895133	ms898398
Introducing Smart Cards to the System	ms925923	ms938420
Introduction to Direct3D Mobile	ms923431	-
Introduction to DirectShow Application Programming/Filter Graphs	ms923367	-
Introduction to DirectShow Application Programming/Writing a DirectShow Application	ms925286	-
Introduction to DirectX Media Objects/Differences Between DMOs and DirectShow Filters	ms923407	-
Introduction to DirectX Media Objects/Why Use DMOs?	ms925260	-
Introduction to Lighting and Materials	ms923434	-
Introduction to the Syntax of XPath	ms862173	ms912478
InvalidateCache	ms891359	-
InvalidateRect	ms909857	-
InvalidateRgn	ms909858	-
Inventory Element (Machine Inventory Report)	ms895136	ms898400
InventoryItem Element (Machine Inventory Report)	ms895139	ms898401
InvertRect	ms909859	-
IpReleaseAddress	aa450426	-
IpRenewAddress	aa450427	-
Ipv6 Migration	ms898974	-
Ipv6 Samples	ms898976	-
IrDA Network Adapters	ms892469	-
IrDA Object Identifiers	ms894947	-
IsAppThemed	ms918803	-
IsAsyncMoniker	ms918804	ms928896
IsBadCodePtr	ms885687	-
IsBadReadPtr	ms885688	-
IsBadWritePtr	ms885689	-
IsCharAlpha	ms885690	-
IsCharAlphaNumeric	ms885691	-
IsCharLower	ms885692	-
IsCharUpper	ms885693	-
IsChild	ms909862	-
IsClipboardFormatAvailable	ms909863	-
IsConvertINetStringAvailable	ms918805	ms902813
IsDBCSLeadByte	ms886515	-
IsDBCSLeadByteEx	ms886608	-
IsDialogBoxHandled Callback Function (Urlmon)	ms918806	-
IsDialogBoxHandled Callback Function (WinInet)	ms918807	-
IsDialogMessage	ms909864	-
IsDlgButtonChecked	ms909866	-
IsEqualGUID	ms886018	-
IsEqualObject	ms931812	-
IsFirewallEnabled	aa450624	-
IsIPSecRunning	aa450627	-
IsInterfaceFirewalled	aa450625	-
IsLoggingEnabled	ms918808	ms928897
IsMessageBoxHandled Callback Function	ms918809	-
IsProcessorFeaturePresent	ms886726	-
IsRectEmpty	ms909894	-
IsValidCodePage	ms906218	ms921459
IsValidIid	ms890785	-
IsValidInterface	ms890791	-
IsValidLocale	ms906219	ms921460
IsValidPtrIn	ms890797	dd320882
IsValidPtrOut	ms890804	-
IsValidURL	ms918810	ms928898
IsWindow	aa453233	-
IsWindowEnabled	aa453234	-
IsWindowVisible	aa453235	-
IssueBulkTransfer	ms902128	-
IssueInterruptTransfer	ms902130	-
IssueVendorTransfer	ms902132	-
Italian Keyboard	ms892470	-
JScript Migration	aa452029	-
JScript OS Design Development	aa452030	-
JScript Samples	aa452031	-
JScript Support in Windows CE	aa452028	-
Japanese	ms903886	-
Japanese All Character IM Registry Settings	ms903887	-
Japanese Character Auto Complete (CAC) IM Registry Settings	ms903889	-
Japanese Dictionary Compiler	ms903890	-
Japanese Edit Control	ms903891	-
Japanese Handwriting Sample IM Registry Settings	ms903892	ms921497
Japanese IM Handwriting Panels	ms903900	-
Japanese IM Hot Key Registry Settings	ms903901	ms921495
Japanese IM On-Screen Keyboards	ms903902	-
Japanese IM Search Panels	ms903903	-
Japanese IM and IME Registry Settings	ms903893	ms921496
Japanese IME 3.1	ms903894	-
Japanese IME 3.1 Architecture	ms903895	-
Japanese IME 3.1 Classes	ms904407	-
Japanese IME 3.1 Customizable User Interface	ms903896	-
Japanese IME 3.1 Dictionary Compiler	ms903897	-
Japanese IME 3.1 Part-of-Speech Codes	ms903898	-
Japanese IME 3.1 Reference	ms904408	-
Japanese IME 3.1 Registry Settings	ms903899	-
Japanese IME 3.1 Structures	ms904409	-
Japanese Input Method Architecture	ms903904	-
Japanese Input Methods	ms903905	-
Japanese Keyboard	ms892472	-
Japanese MS Kana IM Registry Settings	ms903906	-
Japanese MS Roma IM Registry Settings	ms903907	-
Japanese OS Design Development	ms903908	-
Japanese Phonemes	ms862174	-
Japanese Pocket IME	ms903909	-
Japanese Pocket IME Architecture	ms903910	-
Japanese Pocket IME Functions	ms904410	-
Japanese Pocket IME Interfaces	ms903911	-
Japanese Pocket IME Reference	ms906220	-
Japanese Pocket IME Structures	ms904411	-
Japanese Pocket IME UI Code	ms903912	-
Japanese Registry Settings	ms906475	-
Japanese Samples	ms903913	-
Japanese Search by Radical IM Registry Settings	ms903914	-
Japanese Search by Stroke IM Registry Settings	ms903915	-
Joining and Leaving a Multicast Group	aa450103	ms911707
JumpStart for Creating a SAX2 Application	ms862175	-
KBDI_AUTOREPEAT_INFO	ms902134	-
KBDI_VKEY_TO_UNICODE_INFO	ms902135	-
KDbgBreak	ms932018	-
KEYBDINPUT	aa453247	-
KEYBD_PDD	ms902146	-
KEY_STATE_FLAGS	ms902150	-
KS_AM_KSPROPSETID_TSRateChange	aa452528	-
Kerberos Authentication and RTC	aa525644	-
Kerberos Security Support Provider	ms925924	-
Kernel Memory Allocated for Use by the Networking Stack	ms892473	-
Key BLOBs	ms925925	ms884374
Key Databases	ms925926	ms884375
Key Length Comparison	ms925927	ms884376
KeybdGetDeviceInfo	aa453246	-
Keyboard Driver Registry Settings	ms892476	-
Keyboard Driver Samples	ms892478	-
Keyboard Identification	ms892479	-
Keyboard PDDs	ms892481	-
Keyboard and Mouse Properties of IMsRdpClientAdvancedSettings	aa514412	ms925232
KillTimer	aa453248	-
Kingston PCI NE2000	ms892482	-
Korean	ms903916	-
Korean Handwriting Sample IM Registry Settings	ms903917	ms921500
Korean IME	ms903918	-
Korean IME Architecture in Windows CE	ms903921	-
Korean IME UI Configuration Registry Settings	ms904412	-
Korean IME UI Source Code Files	ms903922	-
Korean IME97 Hot Key Registry Settings	ms903919	ms921498
Korean IME97 Registry Settings	ms903920	ms921499
Korean Input Method Implementation	ms903923	-
Korean Input Methods	ms903924	-
Korean Keyboard	ms892483	-
Korean OS Design Development	ms903925	-
Korean Registry Settings	ms906476	-
Korean Samples	ms903926	-
Korean Soft Keyboard IM Registry Settings	ms903927	-
LAP Implementation Issues	ms926479	-
LAP-Exported Functions	ms936993	-
LAPCreateEnrollmentConfigDialog	ms926118	-
LASS Application Development	ms936994	-
LASS Exponential Backoff	ms925928	-
LASS Functions	ms936995	-
LASS OS Design Development	ms925929	-
LASS Overview	ms925930	-
LASS Reference	ms936996	-
LASS Registry Settings	ms936997	-
LASS Samples	ms936998	-
LASS Security	ms937001	-
LASS Structures	ms926131	-
LASSReloadConfig	ms926124	-
LBN_DBLCLK	aa453273	-
LBN_ERRSPACE	aa453274	-
LBN_KILLFOCUS	aa453275	-
LBN_SELCANCEL	aa453276	-
LBN_SELCHANGE	aa453277	-
LBN_SETFOCUS	aa453278	-
LB_ADDSTRING	aa453251	-
LB_DELETESTRING	aa453252	-
LB_FINDSTRING	aa453253	-
LB_FINDSTRINGEXACT	aa453254	-
LB_GETANCHORINDEX	aa453255	-
LB_GETCARETINDEX	aa453256	-
LB_GETCOUNT	aa453257	-
LB_GETCURSEL	aa453258	-
LB_GETHORIZONTALEXTENT	aa453259	-
LB_GETITEMDATA	aa453260	-
LB_GETITEMHEIGHT	aa453261	-
LB_GETITEMRECT	aa453262	-
LB_GETLOCALE	aa453263	-
LB_GETSEL	aa453264	-
LB_GETSELCOUNT	aa453265	-
LB_GETSELITEMS	aa453266	-
LB_GETTEXT	aa453267	-
LB_GETTEXTLEN	aa453268	-
LB_GETTOPINDEX	aa453269	-
LB_INITSTORAGE	aa453270	-
LB_INSERTSTRING	aa453271	-
LB_ITEMFROMPOINT	aa453272	-
LB_RESETCONTENT	aa453279	-
LB_SELECTSTRING	aa453280	-
LB_SELITEMRANGE	aa453281	-
LB_SELITEMRANGEEX	aa453282	-
LB_SETANCHORINDEX	aa453283	-
LB_SETCARETINDEX	aa453284	-
LB_SETCOLUMNWIDTH	aa453285	-
LB_SETCURSEL	aa453286	-
LB_SETHORIZONTALEXTENT	aa453287	-
LB_SETITEMDATA	aa453288	-
LB_SETITEMHEIGHT	aa453289	-
LB_SETLOCALE	aa453290	-
LB_SETSEL	aa453291	-
LB_SETTABSTOPS	aa453292	-
LB_SETTOPINDEX	aa453293	-
LCID	ms891741	ms890741
LCMapString	ms906221	ms921462
LCTYPE Constants	ms906223	ms921463
LDAP	ms891742	ms920361
LDAP Callback Functions	aa513731	-
LDAP Directory Entry Functions	aa513732	-
LDAP Distinguished Names	ms862244	ms919207
LDAP Enumerations	aa513733	ms918918
LDAP Error Handling Functions	aa513734	-
LDAP Functions	aa513735	-
LDAP Memory Management Functions	aa513736	-
LDAP Migration	ms862372	-
LDAP OS Design Development	ms862177	-
LDAP Registry Settings	ms862403	-
LDAP Samples	ms862417	-
LDAP Schema Model	ms862429	ms919198
LDAP Search Functions	aa513738	-
LDAP Security	ms862439	ms920226
LDAP Security Model	ms862452	ms919230
LDAP Session Functions	aa513739	-
LDAP Structures	aa513740	-
LDAPControl	ms891757	ms920370
LDAPMessage	ms892278	ms920382
LDAPMod	ms892279	ms920385
LDAPSearch	ms892309	ms920389
LDAPSortKey	ms892313	ms920393
LDAP_REFERRAL_CALLBACK	ms892294	-
LDAP_RETCODE	ms892299	-
LDAP_TIMEVAL	ms892315	-
LICINFO	ms892327	ms890747
LINEADDRCAPFLAGS	ms893345	ms907135
LINEADDRESSCAPS	ms893350	ms907141
LINEADDRESSMODE	ms893356	ms907146
LINEADDRESSSHARING	ms893362	ms907155
LINEADDRESSSTATE	ms893367	ms907164
LINEADDRESSSTATUS	ms893382	ms907171
LINEADDRESSTYPE	ms893386	ms907178
LINEADDRFEATURE	ms898980	ms907120
LINEANSWERMODE	ms898981	ms907125
LINEBEARERMODE	ms893407	ms907184
LINEBUSYMODE	ms893419	ms907190
LINECALLCOMPLCOND	ms893430	ms907198
LINECALLCOMPLMODE	ms893519	ms907203
LINECALLFEATURE	ms893582	ms907292
LINECALLFEATURE2	ms893599	ms907287
LINECALLINFO	ms893611	ms927982
LINECALLINFOSTATE	ms893623	ms907298
LINECALLLIST	ms893660	ms907302
LINECALLORIGIN	ms893672	ms907307
LINECALLPARAMFLAGS	ms893682	ms907311
LINECALLPARAMS	ms893776	ms927983
LINECALLPARTYID	ms893855	ms907318
LINECALLPRIVILEGE	ms893958	ms907327
LINECALLREASON	ms893966	ms927280
LINECALLSELECT	ms893976	ms927285
LINECALLSTATE	ms893984	ms927290
LINECALLSTATUS	ms894104	ms927984
LINECALLTREATMENT	ms894115	ms927297
LINECALLTREATMENTENTRY	ms894117	ms927301
LINECONFIGDATA	aa453294	ms921403
LINECONNECTEDMODE	ms894124	ms927309
LINEDEVCAPFLAGS	ms894129	ms927317
LINEDEVCAPS	ms894130	ms927989
LINEDEVSTATE	ms894134	ms927320
LINEDEVSTATUS	ms894135	ms927991
LINEDEVSTATUSFLAGS	ms894136	ms927324
LINEDIALPARAMS	ms894138	ms927993
LINEDIALTONEMODE	ms894139	ms927327
LINEDIGITMODE	ms894140	ms927330
LINEDISCONNECTMODE	ms894141	ms927334
LINEERR	ms894143	ms927337
LINEEVENT	ms894144	ms927995
LINEEXTENSIONID	ms894145	ms927340
LINEFEATURE	ms894146	ms927343
LINEFORWARDLIST	ms894148	ms927344
LINEFORWARDMODE	ms894149	ms927347
LINEGATHERTERM	ms894151	ms927351
LINEGENERATETERM	ms894154	ms927357
LINEGENERATETONE (structure)	ms894155	-
LINEINITIALIZEEXOPTION	ms894371	ms927366
LINEINITIALIZEEXPARAMS	ms894378	ms928024
LINELOCATIONENTRY	ms894383	ms928025
LINELOCATIONOPTION	ms894385	ms927368
LINEMEDIACONTROL	ms894388	ms927371
LINEMEDIAMODE	ms894389	ms927373
LINEMESSAGE	ms894390	ms928027
LINEOFFERINGMODE	ms894409	ms927375
LINEOPENOPTION	ms894421	ms927378
LINEPARKMODE	ms894422	ms927381
LINEPROVIDERENTRY	ms894431	ms927382
LINEPROVIDERLIST	ms894433	ms927386
LINEREMOVEFROMCONF	ms894450	ms927388
LINEROAMMODE	ms894463	ms927390
LINESPECIALINFO	ms894520	ms927393
LINETERMDEV	ms894525	ms927395
LINETERMMODE	ms894528	ms927398
LINETERMSHARING	ms894530	ms927400
LINETOLLLISTOPTION	ms894532	ms927402
LINETONEMODE	ms894535	ms927405
LINETRANSFERMODE	ms894537	ms927407
LINETRANSLATECAPS	ms894541	ms938929
LINETRANSLATEOPTION	ms894546	ms927410
LINETRANSLATEOUTPUT	ms894550	ms939150
LINETRANSLATERESULT	ms894553	ms927412
LINE_ADDRESSSTATE (TSPI)	ms893374	-
LINE_CALLINFO (TSPI)	ms893651	-
LINE_CALLSTATE (TSPI)	ms894004	-
LINE_CLOSE (TSPI)	ms894120	-
LINE_CREATE (TSPI)	ms894127	-
LINE_DEVSPECIFIC (TSPI)	ms894133	-
LINE_GENERATE (TSPI)	ms894157	-
LINE_LINEDEVSTATE (TSPI)	ms894381	-
LINE_MONITORDIGITS (TSPI)	ms894393	-
LINE_MONITORMEDIA (TSPI)	ms894399	-
LINE_NEWCALL	ms894406	-
LINE_REMOVE (TSPI)	ms894457	-
LMDATA	aa453406	-
LOAD_DLL_DEBUG_INFO	ms886734	-
LOGBRUSH	aa453418	-
LOGFONT	ms901140	ms900730
LOGFONTW (lfFaceName[LF_FACESIZE] + "must not exceed 32 TCHAR values, including the terminating NULL" -> LF_FACESIZE=32 derived; grounds the CE ms901140 LOGFONT implementation)	https://learn.microsoft.com/en-us/windows/win32/api/wingdi/ns-wingdi-logfontw	-
LOGPALETTE	aa453419	-
LOGPEN	aa453420	-
LPABORT_PIPE_TRANSFERS	ms895508	-
LPABORT_TRANSFER	ms902160	-
LPCLEAR_FEATURE	aa447664	-
LPCLOSE_PIPE	aa447671	-
LPCLOSE_TRANSFER	ms902161	-
LPCTSTR	aa451487	-
LPDDHAL_CANCREATESURFACE	ms896155	-
LPDDHAL_CREATEPALETTE	aa447691	-
LPDDHAL_CREATESURFACE	aa447692	-
LPDDHAL_DESTROYDRIVER	ms898282	-
LPDDHAL_FLIPTOGDISURFACE	aa447807	-
LPDDHAL_GETSCANLINE	ms899311	-
LPDDHAL_SETCOLORKEY	ms920564	-
LPDDHAL_SETEXCLUSIVEMODE	ms920606	-
LPDDHAL_SETMODE	ms920661	-
LPDDHAL_WAITFORVERTICALBLANK	ms923279	-
LPDEVICE_NOTIFY_ROUTINE	ms902162	-
LPDISABLE_DEVICE	ms898298	-
LPFIND_INTERFACE	aa447799	-
LPGET_DESCRIPTOR	aa447826	-
LPGET_DEVICE_INFO	aa447828	-
LPGET_FRAME_LENGTH	aa447835	-
LPGET_FRAME_NUMBER	aa447836	-
LPGET_INTERFACE	ms899299	-
LPGET_INTERRUPT_REPORT	ms902163	-
LPGET_ISOCH_RESULTS	ms899307	-
LPGET_QUEUE_SIZE	ms902165	-
LPGET_REPORT	ms902164	-
LPGET_STATUS	ms902166	-
LPGET_STRING	ms902167	-
LPGET_TRANSFER_STATUS	ms902168	-
LPGET_USBD_VERSION	ms899322	-
LPISSUE_BULK_TRANSFER	ms902169	-
LPISSUE_CONTROL_TRANSFER	ms902129	-
LPISSUE_INTERRUPT_TRANSFER	ms902170	-
LPISSUE_ISOCH_TRANSFER	ms902131	-
LPISSUE_VENDOR_TRANSFER	ms902171	-
LPIS_DEFAULT_PIPE_HALTED	ms902125	-
LPIS_PIPE_HALTED	ms902126	-
LPIS_TRANSFER_COMPLETE	ms902133	-
LPLOAD_GENERIC_INTERFACE_DRIVER	ms902158	-
LPOPEN_CLIENT_REGISTRY_KEY	ms919304	-
LPOPEN_PIPE	ms919318	-
LPREGISTER_CLIENT_DRIVER_ID	ms919790	-
LPREGISTER_CLIENT_SETTINGS	ms919792	-
LPREGISTER_NOTIFICATION_ROUTINE	ms919796	-
LPRELEASE_FRAME_LENGTH_CONTROL	ms919800	-
LPRESET_DEFAULT_PIPE	ms919846	-
LPRESET_PIPE	ms902172	-
LPRESUME_DEVICE	ms919865	-
LPSET_DESCRIPTOR	ms920570	-
LPSET_FEATURE	ms920620	-
LPSET_FRAME_LENGTH	ms920634	-
LPSET_INTERFACE	ms920654	-
LPSET_QUEUE_SIZE	ms902174	-
LPSET_REPORT	ms902173	-
LPSUSPEND_DEVICE	aa448184	-
LPSYNC_FRAME	aa448185	-
LPTAKE_FRAME_LENGTH_CONTROL	aa448187	-
LPTRANSFER_NOTIFY_ROUTINE	ms902175	-
LPTRANSLATE_STRING_DESCR	aa448214	-
LPUN_REGISTER_CLIENT_DRIVER_ID	ms902176	-
LPUN_REGISTER_CLIENT_SETTINGS	aa448244	-
LPUN_REGISTER_NOTIFICATION_ROUTINE	ms923105	-
LVBKIMAGE	aa453422	-
LVCOLUMN	aa453423	-
LVFINDINFO	aa453425	-
LVGROUP	aa453426	-
LVGROUPMETRICS	aa453427	-
LVHITTESTINFO	aa453428	-
LVINSERTGROUPSORTED	aa453429	-
LVITEM	aa453430	-
LVM_APPROXIMATEVIEWRECT	aa453431	-
LVM_ARRANGE	aa453432	-
LVM_CREATEDRAGIMAGE	aa453433	-
LVM_DELETEALLITEMS	aa453434	-
LVM_DELETECOLUMN	aa453435	-
LVM_DELETEITEM	aa453436	-
LVM_EDITLABEL	aa453437	-
LVM_ENABLEGROUPVIEW	aa453497	-
LVM_ENSUREVISIBLE	aa453438	-
LVM_FINDITEM	aa453439	-
LVM_GETBKCOLOR	aa453440	-
LVM_GETBKIMAGE	aa453498	-
LVM_GETCALLBACKMASK	aa453441	-
LVM_GETCOLUMN	aa453442	-
LVM_GETCOLUMNORDERARRAY	aa453443	-
LVM_GETCOLUMNWIDTH	aa453445	-
LVM_GETCOUNTPERPAGE	aa453446	-
LVM_GETEDITCONTROL	aa453447	-
LVM_GETEXTENDEDLISTVIEWSTYLE	aa453448	-
LVM_GETGROUPCOUNT	aa453499	-
LVM_GETGROUPINFO	aa453500	-
LVM_GETGROUPINFOBYINDEX	aa453501	-
LVM_GETGROUPMETRICS	aa453502	-
LVM_GETHEADER	aa453449	-
LVM_GETIMAGELIST	aa453450	-
LVM_GETISEARCHSTRING	aa453451	-
LVM_GETITEM	aa453452	-
LVM_GETITEMCOUNT	aa453453	-
LVM_GETITEMPOSITION	aa453454	-
LVM_GETITEMRECT	aa453455	-
LVM_GETITEMSPACING	aa453456	-
LVM_GETITEMSTATE	aa453457	-
LVM_GETITEMTEXT	aa453458	-
LVM_GETNEXTITEM	aa453459	-
LVM_GETNUMBEROFWORKAREAS	aa453460	-
LVM_GETORIGIN	aa453461	-
LVM_GETSELECTEDCOUNT	aa453462	-
LVM_GETSELECTIONMARK	aa453463	-
LVM_GETSTRINGWIDTH	aa453464	-
LVM_GETSUBITEMRECT	aa453465	-
LVM_GETTEXTBKCOLOR	aa453466	-
LVM_GETTEXTCOLOR	aa453467	-
LVM_GETTOOLTIPS	aa453503	-
LVM_GETTOPINDEX	aa453468	-
LVM_GETVIEWRECT	aa453469	-
LVM_GETWORKAREAS	aa453470	-
LVM_HASGROUP	aa453504	-
LVM_HITTEST	aa453471	-
LVM_INSERTCOLUMN	aa453472	-
LVM_INSERTGROUP	aa453505	-
LVM_INSERTGROUPSORTED	aa453506	-
LVM_INSERTITEM	aa453473	-
LVM_ISGROUPVIEWENABLED	aa453507	-
LVM_MAPIDTOINDEX	aa453508	-
LVM_MAPINDEXTOID	aa453509	-
LVM_MOVEGROUP	aa453510	-
LVM_MOVEITEMTOGROUP	aa453511	-
LVM_REDRAWITEMS	aa453474	-
LVM_REMOVEALLGROUPS	aa453512	-
LVM_REMOVEGROUP	aa453513	-
LVM_SCROLL	aa453475	-
LVM_SETBKCOLOR	aa453476	-
LVM_SETBKIMAGE	aa453514	-
LVM_SETCALLBACKMASK	aa453477	-
LVM_SETCOLUMN	aa453478	-
LVM_SETCOLUMNORDERARRAY	aa453479	-
LVM_SETCOLUMNWIDTH	aa453480	-
LVM_SETEXTENDEDLISTVIEWSTYLE	aa453481	-
LVM_SETGROUPINFO	aa453515	-
LVM_SETGROUPMETRICS	aa453516	-
LVM_SETICONSPACING	aa453482	-
LVM_SETIMAGELIST	aa453483	-
LVM_SETINFOTIP	aa453517	-
LVM_SETITEM	aa453484	-
LVM_SETITEMCOUNT	aa453485	-
LVM_SETITEMPOSITION	aa453486	-
LVM_SETITEMPOSITION32	aa453487	-
LVM_SETITEMSTATE	aa453488	-
LVM_SETITEMTEXT	aa453489	-
LVM_SETSELECTIONMARK	aa453490	-
LVM_SETTEXTBKCOLOR	aa453491	-
LVM_SETTEXTCOLOR	aa453492	-
LVM_SETTOOLTIPS	aa453518	-
LVM_SETWORKAREAS	aa453493	-
LVM_SORTGROUPS	aa453519	-
LVM_SORTITEMS	aa453494	-
LVM_SUBITEMHITTEST	aa453495	-
LVM_UPDATE	aa453496	-
LVN_BEGINDRAG	aa453520	-
LVN_BEGINLABELEDIT	aa453521	-
LVN_COLUMNCLICK	aa453522	-
LVN_DELETEALLITEMS	aa453523	-
LVN_DELETEITEM	aa453524	-
LVN_ENDDRAG	aa453525	-
LVN_ENDLABELEDIT	aa453526	-
LVN_GETDISPINFO	aa453527	-
LVN_GETINFOTIP	aa453538	-
LVN_INSERTITEM	aa453528	-
LVN_ITEMACTIVATE	aa453529	-
LVN_ITEMCHANGED	aa453530	-
LVN_ITEMCHANGING	aa453531	-
LVN_KEYDOWN	aa453532	-
LVN_MARQUEEBEGIN	aa453533	-
LVN_ODCACHEHINT	aa453534	-
LVN_ODFINDITEM	aa453535	-
LVN_ODSTATECHANGED	aa453536	-
LVN_SETDISPINFO	aa453537	-
LVSETINFOTIP	aa453539	-
LV_DISPINFO	aa453424	-
LV_FINDINFO	aa453540	-
Language Identifiers and Locales	ms903928	ms921461
Layered Protocols and Provider Chains	aa450109	-
Laying Out Text with Uniscribe	ms917984	-
Lazy-Writer Thread	ms885487	-
LcidToRfc1766	ms918817	ms902831
LdapGetLastError	ms892267	ms920374
LdapMapErrorToWin32	ms892276	ms920378
LdapUTF8ToUnicode	ms892320	ms920401
LdapUnicodeToUTF8	ms892319	ms920395
Learning More About PC Authentication	aa525645	-
LeaveCriticalSection	ms886733	-
Legacy PCMCIA Driver Registry Settings	aa447530	-
Light Color	ms923438	-
Light Direction	ms923904	-
Light Mapping with Textures	ms924108	-
Light Objects	ms924117	-
Light Position, Range, and Attenuation	ms924119	-
Light Properties	ms924120	-
Light Type	ms924122	-
Lighting	ms923982	-
Lighting Equations	ms923988	-
Lighting State	ms924006	-
Lighting Support	ms924016	-
Lighting and Materials	ms923997	-
Lights	ms924121	-
Limitations of SAX	ms862469	-
Limitations to Standalone Services	aa450112	ms938070
Limiting Access to Sensitive Information in the TUI	aa525646	-
Line Drawing	ms892485	-
Line Drawing Acceleration	ms892486	-
Line Lists	ms924124	-
Line Strips	ms924125	-
LineTo	aa453296	-
Linear Texture Filtering	ms924123	-
Link Layer Functionality	aa450114	-
Linksys ISA NE2000	ms892487	-
List Box Styles	aa453299	-
List View Styles	aa453379	-
List-View Controls Macros	ms927751	-
List-View Controls Messages	ms927755	-
List-View Controls Notifications	ms927760	-
List-View Controls Reference	ms927764	-
List-View Controls Structures	ms927769	-
ListView_ApproximateViewRect	aa453304	-
ListView_Arrange	aa453305	-
ListView_CreateDragImage	aa453306	-
ListView_DeleteAllItems	aa453307	-
ListView_DeleteColumn	aa453308	-
ListView_DeleteItem	aa453309	-
ListView_EditLabel	aa453310	-
ListView_EnableGroupView	aa453382	-
ListView_EnsureVisible	aa453311	-
ListView_FindItem	aa453312	-
ListView_GetBkColor	aa453313	-
ListView_GetBkImage	aa453383	-
ListView_GetCallbackMask	aa453314	-
ListView_GetCheckState	aa453315	-
ListView_GetColumn	aa453316	-
ListView_GetColumnOrderArray	aa453317	-
ListView_GetColumnWidth	aa453318	-
ListView_GetCountPerPage	aa453319	-
ListView_GetEditControl	aa453320	-
ListView_GetExtendedListViewStyle	aa453321	-
ListView_GetGroupCount	aa453385	-
ListView_GetGroupInfo	aa453386	-
ListView_GetGroupInfoByIndex	aa453387	-
ListView_GetGroupMetrics	aa453388	-
ListView_GetHeader	aa453322	-
ListView_GetISearchString	aa453324	-
ListView_GetImageList	aa453323	-
ListView_GetItem	aa453325	-
ListView_GetItemCount	aa453326	-
ListView_GetItemPosition	aa453327	-
ListView_GetItemRect	aa453328	-
ListView_GetItemSpacing	aa453329	-
ListView_GetItemState	aa453340	-
ListView_GetItemText	aa453341	-
ListView_GetNextItem	aa453342	-
ListView_GetNumberOfWorkAreas	aa453343	-
ListView_GetOrigin	aa453344	-
ListView_GetSelectedCount	aa453345	-
ListView_GetSelectionMark	aa453346	-
ListView_GetStringWidth	aa453347	-
ListView_GetSubItemRect	aa453348	-
ListView_GetTextBkColor	aa453349	-
ListView_GetTextColor	aa453350	-
ListView_GetToolTips	aa453389	-
ListView_GetTopIndex	aa453351	-
ListView_GetViewRect	aa453352	-
ListView_GetWorkAreas	aa453353	-
ListView_HasGroup	aa453390	-
ListView_HitTest	aa453354	-
ListView_InsertColumn	aa453355	-
ListView_InsertGroup	aa453391	-
ListView_InsertGroupSorted	aa453392	-
ListView_InsertItem	aa453356	-
ListView_IsGroupViewEnabled	aa453393	-
ListView_MapIDToIndex	aa453394	-
ListView_MapIndexToID	aa453395	-
ListView_MoveGroup	aa453396	-
ListView_MoveItemToGroup	aa453397	-
ListView_RedrawItems	aa453357	-
ListView_RemoveAllGroups	aa453398	-
ListView_RemoveGroup	aa453399	-
ListView_Scroll	aa453358	-
ListView_SetBkColor	aa453359	-
ListView_SetBkImage	aa453400	-
ListView_SetCallbackMask	aa453360	-
ListView_SetColumn	aa453361	-
ListView_SetColumnOrderArray	aa453362	-
ListView_SetColumnWidth	aa453363	-
ListView_SetExtendedListViewStyle	aa453364	-
ListView_SetExtendedListViewStyleEx	aa453384	-
ListView_SetGroupInfo	aa453401	-
ListView_SetGroupMetrics	aa453402	-
ListView_SetIconSpacing	aa453365	-
ListView_SetImageList	aa453366	-
ListView_SetInfoTip	aa453403	-
ListView_SetItem	aa453367	-
ListView_SetItemCount	aa453368	-
ListView_SetItemCountEx	aa453369	-
ListView_SetItemPosition	aa453370	-
ListView_SetItemPosition32	aa453371	-
ListView_SetItemState	aa453372	-
ListView_SetItemText	aa453373	-
ListView_SetSelectionMark	aa453374	-
ListView_SetTextBkColor	aa453375	-
ListView_SetTextColor	aa453376	-
ListView_SetToolTips	aa453404	-
ListView_SetWorkAreas	aa453377	-
ListView_SortGroups	aa453405	-
ListView_SortItems	aa453378	-
ListView_SubItemHitTest	aa453380	-
ListView_Update	aa453381	-
List_Connected_Users	ms894568	-
Listing Addresses	aa450115	-
Load Function (Credential Manager)	ms926136	-
LoadAccelerators	aa453407	-
LoadBitmap	aa453409	-
LoadFSD	ms891383	-
LoadFSDEx	ms891384	-
LoadIcon	aa453411	ms924855
LoadImage	aa453413	-
LoadKeyboardLayout	aa453414	-
LoadLibrary	ms886736	-
LoadLibraryEx	ms886737	-
LoadMenu	aa453415	-
LoadOLEAut32	ms932024	-
LoadRegTypeLib	ms892335	ms890751
LoadResource	aa453416	-
LoadString	ms886738	-
LoadTypeLib	ms892336	ms890755
Loading USB Device Drivers	ms894080	-
Local Authentication Plugin (LAP)	ms926480	-
Local Authentication Subsystem (LASS)	ms926467	-
Local Hooking	ms892488	-
Local Intranet Zone Settings	aa452033	ms928732
LocalAlloc	ms886739	-
LocalDestination Element (Instruction Response)	ms895167	ms898408
LocalFileTimeToFileTime	ms886740	-
LocalFree	ms886741	-
LocalReAlloc	ms886742	-
LocalSize	ms886743	-
Locale Enumeration	ms918818	ms902836
Locale Specific Migration	ms904413	-
Locale Specific OS Design Development	ms906477	-
Locale Specific Support	ms906478	-
Locale-based Text and Line Breaking	aa452032	ms902488
Locating a Printer on a Network	aa450117	ms925098
Location Element (Location Response)	ms895172	ms898409
Location Path Examples	ms892340	-
Location Paths	ms892341	-
Location Steps	ms892342	-
Location of Shell Help Files	aa513314	-
Locations Element (Location Response)	ms895177	ms898410
Lock	ms902159	-
LockFileEx	ms891385	-
LockIt Internal Class	ms924129	ms897997
LockResource	aa453417	-
Locking Direct3D Mobile Resources	ms924127	-
Locking Resources	ms924128	-
LogConnectionCreation	ms886745	-
LogConnectionDeletion	ms886746	-
LogDroppedPacket	ms886747	-
LogInit	ms886748	-
Logging Blocked Inbound Packets	ms886695	-
Logical and Physical Stores	ms925931	ms883670
LongDescription Element (Instruction Response)	ms895180	ms898411
Looping Playback	ms924130	-
Lost Devices	ms924132	-
Low Memory Conditions in SideShow	cc664234	-
MAC Element (Poll Request)	ms895184	ms898412
MAKEARGB	ms932026	-
MAKEINTRESOURCE	aa453542	-
MAKELANGID	ms906225	ms921465
MAKELCID	ms906226	ms921466
MAKELPARAM	aa453543	-
MAKELRESULT	ms911640	-
MAKEWPARAM	ms911780	-
MAKE_D3DMHRESULT	ms932027	-
MAPHEADER	ms886750	-
MARGINS	ms906227	-
MAX_DEVICE_IDENTIFIER_STRING	ms932031	-
MCHITTESTINFO	ms911793	-
MCM_GETCOLOR	ms911794	-
MCM_GETCURSEL	ms911795	-
MCM_GETFIRSTDAYOFWEEK	ms911796	-
MCM_GETMAXNONEWIDTH	ms911797	-
MCM_GETMAXSELCOUNT	ms911798	-
MCM_GETMAXTODAYWIDTH	ms911799	-
MCM_GETMINREQRECT	ms911800	-
MCM_GETMONTHDELTA	ms911801	-
MCM_GETMONTHRANGE	ms911802	-
MCM_GETRANGE	ms911803	-
MCM_GETSELRANGE	ms911804	-
MCM_GETTODAY	ms911805	-
MCM_HITTEST	ms911806	-
MCM_SETCOLOR	ms911807	-
MCM_SETCURSEL	ms911808	-
MCM_SETDAYSTATE	ms911809	-
MCM_SETFIRSTDAYOFWEEK	ms911810	-
MCM_SETMAXSELCOUNT	ms911811	-
MCM_SETMONTHDELTA	ms911812	-
MCM_SETRANGE	ms911813	-
MCM_SETSELRANGE	ms911814	-
MCM_SETTODAY	ms911815	-
MCN_GETDAYSTATE	ms911816	-
MCN_SELCHANGE	ms911817	-
MCN_SELECT	ms911818	-
MCN_SELECTNONE	ms911819	-
MDDAllocDataWrapper	ms902178	-
MDDAllocMem	ms902179	-
MDDFreeDataWrapper	ms902181	-
MDDFreeMem	ms902182	-
MEASUREITEMSTRUCT	ms911820	-
MEMBERID	ms892344	ms890763
MEMORYSTATUS	ms886753	-
MEMORY_BASIC_INFORMATION	ms886752	-
MENUITEMINFO	ms911822	-
METHODDATA	ms892346	ms890768
MIB Header Sample	ms894548	ms926989
MIB-II Registry Settings	ms894552	ms907041
MIBICMPINFO	ms894602	-
MIBICMPSTATS	ms894605	-
MIB_BEST_IF	ms894596	-
MIB_ICMP	ms894599	-
MIB_IFROW	ms894611	-
MIB_IFTABLE	ms894615	-
MIB_IPADDRROW	ms894617	-
MIB_IPADDRTABLE	ms894623	-
MIB_IPFORWARDROW	ms894631	-
MIB_IPFORWARDTABLE	ms894637	-
MIB_IPNETROW	ms895069	-
MIB_IPNETTABLE	ms895072	-
MIB_IPSTATS	ms895076	-
MIB_PROXYARP	ms895078	-
MIB_TCPROW	ms895081	-
MIB_TCPSTATS	ms895084	-
MIB_TCPTABLE	ms895089	-
MIB_UDPROW	ms895094	-
MIB_UDPSTATS	ms895097	-
MIB_UDPTABLE	ms895100	-
MIMECONTF	ms918819	ms902845
MIMECPINFO	ms918820	ms902853
MIMECSETINFO	ms918821	ms902860
MIXERCAPS	ms932036	-
MIXERCONTROL	ms932038	-
MIXERCONTROLDETAILS	ms932039	-
MIXERCONTROLDETAILS_BOOLEAN	ms932040	-
MIXERCONTROLDETAILS_LISTTEXT	ms932041	-
MIXERCONTROLDETAILS_SIGNED	ms932042	-
MIXERCONTROLDETAILS_UNSIGNED	ms932043	-
MIXERLINE	ms932050	-
MIXERLINECONTROLS	ms932051	-
MIXEROPENDESC	aa447861	-
MKDIR, MD	ms931429	ms879833
MKRREDUCE	ms892348	ms890778
MKSYS	ms892349	ms890786
MLCONVCHAR	ms918823	ms902489
MLCP	ms918824	ms902490
MLDETECTCP	ms918825	ms902491
MMDRV_MESSAGE_PARAMS	aa447862	-
MMTIME	aa447864	-
MM_MIXM_CONTROL_CHANGE	ms932055	-
MM_MIXM_LINE_CHANGE	ms932056	-
MM_WIM_CLOSE	ms932057	-
MM_WIM_DATA	ms932058	-
MM_WIM_OPEN	ms932059	-
MM_WOM_ATTENUATED	ms932063	-
MM_WOM_CLOSE	ms932060	-
MM_WOM_DONE	ms932061	-
MM_WOM_OPEN	ms932062	-
MODULEENTRY32	ms886756	-
MODULEINFO	ms886757	-
MODULESLIST	ms882814	-
MONIKERPROPERTY	ms918826	ms928906
MONITORINFO	ms932213	ms921268
MOUSEINPUT	ms931454	-
MOVE	ms931456	ms879834
MPEG1VIDEOINFO	ms932232	-
MPEG1_SEQUENCE_INFO	ms932231	-
MPEG2Level	ms932233	-
MPEG2Profile	ms932234	-
MPEG2VIDEOINFO	ms932235	-
MQCloseCursor	ms895103	-
MQCloseQueue	ms895104	-
MQCreateCursor	ms895106	-
MQCreateQueue	ms895108	-
MQDeleteQueue	ms895110	-
MQFreeMemory	ms895113	-
MQGetMachineProperties	ms895115	-
MQGetQueueProperties	ms895117	-
MQHandleToFormatName	ms895119	-
MQMSGPROPS	ms895125	-
MQMgmtAction	ms895121	-
MQMgmtGetInfo	ms895123	-
MQOpenQueue	ms895127	-
MQPROPVARIANT	ms895134	-
MQPathNameToFormatName	ms895130	-
MQQMPROPS	ms895138	-
MQQUEUEPROPS	ms895140	-
MQReceiveMessage	ms895143	-
MQSendMessage	ms895144	-
MQSetQueueProperties	ms895147	-
MSGQUEUEINFO	ms886758	-
MSGQUEUEOPTIONS	ms886759	-
MSHTML Editing	ms905088	ms902205
MSHTML/DHTML API Overview	ms905080	-
MSMQ Application Development	ms898983	-
MSMQ COM Objects	ms886696	-
MSMQ COM Support	ms882757	-
MSMQ Functions	ms886697	-
MSMQ Migration	ms898984	-
MSMQ Modules and Descriptions	ms882831	-
MSMQ OS Design Development	ms882768	-
MSMQ Programming Model	ms882835	-
MSMQ Properties	ms886698	-
MSMQ Reference	ms886699	-
MSMQ Registry Settings	ms882845	-
MSMQ Samples	ms898985	-
MSMQ Security	ms882852	-
MSMQ Structures	ms886700	-
MSMQApplication	ms895149	-
MSMQEvent	ms895150	-
MSMQEvent.Arrived	ms895153	-
MSMQEvent.ArrivedError	ms895154	-
MSMQMessage	ms895156	-
MSMQMessage.Ack	ms895158	-
MSMQMessage.AdminQueueInfo	ms895160	-
MSMQMessage.AppSpecific	ms895163	-
MSMQMessage.ArrivedTime	ms895164	-
MSMQMessage.AuthLevel	ms895166	-
MSMQMessage.Body	ms895169	-
MSMQMessage.BodyLength	ms895170	-
MSMQMessage.Class	ms895173	-
MSMQMessage.CorrelationId	ms895174	-
MSMQMessage.Delivery	ms895176	-
MSMQMessage.DestinationQueueInfo	ms895178	-
MSMQMessage.EncryptAlgorithm	ms895181	-
MSMQMessage.Extension	ms895182	-
MSMQMessage.HashAlgorithm	ms895185	-
MSMQMessage.Id	ms895186	-
MSMQMessage.IsAuthenticated	ms895189	-
MSMQMessage.Journal	ms895190	-
MSMQMessage.Label	ms895193	-
MSMQMessage.MaxTimeToReachQueue	ms895194	-
MSMQMessage.MaxTimeToReceive	ms895196	-
MSMQMessage.Priority	ms895199	-
MSMQMessage.PrivLevel	ms895200	-
MSMQMessage.ResponseQueueInfo	ms895203	-
MSMQMessage.Send	ms895204	-
MSMQMessage.SenderCertificate	ms895207	-
MSMQMessage.SenderId	ms895208	-
MSMQMessage.SenderIdType	ms895211	-
MSMQMessage.SentTime	ms895212	-
MSMQMessage.SourceMachineGuid	ms895215	-
MSMQMessage.Trace	ms895217	-
MSMQQuery	ms895219	-
MSMQQueue	ms895221	-
MSMQQueue.Access	ms895224	-
MSMQQueue.Close	ms895225	-
MSMQQueue.EnableNotification	ms895228	-
MSMQQueue.Handle	ms895231	-
MSMQQueue.IsOpen	ms895276	-
MSMQQueue.Peek	ms895279	-
MSMQQueue.PeekCurrent	ms895281	-
MSMQQueue.PeekNext	ms895284	-
MSMQQueue.QueueInfo	ms895286	-
MSMQQueue.Receive	ms895287	-
MSMQQueue.ReceiveCurrent	ms895289	-
MSMQQueue.Reset	ms895614	-
MSMQQueue.ShareMode	ms895653	-
MSMQQueueInfo	ms895232	-
MSMQQueueInfo.Authenticate	ms895234	-
MSMQQueueInfo.BasePriority	ms895236	-
MSMQQueueInfo.Create	ms895238	-
MSMQQueueInfo.CreateTime	ms895240	-
MSMQQueueInfo.Delete	ms895241	-
MSMQQueueInfo.FormatName	ms895244	-
MSMQQueueInfo.IsTransactional	ms895245	-
MSMQQueueInfo.IsWorldReadable	ms895248	-
MSMQQueueInfo.Journal	ms895249	-
MSMQQueueInfo.JournalQuota	ms895252	-
MSMQQueueInfo.Label	ms895253	-
MSMQQueueInfo.ModifyTime	ms895256	-
MSMQQueueInfo.Open	ms895257	-
MSMQQueueInfo.PathName	ms895260	-
MSMQQueueInfo.PrivLevel	ms895261	-
MSMQQueueInfo.QueueGuid	ms895264	-
MSMQQueueInfo.Quota	ms895266	-
MSMQQueueInfo.Refresh	ms895268	-
MSMQQueueInfo.ServiceTypeGuid	ms895272	-
MSMQQueueInfo.Update	ms895275	-
MSMQQueueInfos	ms895270	-
MSR_START	ms932236	-
MSR_STOP	ms932237	-
MUI Font Linking	ms903933	-
MUI Implementation	ms903934	-
MUI Locale Considerations	ms903935	-
MUI Resource DLLs	ms903947	-
MULTI_QI	ms892354	ms890798
MXDM_CLOSE	aa447867	-
MXDM_GETCONTROLDETAILS	aa447868	-
MXDM_GETDEVCAPS	aa447869	-
MXDM_GETLINECONTROLS	aa447870	-
MXDM_GETLINEINFO	aa447871	-
MXDM_GETNUMDEVS	aa447872	-
MXDM_INIT	aa447873	-
MXDM_OPEN	aa447874	-
MXDM_SETCONTROLDETAILS	aa447875	-
Machine Name to IP Address Maps	aa450118	ms901928
Machine or Hardware Inventory Report	ms894542	ms899009
MachineInventorySettings Element (Poll Response)	ms895191	ms899001
Maintaining Route Tables for IPv4	aa450120	-
Maintaining Route Tables for IPv6	aa450121	-
MakeSignature	ms926142	-
ManagementSystem Element (Poll Request)	ms895195	ms899010
Managing Certificates with Certificate Stores	ms925933	-
Managing IP Addresses	ms882519	-
Managing IPv4 Routes	ms882649	-
Managing IPv6 Routes	ms882660	-
Managing Interfaces	aa450123	-
Managing Linked System Fonts	ms903929	-
Managing Memory	ms862477	ms920142
Managing Network Adapters	ms882630	-
Managing Network Connections with WNet	ms882641	-
Managing Resources	ms924134	-
Managing Routing	ms882665	-
Managing a Certificate Store's State	ms925932	ms883676
Managing the Summary and Details Panes	ms861670	-
Manipulating Directories on an FTP Server	ms904973	-
Manipulating File Times	ms885501	-
Manipulating Resources	ms924135	-
Manually Configuring IPv6 Addresses	ms899789	-
Manually Configuring an IPv4 Address	ms882681	-
Manually Validating Schannel Credentials	ms925934	-
MapDialogRect	ms911788	-
MapNtStatusToWinError	ms902177	-
MapViewOfFile	ms891386	-
MapVirtualKey	ms911789	-
MapWindowPoints	ms911790	-
MapWindowRect	ms911791	-
Mapping Code Pages to Script IDs	ms905065	-
Mapping Hardware to TUI Functionality	aa525647	-
Mapping a File Extension to Content-Type	ms882693	-
Mapping an IP Multicast Address	ms882704	ms911709
Marshaling Support	ms862492	ms890759
MaskBlt	ms911792	-
Master Key Protection in LASS	ms925935	-
Master Key Storage	ms885505	-
MatchTarget	ms926147	-
MatchUser	ms926153	-
Material Properties	ms924137	-
Materials	ms924138	-
Math Helper Functions	ms932030	-
Maximum Transmission Unit (MTU)	ms882717	-
MddDisconnect	ms902180	-
MddIndicateRndisMessage	ms902183	-
MddIndicateRndisPacket	ms902184	-
MddSendRndisPacketComplete	ms902185	-
Media Manager Responsibilities	aa525648	-
Media Sense Implementation	ms892490	-
Media Type Functions	ms932032	-
Media/Audio Codecs and Renderers	aa451186	-
Media/DVD-Video API	ms932590	-
Media/Digital Rights Management	ms940097	-
Media/DirectShow	ms940098	-
Media/Four-Character Codes (FOURCC)	ms923379	-
Media/Media Formats	ms924140	-
Media/Streaming Media Playback	ms924649	-
Media/Video Codecs and Renderers	aa451458	-
Media/WMA and MP3 Local Playback	ms925275	-
Media/WMA and MP3 Streaming	ms925276	-
Media/Windows Media	ms932641	-
MediaInfo	ms894570	-
MediaRendererDevice	ms894574	-
MediaRendererDevice Constructor	ms894576	-
MediaRendererDevice::GetConnectionManager	ms894578	-
MediaServerDevice	ms894581	-
MediaServerDevice Constructor	ms894584	-
MediaServerDevice::GetConnectionManager	ms894587	-
MediaServerDevice::GetContentDirectory	ms894589	-
MediaSpecificInformation	aa447840	-
Medium	ms894592	-
Memory Management Functions	aa450751	-
Memory Management Structures	aa450753	-
Memory Mapping a File	ms885512	-
Memory Pools in Direct3D Mobile	ms924145	-
Memory Use and Buffers	ms925936	-
Memory Utilization	ms892493	-
Menus and Fonts	ms903931	-
Merit	ms932034	-
Message Box Styles	ms911829	-
Message Class Filter (COM)	ms882728	-
Message Conversion	ms882745	-
Message Element	ms862516	-
Message Function	ms932035	-
Message Queue Point-to-Point Functions	aa450754	-
Message Queue Point-to-Point Structures	aa450756	-
Message Queuing	ms898982	-
Message Routing	ms882779	-
MessageBeep	ms911826	-
MessageBox	ms911827	-
Methods for Configuring IPv6 Addresses	aa450082	-
Microsoft Challenge-Handshake Authentication Protocol 2.0 (MS CHAP V2)	ms882787	ms899189
Microsoft Cryptographic System	ms925937	-
Microsoft DSS and Diffie-Hellman Cryptographic Provider	ms925938	-
Microsoft Enhanced Cryptographic Provider	ms925939	ms884656
Microsoft RSA Base Provider	ms925940	ms884379
Microsoft SAX2 COM Implementation	ms862526	-
Microsoft Speech SDK Overview	ms862156	-
Migrating a Serial Port Driver	ms895498	-
Migrating the Keyboard DLL Without Conforming to the Layout Manager Interface	aa448259	-
Migrating the Keyboard PDD Without Conforming to the Layout Manager Interface	aa448260	-
Migrating to New Initialization and Provisioning APIs	aa525649	-
Minimal COM Supported APIs	ms862537	ms885918
Miniport Driver Registry Settings	ms892495	-
Miniport Operations	ms892497	-
MiniportCancelSendPackets	aa447841	-
MiniportCheckForHang	aa447842	-
MiniportDisableInterrupt	aa447843	-
MiniportEnableInterrupt	aa447844	-
MiniportHalt	aa447845	-
MiniportHandleInterrupt	aa447846	-
MiniportISR	aa447848	-
MiniportInitialize	aa447847	-
MiniportQueryInformation	aa447849	-
MiniportReconfigure	aa447850	-
MiniportReset	aa447851	-
MiniportReturnPacket	aa447852	-
MiniportSend	aa447853	-
MiniportSendPackets	aa447854	-
MiniportSetInformation	aa447855	-
MiniportShutdown	aa447856	-
MiniportSynchronizeISR	aa447857	-
MiniportTimer	aa447858	-
MiniportTransferData	aa447859	-
MiniportWanSend	aa447860	-
Mirror Texture Address Mode	ms924147	-
Miscellaneous Macros	ms924148	-
Mixer Architecture	ms924149	-
Mixer Device Queries	ms924150	-
Mixing Formats Within a Single Texture	ms924151	-
MkParseDisplayName	ms892347	ms890774
MkParseDisplayNameEx	ms918822	ms928905
MmMapIoSpace	aa447863	-
MmUnmapIoSpace	aa447865	-
MoCopyMediaType	ms932064	ms898001
MoCreateMediaType	ms932065	ms898002
MoDeleteMediaType	ms932066	ms898003
MoDuplicateMediaType	ms932067	ms898004
MoFreeMediaType	ms932068	ms898005
MoInitMediaType	ms932077	ms898006
Modifying Control Position and Acceleration	aa452681	-
Modifying Returned Contact Information	ms862559	-
Modifying TUI Dial Plans	aa525650	-
Modifying TUI Strings, Icons, and Other UI Elements	aa525651	-
Modifying Tree-View Item Appearance	aa452683	-
Modifying Windows Messenger Help	ms861676	-
Modifying a Directory Entry	ms862548	ms920150
Modifying the ASP Page	ms925941	ms897929
Modifying the Sort Order	ms885588	-
Module32First	ms886754	-
Module32Next	ms886755	-
MonikerCommonPrefixWith	ms892350	ms890790
MonikerRelativePathTo	ms892351	ms890794
MonitorEnumProc	ms932091	ms921264
MonitorFromPoint	ms932198	ms921265
MonitorFromRect	ms932208	ms921266
MonitorFromWindow	ms932212	ms921267
Month Calendar Control Styles	ms931430	-
Month Calendar Controls Macros	ms927836	-
Month Calendar Controls Messages	ms927842	-
Month Calendar Controls Notifications	ms927846	-
Month Calendar Controls Reference	ms927850	-
Month Calendar Controls Structures	ms927853	-
MonthCal_GetColor	ms931431	-
MonthCal_GetCurSel	ms931432	-
MonthCal_GetFirstDayOfWeek	ms931433	-
MonthCal_GetMaxSelCount	ms931434	-
MonthCal_GetMaxTodayWidth	ms931435	-
MonthCal_GetMinReqRect	ms931436	-
MonthCal_GetMonthDelta	ms931437	-
MonthCal_GetMonthRange	ms931438	-
MonthCal_GetRange	ms931439	-
MonthCal_GetSelRange	ms931440	-
MonthCal_GetToday	ms931441	-
MonthCal_HitTest	ms931442	-
MonthCal_SetColor	ms931443	-
MonthCal_SetCurSel	ms931445	-
MonthCal_SetDayState	ms931446	-
MonthCal_SetFirstDayOfWeek	ms931447	-
MonthCal_SetMaxSelCount	ms931448	-
MonthCal_SetMonthDelta	ms931449	-
MonthCal_SetRange	ms931450	-
MonthCal_SetSelRange	ms931451	-
MonthCal_SetToday	ms931452	-
Mount Settings	aa517913	-
MountPartition	ms891387	-
Mounted Database Example	ms885699	-
Mounting an Installable File System as the Root Directory	ms885839	ms900453
Mounting and Unmounting a Database Volume	ms885833	-
MoveFile	ms891388	-
MoveToEx	ms931457	-
MoveWindow	ms931458	-
Moving a Battery Driver from GWES to Device Manager	ms895500	-
Moving a Notification LED Driver from GWES to Device Manager	ms895501	-
Moving and Copying Files and Directories	ms885849	-
MsgWaitForMultipleObjects	ms931460	-
MsgWaitForMultipleObjectsEx	ms931461	-
Multi-Function Cards	ms892501	-
Multi-Packet Messages	ms892502	-
Multi-User Support in EDB	ms885858	-
MultiByteToWideChar	ms886760	-
MultiLanguage	ms918827	ms902865
Multicast Extensions to Windows Sockets	ms882863	-
Multicast IPv6 Addresses	ms882950	-
Multicast Listener Discovery (MLD)	ms882958	-
Multihoming for IPv4	ms882965	-
Multihoming for IPv6	ms882973	-
Multilingual User Interface (MUI)	ms904030	-
Multilingual User Interface (MUI) Application Development	ms904140	-
Multilingual User Interface (MUI) Functions	ms906479	-
Multilingual User Interface (MUI) Migration	ms904148	-
Multilingual User Interface (MUI) OS Design Development	ms906480	-
Multilingual User Interface (MUI) Reference	ms903724	-
Multilingual User Interface (MUI) Registry	ms885870	-
Multilingual User Interface (MUI) Registry Settings	ms904414	-
Multilingual User Interface (MUI) Samples	ms904152	-
Multilingual User Interface (MUI) Security	ms904158	-
Multipass Texture Blending	ms924159	-
Multiple Dictionary Support for Japanese	ms904167	-
Multiple IME Support	ms904172	-
Multiple Input Language Support	ms904378	-
Multiple Public Interface Support	ms882984	-
Multiple Screen Driver Support	ms892503	-
Multiple Screens Application Development/Enumerating Screens	ms923224	-
Multiple Screens Application Development/HMONITOR and the Device Context	ms923405	-
Multiple Screens Application Development/Obtaining System Metrics for Multiple Screens	ms924169	-
Multiple Screens Application Development/Positioning Objects on Multiple Screens	ms924572	-
Multiple Screens Application Development/The Virtual Screen	aa451392	-
Multiple Screens Application Development/Using Colors on Multiple Displays	aa451420	-
Multiple Screens Application Development/Using Multiple Screen Applications on Different Systems	aa451431	-
Multiple Screens Application Development/Using Older Programs on Multiple Screen Systems	aa451432	-
Multiple Screens How-to Topics/How to Support Multiple Screens on a Device	ms925327	-
Multiple Screens Reference/Multiple Screens Functions	ms925315	-
Multiple Screens Reference/Multiple Screens Structures	ms925317	-
Multiple Screens Structures/MONITORINFOEX	ms932214	-
Multiple Screens/Multiple Screens Application Development	ms932614	-
Multiple Screens/Multiple Screens How-to Topics	ms932620	-
Multiple Screens/Multiple Screens Migration	ms924161	-
Multiple Screens/Multiple Screens OS Design Development	ms924162	-
Multiple Screens/Multiple Screens Reference	ms925316	-
Multiple Screens/Multiple Screens Registry Settings	ms924163	-
Multiple Screens/Multiple Screens Samples	ms932708	-
Multiple Screens/Multiple Screens Security	ms924164	-
Multiple Texture Blending	ms924165	-
Multiple Transport Protocols	ms882991	-
Multiple Web Site Registry Settings	ms900390	-
Multipoint Attributes in the WSAPROTOCOL_INFOW Structure	ms883014	ms910193
Multipoint Socket Attributes	ms883026	ms910194
Multipoint Taxonomy and Glossary	ms883035	ms910195
Multisampling in the Driver	ms892504	-
MustUnderstandHeaderEntries Property	ms892355	-
MyFSD_CloseFile	ms891389	-
MyFSD_CloseVolume	ms891390	-
MyFSD_CreateDirectoryW	ms891391	-
MyFSD_CreateFileW	ms891392	-
MyFSD_DeleteAndRenameFileW	ms891393	-
MyFSD_DeleteFileW	ms891394	-
MyFSD_DeviceIoControl	ms891395	-
MyFSD_FindClose	ms891396	-
MyFSD_FindFirstFileW	ms891397	-
MyFSD_FindNextFileW	ms891398	-
MyFSD_FlushFileBuffers	ms891399	-
MyFSD_FsIoControl	ms891419	-
MyFSD_GetDiskFreeSpaceW	ms891400	-
MyFSD_GetFileAttributesW	ms891401	-
MyFSD_GetFileInformationByHandle	ms891402	-
MyFSD_GetFileSize	ms891403	-
MyFSD_GetFileTime	ms891404	-
MyFSD_GetVolumeInfo	aa517925	-
MyFSD_LockFileEx	aa517926	-
MyFSD_MountDisk	ms891405	-
MyFSD_MoveFileW	ms891406	-
MyFSD_Notify	ms891407	-
MyFSD_ReadFile	ms891408	-
MyFSD_ReadFileScatter	aa517927	-
MyFSD_ReadFileWithSeek	ms891409	-
MyFSD_RegisterFileSystemFunction	ms891410	-
MyFSD_RemoveDirectoryW	ms891411	-
MyFSD_SetEndOfFile	ms891412	-
MyFSD_SetFileAttributesW	ms891413	-
MyFSD_SetFilePointer	ms891414	-
MyFSD_SetFileTime	ms891415	-
MyFSD_UnLockFileEx	aa517928	-
MyFSD_UnmountDisk	ms891416	-
MyFSD_WriteFile	ms891417	-
MyFSD_WriteFileGather	aa517929	-
MyFSD_WriteFileWithSeek	ms891418	-
NAME	ms932239	-
NASDAQ Level II Client	ms862575	-
NAT	ms883107	-
NAT Address Mapping	aa525652	-
NAT Editor	ms883109	-
NAT Editor Functions	ms883110	ms901934
NAT Editor Initialization and Registration	ms883112	ms901926
NAT Editor Operation	ms883113	ms901932
NAT Firewall Packet Logging	ms883114	ms901886
NAT Packet Filter	ms883121	ms901933
NAT Traversal	ms883122	-
NAT Traversal Operation	ms883124	ms901906
NAT Traversal in Internet Gateways	ms883123	ms901901
NAT and Applications	ms883108	-
NATIVEWIFI	ms883120	-
NDIS Adapter Binding Management APIs	ms892505	-
NDIS Assumptions for Media Sense Support	ms892507	-
NDIS Data Types	ms894959	-
NDIS Debug	aa447933	-
NDIS Driver Portability	ms892510	-
NDIS Driver Upper-Edge Functions	ms892512	-
NDIS Ethernet Objects	ms892513	-
NDIS Events	ms892514	-
NDIS IrDA Objects	ms892516	-
NDIS Library Functions	ms894961	-
NDIS Library Functions Used by WAN Miniport Drivers	ms892517	-
NDIS Lower-Edge Functions	ms895357	-
NDIS Messages	ms895360	-
NDIS Miniport Driver Implementation	ms923730	-
NDIS Miniport Driver Samples	ms892518	-
NDIS Network Wakeup Objects	ms892519	-
NDIS Objects for WAN Miniports	ms892521	-
NDIS Packet Capturing	ms898987	-
NDIS Packet Capturing Application Development	ms883126	-
NDIS Packet Capturing Migration	ms883127	-
NDIS Packet Capturing OS Development	ms883125	-
NDIS Packet Capturing Security	ms883128	-
NDIS Packet Structure	ms892522	-
NDIS Plug and Play Support	ms892523	-
NDIS Power Management Objects	ms892524	-
NDIS Protocol Driver Lower-Edge Functions	ms892525	-
NDIS Protocol Driver Registration	ms892526	-
NDIS Structures	ms895365	-
NDIS Support in Windows CE	ms892515	-
NDIS TAPI Objects	ms892529	-
NDIS Task Offload Objects	ms892530	-
NDIS Timers	ms892531	-
NDIS Token Ring Objects	ms892532	-
NDIS Upper-Edge Functions	ms895373	-
NDIS Wake-on-LAN Support	ms892538	-
NDISTAPI Object Identifiers	ms895367	-
NDISUIO Binding and Unbinding	ms892533	-
NDISUIO Driver Registration	ms892534	-
NDISUIO Operations	ms892536	-
NDISUIO_DEVICE_NOTIFICATION	ms905030	-
NDISUIO_OPEN_CONTEXT	ms905031	-
NDISUIO_QUERY_BINDING	ms905032	-
NDISUIO_QUERY_OID	ms905033	-
NDISUIO_REQUEST_NOTIFICATION	aa448323	-
NDISUIO_SET_OID	ms905034	-
NDISWAN Object Identifiers	ms895377	-
NDIS_802_11_ANTENNA	aa447876	-
NDIS_802_11_AUTHENTICATION_MODE	aa447877	-
NDIS_802_11_BSSID_LIST	aa447878	-
NDIS_802_11_CONFIGURATION	aa447879	-
NDIS_802_11_CONFIGURATION_FH	aa447880	-
NDIS_802_11_FRAGMENTATION_THRESHOLD	aa447881	-
NDIS_802_11_KEY_INDEX	aa447882	-
NDIS_802_11_MAC_ADDRESS	aa447883	-
NDIS_802_11_NETWORK_INFRASTRUCTURE	aa447884	-
NDIS_802_11_NETWORK_TYPE	aa447885	-
NDIS_802_11_NETWORK_TYPE_LIST	aa447886	-
NDIS_802_11_POWER_MODE	aa447887	-
NDIS_802_11_PRIVACY_FILTER	aa447889	-
NDIS_802_11_RATES	aa447890	-
NDIS_802_11_RELOAD_DEFAULTS	aa447891	-
NDIS_802_11_RSSI	aa447892	-
NDIS_802_11_RTS_THRESHOLD	aa447893	-
NDIS_802_11_SSID	aa447894	-
NDIS_802_11_STATISTICS	aa447895	-
NDIS_802_11_TX_POWER_LEVEL	aa447896	-
NDIS_802_11_WEP	aa447897	-
NDIS_802_11_WEP_STATUS	aa447898	-
NDIS_802_5_RING_STATE	aa447899	-
NDIS_BUFFER	aa447913	-
NDIS_BUFFER_LINKAGE	aa447915	-
NDIS_BUFFER_TO_SPAN_PAGES	aa447916	-
NDIS_CONFIGURATION_PARAMETER	aa447928	-
NDIS_ENCAPSULATION_FORMAT	aa447943	-
NDIS_ERROR_CODE	aa447948	-
NDIS_GET_ORIGINAL_PACKET	aa447969	-
NDIS_GET_PACKET_CANCEL_ID	aa447971	-
NDIS_GET_PACKET_HEADER_SIZE	aa447973	-
NDIS_GET_PACKET_MEDIA_SPECIFIC_INFO	aa447974	-
NDIS_GET_PACKET_PROTOCOL_TYPE	aa447975	-
NDIS_GET_PACKET_STATUS	aa447976	-
NDIS_GET_PACKET_TIME_RECEIVED	aa447977	-
NDIS_GET_PACKET_TIME_SENT	aa447978	-
NDIS_GET_PACKET_TIME_TO_SEND	aa447979	-
NDIS_HANDLE	aa447986	-
NDIS_INIT_FUNCTION	aa448003	-
NDIS_INTERFACE_TYPE	aa448011	-
NDIS_INTERRUPT_MODE	aa448018	-
NDIS_MAC_FRAGMENT	aa448019	-
NDIS_MAC_LINE_DOWN	aa448020	-
NDIS_MAC_LINE_UP	aa448021	-
NDIS_MEDIUM	aa448032	-
NDIS_MINIPORT_CHARACTERISTICS	aa448041	-
NDIS_OID	ms904076	-
NDIS_OOB_DATA_FROM_PACKET	ms904077	-
NDIS_PACKET	ms904084	-
NDIS_PACKET_EXTENSION	ms904085	-
NDIS_PACKET_EXTENSION_FROM_PACKET	ms904086	-
NDIS_PACKET_OOB_DATA	ms904087	-
NDIS_PACKET_STACK	ms904089	-
NDIS_PARAMETER_TYPE	ms904090	-
NDIS_PER_PACKET_INFO_FROM_PACKET	ms904091	-
NDIS_PHYSICAL_ADDRESS	ms904092	-
NDIS_PHYSICAL_ADDRESS_CONST	ms904093	-
NDIS_PM_PACKET_PATTERN	ms904094	-
NDIS_PM_WAKE_UP_CAPABILITIES	ms904095	-
NDIS_PNP_CAPABILITIES	ms904096	-
NDIS_PROC	ms904098	-
NDIS_PROTOCOL_CHARACTERISTICS	ms904099	-
NDIS_REQUEST	ms904419	-
NDIS_SET_ORIGINAL_PACKET	ms904964	-
NDIS_SET_PACKET_CANCEL_ID	ms904967	-
NDIS_SET_PACKET_HEADER_SIZE	ms904969	-
NDIS_SET_PACKET_MEDIA_SPECIFIC_INFO	ms904970	-
NDIS_SET_PACKET_STATUS	ms904971	-
NDIS_SET_PACKET_TIME_RECEIVED	ms904972	-
NDIS_SET_PACKET_TIME_SENT	ms904974	-
NDIS_SET_PACKET_TIME_TO_SEND	ms904975	-
NDIS_STATUS	ms904981	-
NDIS_STRING	ms904983	-
NDIS_TAPI_ACCEPT	ms904985	-
NDIS_TAPI_ANSWER	ms904986	-
NDIS_TAPI_CLOSE	ms904987	-
NDIS_TAPI_CLOSE_CALL	ms904988	-
NDIS_TAPI_CONDITIONAL_MEDIA_DETECTION	ms904989	-
NDIS_TAPI_CONFIG_DIALOG	ms904990	-
NDIS_TAPI_DEV_SPECIFIC	ms904991	-
NDIS_TAPI_DIAL	ms904992	-
NDIS_TAPI_DROP	ms904993	-
NDIS_TAPI_EVENT	ms904995	-
NDIS_TAPI_GET_ADDRESS_CAPS	ms904996	-
NDIS_TAPI_GET_ADDRESS_ID	ms904997	-
NDIS_TAPI_GET_ADDRESS_STATUS	ms904998	-
NDIS_TAPI_GET_CALL_ADDRESS_ID	ms905001	-
NDIS_TAPI_GET_CALL_INFO	ms905002	-
NDIS_TAPI_GET_CALL_STATUS	ms905003	-
NDIS_TAPI_GET_DEV_CAPS	ms905004	-
NDIS_TAPI_GET_DEV_CONFIG	ms905005	-
NDIS_TAPI_GET_EXTENSION_ID	ms905006	-
NDIS_TAPI_GET_ID	ms905007	-
NDIS_TAPI_GET_LINE_DEV_STATUS	ms905008	-
NDIS_TAPI_MAKE_CALL	ms905009	-
NDIS_TAPI_NEGOTIATE_EXT_VERSION	ms905010	-
NDIS_TAPI_OPEN	ms905011	-
NDIS_TAPI_PROVIDER_INITIALIZE	ms905012	-
NDIS_TAPI_PROVIDER_SHUTDOWN	ms905013	-
NDIS_TAPI_SECURE_CALL	ms905014	-
NDIS_TAPI_SELECT_EXT_VERSION	ms905015	-
NDIS_TAPI_SEND_USER_USER_INFO	ms905016	-
NDIS_TAPI_SET_APP_SPECIFIC	ms905017	-
NDIS_TAPI_SET_CALL_PARAMS	ms905018	-
NDIS_TAPI_SET_DEFAULT_MEDIA_DETECTION	ms905019	-
NDIS_TAPI_SET_DEV_CONFIG	ms905020	-
NDIS_TAPI_SET_MEDIA_MODE	ms905021	-
NDIS_TAPI_SET_STATUS_MESSAGES	ms905022	-
NDIS_TASK_OFFLOAD	ms905023	-
NDIS_TASK_OFFLOAD_HEADER	ms905024	-
NDIS_TASK_TCP_IP_CHECKSUM	ms905025	-
NDIS_TASK_TCP_LARGE_SEND	ms905026	-
NDIS_TCP_IP_CHECKSUM_PACKET_INFO	ms905027	-
NDIS_WAN_COMPRESS_INFO	ms905042	-
NDIS_WAN_GET_COMP_INFO	ms905043	-
NDIS_WAN_GET_LINK_INFO	ms905044	-
NDIS_WAN_GET_STATS_INFO	ms905045	-
NDIS_WAN_INFO	ms905046	-
NDIS_WAN_LINE_DOWN	ms905047	-
NDIS_WAN_LINE_UP	ms905048	-
NDIS_WAN_MEDIUM_SUBTYPE	ms905049	-
NDIS_WAN_PACKET	ms905050	-
NDIS_WAN_SET_COMP_INFO	ms905051	-
NDIS_WAN_SET_LINK_INFO	ms905052	-
NDIS_WLAN_BSSID	ms905053	-
NDIS_WORK_ITEM	ms905054	-
NETLOG	ms883130	-
NETRESOURCE	ms895665	ms925117
NETWORK	ms883132	-
NETWORK_ADDRESS	ms905285	-
NETWORK_ADDRESS_LIST	ms905288	-
NEWCPLINFO	ms931468	-
NEWTEXTMETRIC	ms901141	ms900732
NIC Instance Specific Registry Settings	ms892544	-
NIC_STATISTICS	ms905292	-
NKDbgPrintfW	aa451081	-
NLED_COUNT_INFO	ms905297	-
NLED_SETTINGS_INFO	ms905326	-
NLED_SUPPORTS_INFO	ms905332	-
NLS Registry Settings	ms904189	-
NLedDriverGetDeviceInfo	ms905300	-
NLedDriverInitialize	ms905305	-
NLedDriverPowerDown	ms905309	-
NLedDriverSetDevice	ms905313	-
NLedGetDeviceInfo	ms905318	-
NLedSetDevice	ms905321	-
NMCUSTOMDRAW	ms931470	-
NMDATETIMECHANGE	ms931471	-
NMDATETIMEFORMAT	ms931472	-
NMDATETIMEFORMATQUERY	ms931473	-
NMDATETIMESTRING	ms931474	-
NMDATETIMEWMKEYDOWN	ms931475	-
NMDAYSTATE	ms931476	-
NMHDDISPINFO	ms931478	-
NMHDR	ms931479	-
NMHEADER	ms931480	-
NMKEY	ms931482	-
NMLISTVIEW	ms931605	-
NMLVCACHEHINT	ms931617	-
NMLVCUSTOMDRAW	ms931627	-
NMLVFINDITEM	ms931633	-
NMLVGETINFOTIP	ms931639	-
NMLVKEYDOWN	ms931645	-
NMLVODSTATECHANGE	ms931653	-
NMMOUSE	ms931655	-
NMNEWMENU	ms931659	-
NMN_GETAPPREGKEY	ms931663	-
NMN_GETPROPERTYBAG	ms931668	-
NMN_INVOKECOMMAND	ms931673	-
NMN_NEWBUTTONUPDATED	ms931677	-
NMN_NEWMENUDESTROY	ms931683	-
NMRBAUTOSIZE	ms911836	-
NMREBAR	ms911851	-
NMSELCHANGE	ms911859	-
NMTCKEYDOWN	ms911862	-
NMTOOLBAR	ms911863	-
NMTTCUSTOMDRAW	ms911865	-
NMTTDISPINFO	ms911866	-
NMTVCUSTOMDRAW	ms911867	-
NMTVKEYDOWN	ms911869	-
NMUPDOWN	ms911870	-
NM_CLICK	ms931469	-
NM_CUSTOMDRAW	ms911871	-
NM_DBLCLK	ms931477	-
NM_HOVER	ms931481	-
NM_KEYDOWN	ms931483	-
NM_KILLFOCUS	ms931492	-
NM_OUTOFMEMORY	ms911834	-
NM_RCLICK	ms911841	-
NM_RDBLCLK	ms911846	-
NM_RETURN	ms911856	-
NM_SETFOCUS	ms911861	-
NM_TREEVIEW	ms911864	-
NODECONTAINERTYPE	ms895690	ms863400
NOTE through NOTE5 Macros	ms932242	-
NOTIFYICONDATA	ms911889	-
NOTIFYICONDATAA (NIF_MESSAGE=1, NIF_ICON=2, NIF_TIP=4 -> derived)	https://learn.microsoft.com/en-us/windows/win32/api/shellapi/ns-shellapi-notifyicondataa	-
NOTIFYOFNEWCONNECTION	ms892585	-
NSPCleanup	ms895725	-
NSPGetServiceClassInfo	ms895733	-
NSPInstallServiceClass	ms895740	-
NSPLookupServiceBegin	ms895748	-
NSPLookupServiceEnd	ms895751	-
NSPLookupServiceNext	ms895756	-
NSPRemoveServiceClass	ms895758	-
NSPSetService	ms895766	-
NSPStartup	ms895771	-
NSP_Routine	ms895763	-
NS_SERVICE_INFO	ms895775	-
NTE error codes	aa451033	-
NTLM Authentication and RTC	aa525653	-
NTLM Security Support Provider	ms925943	-
NTLMAddGroup	ms926159	-
NTLMAddUserToGroup	ms926164	-
NTLMDeleteUser	ms926171	-
NTLMEnumGroups	ms926178	-
NTLMEnumUser	ms926183	-
NTLMGetGroupList	ms926187	-
NTLMGetUserList	ms926195	-
NTLMRemoveGroup	ms926201	-
NTLMRemoveUserFromGroup	ms926207	-
NTLMSetUserInfo	ms926215	-
NUMBERFMT	ms906228	ms921467
NVFOCUS_DIRECTION	ms918828	ms907258
NaN Values	ms862568	-
Nagle Algorithm	ms883043	-
Name Element (Instruction Response)	ms895198	ms899012
Name Element (Location Request)	ms895202	ms899014
Name Element (Location Response)	ms895206	ms899013
Name Element (Poll Request)	ms895210	ms899011
Name Registration for IPv4	ms883051	-
Name Resolution Data Structures	ms883065	ms910198
Name Resolution Data Structures in the SPI	ms883073	ms910199
Name Resolution Division of Responsibilities Between DLL and Service Providers	ms883081	ms910200
Name Resolution Functions	ms883096	-
Name Resolution Model	ms883098	ms910201
Name Resolution Service Provider Requirements	ms883099	-
Name Resolution and Winsock	ms883059	-
Name Resolution for IPv4 Using the Cache	ms883100	-
Name Resolution for IPv6 Using the Cache	ms883089	-
Namespace Organization	ms883101	ms910203
Namespace Provider Architecture	ms883102	ms910204
Namespace Provider Initialization and Cleanup	ms883104	ms910206
Namespace Provider Installation	ms883103	-
Naming Conventions	ms883106	ms910207
National Language Support (NLS)	ms906482	-
National Language Support (NLS) Application Development	ms906481	-
National Language Support (NLS) Functions	ms904415	-
National Language Support (NLS) Macros	ms904406	-
National Language Support (NLS) Migration	ms903830	-
National Language Support (NLS) OS Design Development	ms903883	-
National Language Support (NLS) Reference	ms904522	-
National Language Support (NLS) Samples	ms904396	-
National Language Support (NLS) Security	ms904179	-
National Language Support (NLS) Structures	ms904614	-
National Language support (NLS) Locale Identifiers	ms906224	-
Navigating Directories	ms905109	-
Navigating to a Specified URL	ms905118	-
NdisAcquireReadWriteLock	aa447900	-
NdisAcquireSpinLock	aa447901	-
NdisAdjustBufferLength	aa447902	-
NdisAllocateBuffer	aa447903	-
NdisAllocateBufferPool	aa447904	-
NdisAllocateFromNPagedLookasideList	aa448312	-
NdisAllocateMemory	aa447905	-
NdisAllocateMemoryWithTag	aa447906	-
NdisAllocatePacket	aa447907	-
NdisAllocatePacketPool	aa447908	-
NdisAllocateSpinLock	aa447910	-
NdisAnsiStringToUnicodeString	aa447911	-
NdisBindProtocolsToAdapter	aa447912	-
NdisBufferLength	aa447914	-
NdisBufferVirtualAddress	aa447917	-
NdisBufferVirtualAddressSafe	aa447918	-
NdisCancelSendPackets	aa447919	-
NdisCancelTimer	aa447920	-
NdisChainBufferAtBack	aa447921	-
NdisChainBufferAtFront	aa447922	-
NdisCloseAdapter	aa447923	-
NdisCloseConfiguration	aa447924	-
NdisCloseFile	aa447925	-
NdisCompleteBindAdapter	aa447926	-
NdisCompletePnPEvent	aa448313	-
NdisCompleteUnbindAdapter	aa447927	-
NdisCopyBuffer	aa447929	-
NdisCopyFromPacketToPacket	aa447930	-
NdisCopyLookaheadData	aa447931	-
NdisCreateLookaheadBufferFromSharedMemory	aa447932	-
NdisDeleteNPagedLookasideList	aa448314	-
NdisDeregisterAdapter	aa447934	-
NdisDeregisterProtocol	aa447935	-
NdisDestroyLookaheadBufferFromSharedMemory	aa447936	-
NdisDprAcquireSpinLock	aa447937	-
NdisDprAllocatePacket	aa447938	-
NdisDprAllocatePacketNonInterlocked	aa447939	-
NdisDprFreePacket	aa447940	-
NdisDprFreePacketNonInterlocked	aa447941	-
NdisDprReleaseSpinLock	aa447942	-
NdisEqualAnsiString	aa447944	-
NdisEqualMemory	aa447945	-
NdisEqualString	aa447946	-
NdisEqualUnicodeString	aa447947	-
NdisFillMemory	aa447949	-
NdisFlushBuffer	aa447950	-
NdisFreeBuffer	aa447951	-
NdisFreeBufferPool	aa447952	-
NdisFreeEvent	aa447953	-
NdisFreeMemory	aa447954	-
NdisFreePacket	aa447955	-
NdisFreePacketPool	aa447956	-
NdisFreeReadWriteLock	aa447957	-
NdisFreeSpinLock	aa447958	-
NdisFreeString	aa447959	-
NdisFreeToNPagedLookasideList	aa448315	-
NdisGeneratePartialCancelId	aa447960	-
NdisGetAdapterBindings	aa447961	-
NdisGetAdapterNames	aa447962	-
NdisGetCacheFillSize	aa447963	-
NdisGetCurrentSystemTime	aa447964	-
NdisGetDriverHandle	aa447965	-
NdisGetFirstBufferFromPacket	aa447966	-
NdisGetFirstBufferFromPacketSafe	aa447967	-
NdisGetNextBuffer	aa447968	-
NdisGetPacketCancelId	aa447970	-
NdisGetPacketFlags	aa447972	-
NdisGetPhysicalAddressHigh	aa447980	-
NdisGetPhysicalAddressLow	aa447981	-
NdisGetPoolFromPacket	aa447982	-
NdisGetProtocolNames	aa447983	-
NdisGetReceivedPacket	aa447984	-
NdisGetSystemUpTime	aa447985	-
NdisGetVersion	aa448316	-
NdisIMAssociateMiniport	aa447987	-
NdisIMCancelInitializeDeviceInstance	aa447988	-
NdisIMCopySendCompletePerPacketInfo	aa447989	-
NdisIMCopySendPerPacketInfo	aa447990	-
NdisIMDeInitializeDeviceInstance	aa447991	-
NdisIMDeregisterLayeredMiniport	aa447992	-
NdisIMGetBindingContext	aa447993	-
NdisIMGetCurrentPacketStack	aa447994	-
NdisIMGetDeviceContext	aa447995	-
NdisIMInitializeDeviceInstance	aa447996	-
NdisIMInitializeDeviceInstanceEx	aa447997	-
NdisIMNotifyPnPEvent	aa447998	-
NdisIMQueueMiniportCallback	aa448317	-
NdisIMRegisterLayeredMiniport	aa448001	-
NdisIMRevertBack	aa448318	-
NdisIMSwitchToMiniport	aa448319	-
NdisInitAnsiString	aa448002	-
NdisInitUnicodeString	aa448010	-
NdisInitializeEvent	aa448004	-
NdisInitializeListHead	aa448005	-
NdisInitializeNPagedLookasideList	aa448320	-
NdisInitializeReadWriteLock	aa448006	-
NdisInitializeString	aa448007	-
NdisInitializeTimer	aa448008	-
NdisInitializeWorkItem	aa448009	-
NdisInterlockedAddUlong	aa448012	-
NdisInterlockedDecrement	aa448013	-
NdisInterlockedIncrement	aa448014	-
NdisInterlockedInsertHeadList	aa448015	-
NdisInterlockedInsertTailList	aa448016	-
NdisInterlockedRemoveHeadList	aa448017	-
NdisMAllocateMapRegisters	aa448022	-
NdisMAllocateSharedMemory	aa448023	-
NdisMCancelTimer	aa448025	-
NdisMCloseLog	aa448026	-
NdisMCompleteBufferPhysicalMapping	aa448027	-
NdisMCreateLog	aa448028	-
NdisMDeregisterAdapterShutdownHandler	aa448029	-
NdisMDeregisterInterrupt	aa448030	-
NdisMDeregisterIoPortRange	aa448031	-
NdisMEthIndicateReceive	aa448033	-
NdisMEthIndicateReceiveComplete	aa448034	-
NdisMFlushLog	aa448035	-
NdisMFreeMapRegisters	aa448036	-
NdisMFreeSharedMemory	aa448037	-
NdisMIndicateReceivePacket	aa448038	-
NdisMIndicateStatus	aa448039	-
NdisMIndicateStatusComplete	aa448040	-
NdisMInitializeTimer	aa448042	-
NdisMInitializeWrapper	ms904029	-
NdisMMapIoSpace	ms904037	-
NdisMPciAssignResources	ms904042	-
NdisMPromoteMiniport	ms904043	-
NdisMQueryAdapterInstanceName	ms904044	-
NdisMQueryAdapterResources	ms904045	-
NdisMQueryInformationComplete	ms904046	-
NdisMRebindProtocolsToAdapter	ms904047	-
NdisMRegisterAdapterShutdownHandler	ms904048	-
NdisMRegisterInterrupt	ms904049	-
NdisMRegisterIoPortRange	ms904051	-
NdisMRegisterMiniport	ms904052	-
NdisMRegisterUnloadHandler	ms904053	-
NdisMRemoveMiniport	ms904054	-
NdisMResetComplete	ms904055	-
NdisMSendComplete	ms904056	-
NdisMSendResourcesAvailable	ms904057	-
NdisMSetAttributes	ms904058	-
NdisMSetAttributesEx	ms904059	-
NdisMSetInformationComplete	ms904060	-
NdisMSetMiniportSecondary	ms904061	-
NdisMSetPeriodicTimer	ms904062	-
NdisMSetTimer	ms904063	-
NdisMSleep	ms904064	-
NdisMStartBufferPhysicalMapping	ms904065	-
NdisMSynchronizeWithInterrupt	ms904066	-
NdisMTrIndicateReceive	ms904068	-
NdisMTrIndicateReceiveComplete	ms904069	-
NdisMTransferDataComplete	ms904067	-
NdisMUnmapIoSpace	ms904070	-
NdisMUpdateSharedMemory	ms904071	-
NdisMWanIndicateReceive	ms904072	-
NdisMWanIndicateReceiveComplete	ms904073	-
NdisMWanSendComplete	ms904074	-
NdisMWriteLogData	ms904075	-
NdisMapFile	aa448024	-
NdisMoveFromMappedMemory	ms904038	-
NdisMoveMappedMemory	ms904039	-
NdisMoveMemory	ms904040	-
NdisMoveToMappedMemory	ms904041	-
NdisOpenAdapter	ms904078	-
NdisOpenConfiguration	ms904079	-
NdisOpenConfigurationKeyByIndex	ms904080	-
NdisOpenConfigurationKeyByName	ms904081	-
NdisOpenFile	ms904082	-
NdisOpenProtocolConfiguration	ms904083	-
NdisPacketSize	aa448321	-
NdisPrintString	ms904097	-
NdisQueryAdapterInstanceName	ms904100	-
NdisQueryBuffer	ms904101	-
NdisQueryBufferOffset	ms904102	-
NdisQueryBufferSafe	ms904103	-
NdisQueryPacket	ms904104	-
NdisQueryPendingIoCount	ms904105	-
NdisQuerySendFlags	ms904106	-
NdisRawReadPortBufferUchar	ms904107	-
NdisRawReadPortBufferUlong	ms904108	-
NdisRawReadPortBufferUshort	ms904109	-
NdisRawReadPortUchar	ms904110	-
NdisRawReadPortUlong	ms904112	-
NdisRawReadPortUshort	ms904113	-
NdisRawWritePortBufferUchar	ms904114	-
NdisRawWritePortBufferUlong	ms904115	-
NdisRawWritePortBufferUshort	ms904116	-
NdisRawWritePortUchar	ms904117	-
NdisRawWritePortUlong	ms904118	-
NdisRawWritePortUshort	ms904119	-
NdisReEnumerateProtocolBindings	ms904132	-
NdisReadConfiguration	ms904120	-
NdisReadNetworkAddress	ms904121	-
NdisReadPciSlotInformation	ms904122	-
NdisReadPcmciaAttributeMemory	ms904123	-
NdisReadPortUchar	ms904124	-
NdisReadPortUlong	ms904125	-
NdisReadPortUshort	ms904126	-
NdisReadRegisterUchar	ms904127	-
NdisReadRegisterUlong	ms904128	-
NdisReadRegisterUshort	ms904129	-
NdisRebindProtocolsToAdapter	ms904130	-
NdisRecalculatePacketCounts	ms904131	-
NdisRegisterAdapter	ms904133	-
NdisRegisterProtocol	ms904134	-
NdisReinitializePacket	ms904135	-
NdisReleaseReadWriteLock	ms904136	-
NdisReleaseSpinLock	ms904137	-
NdisRequest	ms904323	-
NdisReset	ms904619	-
NdisResetEvent	ms904728	-
NdisRetrieveUlong	ms904737	-
NdisReturnPackets	ms904846	-
NdisScheduleWorkItem	ms904952	-
NdisSend	ms904960	-
NdisSendPackets	ms904962	-
NdisSetEvent	ms904963	-
NdisSetPacketCancelId	ms904966	-
NdisSetPacketFlags	ms904968	-
NdisSetPacketPoolProtocolId	aa448322	-
NdisSetPhysicalAddressHigh	ms904976	-
NdisSetPhysicalAddressLow	ms904977	-
NdisSetSendFlags	ms904978	-
NdisSetTimer	ms904979	-
NdisStallExecution	ms904980	-
NdisStoreUlong	ms904982	-
NdisSystemProcessorCount	ms904984	-
NdisTerminateWrapper	ms905028	-
NdisTransferData	ms905029	-
NdisUnbindProtocolsFromAdapter	ms905035	-
NdisUnchainBufferAtBack	ms905036	-
NdisUnchainBufferAtFront	ms905037	-
NdisUnicodeStringToAnsiString	ms905038	-
NdisUnmapFile	ms905039	-
NdisUpcaseUnicodeString	ms905040	-
NdisWaitEvent	ms905041	-
NdisWriteConfiguration	ms905055	-
NdisWriteErrorLogEntry	ms905056	-
NdisWritePciSlotInformation	ms905057	-
NdisWritePcmciaAttributeMemory	ms905058	-
NdisWritePortUchar	ms905254	-
NdisWritePortUlong	ms905257	-
NdisWritePortUshort	ms905261	-
NdisWriteRegisterUchar	ms905264	-
NdisWriteRegisterUlong	ms905268	-
NdisWriteRegisterUshort	ms905271	-
NdisZeroMappedMemory	ms905277	-
NdisZeroMemory	ms905279	-
Nearest-Point Sampling	ms924167	-
Negotiate Security Support Provider	ms925942	-
Neighbor Discovery (ND)	ms883129	-
Net Errors - Alphabetical Order	ms886761	-
Net Errors - Numerical Order	ms886762	-
NetApiBufferFree	ms895659	-
Netlog	ms886701	-
Netlogctl	ms883131	-
Netstat	ms895675	-
Network Adapter Card Requirements	ms892540	-
Network Address Translation	ms883134	-
Network Address Translation Functions	aa450757	-
Network Address Translation Structures	aa450759	-
Network Bridging	ms898988	-
Network Bridging Application Development	ms898989	-
Network Bridging Architecture	ms883135	ms918757
Network Bridging Migration	ms898990	-
Network Bridging OS Design Development	ms883137	-
Network Bridging Object Identifiers	ms883136	-
Network Bridging Queriable Object Identifiers	ms883138	ms918593
Network Bridging Reference	ms898991	-
Network Bridging Registry Settings	ms883139	-
Network Bridging Sample Registry Configuration	ms883140	ms918612
Network Bridging Samples	ms898992	-
Network Bridging Security	ms883141	ms918768
Network Bridging Settable Object Identifiers	ms883142	ms918715
Network Bridging Spanning Tree Algorithm	ms883143	-
Network Driver Data Types	ms895383	-
Network Driver Enumerations	ms895388	-
Network Driver Functions	ms895392	-
Network Driver IOCTLs	ms895397	-
Network Driver Interface Specification (NDIS)	ms883144	-
Network Driver Interface Specification (NDIS) for IPv6	ms883145	-
Network Driver Macros	ms895401	-
Network Driver Messages	ms895405	-
Network Driver Object Identifiers	ms895411	-
Network Driver Samples	ms892506	-
Network Driver Structures	ms895419	-
Network Folder	ms883146	ms925100
Network Keys	ms892543	-
Network Utilities	ms898997	-
Network Utilities Application Development	ms898998	-
Network Utilities Migration	ms883147	-
Network Utilities OS Design Development	ms883148	-
Network Utilities Samples	ms883149	-
Network Utilities Security	ms899230	-
NetworkAdapter Element (Poll Request)	ms895214	ms899015
NetworkCallFailedInfo	ms895682	-
Next Method (EnumWSDLService)	ms892448	-
No Events	ms862659	-
No Inspector or Explorer Object	ms862660	-
No NameSpace Object	ms862661	-
Node Tests	ms892575	-
Node-Set Functions	ms892574	-
Node2D	ms892546	-
NodeData	ms895699	ms863401
NodeDataUnion	ms895706	ms863402
Non-client Area Styles	ms911872	-
Nonblocking Input/Output	ms883150	ms910208
Nondeterministic Registry Flushing	ms885877	-
Notification Endpoint Descriptor	ms892547	-
Notification Interface	ms892548	-
Notification LED Driver Development Concepts	ms892549	-
Notification LED Driver Samples	ms892550	-
Notification of Network Events	ms883151	-
NotifyAddrChange	ms895712	-
NotifyRouteChange	ms895720	-
Number Format Conversions	ms892551	-
Number Functions	ms892587	-
OAHWND	ms912349	-
OAL Elements for Error Reporting	ms939658	-
OBEX Application Development	ms899303	-
OBEX Enumerations	ms886703	-
OBEX Functions	ms900556	-
OBEX Interfaces	ms886704	-
OBEX Migration	ms899412	-
OBEX OS Design Development	ms883307	-
OBEX Reference	ms886705	-
OBEX Registry Settings	ms883153	ms922586
OBEX Samples	ms899590	-
OBEX Security	ms883154	ms922587
OBEX Server Architecture	ms883155	ms922485
OBEX Server Services	ms883156	-
OBEX Structures	ms886706	-
OBEXCOMMAND	ms900557	-
OBEXFTP	ms883152	-
OBEXTRANSACTION	ms900561	-
OBEXTool	ms883213	-
OBEX_EVENT	ms895790	ms922563
OBEX_HEADER	ms895794	ms922564
OBEX_REQUEST	ms895798	ms922565
OBJNOTIFY	aa514417	-
OBJTYPEINFO	aa514419	-
OBJUIDATA	aa514421	-
OFNOTIFY	ms911893	-
OID Instead of EntryID	ms862663	-
OID_802_11_ADD_WEP	ms905343	-
OID_802_11_AUTHENTICATION_MODE	ms905353	-
OID_802_11_BSSID	ms905435	-
OID_802_11_BSSID_LIST	ms905509	-
OID_802_11_BSSID_LIST_SCAN	ms905623	-
OID_802_11_CONFIGURATION	ms905699	-
OID_802_11_DESIRED_RATES	ms905706	-
OID_802_11_DISASSOCIATE	ms905713	-
OID_802_11_FRAGMENTATION_THRESHOLD	ms905714	-
OID_802_11_INFRASTRUCTURE_MODE	ms905716	-
OID_802_11_NETWORK_TYPES_SUPPORTED	ms905718	-
OID_802_11_NETWORK_TYPE_IN_USE	ms905717	-
OID_802_11_NUMBER_OF_ANTENNAS	ms905719	-
OID_802_11_POWER_MODE	ms905721	-
OID_802_11_PRIVACY_FILTER	ms905722	-
OID_802_11_RELOAD_DEFAULTS	ms905723	-
OID_802_11_REMOVE_WEP	ms905724	-
OID_802_11_RSSI	ms905725	-
OID_802_11_RSSI_TRIGGER	ms905726	-
OID_802_11_RTS_THRESHOLD	ms905727	-
OID_802_11_RX_ANTENNA_SELECTED	ms905728	-
OID_802_11_SSID	ms905729	-
OID_802_11_STATISTICS	ms905730	-
OID_802_11_SUPPORTED_RATES	ms905731	-
OID_802_11_TX_ANTENNA_SELECTED	ms905732	-
OID_802_11_TX_POWER_LEVEL	ms905733	-
OID_802_11_WEP_STATUS	ms905734	-
OID_802_3_CURRENT_ADDRESS	ms905735	-
OID_802_3_MAC_OPTIONS	ms905736	-
OID_802_3_MAXIMUM_LIST_SIZE	ms905737	-
OID_802_3_MULTICAST_LIST	ms905738	-
OID_802_3_PERMANENT_ADDRESS	ms905739	-
OID_802_3_RCV_ERROR_ALIGNMENT	ms905740	-
OID_802_3_RCV_OVERRUN	ms905741	-
OID_802_3_XMIT_DEFERRED	ms905742	-
OID_802_3_XMIT_HEARTBEAT_FAILURE	ms905743	-
OID_802_3_XMIT_LATE_COLLISIONS	ms905744	-
OID_802_3_XMIT_MAX_COLLISIONS	ms905745	-
OID_802_3_XMIT_MORE_COLLISIONS	ms905746	-
OID_802_3_XMIT_ONE_COLLISION	ms905747	-
OID_802_3_XMIT_TIMES_CRS_LOST	ms905748	-
OID_802_3_XMIT_UNDERRUN	ms905749	-
OID_802_5_CURRENT_ADDRESS	ms905750	-
OID_802_5_CURRENT_FUNCTIONAL	ms905751	-
OID_802_5_CURRENT_GROUP	ms905752	-
OID_802_5_CURRENT_RING_STATE	ms905753	-
OID_802_5_CURRENT_RING_STATUS	ms905754	-
OID_802_5_LAST_OPEN_STATUS	ms905755	-
OID_802_5_PERMANENT_ADDRESS	ms905756	-
OID_DOT11_AP_JOIN_REQUEST	ms905757	-
OID_DOT11_ATIM_WINDOW	ms905758	-
OID_DOT11_BEACON_PERIOD	ms905759	-
OID_DOT11_CCA_MODE_SUPPORTED	ms905760	-
OID_DOT11_CCA_WATCHDOG_COUNT_MAX	ms905761	-
OID_DOT11_CCA_WATCHDOG_COUNT_MIN	ms905762	-
OID_DOT11_CCA_WATCHDOG_TIMER_MAX	ms905763	-
OID_DOT11_CCA_WATCHDOG_TIMER_MIN	ms905764	-
OID_DOT11_CFP_MAX_DURATION	ms905765	-
OID_DOT11_CFP_PERIOD	ms905767	-
OID_DOT11_CF_POLLABLE	ms905766	-
OID_DOT11_CHANNEL_AGILITY_ENABLED	ms905768	-
OID_DOT11_CHANNEL_AGILITY_PRESENT	ms905769	-
OID_DOT11_COUNTERS_ENTRY	ms905770	-
OID_DOT11_COUNTRY_STRING	ms905771	-
OID_DOT11_CURRENT_CCA_MODE	ms905772	-
OID_DOT11_CURRENT_CHANNEL	ms905773	-
OID_DOT11_CURRENT_CHANNEL_NUMBER	ms905774	-
OID_DOT11_CURRENT_DWELL_TIME	ms905775	-
OID_DOT11_CURRENT_FREQUENCY	ms905776	-
OID_DOT11_CURRENT_INDEX	ms905778	-
OID_DOT11_CURRENT_OFFLOAD_CAPABILITY	ms905779	-
OID_DOT11_CURRENT_OPERATION_MODE	ms905780	-
OID_DOT11_CURRENT_OPTIONAL_CAPABILITY	ms905781	-
OID_DOT11_CURRENT_PACKET_FILTER	ms905782	-
OID_DOT11_CURRENT_PATTERN	ms905783	-
OID_DOT11_CURRENT_PHY_TYPE	ms905784	-
OID_DOT11_CURRENT_REG_DOMAIN	ms905785	-
OID_DOT11_CURRENT_RX_ANTENNA	ms905786	-
OID_DOT11_CURRENT_SET	ms905787	-
OID_DOT11_CURRENT_TX_ANTENNA	ms905788	-
OID_DOT11_CURRENT_TX_POWER_LEVEL	aa448043	-
OID_DOT11_DEFAULT_WEP_OFFLOAD	aa448044	-
OID_DOT11_DEFAULT_WEP_UPLOAD	aa448045	-
OID_DOT11_DIVERSITY_SELECTION_RX	aa448046	-
OID_DOT11_DIVERSITY_SUPPORT	aa448047	-
OID_DOT11_DSSS_OFDM_OPTION_ENABLED	ms919240	-
OID_DOT11_DSSS_OFDM_OPTION_IMPLEMENTED	ms919248	-
OID_DOT11_DTIM_PERIOD	aa448048	-
OID_DOT11_ED_THRESHOLD	aa448049	-
OID_DOT11_EHCC_CAPABILITY_ENABLED	aa448050	-
OID_DOT11_EHCC_CAPABILITY_IMPLEMENTED	aa448051	-
OID_DOT11_EHCC_NUMBER_OF_CHANNELS_FAMILY_INDEX	aa448052	-
OID_DOT11_EHCC_PRIME_RADIX	aa448053	-
OID_DOT11_ERP_PBCC_OPTION_ENABLED	ms919257	-
OID_DOT11_ERP_PBCC_OPTION_IMPLEMENTED	ms919263	-
OID_DOT11_FRAGMENTATION_THRESHOLD	aa448054	-
OID_DOT11_FREQUENCY_BANDS_SUPPORTED	aa448055	-
OID_DOT11_HOPPING_PATTERN	aa448059	-
OID_DOT11_HOP_ALGORITHM_ADOPTED	aa448056	-
OID_DOT11_HOP_MODULUS	aa448057	-
OID_DOT11_HOP_OFFSET	aa448058	-
OID_DOT11_HOP_TIME	aa448060	-
OID_DOT11_HR_CCA_MODE_SUPPORTED	aa448061	-
OID_DOT11_JOIN_REQUEST	aa448062	-
OID_DOT11_LONG_RETRY_LIMIT	aa448063	-
OID_DOT11_MAC_ADDRESS	aa448064	-
OID_DOT11_MAX_DWELL_TIME	aa448065	-
OID_DOT11_MAX_MAC_ADDRESS_STATES	ms919273	-
OID_DOT11_MAX_RECEIVE_LIFETIME	aa448066	-
OID_DOT11_MAX_TRANSMIT_MSDU_LIFETIME	aa448067	-
OID_DOT11_MEDIUM_OCCUPANCY_LIMIT	aa448068	-
OID_DOT11_MPDU_MAX_LENGTH	aa448069	-
OID_DOT11_MULTI_DOMAIN_CAPABILITY	aa448070	-
OID_DOT11_MULTI_DOMAIN_CAPABILITY_ENABLED	aa448071	-
OID_DOT11_MULTI_DOMAIN_CAPABILITY_IMPLEMENTED	aa448072	-
OID_DOT11_NIC_POWER_STATE	aa448073	-
OID_DOT11_NIC_SPECIFIC_EXTENSION	aa448074	-
OID_DOT11_NUMBER_OF_HOPPING_SETS	aa448075	-
OID_DOT11_OFFLOAD_CAPABILITY	aa448076	-
OID_DOT11_OPERATIONAL_RATE_SET	aa448077	-
OID_DOT11_OPERATION_MODE_CAPABILITY	aa448078	-
OID_DOT11_OPTIONAL_CAPABILITY	aa448079	-
OID_DOT11_PBCC_OPTION_IMPLEMENTED	aa448080	-
OID_DOT11_POWER_MGMT_MODE	aa448081	-
OID_DOT11_RANDOM_TABLE_FLAG	aa448082	-
OID_DOT11_RECV_SENSITIVITY_LIST	ms919279	-
OID_DOT11_REG_DOMAINS_SUPPORT_VALUE	aa448083	-
OID_DOT11_RESET_REQUEST	aa448084	-
OID_DOT11_RF_USAGE	aa448085	-
OID_DOT11_RSSI_RANGE	aa448086	-
OID_DOT11_RTS_THRESHOLD	aa448087	-
OID_DOT11_SCAN_REQUEST	aa448088	-
OID_DOT11_SHORT_PREAMBLE_OPTION_IMPLEMENTED	aa448089	-
OID_DOT11_SHORT_RETRY_LIMIT	aa448090	-
OID_DOT11_SHORT_SLOT_TIME_OPTION_ENABLED	ms919286	-
OID_DOT11_SHORT_SLOT_TIME_OPTION_IMPLEMENTED	ms919296	-
OID_DOT11_START_REQUEST	aa448091	-
OID_DOT11_STATION_ID	aa448092	-
OID_DOT11_SUPPORTED_DATA_RATES_VALUE	aa448093	-
OID_DOT11_SUPPORTED_PHY_TYPES	aa448094	-
OID_DOT11_SUPPORTED_POWER_LEVELS	aa448095	-
OID_DOT11_SUPPORTED_RX_ANTENNA	aa448096	-
OID_DOT11_SUPPORTED_TX_ANTENNA	aa448097	-
OID_DOT11_TEMP_TYPE	aa448098	-
OID_DOT11_TI_THRESHOLD	aa448099	-
OID_DOT11_UPDATE_IE	aa448100	-
OID_DOT11_WEP_ICV_ERROR_COUNT	aa448101	-
OID_DOT11_WEP_OFFLOAD	aa448102	-
OID_DOT11_WEP_UPLOAD	aa448103	-
OID_DOT11_WPA_TSC	aa448104	-
OID_GEN_CURRENT_LOOKAHEAD	aa448105	-
OID_GEN_CURRENT_PACKET_FILTER	aa448106	-
OID_GEN_DRIVER_VERSION	aa448107	-
OID_GEN_HARDWARE_STATUS	aa448108	-
OID_GEN_LINK_SPEED	aa448109	-
OID_GEN_MAC_OPTIONS	aa448110	-
OID_GEN_MAXIMUM_FRAME_SIZE	aa448112	-
OID_GEN_MAXIMUM_LOOKAHEAD	aa448113	-
OID_GEN_MAXIMUM_SEND_PACKETS	aa448114	-
OID_GEN_MAXIMUM_TOTAL_SIZE	aa448115	-
OID_GEN_MEDIA_CONNECT_STATUS	aa448116	-
OID_GEN_MEDIA_IN_USE	aa448117	-
OID_GEN_MEDIA_SUPPORTED	aa448118	-
OID_GEN_NETWORK_LAYER_ADDRESSES	aa448119	-
OID_GEN_PHYSICAL_MEDIUM	aa448120	-
OID_GEN_PROTOCOL_OPTIONS	aa448121	-
OID_GEN_RECEIVE_BLOCK_SIZE	aa448122	-
OID_GEN_RECEIVE_BUFFER_SPACE	aa448123	-
OID_GEN_SUPPORTED_LIST	aa448124	-
OID_GEN_TRANSMIT_BLOCK_SIZE	aa448125	-
OID_GEN_TRANSMIT_BUFFER_SPACE	aa448126	-
OID_GEN_TRANSPORT_HEADER_OFFSET	aa448127	-
OID_GEN_VENDOR_DESCRIPTION	aa448128	-
OID_GEN_VENDOR_ID	aa448129	-
OID_IRDA_EXTRA_RCV_BOFS	aa448130	-
OID_IRDA_LINK_SPEED	aa448131	-
OID_IRDA_MAX_RECEIVE_WINDOW_SIZE	aa448132	-
OID_IRDA_MAX_SEND_WINDOW_SIZE	aa448133	-
OID_IRDA_MEDIA_BUSY	aa448134	-
OID_IRDA_RATE_SNIFF	aa448135	-
OID_IRDA_REACQUIRE_HW_RESOURCES	aa448136	-
OID_IRDA_RECEIVING	aa448137	-
OID_IRDA_RELEASE_HW_RESOURCES	aa448138	-
OID_IRDA_SUPPORTED_SPEEDS	aa448139	-
OID_IRDA_TURNAROUND_TIME	aa448140	-
OID_PAN_AUTHENTICATE	ms895809	-
OID_PAN_CONNECT	ms895812	-
OID_PAN_DISCONNECT	ms895819	-
OID_PAN_ENCRYPT	ms895824	-
OID_PNP_ADD_WAKE_UP_PATTERN	aa448141	-
OID_PNP_CAPABILITIES	aa448142	-
OID_PNP_ENABLE_WAKE_UP	aa448143	-
OID_PNP_QUERY_POWER	ms918412	-
OID_PNP_REMOVE_WAKE_UP_PATTERN	ms918558	-
OID_PNP_SET_POWER	ms918566	-
OID_PNP_WAKE_UP_ERROR	ms918572	-
OID_PNP_WAKE_UP_OK	ms918584	-
OID_PNP_WAKE_UP_PATTERN_LIST	ms918592	-
OID_TAPI_ACCEPT	ms918599	-
OID_TAPI_ANSWER	ms918606	-
OID_TAPI_CLOSE	ms918614	-
OID_TAPI_CLOSE_CALL	ms918709	-
OID_TAPI_CONDITIONAL_MEDIA_DETECTION	ms918714	-
OID_TAPI_CONFIG_DIALOG	ms918725	-
OID_TAPI_DEV_SPECIFIC	ms918734	-
OID_TAPI_DIAL	ms918739	-
OID_TAPI_DROP	ms918748	-
OID_TAPI_GET_ADDRESS_CAPS	ms918758	-
OID_TAPI_GET_ADDRESS_ID	ms918765	-
OID_TAPI_GET_ADDRESS_STATUS	ms918770	-
OID_TAPI_GET_CALL_ADDRESS_ID	ms918779	-
OID_TAPI_GET_CALL_INFO	ms918785	-
OID_TAPI_GET_CALL_STATUS	ms918793	-
OID_TAPI_GET_DEV_CAPS	ms918902	-
OID_TAPI_GET_DEV_CONFIG	ms918994	-
OID_TAPI_GET_EXTENSION_ID	ms919002	-
OID_TAPI_GET_ID	ms919014	-
OID_TAPI_GET_LINE_DEV_STATUS	ms919023	-
OID_TAPI_MAKE_CALL	ms919033	-
OID_TAPI_NEGOTIATE_EXT_VERSION	ms919043	-
OID_TAPI_OPEN	ms919051	-
OID_TAPI_PROVIDER_INITIALIZE	ms919058	-
OID_TAPI_PROVIDER_SHUTDOWN	ms919068	-
OID_TAPI_SECURE_CALL	ms919075	-
OID_TAPI_SELECT_EXT_VERSION	ms919086	-
OID_TAPI_SEND_USER_USER_INFO	ms919094	-
OID_TAPI_SET_APP_SPECIFIC	ms919101	-
OID_TAPI_SET_CALL_PARAMS	ms919107	-
OID_TAPI_SET_DEFAULT_MEDIA_DETECTION	ms919116	-
OID_TAPI_SET_DEV_CONFIG	ms919124	-
OID_TAPI_SET_MEDIA_MODE	ms919132	-
OID_TAPI_SET_STATUS_MESSAGES	ms919142	-
OID_TCP_TASK_OFFLOAD	ms919147	-
OID_WAN_CURRENT_ADDRESS	ms919154	-
OID_WAN_GET_COMP_INFO	ms919162	-
OID_WAN_GET_INFO	ms919169	-
OID_WAN_GET_LINK_INFO	ms919178	-
OID_WAN_GET_STATS_INFO	ms919186	-
OID_WAN_HEADER_FORMAT	ms919193	-
OID_WAN_LINE_COUNT	ms919200	-
OID_WAN_MEDIUM_SUBTYPE	ms919206	-
OID_WAN_PERMANENT_ADDRESS	ms919214	-
OID_WAN_PROTOCOL_TYPE	aa448262	-
OID_WAN_SET_COMP_INFO	ms919221	-
OID_WAN_SET_LINK_INFO	ms919233	-
OLE Compound Documents	ms862664	ms890810
OLE Functions	aa513741	-
OLE Interfaces	aa513742	-
OLE Key	ms862665	ms892130
OLE Structures	aa513744	-
OLEGETMONIKER	ms892592	ms890826
OLELINKBIND	ms892594	ms890835
OLEUPDATE	ms892601	ms890865
OLEVERB	ms892602	ms890871
OLEVERBATTRIB	ms892603	ms890872
OLEWHICHMK	ms892604	ms891202
OPENFILENAME	ms911906	-
OSVERSIONINFO	ms886768	-
OS_DEP_DATA	ms919326	-
OUTLINETEXTMETRICW	ms934025	-
OUTPUT_DEBUG_STRING_INFO	ms886770	-
OVERLAPPED	ms891422	-
OWAEC_E_	aa513745	-
Object Exchange Interfaces	ms883300	ms922578
Object Exchange Protocol	ms899516	-
Object Register Debugging	ms932244	-
Object Store	ms885891	-
Object Store Registry Settings	ms885899	-
Object Store Size	ms885906	-
Object and Pin Functions	ms932243	-
ObjectNotify	aa514415	-
ObjectProgID Property	ms892589	-
Objects and Object Identifiers	ms885883	-
ObtainUserAgentString	ms918829	ms928907
Obtaining Identity Information	ms883312	ms899202
Obtaining MIME Information	ms905210	ms902492
Obtaining Schannel Credentials	ms925944	-
Obtaining a Certificate	ms926473	ms897956
Obtaining a Certificate Using a .cfg File	ms926474	-
Obtaining a Performance Profile for a Display Driver	aa448261	-
Obtaining the Buffer Size	ms883321	-
OffsetRect	ms911891	-
OffsetRgn	ms911892	-
OffsetViewportOrgEx	aa453953	-
OleCreate	ms892590	ms890815
OleDraw	ms892591	ms890819
OleIsRunning	ms892593	ms890830
OleLoadFromStream	ms892595	ms890841
OleRun	ms892596	ms890845
OleSave	ms892597	ms890847
OleSaveToStream	ms892598	ms890854
OleSetContainedObject	ms892599	ms890858
OleSetMenuDescriptor	ms892600	ms890863
Opaque and One-Bit Alpha Textures	ms924170	-
Open System and Shared Key Authentication	ms892553	-
OpenClipboard	ms911905	-
OpenDeviceKey	ms919310	-
OpenEvent	ms886764	-
OpenMsgQueue	ms886765	-
OpenPartition	ms891420	-
OpenProcess	ms886766	-
OpenStore	ms891421	-
OpenThemeDataEx	ms918830	-
Opening Connections	aa447430	-
Opening Waveform Audio Output Devices	ms924172	-
Opening a Database	ms885917	-
Opening a Queue (COM)	ms883347	-
Opening a Queue to Read Messages (COM)	ms883361	-
Opening a Queue to Send Messages (COM)	ms883374	-
Opening an Adapter Underlying a Protocol Driver	ms892552	-
Opening and Closing Mixer Devices	ms924171	-
Operational Characteristics of NDIS Object Identifiers	ms883385	ms918562
Operators and Special Characters	ms892614	-
Optimized GPE Emulation Function Analysis	ms892556	-
Optimizing a GPE Emulation Function	ms892557	-
Optimizing a USB Function Driver Stack	aa448275	-
Option Flags	ms918831	-
Other IMsRdpClientAdvancedSettings Properties	aa514423	ms925233
Other LDAP Functions	ms862667	-
Other Power Management APIs	ms892558	-
Other TUI Windows	aa525654	-
Other Vertex Data	ms924173	-
Out-of-Band Data in the SPI	ms883386	ms910210
Outline and Fill State	ms924174	-
Outlook Compatibility	ms862668	-
OutputDebugString	ms886769	-
OutputStream Property	ms892617	-
Overlapped Completion Indication Mechanisms	ms883387	ms910234
Overlapped Input/Output	ms883388	ms910211
Overlay Surfaces/Boundary and Size Alignment	aa451218	-
Overlay Surfaces/Creating Overlay Surfaces	aa451276	-
Overlay Surfaces/Flipping Overlay Surfaces	ms923374	-
Overlay Surfaces/Minimum and Maximum Stretch Factors	ms924146	-
Overlay Surfaces/Overlay Color Keys	ms924175	-
Overlay Surfaces/Overlay Surface Overview	ms924176	-
Overlay Surfaces/Overlay Z-Orders	ms924178	-
Overlay Surfaces/Positioning Overlay Surfaces	ms924573	-
Overlay Surfaces/Significant DDCAPS Members and Flags	ms924637	-
Overlay Surfaces/Source and Destination Rectangles	ms924641	-
Override the Base Class Member Functions/Override Pin Member Functions	ms924180	-
Override the Base Class Member Functions/Override the CBaseOutput::DecideAllocator Member Function	ms924182	-
Override the Base Class Member Functions/Override the CheckInputType Member Function	ms924183	-
Override the Base Class Member Functions/Override the CheckTransform Member Function	ms924184	-
Override the Base Class Member Functions/Override the DecideBufferSize Member Function	ms924185	-
Override the Base Class Member Functions/Override the GetMediaType Member Function	ms924186	-
Override the Base Class Member Functions/Override the Transform Member Function	ms924188	-
Overriding &lt;xsl:preserve-space&gt; and &lt;xsl:strip-space&gt;	ms862669	-
Overview of IMediaObjectImpl	ms924190	-
Overview of the CryptoAPI Registry	ms925946	ms884380
Overview of the IME User Interface	ms904196	-
Overview of the Input Method System	ms904318	-
P3P Policy Evaluation Engine	ms905213	-
PACQUIREFILELOCKSTATE	aa517930	-
PAGESETUPDLG (structure)	ms911910	-
PAINTSTRUCT	ms911912	-
PALETTEENTRY	ms911913	-
PALETTE_ENTRIES	ms932250	-
PALETTISED	ms932251	-
PALOBJ_cGetColors	ms919337	-
PAN Profile Object Identifiers	ms886707	-
PARAMDATA	ms892619	ms891225
PARAMDESC	ms892620	ms891232
PARENTALCONTROLS	ms883392	-
PARSEACTION	ms918832	ms928734
PARSED_CFTABLE	ms919345	-
PARSED_CONFIG	ms919354	-
PARTENTRY	ms891423	-
PARTINFO	ms891424	-
PASSWORD	ms883399	-
PATH	ms911917	ms879837
PATHOBJ_bEnum	ms919360	-
PATHOBJ_vEnumStart	ms919375	-
PATHOBJ_vGetBounds	ms919370	-
PAUSE (Command Processor)	ms911918	-
PBM_DELTAPOS	ms911919	-
PBM_GETPOS	ms911920	-
PBM_GETRANGE	ms911921	-
PBM_SETPOS	ms911922	-
PBM_SETPOS (checked valueless -- the desktop controls reference also publishes no numeric message identifier; grounds the M54 Common Controls message-value hold)	https://learn.microsoft.com/en-us/windows/win32/controls/pbm-setpos	-
PBM_SETRANGE	ms911923	-
PBM_SETRANGE32	ms911924	-
PBM_SETSTEP	ms911925	-
PBM_STEPIT	ms911926	-
PBRANGE	ms911927	-
PC Authentication Application Development	ms912608	-
PC Authentication Architecture	aa525655	-
PC Authentication Constants	ms931941	-
PC Authentication Functions	ms931942	-
PC Authentication LAP Implementation	aa525656	-
PC Authentication Migration	aa525658	-
PC Authentication OS Design Development	aa525659	-
PC Authentication Reference	ms931943	-
PC Authentication Registry Settings	aa525660	-
PC Authentication Samples	aa525661	-
PC Authentication Security	aa525662	-
PC Authentication and IPsec	aa525657	-
PC Card Bus Driver	ms923736	-
PC Card Driver Event Codes	ms919380	-
PC Card Driver Samples	aa447531	-
PC Card Network Adapters	aa447533	-
PC Card Socket Service Shared Code Library Registry Settings	aa448277	-
PCI Bus Configuration and Enumeration	aa447537	-
PCI Bus Driver Registry Settings	aa447541	-
PCI Bus Driver Samples	aa447542	-
PCI Bus Enumerator Template	aa447544	-
PCIInitInfo	ms919387	ms903535
PCIReg	ms919388	ms903536
PCI_COMMON_CONFIG	ms919385	ms903537
PCI_DEV_INFO	ms919386	ms903538
PCI_REG_INFO	ms919389	ms903539
PCI_REG_LIST	ms919390	ms903540
PCI_RSRC	ms919391	ms903541
PCMCIA Legacy Compatibility Layer Architecture	aa447529	-
PCMCIA Legacy Compatibility Layer Event Codes	aa447532	-
PCMCIA Legacy Compatibility Layer Tuple Codes	aa447534	-
PCMCIA Legacy Compatibility Layer Window Attributes	aa447535	-
PCMCIA Legacy Compatibility Layer Window Speeds	aa447536	-
PCMCIA-based Miniport Functional Interrupts	aa447545	-
PDDDeinit	ms919397	-
PDDInit	ms919398	-
PDD_AudioDeinitialize	ms919392	-
PDD_AudioGetInterruptType	ms919393	-
PDD_AudioInitialize	ms919394	-
PDD_AudioMessage	ms919395	-
PDD_AudioPowerHandler	ms919396	-
PDD_IoControl	aa448324	-
PDD_WaveProc	ms919399	-
PDU Buffer Registry Settings	ms894560	ms907050
PD_ClosePartition	ms891425	-
PD_CloseStore	ms891426	-
PD_CreatePartition	ms891427	-
PD_DeletePartition	ms891428	-
PD_DeviceIoControl	ms891429	-
PD_FindPartitionClose	ms891430	-
PD_FindPartitionNext	ms891431	-
PD_FindPartitionStart	ms891432	-
PD_FormatPartition	ms891433	-
PD_FormatStore	ms891434	-
PD_GetPartitionInfo	ms891435	-
PD_GetStoreInfo	ms891436	-
PD_IsStoreFormatted	ms891437	-
PD_OpenPartition	ms891438	-
PD_OpenStore	ms891439	-
PD_PARTINFO	ms891440	-
PD_RenamePartition	ms891441	-
PD_STOREINFO	ms891443	-
PD_SetPartitionAttrs	ms891442	-
PEER_ADDRESS	ms895901	-
PEER_CONNECTION_FLAGS_TAG	ms886712	-
PEER_DATA	ms895902	-
PEER_NAME_PAIR_TAG	ms895903	-
PEER_RECORD_CHANGE_TYPE_TAG	ms895904	-
PEMPTYLOCKCONTAINER	aa517931	-
PFF_CONVERTINFO	aa514424	-
PFF_DESTINATIONFILE	aa514427	-
PFF_SOURCEFILE	aa514428	-
PFN_BATTERY_PDD_IOCONTROL	ms919400	-
PFN_KEYBD_DRIVER_GET_INFO	ms902136	-
PFN_KEYBD_DRIVER_INITIALIZE	ms902137	-
PFN_KEYBD_DRIVER_INITIALIZE_EX	ms902138	-
PFN_KEYBD_DRIVER_INIT_STATES	ms902139	-
PFN_KEYBD_DRIVER_MAP_VIRTUAL_KEY	ms902140	-
PFN_KEYBD_DRIVER_POWER_HANDLER	ms902141	-
PFN_KEYBD_DRIVER_SET_MODE	ms902142	-
PFN_KEYBD_DRIVER_VKEY_TO_UNICODE	ms902143	-
PFN_KEYBD_EVENT	ms919401	-
PFN_KEYBD_EVENT_CALLBACK	ms902144	-
PFN_KEYBD_EVENT_CALLBACK_EX	ms902145	-
PFN_KEYBD_PDD_ENTRY	ms919402	-
PFN_KEYBD_PDD_POWER_HANDLER	ms919403	-
PFN_KEYBD_PDD_TOGGLE_LIGHTS	ms919404	-
PFN_LAYOUT_MGR_ACTIVATE_KEYBOARD_LAYOUT	ms902151	-
PFN_LAYOUT_MGR_GET_KEYBOARD_LAYOUT	ms902153	-
PFN_LAYOUT_MGR_GET_KEYBOARD_LAYOUT_LIST	ms902154	-
PFN_LAYOUT_MGR_GET_KEYBOARD_LAYOUT_NAME	ms902155	-
PFN_LAYOUT_MGR_GET_KEYBOARD_TYPE	ms902156	-
PFN_LAYOUT_MGR_LOAD_KEYBOARD_LAYOUT	ms902157	-
PFN_PDD_ISR	ms902127	-
PFXExportCertStoreEx	ms926224	-
PFXImportCertStore	ms926229	-
PFXIsPFXBlob	ms926234	-
PFXVerifyPassword	ms926241	-
PHONEBUTTONFUNCTION	ms895905	ms927417
PHONEBUTTONMODE	ms895906	ms927420
PHONEBUTTONSTATE	ms895907	ms927423
PHONECAPS	ms895911	ms927425
PHONEERR	ms895921	ms927428
PHONEEVENT	ms895922	ms928228
PHONEEXTENSIONID	ms895923	ms927430
PHONEFEATURE	ms895924	ms927433
PHONEHOOKSWITCHDEV	ms895935	ms927436
PHONEHOOKSWITCHMODE	ms895936	ms927439
PHONEINITIALIZEEXOPTION	ms895938	ms927442
PHONEINITIALIZEEXPARAMS	ms895939	ms928240
PHONELAMPMODE	ms895940	ms927450
PHONEMESSAGE	ms895941	ms928241
PHONEPRIVILEGE	ms895945	ms927456
PHONESTATE	ms896219	ms927461
PHONESTATUS	ms896250	ms928251
PHONESTATUSFLAGS	ms896255	ms927465
PHONE_BUTTON (TSPI)	ms895909	-
PHONE_CLOSE (TSPI)	ms895914	-
PHONE_CREATE (TSPI)	ms895917	-
PHONE_DEVSPECIFIC (TSPI)	ms895920	-
PHONE_REMOVE (TSPI)	ms895947	-
PHONE_STATE (TSPI)	ms896240	-
PINT	aa525668	ms927007
PIN_DIRECTION	ms932255	-
PIN_INFO	ms932256	-
PI_FLAGS	ms918833	ms928735
PNRP Enumerations	ms886714	-
PNRP Functions	ms886715	-
PNRP NSP Error Codes	ms886716	-
PNRP Reference	ms896277	-
PNRP Structures	ms886717	-
PNRPCLOUDINFO	ms896270	-
PNRPINFO	ms896275	-
PNRP_CLOUD_FLAGS	ms896278	-
PNRP_CLOUD_ID	ms896279	-
PNRP_CLOUD_STATE	ms896280	-
PNRP_RESOLVE_CRITERIA	ms896281	-
POINT	ms911930	-
POINTS	ms911931	-
POOM Sample Code	aa513750	-
PORTEMUPortParams	ms896282	ms920295
PORTFORWARD	ms883428	-
POSITION	ms932266	-
POSTBL	ms906229	ms921468
POST_INIT_BUF	ms919663	-
POWER_BROADCAST	ms919667	-
POWER_BROADCAST_POWER_INFO	ms919670	-
POWER_CAPABILITIES	ms919672	-
POWER_DESCR	ms919675	-
POWER_RELATIONSHIP	ms919681	-
PPP_EAP_ACTION	ms896284	ms899203
PPP_EAP_INFO	ms896285	ms899204
PPP_EAP_INPUT	ms896286	ms899205
PPP_EAP_OUTPUT	ms896288	ms899206
PPP_EAP_PACKET	ms896289	ms899207
PRIMARYLANGID	ms906230	ms921469
PRINTDLG (structure)	aa453544	-
PROCESSENTRY32	ms886774	-
PROCESS_INFORMATION	ms886775	-
PROMPT	aa453550	ms879839
PROPID_M_ACKNOWLEDGE	ms896290	-
PROPID_M_ADMIN_QUEUE	ms896291	-
PROPID_M_ADMIN_QUEUE_LEN	ms896292	-
PROPID_M_APPSPECIFIC	ms896293	-
PROPID_M_ARRIVEDTIME	ms896294	-
PROPID_M_AUTH_LEVEL	ms896295	-
PROPID_M_BODY	ms896296	-
PROPID_M_BODY_SIZE	ms896297	-
PROPID_M_BODY_TYPE	ms896298	-
PROPID_M_CLASS	ms896299	-
PROPID_M_COMPOUND_MESSAGE	ms896300	-
PROPID_M_COMPOUND_MESSAGE_SIZE	ms896301	-
PROPID_M_CORRELATIONID	ms896302	-
PROPID_M_DELIVERY	ms896303	-
PROPID_M_DEST_QUEUE	ms896304	-
PROPID_M_DEST_QUEUE_LEN	ms896305	-
PROPID_M_EXTENSION	ms896306	-
PROPID_M_EXTENSION_LEN	ms896307	-
PROPID_M_FIRST_IN_XACT	ms896308	-
PROPID_M_JOURNAL	ms896309	-
PROPID_M_LABEL	ms896310	-
PROPID_M_LABEL_LEN	ms896311	-
PROPID_M_LAST_IN_XACT	ms896312	-
PROPID_M_MSGID	ms896313	-
PROPID_M_PRIORITY	ms896314	-
PROPID_M_RESP_QUEUE	ms896315	-
PROPID_M_RESP_QUEUE_LEN	ms896316	-
PROPID_M_SENTTIME	ms896317	-
PROPID_M_SOAP_BODY	ms896318	-
PROPID_M_SOAP_ENVELOPE	ms896319	-
PROPID_M_SOAP_ENVELOPE_LEN	ms896320	-
PROPID_M_SOAP_HEADER	ms896321	-
PROPID_M_SRC_MACHINE_ID	ms896322	-
PROPID_M_TIME_TO_BE_RECEIVED	ms896323	-
PROPID_M_TIME_TO_REACH_QUEUE	ms896324	-
PROPID_M_TRACE	ms896325	-
PROPID_M_VERSION	ms896326	-
PROPID_M_XACTID	ms896327	-
PROPID_QM_MACHINE_ID	ms896334	-
PROPID_Q_AUTHENTICATE	ms896328	-
PROPID_Q_CREATE_TIME	ms896329	-
PROPID_Q_JOURNAL	ms896330	-
PROPID_Q_JOURNAL_QUOTA	ms896331	-
PROPID_Q_LABEL	ms896332	-
PROPID_Q_MODIFY_TIME	ms896335	-
PROPID_Q_PATHNAME	ms896336	-
PROPID_Q_PRIV_LEVEL	ms896337	-
PROPID_Q_QUOTA	ms896338	-
PROPID_Q_TRANSACTION	ms896339	-
PROPSHEETHEADER	aa453560	-
PROPSHEETPAGE	aa453562	-
PROPVARIANT	aa519284	-
PROTOCOLDATA	ms918838	ms928908
PROTOCOLFILTERDATA	ms918839	ms928909
PROTOCOL_INFO	ms896340	-
PROV_ENUMALGS	ms906557	ms884650
PROV_ENUMALGS_EX	ms938451	ms884651
PROXY_HTTP_INFORMATION	ms896347	-
PROXY_HTTP_REQUEST	ms896348	-
PS/2 Keyboard Driver Scan Code Support	aa447582	-
PSHNOTIFY	aa453576	-
PSM_ADDPAGE	aa453577	-
PSM_APPLY	aa453578	-
PSM_CANCELTOCLOSE	aa453579	-
PSM_CHANGED	aa453580	-
PSM_GETCURRENTPAGEHWND	aa453581	-
PSM_GETTABCONTROL	aa453582	-
PSM_ISDIALOGMESSAGE	aa453583	-
PSM_PRESSBUTTON	aa453584	-
PSM_QUERYSIBLINGS	aa453585	-
PSM_REBOOTSYSTEM	aa453586	-
PSM_REMOVEPAGE	aa453587	-
PSM_RESTARTWINDOWS	aa453588	-
PSM_SETCURSEL	aa453589	-
PSM_SETCURSELID	aa453590	-
PSM_SETFINISHTEXT	aa453591	-
PSM_SETTITLE	aa453592	-
PSM_SETWIZBUTTONS	aa453593	-
PSM_UNCHANGED	aa453594	-
PSN_APPLY	aa453595	-
PSN_HELP	aa453596	-
PSN_KILLACTIVE	aa453597	-
PSN_QUERYCANCEL	aa453598	-
PSN_RESET	aa453599	-
PSN_SETACTIVE	aa453600	-
PSUACTION	ms918840	ms928910
PUAF	ms918841	ms928911
PUBLICKEYSTRUC	ms938453	ms884652
PUPNPCALLBACK	ms896349	-
PWD	aa453605	ms879840
Package Element (Instruction Request)	ms895223	ms899019
Package Element (Instruction Response)	ms895227	ms899020
Package Element (Poll Response)	ms895229	ms899018
Package Location Request to Server	ms894554	ms899025
Package Location Response to Target Device	ms894558	-
PackageID Element (Location Request)	ms895233	ms899022
PackageID Element (Location Response)	ms895237	ms899021
PackageLocation Element (Location Response)	ms895242	ms899023
PackageLocationRequest Element (Location Request)	ms895250	ms899024
PackageSize Element (Instruction Response)	ms895259	ms899029
Packet Data Handling and Editing	ms883390	ms901925
PagePaintHook	ms911908	-
PageSetupDlg (function)	ms911909	-
PageSetupHook	ms911911	-
Paging Search Results	ms862670	ms920159
Parallel Port Driver Development Concepts	ms892560	-
Parallel Port Driver Registry Settings	ms892559	-
Parallel Port Driver Samples	ms892561	-
Parameter Element (Download Event Status)	ms895263	ms899030
Parental Controls	ms899524	-
Parental Controls Migration	ms883393	-
Parental Controls OS Design Development	ms883394	-
Parental Controls Samples	ms883395	-
Parental Controls Security	ms883396	-
ParseRequest Method	ms892624	-
Part-of-Speech Codes	ms904328	-
Partial Recognition Process	ms904327	ms919048
Partition Driver	ms885927	-
Partition Manager	ms885939	-
Partition Manager OS Functions	aa516949	-
Partition Manager OS Reference	aa516950	-
Partition Manager OS Structures	aa516951	-
Partitioning a Storage Volume	ms892399	-
Passing Media-Specific Information	ms892562	-
Passing Parameters	ms892626	ms891233
PatBlt	ms911916	-
Path Element (Poll Response)	ms895267	ms899031
Path Maximum Transmission Unit (PMTU) Discovery	ms883400	-
Patterns	ms862671	-
PeekMessage	ms911928	-
Peer Names and Clouds	ms883408	-
Peer-to-Peer Application Development	ms883403	-
Peer-to-Peer Common Enumerations	ms886708	-
Peer-to-Peer Common Functions	ms886709	-
Peer-to-Peer Common Reference	ms883404	-
Peer-to-Peer Common Structures	ms886710	-
Peer-to-Peer Networking	ms899527	-
Peer-to-Peer OS Design Development	ms883405	-
Peer-to-Peer Reference	ms899528	-
Peer-to-Peer Registry Settings	ms883406	-
Peer-to-Peer Samples	ms886711	-
Peer-to-Peer Security	ms883407	-
PeerCreatePeerName	ms895846	-
PeerEndEnumeration	ms895848	-
PeerEnumGroups	ms895849	-
PeerEnumIdentities	ms895853	-
PeerFreeData	ms895857	-
PeerGetItemCount	ms895860	-
PeerGetNextItem	ms895866	-
PeerIdentityCreate	ms895870	-
PeerIdentityDelete	ms895875	-
PeerIdentityExport	ms895877	-
PeerIdentityGetCryptKey	ms895881	-
PeerIdentityGetFriendlyName	ms895884	-
PeerIdentityGetXML	ms895889	-
PeerIdentityImport	ms895893	-
PeerIdentitySetFriendlyName	ms895898	-
Per Pixel Operations	ms924199	-
Per-Line Settings	ms883409	ms924956
Per-Vertex Color State	ms924198	-
Performance Improvements for an NDIS Miniport Driver	aa447546	-
Performance Macros	ms932254	-
Performing Handwriting Recognition	ms904329	ms919059
Permitted Managers Registry Settings	ms894563	ms907060
Persisting Data with the Hive-Based Registry	ms885947	-
Persisting Data with the RAM-Based Registry	ms885957	-
Perspective-Correct Texture Mapping	ms924200	-
Phone-phone Sessions	aa525667	-
Ping	ms883419	-
Pinging a Host in the IPv6 Test Lab by Using a Link-Local Address	ms899797	-
PixelFormat	ms932257	-
PixelFormat Values	ms932259	-
PixelFormatID	ms932258	-
Placing Files on an FTP Server	ms905225	-
Placing a List of Items into a Grid	ms862672	ms912480
Platform Element (Poll Request)	ms895271	ms899032
PlatformDeviceListInit	ms919405	-
PlatformManageSystemPower	ms919406	-
PlatformMapPowerStateHint	ms919407	-
PlatformResumeSystem	ms919408	-
PlatformSendInitialNotifications	ms919409	-
PlatformSetSystemPowerState	ms919410	-
PlatformValidatePMRegistry	ms919660	-
PlayMode	ms896263	-
PlaySound	ms932262	-
Playing Waveform Audio Files	ms924208	-
Playing a Media File/Playing the File	ms924207	-
Playing a Media File/Sample Playback Program	ms924615	-
Playing and Recording	aa447547	-
Plug Finding	aa447548	-
Plug and Play	ms883420	-
Plug and Play and Power Management Object Identifiers	ms895435	-
Pocket Internet Explorer Architecture	ms905234	ms920174
Pocket Internet Explorer Characteristics	ms905240	-
Pocket Internet Explorer Migration	ms905244	-
Pocket Internet Explorer Samples	ms905255	-
Pocket Internet Explorer Security	ms905260	ms924679
Pocket Outlook Object Model Application Development	ms897376	-
Pocket Outlook Object Model Code Examples	ms862673	-
Pocket Outlook Object Model Constants	aa513746	-
Pocket Outlook Object Model Functions	aa513747	-
Pocket Outlook Object Model Interfaces	aa513748	-
Pocket Outlook Object Model OS Design Development	ms897377	-
Pocket Outlook Object Model Reference	aa513749	-
Pocket Outlook Object Model Security	aa513751	-
Pocket PC-style Menu Bars	aa452692	-
Pocket PC-style New Button	aa452693	-
Point Lists	ms924210	-
Pointer Validation Macros	ms932265	-
Poll Request to the Server	ms894565	ms898330
PollInterval Element (Poll Response)	ms895274	ms899033
PollResponse Element (Poll Response)	ms895957	ms899035
PollServer Element (Poll Response)	ms895982	ms899037
Polygon	ms911933	-
Polyline	ms911934	-
Pool and Usage for Index Buffers	ms924474	-
Pool and Usage for Vertex Buffers	ms924562	-
Port States	ms883430	ms918580
PortType Element	ms862674	-
Porting DDHAL from the Desktop	aa447454	-
Porting Older DirectDraw Code/Getting an IDirectDraw4 Interface	ms923385	-
Porting Older DirectDraw Code/New Functionality in IDirectDraw4	ms924168	-
Porting a Desktop ACM Driver to Windows CE	aa447550	-
Porting a USB Function Controller Driver	aa448278	-
Portuguese Keyboard	aa447551	-
PositionInfo	ms896283	-
PostKeybdMessage	ms911936	-
PostMessage	ms911937	-
PostQuitMessage	ms911938	-
PostThreadMessage	ms911939	-
Posting the Request	ms925947	ms898124
Power Management Implementation in Drivers	aa447557	-
Power Management Implementation in Stream Interface Drivers	ms894041	-
Power Management in Audio Drivers	aa447558	-
Power Management in Serial Port Drivers	aa447559	-
Power Manager Requests and NDIS	aa447562	-
Power Manager Suspend Time-outs	aa447563	-
Power Manager and ACPI/APM	aa447560	-
Power On and Off Notifications for Secure Digital Card Drivers	aa447564	-
Power Requirements on Devices	aa447565	-
Power-Manageable Device Drivers	aa447552	-
Power-Manageable NDIS Miniports	aa447553	-
PowerPolicyNotify	ms919677	-
Predicates	ms892629	-
Preparing a Display Driver	aa447502	-
Preparing for Cultural Differences	ms904330	-
Presenting a Scene	ms924575	-
Preserving and Stripping White Space	ms862676	ms912482
Primary Display Drivers	aa447567	-
Primitive Clipping State	ms924576	-
Primitive Types	ms924577	-
Print Server	ms899532	-
Print Server Application Development	ms899533	-
Print Server Migration	ms883439	-
Print Server OS Design Development	ms883440	-
Print Server Registry Settings	ms883441	ms906633
Print Server Samples	ms883442	-
Print Server Security	ms883443	-
Print Spooling	aa447573	-
PrintDlg (function)	ms911940	-
PrintHookProc	aa453545	-
Printer Driver Architecture	aa447568	-
Printer Driver Migration	aa447569	-
Printer Driver Registry Settings	aa447570	-
Printer Driver Samples	aa447572	-
PrinterClose	ms919683	-
PrinterOpen	ms919686	-
PrinterSend	ms919688	-
Printing Pages with the WebBrowser Control	ms905265	ms937794
Printing on a Network	ms883438	ms925102
Privacy Flags	ms918835	-
Privacy Functions	ms905270	-
Privacy Notification User Interface	ms905275	-
Privacy Templates	ms905281	-
Process and Thread Functions	aa450760	-
Process and Thread Structures	aa450762	-
Process32First	ms886772	-
Process32Next	ms886773	-
Processing Directives	ms883445	ms862437
Processing User Input	ms904331	ms919061
Processing User Input from the Keyboard	ms904332	-
Processing User Input with Alternatives	ms904334	-
Processing Vertex Data	ms924582	-
Processing Vertex Transformations	ms924583	-
Processing Vertices	ms924584	-
Processor Element (Poll Request)	ms895990	ms899038
Profile Requirements	aa525669	-
ProgID Key	ms862678	ms891235
ProgIDFromCLSID	ms892634	ms891234
Programming Considerations when Using Transactions (COM)	ms883446	-
Programming Requirements	ms883448	-
Programming and Designing a Global Application	ms904335	-
Programming with Unicode and NLS	ms904336	-
Progress Bar Controls Messages	ms938700	-
Progress Bar Controls Reference	ms938702	-
Progress Bar Controls Structures	ms938703	-
Progress Bar Styles	aa453546	-
Projection Transformations	ms924585	-
Prompting Users for Information During Synchronization	ms861690	-
Prompting Users for Settings During Setup	ms861695	-
PropEnumProcEx	aa453551	-
PropSheetPageProc	aa453563	-
PropSheetProc	aa453565	-
PropSheet_AddPage	aa453553	-
PropSheet_Apply	aa453554	-
PropSheet_CancelToClose	aa453556	-
PropSheet_Changed	aa453557	-
PropSheet_GetCurrentPageHwnd	aa453558	-
PropSheet_GetTabControl	aa453559	-
PropSheet_IsDialogMessage	aa453561	-
PropSheet_PressButton	aa453564	-
PropSheet_QuerySiblings	aa453566	-
PropSheet_RebootSystem	aa453567	-
PropSheet_RemovePage	aa453568	-
PropSheet_RestartWindows	aa453569	-
PropSheet_SetCurSel	aa453570	-
PropSheet_SetCurSelByID	aa453571	-
PropSheet_SetFinishText	aa453572	-
PropSheet_SetTitle	aa453573	-
PropSheet_SetWizButtons	aa453574	-
PropSheet_UnChanged	aa453575	-
PropVariantClear	aa519285	-
PropVariantCopy	aa519286	-
Property (HttpConnector)	ms892635	-
Property (ISoapConnector)	ms892636	-
Property Element (Machine Inventory Report)	ms895992	ms899039
Property Sheets Functions	ms938704	-
Property Sheets Macros	ms938705	-
Property Sheets Messages	ms938706	-
Property Sheets Notifications	ms938707	-
Property Sheets Reference	ms938708	-
Property Sheets Structures	ms938709	-
PropertyItem	ms932269	-
PropertySheet	aa453552	-
PropertyTag Values	ms932271	-
PropertyTagType Values	ms932270	-
Protected Extensible Authentication Protocol (PEAP)	ms883449	ms899190
Protected Registry Keys and Values	ms885964	-
Protected Store	ms925949	ms884659
Protocol Basics: Listen, Connect, Accept	ms883450	ms910215
Protocol Driver Query and Set	aa447577	-
Protocol Driver Reset Operations	aa447578	-
Protocol Driver Unbinding Operations	aa447581	-
Protocol-Independent Multicast and Multipoint in the SPI	ms883452	-
Protocol-Independent Name Resolution	ms883453	-
ProtocolBindAdapter	ms919689	-
ProtocolCloseAdapterComplete	ms919691	-
ProtocolOpenAdapterComplete	ms919693	-
ProtocolPnPEvent	ms919695	-
ProtocolReceive	ms919698	-
ProtocolReceiveComplete	ms919699	-
ProtocolReceivePacket	ms919702	-
ProtocolRequestComplete	ms919703	-
ProtocolResetComplete	ms919706	-
ProtocolSendComplete	ms919707	-
ProtocolStatus	ms919710	-
ProtocolStatusComplete	ms919712	-
ProtocolTransferDataComplete	ms919714	-
ProtocolUnbindAdapter	ms919717	-
Provider Settings	aa525670	-
Provision Settings	aa525674	-
Provisioning (Device Management Client)	ms894567	-
Provisioning and XML Profiles	aa525673	-
Provisioning the TUI Application	aa525672	-
Proxy Authentication	ms905293	-
ProxyFilterHttpRequest	ms896342	-
ProxyInitializeFilter	ms896343	-
ProxyNotifyAddrChange	ms896344	-
ProxySignalFilter	ms896345	-
ProxyUninitializeFilter	ms896346	-
PtInRect	aa453601	-
PtInRegion	aa453602	-
PulseEvent	ms886784	-
PurgeComm	ms886785	-
Purging Messages in a Queue (COM)	ms883456	-
Purging a Queue Asynchronously (COM)	ms883454	-
Purging a Queue Synchronously (COM)	ms883455	-
Push Button Styles	aa453604	-
QUERYCLIENTCERT	ms892639	-
QUERYFORCONNECTION	ms892640	-
QUERYOPTION	ms918843	ms928912
Qualified Names	ms862679	-
Quality	ms932272	-
QualityMessageType	ms932273	-
Query Info Flags	ms918842	-
QueryAmountTransfered	ms896350	-
QueryContextAttributes	ms938456	-
QueryCredentialsAttributes	ms938459	-
QueryInfoSession	ms886786	-
QueryInstructionSet	ms886787	-
QueryPerformanceCounter	ms886788	-
QueryPerformanceFrequency	ms886789	-
QuerySecurityPackageInfo	ms938462	-
Querying Audio I/O Devices	ms924589	-
Querying WAN Miniport Driver Information	aa447583	-
Querying and Opening Waveform Audio I/O Devices	ms924588	-
Querying for Depth Buffer Support	ms924590	-
Querying for Version Information	ms885978	-
RAM-Based Registry	ms885989	-
RAM-Based Registry Setup	ms885995	-
RAM-based Registry Initialization	ms892398	-
RAPIEXT	ms879801	-
RAPIINIT	aa514430	-
RAPISTREAMFLAG (RAPI)	ms879802	-
RAPI_CONNECTIONINFO (RAPI)	ms879803	-
RAPI_CONNECTIONTYPE (RAPI)	ms879804	-
RAPI_DEVICEINFO (RAPI)	ms879805	-
RAPI_DEVICESTATUS (RAPI)	ms879806	-
RAPI_DEVICE_PLATFORM (RAPI)	ms879807	-
RAPI_GETDEVICEOPCODE (RAPI)	ms879808	-
RAS	ms883460	-
RAS Error Values	ms886792	-
RAS Server Architecture	ms883464	ms924938
RAS Server Authentication	ms883465	ms924819
RAS Server/PPTP Server (Incoming)	ms899535	-
RAS Server/PPTP Server (Incoming) Application Development	ms899536	-
RAS Server/PPTP Server (Incoming) Enumerations	ms886722	-
RAS Server/PPTP Server (Incoming) Functions	aa450225	-
RAS Server/PPTP Server (Incoming) Migration	ms883466	-
RAS Server/PPTP Server (Incoming) OS Design Development	ms883467	-
RAS Server/PPTP Server (Incoming) Reference	aa450226	-
RAS Server/PPTP Server (Incoming) Registry Settings	ms883468	-
RAS Server/PPTP Server (Incoming) Samples	ms899592	-
RAS Server/PPTP Server (Incoming) Security	ms883469	-
RAS Server/PPTP Server (Incoming) Structures	aa450227	-
RAS and Authentication Protocol Interaction During Authentication	ms883461	ms899208
RASCNTL_SERVERCONNECTION	ms896357	-
RASCNTL_SERVERLINE	ms896354	ms924959
RASCNTL_SERVERSTATUS	ms896355	ms924960
RASCNTL_SERVERUSERCREDENTIALS	ms896356	ms924961
RASCNTL_SERVER_IPV6_NET_PREFIX	ms896358	-
RAS_AUTH_ATTRIBUTE	ms896351	ms899218
RAS_AUTH_ATTRIBUTE_TYPE	ms896352	ms899219
RBHITTESTINFO	aa453620	-
RBN_AUTOSIZE	aa453625	-
RBN_BEGINDRAG	aa453626	-
RBN_ENDDRAG	aa453627	-
RBN_HEIGHTCHANGE	aa453628	-
RBN_LAYOUTCHANGED	aa453629	-
RB_DELETEBAND	aa453608	-
RB_GETBANDBORDERS	aa453609	-
RB_GETBANDCOUNT	aa453610	-
RB_GETBANDINFO	aa453611	-
RB_GETBARHEIGHT	aa453612	-
RB_GETBARINFO	aa453613	-
RB_GETBKCOLOR	aa453614	-
RB_GETRECT	aa453615	-
RB_GETROWCOUNT	aa453616	-
RB_GETROWHEIGHT	aa453617	-
RB_GETTEXTCOLOR	aa453618	-
RB_HITTEST	aa453619	-
RB_IDTOINDEX	aa453621	-
RB_INSERTBAND	aa453622	-
RB_MAXIMIZEBAND	aa453623	-
RB_MINIMIZEBAND	aa453624	-
RB_SETBANDINFO	aa453630	-
RB_SETBARINFO	aa453631	-
RB_SETBKCOLOR	aa453632	-
RB_SETPARENT	aa453633	-
RB_SETTEXTCOLOR	aa453634	-
RB_SHOWBAND	aa453635	-
RB_SIZETORECT	aa453636	-
RDF_CARD_EJECT	ms919721	-
RDF_CARD_POWER	ms919724	-
RDF_CARD_TRACKING	ms919728	-
RDF_IOCTL_VENDOR	ms919732	-
RDF_READER_SWALLOW	ms919736	-
RDF_SET_PROTOCOL	ms919740	-
RDF_TRANSMIT	ms919743	-
RDP Functions	aa513318	-
RDP Structures	aa513320	-
READ_PORT_BUFFER_UCHAR	ms919746	ms919358
READ_PORT_BUFFER_ULONG	ms919750	ms919362
READ_PORT_BUFFER_USHORT	ms919752	ms919366
READ_PORT_UCHAR	ms919756	ms919369
READ_PORT_ULONG	ms919759	ms919373
READ_PORT_USHORT	ms919763	ms919378
READ_REGISTER_BUFFER_UCHAR	ms919766	ms919412
READ_REGISTER_BUFFER_ULONG	ms919769	ms919517
READ_REGISTER_BUFFER_USHORT	ms919772	ms919521
READ_REGISTER_UCHAR	ms919775	ms919525
READ_REGISTER_ULONG	ms919780	ms919529
READ_REGISTER_USHORT	ms919784	ms919532
REBARBANDINFO	aa453639	-
REBARINFO	aa453640	-
RECONVERTSTRING	ms906231	ms921470
RECT	ms912843	-
RECTL	ms913063	-
REGFILTER	ms932283	-
REGFILTERPINS	ms932284	-
REGINI	ms919788	-
REGISTERWORD	ms906232	ms921471
REGPINTYPES	ms932285	-
REG_VALUE_DESCR	ms919799	-
REM (Command Processor)	ms939769	-
REMIND	ms932286	-
REMOTEUTILS	aa450150	-
REMOTE_NAME_INFO	aa450872	ms925118
REMOTE_NDIS_HALT_MSG	ms919807	-
REMOTE_NDIS_INDICATE_STATUS_MSG	ms919809	-
REMOTE_NDIS_INITIALIZE_CMPLT	ms919810	-
REMOTE_NDIS_INITIALIZE_MSG	ms919811	-
REMOTE_NDIS_KEEPALIVE_CMPLT	ms919813	-
REMOTE_NDIS_KEEPALIVE_MSG	ms919814	-
REMOTE_NDIS_PACKET_MSG	ms919816	-
REMOTE_NDIS_QUERY_CMPLT	ms919817	-
REMOTE_NDIS_QUERY_MSG	ms919819	-
REMOTE_NDIS_RESET_CMPLT	ms919820	-
REMOTE_NDIS_RESET_MSG	ms919822	-
REMOTE_NDIS_SET_CMPLT	ms919824	-
REMOTE_NDIS_SET_MSG	ms919826	-
REMOVE_LOCK	ms919828	-
RENAME, REN	ms939790	ms879842
REPLCHANGEINFO	ms891472	-
REPLSETUP	aa514454	ms891241
RESET_HEADER	ms932288	-
RESET_MASKS	ms932289	-
RESET_PALETTE	ms932290	-
RETAILLED	aa451085	-
RETAILMSG	aa451087	-
RFC1766INFO	ms918852	ms902880
RGBQUAD	ms939815	-
RGBTRIPLE	ms939824	-
RGNDATA	ms939837	-
RGNDATAHEADER	ms939847	-
RMDIR, RD	ms939859	ms879843
RNDIS Control Messages	aa447602	-
RNDIS Device Architecture	aa447604	-
RNDIS Device Control	aa447605	-
RNDIS Ethernet Objects	aa447607	-
RNDIS Ethernet Statistics Objects	aa447608	-
RNDIS General Objects	aa447609	-
RNDIS General Statistics Objects	aa447610	-
RNDIS Network Wakeup Objects	aa447612	-
RNDIS Power Management Objects	aa447614	-
RNDIS Registry Settings	aa447615	-
RNDIS Status Values	aa447616	-
RNDIS Version	aa447618	-
RNDIS_CLASS_ID	ms919868	-
RNDIS_DIAGNOSTIC_INFO	ms919870	-
RNDIS_MEDIUM	ms919872	-
RNDIS_OID	ms919875	-
RNDIS_OOBD	ms919877	-
RNDIS_PACKET	ms919879	-
RNDIS_PDD_CHARACTERISTICS	ms919882	-
RNDIS_PER_PACKET_INFO	ms919884	-
RNDIS_REQUEST_ID	ms919887	-
RNDIS_STATUS	ms919889	-
ROOTDIRS	aa450186	-
RPCParameter Property	ms893318	-
RPCResult Property	ms893323	-
RPCStruct Property	ms893328	-
RSAPUBKEY	ms938465	ms884653
RTC 1.2 Code Examples	aa525784	-
RTC Buddy Group Object	aa525786	-
RTC Buddy Object	aa525787	-
RTC Client API 1.2 Functionality	aa525788	-
RTC Client API ACM Registry Settings	aa525790	-
RTC Client API ACM Sample Registry Configuration	aa525792	-
RTC Client API Application Development	ms931947	-
RTC Client API Code Examples	aa525800	-
RTC Client API Constants	ms909292	-
RTC Client API Enumerations	ms909293	-
RTC Client API External API Additions	aa525803	-
RTC Client API General Registry Settings	aa525795	-
RTC Client API Interfaces	ms909294	-
RTC Client API Migration	ms931948	-
RTC Client API OS Design Development	ms931949	-
RTC Client API Objects and Interfaces	aa525796	-
RTC Client API Provisioning	aa525671	-
RTC Client API Reference	ms909295	-
RTC Client API Registry Settings	aa525605	-
RTC Client API Samples	ms931950	-
RTC Client API Security	aa525606	-
RTC Client API Version Comparison	ms929620	-
RTC Client API XML Schema	ms909296	-
RTC Client Object	aa525798	-
RTC Events	aa525802	-
RTC Participant Object	aa525807	-
RTC Presence Device Object	aa525811	-
RTC Profile Object	aa525815	-
RTC Session Object	ms929498	-
RTC User Search Query Object	ms929512	-
RTC Watcher Object	ms929720	-
RTCAU_	ms931697	-
RTCCS_	ms931725	-
RTCEF_	ms931840	-
RTCIF_	ms912432	-
RTCMT_	ms912554	-
RTCRF_	ms912574	-
RTCRMF_	ms912576	-
RTCSI_	ms912584	-
RTCTR_	ms912587	-
RTC_ACE_SCOPE	ms931685	-
RTC_ANSWER_MODE	ms931691	-
RTC_AUDIO_DEVICE	ms931705	-
RTC_BUDDY_EVENT_TYPE	ms931709	-
RTC_BUDDY_SUBSCRIPTION_TYPE	ms931714	-
RTC_CLIENT_EVENT_TYPE	ms931720	-
RTC_DTMF	ms931788	-
RTC_EVENT	ms912360	-
RTC_E_	ms931795	-
RTC_GROUP_EVENT_TYPE	ms912420	-
RTC_LISTEN_MODE	ms912438	-
RTC_MEDIA_EVENT_REASON	ms912439	-
RTC_MEDIA_EVENT_TYPE	ms912440	-
RTC_MESSAGING_EVENT_TYPE	ms912441	-
RTC_MESSAGING_USER_STATUS	ms912453	-
RTC_OFFER_WATCHER_MODE	ms912564	-
RTC_PARTICIPANT_STATE	ms912565	-
RTC_PORT_TYPE	ms912566	-
RTC_PRESENCE_PROPERTY	ms912567	-
RTC_PRESENCE_STATUS	ms912568	-
RTC_PRIVACY_MODE	ms912569	-
RTC_PROFILE_EVENT_TYPE	ms912570	-
RTC_PROVIDER_URI	ms912571	-
RTC_REGISTRATION_STATE	ms912572	-
RTC_REINVITE_STATE	ms912573	-
RTC_RING_TYPE	ms912575	-
RTC_ROAMING_EVENT_TYPE	ms912577	-
RTC_SECURITY_LEVEL	ms912579	-
RTC_SECURITY_TYPE	ms912580	-
RTC_SESSION_REFER_STATUS	ms912581	-
RTC_SESSION_STATE	ms912582	-
RTC_SESSION_TYPE	ms912583	-
RTC_S_	ms912578	-
RTC_T120_APPLET	ms912585	-
RTC_TERMINATE_REASON	ms912586	-
RTC_USER_SEARCH_COLUMN	ms912588	-
RTC_USER_SEARCH_PREFERENCE	ms912589	-
RTC_VIDEO_DEVICE	ms912590	-
RTC_WATCHER_EVENT_TYPE	ms912591	-
RTC_WATCHER_MATCH_MODE	ms912592	-
RTC_WATCHER_STATE	ms912593	-
RTP/RTCP	ms929829	ms906858
Radio Button Styles	aa453607	-
RaiseException	ms886790	-
Raising Exceptions During Invoke	ms862680	ms891236
Random	ms886791	-
RasCntlEnum	ms896353	ms924957
RasIOControl	aa450852	ms924962
Rasterization	ms924592	-
Rasterization Rules	ms924593	-
Read/Write Example	ms886040	-
ReadClassStg	ms892641	ms891237
ReadClassStm	ms892642	ms891238
ReadClient	aa450868	-
ReadFile	ms891445	-
ReadGenericData	ms891446	-
ReadInt	ms932275	-
ReadMsgQueue	ms886793	-
ReadProcessMemory	ms886794	-
ReadRegData	ms891447	-
ReadUrlCacheEntryStream	aa452489	-
Reading Messages Asynchronously (COM)	ms883470	-
Reading Messages Synchronously (COM)	ms883475	-
Reading Messages Using a Cursor (COM)	ms883476	-
Reading Messages from a Computer Journal (COM)	ms883471	-
Reading Messages from a Dead-Letter Queue (COM)	ms883472	-
Reading Messages from a Queue Journal (COM)	ms883473	-
Reading Messages in a Queue (COM)	ms883474	-
Reading Socket Options	aa450124	ms911710
Reading a Record	ms886013	-
Reading a Registry Key or Value	ms886022	-
Reading and Writing File Attributes	ms886005	-
Reading from a File	ms886029	-
Real-time Communications Architecture	aa525677	-
Real-time Communications Concepts	aa525675	-
Real-time Communications Definitions	aa525676	-
RealizePalette	aa453638	-
Rebar Controls Messages	ms938711	-
Rebar Controls Notifications	aa452727	-
Rebar Controls Reference	aa452728	-
Rebar Controls Structures	aa452729	-
Rebar Styles	aa453641	-
Receive an Incoming PC-PC Session	aa525679	-
Receiving Messages from a Queue	aa450128	-
Receiving Notification of Network Events	aa450129	-
Receiving Notifications by Using WSANSPIoctl	aa450130	-
Receiving an IP Multicast Datagram	aa450125	ms911711
Receiving an IP Multicast Datagram Sample	aa450126	ms911712
Recipients Define Meeting Requests	ms862681	-
Recognition Process	ms904337	ms919066
Recognized Formats	aa447585	-
Recognizing a Hand-Drawn Character	ms904338	-
Reconnecting and Disconnecting	aa450131	ms910217
RectInRegion	ms913051	-
RectVisible	ms913070	-
Rectangle	ms912947	-
Recurrence Element (Instruction Response)	ms895995	ms899042
Recursive Element (Poll Response)	ms895996	ms899043
Redirection Properties of IMsRdpClientAdvancedSettings	ms861737	ms925235
RedrawWindow	ms913080	-
Reference Gateway User Interface	ms899537	-
Reference Gateway User Interface Migration	aa450133	-
Reference Gateway User Interface OS Design Development	aa450134	-
Reference Gateway User Interface Samples	aa450135	-
Reference Gateway User Interface Security	aa450136	-
Reference Time Function	ms932282	-
RegCloseKey	ms891448	-
RegCopyFile	ms891449	-
RegCreateKeyEx	ms891450	-
RegDeleteKey	ms891451	-
RegDeleteValue	ms891452	-
RegEnumKeyEx	ms891453	-
RegEnumValue	ms891454	-
RegFlushKey	ms891455	-
RegOpenKeyEx	ms891460	-
RegQueryInfoKey	ms891461	-
RegQueryValueEx	ms891462	-
RegReplaceKey	ms891463	-
RegRestoreFile	ms891464	-
RegSaveKey	ms891466	-
RegSecureKey	ms891467	ms903548
RegSecureKeyList	ms891468	ms903549
RegSetValueEx	ms891469	-
Register to Receive Events	aa525680	ms906835
RegisterBindStatusCallback	ms918844	ms928913
RegisterClass	ms913089	-
RegisterClipboardFormat	ms913094	-
RegisterDbgZones	aa451083	-
RegisterDevice	ms919794	-
RegisterEditor	ms886796	-
RegisterFormatEnumerator	ms918845	ms928914
RegisterHotKey	ms913104	-
RegisterMediaTypeClass	ms918846	ms928915
RegisterMediaTypes	ms918847	ms928916
RegisterPowerRelationship	ms919797	-
RegisterService	aa450871	ms938290
RegisterTypeLib	ms892648	ms891239
RegisterWindowMessage	ms939737	-
Registering Device Implementations	aa450143	-
Registering File Types and File Filters	ms861753	-
Registering a CheckForHang Handler	aa447586	-
Registering a File Extension Type	ms861741	-
Registering a File Filter	ms861749	-
Registering a Hosted Device	aa450137	-
Registering a Peer Name	aa450142	-
Registering a Service Programmatically	aa450138	ms938076
Registering a Super Service Automatically	aa450139	ms938081
Registering an Advanced Certificate on the Windows CE-based Web Server	ms900401	-
Registering as a WAN Miniport Driver	aa447587	-
Registering the Browser Window	ms905299	-
Registering the CSP	ms925950	ms884381
Registering the Service Provider	ms861756	-
Registration of a Software Device	ms924597	-
Registry	ms886046	-
Registry Functions	aa516952	ms923443
Registry Fundamentals	ms886055	-
Registry Hive ROM Dependency	ms886062	-
Registry Notification Functions	ms891456	-
Registry OS Functions	ms891458	-
Registry OS Reference	ms891459	-
Registry OS Structures	aa516954	-
Registry Reference	aa516953	-
Registry Settings for Conversion Candidates	ms904339	-
Registry Settings for Multiple Dictionaries	ms904340	-
Registry Settings for User Dictionary	ms904341	-
Registry Types	ms886080	-
Registry-Based Notification	ms861759	-
Registry-Targeted Data	ms886072	-
RegistryOperation	ms891457	-
Related Processing for Complex Scripts	ms904342	-
Relaying Mouse Messages to a ToolTip	aa452708	-
Release Directory File System Registry Settings	aa517914	-
Release Notes: Handling White Space with the MSXML Processor	ms862682	ms912483
ReleaseBindInfo	ms918848	ms928917
ReleaseDC	ms939760	-
ReleaseMutex	ms886797	-
ReleasePowerRelationship	ms919802	-
ReleasePowerRequirement	ms919803	-
ReleaseRemoveLock	ms919805	-
ReleaseRemoveLockAndWait	ms919806	-
ReleaseSemaphore	ms886798	-
ReleaseStgMedium	ms892649	ms891240
Relevant RFCs	ms894569	ms926996
Reminder Methods	ms862683	-
Remote Configuration Framework	ms899538	-
Remote Configuration Framework Application Development	aa450149	-
Remote Configuration Framework Interfaces	ms899539	-
Remote Configuration Framework Migration	aa450146	-
Remote Configuration Framework Modules	ms881882	-
Remote Configuration Framework OS Design Development	ms899540	-
Remote Configuration Framework Reference	ms899541	-
Remote Configuration Framework Registry Settings	aa450145	-
Remote Configuration Framework Samples	aa450147	-
Remote Configuration Framework Security	aa450148	-
Remote Desktop ActiveX Control Interface	ms861766	-
Remote Desktop Protocol Support	aa447591	-
Remote Hooking	aa447592	-
Remote NDIS Data Types	ms895446	-
Remote NDIS Functions	ms895447	-
Remote NDIS Messages	ms895448	-
Remote NDIS Objects	aa447593	-
Remote NDIS Packet Message	aa447594	-
Remote NDIS Structures	ms895449	-
RemoveDirectory	ms891470	-
RemoveFontResource	ms901142	ms900714
RemoveMenu	ms939775	-
RemoveProp	ms939781	-
Removing DMA Support From the NDIS Miniport Driver Send and Receive Functions	ms895505	-
Removing DMA Support from the NDIS Miniport Driver Initialization Functions	ms895504	-
Removing Unused Local Variables from the NDIS Miniport Driver Core Functions	ms895506	-
Removing WMI Support From the NDIS Miniport Driver Object Identifier Functions	ms895507	-
Removing an IPv6 Route	ms899806	-
RenamePartition	ms891471	-
Renaming Files and Directories on an FTP Server	ms905307	-
Render States	ms924602	-
Rendering	ms924599	-
Rendering Contexts in Direct3D Mobile	aa447595	-
Rendering Primitives	ms924601	-
Rendering from a Vertex Buffer	ms924600	-
RenderingControlState	aa450873	-
ReplChangeSyncSettings	ms891473	-
ReplCheckpoint	ms891474	-
ReplCloseSync	ms891698	-
ReplDialogs	ms861001	-
ReplFindNextChange	ms891775	-
ReplGetOidStatus	ms891783	-
ReplGetSyncState	ms891797	-
ReplOpenSync	ms891805	-
Replacement of the Urlmon User Interface	ms905316	-
Replacement of the WinInet User Interface	ms905320	-
Replacing Fonts	ms901103	-
Replacing OS Design Fonts	ms901104	-
Replacing Windows CE Default Fonts	ms901105	ms900908
Report Upload Client	ms939654	-
Report Upload Client Application Development	ms939603	-
Report Upload Client OS Design Development	ms939606	-
Report Upload Client Registry Settings	ms939607	-
ReportFault	ms886799	-
ReportPrinterStatus	ms919830	-
ReportStatus	aa514455	-
Request Object Implementation	aa450158	ms862448
RequestPowerNotifications	ms919833	-
Requesting Acknowledgment Messages (COM)	aa450151	-
Requesting Additional Secure Registry Keys	ms886086	ms900911
Requesting Journaling (COM)	aa450153	-
Requesting Report Messages (COM)	aa450154	-
Requesting Response Messages (COM)	aa450155	-
Requesting Source Journaling (COM)	aa450156	-
Requesting Target Journaling (COM)	aa450157	-
Required Element (Instruction Response)	ms896005	ms899050
Required Entry-point Function	aa447597	-
Reserving Memory for Error Reporting Dumps	ms939659	-
ResetBulkEndpoint	ms919840	-
ResetDefaultEndpoint	ms919843	-
ResetEvent	ms886800	-
ResetIPSecMode	aa450874	-
ResetPipe	ms919850	-
ResizeCache	ms891818	-
Resolving Conflicts	ms861772	-
Resolving a Peer Name	aa450159	-
Resource Management by Direct3D Mobile Drivers	aa447598	-
Resource Manager Context Functions	ms925951	ms938421
Resource Properties	ms924603	-
Resource Relationships	ms924604	-
ResourceCreateList	ms919852	-
ResourceDestroyList	ms919854	-
ResourceMarkAsShareable	ms919857	-
ResourceRelease	ms919859	-
ResourceRequest	ms919861	-
ResourceRequestEx	ms919863	-
Responding to Events/DirectShow Sample Code	aa451352	-
Responding to Events/Event Notification for Filters	ms923408	-
Responding to Events/Using Event Notification	aa451428	-
Responding to the Prepaint Notification	aa452710	-
Response Object Implementation	aa450161	ms862456
RestoreDC	ms939800	-
Restricted Sites Zone Settings	ms905325	ms928736
Restricting Outbound Traffic to Selected TCP Ports	aa450229	-
ResumeThread	ms886801	-
RetrieveUrlCacheEntryFile	ms918849	-
RetrieveUrlCacheEntryStream	aa452490	-
Retrieving Cache Entry Data	ms905329	-
Retrieving Cache Entry Files	ms905334	-
Retrieving File and Directory Information	ms886095	-
Retrieving Files from an FTP Server	ms905338	-
Retrieving Information About Network Configuration	aa450164	-
Retrieving Information from an Exchange Server	ms862684	-
Retrieving Light Properties	ms924609	-
Retrieving MSMQQueueInfo.Authenticate	aa450167	-
Retrieving MSMQQueueInfo.BasePriority	aa450168	-
Retrieving MSMQQueueInfo.CreateTime	aa450169	-
Retrieving MSMQQueueInfo.FormatName	aa450170	-
Retrieving MSMQQueueInfo.IsTransactional	aa450171	-
Retrieving MSMQQueueInfo.Journal	aa450172	-
Retrieving MSMQQueueInfo.JournalQuota	aa450173	-
Retrieving MSMQQueueInfo.Label	aa450174	-
Retrieving MSMQQueueInfo.ModifyTime	aa450175	-
Retrieving MSMQQueueInfo.PathName	aa450176	-
Retrieving MSMQQueueInfo.PrivLevel	aa450177	-
Retrieving MSMQQueueInfo.QueueGuid	aa450178	-
Retrieving MSMQQueueInfo.Quota	aa450179	-
Retrieving MSMQQueueInfo.ServiceTypeGuid	aa450180	-
Retrieving Material Properties	ms924610	-
Retrieving Network Data	aa450181	-
Retrieving Network Errors	aa450182	ms925106
Retrieving Network Information	ms900298	-
Retrieving Provisioning Information	aa525681	-
Retrieving Queue Properties (COM)	aa450183	-
Retrieving Statistics for IP and ICMP	aa450166	-
Retrieving Statistics for TCP and UDP	aa450165	-
Retrieving Time and Date Strings	ms904343	-
Retrieving Vertex Buffer Descriptions	ms924614	-
Retrieving a Connection Name	aa450162	ms925103
Retrieving a Depth Buffer	ms924607	-
Retrieving a User Name	aa450163	ms925104
Retrieving an Advanced Certificate	ms900404	-
Retrieving the Certificate	ms925952	ms898138
Retrieving the Current Playback Position	ms924612	-
Returning Errors	ms893307	ms891242
Reusing Packets	aa447600	-
RevokeBindStatusCallback	ms918850	ms928918
RevokeFormatEnumerator	ms918851	ms928919
Rfc1766ToLcid	ms918853	ms902889
Root Bus Driver Development Concepts	aa448280	-
Root Bus Driver Samples	aa448343	-
RoundRect	ms939867	-
Route	aa450187	-
Routing for IPv4	aa450188	-
Routing for IPv6	aa450189	-
Running Performance Tests for NDIS Miniport Drivers	aa448282	-
Running the Checkv4 Utility	ms899815	-
Running the One-Card NDIS Test	aa448281	-
Running the SimpleClient and SimpleServer Applications	ms899823	-
Running the Two-Card NDIS Test	aa448284	-
Running the Two-Card in Two Machines NDIS Test for Media Sense	aa448283	-
Running the Winsock Stress Test	aa448285	-
SAFEARRAY	ms893344	ms892133
SAFEARRAYBOUND	ms893364	ms892134
SAPI Application Development	ms897380	-
SAPI Class IDs	ms893442	-
SAPI Enumerations	aa513752	-
SAPI Functions	aa513758	-
SAPI Global Variables	aa513761	-
SAPI Interfaces	aa513764	-
SAPI Macros	aa513776	-
SAPI Migration	ms862687	-
SAPI OS Design Development	ms862707	-
SAPI Overview	ms862685	-
SAPI Reference	aa513780	-
SAPI Registry Settings	ms862688	-
SAPI Samples	ms862686	-
SAPI Structures	aa513783	-
SAPI Token Category IDs	aa513788	-
SAX2 C++ Common Notices	ms893447	-
SAX2 Developer Guide	ms862689	-
SAX2 Implementation Examples	ms862690	-
SBEDIT Control	ms939903	-
SBN_SIMPLEMODECHANGE	ms913282	-
SB_GETBORDERS	ms939915	-
SB_GETICON	ms932550	-
SB_GETPARTS	ms939925	-
SB_GETRECT	ms913125	-
SB_GETTEXT	ms913198	-
SB_GETTEXTLENGTH	ms913203	-
SB_ISSIMPLE	ms913210	-
SB_SETBKCOLOR	ms932561	-
SB_SETICON	ms932570	-
SB_SETMINHEIGHT	ms913344	-
SB_SETPARTS	ms932515	-
SB_SETTEXT	ms932525	-
SB_SIMPLE	ms932534	-
SCAN_OPTIONS	ms891827	-
SCAN_PARAMS	ms891875	-
SCAN_RESULTS	ms891883	-
SCARD_ATRMASK	ms938473	ms926236
SCARD_CARD_CAPABILITIES	ms919892	-
SCARD_IO_REQUEST	ms926417	ms926242
SCARD_READERSTATE	ms926425	ms906559
SCARD_READER_CAPABILITIES	ms919894	-
SCARD_VENDOR_ATTR	ms919896	-
SCHANNEL_CRED	ms926432	-
SCOPE_LEVEL	aa450875	-
SCRIPTCONTF	ms918854	ms902493
SCRIPTFONTCONTF	ms918856	ms902494
SCRIPTINFO	ms918857	ms902904
SCRIPT_ANALYSIS	ms906264	-
SCRIPT_CACHE	ms906265	-
SCRIPT_CONTROL	ms906266	-
SCRIPT_DIGITSUBSTITUTE	ms906267	-
SCRIPT_FONTPROPERTIES	ms906268	-
SCRIPT_ITEM	ms906269	-
SCRIPT_JUSTIFY	ms906270	-
SCRIPT_LOGATTR	ms906271	-
SCRIPT_PROPERTIES	ms906272	-
SCRIPT_STATE	ms906273	-
SCRIPT_STRING_ANALYSIS	ms906274	-
SCRIPT_TABDEF	ms906275	-
SCRIPT_VISATTR	ms906276	-
SCardBeginTransaction	ms938481	ms926087
SCardCancel	ms938495	ms926096
SCardConnect	ms938504	ms926101
SCardControl	ms938510	ms926109
SCardDisconnect	ms938517	ms926116
SCardEndTransaction	ms938526	ms926123
SCardEstablishContext	ms938536	ms926129
SCardForgetCardType	ms938545	ms926135
SCardForgetReader	ms938553	ms926139
SCardFreeMemory	ms938564	-
SCardGetAttrib	ms938574	ms926145
SCardGetCardTypeProviderName	ms926375	ms926151
SCardGetProviderId	ms926397	ms926157
SCardGetStatusChange	ms926406	ms926162
SCardIntroduceCardType	ms926415	ms926166
SCardIntroduceReader	ms926416	ms926172
SCardIsValidContext	ms926418	ms926177
SCardListCards	ms926419	ms926182
SCardListInterfaces	ms926420	ms926189
SCardListReaders	ms926422	ms926194
SCardLocateCards	ms926423	ms926199
SCardLocateCardsByATR	ms926424	ms926204
SCardReconnect	ms926426	ms926209
SCardReleaseContext	ms926427	ms926212
SCardSetAttrib	ms926428	ms926216
SCardSetCardTypeProviderName	ms926429	ms926220
SCardStatus	ms926430	ms926226
SCardTransmit	ms926431	ms926231
SDAllocateFromMemList	ms919899	-
SDBusRequest	ms920293	-
SDCARD_CLIENT_REGISTRATION_INFO	ms920314	-
SDCARD_DEVICE_TYPE	ms920321	-
SDCancelBusRequest	ms920297	-
SDCardInfoQuery	ms920304	-
SDCreateMemoryList	ms920330	-
SDDeinitializeCardLib	ms920339	-
SDDeleteMemList	ms920345	-
SDFreeBusRequest	ms920353	-
SDFreeToMemList	ms920357	-
SDGetDeviceHandle	ms920364	-
SDGetTuple	ms920371	-
SDIOConnectInterrupt	ms920379	-
SDIODisconnectInterrupt	ms920383	-
SDIO_CARD_INFO	ms920387	-
SDInitializeCardLib	ms920376	-
SDOutputBuffer	ms920391	-
SDP_SPECIFICTYPE	aa450879	ms863406
SDP_TYPE	aa450880	ms863407
SDPerformSafeCopy	ms920396	-
SDREQUEST	aa514456	-
SDReadWriteRegistersDirect	ms920399	-
SDRegisterClient	ms920402	-
SDSetCardFeature	ms920406	-
SDSynchronousBusRequest	ms920410	-
SD_BUS_REQUEST	ms920414	-
SD_BUS_REQUEST_RESPONSE	ms920417	-
SD_BUS_REQUEST_STATUS	ms920420	-
SD_CARD_INTERFACE	ms920424	-
SD_COMMAND_RESPONSE	ms920426	-
SD_DATA_TRANSFER_CLOCKS	ms920428	-
SD_DEBUG_INSTANTIATE_ZONES	ms920430	-
SD_FS_TYPE	ms920432	-
SD_HOST_BLOCK_CAPABILITY	ms920434	-
SD_INTERFACE_MODE	ms920436	-
SD_IO_FUNCTION_ENABLE_INFO	ms920438	-
SD_IO_TRANSFER_TYPE	ms920440	-
SD_PARSED_REGISTER_CID	ms920445	-
SD_PARSED_REGISTER_CSD	ms920448	-
SD_RESPONSE_TYPE	ms920454	-
SD_TRANSFER_CLASS	ms920459	-
SECTOR_LIST_ENTRY	ms891894	-
SEC_WINNT_AUTH_IDENTITY	ms926452	-
SERIAL_DEV_STATUS	ms920512	-
SERIAL_QUEUE_SIZES	ms920520	-
SERVICE_ADDRESS	aa450894	-
SERVICE_ADDRESSES	aa450895	-
SERVICE_INFO	aa450902	-
SERVICE_TYPE_INFO_ABS	aa450910	-
SERVICE_TYPE_VALUE_ABS	aa450912	-
SET (Command Processor)	ms939984	-
SF_REQ_TYPE	ms900577	-
SGX_BUF	ms920831	-
SG_BUF	ms920807	-
SG_REQ	ms920817	-
SHACTIVATEINFO	aa453665	-
SHAddToRecentDocs	aa453667	-
SHAddToRecentDocs (checked valueless for SHARD_*)	https://learn.microsoft.com/en-us/windows/win32/api/shlobj_core/nf-shlobj_core-shaddtorecentdocs	-
SHBindToParent	aa453668	-
SHBrowseForFolder	aa453669	-
SHBrowseForFolderA (checked valueless for BFFM_*)	https://learn.microsoft.com/en-us/windows/win32/api/shlobj_core/nf-shlobj_core-shbrowseforfoldera	-
SHCHANGENOTIFYENTRY	aa453671	-
SHCMBM_GETMENU	aa453675	-
SHCMBM_GETSUBMENU	aa453676	-
SHCMBM_SETSUBMENU	aa453677	-
SHChangeNotifyDeregister	aa453670	-
SHChangeNotifyFree	aa453672	-
SHChangeNotifyRegister	aa453673	-
SHCloseApps	aa453674	-
SHCreateMenuBar	aa453678	-
SHCreateNewItem	aa453679	-
SHCreateShortcut	aa453680	-
SHCreateShortcutEx	aa453681	-
SHDoneButton	aa453682	-
SHELLCALLBACKS	aa453683	ms920355
SHELLEXECUTEINFO	aa453685	-
SHELLEXECUTEINFOA (SEE_MASK_NOCLOSEPROCESS=0x40, SEE_MASK_FLAG_NO_UI=0x400; SE_ERR_FNF=2..SE_ERR_DLLNOTFOUND=32 -> derived)	https://learn.microsoft.com/en-us/windows/win32/api/shellapi/ns-shellapi-shellexecuteinfoa	-
SHELLFILECHANGEFUNC_t	ms891992	-
SHEnumPropSheetHandlers	aa453688	-
SHFILEINFO	aa453689	-
SHFILEOPSTRUCT	aa453691	-
SHFILEOPSTRUCTA (checked valueless; grounds the held FO_*/FOF_* analysis; prints the FILEOP_FLAGS member)	https://learn.microsoft.com/en-us/windows/win32/api/shellapi/ns-shellapi-shfileopstructa	-
SHFileOperation	aa453690	-
SHFindMenuBar	aa453692	-
SHFreeContextMenuExtensions	aa453693	-
SHFullScreen	aa453694	-
SHGNO	aa453709	-
SHGetAppKeyAssoc	aa453695	-
SHGetAutoRunPath	aa453696	-
SHGetDesktopFolder	aa453697	-
SHGetDocumentsFolder	aa453698	-
SHGetEmergencyCallList	aa453699	-
SHGetFileInfo	aa453700	-
SHGetFileInfoW (SHGFI_ICON=0x100..SHGFI_SELECTED=0x10000 -> derived; SHGFI_SELECTICON has no desktop counterpart)	https://learn.microsoft.com/en-us/windows/win32/api/shellapi/nf-shellapi-shgetfileinfow	-
SHGetInputContext	aa453701	-
SHGetMalloc	aa453702	-
SHGetMenu	aa453703	-
SHGetPathFromIDList	aa453704	-
SHGetShortcutTarget	aa453705	-
SHGetSpecialFolderLocation	aa453706	-
SHGetSpecialFolderPath	aa453707	-
SHGetSubMenu	aa453708	-
SHHandleWMActivate	aa453710	-
SHHandleWMSettingChange	aa453711	-
SHIFT	aa453712	ms879845
SHINITDLGINFO	aa453714	-
SHITEMID	aa453718	-
SHInitDialog	aa453713	-
SHInitExtraControls	aa453715	-
SHInputDialog	aa453716	-
SHInvokeContextMenuCommand	aa453717	-
SHLoadContextMenuExtensions	aa453719	-
SHLoadDIBitmap	aa453720	-
SHMENUBARINFO	aa453721	-
SHNOTIFICATIONDATA	aa453724	-
SHNP	aa453728	-
SHNavigateBack	aa453722	-
SHNotificationAdd	aa453723	-
SHNotificationGetData	aa453725	-
SHNotificationRemove	aa453726	-
SHNotificationUpdate	aa453727	-
SHRGINFO	aa453733	-
SHRecognizeGesture	aa453732	-
SHSetAppKeyWndAssoc	aa453734	-
SHSetBack	aa453735	-
SHSetInputContext	aa453736	-
SHSetNavBarText	aa453737	-
SHSetSubMenu	aa453738	-
SHShowOutOfMemory	aa453739	-
SHSipInfo	aa453740	-
SHSipPreference	aa453741	-
SIO_MULTICAST_SCOPE IOCTL	ms884919	ms910224
SIO_MULTIPOINT_LOOPBACK Ioctl	ms884920	ms910225
SIP	ms909242	ms906883
SIP Server Requirements	ms909245	-
SIP Server Settings	ms909246	-
SIP Servers	ms909244	-
SIP and TEL URIs	ms909243	-
SIPINFO	ms932860	-
SIPServerRegistrationParameters	ms912595	-
SIZE	ms940344	-
SIZE_EGA_PALETTE	ms932308	-
SIZE_MASKS	ms932309	-
SIZE_MPEG1VIDEOINFO	ms932310	-
SIZE_PALETTE	ms932311	-
SIZE_PREHEADER	ms932312	-
SIZE_VIDEOHEADER	ms932313	-
SMARTCARD_EXTENSION	ms921035	-
SMB Element (Location Response)	ms896016	ms899060
SMBFILE	ms884922	-
SMBPRINT	ms884923	-
SMBPath Element (Location Response)	ms896017	ms899061
SNMP Extension API Functions	ms894604	ms906852
SNMP Group	ms894607	ms906891
SNMP Library Files and Programs	ms894609	ms906898
SNMP Migration	ms894619	-
SNMP OS Design Development	ms894595	-
SNMP Operations	ms894624	ms906905
SNMP Samples	ms894629	-
SNMP Security	ms894632	ms907071
SNMP Terms	ms894635	ms906910
SNMP Utility API Functions	ms894650	ms906947
SNMP Versions	ms894655	-
SNTP Migration	ms884925	-
SNTP Registry Settings	ms884926	-
SNTP Samples	ms884927	-
SNTP Security	ms884928	-
SNTP Service Configuration Code Sample	ms899593	-
SOAP Guidelines and Limitations	ms862159	-
SOAP Migration	ms862698	-
SOAP OS Design Development	ms862703	-
SOAP Registry Settings	ms862699	-
SOAP Reliable Messaging Protocol	ms884929	-
SOAP Samples	ms862700	-
SOAP Security	ms862701	-
SOAP Support in Windows CE	ms862153	-
SOCKADDR_BTH	aa450944	ms863408
SOCKADDR_STORAGE	aa450952	-
SOCKET_ADDRESS	aa450954	-
SOLE_AUTHENTICATION_SERVICE	ms893478	ms891267
SOL_IRLMP	ms900408	-
SOL_SOCKET	ms884940	-
SORTORDERSPEC (CEDB)	ms891997	-
SORTORDERSPECEX (CEDB)	ms892001	-
SORTORDERSPECEX (EDB)	ms892010	-
SPAUDIOBUFFERINFO	ms893479	-
SPAUDIOOPTIONS	ms893480	-
SPAUDIOSTATE	ms893481	-
SPAUDIOSTATUS	ms893482	-
SPBINARYGRAMMAR	ms893483	-
SPBOOKMARKOPTIONS	ms893485	-
SPBindToFile	ms893484	-
SPCFGNOTIFY	ms893486	-
SPCFGRULEATTRIBUTES	ms893487	-
SPCONTEXTSTATE	ms893489	-
SPDATAKEYLOCATION	ms893501	-
SPDISPLAYATTRIBUTES	ms893502	-
SPDUI_AddRemoveWord	ms893503	-
SPDUI_AudioProperties	ms893504	-
SPDUI_AudioVolume	ms894109	-
SPDUI_EngineProperties	ms894171	-
SPDUI_MicTraining	ms894312	-
SPDUI_RecoProfileProperties	ms894322	-
SPDUI_UserTraining	ms894324	-
SPEAKFLAGS	ms895350	-
SPENDSRSTREAMFLAGS	ms895362	-
SPEVENT	ms895371	-
SPEVENTENUM	ms895379	-
SPEVENTLPARAMTYPE	ms895384	-
SPEVENTSOURCEINFO	ms895400	-
SPFEI	ms895404	-
SPFILEMODE	ms895407	-
SPGRAMMARSTATE	ms895548	-
SPGRAMMARWORDTYPE	ms895566	-
SPINTERFERENCE	ms895578	-
SPLEXICONTYPE	ms895589	-
SPLOADOPTIONS	ms895600	-
SPPARSEINFO	ms895655	-
SPPARTOFSPEECH	ms895661	-
SPPATHENTRY	ms895664	-
SPPHRASE	ms895672	-
SPPHRASEALT	ms895676	-
SPPHRASEALTREQUEST	ms895680	-
SPPHRASEELEMENT	ms895684	-
SPPHRASEPROPERTY	ms895689	-
SPPHRASEREPLACEMENT	ms895694	-
SPPHRASERNG	ms895698	-
SPPHRASERULE	ms895703	-
SPPROPERTYINFO	ms895709	-
SPPROPSRC	ms895715	-
SPRECOCONTEXTSTATUS	ms895719	-
SPRECOEVENTFLAGS	ms895724	-
SPRECOGNIZERSTATUS	ms895729	-
SPRECORESULTINFO	ms895734	-
SPRECORESULTTIMES	ms895738	-
SPRECOSTATE	ms895743	-
SPRESULTTYPE	ms895750	-
SPRULEENTRY	ms895754	-
SPRULEINFOOPT	ms895759	-
SPRULESTATE	ms895764	-
SPRUNSTATE	ms895768	-
SPSERIALIZEDEVENT	ms895774	-
SPSERIALIZEDEVENT64	ms895780	-
SPSERIALIZEDPHRASE	ms895784	-
SPSERIALIZEDRESULT	ms895787	-
SPSTATEINFO	ms895810	-
SPSTREAMFORMAT	ms895815	-
SPTEXTSELECTIONINFO	ms895817	-
SPTMTHREADINFO	ms895822	-
SPTRANSITIONENTRY	ms895826	-
SPTRANSITIONPROPERTY	ms895831	-
SPTRANSITIONTYPE	ms895836	-
SPVACTIONS	ms895839	-
SPVALUETYPE	ms895842	-
SPVCONTEXT	ms895850	-
SPVESACTIONS	ms895855	-
SPVFEATURE	ms895858	-
SPVISEMES	ms895865	-
SPVLIMITS	ms895868	-
SPVOICESTATUS	ms895874	-
SPVPITCH	ms895878	-
SPVPRIORITY	ms895882	-
SPVSKIPTYPE	ms895885	-
SPVSTATE	ms895892	-
SPVTEXTFRAG	ms895896	-
SPWAVEFORMATTYPE	ms895951	-
SPWORD	ms895959	-
SPWORDENTRY	ms895967	-
SPWORDINFOOPT	ms895968	-
SPWORDLIST	ms895969	-
SPWORDPRONOUNCEABLE	ms895970	-
SPWORDPRONUNCIATION	ms895972	-
SPWORDPRONUNCIATIONLIST	ms895973	-
SPWORDTYPE	ms895974	-
SP_MAX_PRON_LENGTH	ms895608	-
SP_MAX_WORD_LENGTH	ms895652	-
SSL Client Authentication	ms884942	-
SSL Support	ms884943	-
SSL Support Registry Settings	ms900411	-
SSPI Functions and Structures	ms936952	-
SSPI Handles	ms926453	-
SSPI Sample Application	ms936953	-
SS_GetPowerEntry	ms921840	-
SS_GetSocket	ms921851	-
SS_GetWindow	ms921864	-
SS_InquireSocket	ms921870	-
SS_InquireWindow	ms921879	-
SS_POWER_ENTRY	ms921890	-
SS_ResetSocket	ms921896	-
SS_SOCKET_INFO	ms921925	-
SS_SOCKET_SERVICE	ms921935	-
SS_SOCKET_STATE	ms921944	-
SS_SetSocket	ms921903	-
SS_SetWindow	ms921913	-
SS_TranslateBusAddr	ms921955	-
SS_TranslateSystemAddr	aa448144	-
SS_WINDOW_INFO	aa448145	-
SS_WINDOW_STATE	aa448146	-
START	ms940348	ms879846
STATDATA	ms896188	ms891268
STATSTG	ms896194	ms891269
STGC	ms896217	ms891270
STGM	ms896239	ms891273
STGMEDIUM	ms896247	ms891275
STM_GETIMAGE	ms940366	-
STM_SETIMAGE	ms940367	-
STN_CLICKED	ms940368	-
STN_DISABLE	ms940369	-
STN_ENABLE	ms940370	-
STORAGECONTEXT	ms892014	-
STORAGEDEVICEINFO	ms892022	-
STORAGE_IDENTIFICATION	aa448149	-
STOREINFO	aa514458	ms891278
STOREINFO (COM)	ms896271	-
STOREINFO (Storage Manager)	ms892106	-
STORE_ExecuteCommand	aa448150	-
STORE_INFORMATION	ms896367	ms891279
STORE_IsCommandSupported	aa448151	-
STREAMBUFFER_EC	aa452499	-
STREAMPROPS	aa452383	-
STREAM_AttachBuffers_Request	aa448152	-
STREAM_AttachBuffers_Response	aa448153	-
STREAM_CreateLocalPlug_Request	aa448154	-
STREAM_CreateLocalPlug_Response	aa448155	-
STREAM_DeleteLocalPlug_Request	aa448156	-
STREAM_DereferenceRemotePlug_Request	aa448157	-
STREAM_DetachBuffers_Request	aa448158	-
STREAM_GetMediaSize_Request	aa448159	-
STREAM_GetMediaSize_Response	aa448160	-
STREAM_GetRemotePlugHandle_Request	aa448161	-
STREAM_GetRemotePlugHandle_Response	aa448162	-
STREAM_LocateRemotePlug_Request	aa448163	-
STREAM_LocateRemotePlug_Response	aa448164	-
STREAM_MediaType	aa448165	-
STREAM_QueryBufferState_Request	aa448166	-
STREAM_QueryBufferState_Response	aa448167	-
STREAM_SetMediaSize_Request	aa448168	-
STREAM_StartReceiveSession_Request	aa448169	-
STREAM_StartReceiveSession_Response	aa448170	-
STREAM_StartTransmitSession_Request	aa448171	-
STREAM_StartTransmitSession_Response	aa448172	-
STREAM_StopSession_Request	aa448173	-
STRMBUF_CAPTURE_MODE	aa452561	-
STRMBUF_PLAYBACK_TUNE_POLICY	aa452562	-
STRRET	ms940377	-
STRRET (checked valueless; grounds the held STRRET_* analysis)	https://learn.microsoft.com/en-us/windows/win32/api/shtypes/ns-shtypes-strret	-
STYLEBUF	ms906434	ms921473
STYLESTRUCT	ms940380	-
SUBLANGID	ms906441	ms921474
SURFACE_PHYSICALVIDMEM	aa448183	-
SYSKIND	ms896474	ms891289
SYSTEMTIME	aa450923	-
SYSTEM_INFO	aa450921	-
SYSTEM_POWER_STATUS_EX	ms940384	-
SYSTEM_POWER_STATUS_EX2	ms940385	-
SZM_FLAGS	ms918860	ms928920
SafeArrayAccessData	ms893348	ms891243
SafeArrayAllocData	ms893355	ms891244
SafeArrayAllocDescriptor	ms893361	ms891245
SafeArrayCopy	ms893371	ms891246
SafeArrayCopyData	ms893377	ms891247
SafeArrayCreate	ms893380	ms891248
SafeArrayCreateVector	ms893388	ms891250
SafeArrayDestroy	ms893389	ms891251
SafeArrayDestroyData	ms893396	ms891252
SafeArrayDestroyDescriptor	ms893402	ms891253
SafeArrayGetDim	ms893408	ms891254
SafeArrayGetElement	ms893416	ms891255
SafeArrayGetElemsize	ms893423	ms891256
SafeArrayGetLBound	ms893432	ms891257
SafeArrayGetUBound	ms893434	ms891258
SafeArrayLock	ms893435	ms891259
SafeArrayPtrOfIndex	ms893436	ms891260
SafeArrayPutElement	ms893437	ms891261
SafeArrayRedim	ms893438	ms891262
SafeArrayUnaccessData	ms893439	ms891263
SafeArrayUnlock	ms893440	ms891264
Sample .mib File	ms894580	ms927017
Sample ACM Drivers	aa447619	-
Sample ATADISK Driver	aa447620	-
Sample Blit Acceleration	aa447622	-
Sample Code: Decrypting a File	ms925953	ms884657
Sample Code: Encrypting a File	ms925954	ms884658
Sample Custom Draw Function	aa452714	-
Sample Data	ms893441	-
Sample DrvEscape Function	aa447624	-
Sample Extension-Agent DLL	ms894572	ms927008
Sample MIB Source File	ms894583	ms906823
Sample SaxContentHandlerImpl Code	aa519287	-
Sample Secure Digital Card Driver	aa447625	-
Samples per Block	aa447626	-
SaveDC	ms939894	-
SbEdit Controls Reference	aa452733	-
ScanVolume	ms891845	-
ScanVolumeEx	ms891858	-
ScanVolumeUI	ms891864	-
Scanning for Part Availability	ms862691	-
Scanning for Relevant News	ms862692	-
Scatter/Gather I/O Support	aa450194	ms910238
Scene Presentation	ms924618	-
Schannel Security Support Provider	ms925955	-
Screen Operations	ms924619	-
Screen Rotation	ms893969	-
ScreenToClient	ms932582	-
Script Enumeration	ms918855	ms902896
Script Support	ms894588	ms898334
ScriptApplyDigitSubstitution	ms906233	-
ScriptApplyLogicalWidth	ms906234	-
ScriptBreak	ms906235	-
ScriptCPtoX	ms906237	-
ScriptCacheGetHeight	ms906236	-
ScriptFreeCache	ms906238	-
ScriptGetCMap	ms906239	-
ScriptGetFontProperties	ms906240	-
ScriptGetGlyphABCWidth	ms906241	-
ScriptGetLogicalWidths	ms906242	-
ScriptGetProperties	ms906243	-
ScriptIsComplex	ms906244	-
ScriptItemize	ms906245	-
ScriptJustify	ms906246	-
ScriptLayout	ms906247	-
ScriptPlace	ms906248	-
ScriptRecordDigitSubstitution	ms906249	-
ScriptShape	ms906250	-
ScriptStringAnalyse	ms906251	-
ScriptStringCPtoX	ms906252	-
ScriptStringFree	ms906253	-
ScriptStringGetLogicalWidths	ms906254	-
ScriptStringGetOrder	ms906255	-
ScriptStringOut	ms906256	-
ScriptStringValidate	ms906257	-
ScriptStringXtoCP	ms906258	-
ScriptString_pLogAttr	ms906260	-
ScriptString_pSize	ms906261	-
ScriptString_pcOutChars	ms906259	-
ScriptTextOut	ms906262	-
ScriptXtoCP	ms906263	-
Scroll Bar Styles	ms932612	-
ScrollDC	ms932696	-
ScrollWindowEx	ms932713	-
SdpAttributeRange	aa450876	ms863403
SdpQueryUuid	aa450877	ms863404
SdpQueryUuidUnion	aa450878	ms863405
SealMessage	ms926485	-
Searching a Directory	ms862693	ms920181
Searching for a File or Directory	ms886105	-
Searching for a Record	ms886118	-
SecBuffer	ms926433	-
SecBufferDesc	ms926434	-
SecPkgContext_Authority	ms926435	-
SecPkgContext_ConnectionInfo	ms926436	-
SecPkgContext_DceInfo	ms926437	-
SecPkgContext_IssuerListInfoEx	ms926438	-
SecPkgContext_KeyInfo	ms926439	-
SecPkgContext_Lifespan	ms926440	-
SecPkgContext_Names	ms926441	-
SecPkgContext_ProtoInfo	ms926442	-
SecPkgContext_Sizes	ms926443	-
SecPkgContext_StreamSizes	ms926445	-
SecPkgCred_CipherStrengths	ms926446	-
SecPkgCred_SupportedAlgs	ms926448	-
SecPkgCred_SupportedProtocols	ms926449	-
SecPkgCredentials_Names	ms926447	-
SecPkgInfo	ms926450	-
Secondary Display Drivers	ms893979	-
SectorInfo	ms920470	-
Secure Digital Card Bus Driver	ms893994	-
Secure Digital Card Driver Registry Settings	ms894008	-
Secure Digital Card Driver Status Codes	ms920486	-
Secure Digital Card Multimedia Card Compatibility	ms894010	-
Secure Socket Control Codes	ms885824	-
SecureZeroMemory	ms886803	-
Security Catalog Items	ms925956	-
Security Overview	ms925958	-
Security Packages	ms925957	-
Security Support Provider Interface Architecture	ms925959	-
SecurityFunctionTable	ms926451	-
SeekMode	aa450881	-
SelectClipRgn	ms932714	-
SelectObject	ms932715	-
SelectPalette	ms932716	-
Selecting Shell Components	aa452716	-
Selecting a Device	ms924621	-
Selecting an MUI Locale	ms904344	-
Selecting the Internal File System for your Target Device	ms886144	-
Selecting the Registry for Your Target Device	ms886152	-
Self-Management Example	ms894011	-
SendARP	aa450884	-
SendDlgItemMessage	ms932717	-
SendInput	ms932719	-
SendMessage	ms939980	-
SendMessageTimeout	ms939981	-
SendNotifyMessage	ms939983	-
SendRndisMessageHandler	ms920497	-
SendRndisPacketHandler	ms920504	-
Sending Complex Types Using a Custom Type Mapper	ms862694	-
Sending Messages to a Queue	aa450210	-
Sending Messages to a Queue (COM)	aa450211	-
Sending Response Messages (COM)	aa450212	-
Sending a Currency in a Message (COM)	aa450198	-
Sending a Data Recordset in a Message (COM)	aa450200	-
Sending a Date in a Message (COM)	aa450201	-
Sending a File as a Message (COM)	aa450202	-
Sending a Number in a Message (COM)	aa450206	-
Sending a Persistent Object (COM)	aa450207	-
Sending a Single-Message Transaction (COM)	aa450208	-
Sending a String in a Message (COM)	aa450209	-
Sending an Array of Bytes in a Message (COM)	aa450203	-
Sending an IP Multicast Datagram	aa450204	ms911713
Sending an IP Multicast Datagram Sample	aa450205	ms911714
Sending and Receiving Data with the SyncData Function	ms861781	-
Sending on a WAN Miniport Driver	ms894012	-
Serial Bus and Subunit Plug Association	ms894014	-
Serial Communications Functions	aa450763	-
Serial Communications Structures	aa450765	-
Serial Port Driver Architecture	ms894015	-
Serial Port Driver Registry Settings	ms894017	-
Serial Port Driver Samples	ms894019	-
Server Authentication	ms905345	-
Server Object Implementation	aa450214	ms862470
Server Objects	aa450215	-
Server Response to the Device Poll	ms894591	ms898335
Server Support	aa450216	-
Server and Collection Objects	aa450213	-
ServerCallback	ms900565	-
ServerSupportFunction (ISAPI Extensions)	aa450887	-
ServerSupportFunction (ISAPI Extensions) Request Types	ms899543	-
ServerSupportFunction (ISAPI Filters)	aa450890	-
Service Element	ms862697	-
Service Installation in the Winsock SPI	aa450217	ms910218
Service Objects	aa450218	ms928342
Service Provider Activation	aa450219	ms910219
Service Query	aa450220	ms910220
Service Registry Settings	aa450221	ms901907
ServiceAddPort	aa450892	ms938302
ServiceCallback	ms900568	-
ServiceClosePort	aa450897	ms938310
ServiceEnumInfo	aa450899	ms938314
ServiceIoControl	aa450904	ms938325
ServiceUnbindPorts	aa450914	ms938454
Services.exe	aa450223	-
Services.exe Application Development	ms899544	-
Services.exe Functions	aa450232	-
Services.exe IOCTLS	aa450233	-
Services.exe Migration	ms899545	-
Services.exe OS Design Development	aa450224	-
Services.exe Reference	aa450234	-
Services.exe Registry Settings	ms884674	ms938127
Services.exe Request Handling	ms884765	ms938064
Services.exe Samples	ms899546	-
Services.exe Security	ms884879	-
Services.exe Structures	aa450235	-
ServicesExeCommandLineParams	aa450908	-
ServicesexeCallbackFunctions	aa450906	ms938337
Session Information	ms909228	-
Session Options	ms893453	-
Session Settings	ms909234	-
Set Operations	ms893461	-
SetAbortProc	ms939985	ms924810
SetActiveWindow	ms939986	-
SetBitmapBits	ms939987	-
SetBkColor	ms939988	-
SetBkMode	ms939989	-
SetBrushOrgEx	ms940010	-
SetCaretBlinkTime	ms940012	-
SetCaretPos	ms940013	-
SetClassLong	ms940014	-
SetClearTypeBltGamma	ms920529	-
SetClearTypeBltMasks	ms920541	-
SetClipList	ms920554	-
SetClipboardData	ms940015	-
SetCommBreak	ms886804	-
SetCommMask	ms886805	-
SetCommState	ms886806	-
SetCommTimeouts	ms886807	-
SetCurrentUser	ms891903	ms919603
SetDIBColorTable	ms940018	-
SetDIBitsToDevice	ms940019	-
SetDaylightTime	ms886808	-
SetDeviceConfigurationData	ms920576	-
SetDevicePower	ms920584	-
SetDevicePowerState	ms920590	-
SetDlgItemInt	ms940020	-
SetDlgItemText	ms940021	-
SetDlgMsgResult	ms940022	-
SetEndOfFile	ms891916	-
SetEntries	ms920596	-
SetErrorInfo	ms893458	ms891266
SetEvent	ms886810	-
SetFileAttributes	ms891925	-
SetFilePointer	ms891933	-
SetFileTime	ms886812	-
SetFocus	ms940023	-
SetForegroundWindow	ms940024	-
SetHandler	ms920646	-
SetHeader	aa450916	-
SetIPSecConfig	aa450926	-
SetIPSecMode	aa450928	-
SetIfEntry	aa450920	-
SetIpForwardEntry	aa450922	-
SetIpNetEntry	aa450924	-
SetIpStatistics	aa450929	-
SetIpTTL	aa450931	-
SetLastError	ms886817	-
SetLayout	ms940026	-
SetLocalTime	ms886818	-
SetLocaleInfo	ms906277	ms921472
SetMenuItemInfo	ms940027	-
SetOverlayPosition	ms920668	-
SetPCSyncName	ms912594	-
SetPalette	ms920679	-
SetPaletteEntries	ms940028	-
SetParent	aa453645	-
SetPartitionAttributes	ms891941	-
SetPassword	ms891953	-
SetPasswordActive	ms891968	-
SetPasswordStatus	ms891976	-
SetPinyinType	ms906278	-
SetPixel	aa453646	-
SetPowerRequirement	ms920689	-
SetProp	aa453647	-
SetROP2	aa453651	-
SetRect	aa453648	-
SetRectEmpty	aa453649	-
SetRectRgn	aa453650	-
SetScrollInfo	aa453652	-
SetScrollPos	aa453653	-
SetScrollRange	aa453654	-
SetStretchBltMode	aa453655	-
SetSysColors	aa453656	-
SetSystemPowerState	ms920754	-
SetSystemTime	aa450867	-
SetTcpEntry	aa450937	-
SetTextAlign	ms901143	ms900733
SetTextCharacterExtra	ms901144	-
SetTextColor	ms901145	ms900716
SetThreadContext	aa450889	-
SetThreadPriority	aa450891	-
SetTimeZoneInformation	aa450893	-
SetTimer	aa453657	-
SetUrlCacheConfigInfo	ms905355	-
SetUrlCacheEntryGroup	aa452491	-
SetUrlCacheEntryInfo	ms918858	-
SetUrlCacheGroupAttribute	aa452492	-
SetUserData	ms891984	ms919623
SetUserDefaultLCID	ms906279	-
SetUserDefaultUILanguage	ms906280	-
SetViewportOrgEx	aa453660	-
SetWindowLong	aa453661	-
SetWindowOrgEx	aa453954	-
SetWindowPos	aa453662	-
SetWindowRgn	aa453663	-
SetWindowText	aa453664	-
Setting ForwardMetric Values	ms884896	-
Setting Light Properties	ms924624	-
Setting MSMQQueueInfo.Authenticate	ms884897	-
Setting MSMQQueueInfo.BasePriority	ms884898	-
Setting MSMQQueueInfo.Journal	ms884900	-
Setting MSMQQueueInfo.JournalQuota	ms884901	-
Setting MSMQQueueInfo.Label	ms884902	-
Setting MSMQQueueInfo.PrivLevel	ms884903	-
Setting MSMQQueueInfo.Quota	ms884904	-
Setting MSMQQueueInfo.ServiceTypeGuid	ms884905	-
Setting Material Properties	ms924625	-
Setting Queue Properties (COM)	ms884906	-
Setting Regional Preferences	aa452720	-
Setting Synchronization Options	ms861790	-
Setting Tab Size and Position	aa452721	-
Setting Transformations	ms924631	-
Setting Up Event Sinks	ms905348	-
Setting Up PC Authentication	ms909235	-
Setting Up the HWXGUIDE Structure	ms904346	ms919078
Setting Up the Source Files for a Custom Shell	ms914412	-
Setting Virtual Paths	ms885793	-
Setting a User Name and Password	ms884887	ms925108
Setting an AE Policy	ms937003	-
Setting an Active LAP	ms937002	-
Setting and Retrieving Texture Addressing Modes	ms924628	-
Setting the File Pointer	ms886160	-
Setting the Input Method Programmatically	ms904345	-
Setting the Machine Default CSP	ms925960	ms884382
Setting the Position and Scroll Position of a List View Item	aa452722	-
Setting the Range and Current Position	aa452723	-
Setting the Registry Key to Adjust Gamma Settings	ms901155	ms904190
Setting the Registry Key to Support ClearType	ms901156	ms904183
Setting the Size and Position of the Header Control	aa452724	-
Setting the Target Folder Path on the OBEX Server	ms884908	ms922584
Setting the Time	aa452725	-
Setting the User Default CSP	ms925961	ms884383
Setting the Video Window/Sample Video Window Program	ms924616	-
Setting the Video Window/The Video Window	aa451391	-
Setting the Video Window/Using the IVideoWindow Interface	aa451441	-
Setting up Platform Builder to Build Modified Code in a Public Directory	ms914408	-
Setting up the PC Authentication LAP on a Windows CE Device	ms909236	-
Setting up the PC Authentication PC Application	ms909237	-
Settings Dialog Box Specifications	ms861786	-
Settings Element (Poll Response)	ms896014	ms899058
Settings for Specific File Systems	aa517933	-
SetupComm	aa450896	-
Shading State	ms924634	-
Shaping Engines	ms904347	-
Shared IST for NDIS	ms894021	-
Shared Sockets in the SPI	ms884912	ms910221
Shared Thread Pool	ms894022	-
Sharing Folders Using the File Server	aa451153	-
Sharing Responsibilities	ms894023	-
Shell Application Development	aa453937	-
Shell Components	ms926615	-
Shell Migration	aa452739	-
Shell OS Design Development	aa453938	-
Shell OS Functions	aa452738	-
Shell OS Reference	aa452740	-
Shell OS Structures	aa452744	-
Shell Overview	aa453939	-
Shell Reference	aa452741	-
Shell Registry Settings	aa452742	-
Shell Samples	aa452743	-
Shell Security	ms926685	-
ShellExecuteEx	aa453684	-
ShellRegisterCallbacks	aa453687	ms920359
Shell_NotifyIcon	aa453686	-
Shell_NotifyIconW (NIM_ADD=0, NIM_MODIFY=1, NIM_DELETE=2 -> derived)	https://learn.microsoft.com/en-us/windows/win32/api/shellapi/nf-shellapi-shell_notifyiconw	-
ShortDescription Element (Instruction Response)	ms896015	ms899059
ShowCaret	aa453729	-
ShowInternalMessage	ms905429	-
ShowPrompt	ms905508	-
ShowWindow	aa453731	-
Shut Down RTC	ms909238	-
Shutting down a Standalone Service	ms884914	ms938102
SideShow Architecture	cc700965	-
SideShow Console Sample	cc664377	-
SideShow Functions	cc664371	-
SideShow Messages	cc664230	-
SideShow OS Design Development	cc664384	-
SideShow Reference	cc664395	-
SideShow Registry Settings	cc664379	-
SideShow Security	cc700958	-
SideShowMgr_FindFirstItem	cc664381	-
SideShowMgr_FindItemClose	cc700959	-
SideShowMgr_FindNextItem	cc700961	-
SideShowMgr_ForceConnect	cc700967	-
SideShowMgr_ForceDisconnect	cc664383	-
SideShowMgr_GetAvailableUserNames	cc664367	-
SideShowMgr_GetCurrentCacheSize	cc664369	-
SideShowMgr_GetGadgetCount	cc664397	-
SideShowMgr_GetGadgetInfo	cc664402	-
SideShowMgr_GetGadgetInfoSizes	cc664224	-
SideShowMgr_GetGadgetOrder	cc664399	-
SideShowMgr_GetGuidsFromGadgetId	cc664368	-
SideShowMgr_GetItemData	cc700960	-
SideShowMgr_GetItemDataSize	cc664231	-
SideShowMgr_GetItemDataSizeTimeout	cc664227	-
SideShowMgr_GetNotificationInfo	cc700970	-
SideShowMgr_GetNotificationInfoSizes	cc664400	-
SideShowMgr_GetSizeOfAvailableUserNames	cc664373	-
SideShowMgr_IsServiceRunning	cc700962	-
SideShowMgr_SendApplicationEvent	cc664228	-
SideShowMgr_SetMaximumCacheSize	cc664392	-
SideShowMgr_Start	cc664223	-
SideShowMgr_Stop	cc664220	-
SideShowMgr_UserChangeRequest	cc700964	-
SideShowMgr_UserChangeRequestCch	cc664225	-
SignalStarted	aa450898	-
Signing and Verifying Messages	ms925962	ms884384
Silly Window Syndrome (SWS)	ms884916	-
Simple Network Time Protocol (SNTP)	ms899547	-
Simple Network Time Protocol (SNTP) OS Design Development	ms884917	-
Simple Shell Modifications	ms933849	-
Simplified Chinese Input Method	ms904349	-
Simplified Chinese MSPY 3.0 IME	ms904350	-
Simplified Chinese MSPY 3.0 IME Configuration	ms904351	-
Simplified Chinese MSPY 3.0 IME Configuration Registry Settings	ms904622	-
Simplified Chinese MSPY 3.0 IME Functions	ms906483	-
Simplified Chinese MSPY 3.0 IME Hot Key Registry Settings	ms904626	-
Simplified Chinese MSPY 3.0 IME OS Design Development	ms904352	-
Simplified Chinese MSPY 3.0 IME Reference	ms906281	-
Simplified Chinese Pocket IME	ms904354	-
Simplified Chinese Pocket IME Architecture in Windows CE	ms904355	-
Simplified Chinese Pocket IME Functions	ms904627	-
Simplified Chinese Pocket IME Hot Key Registry Settings	ms904353	-
Simplified Chinese Pocket IME Reference	ms904628	-
Simplified Chinese Pocket IME UI Configuration Registry Settings	ms904629	-
Simplified Chinese Pocket IME UI Module Registry Settings	ms904356	-
Simplified Chinese Pocket IME UI Source Code Files	ms904357	-
Simultaneous Access for Multiple Applications	ms894024	-
Single Function Cards	ms894025	-
Single Subnet with Link-Local Addresses	ms884918	-
SinkFlags	ms932307	-
SipEnumIM	aa453742	-
SipEnumIMProc	aa453743	-
SipGetCurrentIM	aa453744	-
SipGetInfo	aa453745	-
SipRegisterNotification	ms932947	-
SipSetCurrentIM	ms940337	-
SipSetDefaultRect	ms940340	-
SipSetInfo	ms940341	-
SipShowIM	ms940342	-
SipStatus	ms940343	-
SizeofResource	ms940346	-
Skip Method (EnumWSDLService)	ms893470	-
Sleep	aa450900	-
Slot Event Callback	ms894026	-
Slow Start Algorithm and Congestion Avoidance	ms884921	-
Smart Card	ms925963	-
Smart Card Application Development	ms926469	-
Smart Card CSP	ms925966	-
Smart Card Concepts	ms925965	-
Smart Card Database	ms936835	ms906512
Smart Card Database Management Functions	ms936930	ms906518
Smart Card Database Query Functions	ms936933	ms906523
Smart Card Driver Architecture	ms894027	-
Smart Card Driver Debugging	ms894028	-
Smart Card Driver Registry Settings	ms894029	-
Smart Card Driver Samples	ms894031	-
Smart Card Enrollment	ms936943	ms897726
Smart Card Error Values	ms936965	ms926081
Smart Card Functions	ms937004	-
Smart Card Interfaces	ms936944	ms906533
Smart Card Migration	ms937005	-
Smart Card OS Design Development	ms926470	-
Smart Card Readers	ms936945	ms906543
Smart Card Reference	ms937006	-
Smart Card Registry Settings	ms936946	ms906563
Smart Card Resource Manager	ms936947	-
Smart Card Samples	ms937007	-
Smart Card Security	ms937008	-
Smart Card Structures	ms937009	-
Smart Card Subsystem	ms936949	-
Smart Card Tracking Functions	ms936951	ms925998
Smart Card and Reader Access Functions	ms925964	ms906498
SmartcardCreateLink	ms920847	-
SmartcardDeleteLink	ms920918	-
SmartcardDeviceControl	ms920926	-
SmartcardExit	ms920933	-
SmartcardInitialize	ms921144	-
SmartcardLockDevice	ms921243	-
SmartcardRawReply	ms921272	-
SmartcardRawRequest	ms921385	-
SmartcardT0Reply	ms921419	-
SmartcardT0Request	ms921526	-
SmartcardT1Reply	ms921641	-
SmartcardT1Request	ms921760	-
SmartcardUnlockDevice	ms921781	-
SmartcardUpdateCardCapabilities	ms921790	-
SnmpExtensionClose	ms896018	ms927046
SnmpExtensionInit	ms896019	ms927051
SnmpExtensionInitEx	ms896020	ms927054
SnmpExtensionQuery	ms896021	ms927057
SnmpExtensionQueryEx	ms896022	ms927060
SnmpExtensionTrap	ms896023	ms927063
SnmpMibEntry Array	ms894613	ms906972
SnmpMibTable Array	ms894614	ms906978
SnmpMibView Structure	ms894616	ms906985
SnmpSvcGetUptime	ms896024	ms927065
SnmpSvcSetLogLevel	ms896025	ms927069
SnmpSvcSetLogType	ms896026	ms927071
SnmpTfx API Functions	ms894639	ms906917
SnmpTfx Framework Structures	ms894645	-
SnmpTfx Macro Name Conventions	ms894647	ms906940
SnmpTfxClose	ms896028	ms927073
SnmpTfxOpen	ms896029	ms927076
SnmpTfxQuery	ms896030	ms927079
SnmpUtilAsnAnyCpy	ms896031	ms927083
SnmpUtilAsnAnyFree	ms896032	ms927087
SnmpUtilDbgPrint	ms896033	ms927091
SnmpUtilIdsToA	ms896034	ms927095
SnmpUtilIdsToW	ms896035	ms927099
SnmpUtilMemAlloc	ms896036	ms927102
SnmpUtilMemFree	ms896037	ms927106
SnmpUtilMemReAlloc	ms896038	ms927110
SnmpUtilOctetsCmp	ms896039	ms927115
SnmpUtilOctetsCpy	ms896040	ms927119
SnmpUtilOctetsFree	ms896041	ms927121
SnmpUtilOctetsNCmp	ms896042	ms927125
SnmpUtilOidAppend	ms896043	ms927126
SnmpUtilOidCmp	ms896044	ms927129
SnmpUtilOidCpy	ms896045	ms927131
SnmpUtilOidFree	ms896046	ms927134
SnmpUtilOidNCmp	ms896047	ms927135
SnmpUtilOidToA	ms896048	ms927138
SnmpUtilOidToW	ms896049	ms927140
SnmpUtilPrintToStrAsnAny	ms896050	ms927142
SnmpUtilVarBindCpy	ms896051	ms927144
SnmpUtilVarBindFree	ms896052	ms927148
SnmpUtilVarBindListCpy	ms896053	ms927149
SnmpUtilVarBindListFree	ms896054	ms927152
SnmpVarBind	ms896055	ms927154
SnmpVarBindList	ms896056	ms927156
SoapAttribute Method	ms893473	-
SoapDefaultNamespace Method	ms893474	-
SoapInvoke Method	ms893475	-
SoapNamespace Method	ms893477	-
Socket Attribute Flags and Modes	ms884930	ms910226
Socket Class	aa448287	-
Socket Client	ms884931	-
Socket Connections on Connection-Oriented Protocols	ms884933	-
Socket Connections on Connectionless Protocols	ms884932	-
Socket Creation and Descriptor Management	ms884934	-
Socket Functions	ms884935	-
Socket I/O	ms884936	-
Socket Options	ms899548	-
Socket Options Not Supported	ms884938	ms911715
Socket Options and IOCTLs	ms884937	-
Socket Server	ms884939	-
Software Inventory Report	ms894653	ms899062
SoftwareInventorySettings Element (Poll Response)	ms896058	ms899064
Sorting Search Results	ms862704	ms920187
Sorting XML	ms862705	ms912484
Source Code for ProfApp	ms894032	-
SourceFiles Element (Instruction Response)	ms896059	-
SpClearEvent	ms893488	-
SpConvertStreamFormatEnum	ms893490	-
SpCreateBestObject	ms893491	-
SpCreateDefaultObjectFromCategoryId	ms893492	-
SpCreateNewToken (By Category ID)	ms893493	-
SpCreateNewToken (By Token ID)	ms893494	-
SpCreateNewTokenEx (By Category ID)	ms893495	-
SpCreateNewTokenEx (By Token ID)	ms893496	-
SpCreateObjectFromSubToken	ms893497	-
SpCreateObjectFromToken	ms893498	-
SpCreateObjectFromTokenId	ms893499	-
SpCreatePhoneConverter	ms893500	-
SpEnumTokens	ms895368	-
SpEventSerializeSize	ms895391	-
SpFindBestToken	ms895413	-
SpGetCategoryFromId	ms895420	-
SpGetDefaultTokenFromCategoryId	ms895426	-
SpGetDefaultTokenIdFromCategoryId	ms895516	-
SpGetDescription	ms895523	-
SpGetSubTokenFromToken	ms895527	-
SpGetTokenFromId	ms895534	-
SpGetUserDefaultUILanguage	ms895542	-
SpInitEvent	ms895573	-
SpSetCommonTokenData	ms895792	-
SpSetDefaultTokenForCategoryId	ms895795	-
SpSetDefaultTokenIdForCategoryId	ms895800	-
SpSetDescription	ms895805	-
Spanish Keyboard	ms894033	-
Spanning Tree Algorithm Functionality	ms884941	ms918737
Specifying Locales with NLS	ms904358	-
Specifying Privacy Settings	aa451920	-
Specifying Toolbar Size, Position, and Appearance	ms926840	-
Specifying an ISAPI Listener	ms862706	-
Specifying the Directory for Font Loading	ms901106	ms900943
Speech Recognition API and DDI	ms862708	-
Speech Synthesis API and DDI	ms862709	-
Spelling Checker (USA) Migration Issues	ms904359	-
Spin Locks	ms894034	-
StallExecution	aa448325	-
Standard Shell Enumerations	aa452752	-
Standard Shell Functions	aa452753	-
Standard Shell Interfaces	aa452754	-
Standard Shell Macros	aa452755	-
Standard Shell Messages	aa452756	-
Standard Shell Reference	aa452757	-
Standard Shell Structures	aa452758	-
StartDoc	ms940349	ms924811
StartIPSec	aa450960	-
StartPage	ms940350	ms924813
StartTime Element (Instruction Response)	ms896060	ms899065
Starting an FTP Session	ms905622	-
Starting and Stopping the Web Server	ms884945	-
Static Control Styles	ms940359	-
Static Port Mappings	ms884947	ms901922
Static Window Classes	aa448288	-
Status Bars Functions	aa452763	-
Status Bars Messages	aa452764	-
Status Bars Notifications	aa452765	-
Status Bars Reference	aa452766	-
Status Element (Download Event Status)	ms896061	ms899066
StatusMessage Element (Download Event Status)	ms896062	ms899067
Stencil Buffer State	ms924644	-
Stencil Buffers	ms924643	-
Stencil Operations	ms924645	-
Step 1: Creating the Header File	ms897395	-
Step 1: Creating the Sales.xml File	ms897399	ms932341
Step 1: Loading the PCI Bus Driver	ms894036	-
Step 2: Creating the MyContent Class	ms897396	-
Step 2: Enumerating Devices on the PCI Bus	ms894037	-
Step 2: Matching Patterns	ms897400	ms932349
Step 3: Creating the Main Program	ms897397	-
Step 3: Enumerating a PCI Serial Driver	ms894038	-
Step 3: Looping Through Data	ms897401	ms912750
Step 4: Adding Conditional Statements	ms897402	ms912839
Step 4: Enumerating a PCI Ethernet Controller Driver	ms894039	-
Step 5: Adding Other Documents	ms897403	ms912949
Step 5: Loading Drivers on the PCI Bus	ms894040	-
Steps in Developing ActiveSync Providers	ms861795	-
StgCreateDocfile	ms896225	ms891271
StgCreateDocfileOnILockBytes	ms896230	ms891272
StgOpenStorage	ms896253	ms891276
StgOpenStorageOnILockBytes	ms896261	ms891277
StopIPSec	aa450962	-
StopPowerNotifications	aa448148	-
Stopping a Running Service	ms884948	ms938110
Stopping, Pausing, and Restarting a Waveform Audio I/O Device	ms924646	-
Storage Device Settings	aa517915	-
Storage Efficiency and Texture Compression	aa451408	-
Storage Enumerations	aa513800	-
Storage Functions	aa513803	-
Storage Interfaces	aa513805	-
Storage Manager	ms886165	-
Storage Manager Architecture	ms886175	-
Storage Manager Functions	aa516955	-
Storage Manager Loading Process	ms886185	-
Storage Manager Reference	aa516956	-
Storage Manager Registry Settings	ms892393	-
Storage Manager Structures	aa516957	-
Storage Structures	aa513812	-
Storing Session Keys	ms936954	ms884385
StrRetToBuf	ms940378	-
Stream Integer Functions	aa452381	-
Stream Interface Driver Architecture	ms894042	-
Stream Socket Application	ms899832	-
StreamControlState	aa452378	-
StretchBlt	ms940373	-
StretchDIBits	ms940374	-
String	aa450907	-
String Functions	ms896403	-
String Functions (DirectShow)	aa452385	-
String Manipulation Functions	ms862712	ms891283
StringFileInfo	aa450909	-
StringFromCLSID	ms896375	ms891280
StringFromGUID2	ms896381	ms891281
StringFromIID	ms896389	ms891282
StringTable	aa450911	-
Strings Functions	aa450766	-
Submitting a Firewall for Certification	ms899840	-
Subnet Element (Location Response)	ms896063	ms899068
Subordinate DMA Network Adapters	ms894046	-
SubtractRect	ms940381	-
Summary of Browser Characteristics	ms905630	-
Summary of Namespace Provider Functions	ms884950	ms910233
Summary of SPI Functions	ms884952	-
Summary of Socket IOCTL Opcodes	ms884951	ms910235
Summary of Supported MSMQ Functions	ms884949	-
Super Services	ms884953	-
Support for Internet Explorer 6 in Windows CE	aa452009	-
Support for Scatter/Gather Input/Output in the SPI	ms884956	ms910237
Supported Audio Codecs and Renderers/MPEG-1 Layer 1 and 2 Audio Codec	ms924156	-
Supported Audio Codecs and Renderers/Waveform Audio Renderer	ms925704	-
Supported CryptoAPI 2.0 APIs	ms936955	ms883685
Supported DirectShow Filters/ACM Wrapper Filter	ms925329	-
Supported DirectShow Filters/AVI Filter	ms925761	-
Supported DirectShow Filters/Audio Lip Sync Filter	aa452494	-
Supported DirectShow Filters/Audio Renderer (WaveOut) Filter	ms940087	-
Supported DirectShow Filters/Color Space Converter Filter	ms940088	-
Supported DirectShow Filters/DMO Wrapper Filter	aa451613	-
Supported DirectShow Filters/DVR Sink Filter	aa452532	-
Supported DirectShow Filters/DVR Source Filter	aa452533	-
Supported DirectShow Filters/DirectShow Video Renderer Filter	aa452414	-
Supported DirectShow Filters/File Source (Async) Filter	aa451710	-
Supported DirectShow Filters/File Source (URL) Filter	aa451711	-
Supported DirectShow Filters/Filter Categories	aa451712	-
Supported DirectShow Filters/Generic Streamer Filter	aa452497	-
Supported DirectShow Filters/Image Sink Filter	ms940095	-
Supported DirectShow Filters/MPEG-1 Parser/Splitter	ms924155	-
Supported DirectShow Filters/MPEG-2 Program Stream DeMultiplexer Filter	aa452531	-
Supported DirectShow Filters/MPEG-2 Program Stream Multiplexer Filter	aa452498	-
Supported DirectShow Filters/Overlay Mixer	ms932249	-
Supported DirectShow Filters/Smart Tee Filter	ms940073	-
Supported DirectShow Filters/VBI Renderer Filter	aa452563	-
Supported DirectShow Filters/Video/Image Compression Manager	ms925754	-
Supported DirectShow Filters/WAVE/AIFF/au/snd File Parser	aa452467	-
Supported DirectShow Filters/WM ASF Writer Filter	ms940096	-
Supported FTP Commands	ms884955	ms901326
Supported HCI Transport Drivers	ms894035	-
Supported UPnP Functionality	ms885767	-
Supported USB Features	ms894047	-
Supported Video Codecs/MPEG-1 Video Codec	ms924157	-
Supporting Full-Screen Dialog Boxes	ms926882	-
Supporting International Characters and Formatting	ms904360	-
Supporting Multiple Web Sites	ms883003	-
Supporting the Input Panel	ms926909	-
Surface Formats	ms924657	-
Surface Interfaces	ms924658	ms893146
Surface Locks in Direct3D Mobile	ms894049	-
SurfaceHeap Class Definition	aa448178	-
SurfaceHeap Constructor	aa448179	-
SurfaceHeap::Address	aa448174	-
SurfaceHeap::Alloc	aa448175	-
SurfaceHeap::Available	aa448176	-
SurfaceHeap::Free	aa448180	-
SurfaceHeap::NodeSize	aa448181	-
SurfaceHeap::Size	aa448182	-
Surfaces	ms924660	-
Surfaces and Device Contexts/Finding a Surface with a Device Context	ms923371	-
Surfaces and Device Contexts/Retrieving the Device Context for a Surface	ms924613	-
Suspend and Resume Handling	ms894050	-
Suspend and Resume Power Callbacks	ms894051	-
SuspendThread	aa450913	-
Swedish Keyboard	ms894053	-
SwitchToFiber	aa450915	-
SyncCache	ms892139	-
SyncData	ms864376	-
Synchronization Functions	aa450749	-
Synchronization and Device I/O	aa516903	-
Synchronous Bus Requests	ms894055	-
Synchronous Searching	ms884958	ms928350
Synchronous vs. Asynchronous Calls	ms862713	ms920195
SysAllocString	ms896470	ms891285
SysAllocStringByteLen	ms896471	ms891286
SysAllocStringLen	ms896472	ms891287
SysFreeString	ms896473	ms891288
SysReAllocString	ms896475	ms891290
SysReAllocStringLen	ms896476	ms891291
SysStringByteLen	ms896477	ms891292
SysStringLen	ms896478	ms891293
System Errors - Alphabetical Order	aa450917	-
System Errors - Numerical Order	aa450919	-
System Font Registry Settings	ms901091	ms900747
System Group	ms894659	ms906963
System Management Functions	aa450768	-
System Management Structures	aa450770	-
System Power State Setting	ms894057	-
System Power State Transitions	ms894060	-
System Power State to Device Power State Mapping	ms894059	-
System Store Locations	ms936956	ms883689
SystemDefaultLCID Element (Poll Request)	ms896065	ms899070
SystemIdleTimerReset	ms940382	-
SystemParametersInfo	ms940383	-
SystemTimeToFileTime	aa450925	-
SystemTimeToVariantTime	ms896482	ms891294
Systems Management Server Device Management Feature Pack	ms894662	-
T1_DATA	aa448186	-
TBADDBITMAP	ms940414	-
TBBUTTON	ms940418	-
TBBUTTONINFO	ms940420	-
TBM_CLEARSEL	ms913727	-
TBM_CLEARTICS	ms913729	-
TBM_GETBUDDY	ms913731	-
TBM_GETCHANNELRECT	ms913733	-
TBM_GETLINESIZE	ms913735	-
TBM_GETNUMTICS	ms913736	-
TBM_GETPAGESIZE	ms913739	-
TBM_GETPOS	ms913741	-
TBM_GETPTICS	ms913743	-
TBM_GETRANGEMAX	ms913747	-
TBM_GETRANGEMIN	ms913749	-
TBM_GETSELEND	ms913751	-
TBM_GETSELSTART	ms913754	-
TBM_GETTHUMBLENGTH	ms913756	-
TBM_GETTHUMBRECT	ms913758	-
TBM_GETTIC	ms913761	-
TBM_GETTICPOS	ms913765	-
TBM_SETBUDDY	ms913769	-
TBM_SETLINESIZE	ms913773	-
TBM_SETPAGESIZE	ms913779	-
TBM_SETPOS	ms913783	-
TBM_SETRANGE	ms913785	-
TBM_SETRANGEMAX	ms913787	-
TBM_SETRANGEMIN	ms913789	-
TBM_SETSEL	ms913791	-
TBM_SETSELEND	ms913793	-
TBM_SETSELSTART	ms913795	-
TBM_SETTHUMBLENGTH	ms913797	-
TBM_SETTIC	ms913799	-
TBM_SETTICFREQ	ms913802	-
TBN_BEGINDRAG	ms913804	-
TBN_DRAGOUT	ms913807	-
TBN_DROPDOWN	ms913809	-
TBN_ENDDRAG	ms913811	-
TBN_GETBUTTONINFO	ms913813	-
TBREPLACEBITMAP	ms913817	-
TB_ADDBITMAP	ms913849	-
TB_ADDBUTTONS	ms940415	-
TB_ADDSTRING	ms940416	-
TB_AUTOSIZE	ms940417	-
TB_BUTTONCOUNT	ms940419	-
TB_BUTTONSTRUCTSIZE	ms940421	-
TB_CHANGEBITMAP	ms940422	-
TB_CHECKBUTTON	ms940423	-
TB_COMMANDTOINDEX	ms940424	-
TB_DELETEBUTTON	ms940425	-
TB_ENABLEBUTTON	ms940426	-
TB_GETBITMAP	ms940427	-
TB_GETBITMAPFLAGS	ms940428	-
TB_GETBUTTON	ms940429	-
TB_GETBUTTONINFO	ms940430	-
TB_GETBUTTONSIZE	ms940431	-
TB_GETBUTTONTEXT	ms940432	-
TB_GETDISABLEDIMAGELIST	ms940433	-
TB_GETIMAGELIST	ms940434	-
TB_GETITEMRECT	ms940435	-
TB_GETRECT	ms940436	-
TB_GETROWS	ms940437	-
TB_GETSTATE	ms940438	-
TB_GETSTYLE	ms913710	-
TB_GETTEXTROWS	ms913711	-
TB_GETTOOLTIPS	ms913712	-
TB_HIDEBUTTON	ms913713	-
TB_HIGHLIGHTBUTTON	ms913714	-
TB_INDETERMINATE	ms913715	-
TB_INSERTBUTTON	ms913716	-
TB_ISBUTTONCHECKED	ms913717	-
TB_ISBUTTONENABLED	ms913718	-
TB_ISBUTTONHIDDEN	ms913719	-
TB_ISBUTTONHIGHLIGHTED	ms913720	-
TB_ISBUTTONINDETERMINATE	ms913721	-
TB_ISBUTTONPRESSED	ms913722	-
TB_LOADIMAGES	ms913724	-
TB_PRESSBUTTON	ms913815	-
TB_REPLACEBITMAP	ms913851	-
TB_SETBITMAPSIZE	ms913819	-
TB_SETBUTTONINFO	ms913821	-
TB_SETBUTTONSIZE	ms913823	-
TB_SETBUTTONWIDTH	ms913825	-
TB_SETCMDID	ms913827	-
TB_SETDISABLEDIMAGELIST	ms913829	-
TB_SETDRAWTEXTFLAGS	ms913831	-
TB_SETIMAGELIST	ms913833	-
TB_SETINDENT	ms913835	-
TB_SETMAXTEXTROWS	ms913837	-
TB_SETPARENT	ms913839	-
TB_SETROWS	ms913841	-
TB_SETSTATE	ms913843	-
TB_SETSTYLE	ms913845	-
TB_SETTOOLTIPS	ms913847	-
TCHITTESTINFO	ms913854	-
TCITEM	ms913857	-
TCITEMHEADER	ms913860	-
TCM_ADJUSTRECT	ms913864	-
TCM_DELETEALLITEMS	ms913867	-
TCM_DELETEITEM	ms913870	-
TCM_DESELECTALL	ms913872	-
TCM_GETCURFOCUS	ms913876	-
TCM_GETCURSEL	ms913879	-
TCM_GETEXTENDEDSTYLE	ms913882	-
TCM_GETIMAGELIST	ms913885	-
TCM_GETITEM	ms913894	-
TCM_GETITEMCOUNT	ms913898	-
TCM_GETITEMRECT	ms933234	-
TCM_GETROWCOUNT	ms933237	-
TCM_HIGHLIGHTITEM	ms933240	-
TCM_HITTEST	ms933245	-
TCM_INSERTITEM	ms933248	-
TCM_REMOVEIMAGE	ms933255	-
TCM_SETCURFOCUS	ms933258	-
TCM_SETCURSEL	ms933261	-
TCM_SETEXTENDEDSTYLE	ms933265	-
TCM_SETIMAGELIST	ms933267	-
TCM_SETITEM	ms933270	-
TCM_SETITEMEXTRA	ms933276	-
TCM_SETITEMSIZE	ms933283	-
TCM_SETMINTABWIDTH	ms933286	-
TCM_SETPADDING	ms933294	-
TCN_KEYDOWN	ms933299	-
TCN_SELCHANGE	ms933405	-
TCN_SELCHANGING	ms933410	-
TCP Connections to and from Multihomed Computers	ms884964	-
TCP Group	ms894667	ms906968
TCP Keep-Alive Messages	ms884986	-
TCP Receive Window Size Calculation and Window Scaling	ms884987	-
TCP Retransmission Behavior	ms884988	-
TCP Selective Acknowledgment	ms884989	-
TCP/IP	ms899549	-
TCP/IP Application Development	ms899552	-
TCP/IP Architectural Model	ms880936	-
TCP/IP Best Practices	ms884965	-
TCP/IP Migration	ms899550	-
TCP/IP OS Design Development	ms884971	-
TCP/IP Protocol Suite	ms884972	-
TCP/IP Reference	ms899553	-
TCP/IP Registry Settings	ms884973	-
TCP/IP Samples	ms899554	-
TCP/IP Security	ms884975	-
TCP/IP Support in Windows CE	ms884969	-
TCP/IP and Dial-up Support	ms884967	-
TCP/IP and Dynamic DNS	ms884974	-
TCP/IP and IP Helper	ms884970	-
TCP/IP and WINS	ms884985	-
TCP/IP and WinHTTP	ms884984	-
TCP/IP and WinInet	ms884982	-
TCP/IP and Windows Sockets	ms884983	-
TCP/IP and the DHCP Client	ms884966	-
TCP/IP and the DNS Client	ms884968	-
TCP/IPv4 Configurable Registry Settings	ms884977	-
TCP/IPv4 Device Name Registry Settings	ms900416	-
TCP/IPv4 Non-Configurable Registry Settings	ms884978	-
TCP/IPv4 and TCP/IPv6 Common Registry Settings	ms884976	-
TCP/IPv6 Architectural Model	ms884979	-
TCP/IPv6 Configurable Registry Settings	ms884980	-
TCP/IPv6 Registry Settings	ms884981	-
TCP/IPv6 Troubleshooting Tools	ms899556	-
TEXT	aa450932	-
TEXTMETRIC	ms901146	ms900735
TFAT File Naming Limitations	ms892402	-
TFAT Implementation	aa516905	-
TFAT Programming Considerations	aa516906	-
TFAT Registry Settings	aa516907	-
TFAT Write Operations	aa516908	-
TFAT and Block Drivers	aa516904	-
THREADENTRY32	aa450938	-
TIME	ms933416	ms879847
TIMECAPS	aa448189	-
TIMECODE	aa452390	-
TIMECODE_SAMPLE	aa452392	-
TIMESERVICE	ms885298	-
TIME_ZONE_INFORMATION	aa450943	-
TITLE (Command Processor)	aa453747	-
TLIBATTR	ms896486	ms891296
TOOLINFO	aa453757	-
TOUCH_PANEL_SAMPLE_FLAGS	aa448205	-
TPDC_CALIBRATION_POINT	aa448208	-
TPDC_CALIBRATION_POINT_COUNT	aa448209	-
TPDC_SAMPLE_RATE	aa448210	-
TPMPARAMS	aa453766	-
TRANSMIT_FILE_BUFFERS	aa450974	-
TRANSPORT_COMMAND	aa448217	-
TRANSPORT_DATA	aa448218	-
TRANSPORT_HEADER_OFFSET	aa448216	-
TRIVERTEX	aa453818	-
TRUECOLOR	aa452395	-
TRUECOLORINFO	aa452396	-
TRUST Error Codes	aa451035	-
TR_COMPARE_NETWORK_ADDRESSES	aa448219	-
TR_COPY_NETWORK_ADDRESS	aa448220	-
TR_IS_BROADCAST	aa448221	-
TR_IS_FUNCTIONAL	aa448223	-
TR_IS_GROUP	aa448224	-
TR_IS_NOT_DIRECTED	aa448225	-
TR_IS_SOURCE_ROUTING	aa448226	-
TSPI_lineAccept	aa451008	ms928259
TSPI_lineAddToConference	aa451010	ms928260
TSPI_lineAnswer	aa451012	ms928261
TSPI_lineBlindTransfer	aa451014	ms928262
TSPI_lineClose	aa451016	ms928263
TSPI_lineCloseCall	aa451018	ms928264
TSPI_lineCompleteTransfer	aa451020	ms928265
TSPI_lineConditionalMediaDetection	aa451022	ms928266
TSPI_lineConfigDialogEdit	aa451024	ms928267
TSPI_lineDevSpecific	aa451025	ms928268
TSPI_lineDial	aa451028	ms928269
TSPI_lineDrop	aa451030	ms928270
TSPI_lineForward	aa451032	ms928271
TSPI_lineGenerateDigits	aa451034	ms928272
TSPI_lineGenerateTone	aa451036	ms928273
TSPI_lineGetAddressCaps	aa451038	ms928274
TSPI_lineGetAddressID	aa451040	ms928275
TSPI_lineGetAddressStatus	aa451042	ms928276
TSPI_lineGetCallAddressID	aa451044	ms928277
TSPI_lineGetCallInfo	aa451046	ms928278
TSPI_lineGetCallStatus	aa451048	ms928279
TSPI_lineGetDevCaps	aa451050	ms928280
TSPI_lineGetDevConfig	aa451052	ms928281
TSPI_lineGetExtensionID	aa451054	ms928282
TSPI_lineGetID	aa451057	ms928284
TSPI_lineGetIcon	aa451056	ms928283
TSPI_lineGetLineDevStatus	aa451059	ms928285
TSPI_lineGetNumAddressIDs	aa451061	ms928286
TSPI_lineHold	aa451063	ms928287
TSPI_lineMakeCall	aa451066	ms928288
TSPI_lineMonitorDigits	aa451068	ms928289
TSPI_lineMonitorMedia	aa451069	ms928290
TSPI_lineNegotiateExtVersion	aa451071	ms928291
TSPI_lineNegotiateTSPIVersion	aa451072	ms928292
TSPI_lineOpen	aa451073	ms928293
TSPI_linePickup	aa451074	ms928294
TSPI_linePrepareAddToConference	aa451075	ms928295
TSPI_lineRedirect	aa451076	ms928296
TSPI_lineReleaseUserUserInfo	aa451077	ms928297
TSPI_lineRemoveFromConference	aa451078	ms928298
TSPI_lineSendUserUserInfo	aa451080	ms928299
TSPI_lineSetCallParams	aa451082	ms928300
TSPI_lineSetCurrentLocation	aa451084	ms928301
TSPI_lineSetDefaultMediaDetection	aa451086	ms928302
TSPI_lineSetDevConfig	aa451088	ms928303
TSPI_lineSetMediaMode	aa451089	ms928304
TSPI_lineSetStatusMessages	aa451090	-
TSPI_lineSetTerminal	aa451091	-
TSPI_lineSetupConference	aa451092	-
TSPI_lineSetupTransfer	aa451093	-
TSPI_lineSwapHold	aa451094	-
TSPI_lineUnhold	aa451095	-
TSPI_phoneClose	aa451096	-
TSPI_phoneConfigDialog	aa451097	-
TSPI_phoneDevSpecific	aa451098	-
TSPI_phoneGetDevCaps	aa451099	-
TSPI_phoneGetExtensionID	aa451100	-
TSPI_phoneGetGain	aa451101	-
TSPI_phoneGetHookSwitch	aa451102	-
TSPI_phoneGetID	aa451104	-
TSPI_phoneGetIcon	aa451103	-
TSPI_phoneGetRing	aa451105	-
TSPI_phoneGetStatus	aa451106	-
TSPI_phoneGetVolume	aa451107	-
TSPI_phoneNegotiateExtVersion	aa451108	-
TSPI_phoneNegotiateTSPIVersion	aa451109	-
TSPI_phoneOpen	aa451120	-
TSPI_phoneSelectExtVersion	aa451121	-
TSPI_phoneSetGain	aa451122	-
TSPI_phoneSetHookSwitch	aa451123	-
TSPI_phoneSetRing	aa451124	-
TSPI_phoneSetStatusMessages	aa451125	-
TSPI_phoneSetVolume	aa451126	-
TSPI_providerCreateLineDevice	aa451127	-
TSPI_providerCreatePhoneDevice	aa451128	-
TSPI_providerEnumDevices	aa451129	-
TSPI_providerInit	aa451130	-
TSPI_providerInstall	aa451131	-
TSPI_providerRemove	aa451132	-
TSPI_providerRemoveDevice	aa451133	-
TSPI_providerShutdown	aa451134	-
TTHITTESTINFO	aa453819	-
TTM_ACTIVATE	aa453820	-
TTM_ADDTOOL	aa453821	-
TTM_DELTOOL	aa453822	-
TTM_ENUMTOOLS	aa453823	-
TTM_GETCURRENTTOOL	aa453824	-
TTM_GETDELAYTIME	aa453825	-
TTM_GETMARGIN	aa453826	-
TTM_GETMAXTIPWIDTH	aa453827	-
TTM_GETTEXT	aa453828	-
TTM_GETTIPBKCOLOR	aa453829	-
TTM_GETTIPTEXTCOLOR	aa453830	-
TTM_GETTOOLCOUNT	aa453831	-
TTM_GETTOOLINFO	aa453832	-
TTM_HITTEST	aa453833	-
TTM_NEWTOOLRECT	aa453834	-
TTM_POP	aa453835	-
TTM_RELAYEVENT	aa453836	-
TTM_SETDELAYTIME	aa453837	-
TTM_SETMARGIN	aa453838	-
TTM_SETMAXTIPWIDTH	aa453839	-
TTM_SETTIPBKCOLOR	aa453840	-
TTM_SETTIPTEXTCOLOR	aa453841	-
TTM_SETTOOLINFO	aa453842	-
TTM_TRACKACTIVATE	aa453843	-
TTM_TRACKPOSITION	aa453844	-
TTM_UPDATETIPTEXT	aa453845	-
TTM_WINDOWFROMPOINT	aa453846	-
TTN_GETDISPINFO	ms940914	-
TTN_NEEDTEXT	ms913971	-
TTN_POP	ms941011	-
TTN_SHOW	ms941015	-
TUI Application Development	ms931952	-
TUI Architecture	ms909254	-
TUI Architecture and Functionality	ms909255	-
TUI Hardware Requirements and PC Keyboard Hotkeys	ms909248	-
TUI How-to Topics	ms931953	-
TUI IP Phone Functionality	ms909256	-
TUI Keyboard Hotkeys	ms909257	-
TUI Migration	ms909258	-
TUI OS Design Development	ms909247	-
TUI Object Model	ms909259	-
TUI Object and Window Hierarchies	ms909260	-
TUI Reference	ms909261	-
TUI Registry Settings	ms909249	-
TUI Samples	ms931961	-
TUI Security	ms909250	-
TUI Source Code Directories	ms909263	-
TUI Startup and Initialization	ms909265	-
TUI UI Object Model	ms909266	-
TUI User Interface Organization	ms909267	-
TUI User Interface Tips and Tricks	ms909268	-
TUISettings	ms909262	-
TVHITTESTINFO	ms913985	-
TVITEM	ms913992	-
TVM_CREATEDRAGIMAGE	ms914008	-
TVM_DELETEITEM	ms914019	-
TVM_EDITLABEL	ms914024	-
TVM_ENDEDITLABELNOW	ms914028	-
TVM_ENSUREVISIBLE	ms914029	-
TVM_EXPAND	ms914030	-
TVM_GETCOUNT	ms914031	-
TVM_GETEDITCONTROL	ms914032	-
TVM_GETIMAGELIST	ms914033	-
TVM_GETINDENT	ms914034	-
TVM_GETISEARCHSTRING	ms914035	-
TVM_GETITEM	ms914036	-
TVM_GETITEMRECT	ms914037	-
TVM_GETNEXTITEM	ms914038	-
TVM_GETVISIBLECOUNT	ms914039	-
TVM_HITTEST	ms914040	-
TVM_INSERTITEM	ms914041	-
TVM_SELECTITEM	ms914042	-
TVM_SETIMAGELIST	ms914043	-
TVM_SETINDENT	ms914044	-
TVM_SETITEM	ms914045	-
TVM_SETITEMSPACING	ms914046	-
TVM_SORTCHILDREN	ms914047	-
TVM_SORTCHILDRENCB	ms914048	-
TVN_BEGINDRAG	ms914050	-
TVN_BEGINLABELEDIT	ms914051	-
TVN_DELETEITEM	ms914052	-
TVN_ENDLABELEDIT	ms914053	-
TVN_GETDISPINFO	ms914054	-
TVN_ITEMEXPANDED	ms914055	-
TVN_ITEMEXPANDING	ms914056	-
TVN_KEYDOWN	ms914057	-
TVN_SELCHANGED	ms914058	-
TVN_SELCHANGING	ms914059	-
TVN_SETDISPINFO	ms914060	-
TVSORTCB	ms914061	-
TV_DISPINFO	ms913978	-
TV_HITTESTINFO	ms914062	-
TV_INSERTSTRUCT	ms914063	-
TV_ITEM	ms914064	-
TV_KEYDOWN	ms913996	-
TV_SORTCB	ms914065	-
TYMED	ms896492	ms891298
TYPE	ms914066	ms879849
TYPEATTR	ms896493	ms891299
TYPEDESC	ms896494	ms891300
TYPEFLAGS	ms896495	ms891301
TYPEKIND	ms896496	ms891302
Tab Control Styles	ms940386	-
Tab Controls Macros	aa452778	-
Tab Controls Messages	aa452779	-
Tab Controls Notifications	aa452780	-
Tab Controls Reference	aa452781	-
Tab Controls Structures	aa452782	-
TabCtrl_AdjustRect	ms940387	-
TabCtrl_DeleteAllItems	ms940388	-
TabCtrl_DeleteItem	ms940389	-
TabCtrl_DeselectAll	ms940390	-
TabCtrl_GetCurFocus	ms940391	-
TabCtrl_GetCurSel	ms940392	-
TabCtrl_GetExtendedStyle	ms940393	-
TabCtrl_GetImageList	ms940394	-
TabCtrl_GetItem	ms940395	-
TabCtrl_GetItemCount	ms940396	-
TabCtrl_GetItemRect	ms940397	-
TabCtrl_GetRowCount	ms940398	-
TabCtrl_HighlightItem	ms940399	-
TabCtrl_HitTest	ms940400	-
TabCtrl_InsertItem	ms940401	-
TabCtrl_RemoveImage	ms940402	-
TabCtrl_SetCurFocus	ms940403	-
TabCtrl_SetCurSel	ms940404	-
TabCtrl_SetExtendedStyle	ms940405	-
TabCtrl_SetImageList	ms940406	-
TabCtrl_SetItem	ms940407	-
TabCtrl_SetItemExtra	ms940408	-
TabCtrl_SetItemSize	ms940409	-
TabCtrl_SetMinTabWidth	ms940410	-
TabCtrl_SetPadding	ms940411	-
Taking Advantage of DMA Support/About DMA Device Support	aa451156	-
Taking Advantage of DMA Support/Testing for DMA Support	ms924667	-
Taking Advantage of DMA Support/Typical Scenarios for DMA	aa451407	-
TalkBack	ms897394	-
Task Offload Object Identifiers	ms895461	-
Telnet Server	ms899559	-
Telnet Server Application Development	ms899560	-
Telnet Server Input Options	ms884992	ms927207
Telnet Server Migration	ms899561	-
Telnet Server OS Design Development	ms885110	-
Telnet Server Registry Settings	ms885231	ms927199
Telnet Server Samples	ms899595	-
Telnet Server Security	ms885237	ms927204
Telnet Server User Lists	ms885250	ms927213
Terminate a Call	ms909251	ms906911
TerminateExtension	aa450965	-
TerminateFilter	aa450967	-
TerminateProcess	aa450927	-
TerminateThread	aa450930	-
Terminating a Network Connection	ms885274	ms925109
Ternary Raster Operations	aa452783	-
Testing IPv6 Connectivity by Using the Ping Command	ms899868	-
Testing USB Device Drivers	ms894081	-
Testing USB Host Client Drivers for Compliance with the USB Specification	aa448289	-
Testing an IPv6 Connection by Using the Ping Command	ms899850	-
Testing the CSP	ms936957	ms884660
Testing the Multilingual Run-time Image	ms917985	-
Testing the Web Server	ms899875	ms902048
Testing your Application or Device in an IPv6 Environment	ms899882	-
Text Display with Uniscribe	ms917981	-
Texture Addressing Modes	ms924668	-
Texture Addressing Modes and Texture Wrapping	ms924669	-
Texture Blending	aa451365	-
Texture Coordinate Formats	aa451366	-
Texture Coordinate Processing	aa451367	-
Texture Coordinate Transformation	aa451369	-
Texture Coordinate Transformations	aa451370	-
Texture Coordinate Wrapping	aa451371	-
Texture Coordinates	aa451368	-
Texture Dirty Regions	aa451372	-
Texture Filtering	aa451373	-
Texture Filtering with Mipmaps	aa451374	-
Texture Mapping	aa451375	-
Texture Maps	ms894061	-
Texture Read	aa451376	-
Texture Resources	aa451377	-
Texture Stage Inputs	aa451379	-
Texture Stage Operation	aa451380	-
Texture Stage States	aa451381	-
Texture Wrapping	aa451383	-
Texture Wrapping State	aa451384	-
Textures	aa451378	-
Textures with Alpha Channels	aa451382	-
Thai	ms906484	-
Thai OS Design Development	ms904361	-
The DVD Standard/Audio, Video, and Subpicture Data	aa451191	-
The DVD Standard/DVD-Video Menus	ms923209	-
The DVD Standard/Data Organization and Navigation	aa451293	-
The DVD Standard/Domains	aa451362	-
The DVD Standard/Navigation Control Data	ms924166	-
The DVD Standard/Parental Management Levels	ms924196	-
The DVD Standard/User Operation Controls	aa451414	-
The DVDSample Control Panel/Playback in DVDSample	ms924204	-
The DVDSample Startup Sequence/First Play in DVDSample	ms923373	-
The IESample Browser	ms905632	ms900956
The IESimple Browser	aa451930	-
The LINECALLINFO Data Structure	ms885284	ms927964
Theme Hit Test Values	ms905633	-
Theme Parts and States	ms905690	-
Theme Property Values	ms905286	-
Thread32First	aa450934	-
Thread32Next	aa450936	-
ThreadProc	aa450940	-
Throughput Considerations	ms885292	-
Time Functions	aa450771	-
Time Structures	aa450773	-
TimeoutSession	aa450941	-
Timer Driver Functions	ms895462	-
Timer Driver Structures	ms895465	-
TimerProc	aa453746	-
Timestamp Element (Poll Request)	ms896066	ms899071
Timestamps (RFC 1323)	ms885306	-
Tips for Writing ACM Drivers	ms894065	-
TlsAlloc	aa450945	-
TlsFree	aa450947	-
TlsGetValue	aa450949	-
TlsSetValue	aa450951	-
Token Ring Miniport Drivers	ms894066	-
Token Ring Object Identifiers	ms895466	-
ToolHelp Functions	aa450774	-
ToolHelp Structures	aa450776	-
ToolTip Styles	aa453759	-
ToolTips Messages	aa452789	-
ToolTips Notifications	aa453758	-
ToolTips Reference	aa452790	-
ToolTips Structures	aa452791	-
Toolbar Controls Functions	aa452784	-
Toolbar Controls Messages	aa452785	-
Toolbar Controls Notifications	aa452786	-
Toolbar Controls Reference	aa452787	-
Toolbar Controls Structures	aa452788	-
Toolbar Styles	aa453749	-
Toolhelp32ReadProcessMemory	aa450953	-
Touch Screen Driver Development Concepts	ms894068	-
Touch Screen Driver Registry Settings	ms894067	-
Touch Screen Driver Samples	ms894069	-
TouchCalibrate	aa448196	-
TouchPanelCalibrateAPoint	aa448197	-
TouchPanelDisable	aa448198	-
TouchPanelEnable	aa448199	-
TouchPanelGetDeviceCaps	aa448200	-
TouchPanelInitializeCursor	aa448201	-
TouchPanelPowerHandler	aa448202	-
TouchPanelReadCalibrationAbort	aa448203	-
TouchPanelReadCalibrationPoint	aa448204	-
TouchPanelSetCalibration	aa448206	-
TouchPanelSetMode	aa448207	-
Tracert	aa450971	-
TrackPopupMenu	aa453773	-
TrackPopupMenuEx	aa453774	-
Trackbar Control Styles	aa453767	-
Trackbar Controls Messages	aa452796	-
Trackbar Controls Reference	aa452797	-
Traditional Chinese Handwriting Sample IM Registry Settings	ms904363	ms921501
Traditional Chinese Input Method Implementation	ms904364	-
Traditional Chinese Input Methods	ms904365	-
Traditional Chinese Pocket IME	ms904367	-
Traditional Chinese Pocket IME Architecture	ms904368	-
Traditional Chinese Pocket IME Functions	ms904631	-
Traditional Chinese Pocket IME Hot Key Registry Settings	ms904366	-
Traditional Chinese Pocket IME Reference	ms904632	-
Traditional Chinese Pocket IME UI Configuration Registry Settings	ms904634	-
Traditional Chinese Pocket IME UI Module Registry Settings	ms904369	-
Traditional Chinese Pocket IME UI Source Code Files	ms904370	-
TransBusAddrToStatic	aa448211	ms920072
TransBusAddrToVirtual	aa448212	ms920074
Transaction-Safe FAT File System	aa516909	-
Transcriber Handwriting Recognition Application OS Design Development	ms904371	-
Transferring Data	aa447440	-
Transform Filters/About Effect Filters	aa451157	-
Transform Filters/Connecting Transform Filters	aa451253	-
Transform Filters/Creating a Transform Filter	aa451270	-
Transform Filters/Using the CTransformFilter and CTransInPlaceFilter Transform Base Classes	aa451437	-
Transform Filters/Write a Transform Filter in C/C++	ms925285	-
Transformation	aa451396	-
Transformed and Lit Vertex Functionality	aa451397	-
Transformed and Lit Vertices	aa451398	-
Transition Events	aa452068	-
TranslateAccelerator	aa453775	-
TranslateBusAddr	aa448213	-
TranslateCharsetInfo	aa450955	-
TranslateMessage	aa453776	-
TranslateSystemAddr	aa448215	-
Translating Between Schemas	ms862715	ms912485
Transmission Control Protocol (TCP)	ms885312	-
TransmitCommChar	aa450957	-
Transparent Blitting/Blitting with Color Keys	aa451216	-
Transparent Blitting/Color Key Format	aa451244	-
Transparent Blitting/Setting Color Keys	ms924622	-
TransparentBlt	aa453778	-
TransparentImage	aa453779	-
Transport Base Classes/Media Control and Positioning Classes	ms924139	-
Transport Installation	ms885323	-
Transport Level Security (TLS)	ms885336	ms899191
Transport Mapping Between API and SPI Functions	ms885344	ms910240
Transport Protocols	ms862716	ms891297
Transport Protocols and RTC	ms909252	-
Transport Service Providers	ms885352	ms910241
TransportAction	aa450976	-
TransportActions	aa450978	-
TransportInfo	aa451002	-
TransportSettings	aa451004	-
TransportState	aa451006	-
Traversal of UPnP-Enabled NATs	ms909253	-
Tree View Controls Macros	aa452798	-
Tree View Controls Messages	aa452799	-
Tree View Controls Notifications	aa452800	-
Tree View Controls Reference	aa452801	-
Tree View Controls Structures	aa452802	-
Tree View Styles	aa453817	-
TreeView_CreateDragImage	aa453780	-
TreeView_DeleteAllItems	aa453781	-
TreeView_DeleteItem	aa453782	-
TreeView_EditLabel	aa453783	-
TreeView_EndEditLabelNow	aa453784	-
TreeView_EnsureVisible	aa453785	-
TreeView_Expand	aa453786	-
TreeView_GetChild	aa453787	-
TreeView_GetCount	aa453788	-
TreeView_GetDropHilight	aa453789	-
TreeView_GetEditControl	aa453790	-
TreeView_GetFirstVisible	aa453791	-
TreeView_GetISearchString	aa453794	-
TreeView_GetImageList	aa453792	-
TreeView_GetIndent	aa453793	-
TreeView_GetItem	aa453795	-
TreeView_GetItemRect	aa453796	-
TreeView_GetNextItem	aa453797	-
TreeView_GetNextSibling	aa453798	-
TreeView_GetNextVisible	aa453799	-
TreeView_GetParent	aa453800	-
TreeView_GetPrevSibling	aa453801	-
TreeView_GetPrevVisible	aa453802	-
TreeView_GetRoot	aa453803	-
TreeView_GetSelection	aa453804	-
TreeView_GetVisibleCount	aa453805	-
TreeView_HitTest	aa453806	-
TreeView_InsertItem	aa453807	-
TreeView_Select	aa453808	-
TreeView_SelectDropTarget	aa453809	-
TreeView_SelectItem	aa453810	-
TreeView_SelectSetFirstVisible	aa453811	-
TreeView_SetImageList	aa453812	-
TreeView_SetIndent	aa453813	-
TreeView_SetItem	aa453814	-
TreeView_SortChildren	aa453815	-
TreeView_SortChildrenCB	aa453816	-
Triangle Fans	aa451402	-
Triangle Lists	aa451403	-
Triangle Strips	aa451404	-
Troubleshooting IPv6	ms899599	-
Troubleshooting the Hive-Based Registry	aa516910	-
Troubleshooting: Connection Stability Between the USB Host Client Driver and the USB Host Controller Driver	aa448279	-
Troubleshooting: Dropped HID Reports	ms923752	-
Troubleshooting: HID Report Identifier Errors	ms923757	-
Troubleshooting: Setting Up and Using the IPv6 Test Lab	ms899600	-
Trusted Sites Zone Settings	ms905634	ms928737
TryEnterCriticalSection	aa450959	-
Tutorial: Getting Started with XSLT	ms897404	-
Tutorial: JumpStart for Creating a SAX2 Application with C++	ms897398	-
TypeFromPropID	ms892256	-
Types Element	ms862717	-
Types of ACM Drivers	ms894070	-
Types of Atoms	ms926983	-
Types of Crash Dump Files	aa526066	-
UDACCEL	ms914067	-
UDM_GETACCEL	ms914068	-
UDM_GETBASE	ms914069	-
UDM_GETBUDDY	ms914070	-
UDM_GETPOS	ms914071	-
UDM_GETRANGE	ms914072	-
UDM_GETRANGE32	ms914073	-
UDM_SETACCEL	ms914074	-
UDM_SETBASE	ms914075	-
UDM_SETBUDDY	ms914076	-
UDM_SETPOS	ms914077	-
UDM_SETRANGE	ms914078	-
UDM_SETRANGE32	ms914079	-
UDN_DELTAPOS	ms914080	-
UDP Group	ms894672	ms906995
UNICODERANGE	ms918861	ms902914
UNIT_AllocateLocalPlugCB	aa448227	-
UNIT_AllocateLocalPlug_Request	aa448228	-
UNIT_AllocateLocalPlug_Response	aa448229	-
UNIT_CloseUnitDeviceObject	aa448230	-
UNIT_ConnectToRemotePlugCB	aa448232	-
UNIT_ConnectionRequestProcessed_Request	aa448231	-
UNIT_DereferenceConnectionPlug_Request	aa448233	-
UNIT_DisconnectFromRemotePlugCB	aa448234	-
UNIT_FreeLocalPlugCB	aa448235	-
UNIT_FreeLocalPlug_Request	aa448236	-
UNIT_OpenUnitDeviceObject	aa448237	-
UNIT_ProcessRegistryPlugs_Request	aa448238	-
UNIT_QueryLocalPlugs_Request	aa448239	-
UNIT_QueryLocalPlugs_Response	aa448240	-
UNIT_RegisterSubunit_Request	aa448241	-
UNIT_RegisterSubunit_Response	aa448242	-
UNIVERSAL_NAME_INFO	aa451137	ms925119
UNLOAD_DLL_DEBUG_INFO	aa450963	-
UPNPCB_ID	aa451143	-
UPNPDEVICEINFO	aa451144	-
UPNPPARAM	aa451148	-
UPNPSERVICECONTROL	ms898418	-
UPNPSUBSCRIPTION	ms898558	-
UPnP AV Classes	ms899564	-
UPnP AV Constants	ms899565	-
UPnP AV Control Point Sample	aa451139	-
UPnP AV Control Point Utility Classes	aa451140	-
UPnP AV DCP Documentation	ms885436	-
UPnP AV DCP Overview	ms885445	-
UPnP AV Enumerations	ms899566	-
UPnP AV Framework Class Organization	ms885430	-
UPnP AV Framework Debug Zones	ms885451	-
UPnP AV Framework Overview	ms885455	-
UPnP AV Interface and Implementation Classes	aa451141	-
UPnP AV Reference	ms899568	-
UPnP AV Renderer Sample	aa451142	-
UPnP AV Structures	ms899569	-
UPnP Addressing	ms885424	-
UPnP Application Development	ms899562	-
UPnP C Device Host Enumerations	aa450249	-
UPnP C Device Host Functions	aa450250	-
UPnP C Device Host Reference	aa450251	-
UPnP C Device Host Structures	aa450252	-
UPnP Concepts	ms899570	-
UPnP Control	ms885467	-
UPnP Control Point API Interfaces	ms886649	-
UPnP Control Point API Reference	ms886650	-
UPnP Device Control Protocols	ms885482	-
UPnP Device Description	ms885474	-
UPnP Device Host Interfaces	aa450253	-
UPnP Device Host Reference	aa450254	-
UPnP Device and Control Point Architecture	ms885502	-
UPnP Discovery	ms885488	-
UPnP Eventing	ms885495	-
UPnP Generic Control Point and Device Samples	ms885509	-
UPnP Internet Gateway Device Schema Sample	aa451147	-
UPnP Migration	ms899571	-
UPnP OS Design Development	ms885398	-
UPnP Other Utility Classes	ms899572	-
UPnP Presentation	ms885587	-
UPnP Reference	ms899573	-
UPnP Registry Device Creation	ms885695	-
UPnP Registry Device Creation Sample	ms885763	-
UPnP Registry Settings	ms885765	-
UPnP Samples	ms899574	-
UPnP Security	ms885766	-
UPnPAVError	ms899567	-
URL Action Flags	ms918863	ms928921
URL Element (Location Response)	ms896067	ms899072
URL Moniker Error Codes Constants	ms918870	ms928926
URL Moniker Services Enumerations	aa452074	-
URL Moniker Services Errors	aa452076	-
URL Moniker Services Functions	aa452078	-
URL Moniker Services Interfaces	aa452079	-
URL Moniker Services Migration	ms905637	-
URL Moniker Services Overview	ms905638	-
URL Moniker Services Registry Settings	ms905635	-
URL Moniker Services Samples	ms905639	-
URL Moniker Services Security	ms905636	-
URL Moniker Services Structures	aa452081	-
URL Policy Flags	ms918874	ms928931
URL Security Zones	ms905640	-
URL Security Zones Constants	aa452082	-
URL Security Zones Enumerations	aa452083	-
URL Security Zones Functions	aa452084	-
URL Security Zones Interfaces	aa452085	-
URL Security Zones Objects	aa452086	-
URL Security Zones Settings	ms919149	-
URL Security Zones Structures	aa452088	-
URLDownloadToCacheFile	ms918865	ms928922
URLDownloadToFile	ms918866	ms928923
URLOpenBlockingStream	ms918871	ms928928
URLOpenPullStream	ms918872	ms928929
URLOpenStream	ms918873	ms928930
URLTEMPLATE	ms918875	ms928754
URLZONE	ms918876	ms928755
URLZONEREG	ms918877	ms928756
URL_COMPONENTS	ms918864	-
URL_ENCODING	ms918867	ms929030
URLs, Namespaces, and Monikers	ms905641	ms928738
USAGE_AND_PAGE	ms923182	-
USB 2.0 Common Code Implemented by the EHCI Driver	ms894075	-
USB Configuration Descriptor	ms894076	-
USB Device Descriptor	ms894077	-
USB Devices	ms894082	-
USB Driver Interface Functions	ms894083	-
USB Flash Config Tool	ms900593	-
USB Flash Config Tool Architecture	ms900441	-
USB Flash Config Tool Migration	ms900595	-
USB Flash Config Tool OS Design Development	ms900443	-
USB Flash Config Tool Registry Settings	ms900447	-
USB Flash Config Tool Samples	ms900597	-
USB Flash Config Tool Security	ms900450	-
USB Function Client Driver Functions	aa448298	-
USB Function Client Driver Registry Settings	ms895481	-
USB Function Controller Driver Bus Interface	ms894091	-
USB Function Controller Driver MDD	ms894094	-
USB Function Controller Driver MDD and DDI Interface	ms894095	-
USB Function Controller Driver PDD	ms894096	-
USB Function Controller Driver PDD and DDSI Interface	ms894097	-
USB Function Controller Driver Samples	ms894093	-
USB Function Controller Driver Transfers	ms894098	-
USB Function Controller MDD Functions	ms923251	-
USB Function Controller MDD IOCTLs	ms895475	-
USB Function Controller PDD Functions	ms923252	-
USB Function Mass Storage Client Driver Configuration and Implementation	ms894319	-
USB Function Mass Storage Client Driver Execution Sequence	ms894325	-
USB Function Mass Storage Client Driver SCSI-2 Command Support	ms894330	-
USB Function Mass Storage Client Driver SCSI-2 Direct-Access Device Emulator	ms894345	-
USB Function Mass Storage Client Driver Samples	ms894323	-
USB Function Mass Storage Client Driver Transport	ms894347	-
USB Function Serial Client Driver Samples	aa448290	-
USB Host Client Driver Registry Settings	ms894099	-
USB Host Controller Driver Registry Settings	ms894085	-
USB Host Controller Driver Samples	aa447627	-
USB Host Controller-specific Code	ms892165	-
USB Host RNDIS Client Driver	ms893945	-
USB Serial Host Driver Application Programming Interface	aa448291	-
USB Serial Host Driver Registry Settings	aa448293	-
USB Serial Host Driver USB Interface	aa448294	-
USB Short Packets	ms894718	-
USB System Software	ms894721	-
USB Transfer Types	ms894725	-
USB-Level Termination	ms894176	-
USB-RNDIS Flow Control	ms894362	-
USB-RNDIS Power Management	ms894365	-
USBDeviceAttach	ms923216	-
USBInstallDriver	ms923254	-
USBUnInstallDriver	ms923261	-
USB_CONFIGURATION	ms923188	-
USB_CONFIGURATION_DESCRIPTOR	ms923196	-
USB_DEVICE	ms923207	-
USB_DEVICE_DESCRIPTOR	ms923225	-
USB_DRIVER_SETTINGS	ms923236	-
USB_ENDPOINT	ms923242	-
USB_ENDPOINT_DESCRIPTOR	ms923248	-
USB_FUNCS	ms923262	-
USB_INTERFACE	ms923256	-
USB_INTERFACE_DESCRIPTOR	ms923257	-
USERS	ms885775	-
UfnGetRegistryInfo	aa448328	-
UnRegisterTypeLib	ms896499	ms891303
Understanding Partnerships	ms861821	-
Understanding Service Providers	ms861825	-
Understanding TUI Source Code	ms909269	-
Understanding the ActiveSync Manager's Role	ms861830	-
Understanding the DVD-Video API/Architectural Overview of the DVD-Video API	aa451181	-
Understanding the DVD-Video API/The DVD Standard	aa451388	-
Understanding the SOAP Fault &lt;detail&gt; Contents	ms862718	-
Understanding the Unicode Standard	ms904372	-
Unicast IPv6 Addresses	ms885359	-
Unicode Functions	aa450778	-
Unicode Macros	aa450779	-
Unicode Script Processor for Complex Scripts	ms906461	-
Unicode Structures	aa450781	-
Uninstall_Exit	ms864467	-
Uninstall_Init	ms864576	-
Uninstallation	ms885389	-
UnionRect	ms914081	-
Uniscribe Application Development	ms906462	-
Uniscribe Enumerations	ms906485	-
Uniscribe Functions	ms906486	-
Uniscribe Migration	ms904373	-
Uniscribe OS Design Development	ms903796	-
Uniscribe Reference	ms906463	-
Uniscribe Registry Settings	ms904374	-
Uniscribe Samples	ms904375	-
Uniscribe Security	ms904376	-
Uniscribe Structures	ms906487	-
United Kingdom Keyboard	ms894072	-
United States 101 Keyboard	ms894073	-
Universal Plug and Play (UPnP)	ms899563	-
Unload Function (Credential Manager)	ms926454	-
Unlock	aa448243	-
UnlockFileEx	ms892364	-
UnlockUrlCacheEntryFile	ms918862	-
UnlockUrlCacheEntryStream	aa452493	-
UnmapViewOfFile	ms892373	-
UnregisterClass	ms914082	-
UnregisterHotKey	ms914083	-
Unregistering a Peer Name	ms885406	-
UnsealMessage	ms926486	-
Unsupported CryptoAPI 2.0 APIs	ms936958	ms883695
Unsupported FTP Commands	ms885414	ms901340
Untransformed and Lit Vertices	aa451410	-
Untransformed and Unlit Vertices	aa451411	-
Up-Down Controls Functions	aa452803	-
Up-Down Controls Messages	aa452804	-
Up-Down Controls Reference	aa452805	-
Up-Down Controls Structures	aa452806	-
Up-down Control Styles	ms914086	-
Upcalls Exposed by Ws2.dll	ms885421	ms910242
Update Operations	ms862719	ms920203
UpdateDCOMSettings	ms896500	ms891304
UpdateNonLocalHeap	ms923156	-
UpdateOverlay	ms923165	-
UpdateVideoPort	ms923171	-
UpdateWindow	ms914085	-
Updating the Keyboard Driver IST	aa448264	-
UpnpAddDevice	aa451138	-
UpnpGetSCPDPath	aa451145	-
UpnpGetUDN	aa451146	-
UpnpPublishDevice	aa451149	-
UpnpRemoveDevice	aa451150	-
UpnpSetControlResponse	ms898523	-
UpnpSetErrorResponse	ms898533	-
UpnpSetRawControlResponse	ms898542	-
UpnpSubmitPropertyEvent	ms898553	-
UpnpUnpublishDevice	ms898561	-
UrlMkGetSessionOption	ms918868	ms928924
UrlMkSetSessionOption	ms918869	ms928925
Use of ICMP to Diagnose Problems for IPv4	ms885768	-
Use of IGMP by Windows CE	ms885769	-
Use of Streams	ms885770	ms922585
Use of SurfaceHeap	ms894730	-
User Credential Information	ms885772	ms924958
User Datagram Protocol (UDP)	ms885773	-
User Datagram Protocol (UDP) and Name Resolution for IPv4	ms885774	-
User Dictionary for Japanese	ms904377	-
User Help File Modification	ms861434	-
User Help OS Design Development	ms861459	-
User Help Topic Template	ms861440	-
User Management	aa516912	ms900981
User Management Functions	aa517916	-
User Management Reference	aa517934	-
User Profile Hives	aa516913	-
User Profile Setup	aa516915	ms899141
User Profile Storage	aa516916	ms900983
User Profiles	aa516914	-
User Settings	ms909270	-
User-Interface Elements	ms861834	-
UserName Element (Poll Request)	ms896068	ms899073
Using Advanced List View Functionality	ms927020	-
Using Animation Controls	ms906829	-
Using Asynchronous Pluggable Protocols	ms905642	ms928757
Using Asynchronous WinInet Functions	ms905643	-
Using Atoms	ms906849	-
Using Basic Cryptography Services	ms936960	-
Using Client Capabilities	ms905644	ms902315
Using Compressed Textures	aa451421	-
Using Controls	ms862720	ms920213
Using DMOs in a DirectShow Application/DMOs in DirectShow	aa451361	-
Using DMOs in a DirectShow Application/Using the DMO Wrapper Filter	aa451439	-
Using Devices	aa451423	-
Using Direct3D Mobile Resources	aa451424	-
Using DirectDraw Palettes in Windowed Mode/Creating a Palette in Windowed Mode	aa451268	-
Using DirectDraw Palettes in Windowed Mode/Setting Palette Entries in Windowed Mode	ms924626	-
Using DirectDraw Palettes in Windowed Mode/Types of Palette Entries in Windowed Mode	aa451406	-
Using DirectX Media Objects/Data Flow	aa451291	-
Using DirectX Media Objects/Discardable and Optional Streams	aa451356	-
Using DirectX Media Objects/In-Place DMOs	ms923426	-
Using DirectX Media Objects/Processing Data with DMOs	ms924580	-
Using DirectX Media Objects/Streams and Buffers	ms924650	-
Using Event Objects	ms885778	ms910243
Using Flags to Control Caching	ms905645	-
Using Fonts	ms901092	ms900762
Using HTML Components	ms905646	ms902423
Using IPV6_PROTECTION_LEVEL	ms885779	-
Using Images in Image Lists	ms906859	-
Using Index Buffers	aa451429	-
Using Japanese Input Methods	ms904379	-
Using Lights	aa451430	-
Using Message Queuing COM Components in eMbedded Visual C++	ms885780	-
Using Notifications with EDB	aa516917	-
Using Object Identifiers	aa516918	-
Using Overlays in Image Lists	ms906897	-
Using Persistent Caching Functions	ms905647	-
Using PlaySound with Registry-Specified Sounds	aa451435	-
Using PlaySound with a Resource Identifier	aa451434	-
Using Provisioning Information in VAIL	ms909273	-
Using RAPI Calls in a File Filter	aa513061	-
Using SSPI	ms925948	-
Using Services.exe from the Command Line	ms885782	ms937757
Using TFAT	aa516961	-
Using Temporary Addresses in the IPv6 Test Lab	ms900101	-
Using Threads with XML for Windows CE	ms862724	ms910599
Using ToolTips	ms927173	-
Using Transactions (COM)	ms885788	-
Using Uniscribe to Process Complex Scripts	ms904386	-
Using Vertex Buffers	aa451447	-
Using WSAStartup to Initialize Winsock	ms885789	ms911720
Using Web Server Logging	ms885806	-
Using WebBrowser Controls	ms905652	ms902433
Using Windows Messages to Manage Waveform Audio Playback	aa451448	-
Using XML Profiles	ms909275	-
Using Z-Bias	aa451449	-
Using a Backup Authority	ms936959	ms884386
Using a Deferred Handshake	ms885776	ms911718
Using an Enrollment .cfg File	ms926475	-
Using and Modifying TUI User Help	ms909271	-
Using the Address Resolution Protocol	ms885783	-
Using the COM Components	ms885785	-
Using the CTransformFilter and CTransInPlaceFilter Transform Base Classes/A Sample Transform Filter Declaration	aa451184	-
Using the CTransformFilter and CTransInPlaceFilter Transform Base Classes/Introducing the CTransformFilter and CTransInPlaceFilter Classes	ms923430	-
Using the CTransformFilter and CTransInPlaceFilter Transform Base Classes/What the Derived Class Must Provide	ms925255	-
Using the Custom Draw Service	ms927169	-
Using the DMO Base Class	aa451438	-
Using the DVD-Video API/Adding More Player Capabilities	aa451164	-
Using the DVD-Video API/Advanced DVD Player Application Topics	aa451166	-
Using the DVD-Video API/Creating a Simple DVD Player	aa451269	-
Using the Enrollment Client Sample	ms936961	ms898141
Using the FSD Manager	aa516919	ms900990
Using the Hive-Based Registry	aa516920	-
Using the IImeIPoint2 Interface	ms904380	-
Using the IME Composition Window	ms904381	-
Using the ISoapTypeMapperFactory Object	ms862721	-
Using the Japanese Pocket IME UI	ms904382	-
Using the Korean Input Method	ms904383	-
Using the MSMQAdm Utility	ms885786	-
Using the MUI with Applications	ms904384	-
Using the Normalize-space() Function	ms862723	ms912486
Using the Phone IME from the TUI	ms909272	-
Using the PlaySound Function	aa451443	-
Using the PlaySound Function with Waveform Audio Files	aa451445	-
Using the RTC Client API	ms909274	-
Using the Remote Configuration Framework	ms885781	-
Using the Remote Configuration Tool to Configure the File Server	ms899859	-
Using the Traditional Chinese Input Method	ms904385	-
Using the Travel Log Interfaces	ms905649	ms937802
Using the UPnP AV Framework	ms899575	-
Using the UPnP Control Point API	ms898948	-
Using the UPnP Device Host API	ms885787	-
Using the URL Moniker Functions	ms905650	ms928758
Using the Waveform Audio Interface	aa451446	-
Using the WinInet Debug Engine	ms905653	-
Using the WinInet Functions for FTP Sessions	ms905651	-
Utility Classes/COM Utility Classes	aa451251	-
Utility Classes/Debugging Classes	aa451295	-
Utility Classes/List and Queue Classes	ms924126	-
Utility Classes/Multimedia Data Type Classes	ms924158	-
Utility Classes/Win32 Classes	ms925264	-
Utility Functions	aa452400	-
Utility Macros	aa452401	-
VAIL Application Development	ms931956	-
VAIL Architecture	ms909283	-
VAIL Call Conferencing	ms909277	-
VAIL Configuration Data Store Registry Settings	ms909278	-
VAIL Configuration Registry Settings	ms909279	-
VAIL Constants	ms909298	-
VAIL Enumerations	ms909299	-
VAIL How-to Topics	ms931957	-
VAIL Interfaces	ms909300	-
VAIL Migration	ms931958	-
VAIL OS Design Development	ms931959	-
VAIL Objects and Interfaces	ms909280	-
VAIL Plugin Registry Settings	ms909281	-
VAIL Reference	ms909301	-
VAIL Registry Settings	ms909282	-
VAIL Samples	ms931960	-
VAIL Security	ms909284	-
VAIL Structures	ms909302	-
VAIL as a Part of an IP Phone	ms909276	-
VARDESC	aa519049	ms891630
VARIANT and VARIANTARG	aa519089	ms891678
VARKIND	aa519097	ms891679
VARSTRING	ms898569	-
VARTYPE	ms897140	ms891853
VAR_STRING	ms923263	-
VBScript Migration	ms905655	-
VBScript OS Design Development	ms905656	-
VBScript Samples	ms905657	-
VBScript Support in Windows CE	ms905654	-
VCR_RequestResponse	ms923264	-
VERIFYSERVERCERT	ms897184	-
VERSION	ms885790	-
VGA Support	aa448295	-
VIDEOINFO	aa452411	-
VIDEOINFOHEADER	aa452412	-
VIDEOINFOHEADER2	aa452413	-
VIDEOPARAMETERS	ms914096	-
VIDEO_POWER_MANAGEMENT	ms923267	-
VIDEO_STREAM_CONFIG_CAPS	aa452415	-
VIDMEM	ms923268	-
VIDMEMINFO	ms923269	-
VIEWSTATUS	ms897186	ms892127
VMS_	ms912596	-
VOIPLAP_E_	ms912601	-
VOIPLAP_S_	ms912602	-
VOIP_E_	ms912600	-
VOIP_S_	ms912605	-
VS_FIXEDFILEINFO	aa450983	-
VS_VERSIONINFO	aa450984	-
VTableProvStruc	ms926457	ms884654
VVCR_Complete_Request	ms923270	-
VVCR_EVENT_Type	ms923273	-
VVCR_Event_Request	ms923271	-
VVCR_Event_Response	ms923272	-
VVCR_MECHANISM_STATE	ms923274	-
VVCR_QueryState_Response	ms923275	-
VVCR_SetMechanismPosition_Request	ms923276	-
VVCR_SetMechanismState_Request	ms923277	-
VVCR_SetMechanismTrackNumber_Request	ms923278	-
ValidateReadPtr	aa452402	-
ValidateReadWritePtr	aa452403	-
ValidateRect	ms914091	-
ValidateRgn	ms914092	-
ValidateStringPtr	aa452404	-
ValidateStringPtrA	aa452405	-
ValidateStringPtrW	aa452406	-
ValidateWritePtr	aa452407	-
Var	aa450969	-
VarBoolFromCy	ms896506	ms891305
VarBoolFromDate	ms896507	ms891306
VarBoolFromDec	ms896508	ms891307
VarBoolFromDisp	ms896509	ms891308
VarBoolFromI1	ms896510	ms891309
VarBoolFromI2	ms896511	ms891310
VarBoolFromI4	ms896512	ms891311
VarBoolFromR4	ms896513	ms891312
VarBoolFromR8	ms896514	ms891313
VarBoolFromStr	ms896515	ms891314
VarBoolFromUI1	ms896516	ms891315
VarBoolFromUI2	ms896517	ms891316
VarBoolFromUI4	ms896518	ms891317
VarBstrFromBool	ms896519	ms891318
VarBstrFromCy	ms896520	ms891319
VarBstrFromDate	ms896521	ms891320
VarBstrFromDec	ms896522	ms891321
VarBstrFromDisp	ms896523	ms891322
VarBstrFromI1	ms896524	ms891323
VarBstrFromI2	ms896525	ms891324
VarBstrFromI4	ms896526	ms891325
VarBstrFromR4	ms896527	ms891326
VarBstrFromR8	ms896528	ms891327
VarBstrFromUI1	ms896529	ms891328
VarBstrFromUI2	ms896530	ms891329
VarBstrFromUI4	ms896531	ms891330
VarCyFromBool	ms896532	ms891331
VarCyFromDate	ms896533	ms891465
VarCyFromDec	ms896534	ms891479
VarCyFromDisp	ms896535	ms891485
VarCyFromI1	ms896536	ms891500
VarCyFromI2	ms896537	ms891507
VarCyFromI4	ms896538	ms891510
VarCyFromR4	ms896539	ms891516
VarCyFromR8	ms896540	ms891523
VarCyFromStr	ms896541	ms891532
VarCyFromUI1	aa518631	ms891539
VarCyFromUI2	aa518802	ms891548
VarCyFromUI4	aa519021	ms891557
VarDateFromBool	aa519022	ms891564
VarDateFromCy	aa519023	ms891578
VarDateFromDec	aa519024	ms891584
VarDateFromDisp	aa519025	ms891593
VarDateFromI1	aa519026	ms891600
VarDateFromI2	aa519027	ms891606
VarDateFromI4	aa519028	ms891609
VarDateFromR4	aa519029	ms891610
VarDateFromR8	aa519030	ms891611
VarDateFromStr	aa519031	ms891612
VarDateFromUI1	aa519033	ms891614
VarDateFromUI2	aa519034	ms891615
VarDateFromUI4	aa519035	ms891616
VarDateFromUdate	aa519032	ms891613
VarDecFromBool	aa519036	ms891617
VarDecFromCy	aa519037	ms891618
VarDecFromDate	aa519038	ms891619
VarDecFromDisp	aa519039	ms891620
VarDecFromI1	aa519040	ms891621
VarDecFromI2	aa519041	ms891622
VarDecFromI4	aa519042	ms891623
VarDecFromR4	aa519043	ms891624
VarDecFromR8	aa519044	ms891625
VarDecFromStr	aa519045	ms891626
VarDecFromUI1	aa519046	ms891627
VarDecFromUI2	aa519047	ms891628
VarDecFromUI4	aa519048	ms891629
VarFileInfo	aa450972	-
VarI1FromBool	aa519050	ms891631
VarI1FromCy	aa519051	ms891632
VarI1FromDate	aa519052	ms891633
VarI1FromDec	aa519053	ms891634
VarI1FromDisp	aa519054	ms891635
VarI1FromI2	aa519055	ms891636
VarI1FromI4	aa519056	ms891637
VarI1FromR4	aa519057	ms891638
VarI1FromR8	aa519058	ms891639
VarI1FromStr	aa519059	ms891640
VarI1FromUI1	aa519060	ms891641
VarI1FromUI2	aa519061	ms891642
VarI1FromUI4	aa519062	ms891643
VarI2FromBool	aa519063	ms891644
VarI2FromCy	aa519064	ms891645
VarI2FromDate	aa519065	ms891646
VarI2FromDec	aa519066	ms891647
VarI2FromDisp	aa519067	ms891648
VarI2FromI1	aa519068	ms891649
VarI2FromI4	aa519069	ms891650
VarI2FromR4	aa519070	ms891651
VarI2FromR8	aa519071	ms891652
VarI2FromStr	aa519072	ms891653
VarI2FromUI1	aa519073	ms891654
VarI2FromUI2	aa519074	ms891655
VarI2FromUI4	aa519075	ms891656
VarI4FromBool	aa519076	ms891657
VarI4FromCy	aa519077	ms891658
VarI4FromDate	aa519078	ms891659
VarI4FromDec	aa519079	ms891660
VarI4FromDisp	aa519080	ms891661
VarI4FromI1	aa519081	ms891662
VarI4FromI2	aa519082	ms891663
VarI4FromR4	aa519083	ms891664
VarI4FromR8	aa519084	ms891665
VarI4FromStr	aa519085	ms891667
VarI4FromUI1	aa519086	ms891668
VarI4FromUI2	aa519087	ms891669
VarI4FromUI4	aa519088	ms891670
VarNumFromParseNum	aa519098	ms891680
VarParseNumFromStr	aa519099	ms891681
VarR4FromBool	aa519100	ms891682
VarR4FromCy	aa519101	ms891683
VarR4FromDate	aa519102	ms891684
VarR4FromDec	aa519103	ms891685
VarR4FromDisp	aa519104	ms891686
VarR4FromI1	aa519105	ms891687
VarR4FromI2	aa519107	ms891688
VarR4FromI4	aa519109	ms891689
VarR4FromR8	aa519114	ms891690
VarR4FromStr	aa519115	ms891691
VarR4FromUI1	aa519118	ms891700
VarR4FromUI2	aa519121	ms891773
VarR4FromUI4	aa519124	ms891776
VarR8FromBool	aa519126	ms891785
VarR8FromCy	aa519130	ms891790
VarR8FromDate	aa519132	ms891796
VarR8FromDec	aa519134	ms891802
VarR8FromDisp	aa519138	ms891810
VarR8FromI1	aa519141	ms891812
VarR8FromI2	ms896713	ms891816
VarR8FromI4	ms896721	ms891823
VarR8FromR4	ms896833	ms891825
VarR8FromStr	ms896942	ms891831
VarR8FromUI1	ms897055	ms891836
VarR8FromUI2	ms897137	ms891839
VarR8FromUI4	ms897139	ms891846
VarUI1FromBool	ms897143	ms891863
VarUI1FromCy	ms897144	ms891867
VarUI1FromDate	ms897145	ms891869
VarUI1FromDec	ms897146	ms891876
VarUI1FromDisp	ms897147	ms891887
VarUI1FromI1	ms897148	ms891893
VarUI1FromI2	ms897149	ms891901
VarUI1FromI4	ms897150	ms891905
VarUI1FromR4	ms897151	ms891912
VarUI1FromR8	ms897153	ms891915
VarUI1FromStr	ms897154	ms891922
VarUI1FromUI2	ms897155	ms891926
VarUI1FromUI4	ms897156	ms891930
VarUI2FromBool	ms897157	ms891935
VarUI2FromCy	ms897158	ms891940
VarUI2FromDate	ms897159	ms891947
VarUI2FromDec	ms897160	ms891951
VarUI2FromDisp	ms897161	ms891955
VarUI2FromI1	ms897162	ms891961
VarUI2FromI2	ms897163	ms891966
VarUI2FromI4	ms897164	ms891970
VarUI2FromR4	ms897165	ms891981
VarUI2FromR8	ms897166	ms891986
VarUI2FromStr	ms897167	ms891993
VarUI2FromUI1	ms897168	ms891998
VarUI2FromUI4	ms897169	ms892004
VarUI4FromBool	ms897170	ms892011
VarUI4FromCy	ms897171	ms892020
VarUI4FromDate	ms897172	ms892026
VarUI4FromDec	ms897173	ms892103
VarUI4FromDisp	ms897174	ms892107
VarUI4FromI1	ms897175	ms892116
VarUI4FromI2	ms897176	ms892117
VarUI4FromI4	ms897177	ms892118
VarUI4FromR4	ms897178	ms892119
VarUI4FromR8	ms897179	ms892120
VarUI4FromStr	ms897180	ms892121
VarUI4FromUI1	ms897181	ms892122
VarUI4FromUI2	ms897182	ms892123
VarUdateFromDate	ms897142	ms891856
VariantChangeType	aa519090	ms891671
VariantChangeTypeEx	aa519091	ms891672
VariantClear	aa519092	ms891673
VariantCopy	aa519093	ms891674
VariantCopyInd	aa519094	ms891675
VariantInit	aa519095	ms891676
VariantTimeToSystemTime	aa519096	ms891677
VectorFromBstr	ms897183	ms892124
VerQueryValue	aa450973	-
VerifySignature	ms926455	-
VerifyUser	ms926456	-
VerifyUser (LAP)	ms926487	-
VerifyUserStart	ms926488	-
VerifyUserStop	ms926489	-
VerifyUserToTop	ms926490	-
Verifying Users	ms926484	-
Verifying the Existence of a Certificate	ms926476	ms898143
Version Element (Poll Request)	ms896069	ms899074
VersionIndependentProgID Key	ms862725	ms892126
Vertex Buffer Descriptions	aa451452	-
Vertex Buffers	aa451453	-
Vertex Data Description	aa451454	-
Vertex Formats	aa451455	-
Vertex Normals	aa451456	-
Vertex and Index Buffers	ms894734	-
Video Capture Tasks/Capturing an Image From a Still Image Pin	ms940048	-
Video Capture Tasks/Configure the Video Output Format	ms940053	-
Video Capture Tasks/Configure the Video Quality	ms940054	-
Video Capture Tasks/Setting the Capture Frame Rate	ms940071	-
Video Capture Tasks/Setting the Color Format for Video Capture	ms940072	-
Video Capture/Advanced Capture Topics	ms940042	-
Video Capture/Building Graphs with the Capture Graph Builder	ms940045	-
Video Capture/Camera Rotation	aa452495	-
Video Capture/Capture Device Selection	ms940046	-
Video Capture/Capture Graph Builder	ms940047	-
Video Capture/Capture Performance	aa452496	-
Video Capture/Capturing Video to a File	ms940050	-
Video Capture/Controlling a Capture Graph	ms940056	-
Video Capture/Interfaces for Capture Applications	ms940066	-
Video Capture/Video Capture Filters	ms940078	-
Video Capture/Video Capture Tasks	ms940079	-
Video Capture/Video Previews	ms940080	-
Video Ports/About DirectDraw Video-Port Extensions	aa451154	-
Video Ports/Auto-Flipping	aa451192	-
Video Ports/Exploiting Hardware Capabilities	ms923362	-
Video Ports/HREF, VREF, and Connections	ms923410	-
Video Ports/Solutions to Common Video Artifacts	ms924639	-
Video Ports/Solving Problems Caused by Half-Lines	ms924640	-
Video Ports/Vertical Blanking Interval Data	aa451457	-
Video Ports/Video Frames and Fields	aa451459	-
Video Ports/Video-Port Technology Overview	aa451461	-
Video Ports/What Are Video Ports?	ms925254	-
Video Renderers/Alternative Video Renderers	aa451176	-
Video Renderers/Control Distributors	aa451256	-
Video Renderers/Full-Screen Video Renderer	ms923380	-
Video Renderers/Plug-in Distributors and Extensibility	ms924209	-
Video Renderers/Source and Target Rectangles in Video Renderers	ms924642	-
View Transformation	aa451464	-
Viewing Interface Information	ms900107	-
Viewing the IPv6 Routing Table	ms900114	-
Viewing the Neighbor Cache	ms900123	-
Viewing the Route Cache	ms900128	-
Viewport Transformation	aa451463	-
Virtual Path Registry Settings	ms900420	-
VirtualAlloc	aa450975	-
VirtualChannelClose	ms864586	ms925573
VirtualChannelCloseEx	ms864696	-
VirtualChannelEntry	ms879597	ms925581
VirtualChannelEntryEx	ms879610	-
VirtualChannelInit	ms879621	ms925591
VirtualChannelInitEvent	ms879628	ms925605
VirtualChannelInitEventEx	aa514727	-
VirtualChannelInitEx	ms879634	-
VirtualChannelOpen	ms879649	ms925708
VirtualChannelOpenEvent	ms879661	ms925726
VirtualChannelOpenEventEx	aa514754	-
VirtualChannelOpenEx	ms879670	-
VirtualChannelWrite	ms879680	ms925748
VirtualChannelWriteEx	ms879690	-
VirtualFree	aa450979	-
VirtualProtect	aa450980	-
VirtualQuery	aa450981	-
VoIP Manager	ms909285	-
VoIP Manager Initialization	ms909286	-
VoIP Manager SIP Server Registration	ms909287	-
VoIP Manager Setup	aa525638	-
VoIP Manager Shutdown	ms909239	-
VoIP Media Manager	ms909288	-
VoIPCallEvent	ms912597	-
VoIPCallStatus	ms912598	-
VoIPCallType	ms912599	-
VoIPMgrParameters	ms912603	-
VoIPProgressTone	ms912604	-
VoIPSystemEvent	ms912606	-
Voice Performance	ms909289	-
WAN Miniport Driver Indications	ms894736	-
WATSON	ms885794	-
WAVEFORMATEX (SAPI)	ms897187	-
WAVEFORMATEX (Waveform Audio)	aa452419	-
WAVEHDR	aa452420	-
WAVEINCAPS	aa452422	-
WAVEOPENDESC	ms923288	-
WAVEOUTCAPS	aa452442	-
WAVEOUTEXTCAPS	ms923289	-
WAVEPROPINFO	aa448329	-
WAV_Close	ms923281	-
WAV_Deinit	ms923282	-
WAV_IOControl	ms923291	-
WAV_IOControl Messages and Parameter Structures	ms894748	-
WAV_Init	ms923290	-
WAV_Open	ms923292	-
WAV_PowerDown	ms923293	-
WAV_PowerUp	ms923294	-
WAV_Read	ms923295	-
WAV_Seek	ms923296	-
WAV_Write	ms923297	-
WC_SIPPREF	ms914097	-
WIDM_ADDBUFFER	ms923298	-
WIDM_CLOSE	ms923299	-
WIDM_GETDEVCAPS	ms923300	-
WIDM_GETNUMDEVS	ms923301	-
WIDM_GETPOS	ms923302	-
WIDM_GETPROP	aa448330	-
WIDM_OPEN	ms923303	-
WIDM_PREPARE	ms923304	-
WIDM_RESET	ms923305	-
WIDM_SETPROP	aa448331	-
WIDM_START	ms923306	-
WIDM_STOP	ms923307	-
WIDM_UNPREPARE	ms923308	-
WIM_CLOSE	aa452468	-
WIM_DATA	aa452469	-
WIM_OPEN	aa452470	-
WIN32_FILE_ATTRIBUTE_DATA	ms892377	-
WIN32_FIND_DATA	ms892378	-
WINDOWPOS	ms914101	-
WM_ACTIVATE	ms914105	-
WM_CANCELMODE	ms914108	-
WM_CHAR	ms914110	-
WM_CHOOSEFONT_GETLOGFONT	ms914112	-
WM_CHOOSEFONT_GETLOGFONT (formula "#define WM_CHOOSEFONT_GETLOGFONT (WM_USER + 1)" -> derived 0x0401)	https://learn.microsoft.com/en-us/windows/win32/dlgbox/wm-choosefont-getlogfont	-
WM_CLEAR	ms914113	-
WM_CLOSE	ms914114	-
WM_COMMAND	ms914115	-
WM_CONTEXTMENU	ms914116	-
WM_COPY	ms914117	-
WM_COPYDATA	aa453921	-
WM_CREATE	ms914118	-
WM_CTLCOLORBTN	ms914119	-
WM_CTLCOLORDLG	aa453847	-
WM_CTLCOLOREDIT	aa453848	-
WM_CTLCOLORLISTBOX	aa453849	-
WM_CTLCOLORSTATIC	aa453851	-
WM_CUT	aa453852	-
WM_DBNOTIFICATION	ms892379	-
WM_DELETEITEM	aa453853	-
WM_DESTROY	aa453854	-
WM_DRAWITEM	aa453855	-
WM_ENABLE	aa453856	-
WM_ENTERMENULOOP	aa453857	-
WM_ERASEBKGND	aa453858	-
WM_EXITMENULOOP	aa453859	-
WM_FILECHANGEINFO	aa453860	-
WM_FONTCHANGE	ms901147	ms900718
WM_GETDLGCODE	aa453861	-
WM_GETFONT	aa453862	-
WM_GETTEXT	aa453864	-
WM_GETTEXTLENGTH	aa453865	-
WM_HELP	aa453866	-
WM_HIBERNATE	aa453867	-
WM_HOTKEY	aa453868	-
WM_IME_CHAR	ms906445	ms921475
WM_IME_COMPOSITION	ms906446	ms921476
WM_IME_COMPOSITIONFULL	ms906447	ms921477
WM_IME_CONTROL	ms906448	ms921478
WM_IME_ENDCOMPOSITION	ms906449	ms921479
WM_IME_KEYDOWN	ms906450	ms921480
WM_IME_KEYUP	ms906451	ms921481
WM_IME_NOTIFY	ms906452	ms921482
WM_IME_REQUEST	ms906453	ms921483
WM_IME_SELECT	ms906454	ms921484
WM_IME_SETCONTEXT	ms906455	ms921485
WM_IME_STARTCOMPOSITION	ms906456	ms921486
WM_IM_INFO	aa453870	-
WM_INITDIALOG	aa453871	-
WM_INITMENUPOPUP	aa453872	-
WM_KEYDOWN	aa453873	-
WM_KEYFIRST	aa453874	-
WM_KEYLAST	aa453875	-
WM_KEYUP	aa453876	-
WM_KILLFOCUS	aa453877	-
WM_MEASUREITEM	aa453883	-
WM_MENUCHAR	aa453884	-
WM_MOVE	aa453887	-
WM_NEXTDLGCTL	aa453889	-
WM_NOTIFY	aa453890	-
WM_PAINT	aa453891	-
WM_PALETTECHANGED	aa453892	-
WM_PASTE	aa453893	-
WM_QUERYNEWPALETTE	aa453894	-
WM_QUIT	aa453895	-
WM_RENDERALLFORMATS	aa453898	-
WM_RENDERFORMAT	aa453899	-
WM_SETFOCUS	aa453901	-
WM_SETFONT	aa453902	-
WM_SETREDRAW	aa453904	-
WM_SETTEXT	aa453905	-
WM_SIDESHOW_ADD_GADGET	cc664370	-
WM_SIDESHOW_ADD_NOTIFICATION	cc664382	-
WM_SIDESHOW_CACHE_ITEMS_CLEARED	cc664394	-
WM_SIDESHOW_CACHE_ITEM_ADDED	cc664226	-
WM_SIDESHOW_CACHE_ITEM_DELETED	cc664385	-
WM_SIDESHOW_CACHE_ITEM_UPDATED	cc664398	-
WM_SIDESHOW_CONNECTED	cc664376	-
WM_SIDESHOW_CONNECTION_RESULT	cc700956	-
WM_SIDESHOW_DELETE_ALL_GADGETS	cc664396	-
WM_SIDESHOW_DELETE_ALL_NOTIFICATIONS	cc664219	-
WM_SIDESHOW_DELETE_GADGET	cc700966	-
WM_SIDESHOW_DELETE_NOTIFICATION	cc664390	-
WM_SIDESHOW_DISCONNECTED	cc700957	-
WM_SIDESHOW_SELECT_USER	cc664221	-
WM_SIDESHOW_SERVICE_STOPPING	cc664393	-
WM_SIDESHOW_SET_GADGET_ORDER	cc664374	-
WM_SIDESHOW_USER_CHANGED	cc664232	-
WM_SIZE	aa453907	-
WM_STYLECHANGED	aa453908	-
WM_SYSCHAR	aa453909	-
WM_SYSCOLORCHANGE	aa453910	-
WM_SYSCOMMAND	aa453911	-
WM_SYSCOPYDATA	aa453912	-
WM_SYSDEADCHAR	aa453913	-
WM_SYSKEYDOWN	aa453914	-
WM_SYSKEYUP	aa453915	-
WM_UNDO	aa453917	-
WM_WINDOWPOSCHANGED	aa453920	-
WNetAddConnection3	ms898589	ms925120
WNetCancelConnection2	ms898597	ms925121
WNetCloseEnum	ms898606	ms925122
WNetConnectionDialog1	ms898611	ms925123
WNetDisconnectDialog	ms898697	ms925124
WNetDisconnectDialog1	ms898705	ms925125
WNetEnumResource	ms898709	ms925126
WNetGetConnection	ms898710	ms925127
WNetGetUniversalName	ms898711	ms925128
WNetGetUser	ms898712	ms925129
WNetOpenEnum	ms898713	ms925130
WODM_BREAKLOOP	ms923309	-
WODM_BT_SCO_AUDIO_CONTROL	ms887549	-
WODM_CLOSE	ms923310	-
WODM_GETDEVCAPS	ms923311	-
WODM_GETEXTDEVCAPS	ms923312	-
WODM_GETNUMDEVS	ms923313	-
WODM_GETPITCH	ms923314	-
WODM_GETPLAYBACKRATE	ms923315	-
WODM_GETPOS	ms923316	-
WODM_GETPROP	aa448332	-
WODM_GETVOLUME	ms923317	-
WODM_OPEN	ms923318	-
WODM_PAUSE	ms923319	-
WODM_PREPARE	ms923320	-
WODM_RESET	ms923321	-
WODM_RESTART	ms923322	-
WODM_SETPITCH	ms923323	-
WODM_SETPLAYBACKRATE	ms923324	-
WODM_SETPROP	aa448334	-
WODM_SETVOLUME	ms923325	-
WODM_UNPREPARE	ms923326	-
WODM_WRITE	ms923327	-
WOM_CLOSE	aa452471	-
WOM_DONE	aa452472	-
WOM_OPEN	aa452473	-
WPDM_CLOSE	ms923328	-
WPDM_CONTINUE	ms923329	-
WPDM_ENDOFDATA	ms923340	-
WPDM_GETDEVCAPS	ms923341	-
WPDM_GETMIXERVAL	ms923668	-
WPDM_GETVOLUME	ms923342	-
WPDM_OPEN	ms923344	-
WPDM_PAUSE	ms923345	-
WPDM_RESTART	ms923346	-
WPDM_SETMIXERVAL	ms923670	-
WPDM_SETVOLUME	ms923347	-
WPDM_STANDBY	ms923348	-
WPDM_START	ms923568	-
WPDM_STOP	ms923660	-
WPUCloseEvent	ms898715	-
WPUCloseSocketHandle	ms898716	-
WPUCompleteOverlappedRequest	ms900454	-
WPUCreateEvent	ms898717	-
WPUCreateSocketHandle	ms898718	-
WPUFDIsSet	ms898719	-
WPUGetProviderPath	ms898720	-
WPUQueryBlockingCallback	ms898721	-
WPUQuerySocketHandleContext	ms898722	-
WPUResetEvent	ms898723	-
WPUSetEvent	ms898724	-
WRITE_PORT_BUFFER_UCHAR	ms923671	ms920097
WRITE_PORT_BUFFER_ULONG	ms923672	ms920099
WRITE_PORT_BUFFER_USHORT	ms923673	ms920103
WRITE_PORT_UCHAR	ms923674	ms920105
WRITE_PORT_ULONG	ms923676	ms920108
WRITE_PORT_USHORT	ms923677	ms920112
WRITE_REGISTER_BUFFER_UCHAR	ms923678	ms920115
WRITE_REGISTER_BUFFER_ULONG	ms923679	ms920118
WRITE_REGISTER_BUFFER_USHORT	ms923680	ms920123
WRITE_REGISTER_UCHAR	ms923681	ms920125
WRITE_REGISTER_ULONG	ms923682	ms920128
WRITE_REGISTER_USHORT	ms923683	ms920129
WSAAccept	ms898727	ms911748
WSAAddressToString	ms898728	ms911749
WSABUF	ms898729	-
WSACOMPLETION	ms898732	-
WSACleanup	ms898730	ms911750
WSACloseEvent	ms898731	ms911751
WSAConnect	ms898733	ms911752
WSACreateEvent	ms898734	ms911753
WSADATA	ms898735	-
WSAECOMPARATOR	ms898736	-
WSAEnumNameSpaceProviders	ms898737	ms911754
WSAEnumNetworkEvents	ms898738	ms911755
WSAEnumProtocols	ms898739	ms911756
WSAEventSelect	ms898740	ms911757
WSAGetLastError	ms898741	ms911758
WSAGetOverlappedResult	ms898742	ms911759
WSAHtonl	ms898743	ms911760
WSAHtons	ms898744	ms911761
WSAIoctl	ms898745	ms911762
WSAJoinLeaf	ms898746	ms911763
WSALookupServiceBegin (Bluetooth)	ms898747	ms863410
WSALookupServiceBegin (Windows Sockets)	ms898748	ms911764
WSALookupServiceBegin Parameter Values for Enumerating Clouds	ms886628	-
WSALookupServiceBegin Parameter Values for Resolving Peer Names	ms886627	-
WSALookupServiceEnd (Bluetooth)	ms898749	ms863411
WSALookupServiceEnd (Windows Sockets)	ms898750	ms911765
WSALookupServiceNext (Bluetooth)	ms898751	ms863412
WSALookupServiceNext (Windows Sockets)	ms898752	ms911766
WSALookupServiceNext Parameter Values for Enumerating Clouds	ms886629	-
WSALookupServiceNext Parameter Values for Resolving Peer Names	ms886630	-
WSANAMESPACE_INFO	ms898753	-
WSANETWORKEVENTS	ms898754	-
WSANSPIoctl	ms898755	-
WSANtohl	ms898756	ms911767
WSANtohs	ms898757	ms911768
WSAOVERLAPPED	ms898758	-
WSAPROTOCOLCHAIN	ms898759	-
WSAPROTOCOL_INFO	ms898760	-
WSAQUERYSET (Bluetooth)	ms898761	ms863413
WSAQUERYSET (Windows Sockets)	ms898762	-
WSARecv	ms898763	ms911769
WSARecvFrom	ms898764	ms911770
WSAResetEvent	ms898765	ms911771
WSASERVICECLASSINFO	ms898768	-
WSASend	ms898766	ms911772
WSASendTo	ms898767	ms911773
WSASetEvent	ms898769	ms911774
WSASetLastError	ms898770	ms911775
WSASetService (Bluetooth)	ms898771	ms863409
WSASetService (Windows Sockets)	ms898772	-
WSASocket	ms898773	ms911776
WSAStartup	ms898774	ms911778
WSAStringToAddress	ms898775	ms911779
WSATHREADID	ms898776	-
WSAWaitForMultipleEvents	ms900456	-
WSCDeinstallProvider	ms898778	-
WSCEnumProtocols	ms898779	-
WSCInstallNameSpace	ms898780	-
WSCInstallProvider	ms898781	-
WSCUnInstallNameSpace	ms898782	-
WSDL Details Specific to SOAP Toolkit	ms862727	-
WSPAccept	ms898783	-
WSPAddressToString	ms898784	-
WSPAsyncSelect	ms898785	-
WSPBind	ms898786	-
WSPCleanup	ms898787	-
WSPCloseSocket	ms898788	-
WSPConnect	ms898789	-
WSPDATA	ms900586	-
WSPDuplicateSocket	ms898790	-
WSPEnumNetworkEvents	ms898791	-
WSPEventSelect	ms898792	-
WSPGetOverlappedResult	ms898793	-
WSPGetPeerName	ms898794	-
WSPGetSockName	ms898811	-
WSPGetSockOpt	ms898877	-
WSPIoctl	ms898897	-
WSPJoinLeaf	ms898901	-
WSPListen	ms898902	-
WSPRecv	ms898903	-
WSPRecvDisconnect	ms898904	-
WSPRecvFrom	ms898905	-
WSPSelect	ms898906	-
WSPSend	ms898907	-
WSPSendDisconnect	ms898908	-
WSPSendTo	ms898909	-
WSPSetSockOpt	ms898910	-
WSPShutdown	ms898911	-
WSPSocket	ms898912	-
WSPStartup	ms898913	-
WSPStringToAddress	ms898915	-
WZCDeleteIntfObj	ms923684	-
WZCEnumInterfaces	ms923686	-
WZCPassword2Key	ms923687	-
WZCQueryContext	ms923688	-
WZCQueryInterface	ms923689	-
WZCRefreshInterface	ms923690	-
WZCSetContext	ms923691	-
WZCSetInterface	ms923692	-
WZC_802_11_CONFIG_LIST	aa448335	-
WZC_CONTEXT	aa448336	-
WZC_EAPOL_PARAMS	aa448337	-
WZC_WLAN_CONFIG	aa448338	-
Wait Debugging	aa452417	-
WaitCommEvent	aa450985	-
WaitDispatchingMessages	aa452418	-
WaitForDebugEvent	aa450986	-
WaitForMultipleObjects	aa450987	-
WaitForSingleObject	aa450988	-
WaitForVideoPortSync	ms923280	-
Waveform Audio Application Development	ms932630	-
Waveform Audio Functions	ms925318	-
Waveform Audio Messages	ms925319	-
Waveform Audio Migration	aa451465	-
Waveform Audio OS Design Development	ms925091	-
Waveform Audio Reference	ms925320	-
Waveform Audio Registry Settings	ms940081	-
Waveform Audio Samples	ms940030	-
Waveform Audio Security	ms925133	-
Waveform Audio Structures	ms925321	-
Web Proxy	ms899577	-
Web Proxy Filtering	ms885798	-
Web Proxy Functions	ms899578	-
Web Proxy IOCTLs	ms899579	-
Web Proxy Migration	ms885799	-
Web Proxy OS Design Development	ms899580	-
Web Proxy Reference	ms899581	-
Web Proxy Registry Settings	aa450255	-
Web Proxy Samples	ms885800	-
Web Proxy Security	ms885801	-
Web Proxy Structures	ms899582	-
Web Server (HTTPD)	ms899583	-
Web Server (HTTPD) Application Development	ms900424	-
Web Server (HTTPD) OS Design Development	ms900426	-
Web Server Access Rights	ms885802	-
Web Server Authentication	ms885803	-
Web Server Authentication and Permissions	ms885804	-
Web Server Enumerations	ms900582	-
Web Server Functions	aa450256	-
Web Server Implementation Details	ms885805	-
Web Server Migration	ms900429	-
Web Server Overview	ms900432	-
Web Server Permissions	ms885807	-
Web Server Reference	aa450257	-
Web Server Registry Settings	ms900438	-
Web Server Requirements	ms885808	-
Web Server Samples	ms900598	-
Web Server Security	ms885809	-
Web Server Structures	aa450258	-
Web Server User Lists	ms885810	-
WebDAV	ms885795	-
WebDAV Interoperability Issues	ms885796	-
WebDAV Security	ms885797	-
What is White Space?	ms862726	ms912487
WideCharToMultiByte	aa450989	-
Width vs. Pitch	ms925261	ms893872
WinInet Error Messages	aa452091	-
WinInet Migration	ms905659	-
WinInet Overview	ms905658	-
WinInet Registry Settings	ms905660	-
WinInet Samples	ms905662	-
WinInet Security	ms905663	-
WinMain	ms914104	-
Window Callback Services	ms925265	-
Window Classes	aa448296	-
Window Layout and Mirroring	ms903932	-
WindowFromPoint	ms914099	-
WindowProc	ms914102	-
Windows CE Communications Architecture	ms894751	-
Windows CE Explorer Registry Settings	ms914103	-
Windows CE-SIP client, Windows CE-phone, or Messaging Sessions	ms909290	-
Windows CE-based Device Notification	aa513303	-
Windows Media Applications/Creating ASF Files in DirectShow	ms940057	-
Windows Media Event Notification Codes/EC_BANDWIDTHCHANGE	aa451632	-
Windows Media Event Notification Codes/EC_CONTENTPROPERTY_CHANGED	aa451636	-
Windows Media Event Notification Codes/EC_DRMSTATUS	aa451637	-
Windows Media Event Notification Codes/EC_EOS_SOON	aa451639	-
Windows Media Event Notification Codes/EC_ERRORABORTEX	aa451641	-
Windows Media Event Notification Codes/EC_FILE_CLOSED	aa451643	-
Windows Media Event Notification Codes/EC_LOADSTATUS	aa451645	-
Windows Media Event Notification Codes/EC_MARKER_HIT	aa451646	-
Windows Media Event Notification Codes/EC_PLEASE_REOPEN	aa451652	-
Windows Media Event Notification Codes/EC_STATUS	aa451658	-
Windows Media Event Notification Codes/EC_VIDEOFRAMEREADY	aa451665	-
Windows Media Player Control Application Development/Capturing Keyboard and Mouse Events	aa451226	-
Windows Media Player Control Application Development/Codecs and Formats	aa451254	-
Windows Media Player Control Application Development/Compatibility Modes	aa451247	-
Windows Media Player Control Application Development/Customizing the Windows Media Player Control User Interface	aa451290	-
Windows Media Player Control Application Development/Monitoring Stream Status and Network Reception	ms924152	-
Windows Media Player Control Application Development/Playback Methods and Properties	ms924205	-
Windows Media Player Control Application Development/Processing Embedded Script Commands	ms924581	-
Windows Media Player Control Application Development/Retrieving Presentation Information	ms924611	-
Windows Media Player Control Application Development/Using Playlists	aa451433	-
Windows Media Player Control Application Development/Windows Media Player Control Architecture	ms925546	-
Windows Media Player Control Application Development/Windows Media Player Control Error Handling	ms923240	-
Windows Media Player Control Application Development/Windows Media Player Control Unsupported Items	aa452399	-
Windows Media Player Control Reference/Windows Media Player Events	ms925324	-
Windows Media Player Control Reference/Windows Media Player Methods	ms925325	-
Windows Media Player Control Reference/Windows Media Player Properties	ms925326	-
Windows Media Player Control Unsupported Items/Handling of Unsupported Items	ms923398	-
Windows Media Player Control/Windows Media Player Control Application Development	ms932653	-
Windows Media Player Control/Windows Media Player Control Migration	ms925267	-
Windows Media Player Control/Windows Media Player Control OS Design Development	ms925268	-
Windows Media Player Control/Windows Media Player Control Reference	ms925323	-
Windows Media Player Control/Windows Media Player Control Registry Settings	ms925269	-
Windows Media Player Control/Windows Media Player Control Samples	ms940038	-
Windows Media Player Control/Windows Media Player Control Security	ms925270	-
Windows Media Player Events/Buffering	ms936850	-
Windows Media Player Events/Click	aa451531	-
Windows Media Player Events/DblClick	ms907786	-
Windows Media Player Events/Disconnect	aa451587	-
Windows Media Player Events/EndOfStream	aa451684	-
Windows Media Player Events/Error	aa451698	-
Windows Media Player Events/KeyDown	ms932019	-
Windows Media Player Events/KeyPress	ms932020	-
Windows Media Player Events/KeyUp	ms932021	-
Windows Media Player Events/MarkerHit	ms932029	-
Windows Media Player Events/MouseDown	ms932217	-
Windows Media Player Events/MouseMove	ms932218	-
Windows Media Player Events/MouseUp	ms932219	-
Windows Media Player Events/NewStream	ms932240	-
Windows Media Player Events/OpenComplete	ms932246	-
Windows Media Player Events/OpenStateChange	ms932248	-
Windows Media Player Events/PlayStateChange	ms932264	-
Windows Media Player Events/PositionChange	ms932267	-
Windows Media Player Events/ReadyStateChange	ms932277	-
Windows Media Player Events/ScriptCommand	ms932292	-
Windows Media Player Events/StateChange	aa452374	-
Windows Media Player Methods/Cancel	ms936895	-
Windows Media Player Methods/FastForward	aa451707	-
Windows Media Player Methods/FastReverse	aa451708	-
Windows Media Player Methods/GetCodecDescription	aa451728	-
Windows Media Player Methods/GetCodecInstalled	aa451729	-
Windows Media Player Methods/GetCodecURL	aa451730	-
Windows Media Player Methods/GetCurrentEntry	aa451731	-
Windows Media Player Methods/GetMarkerName	aa451733	-
Windows Media Player Methods/GetMarkerTime	aa451734	-
Windows Media Player Methods/GetMediaInfoString	aa451735	-
Windows Media Player Methods/GetMediaParameter	aa451736	-
Windows Media Player Methods/GetMediaParameterName	aa451737	-
Windows Media Player Methods/Next	ms932241	-
Windows Media Player Methods/Open	ms932245	-
Windows Media Player Methods/Pause (Windows Media Player)	ms932253	-
Windows Media Player Methods/Play (Windows Media Player)	ms932260	-
Windows Media Player Methods/Previous	ms932268	-
Windows Media Player Methods/Run (Windows Media Player)	ms932291	-
Windows Media Player Methods/SetCurrentEntry	ms932301	-
Windows Media Player Methods/Stop (Windows Media Player)	aa452376	-
Windows Media Player Properties/AllowChangeDisplaySize	ms925331	-
Windows Media Player Properties/AllowHideControls	ms925332	-
Windows Media Player Properties/AllowScan	ms925334	-
Windows Media Player Properties/AudioStream	ms925711	-
Windows Media Player Properties/AutoRewind	ms925734	-
Windows Media Player Properties/AutoSize (Windows Media Player)	ms925740	-
Windows Media Player Properties/AutoStart	ms925744	-
Windows Media Player Properties/Balance	ms925771	-
Windows Media Player Properties/Bandwidth	ms925778	-
Windows Media Player Properties/BaseURL	ms925879	-
Windows Media Player Properties/BufferingCount	ms936851	-
Windows Media Player Properties/BufferingProgress	ms936852	-
Windows Media Player Properties/BufferingTime	ms936853	-
Windows Media Player Properties/CanScan	ms936896	-
Windows Media Player Properties/CanSeek	ms936897	-
Windows Media Player Properties/CanSeekToMarkers	ms936898	-
Windows Media Player Properties/ChannelDescription	aa451527	-
Windows Media Player Properties/ChannelName	aa451528	-
Windows Media Player Properties/ChannelURL	aa451529	-
Windows Media Player Properties/ClickToPlay	aa451532	-
Windows Media Player Properties/CodecCount	ms926773	-
Windows Media Player Properties/ContactAddress	ms926779	-
Windows Media Player Properties/ContactEmail	ms926780	-
Windows Media Player Properties/ContactPhone	ms926781	-
Windows Media Player Properties/CreationDate	ms907280	-
Windows Media Player Properties/CurrentMarker	ms939121	-
Windows Media Player Properties/CurrentPosition	ms939122	-
Windows Media Player Properties/CurrentState	ms939123	-
Windows Media Player Properties/DefaultFrame	aa451571	-
Windows Media Player Properties/DisplayBackColor	aa451588	-
Windows Media Player Properties/DisplayForeColor	aa451589	-
Windows Media Player Properties/DisplaySize	aa451590	-
Windows Media Player Properties/Duration (Windows Media Player)	aa451615	-
Windows Media Player Properties/EnablePositionControls	aa451676	-
Windows Media Player Properties/EnableTracker	aa451677	-
Windows Media Player Properties/Enabled	aa451675	-
Windows Media Player Properties/EntryCount	aa451686	-
Windows Media Player Properties/ErrorCode	aa451700	-
Windows Media Player Properties/ErrorCorrection	aa451702	-
Windows Media Player Properties/ErrorDescription	aa451703	-
Windows Media Player Properties/FileName	aa451709	-
Windows Media Player Properties/FullScreenMode	aa451721	-
Windows Media Player Properties/GetMoreInfoURL	aa451739	-
Windows Media Player Properties/HasError	aa451742	-
Windows Media Player Properties/HasMultipleItems	aa451743	-
Windows Media Player Properties/ImageSourceHeight	aa452245	-
Windows Media Player Properties/ImageSourceWidth	aa452246	-
Windows Media Player Properties/InvokeURLs	ms912073	-
Windows Media Player Properties/IsBroadcast	ms931808	-
Windows Media Player Properties/IsDurationValid	ms931809	-
Windows Media Player Properties/Language	ms932022	-
Windows Media Player Properties/LostPackets	ms932025	-
Windows Media Player Properties/MarkerCount	ms932028	-
Windows Media Player Properties/MovieWindowSize	ms932230	-
Windows Media Player Properties/Mute	ms932238	-
Windows Media Player Properties/OpenState	ms932247	-
Windows Media Player Properties/PlayCount	ms932261	-
Windows Media Player Properties/PlayState	ms932263	-
Windows Media Player Properties/Rate	ms932274	-
Windows Media Player Properties/ReadyState	ms932276	-
Windows Media Player Properties/ReceivedPackets	ms932278	-
Windows Media Player Properties/ReceptionQuality	ms932279	-
Windows Media Player Properties/RecoveredPackets	ms932280	-
Windows Media Player Properties/SelectionEnd	ms932293	-
Windows Media Player Properties/SelectionStart	ms932294	-
Windows Media Player Properties/SendErrorEvents	ms932295	-
Windows Media Player Properties/SendKeyboardEvents	ms932296	-
Windows Media Player Properties/SendMouseClickEvents	ms932297	-
Windows Media Player Properties/SendMouseMoveEvents	ms932298	-
Windows Media Player Properties/SendOpenStateChangeEvents	ms932299	-
Windows Media Player Properties/SendPlayStateChangeEvents	ms932300	-
Windows Media Player Properties/ShowAudioControls	ms932302	-
Windows Media Player Properties/ShowControls	ms932303	-
Windows Media Player Properties/ShowPositionControls	ms932304	-
Windows Media Player Properties/ShowStatusBar	ms932305	-
Windows Media Player Properties/ShowTracker	ms932306	-
Windows Media Player Properties/SourceLink	ms932315	-
Windows Media Player Properties/SourceProtocol	ms932316	-
Windows Media Player Properties/StreamCount	aa452380	-
Windows Media Player Properties/TransparentAtStart	aa452394	-
Windows Media Player Properties/VideoBorder3D	aa452408	-
Windows Media Player Properties/VideoBorderColor	aa452409	-
Windows Media Player Properties/VideoBorderWidth	aa452410	-
Windows Media Player Properties/Volume	aa452416	-
Windows Media Technologies/ASX Elements Reference	ms925291	-
Windows Media Technologies/Windows Media Event Notification Codes	ms925322	-
Windows Media Technologies/Windows Media Technologies Application Development	ms932664	-
Windows Media Technologies/Windows Media Technologies Migration	ms925271	-
Windows Media Technologies/Windows Media Technologies OS Design Development	ms925272	-
Windows Media Technologies/Windows Media Technologies Registry Settings	ms925273	-
Windows Media Technologies/Windows Media Technologies Samples	ms940041	-
Windows Media Technologies/Windows Media Technologies Security	ms925274	-
Windows Media/Windows Media Player	ms925266	-
Windows Media/Windows Media Player Control	ms940102	-
Windows Media/Windows Media Technologies	ms940103	-
Windows Messenger Architecture	aa513305	-
Windows Messenger Migration	ms879795	-
Windows Messenger Registry Settings	aa513306	-
Windows Messenger Security	aa513307	ms910355
Windows Mobile Error Reporting Reference	aa526069	-
Windows Networking API/Redirector	ms899584	-
Windows Networking API/Redirector Application Development	ms885813	-
Windows Networking API/Redirector Functions	aa450259	-
Windows Networking API/Redirector Migration	ms885814	-
Windows Networking API/Redirector OS Design Development	ms899585	-
Windows Networking API/Redirector Reference	aa450260	-
Windows Networking API/Redirector Registry Settings	aa450132	-
Windows Networking API/Redirector Samples	ms885815	-
Windows Networking API/Redirector Security	ms885816	ms925083
Windows Networking API/Redirector Structures	aa450261	-
Windows Sockets	ms899586	-
Windows Sockets Reference	ms898578	-
Windows Sockets Support for IPv6	ms885818	-
Windows-Specific Extension Functions	ms885819	-
Winsock 2.2	ms885820	-
Winsock Application Development	ms899587	-
Winsock Architecture	ms885821	-
Winsock Completion Indications	ms885823	ms910216
Winsock Enumerations	aa450262	ms910250
Winsock Error Codes	aa450263	-
Winsock Event Objects	ms885825	ms930837
Winsock Functions	aa450264	-
Winsock Migration	ms886607	-
Winsock Name Resolution	ms886615	-
Winsock OS Design Development	ms885817	-
Winsock Overlapped I/O and Event Objects	ms886617	-
Winsock Reference	aa450265	-
Winsock SPI Functions	aa450266	ms910253
Winsock SPI Reference	aa450267	-
Winsock SPI Structures	aa450268	ms910255
Winsock Samples	ms899596	-
Winsock Secure Sockets	ms886618	-
Winsock Security	ms886619	-
Winsock Service Provider Interface (SPI)	ms886620	-
Winsock Service Providers	ms886621	-
Winsock Structures	aa450269	-
Winsock Support in Windows CE	ms886481	-
Winsock and WOSA	ms885822	-
Wireless Network Client Configuration	ms894759	-
Worker Callback Functions and Data	ms894675	ms907004
Working With Unicode Surrogates	ms904394	-
Working with Active and Inactive Pages in a Property Sheet	ms927193	-
Working with Advanced Header Control Functionality	ms927196	-
Working with Certificates in Certificate Stores	ms936962	ms883701
Working with ClearType Fonts	ms901093	ms900721
Working with Common Controls	ms927205	-
Working with DirectDraw Clippers/Clip Lists	aa451237	-
Working with DirectDraw Clippers/Independent DirectDrawClipper Objects	ms923422	-
Working with DirectDraw Clippers/Sharing DirectDrawClipper Objects	ms924635	-
Working with DirectDraw Clippers/Using a Clipper with Multiple Windows	aa451415	-
Working with DirectDraw Clippers/Using a Clipper with the System Cursor	aa451416	-
Working with DirectDraw Clippers/What Are Clippers?	ms925240	-
Working with DirectDraw Objects/Multiple DirectDraw Objects per Process	ms924160	-
Working with DirectDraw Objects/Parent and Child Object Lifetimes	ms924197	-
Working with DirectDraw Objects/What Are DirectDraw Objects?	ms925251	-
Working with DirectDraw Palettes/Palette Animation	ms924194	-
Working with DirectDraw Palettes/Palette Types	ms924195	-
Working with DirectDraw Palettes/Setting Palettes on Nonprimary Surfaces	ms924627	-
Working with DirectDraw Palettes/Sharing Palettes	ms924636	-
Working with DirectDraw Palettes/What Are Palettes?	ms925252	-
Working with DirectDraw Surfaces/Accessing Surface Memory Directly	aa451162	-
Working with DirectDraw Surfaces/Basic Concepts of Surfaces	aa451202	-
Working with DirectDraw Surfaces/Blitting to Surfaces	aa451213	-
Working with DirectDraw Surfaces/COM Reference Count Semantics for Surfaces	aa451250	-
Working with DirectDraw Surfaces/Color Controls	aa451242	-
Working with DirectDraw Surfaces/Converting Color and Format	aa451259	-
Working with DirectDraw Surfaces/Creating Surfaces	aa451277	-
Working with DirectDraw Surfaces/Enumerating Surfaces	ms923228	-
Working with DirectDraw Surfaces/Losing and Restoring Surfaces	ms924131	-
Working with DirectDraw Surfaces/Overlay Surfaces	ms924177	-
Working with DirectDraw Surfaces/Private Surface Data	ms924578	-
Working with DirectDraw Surfaces/Surface Uniqueness Values	ms924662	-
Working with DirectDraw Surfaces/Surfaces and Device Contexts	ms924661	-
Working with DirectDraw Surfaces/Updating Surface Characteristics	aa451412	-
Working with Fonts in the MUI	ms904387	-
Working with Graphics Devices/Graphic Objects and Modes	ms923390	-
Working with Graphics Devices/Memory Device Contexts	ms924144	-
Working with Graphics Devices/Using Bitmaps	aa451417	-
Working with Graphics Devices/Using Colors	aa451419	-
Working with IME Composition Strings	ms904388	-
Working with Input Contexts	ms904389	-
Working with Surrogate Pairs	ms904390	-
Working with TrueType and Raster Fonts	ms901094	ms900723
Working with WebBrowser Events	ms905664	ms937808
Working with the IME Candidate Window	ms904391	-
Working with the IME Status Window	ms904392	-
Working with the Input Method Editor	ms904393	-
World Transformation	ms925282	-
Wrap Texture Address Mode	ms925283	-
Write a Transform Filter in C/C++/Access Additional Interfaces	aa451160	-
Write a Transform Filter in C/C++/Create Registry Information	aa451265	-
Write a Transform Filter in C/C++/Define and Instantiate Your Filter Class	aa451298	-
Write a Transform Filter in C/C++/Override CheckInputType	ms924179	-
Write a Transform Filter in C/C++/Override the Transform Function	ms924187	-
WriteBSTR	aa452474	-
WriteClassStg	ms897190	ms892128
WriteClassStm	ms897191	ms892129
WriteClient (ISAPI Extensions)	ms898725	-
WriteClient (ISAPI Filters)	ms898726	-
WriteDebugLED	aa450990	-
WriteFile	ms892380	-
WriteGenericData	ms892381	-
WriteHitLogging	ms918878	ms929063
WriteInt	aa452475	-
WriteMsgQueue	aa450991	-
WriteProcessMemory	aa450992	-
WriteRegData	ms892382	-
Writing Capture Filters/Exposing Capture and Compression Formats	ms940059	-
Writing Capture Filters/Implementing a Preview Pin	ms940064	-
Writing Capture Filters/Pin Requirements for Capture Filters	ms940068	-
Writing Capture Filters/Producing Data in a Capture Filter	ms940069	-
Writing DirectShow Filters/DirectShow Architecture for Filter Developers	aa451344	-
Writing DirectShow Filters/DirectShow and COM	aa451342	-
Writing DirectShow Filters/File Formats	ms923364	-
Writing DirectShow Filters/Transform Filters	aa451399	-
Writing DirectShow Filters/Video Renderers	aa451462	-
Writing DirectShow Filters/Writing Capture Filters	ms940084	-
Writing Pixels	ms925290	-
Writing a CSP	ms936963	ms884388
Writing and Creating a Record	aa516921	-
Writing and Creating a Registry Value	aa516922	-
Writing to a File	aa516923	-
WstrToInt	aa452476	-
X.509 Digital Certification	ms936964	ms883708
XLATEOBJ	ms923693	-
XLATEOBJ_cGetPalette	ms923694	-
XML Core Services Registry Settings	ms862728	ms931336
XML Core Services and Document Object Model	ms897385	-
XML DOM Application Development	aa513817	-
XML DOM Enumerated Constants	ms897200	ms931327
XML DOM Error Messages	ms897201	ms931328
XML DOM Events	aa513822	-
XML DOM Methods	aa513825	-
XML DOM Migration	aa513827	-
XML DOM Objects/Interfaces	aa513829	-
XML DOM Properties	aa513831	-
XML DOM Reference	aa513832	-
XML DOM Samples	aa513834	-
XML DOM Security	ms862729	ms931337
XML Data Islands Application Development	ms905667	-
XML Data Islands Migration	ms905668	-
XML Data Islands OS Design Development	ms918879	-
XML Data Islands Samples	ms905669	-
XML Error Messages	aa513821	-
XML HTTP	ms897386	-
XML HTTP Methods	aa513835	-
XML HTTP Objects/Interfaces	aa513838	-
XML HTTP Properties	aa513839	-
XML HTTP Reference	aa513841	-
XML Minimal Parser	ms897387	-
XML Minimal Parser Application Development	aa513843	-
XML Minimal Parser Interfaces	ms897202	-
XML Minimal Parser Migration	aa513848	-
XML Minimal Parser Reference	ms897203	-
XML Minimal Parser Registry Settings	ms862731	-
XML Minimal Parser Samples	aa513849	-
XML OS Design Development	ms897388	-
XML Parser Architecture for Windows CE	ms862732	ms910791
XML Profile Samples	ms909291	ms906929
XML Query Language (XQL)	ms897389	-
XML SAX	ms897390	-
XML SAX Application Development	ms862733	-
XML SAX Interfaces	aa513852	-
XML SAX Migration	aa513857	-
XML SAX Reference	aa513860	-
XML SAX Samples	aa513862	-
XML Stylesheet Language Transformations (XSLT)	ms897391	-
XML for Windows CE	ms862730	ms910782
XMLSchemaCache/IXMLDOMSchemaCollection	ms897206	-
XPath	ms862734	-
XPath Examples	ms897207	-
XPath Functions	ms897208	-
XPath Syntax	ms897209	-
XQL Application Development	ms862735	-
XQL Error Messages	ms897210	ms931332
XQL Migration	aa513867	-
XQL Reference	aa513864	-
XQL Samples	aa513868	-
XSLT Application Development	ms897392	-
XSLT Developer Guide	ms862738	-
XSLT Elements	aa513870	-
XSLT Error Messages	ms897361	ms931334
XSLT Functions	aa513874	-
XSLT Fundamentals	ms862739	-
XSLT Interfaces	aa513878	-
XSLT Methods	aa513880	-
XSLT Migration	aa513884	-
XSLT Properties	aa513887	ms912550
XSLT Reference	aa513889	-
XSLT Registry Settings	aa513268	ms912492
XSLT Samples	aa513892	-
XSLT Security	aa513561	ms912493
XSLT and XPath Conformance Notes	ms862737	ms912494
XXX_Close (Device Manager)	ms923695	-
XXX_Deinit (Device Manager)	ms923696	-
XXX_IOControl (Device Manager)	ms923699	-
XXX_Init (Device Manager)	ms923697	-
XXX_Init (NDIS)	ms923698	-
XXX_Open (Device Manager)	ms923700	-
XXX_PowerDown (Device Manager)	ms923701	-
XXX_PowerUp (Device Manager)	ms923702	-
XXX_PreClose (Device Manager)	ms923706	-
XXX_PreDeinit (Device Manager)	ms923707	-
XXX_Read (Device Manager)	ms923703	-
XXX_Seek (Device Manager)	ms923704	-
XXX_Write (Device Manager)	ms923705	-
ZAFLAGS	ms918890	ms928759
ZONEATTRIBUTES	ms918891	ms908705
ZONE_AV_	ms899589	-
[MS-RDPBCGR] 2.2.1.3.4.1 Channel Definition Structure (CHANNEL_DEF): name 8 bytes / seven ANSI chars -> CHANNEL_NAME_LEN=7; CHANNEL_OPTION_* values 0x80000000..0x00100000 (spec prints REMOTE_CONTROL_PERSISTENT for the CE CHANNEL_OPTION_REMOTE_CONTROL_PERSISTENT)	https://learn.microsoft.com/en-us/openspecs/windows_protocols/ms-rdpbcgr/a9b9dc4a-6ae4-4b04-a6f5-87e5ed6fd7e7	-
[MS-RDPBCGR] 2.2.6.1.1 Channel PDU Header (CHANNEL_PDU_HEADER): CHANNEL_FLAG_FIRST=0x1, LAST=0x2 (-> MIDDLE=0, ONLY=FIRST|LAST per the CE ms879661 wording)	https://learn.microsoft.com/en-us/openspecs/windows_protocols/ms-rdpbcgr/f125c65e-6901-43c3-8071-d7d5aaee7ae4	-
_CEDUMP_BUCKET_PARAMETERS	ms939635	-
_CEDUMP_ELEMENT_LIST	ms939636	-
_CEDUMP_EXCEPTION	ms939637	-
_CEDUMP_EXCEPTION_STREAM	ms939638	-
_CEDUMP_FIELD_INFO	ms939639	-
_CEDUMP_MEMORY_LIST	ms939640	-
_CEDUMP_SYSTEM_INFO	ms939641	-
_CEDUMP_THREAD_CALL_STACK	ms939642	-
_CEDUMP_THREAD_CALL_STACK_FRAME	ms939643	-
_CEDUMP_THREAD_CALL_STACK_LIST	ms939644	-
_DERIVED_::InternalAcceptingInput	aa451573	-
_DERIVED_::InternalCheckInputType	aa451574	-
_DERIVED_::InternalCheckOutputType	aa451575	-
_DERIVED_::Lock	aa451576	-
_DERIVED_::Unlock	aa451577	-
_DPIEWebBrowserEvents2::BeforeNavigate2	aa452156	-
_DPIEWebBrowserEvents2::CommandStateChange	aa452157	-
_DPIEWebBrowserEvents2::DocumentComplete	aa452159	-
_DPIEWebBrowserEvents2::DownloadBegin	aa452161	-
_DPIEWebBrowserEvents2::DownloadComplete	aa452163	-
_DPIEWebBrowserEvents2::NavigateComplete2	aa452165	-
_DPIEWebBrowserEvents2::NewWindow2	aa452167	-
_DPIEWebBrowserEvents2::OnFullScreen	aa452170	-
_DPIEWebBrowserEvents2::OnMenuBar	aa452172	-
_DPIEWebBrowserEvents2::OnProgressChange	aa452174	-
_DPIEWebBrowserEvents2::OnQuit	aa452176	-
_DPIEWebBrowserEvents2::OnStatusBar	aa452178	-
_DPIEWebBrowserEvents2::OnTheaterMode	aa452179	-
_DPIEWebBrowserEvents2::OnToolBar	aa452181	-
_DPIEWebBrowserEvents2::OnVisible	aa452183	-
_DPIEWebBrowserEvents2::PropertyChange	aa452185	-
_DPIEWebBrowserEvents2::StatusTextChange	aa452187	-
_DPIEWebBrowserEvents2::TitleChange	aa452189	-
_ISpPrivateEngineCall	ms897368	-
_ISpPrivateEngineCall::CallEngine	ms897369	-
_ISpPrivateEngineCall::CallEngineEx	ms897370	-
_MINIDUMP_DIRECTORY	ms939645	-
_MINIDUMP_HEADER	ms939646	-
_MINIDUMP_LOCATION_DESCRIPTOR	ms939647	-
_MINIDUMP_MEMORY_DESCRIPTOR	ms939648	-
_MINIDUMP_STREAM_TYPE	ms939649	-
_MINIDUMP_STRING	ms939650	-
_SHGDNF (SHGDN_INFOLDER=0x1, FOREDITING=0x1000, FORADDRESSBAR=0x4000, FORPARSING=0x8000; conflicts with the CE bare enum reading -- all four stay held)	https://learn.microsoft.com/en-us/windows/win32/api/shobjidl_core/ne-shobjidl_core-_shgdnf	-
_SVGIO (SVGIO_BACKGROUND=0..SVGIO_FLAG_VIEWORDER=0x80000000 -> derived)	https://learn.microsoft.com/en-us/windows/win32/api/shobjidl_core/ne-shobjidl_core-_svgio	-
_SVSIF (SVSI_DESELECT=0..SVSI_CHECK=0x100 -> derived; SVSI_NOSTATECHANGE is CE-only)	https://learn.microsoft.com/en-us/windows/win32/api/shobjidl_core/ne-shobjidl_core-_svsif	-
aPropID	aa450286	-
aPropVar	aa450287	-
aStatus	aa450288	-
abort	ms894682	ms898337
abort Method	aa513894	-
abort Method (DOMDocument)	aa513897	ms910795
abort Method (IXMLHTTPRequest)	aa513899	ms911566
absoluteChildNumber Method	aa513902	ms912496
accept (Bluetooth)	aa450276	ms863305
accept (Windows Sockets)	aa450277	ms911722
add Method	aa513912	ms910817
addAttribute Method	aa513906	-
addAttributeFromIndex Method	aa513904	-
addCollection Method	aa513908	ms910807
addElement Method	aa513911	-
addSchema Method	aa513917	-
addType Method	aa513919	-
address Property	aa513914	-
addrinfo	aa450282	ms910257
ancestorChildNumber Method	ms863540	ms912497
appendChild Method	ms863652	ms910825
appendData Method	ms863662	ms910839
apply (Internet Explorer)	aa452097	-
async Property	ms863678	ms910851
atoi	ms925597	-
attributes Property	ms863687	ms910862
baseName Property	ms863702	ms910873
ber_alloc_t	ms863718	ms920251
ber_bvdup	ms863725	ms920259
ber_bvecfree	ms863730	ms920264
ber_bvfree	ms863737	ms920271
ber_first_element	ms863754	ms920276
ber_flatten	ms863761	ms920281
ber_free	ms863769	ms920288
ber_init	ms863775	ms920292
ber_next_element	ms863786	ms920299
ber_peek_tag	ms863791	ms920308
ber_printf	ms863798	ms920316
ber_scanf	ms863810	ms920323
ber_skip_tag	ms863817	ms920332
berval	ms863826	ms920243
bind (Bluetooth)	aa450300	ms863315
bind (Windows Sockets)	aa450301	ms911723
bindStyle Property	ms863862	-
boolean Function	ms863866	-
buildDDHALInfo	ms896147	-
byteOrderMark Property	ms863870	-
callIndex Property	ms863872	-
ceiling Function	ms863873	-
childNodes Property	ms863875	ms910951
childNumber Method	ms863876	ms912498
cldap_open	ms863877	ms920342
clear Method	ms863878	-
clone Method	ms863880	ms911055
cloneNode Method	ms863881	ms911215
closesocket	ms887908	ms911724
comValue Property	ms863926	-
concat Function	ms863927	-
connect (Bluetooth)	ms887909	ms863326
connect (Windows Sockets)	ms887913	ms911725
contains Function	ms863941	-
context Property	ms864013	ms911227
copy (Device Management Client)	ms895018	-
count Function	ms864381	-
createAttribute Method	ms864384	ms911231
createCDATASection Method	ms864386	ms911232
createComment Method	ms864388	ms911233
createDocumentFragment Method	ms864389	ms911234
createElement Method	ms864390	ms911235
createEntityReference Method	ms864391	ms911236
createNode Method	ms864396	ms911237
createProcessingInstruction Method	ms864400	ms911239
createTextNode Method	ms864402	ms911240
createdir	ms895020	ms898351
current Function	ms864405	ms912499
data Property (IXMLDOMCharacterData)	ms864409	ms911241
data Property (IXMLDOMProcessingInstruction)	ms864410	ms911242
dataType Property	ms864411	ms911243
definition Property	ms864412	ms911244
delete	ms895022	ms898352
deleteData Method	ms864413	ms911245
depth Method	ms864414	ms912500
detail Property (ISOAPError)	ms864418	-
detail Property (ISoapClient)	ms864417	-
disableOutputEscaping Property	ms864420	-
dispinterface	ms864424	ms886968
doctype Property	ms864431	ms911246
document Function	ms864434	-
documentElement Property	ms864433	ms911247
documentation Property (WSDLService object)	ms864432	-
echo (Device Management Client)	ms895048	-
element-available Function	ms864456	ms912501
elementName Property (SoapMapper)	ms864457	-
elementType Property	ms864458	-
else	ms895050	ms898367
elseif	ms895052	ms898368
encoding Property	ms864459	-
encoding Property (SoapMapper)	ms864460	-
endif	ms895056	ms898370
entities Property	ms864463	ms911250
enumTouchPanelSampleFlags	aa447794	-
errorCode Property	aa514721	ms911251
expr Property	aa514949	ms911252
false Function	aa514951	-
faultactor Property (ISOAPError)	aa514957	-
faultactor Property (ISoapClient)	aa514954	-
faultcode Property (ISOAPError)	aa514967	-
faultcode Property (ISoapClient)	aa514965	-
faultcodeNS Property	aa514962	-
faultstring Property (ISOAPError)	aa514976	-
faultstring Property (ISoapClient)	aa514974	-
fd_set	aa450370	ms910261
filecreated	ms895071	ms898378
fileexists	ms895077	ms898380
filelastmodified	ms895082	ms898382
filepos Property	aa514979	ms911253
filesize	ms895088	ms898384
firstChild Property	aa514984	ms911254
floor Function	aa514988	-
flush Method	aa514989	-
format-number Function	aa514996	ms912502
formatDate Method	aa514991	ms912503
formatIndex Method	aa514995	ms912504
formatNumber Method	aa514997	ms912505
formatTime Method	aa515001	ms912506
freeaddrinfo	aa450383	ms910262
function-available Function	aa515011	ms912507
g_nVideoMemorySize	ms899331	-
g_pDDrawPrimarySurface	ms899332	-
g_pGPE	ms899350	-
g_pVideoMemory	ms899351	-
generate-id Function	aa515014	ms912508
get Method	aa515045	ms911259
getAllResponseHeaders Method (IXMLHTTPRequest)	aa515016	ms911568
getAttribute Method	aa515017	ms911255
getAttributeNode Method	aa515020	ms911256
getElementMapper Method	aa515030	-
getElementMapperbyName Method	aa515027	-
getElementsByTagName Method (DOMDocument)	aa515033	ms911257
getElementsByTagName Method (IXMLDOMElement)	aa515035	ms911258
getMapper Method	aa515042	-
getNamedItem Method	aa515046	ms911260
getPrefixForNamespace Method	aa515049	-
getProperty Method (IXMLDOMDocument2)	aa515051	ms911261
getProperty Method (IXMLDOMSelection)	aa515053	ms911262
getQualifiedItem Method	aa515055	ms911263
getResponseHeader Method (IXMLHTTPRequest)	aa515058	ms911569
getTypeMapper Method	aa515071	-
getTypeMapperbyName Method	aa515069	-
get_VideoWidth	ms937150	-
getaddrinfo	aa450395	ms910263
gethostbyaddr	aa450403	ms911726
gethostbyaddr Function in the SPI	ms881886	ms930891
gethostbyname	aa450404	ms911727
gethostbyname Function in the SPI	ms881887	ms930898
gethostname	aa450405	ms911728
gethostname Function in the SPI	ms881889	ms930902
getnameinfo	aa450416	ms910264
getpeername (Bluetooth)	aa450419	ms863329
getpeername (Windows Sockets)	aa450420	ms911729
getsockname (Bluetooth)	ms890233	ms863340
getsockname (Windows Sockets)	ms890293	ms911730
getsockopt (Bluetooth)	ms890301	ms863342
getsockopt (Windows Sockets)	ms890305	ms911731
goto (Device Management Client)	ms895098	-
hasChildNodes Method	aa515075	ms911264
hasFeature Method	aa515077	ms911265
hostent	ms890319	-
htonl	ms890324	ms911732
htons	ms890325	ms911733
id Function	aa515573	-
if (Device Management Client)	ms895112	-
implementation Property	ms882815	ms911266
in6_addr	ms890972	-
in_addr	ms890973	-
indent Property	ms882858	-
inet_addr	ms890981	ms911734
inet_ntoa	ms890984	ms911735
input Property	ms882873	ms911267
insertBefore Method	ms882875	ms911268
insertData Method	ms882876	ms911269
ioctlsocket	ms891129	ms911736
isInput Property	ms886109	-
item Method (IXMLDOMNamedNodeMap)	ms890859	ms911270
item Method (IXMLDOMNodeList)	ms890866	ms911271
key Function	ms891737	-
keybd_event	aa453245	-
lang Function	ms891738	-
last Function	ms891740	-
lastChild Property	ms891739	ms931235
ldap_abandon	ms891743	ms920404
ldap_add	ms891744	ms920408
ldap_add_ext	ms891745	ms920412
ldap_add_ext_s	ms891746	ms920418
ldap_add_s	ms891747	ms920421
ldap_bind	ms891748	ms920425
ldap_bind_s	ms891749	ms920427
ldap_check_filter	ms891750	ms920429
ldap_close_extended_op	ms891751	ms920431
ldap_compare	ms891752	ms920433
ldap_compare_ext	ms891753	ms920435
ldap_compare_ext_s	ms891754	ms920437
ldap_compare_s	ms891755	ms920439
ldap_connect	ms891756	ms920441
ldap_control_free	ms891758	ms920443
ldap_controls_free	ms891759	ms920442
ldap_count_entries	ms891760	ms920446
ldap_count_references	ms891761	ms920452
ldap_count_values	ms891762	ms920461
ldap_count_values_len	ms891763	ms920466
ldap_create_page_control	ms891764	ms920473
ldap_create_sort_control	ms891765	ms920478
ldap_delete	ms891766	ms920484
ldap_delete_ext	ms891767	ms920490
ldap_delete_ext_s	ms891768	ms920495
ldap_delete_s	ms891769	ms920502
ldap_dn2ufn	ms891770	ms920514
ldap_err2string	ms892105	ms920524
ldap_escape_filter_element	ms892136	ms920537
ldap_explode_dn	ms892251	ms920549
ldap_extended_operation	ms892261	ms920561
ldap_first_attribute	ms892263	ms920572
ldap_first_entry	ms892264	ms920583
ldap_first_reference	ms892265	ms920594
ldap_get_dn	ms892266	ms920603
ldap_get_next_page	ms892268	ms920612
ldap_get_next_page_s	ms892269	ms920627
ldap_get_option	ms892271	ms920640
ldap_get_paged_count	ms892272	ms920648
ldap_get_values	ms892273	-
ldap_get_values_len	ms892274	-
ldap_init	ms892275	-
ldap_memfree	ms892277	-
ldap_modify	ms892280	-
ldap_modify_ext	ms892281	-
ldap_modify_ext_s	ms892282	-
ldap_modify_s	ms892283	-
ldap_msgfree	ms892284	-
ldap_next_attribute	ms892285	-
ldap_next_entry	ms892286	-
ldap_next_reference	ms892287	-
ldap_open	ms892288	-
ldap_parse_extended_result	ms892289	-
ldap_parse_page_control	ms892290	-
ldap_parse_reference	ms892291	-
ldap_parse_result	ms892292	-
ldap_parse_sort_control	ms892293	-
ldap_rename_ext	ms892295	-
ldap_rename_ext_s	ms892296	-
ldap_result	ms892297	-
ldap_result2error	ms892298	-
ldap_sasl_bind	ms892300	-
ldap_sasl_bind_s	ms892301	-
ldap_search	ms892302	-
ldap_search_abandon_page	ms892303	-
ldap_search_ext	ms892304	-
ldap_search_ext_s	ms892305	-
ldap_search_init_page	ms892306	-
ldap_search_s	ms892307	-
ldap_search_st	ms892308	-
ldap_set_option	ms892310	-
ldap_simple_bind	ms892311	-
ldap_simple_bind_s	ms892312	-
ldap_sslinit	ms892314	-
ldap_ufn2dn	ms892316	-
ldap_unbind	ms892317	-
ldap_unbind_s	ms892318	-
ldap_value_free	ms892321	-
ldap_value_free_len	ms892322	-
length Property (IXMLDOMCharacterData)	ms892323	ms931244
length Property (IXMLDOMNamedNodeMap)	ms892324	ms931245
length Property (IXMLDOMNodeList)	ms892325	ms931246
length Property (XMLSchemaCache/IXMLSchemaCollection)	ms892326	ms931247
line Property	ms892329	ms931249
lineAccept	ms893325	ms927976
lineAddProvider	ms893340	ms927977
lineAddToConference	ms893390	ms927978
lineAnswer	ms893395	ms927979
lineBlindTransfer	ms893412	ms927980
lineCallbackFunc	ms893424	ms927981
lineClose	ms894118	ms927985
lineCompleteTransfer	ms894122	ms927986
lineConfigDialogEdit	ms894123	ms927987
lineDeallocateCall	ms894128	ms927988
lineDevSpecific	ms894131	ms927990
lineDial	ms894137	ms927992
lineDrop	ms894142	ms927994
lineForward	ms894147	ms927996
lineGenerateDigits	ms894152	ms927997
lineGenerateTone (function)	ms894156	-
lineGetAddressCaps	ms894158	ms928001
lineGetAddressID	ms894159	ms928002
lineGetAddressStatus	ms894160	ms928003
lineGetAppPriority	ms894161	ms928004
lineGetCallInfo	ms894162	ms928006
lineGetCallStatus	ms894163	ms928007
lineGetConfRelatedCalls	ms894164	ms928008
lineGetDevCaps	ms894165	ms928009
lineGetDevConfig	ms894177	ms928010
lineGetID	ms894331	ms928012
lineGetIcon	ms894313	ms928011
lineGetLineDevStatus	ms894336	ms928013
lineGetMessage	ms894338	ms928014
lineGetNewCalls	ms894341	ms928015
lineGetNumRings	ms894350	ms928016
lineGetProviderList	ms894352	ms928017
lineGetStatusMessages	ms894356	ms928018
lineGetTranslateCaps	ms894361	ms928019
lineHandoff	ms894363	ms928020
lineHold	ms894368	ms928021
lineInitialize	ms894369	ms928022
lineInitializeEx	ms894370	ms928023
lineMakeCall	ms894387	ms928026
lineMonitorDigits	ms894391	ms928028
lineMonitorMedia	ms894395	ms928029
lineNegotiateAPIVersion	ms894402	ms928030
lineNegotiateExtVersion	ms894404	ms928031
lineOpen	ms894420	ms928032
linePickup	ms894423	ms928033
linePrepareAddToConference	ms894429	ms928034
lineRedirect	ms894435	ms928035
lineReleaseUserUserInfo	ms894438	ms928036
lineRemoveFromConference	ms894452	ms928037
lineSendUserUserInfo	ms894466	ms928038
lineSetAppPriority	ms894470	ms928039
lineSetCallParams	ms894473	ms928040
lineSetCallPrivilege	ms894475	ms928041
lineSetCurrentLocation	ms894481	ms928042
lineSetDevConfig	ms894488	ms928043
lineSetMediaMode	ms894491	ms928044
lineSetNumRings	ms894494	ms928045
lineSetStatusMessages	ms894500	ms928046
lineSetTerminal	ms894505	ms928047
lineSetTollList	ms894509	ms928048
lineSetupConference	ms894512	ms928049
lineSetupTransfer	ms894514	ms928051
lineShutdown	ms894517	ms928052
lineSwapHold	ms894522	ms928053
lineTranslateAddress	ms894539	ms938808
lineTranslateDialog (TAPI)	ms894543	-
lineUnhold	ms894557	ms928103
linepos Property	ms892328	ms931248
linger	ms894561	-
listen	ms894564	ms911737
llMulDiv	ms932023	-
load Method	ms892330	ms931250
load Method (ISoapReader)	ms892331	-
load Method (WSDLOperation)	ms892332	-
load Method (WSDLReader)	ms892334	-
loadXML Method	ms892337	ms931251
loadXML Method (ISoapReader)	ms892338	-
loadreg	ms895161	ms898407
local-name Function	ms892339	-
m_dwPhysicalModeID	ms902186	-
m_pModeEx	aa447866	-
matches Method	ms892343	ms931252
messageName Property	ms892345	-
mixerClose	ms932037	-
mixerGetControlDetails	ms932044	-
mixerGetDevCaps	ms932045	-
mixerGetID	ms932046	-
mixerGetLineControls	ms932047	-
mixerGetLineInfo	ms932048	-
mixerGetNumDevs	ms932049	-
mixerMessage	ms932052	-
mixerOpen	ms932053	-
mixerSetControlDetails	ms932054	-
mssoapinit Method	ms892352	-
msxsl:script Element	ms892353	ms912511
name Function	ms892356	-
name Property (IXMLDOMAttribute)	ms892357	ms931253
name Property (IXMLDOMDocumentType)	ms892358	ms931254
name Property (WSDLOperation)	ms892359	-
name Property (WSDLPort)	ms892360	-
name Property (WSDLService)	ms892369	-
namespace-uri Function	ms892423	-
namespaceURI Property (IXMLDOMNode)	ms892429	ms931257
namespaceURI Property (XMLSchemaCache/IXMLSchemaCollection)	ms892438	ms931258
namespaces Property	ms892406	ms931256
net	ms931463	ms879835
nextNode Method (IXMLDOMNamedNodeMap)	ms892452	ms931259
nextNode Method (IXMLDOMNodeList)	ms892462	ms931260
nextSibling Property	ms892468	ms931261
node-set Function	ms892573	ms912512
nodeFromID Method	ms892563	ms931262
nodeName Property	ms892572	ms931263
nodeType Property	ms892577	ms931265
nodeTypeString Property	ms892578	ms931266
nodeTypedValue Property	ms892576	ms931264
nodeValue Property	ms892579	ms931267
normalize Method	ms892580	ms931268
normalize-space Function	ms892581	-
not Function	ms892584	-
notationName Property	ms892582	ms931269
notations Property	ms892583	ms931270
ntohl	ms895778	ms911738
ntohs	ms895783	ms911739
number Function	ms892586	-
object (UPnP AV)	ms895804	-
object::GetProperty	ms895802	-
objectMethod Property	ms892588	-
omitXMLDeclaration Property	ms892605	-
ondataavailable Event	ms892606	ms931271
ondataavailable Property	ms892607	ms931272
onerror	ms895218	ms899017
onreadystatechange Event	ms892608	ms931273
onreadystatechange Property (DOMDocument)	ms892609	ms931274
onreadystatechange Property (IXMLHTTPRequest)	ms892610	ms911572
ontransformnode Event	ms892611	ms931275
ontransformnode Property	ms892612	ms931276
open Method (IXMLHTTPRequest)	ms892613	ms911573
output Property	ms892615	ms931277
output Property (XML SAX)	ms892616	-
ownerDocument Property	ms892618	ms931278
parentNode Property	ms892621	ms931279
parseError Property	ms892623	ms931281
parsed Property	ms892622	ms931280
parser (UPnP AV)	ms895841	-
parser::AddNamespaceMapping	ms895830	-
parser::GetFirstObject	ms895834	-
parser::GetNextObject	ms895840	-
partName Property	ms892625	-
peekNode Method	ms892627	ms931282
phoneCallbackFunc	ms895910	ms928224
phoneClose	ms895912	ms928225
phoneConfigDialog	ms895915	ms928226
phoneDevSpecific	ms895918	ms928227
phoneGetDevCaps	ms895925	ms928229
phoneGetGain	ms895926	ms928230
phoneGetHookSwitch	ms895927	ms928231
phoneGetID	ms895929	ms928233
phoneGetIcon	ms895928	ms928232
phoneGetMessage	ms895930	ms928234
phoneGetRing	ms895931	ms928235
phoneGetStatus	ms895932	ms928236
phoneGetStatusMessages	ms895933	ms928237
phoneGetVolume	ms895934	ms928238
phoneInitializeEx	ms895937	ms928239
phoneNegotiateAPIVersion	ms895942	ms928242
phoneNegotiateExtVersion	ms895943	ms928243
phoneOpen	ms895944	ms928244
phoneSetGain	ms896179	ms928245
phoneSetHookSwitch	ms896185	ms928246
phoneSetRing	ms896190	ms928247
phoneSetStatusMessages	ms896197	ms928248
phoneSetVolume	ms896201	ms928249
phoneShutdown	ms896208	ms928250
play (Internet Explorer)	ms918834	-
position Function	ms892628	-
preferredEncoding Property	ms892630	-
prefix Property	ms892631	ms931283
preserveWhiteSpace Property	ms892632	ms931284
preserveWhiteSpace Property and HTML	ms862675	ms912481
previousSibling Property	ms892633	ms931285
protoent	ms896341	-
publicId Property (IXMLDOMEntity)	ms892637	ms931286
publicId Property (IXMLDOMNotation)	ms892638	ms931287
quit	ms895993	ms899040
read Method	ms892644	-
readHeader Method	ms892643	-
readyState Property (DOMDocument)	ms892645	ms931288
readyState Property (IXMLHTTPRequest)	ms892646	ms931172
reason Property	ms892647	ms931289
reboot	ms895994	ms899041
recv	aa450869	ms911740
recvfrom	aa450870	ms911741
reg	ms895997	ms899044
rem (Device Management Client)	ms896001	-
remove Method	ms892655	ms931294
removeAll Method	ms892650	ms931290
removeAttribute Method	ms892651	ms931291
removeAttribute Method (XML SAX)	ms892652	-
removeAttributeNode Method	ms892653	ms931292
removeChild Method	ms892654	ms931293
removeNamedItem Method	ms892656	ms931295
removeNext Method	ms892657	ms931296
removeQualifiedItem Method	ms892658	ms931297
rename	ms896002	ms899047
replaceChild Method	ms892659	ms931298
replaceData Method	ms892660	ms931299
report	ms896003	ms899048
reportfsentries	ms896004	ms899049
reset Method	ms892661	-
reset Method (EnumWSDLService)	ms893073	-
reset Method (ISoapConnector)	ms893257	-
reset Method (IXMLDOMNamedNodeMap)	ms893262	ms931300
reset Method (IXMLDOMNodeList)	ms893268	ms931301
resolveExternals Property	ms893273	ms931302
responseBody Property (IXMLHTTPRequest)	ms893279	ms931173
responseStream Property (IXMLHTTPRequest)	ms893286	ms931174
responseText Property (IXMLHTTPRequest)	ms893295	ms931175
responseXML Property (IXMLHTTPRequest)	ms893299	ms931176
resume Method	ms893304	-
round Function	ms893312	-
run (Device Management Client)	ms896006	-
runasync	ms896008	-
save Method	ms893443	ms931303
save Method (SoapMapper)	ms893445	-
save Method (WSDLOperation)	ms893446	-
savereg	ms896009	ms899052
scheduletask	ms896011	ms899054
schemas Property	ms893448	ms931304
select	aa450882	ms911742
selectNodes Method	ms893450	ms931305
selectSingleNode Method	ms893451	ms931306
send	aa450883	ms911743
send Method (IXMLHTTPRequest)	ms893452	ms931177
sendto	aa450885	ms911744
servent	aa450886	-
set (Device Management Client)	ms896012	-
setAttribute Method	ms893454	ms931307
setAttribute Method (XML SAX)	ms893455	-
setAttributeNode Method	ms893456	ms931308
setAttributes Method	ms893457	-
setLocalName Method	ms893459	-
setNamedItem Method	ms893460	ms931309
setProperty Method	ms893462	ms931335
setProperty Method (WSDLReader)	ms893463	-
setQName Method	ms893464	-
setRequestHeader Method (IXMLHTTPRequest)	ms893465	ms931178
setStartMode Method	ms893466	ms931310
setType Method	ms893467	-
setURI Method	ms893468	-
setValue Method	ms893469	-
setattrs	ms896013	ms899056
sethostname	aa450918	-
setsockopt (Bluetooth)	aa450933	ms863347
setsockopt (Windows Sockets)	aa450935	ms911745
shutdown	aa450939	ms911746
sndPlaySound	ms932314	-
soapAction Property (ISoapReader)	ms893471	-
soapAction Property (WSDLOperation)	ms893472	-
sockaddr	aa450942	-
sockaddr_in	aa450946	-
sockaddr_in6	aa450948	-
socket (Bluetooth)	aa450956	ms863348
socket (Windows Sockets)	aa450958	ms911747
specified Property	ms895354	ms931311
splitText Method	ms895592	ms931312
srcText Property	ms895975	ms931313
standalone Property	ms895976	-
startBody and endBody Methods	ms895978	-
startElement and endElement Methods	ms895979	-
startEnvelope and endEnvelope Methods	ms895980	-
startFault, endFault, startFaultDetail, and endFaultDetail Methods	ms895981	-
startHeader, endHeader, startHeaderElement, and endHeaderElement Methods	ms896027	-
starts-with Function	ms896178	-
status Property (IXMLHTTPRequest)	ms896205	ms931179
statusText Property (IXMLHTTPRequest)	ms896213	ms931180
stop (Internet Explorer)	ms918859	-
string Function (XML Query Language)	ms896395	-
string-length Function	ms896411	-
style Property	ms896419	-
substring Function	ms896457	-
substring-after Function	ms896428	-
substring-before Function	ms896441	-
substringData Method	ms896450	ms931314
sum Function	ms896465	-
suspend Method	ms896469	-
system-property Function	ms896481	ms912513
systemId Property (IXMLDOMEntity)	ms896479	ms931315
systemId Property (IXMLDOMNotation)	ms896480	ms931316
tagName Property	ms896483	ms931317
target Property	ms896484	ms931318
text Property	ms896485	ms931319
timeBeginPeriod	aa448188	-
timeEndPeriod	aa448190	-
timeGetDevCaps	aa448191	-
timeGetHardwareFrequency	aa448326	-
timeGetSystemTime	aa448192	-
timeGetTime	aa448193	-
timeGetTimeSinceInterrupt	aa448327	-
timeKillEvent	aa448194	-
timeSetEvent	aa448195	-
timeval	aa450970	-
transformNode Method	ms896487	ms931320
transformNodeToObject Method	ms896488	ms931321
translate Function	ms896489	-
transport Property	ms896490	-
true Function	ms896491	-
uniqueID Method	ms896497	ms912514
unparsed-entity-uri Function	ms896498	ms912515
url Property (DOMDocument)	ms896501	ms931322
url Property (IXMLDOMParseError)	ms896502	ms931323
validate Method	ms896503	ms931324
validateOnParse Property	ms896504	ms931325
value Property	ms896505	ms931326
varType Method	ms897141	-
version Property	ms897185	-
waveInAddBuffer	aa452421	-
waveInClose	aa452423	-
waveInGetDevCaps	aa452424	-
waveInGetErrorText	aa452425	-
waveInGetID	aa452426	-
waveInGetNumDevs	aa452427	-
waveInGetPosition	aa452428	-
waveInGetProperty	aa452429	-
waveInMessage	aa452430	-
waveInOpen	aa452431	-
waveInPrepareHeader	aa452432	-
waveInProc	aa452435	-
waveInReset	aa452436	-
waveInSetProperty	aa452437	-
waveInStart	aa452438	-
waveInStop	aa452439	-
waveInUnprepareHeader	aa452440	-
waveOutBreakLoop	aa452441	-
waveOutClose	aa452443	-
waveOutGetDevCaps	aa452445	-
waveOutGetErrorText	aa452446	-
waveOutGetID	aa452447	-
waveOutGetNumDevs	aa452448	-
waveOutGetPitch	aa452449	-
waveOutGetPlaybackRate	aa452450	-
waveOutGetPosition	aa452451	-
waveOutGetProperty	aa452452	-
waveOutGetVolume	aa452453	-
waveOutMessage	aa452454	-
waveOutOpen	aa452455	-
waveOutPause	aa452456	-
waveOutPrepareHeader	aa452457	-
waveOutProc	aa452458	-
waveOutReset	aa452459	-
waveOutRestart	aa452460	-
waveOutSetPitch	aa452461	-
waveOutSetPlaybackRate	aa452462	-
waveOutSetProperty	aa452463	-
waveOutSetVolume	aa452464	-
waveOutUnprepareHeader	aa452465	-
waveOutWrite	aa452466	-
willWriteHeaders Method	ms897188	-
write Method	ms897193	-
writeBuffer Method	ms897189	-
writeHeaders Method	ms897192	-
writeString Method	ms897194	-
writeXML Method	ms897195	-
wsprintf	aa450993	-
wstring class (UPnP AV)	ms899588	-
wstring::append	ms898916	-
wstring::assign	ms898917	-
wstring::capacity	ms898918	-
wstring::clear	ms898919	-
wstring::compare	ms898920	-
wstring::empty	ms898921	-
wstring::length	ms898922	-
wstring::operator const wchar_t*	ms898925	-
wstring::operator!=	ms898924	-
wstring::operator+=	ms898923	-
wstring::operator=	ms898927	-
wstring::operator==	ms898926	-
wstring::reserve	ms898928	-
wstring::resize	ms898929	-
wstring::size	ms898930	-
wstring::wstring	ms898931	-
wvsprintf	aa450994	-
xml Property	ms897205	ms931329
xmlNamespace Property	ms897204	-
xsl:apply-imports Element	ms897211	ms912516
xsl:apply-templates Element	ms897212	ms912517
xsl:attribute Element	ms897213	ms912519
xsl:attribute-set Element	ms897214	ms912518
xsl:call-template Element	ms897215	ms912520
xsl:choose Element	ms897216	ms912521
xsl:comment Element	ms897217	ms912522
xsl:copy Element	ms897218	ms912524
xsl:copy-of Element	ms897219	ms912523
xsl:decimal-format Element	ms897220	ms912525
xsl:element Element	ms897221	ms912526
xsl:fallback Element	ms897223	ms912527
xsl:for-each Element	ms897224	ms912528
xsl:if Element	ms897225	ms912529
xsl:import Element	ms897226	ms912530
xsl:include Element	ms897227	ms912531
xsl:key Element	ms897228	ms912532
xsl:message Element	ms897229	ms912533
xsl:namespace-alias Element	ms897230	ms912534
xsl:number Element	ms897231	ms912535
xsl:otherwise Element	ms897232	ms912536
xsl:output Element	ms897233	ms912537
xsl:param Element	ms897234	ms912538
xsl:preserve-space Element	ms897347	ms912539
xsl:processing-instruction Element	ms897354	ms912540
xsl:sort Element	ms897356	ms912541
xsl:strip-space Element	ms897357	ms912542
xsl:stylesheet Element	ms897359	ms912543
xsl:template Element	ms897360	ms912545
xsl:text Element	ms897362	ms912546
xsl:transform Element	ms897363	ms912551
xsl:value-of Element	ms897364	ms912553
xsl:variable Element	ms897365	ms932202
xsl:when Element	ms897366	ms932323
xsl:with-param Element	ms897367	ms932334
xxx_Close (Services.exe)	ms898932	-
xxx_Deinit (Services.exe)	ms898933	-
xxx_IOControl (Services.exe)	ms898935	-
xxx_Init (Services.exe)	ms898934	-
xxx_Open (Services.exe)	ms898936	-
xxx_Read (Services.exe)	ms898937	-
xxx_Seek (Services.exe)	ms898938	-
xxx_Write (Services.exe)	ms898939	-
