# CE5 leaf -> CE6 twin page id (official catalogs, title-matched)
&lt;xsl:preserve-space&gt; and &lt;xsl:strip-space&gt; Example	ms862736	-
(Non-Compound) FileType Key	ms862662	ee488506
.NET Compact Framework Migration	ms862638	ee486976
.NET Compact Framework OS Design Development	ms862657	ee484710
802.11 Wireless LAN Object Identifiers	ms894762	-
802.1x Object Identifiers	ms890411	ee484196
802.1x Security	ms890420	ee496040
802.1x User Administration Issues	ms890429	ee495803
A Quick Introduction to WSML	ms862087	ee487321
ABC	ms901108	ee489865
ACCEL	aa452837	ee505100
ACM Format Tags and Filter Tags	ms890477	ee485005
ACMDM_DRIVER_ABOUT	ms895512	ee485006
ACMDM_DRIVER_DETAILS	ms895966	ee483187
ACMDM_DRIVER_NOTIFY	ms895983	ee484601
ACMDM_FILTERTAG_DETAILS	ms896077	ee485275
ACMDM_FILTER_DETAILS	ms896075	ee482054
ACMDM_FORMATTAG_DETAILS	ms896080	ee485423
ACMDM_FORMAT_DETAILS	ms896078	ee484485
ACMDM_FORMAT_SUGGEST	ms896079	ee484655
ACMDM_HARDWARE_WAVE_CAPS_INPUT	ms896081	ee485847
ACMDM_HARDWARE_WAVE_CAPS_OUTPUT	ms896082	ee485010
ACMDM_STREAM_CLOSE	ms896083	ee484642
ACMDM_STREAM_CONVERT	ms896084	ee482916
ACMDM_STREAM_OPEN	ms896085	ee484068
ACMDM_STREAM_PREPARE	ms896086	ee484264
ACMDM_STREAM_RESET	ms896087	ee484065
ACMDM_STREAM_SIZE	ms896088	ee484813
ACMDM_STREAM_UNPREPARE	ms896089	ee482079
ACMDRVFORMATSUGGEST	ms896091	ee484425
ACMDRVOPENDESC	ms896093	ee481667
ACMDRVSTREAMHEADER	ms896094	ee483606
ACMDRVSTREAMINSTANCE	ms896095	ee482856
ACMDRVSTREAMSIZE	ms896096	ee486308
ACMDRV_MESSAGE_PARAMS	ms896092	ee485001
ACM_Close	ms895510	ee481275
ACM_Deinit	ms895511	ee485445
ACM_IOControl	ms896098	ee484695
ACM_Init	ms896097	ee485889
ACM_OPEN (Shell and User Interface)	aa452840	ee500212
ACM_Open (ACM Driver)	ms896099	ee484798
ACM_PLAY	aa452841	ee503907
ACM_PowerDown	ms896100	ee483195
ACM_PowerUp	ms896101	ee486851
ACM_Read	ms896102	ee483106
ACM_STOP	aa452842	ee504546
ACM_Seek	ms896103	ee483391
ACM_Write	ms896104	ee483426
ACN_START	aa452843	ee506298
ACN_STOP	aa452844	ee505316
ADVF	aa513925	ee487871
AFPROTOCOLS	aa450284	ee494887
AGFA AC3 Font Compression OS Design Development	ms903715	-
ALG_ID	ms937014	ee498732
ALLOCATOR_PROPERTIES	ms925330	ee493153
AMGetErrorText	ms925335	ee493983
AMGetWideString	ms925336	ee493150
AMOVIESETUP_FILTER	ms925340	ee492740
AMOVIESETUP_MEDIATYPE	ms925341	ee494209
AMOVIESETUP_PIN	ms925342	ee495925
AMVPDATAINFO	ms925347	ee492511
AMVPSIZE	ms925349	ee494216
AMVP_MODE	ms925348	ee495990
AM_MEDIA_TYPE	ms925337	ee492729
AM_SAMPLE2_PROPERTIES	ms925343	ee494834
AM_SAMPLE_PROPERTY_FLAGS	ms925344	ee492691
AM_STREAM_INFO	ms925345	ee494795
AM_STREAM_INFO_FLAGS	ms925346	ee496153
AMovieDllRegisterServer	ms925338	ee494159
AMovieDllUnregisterServer	ms925339	ee494756
API Access	ms894382	ee489074
API Flags	aa452096	ee491836
ARGB	ms925572	ee490885
ARRAYDESC	ms863667	ee489411
ASP Functionality in Windows CE	ms880937	-
ASSERT	aa451037	ee488166
ASSERTMSG	aa451039	ee488600
ASX Elements Reference/ABSTRACT	ms925328	-
ASX Elements Reference/ASX	ms925588	-
ASX Elements Reference/AUTHOR	ms925730	-
ASX Elements Reference/BASE	ms925786	-
ASX Elements Reference/COPYRIGHT	ms926787	-
ASX Elements Reference/DURATION (ASX Element)	aa451616	-
ASX Elements Reference/ENDMARKER	aa451683	-
ASX Elements Reference/ENTRY	aa451685	-
ASX Elements Reference/ENTRYREF	aa451687	-
ASX Elements Reference/EVENT	aa451705	-
ASX Elements Reference/MOREINFO	ms932215	-
ASX Elements Reference/PARAM	ms932252	-
ASX Elements Reference/REF	ms932281	-
ASX Elements Reference/REPEAT	ms932287	-
ASX Elements Reference/STARTMARKER	ms932317	-
ASX Elements Reference/STARTTIME	ms932318	-
ASX Elements Reference/TITLE (ASX Element)	aa452393	-
ASYNC_COMPLETION	aa450289	ee496236
ATAPI Slave Devices	ms892148	ee481930
ATI Sample Display Driver Optimization	ms890627	ee483798
ATTACHLIST	ms896110	-
ATTRIB	aa452863	ee503348
AUDIOGAINCLASS	ms925607	ee487350
AUDIO_STREAM_CONFIG_CAPS	ms925720	ee492293
AUDIO_SampleFrequency	ms896115	-
AV String Constants	ms898942	-
AVC_VCR_CMD_ANALOG_AUDIO_OUTPUT_MODE	ms896116	-
AVC_VCR_CMD_INPUT_SIGNAL_MODE	ms896117	-
AVC_VCR_CMD_LOAD_MEDIUM	ms896118	-
AVC_VCR_CMD_MEDIUM_INFO	ms896119	-
AVC_VCR_CMD_OUTPUT_SIGNAL_MODE	ms896120	-
AVC_VCR_CMD_PLAY	ms896121	-
AVC_VCR_CMD_RECORD	ms896122	-
AVC_VCR_CMD_RECORDING_DATE	ms896123	-
AVC_VCR_CMD_RECORDING_SPEED	ms896124	-
AVC_VCR_CMD_RECORDING_TIME	ms896125	-
AVC_VCR_CMD_RELATIVE_TIME_COUNTER	ms896126	-
AVC_VCR_CMD_TIME_CODE	ms896127	-
AVC_VCR_CMD_TRANSPORT_STATE	ms896128	-
AVC_VCR_CMD_WIND	ms896129	-
AVI RIFF File Reference/AVI Main Header	aa451195	-
AVI RIFF File Reference/AVI RIFF Form	aa451197	-
AVI RIFF File Reference/AVI Stream Headers	aa451198	-
AVI RIFF File Reference/Stream Data (LIST 'movi' Chunk)	ms924648	-
AVTransportState	aa450295	ee500272
AYGShell API Extensions	ms926103	-
AYGShell Controls	ms927269	-
AYGShell Enumerations	ms927272	-
AYGShell Functions	ms927275	-
AYGShell Interfaces	ms907077	-
AYGShell Macros	ms907080	-
AYGShell Messages	ms907085	-
AYGShell Reference	ms907090	-
AYGShell Structures	ms907095	-
AbnormalTermination	aa450784	ee488043
AbortDoc	aa452835	ee503766
AbortProc	aa452836	ee505034
AbortTransfer	ms895509	ee485268
Aborting a Request	ms880913	ee495248
About Animation Controls	ms938413	ee505853
About Character Sets	aa451874	ee492383
About Cryptographic Service Provider	ms925441	-
About DHTML	aa451877	ee492653
About HINTERNET Handles	aa451879	ee492410
About Render States	aa451158	ee490658
About SnmpExtensionInit	ms894372	ee489078
About SnmpExtensionQuery	ms894374	ee489365
About SnmpExtensionTrap	ms894376	ee489046
About the ActiveX Navigation Control	aa451881	ee491996
About the IMultilanguage Interfaces	aa451883	ee492621
About the WSDL/WSML Generator	ms862071	ee487218
About the Webview Browser Object	aa451885	-
Accelerated Line Segment Function	ms890437	ee483468
AcceptSecurityContext	ms937012	ee498791
Accessing Elements with Script Languages	aa451887	ee492167
Accessing Files on Other Storage Media	ms885120	ee490781
Accessing Folders	aa513308	ee485939
Accessing OOB Information	ms890447	ee484385
Accessing Objects	ms861126	ee484899
Accessing Remote File Systems	ms880914	-
Accessing Shares on the File Server	ms899601	-
Accessing URLs Directly	aa451892	ee492001
Accessing a Smart Card	ms925562	ee498890
Accessing and Outputting Attributes	ms862073	ee503080
Accessing the Contents of a Vertex Buffer	aa451161	ee491081
Accessing the Conversion Service	ms903647	ee491127
Accessing the FTP Protocol	ms880915	-
Accessing the HTTP Protocol	aa451890	ee492825
AcquireCredentialsHandle	ms937013	ee498319
AcquireRemoveLock	ms896105	ee481046
ActivateDevice	ms896106	ee484864
ActivateDeviceEx	ms896107	ee484469
ActivateKeyboardLayout	aa452845	ee504519
ActivateService	aa450278	ee501277
Activating a Service Programmatically	ms880918	ee500310
Active Server Pages	ms898940	-
Active Server Pages Application Development	ms880919	-
Active Server Pages Migration	ms880920	ee499469
Active Server Pages Samples	ms880921	ee500849
Active Server Pages Security	ms880922	ee499830
ActiveSync Migration	aa513311	-
ActiveSync Overview	ms879784	-
ActiveSync Programming FAQ	ms861144	ee483519
ActiveSync Samples	ms861160	ee485787
ActiveSync Security	ms861176	ee485959
Activity Timer Behavior	ms890485	ee497750
Activity Timer Events	ms890491	ee497731
Activity Timer Resets	ms890495	ee497720
Activity Timer Time-outs and the Power Control Panel Utility	ms890509	-
AddAfterI	ms937581	ee495908
AddAttachedSurface	ms896108	-
AddBeforeI	ms937583	ee493594
AddFontResource	ms901109	ee489896
AddHeadI	ms937585	ee493752
AddHeader	aa450279	ee501248
AddIPAddress	aa450280	ee494059
AddPropSheetPageProc	aa452848	ee502294
AddResponseHeaders	aa450281	ee500938
AddTailI	ms937587	ee493349
Add_Share	aa450283	ee498996
Adding Callback Items and Callback Masks	ms906546	ee506037
Adding Columns	ms906548	ee500506
Adding Custom Menus to Windows CE Explorer	aa514589	-
Adding Debug Zones to the NDIS Miniport Driver Initialization Functions	ms895482	ee485629
Adding Enroll.exe to the OS Design	ms926471	-
Adding Header Control Items	ms925985	ee500901
Adding Internet Browsing Functionality to Your Application	aa451896	ee492667
Adding Items and Subitems	ms925989	ee501765
Adding JScript Code to an HTML Page	aa451898	ee497784
Adding Keyboard LED Support to the HID Keyboard Driver	ms923760	ee484818
Adding Keyboard Layouts	ms890515	ee482044
Adding More Player Capabilities/Callbacks	aa451223	-
Adding More Player Capabilities/Changing Discs	aa451230	-
Adding More Player Capabilities/Checking Region Codes	aa451233	-
Adding More Player Capabilities/Scan Modes and Capabilities	ms924617	-
Adding More Player Capabilities/User Navigation	aa451413	-
Adding Resources to a Control Panel Application	aa453945	ee501090
Adding Text to the Status Bar	ms926077	ee503090
Adding Tool Text	ms926078	ee504317
Adding Tool Types	ms926084	ee499404
Adding Transitions	aa452072	ee492651
Adding VBScript Code to an HTML Page	aa451900	ee497798
Adding a Database Volume on an External Device	ms885226	ee489628
Adding a DllMain Entry Point to the NDIS Miniport Driver Core Functions	ms895483	ee485462
Adding a Global New Button Menu Item	ms906513	ee501767
Adding a New TUI Screen	aa525597	-
Adding a Temporary New Button Menu Item	ms906538	ee506266
Adding an Advanced Backlight Dialog Box	ms906521	ee499753
Adding an Advanced Print Dialog Box	ms906525	ee501941
Adding an Entry to the IP Forward Table	ms880923	ee494922
Adding an IPv6 Route	ms899602	ee494239
Adding an Image List to a Tab Control	ms906532	ee500541
Adding an NDIS Miniport Driver to a Run-Time Image	ms895484	-
Adding and Editing Item Labels	ms906530	ee505926
Adding the Windows-based Desktop NDIS Miniport Driver to the Run-Time Image Build	ms895485	ee486853
Additional DHCP Settings	ms880924	-
Additional Information from the Direct3D Mobile Driver	ms890522	ee481863
Additional Resources for JScript Developers	aa451902	-
Additional Resources for VBScript Developers	aa451904	-
Address Registry Settings	ms880926	ee493851
Address Resolution Protocol	ms880927	ee495132
Address Translation Group	ms894380	ee489077
Addresses for Hosts and Routers	ms880925	ee493288
Adhering to International Conventions	ms903706	ee490981
AdjustWindowRectEx	aa452849	ee506242
Administration	ms880929	-
Administrator Settings for Error Reporting	aa526060	ee480686
Advanced Capture Topics/Handling Repaint Events in Video Capture	ms940061	-
Advanced Capture Topics/Using the Smart Tee Filter	ms940075	-
Advanced Capture Topics/Working with Pin Categories	ms940083	-
Advanced DVD Player Application Topics/Content Protection	aa451255	-
Advanced DVD Player Application Topics/DVD-Video in a Window	ms923202	-
Advanced DVD Player Application Topics/Examining the DVDSample Sample Application	ms923357	-
Advanced DVD Player Application Topics/Mouse Navigation	ms924153	-
Advanced DVD Player Application Topics/Time Calculation	aa451395	-
Advanced DirectDraw Information/Alpha Blitting	aa451172	-
Advanced DirectDraw Information/Converting Between YUV and RGB	aa451258	-
Advanced DirectDraw Information/Determining the Capabilities of the Display Hardware	aa451306	-
Advanced DirectDraw Information/DirectDraw Applications and Window Styles	aa451330	-
Advanced DirectDraw Information/Displaying a Window in Full-Screen Mode	aa451357	-
Advanced DirectDraw Information/Getting the Flip and Blit Status	ms923387	-
Advanced DirectDraw Information/Matching True RGB Colors to the Frame Buffer's Color Space	ms924136	-
Advanced DirectDraw Information/Porting Older DirectDraw Code	ms924571	-
Advanced DirectDraw Information/Storing Bitmaps in Display Memory	ms924647	-
Advanced DirectDraw Information/Taking Advantage of DMA Support	ms924664	-
Advanced DirectDraw Information/Triple Buffering	aa451405	-
Advanced DirectDraw Information/Using DirectDraw Palettes in Windowed Mode	aa451425	-
Advanced DirectDraw Information/Video Ports	aa451460	-
Advanced Display Driver Power Management	ms890528	ee481928
Advanced Registry Concepts	ms885238	-
Advanced XSLT Functionality	ms862080	-
AdvertiseInterface	ms896109	ee483072
AllocMem	aa450285	ee501216
Allocating Audio Data Blocks	aa451167	ee487373
Allowing Inbound IPSec (IPv6) Traffic to Private Hosts	ms886631	ee494908
Alpha Blending	aa451170	ee491288
Alpha Blending State	aa451171	ee490248
Alpha Test	aa451173	ee491230
Alpha Testing State	aa451174	ee491490
Alpha Texture Blending	aa451175	ee490267
AlphaBlend	aa452850	ee501410
Alternative Video Renderers/Handling Dynamic Format Changes	ms923393	-
Alternative Video Renderers/Handling EC_REPAINT Notifications	ms923394	-
Alternative Video Renderers/Handling End-of-stream and Flushing Notifications	ms923395	-
Alternative Video Renderers/Handling Notifications in Full-Screen Mode	ms923397	-
Alternative Video Renderers/Handling Persistent Properties	ms923399	-
Alternative Video Renderers/Handling State Changes and Pause Completion	ms923400	-
Alternative Video Renderers/Handling Termination	ms923401	-
Alternative Video Renderers/Summary of Notifications	ms924652	-
Alternative Video Renderers/Writing an Alternative Renderer	ms925287	-
Ambient Lighting State	aa451177	ee491680
American English Phoneme Representation	ms862081	ee485931
AnalogVideoStandard	ms925439	ee496344
Analyzing WSDL and WSML Files	ms862082	ee484561
Animate_Close	aa452851	ee504340
Animate_Create	aa452852	ee502308
Animate_Open	aa452853	ee504130
Animate_OpenEx	aa452854	ee505264
Animate_Play	aa452855	ee502577
Animate_Seek	aa452856	ee500898
Animate_Stop	aa452857	ee501400
Animation Controls	ms926086	-
Animation Controls Macros	aa452858	-
Animation Controls Messages	aa452859	-
Animation Controls Notifications	aa452860	-
Animation Controls Reference	ms927251	-
Animation Controls Styles	aa452861	ee502301
Anisotropic Texture Filtering	aa451178	ee490121
Annotated Client Code with Checkv4 Output	ms880930	ee493437
Annotated Server Code with Checkv4 Output	ms880931	ee495260
Answer a Call	aa525598	ee499850
Antialiased Font Support	ms890543	ee481280
Antialiasing	aa451179	ee491502
Anycast IPv6 Addresses	ms880932	ee495127
AppID Key	ms862083	ee488254
AppendMenu	aa452862	ee502212
ApplicablePackages Element (Poll Response)	ms894712	ee489298
Application Implementation	ms903734	ee491410
Application Installation of MSMQ	ms882822	-
Application Registry Settings	ms880933	ee493064
Application Session Buffers	ms890559	-
Application Session Data Transfer	ms890566	-
Application Session Starting	ms890572	-
Application Session Stopping	ms890581	-
Application Suspend Time-outs	ms890589	-
Application-Managed Resources and Allocation Strategies	aa451180	ee491430
Application-Specific Filter (COM)	ms880935	ee500559
Applications - End User Catalog Items	ms861181	-
Applications and Services that Support IPv6	ms880934	ee494235
Applications with Multiple DLLs	ms903739	ee492101
ApplyControlToken	ms937015	ee498530
Applying Filters	ms905675	ee492403
Arabic	ms906457	-
Arabic OS Design Development	ms906458	ee490924
Architectural Overview of the DVD-Video API/DVD-Video API Interface Map	ms923173	-
Architectural Overview of the DVD-Video API/DVD-Video API Object Architecture	ms923178	-
Architectural Overview of the DVD-Video API/DVD-Video API Rendering	ms923193	-
AreEqualVideoTypes	ms925565	ee494616
Arranging, Sorting, and Finding List Views	ms926093	ee505045
Array Manipulation Functions	ms862088	ee489177
AsnAny	ms894988	ee489287
AsnCounter64	ms894989	ee489124
AsnObjectIdentifier	ms894991	ee489297
AsnOctetString	ms894993	ee489131
Assert Functions	ms925582	-
Assigning User-Specific Permissions	ms899603	ee498439
Assigning an IPv4 Address to a Device	ms880938	-
Assigning an IPv6 Address to a Device	ms880939	-
AsyncMac Registry Settings	ms890616	ee486865
Asynchronous Bus Requests	ms890608	ee483081
Asynchronous Network I/O	ms923761	ee484674
Asynchronous Operations and Message Boxes in the TUI	aa525599	-
Asynchronous Pluggable Protocols Enumerations	ms905670	-
Asynchronous Pluggable Protocols Functions	ms905671	-
Asynchronous Pluggable Protocols Interfaces	ms905672	-
Asynchronous Pluggable Protocols Structures	ms905674	-
Asynchronous Searching	ms880941	ee500801
Atom Tables	ms926099	ee499429
AttemptConnection	ms909303	-
Audio Device Instances	ms890640	ee486475
Audio Driver Migration	ms890647	ee482298
Audio Driver Registry Settings	ms890665	ee483245
Audio Gain Classes	aa451188	ee487371
Audio Line and Control Queries	aa451189	ee487560
Audio MDD and PDD	ms890671	ee485055
Audio Mixer	ms890682	ee481321
Audio and Video Capture Support/Pin Property Set	ms940067	-
Audio and Video Capture Support/Video Capture	ms940077	-
Audio and Video Capture Support/Windows Media Applications	ms940082	-
Audio/Audio Compression Manager	aa451187	-
Audio/Waveform Audio	ms940101	-
Authenticating 802.1x	ms890690	-
Authenticating a Connection	ms925571	-
Authenticating an LDAP Client	ms862089	ee486379
Authenticating the Client	ms925580	-
Authentication	aa525793	-
Authentication Event (AE)	ms926477	ee497993
Authentication Operations	ms862090	ee486322
Authentication Protocol Initialization	ms880946	ee494109
Authentication Services	ms925585	-
Authentication Services Application Development	ms925593	-
Authentication Services Functions	ms936966	-
Authentication Services Migration	ms925600	ee497951
Authentication Services OS Design Development	ms925709	ee498877
Authentication Services Reference	ms936967	-
Authentication Services Registry Settings	ms925716	ee498184
Authentication Services Samples	ms925722	ee497955
Authentication Services Security	ms925727	ee498539
Authentication Services Structures	ms936968	-
Authentication Traps Registry Settings	ms894384	ee489316
Authoring Match Patterns	ms862091	ee503535
Authoring Well-Formed HTML	ms862092	ee503165
AuthorizationToken Element (Poll Request)	ms894994	ee489278
Auto Dial Registry Settings	ms880950	ee494501
Auto Dial Registry Subkeys	ms880951	ee493498
Auto Dial for ICS	ms880949	-
AutoDialCleanupModule	aa450290	ee495097
AutoDialEndConnection	aa450291	ee494696
AutoDialGetConnectionStatus	aa450292	ee494720
AutoDialInitializeModule	aa450293	ee494480
AutoDialStartConnection	aa450294	ee494255
Autoload Settings	aa517821	ee490196
Automatic Client Configuration for IPv4	ms880952	-
Automatic Configuration Constants	aa448300	ee484231
Automatic Configuration Functions	ms894771	-
Automatic Configuration Reference	aa448301	-
Automatic Configuration Structures	aa448297	-
Automatic Configuration Subsystem	ms890698	-
Automatic Detection of Docking for Serial Ports	ms890705	ee486878
Automatic Texture Management	aa451193	ee490464
Automation Data Types	aa513563	-
Automation Enumerations	aa513565	-
Automation Functions	aa513569	-
Automation Interfaces	aa513587	-
Automation Structures	aa513603	-
Automation Supported APIs	ms862094	ee488496
Axes	ms863695	ee502013
BASEBAND_CONNECTION	aa450296	ee496007
BASEBAND_CONNECTION_DATA	aa450297	ee495462
BATTERYLIFETIMEINFO	ms896133	ee483783
BFFM_ENABLEOK	aa452872	ee502534
BFFM_INITIALIZED	aa452873	ee504577
BFFM_SELCHANGED	aa452874	ee501689
BFFM_SETSELECTION	aa452875	ee505690
BFFM_SETSTATUSTEXT	aa452876	ee499721
BFFM_VALIDATEFAILED	aa452877	ee504585
BINDF	aa452098	ee492885
BINDINFO	aa452099	ee492795
BINDINFOF	aa452100	ee492775
BINDINFO_OPTIONS	aa452101	ee492263
BINDPTR	ms863861	ee488076
BINDSTATUS	aa452102	ee492897
BINDSTRING	aa452103	ee492776
BINDVERB	aa452104	ee492443
BIND_FLAGS	ms863834	ee488465
BIND_OPTS	ms863848	ee489025
BIND_OPTS2	ms863857	ee488671
BITMAP	aa452880	ee503208
BITMAPCOREHEADER	aa452881	ee502290
BITMAPCOREINFO	aa452882	ee505513
BITMAPFILEHEADER	aa452883	ee500466
BITMAPINFO	aa452884	ee500572
BITMAPINFOHEADER	aa452885	ee499706
BITMASKS	ms936830	ee496069
BIT_AV_	ms898943	ee500804
BIT_MASKS_MATCH	ms936839	ee496334
BLENDFUNCTION	aa452889	ee506302
BLOB (Cryptography)	ms937016	ee498188
BLOB (Windows Sockets)	aa450302	ee493845
BM_CLICK	aa452890	ee505041
BM_GETCHECK	aa452891	ee503368
BM_GETSTATE	aa452892	ee503612
BM_SETCHECK	aa452893	ee503955
BM_SETSTATE	aa452894	ee500163
BM_SETSTYLE	aa452895	ee503911
BN_CLICKED	aa452896	ee500278
BN_KILLFOCUS	aa452897	ee505714
BN_SETFOCUS	aa452898	ee502311
BP_GetPartitionInfo	aa516965	ee489819
BP_Init	aa516966	ee489535
BP_LowLevelFormat	aa516967	ee490571
BP_OpenPartition	aa516968	ee490346
BP_ReadData	aa516969	ee490171
BP_SetDataPointer	aa516970	ee490351
BP_WriteData	aa516971	ee490583
BROWSEINFO	aa452901	ee501763
BROWSEINFOA (BIF_STATUSTEXT=0x4, BIF_EDITBOX=0x10, BIF_VALIDATE=0x20 -> derived)	https://learn.microsoft.com/en-us/windows/win32/api/shlobj_core/ns-shlobj_core-browseinfoa	-
BRUSHOBJ_pvAllocRbrush	ms896145	ee482252
BRUSHOBJ_pvGetRbrush	ms896146	ee486913
BSCF	aa452105	ee492218
BSTR	ms863868	ee487693
BSTR Functions	ms936848	-
BTHHID_IOCTL_HIDConnect	ms887860	ee496033
BTHHID_IOCTL_HIDDisconnect	ms887861	ee495827
BTHNS_INQUIRYBLOB	ms887864	ee495448
BTHNS_RESTRICTIONBLOB	ms887868	ee495874
BTHNS_SETBLOB	ms887869	ee495365
BTH_HOLD_MODE	ms887904	ee496046
BTH_LOCAL_VERSION	ms887863	ee495654
BTH_PARK_MODE	ms887905	ee495772
BTH_REMOTE_NAME	ms887882	ee495616
BTH_REMOTE_VERSION	ms887884	ee495623
BTH_SNIFF_MODE	ms887906	ee496016
BTH_SOCKOPT_SECURITY	ms887893	ee495825
BUILD_IO_RW_DIRECT_ARG	ms896148	ee486715
BUILD_IO_RW_EXTENDED_ARG	ms896149	ee486887
BUSDATA_PARMS	ms896150	ee486988
BUS_DATA_TYPE	ms896151	ee483210
BY_HANDLE_DB_INFORMATION (CEDB)	aa516972	ee490788
BY_HANDLE_DB_INFORMATION (EDB)	aa516974	ee490409
BY_HANDLE_FILE_INFORMATION	aa516973	ee490365
Back Buffers and Image Surfaces	ms890710	ee481095
Back-Face Culling	aa451199	ee490719
BacklightAdvApplet	aa452867	ee500202
Backup	ms880953	ee500853
Backward Compatibility for Windows Sockets 1.1 Applications	ms880954	-
Base Classes that Implement Interfaces/Clock Base Classes	aa451239	-
Base Classes that Implement Interfaces/Enumerator Base Classes	ms923232	-
Base Classes that Implement Interfaces/Filter Base Classes	ms923365	-
Base Classes that Implement Interfaces/Pin Base Classes	ms924201	-
Base Classes that Implement Interfaces/Transport Base Classes	aa451401	-
Base Classes/Base Classes that Implement Interfaces	aa451201	-
Base Classes/CBaseObject and CUnknown Classes	aa451227	-
Base Registry Settings	ms880955	ee499476
Basic Approach for getXbyY in the SPI	ms880956	ee494716
Basic Authentication and RTC	aa525600	ee500343
Basic Common Control Styles	aa452868	ee504838
Basic Concepts of Surfaces/Color Keying	aa451245	-
Basic Concepts of Surfaces/Pixel Formats	ms924203	-
Basic Concepts of Surfaces/Surface Interfaces	ms924659	-
Basic Concepts of Surfaces/What Are Surfaces?	ms925253	-
Basic Concepts of Surfaces/Width vs. Pitch	ms925262	-
Basic Lighting Formula	aa451203	ee491505
Basic Object Model	ms862095	ee484511
Basic Scripting	ms880957	ee498638
Basic Texturing Concepts	aa451204	ee490050
Basic Window Styles	aa452869	ee504355
Battery Driver Development Concepts	ms890742	ee484271
Battery Driver Global Variables	ms890724	ee485882
Battery Driver Registry Settings	ms890735	ee484032
Battery Driver Samples	ms890749	ee483630
BatteryDrvrGetLevels	ms896130	ee484810
BatteryDrvrSupportsChangeNotification	ms896131	ee481685
BatteryGetLifeTimeInfo	ms896132	ee484402
BatteryNotifyOfTimeChange	ms896134	ee484276
BatteryPDDDeinitialize	ms896135	ee486505
BatteryPDDGetLevels	ms896136	ee481733
BatteryPDDGetStatus	ms896137	ee482258
BatteryPDDInitialize	ms896138	ee484450
BatteryPDDPowerHandler	ms896139	ee486280
BatteryPDDResume	ms896140	ee484478
BatteryPDDSupportsChangeNotification	ms896141	ee485237
BeforeWindowOpen	aa451906	ee492048
BeginDeferWindowPos	aa452870	ee501388
BeginMessage Method	ms863706	ee483908
BeginMessageWSDL Method	ms863712	ee485813
BeginPaint	aa452871	ee505465
Beginning and Ending a Scene	aa451205	ee490880
Behavior Element (Instruction Response)	ms894996	ee489047
Benefits and Limitations of GPE Display Drivers	ms890765	ee484398
Benefits of Media Sense	ms890770	ee483401
BerElement	ms863747	ee485104
Best Practices for DOM	ms862096	ee503505
Best Practices for Faster Suspend Times	aa448265	ee497742
Best Practices for SAX	ms862097	ee502075
Best Practices for the IP Firewall	ms886633	ee493515
BinFS Registry Settings	ms885253	ee489599
BinFS and the Bootpart Library	ms885249	ee490161
Binary Raster Operations	aa452878	ee499662
Binary Rom Image File System (BinFS)	ms885244	-
BindMoniker	ms863843	ee489646
Binding Element	ms862098	ee487322
Binding to a Local Address	ms880958	ee494865
Bit Block Transfer Acceleration	ms890816	ee482677
Bit-Based Replication	ms885257	ee490580
BitBlT Emulation Library Functions	ms896142	ee481731
BitBlt	aa452879	ee501981
Bitmap Functions	aa451206	-
Bitmap Functions, Macros, and Data	aa451207	-
Bitmap and Caching Properties of IMsRdpClientAdvancedSettings	ms861195	ee485102
BitmapData	ms925969	ee491598
Blitting in Direct3D Mobile	aa451211	ee490504
Blitting to Surfaces/Blit Timing	aa451208	-
Blitting to Surfaces/Blitting Basics	aa451210	-
Blitting to Surfaces/Blitting to Multiple Windows	aa451212	-
Blitting to Surfaces/Blitting with Blt	aa451214	-
Blitting to Surfaces/Blitting with BltFast	aa451215	-
Blitting to Surfaces/Color Fills	aa451243	-
Blitting to Surfaces/Transparent Blitting	aa451400	-
Block Driver Access	ms890840	ee481903
Block Driver Architecture	ms890849	ee484647
Block Driver Detection	ms890855	ee486245
Block Driver Installation	ms890864	ee484656
Block Driver Interface	ms890868	ee481879
Block Driver Loading	ms890874	ee486095
Block Driver Manager	ms890877	ee482923
Block Driver Power Cycle	ms890882	ee482210
Block Driver Registry Settings	ms890889	ee482448
BlockLockInfo	ms896143	ee483799
Blocking Input/Output	ms880959	ee493463
Blt	ms896144	-
Bluetooth Application Development Enumerations	ms886634	-
Bluetooth Application Development Functions	ms886635	-
Bluetooth Application Development IOCTLs	ms886637	-
Bluetooth Application Development Interfaces	ms886636	-
Bluetooth Application Development Structures	ms886647	-
Bluetooth HCI Transport Driver Registry Settings	ms890928	ee485463
Bluetooth OS Functions	ms886640	-
Bluetooth OS IOCTLs	ms880965	-
Bluetooth OS Messages	ms886639	-
Bluetooth OS Object Identifiers	ms886638	-
Bluetooth OS Structures	ms880966	-
Bluetooth Stack Architecture	ms890956	ee486490
Bluetooth Stack Implementation Considerations	ms890965	ee482439
Bluetooth Stack Implementation in Windows CE	ms890977	-
Body Property	ms863865	ee484701
BodyEntries Property	ms863863	ee487044
BodyEntry Property	ms863864	ee487126
Boolean Functions	ms863867	-
Boolean, Comparison, and Set Expressions	ms862099	ee503100
Boot Loader Support for BinFS	ms885260	ee489798
Boot Phases	ms885267	ee490010
Bootpart Library OS Functions	aa516962	-
Bootpart Library OS Structures	aa516963	-
Bootpart OS Reference	aa516964	-
Border Color Texture Address Mode	aa451217	ee490279
Brazilian (ABNT) Keyboard	ms890989	ee481480
Breakpoint Function	ms936845	-
Breakpoint Macros	ms936846	-
Bridge Base Class	aa448267	ee485906
BringWindowToTop	aa452899	ee504610
BrowseCallbackProc	aa452900	ee506142
Browser Registry Settings	aa451910	-
BstrFromVector	ms863869	ee487911
BthAGATHandler	aa450304	ee495848
BthAGATSetCallback	aa450305	ee495634
BthAGGetLastDialed	aa450307	ee495991
BthAGGetNameByPhoneNumber	aa450308	ee495653
BthAGGetSpeedDial	aa450309	ee495797
BthAGNetworkAnswerCall	aa450312	ee495658
BthAGNetworkDeinit	aa450313	ee495426
BthAGNetworkDialNumber	aa450314	ee495832
BthAGNetworkDropCall	aa450316	ee495838
BthAGNetworkGetCallState	aa450315	ee495859
BthAGNetworkHoldCall	aa450317	ee495870
BthAGNetworkInit	aa450318	ee495547
BthAGNetworkRejectCall	aa450319	ee495855
BthAGNetworkSwapCall	aa450320	ee495965
BthAGNetworkTransmitDTMF	aa450321	ee495902
BthAGNetworkUnholdCall	aa450322	ee495620
BthAGOnNetworkEvent	aa450323	ee495865
BthAGOverrideCallIn	aa450324	ee495607
BthAGOverrideCallOut	ms887483	ee495670
BthAGPhoneExtDeinit	aa450306	ee495979
BthAGPhoneExtEvent	ms880975	ee495467
BthAGPhoneExtInit	aa450311	ee495665
BthAGSetServiceCallback	aa450310	ee495581
BthAcceptSCOConnections	aa450303	ee495438
BthAnswerPairRequest	ms887558	ee495439
BthAuthenticate	ms887570	ee495954
BthCancelInquiry	ms887578	ee495808
BthClearInquiryFilter	ms887586	ee495611
BthCloseConnection	ms887598	ee495428
BthCreateACLConnection	ms887605	ee495802
BthCreateSCOConnection	ms887612	ee495856
BthEnterHoldMode	ms887712	ee495826
BthEnterParkMode	ms887822	ee495664
BthEnterSniffMode	ms887829	ee495649
BthExitParkMode	ms887830	ee495446
BthExitSniffMode	ms887831	ee495632
BthGetAddress	ms887833	ee495629
BthGetBasebandConnections	ms887834	ee495873
BthGetBasebandHandles	ms887835	ee495794
BthGetCurrentMode	ms887836	ee495775
BthGetHardwareStatus	ms887837	ee495817
BthGetLinkKey	ms887838	ee495938
BthGetPINRequest	ms887839	ee495387
BthGetRemoteCOD	ms887840	ee495655
BthInquiryResult	ms887862	ee495662
BthNsLookupServiceBegin	ms887865	ee495626
BthNsLookupServiceEnd	ms887866	ee495587
BthNsLookupServiceNext	ms887867	ee495569
BthNsSetService	ms887870	ee495417
BthPairRequest	ms887871	ee495621
BthPerformInquiry	ms887872	ee495844
BthReadAuthenticationEnable	ms887873	ee495811
BthReadCOD	ms887874	ee495395
BthReadLinkPolicySettings	ms887875	ee495840
BthReadLocalAddr	ms887876	ee495466
BthReadLocalVersion	ms887877	ee495899
BthReadPageTimeout	ms887878	ee495924
BthReadRemoteVersion	ms887879	ee495821
BthReadScanEnableMask	ms887880	ee495828
BthRefusePINRequest	ms887881	ee495864
BthRemoteNameQuery	ms887883	ee495564
BthRevokeLinkKey	ms887885	ee495622
BthRevokePIN	ms887886	ee495427
BthSetEncryption	ms887887	ee496026
BthSetInquiryFilter	ms887889	ee495358
BthSetLinkKey	ms887890	ee495875
BthSetPIN	ms887891	ee495963
BthSetSecurityUI	ms887892	ee495391
BthTerminateIdleConnections	ms887895	ee496023
BthWriteAuthenticationEnable	ms887896	ee495380
BthWriteCOD	ms887897	ee495633
BthWriteLinkPolicySettings	ms887898	ee495661
BthWritePageTimeout	ms887899	ee496042
BthWriteScanEnableMask	ms887900	ee495625
BufferDisposalFlag	ms936849	ee491040
Building DispPerf.exe	ms923765	ee484663
Building a Control Panel Application	aa453946	ee503483
Building a Multilingual Run-time Image	ms906488	ee491718
Building the Keyboard Driver DLLs	ms923766	-
Built-in Network Adapters	ms890997	ee481651
Built-in Templates	ms862100	ee503498
Bus Enumeration Applications	ms891025	-
Bus Master-DMA Network Adapters	ms891031	ee481470
BusIoControl	ms896152	ee484266
BusTransBusAddrToStatic	ms896153	ee485489
BusTransBusAddrToVirtual	ms896154	ee485427
Byte Ordering Assumptions	ms880976	ee493421
C++ COM Code Example: Creating a Private Queue	ms880978	ee500324
C++ COM Code Example: Opening a Queue to Read Messages	ms880979	ee500569
C++ COM Code Example: Opening a Queue to Send Messages	ms880980	ee498677
C++ COM Code Example: Purging a Queue Synchronously	ms880981	ee499209
C++ COM Code Example: Reading Messages Synchronously	ms880982	ee500455
C++ COM Code Example: Sending a String	ms880983	ee500308
C++ Namespaces in the UPnP AV Framework	ms883105	ee499180
CALL	aa452918	ee505085
CALLCONV	ms863871	ee487722
CAMEvent Class	ms936864	-
CAMEvent::CAMEvent	ms936862	ee493201
CAMEvent::Check	ms936863	ee496500
CAMEvent::Reset	ms936866	ee495516
CAMEvent::Set	ms936867	ee494638
CAMEvent::Wait	ms936868	ee494183
CAMEvent::operator HANDLE	ms936865	ee493536
CAMMsgEvent Class	ms936870	-
CAMMsgEvent::WaitMsg	ms936871	ee496357
CAMSchedule Class	ms936876	-
CAMSchedule::AddAdvisePacket	ms936872	ee494389
CAMSchedule::Advise	ms936873	ee495323
CAMSchedule::CAMSchedule	ms936875	ee492908
CAMSchedule::GetAdviseCount	ms936877	ee493565
CAMSchedule::GetEvent	ms936878	ee493542
CAMSchedule::GetNextAdviseTime	ms936879	ee493413
CAMSchedule::Unadvise	ms936880	ee493318
CAMThread Class	ms936884	-
CAMThread::CAMThread	ms936882	ee496272
CAMThread::CallWorker	ms936881	ee494816
CAMThread::CheckRequest	ms936883	ee493135
CAMThread::Close	ms936885	ee493978
CAMThread::Create	ms936886	ee493790
CAMThread::GetRequest	ms936887	ee496749
CAMThread::GetRequestHandle	ms936889	ee496316
CAMThread::GetRequestParam	ms936890	ee494744
CAMThread::InitialThreadProc	ms936891	ee495568
CAMThread::Reply	ms936892	ee493545
CAMThread::ThreadExists	ms936893	ee492315
CAMThread::ThreadProc	ms936894	ee493414
CANDIDATEFORM	ms904636	ee491383
CANDIDATEINFO	ms904637	ee491558
CANDIDATELIST	ms904638	ee491139
CAPEDIT Control	aa452920	ee500173
CARD_CLIENT_HANDLE	ms896158	ee484018
CARD_CONFIG_INFO	ms896159	ee481504
CARD_DATA_PARMS	ms896160	ee486428
CARD_EVENT	ms896162	ee481847
CARD_EVENT_MASK_PARMS	ms896163	ee485467
CARD_EVENT_PARMS	ms896164	ee482293
CARD_ISR	ms896171	ee485879
CARD_REGISTER_PARMS	aa447633	ee483431
CARD_SOCKET_HANDLE	aa447649	ee481482
CARD_STATUS	aa447650	ee486677
CARD_TUPLE_PARMS	aa447651	ee482421
CARD_WINDOW_ADDRESS	aa447654	ee483132
CARD_WINDOW_HANDLE	aa447652	ee484691
CARD_WINDOW_PARMS	aa447653	ee484877
CAggDirectDraw Class	ms936855	-
CAggDirectDraw::CAggDirectDraw	ms936854	ee494808
CAggDirectDraw::NonDelegatingQueryInterface	ms936856	ee493123
CAggDirectDraw::SetDirectDraw	ms936857	ee496685
CAggDrawSurface Class	ms936859	-
CAggDrawSurface::CAggDrawSurface	ms936858	ee492912
CAggDrawSurface::NonDelegatingQueryInterface	ms936860	ee493814
CAggDrawSurface::SetDirectDrawSurface	ms936861	ee494543
CAutoLock Class	ms936900	-
CAutoLock::CAutoLock	ms936899	ee494355
CBN_CLOSEUP	ms908046	ee505701
CBN_DBLCLK	ms908047	ee504863
CBN_DROPDOWN	ms908049	ee500915
CBN_EDITCHANGE	ms908050	ee504383
CBN_EDITUPDATE	ms908051	ee500255
CBN_ERRSPACE	ms908053	ee505434
CBN_KILLFOCUS	ms908054	ee504006
CBN_SELCHANGE	ms908055	ee506091
CBN_SELENDCANCEL	ms908056	ee505669
CBN_SELENDOK	ms908057	ee499428
CBN_SETFOCUS	ms908058	ee502531
CB_ADDSTRING	aa452924	ee501454
CB_DELETESTRING	aa452925	ee500187
CB_FINDSTRING	aa452926	ee500894
CB_FINDSTRINGEXACT	aa452927	ee501926
CB_GETCOMBOBOXINFO	aa452928	ee500450
CB_GETCOUNT	ms939290	ee499337
CB_GETCURSEL	ms939382	ee504632
CB_GETDROPPEDCONTROLRECT	ms928334	ee501948
CB_GETDROPPEDSTATE	ms928340	ee501436
CB_GETDROPPEDWIDTH	ms928343	ee501971
CB_GETEDITSEL	ms928352	ee504104
CB_GETEXTENDEDUI	ms928359	ee500833
CB_GETHORIZONTALEXTENT	ms928366	ee504303
CB_GETITEMDATA	ms928374	ee502260
CB_GETITEMHEIGHT	ms928376	ee505512
CB_GETLBTEXT	ms928386	ee504874
CB_GETLBTEXTLEN	ms928395	ee506050
CB_GETLOCALE	ms907898	ee501921
CB_GETTOPINDEX	ms907963	ee502609
CB_INITSTORAGE	ms908027	ee502278
CB_INSERTSTRING	ms908036	ee500754
CB_LIMITTEXT	ms908045	ee502903
CB_RESETCONTENT	ms908059	ee499056
CB_SELECTSTRING	ms908060	ee505850
CB_SETCURSEL	ms908061	ee501397
CB_SETDROPPEDWIDTH	ms908062	ee502560
CB_SETEDITSEL	ms908063	ee505493
CB_SETEXTENDEDUI	ms908064	ee499715
CB_SETHORIZONTALEXTENT	ms908065	ee501076
CB_SETITEMDATA	ms908066	ee502898
CB_SETITEMHEIGHT	ms908067	ee504645
CB_SETLOCALE	ms908068	ee503487
CB_SETTOPINDEX	ms908069	ee499036
CB_SHOWDROPDOWN	ms908070	ee504102
CBaseAllocator Class	ms936903	-
CBaseAllocator::Alloc	ms936901	ee495966
CBaseAllocator::CBaseAllocator	ms936902	ee496094
CBaseAllocator::Commit	ms936904	ee495717
CBaseAllocator::Decommit	ms936905	ee496051
CBaseAllocator::Free	ms936906	ee494131
CBaseAllocator::GetBuffer	ms936907	ee494130
CBaseAllocator::GetProperties	ms936908	ee495469
CBaseAllocator::NonDelegatingQueryInterface	ms936909	ee494152
CBaseAllocator::NotifySample	ms936910	ee493945
CBaseAllocator::ReleaseBuffer	ms936911	ee494791
CBaseAllocator::SetProperties	ms936912	ee492513
CBaseAllocator::SetWaiting	ms936913	ee495004
CBaseBasicVideo Class	ms936915	-
CBaseBasicVideo::CBaseBasicVideo	ms936914	ee492695
CBaseBasicVideo::GetIDsOfNames	ms936916	ee494557
CBaseBasicVideo::GetTypeInfo	ms936917	ee495152
CBaseBasicVideo::GetTypeInfoCount	ms936918	ee493782
CBaseBasicVideo::Invoke	ms936919	ee494160
CBaseBasicVideo::NonDelegatingQueryInterface	ms936920	ee495193
CBaseControlVideo Class	ms936924	-
CBaseControlVideo::CBaseControlVideo	ms936921	ee493375
CBaseControlVideo::CheckSourceRect	ms936922	ee495894
CBaseControlVideo::CheckTargetRect	ms936923	ee496082
CBaseControlVideo::CopyImage	ms936941	ee492539
CBaseControlVideo::GetCurrentImage	ms937074	ee492371
CBaseControlVideo::GetDestinationPosition	ms937099	ee492560
CBaseControlVideo::GetImageSize	ms937135	ee492317
CBaseControlVideo::GetSourcePosition	ms937140	ee494956
CBaseControlVideo::GetSourceRect	ms937141	ee492482
CBaseControlVideo::GetStaticImage	ms937144	ee495931
CBaseControlVideo::GetTargetRect	ms937145	ee493152
CBaseControlVideo::GetVideoFormat	ms937146	ee494588
CBaseControlVideo::GetVideoPaletteEntries	ms937148	ee494014
CBaseControlVideo::GetVideoSize	ms937149	ee493973
CBaseControlVideo::IsDefaultSourceRect	ms937151	ee494143
CBaseControlVideo::IsDefaultTargetRect	ms937152	ee494339
CBaseControlVideo::IsUsingDefaultDestination	ms937153	ee495739
CBaseControlVideo::IsUsingDefaultSource	ms937154	ee496732
CBaseControlVideo::OnUpdateRectangles	ms937155	ee492518
CBaseControlVideo::OnVideoSizeChange	ms937156	ee496053
CBaseControlVideo::SetControlVideoPin	ms937165	ee496075
CBaseControlVideo::SetDefaultDestinationPosition	ms937166	ee495014
CBaseControlVideo::SetDefaultSourcePosition	ms937167	ee492986
CBaseControlVideo::SetDefaultSourceRect	ms937168	ee492959
CBaseControlVideo::SetDefaultTargetRect	ms937169	ee495287
CBaseControlVideo::SetDestinationPosition	ms937170	ee494412
CBaseControlVideo::SetSourcePosition	ms937171	ee495305
CBaseControlVideo::SetSourceRect	ms937172	ee495681
CBaseControlVideo::SetTargetRect	ms937173	ee495600
CBaseControlVideo::get_AvgTimePerFrame	ms937046	ee496346
CBaseControlVideo::get_BitErrorRate	ms937055	ee494176
CBaseControlVideo::get_BitRate	ms937063	ee492756
CBaseControlVideo::get_DestinationHeight	ms937083	ee495595
CBaseControlVideo::get_DestinationLeft	ms937092	ee495742
CBaseControlVideo::get_DestinationTop	ms937110	ee493944
CBaseControlVideo::get_DestinationWidth	ms937126	ee492916
CBaseControlVideo::get_SourceHeight	ms937138	ee495295
CBaseControlVideo::get_SourceLeft	ms937139	ee493193
CBaseControlVideo::get_SourceTop	ms937142	ee492523
CBaseControlVideo::get_SourceWidth	ms937143	ee496090
CBaseControlVideo::get_VideoHeight	ms937147	ee495531
CBaseControlVideo::put_DestinationHeight	ms937157	ee496048
CBaseControlVideo::put_DestinationLeft	ms937158	ee494783
CBaseControlVideo::put_DestinationTop	ms937159	ee494634
CBaseControlVideo::put_DestinationWidth	ms937160	ee492297
CBaseControlVideo::put_SourceHeight	ms937161	ee495033
CBaseControlVideo::put_SourceLeft	ms937162	ee493729
CBaseControlVideo::put_SourceTop	ms937163	ee496521
CBaseControlVideo::put_SourceWidth	ms937164	ee493389
CBaseControlWindow Class	ms937175	-
CBaseControlWindow::CBaseControlWindow	ms937174	ee496309
CBaseControlWindow::DoGetWindowStyle	ms937176	ee493589
CBaseControlWindow::DoSetWindowStyle	ms937177	ee493946
CBaseControlWindow::GetBorderColour	ms937181	ee493757
CBaseControlWindow::GetMaxIdealImageSize	ms937186	ee495793
CBaseControlWindow::GetMinIdealImageSize	ms937188	ee492359
CBaseControlWindow::GetOwnerWindow	ms937190	ee492546
CBaseControlWindow::GetRestorePosition	ms937191	ee496122
CBaseControlWindow::GetWindowPosition	ms937195	ee493525
CBaseControlWindow::HideCursor	ms937199	ee496674
CBaseControlWindow::IsAutoShowEnabled	ms937200	ee495532
CBaseControlWindow::IsCursorHidden	ms937201	ee496560
CBaseControlWindow::NotifyOwnerMessage	ms937202	ee495299
CBaseControlWindow::PossiblyEatMessage	ms937203	ee493393
CBaseControlWindow::SetControlWindowPin	ms937219	ee495220
CBaseControlWindow::SetWindowForeground	ms937220	ee492976
CBaseControlWindow::SetWindowPosition	ms937221	ee495167
CBaseControlWindow::get_AutoShow	ms937178	ee496263
CBaseControlWindow::get_BackgroundPalette	ms937179	ee494567
CBaseControlWindow::get_BorderColor	ms937180	ee494572
CBaseControlWindow::get_Caption	ms937182	ee495221
CBaseControlWindow::get_FullScreenMode	ms937183	ee493751
CBaseControlWindow::get_Height	ms937184	ee492541
CBaseControlWindow::get_Left	ms937185	ee496491
CBaseControlWindow::get_MessageDrain	ms937187	ee492972
CBaseControlWindow::get_Owner	ms937189	ee493112
CBaseControlWindow::get_Top	ms937192	ee494425
CBaseControlWindow::get_Visible	ms937193	ee495734
CBaseControlWindow::get_Width	ms937194	ee495540
CBaseControlWindow::get_WindowState	ms937196	ee495194
CBaseControlWindow::get_WindowStyle	ms937197	ee496148
CBaseControlWindow::get_WindowStyleEx	ms937198	ee492965
CBaseControlWindow::put_AutoShow	ms937204	ee493174
CBaseControlWindow::put_BackgroundPalette	ms937205	ee494798
CBaseControlWindow::put_BorderColor	ms937206	ee494388
CBaseControlWindow::put_Caption	ms937207	ee496709
CBaseControlWindow::put_FullScreenMode	ms937208	ee494129
CBaseControlWindow::put_Height	ms937209	ee493108
CBaseControlWindow::put_Left	ms937210	ee492992
CBaseControlWindow::put_MessageDrain	ms937211	ee492493
CBaseControlWindow::put_Owner	ms937212	ee492349
CBaseControlWindow::put_Top	ms937213	ee494596
CBaseControlWindow::put_Visible	ms937214	ee493394
CBaseControlWindow::put_Width	ms937215	ee495941
CBaseControlWindow::put_WindowState	ms937216	ee495706
CBaseControlWindow::put_WindowStyle	ms937217	ee492696
CBaseControlWindow::put_WindowStyleEx	ms937218	ee496361
CBaseDispatch Class	ms937224	-
CBaseDispatch::CBaseDispatch	ms937223	ee495298
CBaseDispatch::GetIDsOfNames	ms937225	ee492994
CBaseDispatch::GetTypeInfo	ms937226	ee495985
CBaseDispatch::GetTypeInfoCount	ms937227	ee494203
CBaseFilter Class	ms937420	-
CBaseFilter::CBaseFilter	ms937329	ee494385
CBaseFilter::EnumPins	ms937528	ee495517
CBaseFilter::FindPin	ms937536	ee494163
CBaseFilter::GetClassID	ms937537	ee496522
CBaseFilter::GetFilterGraph	ms937538	ee492690
CBaseFilter::GetPin	ms937539	ee494770
CBaseFilter::GetPinCount	ms937540	ee492767
CBaseFilter::GetPinVersion	ms937541	ee494369
CBaseFilter::GetSetupData	ms937542	ee494812
CBaseFilter::GetState	ms937544	ee493734
CBaseFilter::GetSyncSource	ms937545	ee492352
CBaseFilter::IncrementPinVersion	ms937546	ee493753
CBaseFilter::IsActive	ms937547	ee494818
CBaseFilter::JoinFilterGraph	ms937548	ee496149
CBaseFilter::NonDelegatingQueryInterface	ms937549	ee494607
CBaseFilter::NotifyEvent	ms937550	ee493396
CBaseFilter::Pause	ms937551	ee493756
CBaseFilter::QueryFilterInfo	ms937552	ee494998
CBaseFilter::QueryVendorInfo	ms937553	ee493557
CBaseFilter::ReconnectPin	ms937554	ee492340
CBaseFilter::Register	ms937556	ee492367
CBaseFilter::Run	ms937557	ee492913
CBaseFilter::SetSyncSource	ms937558	ee496505
CBaseFilter::Stop	ms937559	ee493543
CBaseFilter::StreamTime	ms937560	ee493761
CBaseFilter::Unregister	ms937561	ee492699
CBaseInputPin Class	ms937565	-
CBaseInputPin::BeginFlush	ms937562	ee495198
CBaseInputPin::CBaseInputPin	ms937563	ee493328
CBaseInputPin::CheckStreaming	ms937564	ee492495
CBaseInputPin::Disconnect	ms937566	ee496281
CBaseInputPin::EndFlush	ms937567	ee494606
CBaseInputPin::GetAllocator	ms937568	ee492279
CBaseInputPin::GetAllocatorRequirements	ms937569	ee496511
CBaseInputPin::Inactive	ms937570	ee494593
CBaseInputPin::IsFlushing	ms937571	ee492507
CBaseInputPin::IsReadOnly	ms937572	ee494012
CBaseInputPin::NonDelegatingQueryInterface	ms937573	ee496476
CBaseInputPin::Notify	ms937574	ee496680
CBaseInputPin::NotifyAllocator	ms937575	ee493602
CBaseInputPin::PassNotify	ms937576	ee494005
CBaseInputPin::Receive	ms937577	ee492920
CBaseInputPin::ReceiveCanBlock	ms937578	ee494602
CBaseInputPin::ReceiveMultiple	ms937579	ee495898
CBaseList Class	ms937589	-
CBaseList::AddAfter	ms937580	ee494749
CBaseList::AddBefore	ms937582	ee492354
CBaseList::AddHead	ms937584	ee495535
CBaseList::AddTail	ms937586	ee492692
CBaseList::CBaseList	ms937588	ee496498
CBaseList::GetCountI	ms937591	ee496275
CBaseList::GetHeadPositionI	ms937592	ee494173
CBaseList::GetI	ms937593	ee492960
CBaseList::GetNextI	ms937594	ee495487
CBaseList::GetTailPositionI	ms937595	ee492563
CBaseList::MoveToHead	ms937596	ee495885
CBaseList::MoveToTail	ms937597	ee494191
CBaseList::Next	ms937598	ee495929
CBaseList::Prev	ms937599	ee493793
CBaseList::RemoveAll	ms937600	ee492952
CBaseList::RemoveHeadI	ms937601	ee494363
CBaseList::RemoveI	ms937602	ee492342
CBaseList::RemoveTailI	ms937603	ee496012
CBaseList::Reverse	ms937604	ee493165
CBaseMediaFilter Class	ms937606	-
CBaseMediaFilter::CBaseMediaFilter	ms937605	ee496358
CBaseMediaFilter::GetClassID	ms937607	ee495891
CBaseMediaFilter::GetState	ms937608	ee496172
CBaseMediaFilter::GetSyncSource	ms937609	ee496030
CBaseMediaFilter::IsActive	ms937610	ee495884
CBaseMediaFilter::NonDelegatingQueryInterface	ms937611	ee496331
CBaseMediaFilter::Pause	ms937612	ee496262
CBaseMediaFilter::Run	ms937613	ee492508
CBaseMediaFilter::SetSyncSource	ms937614	ee494020
CBaseMediaFilter::Stop	ms937615	ee493987
CBaseMediaFilter::StreamTime	ms937616	ee493618
CBaseObject Class	ms937618	-
CBaseObject::CBaseObject	ms937617	ee493133
CBaseObject::ObjectsActive	ms937619	ee495477
CBaseOutputPin Class	ms937625	-
CBaseOutputPin::Active	ms937620	ee494540
CBaseOutputPin::BeginFlush	ms937621	ee495711
CBaseOutputPin::BreakConnect	ms937622	ee492483
CBaseOutputPin::CBaseOutputPin	ms937623	ee495483
CBaseOutputPin::CheckConnect	ms937624	ee494984
CBaseOutputPin::CompleteConnect	ms937626	ee494331
CBaseOutputPin::DecideAllocator	ms937627	ee495364
CBaseOutputPin::DecideBufferSize	ms937628	ee495957
CBaseOutputPin::Deliver	ms937629	ee494217
CBaseOutputPin::DeliverBeginFlush	ms937630	ee494753
CBaseOutputPin::DeliverEndFlush	ms937631	ee493558
CBaseOutputPin::DeliverEndOfStream	ms937632	ee493606
CBaseOutputPin::DeliverNewSegment	ms937633	ee495239
CBaseOutputPin::EndFlush	ms937634	ee494613
CBaseOutputPin::EndOfStream	ms937642	ee493765
CBaseOutputPin::GetDeliveryBuffer	ms937750	ee492491
CBaseOutputPin::Inactive	ms937761	ee495923
CBaseOutputPin::InitAllocator	ms937769	ee496463
CBasePin Class	ms938008	-
CBasePin::Active	ms937787	ee496087
CBasePin::AgreeMediaType	ms937793	ee495737
CBasePin::AttemptConnection	ms937800	ee493376
CBasePin::BreakConnect	ms937906	ee493519
CBasePin::CBasePin	ms937990	ee494415
CBasePin::CheckConnect	ms937992	ee494962
CBasePin::CheckMediaType	ms938003	ee495017
CBasePin::CompleteConnect	ms938011	ee493988
CBasePin::Connect	ms938016	ee495294
CBasePin::ConnectedTo	ms938022	ee493138
CBasePin::ConnectionMediaType	ms938024	ee494170
CBasePin::CurrentRate	ms938030	ee496336
CBasePin::CurrentStartTime	ms938033	ee493319
CBasePin::CurrentStopTime	ms938039	ee495496
CBasePin::Disconnect	ms938042	ee496327
CBasePin::DisplayPinInfo	ms938046	ee494609
CBasePin::DisplayTypeInfo	ms938049	ee494632
CBasePin::EndOfStream	ms938055	ee496474
CBasePin::EnumMediaTypes	ms938060	ee495494
CBasePin::GetConnected	ms938061	ee495329
CBasePin::GetMediaType	ms938068	ee495691
CBasePin::GetMediaTypeVersion	ms938072	ee492715
CBasePin::Inactive	ms938077	ee493808
CBasePin::IncrementTypeVersion	ms938083	ee494827
CBasePin::IsConnected	ms938084	ee493571
CBasePin::IsStopped	ms938091	ee494172
CBasePin::Name	ms938108	ee496003
CBasePin::NewSegment	ms938112	ee492382
CBasePin::NonDelegatingAddRef	ms938118	ee492991
CBasePin::NonDelegatingQueryInterface	ms938120	ee495579
CBasePin::NonDelegatingRelease	ms938124	ee493136
CBasePin::Notify	ms938128	ee495155
CBasePin::QueryAccept	ms938132	ee493960
CBasePin::QueryDirection	ms938136	ee492745
CBasePin::QueryId	ms938140	ee496119
CBasePin::QueryInternalConnections	ms938145	ee494018
CBasePin::QueryPinInfo	ms938148	ee495235
CBasePin::ReceiveConnection	ms938154	ee494022
CBasePin::Run	ms938159	ee496332
CBasePin::SetMediaType	ms938163	ee495279
CBasePin::SetSink	ms938168	ee492527
CBasePin::TryMediaTypes	ms938173	ee494835
CBasePropertyPage Class	ms938193	-
CBasePropertyPage::Activate	ms938177	ee494826
CBasePropertyPage::Apply	ms938184	ee493566
CBasePropertyPage::CBasePropertyPage	ms938186	ee493411
CBasePropertyPage::Deactivate	ms938194	ee495031
CBasePropertyPage::GetPageInfo	ms938199	ee494979
CBasePropertyPage::Help	ms938202	ee492752
CBasePropertyPage::IsPageDirty	ms938206	ee494570
CBasePropertyPage::Move	ms938210	ee495359
CBasePropertyPage::OnActivate	ms938245	ee493404
CBasePropertyPage::OnApplyChanges	ms938249	ee494950
CBasePropertyPage::OnConnect	ms938255	ee493970
CBasePropertyPage::OnDeactivate	ms938258	ee492554
CBasePropertyPage::OnDisconnect	ms938263	ee495173
CBasePropertyPage::OnReceiveMessage	ms938268	ee495715
CBasePropertyPage::SetObjects	ms938273	ee492975
CBasePropertyPage::SetPageSite	ms938277	ee495024
CBasePropertyPage::Show	ms938282	ee493410
CBasePropertyPage::TranslateAccelerator	ms938287	ee492384
CBasePropertyPage::m_DialogId	ms938219	ee495771
CBasePropertyPage::m_Dlg	ms938227	ee494573
CBasePropertyPage::m_TitleId	ms938240	ee495289
CBasePropertyPage::m_bDirty	ms938215	ee494964
CBasePropertyPage::m_hwnd	ms938230	ee493329
CBasePropertyPage::m_pPageSite	ms938235	ee496473
CBasePropertyPage::~CBasePropertyPage	ms938294	ee495192
CBaseReferenceClock Class	ms938312	-
CBaseReferenceClock::AdvisePeriodic	ms938296	ee494398
CBaseReferenceClock::AdviseTime	ms938301	ee493412
CBaseReferenceClock::CBaseReferenceClock	ms938308	ee495729
CBaseReferenceClock::GetPrivateTime	ms938318	ee496713
CBaseReferenceClock::GetSchedule	ms938320	ee495274
CBaseReferenceClock::GetTime	ms938328	ee496535
CBaseReferenceClock::NonDelegatingQueryInterface	ms938331	ee494376
CBaseReferenceClock::SetTimeDelta	ms938340	ee494991
CBaseReferenceClock::TriggerThread	ms938342	ee492565
CBaseReferenceClock::Unadvise	ms938348	ee493821
CBaseRenderer Class	ms938389	-
CBaseRenderer::Active	ms938351	ee493189
CBaseRenderer::BeginFlush	ms938357	ee495524
CBaseRenderer::BreakConnect	ms938365	ee493989
CBaseRenderer::CBaseRenderer	ms938374	ee496350
CBaseRenderer::CancelNotification	ms938370	ee492531
CBaseRenderer::CheckMediaType	ms938380	ee493118
CBaseRenderer::CheckReady	ms938385	ee494197
CBaseRenderer::ClearPendingSample	ms938393	ee495010
CBaseRenderer::CompleteConnect	ms938398	ee492929
CBaseRenderer::CompleteStateChange	ms938403	ee494614
CBaseRenderer::DisplayRendererState	ms938415	ee493131
CBaseRenderer::DoRenderSample	ms938423	ee496043
CBaseRenderer::EndFlush	ms938431	ee493360
CBaseRenderer::EndOfStream	ms906500	ee493993
CBaseRenderer::FindPin	ms906508	ee493951
CBaseRenderer::GetCurrentSample	ms926228	ee495776
CBaseRenderer::GetMediaPositionInterface	ms926237	ee496310
CBaseRenderer::GetPin	ms906554	ee494769
CBaseRenderer::GetPinCount	ms906561	ee493971
CBaseRenderer::GetRealState	ms906569	ee492559
CBaseRenderer::GetRenderEvent	ms906577	ee495207
CBaseRenderer::GetSampleTimes	ms906581	ee493784
CBaseRenderer::GetState	ms906583	ee495486
CBaseRenderer::HaveCurrentSample	ms906588	ee494615
CBaseRenderer::Inactive	ms906593	ee493169
CBaseRenderer::IsEndOfStream	ms906598	ee494799
CBaseRenderer::IsEndOfStreamDelivered	ms906603	ee493805
CBaseRenderer::IsStreaming	ms906609	ee492322
CBaseRenderer::NonDelegatingQueryInterface	ms906615	ee494008
CBaseRenderer::NotReady	ms906623	ee495016
CBaseRenderer::NotifyEndOfStream	ms906618	ee495978
CBaseRenderer::OnReceiveFirstSample	ms906625	ee493142
CBaseRenderer::OnRenderEnd	ms906628	ee494546
CBaseRenderer::OnRenderStart	ms906632	ee493198
CBaseRenderer::OnStartStreaming	ms906637	ee495310
CBaseRenderer::OnStopStreaming	ms906641	ee495234
CBaseRenderer::OnWaitEnd	ms906644	ee495968
CBaseRenderer::OnWaitStart	ms906647	ee494976
CBaseRenderer::Pause	ms906649	ee492928
CBaseRenderer::PrepareReceive	ms906654	ee493563
CBaseRenderer::PrepareRender	ms906658	ee492704
CBaseRenderer::Ready	ms906672	ee496702
CBaseRenderer::Receive	ms906677	ee495503
CBaseRenderer::Render	ms906681	ee493178
CBaseRenderer::ResetEndOfStream	ms906685	ee496297
CBaseRenderer::ResetEndOfStreamTimer	ms906688	ee492302
CBaseRenderer::Run	ms906692	ee492971
CBaseRenderer::ScheduleSample	ms906696	ee495732
CBaseRenderer::SendEndOfStream	ms906698	ee494958
CBaseRenderer::SendNotifyWindow	ms906701	ee494343
CBaseRenderer::SendRepaint	ms906704	ee494334
CBaseRenderer::SetAbortSignal	ms906707	ee495964
CBaseRenderer::SetMediaType	ms906710	ee493776
CBaseRenderer::SetRepaintStatus	ms906713	ee495756
CBaseRenderer::ShouldDrawSampleNow	ms906717	ee494742
CBaseRenderer::SignalTimerFired	ms906718	ee496326
CBaseRenderer::SourceThreadCanWait	ms906719	ee496131
CBaseRenderer::StartStreaming	ms906724	ee494344
CBaseRenderer::Stop	ms906729	ee493577
CBaseRenderer::StopStreaming	ms906734	ee495694
CBaseRenderer::TimerCallback	ms906738	ee495313
CBaseRenderer::WaitForReceiveToComplete	ms906740	ee495482
CBaseRenderer::WaitForRenderTime	ms906743	ee492533
CBaseStreamControl Class	ms906750	-
CBaseStreamControl::CBaseStreamControl	ms906745	ee495507
CBaseStreamControl::CheckStreamState	ms906748	ee492319
CBaseStreamControl::Flushing	ms906752	ee496295
CBaseStreamControl::GetInfo	ms906754	ee496286
CBaseStreamControl::NotifyFilterState	ms906758	ee493344
CBaseStreamControl::SetFilterGraph	ms906762	ee494552
CBaseStreamControl::SetSyncSource	ms906768	ee496487
CBaseStreamControl::StartAt	ms938455	ee496549
CBaseStreamControl::StopAt	ms938460	ee495726
CBaseVideoRenderer Class	ms938474	-
CBaseVideoRenderer::CBaseVideoRenderer	ms938464	ee495881
CBaseVideoRenderer::GetStdDev	ms938541	ee493526
CBaseVideoRenderer::JoinFilterGraph	ms938551	ee492693
CBaseVideoRenderer::NonDelegatingQueryInterface	ms938561	ee492540
CBaseVideoRenderer::Notify	ms938571	ee494386
CBaseVideoRenderer::OnDirectRender	ms938581	ee494381
CBaseVideoRenderer::OnRenderEnd	ms938590	ee495212
CBaseVideoRenderer::OnRenderStart	ms938602	ee496708
CBaseVideoRenderer::OnStartStreaming	ms938614	ee496678
CBaseVideoRenderer::OnStopStreaming	ms938623	ee496712
CBaseVideoRenderer::OnWaitEnd	ms938639	ee492335
CBaseVideoRenderer::OnWaitStart	ms938648	ee493794
CBaseVideoRenderer::PreparePerformanceData	ms938661	ee495533
CBaseVideoRenderer::RecordFrameLateness	ms938675	ee496103
CBaseVideoRenderer::ResetStreamingTimes	ms938683	ee496536
CBaseVideoRenderer::ScheduleSample	ms926248	ee494625
CBaseVideoRenderer::SendQuality	ms926258	ee493399
CBaseVideoRenderer::SetSink	ms926270	ee492974
CBaseVideoRenderer::ShouldDrawSampleNow	ms926285	ee495995
CBaseVideoRenderer::ThrottleWait	ms926294	ee495228
CBaseVideoRenderer::get_AvgFrameRate	ms938484	ee492694
CBaseVideoRenderer::get_AvgSyncOffset	ms938491	ee493315
CBaseVideoRenderer::get_DevSyncOffset	ms938502	ee493789
CBaseVideoRenderer::get_FramesDrawn	ms938512	ee493532
CBaseVideoRenderer::get_FramesDroppedInRenderer	ms938521	ee492489
CBaseVideoRenderer::get_Jitter	ms938530	ee495713
CBaseVideoWindow Class	ms926318	-
CBaseVideoWindow::CBaseVideoWindow	ms926306	ee492755
CBaseVideoWindow::GetIDsOfNames	ms926328	ee495519
CBaseVideoWindow::GetTypeInfo	ms926337	ee495741
CBaseVideoWindow::GetTypeInfoCount	ms926345	ee494985
CBaseVideoWindow::Invoke	ms926346	ee495308
CBaseVideoWindow::NonDelegatingQueryInterface	ms926347	ee494175
CBaseWindow Class	ms926350	-
CBaseWindow::ActivateWindow	ms926348	ee495767
CBaseWindow::CBaseWindow	ms926349	ee493342
CBaseWindow::DoneWithWindow	ms926351	ee492488
CBaseWindow::GetClassWindowStyles	ms926352	ee493538
CBaseWindow::GetWindowHWND	ms926353	ee492311
CBaseWindow::InactivateWindow	ms926354	ee495523
CBaseWindow::InitialiseWindow	ms926355	ee495040
CBaseWindow::OnClose	aa451466	ee496723
CBaseWindow::OnReceiveMessage	aa451467	ee494359
CBaseWindow::PossiblyEatMessage	aa451468	ee494141
CBaseWindow::PrepareWindow	aa451469	ee494418
CBaseWindow::UninitialiseWindow	aa451470	ee492709
CBasicAudio Class	aa451472	-
CBasicAudio::CBasicAudio	aa451471	ee493166
CBasicAudio::GetIDsOfNames	aa451473	ee494967
CBasicAudio::GetTypeInfo	aa451474	ee492484
CBasicAudio::GetTypeInfoCount	aa451475	ee495324
CBasicAudio::Invoke	aa451476	ee492285
CBasicAudio::NonDelegatingQueryInterface	aa451477	ee494809
CCHookProc	ms908071	ee504873
CCritSec Class	aa451479	-
CCritSec Debug Functions	aa451480	-
CCritSec::CCritSec	aa451478	ee493597
CCritSec::Lock	aa451481	ee493998
CCritSec::Unlock	aa451482	ee494193
CD/UDFS File System	ms885276	-
CD/UDFS File System Registry Settings	ms885283	-
CDM_SETDEFEXT	ms908072	ee501997
CDN_TYPECHANGE	ms908073	ee500501
CDROM_DISCINFO	aa447655	ee483094
CDROM_PLAY_AUDIO_MSF	aa447656	ee483643
CDROM_READ	aa447657	ee486659
CDROM_TESTUNITREADY	aa447658	ee483387
CDROM_TOC	aa447659	ee481701
CD_SENSE_DATA	aa447660	ee483463
CDisp Class	aa451486	-
CDisp::CDisp	aa451485	ee492702
CDispBasic Class	aa451484	-
CDispBasic::CDispBasic	aa451483	ee496721
CEBLOB (CEDB)	aa516981	ee489734
CEDB Database Support	ms885296	-
CEDB Functions	aa516925	-
CEDB Reference	ms892384	-
CEDB Structures	aa516931	-
CEDBASEINFO (CEDB)	aa516991	ee489526
CEDBASEINFOEX (CEDB)	aa516992	ee490380
CEDBASEINFOEX (EDB)	aa516993	ee490234
CEDB_FIND_DATA	aa513341	ee496610
CEDDK Dynamic-Link Library Address Mapping Functions	ms894807	-
CEDDK Dynamic-Link Library Bus Access Enumerations	ms894826	-
CEDDK Dynamic-Link Library Bus Access Functions	aa447661	-
CEDDK Dynamic-Link Library Bus Access IOCTLs	ms894814	ee481857
CEDDK Dynamic-Link Library DMA Functions	aa447662	-
CEDDK Dynamic-Link Library DMA Structures	ms894823	-
CEDDK Dynamic-Link Library I/O Functions	ms894829	-
CEDEVICE_POWER_STATE	aa447663	ee497766
CEDIRINFO	aa517001	ee490596
CEFILEINFO	aa517101	ee490784
CEL_CRITSEC_DELETE	ms885146	ee488553
CEL_CRITSEC_ENTER	aa450798	ee488566
CEL_CRITSEC_INIT	ms885147	ee488206
CEL_CRITSEC_LEAVE	aa450799	ee488179
CEL_DATA_LOSS	aa450800	ee487975
CEL_DEBUG_MSG	aa451045	ee488213
CEL_EVENT_CLOSE	aa450801	ee488190
CEL_EVENT_CREATE	aa450802	ee488634
CEL_EVENT_DELETE	aa450803	ee487946
CEL_EVENT_PULSE	aa450804	ee487956
CEL_EVENT_RESET	aa450805	ee488006
CEL_EVENT_SET	aa450806	ee488633
CEL_EXTRA_MODULE_INFO	ms885148	ee488774
CEL_EXTRA_PROCESS_INFO	ms885149	ee487961
CEL_HEADER	aa450807	ee488389
CEL_HEAP_ALLOC	aa450808	ee488571
CEL_HEAP_CREATE	aa450809	ee488643
CEL_HEAP_DESTROY	aa450810	ee488212
CEL_HEAP_FREE	aa450811	ee488360
CEL_HEAP_REALLOC	aa450812	ee488647
CEL_INTERRUPTS	aa450814	ee488029
CEL_INT_DATA	aa450813	ee488210
CEL_LOG_MARKER	aa450815	ee488782
CEL_MAPFILE_CREATE	aa451047	ee488044
CEL_MAPFILE_DESTROY	aa451049	ee488760
CEL_MAPFILE_FLUSH	aa451051	ee488425
CEL_MAPFILE_VIEW_CLOSE	aa451053	ee488589
CEL_MAPFILE_VIEW_OPEN	aa451055	ee488407
CEL_MAPFLUSH_TYPE	aa451058	ee488396
CEL_MEMTRACK_BASELINE	aa450816	ee488775
CEL_MODULE_FREE	aa450817	ee488936
CEL_MODULE_LOAD	aa450818	ee488239
CEL_MODULE_REFERENCES	ms885150	ee488559
CEL_MUTEX_CLOSE	aa450819	ee488015
CEL_MUTEX_CREATE	aa450820	ee488397
CEL_MUTEX_DELETE	aa450821	ee488359
CEL_MUTEX_RELEASE	aa450822	ee488424
CEL_PROCESS_CLOSE	aa450829	ee488224
CEL_PROCESS_CREATE	aa450830	ee488001
CEL_PROCESS_DELETE	ms884894	ee488598
CEL_PROCESS_REFCOUNT	ms885151	ee488217
CEL_PROCESS_TERMINATE	ms884998	ee488226
CEL_SEM_CLOSE	ms885107	ee488602
CEL_SEM_CREATE	ms885117	ee488759
CEL_SEM_DELETE	ms885125	ee488905
CEL_SEM_RELEASE	ms885126	ee488788
CEL_SLEEP	ms885127	ee488597
CEL_SYSTEM_INVERT	ms885128	ee488594
CEL_SYSTEM_PAGE	ms885129	ee487952
CEL_SYSTEM_TLB	ms885130	ee488790
CEL_THREAD_CLOSE	ms885131	ee488935
CEL_THREAD_CREATE	ms885132	ee488018
CEL_THREAD_DELETE	ms885133	ee488229
CEL_THREAD_MIGRATE	ms885134	ee488371
CEL_THREAD_PRIORITY	ms885135	ee488628
CEL_THREAD_QUANTUM	ms885136	ee488198
CEL_THREAD_RESUME	ms885137	ee488584
CEL_THREAD_SUSPEND	ms885138	ee488420
CEL_THREAD_SWITCH	ms885139	ee488435
CEL_THREAD_TERMINATE	ms885140	ee488411
CEL_VIRTUAL_ALLOC	ms885141	ee488395
CEL_VIRTUAL_COPY	ms885142	ee488194
CEL_VIRTUAL_FREE	ms885143	ee488195
CEL_WAIT_MULTI	ms885145	ee488914
CEM_ENABLEUPCASE	ms908080	ee503180
CEM_UPCASEALLWORDS	ms908081	ee501760
CENOTIFICATION (CEDB)	aa517186	ee490156
CENOTIFYREQUEST (CEDB)	aa517189	ee489793
CEOIDINFO (CEDB)	aa517207	ee489759
CEOIDINFOEX (CEDB)	aa517208	ee490549
CEOIDINFOEX (EDB)	aa517210	ee490611
CEOSVERSIONINFO	aa513381	ee497088
CEPROPSPEC (EDB)	aa517225	ee490040
CEPROPVAL (CEDB)	aa517227	ee490426
CERECORDINFO (CEDB)	aa517237	ee490355
CERTSRV Error Codes	aa451023	ee488175
CERT_ACCESS_DESCRIPTION	ms937017	ee498183
CERT_ALT_NAME_ENTRY	ms937024	ee498785
CERT_ALT_NAME_INFO	ms937025	ee498112
CERT_AUTHORITY_INFO_ACCESS	ms937026	ee498308
CERT_AUTHORITY_KEY_ID2_INFO	ms937027	ee498867
CERT_AUTHORITY_KEY_ID_INFO	ms937028	ee498873
CERT_BASIC_CONSTRAINTS2_INFO	ms937029	ee498524
CERT_BASIC_CONSTRAINTS_INFO	ms937030	ee498117
CERT_CHAIN_CONTEXT	ms937031	ee497976
CERT_CHAIN_ELEMENT	ms937032	ee497988
CERT_CHAIN_ENGINE_CONFIG	ms937033	ee498705
CERT_CHAIN_PARA	ms937034	ee497918
CERT_CONTEXT	ms937040	ee498773
CERT_EXTENSION	ms937651	ee498161
CERT_ID	ms937671	ee498769
CERT_INFO	ms937672	ee498367
CERT_ISSUER_SERIAL_NUMBER	ms937675	ee498728
CERT_KEYGEN_REQUEST_INFO	ms937678	ee498108
CERT_KEY_ATTRIBUTES_INFO	ms937676	ee498847
CERT_KEY_CONTEXT	ms937677	ee498745
CERT_KEY_USAGE_RESTRICTION_INFO	ms937679	ee498760
CERT_NAME_INFO	ms937680	ee498297
CERT_POLICIES_INFO	ms937685	ee498303
CERT_POLICY_ID	ms937686	ee498543
CERT_POLICY_INFO	ms937687	ee498148
CERT_POLICY_QUALIFIER_INFO	ms937688	ee498138
CERT_PRIVATE_KEY_VALIDITY	ms937689	ee497923
CERT_PUBLIC_KEY_INFO	ms937690	ee498199
CERT_RDN	ms937691	ee498557
CERT_RDN_ATTR	ms937692	ee498325
CERT_REQUEST_INFO	ms937695	ee497963
CERT_SIGNED_CONTENT_INFO	ms937701	ee498768
CERT_SIMPLE_CHAIN	ms937702	ee497928
CERT_SYSTEM_STORE_INFO	ms937704	ee498708
CERT_SYSTEM_STORE_RELOCATE_PARA	ms937705	ee498379
CERT_TRUST_LIST_INFO	ms937706	ee498381
CERT_TRUST_STATUS	ms937707	ee498329
CERT_USAGE_MATCH	ms937708	ee498706
CETK NDIS Test Pass Criteria	aa448268	-
CEVALUNION (CEDB)	aa517283	ee490225
CEVOLUMEOPTIONS (EDB)	aa516924	ee490634
CE_FIND_DATA	aa513350	ee497239
CE_NOTIFICATION_INFO_HEADER	ms908082	ee505719
CE_NOTIFICATION_TRIGGER	ms908083	ee506153
CE_REGISTRY_INFO	aa517289	ee490786
CE_USER_NOTIFICATION	ms908106	ee505252
CE_VOLUME_INFO	aa517292	ee490617
CEnumMediaTypes Class	aa451490	-
CEnumMediaTypes::AddRef	aa451488	ee493559
CEnumMediaTypes::CEnumMediaTypes	aa451489	ee494839
CEnumMediaTypes::Clone	aa451491	ee492720
CEnumMediaTypes::Next	aa451492	ee492956
CEnumMediaTypes::QueryInterface	aa451493	ee496705
CEnumMediaTypes::Release	aa451494	ee495576
CEnumMediaTypes::Reset	aa451495	ee492687
CEnumMediaTypes::Skip	aa451496	ee496513
CEnumPins Class	aa451499	-
CEnumPins::AddRef	aa451497	ee495512
CEnumPins::CEnumPins	aa451498	ee496341
CEnumPins::Clone	aa451500	ee495322
CEnumPins::Next	aa451501	ee494547
CEnumPins::QueryInterface	aa451502	ee496675
CEnumPins::Release	aa451503	ee496651
CEnumPins::Reset	aa451504	ee496125
CEnumPins::Skip	aa451505	ee495683
CFF_CONVERTINFO	aa513851	ee487171
CFF_CONVERTOPTIONS	aa513853	ee486126
CFF_DESTINATIONFILE	aa513854	ee484361
CFF_SOURCEFILE	aa513855	ee483507
CFHookProc	ms908107	ee505435
CFactoryTemplate Class	aa451506	-
CFactoryTemplate::CreateInstance	aa451507	ee494608
CFactoryTemplate::IsClassID	aa451508	ee495750
CGenericList Class	aa451514	-
CGenericList::AddAfter	aa451509	ee492512
CGenericList::AddBefore	aa451510	ee495276
CGenericList::AddHead	aa451511	ee494577
CGenericList::AddTail	aa451512	ee493340
CGenericList::CGenericList	aa451513	ee495905
CGenericList::Find	aa451515	ee496143
CGenericList::Get	aa451516	ee496335
CGenericList::GetCount	aa451517	ee495119
CGenericList::GetHead	aa451518	ee496304
CGenericList::GetHeadPosition	aa451519	ee493341
CGenericList::GetNext	aa451520	ee492350
CGenericList::GetTailPosition	aa451521	ee496107
CGenericList::Remove	aa451522	ee493366
CGenericList::RemoveHead	aa451523	ee495131
CGenericList::RemoveTail	aa451524	ee496118
CGuidNameList Class	aa451525	-
CGuidNameList::operator []	aa451526	ee494583
CHANNEL_DEF	aa513856	ee483525
CHANNEL_ENTRY_POINTS	aa513858	ee486140
CHANNEL_ENTRY_POINTS_EX	aa513861	-
CHANNEL_PDU_HEADER	aa513859	ee487243
CHARSETINFO	ms885163	ee488442
CHDIR, CD	ms908110	ee502539
CHECK_INVALIDGUID	aa517295	ee490402
CHECK_SYSTEMGUID	aa517298	ee490606
CHOOSECOLOR (structure)	ms928580	ee504571
CHOOSEFONT (structure)	ms928582	ee501939
CImeCUICandWindow	ms904639	-
CImeCUICandWindow::CBottomInfoArea::CButton::AdjustRect	ms904640	ee491006
CImeCUICandWindow::CBottomInfoArea::CButton::PaintBackground	ms904641	ee491564
CImeCUICandWindow::CBottomInfoArea::CButton::PaintIcon	ms904642	ee490922
CImeCUICandWindow::CBottomInfoArea::GetMargins	ms904643	ee492096
CImeCUICandWindow::CBottomInfoArea::GetTextColor	ms904644	ee491936
CImeCUICandWindow::CBottomInfoArea::IsAvailable	ms904645	ee491354
CImeCUICandWindow::CBottomInfoArea::PaintBackground	ms904646	ee491709
CImeCUICandWindow::CBottomInfoArea::UseCandMenuButton	ms904647	ee491552
CImeCUICandWindow::CBottomInfoArea::UseCandNumText	ms904648	ee491787
CImeCUICandWindow::CBottomInfoArea::UseSortButton	ms904649	ee491986
CImeCUICandWindow::CCandListArea::GetMargins	ms904650	ee491004
CImeCUICandWindow::CCandListArea::Item::CreateRenderingMetrics	ms904651	ee491149
CImeCUICandWindow::CCandListArea::Item::FreeRenderingMetrics	ms904652	ee491627
CImeCUICandWindow::CCandListArea::Item::GetSize	ms904653	ee491128
CImeCUICandWindow::CCandListArea::Item::PaintBackground	ms904654	ee491171
CImeCUICandWindow::CCandListArea::Item::PaintCandidateString	ms904655	ee491353
CImeCUICandWindow::CCandListArea::Item::PaintInlineComment	ms904656	ee491341
CImeCUICandWindow::CCandListArea::Item::SetSize	ms904657	ee491756
CImeCUICandWindow::CCandListArea::PaintBackground	ms904658	ee491960
CImeCUICandWindow::CCandListArea::ScrollBar::IsVisibleAlways	ms904659	ee490920
CImeCUICandWindow::CNumButton::AdjustRect	ms904660	ee492148
CImeCUICandWindow::CNumButton::PaintBackground	ms904661	ee491985
CImeCUICandWindow::CNumButton::PaintIcon	ms904662	ee491955
CImeCUICandWindow::CReadingsArea::CButton::AdjustRect	ms904663	ee491530
CImeCUICandWindow::CReadingsArea::CButton::PaintBackground	ms904664	ee491791
CImeCUICandWindow::CReadingsArea::CButton::PaintBitmap	ms904665	ee491741
CImeCUICandWindow::CReadingsArea::CButton::PaintText	ms904667	ee492144
CImeCUICandWindow::CReadingsArea::GetMargins	ms904668	ee491715
CImeCUICandWindow::CReadingsArea::GetTextColor	ms904669	ee491753
CImeCUICandWindow::CReadingsArea::IsAvailable	ms904670	ee491200
CImeCUICandWindow::CReadingsArea::PaintBackground	ms904671	ee491705
CImeCUICandWindow::GetHorizontalOffset	ms904672	ee490930
CImeCUICandWindow::GetMargins	ms904673	ee490943
CImeCUICandWindow::GetMaxHeight	ms904674	ee491894
CImeCUICandWindow::GetMaxItems	ms904675	ee491716
CImeCUICandWindow::GetWndStyle	ms904676	ee491788
CImeCUICandWindow::GetWndStyleEx	ms904677	ee491346
CImeCUICandWindow::IsHoverActionSupported	ms904678	ee491618
CImeCUICandWindow::PaintBackground	ms904679	ee491167
CImeCUICandWindow::UseNumButtons	ms904680	ee491928
CImeCUIDefCompWindow	ms904681	-
CImeCUIDefCompWindow::CloseButton::AdjustRect	ms904682	ee491198
CImeCUIDefCompWindow::CloseButton::GetSize	ms904683	ee491916
CImeCUIDefCompWindow::CloseButton::PaintBackground	ms904684	ee491617
CImeCUIDefCompWindow::CloseButton::PaintBitmap	ms904685	ee491712
CImeCUIDefCompWindow::CompArea::GetMargins	ms904686	ee492109
CImeCUIDefCompWindow::GetMargins	ms904687	ee490954
CImeCUIDefCompWindow::GetTextColor	ms904688	ee491969
CImeCUIDefCompWindow::GetWndStyle	ms904689	ee491380
CImeCUIDefCompWindow::GetWndStyleEx	ms904690	ee492139
CImeCUIDefCompWindow::IsHoverActionSupported	ms904691	ee491537
CImeCUIDefCompWindow::PaintBackground	ms904692	ee491786
CImeCUIDefCompWindow::PaintGripper	ms904693	ee491386
CImeCUIToolBar	ms904694	-
CImeCUIToolBar::Button::AdjustRect	ms904695	ee491352
CImeCUIToolBar::Button::GetSize	ms904698	ee491949
CImeCUIToolBar::Button::PaintBackground	ms904699	ee491967
CImeCUIToolBar::Button::PaintBitmap	ms904700	ee491382
CImeCUIToolBar::Button::PaintIcon	ms904701	ee491918
CImeCUIToolBar::ButtonArea::GetMargins	ms904696	ee491620
CImeCUIToolBar::ButtonArea::GetSeparator	ms904697	ee491632
CImeCUIToolBar::GetMargins	ms904702	ee491710
CImeCUIToolBar::GetWndStyle	ms904703	ee490966
CImeCUIToolBar::GetWndStyleEx	ms904704	ee491769
CImeCUIToolBar::IsHoverActionSupported	ms904705	ee491706
CImeCUIToolBar::OnOffButton::AdjustRect	ms904706	ee491606
CImeCUIToolBar::OnOffButton::GetSize	ms904707	ee491542
CImeCUIToolBar::OnOffButton::PaintBackground	ms904708	ee491629
CImeCUIToolBar::OnOffButton::PaintBitmap	ms904709	ee492117
CImeCUIToolBar::PaintBackground	ms904710	ee491415
CImeCUIToolBar::PaintGripper	ms904711	ee492114
CIsochronousPipe Class and CIsochTransfer Class Relationship	ms891069	ee485301
CLIENT_CALLBACK	aa447667	ee486713
CLIPOBJ_bEnum	aa447668	ee483612
CLIPOBJ_cEnumStart	aa447669	ee485028
CLS	ms928588	ee505314
CLSCTX	ms863882	ee488717
CLSID Key	ms862109	ee488140
CLSIDFromProgID	ms863883	ee488120
CLSIDFromString	ms863884	ee489033
CLoadDirectDraw Class	aa451533	-
CLoadDirectDraw::CLoadDirectDraw	aa451534	ee495686
CLoadDirectDraw::GetDirectDraw	aa451535	ee494561
CLoadDirectDraw::IsDirectDrawLoaded	aa451536	ee492705
CLoadDirectDraw::IsDirectDrawVersion1	aa451537	ee493736
CLoadDirectDraw::LoadDirectDraw	aa451538	ee495206
CLoadDirectDraw::ReleaseDirectDraw	aa451539	ee496743
CMSG_CMS_RECIPIENT_INFO	ms937712	ee498300
CMSG_CMS_SIGNER_INFO	ms937713	ee498766
CMSG_CTRL_ADD_SIGNER_UNAUTH_ATTR_PARA	ms937714	ee498526
CMSG_CTRL_DECRYPT_PARA	ms937715	ee498774
CMSG_CTRL_DEL_SIGNER_UNAUTH_ATTR_PARA	ms937716	ee498743
CMSG_CTRL_KEY_AGREE_DECRYPT_PARA	ms937717	ee498573
CMSG_CTRL_VERIFY_SIGNATURE_EX_PARA	ms937718	ee498321
CMSG_ENVELOPED_ENCODE_INFO	ms938395	ee498372
CMSG_HASHED_ENCODE_INFO	ms937719	ee498521
CMSG_KEY_TRANS_RECIPIENT_INFO	ms938404	ee497941
CMSG_MAIL_LIST_RECIPIENT_INFO	ms937720	ee498892
CMSG_SIGNED_ENCODE_INFO	ms937721	ee498378
CMSG_SIGNER_ENCODE_INFO	ms937722	ee498203
CMSG_SIGNER_INFO	ms937723	ee498500
CMSG_STREAM_INFO	ms937724	ee497904
CMediaControl Class	aa451540	-
CMediaControl::CMediaControl	aa451541	ee495161
CMediaControl::GetIDsOfNames	aa451542	ee492758
CMediaControl::GetTypeInfo	aa451543	ee493760
CMediaControl::GetTypeInfoCount	aa451544	ee493819
CMediaControl::Invoke	aa451545	ee495471
CMediaControl::NonDelegatingQueryInterface	aa451546	ee493005
CMediaEvent Class	aa451547	-
CMediaEvent::CMediaEvent	aa451548	ee493941
CMediaEvent::GetIDsOfNames	aa451549	ee495195
CMediaEvent::GetTypeInfo	aa451550	ee496561
CMediaEvent::GetTypeInfoCount	aa451551	ee493730
CMediaEvent::Invoke	aa451552	ee494554
CMediaEvent::NonDelegatingQueryInterface	aa451553	ee493982
CMediaPosition Class	aa451554	-
CMediaPosition::CMediaPosition	aa451556	ee494168
CMediaPosition::GetIDsOfNames	aa451557	ee492935
CMediaPosition::GetTypeInfo	aa451558	ee492735
CMediaPosition::GetTypeInfoCount	aa451559	ee494965
CMediaPosition::Invoke	aa451560	ee493803
CMediaPosition::NonDelegatingQueryInterface	aa451561	ee494821
CMediaSample Class	aa451563	-
CMediaSample::AddRef	aa451562	ee492274
CMediaSample::CMediaSample	aa451564	ee492743
CMediaSample::GetActualDataLength	aa451565	ee493575
CMediaSample::GetMediaTime	aa451566	ee493147
CMediaSample::GetMediaType	ms926607	ee496338
CMediaSample::GetPointer	ms926682	ee493308
CMediaSample::GetSize	ms926690	ee494391
CMediaSample::GetTime	ms926691	ee496296
CMediaSample::IsDiscontinuity	ms926692	ee492481
CMediaSample::IsPreroll	ms926693	ee495716
CMediaSample::IsSyncPoint	ms926694	ee492569
CMediaSample::NonDelegatingQueryInterface	ms926695	ee492748
CMediaSample::QueryInterface	ms926696	ee496739
CMediaSample::Release	ms926697	ee494219
CMediaSample::SetActualDataLength	ms926698	ee496710
CMediaSample::SetDiscontinuity	ms926699	ee496653
CMediaSample::SetMediaTime	ms926700	ee493204
CMediaSample::SetMediaType	ms926701	ee495211
CMediaSample::SetPointer	ms926702	ee492747
CMediaSample::SetPreroll	ms926703	ee495570
CMediaSample::SetSyncPoint	ms926704	ee493323
CMediaSample::SetTime	ms926705	ee493186
CMediaType Class	ms926708	-
CMediaType::AllocFormatBuffer	ms926706	ee493580
CMediaType::CMediaType	ms926709	ee495196
CMediaType::Format	ms926710	ee496502
CMediaType::FormatLength	ms926711	ee496144
CMediaType::FormatType	ms926712	ee495783
CMediaType::GetSampleSize	ms926713	ee493932
CMediaType::InitMediaType	ms926714	ee496672
CMediaType::IsFixedSize	ms926715	ee493779
CMediaType::IsPartiallySpecified	ms926716	ee495493
CMediaType::IsTemporalCompressed	ms926717	ee493737
CMediaType::IsValid	ms926718	ee492933
CMediaType::MatchesPartial	ms926719	ee494761
CMediaType::ReallocFormatBuffer	ms926723	ee494840
CMediaType::ResetFormatBuffer	ms926724	ee493742
CMediaType::SetFormat	ms926725	ee494802
CMediaType::SetFormatType	ms926726	ee492526
CMediaType::SetSampleSize	ms926727	ee495357
CMediaType::SetSubtype	ms926728	ee492503
CMediaType::SetTemporalCompression	ms926729	ee494603
CMediaType::SetType	ms926730	ee494584
CMediaType::SetVariableSize	ms926731	ee495501
CMediaType::Subtype	ms926732	ee494949
CMediaType::Type	ms926733	ee495707
CMediaType::operator !=	ms926722	ee494342
CMediaType::operator =	ms926720	ee496268
CMediaType::operator ==	ms926721	ee494352
CMemAllocator Class	ms926735	-
CMemAllocator::Alloc	ms926734	ee496544
CMemAllocator::CMemAllocator	ms926736	ee496140
CMemAllocator::CreateInstance	ms926737	ee493994
CMemAllocator::Free	ms926738	ee494960
CMemAllocator::ReallyFree	ms926739	ee493940
CMemAllocator::SetProperties	ms926740	ee494550
CMsg Class	ms926741	-
CMsg::CMsg	ms926742	ee493792
CMsgThread Class	ms926743	-
CMsgThread::CMsgThread	ms926744	ee492683
CMsgThread::CreateThread	ms926745	ee494215
CMsgThread::GetThreadHandle	ms926746	ee495311
CMsgThread::GetThreadID	ms926747	ee495306
CMsgThread::GetThreadMsg	ms926748	ee493587
CMsgThread::GetThreadPriority	ms926749	ee495901
CMsgThread::OnThreadInit	ms926750	ee495150
CMsgThread::PutThreadMsg	ms926751	ee492532
CMsgThread::ResumeThread	ms926752	ee494565
CMsgThread::SetThreadPriority	ms926753	ee494166
CMsgThread::SuspendThread	ms926754	ee494397
CMsgThread::ThreadMessageProc	ms926755	ee495753
CMsgThread::WaitForThreadExit	ms926756	ee495939
COARefTime Class	ms926757	-
COARefTime::COARefTime	ms926758	ee495514
COARefTime::Operator !=	ms926763	ee494003
COARefTime::Operator &gt;	ms926765	-
COARefTime::Operator &gt;=	ms926766	-
COARefTime::Operator &lt;	ms926767	-
COARefTime::Operator &lt;=	ms926768	-
COARefTime::Operator *	ms926760	ee495577
COARefTime::Operator +	ms926771	ee492284
COARefTime::Operator +=	ms926772	ee492990
COARefTime::Operator -	ms926769	ee492486
COARefTime::Operator -=	ms926770	ee493732
COARefTime::Operator /	ms926764	ee494948
COARefTime::Operator =	ms926761	ee492982
COARefTime::Operator ==	ms926762	ee493962
COARefTime::double	ms926759	ee494013
COAUTHIDENTITY	ms863886	ee488549
COAUTHINFO	ms863887	ee489371
COLORKEY	ms926774	ee494576
COLORREF	ms928589	ee505694
COLORS	ms926776	ee492552
COM Access Control	ms862113	ee487929
COM Authentication	ms862115	ee488539
COM Functions	aa513621	-
COM Interfaces	aa513722	-
COM OEM Registry Settings	ms862117	-
COM Reference Count Semantics for Surfaces/Reference Counts for Complex Surfaces	ms924594	-
COM Reference Count Semantics for Surfaces/Releasing Surfaces	ms924598	-
COM Reference Count Semantics for Surfaces/When Reference Counts will Change	ms925258	-
COM Structures and Enumerations	aa513724	-
COM Supported APIs	ms862121	ee488479
COM Threads and Processes	ms862714	ee488505
COM and DCOM Migration	ms862116	ee487766
COM and DCOM OS Design Development	ms862118	-
COM-Based Notification	ms861215	ee486794
COMBOBOXINFO	ms928818	ee505276
COMMANDBANDSRESTOREINFO	ms908125	ee505507
COMMPROP	ms885170	ee488214
COMMTIMEOUTS	ms885171	ee488247
COMPOSITIONFORM	ms904714	ee491639
COMPOSITIONSTR	ms904715	-
COMSTAT	ms885173	ee488223
COM_Close	aa447675	ee486031
COM_Deinit	aa447676	ee483456
COM_IOControl	aa447678	ee481137
COM_Init	aa447677	ee486504
COM_Open	aa447679	ee483844
COM_PowerDown	aa447680	ee486639
COM_PowerUp	aa447681	ee486271
COM_Read	aa447682	ee481325
COM_Write	aa447683	ee485067
CONFIG_DATA_	ms909304	-
CONFINFO	aa513863	ee483724
CONNECTDATA	ms863928	ee489196
CONNECTDLGSTRUCT	ms887910	ee493071
CONTAINING_RECORD	aa447688	ee481049
CONTEXT	ms885174	ee488930
CONTROLINFO	ms864020	ee488517
COPY (Command Processor)	ms908150	ee505501
COSERVERINFO	ms864158	ee488143
COutputQueue	ms926790	ee495709
COutputQueue Class	ms926789	-
COutputQueue::BeginFlush	ms926788	ee496055
COutputQueue::EOS	ms907059	ee492515
COutputQueue::EndFlush	ms907055	ee494335
COutputQueue::FreeSamples	ms907069	ee493313
COutputQueue::InitialThreadProc	ms927025	ee494581
COutputQueue::IsIdle	ms927029	ee496728
COutputQueue::IsQueued	ms927035	ee492479
COutputQueue::IsSpecialSample	ms927040	ee494772
COutputQueue::NewSegment	ms927045	ee494221
COutputQueue::NotifyThread	ms927050	ee494760
COutputQueue::QueueSample	ms927056	ee492707
COutputQueue::Receive	ms927066	ee495606
COutputQueue::ReceiveMultiple	ms927072	ee495953
COutputQueue::Reset	ms927080	ee494409
COutputQueue::SendAnyway	ms927084	ee496083
COutputQueue::ThreadProc	ms927088	ee496554
CPAcquireContext	ms937726	ee498152
CPINFO	ms904717	ee490975
CPLINFO	ms908158	ee505681
CPL_DBLCLK	ms908155	ee499358
CPL_EXIT	ms908156	ee504637
CPL_GETCOUNT	ms908157	ee504348
CPL_INIT	ms908159	ee503630
CPL_NEWINQUIRE	ms908160	ee502867
CPL_STOP	ms908161	ee502618
CPersistStream Class	ms927092	-
CPersistStream::CPersistStream	ms927096	ee495534
CPersistStream::GetClassID	ms927100	ee492477
CPersistStream::GetSizeMax	ms927104	ee494336
CPersistStream::GetSoftwareVersion	ms927107	ee493768
CPersistStream::IsDirty	ms927112	ee495026
CPersistStream::Load	ms927116	ee492909
CPersistStream::ReadFromStream	ms927120	ee495158
CPersistStream::Save	ms927124	ee496303
CPersistStream::SetDirty	ms927128	ee494399
CPersistStream::SizeMax	ms927132	ee496088
CPersistStream::WriteToStream	ms927137	ee496102
CPlApplet	ms908154	ee500904
CPosPassThru Class	ms927155	-
CPosPassThru Helper Function	ms927260	-
CPosPassThru::CPosPassThru	ms927167	ee494372
CPosPassThru::CanSeekBackward	ms927143	ee495242
CPosPassThru::CanSeekForward	ms927146	ee492577
CPosPassThru::CheckCapabilities	ms927150	ee495773
CPosPassThru::ConvertTimeFormat	ms927159	ee494980
CPosPassThru::ForceRefresh	ms927174	ee495375
CPosPassThru::GetAvailable	ms927181	ee493128
CPosPassThru::GetCapabilities	ms927186	ee493578
CPosPassThru::GetCurrentPosition	ms927192	ee495344
CPosPassThru::GetDuration	ms927197	ee492370
CPosPassThru::GetMediaTime	ms927201	ee493986
CPosPassThru::GetPositions	ms927209	ee492566
CPosPassThru::GetPreroll	ms927214	ee494745
CPosPassThru::GetRate	ms927224	ee496697
CPosPassThru::GetStopPosition	ms927229	ee493383
CPosPassThru::GetTimeFormat	ms927236	ee494205
CPosPassThru::IsFormatSupported	ms927266	ee494951
CPosPassThru::IsUsingTimeFormat	ms927271	ee495522
CPosPassThru::NonDelegatingQueryInterface	ms927277	ee493192
CPosPassThru::QueryPreferredFormat	ms907116	ee495761
CPosPassThru::SetPositions	ms907124	ee494622
CPosPassThru::SetRate	ms907132	ee493528
CPosPassThru::SetTimeFormat	ms907138	ee493974
CPosPassThru::get_CurrentPosition	ms927239	ee493796
CPosPassThru::get_Duration	ms927249	ee495346
CPosPassThru::get_PrerollTime	ms927219	ee495288
CPosPassThru::get_Rate	ms927254	ee495932
CPosPassThru::get_StopTime	ms927232	ee496097
CPosPassThru::put_CurrentPosition	ms907082	ee493816
CPosPassThru::put_PrerollTime	ms907092	ee495478
CPosPassThru::put_Rate	ms907099	ee496004
CPosPassThru::put_StopTime	ms907109	ee496493
CPullPin Class	ms907177	-
CPullPin::Active	ms907144	ee493176
CPullPin::AlignDown	ms907151	ee494635
CPullPin::AlignUp	ms907161	ee494345
CPullPin::BeginFlush	ms907169	ee494789
CPullPin::CPullPin	ms907194	ee492764
CPullPin::Connect	ms907185	ee492343
CPullPin::DecideAllocator	ms907200	ee496299
CPullPin::Disconnect	ms907206	ee496715
CPullPin::Duration	ms907211	ee495230
CPullPin::EndFlush	ms907217	ee496671
CPullPin::EndOfStream	ms907220	ee492270
CPullPin::GetReader	ms907232	ee496138
CPullPin::Inactive	ms907238	ee495237
CPullPin::OnError	ms907244	ee493194
CPullPin::Receive	ms907252	ee493520
CPullPin::Seek	ms907260	ee496166
CQueue Class	ms907266	-
CQueue::CQueue	ms907269	ee495233
CQueue::GetQueueObject	ms907271	ee493357
CQueue::PutQueueObject	ms907273	ee494423
CQueuePipe Class and CTransfer Class Relationship	aa447435	ee482230
CREATESTRUCT	ms908189	ee505636
CREATE_INVALIDGUID	aa517332	ee490224
CREATE_PROCESS_DEBUG_INFO	ms885183	ee487965
CREATE_SYSTEMGUID	aa517336	ee489546
CREATE_THREAD_DEBUG_INFO	ms885187	ee488441
CRED	ms936976	ee498123
CREDENTIAL	ms937728	ee497996
CRYPT Error Codes	aa451026	ee488560
CRYPTOAPI_BLOB	ms938286	ee498331
CRYPT_ALGORITHM_IDENTIFIER	ms937734	ee498716
CRYPT_ATTRIBUTE	ms937735	ee498752
CRYPT_ATTRIBUTES	ms938388	ee497936
CRYPT_BIT_BLOB	ms937736	ee498304
CRYPT_ENCODE_PARA	ms937748	ee498596
CRYPT_KEY_PROV_INFO	ms938212	ee497933
CRYPT_KEY_PROV_PARAM	ms938221	ee498190
CRYPT_OID_FUNC_ENTRY	ms938293	ee498137
CRYPT_OID_INFO	ms938300	ee498167
CRefTime Class	ms907283	-
CRefTime::CRefTime	ms907290	ee493206
CRefTime::GetUnits	ms907295	ee494631
CRefTime::Millisecs	ms907303	ee496545
CRefTime::operator (REFERENCE_TIME)	ms927485	ee493996
CRefTime::operator +=	ms907321	ee495689
CRefTime::operator -=	ms927278	ee493387
CRefTime::operator =	ms907310	ee493601
CRendererInputPin Class	ms927517	-
CRendererInputPin::Active	ms927491	ee495197
CRendererInputPin::Allocator	ms927495	ee494145
CRendererInputPin::BeginFlush	ms927500	ee494987
CRendererInputPin::BreakConnect	ms927504	ee492498
CRendererInputPin::CRendererInputPin	ms938749	ee492746
CRendererInputPin::CheckMediaType	ms927513	ee496693
CRendererInputPin::CompleteConnect	ms938724	ee492945
CRendererInputPin::EndFlush	ms938807	ee496318
CRendererInputPin::EndOfStream	ms938813	ee495185
CRendererInputPin::Inactive	ms938820	ee495755
CRendererInputPin::QueryId	ms938821	ee493949
CRendererInputPin::Receive	ms938822	ee494977
CRendererInputPin::SetMediaType	ms938823	ee493327
CRendererPosPassThru Class	ms938824	-
CRendererPosPassThru::CRendererPosPassThru	ms938825	ee493203
CRendererPosPassThru::GetMediaTime	ms938826	ee495141
CRendererPosPassThru::RegisterMediaTime	ms938828	ee492997
CRendererPosPassThru::ResetMediaTime	ms938829	ee494164
CSADDR_INFO	ms887919	ee493049
CSIDL reference (checked valueless; grounds the held analysis of the 9 CSIDLs without CE-published values)	https://learn.microsoft.com/en-us/windows/win32/shell/csidl	-
CSP Functions	ms925904	ee497966
CS_SocketCallback	aa447694	ee483213
CSource Class	ms938833	-
CSource::AddPin	ms938832	ee494178
CSource::CSource	ms938834	ee496068
CSource::FindPinNumber	ms938835	ee494776
CSource::GetPin	ms938836	ee496524
CSource::GetPinCount	ms938837	ee493353
CSource::RemovePin	ms938853	ee496289
CSource::pStateLock	ms938852	ee493770
CSourcePosition Class	ms938841	-
CSourcePosition::CSourcePosition	ms938842	ee493612
CSourcePosition::ChangeRate	ms938838	ee492271
CSourcePosition::ChangeStart	ms938839	ee495184
CSourcePosition::ChangeStop	ms938840	ee494420
CSourcePosition::get_CurrentPosition	ms938843	ee496283
CSourcePosition::get_Duration	ms938844	ee494955
CSourcePosition::get_PrerollTime	ms938845	ee492361
CSourcePosition::get_Rate	ms938846	ee495699
CSourcePosition::get_StopTime	ms938847	ee492953
CSourcePosition::put_CurrentPosition	ms938848	ee496079
CSourcePosition::put_PrerollTime	ms938849	ee492911
CSourcePosition::put_Rate	ms938850	ee496714
CSourcePosition::put_StopTime	ms938851	ee493160
CSourceSeeking Class	ms938858	-
CSourceSeeking::CSourceSeeking	ms938860	ee492316
CSourceSeeking::ChangeRate	ms938854	ee495730
CSourceSeeking::ChangeStart	ms938855	ee495528
CSourceSeeking::ChangeStop	ms938856	ee495759
CSourceSeeking::CheckCapabilities	ms938857	ee493923
CSourceSeeking::ConvertTimeFormat	ms938859	ee492682
CSourceSeeking::GetAvailable	ms938861	ee495339
CSourceSeeking::GetCapabilities	ms938862	ee493778
CSourceSeeking::GetCurrentPosition	ms938863	ee494419
CSourceSeeking::GetDuration	ms938864	ee492273
CSourceSeeking::GetPositions	ms938865	ee493605
CSourceSeeking::GetPreroll	ms938866	ee492286
CSourceSeeking::GetRate	ms938867	ee493747
CSourceSeeking::GetStopPosition	ms938868	ee495314
CSourceSeeking::GetTimeFormat	ms938869	ee494787
CSourceSeeking::IsFormatSupported	ms938870	ee495682
CSourceSeeking::IsUsingTimeFormat	ms938871	ee496093
CSourceSeeking::NonDelegatingQueryInterface	ms938872	ee493309
CSourceSeeking::QueryPreferredFormat	ms938873	ee493787
CSourceSeeking::SetPositions	ms938874	ee496116
CSourceSeeking::SetRate	ms938875	ee493549
CSourceSeeking::SetTimeFormat	ms938876	ee494017
CSourceStream Class	ms938890	-
CSourceStream::Active	ms938877	ee494349
CSourceStream::CSourceStream	ms938891	ee494146
CSourceStream::CheckMediaType	ms938878	ee495325
CSourceStream::CheckRequest	ms938879	ee494743
CSourceStream::DoBufferProcessingLoop	ms938892	ee495129
CSourceStream::Exit	ms938893	ee496501
CSourceStream::FillBuffer	ms938894	ee494803
CSourceStream::GetMediaType	ms938895	ee496543
CSourceStream::GetRequest	ms938896	ee495481
CSourceStream::Inactive	ms938897	ee496733
CSourceStream::Init	ms938898	ee495546
CSourceStream::OnThreadCreate	ms938899	ee495334
CSourceStream::OnThreadDestroy	ms938900	ee496127
CSourceStream::OnThreadStartPlay	ms938901	ee495515
CSourceStream::Pause	ms938902	ee494187
CSourceStream::Run	ms938903	ee496329
CSourceStream::Stop	ms938904	ee496081
CSourceStream::ThreadProc	ms938905	ee492529
CSystemClock Class	ms938906	-
CSystemClock::CSystemClock	ms938908	ee494361
CSystemClock::CreateInstance	ms938907	ee496321
CSystemClock::GetClassID	ms938909	ee492473
CSystemClock::NonDelegatingQueryInterface	ms938910	ee493935
CTL_USAGE	ms938410	ee498793
CTransInPlaceFilter Class	ms939085	-
CTransInPlaceFilter::CTransInPlaceFilter	ms939088	ee496282
CTransInPlaceFilter::CheckTransform	ms939084	ee496109
CTransInPlaceFilter::CompleteConnect	ms939086	ee496291
CTransInPlaceFilter::Copy	ms939087	ee495008
CTransInPlaceFilter::DecideBufferSize	ms939089	ee495982
CTransInPlaceFilter::GetMediaType	ms939090	ee492906
CTransInPlaceFilter::GetPin	ms939091	ee496034
CTransInPlaceFilter::InputPin	ms939092	ee493181
CTransInPlaceFilter::OutputPin	ms939093	ee492984
CTransInPlaceFilter::Receive	ms939094	ee496313
CTransInPlaceFilter::RegisterPerfId	ms939095	ee494366
CTransInPlaceFilter::Transform	ms939096	ee495214
CTransInPlaceInputPin Class	ms939098	-
CTransInPlaceInputPin::CTransInPlaceInputPin	ms939099	ee494382
CTransInPlaceInputPin::CheckMediaType	ms939097	ee494367
CTransInPlaceInputPin::EnumMediaTypes	ms939100	ee494782
CTransInPlaceInputPin::GetAllocator	ms939101	ee495338
CTransInPlaceInputPin::GetAllocatorRequirements	ms939102	ee492299
CTransInPlaceInputPin::NotifyAllocator	ms939103	ee493320
CTransInPlaceInputPin::PeekAllocator	ms939104	ee494149
CTransInPlaceInputPin::ReadOnly	ms939105	ee493722
CTransInPlaceOutputPin Class	ms939107	-
CTransInPlaceOutputPin::CTransInPlaceOutputPin	ms939109	ee495138
CTransInPlaceOutputPin::CheckMediaType	ms939106	ee494972
CTransInPlaceOutputPin::ConnectedIMemInputPin	ms939108	ee494150
CTransInPlaceOutputPin::DecideAllocator	ms939110	ee493171
CTransInPlaceOutputPin::EnumMediaTypes	ms939112	ee492914
CTransInPlaceOutputPin::PeekAllocator	ms939113	ee494797
CTransInPlaceOutputPin::ReceiveAllocator	ms939114	ee494402
CTransformFilter Class	ms938917	-
CTransformFilter::AlterQuality	ms938911	ee492680
CTransformFilter::BeginFlush	ms938912	ee492768
CTransformFilter::BreakConnect	ms938913	ee493365
CTransformFilter::CTransformFilter	ms938919	ee492281
CTransformFilter::CheckConnect	ms938914	ee494362
CTransformFilter::CheckInputType	ms938915	ee495030
CTransformFilter::CheckTransform	ms938916	ee492537
CTransformFilter::CompleteConnect	ms938918	ee495337
CTransformFilter::DecideBufferSize	ms938920	ee493161
CTransformFilter::EndFlush	ms938921	ee496317
CTransformFilter::EndOfStream	ms938922	ee493001
CTransformFilter::FindPin	ms938923	ee495565
CTransformFilter::GetMediaType	ms938924	ee494200
CTransformFilter::GetPin	ms938925	ee493595
CTransformFilter::GetPinCount	ms938926	ee496306
CTransformFilter::NewSegment	ms939037	ee495530
CTransformFilter::Pause	ms939039	ee493820
CTransformFilter::Receive	ms939048	ee496134
CTransformFilter::RegisterPerfId	ms939049	ee495015
CTransformFilter::SetMediaType	ms939050	ee493755
CTransformFilter::StartStreaming	ms939051	ee496557
CTransformFilter::Stop	ms939052	ee496141
CTransformFilter::StopStreaming	ms939053	ee494158
CTransformFilter::Transform	ms939054	ee492530
CTransformInputPin Class	ms939061	-
CTransformInputPin::BeginFlush	ms939055	ee495128
CTransformInputPin::BreakConnect	ms939057	ee496078
CTransformInputPin::CTransformInputPin	ms939063	ee494750
CTransformInputPin::CheckConnect	ms939058	ee494358
CTransformInputPin::CheckMediaType	ms939059	ee492480
CTransformInputPin::CheckStreaming	ms939060	ee493583
CTransformInputPin::CompleteConnect	ms939062	ee495201
CTransformInputPin::CurrentMediaType	ms939064	ee495762
CTransformInputPin::EndFlush	ms939065	ee493769
CTransformInputPin::EndOfStream	ms939066	ee494836
CTransformInputPin::NewSegment	ms939067	ee495719
CTransformInputPin::QueryId	ms939068	ee493124
CTransformInputPin::Receive	ms939069	ee494813
CTransformInputPin::SetMediaType	ms939070	ee493321
CTransformOutputPin Class	ms939074	-
CTransformOutputPin::BreakConnect	ms939071	ee495169
CTransformOutputPin::CTransformOutputPin	ms939076	ee493140
CTransformOutputPin::CheckConnect	ms939072	ee495349
CTransformOutputPin::CheckMediaType	ms939073	ee495743
CTransformOutputPin::CompleteConnect	ms939075	ee496311
CTransformOutputPin::CurrentMediaType	ms939077	ee494329
CTransformOutputPin::DecideBufferSize	ms939078	ee494838
CTransformOutputPin::GetMediaType	ms939079	ee492697
CTransformOutputPin::NonDelegatingQueryInterface	ms939080	ee496020
CTransformOutputPin::Notify	ms939081	ee496711
CTransformOutputPin::QueryId	ms939082	ee495733
CTransformOutputPin::SetMediaType	ms939083	ee493806
CURRENCY	ms864404	ee489191
CURRENCYFMT	ms904720	ee490960
CUSTDATA	ms864406	ee488085
CUSTDATAITEM	ms864407	ee489010
CUnknown Class	ms939115	-
CUnknown::CUnknown	ms939116	ee494421
CUnknown::GetOwner	ms939117	ee496129
CUnknown::NonDelegatingAddRef	ms939118	ee495489
CUnknown::NonDelegatingQueryInterface	ms939119	ee494994
CUnknown::NonDelegatingRelease	ms939120	ee495545
CVideoTransformFilter Class	ms939125	-
CVideoTransformFilter::AlterQuality	ms939124	ee494619
CVideoTransformFilter::CVideoTransformFilter	ms939126	ee494611
CVideoTransformFilter::EndFlush	ms939127	ee494154
CVideoTransformFilter::Receive	ms939128	ee494626
CVideoTransformFilter::RegisterPerfId	ms939129	ee495763
CVideoTransformFilter::ShouldSkipFrame	ms939130	ee493551
CVideoTransformFilter::StartStreaming	ms939131	ee496478
CVoIPApp	aa525616	-
CVoIPDesktop	aa525617	-
CVoIPDesktopManager	aa525618	-
CVoIPMainDialog	aa525619	-
CVoIPStateMgr	aa525620	-
Cache Manager	ms885270	-
Cache Manager Functions	aa516978	-
Cache Manager Reference	ms892383	-
CacheIoControl	aa516977	ee489834
CachedRead	aa516975	ee490386
CachedWrite	aa516976	ee490590
Caching with Uniscribe	ms903746	ee491723
CalibrateStallCounter	aa448302	ee481529
CallWindowProc	aa452919	ee499393
Callback Registration	ms880977	ee500223
Calling a Method With No Arguments	ms862102	ee488700
Camera Space Transformation	aa451225	ee490668
CanCreateVideoPort	ms896156	-
Cancel Method	ms862103	ee486776
CapEdit Controls Messages	aa452921	-
CapEdit Controls Reference	aa452922	-
CaptureDumpFileOnDevice	ms939622	ee480990
Capturing Video to a File/Capturing Video to a Windows Media File	ms940051	-
Capturing Video to a File/Capturing to Multiple Files	ms940049	-
Capturing Video to a File/Combining Video Capture and Preview	ms940052	-
Capturing Video to a File/Custom File Formats	ms940058	-
Card Information Structures	ms891038	ee483667
Card Specific Properties	ms925738	ee498776
CardAccessConfigurationRegister	ms896157	ee481454
CardDeregisterClient	ms896161	ee484036
CardGetEventMask	ms896165	ee483110
CardGetFirstTuple	ms896166	ee486453
CardGetNextTuple	ms896167	ee485036
CardGetParsedTuple	ms896168	ee485050
CardGetStatus	ms896169	ee486286
CardGetTupleData	ms896170	ee486049
CardMapWindow	ms896172	ee485038
CardMapWindowPhysical	ms896173	ee485087
CardModifyConfiguration	ms896174	ee483406
CardModifyWindow	aa447629	ee483780
CardPowerOff	aa447630	ee485868
CardPowerOn	aa447631	ee482073
CardRegisterClient	aa447632	ee486291
CardReleaseConfiguration	aa447634	ee483255
CardReleaseExclusive	aa447635	ee484628
CardReleaseIRQ	aa447636	ee482521
CardReleaseSocketMask	aa447637	ee481721
CardReleaseWindow	aa447638	ee482274
CardRequestConfigRegisterPhAddr	aa447639	ee482918
CardRequestConfiguration	aa447640	ee483250
CardRequestDisable	aa447641	ee484191
CardRequestExclusive	aa447642	ee486318
CardRequestIRQ	aa447643	ee485639
CardRequestIRQLine	aa447644	ee481252
CardRequestSocketMask	aa447645	ee482934
CardRequestWindow	aa447646	ee485443
CardResetFunction	aa447647	ee483216
CardSetEventMask	aa447648	ee484658
CeAddDatabaseProps (EDB)	aa516979	ee490024
CeBeginTransaction (EDB)	aa516980	ee489732
CeChangeDatabaseLCID (CEDB)	aa516982	ee490434
CeChangeDatabaseLCID (EDB)	aa516983	ee490785
CeCheckPassword (RAPI)	aa513323	ee496632
CeClearReplChangeBitsEx	aa516984	ee490764
CeClearUserNotification	ms908074	ee506252
CeCloseHandle (RAPI)	aa513324	ee496436
CeCopyFile (RAPI)	aa513325	ee496602
CeCreateDatabase (CEDB)	aa516985	ee490565
CeCreateDatabase (RAPI)	aa513327	ee496971
CeCreateDatabaseEx (CEDB)	aa516986	ee489538
CeCreateDatabaseEx (RAPI)	aa513326	ee496765
CeCreateDatabaseEx2 (CEDB)	aa516987	ee490437
CeCreateDatabaseEx2 (EDB)	aa516988	ee490213
CeCreateDatabaseWithProps (EDB)	aa516989	ee489951
CeCreateDirectory (RAPI)	aa513328	ee497470
CeCreateFile (RAPI)	aa513329	ee496605
CeCreateProcess (RAPI)	aa513340	ee496255
CeCreateSession (EDB)	aa516990	ee490572
CeCredFree	ms937729	ee497925
CeCredRead	ms937730	ee498192
CeCredWrite	ms937731	ee498563
CeDeleteDatabase (CEDB)	aa516994	ee489626
CeDeleteDatabase (EDB)	aa516995	ee490185
CeDeleteDatabase (RAPI)	aa513343	ee496404
CeDeleteDatabaseEx (CEDB)	aa516996	ee489925
CeDeleteDatabaseEx (RAPI)	aa513342	ee497193
CeDeleteFile (RAPI)	aa513344	ee496815
CeDeleteRecord (CEDB)	aa516997	ee490377
CeDeleteRecord (EDB)	aa516998	ee489957
CeDeleteRecord (RAPI)	aa513345	ee497248
CeEndTransaction (EDB)	aa517002	ee489943
CeEnumDBVolumes (CEDB)	aa517003	ee489669
CeEnumDBVolumes (EDB)	aa517004	ee490610
CeEnumDBVolumes (RAPI)	aa513346	ee496258
CeFindAllDatabases (RAPI)	aa513347	ee497487
CeFindAllFiles (RAPI)	aa513348	ee497577
CeFindClose (RAPI)	aa513349	ee496194
CeFindCloseRegChange	aa517103	ee490235
CeFindFirstDatabase (CEDB)	aa517106	ee490191
CeFindFirstDatabase (RAPI)	aa513352	ee497579
CeFindFirstDatabaseEx (CEDB)	aa517109	ee490433
CeFindFirstDatabaseEx (EDB)	aa517114	ee490551
CeFindFirstDatabaseEx (RAPI)	aa513351	ee497477
CeFindFirstFile (RAPI)	aa513353	ee497576
CeFindFirstRegChange	aa517116	ee489978
CeFindNextDatabase (CEDB)	aa517118	ee489816
CeFindNextDatabase (RAPI)	aa513355	ee497498
CeFindNextDatabaseEx (CEDB)	aa517120	ee490170
CeFindNextDatabaseEx (EDB)	aa517122	ee490167
CeFindNextDatabaseEx (RAPI)	aa513354	ee496431
CeFindNextFile (RAPI)	aa513356	ee497313
CeFindNextRegChange	aa517123	ee490027
CeFlushDBVol (CEDB)	aa517128	ee490376
CeFlushDBVol (EDB)	aa517130	ee490578
CeFreeNotification (CEDB)	aa517132	ee490603
CeFreeNotification (EDB)	aa517135	ee490146
CeFsIoControl	aa517137	ee489589
CeGenRandom	aa517140	ee490181
CeGetCallerTrust	aa450792	ee488579
CeGetCanonicalPathName	aa517144	ee490595
CeGetClassName (RAPI)	aa513357	ee496373
CeGetDBInformationByHandle (CEDB)	aa517152	ee490013
CeGetDBInformationByHandle (EDB)	aa517155	ee490637
CeGetDatabaseProps (EDB)	aa517146	ee489945
CeGetDatabaseSession (EDB)	aa517147	ee490347
CeGetDesktopDeviceCaps (RAPI)	aa513358	ee497528
CeGetDevMgmtPackageList	ms894998	ee489048
CeGetDeviceId	ms861107	ee487274
CeGetFileAttributes (RAPI)	aa513359	ee497216
CeGetFileNotificationInfo	aa517158	ee489582
CeGetFileSize (RAPI)	aa513360	ee496424
CeGetFileTime (RAPI)	aa513361	ee497530
CeGetLastError (RAPI)	aa513362	ee496760
CeGetReplChangeBitsEx	aa517163	ee489986
CeGetReplChangeMask	aa517168	ee489545
CeGetReplOtherBitsEx	aa517172	ee490604
CeGetSelectedDeviceId	aa513363	ee484552
CeGetSpecialFolderPath (RAPI)	aa513364	ee496786
CeGetStoreInformation (RAPI)	aa513365	ee497593
CeGetSystemInfo (RAPI)	aa513366	ee497556
CeGetSystemMetrics (RAPI)	aa513367	ee496385
CeGetSystemPowerStatusEx (RAPI)	aa513368	ee496824
CeGetTempPath (RAPI)	aa513369	ee497052
CeGetThreadPriority	aa450795	ee488181
CeGetThreadQuantum	aa450796	ee488423
CeGetUserNotification	ms908076	ee505678
CeGetUserNotificationHandles	ms908077	ee499694
CeGetUserNotificationPreferences	ms908078	ee503893
CeGetVersionEx (RAPI)	aa513370	ee497494
CeGetVolumeInfo	aa517175	ee489977
CeGetWindow (RAPI)	aa513372	ee496227
CeGetWindowLong (RAPI)	aa513371	ee496775
CeGetWindowText (RAPI)	aa513373	ee496160
CeGlobalMemoryStatus (RAPI)	aa513374	ee496627
CeHandleAppNotifications	ms908079	ee499110
CeHeapCreate	aa450797	ee488377
CeLog Event Identifiers	aa450677	ee487955
CeLog Event Tracking Functions	aa450679	-
CeLog Event Tracking Macros	aa451019	ee487967
CeLog Event Tracking Structures	aa450698	-
CeLog Pre-Defined Data Types	aa451021	ee488011
CeLog Zones	aa450700	ee488414
CeLogData	aa450823	ee488639
CeLogGetZones	aa450824	ee488351
CeLogInterrupt	aa451043	ee488562
CeLogMsg	aa450825	ee488366
CeLogQueryZones	aa450826	ee488630
CeLogReSync	aa450827	ee488638
CeLogSetZones	aa450828	ee487969
CeMountDBVol (CEDB)	aa517177	ee490427
CeMountDBVol (EDB)	aa517180	ee490178
CeMountDBVol (RAPI)	aa513375	ee496636
CeMountDBVolEx (EDB)	aa517182	ee490190
CeMoveFile (RAPI)	aa513376	ee497524
CeOidGetInfo (CEDB)	aa517194	ee490150
CeOidGetInfo (RAPI)	aa513378	ee496257
CeOidGetInfoEx (CEDB)	aa517197	ee489655
CeOidGetInfoEx (RAPI)	aa513377	ee496593
CeOidGetInfoEx2 (CEDB)	aa517198	ee490189
CeOidGetInfoEx2 (EDB)	aa517204	ee489631
CeOpenDatabase (CEDB)	aa517213	ee490166
CeOpenDatabase (RAPI)	aa513380	ee496413
CeOpenDatabaseEx (CEDB)	aa517216	ee489754
CeOpenDatabaseEx (RAPI)	aa513379	ee496600
CeOpenDatabaseEx2 (CEDB)	aa517218	ee489942
CeOpenDatabaseInSession (EDB)	aa517220	ee489772
CeOpenStream (EDB)	aa517223	ee490778
CePimCommand	ms863874	ee487269
CeQueryInstructionSet (RAPI)	ms879800	ee496238
CeRapiFreeBuffer	aa513382	-
CeRapiGetError	aa513383	-
CeRapiInit	aa513384	-
CeRapiInitEx	aa513385	-
CeRapiInvoke	aa513386	-
CeRapiUninit	aa513387	-
CeReadFile (RAPI)	aa513388	ee497567
CeReadRecordProps (CEDB)	aa517229	ee489779
CeReadRecordProps (EDB)	aa517232	ee490192
CeReadRecordProps (RAPI)	aa513390	ee497493
CeReadRecordPropsEx (CEDB)	aa517235	ee489776
CeReadRecordPropsEx (EDB)	aa517236	ee490354
CeReadRecordPropsEx (RAPI)	aa513389	ee496638
CeRegCloseKey (RAPI)	aa513391	ee497318
CeRegCreateKeyEx (RAPI)	aa513392	ee496450
CeRegDeleteKey (RAPI)	aa513393	ee497306
CeRegDeleteValue (RAPI)	aa513394	ee496223
CeRegEnumKeyEx (RAPI)	aa513395	ee497283
CeRegEnumValue (RAPI)	aa513396	ee496771
CeRegOpenKeyEx (RAPI)	aa513397	ee496804
CeRegQueryInfoKey (RAPI)	aa513398	ee496652
CeRegQueryValueEx (RAPI)	aa513399	ee496398
CeRegSetValueEx (RAPI)	aa513400	ee496625
CeRegisterReplNotification	aa517239	ee489752
CeRemoveDatabaseProps (EDB)	aa517242	ee490413
CeRemoveDirectory (RAPI)	aa513401	ee496604
CeResyncFilesys	aa517244	ee489543
CeRunAppAtEvent	ms908102	ee504578
CeRunAppAtTime	ms908103	ee506251
CeSHCreateShortcut (RAPI)	aa513814	ee496828
CeSHGetShortcutTarget (RAPI)	aa513816	ee496841
CeSeekDatabase (CEDB)	aa517246	ee490036
CeSeekDatabase (EDB)	aa517250	ee489813
CeSeekDatabase (RAPI)	aa513402	ee496430
CeSeekDatabaseEx (CEDB)	aa517251	ee489988
CeSeekDatabaseEx (EDB)	aa517253	ee490388
CeSetDatabaseInfo (CEDB)	aa517254	ee489573
CeSetDatabaseInfo (EDB)	aa517256	-
CeSetDatabaseInfo (RAPI)	aa513404	ee497256
CeSetDatabaseInfoEx (CEDB)	aa517258	ee489940
CeSetDatabaseInfoEx (RAPI)	aa513403	ee497548
CeSetDatabaseInfoEx2 (CEDB)	aa517259	ee489550
CeSetDevMgmtTask	ms895003	ee489413
CeSetEndOfFile (RAPI)	aa513405	ee496656
CeSetFileAttributes (RAPI)	aa513406	ee496984
CeSetFilePointer (RAPI)	aa513810	ee497032
CeSetFileTime (RAPI)	aa513813	ee497157
CeSetReplChangeBitsEx	aa517262	ee489826
CeSetReplChangeMask	aa517264	ee490794
CeSetReplOtherBitsEx	aa517266	ee490642
CeSetSessionOption (EDB)	aa517268	ee489805
CeSetThreadPriority	ms885155	ee488041
CeSetThreadQuantum	ms885156	ee488622
CeSetUserNotification	ms908104	ee501051
CeSetUserNotificationEx	ms908105	ee501928
CeStartDevMgmtService	ms895004	ee489428
CeStreamRead (EDB)	aa517270	ee490363
CeStreamSaveChanges (EDB)	aa517272	ee490575
CeStreamSeek (EDB)	aa517274	ee490569
CeStreamSetSize (EDB)	aa517275	ee489954
CeStreamWrite (EDB)	aa517278	ee490147
CeSvcAdd	aa513818	ee487115
CeSvcClose	aa513819	ee484759
CeSvcDelete	aa513820	ee484787
CeSvcDeleteVal	aa513823	ee484373
CeSvcEnumProfiles	aa513824	ee486329
CeSvcGetBinary	aa513826	ee484957
CeSvcGetDword	aa513828	ee483497
CeSvcGetString	aa513830	ee483915
CeSvcOpen	aa513833	ee484797
CeSvcOpen Constant Enumeration	ms860950	ee486584
CeSvcOpenEx	aa513836	ee483537
CeSvcQueryInfo	aa513837	ee486807
CeSvcRemove	aa513840	ee484918
CeSvcSetBinary	aa513842	ee486614
CeSvcSetDword	aa513844	ee484174
CeSvcSetString	aa513845	ee486216
CeUnmountDBVol (CEDB)	aa517280	ee490623
CeUnmountDBVol (EDB)	aa517282	ee490625
CeUnmountDBVol (RAPI)	aa513846	ee497578
CeWriteFile (RAPI)	aa513847	ee497515
CeWriteRecordProps (CEDB)	aa517285	ee489953
CeWriteRecordProps (EDB)	aa517288	ee489540
CeWriteRecordProps (RAPI)	aa513850	ee497015
CeZeroPointer	ms885158	ee488151
CertAddCertificateContextToStore	ms937018	ee497929
CertAddCertificateLinkToStore	ms937019	ee498298
CertAddEncodedCertificateToStore	ms937020	ee497972
CertAddEnhancedKeyUsageIdentifier	ms937021	ee498535
CertAddSerializedElementToStore	ms937022	ee498342
CertAlgIdToOID	ms937023	ee498361
CertCloseStore	ms937035	ee497948
CertCompareCertificate	ms937036	ee498759
CertCompareCertificateName	ms937037	ee498702
CertCompareIntegerBlob	ms937038	ee498550
CertComparePublicKeyInfo	ms937039	ee498717
CertControlStore	ms937042	ee498575
CertCreateCertificateContext	ms937043	ee497916
CertDeleteCertificateFromStore	ms937044	ee498327
CertDuplicateCertificateChain	ms937235	ee497971
CertDuplicateCertificateContext	ms937328	ee498738
CertDuplicateStore	ms937422	ee498141
CertEnumCertificateContextProperties	ms937534	ee498541
CertEnumCertificatesInStore	ms937636	ee498594
CertEnumPhysicalStore	aa452564	ee498173
CertEnumSystemStore	ms937645	ee498597
CertEnumSystemStoreLocation	ms937650	ee498792
CertFindAttribute	ms937652	ee498341
CertFindCertificateInStore	ms937653	ee498126
CertFindExtension	ms937655	ee498538
CertFindRDNAttr	ms937657	ee498561
CertFreeCertificateChain	ms937658	ee498107
CertFreeCertificateContext	ms937659	ee498150
CertGetCertificateChain	ms937660	ee498136
CertGetCertificateContextProperty	ms937661	ee498568
CertGetEnhancedKeyUsage	ms937662	ee498162
CertGetIntendedKeyUsage	ms937663	ee498514
CertGetIssuerCertificateFromStore	ms937664	ee497905
CertGetNameString	ms937665	ee498387
CertGetPublicKeyLength	ms937667	ee498135
CertGetStoreProperty	ms937668	ee498794
CertGetSubjectCertificateFromStore	ms937670	ee498737
CertGetValidUsages	aa452565	ee498783
CertIsRDNAttrsInCertificateName	ms937674	ee498392
CertNameToStr	ms937681	ee497932
CertOIDToAlgId	ms937682	ee498584
CertOpenStore	ms937683	ee498874
CertOpenSystemStore	ms937684	ee498189
CertRDNValueToStr	ms937693	ee498565
CertRemoveEnhancedKeyUsageIdentifier	ms937694	ee498513
CertSaveStore	ms937696	ee497947
CertSerializeCertificateStoreElement	ms937697	ee498395
CertSetCertificateContextProperty	ms937698	ee497940
CertSetEnhancedKeyUsage	ms937699	ee498186
CertSetStoreProperty	ms937700	ee498796
CertStrToName	ms937703	ee498720
CertVerifySubjectCertificateContext	ms937709	ee498115
CertVerifyTimeValidity	ms937710	ee498564
CertVerifyValidityNesting	ms937711	ee497912
Certificate Authentication	ms880984	ee495120
Certificate Chains	ms925752	ee498764
Certificate Extended Properties	ms925757	ee498742
Certificate Links	ms925764	ee498574
Certificates	ms926458	-
Certificates Application Development	ms926459	-
Certificates Functions	ms936969	-
Certificates Migration	ms936970	ee498581
Certificates OS Design Development	ms926460	-
Certificates Overview	ms925772	ee498505
Certificates Reference	ms936971	-
Certificates Registry Settings	ms936972	ee498553
Certificates Samples	ms936973	ee498376
Certificates Security	ms936974	ee498749
Certificates and CryptoAPI	ms925766	ee497980
Challenge-Handshake Authentication Protocol (CHAP)	ms880985	ee494035
ChangeDisplaySettingsEx	ms908108	ee505713
Change_ACL	ms887907	ee498631
Changing Depth Buffer Comparison Functions	aa451228	ee491494
Changing Depth Buffer Write Access	aa451229	ee491094
Changing Fonts and Colors	ms926120	ee505274
Changing Fonts with the WebBrowser Control	aa451914	ee491824
Changing the Application Source Code to Support IPv6	ms899604	-
Changing the Default Gateway	ms880987	ee494100
Changing the Edit Control Level	ms903756	ee491909
Changing the Font Size for the Help System	ms901095	ee489868
Changing the Pitch and Playback Rate	aa451231	ee487429
Changing the Properties of an Existing Route	ms880988	ee494711
Changing the Skin Code for the Progress Bar	aa453947	ee501215
Changing the TUI Time Zone	aa525601	-
Changing the Volume of Waveform Audio Playback	aa451232	ee487424
CharLower	ms885159	ee488761
CharLowerBuff	ms885160	ee488766
CharNext	ms885161	ee488221
CharPrev	ms885162	ee488364
CharUpper	ms885164	ee488230
CharUpperBuff	ms885165	ee488447
Check Box Styles	ms928572	ee504569
CheckCapabilities	ms911601	-
CheckDlgButton	ms928573	ee499366
CheckMenuItem	ms928575	ee499672
CheckMenuRadioItem	ms928576	ee502246
CheckPassword	aa517297	ee490382
CheckPointer	aa451530	ee496688
CheckRadioButton	ms928577	ee500159
Checkpoint Restart	ms894386	ee489441
ChildWindowFromPoint	ms928578	ee504384
Chinese (Simplified)	ms904348	-
Chinese (Simplified) OS Design Development	ms903762	-
Chinese (Simplified) Registry Settings	ms904630	-
Chinese (Simplified) Samples	ms906459	-
Chinese (Traditional)	ms904362	-
Chinese (Traditional) OS Design Development	ms906460	-
Chinese (Traditional) Registry Settings	ms904395	-
Chinese (Traditional) Samples	ms903773	-
Chinese Phonemes	ms862104	ee486233
ChooseColor (function)	ms928579	ee499396
ChooseFont (function)	ms928581	ee504559
Choosing Between SAX and DOM	ms862105	-
Choosing a Receive Function	ms891051	ee486259
Choosing a Send Function	ms891059	ee486861
Clamp Texture Address Mode	aa451234	ee490745
Class-Qualified Device Names	ms891075	ee497718
Classless Interdomain Routing (CIDR) for IPv4	ms880989	-
Classless Interdomain Routing (CIDR) for IPv6	ms880990	ee494085
ClearCommBreak	ms885166	ee488216
ClearCommError	ms885167	ee488605
ClearEudpContent	ms904712	ee491543
ClearOrSetFeature	aa447665	ee482234
ClearType	ms891084	ee483628
Clearing Depth Buffers	aa451235	ee491021
Clearing Surfaces	aa451236	ee490846
Client Application Behind a NAT	aa525602	ee500411
Client Driver Entry Points	ms891100	ee486103
Client Driver Registration	ms891109	ee486633
Client Settings	aa525603	ee500717
Client Support	ms880992	-
Client and Server Error Handling	ms862106	ee483762
Client-Side Configuration User Interface	ms880991	ee493424
Client-Side Data Flow	ms862107	ee486184
ClientLocation Element (Location Request)	ms895006	ee489307
ClientProperty Property	ms863879	ee486566
ClientSettings Element (Poll Response)	ms895008	ee489081
ClientToScreen	ms928584	ee505933
Clipping	aa451238	ee491235
Clipping in Direct3D Mobile Drivers	ms891126	ee484420
Cloning the Commctrl Module	aa452828	ee504526
CloseBusAccessHandle	aa447670	ee482094
CloseClipboard	ms928586	ee499346
CloseHandle	aa517300	ee490442
CloseMsgQueue	ms885168	ee488787
CloseThemeData	aa452106	ee492019
CloseToolhelp32Snapshot	ms885169	ee488394
CloseTransferHandle	aa447672	ee481497
Closing Connections	aa447431	ee486273
Closing Sockets	ms880994	ee493659
Closing Waveform Audio Output Devices	aa451241	ee487352
Closing a Connection	ms862108	ee486360
Closing a Registry Key	ms885301	ee489746
CoAddRefServerProcess	ms863885	ee489171
CoBuildVersion	ms863889	ee489721
CoCopyProxy	ms863890	ee488992
CoCreateFreeThreadedMarshaler	ms863891	ee489165
CoCreateGuid	ms863892	ee489226
CoCreateInstance	ms863893	ee488147
CoCreateInstanceEx	ms863894	ee488519
CoDisconnectObject	ms863895	ee488719
CoFileTimeNow	ms863896	ee487936
CoFreeAllLibraries	ms863897	ee488940
CoFreeLibrary	ms863898	ee487866
CoFreeUnusedLibraries	ms863899	ee489211
CoFreeUnusedLibrariesEx	ms863900	ee488079
CoGetCallContext	ms863901	ee488953
CoGetClassObject	ms863902	ee488341
CoGetClassObjectFromURL	aa452108	ee492460
CoGetCurrentProcess	ms863903	ee487681
CoGetInstanceFromFile	ms863904	ee489504
CoGetInstanceFromIStorage	ms863905	ee489018
CoGetInterfaceAndReleaseStream	ms863906	ee488654
CoGetMalloc	ms863907	ee488495
CoGetMarshalSizeMax	ms863908	ee488546
CoGetObject	ms863909	ee487750
CoGetPSClsid	ms863910	ee487728
CoGetStandardMarshal	ms863911	ee487714
CoGetTreatAsClass	ms863912	ee489224
CoImpersonateClient	ms863913	ee487909
CoInitialize	ms863914	ee488468
CoInitializeEx	ms863915	ee489415
CoInitializeSecurity	ms863916	ee487907
CoInternetCombineUrl	aa452109	ee492047
CoInternetGetProtocolFlags	aa452110	ee492466
CoInternetGetSecurityUrl	aa452113	ee492205
CoInternetGetSession	aa452114	ee491872
CoInternetParseUrl	aa452117	ee492438
CoInternetQueryInfo	aa452118	ee491885
CoIsHandlerConnected	ms863917	ee487943
CoIsOle1Class	ms863918	ee488687
CoLoadLibrary	ms863920	ee488981
CoLockObjectExternal	ms863921	ee488065
CoMarshalHresult	ms863922	ee488655
CoMarshalInterThreadInterfaceInStream	ms863924	ee488098
CoMarshalInterface	ms863923	ee487703
CoQueryAuthenticationServices	ms864027	ee487862
CoQueryClientBlanket	ms864032	ee488969
CoQueryProxyBlanket	ms864041	ee488701
CoRegisterClassObject	ms864053	ee488458
CoRegisterMallocSpy	ms864061	ee489681
CoRegisterMessageFilter	ms864067	ee489385
CoRegisterPSClsid	ms864076	ee487910
CoRegisterSurrogate	ms864084	ee488709
CoReleaseMarshalData	ms864093	ee489028
CoReleaseServerProcess	ms864104	ee488055
CoResumeClassObjects	ms864120	ee489358
CoRevertToSelf	ms864129	ee488063
CoRevokeClassObject	ms864137	ee489706
CoRevokeMallocSpy	ms864148	ee488961
CoSetProxyBlanket	ms864164	ee489203
CoSuspendClassObjects	ms864171	ee487923
CoSwitchCallContext	ms864179	ee489027
CoTaskMemAlloc	ms864185	ee487868
CoTaskMemFree	ms864196	ee489610
CoTaskMemRealloc	ms864283	ee488467
CoTreatAsClass	ms864357	ee489724
CoUninitialize	ms864368	ee488960
CoUnmarshalHresult	ms864379	ee489683
CoUnmarshalInterface	ms864380	ee488959
Code Listing for the Calc.wsdl File	ms862110	ee484554
Code Listing for the Calc.wsml File	ms862112	ee483883
Code Page Detection	aa451918	ee492388
Code Page Enumeration	aa452107	ee492080
Code Pages	ms903783	ee491782
CodePage Element (Poll Request)	ms895011	ee489064
Codec Configuration	ms891137	ee483447
Codecs	aa525604	ee501293
Coding for Internationalization	ms903791	ee491404
Collection Objects	ms880995	ee499187
Collections	ms863919	ee502096
Color Controls/Using Color Controls	aa451418	-
Color Controls/What Are Color Controls?	ms925249	-
Color Values for Lights and Materials	aa451246	ee490082
ColorConverter	ms891144	ee485242
ColorPalette	ms926775	ee490079
CombineRgn	ms928608	ee504827
Combo Box Styles	ms908112	ee501099
Combo Cards	ms891161	ee481293
CommDlgExtendedError	ms908144	ee501735
Command Bands Functions	ms907179	-
Command Bands Macros	ms907189	-
Command Bands Reference	ms907195	-
Command Bands Structures	ms907205	-
Command Bars Functions	ms907210	-
Command Bars Macros	ms907216	-
Command Bars Reference	ms907221	-
Command Buffer Structure	ms891181	ee486266
Command Processor	aa453924	-
Command Processor Commands	ms907227	-
Command Processor OS Design Development	ms926133	ee503660
Command Processor Registry Settings	ms926137	ee506287
Command Processor Shell	aa453925	-
CommandBands_AddAdornments	ms908118	ee503915
CommandBands_AddBands	ms908120	ee501773
CommandBands_Create	ms908121	ee500877
CommandBands_GetCommandBar	ms908122	ee505676
CommandBands_GetRestoreInformation	ms908123	ee505304
CommandBands_Height	ms908124	ee503950
CommandBands_Show	ms908126	ee505887
CommandBar_AddAdornments	ms908127	ee501392
CommandBar_AddBitmap	ms908128	ee504155
CommandBar_AddButtons	ms908129	ee505835
CommandBar_AddToolTips	ms908130	ee501782
CommandBar_AlignAdornments	aa453948	ee501797
CommandBar_Create	ms908131	ee504517
CommandBar_Destroy	ms908132	ee502232
CommandBar_DrawMenuBar	ms908133	ee505864
CommandBar_GetMenu	ms908134	ee500487
CommandBar_Height	ms908135	ee500881
CommandBar_InsertButton	ms908136	ee501745
CommandBar_InsertComboBox	ms908137	ee503989
CommandBar_InsertMenubar	ms908138	ee505113
CommandBar_InsertMenubarEx	ms908139	ee501421
CommandBar_IsVisible	ms908140	ee503181
CommandBar_Show	ms908141	ee502524
CommandLine Element (Instruction Response)	ms895012	ee489133
CommitUrlCacheEntry	aa452121	ee492853
Common Control Functions	ms907234	-
Common Control Macros	ms907242	-
Common Control Messages	ms907247	-
Common Control Notifications	ms907254	-
Common Control Reference	ms907532	-
Common Control Registry Settings	ms926140	ee502587
Common Control Structures	ms907537	-
Common Controls	ms926144	ee504141
Common Controls Reference	ms908145	-
Common Details for Direct3D Mobile Resources	aa451436	-
Common Dialog Boxes (Shell)	ms926146	-
Common Dialog Boxes Functions	ms907541	-
Common Dialog Boxes Messages	ms907548	-
Common Dialog Boxes Reference	ms907551	-
Common Dialog Boxes Structures	ms907558	-
Communication Class Interface	aa447428	ee483256
Communities Registry Settings	ms894401	ee489346
CompareFileTime	ms885172	ee488173
CompareString	ms904713	ee492131
Comparing EDB with Other Databases	ms885305	ee489572
Comparing LASS and Password Authentication	ms925779	ee498370
Comparing Store Identifiers	ms861226	ee483286
Comparing Windows CE and Desktop RTC Implementations	aa525607	-
Comparisons	ms863925	ee502345
Compatible Name Resolution for TCP/IP in the Windows Sockets 1.1 API	ms880998	ee495142
Compatible Name Resolution for TCP/IP in the Windows Sockets 1.1 SPI	ms881001	-
CompleteAuthToken	ms937725	ee498357
Completion of the Authentication Session	ms881003	ee494465
Complex Scripts Overview	ms903805	ee491602
Complex Scripts Support in Windows CE	ms903814	-
Compressed Texture Formats	aa451248	ee491055
Compressed Texture Resources	aa451249	-
Conditional Templates	ms862122	ee502667
Conditionally Defining Power Management in the NDIS Miniport Driver Object Identifier Functions	ms895486	ee483107
ConfigInit	aa447684	ee483436
ConfigRsrc	aa447685	ee486868
ConfigSet	aa447686	ee483396
ConfigSize	aa447687	ee485417
Configurable EDB Volume Options	ms885311	ee489565
Configuration Data Store Example XML	aa525608	-
Configuration Descriptor	aa447429	ee482887
Configuration User Interface	ms881006	-
Configuring CLIENT1	ms899607	ee495053
Configuring CLIENT2	ms899608	ee494281
Configuring Enroll.exe	ms925784	-
Configuring FATFS Cache Parameters for the File Server	ms899609	ee501232
Configuring IPv6 Interface Attributes	ms899611	ee493224
Configuring LASS	ms926481	-
Configuring ROUTER1	ms899612	ee494896
Configuring ROUTER2	ms899613	ee493854
Configuring Services.exe to Load a Standalone Service	ms899614	-
Configuring User Permissions for the Web Server	ms899618	ee501100
Configuring a Device with a Static Address for the IPv6 Test Lab	ms899606	ee493458
Configuring a Web Server to use SSL	ms899619	ee498615
Configuring a WebDAV Server	ms881008	ee499026
Configuring the ActiveSync COM Components	ms861235	ee487185
Configuring the ClearType Sample Application	ms901154	-
Configuring the File Server Registry	ms899610	-
Configuring the File Server through the Registry	ms899615	ee499746
Configuring the Keyboard Driver Registry	ms923767	-
Configuring the Print Server through the Registry	ms881010	ee499834
Configuring the RAS Server	ms899616	ee498436
Configuring the SNTP Service	ms881011	-
Configuring the Web Server Registry	ms899617	ee500507
Connect Method (ISoapConnector)	ms863929	ee487138
ConnectWSDL Method	ms863931	ee484591
Connecting Transform Filters/Allocator Negotiation	ms923406	-
Connecting Transform Filters/Connecting Filter Graphs: An Example	aa451252	-
Connecting Transform Filters/Establishing Media Type Connections	ms923245	-
Connecting Transform Filters/The Connection Process: A Summary	aa451385	-
Connecting Transform Filters/When Reconnections Occur	ms925256	-
Connecting to Another Device	ms881358	ee498963
Connecting to WebDAV	ms881375	ee499497
Connecting to a CSP	ms925787	ee498125
Connecting to a Default Peer	ms881338	ee494660
Connecting to a Network	ms881346	-
Connecting to a Presence Server Using a Certificate	aa525609	-
Connecting to an OBEX Server	ms881352	ee494649
Connecting to the Test Internet (6bone)	ms881367	ee494484
Connection Element (Poll Request)	ms895015	ee489107
Connection Points	ms881389	ee493499
Connection Sharing Registry Settings	ms881495	ee495137
Connection Shutdown	ms881505	ee494098
Connection, Timeout, Interval and Event Properties of IMsRdpClientAdvancedSettings	ms861243	ee485921
ConnectionInfo	ms887911	ee498404
ConnectionManagerState	ms887912	ee501166
ConnectorProperty Property	ms863930	ee485974
Considerations For Improving NDIS Driver Performance	aa447432	ee484240
Console Registry Settings	ms908148	ee502916
ContactsSearchCriteria	ms863932	ee483271
ContainsPalette	ms926782	ee493959
ContentDirectoryState	ms887914	ee499805
Context Requirements	ms925876	ee497914
Context Semantics	ms925885	ee498798
ContinueDebugEvent	ms885175	ee488380
Contrast Control	aa447433	ee482254
ContrastCmdInputParm	aa447689	ee481921
Control Channel Characteristics	aa447434	ee484623
Control Panel	ms926152	-
Control Panel Applications	ms926154	ee502317
Control Point Actions	ms881613	ee498812
Control Types	aa451257	ee487558
Controlling White Space with &lt;xsl:text&gt;	ms862125	-
Controlling White Space with XSLT	ms862124	-
Controlling White Space with the DOM	ms862123	ee502342
Controlling a Running Service	ms881520	-
Controls Messages	ms907564	-
Controls Reference	ms907569	-
Conversion	aa452123	ee492859
Conversion Between Character Sets	aa451922	ee492216
Conversion Functions	ms926783	-
ConvertDefaultLocale	ms904716	ee491548
ConvertINetMultiByteToUnicode	aa452124	ee492803
ConvertINetString	aa452127	ee492827
ConvertINetUnicodeToMultiByte	aa452129	ee492426
ConvertThreadToFiber	ms885176	ee488149
ConvertToMilliseconds	ms926784	ee495886
ConvertVideoInfoToVideoInfo2	ms926785	ee494551
Converting a Composition String	ms903822	ee491637
Converting a Legacy PCMCIA Driver to a Bus-Agnostic Driver	ms923713	ee482899
Converting to IPv6	ms881617	-
Cookie Headers	aa451924	ee492243
Cookies	aa451926	ee492603
Cooperative Levels/Testing Cooperative Levels	ms924665	-
Coordinate Transformation Matrices	aa451261	-
Copy External IOCTLs	aa517302	-
Copy External Reference	aa517305	-
Copy External Structures	aa517307	-
CopyBindInfo	aa452131	ee492870
CopyFile	aa517309	ee490577
CopyFileEx	aa517311	ee490791
CopyMediaType	ms926786	ee494406
CopyRect	ms908152	ee500892
CopyStgMedium	aa452132	ee492590
Copying To Surfaces	aa451262	-
Copying the Windows CE .NET 4.1 or Earlier Keyboard Driver to Windows CE .NET 4.2 or Later	ms923769	-
Core Protocol Stack for IPv4	ms881631	-
Core Protocol Stack for IPv6	ms881635	-
Core Protocols of IPv4	ms899597	-
Core Protocols of IPv6	ms881626	-
Count	aa452134	ee492655
Count-Based Replication	ms885313	-
CountClipboardFormats	ms908153	ee499055
Create a Session and Make a Call	aa525611	ee499898
Create a Text Messaging Session	aa525612	ee501570
Create and Enable a Profile	aa525610	ee500396
CreateAcceleratorTable	ms908162	ee505096
CreateAntiMoniker	ms864382	ee489493
CreateAsyncBindCtx	aa452136	ee492028
CreateAsyncBindCtxEx	aa452138	ee491793
CreateAudioMediaType	ms907274	ee495218
CreateBindCtx	ms864385	ee488667
CreateBitmap	ms908163	ee505308
CreateBusAccessHandle	aa447690	ee486922
CreateCache	aa517313	ee490615
CreateCaret	ms908164	ee502564
CreateClassMoniker	ms864387	ee489178
CreateCompatibleBitmap	ms908165	ee505724
CreateCompatibleDC	ms908166	ee504853
CreateDC	ms908168	ee500930
CreateDIBPatternBrushPt	ms908173	ee501785
CreateDIBSection	ms908174	ee502255
CreateDialog	ms908169	ee502874
CreateDialogIndirect	ms908170	ee504589
CreateDialogIndirectParam	ms908171	ee504612
CreateDialogParam	ms908172	ee503494
CreateDirectory	aa517316	ee490797
CreateEnrollmentConfigDialog	ms937727	ee498318
CreateErrorInfo	ms864392	ee488471
CreateEvent	ms885177	ee488008
CreateFiber	ms885178	ee488035
CreateFile	aa517318	ee490417
CreateFileForMapping	aa517321	ee489638
CreateFileMapping	aa517331	ee490172
CreateFileMoniker	ms864393	ee489024
CreateFontIndirect	ms901120	ee489863
CreateFormatEnumerator	aa452140	ee492041
CreateGenericComposite	ms864394	ee488712
CreateHandler	ms885179	ee488445
CreateIFEDictionaryInstance	ms904718	ee491901
CreateIImeIPointInstance	ms904719	ee491369
CreateIconIndirect	ms908175	ee503639
CreateIpForwardEntry	ms887916	ee495149
CreateIpNetEntry	ms887917	ee494507
CreateItemMoniker	ms864395	ee487863
CreateMediaType	ms907276	ee494621
CreateMenu	ms908177	ee503486
CreateMsgQueue	ms885180	ee488163
CreateMutex	ms885181	ee488798
CreateOleAdviseHolder	ms864397	ee489605
CreatePalette (GDI)	ms908178	ee502315
CreatePartition	aa517334	ee489767
CreatePartitionEx	aa517335	ee490561
CreatePatternBrush	ms908179	ee503397
CreatePen	ms908180	ee501713
CreatePenIndirect	ms908181	ee500189
CreatePointerMoniker	ms864398	ee488663
CreatePopupMenu	ms908182	ee502545
CreatePortConnector Method	ms864399	ee483315
CreatePosPassThru	ms907278	ee496063
CreateProcess	ms885182	ee488927
CreatePropertySheetPage	ms908183	ee504871
CreateProxyArpEntry	ms887918	ee495049
CreateRectRgn	ms908184	ee503633
CreateRectRgnIndirect	ms908185	ee505867
CreateSemaphore	ms885184	ee488431
CreateSolidBrush	ms908187	ee501459
CreateStatusWindow	ms908188	ee500873
CreateStreamOnHGlobal	ms864401	ee487780
CreateThread	ms885186	ee488162
CreateTicket	ms885188	ee488031
CreateToolbarEx	ms908190	ee501151
CreateToolhelp32Snapshot	ms885189	ee487995
CreateTypeLib2	ms864403	ee488108
CreateURLMoniker	aa452144	ee492441
CreateURLMonikerEx	aa452146	ee492058
CreateUpDownControl	ms908191	ee499376
CreateUrlCacheEntry	aa452142	ee492427
CreateUrlCacheGroup	aa452433	ee492254
CreateVideoPort	aa447693	-
CreateWindow	ms908192	ee500617
CreateWindowEx	ms908193	ee503435
Creating ASF Files in DirectShow/Building a Filter Graph for ASF Output	ms940044	-
Creating ASF Files in DirectShow/Configuring the ASF Writer	ms940055	-
Creating CDATA Sections	ms862131	ee502064
Creating Controls	ms906575	-
Creating Digital Signatures	ms925889	ee498174
Creating Direct3D Mobile Resources	aa451275	ee491673
Creating End User Defined Characters	ms900852	-
Creating Event Objects	ms881663	ee493035
Creating Excluded Projects to Host Shell Source Code in the IDE	ms914399	ee500606
Creating Image Lists	ms906585	ee499107
Creating Multiline ToolTips	ms906591	ee502919
Creating Queues	ms881668	ee498627
Creating Rules Based on Time	ms886651	ee494677
Creating Rules for an IPv6 Subnet	ms886652	ee494667
Creating Service Description Documents	ms881669	ee498485
Creating Surfaces/Creating Client Memory Surfaces	aa451271	-
Creating Surfaces/Creating Complex Surfaces and Flipping Chains	aa451272	-
Creating Surfaces/Creating Wide Surfaces	aa451288	-
Creating Surfaces/Creating an Off-Screen Surface	aa451267	-
Creating Surfaces/Creating the Primary Surface	aa451285	-
Creating Surfaces/Flipping Surfaces	ms923376	-
Creating Texture Maps in Direct3D Mobile	aa451278	ee490695
Creating Tracking ToolTips	ms906597	ee502862
Creating Virtual FTP Directories	ms899744	ee498697
Creating a Browser Class	aa451938	ee487497
Creating a Browser Window	aa451940	ee487670
Creating a Cache Entry	aa451928	ee492649
Creating a Comma-Separated List of Items	ms862126	ee502721
Creating a Command Bands Control	ms926168	ee503886
Creating a Command Bar	ms926170	ee501935
Creating a Complex Scripts-enabled Run-Time Image	ms917973	ee491707
Creating a Control Panel Application	ms914264	ee501691
Creating a Credential Type Provider	ms925890	ee498748
Creating a Database	ms885320	ee490793
Creating a Date and Time Picker Control	ms926176	-
Creating a Depth Buffer	aa451273	ee490891
Creating a Device Description Document	ms881662	ee498945
Creating a Dictionary File	ms906490	ee490968
Creating a Dictionary Source File	ms903833	-
Creating a Direct3D Mobile Device	aa451274	ee490742
Creating a Display Driver Based on the GPE Classes	aa448245	ee482707
Creating a Header Control	ms926179	-
Creating a Hello World Application	ms914378	ee504865
Creating a LAP	ms936975	-
Creating a List View Control	ms926185	-
Creating a Month Calendar Control	ms926188	-
Creating a Multilingual OS Design	ms906489	ee492128
Creating a Multiple-Part Status Bar	ms926191	ee502573
Creating a New Project for Converting to IPv4/IPv6	ms881640	ee493290
Creating a Notification Sink	ms903850	ee491911
Creating a PKCS #10 Request	ms925887	-
Creating a Private Queue (COM)	ms881655	-
Creating a Progress Bar	ms926208	-
Creating a Property Sheet	ms926211	-
Creating a Queue (COM)	ms881656	-
Creating a Rebar Control	ms926213	ee504163
Creating a Recurring Appointment	ms862129	ee484975
Creating a Simple DVD Player/DVD-Video API Objects	ms923183	-
Creating a Simple DVD Player/Fundamental DVD-Video API Interfaces	ms923381	-
Creating a Simple DVD Player/Implementing First Play	ms923418	-
Creating a Simple DVD Player/Responding to User Commands	ms924606	-
Creating a Socket Client Application	ms899622	ee494529
Creating a Socket Server Application	ms881657	ee493055
Creating a Static Routing Infrastructure in the IPv6 Test Lab	ms899623	ee494527
Creating a Status Bar	ms926227	-
Creating a Tab Control	ms926233	-
Creating a Table of Contents	ms862130	ee503083
Creating a Target Application for Profiling the FLAT Display Driver	aa448246	ee486860
Creating a ToolTip Control	ms926239	-
Creating a Toolbar	ms926235	-
Creating a Trackbar	ms906553	ee499656
Creating a Transform Filter/Determine Which Base Classes to Use	aa451303	-
Creating a Transform Filter/Determine if the Filter Must Copy Media Samples	aa451302	-
Creating a Transform Filter/Instantiate the Filter	ms923427	-
Creating a Transform Filter/Make Added Interfaces Available Through NonDelegatingQueryInterface	ms924133	-
Creating a Transform Filter/Override the Base Class Member Functions	ms924181	-
Creating a Transform Filter/Write a Transform Filter	ms925284	-
Creating a Tree View	ms906558	-
Creating a Tree-View Image List	ms906562	ee505718
Creating a UDP Datagram Socket Application	ms881658	ee494283
Creating a URL Moniker	aa452148	ee491796
Creating a Vertex Buffer	aa451287	ee490101
Creating a Web Browser Object	aa451946	ee487823
Creating a Welcome Application	ms906564	ee502268
Creating an Application That Uses VAIL	aa525613	-
Creating an Application that Demonstrates the Progress Bar	ms914382	ee499108
Creating an Application to Convert to IPv4/IPv6	ms881652	ee493840
Creating an Empty Display-Based OS	ms914387	ee504180
Creating an Enrollment Environment	ms926472	-
Creating an IP Multicast Application	ms881651	-
Creating an IUPnPDeviceControl Implementation	ms881665	ee499475
Creating an Image List	ms926202	-
Creating an Internal Exposed Host	ms881644	ee493698
Creating an International User Interface	ms903842	-
Creating an OS Design for a File Server Device	ms899624	-
Creating an OS Design for a Web Server Device	ms899621	ee498953
Creating an Up-Down Control	ms926205	-
Creating and Cracking URLs	aa451932	ee492046
Creating and Deleting a Peer Identity	ms881661	-
Creating and Initializing COM Objects	ms862127	ee487899
Creating and Opening a File or Directory	ms885325	ee490028
Creating and Opening a Registry Key	ms885328	ee490186
Creating and Populating an HTML Template	ms862128	ee502659
Creating and Retrieving Cookies	aa451935	ee492201
Creating the Browser Control	aa451942	ee492656
Creating the Candidate List	ms903854	ee491414
Creating the Keyboard DLL Sources File	aa448248	-
Creating the Keyboard Device Layout	aa448247	-
Creating the Keyboard Input Language	aa448249	-
Creating the Navigation Control	aa451944	ee491809
Creating the Run-Time Images for the IPv6 Test Lab	ms899731	-
Creating, Finding, and Deleting Atoms	ms906578	ee501792
CredDelete	ms936977	ee498519
CredFree	ms936983	ee498739
CredRead	ms936984	ee498709
CredUpdate	ms936985	ee498536
CredWrite	ms936986	ee498168
Credential Manager	ms925891	-
Credential Manager Application Development	ms926461	-
Credential Manager Error Codes	ms936978	ee498848
Credential Manager Functions	ms936979	-
Credential Manager Migration	ms925893	ee498305
Credential Manager OS Design Development	ms925894	-
Credential Manager Overview	ms925895	ee498328
Credential Manager Reference	ms936980	-
Credential Manager Registry Settings	ms925896	ee498109
Credential Manager Security	ms925897	ee498527
Credential Manager Structures	ms936981	-
Credential Manager Type Provider Functions	ms936982	-
Credential Type Categories	ms925898	ee497962
Credential Type Providers	ms925899	ee498317
Credential Types	ms925900	-
CritCheckIn	ms938830	ee495567
CritCheckOut	ms938831	ee495352
CryptAcquireCertificatePrivateKey	ms937732	ee498105
CryptAcquireContext	ms937733	ee498334
CryptContextAddRef	ms937737	ee498165
CryptCreateHash	ms937738	ee498326
CryptCreateKeyIdentifierFromCSP	ms937739	ee498312
CryptDecodeObjectEx	ms937740	ee498858
CryptDecrypt	ms937741	ee498592
CryptDeriveKey	ms937742	ee498712
CryptDestroyHash	ms937743	ee497992
CryptDestroyKey	ms937744	ee497982
CryptDuplicateHash	ms937745	ee498714
CryptDuplicateKey	ms937746	ee498556
CryptEncodeObjectEx	ms937747	ee498735
CryptEncrypt	ms937989	ee498872
CryptEnumKeyIdentifierProperties	ms937995	ee497902
CryptEnumOIDInfo	ms938004	ee498512
CryptEnumProviderTypes	ms938017	ee498351
CryptEnumProviders	ms938012	ee498517
CryptExportKey	ms938025	ee498393
CryptExportPublicKeyInfoEx	ms938031	ee498316
CryptFindCertificateKeyProvInfo	ms938040	ee497934
CryptFindLocalizedName	aa452566	ee498335
CryptFindOIDInfo	ms938050	ee498577
CryptFreeOIDFunctionAddress	ms938057	ee498740
CryptGenKey	ms938062	ee498114
CryptGenRandom	ms938069	ee498196
CryptGetDefaultOIDFunctionAddress	ms938079	ee497954
CryptGetDefaultProvider	ms938088	ee498701
CryptGetHashParam	ms938096	ee498187
CryptGetKeyIdentifierProperty	ms938099	ee498579
CryptGetKeyParam	ms938103	ee497956
CryptGetOIDFunctionAddress	ms938109	ee497953
CryptGetProvParam	ms938119	ee498741
CryptGetUserKey	ms938123	ee498133
CryptHashCertificate	ms938130	ee498747
CryptHashData	ms938141	ee498197
CryptHashPublicKeyInfo	ms938149	ee498352
CryptHashSessionKey	ms938156	ee498762
CryptHashToBeSigned	ms938167	ee498730
CryptImportKey	ms938178	ee498498
CryptImportPublicKeyInfoEx	ms938185	ee498103
CryptInitOIDFunctionSet	ms938191	ee498391
CryptInstallDefaultContext	ms938197	ee498529
CryptInstallOIDFunctionAddress	ms938204	ee497989
CryptMsgCalculateEncodedLength	ms938232	ee498727
CryptMsgClose	ms938239	ee498330
CryptMsgControl	ms938247	ee498201
CryptMsgDuplicate	ms938251	ee498149
CryptMsgGetParam	ms938257	ee497910
CryptMsgOpenToDecode	ms938264	ee497927
CryptMsgOpenToEncode	ms938271	ee498722
CryptMsgUpdate	ms938279	ee498781
CryptProtectData	ms938309	ee498338
CryptReleaseContext	ms938317	ee497977
CryptSetHashParam	ms938326	ee498200
CryptSetKeyIdentifierProperty	ms938330	ee498850
CryptSetKeyParam	ms938335	ee497991
CryptSetProvParam	ms938358	ee498703
CryptSetProvider	ms938347	ee497957
CryptSetProviderEx	ms938353	ee498315
CryptSignAndEncodeCertificate	ms938360	ee498566
CryptSignCertificate	ms938364	ee498588
CryptSignHash	ms938369	ee498198
CryptUninstallDefaultContext	ms938372	ee498534
CryptUnprotectData	ms938379	ee498169
CryptVerifyCertificateSignature	aa452567	ee498122
CryptVerifySignature	ms938383	ee498354
Cryptography	ms926462	-
Cryptography Application Development	ms926463	-
Cryptography Data Types	ms936987	-
Cryptography Functions	ms936988	-
Cryptography Migration	ms926464	ee498707
Cryptography OS Design Development	ms925901	ee497979
Cryptography Reference	ms936989	-
Cryptography Registry Settings	ms925902	ee498176
Cryptography Samples	ms926465	ee498509
Cryptography Security	ms925903	ee498182
Cryptography Services	ms926466	-
Cryptography Structures	ms936990	-
Culling State	aa451289	ee491476
Current Call	aa525614	-
Custom Draw Messages	ms907573	-
Custom Draw Reference	ms907578	-
Custom Draw Structures	ms907580	-
Custom HTTP Headers for Various POSTs	ms894407	ee489072
Custom Service Extensions	ms881672	ee494926
Customizing Folders with Desktop.ini	ms906608	ee503223
Customizing Output with Callback Fields	ms906612	ee503471
Customizing StartUI or Control Panel to Use LASS	ms925905	ee498724
Customizing the Accelerator Button Area	ms917974	ee491587
Customizing the Bottom Information Area	ms917975	ee491371
Customizing the Browser Font Table	ms905302	ee491825
Customizing the Browser User Interface	aa451948	-
Customizing the Candidate List Area	ms917976	ee491780
Customizing the Candidate Window	ms917977	-
Customizing the Default Composition Window	ms917978	ee492126
Customizing the Focus Rectangle	aa451950	ee492604
Customizing the IME Toolbar	ms903855	-
Customizing the IME Toolbar Buttons	ms917979	ee491652
Customizing the Readings Area	ms917980	ee491912
Customizing the TUI Application	aa525615	-
D3DM Values	ms907765	ee490462
D3DMADAPTER Values	ms939132	ee490077
D3DMADAPTER_IDENTIFIER	ms939133	ee491298
D3DMBACKBUFFER_TYPE	ms939134	ee490062
D3DMBLEND	ms939135	ee491037
D3DMBLENDOP	ms939136	ee490336
D3DMBLENDOPCAPS Values	ms939137	ee491080
D3DMCAPS	ms939138	ee490649
D3DMCLEAR Values	ms939139	ee491425
D3DMCLIPSTATUS	ms939140	ee490331
D3DMCMPFUNC	ms939141	ee491045
D3DMCOLOR	ms939142	ee490879
D3DMCOLORVALUE	ms939143	ee491310
D3DMCOLORWRITEENABLE Values	ms939144	ee491279
D3DMCOLOR_ARGB	ms939145	ee490850
D3DMCOLOR_RGBA	ms939146	ee490699
D3DMCOLOR_XRGB	ms939147	ee491420
D3DMCREATE_MULTITHREADED	ms928109	ee491075
D3DMCS Values	ms928308	ee490287
D3DMCULL	ms907687	ee491296
D3DMCURRENT_DISPLAY_MODE	ms907695	ee490298
D3DMDEVCAPS Values	ms907700	ee491675
D3DMDEVICEFORMAT	aa447699	ee484390
D3DMDEVICE_CREATION_PARAMETERS	ms907701	ee491217
D3DMDEVTYPE	ms907702	ee490837
D3DMDISPLAYMODE	ms907703	ee491023
D3DMERR Values	aa451582	ee490273
D3DMFILLMODE	ms907704	ee490819
D3DMFOGMODE	ms907705	ee491459
D3DMFORMAT	ms907707	ee491640
D3DMFVF Values	ms907708	ee490469
D3DMFVF_TEXCOORDFIXED	ms907709	ee491495
D3DMFVF_TEXCOORDFLOAT	ms907710	ee491610
D3DMFVF_TEXCOORDSIZE Macros	ms907711	ee490718
D3DMINDEXBUFFER_DESC	ms907712	ee490830
D3DMLIGHT	ms907713	ee490064
D3DMLIGHTTYPE	ms907714	ee491466
D3DMLINECAPS Values	ms907715	ee490868
D3DMLOCK Values	ms907717	ee491594
D3DMLOCKED_RECT	ms907716	ee491292
D3DMMATERIAL	ms907718	ee491660
D3DMMATERIALCOLORSOURCE	ms907719	ee490106
D3DMMATRIX	ms907720	ee490812
D3DMMULTISAMPLE_TYPE	ms907721	ee490506
D3DMPBLENDCAPS Values	ms907722	ee491474
D3DMPCMPCAPS Values	ms907723	ee490341
D3DMPMISCCAPS Values	ms907724	ee490518
D3DMPOOL	ms907725	ee491103
D3DMPRASTERCAPS Values	ms907726	ee491099
D3DMPRESENT Values	ms907728	ee491084
D3DMPRESENTFLAG_LOCKABLE_BACKBUFFER	ms907727	ee490892
D3DMPRESENT_PARAMETERS	ms907729	ee490521
D3DMPRIMITIVETYPE	ms907730	ee490309
D3DMPROFILE	ms907731	ee491260
D3DMPSHADECAPS Values	ms907732	ee491027
D3DMPTADDRESSCAPS Values	ms907733	ee490844
D3DMPTEXTURECAPS Values	ms907734	ee491265
D3DMPTFILTERCAPS Values	ms907735	ee491306
D3DMPV Values	ms907736	ee490074
D3DMRENDERSTATETYPE	ms907737	ee491484
D3DMRENDERSTATE_WRAPBIAS	ms907738	ee490886
D3DMRESOURCETYPE	ms907739	ee491423
D3DMRTYPEFLAG Values	aa447706	ee486461
D3DMSHADEMODE	ms907740	ee490128
D3DMSTENCILCAPS Values	ms907741	ee490870
D3DMSTENCILOP	ms907742	ee491062
D3DMSURFACE_DESC	ms907743	ee491063
D3DMSURFCAPS Values	ms907744	ee490266
D3DMSWAPEFFECT	ms907745	ee491009
D3DMTA Values	ms907746	ee491070
D3DMTEXOPCAPS Values	ms907747	ee491030
D3DMTEXTUREADDRESS	ms907748	ee490505
D3DMTEXTUREFILTERTYPE	ms907749	ee491031
D3DMTEXTUREOP	ms907750	ee490847
D3DMTEXTURESTAGESTATETYPE	ms907751	ee490688
D3DMTEXTURETRANSFORMFLAGS	ms907752	ee491486
D3DMTEXTURE_DESC	aa447707	ee486071
D3DMTRANSFORMSTATETYPE	ms907753	ee490889
D3DMTSS_TCI Values	ms907754	ee490281
D3DMTSS_TEXTURE	aa447708	ee485072
D3DMUSAGE Values	ms907755	ee490478
D3DMVALUE	ms907756	ee491626
D3DMVECTOR	ms907757	ee491499
D3DMVERTEXBUFFER_DESC	ms907758	ee491056
D3DMVIEWPORT	ms907759	ee490881
D3DMVTXPCAPS Values	ms907760	ee490702
D3DMWRAPCOORD Values	ms907761	ee491085
D3DMZBUFFERTYPE	ms907762	ee491317
D3DM_CLEAR	aa447711	ee481281
D3DM_COLORFILL	aa447712	ee483632
D3DM_COMMAND	aa447713	ee485424
D3DM_COPYRECT	aa447714	ee485418
D3DM_CREATECONTEXT_DATA	aa447715	ee482855
D3DM_CREATECONTEXT_PTR	aa447716	ee484672
D3DM_CREATELIGHT	aa447717	ee485408
D3DM_CREATEPALETTE	aa447718	ee481484
D3DM_CREATESURFACE_DATA	aa447719	ee483455
D3DM_CREATESURFACE_PTR	aa447720	ee485873
D3DM_CreateContext	aa447695	ee483085
D3DM_CreateSurface	aa447696	ee482709
D3DM_DESTROYCONTEXT_DATA	aa447721	ee481500
D3DM_DESTROYCONTEXT_PTR	aa447722	ee483013
D3DM_DESTROYSURFACE_DATA	aa447723	ee484633
D3DM_DESTROYSURFACE_PTR	aa447724	ee485835
D3DM_DLL_ENTRY	aa447725	ee485667
D3DM_DRAWINDEXEDPRIMITIVE	aa447726	ee481891
D3DM_DRAWPRIMITIVE (Structure)	aa447727	ee483653
D3DM_DRAWPRIMITIVE_DATA	aa447728	ee484020
D3DM_DRAWPRIMITIVE_PTR	aa447729	ee482291
D3DM_DRIVER Values	ms896720	ee482424
D3DM_DestroyContext	aa447697	ee482487
D3DM_DestroySurface	aa447698	ee482456
D3DM_DrawPrimitive (Function)	aa447700	ee482435
D3DM_GETADAPTERINFO_DATA	ms896729	ee486299
D3DM_GETADAPTERINFO_PTR	ms896730	ee483233
D3DM_GETINFO Values	ms896731	ee486695
D3DM_GETINFO_DATA	ms896732	ee483120
D3DM_GETINFO_PTR	ms896733	ee484484
D3DM_GetAdapterInfo	aa447701	ee486940
D3DM_GetInfo	aa447702	ee484406
D3DM_INDEXBUFFER	ms896734	ee482303
D3DM_INITIALIZE_DATA	ms896735	ee484834
D3DM_Initialize	aa447703	ee481038
D3DM_LOCKSURFACE_DATA	ms896737	ee486702
D3DM_LOCKSURFACE_PTR	ms896738	ee485898
D3DM_LockSurface	aa447704	ee485647
D3DM_MAKE_D3DMVALUE	ms907763	ee490538
D3DM_MAKE_RSVALUE	ms907764	ee491458
D3DM_MATERIAL	ms896739	ee482087
D3DM_OPERATION	ms896740	ee485633
D3DM_PRESENT	ms896741	ee484047
D3DM_PROCESSVERTICES	ms896742	ee482103
D3DM_RENDERSTATE	ms896743	ee483098
D3DM_RENDERTARGET	ms896744	ee482929
D3DM_RESOURCEMANAGER_ACTION	ms896745	ee485833
D3DM_RESOURCEMANAGER_DATA	ms896746	ee485455
D3DM_RESOURCEMANAGER_PTR	ms896747	ee486643
D3DM_ResourceManager	aa447705	ee484600
D3DM_SETLIGHT	ms896748	ee482647
D3DM_SETLIGHT_DATATYPE	ms896749	ee484875
D3DM_SETLIGHT_WITHDATA	ms896750	ee484487
D3DM_SETPALETTE	ms896751	ee485488
D3DM_SETPALETTE_DATATYPE	ms896752	ee481687
D3DM_SETPALETTE_WITHENTRIES	ms896753	ee485896
D3DM_STRETCHRECT	ms896754	ee485836
D3DM_TEXTURESTAGESTATE	ms896755	ee484397
D3DM_TRANSFORM	ms896756	ee483108
D3DM_UNLOCKSURFACE_DATA	ms896757	ee484621
D3DM_UNLOCKSURFACE_PTR	ms896758	ee483858
D3DM_UnlockSurface	aa447709	ee486649
D3DM_VALIDATEDEVICE_DATA	ms896759	ee485706
D3DM_VALIDATEDEVICE_PTR	ms896760	ee483104
D3DM_VERTEXBUFFER	ms896761	ee481490
D3DM_VIEWPORT	ms896762	ee485697
D3DM_ValidateDevice	aa447710	ee485429
DATADIR	ms864408	ee488500
DATA_WRAPPER	ms896763	ee485239
DATE	ms908196	ee501236
DBGPARAM	aa451060	ee487951
DBLNODE	ms896764	-
DB_CEOID_CHANGED	aa517338	ee489760
DB_CEOID_CHANGED [CE.NET twin of aa517338]	ms923954	-
DB_CEOID_CREATED	aa517339	ee490153
DB_CEOID_CREATED [CE.NET twin of aa517339]	ms923955	-
DB_CEOID_DATABASE_DELETED	aa517340	ee489525
DB_CEOID_DATABASE_DELETED [CE.NET twin of aa517340]	ms923956	-
DB_CEOID_DIRECTORY_DELETED	aa517341	ee489939
DB_CEOID_DIRECTORY_DELETED [CE.NET twin of aa517341]	ms923957	-
DB_CEOID_FILE_DELETED	ms887719	ee490173
DB_CEOID_FILE_DELETED [CE.NET twin of ms887719]	ms923958	-
DB_CEOID_RECORD_DELETED	ms887825	ee489561
DB_CEOID_RECORD_DELETED [CE.NET twin of ms887825]	ms923959	-
DCB	ms885192	ee488022
DCOM Security Configuration Utility	ms862132	ee488080
DCOM Supported APIs	ms862133	ee489523
DCRP_VALID_	ms909305	-
DDALPHABLTFX	ms907787	ee490481
DDBLTFX	ms907788	ee491245
DDCAPS	ms907789	ee490705
DDCOLORCONTROL	ms907790	ee490304
DDCOLORKEY	ms907791	ee490463
DDCORECAPS	ms896765	-
DDEnumCallback	ms907792	-
DDEnumCallbackEx	ms907793	ee491229
DDGPE Class Definition	ms896774	ee486980
DDGPE Derivation	aa447442	ee481450
DDGPE::AllocSurface	ms896766	ee485068
DDGPE::AllocVideoSurface	ms896768	ee482093
DDGPE::BltExpanded	ms896770	ee486636
DDGPE::BltPrepare	ms896772	ee483618
DDGPE::DetectMode	ms896775	ee481676
DDGPE::DetectPixelFormat	ms896776	ee483819
DDGPE::GetDriverData	ms896779	ee483824
DDGPE::GetDriverGUID	ms896780	ee481868
DDGPE::GetModeInfoEx	ms896781	ee481331
DDGPE::GetPhysicalModeId	ms896782	ee481931
DDGPE::InDisplay	ms896783	ee481441
DDGPE::PerformBlt	ms896784	ee484649
DDGPE::SetDriverData	ms896785	ee485487
DDGPE::SetDriverGUID	ms896786	ee481244
DDGPE::SetMode	ms896787	ee484216
DDGPE::SetVisibleSurface	ms896788	ee481442
DDGPE::WrapSurface	ms896815	ee482508
DDGPEAllocSurfaceData	ms896767	ee486317
DDGPEBltParams	ms896771	ee485049
DDGPEDriverData	ms896778	ee482884
DDGPEStandardHeader	ms896789	ee486277
DDGPESurf Class Definition	ms896793	ee485294
DDGPESurf Constructors	ms896798	ee482710
DDGPESurf Derivation	aa447445	ee481919
DDGPESurf::AlignedWidth	ms896790	ee486703
DDGPESurf::Bpp	ms896791	ee484392
DDGPESurf::ColorKey	ms896794	ee486511
DDGPESurf::ColorKeyHigh	ms896795	ee484435
DDGPESurf::ColorKeyLow	ms896796	ee484259
DDGPESurf::ColorKeyMask	ms896797	ee484480
DDGPESurf::DeleteSurface	ms896799	ee481653
DDGPESurf::GetDDGPESurf	ms896800	ee484607
DDGPESurf::GetDirectDrawSurface	ms896801	ee482860
DDGPESurf::GetDriverData	ms896802	ee481524
DDGPESurf::GetDriverGUID	ms896803	ee482043
DDGPESurf::HasAlpha	ms896804	ee485714
DDGPESurf::Init	ms896805	ee484391
DDGPESurf::PixelFormat	ms896806	ee482704
DDGPESurf::SetColorKey	ms896807	ee484058
DDGPESurf::SetColorKeyHigh	ms896808	ee481860
DDGPESurf::SetColorKeyLow	ms896809	ee482904
DDGPESurf::SetColorKeyMask	ms896810	ee484062
DDGPESurf::SetDDGPESurf	ms896811	ee481128
DDGPESurf::SetDirectDrawSurface	ms896812	ee483045
DDGPESurf::SetDriverData	ms896813	ee485623
DDGPESurf::SetDriverGUID	ms896814	ee483113
DDHAL Callback Return Values	aa447447	ee481258
DDHAL Callbacks and Capabilities	aa447448	ee482827
DDHAL Customization	aa447450	ee483867
DDHALINFO	ms897605	ee486054
DDHALMODEINFO	ms897612	-
DDHAL_ADDATTACHEDSURFACEDATA	ms896816	-
DDHAL_BLTDATA	ms896817	-
DDHAL_CANCREATESURFACEDATA	ms896818	ee481042
DDHAL_CANCREATEVPORTDATA	ms896819	-
DDHAL_COLORCONTROLDATA	ms896820	ee483382
DDHAL_CREATEPALETTEDATA	ms896821	-
DDHAL_CREATESURFACEDATA	ms896822	ee486895
DDHAL_CREATEVPORTDATA	ms896823	-
DDHAL_DDCALLBACKS	ms896824	ee484229
DDHAL_DDCOLORCONTROLCALLBACKS	ms896825	ee483056
DDHAL_DDMISCELLANEOUS2CALLBACKS	ms896826	-
DDHAL_DDMISCELLANEOUSCALLBACKS	ms896827	ee484882
DDHAL_DDPALETTECALLBACKS	ms896828	-
DDHAL_DDSURFACECALLBACKS	ms896829	ee482306
DDHAL_DDVIDEOPORTCALLBACKS	ms897064	-
DDHAL_DESTROYDRIVERDATA	ms897235	-
DDHAL_DESTROYPALETTEDATA	ms897243	-
DDHAL_DESTROYSURFACEDATA	ms897355	ee481241
DDHAL_DESTROYVPORTDATA	ms897410	-
DDHAL_FLIPDATA	ms897514	ee482503
DDHAL_FLIPTOGDISURFACEDATA	ms897527	-
DDHAL_FLIPVPORTDATA	ms897534	-
DDHAL_GETAVAILDRIVERMEMORYDATA	ms897538	ee486209
DDHAL_GETBLTSTATUSDATA	ms897546	ee483438
DDHAL_GETDRIVERINFODATA	ms897547	ee481242
DDHAL_GETFLIPSTATUSDATA	ms897553	ee484675
DDHAL_GETHEAPALIGNMENTDATA	ms897557	-
DDHAL_GETSCANLINEDATA	ms897563	ee481466
DDHAL_GETVPORTBANDWIDTHDATA	ms897569	-
DDHAL_GETVPORTCONNECTDATA	ms897575	-
DDHAL_GETVPORTFIELDDATA	ms897577	-
DDHAL_GETVPORTFLIPSTATUSDATA	ms897584	-
DDHAL_GETVPORTINPUTFORMATDATA	ms897587	-
DDHAL_GETVPORTLINEDATA	ms897590	-
DDHAL_GETVPORTOUTPUTFORMATDATA	ms897595	-
DDHAL_GETVPORTSIGNALDATA	ms897598	-
DDHAL_LOCKDATA	ms897608	ee483066
DDHAL_SETCLIPLISTDATA	ms897624	-
DDHAL_SETCOLORKEYDATA	ms897627	ee482922
DDHAL_SETENTRIESDATA	ms897633	-
DDHAL_SETEXCLUSIVEMODEDATA	ms897640	-
DDHAL_SETMODEDATA	ms897647	-
DDHAL_SETOVERLAYPOSITIONDATA	ms897652	ee482281
DDHAL_SETPALETTEDATA	ms897656	-
DDHAL_SET_PALETTE	aa448303	ee482807
DDHAL_UNLOCKDATA	ms897662	ee486471
DDHAL_UPDATENONLOCALHEAPDATA	ms897669	-
DDHAL_UPDATEOVERLAYDATA	ms897671	ee484186
DDHAL_UPDATEVPORTDATA	ms897678	-
DDHAL_VPORTCOLORDATA	ms897680	-
DDHAL_WAITFORVERTICALBLANKDATA	ms897686	ee485100
DDHAL_WAITFORVPORTSYNCDATA	ms897689	-
DDI Functions	aa447456	ee485901
DDKISRINFO	ms897694	ee483661
DDKPCIINFO	ms897695	ee486466
DDKReg_GetIsrInfo	ms897699	ee483855
DDKReg_GetPciInfo	ms897705	ee485454
DDKReg_GetWindowInfo	ms897707	ee484492
DDKWINDOWINFO	ms897713	ee481037
DDMORECAPS	ms897932	-
DDMORESURFACECAPS	ms897948	-
DDNONLOCALVIDMEMCAPS	ms898018	-
DDOVERLAYFX	ms907794	ee491509
DDPIXELFORMAT	ms907795	ee491068
DDRAWI_DDRAWCLIPPER_GBL	ms898127	ee482793
DDRAWI_DDRAWCLIPPER_INT	ms898239	-
DDRAWI_DDRAWCLIPPER_LCL	ms898249	-
DDRAWI_DDRAWPALETTE_GBL	ms898255	-
DDRAWI_DDRAWPALETTE_INT	ms898256	-
DDRAWI_DDRAWPALETTE_LCL	ms898257	-
DDRAWI_DDRAWSURFACE_GBL	ms898258	-
DDRAWI_DDRAWSURFACE_GBL_MORE	ms898260	-
DDRAWI_DDRAWSURFACE_INT	ms898261	-
DDRAWI_DDRAWSURFACE_LCL	ms898262	ee481690
DDRAWI_DDRAWSURFACE_MORE	ms898263	-
DDRAWI_DDVIDEOPORT_INT	ms898264	-
DDRAWI_DDVIDEOPORT_LCL	ms898265	-
DDRAWI_DIRECTDRAW_GBL	ms898266	ee486056
DDRAWI_DIRECTDRAW_INT	ms898267	-
DDRAWI_DIRECTDRAW_LCL	ms898268	-
DDSCAPS	ms907796	ee490733
DDSCAPS2	ms907797	-
DDSCAPSEX	ms907798	-
DDSURFACEDESC	ms907799	ee490816
DDSURFACEDESC2	ms907800	-
DDVIDEOPORTBANDWIDTH	ms907801	-
DDVIDEOPORTCAPS	ms907802	-
DDVIDEOPORTCONNECT	ms907803	-
DDVIDEOPORTDESC	ms907804	-
DDVIDEOPORTINFO	ms907805	-
DDVIDEOPORTSTATUS	ms907806	-
DEBUGCHK	aa451062	ee488167
DEBUGLED	aa451064	ee488408
DEBUGMSG	aa451065	ee488430
DEBUGREGISTER, RETAILREGISTERZONES	aa451067	ee488796
DEBUGZONE	aa451070	ee488354
DEBUG_EVENT	ms885195	ee488558
DECLARE_IUNKNOWN	aa451569	ee495205
DEFRAG_OPTIONS	ms887931	ee489969
DEFRAG_PARAMS	ms887962	ee490430
DEFRAG_RESULTS	ms887970	ee490418
DELETEITEMSTRUCT	aa452931	ee501470
DELETE_SECTOR_INFO	ms898280	ee485839
DEREFERENCECONNECTION	ms864415	ee486575
DESCKIND	ms864416	ee489675
DEVICEWINDOW	ms898293	ee481741
DEVICE_LIST	ms898289	ee482017
DEVICE_LOCATION	ms898290	ee483248
DEVINFO	aa513865	ee485393
DEVMGR_DEVICE_INFORMATION	ms898294	ee481699
DEVMODE	aa452943	ee506078
DEVMODEW	ms898295	ee482313
DEVNAMES	aa452944	ee501791
DHCP Allocator	ms881700	-
DHCP Allocator Operation	ms881701	ee494026
DHCPv6 Lite Registry Settings	ms881704	ee494502
DHCPv6 Non-Configurable Registry Settings	ms881705	ee493023
DHTML Events	aa451956	ee492068
DIBDATA	aa451578	ee494548
DIBSECTION	aa452953	ee503509
DIBSIZE	aa451579	ee496348
DIR	aa452954	ee502239
DIRECTION	aa450332	ee501152
DISCDLGSTRUCT	aa450334	ee494734
DISK_COPY_EXTERNAL	ms889011	ee490566
DISK_INFO	ms898299	ee486455
DISPID	ms864423	ee489414
DISPLAY_DEVICE	aa452957	ee499040
DISPPARAMS	ms864426	ee489712
DLGITEMTEMPLATE	aa452958	ee503177
DLGITEMTEMPLATEEX	aa452959	ee504110
DLGTEMPLATE	aa452960	ee504037
DLGTEMPLATEEX	aa452961	ee504551
DLL Functions	aa450708	-
DLL Structures	aa450738	-
DLL and Setup Functions	aa451591	-
DMA_ADAPTER_OBJECT	ms898303	ee485232
DMAdvertiseInterface	ms898304	ee481332
DMO Base Class Reference	aa451592	-
DMO Enumerated Types	aa451689	-
DMO Error Codes	aa451595	ee496278
DMO Functions	aa451722	-
DMO GUIDs	aa451598	ee492732
DMO Interfaces	ms923428	-
DMO Structures	aa452388	-
DMOEnum	aa451593	ee495723
DMOGetName	aa451596	ee493748
DMOGetTypes	aa451597	ee493613
DMORegister	aa451608	ee494354
DMORegisterFilter	aa452529	ee492943
DMOUnregister	aa451611	ee492677
DMOUnregisterFilter	aa452530	ee494184
DMO_ENUM_FLAGS	aa451594	ee492944
DMO_INPUT_DATA_BUFFER_FLAGS	aa451599	ee496009
DMO_INPUT_STREAM_INFO_FLAGS	aa451600	ee495758
DMO_MEDIA_TYPE	aa451601	ee493764
DMO_OUTPUT_DATA_BUFFER	aa451602	ee496722
DMO_OUTPUT_DATA_BUFFER_FLAGS	aa451603	ee494132
DMO_OUTPUT_STREAM_INFO_FLAGS	aa451604	ee492291
DMO_PARTIAL_MEDIATYPE	aa451605	ee494204
DMO_PROCESS_OUTPUT_FLAGS	aa451606	ee495765
DMO_REGISTER_FLAGS	aa451609	ee492711
DMO_SET_TYPE_FLAGS	aa451610	ee495006
DMO_VIDEO_OUTPUT_STREAM_FLAGS	aa451612	ee495757
DMOs and Media Types/Decoders and Compressors	aa451297	-
DMOs and Media Types/Media Types in the Registry	ms924143	-
DMOs and Media Types/Overview of Media Types	ms924191	-
DMOs and Media Types/Preferred Media Types	ms924574	-
DMOs and Media Types/Setting the Media Types	ms924629	-
DMSDLINFO	ms895034	ee489326
DMSINVPKGID	ms895037	ee489308
DMSINVRECORD	ms895039	ee489123
DMTASKINFO	ms895041	ee489075
DM_GETDEFID	aa452962	ee501934
DM_SETDEFID	aa452963	ee501770
DNS Functions	ms886653	-
DNS Proxy	ms881714	-
DNS Proxy Registry Settings	aa451151	ee493511
DNS Reference	ms886655	-
DNS Structures	ms886654	-
DNS_AAAA_DATA	aa450339	ee494324
DNS_ATMA_DATA	aa450340	ee494653
DNS_A_DATA	aa450341	ee493227
DNS_HEADER	aa450342	ee493226
DNS_KEY_DATA	aa450343	ee494312
DNS_LOC_DATA	aa450344	ee493875
DNS_MESSAGE_BUFFER	aa450345	ee493015
DNS_MINFO_DATA	aa450346	ee493878
DNS_MX_DATA	aa450347	ee494060
DNS_NULL_DATA	aa450348	ee493473
DNS_NXT_DATA	aa450349	ee493693
DNS_PTR_DATA	aa450350	ee493215
DNS_RECORD	aa450351	ee493229
DNS_RECORD_FLAGS	aa450352	ee493622
DNS_RRSET	aa450353	ee494245
DNS_SIG_DATA	aa450354	ee494505
DNS_SOA_DATA	aa450355	ee494117
DNS_SRV_DATA	aa450356	ee494311
DNS_TKEY_DATA	aa450357	ee493291
DNS_TSIG_DATA	aa450358	ee493705
DNS_TXT_DATA	aa450359	ee494855
DNS_WINSR_DATA	aa450360	ee493294
DNS_WINS_DATA	aa450361	ee493719
DNS_WIRE_QUESTION	aa450362	ee494519
DNS_WIRE_RECORD	aa450363	ee493039
DNS_WKS_DATA	aa450364	ee493245
DOCINFO	aa452964	ee502297
DOM Property	ms864436	ee487148
DOMAIN_CONTROLLER_INFO	aa450366	ee493438
DOMDocument	ms864435	ee503408
DRAWITEMSTRUCT	aa452974	ee501739
DRM Application Development/DRM for Portable Devices	ms923104	-
DRM Application Development/DRM in DirectShow and Windows Media Player	ms923147	-
DRM Application Development/Developing Applications on DRM-Enabled Platforms	ms925288	-
DRM Application Development/License Acquisition	ms923437	-
DRVENABLEDATA	aa447740	ee482106
DRV_CLOSE	aa447733	ee482099
DRV_OPEN	aa447751	ee481288
DTM_GETMCCOLOR	aa452977	ee506132
DTM_GETMCFONT	aa452978	ee502254
DTM_GETMONTHCAL	aa452979	ee504318
DTM_GETRANGE	aa452980	ee504345
DTM_GETSYSTEMTIME	aa452981	ee502299
DTM_SETFORMAT	aa452982	ee500171
DTM_SETMCCOLOR	aa452983	ee503164
DTM_SETMCFONT	aa452984	ee503896
DTM_SETRANGE	aa452985	ee499046
DTM_SETSYSTEMTIME	aa452986	ee502617
DTN_CLOSEUP	aa452987	ee499365
DTN_DATETIMECHANGE	aa452988	ee503671
DTN_DROPDOWN	aa452989	ee500854
DTN_FORMAT	aa452990	ee501747
DTN_FORMATQUERY	aa452991	ee499119
DTN_USERSTRING	aa452992	ee505238
DTN_WMKEYDOWN	aa452993	ee503361
DVASPECT	ms864437	ee488141
DVASPECT2	ms864438	ee489648
DVASPECTINFO	ms864439	ee488664
DVASPECTINFOFLAG	ms864450	ee489170
DVD-Video API Application Development/About the DVD-Video API Documentation	aa451159	-
DVD-Video API Application Development/Understanding the DVD-Video API	aa451409	-
DVD-Video API Application Development/Using the DVD-Video API	aa451440	-
DVD-Video API Data Types/UNICODE_PATH	aa452397	-
DVD-Video API Enumerated Types/EDDVDPlaybackState	aa451671	-
DVD-Video API Enumerated Types/EDVDDomainType	aa451672	-
DVD-Video API Enumerated Types/EDVDNavException	aa451673	-
DVD-Video API Enumerated Types/EDVDSParamEvent	aa451674	-
DVD-Video API Enumerated Types/ENavCmdArea	aa451678	-
DVD-Video API Enumerated Types/EPGCLinkType	aa451695	-
DVD-Video API Enumerated Types/EPGCPlaybackMode	aa451696	-
DVD-Video API Interfaces/IDVDDataSearchInfo	aa451819	-
DVD-Video API Interfaces/IDVDDomain	aa451834	-
DVD-Video API Interfaces/IDVDHighlightInfo	aa451848	-
DVD-Video API Interfaces/IDVDMenu	aa451862	-
DVD-Video API Interfaces/IDVDNavDataStatusSink	aa451865	-
DVD-Video API Interfaces/IDVDNavigationManager	aa451867	-
DVD-Video API Interfaces/IDVDNavigatorSink	aa451878	-
DVD-Video API Interfaces/IDVDParentalManagementTable	aa451905	-
DVD-Video API Interfaces/IDVDProgramChain	aa451909	-
DVD-Video API Interfaces/IDVDROM	aa451941	-
DVD-Video API Interfaces/IDVDStreamAttributes	aa451959	-
DVD-Video API Interfaces/IDVDStreamControlInfo	aa451972	-
DVD-Video API Interfaces/IDVDTextManager	aa452042	-
DVD-Video API Interfaces/IDVDTimeMap	aa452046	-
DVD-Video API Interfaces/IDVDTitleSet	aa452050	-
DVD-Video API Interfaces/IDVDUserOperation	aa452059	-
DVD-Video API Interfaces/IDVDVideoVolume	ms930853	-
DVD-Video API Interfaces/IEnumDVD_XXXX	ms910434	-
DVD-Video API Macros/DVD-Video API Interface Identifiers	ms912026	-
DVD-Video API Reference/DVD-Video API Common Terms	ms923168	-
DVD-Video API Reference/DVD-Video API Data Types	ms925304	-
DVD-Video API Reference/DVD-Video API Enumerated Types	ms925305	-
DVD-Video API Reference/DVD-Video API Interfaces	ms925306	-
DVD-Video API Reference/DVD-Video API Macros	ms925307	-
DVD-Video API Reference/DVD-Video API Structures	ms925309	-
DVD-Video API Structures/DVDUserGOPData	aa451630	-
DVD-Video API Structures/DVD_AUDIO_MU_ATTR	aa451617	-
DVD-Video API Structures/DVD_AUDIO_STREAM_ATTR	aa451618	-
DVD-Video API Structures/DVD_CELL_PIECE	aa451619	-
DVD-Video API Structures/DVD_CELL_PLAYBACK	aa451620	-
DVD-Video API Structures/DVD_ISRC	aa451621	-
DVD-Video API Structures/DVD_NAV_CMD	aa451622	-
DVD-Video API Structures/DVD_POS_CODE	aa451623	-
DVD-Video API Structures/DVD_PROVIDER_ID	aa451624	-
DVD-Video API Structures/DVD_RECT	aa451625	-
DVD-Video API Structures/DVD_SUBPICTURE_STREAM_ATTR	aa451626	-
DVD-Video API Structures/DVD_TEXT_ITEM	aa451627	-
DVD-Video API Structures/DVD_TEXT_LANGUAGE_UNIT	aa451628	-
DVD-Video API Structures/DVD_TITLE_SET_INFO	aa451629	-
DVD-Video API/DVD-Video API Application Development	ms923161	-
DVD-Video API/DVD-Video API Migration	ms923157	-
DVD-Video API/DVD-Video API OS Design Development	ms923190	-
DVD-Video API/DVD-Video API Reference	ms925308	-
DVD-Video API/DVD-Video API Samples	ms932690	-
DVD-Video API/DVD-Video API Security	ms923200	-
DVD-Video Renderer Enumerations	aa447527	-
DVD-Video Renderer Interface Identifiers	ms892115	ee484625
DVD-Video Renderer Interfaces	ms892135	-
DVD-Video Renderer Macros	ms892143	ee481106
DVD_REGIONCE	aa447763	ee482519
DVEXTENTINFO	ms864451	ee488144
DVEXTENTMODE	ms864452	ee487861
DVTARGETDEVICE	ms864453	ee489164
Data Class Interface	aa447437	ee486316
Data Flow in the Filter Graph/Filter States	ms940060	-
Data Flow in the Filter Graph/Generating New Samples	ms923384	-
Data Flow in the Filter Graph/Processing a Sample	ms924579	-
Data Flow in the Filter Graph/Push versus Pull	ms924586	-
Data Flow in the Filter Graph/Thread Usage	aa451393	-
Data In Endpoint Descriptor	aa447438	ee484483
Data Out Endpoint Descriptor	aa447439	ee482464
Data Persistence with the RAM-based Registry Using the OAL	ms892394	-
Data Transport Providers	ms881674	-
DataHandler	ms885191	ee488191
Database Macros	aa516926	-
Database Messages	aa516927	-
Database Reference	aa516928	-
Database Replication OS Functions	aa516929	-
Database Replication OS Macros	ms885337	-
Database Replication OS Reference	aa517337	-
Database Replication OS Structures	aa516930	-
Database Store and Call Logging	aa525621	-
Database Volume Compaction Thread	ms892400	ee490385
Databases	ms885343	-
Date and Time Picker Controls Macros	ms907588	-
Date and Time Picker Controls Messages	ms927538	-
Date and Time Picker Controls Notifications	ms927544	-
Date and Time Picker Controls Reference	ms927550	-
Date and Time Picker Controls Structures	ms927557	-
Date and Time Picker Styles	ms908197	ee503895
DateTime_GetMonthCal	ms908198	ee501432
DateTime_GetMonthCalColor	ms908199	ee504312
DateTime_GetMonthCalFont	ms908200	ee499054
DateTime_GetRange	ms908202	ee503084
DateTime_GetSystemtime	ms908203	ee501443
DateTime_SetFormat	ms908204	ee504360
DateTime_SetMonthCalColor	ms908205	ee505061
DateTime_SetMonthCalFont	ms908206	ee499032
DateTime_SetRange	ms908207	ee502835
DateTime_SetSystemtime	ms908208	ee501963
DbgAssert	ms907766	ee493953
DbgBreak	ms907767	ee495697
DbgBreakPoint	ms907768	ee496483
DbgDumpObjectRegister	ms907769	ee495225
DbgKernelAssert	ms907780	ee496133
DbgLockTrace	ms907781	ee496323
DbgOutString	ms907782	ee496300
DbgSetWaitTimeout	ms907783	ee493362
DbgWaitForMultipleObjects	ms907784	ee495918
DbgWaitForSingleObject	ms907785	ee493134
DdsiTouchPanelAttach	ms898269	ee483822
DdsiTouchPanelDetach	ms898270	ee485218
DdsiTouchPanelDisable	ms898271	ee481458
DdsiTouchPanelEnable	ms898272	ee482671
DdsiTouchPanelGetDeviceCaps	ms898273	ee484867
DdsiTouchPanelGetPoint	ms898274	ee483105
DdsiTouchPanelPowerHandler	ms898276	ee485209
DdsiTouchPanelSetMode	ms898277	ee482434
DeactivateDevice	ms898278	ee481874
Dead Gateway Detection	ms881675	ee494872
Deallocating Memory Blocks Associated with Audio Data	aa451294	ee487399
Debug NOTE (Message) Macros	aa451567	-
Debug Output	aa451568	-
Debug/Auxiliary	aa447457	ee481715
DebugActiveProcess	ms885193	ee488781
DebugBreak	ms885194	ee488413
Debugging Functions	aa450702	-
Debugging MSMQ Installations	ms881676	ee498959
Debugging Macros	ms887725	-
Debugging Structures	aa450706	-
Debugging a Style Sheet	ms862134	ee503049
Debugging using TUI Debug Zones	aa525622	-
Deciding How to Display IP Addresses	ms899748	ee493835
Declaring the Derived Class	aa451296	ee493368
DecoderInitFlag	aa451570	ee490842
DecryptMessage	ms938416	ee497924
DefDlgProc	ms908209	ee499719
DefWindowProc	aa452929	ee503409
Default Address Selection for IPv6	ms881677	ee495096
Default IP Firewall Rules	ms881678	ee494291
Default Registry Settings	ms887923	ee490779
Default Registry Values for Menu	ms903856	ee491389
Default Registry Values for Widgets	ms903857	ee491701
DefaultTransferComplete	ms898279	ee483217
DeferWindowPos	ms908210	ee500478
Defining ActiveSync Objects	ms861269	ee487300
Defining Calendar Formats	ms903859	ee490973
Defining a Character Set	ms903858	ee492121
Defining the DOM Context for XPath Expressions	ms862165	ee502413
Defining the XSLT Context for XPath Expressions	ms862167	ee503404
DefragVolume	ms887939	ee489956
DefragVolumeEx	ms887947	ee490407
DefragVolumeUI	ms887957	ee489774
DeinitLAP	ms938427	ee498525
Del_Share	aa450328	ee500786
Delayed Acknowledgments	ms881679	ee493431
DeleteAndRenameFile	ms887981	ee489617
DeleteCache	ms887992	ee490439
DeleteCriticalSection	ms885196	ee488901
DeleteDC	aa452930	ee502851
DeleteFiber	ms885197	ee488154
DeleteFile	ms889001	ee490038
DeleteHandler	ms885198	ee488399
DeleteIPAddress	ms887920	ee494912
DeleteIpForwardEntry	aa450325	ee494082
DeleteIpNetEntry	aa450326	ee493029
DeleteMediaType	aa451572	ee496019
DeleteMenu	aa452932	ee504306
DeleteObject	aa452933	ee503315
DeletePartition	ms889008	ee489948
DeleteProxyArpEntry	aa450327	ee494913
DeleteSecurityContext	ms906494	ee498155
DeleteTicket	ms885199	ee488574
DeleteUrlCacheEntry	aa452150	ee491822
DeleteUrlCacheGroup	aa452434	ee492189
Deleting Database Information	ms885361	ee489636
Deleting Files from an FTP Server	aa451954	ee492206
Deleting a Cache Entry	aa451952	ee492025
Deleting a Database Volume	ms885347	ee490613
Deleting a File or a Directory	ms885351	ee489778
Deleting a Queue (COM)	ms881682	ee501264
Deleting a Registry Key or Value	ms885355	ee490756
Deleting an Entry to the IP Forward Table	ms881680	ee493907
Depth Buffering	aa451299	ee490072
Depth Buffering State	aa451300	ee490685
Depth Buffers	aa451301	-
Depth and Stencil Buffers	aa447458	ee484689
Deregister and Disable a Profile	aa525623	ee501375
DeregisterDevice	ms898281	ee482010
DeregisterService	aa450329	ee498619
Design Considerations for a Network Performance Test	aa447459	ee481895
Design Goals	ms862135	-
Desktop Computer Registry Settings	ms861287	-
Desktop Registry Settings	aa452934	ee505256
Desktop Registry Structure	ms861294	ee483950
DestroyAcceleratorTable	aa452935	ee500521
DestroyCaret	aa452936	ee499400
DestroyIcon	aa452938	ee505704
DestroyMenu	aa452940	ee505063
DestroyPalette	ms898283	-
DestroyPropertySheetPage	aa452941	ee504609
DestroySurface	ms898284	-
DestroyVideoPort	ms898285	-
DestroyWindow	aa452942	ee501955
Destroying Event Objects	ms881683	ee493210
DetectEncodingInfo	aa452152	ee492452
Detecting Changes to Desktop Objects	ms861304	ee485560
Detecting Device Object Changes	ms861313	ee487229
Determining Available Disk Space	ms885363	ee489781
Determining Available Network Resources	ms881684	ee493654
Determining Hardware Support	aa451304	ee490246
Determining Local and Remote Names	ms881685	ee493916
Determining PC Lock Status Using LASS	aa525625	-
Determining PC Lock Status by Calling the LAP Directly	aa525624	-
Determining Supported COM APIs	ms862136	ee488752
Determining if a Network Connection is Present	ms899755	ee493887
Determining the Composition String	ms903860	ee492118
Determining the Status of One or More Sockets	ms881687	ee493080
Determining the Version	ms862137	-
Developing Secure ActiveX Controls	ms862139	ee488975
Developing UPnP AV Framework Control Points	ms881690	ee499795
Developing UPnP AV Framework Devices	ms881691	-
Developing UPnP AV Framework Devices and Control Points	ms881689	-
Developing a Display Driver that is Prepared for DirectDraw Support	aa447484	ee481036
Developing the Keyboard PDD Entry Point	aa448250	-
Device Capability	ms881692	ee494325
Device Collections Returned by Synchronous Searches	ms881693	ee498443
Device Control	ms881694	-
Device Control IOCTLs	aa447460	-
Device Description	ms881695	ee500500
Device Descriptor	aa447461	ee486842
Device File Names	aa447463	ee482513
Device Finder Creation	ms881698	ee498478
Device Initialization Responsibilities	aa447464	-
Device Layout Data	aa447467	ee484252
Device Limitations for Texture Addressing	aa451310	ee490466
Device Location	ms881699	-
Device Management Client Architecture	ms894425	ee489398
Device Management Client Database	ms894426	ee489481
Device Management Client Migration	ms894427	ee489273
Device Management Client OS Design Development	ms894460	ee489343
Device Management Client Registry Settings	ms894465	ee489313
Device Management Client Samples	ms894685	ee489105
Device Management Client Security	ms894468	ee489332
Device Management Service Design	ms894472	ee489055
Device Management Software Requirements	ms894480	ee489446
Device Manager Architecture	aa448269	ee484004
Device Manager Registry Keys	aa447470	ee485822
Device Manager Security	aa448270	ee484890
Device Power Capabilities	aa447472	ee497717
Device Power States	aa447471	ee497692
Device Registry Settings	ms861416	-
Device State D3 and System Wakeup	aa447475	ee497781
Device States	aa451311	-
Device Types	aa451312	ee491255
Device Types and Index Processing Requirements	aa451313	ee490477
Device Types and Vertex Processing Requirements	aa451314	ee490131
Device and System Power State Names	aa447476	ee497761
Device-Supported Primitive Types	aa451307	-
DeviceCapabilities	aa450330	ee500608
DeviceConfig	ms898287	ee486979
DeviceIoControl	ms898288	ee481660
DeviceName Element (Poll Request)	ms895025	ee489420
DevicePoll Element (Poll Request)	ms895027	ee489260
DevicePowerNotify	ms898291	ee497768
DeviceSearchType	ms898292	ee482090
DhcpOptions	ms881702	ee493495
DhcpSendOptions	ms881703	ee493655
Diagnosing Connections	ms881706	-
Diagnosing Connectivity Problems using the Network Connection Status UI	ms899598	ee494647
Dialing Characters Registry Settings	aa452945	ee504140
Dialing Locations Registry Settings	aa452946	ee506049
Dialog Boxes, Buttons, and Fonts	ms903861	ee490936
DialogBox	aa452947	ee505643
DialogBoxIndirect	aa452948	ee500191
DialogBoxIndirectParam	aa452949	ee502860
DialogBoxParam	aa452950	ee502598
DialogProc	aa452951	ee504362
Differences Between Direct3D Mobile and Other Versions of Direct3D	aa451315	ee490055
Differences Between the LDAP Implementation in Windows CE and Windows Server 2003	ms862140	-
Differences Between the Windows CE and Desktop Models	ms862141	-
Differences from Desktop Implementations	aa447477	ee483625
Diffie-Hellman Keys	ms925906	ee497968
Digest Authentication and RTC	aa525626	ee500721
Digital Rights Management/DRM Application Development	aa452477	-
Digital Rights Management/DRM Migration	ms923153	-
Digital Rights Management/DRM OS Design Development	aa451316	-
Digital Rights Management/DRM Samples	ms932679	-
Digital Rights Management/DRM Security	aa451317	-
Direct Card Access Functions	ms925907	ee497911
Direct Light vs. Ambient Light	aa451340	ee491450
Direct3D Mobile Application Development	aa452479	-
Direct3D Mobile Application Initialization	aa451318	ee491435
Direct3D Mobile Application Operation	aa451319	ee491590
Direct3D Mobile Application Shutdown	aa451320	ee491289
Direct3D Mobile Architecture	aa451321	-
Direct3D Mobile Capability Bits	aa451580	-
Direct3D Mobile Cooperative Levels	aa451323	ee490326
Direct3D Mobile Data Types	aa452480	-
Direct3D Mobile Device Capabilities	aa451308	ee490535
Direct3D Mobile Devices	aa451324	-
Direct3D Mobile Driver Registry Settings	aa447478	ee484822
Direct3D Mobile Enumerations	aa452481	-
Direct3D Mobile Functions	aa452482	-
Direct3D Mobile Interfaces	aa452483	-
Direct3D Mobile Light Model vs. Nature	aa451325	ee491489
Direct3D Mobile Macros	aa452484	-
Direct3D Mobile Migration	aa452485	ee491026
Direct3D Mobile OS Design Development	ms913324	ee490308
Direct3D Mobile Programming	aa451327	-
Direct3D Mobile Reference	ms913343	-
Direct3D Mobile Reference Driver	aa447479	ee481659
Direct3D Mobile Registry Settings	ms932521	ee490049
Direct3D Mobile Rendering Pipeline	aa451328	-
Direct3D Mobile Resources	aa451329	-
Direct3D Mobile Samples	ms932530	ee490285
Direct3D Mobile Security	ms932540	ee490665
Direct3D Mobile Structures	ms932554	-
Direct3D Mobile and COM	aa451322	ee490112
Direct3DMobile Object	aa451326	ee490071
Direct3DMobileCreate	aa451581	ee491015
DirectDraw Application Development/Advanced DirectDraw Information	aa451165	-
DirectDraw Application Development/Exploring Graphics Concepts	ms923363	-
DirectDraw Application Development/Getting Started with DirectDraw	ms923386	-
DirectDraw Application Development/Working with DirectDraw Clippers	ms925277	-
DirectDraw Application Development/Working with DirectDraw Objects	ms925278	-
DirectDraw Application Development/Working with DirectDraw Palettes	ms925279	-
DirectDraw Application Development/Working with DirectDraw Surfaces	ms925280	-
DirectDraw Application Development/Working with Graphics Devices	ms925281	-
DirectDraw Callback Functions (SDK)	ms925292	-
DirectDraw Display Driver Architecture	ms890597	ee481448
DirectDraw Driver Samples	aa447489	ee484869
DirectDraw Functions	ms925293	-
DirectDraw Interfaces	ms925294	-
DirectDraw Middleware Architecture/Architectural Overview for DirectDraw	aa451182	-
DirectDraw Middleware Architecture/DirectDraw Object Types	aa451334	-
DirectDraw Middleware Architecture/Hardware Abstraction Layer	ms923402	-
DirectDraw Middleware Architecture/Software Emulation	ms924638	-
DirectDraw Middleware Architecture/System Integration	ms924663	-
DirectDraw Return Values	aa451337	ee490473
DirectDraw Structures (SDK)	ms925296	-
DirectDraw/DirectDraw Application Development	ms932573	-
DirectDraw/DirectDraw Migration	aa451332	-
DirectDraw/DirectDraw OS Design Development	aa451335	-
DirectDraw/DirectDraw Reference	ms925295	-
DirectDraw/DirectDraw Registry Settings	aa451336	-
DirectDraw/DirectDraw Samples	aa451338	-
DirectDraw/DirectDraw Security	aa451339	-
DirectDrawCreate	aa451583	ee490059
DirectDrawCreateClipper	aa451584	ee490869
DirectDrawEnumerate	aa451585	-
DirectDrawEnumerateEx	aa451586	ee490845
DirectInputCreate	ms864419	ee489017
DirectShow Application Development/Audio and Video Capture Support	aa451185	-
DirectShow Application Development/DirectShow Architecture	aa451343	-
DirectShow Application Development/DirectShow C++ Class Library	aa451345	-
DirectShow Application Development/Getting Started with DirectShow	ms932597	-
DirectShow Application Development/Writing DirectShow Filters	ms925289	-
DirectShow Architecture for Filter Developers/Connection Implementation in the Base Classes	ms923409	-
DirectShow Architecture for Filter Developers/Data Flow in the Filter Graph	aa451292	-
DirectShow Architecture for Filter Developers/Overview of the Filter Connection Process	ms924192	-
DirectShow Architecture for Filter Developers/Quality-Control Management	ms924587	-
DirectShow Architecture for Filter Developers/Time and Clocks in DirectShow	aa451394	-
DirectShow Architecture/DirectShow System Overview	aa451354	-
DirectShow Architecture/Elements of the Filter Graph	aa451390	-
DirectShow Architecture/Event Notification in DirectShow	ms923350	-
DirectShow Architecture/Graph Building with Intelligent Connect	ms923389	-
DirectShow Architecture/Movement of Data Through the Filter Graph	ms924154	-
DirectShow C++ Class Library/Base Classes	aa451200	-
DirectShow C++ Class Library/Utility Classes	aa451450	-
DirectShow Debugging Functions	aa451346	-
DirectShow Debugging Macros	aa451347	-
DirectShow Reference/DirectShow Classes	ms925297	-
DirectShow Reference/DirectShow Enumerations	ms925298	-
DirectShow Reference/DirectShow Functions	ms925299	-
DirectShow Reference/DirectShow Interfaces	ms925300	-
DirectShow Reference/DirectShow Macros	ms925301	-
DirectShow Reference/DirectShow Structures	ms925303	-
DirectShow Reference/Unsupported DirectShow Items	aa452398	-
DirectShow and COM/Creating a DLL in DirectShow	aa451266	-
DirectShow and COM/Implementing IUnknown in DirectShow	ms923419	-
DirectShow and COM/Registering DirectShow Filters	ms924596	-
DirectShow/DMO Reference	aa451607	-
DirectShow/DirectShow Application Development	ms932581	-
DirectShow/DirectShow Migration	aa451349	-
DirectShow/DirectShow OS Design Development	aa451350	-
DirectShow/DirectShow Reference	ms925302	-
DirectShow/DirectShow Registry Settings	aa451351	-
DirectShow/DirectShow Samples	ms932673	-
DirectShow/DirectShow Security	aa451353	-
DirectShow/DirectX Media Objects	aa451355	-
DirectShow/Media Types	ms932033	-
DirectShow/Supported Audio Codecs and Renderers	ms924654	-
DirectShow/Supported DirectShow Filters	ms924655	-
DirectShow/Supported Video Codecs	ms924656	-
DirectX Media Objects/DMOs and Media Types	aa451360	-
DirectX Media Objects/Introduction to DirectX Media Objects	ms923433	-
DirectX Media Objects/Using DMOs in a DirectShow Application	aa451427	-
DirectX Media Objects/Using DirectX Media Objects	aa451426	-
Directly Mapping Texels to Pixels	aa451341	ee490094
Directory Element (Software Inventory Report)	ms895029	ee489067
DirectoryClientRegParams	ms909306	-
DirectoryService Element (Location Request)	ms895031	ee489135
DirectoryService Element (Location Response)	ms895033	ee489306
DisableThreadLibraryCalls	ms885200	ee487996
Disabling Background Flushing to Improve Performance	ms892401	ee489987
Disabling Multiple Windows	aa451958	ee487551
DisassociateSession	ms885201	ee488779
Disconnecting from an OBEX Server	ms881712	ee494915
Discovering OBEX Devices	ms881696	-
DismountPartition	ms889019	ee490766
DismountStore	ms889024	ee489534
DispGetIDsOfNames	ms864421	ee487709
DispGetParam	ms864422	ee488092
DispInvoke	ms864425	ee489424
DispatchMessage	aa452956	ee500517
Display Buffer Formats	aa447494	ee485679
Display Device Performance Profile Analysis	aa448251	ee481654
Display Driver Migration	aa447499	ee483051
Display Driver Performance Profiling	aa447501	ee483590
Display Driver Recommendations	aa447503	ee484669
Display Driver Registry Settings	aa447504	ee482851
Display Driver Security	aa447508	ee486725
Display Drivers and the Run-Time Image	aa447507	ee485628
Display Items	aa525628	-
Display Modes/About Display Modes	aa451155	-
Display Modes/Determining Supported Display Modes	aa451305	-
Display Modes/Setting Display Modes	ms924623	-
DisplayInit	ms898301	ee483794
Displaying Information	aa452635	ee504040
Displaying Text with Uniscribe	ms917982	ee490925
Displaying a Mouse Cursor in the TUI	aa525627	-
Displaying and Handling Items in the New Button Menu	aa452628	ee503213
Displaying the Current Security Zone	aa451960	-
Dithering	aa451359	ee491689
DllCanUnloadNow	ms864427	ee489182
DllGetClassObject	ms864428	ee487927
DllMain	ms885202	ee488450
DllRegisterServer	ms864429	ee487938
DllUnregisterServer	ms864430	ee488537
DnsModifyRecordsInSet_W	aa450335	ee493441
DnsQuery_W	aa450336	ee494031
DnsRecordListFree	aa450337	ee493040
DnsReplaceRecordSetW	aa450338	ee494708
Domain Discovery	ms898953	-
Domain Discovery Application Development	ms881715	ee494308
Domain Discovery Functions	ms898954	-
Domain Discovery Migration	ms881716	ee493287
Domain Discovery OS Design Development	ms881717	ee494471
Domain Discovery Reference	ms898955	-
Domain Discovery Samples	ms881718	ee494494
Domain Discovery Security	ms881719	ee495145
Domain Discovery Structures	aa450365	-
Domain Element (Poll Request)	ms895043	ee489268
Download Event Status Reports	ms894482	ee489060
DrawEdge	aa452968	ee501983
DrawFocusRect	aa452969	ee500893
DrawFrameControl	aa452970	ee503654
DrawIconEx	aa452972	ee506107
DrawMenuBar	aa452975	ee504537
DrawStatusText	aa452976	ee505247
DrawText	ms901121	ee489886
DrawThemeBackground	aa452191	ee492814
Drawing Text	ms900901	ee489832
Drawing and Formatting Text	ms900854	-
Driver Catalog Items	aa447510	ee482660
Driver Initialization in Direct3D Mobile	aa447517	ee484596
Driver Load Order	aa451364	ee490863
Driver-to-Power Manager APIs	aa447523	-
DriverEntry	aa447730	ee484481
DrvAdvPageSetupDlg	aa452636	ee505021
DrvAnyBlt	aa447731	ee484847
DrvBitBlt	aa447732	ee486189
DrvCopyBits	aa447734	ee484002
DrvCreateDeviceBitmap	aa447735	ee483164
DrvDeleteDeviceBitmap	aa447736	ee486693
DrvDisableDriver	aa447737	ee485023
DrvDisablePDEV	aa447738	ee484057
DrvDisableSurface	aa447739	ee486947
DrvEnableDriver	aa447741	ee486109
DrvEnablePDEV	aa447742	ee481132
DrvEnableSurface	aa447743	ee486641
DrvEndDoc	aa447744	ee482088
DrvEscape	aa447745	ee485676
DrvFillPath	aa447746	ee482289
DrvGetMasks	aa447747	ee486920
DrvGetModes	aa447748	ee486045
DrvGradientFill	aa447749	ee485699
DrvMovePointer	aa447750	ee485280
DrvPaint	aa447752	ee482462
DrvPowerHandler	aa447753	ee483863
DrvRealizeBrush	aa447754	ee482735
DrvRealizeColor	aa447755	ee485274
DrvSetPalette	aa447756	ee482883
DrvSetPointerShape	aa447757	ee485025
DrvStartDoc	aa447758	ee481326
DrvStartPage	aa447759	ee486034
DrvStrokePath	aa447760	ee482091
DrvTransparentBlt	aa447761	ee481079
DrvUnrealizeColor	aa447762	ee482818
DsGetDcName	aa450367	ee494090
Dual Stack Architecture	ms881720	ee494055
Dump File Bucketing	aa526062	ee480744
Dump File Format	ms939593	ee480951
Dump File Structures	ms939618	-
DumpGraph	aa451614	ee495749
Duplicate IP Address Detection for IPv4	ms881721	ee494656
Duplicate IP Address Detection for IPv6	ms881722	ee493711
DuplicateHandle	ms885208	ee488902
Dutch Keyboard	aa447524	ee485499
EAP Application Development	ms881854	-
EAP Authentication Protocols	ms881723	-
EAP Enumerations	ms886656	-
EAP Functions	ms886657	-
EAP Implementation Details	ms881724	-
EAP Initialization	ms881725	ee493505
EAP Installation	ms881726	ee493839
EAP Migration	ms898956	ee493657
EAP OS Design Development	ms881855	ee494057
EAP Reference	ms886658	-
EAP Registry Settings	ms881728	ee493647
EAP Samples	ms898957	ee494902
EAP Security	ms881729	ee493687
EAP Structures	ms886659	-
ECHO (Command Processor)	aa452994	ee501741
EC_ACTIVATE	aa451631	ee495280
EC_BUFFERING_DATA	aa451633	ee496128
EC_CLOCK_CHANGED	aa451634	ee494226
EC_COMPLETE	aa451635	ee492918
EC_DRM_LEVEL	aa451670	ee492275
EC_END_OF_SEGMENT	aa451638	ee495505
EC_ERRORABORT	aa451640	ee494805
EC_ERROR_STILLPLAYING	aa451642	ee493576
EC_FULLSCREEN_LOST	aa451644	ee493965
EC_NEED_RESTART	aa451647	ee492289
EC_NOTIFY_WINDOW	aa451648	ee495179
EC_OLE_EVENT	aa451649	ee496077
EC_OPENING_FILE	aa451650	ee494413
EC_PALETTE_CHANGED	aa451651	ee492556
EC_QUALITY_CHANGE	aa451653	ee492741
EC_REPAINT	aa451654	ee494371
EC_SEGMENT_STARTED	aa451655	ee496470
EC_SHUTTING_DOWN	aa451656	ee492742
EC_STARVATION	aa451657	ee494829
EC_STREAM_CONTROL_STARTED	aa451659	ee493114
EC_STREAM_CONTROL_STOPPED	aa451660	ee496136
EC_STREAM_ERROR_STILLPLAYING	aa451661	ee495330
EC_STREAM_ERROR_STOPPED	aa451662	ee496100
EC_TIME	aa451663	ee494752
EC_USERABORT	aa451664	ee496067
EC_VIDEO_SIZE_AR_CHANGED	aa451667	ee496273
EC_VIDEO_SIZE_CHANGED	aa451668	ee495304
EC_WINDOW_DESTROYED	aa451669	ee496704
EDB Data Types and Size Limits	ms885368	ee489620
EDB Database Support	ms885373	-
EDB Functions	aa516932	-
EDB Reference	aa516933	-
EDB Schema Support	ms885379	ee490763
EDB Structures	aa516934	-
EDDGPEPixelFormat	aa447764	ee483263
EDDGPEPixelFormatToEGPEFormat	aa447765	ee482470
EDVDAspectRatioMode	aa447766	ee486681
EDVDAudioFreq	aa447767	ee485411
EDVDAudioStreamType	aa447768	ee483651
EDVDDisplayAspectRatio	aa447769	ee483584
EDVDLpcmQuantization	aa447780	ee483388
EDVDSyncEventType	aa447781	ee483225
EGPEFormatToEDDGPEPixelFormat	aa447782	ee485098
EHighlightAction	aa447783	ee484608
ELEMDESC	ms864455	ee489680
EM_CANUNDO	aa452998	ee504564
EM_CHARFROMPOS	aa453001	ee505025
EM_EMPTYUNDOBUFFER	aa453002	ee503116
EM_FMTLINES	aa453003	ee502582
EM_GETFIRSTVISIBLELINE	aa453004	ee503383
EM_GETLIMITTEXT	aa453005	ee504882
EM_GETLINE	aa453006	ee503210
EM_GETLINECOUNT	aa453007	ee500297
EM_GETMARGINS	aa453008	ee501766
EM_GETMODIFY	aa453009	ee503675
EM_GETPASSWORDCHAR	aa453010	ee505841
EM_GETRECT	aa453011	ee504105
EM_GETSEL	aa453012	ee503313
EM_LIMITTEXT	aa453013	ee503913
EM_LINEFROMCHAR	aa453014	ee503723
EM_LINEINDEX	aa453015	ee499664
EM_LINELENGTH	aa453016	ee504896
EM_LINESCROLL	aa453017	ee501961
EM_POSFROMCHAR	aa453018	ee499696
EM_REPLACESEL	aa453020	ee500147
EM_SCROLL	aa453021	ee504165
EM_SCROLLCARET	aa453022	ee499403
EM_SETLIMITTEXT	aa453023	ee499421
EM_SETMARGINS	aa453024	ee503961
EM_SETMODIFY	aa453025	ee502889
EM_SETPASSWORDCHAR	aa453026	ee502924
EM_SETREADONLY	aa453027	ee500448
EM_SETRECT	aa453028	ee505717
EM_SETRECTNP	aa453029	ee501418
EM_SETSEL	aa453030	ee504123
EM_SETTABSTOPS	aa453031	ee503176
EM_UNDO	aa453032	ee503101
ENGCALLBACKS	aa447784	ee485208
ENUMLOGFONT	ms901128	ee489900
EN_CHANGE	aa453036	ee500784
EN_ERRSPACE	aa453042	ee503705
EN_HSCROLL	aa453043	ee501909
EN_KILLFOCUS	aa453044	ee499374
EN_MAXTEXT	aa453045	ee505280
EN_SETFOCUS	aa453046	ee501087
EN_UPDATE	aa453053	ee503885
EN_VSCROLL	aa453054	ee503125
ERASE, DEL	aa453057	ee501383
ERRORMSG	aa451079	ee488563
ETH_COPY_NETWORK_ADDRESS	aa447796	ee484865
EUDP Management	ms903866	ee491166
EVENTLOG	ms881849	ee493855
EXCEPINFO	aa514943	ee488683
EXCEPTION_DEBUG_INFO	ms885214	ee488028
EXCEPTION_POINTERS	ms885215	ee488588
EXCEPTION_RECORD	ms885216	ee487973
EXIT	aa453059	ee500148
EXIT_PROCESS_DEBUG_INFO	ms885218	ee488920
EXIT_THREAD_DEBUG_INFO	ms885220	ee487970
EXTENSION_CONTROL_BLOCK	aa450369	ee499446
East Asian Font Versions	ms903863	ee492147
East Asian Fonts	ms903862	-
Edit Control Styles	aa452995	ee504833
EditSession	ms885211	ee488177
Editing Labels	aa452638	ee505655
Editing the Composition String	ms903864	ee491183
EditorDeregister	ms885209	ee487982
EditorInitialize	ms885210	ee487968
Effects of White Space in the Style Sheet	ms862142	ee503058
Elements of the Filter Graph/Allocators	aa451168	-
Elements of the Filter Graph/Clocks	aa451240	-
Elements of the Filter Graph/Filters	ms923368	-
Elements of the Filter Graph/Media Samples	ms924141	-
Elements of the Filter Graph/Pins	ms924202	-
Elements of the Filter Graph/The Filter Graph	aa451389	-
Ellipse	aa452997	ee502230
Embedding the Digital Signature as a Resource	ms925908	ee497907
EmptyClipboard	aa453019	ee505658
Enable Presence Functionality	aa525629	ee501552
EnableEUDC	ms901122	ee489913
EnableHardwareKeyboard	aa453033	ee501450
EnableMenuItem	aa453034	ee501426
EnableWindow	aa453035	ee504109
Enabled Element (Poll Response)	ms895054	ee489086
Enabling Antialiased Fonts	ms901096	ee489899
Enabling Asian Line Breaking	ms901013	ee489858
Enabling Auto Dial for ICS	ms881832	ee493641
Enabling ClearType	ms901097	ee489828
Enabling Depth Buffering	ms923211	ee491686
Enabling EUDC	ms901067	ee489870
Enabling Error Reporting in the OAL	ms939661	ee481230
Enabling Font Linking	ms901076	ee489825
Enabling IPv4 Routing	ms899760	ee494862
Enabling IPv6 Forwarding	ms899766	ee494256
Enabling IPv6 Routing	ms881834	ee494034
Enabling Linked Fonts	ms901098	ee489867
Enabling Monte Carlo Profiling of a Configuration	aa448252	ee482217
Enabling NAT	ms881836	ee494038
Enabling Shell Callback Functions	aa452642	ee504131
Enabling Slide Animation for the Taskbar	aa452644	ee501693
Enabling a Backlight	aa452639	-
Enabling and Disabling Lights	ms923219	ee490041
Enabling or Disabling a Service Provider in a New Partnership	ms861429	ee486621
Enabling the DHCP Allocator	ms881837	ee493056
Enabling the DNS Proxy	ms881838	ee494728
Enabling the PCI Bus Driver	ms923768	ee485090
EncoderParameter	aa451679	ee491044
EncoderParameterValueType	aa451681	ee491463
EncoderParameters	aa451680	ee490672
EncoderValue	aa451682	ee490328
Encoding and Decoding a Certificate Context	ms925909	ee498202
EncodingStream Property	ms864461	ee485133
EncryptMessage	ms906502	ee497967
Encrypting and Decrypting Data	ms925910	-
Encrypting and Decrypting Simultaneously	ms925911	ee498371
Encryption and Decryption	ms925912	ee497974
End User Defined Character Codepoint Ranges	aa520322	-
End User-Defined Phrase (EUDP)	ms903865	-
EndDeferWindowPos	aa453037	ee503902
EndDialog	aa453038	ee506301
EndDoc	aa453039	ee505837
EndMessage Method	ms864462	ee483772
EndPage	aa453040	ee505849
EndPaint	aa453041	ee499422
Ending an SSPI Session	ms925913	ee498140
EngCreateDeviceBitmap	aa447785	ee485465
EngCreateDeviceSurface	aa447786	ee484459
EngCreatePalette	aa447787	ee484889
EngDeleteSurface	aa447788	ee486097
Engine Characteristics	ms862143	ee483929
Enhanced Functionality at Connect Time	ms881839	ee493298
Enrolling Users	ms926482	ee498751
Enrollment Options	ms925945	ee498770
Ensuring Communication Integrity	ms925914	ee498782
EnterCriticalSection	ms885212	ee488915
EnumCalendarInfo	ms904721	ee491359
EnumCalendarInfoProc	ms904722	ee491129
EnumCard	aa447789	ee483807
EnumClipboardFormats	aa453047	ee505881
EnumCodePagesProc	ms904723	ee491122
EnumDateFormats	ms904724	ee491363
EnumDateFormatsProc	ms904740	ee491531
EnumDeviceInterfaces	aa447790	ee484680
EnumDevices	aa447791	ee481445
EnumDisplayDevices	aa453048	ee504895
EnumDisplayMonitors	aa451688	ee490277
EnumDisplaySettings	aa453049	ee504298
EnumFontFamProc	ms901125	ee489849
EnumFontFamilies	ms901123	ee489908
EnumFontFamiliesEx	ms901124	ee489844
EnumFonts	ms901126	ee489905
EnumFontsProc	ms901127	ee489833
EnumLocalesProc	ms904848	ee491185
EnumModesCallback	aa451690	ee491456
EnumModesCallback2	aa451691	-
EnumPnpIds	aa447792	ee483254
EnumPropsEx	aa453050	ee503514
EnumRegisterWordProc	ms904955	ee491719
EnumServices	aa450368	ee499511
EnumSocket	aa447793	ee483878
EnumSurfacesCallback	aa451692	ee490514
EnumSurfacesCallback2	aa451693	-
EnumSystemCodePages	ms905062	ee491962
EnumSystemLocales	ms905070	ee491192
EnumTimeFormats	ms905077	ee491332
EnumTimeFormatsProc	ms905083	ee491148
EnumUILanguages	ms905092	ee491750
EnumUILanguagesProc	ms905116	ee491133
EnumVideoCallback	aa451694	-
EnumWindows	aa453051	ee501060
EnumWindowsProc	aa453052	ee506170
EnumerateSecurityPackages	ms906509	ee498364
Enumerating Clouds	ms881840	-
Enumerating Code Pages and Locales	aa451963	ee491873
Enumerating Databases and Database Volumes	ms885382	ee490627
Enumerating Device Objects	ms861466	-
Enumerating Directories	aa451965	ee492788
Enumerating Fonts	ms901077	ee489889
Enumerating Objects	ms861472	ee486249
Enumerating Objects with the FindObjects Function	ms861476	ee484948
Enumerating Registry Keys	ms885387	ee490159
Enumerating the Cache	aa451967	ee492834
Envelope Property	aa514561	ee484161
EqualPins	aa451697	ee496050
EqualRect	aa453055	ee500525
EqualRgn	aa453056	ee504300
Error Codes for the Imaging API	aa451701	ee490249
Error Conditions in Direct3D Mobile	ms923237	ee490321
Error Functions	aa450739	-
Error Message Functions	aa451704	-
Error Report Control Panel	ms939651	-
Error Report Control Panel OS Design Development	ms939585	ee481829
Error Report Control Panel Registry Settings	ms939614	ee480079
Error Report Enumerations	ms939620	-
Error Report Functions	ms939615	-
Error Report Generator	ms939652	-
Error Report Generator OS Design Development	ms939597	ee480795
Error Report Generator Reference	ms939616	-
Error Report Generator Registry Settings	ms939617	ee480282
Error Report Transfer Driver	ms939653	-
Error Report Transfer Driver OS Design Development	ms939601	ee479657
Error Report Transfer Driver Registry Settings	ms939602	ee480370
Error Reporting Catalog Items	ms939619	ee481380
Error Reporting Features	aa526067	ee480618
Error Reporting Modes and Settings	aa526068	-
Error Reporting Overview	ms939599	-
Error Reporting Registry Settings	aa526063	ee480226
Error Reporting Security	ms939621	ee481761
Error Reporting and Parameter Validation	ms881842	ee494686
Error and Success Codes	aa451699	ee494773
ErrorAnalysis	aa447795	ee485479
EscapeCommFunction	ms885213	ee488402
Establishing a Network Connection	ms881844	ee494675
Establishing an ActiveSync Desktop-Device Partnership	ms861484	ee484748
Establishing an LDAP Session	ms862144	ee484791
Ethernet Object Identifiers	ms894877	-
Evaluation of Network Performance Test Results	ms890534	ee482502
Event	aa452193	ee492879
Event Notification Codes	aa451706	-
Event Notification in DirectShow/Learning When an Event Occurs	ms923436	-
Event Notification in DirectShow/Overview of Event Notification	ms924189	-
Event Notification in DirectShow/Retrieving Events	ms924608	-
Event Object Signaling	ms881851	ee494907
Event Objects in the Winsock SPI	ms881852	-
Eventing ContainerUpdateIDs	ms881847	ee498838
Eventing in the UPnP AV Framework	ms881848	-
Examining the DVDSample Sample Application/Architectural Overview of DVDSample	aa451183	-
Examining the DVDSample Sample Application/Callbacks in DVDSample	aa451224	-
Examining the DVDSample Sample Application/Setting up DirectDraw in DVDSample	ms924632	-
Examining the DVDSample Sample Application/The DVDSample Control Panel	aa451386	-
Examining the DVDSample Sample Application/The DVDSample Startup Sequence	aa451387	-
Examining the TUI Implementation	ms909264	-
Example System Power States	ms892149	ee497767
Example VAIL Application Structure	aa525630	-
Examples of CEUTIL Functions	ms861491	ee485515
Exception Functions	aa450741	-
Exception Mode	ms939609	ee482008
Exception Mode Error Reporting	aa526064	ee480484
Exception Structures	aa450743	-
Exchange Client API Organization	ms862146	ee483953
Exchange Client Migration	ms862148	ee486960
Exchange Client OS Design Development	ms862149	ee487254
Exchange Client Registry Settings	aa513729	ee487019
Exchange Client Samples	ms897393	ee483730
Exchange Client Security	ms862150	ee486526
ExchangeClientRequestStatus	aa514944	ee484913
ExchangeClientRequestType	aa514947	ee487270
Exchanging Public Keys	ms925915	ee497920
Exchanging Session Keys	ms925916	ee498385
ExcludeClipRect	aa453058	ee505422
ExcludeCompressed Element (Poll Response)	ms895060	ee489276
ExcludeEncrypted Element (Poll Response)	ms895062	ee489452
ExecuteOperation Method	aa514948	ee486553
ExitProcess	ms885217	ee488596
ExitThread	ms885219	ee488591
Exploring Graphics Concepts/Blitting	aa451209	-
Exploring Graphics Concepts/Bounding Rectangles	aa451219	-
Exploring Graphics Concepts/Device-Independent Bitmaps	aa451309	-
Exploring Graphics Concepts/Drawing Surfaces	aa451363	-
Exploring Graphics Concepts/Page Flipping and Back Buffering	ms924193	-
Exploring XSLT Capabilities	ms862151	-
Exported DDHAL Functions	aa447797	ee483375
Exporting Cryptographic Keys	ms925917	ee497952
Exposing Capture and Compression Formats/Audio Capabilities	ms940043	-
Exposing Capture and Compression Formats/Reconnecting Your Input to Ensure Specific Output Types	ms940070	-
Exposing Capture and Compression Formats/Video Capabilities	ms940076	-
Expressions	ms862152	ee503063
ExtCreateRegion	aa453061	ee501408
ExtEscape	aa453063	ee506103
ExtTextOut	ms901129	ee489846
Extended Byte-Order Conversion Routines	ms881853	ee495060
Extending Shortcut Menus for a File Class	aa452650	ee504857
Extending a Display Driver with the DDGPE Classes	aa447498	ee485850
Extensible Authentication Protocol	ms898958	-
Extension Agents Registry Settings	ms894489	ee489126
Extension-Agent Implementor APIs	ms894486	ee489272
ExtensionPropSheetPageProc	aa453062	ee501163
Extra Bytes	ms892151	ee482467
ExtractIconEx	aa453065	ee503636
FAT File System	ms885394	-
FAT File System OS IOCTLs	ms885399	-
FAT File System OS Reference	aa516935	-
FAT File System OS Structures	aa516936	-
FAT File System Registry Settings	ms885403	-
FAT Utility Library OS Functions	aa516937	-
FILECHANGEINFO	ms889030	ee490403
FILECHANGENOTIFY	aa453066	ee500811
FILELOCKSTATE	aa517917	ee490383
FILETIME	ms885586	ee488581
FILE_ALLOCATED_RANGE_BUFFER	ms889307	ee490419
FILE_COPY_EXTERNAL	ms889492	ee489963
FILE_NOTIFY_INFORMATION	ms889597	ee489743
FILE_ZERO_DATA_INFORMATION	ms889606	ee490018
FILTERHOOK	ms889612	ee489547
FILTER_INFO	aa451713	ee494945
FILTER_STATE	aa451714	ee495976
FINDEX_INFO_LEVELS	ms889654	ee490216
FINDEX_SEARCH_OPS	ms889664	ee490608
FINDOBJINFO	ms879798	ee487080
FIREWALL	ms881863	-
FIXED_INFO	aa450381	ee495077
FLAT Sample Display Driver	ms892154	ee486225
FMDInterface	aa447814	ee484451
FMD_Deinit	aa447809	ee484796
FMD_EraseBlock	aa447810	ee485680
FMD_GetBlockStatus	aa447811	ee486085
FMD_GetInfo	aa447812	ee486952
FMD_Init	aa447813	ee485094
FMD_OEMIoControl	aa447815	ee483246
FMD_PowerDown	aa447816	ee481862
FMD_PowerUp	aa447817	ee486909
FMD_ReadSector	aa447818	ee483136
FMD_SetBlockStatus	aa447819	ee484454
FMD_WriteSector	aa447820	ee484268
FONTSIGNATURE	ms885597	ee488208
FORMATETC	aa514993	ee487762
FORMAT_OPTIONS	ms890413	ee489785
FORMAT_PARAMS	ms890489	ee489980
FORMAT_RESULTS	ms890505	ee490348
FORWARD_WM_NOTIFY	aa453073	ee505696
FOURCCMap Class	aa451715	-
FOURCCMap::FOURCCMap	aa451716	ee494337
FOURCCMap::GetFOURCC	aa451717	ee492534
FOURCCMap::SetFOURCC	aa451718	ee493954
FRAGNODE	ms890514	ee489824
FSCTL_COPY_EXTERNAL_COMPLETE	ms890532	ee490761
FSCTL_COPY_EXTERNAL_START	ms890545	ee489775
FSCTL_GET_COMPRESSION	ms890558	ee490215
FSCTL_GET_REGISTRY_INFO	ms890569	ee489753
FSCTL_QUERY_ALLOCATED_RANGES	ms890585	ee489595
FSCTL_SET_COMPRESSION	ms890601	ee489530
FSCTL_SET_SPARSE	ms890611	ee489790
FSCTL_SET_ZERO_DATA	ms890637	ee490195
FSCTL_USER	ms890651	ee490217
FSD Data Types	ms890679	-
FSD Functions	aa516946	-
FSD IOCTLs	ms889123	-
FSD Reference	aa516947	-
FSD Structures	aa516948	-
FSDMGR_AcquireFileLock	aa517919	ee490203
FSDMGR_CloseFileLockState	aa517920	ee490620
FSDMGR_CreateFileHandle	ms890708	ee490395
FSDMGR_CreateSearchHandle	ms890716	ee489930
FSDMGR_DeregisterVolume	ms890721	ee490371
FSDMGR_DeviceHandleToHDSK	ms890822	ee490031
FSDMGR_DiskIoControl	ms890829	ee490772
FSDMGR_EmptyLockContainer	aa517921	ee490767
FSDMGR_GetDiskInfo	ms890738	ee489794
FSDMGR_GetRegistryFlag	ms890745	ee489736
FSDMGR_GetRegistryString	ms890753	ee490749
FSDMGR_GetRegistryValue	ms890762	ee490423
FSDMGR_GetVolumeName	ms890773	ee490633
FSDMGR_OpenFileLockState	aa517922	ee489931
FSDMGR_ReadDisk	ms890782	ee489966
FSDMGR_ReadDiskEx	ms890792	ee490415
FSDMGR_RegisterVolume	ms890800	ee490164
FSDMGR_RemoveFileLock	aa517923	ee489662
FSDMGR_WriteDisk	ms890807	ee490436
FSDMGR_WriteDiskEx	ms890814	ee490416
FSD_BUFFER_INFO	ms890667	ee490564
FSD_DISK_INFO	ms890695	ee490770
FSD_HookVolume	ms890702	ee490585
FSD_MountDisk	ms890837	ee489947
FSD_SCATTER_GATHER_INFO	ms890842	ee490151
FSD_SCATTER_GATHER_RESULTS	ms890852	ee490443
FSD_UnhookVolume	ms890860	ee490614
FSD_UnmountDisk	ms890869	ee490144
FSD_VOLUME_INFO	aa517924	ee489745
FSSCTL_FLUSH_BUFFERS	ms890878	ee490221
FTP Function Handles	aa451971	ee492406
FTP Server	ms898962	-
FTP Server Application Development	ms881869	-
FTP Server Authentication	ms881870	ee498609
FTP Server Data Types	ms881871	ee499020
FTP Server Implementation	ms881872	-
FTP Server Migration	ms881873	ee498905
FTP Server OS Design Development	ms881874	ee499792
FTP Server Registry Settings	ms881875	ee498908
FTP Server Samples	ms881876	ee498836
FTP Server Security	ms881877	ee499799
FTP Server User List	ms881878	ee499816
FTP WinInet Functions	ms881879	ee499526
FUNCDESC	aa515005	ee488973
FUNCFLAGS	aa515008	ee488948
FUNCKIND	aa515010	ee488103
FVF Vertex Buffers	ms923382	ee491269
FW_ACTIONS	ms898963	ee494104
FW_DAYS	aa450384	ee494699
FW_DIRECTIONS	aa450385	ee493081
FW_IP_ADDRESS	aa450386	ee493849
FW_LOG_ENTRY	aa450387	ee493689
FW_RULE	aa450388	ee494230
FW_RULE_FLAGS	aa450389	ee493692
FW_RULE_MASKS	aa450390	ee493073
Failure Recovery	ms894492	ee489061
FailureRetryCount Element (Poll Response)	ms895064	ee489457
FailureRetryInterval Element (Poll Response)	ms895066	ee489099
Fault Property (ISoapReader)	aa514972	ee487045
FaultActor Property (ISoapReader)	aa514960	ee486125
FaultCode Property (ISoapReader)	aa514969	ee484348
FaultDetail Property	aa514970	ee487136
FaultString Property (ISoapReader)	aa514978	ee484987
Fiber Functions	aa450744	-
FiberProc	ms885221	ee488613
File Collection Report	ms894496	ee489243
File Compression	ms885413	ee490559
File Element (Software Inventory Report)	ms895074	ee489361
File Formats/AVI 2.0 File Format Extensions	aa451194	-
File Formats/AVI RIFF File Reference	aa451196	-
File Formats/DirectShow Graph File Format	aa451348	-
File Formats/Registering a Custom File Type	ms924595	-
File I/O Enumerations	aa516938	-
File I/O Functions	aa516939	-
File I/O Reference	aa516940	-
File I/O Structures	aa516941	-
File Mapping Functions	aa516942	-
File Mapping Reference	aa516943	-
File Server	ms898959	-
File Server Application Development	ms881857	ee501263
File Server Functions	ms886670	-
File Server Migration	ms881858	ee501194
File Server OS Design Development	ms881859	-
File Server Reference	ms886671	-
File Server Registry Settings	ms884924	ee501259
File Server Samples	ms881860	ee500909
File Server Security	ms881861	ee499508
File System Driver Creation	ms885334	ee490552
File System Driver Loading	ms885494	ee490237
File System Filter Implementation	ms885427	ee489950
File System Filter Registry Settings	ms885432	-
File System Filter Samples	ms885439	ee489822
File System Filters	ms885434	-
File System Loading and Unloading	ms892152	ee481915
File System Operations	ms885443	-
File System Password Functions	aa516944	-
File System Password Reference	aa516945	-
File System Settings	aa517910	ee489606
File Systems	ms885452	-
File Systems Registry Settings Overview	aa517912	-
File Systems and Data Store Application Development	ms892388	-
File Systems and Data Store Catalog Items	ms885457	-
File Systems and Data Store Migration	ms892389	-
File Systems and Data Store OS Design Development	ms892390	-
File Systems and Data Store OS Reference	ms889212	-
File Systems and Data Store Reference	ms892385	-
File Systems and Data Store Registry Settings	ms892391	-
File Systems and Data Store Security	ms886136	-
File Viewer Application Limitations	ms861508	-
File Viewer Command-Line Execution	ms861516	-
File Viewers Registry Settings	ms861535	-
File and Database Replication	ms885407	-
File-Naming Limitations	ms885416	-
FileCollectionSettings Element (Poll Response)	ms895068	ee489337
FileFilterItem Element (Poll Response)	ms895079	ee489104
FileReport Element (Software Inventory Report)	ms895085	ee489071
FileTimeToLocalFileTime	ms885589	ee488768
FileTimeToSystemTime	ms885593	ee488551
Filesys.exe Boot Process	ms885423	-
FillRect	aa453067	ee499094
FillRgn	aa453068	ee502289
Filter Element (Poll Response)	ms895092	ee489386
Filter and Transition Properties	ms905676	ee492455
Filtering Local Variables in the NDIS Miniport Driver PhyDetect and SetupPhy Functions	ms895487	ee486279
Filtering Messages (COM)	ms881862	-
Filters and Filter Patterns	aa514981	ee502391
Find Method (EnumWSDLService)	aa514983	ee485327
FindClose	ms889619	ee489804
FindCloseChangeNotification	ms889625	ee489773
FindClosePartition	ms889632	ee489771
FindCloseStore	ms889642	ee490750
FindCloseUrlCache	aa452195	ee492163
FindFirstChangeNotification	ms889670	ee490599
FindFirstDevice	aa447798	ee486268
FindFirstFile	ms889678	ee489744
FindFirstFileEx	ms889683	ee490404
FindFirstPartition	ms889689	ee489938
FindFirstStore	ms889696	ee489983
FindFirstUrlCacheEntry	aa452197	ee492186
FindFirstUrlCacheEntryEx	ms919201	ee491797
FindFirstUrlCacheGroup	aa452486	ee492070
FindI	ms937590	ee495273
FindMediaType	aa452199	ee491802
FindMediaTypeClass	aa452201	ee492796
FindMimeFromData	aa452204	ee492078
FindNextChangeNotification	ms889784	ee490370
FindNextDevice	aa447800	ee481858
FindNextFile	ms889873	ee490628
FindNextPartition	ms889968	ee489756
FindNextStore	ms890093	ee489568
FindNextUrlCacheEntry	ms919204	ee492035
FindNextUrlCacheEntryEx	aa452206	ee491823
FindNextUrlCacheGroup	aa452487	ee492578
FindObjects	ms879797	ee485586
FindResource	aa453069	ee503121
FindWindow	aa453070	ee505735
Firewall	ms898960	-
Firewall Rule Examples	ms898961	-
FirewallCreateRule	aa450371	ee494040
FirewallDeleteRule	aa450372	ee493652
FirewallEnable	aa450373	ee494639
FirewallEnableRule	aa450374	ee495255
FirewallGetRules	aa450375	ee494293
FirewallLogInit	aa450376	ee493044
FirewallLogPacket	aa450377	ee493853
FirewallLogUninit	aa450378	ee493418
FirewallRefresh	aa450379	ee493634
FirewallSetInterface	aa450380	ee494096
Firewalls and NATs	aa525631	-
Flags Element (Instruction Response)	ms895095	ee489397
FlashInfo	aa447801	ee485220
Flip	aa447806	-
FlipVideoPort	aa447808	-
Flipping Surfaces	ms923375	ee490108
Flow Control Using ICMP for IPv4	ms881866	ee494258
Flush-On-Close Registry Flushing	ms885460	ee489941
FlushCache	ms890202	ee490626
FlushFileBuffers	ms890238	ee489770
FlushInstructionCache	ms885595	ee487964
FlushIpNetTable	aa450382	ee493293
FlushViewOfFile	ms890303	ee490145
Fog	ms923377	ee491301
Fog State	ms923378	ee490815
FoldString	ms905209	ee491930
Folder Browsing Service	ms881867	ee494739
Font Linking	aa451969	ee492820
Font Linking Registry Settings	ms901078	-
Font Registry Settings	ms901079	-
Font Registry Settings for Japan	ms901080	-
Font Registry Settings for Korea	ms901081	-
Font Registry Settings for Simplified Chinese	ms901082	-
Font Registry Settings for Traditional Chinese	ms901083	-
Fonts Application Development	ms901149	-
Fonts Catalog Items	ms901084	ee489823
Fonts Functions	ms901099	-
Fonts How-to Topics	ms901150	-
Fonts Messages	ms901100	-
Fonts Migration	ms901151	ee489895
Fonts OS Design Development	ms901152	-
Fonts Overview	ms901085	ee489874
Fonts Reference	ms901101	-
Fonts Samples	ms901153	-
Fonts Security	ms901086	ee489850
Fonts Structures	ms901102	-
Format	ms894498	ee489263
FormatMessage	ms885599	ee488376
FormatPartition	ms890426	ee490158
FormatPartitionEx	ms890434	ee489562
FormatStore	ms890450	ee489952
FormatVolume	ms890458	ee490193
FormatVolumeEx	ms890467	ee489780
FormatVolumeUI	ms890480	ee490011
Formatting Specifications	ms885600	ee488601
Formatting Text	ms901088	ee489892
FreeBSTR	aa451719	ee493149
FreeBusyCriteria	aa515003	ee484317
FreeContextBuffer	ms906515	ee498365
FreeCredentialsHandle	ms906519	ee498358
FreeLibrary	ms885601	ee488241
FreeLibraryAndExitThread	ms885602	ee488352
FreeMediaType	aa451720	ee492524
FreePropVariantArray	aa519255	ee488304
French Keyboard	ms892155	ee486446
Front Buffers	ms892156	ee483080
FtpCommand	aa452208	ee492630
FtpCreateDirectory	aa452210	ee492470
FtpDeleteFile	aa452212	ee492815
FtpFindFirstFile	aa452214	ee492397
FtpGetCurrentDirectory	aa452216	ee492802
FtpGetFile	aa452218	ee492396
FtpGetFileEx	aa452230	ee491828
FtpGetFileSize	aa452232	ee492614
FtpOpenFile	aa452234	ee492663
FtpPutFile	aa452236	ee492833
FtpPutFileEx	aa452238	ee492187
FtpRemoveDirectory	aa452240	ee492589
FtpRenameFile	ms906192	ee492006
FtpSetCurrentDirectory	ms906282	ee492829
Full-Screen Video Renderer/Finding a Filter That Can Be Stretched Full-Screen at No Cost	ms923369	-
Full-Screen Video Renderer/Finding a Filter That Supports Full-Screen Mode	ms923370	-
Full-Screen Video Renderer/Implications of Full-Screen Support for the Application	ms923421	-
Full-Screen Video Renderer/Stretching the Output of a Renderer Full-Screen	ms924651	-
Full-Screen Video Renderer/Supplying a Full-Screen Renderer Filter	ms924653	-
Full-Screen Video Renderer/Using the IVideoWindow PID to Implement Full-Screen Support	aa451442	-
Function Interface Model	ms881880	-
Fundamental RTC Code Examples	aa525678	-
Fundamentals of Events-Based Parsing	ms862154	ee502107
GALSearchCriteria	aa515013	ee483894
GB18030 Data Converter	ms903867	-
GB18030 Text Converter Registry Settings	ms903868	ee491329
GDI Interoperation	ms923383	ee490076
GDI Support Services	ms892157	ee481283
GDIINFO	aa447821	ee485832
GET_FILEEX_INFO_LEVELS	ms890917	ee489792
GET_FOREGROUND_INFO	aa453186	ee502612
GET_LPDDRAWSURFACE_GBL_MORE	ms899308	-
GOFFSET	ms905336	ee491762
GOTO (Command Processor)	aa453191	ee505474
GPE	ms892160	ee486890
GPE::AllocSurface	ms899334	ee481257
GPE::BltComplete	ms899335	ee486874
GPE::BltPrepare	ms899337	ee485278
GPE::GetModeInfo	ms899339	ee484816
GPE::Line	ms899340	ee483842
GPE::MovePointer	ms899344	ee486923
GPE::NumModes	ms899345	ee482235
GPE::SetMode	ms899346	ee483823
GPE::SetPointerShape	ms899347	ee481064
GPEBltParms	ms899336	ee485030
GPEEnableDriver	ms899338	ee481845
GPELineParms	ms899341	ee484048
GPEMode	ms899342	ee486696
GPEModeEx	ms899343	ee484258
GPESurf	ms892162	ee486904
GPESurf::GPESurf	ms899348	ee481337
GPESurf::Init	ms899349	ee482255
GPEVGA	ms892163	ee482457
GRADIENT_RECT	aa453193	ee504211
GUIDELINE	ms905340	ee491173
GWES Suspend Time-outs	ms892164	-
Gateway Logging	ms898964	ee494300
Gateway Logging Registry Settings	ms881881	ee493219
General Firewall Rule Examples	ms898965	-
General Font Registry Settings	ms901089	-
General NDIS Objects	ms892158	ee481526
General Object Identifiers	ms894880	-
General RTC Client API Migration Guidelines	aa525632	ee500356
General Shell Registry Settings	ms929202	ee505065
General String Constants	aa450391	ee501237
Generating Cryptographic Keys	ms925918	ee498178
Generating More Sophisticated XML Output	ms862155	ee503140
Generating a Class Identifier for the Filter	ms861541	ee485543
Generic Data Transport Functions	ms881884	ee493658
German Keyboard	ms892159	ee484472
GetACP	ms905215	ee491208
GetActiveWindow	ms929203	ee505710
GetAdapterIndex	aa450392	ee494496
GetAdaptersAddresses	aa450393	ee493691
GetAdaptersInfo	aa450394	ee494906
GetAsyncKeyState	ms929204	ee504378
GetAsyncShiftFlags	aa453955	ee502834
GetAvailDriverMemory	aa447822	-
GetBValue	ms929207	ee505880
GetBestInterface	aa450396	ee494939
GetBestInterfaceEx	aa450397	ee494927
GetBestRoute	aa450398	ee494119
GetBitCount	aa451723	ee495971
GetBitmapFormatSize	aa451724	ee495336
GetBitmapPalette	aa451725	ee492490
GetBitmapSize	aa451726	ee496092
GetBitmapSubtype	aa451727	ee496113
GetBkColor	ms929205	ee499127
GetBkMode	ms929206	ee502613
GetBltStatus	aa447823	-
GetBusNamePrefix	aa447824	ee484197
GetCPInfo	ms905221	ee491373
GetCaretBlinkTime	ms929209	ee505236
GetCaretPos	ms929210	ee501385
GetCharABCWidths	ms901130	ee489910
GetCharABCWidthsI	aa520324	ee489855
GetCharWidth32	ms901131	ee489848
GetChildDeviceRemoveState	aa447825	ee483677
GetClassFile	aa515023	ee488330
GetClassFileOrMime	ms906288	ee492567
GetClassInfo	ms929211	ee500575
GetClassLong	ms929212	ee502892
GetClassName	ms929213	ee499075
GetClientRect	ms929214	ee499340
GetClipBox	ms929219	ee501949
GetClipRgn	ms929221	ee504572
GetClipboardData	ms929215	ee500850
GetClipboardDataAlloc	ms929216	ee501066
GetClipboardFormatName	ms929217	ee503193
GetClipboardOwner	ms929218	ee501914
GetCommMask	ms885606	ee488193
GetCommModemStatus	ms885607	ee488617
GetCommProperties	ms885608	ee488603
GetCommState	ms885609	ee488362
GetCommTimeouts	ms885610	ee488240
GetCommandLine	ms885605	ee488561
GetCurrencyFormat	ms905229	ee491378
GetCurrentFT	aa451027	ee488383
GetCurrentFiber	ms885611	ee488624
GetCurrentObject	ms929223	ee505940
GetCurrentPositionEx	ms929224	ee501980
GetCurrentProcess	ms885613	ee488443
GetCurrentProcessId	ms885614	ee488631
GetCurrentThread	ms885615	ee488202
GetCurrentThreadId	ms885616	ee488409
GetDC	ms929227	ee499088
GetDCEx	ms929228	ee501177
GetDIBColorTable	ms929232	ee500282
GetDateFormat	ms905235	ee491714
GetDesktopWindow	ms929229	ee504867
GetDeviceCaps	ms929230	ee503230
GetDeviceConfigurationData	aa447827	ee485684
GetDeviceInformationByDeviceHandle	aa447829	ee484884
GetDeviceInformationByFileHandle	aa447830	ee484215
GetDevicePower	aa447831	ee497765
GetDevicePowerState	aa447832	ee486315
GetDialogBaseUnits	ms929231	ee499648
GetDiskFreeSpaceEx	ms890887	ee490421
GetDlgCtrlID	ms929233	ee505952
GetDlgItem	ms929234	ee500513
GetDlgItemInt	ms929235	ee500607
GetDlgItemText	ms929236	ee506059
GetDllVersion	ms885617	ee488161
GetDriverInfo	aa447833	-
GetErrorInfo	aa515037	ee489236
GetExceptionCode	ms885620	ee488042
GetExceptionInformation	ms885621	ee488612
GetExitCodeProcess	ms885622	ee488446
GetExitCodeThread	ms885623	ee488756
GetExtensionVersion	aa450399	ee500941
GetFiberData	ms885624	ee488921
GetFileAttributes	ms890895	ee489560
GetFileAttributesEx	ms890909	ee490758
GetFileInformationByHandle	ms890926	ee489735
GetFileSize	ms890939	ee490353
GetFileTime	ms885625	ee487950
GetFileVersionInfo	ms890951	ee489818
GetFileVersionInfoSize	ms890963	ee489808
GetFilename	aa451975	ee492422
GetFilterVersion	aa450400	ee500502
GetFlipStatus	aa447834	-
GetFocus	ms929240	ee502865
GetFontData	aa520325	ee489901
GetForegroundInfo	ms929241	ee504647
GetForegroundKeyboardLayoutHandle	ms929242	ee500141
GetForegroundKeyboardTarget	ms929243	ee502570
GetForegroundWindow	ms929244	ee503376
GetFriendlyIfIndex	aa450401	ee494694
GetGPE	aa447837	ee481645
GetGValue	ms929246	ee502875
GetHGlobalFromStream	aa515040	ee488460
GetHandler	aa447838	ee485019
GetHeader	aa450402	ee498810
GetHeapAlignment	aa447839	-
GetIcmpStatistics	aa450406	ee494858
GetIcmpStatisticsEx	aa450407	ee493871
GetIconInfo	ms929247	ee504094
GetIdleTime	ms885626	ee488013
GetIfEntry	aa450408	ee493262
GetIfTable	aa450409	ee494305
GetInterface (DirectShow)	aa451732	ee495007
GetInterfaceInfo	aa450410	ee493639
GetIpAddrTable	aa450411	ee493850
GetIpForwardTable	aa450412	ee493868
GetIpNetTable	aa450413	ee494695
GetIpStatistics	aa450414	ee494847
GetIpStatisticsEx	aa450415	ee494842
GetKeyState	aa453132	ee503615
GetKeyboardLayout	ms929249	ee504086
GetKeyboardLayoutList	ms929250	ee506264
GetKeyboardLayoutName	ms929252	ee501752
GetKeyboardStatus	ms929253	ee500258
GetKeyboardType	ms929254	ee505022
GetLastError	ms885627	ee488182
GetLayout	aa453133	ee500452
GetLocalTime	ms885628	ee487966
GetLocaleInfo	ms905243	ee491708
GetMenuItemInfo	aa453134	ee505664
GetMessage	aa453135	ee503715
GetMessagePos	aa453136	ee501753
GetMessageQueueReadyTimeStamp	aa453137	ee506134
GetMessageSource	aa453138	ee504356
GetModuleFileName	ms885629	ee488356
GetModuleHandle	ms885630	ee487994
GetModuleInformation	ms885631	ee488196
GetMonitorInfo	aa451738	ee491682
GetMsgQueueInfo	ms885632	ee488429
GetNearestColor	aa453140	ee506255
GetNearestPaletteIndex	aa453141	ee501123
GetNetworkParams	aa450417	ee494470
GetNextDlgGroupItem	aa453145	ee505040
GetNextDlgTabItem	aa453146	ee499080
GetNumberFormat	ms905250	ee490917
GetNumberOfInterfaces	aa450418	ee494841
GetOEMCP	ms905256	ee491929
GetOIDSearchID	ms890976	ee489944
GetObjTypeInfo	aa513866	ee483548
GetObject	aa453147	ee506071
GetObjectType	aa453148	ee499386
GetOpenClipboardWindow	aa453149	ee503207
GetOpenFileName	aa453150	ee504341
GetOperationParts Method	aa515048	ee486596
GetOutlineTextMetrics	ms933897	ee502871
GetPCSyncName	ms909307	-
GetPaletteEntries	aa453151	ee502303
GetParent	aa453152	ee501080
GetParentDeviceInfo	ms899309	ee481251
GetPartitionInfo	ms890985	ee489929
GetPasswordActive	ms890993	ee490428
GetPasswordStatus	ms891004	ee490771
GetPerAdapterInfo	aa450421	ee495165
GetPinyinType	ms905263	ee492095
GetPixel	aa453153	ee504020
GetPrinterInfo	ms899310	ee481264
GetPriorityClipboardFormat	aa453154	ee505514
GetProcAddress	ms885634	ee488623
GetProcessHeap	ms885635	ee488912
GetProcessVersion	ms885636	ee488575
GetProp	aa453155	ee499391
GetQueueStatus	aa453156	ee503606
GetROP2	aa453160	ee501104
GetRTTAndHopCount	aa450422	ee493207
GetRValue	aa453161	ee502900
GetRegionData	aa453157	ee505860
GetRgnBox	aa453159	ee504142
GetRunningObjectTable	aa515060	ee488082
GetSaveFileName	aa453162	ee502844
GetScrollInfo	aa453163	ee504048
GetSerialObject	ms899312	ee482846
GetServerVariable (ISAPI Extensions)	aa450423	ee499153
GetServerVariable (ISAPI Filters)	aa450424	ee498891
GetServiceHandle	aa450425	ee499159
GetSetKeyValues	ms899314	ee485250
GetSoapOperations Method	aa515061	ee484788
GetSoapPorts Method	aa515063	ee485549
GetSoapServices Method	aa515065	ee486824
GetSocketIndex	ms899315	ee486933
GetSocketStatus	ms899316	ee482483
GetStatus	ms899317	ee486973
GetStockObject	aa453164	ee505070
GetStoreInfo	ms891013	ee490360
GetStoreInformation	ms891023	ee490015
GetStretchBltMode	aa453165	ee504329
GetStringTypeEx	ms905283	ee491630
GetStringTypeW	ms905272	ee490929
GetSubMenu	aa453166	ee505084
GetSubtypeName	aa451740	ee492717
GetSysColor	aa453167	ee505488
GetSysColorBrush	aa453168	ee501395
GetSysmemBltStatus	ms899318	-
GetSystemDefaultLCID	ms905298	ee491972
GetSystemDefaultLangID	ms905289	ee491785
GetSystemDefaultUILanguage	ms905303	ee491372
GetSystemInfo	ms885638	ee488900
GetSystemMenu	aa453169	ee505863
GetSystemMetrics	aa453170	ee499415
GetSystemPaletteEntries	aa453171	ee503127
GetSystemPowerState	ms899319	ee497701
GetSystemPowerStatusEx	aa453172	ee500626
GetSystemPowerStatusEx2	aa453173	ee505675
GetSystemTime	ms885640	ee488017
GetTcpStatistics	ms890306	ee493828
GetTcpStatisticsEx	ms890307	ee493860
GetTcpTable	ms890308	ee493852
GetTempFileName	ms891186	ee489761
GetTempPath	ms891189	ee489558
GetTextAlign	ms901132	ee489856
GetTextCharacterExtra	ms901133	ee489907
GetTextColor	ms901134	ee489912
GetTextExtentExPoint	ms901135	ee489883
GetTextExtentPoint	ms901136	ee489897
GetTextExtentPoint32	ms901137	ee489838
GetTextFace	ms901138	ee489915
GetTextMetrics	ms901139	ee489911
GetThemeBackgroundExtent	ms906298	ee492253
GetThemeColor	ms906304	ee491795
GetThemeFont	ms906315	ee492440
GetThreadContext	ms885642	ee488046
GetThreadPriority	ms885643	ee488168
GetThreadTimes	ms885644	ee487997
GetTickCount	ms885645	ee487985
GetTimeFormat	ms905310	ee491547
GetTimeZoneInformation	ms885646	ee488172
GetTransferError	ms899320	ee484630
GetTransferStatus	ms899321	ee481455
GetTrueColorType	aa451741	ee493733
GetUdpStatistics	ms890309	ee494233
GetUdpStatisticsEx	ms890310	ee494652
GetUdpTable	ms890311	ee493220
GetUniDirectionalAdapterInfo	ms890312	ee493427
GetUpdateRect	aa453174	ee501189
GetUpdateRgn	aa453175	ee500868
GetUrlCacheEntryInfo	ms906320	ee491832
GetUrlCacheEntryInfoEx	ms906328	ee491829
GetUrlCacheGroupAttribute	aa452488	ee492626
GetUserDefaultLCID	ms905323	ee491727
GetUserDefaultLangID	ms905315	ee491635
GetUserDefaultUILanguage	ms905328	ee491641
GetUserDirectory	ms891226	ee489784
GetUserNameEx	aa517595	ee489621
GetVersionEx	ms885648	ee488165
GetVideoPortBandwidth	ms899323	-
GetVideoPortConnectInfo	ms899324	-
GetVideoPortField	ms899325	-
GetVideoPortFlipStatus	ms899326	-
GetVideoPortInputFormats	ms899327	-
GetVideoPortLine	ms899328	-
GetVideoPortOutputFormats	ms899329	-
GetVideoSignalStatus	ms899330	-
GetViewportExtEx	aa453949	ee505861
GetViewportOrgEx	aa453950	ee504872
GetWindow	aa453178	ee506081
GetWindowDC	aa453179	ee500451
GetWindowExtEx	aa453951	ee501438
GetWindowLong	aa453180	ee504521
GetWindowOrgEx	aa453952	ee501951
GetWindowRect	aa453181	ee502589
GetWindowRgn	aa453182	ee505457
GetWindowText	aa453183	ee506164
GetWindowTextLength	aa453184	ee504202
GetWindowThreadProcessId	aa453185	ee505723
Getting Started with DirectDraw/Cooperative Levels	aa451260	-
Getting Started with DirectDraw/DirectDraw Middleware Architecture	aa451331	-
Getting Started with DirectDraw/Display Modes	aa451358	-
Getting Started with DirectDraw/Why Use DirectDraw?	ms925259	-
Getting Started with DirectShow/Introduction to DirectShow Application Programming	ms923432	-
Getting Started with DirectShow/Playing a Media File	ms924206	-
Getting Started with DirectShow/Responding to Events	ms924605	-
Getting Started with DirectShow/Setting the Video Window	ms924630	-
Getting Started with SAX2	ms862157	-
Getting Started with XSLT	ms862158	-
Getting a CSP Signed	ms925919	ee498106
Getting and Setting Properties	aa515067	ee489701
Global Server Settings	ms881890	ee500576
GlobalAddAtom	aa453188	ee506286
GlobalDeleteAtom	aa453189	ee504119
GlobalFindAtom	aa453190	ee501431
GlobalMemoryStatus	ms885649	ee488170
GradientFill	aa453192	ee499729
Graph Building with Intelligent Connect/Adding Filters to the Graph	aa451163	-
Graph Building with Intelligent Connect/Finding the Filters	ms923372	-
Graph Building with Intelligent Connect/Intelligent Connect	ms940065	-
Graphics and Multimedia Technologies	ms940099	-
Graphics and Multimedia Technologies/Audio	aa451190	-
Graphics and Multimedia Technologies/Graphics	ms923392	-
Graphics and Multimedia Technologies/Graphics and Multimedia Technologies Catalog Items	ms923391	-
Graphics and Multimedia Technologies/Media	ms924142	-
Graphics and Multimedia Technologies/Security with Multimedia	ms924620	-
Graphics/AlphaBlend API	aa451169	-
Graphics/Direct3D Mobile	aa452478	-
Graphics/DirectDraw	ms932564	-
Graphics/Gradient Fill Support	ms923388	-
Graphics/Imaging	ms932606	-
Graphics/Multiple Screens	ms940100	-
Graphics/Raster Fonts Support	ms924591	-
Graphics/V1 Font Compatibility	aa451451	-
HALInit	ms899358	ee484011
HANDLE_WM_NOTIFY	ms929879	ee501433
HCI_CloseConnection	ms899383	ee486688
HCI_EVENT	ms899384	ee486889
HCI_OpenConnection	ms899385	ee482232
HCI_PARAMETERS	ms899386	ee485878
HCI_ReadHciParameters	ms899387	ee485891
HCI_ReadPacket	ms899388	ee485870
HCI_SetCallback	ms899389	ee485695
HCI_StartHardware	ms899390	ee482047
HCI_StopHardware	ms899391	ee483421
HCI_TYPE	ms899392	ee485295
HCI_WritePacket	ms899393	ee481684
HCRYPTHASH	ms906535	ee498761
HCRYPTKEY	ms906545	ee498734
HCRYPTPROV	ms925987	ee497942
HDHITTESTINFO	ms929880	ee500875
HDITEM	ms929881	ee502857
HDLAYOUT	ms929882	ee499638
HDM_CREATEDRAGIMAGE	ms929883	ee505503
HDM_DELETEITEM	ms929884	ee503980
HDM_GETIMAGELIST	ms929885	ee502008
HDM_GETITEM	ms929886	ee505105
HDM_GETITEMCOUNT	ms929887	ee504328
HDM_GETITEMRECT	ms929889	ee504841
HDM_GETORDERARRAY	ms929890	ee505423
HDM_HITTEST	ms929891	ee502242
HDM_INSERTITEM	ms929892	ee504887
HDM_LAYOUT	ms929893	ee499651
HDM_ORDERTOINDEX	ms929894	ee503497
HDM_SETHOTDIVIDER	ms929895	ee503192
HDM_SETIMAGELIST	ms929896	ee503094
HDM_SETITEM	ms929897	ee499653
HDM_SETORDERARRAY	ms929898	ee505702
HDN_BEGINDRAG	ms929899	ee504847
HDN_BEGINTRACK	ms929900	ee502304
HDN_DIVIDERDBLCLICK	ms929901	ee504014
HDN_ENDDRAG	ms929902	ee504309
HDN_ENDTRACK	ms929903	ee503203
HDN_GETDISPINFO	ms929904	ee503932
HDN_ITEMCHANGED	ms929905	ee500299
HDN_ITEMCHANGING	ms929906	ee502838
HDN_ITEMCLICK	ms929907	ee502599
HDN_ITEMDBLCLICK	ms929908	ee506239
HDN_TRACK	ms929909	ee504148
HEADER	aa451744	ee493947
HEAPENTRY32	ms885658	ee488609
HEAPLIST32	ms885660	ee488401
HELP	ms929929	ee503112
HID Button Capability Arrays	ms892167	ee485432
HID Collection Capabilities	ms892168	ee486965
HID Data Indexes	ms892169	ee483586
HID Driver Migration	ms892170	ee483984
HID Driver Registry Settings	ms894890	ee481907
HID Driver Samples	ms892172	ee481487
HID Keyboard Driver Dependencies on the GWES Keyboard Driver	ms892173	ee481302
HID Link Collections	ms892174	ee486435
HID Preparsed Data	ms892175	ee485204
HID Report Initialization	ms892176	ee481456
HID Report Interpretation	ms892177	ee486281
HID Value Capability Arrays	ms892178	ee485251
HIDDeviceAttach	ms899394	ee485258
HIDDeviceNotifications	ms899395	ee484243
HIDP_BUTTON_CAPS	ms899396	ee486285
HIDP_CAPS	ms899397	ee482280
HIDP_DATA	ms899398	ee486028
HIDP_EXTENDED_ATTRIBUTES	ms899399	ee485292
HIDP_KEYBOARD_DIRECTION	ms899798	ee483441
HIDP_LINK_COLLECTION_NODE	ms899801	ee481717
HIDP_PREPARSED_DATA	ms899816	ee481031
HIDP_REPORT_TYPE	ms899820	ee481532
HIDP_UNKNOWN_TOKEN	ms899854	ee484039
HIDP_VALUE_CAPS	ms899879	ee483453
HID_DRIVER_SETTINGS	ms899883	ee485203
HID_FUNCS	ms899886	ee484622
HID_STRING_TYPE	ms899890	ee484029
HITRESULT	aa515087	ee488281
HIT_LOGGING_INFO	ms906339	ee492877
HMAC_INFO	ms925995	ee498582
HOSTNAME	ms881908	ee493038
HREFTYPE	aa515089	ee488125
HREPLFLD	aa513869	ee486238
HREPLITEM	aa513871	ee484299
HREPLOBJ	aa513872	ee483355
HRULE	ms890320	ee494693
HSE_SEND_HEADER_EX_INFO	ms890323	ee501155
HSE_URL_MAPEX_INFO	ms890321	ee500188
HSE_VERSION_INFO	ms890322	ee501097
HTTP Authentication	aa451989	ee491880
HTTP Element (Location Response)	ms895099	ee489328
HTTP Functionality	ms881916	ee500264
HTTP Implementation	ms881915	-
HTTP Response Headers	ms906348	ee491881
HTTP Status Codes	ms906351	ee492039
HTTP Status Codes for Device Management	ms894518	ee489486
HTTP Transport	ms881917	ee499821
HTTP and FTP Common Functions	aa451988	ee492400
HTTP_FILTER_ACCESS_DENIED	ms900474	ee498916
HTTP_FILTER_AUTHENT	ms900477	ee499781
HTTP_FILTER_CONTEXT	ms890327	ee498604
HTTP_FILTER_LOG	ms900480	ee499474
HTTP_FILTER_PREPROC_HEADERS	ms900484	ee498649
HTTP_FILTER_RAW_DATA	ms900487	ee500765
HTTP_FILTER_SEND_RESPONSE	ms890329	ee499468
HTTP_FILTER_URL_MAP	ms900491	ee501175
HTTP_FILTER_VERSION	ms890330	ee501274
HTTP_VERSION_INFO	ms906352	ee491813
HWClearBreak	ms899897	ee486207
HWClearDTR	ms900102	ee484866
HWClearRTS	ms900109	ee484841
HWClose	ms900113	ee484037
HWDeinit	ms900119	ee482083
HWDisableIR	ms900121	ee483208
HWEnableIR	ms900126	ee485903
HWGetCommProperties	ms900133	ee486282
HWGetIntrType	ms900137	ee484676
HWGetModemStatus	ms900139	ee484887
HWGetRxBufferSize	ms900140	ee481691
HWGetRxStart	ms900141	ee484874
HWGetStatus	ms900142	ee485074
HWInit	ms900143	ee482909
HWIoctl	ms900144	ee482697
HWLineIntrHandler	ms900145	ee484219
HWModemIntrHandler	ms900146	ee486884
HWOBJ	ms900147	ee481914
HWOpen	ms900148	ee484388
HWOtherintrHandler	ms900149	ee482651
HWPostInit	ms900150	ee485451
HWPowerOff	ms900151	ee486856
HWPowerOn	ms900152	ee482279
HWPurgeComm	ms900153	ee482936
HWPutBytes	ms900154	ee484845
HWReset	ms900155	ee483212
HWRxIntrHandler	ms900156	ee483423
HWSetBreak	ms900157	ee481050
HWSetCommTimeouts	ms900158	ee484006
HWSetDCB	ms900159	ee481719
HWSetDTR	ms900160	ee486859
HWSetRTS	ms900161	ee481541
HWTxIntrHandler	ms900162	ee482438
HWXGUIDE	ms905440	ee491747
HWXRESULTS	ms905443	ee491773
HWXmitComChar	ms900164	ee485663
HW_VTBL	ms900163	ee483641
HalAllocateCommonBuffer	ms899352	ee484035
HalColorControl (color control callback)	ms899353	-
HalColorControl (video port control callback)	ms899354	-
HalFreeCommonBuffer	ms899355	ee485414
HalGetBusData	ms899356	ee484461
HalGetBusDataByOffset	ms899357	ee486691
HalSetBusData	ms899359	ee486848
HalSetBusDataByOffset	ms899360	ee481474
HalTranslateBusAddress	ms899361	ee484855
HalTranslateSystemAddress	ms899362	ee486040
Handle Events	aa525633	ee499619
HandleBlob	ms906527	ee498797
Handling Command Line Parameters	ms899776	ee500294
Handling Document-Oriented SOAP Requests	ms862162	ee483367
Handling Documents and Irregular Data	ms862163	ee503375
Handling Drag-and-Drop Messages	aa452658	ee505026
Handling Errors Generated by Audio Functions	ms923396	ee487503
Handling Errors that Halt Synchronization	ms861565	ee487042
Handling HTTP Authentication	aa451977	ee491856
Handling IME Window Messages	ms903869	ee491589
Handling Initialization Errors	ms861575	ee487107
Handling Messages for Tab Controls	aa452659	ee505031
Handling Miscellaneous Messages	aa452660	ee499713
Handling Paint Cycles, Drawing Stages, and Messages	aa452662	ee505231
Handling Registry Changes	ms926483	ee498593
Handling SOAP Headers	ms862164	ee486400
Handling Structures with Variable Size Data	aa451979	ee492372
Handling Synchronization Errors	ms861590	ee487141
Handling TUI User Input	aa525634	-
Handling Tree-View Messages	aa452664	ee504817
Handling Uniform Resource Locators	aa451981	ee492213
Handling White Space	ms862166	ee503402
Handling a Remote Procedural Call that Returns 10 MB of Data	ms862160	ee502020
Handling and Displaying Service-Provider Errors	ms861549	ee483948
Handwriting Recognizer Engine (HWX)	ms903870	-
Handwriting Recognizer Engine (HWX) Application Development	ms906464	-
Handwriting Recognizer Engine (HWX) Functions	ms904397	-
Handwriting Recognizer Engine (HWX) Migration	ms903871	ee490913
Handwriting Recognizer Engine (HWX) OS Design Development	ms903872	ee491146
Handwriting Recognizer Engine (HWX) Reference	ms906465	-
Handwriting Recognizer Engine (HWX) Registry Settings	ms904398	ee491521
Handwriting Recognizer Engine (HWX) Samples	ms903873	ee490987
Handwriting Recognizer Engine (HWX) Security	ms903874	ee491554
Handwriting Recognizer Engine (HWX) Structures	ms904399	-
Hardware Audio Mixer	ms923403	-
Hardware Audio Mixer Functions	ms925310	-
Hardware Audio Mixer Messages	ms925311	-
Hardware Audio Mixer Reference	ms925312	-
Hardware Audio Mixer Structures	ms925313	-
Hardware Considerations for Texturing	ms923404	ee490312
Hashing and Digital Signature Algorithms	ms925920	ee498756
HcdMdd_CreateHcdObject	ms899363	ee482233
HcdMdd_CreateMemoryObject	ms899364	ee482021
HcdMdd_DestroyHcdObject	ms899365	ee483795
HcdMdd_DestroyMemoryObject	ms899366	ee483868
HcdMdd_PowerDown	ms899367	ee486091
HcdMdd_PowerUp	ms899368	ee483190
HcdMdd_SetCapability	ms899370	ee484692
HcdPdd_CheckConfigPower	ms899371	ee486951
HcdPdd_Close	ms899372	ee485447
HcdPdd_Deinit	ms899373	ee484263
HcdPdd_DllMain	ms899374	ee486276
HcdPdd_IOControl	ms899376	ee481893
HcdPdd_Init	ms899375	ee481523
HcdPdd_Open	ms899377	ee483249
HcdPdd_PowerDown	ms899378	ee482822
HcdPdd_PowerUp	ms899379	ee482708
HcdPdd_Read	ms899380	ee482687
HcdPdd_Seek	ms899381	ee485099
HcdPdd_Write	ms899382	ee483177
Header Control Styles	ms929910	ee499044
Header Controls Macros	ms927659	-
Header Controls Messages	ms927663	-
Header Controls Notifications	ms927670	-
Header Controls Reference	ms927676	-
Header Controls Structures	ms927682	-
Header File Differences	ms881902	ee499758
Header Property	aa515085	ee487214
HeaderEntries Property	aa515078	ee487203
HeaderEntry Property	aa515080	ee484563
HeaderHandler Property (ISoapClient)	aa515083	ee484364
Header_CreateDragImage	ms929911	ee502565
Header_DeleteItem	ms929912	ee503380
Header_GetImageList	ms929913	ee505870
Header_GetItem	ms929914	ee504169
Header_GetItemCount	ms929915	ee503912
Header_GetItemRect	ms929916	ee499644
Header_GetOrderArray	ms929917	ee502527
Header_InsertItem	ms929918	ee500935
Header_Layout	ms929919	ee505662
Header_OrderToIndex	ms929920	ee499128
Header_SetHotDivider	ms929921	ee501240
Header_SetImageList	ms929922	ee501255
Header_SetItem	ms929923	ee505319
Header_SetOrderArray	ms929924	ee503343
Headers to Use with Get Operations	ms881903	ee494261
Headers to Use with Put Operations	ms881904	ee493489
Heap32First	ms885650	ee487960
Heap32ListFirst	ms885651	ee488906
Heap32ListNext	ms885652	ee488180
Heap32Next	ms885653	ee488032
HeapAlloc	ms885654	ee488197
HeapCompact	ms885655	ee488005
HeapCreate	ms885656	ee488381
HeapDestroy	ms885657	ee488651
HeapFree	ms885659	ee488228
HeapReAlloc	ms885661	ee488385
HeapSize	ms885662	ee488405
HeapValidate	ms885663	ee488778
Hebrew	ms906466	-
Hebrew OS Design Development	ms903875	ee491925
HidP_FreeCollectionDescription	ms899400	ee485020
HidP_GetButtonCaps	ms899401	ee485406
HidP_GetButtons	ms899402	ee483389
HidP_GetButtonsEx	ms899403	ee486113
HidP_GetCaps	ms899404	ee485665
HidP_GetCollectionDescription	ms899405	ee483809
HidP_GetData	ms899406	ee486877
HidP_GetExtendedAttributes	ms899407	ee481131
HidP_GetLinkCollectionNodes	ms899408	ee486288
HidP_GetScaledUsageValue	ms899521	ee486460
HidP_GetSpecificButtonCaps	ms899730	ee486320
HidP_GetSpecificValueCaps	ms899736	ee486065
HidP_GetUsageValue	ms899765	ee482272
HidP_GetUsageValueArray	ms899779	ee486901
HidP_GetUsages	ms899742	ee483218
HidP_GetUsagesEx	ms899753	ee481703
HidP_GetValueCaps	ms899783	ee482482
HidP_InitializeReportForID	ms899786	ee483167
HidP_IsSameUsageAndPage	ms899792	ee486051
HidP_MaxDataListLength	ms899808	ee483875
HidP_MaxUsageListLength	ms899811	ee484471
HidP_SetButtons	ms899826	ee484897
HidP_SetData	ms899830	ee485894
HidP_SetScaledUsageValue	ms899837	ee482256
HidP_SetUsageValue	ms899845	ee486690
HidP_SetUsageValueArray	ms899852	ee483404
HidP_SetUsages	ms899842	ee484891
HidP_UnsetButtons	ms899857	ee482699
HidP_UnsetUsages	ms899864	ee484071
HidP_UsageAndPageListDifference	ms899866	ee481062
HidP_UsageListDifference	ms899869	ee482815
HideCaret	ms929930	ee503185
Hiding System Sound Events	aa452665	-
Hierarchy of Trust	ms925921	ee498179
High Speed Serial Port Driver	ms892179	ee484626
Hints for Using the Registry	ms885466	-
Hit Logging	aa451983	ee492073
Hit Logging Functions	ms905677	-
Hit Logging Structures	ms905679	-
HitTestThemeBackground	ms906340	ee492660
Hive-Based Registry	ms885472	-
Hive-Based Registry Data	aa516911	-
Hive-Based Registry Startup Sequence	ms885475	-
Hive-Based Registry Stored in RAM	ms885480	ee490179
Hive-based Registry Initialization	ms892397	ee489764
Hive-based Registry Setup	ms892395	ee490554
HiveRAMInfo	ms891340	ee489984
HiveRAMRegion	ms891349	ee490401
Host Name Resolution Using Registry Entries	ms881914	ee493284
Host Name Resolution Using a DNS Server for IPv4	ms881912	ee494640
Host Name Resolution Using a NetBIOS Server for IPv4	ms881913	ee493890
Host Name Resolution for Dual Stack (IPv4/IPv6)	ms881910	ee494483
Host Name Resolution for IPv4	ms881909	-
Host Name Resolution for IPv6	ms881911	-
Host Resources Device Group	ms894501	ee489274
Host Resources Installed Software Group	ms894503	ee489110
Host Resources Running Software Group	ms894507	ee489442
Host Resources Storage Group	ms894510	ee489350
Host Resources System Group	ms894515	ee489265
Hosting MSHTML from an Application	aa451985	ee492616
How TUI Uses ATL	aa525635	-
How the VAIL Creates the Media Manager	aa525636	-
How to Add Power Management to a Device Driver	ms895488	ee497741
How to Configure a FAT File System	aa516958	ee490014
How to Configure a File Server	aa450272	-
How to Configure a Run-Time Image to Support a Flash Media Device	ms895489	ee481892
How to Configure the Web Server	ms900460	-
How to Convert an Application from IPv4 to IPv4/IPv6	aa450273	-
How to Create a Multilingual Run-time Image Using MUI	ms904635	-
How to Customize the Appearance of Common Controls	aa452830	-
How to Customize the Shell	aa452831	-
How to Develop a File System Filter	aa516959	-
How to Develop a Flash Media Driver	ms895494	ee486497
How to Enroll for a Certificate Using the Default Settings	ms937010	-
How to Enroll for a Certificate Using the Modified Settings	ms937011	-
How to Implement BinFS	aa516960	-
How to Implement ClearType	ms901107	-
How to Implement Error Reporting	ms939660	-
How to Implement a Control Panel Application	aa452832	-
How to Include User Help	ms861649	-
How to Request a Data Object from the OBEX Server	aa450152	ee493246
How to Send a Data Object to the OBEX Server	aa450199	ee494940
How to Set Up and Use an IPv6 Test Lab	aa450274	-
How to Setup a Server Certificate for a Windows CE Web Server	ms900321	-
HttpAddRequestHeaders	ms906344	ee492818
HttpEndRequest	ms906345	ee492407
HttpExtensionProc	ms890326	ee500533
HttpFilterProc	ms890328	ee498667
HttpOpenRequest	ms906346	ee491851
HttpQueryInfo	ms906347	ee492848
HttpSendRequest	ms906349	ee492362
HttpSendRequestEx	ms906350	ee492193
HwxALCPriority	ms905349	ee490993
HwxALCValid	ms905356	ee490914
HwxConfig	ms905428	ee491965
HwxCreate	ms905434	ee491902
HwxDestroy	ms905436	ee491781
HwxEndInput	ms905438	ee491529
HwxGetResults	ms905439	ee491138
HwxInput	ms905441	ee492154
HwxProcess	ms905442	ee491763
HwxResultsAvailable	ms905445	ee491152
HwxSetAbort	ms905446	ee491134
HwxSetContext	ms905447	ee491204
HwxSetGuide	ms905448	ee491580
HwxSetPartial	ms905449	ee490977
I/O Control Codes	ms892442	ee485637
I/O Resource Manager	ms892459	ee483828
IAMDevMemoryAllocator Interface	aa451750	-
IAMDevMemoryAllocator::Alloc	aa451745	ee492708
IAMDevMemoryAllocator::CheckMemory	aa451746	ee496345
IAMDevMemoryAllocator::Free	aa451747	ee494981
IAMDevMemoryAllocator::GetDevMemoryObject	aa451748	ee494758
IAMDevMemoryAllocator::GetInfo	aa451749	ee496514
IAMDevMemoryControl Interface	aa451752	-
IAMDevMemoryControl::GetDevId	aa451751	ee492950
IAMDevMemoryControl::QueryWriteSync	aa451753	ee492766
IAMDevMemoryControl::WriteSync	aa451754	ee496529
IAMDroppedFrames Interface	aa452538	-
IAMDroppedFrames::GetAverageFrameSize	aa452534	ee495702
IAMDroppedFrames::GetDroppedInfo	aa452535	ee494161
IAMDroppedFrames::GetNumDropped	aa452536	ee494755
IAMDroppedFrames::GetNumNotDropped	aa452537	ee494591
IAMMediaContent Interface	ms908721	-
IAMMediaContent::get_AuthorName	aa451759	ee494422
IAMMediaContent::get_BaseURL	aa451760	ee494330
IAMMediaContent::get_Copyright	aa451761	ee492472
IAMMediaContent::get_Description	aa451762	ee496508
IAMMediaContent::get_LogoIconURL	aa451763	ee494179
IAMMediaContent::get_LogoURL	aa451764	ee493721
IAMMediaContent::get_MoreInfoBannerImage	aa451765	ee492475
IAMMediaContent::get_MoreInfoBannerURL	aa451766	ee493164
IAMMediaContent::get_MoreInfoText	aa451767	ee493943
IAMMediaContent::get_MoreInfoURL	ms908698	ee493614
IAMMediaContent::get_Rating	ms908703	ee492292
IAMMediaContent::get_Title	ms908713	ee496120
IAMMediaContent::get_WatermarkURL	ms908716	ee495356
IAMMediaContentEx Interface	aa451755	-
IAMMediaContentEx::MediaParameter	aa451756	ee494379
IAMMediaContentEx::MediaParameterName	aa451757	ee495752
IAMMediaContentEx::PlaylistCount	aa451758	ee493568
IAMPlayList Interface	ms908755	-
IAMPlayList::GetFlags	ms908734	ee493162
IAMPlayList::GetItem	ms908738	ee496465
IAMPlayList::GetItemCount	ms908742	ee493617
IAMPlayList::GetNamedEvent	ms908746	ee492519
IAMPlayList::GetRepeatInfo	ms908750	ee494970
IAMPlayListItem Interface	ms908801	-
IAMPlayListItem::GetFlags	ms908759	ee493199
IAMPlayListItem::GetLinkURL	ms908763	ee496475
IAMPlayListItem::GetScanDuration	ms908767	ee492728
IAMPlayListItem::GetSourceCount	ms908770	ee493937
IAMPlayListItem::GetSourceDuration	ms908773	ee496117
IAMPlayListItem::GetSourceEndMarker	ms908778	ee492522
IAMPlayListItem::GetSourceEndMarkerName	ms908782	ee494010
IAMPlayListItem::GetSourceStart	ms908787	ee493417
IAMPlayListItem::GetSourceStartMarker	ms908790	ee494346
IAMPlayListItem::GetSourceStartMarkerName	ms908793	ee494751
IAMPlayListItem::GetSourceURL	ms908797	ee493723
IAMStreamConfig Interface	ms908817	-
IAMStreamConfig::GetFormat	ms908804	ee493351
IAMStreamConfig::GetNumberOfCapabilities	ms908807	ee496486
IAMStreamConfig::GetStreamCaps	ms908811	ee496151
IAMStreamConfig::SetFormat	ms908823	ee492357
IAMStreamControl Interface	ms908830	-
IAMStreamControl::GetInfo	ms908825	ee492977
IAMStreamControl::StartAt	ms908841	ee493811
IAMStreamControl::StopAt	ms908842	ee492679
IAMStreamSelect Interface	ms908860	-
IAMStreamSelect::Count	ms908847	ee494192
IAMStreamSelect::Enable	ms908850	ee495988
IAMStreamSelect::Info	ms908855	ee493372
IAMTVTuner Interface	aa452524	-
IAMTVTuner::AutoTune	aa452516	ee493588
IAMTVTuner::StoreAutoTune	aa452527	ee495121
IAMTVTuner::get_AudioFrequency	aa452517	ee496477
IAMTVTuner::get_AvailableTVFormats	aa452518	ee495738
IAMTVTuner::get_ConnectInput	aa452519	ee493813
IAMTVTuner::get_InputType	aa452520	ee492730
IAMTVTuner::get_NumInputConnections	aa452521	ee494771
IAMTVTuner::get_TVFormat	aa452522	ee495684
IAMTVTuner::get_VideoFrequency	aa452523	ee494365
IAMTVTuner::put_ConnectInput	aa452525	ee494574
IAMTVTuner::put_InputType	aa452526	ee494133
IAMTuner Interface	aa452506	-
IAMTuner::ChannelMinMax	aa452500	ee496495
IAMTuner::GetAvailableModes	aa452501	ee494218
IAMTuner::Logon	aa452507	ee495499
IAMTuner::Logout	aa452508	ee492983
IAMTuner::RegisterNotificationCallBack	aa452513	ee492930
IAMTuner::SignalPresent	aa452514	ee492978
IAMTuner::UnRegisterNotificationCallBack	aa452515	ee492547
IAMTuner::get_Channel	aa452502	ee492995
IAMTuner::get_CountryCode	aa452503	ee493801
IAMTuner::get_Mode	aa452504	ee493535
IAMTuner::get_TuningSpace	aa452505	ee495882
IAMTuner::put_Channel	aa452509	ee494775
IAMTuner::put_CountryCode	aa452510	ee493177
IAMTuner::put_Mode	aa452511	ee494800
IAMTuner::put_TuningSpace	aa452512	ee493202
IAMovieSetup Interface	ms908725	-
IAMovieSetup::Register	ms908728	ee495912
IAMovieSetup::Unregister	ms908731	ee493547
IAVTransport	ms890334	-
IAVTransport::GetCurrentTransportActions	ms890335	ee499227
IAVTransport::GetDeviceCapabilities	ms890336	ee499135
IAVTransport::GetMediaInfo	ms890337	ee498611
IAVTransport::GetPositionInfo	ms890338	ee500947
IAVTransport::GetTransportInfo	ms890339	ee501201
IAVTransport::GetTransportSettings	ms890340	ee499192
IAVTransport::InvokeVendorAction	ms890342	ee500620
IAVTransport::Next	ms890343	ee500813
IAVTransport::Pause	ms890344	ee500783
IAVTransport::Play	ms890345	ee501088
IAVTransport::Previous	ms890346	ee499515
IAVTransport::Record	ms890347	ee500550
IAVTransport::Seek	ms890348	ee499226
IAVTransport::SetAVTransportURI	ms890349	ee498936
IAVTransport::SetNextAVTransportURI	ms890350	ee499164
IAVTransport::SetPlayMode	ms890351	ee499496
IAVTransport::SetRecordQualityMode	ms890353	ee501186
IAVTransport::Stop	ms890354	ee499136
IAVTransportImpl	ms890341	ee498664
IAccessControl	aa515101	-
IAccessControl::GetAllAccessRights	aa515095	ee489038
IAccessControl::GrantAccessRights	aa515097	ee488077
IAccessControl::IsAccessAllowed	aa515099	ee488997
IAccessControl::RevokeAccessRights	aa515102	ee488493
IAccessControl::SetAccessRights	aa515103	ee487769
IAccessControl::SetOwner	aa515104	ee489026
IAdviseSink	aa515105	-
IAdviseSink::OnClose	aa515106	ee489166
IAdviseSink::OnDataChange	aa515110	ee487851
IAdviseSink::OnRename	aa515340	ee488130
IAdviseSink::OnSave	aa515342	ee488742
IAdviseSink::OnViewChange	aa515344	ee487705
IAppointment	aa515358	-
IAppointment Properties	aa515361	-
IAppointment::Cancel	aa515347	ee486615
IAppointment::ClearRecurrencePattern	aa515349	ee486832
IAppointment::Copy	aa515351	ee485990
IAppointment::Delete	aa515355	ee484779
IAppointment::GetRecurrencePattern	aa515357	ee487215
IAppointment::Save	aa515363	ee485529
IAppointment::Send	aa515365	ee487331
IAsyncMoniker	ms906353	ee492894
IAsyncReader Interface	ms908871	-
IAsyncReader::BeginFlush	ms908864	ee495217
IAsyncReader::EndFlush	ms908869	ee496525
IAsyncReader::Length	ms908876	ee496466
IAsyncReader::Request	ms939468	ee493523
IAsyncReader::RequestAllocator	ms939473	ee493163
IAsyncReader::SyncRead	ms939476	ee492280
IAsyncReader::SyncReadAligned	ms939481	ee495504
IAsyncReader::WaitForNext	ms939486	ee496736
IAuthenticate	ms906354	-
IAuthenticate::Authenticate	ms906355	ee492607
IBaseFilter Interface	ms939498	-
IBaseFilter::EnumPins	ms939490	ee496061
IBaseFilter::FindPin	ms939495	ee493619
IBaseFilter::JoinFilterGraph	ms939504	ee492551
IBaseFilter::QueryFilterInfo	ms939507	ee492958
IBaseFilter::QueryVendorInfo	ms939511	ee494598
IBasicAudio Interface	ms939524	-
IBasicAudio::get_Balance	ms939515	ee492936
IBasicAudio::get_Volume	ms939519	ee493958
IBasicAudio::put_Balance	ms939529	ee492905
IBasicAudio::put_Volume	ms939532	ee494954
IBasicBitmapOps	ms939536	-
IBasicBitmapOps::AdjustBrightness	ms939542	ee491253
IBasicBitmapOps::AdjustContrast	ms939545	ee491047
IBasicBitmapOps::AdjustGamma	ms939546	ee490717
IBasicBitmapOps::Clone	ms939547	ee491513
IBasicBitmapOps::Flip	ms939548	ee491468
IBasicBitmapOps::Resize	ms939549	ee490523
IBasicBitmapOps::Rotate	ms939550	ee491440
IBasicVideo Interface	ms939570	-
IBasicVideo::GetCurrentImage	ms939554	ee495685
IBasicVideo::GetDestinationPosition	ms939558	ee492330
IBasicVideo::GetSourcePosition	ms939563	ee496659
IBasicVideo::GetVideoPaletteEntries	ms939567	ee496294
IBasicVideo::GetVideoSize	ms939568	ee496076
IBasicVideo::IsUsingDefaultDestination	ms939571	ee493311
IBasicVideo::IsUsingDefaultSource	ms939572	ee496037
IBasicVideo::SetDefaultDestinationPosition	ms939581	ee494579
IBasicVideo::SetDefaultSourcePosition	ms939582	ee494327
IBasicVideo::SetDestinationPosition	ms939583	ee494969
IBasicVideo::SetSourcePosition	ms939584	ee492686
IBasicVideo::get_AvgTimePerFrame	ms939551	ee494128
IBasicVideo::get_BitErrorRate	ms939552	ee493537
IBasicVideo::get_BitRate	ms939553	ee496548
IBasicVideo::get_DestinationHeight	ms939556	ee495536
IBasicVideo::get_DestinationLeft	ms939557	ee492295
IBasicVideo::get_DestinationTop	ms939559	ee493961
IBasicVideo::get_DestinationWidth	ms939560	ee492557
IBasicVideo::get_SourceHeight	ms939561	ee495721
IBasicVideo::get_SourceLeft	ms939562	ee492684
IBasicVideo::get_SourceTop	ms939564	ee493359
IBasicVideo::get_SourceWidth	ms939565	ee496351
IBasicVideo::get_VideoHeight	ms939566	ee492476
IBasicVideo::get_VideoWidth	ms939569	ee495042
IBasicVideo::put_DestinationHeight	ms939573	ee493573
IBasicVideo::put_DestinationLeft	ms939574	ee495470
IBasicVideo::put_DestinationTop	ms939575	ee493548
IBasicVideo::put_DestinationWidth	ms939576	ee494830
IBasicVideo::put_SourceHeight	ms939577	ee495593
IBasicVideo::put_SourceLeft	ms939578	ee494549
IBasicVideo::put_SourceTop	ms939579	ee496748
IBasicVideo::put_SourceWidth	ms939580	ee493132
IBindCtx	ms879860	-
IBindCtx::EnumObjectParam	aa515367	ee488490
IBindCtx::GetBindOptions	aa515369	ee489157
IBindCtx::GetObjectParam	aa515370	ee487763
IBindCtx::GetRunningObjectTable	aa515371	ee489660
IBindCtx::RegisterObjectBound	ms879962	ee488266
IBindCtx::RegisterObjectParam	ms879966	ee487730
IBindCtx::ReleaseBoundObjects	ms879972	ee489231
IBindCtx::RevokeObjectBound	ms879976	ee488543
IBindCtx::RevokeObjectParam	ms879981	ee487876
IBindCtx::SetBindOptions	ms879984	ee488702
IBindHost	ms906356	-
IBindHost::CreateMoniker	ms906357	ee492599
IBindHost::MonikerBindToObject	ms906358	ee492620
IBindHost::MonikerBindToStorage	ms906359	ee492845
IBindStatusCallback	ms906365	-
IBindStatusCallback::GetBindInfo	ms906366	ee492860
IBindStatusCallback::GetPriority	ms906367	ee492241
IBindStatusCallback::OnDataAvailable	ms906368	ee492199
IBindStatusCallback::OnObjectAvailable	ms906369	ee492210
IBindStatusCallback::OnProgress	ms906370	ee492573
IBindStatusCallback::OnStartBinding	ms906371	ee492874
IBindStatusCallback::OnStopBinding	ms906372	ee492066
IBinding	ms906360	-
IBinding::Abort	ms906361	ee492036
IBinding::GetBindResult	ms906362	ee492413
IBinding::GetPriority	ms906363	ee492615
IBinding::Resume	ms906364	ee492421
IBitmapImage	ms908972	-
IBitmapImage::GetPalette	ms909009	ee491059
IBitmapImage::GetPixelFormatID	ms909061	ee490479
IBitmapImage::GetSize	ms909070	ee490447
IBitmapImage::LockBits	ms909078	ee490042
IBitmapImage::SetPalette	ms909089	ee490117
IBitmapImage::UnlockBits	ms909098	ee491688
IBitstreamProcessor	ms900169	-
IBitstreamProcessor::GetDMAChannel	ms900165	ee486723
IBitstreamProcessor::GetDMAChannelCount	ms900166	ee482920
IBitstreamProcessor::GetLabeledDMAChannel	ms900167	ee485476
IBitstreamProcessor::Init	ms900168	ee485276
IBitstreamProcessor::SetBitstreamType	ms900170	ee483876
IBrowser2::get_ClearTypeEnabled	ms906375	-
IBrowser2::get_FitToWindow	ms906376	-
IBrowser2::get_LayoutHeight	ms906377	-
IBrowser2::get_LayoutWidth	ms906378	-
IBrowser2::get_LocationBaseURL	ms906379	-
IBrowser2::get_PlaySounds	ms906380	-
IBrowser2::get_ScriptingEnabled	ms906381	-
IBrowser2::get_ShowImages	ms906382	-
IBrowser2::get_ZoomLevel	ms906383	-
IBrowser2::put_ClearTypeEnabled	ms906384	-
IBrowser2::put_FitToWindow	ms906385	-
IBrowser2::put_LocationBaseURL	ms906386	-
IBrowser2::put_PlaySounds	ms906387	-
IBrowser2::put_ScriptingEnabled	ms906388	-
IBrowser2::put_ShowImages	ms906389	-
IBrowser2::put_ZoomLevel	ms906390	-
IBrowser3::addStyle	ms906392	-
IBrowser3::get_ActiveXEnabled	ms906393	-
IBrowser3::get_CanCopy	ms906394	-
IBrowser3::get_ContextMenuEnabled	ms906395	-
IBrowser3::get_FocusRectEnabled	ms906397	-
IBrowser3::get_IntegralPaging	ms906398	-
IBrowser3::get_SelectionEnabled	ms906400	-
IBrowser3::get_SuperFitToWindow	ms906401	-
IBrowser3::get_document	ms906396	-
IBrowser3::get_script	ms906399	-
IBrowser3::put_ActiveXEnabled	ms906402	-
IBrowser3::put_ContextMenuEnabled	ms906403	-
IBrowser3::put_FocusRectEnabled	ms906404	-
IBrowser3::put_IntegralPaging	ms906405	-
IBrowser3::put_SelectionEnabled	ms906406	-
IBrowser3::put_SuperFitToWindow	ms906407	-
IBrowser::FrameNavigate	ms906408	-
IBrowser::Refresh	ms906424	-
IBrowser::Stop	ms906425	-
IBrowser::get_Busy	ms906409	-
IBrowser::get_CBrowserPointer	ms906410	-
IBrowser::get_IsFrame	ms906411	-
IBrowser::get_LocationURL	ms906412	-
IBrowser::get_MarginHeight	ms906413	-
IBrowser::get_MarginWidth	ms906414	-
IBrowser::get_ScrollStyle	ms906415	-
IBrowser::get_SelectedCodepage	ms906416	-
IBrowser::get_title	ms906417	-
IBrowser::navigate	ms906418	-
IBrowser::put_IsFrame	ms906419	-
IBrowser::put_MarginHeight	ms906420	-
IBrowser::put_MarginWidth	ms906421	-
IBrowser::put_ScrollStyle	ms906422	-
IBrowser::put_SelectedCodepage	ms906423	-
ICMP Functions	ms886676	-
ICMP Group	ms894519	ee489094
ICMP Reference	ms886677	-
ICMP Structures	ms886678	-
ICMP_ECHO_REPLY	ms890360	ee494534
ICS Application Development	ms898969	-
ICS Functions	ms886679	-
ICS Migration	ms898966	ee494297
ICS OS Design Development	aa450033	ee493905
ICS Reference	ms886680	-
ICS Registry Settings	aa450034	-
ICS Samples	ms898967	ee493228
ICS Security	aa450035	ee494251
ICatInformation	ms880036	-
ICatInformation::EnumCategories	ms879987	-
ICatInformation::EnumClassesOfCategories	ms880012	-
ICatInformation::EnumImplCategoriesOfClass	ms880020	-
ICatInformation::EnumReqCategoriesOfClass	ms880024	-
ICatInformation::GetCategoryDesc	ms880029	-
ICatInformation::IsClassOfCategories	ms880032	-
ICatRegister	ms880041	-
ICatRegister::RegisterCategories	ms880045	ee489700
ICatRegister::RegisterClassImplCategories	ms880052	ee488099
ICatRegister::RegisterClassReqCategories	ms880057	ee489507
ICatRegister::UnRegisterCategories	ms880063	ee487683
ICatRegister::UnRegisterClassImplCategories	ms880068	ee489143
ICatRegister::UnRegisterClassReqCategories	ms880073	ee489453
ICeFileFilter::FilterOptions	aa513873	ee486527
ICeFileFilter::FormatMessage	aa513875	ee483272
ICeFileFilter::NextConvertFile	aa513877	ee487223
ICeFileFilterOptions::SetFilterOptions	aa513881	ee484351
ICeFileFilterSite::CloseDestinationFile	aa513882	ee485376
ICeFileFilterSite::CloseSourceFile	aa513883	ee486016
ICeFileFilterSite::OpenDestinationFile	aa513886	ee486011
ICeFileFilterSite::OpenSourceFile	aa513890	ee485159
ICeFileFilterSite::ReportLoss	aa513891	ee483701
ICeFileFilterSite::ReportProgress	aa513893	ee486785
IClassActivator	ms880081	-
IClassActivator::GetClassObject	ms880078	ee488280
IClassFactory	ms880104	-
IClassFactory2	ms880092	-
IClassFactory2::CreateInstanceLic	ms880086	ee488101
IClassFactory2::GetLicInfo	ms880090	ee487918
IClassFactory2::RequestLicKey	ms880096	ee488489
IClassFactory::CreateInstance	ms880100	ee488680
IClassFactory::LockServer	ms880110	ee488346
IClientSecurity	ms880117	-
IClientSecurity::CopyProxy	ms880114	ee488052
IClientSecurity::QueryBlanket	ms880121	ee489467
IClientSecurity::SetBlanket	ms880124	ee489698
IConnectionManager	ms890364	-
IConnectionManager::ConnectionComplete	ms890365	ee501197
IConnectionManager::GetCurrentConnectionInfo	ms890366	ee500536
IConnectionManager::GetFirstConnectionID	ms890367	ee498928
IConnectionManager::GetNextConnectionID	ms890368	ee498637
IConnectionManager::GetProtocolInfo	ms890369	ee500305
IConnectionManager::InvokeVendorAction	ms890377	ee498652
IConnectionManager::PrepareForConnection	ms890378	ee499174
IConnectionManagerImpl	ms890370	-
IConnectionManagerImpl::AddSinkProtocol	ms890371	ee498907
IConnectionManagerImpl::AddSourceProtocol	ms890372	ee499214
IConnectionManagerImpl::CreateConnection	ms890373	ee499207
IConnectionManagerImpl::EndConnection	ms890374	ee498416
IConnectionManagerImpl::RemoveSinkProtocol	ms890375	ee499171
IConnectionManagerImpl::RemoveSourceProtocol	ms890376	ee500886
IConnectionPoint	ms880157	-
IConnectionPoint::Advise	ms880127	ee488541
IConnectionPoint::EnumConnections	ms880146	ee488739
IConnectionPoint::GetConnectionInterface	ms880151	ee488696
IConnectionPoint::GetConnectionPointContainer	ms880154	ee487696
IConnectionPoint::Unadvise	ms880162	ee489501
IConnectionPointContainer	ms880141	-
IConnectionPointContainer::EnumConnectionPoints	ms880130	ee487689
IConnectionPointContainer::FindConnectionPoint	ms880137	ee488743
IContact	ms880172	-
IContact Properties	ms880177	-
IContact::Copy	ms880165	ee483698
IContact::Delete	ms880170	ee484792
IContact::Save	ms880181	ee484743
IContentDirectory	ms890379	-
IContentDirectory::BrowseChildren	ms890380	ee499797
IContentDirectory::BrowseMetadata	ms890381	ee498655
IContentDirectory::CreateObject	ms890382	ee500808
IContentDirectory::CreateReference	ms890383	ee499750
IContentDirectory::DeleteResource	ms890384	ee500199
IContentDirectory::DestroyObject	ms890385	ee499163
IContentDirectory::ExportResource	ms890386	ee501191
IContentDirectory::GetSearchCapabilities	ms890387	ee501224
IContentDirectory::GetSortCapabilities	ms890388	ee498399
IContentDirectory::GetSystemUpdateID	ms890389	ee498465
IContentDirectory::GetTransferProgress	ms890390	ee499752
IContentDirectory::ImportResource	ms890392	ee498869
IContentDirectory::InvokeVendorAction	ms890393	ee501164
IContentDirectory::Search	ms890394	ee499793
IContentDirectory::StopTransferResource	ms890395	ee499479
IContentDirectory::UpdateObject	ms890396	ee498432
IContentDirectoryImpl	ms890391	ee498651
IContinueCallback	ms880195	-
IContinueCallback::FContinue	ms880185	ee489520
IContinueCallback::FContinuePrinting	ms880191	ee489699
ICreateErrorInfo	ms880199	-
ICreateErrorInfo::SetDescription	ms880205	ee488684
ICreateErrorInfo::SetGUID	ms880208	ee488059
ICreateErrorInfo::SetHelpContext	ms880214	ee489399
ICreateErrorInfo::SetHelpFile	ms880219	ee487723
ICreateErrorInfo::SetSource	ms880226	ee489634
ICreateTypeInfo	ms880227	-
ICreateTypeInfo2	ms880257	-
ICreateTypeInfo2::DeleteFuncDesc	ms880230	ee489241
ICreateTypeInfo2::DeleteFuncDescByMemId	ms880237	ee487734
ICreateTypeInfo2::DeleteImplType	ms880241	ee489445
ICreateTypeInfo2::DeleteVarDesc	ms880247	ee488535
ICreateTypeInfo2::DeleteVarDescByMemId	ms880252	ee488134
ICreateTypeInfo2::SetCustData	ms880260	ee488980
ICreateTypeInfo2::SetFuncCustData	ms880265	ee488262
ICreateTypeInfo2::SetFuncHelpStringContext	ms880271	ee487887
ICreateTypeInfo2::SetHelpStringContext	ms880272	ee489220
ICreateTypeInfo2::SetImplTypeCustData	ms880280	ee488540
ICreateTypeInfo2::SetName	ms880288	ee487844
ICreateTypeInfo2::SetParamCustData	ms880290	ee489578
ICreateTypeInfo2::SetVarCustData	ms880295	ee488675
ICreateTypeInfo2::SetVarHelpStringContext	ms880371	ee488544
ICreateTypeInfo::AddFuncDesc	ms880379	ee489159
ICreateTypeInfo::AddImplType	ms880384	ee489004
ICreateTypeInfo::AddRefTypeInfo	ms880385	ee489632
ICreateTypeInfo::AddVarDesc	ms880386	ee487942
ICreateTypeInfo::DefineFuncAsDllEntry	ms880387	ee487701
ICreateTypeInfo::LayOut	ms880388	ee487708
ICreateTypeInfo::SetAlignment	ms880389	ee489008
ICreateTypeInfo::SetDocString	ms880390	ee488510
ICreateTypeInfo::SetFuncAndParamNames	ms880393	ee489202
ICreateTypeInfo::SetFuncDocString	ms880394	ee487786
ICreateTypeInfo::SetFuncHelpContext	ms880395	ee488532
ICreateTypeInfo::SetGuid	ms880396	ee488699
ICreateTypeInfo::SetHelpContext	ms880397	ee488972
ICreateTypeInfo::SetImplTypeFlags	ms880398	ee489694
ICreateTypeInfo::SetMops	ms880399	ee488283
ICreateTypeInfo::SetTypeDescAlias	ms880400	ee488508
ICreateTypeInfo::SetTypeFlags	ms880401	ee488145
ICreateTypeInfo::SetVarDocString	ms880402	ee487884
ICreateTypeInfo::SetVarHelpContext	ms880403	ee489496
ICreateTypeInfo::SetVarName	ms880404	ee487680
ICreateTypeInfo::SetVersion	ms880405	ee489201
ICreateTypeLib	ms880406	-
ICreateTypeLib2	ms880408	-
ICreateTypeLib2::DeleteTypeInfo	ms880407	ee488748
ICreateTypeLib2::SetCustData	ms880409	ee489491
ICreateTypeLib2::SetHelpStringContext	ms880410	ee487924
ICreateTypeLib2::SetHelpStringDll	ms880411	ee488295
ICreateTypeLib::CreateTypeInfo	aa515505	ee488689
ICreateTypeLib::SetGuid	aa515506	ee488344
ICreateTypeLib::SetHelpContext	aa515528	ee489704
ICreateTypeLib::SetHelpFileName	aa515529	ee488086
ICreateTypeLib::SetLcid	aa515530	ee488457
ICreateTypeLib::SetLibFlags	aa515531	ee489239
ICreateTypeLib::SetName	aa515532	ee489433
ICreateTypeLib::SetVersion	aa515533	ee489213
ID Element (Instruction Response)	ms895101	ee489112
ID Element (Poll Request)	ms895102	ee489087
IDDVideoPortContainer	ms909107	-
IDDVideoPortContainer::CreateVideoPort	ms909118	-
IDDVideoPortContainer::EnumVideoPorts	ms909119	-
IDDVideoPortContainer::GetVideoPortConnectInfo	ms909120	-
IDDVideoPortContainer::QueryVideoPortStatus	ms909121	-
IDLDESC	aa515591	ee488071
IDMAChannel	ms900175	-
IDMAChannel::AbortAllTransfers	ms900171	ee485842
IDMAChannel::GetLabel	ms900172	ee482023
IDMAChannel::GetMaxOutstandingTransfers	ms900173	ee483461
IDMAChannel::GetPendingTransferCount	ms900174	ee481510
IDMAChannel::OnDiscontinuity	ms900176	ee483624
IDMAChannel::RequestTransfer	ms900177	ee481138
IDMAChannel::SetDataNotificationThreshold	ms900178	ee486917
IDMAChannel::SetThresholdCallback	ms900179	ee482667
IDMOQualityControl	aa451808	-
IDMOQualityControl::GetStatus	aa451809	ee495724
IDMOQualityControl::SetNow	aa451810	ee492772
IDMOQualityControl::SetStatus	aa451811	ee492980
IDMOVideoOutputOptimizations	aa451812	-
IDMOVideoOutputOptimizations::GetCurrentOperationMode	aa451813	ee492939
IDMOVideoOutputOptimizations::GetCurrentSampleRequirements	aa451814	ee496085
IDMOVideoOutputOptimizations::QueryOperationModePreferences	aa451815	ee496696
IDMOVideoOutputOptimizations::SetOperationMode	aa451816	ee494828
IDMOWrapperFilter Interface	aa451818	-
IDMOWrapperFilter::Init	aa451817	ee495714
IDVDDataSearchInfo/IDVDDataSearchInfo::GetAudioGapInfo	aa451820	-
IDVDDataSearchInfo/IDVDDataSearchInfo::GetC_IDN	aa451821	-
IDVDDataSearchInfo/IDVDDataSearchInfo::GetControlInfo	aa451822	-
IDVDDataSearchInfo/IDVDDataSearchInfo::GetInterleavedUnitEndAddress	aa451823	-
IDVDDataSearchInfo/IDVDDataSearchInfo::GetNextInterleavedUnit	aa451824	-
IDVDDataSearchInfo/IDVDDataSearchInfo::GetRefPictureAddress	aa451825	-
IDVDDataSearchInfo/IDVDDataSearchInfo::GetSCRBase	aa451826	-
IDVDDataSearchInfo/IDVDDataSearchInfo::GetSeamlessAngleChangeAddress	aa451827	-
IDVDDataSearchInfo/IDVDDataSearchInfo::GetSeamlessCategory	aa451828	-
IDVDDataSearchInfo/IDVDDataSearchInfo::GetSyncAudioAddress	aa451829	-
IDVDDataSearchInfo/IDVDDataSearchInfo::GetSyncSPAddress	aa451830	-
IDVDDataSearchInfo/IDVDDataSearchInfo::GetUnitEndAddress	aa451831	-
IDVDDataSearchInfo/IDVDDataSearchInfo::GetUnitStepAddress	aa451832	-
IDVDDataSearchInfo/IDVDDataSearchInfo::GetVOB_ID	aa451833	-
IDVDDecoderCSS	ms900185	-
IDVDDecoderCSS::BypassDescrambler	ms900180	ee486699
IDVDDecoderCSS::EnableDescrambler	ms900181	ee484283
IDVDDecoderCSS::GetChallenge	ms900182	ee481338
IDVDDecoderCSS::GetResponseKey	ms900183	ee482450
IDVDDecoderCSS::InitiateAuthentication	ms900184	ee483998
IDVDDecoderCSS::NewDisk	ms900186	ee483866
IDVDDecoderCSS::ResetAuthentication	ms900187	ee481276
IDVDDecoderCSS::SendDriveChallenge	ms900188	ee483258
IDVDDecoderCSS::SendDriveResponseKey	ms900189	ee481675
IDVDDecoderCSS::SendScrambledDiskKeyData	ms900190	ee485021
IDVDDecoderCSS::SendTitleKey	ms900191	ee485035
IDVDDecoderCSS::SetSectorLength	ms900192	ee482299
IDVDDomain/IDVDDomain::GetCellPieceEnumerator	aa451835	-
IDVDDomain/IDVDDomain::GetPGC	aa451836	-
IDVDDomain/IDVDDomain::GetPGCCount	aa451837	-
IDVDDomain/IDVDDomain::GetSpace	aa451838	-
IDVDDomain/IDVDDomain::GetStreamAttributes	aa451839	-
IDVDDomain/IDVDDomain::GetTimeMap	aa451840	-
IDVDDomain/IDVDDomain::GetTitleSet	aa451841	-
IDVDDomain/IDVDDomain::GetTotalVOBUnits	aa451843	-
IDVDDomain/IDVDDomain::GetTotalVideoObjects	aa451842	-
IDVDDomain/IDVDDomain::GetType	aa451844	-
IDVDDomain/IDVDDomain::GetVOBFileID	aa451845	-
IDVDDomain/IDVDDomain::GetVOBUTablePtr	aa451846	-
IDVDDomain/IDVDDomain::GetVolume	aa451847	-
IDVDHighlightInfo/IDVDHighlightInfo::GetAdjacentButton	aa451849	-
IDVDHighlightInfo/IDVDHighlightInfo::GetButtonColorInfo	aa451850	-
IDVDHighlightInfo/IDVDHighlightInfo::GetButtonCommand	aa451851	-
IDVDHighlightInfo/IDVDHighlightInfo::GetButtonCount	aa451852	-
IDVDHighlightInfo/IDVDHighlightInfo::GetButtonMode	aa451853	-
IDVDHighlightInfo/IDVDHighlightInfo::GetButtonOffset	aa451854	-
IDVDHighlightInfo/IDVDHighlightInfo::GetButtonPositionInfo	aa451855	-
IDVDHighlightInfo/IDVDHighlightInfo::GetDefaultActionButton	aa451856	-
IDVDHighlightInfo/IDVDHighlightInfo::GetHLIStatus	aa451857	-
IDVDHighlightInfo/IDVDHighlightInfo::GetInitialSelectionButton	aa451858	-
IDVDHighlightInfo/IDVDHighlightInfo::GetNumberedButtonCount	aa451859	-
IDVDHighlightInfo/IDVDHighlightInfo::GetPTMs	aa451860	-
IDVDHighlightInfo/IDVDHighlightInfo::GetStreamingInfo	aa451861	-
IDVDMenu/IDVDMenu::GetDomain	aa451863	-
IDVDMenu/IDVDMenu::GetMenuLanguageInfo	aa451864	-
IDVDNavDataStatusSink/IDVDNavDataStatusSink::NotifyNewPCI	aa451866	-
IDVDNavigationManager/IDVDNavigationManager::ButtonSelectDirect	aa451868	-
IDVDNavigationManager/IDVDNavigationManager::GetGParameter	aa451869	-
IDVDNavigationManager/IDVDNavigationManager::GetPlaybackState	aa451870	-
IDVDNavigationManager/IDVDNavigationManager::GetSParameter	aa451872	-
IDVDNavigationManager/IDVDNavigationManager::GetScanCaps	aa451871	-
IDVDNavigationManager/IDVDNavigationManager::SetSParameter	aa451873	-
IDVDNavigationManager/IDVDNavigationManager::SetVolume	aa451875	-
IDVDNavigationManager/IDVDNavigationManger::UseRenderer	aa451876	-
IDVDNavigatorSink/IDVDNavigatorSink::ConfirmTemporaryParentalLevel	aa451880	-
IDVDNavigatorSink/IDVDNavigatorSink::InitializeSystemParameters	aa451882	-
IDVDNavigatorSink/IDVDNavigatorSink::OnDiskReadError	aa451884	-
IDVDNavigatorSink/IDVDNavigatorSink::OnGOPUserData	aa451886	-
IDVDNavigatorSink/IDVDNavigatorSink::OnGPRMChange	aa451889	-
IDVDNavigatorSink/IDVDNavigatorSink::OnNavigationException	aa451891	-
IDVDNavigatorSink/IDVDNavigatorSink::OnNewCell	aa451893	-
IDVDNavigatorSink/IDVDNavigatorSink::OnNewProgram	aa451895	-
IDVDNavigatorSink/IDVDNavigatorSink::OnNewProgramChain	aa451897	-
IDVDNavigatorSink/IDVDNavigatorSink::OnPlaybackStateChange	aa451899	-
IDVDNavigatorSink/IDVDNavigatorSink::OnSPRMChange	aa451901	-
IDVDNavigatorSink/IDVDNavigatorSink::OnUOPChange	aa451903	-
IDVDParentalManagementTable/IDVDParentalManagementTable::ConvertParentalLevelToID	aa451907	-
IDVDProgramChain/IDVDProgramChain::GetAudioStreamSelector	aa451911	-
IDVDProgramChain/IDVDProgramChain::GetCellPlaybackInfo	aa451913	-
IDVDProgramChain/IDVDProgramChain::GetCellPosition	aa451915	-
IDVDProgramChain/IDVDProgramChain::GetContents	aa451917	-
IDVDProgramChain/IDVDProgramChain::GetDomain	aa451919	-
IDVDProgramChain/IDVDProgramChain::GetLink	aa451921	-
IDVDProgramChain/IDVDProgramChain::GetNavCommand	aa451923	-
IDVDProgramChain/IDVDProgramChain::GetNavCommandsCount	aa451925	-
IDVDProgramChain/IDVDProgramChain::GetPGCN	aa451927	-
IDVDProgramChain/IDVDProgramChain::GetPlaybackMode	aa451929	-
IDVDProgramChain/IDVDProgramChain::GetPlaybackTime	aa451931	-
IDVDProgramChain/IDVDProgramChain::GetProgramEntryCell	aa451933	-
IDVDProgramChain/IDVDProgramChain::GetSubpicturePalette	aa451934	-
IDVDProgramChain/IDVDProgramChain::GetSubpictureStreamSelector	aa451936	-
IDVDProgramChain/IDVDProgramChain::GetUserOperationControlMask	aa451939	-
IDVDROM/IDVDROM::Bind	aa451943	-
IDVDROM/IDVDROM::CloseVOB	aa451945	-
IDVDROM/IDVDROM::OpenVOB	aa451947	-
IDVDROM/IDVDROM::ReadVMGI	aa451949	-
IDVDROM/IDVDROM::ReadVOB	aa451951	-
IDVDROM/IDVDROM::ReadVTSI	aa451953	-
IDVDROM/IDVDROM::ReleaseMem	aa451955	-
IDVDROM/IDVDROM::Unbind	aa451957	-
IDVDRenderer	ms900198	-
IDVDRenderer::Abort	ms900193	ee484023
IDVDRenderer::GetAudioCaps	ms900194	ee485437
IDVDRenderer::GetHighlightedButton	ms900195	ee482476
IDVDRenderer::GetScanCaps	ms900196	ee481537
IDVDRenderer::Highlight	ms900197	ee483229
IDVDRenderer::Pause	ms900910	ee484602
IDVDRenderer::Play	ms901009	ee483442
IDVDRenderer::RegisterSyncEvent	ms901070	ee485855
IDVDRenderer::Scan	ms901164	ee485631
IDVDRenderer::SetAPS	ms901270	ee483635
IDVDRenderer::SetAspectRatioMode	ms901283	ee481722
IDVDRenderer::SetAudioStreamNumber	ms901290	ee482033
IDVDRenderer::SetAudioStreamType	ms901300	ee486239
IDVDRenderer::SetContentAspectRatio	ms901312	ee481945
IDVDRenderer::SetDisplayAspectRatio	ms901323	ee481123
IDVDRenderer::SetPalette	ms901334	ee486919
IDVDRenderer::SetSubpictureStreamNumber	ms901342	ee483832
IDVDRenderer::Slow	ms901349	ee481054
IDVDRenderer::Step	ms901358	ee486657
IDVDRenderer::UnregisterSyncEvent	ms901363	ee483428
IDVDStreamAttributes/IDVDStreamAttributes::GetAudioAttr	aa451961	-
IDVDStreamAttributes/IDVDStreamAttributes::GetAudioCount	aa451962	-
IDVDStreamAttributes/IDVDStreamAttributes::GetAudioMultichannelUseAttr	aa451964	-
IDVDStreamAttributes/IDVDStreamAttributes::GetSubpictureAttr	aa451966	-
IDVDStreamAttributes/IDVDStreamAttributes::GetSubpictureCount	aa451968	-
IDVDStreamAttributes/IDVDStreamAttributes::GetVideoAttr	aa451970	-
IDVDStreamControlInfo/IDVDStreamControlInfo::GetBlockAddress	aa451974	-
IDVDStreamControlInfo/IDVDStreamControlInfo::GetCategory	aa451976	-
IDVDStreamControlInfo/IDVDStreamControlInfo::GetCellRelativeStartTime	aa451978	-
IDVDStreamControlInfo/IDVDStreamControlInfo::GetDataSearchInfo	aa451980	-
IDVDStreamControlInfo/IDVDStreamControlInfo::GetEndSequencePTM	aa451982	-
IDVDStreamControlInfo/IDVDStreamControlInfo::GetHighlightInfo	aa451984	-
IDVDStreamControlInfo/IDVDStreamControlInfo::GetNonSeamlessAngleChangeAddress	aa451986	-
IDVDStreamControlInfo/IDVDStreamControlInfo::GetPresentationTimes	aa451987	-
IDVDStreamControlInfo/IDVDStreamControlInfo::GetRecordingAudioInfo	aa452034	-
IDVDStreamControlInfo/IDVDStreamControlInfo::GetRecordingSubpictureGroup	aa452035	-
IDVDStreamControlInfo/IDVDStreamControlInfo::GetRecordingSubpictureInfo	aa452036	-
IDVDStreamControlInfo/IDVDStreamControlInfo::GetRecordingVideoInfo	aa452037	-
IDVDStreamControlInfo/IDVDStreamControlInfo::GetUserOperationControlMask	aa452038	-
IDVDStreamControlInfo/IDVDStreamControlInfo::ReaderLock	aa452039	-
IDVDStreamControlInfo/IDVDStreamControlInfo::ReaderUnlock	aa452040	-
IDVDStreamControlInfo/IDVDStreamControlInfo::SetNavigationPack	aa452041	-
IDVDTextManager/IDVDTextManager::EnumerateTextLanguageUnits	aa452043	-
IDVDTextManager/IDVDTextManager::EnumerateTitleTextItems	aa452044	-
IDVDTextManager/IDVDTextManager::GetTextItemsCount	aa452045	-
IDVDTimeMap/IDVDTimeMap::GetTableHeader	aa452048	-
IDVDTimeMap/IDVDTimeMap::GetVOBUAddress	aa452049	-
IDVDTitleSet/IDVDTitleSet::GetCategory	aa452051	-
IDVDTitleSet/IDVDTitleSet::GetDomain	aa452052	-
IDVDTitleSet/IDVDTitleSet::GetMenu	aa452053	-
IDVDTitleSet/IDVDTitleSet::GetSpecVersion	aa452054	-
IDVDTitleSet/IDVDTitleSet::GetTitlePart	aa452055	-
IDVDTitleSet/IDVDTitleSet::GetTotalTitleUnitCount	aa452056	-
IDVDTitleSet/IDVDTitleSet::GetVTSN	aa452058	-
IDVDTitleSet/IDVDTitleSet::GetVolume	aa452057	-
IDVDUserOperation/IDVDUserOperation::BackwardScan	aa452060	-
IDVDUserOperation/IDVDUserOperation::ButtonActivate	aa452061	-
IDVDUserOperation/IDVDUserOperation::ButtonSelect	aa452062	-
IDVDUserOperation/IDVDUserOperation::ButtonSelectAndActivate	aa452063	-
IDVDUserOperation/IDVDUserOperation::ChangeAngle	aa452064	-
IDVDUserOperation/IDVDUserOperation::ChangeAudioStream	aa452065	-
IDVDUserOperation/IDVDUserOperation::ChangeSubPictureStream	aa452067	-
IDVDUserOperation/IDVDUserOperation::ForwardScan	aa452069	-
IDVDUserOperation/IDVDUserOperation::GoUp	aa452071	-
IDVDUserOperation/IDVDUserOperation::MenuCall	aa452073	-
IDVDUserOperation/IDVDUserOperation::MenuLanguageSelect	aa452075	-
IDVDUserOperation/IDVDUserOperation::PTTSearch	ms910167	-
IDVDUserOperation/IDVDUserOperation::ParentalCountrySelect	aa452077	-
IDVDUserOperation/IDVDUserOperation::ParentalLevelSelect	ms910052	-
IDVDUserOperation/IDVDUserOperation::PartPlay	ms910143	-
IDVDUserOperation/IDVDUserOperation::Pause	ms910154	-
IDVDUserOperation/IDVDUserOperation::ProgramSearch	ms910161	-
IDVDUserOperation/IDVDUserOperation::Resume	ms930706	-
IDVDUserOperation/IDVDUserOperation::StillOff	ms930718	-
IDVDUserOperation/IDVDUserOperation::Stop	ms930814	-
IDVDUserOperation/IDVDUserOperation::TimePlay	ms930822	-
IDVDUserOperation/IDVDUserOperation::TimeSearch	ms930827	-
IDVDUserOperation/IDVDUserOperation::TitlePlay	ms930832	-
IDVDUserOperation/IDVDUserOperation::VideoPresentationModeChange	ms930840	-
IDVDVideoVolume/IDVDVideoVolume::GetCategory	ms930862	-
IDVDVideoVolume/IDVDVideoVolume::GetFirstPlay	ms930869	-
IDVDVideoVolume/IDVDVideoVolume::GetMenu	ms930874	-
IDVDVideoVolume/IDVDVideoVolume::GetPOSCode	ms930889	-
IDVDVideoVolume/IDVDVideoVolume::GetParentalManagementTable	ms930879	-
IDVDVideoVolume/IDVDVideoVolume::GetProviderID	ms930895	-
IDVDVideoVolume/IDVDVideoVolume::GetSpecVersion	ms910269	-
IDVDVideoVolume/IDVDVideoVolume::GetTextDataManager	ms910295	-
IDVDVideoVolume/IDVDVideoVolume::GetTitleSet	ms910303	-
IDVDVideoVolume/IDVDVideoVolume::GetTitleSetAttributes	ms910315	-
IDVDVideoVolume/IDVDVideoVolume::GetTitleUnitInfo	ms910321	-
IDVDVideoVolume/IDVDVideoVolume::GetTotalTitleUnitCount	ms910332	-
IDVDVideoVolume/IDVDVideoVolume::GetVideoTitleSetsCount	ms910343	-
IDVDVideoVolume/IDVDVideoVolume::GetVolumeSetInfo	ms910354	-
IDVDVideoVolume/IDVDVideoVolume::InitData	ms910361	-
IDVDVideoVolume/IDVDVideoVolume::Lock	ms910367	-
IDVDVideoVolume/IDVDVideoVolume::UnLock	ms910374	-
IDVREngineHelpers Interface	aa452542	-
IDVREngineHelpers::CleanupOrphanedRecordings	aa452539	ee496471
IDVREngineHelpers::DeleteRecording	aa452540	ee493312
IDVREngineHelpers::GetRecordingSizeOnDisk	aa452541	ee496146
IDataObject	aa515541	-
IDataObject::DAdvise	aa515534	ee488994
IDataObject::DUnadvise	aa515535	ee489710
IDataObject::EnumDAdvise	aa515536	ee488657
IDataObject::EnumFormatEtc	aa515537	ee489422
IDataObject::GetCanonicalFormatEtc	aa515538	ee489395
IDataObject::GetData	aa515539	ee488265
IDataObject::GetDataHere	aa515540	ee487739
IDataObject::QueryGetData	aa515542	ee489725
IDataObject::SetData	aa515543	ee489229
IDccMan	aa515545	-
IDccMan::Advise	aa515544	ee488249
IDccMan::ShowCommSettings	aa515546	ee488073
IDccMan::Unadvise	aa515572	ee488715
IDccManSink	aa515547	-
IDccManSink::OnLogActive	aa515548	ee487694
IDccManSink::OnLogAnswered	aa515560	ee489519
IDccManSink::OnLogDisconnection	aa515561	ee487921
IDccManSink::OnLogError	aa515562	ee488331
IDccManSink::OnLogInactive	aa515564	ee488995
IDccManSink::OnLogIpAddr	aa515566	ee489581
IDccManSink::OnLogListen	aa515568	ee488547
IDccManSink::OnLogTerminated	aa515570	ee488487
IDeviceEnum::Clone	ms900495	ee493429
IDeviceEnum::Next	ms890398	ee494512
IDeviceEnum::Reset	ms890399	ee494290
IDeviceEnum::Skip	ms890400	ee494106
IDeviceEnum:IUnknown	ms890397	-
IDirect3DMobile	ms909122	-
IDirect3DMobile::CheckDepthStencilMatch	ms909127	ee490455
IDirect3DMobile::CheckDeviceFormat	ms909128	ee490247
IDirect3DMobile::CheckDeviceFormatConversion	ms923411	ee490342
IDirect3DMobile::CheckDeviceMultiSampleType	ms909129	ee491280
IDirect3DMobile::CheckDeviceType	ms909130	ee491661
IDirect3DMobile::CheckProfile	ms909131	ee491071
IDirect3DMobile::CreateDevice	ms909132	ee490511
IDirect3DMobile::EnumAdapterModes	ms929139	ee491101
IDirect3DMobile::GetAdapterCount	ms929140	ee490693
IDirect3DMobile::GetAdapterDisplayMode	ms929141	ee490289
IDirect3DMobile::GetAdapterIdentifier	ms929142	ee491017
IDirect3DMobile::GetAdapterModeCount	ms929143	ee491605
IDirect3DMobile::GetDeviceCaps	ms929144	ee490858
IDirect3DMobile::RegisterSoftwareDevice	ms929149	ee490489
IDirect3DMobileBaseTexture	ms909123	-
IDirect3DMobileBaseTexture::GetLOD	ms909125	ee491033
IDirect3DMobileBaseTexture::GetLevelCount	ms909124	ee490262
IDirect3DMobileBaseTexture::SetLOD	ms909126	ee491012
IDirect3DMobileDevice	ms909133	-
IDirect3DMobileDevice::BeginScene	ms909134	ee490325
IDirect3DMobileDevice::Clear	ms909135	ee491079
IDirect3DMobileDevice::ColorFill	ms909136	ee491657
IDirect3DMobileDevice::CopyRects	ms909137	ee490327
IDirect3DMobileDevice::CreateAdditionalSwapChain	ms909138	ee490114
IDirect3DMobileDevice::CreateDepthStencilSurface	ms909139	ee491432
IDirect3DMobileDevice::CreateImageSurface	ms909140	ee490102
IDirect3DMobileDevice::CreateIndexBuffer	ms909141	ee490902
IDirect3DMobileDevice::CreateRenderTarget	ms909142	ee490515
IDirect3DMobileDevice::CreateTexture	ms909143	ee490053
IDirect3DMobileDevice::CreateVertexBuffer	ms909144	ee491496
IDirect3DMobileDevice::DrawIndexedPrimitive	ms909145	ee490461
IDirect3DMobileDevice::DrawPrimitive	ms909146	ee490322
IDirect3DMobileDevice::EndScene	ms929092	ee490877
IDirect3DMobileDevice::GetAvailableTextureMem	ms929093	ee490452
IDirect3DMobileDevice::GetBackBuffer	ms929094	ee491672
IDirect3DMobileDevice::GetClipStatus	ms929095	ee491220
IDirect3DMobileDevice::GetCreationParameters	ms929096	ee491633
IDirect3DMobileDevice::GetCurrentTexturePalette	ms929097	ee491258
IDirect3DMobileDevice::GetDepthStencilSurface	ms929098	ee490495
IDirect3DMobileDevice::GetDeviceCaps	ms929099	ee491236
IDirect3DMobileDevice::GetDirect3D	ms929100	ee490125
IDirect3DMobileDevice::GetDisplayMode	ms929101	ee491469
IDirect3DMobileDevice::GetFrontBuffer	ms929102	ee490746
IDirect3DMobileDevice::GetIndices	ms929103	ee491102
IDirect3DMobileDevice::GetInfo	ms929104	ee491645
IDirect3DMobileDevice::GetLight	ms929105	ee491643
IDirect3DMobileDevice::GetLightEnable	ms929106	ee491636
IDirect3DMobileDevice::GetMaterial	ms929107	ee490141
IDirect3DMobileDevice::GetPaletteEntries	ms929108	ee490457
IDirect3DMobileDevice::GetRenderState	ms929109	ee490884
IDirect3DMobileDevice::GetRenderTarget	ms929110	ee490697
IDirect3DMobileDevice::GetStreamSource	ms929112	ee490667
IDirect3DMobileDevice::GetTexture	ms929113	ee491475
IDirect3DMobileDevice::GetTextureStageState	ms929114	ee490856
IDirect3DMobileDevice::GetTransform	ms929115	ee491259
IDirect3DMobileDevice::GetViewport	ms929116	ee491242
IDirect3DMobileDevice::LightEnable	ms929117	ee490244
IDirect3DMobileDevice::Present	ms929118	ee490543
IDirect3DMobileDevice::ProcessVertices	ms929119	ee491612
IDirect3DMobileDevice::Reset	ms929120	ee490737
IDirect3DMobileDevice::ResourceManagerDiscardBytes	ms929121	ee490113
IDirect3DMobileDevice::SetClipStatus	ms929122	ee490805
IDirect3DMobileDevice::SetCurrentTexturePalette	ms929123	ee491441
IDirect3DMobileDevice::SetIndices	ms929124	ee490491
IDirect3DMobileDevice::SetLight	ms929125	ee491036
IDirect3DMobileDevice::SetMaterial	ms929126	ee490280
IDirect3DMobileDevice::SetPaletteEntries	ms929127	ee490317
IDirect3DMobileDevice::SetRenderState	ms929128	ee490660
IDirect3DMobileDevice::SetRenderTarget	ms929129	ee491424
IDirect3DMobileDevice::SetStreamSource	ms929130	ee490252
IDirect3DMobileDevice::SetTexture	ms929131	ee490903
IDirect3DMobileDevice::SetTextureStageState	ms929132	ee491250
IDirect3DMobileDevice::SetTransform	ms929133	ee491295
IDirect3DMobileDevice::SetViewport	ms929134	ee491439
IDirect3DMobileDevice::StretchRect	ms929135	ee490843
IDirect3DMobileDevice::TestCooperativeLevel	ms929136	ee491249
IDirect3DMobileDevice::UpdateTexture	ms929137	ee491038
IDirect3DMobileDevice::ValidateDevice	ms929138	ee490284
IDirect3DMobileIndexBuffer	ms929145	-
IDirect3DMobileIndexBuffer::GetDesc	ms929146	ee490852
IDirect3DMobileIndexBuffer::Lock	ms929147	ee490139
IDirect3DMobileIndexBuffer::Unlock	ms929148	ee491058
IDirect3DMobileResource	ms929150	-
IDirect3DMobileResource::GetDevice	ms929151	ee490647
IDirect3DMobileResource::GetPriority	ms929152	ee490897
IDirect3DMobileResource::GetType	ms929153	ee491309
IDirect3DMobileResource::PreLoad	ms929154	ee491243
IDirect3DMobileResource::SetPriority	ms929155	ee490654
IDirect3DMobileSurface	ms929424	-
IDirect3DMobileSurface::GetContainer	ms929511	ee491487
IDirect3DMobileSurface::GetDC	ms929619	ee490741
IDirect3DMobileSurface::GetDesc	ms929621	ee490529
IDirect3DMobileSurface::GetDevice	ms929622	ee490712
IDirect3DMobileSurface::LockRect	ms929623	ee490335
IDirect3DMobileSurface::ReleaseDC	ms929624	ee491419
IDirect3DMobileSurface::UnlockRect	ms929625	ee491638
IDirect3DMobileSwapChain	ms929626	-
IDirect3DMobileSwapChain::GetBackBuffer	ms929627	ee491219
IDirect3DMobileSwapChain::Present	ms929628	ee490265
IDirect3DMobileTexture	ms929629	-
IDirect3DMobileTexture::AddDirtyRect	ms929630	ee491455
IDirect3DMobileTexture::GetLevelDesc	ms929631	ee490871
IDirect3DMobileTexture::GetSurfaceLevel	ms929632	ee491506
IDirect3DMobileTexture::LockRect	ms929633	ee490137
IDirect3DMobileTexture::UnlockRect	ms929634	ee490832
IDirect3DMobileVertexBuffer	ms929635	-
IDirect3DMobileVertexBuffer::GetDesc	ms929636	ee490445
IDirect3DMobileVertexBuffer::Lock	ms929637	ee490838
IDirect3DMobileVertexBuffer::Unlock	ms929638	ee491461
IDirectDraw4	ms929639	-
IDirectDraw4::Compact	ms929640	-
IDirectDraw4::CreateClipper	ms929641	-
IDirectDraw4::CreatePalette	ms929642	-
IDirectDraw4::CreateSurface	ms929643	-
IDirectDraw4::DuplicateSurface	ms929644	-
IDirectDraw4::EnumDisplayModes	ms929645	-
IDirectDraw4::EnumSurfaces	ms929646	-
IDirectDraw4::FlipToGDISurface	ms929647	-
IDirectDraw4::GetAvailableVidMem	ms929648	-
IDirectDraw4::GetCaps	ms929649	-
IDirectDraw4::GetDisplayMode	ms929650	-
IDirectDraw4::GetFourCCCodes	ms929651	-
IDirectDraw4::GetGDISurface	ms929652	-
IDirectDraw4::GetMonitorFrequency	ms929653	-
IDirectDraw4::GetScanLine	ms929654	-
IDirectDraw4::GetSurfaceFromDC	ms929655	-
IDirectDraw4::GetVerticalBlankStatus	ms929656	-
IDirectDraw4::RestoreAllSurfaces	ms929657	-
IDirectDraw4::RestoreDisplayMode	ms929658	-
IDirectDraw4::SetCooperativeLevel	ms929659	-
IDirectDraw4::SetDisplayMode	ms929660	-
IDirectDraw4::TestCooperativeLevel	ms929661	-
IDirectDraw4::WaitForVerticalBlank	ms929662	-
IDirectDrawClipper	ms929663	-
IDirectDrawClipper::GetClipList	ms929664	ee490821
IDirectDrawClipper::GetHWnd	ms929665	ee491257
IDirectDrawClipper::IsClipListChanged	ms929667	ee490063
IDirectDrawClipper::SetClipList	ms929668	ee490736
IDirectDrawClipper::SetHWnd	ms929669	ee490453
IDirectDrawColorControl	ms929670	-
IDirectDrawColorControl::GetColorControls	ms929671	ee491221
IDirectDrawColorControl::SetColorControls	ms929672	ee491485
IDirectDrawPalette	ms929673	-
IDirectDrawPalette::GetCaps	ms929674	-
IDirectDrawPalette::GetEntries	ms929675	-
IDirectDrawPalette::SetEntries	ms929676	-
IDirectDrawSurface5	ms929677	-
IDirectDrawSurface5::AddAttachedSurface	ms929678	-
IDirectDrawSurface5::AddOverlayDirtyRect	ms929679	-
IDirectDrawSurface5::AlphaBlt	ms929680	-
IDirectDrawSurface5::Blt	ms929681	-
IDirectDrawSurface5::BltFast	ms929682	-
IDirectDrawSurface5::ChangeUniquenessValue	ms929683	-
IDirectDrawSurface5::DeleteAttachedSurface	ms929684	-
IDirectDrawSurface5::EnumAttachedSurfaces	ms929685	-
IDirectDrawSurface5::EnumOverlayZOrders	ms929686	-
IDirectDrawSurface5::Flip	ms929687	-
IDirectDrawSurface5::FreePrivateData	ms929688	-
IDirectDrawSurface5::GetAttachedSurface	ms929689	-
IDirectDrawSurface5::GetBltStatus	ms929690	-
IDirectDrawSurface5::GetCaps	ms929691	-
IDirectDrawSurface5::GetClipper	ms929692	-
IDirectDrawSurface5::GetColorKey	ms929693	-
IDirectDrawSurface5::GetDC	ms929694	-
IDirectDrawSurface5::GetDDInterface	ms929695	-
IDirectDrawSurface5::GetFlipStatus	ms929696	-
IDirectDrawSurface5::GetOverlayPosition	ms929697	-
IDirectDrawSurface5::GetPalette	ms929698	-
IDirectDrawSurface5::GetPixelFormat	ms929699	-
IDirectDrawSurface5::GetPrivateData	ms929700	-
IDirectDrawSurface5::GetSurfaceDesc	ms929701	-
IDirectDrawSurface5::GetUniquenessValue	ms929702	-
IDirectDrawSurface5::Initialize	ms929703	-
IDirectDrawSurface5::IsLost	ms929704	-
IDirectDrawSurface5::Lock	ms929705	-
IDirectDrawSurface5::PageLock	ms929706	-
IDirectDrawSurface5::PageUnlock	ms929707	-
IDirectDrawSurface5::ReleaseDC	ms929708	-
IDirectDrawSurface5::Restore	ms929709	-
IDirectDrawSurface5::SetClipper	ms929710	-
IDirectDrawSurface5::SetColorKey	ms929711	-
IDirectDrawSurface5::SetOverlayPosition	ms929712	-
IDirectDrawSurface5::SetPalette	ms929713	-
IDirectDrawSurface5::SetPrivateData	ms929714	-
IDirectDrawSurface5::SetSurfaceDesc	ms929715	-
IDirectDrawSurface5::Unlock	ms929716	-
IDirectDrawSurface5::UpdateOverlay	ms929717	-
IDirectDrawSurface5::UpdateOverlayDisplay	ms929718	-
IDirectDrawSurface5::UpdateOverlayZOrder	aa451768	-
IDirectDrawVideo Interface	aa451779	-
IDirectDrawVideo::CanUseOverlayStretch	aa451769	ee496534
IDirectDrawVideo::CanUseScanLine	aa451770	ee492769
IDirectDrawVideo::GetCaps	aa451771	ee494390
IDirectDrawVideo::GetDirectDraw	aa451772	ee495175
IDirectDrawVideo::GetEmulatedCaps	aa451773	ee493148
IDirectDrawVideo::GetFourCCCodes	aa451774	ee494186
IDirectDrawVideo::GetSurfaceDesc	aa451775	ee495027
IDirectDrawVideo::GetSurfaceType	aa451776	ee496089
IDirectDrawVideo::GetSwitches	aa451778	ee496086
IDirectDrawVideo::SetDefault	aa451795	ee496509
IDirectDrawVideo::SetDirectDraw	aa451796	ee495340
IDirectDrawVideo::SetSwitches	aa451797	ee495290
IDirectDrawVideo::UseOverlayStretch	aa451798	ee493552
IDirectDrawVideo::UseScanLine	aa451799	ee492298
IDirectDrawVideo::UseWhenFullScreen	aa451800	ee492324
IDirectDrawVideo::WillUseFullScreen	aa451801	ee494356
IDirectDrawVideoPort	aa451780	-
IDirectDrawVideoPort::Flip	aa451781	-
IDirectDrawVideoPort::GetBandwidthInfo	aa451782	-
IDirectDrawVideoPort::GetColorControls	aa451783	-
IDirectDrawVideoPort::GetFieldPolarity	aa451784	-
IDirectDrawVideoPort::GetInputFormats	aa451785	-
IDirectDrawVideoPort::GetOutputFormats	aa451786	-
IDirectDrawVideoPort::GetVideoLine	aa451787	-
IDirectDrawVideoPort::GetVideoSignalStatus	aa451788	-
IDirectDrawVideoPort::SetColorControls	aa451789	-
IDirectDrawVideoPort::SetTargetSurface	aa451790	-
IDirectDrawVideoPort::StartVideo	aa451791	-
IDirectDrawVideoPort::StopVideo	aa451792	-
IDirectDrawVideoPort::UpdateVideo	aa451793	-
IDirectDrawVideoPort::WaitForSync	aa451794	-
IDispatch	aa515577	-
IDispatch::GetIDsOfNames	aa515582	ee488498
IDispatch::GetTypeInfo	aa515584	ee488986
IDispatch::GetTypeInfoCount	aa515585	ee487686
IDispatch::Invoke	aa515589	ee488339
IDistributorNotify Interface	aa451802	-
IDistributorNotify::NotifyGraphChange	aa451803	ee496274
IDistributorNotify::Pause	aa451804	ee493395
IDistributorNotify::Run	aa451805	ee493581
IDistributorNotify::SetSyncSource	aa451806	ee496049
IDistributorNotify::Stop	aa451807	ee492907
IDropTarget	ms929936	-
IDropTarget::DragEnter	ms929937	ee501480
IDropTarget::DragLeave	ms929938	ee502265
IDropTarget::DragOver	ms929939	ee504910
IDropTarget::Drop	ms929940	ee502554
IEEE 1394 AV/C VCR Subunit Driver Development Concepts	ms892180	-
IEEE 1394 AV/C VCR Subunit Driver Samples	ms892181	-
IEEE 1394 Bus Driver Samples	ms892184	-
IEEE 1394 Data Transfers	ms892185	-
IEEE 1394 Driver Thread Priorities	ms892187	-
IEEE 1394 SBP-2 Driver Development Concepts	ms892189	-
IEEE 1394 SBP-2 Driver Registry Settings	ms892191	-
IEEE 1394 SBP-2 Driver Samples	ms892190	-
IEEE 1394 Sample Communication	ms892188	-
IEEE 1394 Streaming Filter Driver Architecture	ms892192	-
IEEE 1394 Streaming Filter Driver Differences in Media Types	ms892193	-
IEEE 1394 Streaming Filter Driver IOCTL Processing Requirements	ms892194	-
IEEE 1394 Streaming Filter Driver IRP Processing Requirements Complex Form	ms892195	-
IEEE 1394 Streaming Filter Driver IRP Processing Requirements Incorrect Form	ms892196	-
IEEE 1394 Streaming Filter Driver IRP Processing Requirements Simple Form	ms892197	-
IEEE 1394 Streaming Filter Driver Registry Settings	ms892199	-
IEEE 1394 Streaming Filter Driver Samples	ms892201	-
IEEE 1394 Unit Filter Driver Architecture	ms892204	-
IEEE 1394 Unit Filter Driver Destination Selection	ms892205	-
IEEE 1394 Unit Filter Driver Plug Allocation	ms892206	-
IEEE 1394 Unit Filter Driver Plug Management	ms892207	-
IEEE 1394 Unit Filter Driver Registration	ms892208	-
IEEE 1394 Unit Filter Driver Registry Settings	ms892209	-
IEEE 1394 Unit Filter Driver Samples	ms892211	-
IEEE 1394 Unit Filter Driver Streaming	ms892212	-
IEEE 1394 Virtual VCR Application	ms892213	-
IEEE 1394 Virtual VCR Driver Architecture	ms892214	-
IEEE 1394 Virtual VCR Driver Registry Settings	ms892215	-
IEEE 1394 Virtual VCR Driver Samples	ms892217	-
IESample Registry Settings	aa451993	-
IEnumCodePage	ms906426	-
IEnumCodePage::Next	ms906427	ee492390
IEnumCodePage::Reset	ms906428	ee491801
IEnumCodePage::Skip	ms906429	ee491831
IEnumConnectionPoints	aa515594	-
IEnumConnectionPoints::Clone	aa515592	ee489194
IEnumConnectionPoints::Next	aa515596	ee488477
IEnumConnectionPoints::Reset	aa515598	ee487758
IEnumConnectionPoints::Skip	aa515601	ee488520
IEnumConnections	aa515606	-
IEnumConnections::Clone	aa515605	ee489218
IEnumConnections::Next	aa515608	ee488088
IEnumConnections::Reset	aa515609	ee488454
IEnumConnections::Skip	aa515611	ee489407
IEnumDMO	ms910382	-
IEnumDMO::Clone	ms910385	ee496011
IEnumDMO::Next	ms910392	ee495373
IEnumDMO::Reset	ms910398	ee492345
IEnumDMO::Skip	ms910405	ee496096
IEnumDVD_XXXX/IEnumDVD_CELL_PIECE	ms910411	-
IEnumDVD_XXXX/IEnumDVD_TEXT_ITEM	ms910419	-
IEnumDVD_XXXX/IEnumDVD_TEXT_LANGUAGE_UNIT	ms910425	-
IEnumDVD_XXXX/IEnumDVD_XXXX::Clone	ms910442	-
IEnumDVD_XXXX/IEnumDVD_XXXX::Next	ms910451	-
IEnumDVD_XXXX/IEnumDVD_XXXX::Reset	ms910520	-
IEnumDVD_XXXX/IEnumDVD_XXXX::Skip	ms910529	-
IEnumFORMATETC	aa515615	-
IEnumFORMATETC::Clone	aa515612	ee487720
IEnumFORMATETC::Next	aa515616	ee489580
IEnumFORMATETC::Reset	aa515618	ee488122
IEnumFORMATETC::Skip	aa515620	ee489356
IEnumFilters Interface	ms910535	-
IEnumFilters::Clone	ms910534	ee495020
IEnumFilters::Next	ms910536	ee496056
IEnumFilters::Reset	ms910538	ee496737
IEnumFilters::Skip	ms910539	ee494814
IEnumMediaTypes Interface	ms910541	-
IEnumMediaTypes::Clone	ms910540	ee493926
IEnumMediaTypes::Next	ms910542	ee494993
IEnumMediaTypes::Reset	ms910543	ee495718
IEnumMediaTypes::Skip	ms910544	ee494587
IEnumMoniker	aa515624	-
IEnumMoniker::Clone	aa515623	ee488492
IEnumMoniker::Next	aa515626	ee489584
IEnumMoniker::Reset	aa515627	ee489152
IEnumMoniker::Skip	aa515628	ee487889
IEnumOLEVERB	aa515633	-
IEnumOLEVERB::Clone	aa515631	ee488677
IEnumOLEVERB::Next	aa515635	ee488713
IEnumOLEVERB::Reset	aa515636	ee488123
IEnumOLEVERB::Skip	aa515638	ee488550
IEnumPins Interface	ms910546	-
IEnumPins::Clone	ms910545	ee494788
IEnumPins::Next	ms910547	ee493382
IEnumPins::Reset	ms910548	ee495183
IEnumPins::Skip	ms910549	ee492904
IEnumRegFilters Interface	ms910551	-
IEnumRegFilters::Clone	ms910550	ee494207
IEnumRegFilters::Next	ms910552	ee492759
IEnumRegFilters::Reset	ms910553	ee496562
IEnumRegFilters::Skip	ms910554	ee492549
IEnumReplItem::Clone	aa513895	ee486251
IEnumReplItem::GetFolderHandle	aa513896	ee485804
IEnumReplItem::Next	aa513900	ee483744
IEnumReplItem::Reset	aa513901	ee485784
IEnumReplItem::Skip	aa513903	ee486406
IEnumRfc1766	ms906430	-
IEnumRfc1766::Next	ms906431	ee492459
IEnumRfc1766::Reset	ms906432	ee491884
IEnumRfc1766::Skip	ms906433	ee492405
IEnumSTATDATA	aa515657	-
IEnumSTATDATA::Clone	aa515655	ee488732
IEnumSTATDATA::Next	aa515659	ee488504
IEnumSTATDATA::Reset	aa515660	ee489173
IEnumSTATDATA::Skip	aa515663	ee488300
IEnumSTATSTG	aa515670	-
IEnumSTATSTG::Clone	aa515665	ee488693
IEnumSTATSTG::Next	aa515672	ee487935
IEnumSTATSTG::Reset	aa515673	ee487679
IEnumSTATSTG::Skip	aa515675	ee488990
IEnumScript	aa452258	-
IEnumScript::Clone	aa452277	ee492203
IEnumScript::Next	aa452279	ee492613
IEnumScript::Reset	aa452281	ee492069
IEnumScript::Skip	aa452283	ee492374
IEnumSpObjectTokens	aa515639	-
IEnumSpObjectTokens::Clone	aa515641	ee487286
IEnumSpObjectTokens::GetCount	aa515643	ee487112
IEnumSpObjectTokens::Item	aa515645	ee486154
IEnumSpObjectTokens::Next	aa515648	ee485960
IEnumSpObjectTokens::Reset	aa515651	ee487193
IEnumSpObjectTokens::Skip	aa515653	ee485718
IEnumString	aa515677	-
IEnumString::Clone	aa515678	ee489485
IEnumString::Next	aa515679	ee489205
IEnumString::Reset	aa515681	ee488132
IEnumString::Skip	aa515682	ee487897
IEnumUnknown	aa515683	ee487712
IEnumVARIANT	aa515684	-
IEnumVARIANT::Clone	aa515685	ee488093
IEnumVARIANT::Next	aa515688	ee488947
IEnumVARIANT::Reset	aa515691	ee489598
IEnumVARIANT::Skip	aa515694	ee488127
IErrorInfo	aa515700	-
IErrorInfo::GetDescription	aa515702	ee487735
IErrorInfo::GetGUID	aa515705	ee489672
IErrorInfo::GetHelpContext	aa515706	ee487934
IErrorInfo::GetHelpFile	aa515707	ee489512
IErrorInfo::GetSource	aa515708	ee489184
IErrorlog	aa515713	-
IErrorlog::AddError	aa515710	ee489682
IEventSink	ms890401	-
IEventSink::OnStateChanged	ms890402	ee500863
IEventSource	ms890403	-
IEventSource::Advise	ms890404	ee499504
IEventSource::Unadvise	ms890881	ee498487
IException	aa515716	-
IException Properties	aa515719	-
IExceptions	aa516108	-
IExceptions Properties	aa516109	-
IExceptions::Item	aa515721	ee484757
IExchangeClient::CancelPendingRequests	aa516110	ee486819
IExchangeClient::GetServer	aa516134	ee486196
IExchangeClient::Initialize	aa516135	ee485164
IExchangeClient::RequestContacts	aa516141	ee485385
IExchangeClient::RequestFreeBusyData	aa516142	ee485604
IExchangeClient::RequestGALSearch	aa516143	ee483374
IExchangeClient::SetCredentials	aa516149	ee485936
IExchangeClient::SetServer	aa516150	ee486324
IExchangeClient::Uninitialize	aa516151	ee483968
IExchangeClientContactInformation::GetDisplayName	aa516112	ee485745
IExchangeClientContactInformation::GetEmailAddress	aa516113	ee484551
IExchangeClientContactInformation::GetHomeAddress	aa516114	ee486597
IExchangeClientContactInformation::GetHomePhoneNumber	aa516115	ee486371
IExchangeClientContactInformation::GetMobilePhoneNumber	aa516116	ee483928
IExchangeClientContactInformation::GetWorkAddress	aa516117	ee484534
IExchangeClientContactInformation::GetWorkPhoneNumber	aa516118	ee483279
IExchangeClientDataItemArray::GetItemAt	aa516120	ee485985
IExchangeClientDataItemArray::GetItemCount	aa516121	ee484346
IExchangeClientFreeBusyInformation::GetDisplayName	aa516123	ee486389
IExchangeClientFreeBusyInformation::GetEmailAddress	aa516124	ee483939
IExchangeClientFreeBusyInformation::GetFreeBusyData	aa516125	ee483368
IExchangeClientGALSearchInformation::GetAlias	aa516127	ee485568
IExchangeClientGALSearchInformation::GetDisplayName	aa516128	ee485109
IExchangeClientGALSearchInformation::GetOffice	aa516129	ee487159
IExchangeClientGALSearchInformation::GetPhoneNumber	aa516130	ee484571
IExchangeClientGALSearchInformation::GetSMTPAddress	aa516132	ee486786
IExchangeClientRequest::Cancel	aa516140	ee484327
IExchangeClientRequest::GetDataItemArray	aa516144	ee484953
IExchangeClientRequest::GetHttpStatus	aa516145	ee486411
IExchangeClientRequest::GetStatus	aa516146	ee483904
IExchangeClientRequest::GetType	aa516147	ee485142
IExchangeClientRequestCallback::OnRequestProgress	aa516138	ee483561
IExchangeClientRequestCallback::OnShutdown	aa516139	ee487280
IExternalConnection	aa516152	-
IExternalConnection::AddConnection	aa516153	ee489031
IExternalConnection::ReleaseConnection	aa516154	ee489677
IF (Command Processor)	ms929941	ee504160
IFEDictionary	ms905450	-
IFEDictionary::Close	ms905451	ee491571
IFEDictionary::Create	ms905452	ee491526
IFEDictionary::ExistWord	ms905453	ee492137
IFEDictionary::GetHeader	ms905454	ee491318
IFEDictionary::GetPosTable	ms905455	ee491541
IFEDictionary::GetWords	ms905456	ee491964
IFEDictionary::NextWords	ms905457	ee491748
IFEDictionary::Open	ms905458	ee492141
IFEDictionary::RegisterWord	ms905459	ee491411
IF_OPER_STATUS	ms890886	ee494103
IFileSourceFilter Interface	ms910557	-
IFileSourceFilter::GetCurfile	ms910556	ee494368
IFileSourceFilter::Load	ms910558	ee494002
IFillLockBytes	aa516155	-
IFillLockBytes Implementation	aa516158	ee489473
IFillLockBytes::FillAppend	aa516156	ee488714
IFillLockBytes::FillAt	aa516157	ee489459
IFillLockBytes::SetFillSize	aa516159	ee488332
IFillLockBytes::Terminate	aa516160	ee489499
IFilterGraph Interface	ms910566	-
IFilterGraph2 Interface	ms910559	-
IFilterGraph2::ReconnectEx	ms910560	ee495588
IFilterGraph::AddFilter	ms910561	ee496305
IFilterGraph::ConnectDirect	ms910562	ee496503
IFilterGraph::Disconnect	ms910563	ee496073
IFilterGraph::EnumFilters	ms910564	ee493534
IFilterGraph::FindFilterByName	ms910565	ee496718
IFilterGraph::Reconnect	ms910567	ee494539
IFilterGraph::RemoveFilter	ms910568	ee495526
IFilterGraph::SetDefaultSyncSource	ms910569	ee495584
IFilterMapper Interface	ms910571	-
IFilterMapper::EnumMatchingFilters	ms910570	ee492334
IFilterMapper::RegisterFilter	ms910572	ee493952
IFilterMapper::RegisterFilterInstance	ms910573	ee493157
IFilterMapper::RegisterPin	ms910574	ee496017
IFilterMapper::RegisterPinType	ms910575	ee493115
IFilterMapper::UnregisterFilter	ms910576	ee493933
IFilterMapper::UnregisterFilterInstance	ms910577	ee493398
IFilterMapper::UnregisterPin	ms910578	ee493401
IFolder	aa516162	-
IFolder Properties	aa516163	-
IFolder::AddItemToInfraredFolder	aa516161	ee484785
IFolder::ReceiveFromInfrared	aa516164	ee485179
IFolder::SendToInfrared	aa516165	ee487289
IGlobalInterfaceTable	aa516167	-
IGlobalInterfaceTable::GetInterfaceFromGlobal	aa516166	ee488303
IGlobalInterfaceTable::RegisterInterfaceInGlobal	aa516168	ee487894
IGlobalInterfaceTable::RevokeInterfaceFromGlobal	aa516169	ee489688
IGraphBuilder Interface	ms910581	-
IGraphBuilder::AddSourceFilter	ms910579	ee493924
IGraphBuilder::Connect	ms910580	ee494765
IGraphBuilder::Render	ms910582	ee494210
IGraphBuilder::RenderFile	ms910583	ee494580
IGraphBuilder::SetLogFile	ms910584	ee493815
IGraphVersion Interface	ms910585	-
IGraphVersion::QueryVersion	ms910586	ee493407
IHeaderCollection::AddAppParams	ms890891	ee494479
IHeaderCollection::AddBody	ms890893	ee494464
IHeaderCollection::AddByte	ms890897	ee494892
IHeaderCollection::AddByteArray	ms890900	ee493250
IHeaderCollection::AddConnectionId	ms890902	ee495168
IHeaderCollection::AddCount	ms890906	ee494905
IHeaderCollection::AddDescription	ms890910	ee493880
IHeaderCollection::AddEndOfBody	ms890914	ee494891
IHeaderCollection::AddHTTP	ms890916	ee494844
IHeaderCollection::AddLength	ms890920	ee494646
IHeaderCollection::AddLong	ms890922	ee493100
IHeaderCollection::AddName	ms890925	ee494705
IHeaderCollection::AddObjectClass	ms890927	ee494889
IHeaderCollection::AddTarget	ms890931	ee495254
IHeaderCollection::AddTime	ms890933	ee493297
IHeaderCollection::AddTimeOld	ms890938	ee493856
IHeaderCollection::AddType	ms890942	ee493268
IHeaderCollection::AddUnicodeString	ms890944	ee495174
IHeaderCollection::AddWho	ms890947	ee494095
IHeaderCollection::EnumHeaders	ms890950	ee493478
IHeaderCollection::Remove	ms890955	ee493037
IHeaderCollection::RemoveAll	ms890957	ee494845
IHeaderCollection:IUnknown	ms890953	-
IHeaderEnum::Clone	ms890961	ee493709
IHeaderEnum::Next	ms890966	ee493282
IHeaderEnum::Reset	ms890969	ee493827
IHeaderEnum:IUnknown	ms890964	-
IHttpNegotiate	aa452285	-
IHttpNegotiate::BeginningTransaction	aa452286	ee492266
IHttpNegotiate::OnResponse	aa452288	ee492067
IHttpSecurity	aa452290	-
IHttpSecurity::OnSecurityProblem	aa452291	ee492429
IIDFromString	aa516171	ee487879
IIMCallback	ms929942	-
IIMCallback2	ms929943	-
IIMCallback2::SendAlternatives2	ms929944	ee500210
IIMCallback2::SendCharEvents	ms929945	ee503760
IIMCallback2::SendString	ms929946	ee501775
IIMCallback2::SendVirtualKey	ms929947	ee502878
IIMCallback2::SetImInfo	ms929948	ee503468
IIMCallback::SendCharEvents	ms929949	ee501441
IIMCallback::SendString	ms929950	ee504132
IIMCallback::SendVirtualKey	ms929951	ee500823
IIMCallback::SetImInfo	ms929952	ee501169
IImage	ms910587	-
IImage::Draw	aa452147	ee491303
IImage::GetImageInfo	aa452166	ee490804
IImage::GetPhysicalDimension	aa452168	ee490068
IImage::GetThumbnail	aa452169	ee490490
IImage::PushIntoSink	aa452171	ee490522
IImage::SetImageFlags	aa452173	ee490836
IImageDecoder	ms910588	-
IImageDecoder::BeginDecode	ms910589	ee490456
IImageDecoder::Decode	ms910590	ee491060
IImageDecoder::EndDecode	ms910591	ee491299
IImageDecoder::GetAllPropertyItems	ms910592	ee490544
IImageDecoder::GetFrameCount	aa452112	ee491603
IImageDecoder::GetFrameDimensionsCount	aa452115	ee491294
IImageDecoder::GetFrameDimensionsList	aa452116	ee491271
IImageDecoder::GetImageInfo	aa452119	ee490263
IImageDecoder::GetPropertyCount	aa452120	ee491480
IImageDecoder::GetPropertyIdList	aa452122	ee491421
IImageDecoder::GetPropertyItem	aa452125	ee491256
IImageDecoder::GetPropertyItemSize	aa452126	ee490482
IImageDecoder::GetPropertySize	aa452128	ee491428
IImageDecoder::GetThumbnail	aa452130	ee490459
IImageDecoder::InitDecoder	aa452133	ee490070
IImageDecoder::QueryDecoderParam	aa452135	ee490126
IImageDecoder::RemovePropertyItem	aa452137	ee490307
IImageDecoder::SelectActiveFrame	aa452139	ee490045
IImageDecoder::SetDecoderParam	aa452141	ee490893
IImageDecoder::SetPropertyItem	aa452143	ee491066
IImageDecoder::TerminateDecoder	aa452145	ee491014
IImageEncoder	aa452149	-
IImageEncoder::GetEncodeSink	aa452155	ee491479
IImageEncoder::GetEncoderParameterList	aa452151	ee490292
IImageEncoder::GetEncoderParameterListSize	aa452153	ee491232
IImageEncoder::InitEncoder	aa452158	ee490507
IImageEncoder::SetEncoderParameters	aa452160	ee490255
IImageEncoder::SetFrameDimension	aa452162	ee490536
IImageEncoder::TerminateEncoder	aa452164	ee490692
IImageSink	aa452175	-
IImageSink::BeginSink	aa452177	ee490288
IImageSink::EndSink	aa452180	ee490687
IImageSink::GetPixelDataBuffer	aa452182	ee491473
IImageSink::GetPropertyBuffer	aa452184	ee490272
IImageSink::NeedRawProperty	aa452186	ee491078
IImageSink::NeedTransform	aa452188	ee490833
IImageSink::PushPixelData	aa452190	ee491313
IImageSink::PushPropertyItems	aa452192	ee490825
IImageSink::PushRawData	aa452194	ee491431
IImageSink::PushRawInfo	aa452196	ee491497
IImageSink::ReleasePixelDataBuffer	aa452198	ee490295
IImageSink::SetPalette	aa452200	ee491445
IImagingFactory	aa452202	-
IImagingFactory::CreateBitmapFromBuffer	aa452203	ee490099
IImagingFactory::CreateBitmapFromImage	aa452205	ee490051
IImagingFactory::CreateImageDecoder	aa452207	ee490140
IImagingFactory::CreateImageEncoderToFile	aa452209	ee491493
IImagingFactory::CreateImageEncoderToStream	aa452211	ee490297
IImagingFactory::CreateImageFromBuffer	aa452213	ee490486
IImagingFactory::CreateImageFromFile	aa452215	ee491069
IImagingFactory::CreateImageFromStream	aa452217	ee490470
IImagingFactory::CreateNewBitmap	aa452219	ee490681
IImagingFactory::GetInstalledDecoders	aa452231	ee491096
IImagingFactory::GetInstalledEncoders	aa452233	ee491465
IImagingFactory::InstallImageCodec	aa452235	ee490270
IImagingFactory::UninstallImageCodec	aa452237	ee490872
IImeIPoint2	ms905460	-
IImeIPoint2::ControlIME	ms905461	ee491694
IImeIPoint2::DeleteCompString	ms905462	ee491169
IImeIPoint2::GetAllCompositionInfo	ms905463	ee491168
IImeIPoint2::Initialize	ms905464	ee490995
IImeIPoint2::InsertImeItem	ms905465	ee491418
IImeIPoint2::InsertStringEx	ms905466	ee490921
IImeIPoint2::ReplaceCompString	ms905467	ee491906
IImeIPoint2::SelectIpCandidate	ms905468	ee491334
IImeIPoint2::UpdateContext	ms905469	ee490958
IImeIPointNotifySink	ms905470	-
IImeIPointNotifySink::GenerateMessage	ms905471	ee490926
IImeIPointNotifySink::IsReadingHalfKana	ms905472	ee491572
IImeIPointNotifySink::SetCandidateSelection	ms905473	ee491576
IImeIPointNotifySink::SetCandidateStr	ms905474	ee491904
IImeIPointNotifySink::SetCompositionAttr	ms905475	ee491920
IImeIPointNotifySink::SetCompositionClause	ms905476	ee490953
IImeIPointNotifySink::SetCompositionReadAttr	ms905477	ee490989
IImeIPointNotifySink::SetCompositionReadClause	ms905478	ee491789
IImeIPointNotifySink::SetCompositionReadStr	ms905479	ee490933
IImeIPointNotifySink::SetCompositionStr	ms905480	ee491926
IImeIPointNotifySink::SetCursorPos	ms905481	ee491180
IImeIPointNotifySink::SetDeltaPos	ms905482	ee491403
IImeIPointNotifySink::SetResultClause	ms905483	ee491320
IImeIPointNotifySink::SetResultReadClause	ms905484	ee490939
IImeIPointNotifySink::SetResultReadStr	ms905485	ee490942
IImeIPointNotifySink::SetResultStr	ms905486	ee491393
IImeIPointNotifySink::SetTargetClause	ms905487	ee491713
IInputMethod	ms929953	-
IInputMethod2	ms929954	-
IInputMethod2::Deselect	ms929955	ee502552
IInputMethod2::GetImData	ms929956	ee502535
IInputMethod2::GetInfo	ms929957	ee501473
IInputMethod2::Hiding	ms929958	ee499407
IInputMethod2::ReceiveSipInfo	ms929959	ee502846
IInputMethod2::RegisterCallback	ms929960	ee505684
IInputMethod2::RegisterCallback2	ms929961	ee504866
IInputMethod2::Select	ms929962	ee504177
IInputMethod2::SetIMMActiveContext	ms929964	ee504113
IInputMethod2::SetImData	ms929963	ee499087
IInputMethod2::Showing	ms929965	ee500146
IInputMethod2::UserOptionsDlg	ms930035	ee499408
IInputMethod::Deselect	ms930093	ee501762
IInputMethod::GetImData	ms930101	ee500178
IInputMethod::GetInfo	ms930107	ee499360
IInputMethod::Hiding	ms930118	ee505450
IInputMethod::ReceiveSipInfo	ms930126	ee499757
IInputMethod::RegisterCallback	ms930132	ee503184
IInputMethod::Select	ms909669	ee505519
IInputMethod::SetImData	ms909763	ee499371
IInputMethod::Showing	ms909766	ee503219
IInputMethod::UserOptionsDlg	ms909775	ee500459
IInternet	aa452292	ee491837
IInternetBindInfo	aa452293	-
IInternetBindInfo::GetBindInfo	aa452294	ee492880
IInternetBindInfo::GetBindString	aa452295	ee492634
IInternetHostSecurityManager	aa452296	-
IInternetHostSecurityManager::GetSecurityId	aa452297	ee492381
IInternetHostSecurityManager::ProcessUrlAction	aa452298	ee492668
IInternetHostSecurityManager::QueryCustomPolicy	aa452299	ee492593
IInternetPriority	aa452300	-
IInternetPriority::GetPriority	aa452301	ee492194
IInternetPriority::SetPriority	aa452302	ee492658
IInternetProtocol	aa452303	-
IInternetProtocol::LockRequest	aa452309	ee491862
IInternetProtocol::Read	aa452310	ee492794
IInternetProtocol::Seek	aa452316	ee492433
IInternetProtocol::UnlockRequest	aa452326	ee492839
IInternetProtocolInfo	aa452304	-
IInternetProtocolInfo::CombineUrl	aa452305	ee492831
IInternetProtocolInfo::CompareUrl	aa452306	ee492850
IInternetProtocolInfo::ParseUrl	aa452307	ee492806
IInternetProtocolInfo::QueryInfo	aa452308	ee492045
IInternetProtocolRoot	aa452311	-
IInternetProtocolRoot::Abort	aa452312	ee491805
IInternetProtocolRoot::Continue	aa452313	ee491871
IInternetProtocolRoot::Start	aa452314	ee492234
IInternetProtocolRoot::Terminate	aa452315	ee491892
IInternetProtocolSink	aa452317	-
IInternetProtocolSink::ReportData	aa452318	ee492636
IInternetProtocolSink::ReportProgress	aa452319	ee492826
IInternetProtocolSink::ReportResult	aa452320	ee492865
IInternetProtocolSink::Switch	aa452325	ee492162
IInternetProtocolSinkStackable	aa452321	-
IInternetProtocolSinkStackable::CommitSwitch	aa452322	ee492669
IInternetProtocolSinkStackable::RollbackSwitch	aa452323	ee492890
IInternetProtocolSinkStackable::SwitchSink	aa452324	ee492198
IInternetSecurityManager	aa452327	-
IInternetSecurityManager::GetSecurityId	aa452328	ee492892
IInternetSecurityManager::GetSecuritySite	aa452329	ee492798
IInternetSecurityManager::GetZoneMappings	aa452330	ee492033
IInternetSecurityManager::MapUrlToZone	aa452331	ee492207
IInternetSecurityManager::ProcessUrlAction	aa452332	ee491808
IInternetSecurityManager::QueryCustomPolicy	aa452334	ee492809
IInternetSecurityManager::SetSecuritySite	aa452335	ee492425
IInternetSecurityManager::SetZoneMapping	aa452336	ee491848
IInternetSecurityMgrSite	aa452337	-
IInternetSecurityMgrSite::EnableModeless	aa452338	ee492092
IInternetSecurityMgrSite::GetWindow	aa452339	ee492652
IInternetSession	aa452340	-
IInternetSession::RegisterMimeFilter	aa452341	ee492445
IInternetSession::RegisterNameSpace	aa452342	ee492190
IInternetSession::UnregisterMimeFilter	aa452343	ee492258
IInternetSession::UnregisterNameSpace	aa452344	ee492612
IInternetZoneManager	aa452345	-
IInternetZoneManager::CreateZoneEnumerator	aa452346	ee492854
IInternetZoneManager::DestroyZoneEnumerator	aa452347	ee492217
IInternetZoneManager::GetZoneActionPolicy	aa452348	ee492790
IInternetZoneManager::GetZoneAt	aa452349	ee492830
IInternetZoneManager::GetZoneAttributes	aa452350	ee492862
IInternetZoneManager::GetZoneCustomPolicy	aa452351	ee492617
IInternetZoneManager::SetZoneActionPolicy	aa452352	ee492784
IInternetZoneManager::SetZoneAttributes	aa452353	ee492654
IInternetZoneManager::SetZoneCustomPolicy	aa452354	ee492015
IKE Authentication	ms881921	ee495075
IKoreanImeUI	ms905488	-
IKoreanImeUI Interface	ms903876	-
IKoreanImeUI::GetCandWndPos	ms905489	ee491213
IKoreanImeUI::GetCompWndPos	ms905491	ee491980
IKoreanImeUI::GetCompositionFont	ms905490	ee490928
IKoreanImeUI::GetStatusWndPos	ms905492	ee491394
IKoreanImeUI::InitializeUIWindows	ms905493	ee491125
IKoreanImeUI::RedrawCandWnd	ms905494	ee491695
IKoreanImeUI::RedrawCompWnd	ms905495	ee491379
IKoreanImeUI::RedrawStatusWnd	ms905496	ee491385
IKoreanImeUI::SetCandData	ms905497	ee491752
IKoreanImeUI::SetCandWndPos	ms905498	ee491108
IKoreanImeUI::SetCompData	ms905499	ee491550
IKoreanImeUI::SetCompWndPos	ms905500	ee490994
IKoreanImeUI::SetStatusData	ms905501	ee490940
IKoreanImeUI::SetStatusWndPos	ms905502	ee491340
IKoreanImeUI::ShowHideCandWnd	ms905503	ee491412
IKoreanImeUI::ShowHideCompWnd	ms905504	ee491990
IKoreanImeUI::ShowHideStatusWnd	ms905715	ee491899
IKoreanImeUI::UninitializeUIWindows	ms905791	ee490984
IKsPropertySet Interface	aa452544	-
IKsPropertySet::Get	aa452543	ee493172
IKsPropertySet::QuerySupported	aa452545	ee495136
IKsPropertySet::Set	aa452546	ee496690
ILockBytes	aa516173	-
ILockBytes::Flush	aa516172	ee488270
ILockBytes::LockRegion	aa516174	ee489726
ILockBytes::ReadAt	aa516175	ee489651
ILockBytes::SetSize	aa516176	ee487738
ILockBytes::Stat	aa516177	ee488737
ILockBytes::UnlockRegion	aa516178	ee488726
ILockBytes::WriteAt	aa516179	ee488728
IMAGEINFO (Graphics, Windowing and Events)	ms909781	ee504824
IMAGELISTDRAWPARAMS	ms909819	ee504136
IMC_CLOSESTATUSWINDOW	ms905842	ee491413
IMC_GETCANDIDATEPOS	ms905949	ee491772
IMC_GETCOMPOSITIONFONT	ms905955	ee492159
IMC_GETCOMPOSITIONWINDOW	ms905958	ee491199
IMC_GETCONVERSIONMODE	ms905959	ee491896
IMC_GETOPENSTATUS	ms905960	ee492099
IMC_GETSENTENCEMODE	ms905961	ee491579
IMC_GETSTATUSWINDOWPOS	ms905962	ee491210
IMC_OPENSTATUSWINDOW	ms905963	ee492125
IMC_SETCANDIDATEPOS	ms905964	ee491746
IMC_SETCOMPOSITIONFONT	ms905966	ee491390
IMC_SETCOMPOSITIONWINDOW	ms905967	ee491956
IMC_SETCONVERSIONMODE	ms905968	ee491625
IMC_SETOPENSTATUS	ms905969	ee491734
IMC_SETSENTENCEMODE	ms905970	ee491194
IMC_SETSTATUSWINDOWPOS	ms905971	ee491349
IME Composition String Values	ms905973	ee491913
IME Conversion Mode Values	ms905974	ee491174
IME Escapes	ms905976	ee491940
IME Hot Key Identifiers	ms905979	ee491163
IME Sentence Mode Values	ms905981	ee491938
IMECHARPOSITION	ms905972	ee491567
IMEMENUITEMINFO	ms905980	ee491368
IMENUMINFO	ms909841	ee503605
IMESHF	ms905982	ee491344
IMEWRD	ms905983	ee491395
IMINFO	ms909842	ee503199
IMLangCodePages	aa452355	-
IMLangCodePages::CodePageToCodePages	aa452357	ee491865
IMLangCodePages::CodePagesToCodePage	aa452356	ee492673
IMLangCodePages::GetCharCodePages	aa452358	ee492639
IMLangCodePages::GetStrCodePages	aa452359	ee492380
IMLangConvertCharset	aa452360	-
IMLangConvertCharset::DoConversion	aa452361	ee492801
IMLangConvertCharset::DoConversionFromUnicode	aa452362	ee492672
IMLangConvertCharset::DoConversionToUnicode	aa452363	ee492091
IMLangConvertCharset::GetDestinationCodePage	aa452364	ee492011
IMLangConvertCharset::GetProperty	aa452365	ee492180
IMLangConvertCharset::GetSourceCodePage	aa452366	ee492471
IMLangConvertCharset::Initialize	aa452367	ee491844
IMLangFontLink	aa452368	-
IMLangFontLink2	aa452369	-
IMLangFontLink2::CodePageToScriptID	aa452370	ee492255
IMLangFontLink2::GetFontCodePages	aa452371	ee492804
IMLangFontLink2::GetFontUnicodeRanges	aa452372	ee492393
IMLangFontLink2::GetScriptFontInfo	aa452373	ee492240
IMLangFontLink2::MapFont	aa452375	ee492462
IMLangFontLink2::ReleaseFont	aa452377	ee492822
IMLangFontLink2::ResetFontMapping	aa452379	ee492246
IMLangFontLink::GetFontCodePages	aa452382	ee492843
IMLangFontLink::MapFont	aa452384	ee492408
IMLangFontLink::ReleaseFont	aa452386	ee492844
IMLangFontLink::ResetFontMapping	aa452387	ee492886
IMLangLineBreakConsole	aa452389	-
IMLangLineBreakConsole::BreakLineA	aa452391	ee492640
IMLangLineBreakConsole::BreakLineW	ms918284	ee492588
IMN_CHANGECANDIDATE	ms906042	ee491563
IMN_CLOSECANDIDATE	ms906043	ee491538
IMN_CLOSESTATUSWINDOW	ms906044	ee491743
IMN_GUIDELINE	ms906045	ee491783
IMN_OPENCANDIDATE	ms906046	ee490935
IMN_OPENSTATUSWINDOW	ms906047	ee491158
IMN_SETCANDIDATEPOS	ms906048	ee491107
IMN_SETCOMPOSITIONFONT	ms906049	ee491720
IMN_SETCOMPOSITIONWINDOW	ms906050	ee490944
IMN_SETCONVERSIONMODE	ms906051	ee491155
IMN_SETOPENSTATUS	ms906052	ee491391
IMN_SETSENTENCEMODE	ms906053	ee491604
IMN_SETSTATUSWINDOWPOS	ms906054	ee490915
IMPLTYPEFLAGS	ms882821	ee488269
IMR_CANDIDATEFORM	ms906055	ee492116
IMR_COMPOSITIONFONT	ms906056	ee491744
IMR_COMPOSITIONFORM	ms906147	ee490947
IMR_CONFIRMRECONVERTSTRING	ms906166	ee491721
IMR_DOCUMENTFEED	ms906175	ee491570
IMR_QUERYCHARPOSITION	ms906183	ee491319
IMR_RECONVERTSTRING	ms906184	ee491739
IMXAttributes	ms882841	-
IMXReaderControl	ms882847	-
IMXWriter	ms882850	-
IMalloc	aa516185	-
IMalloc::Alloc	aa516180	ee489513
IMalloc::DidAlloc	aa516181	ee488703
IMalloc::Free	aa516182	ee488292
IMalloc::GetSize	aa516183	ee488750
IMalloc::HeapMinimize	aa516184	ee488345
IMalloc::Realloc	aa516186	ee488097
IMallocSpy	aa516187	-
IMallocSpy::PostAlloc	aa516188	ee489181
IMallocSpy::PostDidAlloc	aa516189	ee489691
IMallocSpy::PostFree	aa516190	ee488499
IMallocSpy::PostGetSize	aa516191	ee489150
IMallocSpy::PostHeapMinimize	aa516192	ee488072
IMallocSpy::PostRealloc	aa516193	ee489511
IMallocSpy::PreAlloc	aa516194	ee489692
IMallocSpy::PreDidAlloc	aa516195	ee488311
IMallocSpy::PreFree	aa516196	ee487849
IMallocSpy::PreGetSize	aa516197	ee488530
IMallocSpy::PreHeapMinimize	aa516198	ee489215
IMallocSpy::PreRealloc	aa516199	ee487865
IMarshal	aa516204	-
IMarshal Default Implementation	aa516200	ee488348
IMarshal::DisconnectObject	aa516201	ee488317
IMarshal::GetMarshalSizeMax	aa516202	ee488062
IMarshal::GetUnmarshalClass	aa516203	ee489193
IMarshal::MarshalInterface	aa516205	ee488081
IMarshal::ReleaseMarshalData	aa516206	ee488548
IMarshal::UnmarshalInterface	aa516207	ee488287
IMediaBuffer	aa452254	-
IMediaBuffer::GetBufferAndLength	aa452255	ee496132
IMediaBuffer::GetMaxLength	aa452256	ee494198
IMediaBuffer::SetLength	aa452257	ee495282
IMediaControl Interface	aa452261	-
IMediaControl::AddSourceFilter	aa452259	ee495043
IMediaControl::GetState	aa452260	ee493380
IMediaControl::Pause	aa452262	ee492734
IMediaControl::RenderFile	aa452263	ee496045
IMediaControl::Run	aa452264	ee494357
IMediaControl::Stop	aa452265	ee494562
IMediaControl::StopWhenReady	aa452266	ee496298
IMediaEvent Interface	aa452275	-
IMediaEvent::CancelDefaultHandling	aa452267	ee496496
IMediaEvent::FreeEventParams	aa452272	ee492283
IMediaEvent::GetEvent	aa452273	ee494220
IMediaEvent::GetEventHandle	aa452274	ee495163
IMediaEvent::RestoreDefaultHandling	aa452276	ee496719
IMediaEvent::WaitForCompletion	aa452282	ee496130
IMediaEventEx Interface	aa452269	-
IMediaEventEx::GetNotifyFlags	aa452268	ee496280
IMediaEventEx::SetNotifyFlags	aa452270	ee495326
IMediaEventEx::SetNotifyWindow	aa452271	ee493598
IMediaEventSink Interface	aa452278	-
IMediaEventSink::Notify	aa452280	ee496531
IMediaFilter Interface	aa452289	-
IMediaFilter::GetState	aa452284	ee492294
IMediaFilter::GetSyncSource	aa452287	ee493977
IMediaFilter::Pause	ms931255	ee494961
IMediaFilter::Run	ms931338	ee495764
IMediaFilter::SetSyncSource	ms931385	ee493529
IMediaFilter::Stop	ms931389	ee493355
IMediaObject	ms931390	-
IMediaObject Methods	ms931417	ee495883
IMediaObject::AllocateStreamingResources	ms931391	ee495296
IMediaObject::Discontinuity	ms931392	ee494396
IMediaObject::Flush	ms931393	ee493562
IMediaObject::FreeStreamingResources	ms931394	ee492934
IMediaObject::GetInputCurrentType	ms931395	ee493759
IMediaObject::GetInputMaxLatency	ms931396	ee492966
IMediaObject::GetInputSizeInfo	ms931397	ee493979
IMediaObject::GetInputStatus	ms931398	ee493738
IMediaObject::GetInputStreamInfo	ms931399	ee495275
IMediaObject::GetInputType	ms931400	ee496091
IMediaObject::GetOutputCurrentType	ms931401	ee495560
IMediaObject::GetOutputSizeInfo	ms931402	ee496355
IMediaObject::GetOutputStreamInfo	ms931403	ee493358
IMediaObject::GetOutputType	ms931404	ee495754
IMediaObject::GetStreamCount	ms931405	ee493324
IMediaObject::Lock	ms931416	ee492926
IMediaObject::ProcessInput	ms931418	ee494427
IMediaObject::ProcessOutput	ms931419	ee494793
IMediaObject::SetInputMaxLatency	ms931420	ee495224
IMediaObject::SetInputType	ms931421	ee495700
IMediaObject::SetOutputType	ms931422	ee494144
IMediaObjectImpl Class Template	ms931407	-
IMediaObjectImpl::CheckTypesSet	ms931406	ee494785
IMediaObjectImpl::InputType	ms931408	ee492339
IMediaObjectImpl::InputTypeSet	ms931409	ee492312
IMediaObjectImpl::OutputType	ms931410	ee493574
IMediaObjectImpl::OutputTypeSet	ms931411	ee494393
IMediaObjectInPlace	ms931412	-
IMediaObjectInPlace::Clone	ms931413	ee493745
IMediaObjectInPlace::GetLatency	ms931414	ee496059
IMediaObjectInPlace::Process	ms931415	ee494578
IMediaPosition Interface	ms911576	-
IMediaPosition::CanSeekBackward	ms931423	ee494185
IMediaPosition::CanSeekForward	ms931424	ee496171
IMediaPosition::get_CurrentPosition	ms931425	ee494384
IMediaPosition::get_Duration	ms931426	ee494807
IMediaPosition::get_PrerollTime	ms931427	ee495690
IMediaPosition::get_Rate	ms911574	ee495960
IMediaPosition::get_StopTime	ms911575	ee494148
IMediaPosition::put_CurrentPosition	ms911577	ee496104
IMediaPosition::put_PrerollTime	ms911578	ee496701
IMediaPosition::put_Rate	ms911579	ee494959
IMediaPosition::put_StopTime	ms911580	ee493106
IMediaSample Interface	ms911590	-
IMediaSample2 Interface	ms911582	-
IMediaSample2::GetProperties	ms911581	ee493925
IMediaSample2::SetProperties	ms911583	ee494136
IMediaSample::GetActualDataLength	ms911584	ee492506
IMediaSample::GetMediaTime	ms911585	ee492724
IMediaSample::GetMediaType	ms911586	ee493939
IMediaSample::GetPointer	ms911587	ee493740
IMediaSample::GetSize	ms911588	ee492497
IMediaSample::GetTime	ms911589	ee493938
IMediaSample::IsDiscontinuity	ms911591	ee495704
IMediaSample::IsPreroll	ms911592	ee496742
IMediaSample::IsSyncPoint	ms911593	ee495018
IMediaSample::SetActualDataLength	ms911594	ee496494
IMediaSample::SetDiscontinuity	ms911595	ee495318
IMediaSample::SetMediaTime	ms911596	ee494764
IMediaSample::SetMediaType	ms911597	ee496716
IMediaSample::SetPreroll	ms911598	ee492710
IMediaSample::SetSyncPoint	ms911599	ee496071
IMediaSample::SetTime	ms911600	ee493781
IMediaSeeking Interface	ms911612	-
IMediaSeeking::ConvertTimeFormat	ms911602	ee492925
IMediaSeeking::GetAvailable	ms911603	ee495187
IMediaSeeking::GetCapabilities	ms911604	ee495210
IMediaSeeking::GetCurrentPosition	ms911605	ee494212
IMediaSeeking::GetDuration	ms911606	ee494627
IMediaSeeking::GetPositions	ms911607	ee495321
IMediaSeeking::GetPreroll	ms911608	ee495036
IMediaSeeking::GetRate	ms911609	ee496284
IMediaSeeking::GetStopPosition	ms911610	ee495740
IMediaSeeking::GetTimeFormat	ms911611	ee494597
IMediaSeeking::IsFormatSupported	ms911613	ee492499
IMediaSeeking::IsUsingTimeFormat	ms911614	ee494620
IMediaSeeking::QueryPreferredFormat	ms911615	ee493175
IMediaSeeking::SetPositions	ms911616	ee493361
IMediaSeeking::SetRate	ms911617	ee494781
IMediaSeeking::SetTimeFormat	ms911618	ee492364
IMediaStream Interface	ms911623	-
IMediaStream::AllocateSample	ms911619	ee492351
IMediaStream::CreateSharedSample	ms911620	ee492300
IMediaStream::GetInformation	ms911621	ee492347
IMediaStream::GetMultiMediaStream	ms911622	ee495191
IMediaStream::SendEndOfStream	ms911624	ee496328
IMediaStream::SetSameFormat	ms911625	ee495779
IMemAllocator Interface	ms911630	-
IMemAllocator::Commit	ms911626	ee495140
IMemAllocator::Decommit	ms911627	ee495520
IMemAllocator::GetBuffer	ms911628	ee492961
IMemAllocator::GetProperties	ms911629	ee493546
IMemAllocator::ReleaseBuffer	ms911631	ee495502
IMemAllocator::SetProperties	ms931499	ee495146
IMemInputPin Interface	ms931622	-
IMemInputPin::GetAllocator	ms931604	ee494011
IMemInputPin::GetAllocatorRequirements	ms931613	ee494943
IMemInputPin::NotifyAllocator	ms931631	ee492562
IMemInputPin::Receive	ms931640	ee495725
IMemInputPin::ReceiveCanBlock	ms931649	ee495268
IMemInputPin::ReceiveMultiple	ms931660	ee492494
IMessageFilter	ms882514	-
IMessageFilter::HandleInComingCall	ms882404	ee488119
IMessageFilter::MessagePending	ms882626	ee488069
IMessageFilter::RetryRejectedCall	ms882639	ee489684
IMoniker	ms882776	-
IMoniker::BindToObject	ms882659	ee488697
IMoniker::BindToStorage	ms882672	ee487759
IMoniker::CommonPrefixWith	ms882688	ee489242
IMoniker::ComposeWith	ms882696	ee488522
IMoniker::Enum	ms882703	ee487904
IMoniker::GetDisplayName	ms882716	ee487881
IMoniker::GetTimeOfLastChange	ms882726	ee489476
IMoniker::Hash	ms882736	ee489208
IMoniker::Inverse	ms882744	ee487690
IMoniker::IsEqual	ms882749	ee488665
IMoniker::IsRunning	ms882756	ee489472
IMoniker::IsSystemMoniker	ms882765	ee489188
IMoniker::ParseDisplayName	ms882784	ee487729
IMoniker::Reduce	ms882796	ee488662
IMoniker::RelativePathTo	ms882804	ee488942
IMonikerProp	ms918293	-
IMonikerProp::PutProperty	ms918294	ee492650
IMsRdpClient	aa513905	-
IMsRdpClient Properties	aa513922	ee485180
IMsRdpClient::GetVirtualChannelOptions	aa513915	ee484940
IMsRdpClient::RequestClose	aa513927	ee486525
IMsRdpClient::SetVirtualChannelOptions	aa513936	ee486768
IMsRdpClient::get_ExtendedDisconnectReason	aa513913	ee484177
IMsRdpClientAdvancedSettings	aa513907	-
IMsRdpClientAdvancedSettings Properties	aa513909	ee487204
IMsRdpClientAdvancedSettings Property Descriptions	aa513910	-
IMsRdpClientNonScriptable	aa513916	-
IMsRdpClientNonScriptable::NotifyRedirectDeviceChange	aa513918	ee487046
IMsRdpClientNonScriptable::SendKeys	aa513920	ee484314
IMsRdpClientSecuredSettings	aa513931	-
IMsRdpClientSecuredSettings Properties	aa513933	ee483293
IMsTscAdvancedSettings	aa513937	-
IMsTscAdvancedSettings::get_BitmapPersistence	aa513944	ee486791
IMsTscAdvancedSettings::get_Compress	aa513946	ee486161
IMsTscAdvancedSettings::get_ContainerHandledFullScreen	aa513948	ee483975
IMsTscAdvancedSettings::get_DisableRdpdr	aa513952	ee486595
IMsTscAdvancedSettings::get_allowBackgroundInput	aa513942	ee483280
IMsTscAdvancedSettings::put_BitmapPersistence	aa513954	ee483725
IMsTscAdvancedSettings::put_Compress	aa513955	ee483498
IMsTscAdvancedSettings::put_ContainerHandledFullScreen	aa513956	ee485317
IMsTscAdvancedSettings::put_DisableRdpdr	aa513957	ee485585
IMsTscAdvancedSettings::put_IconFile	aa513958	ee485569
IMsTscAdvancedSettings::put_IconIndex	aa513959	ee485755
IMsTscAdvancedSettings::put_KeyBoardLayoutStr	aa513960	ee483490
IMsTscAdvancedSettings::put_PluginDlls	aa513961	ee483350
IMsTscAdvancedSettings::put_allowBackgroundInput	aa513953	ee487095
IMsTscAx	aa513962	-
IMsTscAx::Connect	aa513963	ee487131
IMsTscAx::CreateVirtualChannels	aa513964	ee484550
IMsTscAx::Disconnect	aa513965	ee484503
IMsTscAx::SendOnVirtualChannel	aa514278	ee487073
IMsTscAx::get_AdvancedSettings	aa513976	ee483912
IMsTscAx::get_CipherStrength	aa513977	ee483565
IMsTscAx::get_Connected	aa514247	ee484157
IMsTscAx::get_ConnectingText	aa514248	ee486212
IMsTscAx::get_DesktopHeight	aa514249	ee487137
IMsTscAx::get_DesktopWidth	aa514250	ee483885
IMsTscAx::get_DisconnectedText	aa514252	ee485786
IMsTscAx::get_Domain	aa514253	ee483516
IMsTscAx::get_HorizontalScrollBarVisible	aa514254	ee483308
IMsTscAx::get_SecuredSettings2	aa514256	ee484289
IMsTscAx::get_Server	aa514258	ee486828
IMsTscAx::get_UserName	aa514260	ee486177
IMsTscAx::get_Version	aa514262	ee487132
IMsTscAx::get_VerticalScrollBarVisible	aa514265	ee484133
IMsTscAx::put_ConnectingText	aa514268	ee485396
IMsTscAx::put_DisconnectedText	aa514270	ee483292
IMsTscAx::put_Domain	aa514271	ee483697
IMsTscAx::put_Server	aa514273	ee486587
IMsTscAx::put_UserName	aa514276	ee486369
IMsTscAxEvents	aa513966	-
IMsTscAxEvents::OnConfirmClose	aa513967	ee486545
IMsTscAxEvents::OnConnected	aa513968	ee487202
IMsTscAxEvents::OnConnecting	aa513969	ee483544
IMsTscAxEvents::OnDisconnected	aa513970	ee486748
IMsTscAxEvents::OnFatalError	aa513971	ee484354
IMsTscAxEvents::OnIdleTimeoutNotification	aa513972	ee485746
IMsTscAxEvents::OnLoginComplete	aa513973	ee485137
IMsTscAxEvents::OnRequestContainerMinimize	aa513974	ee485591
IMsTscAxEvents::OnWarning	aa513975	ee485530
IMsTscNonScriptable	aa514279	-
IMsTscNonScriptable::ResetPassword	aa514299	ee486390
IMsTscNonScriptable::get_BinaryPassword	aa514281	ee486007
IMsTscNonScriptable::get_BinarySalt	aa514283	ee486357
IMsTscNonScriptable::get_PortablePassword	aa514285	ee483323
IMsTscNonScriptable::get_PortableSalt	aa514287	ee486569
IMsTscNonScriptable::put_BinaryPassword	aa514289	ee484528
IMsTscNonScriptable::put_BinarySalt	aa514290	ee484120
IMsTscNonScriptable::put_ClearTextPassword	aa514292	ee486163
IMsTscNonScriptable::put_PortablePassword	aa514295	ee485521
IMsTscNonScriptable::put_PortableSalt	aa514297	ee485129
IMsTscSecuredSettings	aa514300	-
IMsTscSecuredSettings::get_StartProgram	aa514302	ee484318
IMsTscSecuredSettings::get_WorkDir	aa514303	ee487036
IMsTscSecuredSettings::put_StartProgram	aa514305	ee487287
IMsTscSecuredSettings::put_WorkDir	aa514307	ee486165
IMultiLanguage	ms918295	-
IMultiLanguage2	ms918297	-
IMultiLanguage2::ConvertString	ms918298	ee492657
IMultiLanguage2::ConvertStringFromUnicode	ms918299	ee492661
IMultiLanguage2::ConvertStringFromUnicodeEx	ms918300	ee492898
IMultiLanguage2::ConvertStringInIStream	ms918301	ee492832
IMultiLanguage2::ConvertStringToUnicode	ms918302	ee492040
IMultiLanguage2::ConvertStringToUnicodeEx	ms918303	ee492575
IMultiLanguage2::CreateConvertCharset	ms918304	ee492177
IMultiLanguage2::DetectCodepageInIStream	ms918305	ee492597
IMultiLanguage2::DetectInputCodepage	ms918306	ee492399
IMultiLanguage2::EnumCodePages	ms918307	ee492428
IMultiLanguage2::EnumRfc1766	ms918308	ee492024
IMultiLanguage2::EnumScripts	ms918309	ee492062
IMultiLanguage2::GetCharsetInfo	ms918310	ee491827
IMultiLanguage2::GetCodePageDescription	ms918311	ee492454
IMultiLanguage2::GetCodePageInfo	ms918312	ee492648
IMultiLanguage2::GetFamilyCodePage	ms918313	ee491830
IMultiLanguage2::GetLcidFromRfc1766	ms918314	ee491804
IMultiLanguage2::GetNumberOfCodePageInfo	ms918315	ee492182
IMultiLanguage2::GetNumberOfScripts	ms918316	ee491875
IMultiLanguage2::GetRfc1766FromLcid	ms918317	ee492659
IMultiLanguage2::GetRfc1766Info	ms918318	ee492242
IMultiLanguage2::IsConvertible	ms918319	ee492018
IMultiLanguage2::SetMimeDBSource	ms918320	ee492020
IMultiLanguage3	ms918323	-
IMultiLanguage3::DetectOutboundCodePage	ms918321	ee492215
IMultiLanguage3::DetectOutboundCodePageInIStream	ms918322	ee492852
IMultiLanguage::ConvertString	ms918324	ee492592
IMultiLanguage::ConvertStringFromUnicode	ms918325	ee492056
IMultiLanguage::ConvertStringToUnicode	ms918326	ee492192
IMultiLanguage::CreateConvertCharset	ms918327	ee492411
IMultiLanguage::EnumCodePages	ms918328	ee492647
IMultiLanguage::EnumRfc1766	ms918329	ee492786
IMultiLanguage::GetCharsetInfo	ms918330	ee492901
IMultiLanguage::GetCodePageInfo	ms918331	ee492856
IMultiLanguage::GetFamilyCodePage	ms918332	ee492881
IMultiLanguage::GetLcidFromRfc1766	ms918334	ee492412
IMultiLanguage::GetNumberOfCodePageInfo	ms918335	ee492247
IMultiLanguage::GetRfc1766FromLcid	ms918336	ee492027
IMultiLanguage::GetRfc1766Info	ms918337	ee492873
IMultiLanguage::IsConvertible	ms918338	ee492014
IMultiMediaStream Interface	ms911956	-
IMultiMediaStream::EnumMediaStreams	ms931669	ee493356
IMultiMediaStream::GetDuration	ms931676	ee496532
IMultiMediaStream::GetEndOfStreamEventHandle	ms931682	ee492580
IMultiMediaStream::GetInformation	ms911837	ee495283
IMultiMediaStream::GetMediaStream	ms911850	ee493572
IMultiMediaStream::GetState	ms911855	ee493391
IMultiMediaStream::GetTime	ms911946	ee492941
IMultiMediaStream::Seek	ms911969	ee493345
IMultiMediaStream::SetState	ms911980	ee494341
IMultiQI	ms882829	-
IMultiQI::QueryMultipleInterfaces	ms882837	ee489470
INBOX_EVENT_DATA	ms890978	ee493091
INDEXTOOVERLAYMASK	ms909843	ee502218
INDEXTOSTATEIMAGEMASK	ms909844	ee505436
INITCOMMONCONTROLSEX (structure)	ms909850	ee503993
INPUT	ms909851	ee506044
INPUTCONTEXT	ms906185	ee491193
INQUIRY_DATA	ms901366	ee481469
INTERFACEINFO	ms882877	ee489419
INTERFACE_TYPE	ms901367	ee486234
INTERNET_ASYNC_RESULT	ms918339	ee492789
INTERNET_AUTH_NOTIFY_DATA	ms918341	ee492191
INTERNET_BUFFERS	ms918342	ee492175
INTERNET_CACHE_ENTRY_INFO	ms918343	ee492007
INTERNET_CACHE_TIMESTAMPS	ms918344	ee492174
INTERNET_CERTIFICATE_INFO	ms918345	ee491887
INTERNET_CONNECTED_INFO	ms918352	ee492889
INTERNET_PER_CONN_OPTION	ms918370	ee492431
INTERNET_PER_CONN_OPTION_LIST	ms918371	ee492031
INTERNET_PROXY_INFO	ms918372	ee492002
INTERNET_SCHEME	ms918377	ee492774
INTERNET_STATUS_CALLBACK	ms918386	ee492059
INTERNET_VERSION_INFO	ms918390	ee492083
INTFS_KEY_TABLE	aa448305	ee481243
INTF_ENTRY	aa448306	ee482241
INTF_KEY_ENTRY	aa448307	ee485675
INVOKEKIND	ms882878	ee489492
INewMenuItemServer	ms909845	-
INewMenuItemServer::CreateNewItem	ms909846	ee499368
INonDelegatingUnknown Interface	ms912007	-
INonDelegatingUnknown::INonDelegatingUnknown	ms911992	ee492678
IO Control and Other Common Stack Functions	ms892428	ee482022
IOCTL_AG_CLOSE_AUDIO	ms891134	ee495404
IOCTL_AG_CLOSE_CONTROL	ms891136	ee495936
IOCTL_AG_GET_MIC_VOL	ms891138	ee495850
IOCTL_AG_GET_SPEAKER_VOL	ms891142	ee495537
IOCTL_AG_OPEN_AUDIO	ms891145	ee495628
IOCTL_AG_OPEN_CONTROL	ms891147	ee495643
IOCTL_AG_SET_MIC_VOL	ms891150	ee495994
IOCTL_AG_SET_SPEAKER_VOL	ms891153	ee495930
IOCTL_BATTERY_GETLEVELS	ms901368	ee486052
IOCTL_BATTERY_GETLIFETIMEINFO	ms901369	ee481875
IOCTL_BATTERY_GETSYSTEMPOWERSTATUSEX	ms901370	ee483652
IOCTL_BATTERY_GETSYSTEMPOWERSTATUSEX2	ms901371	ee486845
IOCTL_BATTERY_NOTIFYOFTIMECHANGE	ms901372	ee484417
IOCTL_BATTERY_SUPPORTSCHANGENOTIFICATION	ms901373	ee482028
IOCTL_BLUETOOTH_GET_PEER_DEVICE	ms891157	ee495566
IOCTL_BLUETOOTH_GET_RFCOMM_CHANNEL	ms891159	ee495603
IOCTL_CANCEL_READ	ms901374	ee482477
IOCTL_CDROM_DISC_INFO	ms901375	ee483241
IOCTL_CDROM_EJECT_MEDIA	ms901376	ee486433
IOCTL_CDROM_GET_SENSE_DATA	ms901377	ee482926
IOCTL_CDROM_ISSUE_INQUIRY	ms901378	ee483655
IOCTL_CDROM_PAUSE_AUDIO	ms901379	ee485045
IOCTL_CDROM_PLAY_AUDIO_MSF	ms901380	ee485466
IOCTL_CDROM_READ_SG	ms901381	ee482218
IOCTL_CDROM_READ_TOC	ms901382	ee486090
IOCTL_CDROM_RESUME_AUDIO	ms901383	ee481652
IOCTL_CDROM_SEEK_AUDIO_MSF	ms901384	ee483610
IOCTL_CDROM_STOP_AUDIO	ms901385	ee485701
IOCTL_CDROM_TEST_UNIT_READY	ms901386	ee483435
IOCTL_DISK_COPY_EXTERNAL_COMPLETE	ms891378	ee490163
IOCTL_DISK_COPY_EXTERNAL_START	ms891382	ee489797
IOCTL_DISK_DELETE_SECTORS	ms901387	ee481269
IOCTL_DISK_DEVICE_INFO	ms901388	ee485289
IOCTL_DISK_FORMAT_MEDIA	ms901389	ee481898
IOCTL_DISK_FORMAT_VOLUME	ms891368	ee489783
IOCTL_DISK_GETINFO	ms901390	ee486935
IOCTL_DISK_GETNAME	ms901391	ee481303
IOCTL_DISK_GET_STORAGEID	ms901392	ee484802
IOCTL_DISK_READ	ms901393	ee486495
IOCTL_DISK_SCAN_VOLUME	ms891377	ee490188
IOCTL_DISK_SECURE_WIPE	aa448310	ee483786
IOCTL_DISK_SETINFO	ms901394	ee481934
IOCTL_DISK_WRITE	ms901395	ee484614
IOCTL_DVD_GET_REGION	ms902120	ee483792
IOCTL_FMD_GET_INTERFACE	ms902121	ee483204
IOCTL_FMD_LOCK_BLOCKS	ms902122	ee484230
IOCTL_FMD_SET_XIPMODE	ms902123	ee484245
IOCTL_FMD_UNLOCK_BLOCKS	ms902124	ee482797
IOCTL_HAL_DDI	aa448311	ee485075
IOCTL_NDISUIO_CANCEL_NOTIFICATION	ms901405	ee481249
IOCTL_NDISUIO_NIC_STATISTICS	ms901406	ee481880
IOCTL_NDISUIO_OPEN_DEVICE	ms901407	ee481644
IOCTL_NDISUIO_OPEN_WRITE_DEVICE	ms901408	ee481271
IOCTL_NDISUIO_QUERY_BINDING	ms901409	ee481707
IOCTL_NDISUIO_QUERY_OID_VALUE	ms901410	ee485711
IOCTL_NDISUIO_REQUEST_NOTIFICATION	ms901411	ee482213
IOCTL_NDISUIO_SET_ETHER_TYPE	ms901412	ee481696
IOCTL_NDISUIO_SET_OID_VALUE	ms901413	ee481453
IOCTL_NDIS_BIND_ADAPTER	ms901396	ee483393
IOCTL_NDIS_DEREGISTER_ADAPTER	ms901397	ee483202
IOCTL_NDIS_GET_ADAPTER_BINDINGS	ms901398	ee482301
IOCTL_NDIS_GET_ADAPTER_NAMES	ms901399	ee482238
IOCTL_NDIS_GET_LOG_DATA	ms901400	ee484241
IOCTL_NDIS_GET_PROTOCOL_NAMES	ms901401	ee485501
IOCTL_NDIS_LOAD_MINIPORT	ms901402	ee486060
IOCTL_NDIS_REBIND_ADAPTER	ms901403	ee483173
IOCTL_NDIS_REGISTER_ADAPTER	ms901404	ee483171
IOCTL_NDIS_UNBIND_ADAPTER	ms901414	ee482250
IOCTL_POWER_CAPABILITIES	ms901415	ee497700
IOCTL_POWER_GET	ms901416	ee497723
IOCTL_POWER_QUERY	ms901417	ee497758
IOCTL_POWER_SET	ms901418	ee497737
IOCTL_POWER_SET Request Processing	ms892451	ee497769
IOCTL_REGISTER_POWER_RELATIONSHIP	ms901419	ee497714
IOCTL_SERIAL_CLR_DTR	ms901420	ee482685
IOCTL_SERIAL_CLR_RTS	ms901421	ee483471
IOCTL_SERIAL_DISABLE_IR	ms901422	ee483464
IOCTL_SERIAL_ENABLE_IR	ms901423	ee481248
IOCTL_SERIAL_GET_COMMSTATUS	ms901424	ee485869
IOCTL_SERIAL_GET_DCB	ms901425	ee484494
IOCTL_SERIAL_GET_MODEMSTATUS	ms901426	ee483253
IOCTL_SERIAL_GET_PROPERTIES	ms901427	ee484654
IOCTL_SERIAL_GET_TIMEOUTS	ms901428	ee483821
IOCTL_SERIAL_GET_WAIT_MASK	ms901429	ee482717
IOCTL_SERIAL_IMMEDIATE_CHAR	ms901430	ee482692
IOCTL_SERIAL_PURGE	ms901431	ee485093
IOCTL_SERIAL_SET_BREAK_OFF	ms901432	ee484683
IOCTL_SERIAL_SET_BREAK_ON	ms901433	ee482681
IOCTL_SERIAL_SET_DCB	ms901434	ee483209
IOCTL_SERIAL_SET_DTR	ms901435	ee482915
IOCTL_SERIAL_SET_QUEUE_SIZE	ms901436	ee485215
IOCTL_SERIAL_SET_RTS	ms901437	ee486050
IOCTL_SERIAL_SET_TIMEOUTS	ms901438	ee483082
IOCTL_SERIAL_SET_WAIT_MASK	ms901439	ee481883
IOCTL_SERIAL_SET_XOFF	ms901440	ee484681
IOCTL_SERIAL_SET_XON	ms901441	ee482497
IOCTL_SERIAL_WAIT_ON_MASK	ms901442	ee483244
IOCTL_SERVICE_CALLBACK_FUNCTIONS	ms891060	ee499801
IOCTL_SERVICE_COMMAND_LINE_PARAMS	ms891162	ee499478
IOCTL_SERVICE_CONNECTION	ms891064	ee500632
IOCTL_SERVICE_CONSOLE	ms891073	ee498970
IOCTL_SERVICE_CONTROL	ms891077	ee498980
IOCTL_SERVICE_DEBUG	ms891078	ee498683
IOCTL_SERVICE_DEREGISTER_SOCKADDR	ms891083	ee499003
IOCTL_SERVICE_INSTALL	ms891086	ee499133
IOCTL_SERVICE_NOTIFY_ADDR_CHANGE	ms891090	ee498862
IOCTL_SERVICE_PRX_SIGNAL_FILTER	ms891164	ee498474
IOCTL_SERVICE_QUERY_CAN_DEINIT	ms891093	ee498413
IOCTL_SERVICE_REFRESH	ms891097	ee499814
IOCTL_SERVICE_REGISTER_SOCKADDR	ms891099	ee499460
IOCTL_SERVICE_START	ms891102	ee499528
IOCTL_SERVICE_STARTED	ms891105	ee500641
IOCTL_SERVICE_STATUS	ms891107	ee499457
IOCTL_SERVICE_STOP	ms891120	ee499182
IOCTL_SERVICE_UNINSTALL	ms891124	ee499147
IOCTL_SERVICE_UNLOAD	ms891127	ee501214
IOCTL_SMARTCARD_CANCEL_BLOCKING	ms901443	ee482082
IOCTL_SMARTCARD_EJECT	ms901445	ee486303
IOCTL_SMARTCARD_GET_ATTRIBUTE	ms901446	ee486437
IOCTL_SMARTCARD_GET_STATE	ms901447	ee482312
IOCTL_SMARTCARD_IS_ABSENT	ms901448	ee481881
IOCTL_SMARTCARD_IS_PRESENT	ms901449	ee485442
IOCTL_SMARTCARD_POWER	ms901650	ee486062
IOCTL_SMARTCARD_SET_ATTRIBUTE	ms901722	ee482682
IOCTL_SMARTCARD_SET_PROTOCOL	ms901833	ee484800
IOCTL_SMARTCARD_SWALLOW	ms901842	ee485434
IOCTL_SMARTCARD_TRANSMIT	ms901848	ee481920
IOCTL_STREAM_ATTACH_BUFFER	ms901860	-
IOCTL_STREAM_CREATE_LOCAL_PLUG	ms901875	-
IOCTL_STREAM_DELETE_LOCAL_PLUG	ms901884	-
IOCTL_STREAM_DEREFERENCE_REMOTE_PLUG	ms901896	-
IOCTL_STREAM_DETACH_BUFFER	ms901909	-
IOCTL_STREAM_GET_MEDIA_SIZE	ms901940	-
IOCTL_STREAM_GET_REMOTE_PLUG_HANDLE	ms902087	-
IOCTL_STREAM_LOCATE_REMOTE_PLUG	ms902094	-
IOCTL_STREAM_QUERY_BUFFER_STATE	ms902096	-
IOCTL_STREAM_SET_MEDIA_SIZE	ms902097	-
IOCTL_STREAM_START_RECV_SESSION	ms902098	-
IOCTL_STREAM_START_XMIT_SESSION	ms902099	-
IOCTL_STREAM_STOP_SESSION	ms902101	-
IOCTL_UNIT_ALLOCATE_LOCAL_PLUG	ms902102	-
IOCTL_UNIT_CONNECTION_REQUEST_PROCESSED	ms902103	-
IOCTL_UNIT_DEREFERENCE_CONNECTION_PLUG	ms902104	-
IOCTL_UNIT_DEREGISTER_SUBUNIT	ms902105	-
IOCTL_UNIT_DISCONNECTION_REQUEST_PROCESSED	ms902106	-
IOCTL_UNIT_FREE_LOCAL_PLUG	ms902107	-
IOCTL_UNIT_PROCESS_REGISTRY_PLUGS	ms902108	-
IOCTL_UNIT_QUERY_LOCAL_PLUGS	ms902109	-
IOCTL_UNIT_REGISTER_SUBUNIT	ms902110	-
IOCTL_VCR_AVCCMD	ms902112	-
IOCTL_VVCR_COMPLETE	ms902113	-
IOCTL_VVCR_EVENT	ms902114	-
IOCTL_VVCR_QUERY_STATE	ms902116	-
IOCTL_VVCR_SET_MECHANISM_POSITION	ms902117	-
IOCTL_VVCR_SET_MECHANISM_STATE	ms902118	-
IOCTL_VVCR_SET_MECHANISM_TRACK_NUMBER	ms902119	-
IOCTLs that are Sent by Applications	aa450048	ee500471
IOCTLs that are Sent by Services.exe	aa450049	ee500577
IObex::BindToDevice	ms890990	ee494030
IObex::EnumDevices	ms891030	ee494890
IObex::EnumTransports	ms891033	ee494041
IObex::Initialize	ms891037	ee494493
IObex::Shutdown	ms891044	ee494883
IObex::StartDeviceEnum	ms891054	ee494506
IObex::StopDeviceEnum	ms891057	ee494301
IObex:IUnknown	ms891039	-
IObexDevice::Abort	ms890995	ee493480
IObexDevice::Connect	ms890998	ee494718
IObexDevice::Disconnect	ms891002	ee494700
IObexDevice::EnumProperties	ms891005	ee494930
IObexDevice::Get	ms891008	ee494714
IObexDevice::Put	ms891015	ee493212
IObexDevice::SetPassword	ms891017	ee493078
IObexDevice::SetPath	ms891020	ee493214
IObexDevice:IUnknown	ms891011	-
IObexSink::Notify	ms891050	ee494263
IObexSink:IUnknown	ms891046	-
IObjectSafety	ms882880	-
IObjectSafety::GetInterfaceSafetyOptions	ms882879	ee489405
IObjectSafety::SetInterfaceSafetyOptions	ms882881	ee488091
IOleAdviseHolder	ms882884	-
IOleAdviseHolder::Advise	ms882882	ee489373
IOleAdviseHolder::EnumAdvise	ms882883	ee488484
IOleAdviseHolder::SendOnClose	ms882885	ee488301
IOleAdviseHolder::SendOnRename	ms882886	ee489696
IOleAdviseHolder::SendOnSave	ms882887	ee487700
IOleAdviseHolder::Unadvise	ms882889	ee488308
IOleClientSite	ms882892	-
IOleClientSite::GetContainer	ms882890	ee488107
IOleClientSite::GetMoniker	ms882891	ee488939
IOleClientSite::OnShowWindow	ms882893	ee488320
IOleClientSite::RequestNewObjectLayout	ms882894	ee489225
IOleClientSite::SaveObject	ms882895	ee487930
IOleClientSite::ShowObject	ms882896	ee487858
IOleContainer	aa519257	-
IOleContainer::EnumObjects	aa519256	ee488730
IOleContainer::LockContainer	aa519258	ee487757
IOleControlNavigation2::ActivateRect	ms918392	ee492261
IOleControlNavigation2::DeactivateRect	ms918597	ee492606
IOleControlNavigation2::GetControlNavigationCapabilities	ms918608	ee492823
IOleControlNavigation2::GetCurrentRectIndex	ms918620	ee492605
IOleControlNavigation2::GetNavigationRectCount	ms918717	ee491839
IOleControlNavigation2::GetNavigationRects	ms918731	ee492571
IOleControlNavigation2::NavigateInControl	ms918755	ee492585
IOleControlNavigation2AdviseSink::NavigateOutControl	ms918399	ee491842
IOleControlNavigation2AdviseSink::OnFocusRectChange	ms918561	ee492600
IOleControlNavigation2AdviseSink::OnNavigationStatusChange	ms918569	ee491843
IOleControlNavigation2AdviseSink::OnRectsChange	ms918586	ee492847
IOleControlSite	aa519260	-
IOleControlSite::GetExtendedControl	aa519259	ee488459
IOleControlSite::LockInPlaceActive	aa519261	ee489613
IOleControlSite::OnControlInfoChanged	aa519262	ee488536
IOleControlSite::OnFocus	aa519263	ee487752
IOleControlSite::ShowPropertyFrame	aa519264	ee488488
IOleControlSite::TransformCoords	aa519265	ee488267
IOleControlSite::TranslateAccelerator	aa519266	ee488952
IOleInPlaceSite	aa519272	-
IOleInPlaceSite::CanInPlaceActivate	aa519268	ee489200
IOleInPlaceSite::DeactivateAndUndo	aa519269	ee488116
IOleInPlaceSite::DiscardUndoState	aa519270	ee487717
IOleInPlaceSite::GetWindowContext	aa519271	ee489515
IOleInPlaceSite::OnInPlaceActivate	aa519273	ee489522
IOleInPlaceSite::OnInPlaceDeactivate	aa519274	ee489670
IOleInPlaceSite::OnPosRectChange	aa519275	ee488089
IOleInPlaceSite::OnUIActivate	aa519276	ee488289
IOleInPlaceSite::OnUIDeactivate	aa519277	ee489015
IOleInPlaceSite::Scroll	aa519278	ee488109
IOleItemContainer	ms882900	-
IOleItemContainer::GetObject	ms882897	ee488954
IOleItemContainer::GetObjectStorage	ms882898	ee487885
IOleItemContainer::IsRunning	ms882899	ee489023
IOleLink	ms882907	-
IOleLink::BindIfRunning	ms882901	ee489676
IOleLink::BindToSource	ms882902	ee487864
IOleLink::GetBoundSource	ms882903	ee487710
IOleLink::GetSourceDisplayName	ms882904	ee489198
IOleLink::GetSourceMoniker	ms882905	ee488279
IOleLink::GetUpdateOptions	ms882906	ee487765
IOleLink::SetSourceDisplayName	ms882908	ee489012
IOleLink::SetSourceMoniker	ms882909	ee488660
IOleLink::SetUpdateOptions	ms882910	ee488724
IOleLink::UnbindSource	ms882911	ee489494
IOleLink::Update	ms882912	ee488321
IOleObject	ms882927	-
IOleObject::Advise	ms882913	ee488658
IOleObject::Close	ms882914	ee488983
IOleObject::DoVerb	ms882915	ee489451
IOleObject::EnumAdvise	ms882916	ee488976
IOleObject::EnumVerbs	ms882917	ee489375
IOleObject::GetClientSite	ms882918	ee487725
IOleObject::GetClipboardData	ms882919	ee489687
IOleObject::GetExtent	ms882920	ee488512
IOleObject::GetMiscStatus	ms882921	ee488741
IOleObject::GetMoniker	ms882922	ee488695
IOleObject::GetUserClassID	ms882923	ee489235
IOleObject::GetUserType	ms882924	ee488534
IOleObject::InitFromData	ms882925	ee489377
IOleObject::IsUpToDate	ms882926	ee488271
IOleObject::SetClientSite	ms882928	ee489219
IOleObject::SetColorScheme	ms882929	ee489500
IOleObject::SetExtent	ms882930	ee487874
IOleObject::SetHostNames	ms882931	ee488982
IOleObject::SetMoniker	ms882932	ee487715
IOleObject::Unadvise	ms882933	ee487745
IOleObject::Update	ms882934	ee488525
IOleWindow	aa519281	-
IOleWindow::ContextSensitiveHelp	aa519279	ee487747
IOleWindow::GetWindow	aa519280	ee489714
IOverlay Interface	ms912154	-
IOverlay::Advise	ms912083	ee493976
IOverlay::GetClipList	ms912095	ee492272
IOverlay::GetColorKey	ms912107	ee495316
IOverlay::GetDefaultColorKey	ms912119	ee495377
IOverlay::GetPalette	ms912127	ee495774
IOverlay::GetVideoPosition	ms912134	ee493936
IOverlay::GetWindowHandle	ms912142	ee492938
IOverlay::SetColorKey	ms912211	ee494560
IOverlay::SetPalette	ms912218	ee495143
IOverlay::Unadvise	ms912237	ee493750
IOverlayNotify Interface	ms912167	-
IOverlayNotify::OnClipChange	ms912176	ee492931
IOverlayNotify::OnColorKeyChange	ms912185	ee493775
IOverlayNotify::OnPaletteChange	ms912194	ee492544
IOverlayNotify::OnPositionChange	ms912200	ee493403
IP Firewall Application Development	aa450053	-
IP Firewall Data Types	ms886672	-
IP Firewall Enumerations	ms886673	-
IP Firewall Functions	ms886674	-
IP Firewall Logging Reference	ms886684	-
IP Firewall Logging Registry Settings	aa450054	ee493470
IP Firewall Migration	aa450055	ee494306
IP Firewall OS Design Development	aa450052	ee494092
IP Firewall Reference	ms886685	-
IP Firewall Registry Settings	aa450056	ee494503
IP Firewall Samples	aa450057	ee493086
IP Firewall Security	aa450058	ee494468
IP Firewall Structures	ms886675	-
IP Group	ms894531	ee489106
IP Helper Code Samples	aa450059	-
IP Helper Enumerations	ms886686	-
IP Helper Functions	ms886687	-
IP Helper Reference	ms886688	-
IP Helper Structures	ms886689	-
IP Independent Source Code Examples	ms898971	-
IP Multicasting for IPv4	aa450060	ee494451
IP Multicasting for IPv6	aa450061	ee495045
IP NAT Registry Settings	aa450062	ee494292
IP Phone Provisioning	aa525640	-
IP/ARP Extensions for IPv4 Multicasting	aa450050	ee493101
IP4_ARRAY	ms891165	ee494243
IP6_ADDRESS	ms891166	ee494236
IPAddress Element (Location Request)	ms895141	ee489092
IPAddress Element (Poll Request)	ms895145	ee489280
IPAddresses Element (Location Request)	ms895148	ee489408
IPCANDIDATE	ms906186	ee491322
IPCTRL_CARETBACKSPACE	ms906187	ee491945
IPCTRL_CARETBOTTOM	ms906188	ee491988
IPCTRL_CARETDELETE	ms906189	ee491952
IPCTRL_CARETLEFT	ms906190	ee491124
IPCTRL_CARETRIGHT	ms906191	ee491959
IPCTRL_CARETSET	ms906193	ee491392
IPCTRL_CARETTOP	ms906194	ee490949
IPCTRL_CLEARALL	ms906195	ee491691
IPCTRL_CONVERTALL	ms906196	ee491375
IPCTRL_DETERMINALL	ms906197	ee491540
IPCTRL_GETCONVERSIONMODE	ms906198	ee490907
IPCTRL_GETERROR	ms906199	ee492127
IPCTRL_INSERTFULLSPACE	ms906200	ee491915
IPCTRL_INSERTHALFSPACE	ms906201	ee491702
IPCTRL_INSERTSPACE	ms906202	ee490983
IPCTRL_JPN_BUNLENDEC	ms906203	ee490964
IPCTRL_JPN_BUNLENINC	ms906204	ee491132
IPCTRL_JPN_CRSRLEFT	ms906205	ee491978
IPCTRL_JPN_CRSRRIGHT	ms906206	ee491614
IPCTRL_JPN_UNDOBUNSETSU	ms906207	ee491757
IPCTRL_JPN_UNDOCLR	ms906208	ee491992
IPCTRL_MAKECANDIDATE	ms906209	ee491642
IPCTRL_OFFIME	ms906210	ee491357
IPCTRL_ONIME	ms906211	ee491159
IPCTRL_PHRASEDELETE	ms906212	ee491559
IPCTRL_PRECONVERSION	ms906213	ee491417
IPCTRL_RELOADCFG	ms906214	ee491704
IPCTRL_SELECTCANDIDATE	ms906215	ee490919
IPCTRL_SETCONVERSIONMODE	ms906216	ee491736
IPCTRL_SETSHIFTSTATE	ms906217	ee491613
IPConfig	aa450051	ee493043
IPOlRecipient	ms883874	-
IPOlRecipient::Resolve	ms883882	ee484532
IPOutlookApp	ms883943	-
IPOutlookApp Properties	ms883975	-
IPOutlookApp::CreateItem	ms883892	ee484117
IPOutlookApp::GetDefaultFolder	ms883903	ee486214
IPOutlookApp::GetItemFromOid	ms883912	ee484328
IPOutlookApp::GetTimeZoneFromIndex	ms883922	ee485534
IPOutlookApp::GetTimeZoneInformationFromIndex	ms883930	ee487310
IPOutlookApp::Logoff	ms883952	ee483683
IPOutlookApp::Logon	ms883962	ee486580
IPOutlookApp::ReceiveFromInfrared	ms883983	ee486242
IPOutlookApp::SysFreeString	ms884055	ee483515
IPOutlookItemCollection	ms884177	-
IPOutlookItemCollection Properties	ms884192	-
IPOutlookItemCollection::Add	ms884078	ee484713
IPOutlookItemCollection::Find	ms884141	ee487258
IPOutlookItemCollection::FindNext	ms884152	ee486206
IPOutlookItemCollection::Item	ms884165	ee486334
IPOutlookItemCollection::Remove	ms884201	ee487075
IPOutlookItemCollection::Restrict	ms884210	ee486618
IPOutlookItemCollection::Sort	ms884223	ee486978
IPPROTO_IP	aa450063	ee493276
IPPROTO_IPV6	aa450064	-
IPPROTO_TCP	aa450065	ee494726
IPPROTO_UDP	aa450066	ee494697
IPRcvBuf	ms885685	ee488023
IPSEC_API_MODE_INFO	aa450428	ee493208
IPSEC_API_PARAM	aa450429	ee494073
IPSec Application Development	aa450067	-
IPSec Functions	ms886690	-
IPSec Migration	aa450068	ee494066
IPSec OS Design Development	aa450069	ee493068
IPSec Reference	ms886691	-
IPSec Registry Settings	aa450070	ee494271
IPSec Samples	aa450071	ee493883
IPSec Security	aa450072	ee493273
IPSec Structures	ms886692	-
IPSec v4	ms898972	-
IPSubnet Element (Poll Request)	ms895152	ee489291
IPSubnets Element (Location Response)	ms895157	ee489119
IP_ADAPTER_ADDRESSES	ms891167	ee493670
IP_ADAPTER_ANYCAST_ADDRESS	ms891168	ee494260
IP_ADAPTER_INDEX_MAP	ms891169	ee493627
IP_ADAPTER_INFO	ms891170	ee495057
IP_ADAPTER_MULTICAST_ADDRESS	ms891171	ee494078
IP_ADAPTER_PREFIX	ms891172	ee495247
IP_ADAPTER_UNICAST_ADDRESS	ms891173	ee494101
IP_ADDRESS_STRING	ms891174	ee493829
IP_ADDR_STRING	ms891175	ee494680
IP_DAD_STATE	ms891176	ee493296
IP_INTERFACE_INFO	ms891177	ee494671
IP_NAT_DIRECTION	ms885682	ee488393
IP_NAT_REGISTER_EDITOR	ms885683	ee488577
IP_NAT_SESSION_MAPPING_STATISTICS	ms885684	ee488635
IP_OPTION_INFORMATION	ms891178	ee493644
IP_PER_ADAPTER_INFO	ms891179	ee494900
IP_PREFIX_ORIGIN	ms891180	ee493857
IP_SUFFIX_ORIGIN	aa450430	ee494713
IP_UNIDIRECTIONAL_ADAPTER_ADDRESS	aa450431	ee494663
IParseDisplayName	ms882935	-
IParseDisplayName::ParseDisplayName	ms882936	ee489443
IPegasusFileFilter::FilterOptions	aa514316	ee487135
IPegasusFileFilter::FormatMessage	aa514319	ee483689
IPegasusFileFilter::NextConvertFile	aa514323	ee484794
IPegasusFileFilterSite::CloseDestinationFile	aa514325	ee483526
IPegasusFileFilterSite::CloseSourceFile	aa514327	ee485379
IPegasusFileFilterSite::OpenDestinationFile	aa514331	ee486607
IPegasusFileFilterSite::OpenSourceFile	aa514332	ee486826
IPegasusFileFilterSite::ReportLoss	aa514335	ee484536
IPegasusFileFilterSite::ReportProgress	aa514336	ee484495
IPersist	ms883610	-
IPersist::GetClassID	ms883501	ee488957
IPersistFile	ms882939	-
IPersistFile::GetCurFile	ms882937	ee488126
IPersistFile::IsDirty	ms882938	ee487902
IPersistFile::Load	ms882940	ee489641
IPersistFile::Save	ms882941	ee489629
IPersistFile::SaveCompleted	ms883493	ee488727
IPersistFolder	ms909860	-
IPersistFolder::Initialize	ms909861	ee500578
IPersistMoniker	ms918766	-
IPersistMoniker::GetClassID	ms918775	ee491794
IPersistMoniker::GetCurMoniker	ms918789	ee491803
IPersistMoniker::IsDirty	ms918798	ee492835
IPersistMoniker::Load	ms918800	ee492090
IPersistMoniker::Save	ms918801	ee492005
IPersistMoniker::SaveCompleted	ms918802	ee491994
IPersistPropertyBag::InitNew	ms883625	ee489462
IPersistPropertyBag::Load	ms883649	ee487870
IPersistPropertyBag::Save	ms883662	ee489040
IPersistPropertyBag:IPersist	ms883639	-
IPersistStorage	ms883697	-
IPersistStorage::HandsOffStorage	ms883673	ee487682
IPersistStorage::InitNew	ms883686	ee489206
IPersistStorage::IsDirty	ms883704	ee487764
IPersistStorage::Load	ms883717	ee488466
IPersistStorage::Save	ms883726	ee488951
IPersistStorage::SaveCompleted	ms883737	ee489214
IPersistStream	ms883820	-
IPersistStream URL Moniker Implementation	ms883866	ee488302
IPersistStream::GetSizeMax	ms883746	ee488545
IPersistStream::IsDirty	ms883830	ee488313
IPersistStream::Load	ms883840	ee487878
IPersistStream::Save	ms883850	ee489002
IPersistStreamInit	ms883776	-
IPersistStreamInit::GetSizeMax	ms883758	ee488310
IPersistStreamInit::InitNew	ms883767	ee489593
IPersistStreamInit::IsDirty	ms883784	ee489167
IPersistStreamInit::Load	ms883792	ee487928
IPersistStreamInit::Save	ms883806	ee488698
IPin Interface	ms912308	-
IPin::BeginFlush	ms912246	ee493802
IPin::Connect	ms912252	ee493119
IPin::ConnectedTo	ms912262	ee495351
IPin::ConnectionMediaType	ms912270	ee493564
IPin::Disconnect	ms912278	ee495229
IPin::EndFlush	ms912286	ee493367
IPin::EndOfStream	ms912294	ee495244
IPin::EnumMediaTypes	ms912300	ee494786
IPin::NewSegment	ms912310	ee495286
IPin::QueryAccept	ms912318	ee492749
IPin::QueryDirection	ms912328	ee496121
IPin::QueryId	ms912337	ee493390
IPin::QueryInternalConnections	ms912346	ee495021
IPin::QueryPinInfo	ms912352	ee492485
IPin::ReceiveConnection	ms931694	ee493310
IProgressNotify	ms884230	-
IProgressNotify::OnProgress	ms884240	ee489458
IPropertyBag	ms884251	-
IPropertyBag::Read	ms884257	ee488084
IPropertyBag::Write	ms884267	ee487845
IPropertyBagEnum	ms900498	-
IPropertyBagEnum::Clone	ms900502	ee493651
IPropertyBagEnum::Next	ms900507	ee493909
IPropertyBagEnum::Reset	ms900511	ee494326
IPropertyBagEnum::Skip	ms900514	ee493656
IProvideClassInfo	ms884324	-
IProvideClassInfo2	ms884290	-
IProvideClassInfo2::GetGUID	ms884278	ee487856
IProvideClassInfo::GetClassInfo	ms884308	ee488121
IPv4-only Client Code	aa450073	ee494228
IPv4-only Server Code	aa450074	ee494674
IPv4-only Source Code Examples	ms898973	-
IPv6	aa450077	-
IPv6 Address Autoconfiguration	aa450078	ee493648
IPv6 Addresses	aa450079	ee494662
IPv6 Addresses to Configure	aa450081	ee495055
IPv6 Addressing	aa450044	-
IPv6 Application Development	aa450087	-
IPv6 Characteristics	aa450084	ee495062
IPv6 Implementations	aa450083	-
IPv6 Interface Identifiers	aa450085	ee493264
IPv6 OS Design Development	ms898975	-
IPv6 Overview	aa450086	ee494526
IPv6 Packets	aa450045	ee494028
IPv6 RFCs and Internet Drafts	aa450089	ee494661
IPv6 References	aa450088	ee494704
IPv6 Security	aa450090	ee494871
IPv6 Test Lab Requirements	aa450091	ee493069
IPv6 Traffic Between Nodes in Different Sites Across the Internet (6to4)	aa450092	ee494937
IPv6 Traffic Between Nodes on Different Subnets of an IPv4 Internetwork	aa450093	ee493677
IPv6 Traffic Between Nodes on Different Subnets of an IPv6 Internetwork	aa450094	ee494897
IPv6 adu	aa450432	ee493050
IPv6 and IPv4 Coexistence	aa450080	ee495084
IPv6 dp6dns	ms900518	ee494450
IPv6 dp6domain	ms900530	ee493105
IPv6 dp6enum	ms900531	ee493680
IPv6 dp6pd	ms900540	ee493243
IPv6 dp6rf	ms900542	ee494525
IPv6 gp	aa450433	ee495070
IPv6 gpu	aa450434	ee495076
IPv6 gpu MaxTempDADAttempts	aa450435	ee493428
IPv6 gpu MaxTempLifetime	aa450436	ee494499
IPv6 gpu MaxTempRandomTime	aa450437	ee494469
IPv6 gpu NeighborCacheLimit	aa450438	ee494087
IPv6 gpu RouteCacheLimit	aa450439	ee493696
IPv6 gpu TempRandomTime	aa450440	ee494086
IPv6 gpu TempRegenerateTime	aa450441	ee493862
IPv6 gpu UseTemporaryAddresses	aa450442	ee494455
IPv6 if	aa450443	ee494125
IPv6 ifc	aa450445	ee494046
IPv6 ifd	aa450446	ee494707
IPv6 nc	aa450447	ee493072
IPv6 ncf	aa450448	ee493211
IPv6 ppd	aa450449	ee494088
IPv6 ppt	aa450450	ee493667
IPv6 ppu	aa450451	ee493234
IPv6 rc	aa450452	ee493669
IPv6 rcf	aa450453	ee493882
IPv6 renew	aa450454	ee493826
IPv6 rlu	aa450455	ee493899
IPv6 rt	aa450456	ee493052
IPv6 rtu	aa450457	ee493259
IPv6 spt	aa450458	ee495249
IPv6 spu	aa450459	ee493847
IPv6-Enabled Client Code	aa450075	ee495106
IPv6-Enabled Server Code	aa450076	ee493102
IPv6tun	aa450460	ee494453
IQualProp Interface	ms931802	-
IQualProp::get_AvgFrameRate	ms931726	ee496114
IQualProp::get_AvgSyncOffset	ms931785	ee496032
IQualProp::get_DevSyncOffset	ms931794	ee492336
IQualProp::get_FramesDrawn	ms931798	ee492377
IQualProp::get_FramesDroppedInRenderer	ms931799	ee494804
IQualProp::get_Jitter	ms931801	ee494411
IQualityControl Interface	ms931702	-
IQualityControl::Notify	ms931711	ee495474
IQualityControl::SetSink	ms931717	ee494966
IRAPIStream::GetRapiStat	aa514340	ee497212
IRAPIStream::SetRapiStat	aa514342	ee496565
IRDA Miniport Drivers	ms892464	ee483850
IROTData	ms884588	-
IROTData::GetComparisonData	ms884587	ee488518
IRTCBuddy	ms930117	-
IRTCBuddy2	ms909311	-
IRTCBuddy2::EnumerateGroups	ms909308	ee499548
IRTCBuddy2::EnumeratePresenceDevices	ms909309	ee499635
IRTCBuddy2::Groups	ms909310	ee499297
IRTCBuddy2::PresenceDevices	ms909312	ee501590
IRTCBuddy2::PresenceProperty	ms909313	ee499893
IRTCBuddy2::Profile	ms909314	ee500979
IRTCBuddy2::Refresh	ms909315	ee501585
IRTCBuddy2::SubscriptionType	ms909316	ee500712
IRTCBuddy::Notes	ms930128	ee499584
IRTCBuddy::Status	ms930134	ee501291
IRTCBuddyEvent	ms909322	-
IRTCBuddyEvent2	ms909318	-
IRTCBuddyEvent2::EventType	ms909317	ee499236
IRTCBuddyEvent2::StatusCode	ms909319	ee499557
IRTCBuddyEvent2::StatusText	ms909320	ee500703
IRTCBuddyEvent::Buddy	ms909321	ee501550
IRTCBuddyGroup	ms909657	-
IRTCBuddyGroup::AddBuddy	ms909323	ee500113
IRTCBuddyGroup::Buddies	ms909324	ee499591
IRTCBuddyGroup::Data	ms909325	ee501037
IRTCBuddyGroup::EnumerateBuddies	ms909326	ee500671
IRTCBuddyGroup::Name	ms929968	ee501287
IRTCBuddyGroup::Profile	ms930098	ee501534
IRTCBuddyGroup::RemoveBuddy	ms930105	ee500347
IRTCBuddyGroupEvent	ms909457	-
IRTCBuddyGroupEvent::Buddy	ms909327	ee499564
IRTCBuddyGroupEvent::EventType	ms909328	ee500976
IRTCBuddyGroupEvent::Group	ms909329	ee499862
IRTCBuddyGroupEvent::StatusCode	ms909548	ee500135
IRTCClient	ms910065	-
IRTCClient2	ms930238	-
IRTCClient2::AllowedPorts	ms909665	ee501350
IRTCClient2::AnswerMode	ms909769	ee501349
IRTCClient2::ClientCurVer	ms909780	ee500129
IRTCClient2::ClientName	ms909789	ee500101
IRTCClient2::CreateSessionWithDescription	ms909800	ee500418
IRTCClient2::InitializeEx	ms909809	ee501529
IRTCClient2::InvokeTuningWizardEx	ms909899	ee499616
IRTCClient2::PreferredSecurityLevel	ms930346	ee499241
IRTCClient2::SetSessionDescriptionManager	ms930435	ee499865
IRTCClient2::Version	ms930643	ee500391
IRTCClient::ActiveMedia	ms910041	ee500439
IRTCClient::AudioMuted	ms910051	ee499604
IRTCClient::CreateSession	ms910054	ee501551
IRTCClient::EventFilter	ms910058	ee500739
IRTCClient::IVideoWindow	ms910066	ee501498
IRTCClient::Initialize	ms910061	ee501378
IRTCClient::InvokeTuningWizard	ms910062	ee500646
IRTCClient::IsT120AppletRunning	ms910063	ee500112
IRTCClient::IsTuned	ms910064	ee499607
IRTCClient::ListenForIncomingSessions	ms910067	ee501686
IRTCClient::LocalUserName	ms910068	ee500668
IRTCClient::LocalUserURI	ms910069	ee500977
IRTCClient::MaxBitrate	ms910071	ee499886
IRTCClient::MediaCapabilities	ms910072	ee500365
IRTCClient::NetworkAddresses	ms910073	ee500658
IRTCClient::NetworkQuality	ms910074	ee500657
IRTCClient::PlayRing	ms910075	ee499290
IRTCClient::PreferredAEC	ms910080	-
IRTCClient::PreferredAudioDevice	ms910081	ee500994
IRTCClient::PreferredMediaTypes	ms910082	ee500705
IRTCClient::PreferredVideoDevice	ms910083	ee500433
IRTCClient::PreferredVolume	ms910084	ee501603
IRTCClient::PrepareForShutdown	ms910085	ee500990
IRTCClient::SendDTMF	ms910129	ee500374
IRTCClient::SetPreferredMediaTypes	ms910130	ee499594
IRTCClient::Shutdown	ms910131	ee501717
IRTCClient::StartT120Applet	ms910132	ee501542
IRTCClient::StopT120Applets	ms910133	ee501342
IRTCClient::TemporalSpatialTradeOff	ms910134	ee500385
IRTCClient::Volume	ms910135	ee499606
IRTCClientEvent	ms910059	-
IRTCClientEvent::Client	ms910055	ee499293
IRTCClientEvent::EventType	ms910056	ee499860
IRTCClientPortManagement	ms910077	-
IRTCClientPortManagement::GetPortRange	ms910076	ee501313
IRTCClientPortManagement::StartListenAddressAndPort	ms910078	ee500359
IRTCClientPortManagement::StopListenAddressAndPort	ms910079	ee500718
IRTCClientPresence	ms910110	-
IRTCClientPresence2	ms910096	-
IRTCClientPresence2::AddBuddyEx	ms910086	ee500710
IRTCClientPresence2::AddGroup	ms910087	ee500651
IRTCClientPresence2::AddWatcherEx	ms910088	ee500350
IRTCClientPresence2::DisablePresence	ms910089	ee499884
IRTCClientPresence2::EnablePresenceEx	ms910090	ee501327
IRTCClientPresence2::EnumerateGroups	ms910091	ee499260
IRTCClientPresence2::GetLocalPresenceInfo	ms910092	ee500724
IRTCClientPresence2::GetPresenceData	ms910093	ee499626
IRTCClientPresence2::Group	ms910094	ee501688
IRTCClientPresence2::Groups	ms910095	ee500128
IRTCClientPresence2::PresenceProperty	ms910097	ee500683
IRTCClientPresence2::RemoveGroup	ms910098	ee499567
IRTCClientPresence2::SetPresenceData	ms910099	ee499605
IRTCClientPresence2::WatcherEx	ms910100	ee499252
IRTCClientPresence::AddBuddy	ms910101	ee499251
IRTCClientPresence::AddWatcher	ms910102	ee500386
IRTCClientPresence::Buddies	ms910103	ee500368
IRTCClientPresence::Buddy	ms910104	ee499332
IRTCClientPresence::EnablePresence	ms910105	ee501010
IRTCClientPresence::EnumerateBuddies	ms910106	ee499322
IRTCClientPresence::EnumerateWatchers	ms910107	ee501320
IRTCClientPresence::Export	ms910108	ee499313
IRTCClientPresence::Import	ms910109	ee500969
IRTCClientPresence::OfferWatcherMode	ms910112	ee500432
IRTCClientPresence::PrivacyMode	ms910113	ee500353
IRTCClientPresence::RemoveBuddy	ms910114	ee501355
IRTCClientPresence::RemoveWatcher	ms910115	ee501604
IRTCClientPresence::SetLocalPresenceInfo	ms910116	ee501714
IRTCClientPresence::Watcher	ms910117	ee499613
IRTCClientPresence::Watchers	ms910118	ee499625
IRTCClientProvisioning	ms910126	-
IRTCClientProvisioning2	ms910120	-
IRTCClientProvisioning2::EnableProfileEx	ms910119	ee501042
IRTCClientProvisioning::CreateProfile	ms910121	ee500401
IRTCClientProvisioning::DisableProfile	ms910122	ee501654
IRTCClientProvisioning::EnableProfile	ms910123	ee499876
IRTCClientProvisioning::EnumerateProfiles	ms910124	ee501579
IRTCClientProvisioning::GetProfile	ms910125	ee500437
IRTCClientProvisioning::Profiles	ms910127	ee499620
IRTCClientProvisioning::SessionCapabilities	ms910128	ee499547
IRTCCollection	ms930821	-
IRTCCollection::Count	ms930755	ee499841
IRTCCollection::Item	ms930835	ee500672
IRTCCollection::_NewEnum	ms930842	ee501046
IRTCEnumBuddies	ms930859	-
IRTCEnumBuddies::Clone	ms930851	ee501572
IRTCEnumBuddies::Next	ms930867	ee500699
IRTCEnumBuddies::Reset	ms930877	ee500421
IRTCEnumBuddies::Skip	ms930885	ee500130
IRTCEnumGroups	ms930900	-
IRTCEnumGroups::Clone	ms930893	ee501015
IRTCEnumGroups::Next	ms910271	ee501348
IRTCEnumGroups::Reset	ms910302	ee500986
IRTCEnumGroups::Skip	ms910310	ee500119
IRTCEnumParticipants	ms910330	-
IRTCEnumParticipants::Clone	ms910323	ee499561
IRTCEnumParticipants::Next	ms910340	ee501351
IRTCEnumParticipants::Reset	ms910350	ee499599
IRTCEnumParticipants::Skip	ms910356	ee499595
IRTCEnumPresenceDevices	ms910372	-
IRTCEnumPresenceDevices::Clone	ms910365	ee499870
IRTCEnumPresenceDevices::Next	ms910377	ee499861
IRTCEnumPresenceDevices::Reset	ms910387	ee499240
IRTCEnumPresenceDevices::Skip	ms910391	ee501033
IRTCEnumProfiles	ms910402	-
IRTCEnumProfiles::Clone	ms910397	ee500730
IRTCEnumProfiles::Next	ms910408	ee501343
IRTCEnumProfiles::Reset	ms910413	ee500124
IRTCEnumProfiles::Skip	ms910417	ee500346
IRTCEnumUserSearchResults	ms910432	-
IRTCEnumUserSearchResults::Clone	ms910426	ee499602
IRTCEnumUserSearchResults::Next	ms910437	ee500116
IRTCEnumUserSearchResults::Reset	ms910443	ee499304
IRTCEnumUserSearchResults::Skip	ms910452	ee500136
IRTCEnumWatchers	ms910454	-
IRTCEnumWatchers::Clone	ms910453	ee499269
IRTCEnumWatchers::Next	ms910455	ee501629
IRTCEnumWatchers::Reset	ms910456	ee500985
IRTCEnumWatchers::Skip	ms910457	ee501032
IRTCEventNotification	ms910459	-
IRTCEventNotification::Event	ms910458	ee499580
IRTCInfoEvent	ms910460	-
IRTCInfoEvent::Info	ms910461	ee499238
IRTCInfoEvent::InfoHeader	ms910462	ee499329
IRTCInfoEvent::Participant	ms910463	ee500674
IRTCInfoEvent::Session	ms910464	ee501017
IRTCIntensityEvent	ms910466	-
IRTCIntensityEvent::Direction	ms910465	ee499847
IRTCIntensityEvent::Level	ms910467	ee499266
IRTCIntensityEvent::Max	ms910468	ee499302
IRTCIntensityEvent::Min	ms910469	ee501539
IRTCMediaEvent::EventReason	ms910470	ee500665
IRTCMediaEvent::EventType	ms910471	ee500125
IRTCMediaEvent::MediaType	ms910473	ee500375
IRTCMediaEvent:IDispatch	ms910472	-
IRTCMediaRequestEvent	ms910476	-
IRTCMediaRequestEvent::Accept	ms910474	ee500967
IRTCMediaRequestEvent::CurrentMedia	ms910475	ee499597
IRTCMediaRequestEvent::ProposedMedia	ms910477	ee501554
IRTCMediaRequestEvent::Reject	ms910478	ee499537
IRTCMediaRequestEvent::RemotePreferredSecurityLevel	ms910479	ee500972
IRTCMediaRequestEvent::Session	ms910480	ee500681
IRTCMediaRequestEvent::State	ms910481	ee499271
IRTCMessagingEvent	ms910483	-
IRTCMessagingEvent::EventType	ms910482	ee500107
IRTCMessagingEvent::Message	ms910484	ee500685
IRTCMessagingEvent::MessageHeader	ms910485	ee500708
IRTCMessagingEvent::Participant	ms910486	ee499316
IRTCMessagingEvent::Session	ms910487	ee499588
IRTCMessagingEvent::UserStatus	ms910488	ee501719
IRTCParticipant	ms910489	-
IRTCParticipant::Name	ms910490	ee500435
IRTCParticipant::Removable	ms910491	ee499632
IRTCParticipant::Session	ms910492	ee499263
IRTCParticipant::State	ms910493	ee501369
IRTCParticipant::UserURI	ms910498	ee499551
IRTCParticipantStateChangeEvent	ms910494	-
IRTCParticipantStateChangeEvent::Participant	ms910495	ee499291
IRTCParticipantStateChangeEvent::State	ms910496	ee501703
IRTCParticipantStateChangeEvent::StatusCode	ms910497	ee501286
IRTCPortManager	ms910500	-
IRTCPortManager::GetMapping	ms910499	ee499274
IRTCPortManager::ReleaseMapping	ms910501	ee499627
IRTCPortManager::UpdateRemoteAddress	ms910502	ee501548
IRTCPresenceContact	ms910504	-
IRTCPresenceContact::Data	ms910503	ee499292
IRTCPresenceContact::Name	ms910505	ee499309
IRTCPresenceContact::Persistent	ms910506	ee499621
IRTCPresenceContact::PresentityURI	ms910507	ee499545
IRTCPresenceDataEvent	ms910509	-
IRTCPresenceDataEvent::GetPresenceData	ms910508	ee500663
IRTCPresenceDataEvent::StatusCode	ms910510	ee501354
IRTCPresenceDataEvent::StatusText	ms910511	ee500105
IRTCPresenceDevice	ms910513	-
IRTCPresenceDevice::GetPresenceData	ms910512	ee501496
IRTCPresenceDevice::Notes	ms910514	ee499576
IRTCPresenceDevice::PresenceProperty	ms910515	ee499536
IRTCPresenceDevice::Status	ms910516	ee499538
IRTCPresencePropertyEvent	ms910517	-
IRTCPresencePropertyEvent::PresenceProperty	ms910518	ee499245
IRTCPresencePropertyEvent::StatusCode	ms910647	ee500960
IRTCPresencePropertyEvent::StatusText	ms910714	ee500706
IRTCPresencePropertyEvent::Value	ms910716	ee501361
IRTCPresenceStatusEvent	ms910727	-
IRTCPresenceStatusEvent::GetLocalPresenceInfo	ms910723	ee501047
IRTCPresenceStatusEvent::StatusCode	ms910732	ee500442
IRTCPresenceStatusEvent::StatusText	ms910739	ee499593
IRTCProfile	ms910818	-
IRTCProfile2	ms910746	-
IRTCProfile2::AllowedAuth	ms910743	ee499589
IRTCProfile2::Realm	ms910751	ee500132
IRTCProfile::ClientBanner	ms910755	ee501565
IRTCProfile::ClientCurVer	ms910763	ee501379
IRTCProfile::ClientData	ms910765	ee501588
IRTCProfile::ClientMinVer	ms910773	ee500393
IRTCProfile::ClientName	ms910779	ee500390
IRTCProfile::ClientUpdateURI	ms910783	ee500670
IRTCProfile::Key	ms910822	ee499262
IRTCProfile::Name	ms910829	ee501595
IRTCProfile::ProviderData	ms910834	ee499283
IRTCProfile::ProviderName	ms910840	ee501536
IRTCProfile::ProviderURI	ms910842	ee499890
IRTCProfile::SessionCapabilities	ms910847	ee499308
IRTCProfile::SetCredentials	ms910854	ee501341
IRTCProfile::State	ms910856	ee499554
IRTCProfile::UserAccount	ms910861	ee501540
IRTCProfile::UserName	ms910869	ee501282
IRTCProfile::UserURI	ms910874	ee500737
IRTCProfile::XML	ms910875	ee500133
IRTCProfileEvent	ms910804	-
IRTCProfileEvent2	ms910794	-
IRTCProfileEvent2::EventType	ms910785	ee501317
IRTCProfileEvent::Cookie	ms910798	ee500120
IRTCProfileEvent::Profile	ms910808	ee501492
IRTCProfileEvent::StatusCode	ms910813	ee501304
IRTCReInviteEvent	ms910883	-
IRTCReInviteEvent::Accept	ms910881	ee501685
IRTCReInviteEvent::GetRemoteSessionDescription	ms910882	ee500395
IRTCReInviteEvent::Reject	ms910884	ee501334
IRTCReInviteEvent::Session	ms910885	ee500414
IRTCReInviteEvent::State	ms910886	ee500684
IRTCRegistrationStateChangeEvent	ms910876	-
IRTCRegistrationStateChangeEvent::Profile	ms910877	ee500377
IRTCRegistrationStateChangeEvent::State	ms910878	ee500726
IRTCRegistrationStateChangeEvent::StatusCode	ms910879	ee500104
IRTCRegistrationStateChangeEvent::StatusText	ms910880	ee500664
IRTCRoamingEvent	ms910889	-
IRTCRoamingEvent::EventType	ms910887	ee500993
IRTCRoamingEvent::Profile	ms910890	ee501005
IRTCRoamingEvent::StatusCode	ms910891	ee501510
IRTCRoamingEvent::StatusText	ms910892	ee501305
IRTCSession	ms910916	-
IRTCSession2	ms910894	-
IRTCSession2::AnswerWithSessionDescription	ms910893	ee500122
IRTCSession2::IsSecurityEnabled	ms910895	ee501372
IRTCSession2::PreferredSecurityLevel	ms910896	ee501331
IRTCSession2::ReInviteWithSessionDescription	ms910897	ee501027
IRTCSession2::SendInfo	ms910898	ee501001
IRTCSession::AddParticipant	ms910899	ee501002
IRTCSession::AddStream	ms910900	ee500106
IRTCSession::Answer	ms910901	ee500382
IRTCSession::CanAddParticipants	ms910910	ee499843
IRTCSession::Client	ms910911	ee500376
IRTCSession::EncryptionKey	ms910914	ee499568
IRTCSession::EnumerateParticipants	ms910915	ee500693
IRTCSession::NextRedirectedUser	ms910917	ee500714
IRTCSession::Participants	ms910926	ee499622
IRTCSession::Profile	ms910929	ee500364
IRTCSession::Redirect	ms910930	ee499614
IRTCSession::RedirectedUserName	ms910931	ee500991
IRTCSession::RedirectedUserURI	ms910932	ee500103
IRTCSession::RemoveParticipant	ms930927	ee500134
IRTCSession::RemoveStream	ms930933	ee500989
IRTCSession::SendMessage	ms930939	ee501516
IRTCSession::SendMessageStatus	ms930943	ee500654
IRTCSession::State	ms930950	ee501706
IRTCSession::Terminate	ms931149	ee499612
IRTCSession::Type	ms931166	ee499885
IRTCSessionCallControl	ms910905	-
IRTCSessionCallControl::Forward	ms910902	ee500398
IRTCSessionCallControl::Hold	ms910903	ee500379
IRTCSessionCallControl::IsReferred	ms910904	ee499633
IRTCSessionCallControl::Refer	ms910906	ee500384
IRTCSessionCallControl::ReferCookie	ms910907	ee500370
IRTCSessionCallControl::ReferredByURI	ms910908	ee499578
IRTCSessionCallControl::UnHold	ms910909	ee501557
IRTCSessionDescriptionManager	ms910913	-
IRTCSessionDescriptionManager::EvaluateSessionDescription	ms910912	ee501028
IRTCSessionOperationCompleteEvent	ms910922	-
IRTCSessionOperationCompleteEvent2	ms910919	-
IRTCSessionOperationCompleteEvent2::GetRemoteSessionDescription	ms910918	ee501003
IRTCSessionOperationCompleteEvent2::Participant	ms910920	ee499255
IRTCSessionOperationCompleteEvent::Cookie	ms910921	ee500966
IRTCSessionOperationCompleteEvent::Session	ms910923	ee500371
IRTCSessionOperationCompleteEvent::StatusCode	ms910924	ee501338
IRTCSessionOperationCompleteEvent::StatusText	ms910925	ee499858
IRTCSessionPortManagement	ms910927	-
IRTCSessionPortManagement::SetPortManager	ms910928	ee500978
IRTCSessionReferStatusEvent	ms910941	-
IRTCSessionReferStatusEvent::ReferStatus	ms911220	ee499279
IRTCSessionReferStatusEvent::Session	ms911312	ee500701
IRTCSessionReferStatusEvent::StatusCode	ms930910	ee500647
IRTCSessionReferStatusEvent::StatusText	ms930918	ee500387
IRTCSessionReferredEvent	ms910934	-
IRTCSessionReferredEvent::Accept	ms910933	ee500954
IRTCSessionReferredEvent::ReferCookie	ms910935	ee501371
IRTCSessionReferredEvent::ReferToURI	ms910937	ee499285
IRTCSessionReferredEvent::ReferredByURI	ms910936	ee499289
IRTCSessionReferredEvent::Reject	ms910938	ee501560
IRTCSessionReferredEvent::Session	ms910939	ee499325
IRTCSessionReferredEvent::SetReferredSessionState	ms910940	ee500358
IRTCSessionStateChangeEvent	ms931002	-
IRTCSessionStateChangeEvent2	ms930967	-
IRTCSessionStateChangeEvent2::GetRemoteSessionDescription	ms930958	ee499560
IRTCSessionStateChangeEvent2::IsForked	ms930976	ee501363
IRTCSessionStateChangeEvent2::MediaTypes	ms930984	ee499330
IRTCSessionStateChangeEvent2::RemotePreferredSecurityLevel	ms930993	ee501357
IRTCSessionStateChangeEvent::Session	ms931011	ee501336
IRTCSessionStateChangeEvent::State	ms931017	ee499294
IRTCSessionStateChangeEvent::StatusCode	ms931031	ee501295
IRTCSessionStateChangeEvent::StatusText	ms931043	ee500676
IRTCUserSearch	ms911336	-
IRTCUserSearch::CreateQuery	ms911320	ee500405
IRTCUserSearch::ExecuteSearch	ms911326	ee499312
IRTCUserSearchQuery	ms911340	-
IRTCUserSearchQuery::SearchDomain	ms911348	ee501025
IRTCUserSearchQuery::SearchPreference	ms911359	ee501597
IRTCUserSearchQuery::SearchTerm	ms911365	ee501044
IRTCUserSearchQuery::SearchTerms	ms911377	ee500738
IRTCUserSearchResult	ms911385	-
IRTCUserSearchResult::Value	ms911458	ee501616
IRTCUserSearchResultsEvent::Cookie	ms911392	ee499897
IRTCUserSearchResultsEvent::EnumerateResults	ms911400	ee499324
IRTCUserSearchResultsEvent::MoreAvailable	ms911421	ee499894
IRTCUserSearchResultsEvent::Profile	ms911430	ee501301
IRTCUserSearchResultsEvent::Query	ms911437	ee499573
IRTCUserSearchResultsEvent::Results	ms911445	ee499563
IRTCUserSearchResultsEvent::StatusCode	ms911449	ee501367
IRTCUserSearchResultsEvent:IDispatch	ms911408	-
IRTCWatcher	ms911518	-
IRTCWatcher2	ms911467	-
IRTCWatcher2::Profile	ms911477	ee501522
IRTCWatcher2::Scope	ms911481	ee500394
IRTCWatcher::State	ms911524	ee501340
IRTCWatcherEvent	ms911502	-
IRTCWatcherEvent2	ms911492	-
IRTCWatcherEvent2::EventType	ms911489	ee499553
IRTCWatcherEvent2::StatusCode	ms911496	ee501016
IRTCWatcherEvent::Watcher	ms911509	ee501692
IRecipient	ms884331	-
IRecipient Properties	ms884338	-
IRecipients	ms884470	-
IRecipients Properties	ms884569	-
IRecipients::Add	ms884349	ee486398
IRecipients::Item	ms884359	ee485573
IRecipients::Remove	ms884577	ee483954
IRecurrencePattern	ms884583	-
IRecurrencePattern Properties	ms884584	-
IRecurrencePattern::GetOccurrence	ms884582	ee484321
IReferenceClock Interface	ms931806	-
IReferenceClock::AdvisePeriodic	ms931803	ee496039
IReferenceClock::AdviseTime	ms931804	ee492762
IReferenceClock::GetTime	ms931805	ee494610
IReferenceClock::Unadvise	ms931807	ee495475
IRemoteUIModule	aa450462	-
IRemoteUIModule::Get	aa450463	ee494676
IRemoteUIModule::Init	aa450464	ee493248
IRemoteUIModule::ModuleName	aa450465	ee495052
IRemoteUIModule::NeedHTTPDRestart	aa450466	ee493230
IRemoteUIModule::NeedNetworkRestart	aa450467	ee494492
IRemoteUIModule::Put	aa450468	ee493046
IRemoteUIModule::Reset	aa450469	ee493090
IRemoteUI_Array	aa450470	-
IRemoteUI_Array::AddValue	aa450471	ee493017
IRemoteUI_Array::FindFirstVar	aa450472	ee494044
IRemoteUI_Array::FindNextVar	aa450473	ee494074
IRemoteUI_Array::GetName	aa450474	ee493467
IRemoteUI_Array::GetValue	aa450475	ee494051
IRenderingControl	aa450476	-
IRenderingControl::GetBlueVideoBlackLevel	aa450477	ee499447
IRenderingControl::GetBlueVideoGain	aa450478	ee500774
IRenderingControl::GetBrightness	aa450479	ee498599
IRenderingControl::GetColorTemperature	aa450480	ee498971
IRenderingControl::GetContrast	aa450481	ee499502
IRenderingControl::GetGreenVideoBlackLevel	aa450482	ee500524
IRenderingControl::GetGreenVideoGain	aa450483	ee498958
IRenderingControl::GetHorizontalKeystone	aa450484	ee498490
IRenderingControl::GetLoudness	aa450485	ee498603
IRenderingControl::GetMute	aa450486	ee499203
IRenderingControl::GetRedVideoBlackLevel	aa450487	ee499785
IRenderingControl::GetRedVideoGain	aa450488	ee501226
IRenderingControl::GetSharpness	aa450489	ee501105
IRenderingControl::GetVerticalKeystone	ms890314	ee498693
IRenderingControl::GetVolume	aa450490	ee499783
IRenderingControl::GetVolumeDB	aa450492	ee500215
IRenderingControl::GetVolumeDBRange	aa450493	ee499748
IRenderingControl::InvokeVendorAction	aa450497	ee498493
IRenderingControl::ListPresets	aa450499	ee499807
IRenderingControl::SelectPreset	aa450502	ee499789
IRenderingControl::SetBlueVideoBlackLevel	aa450504	ee501195
IRenderingControl::SetBlueVideoGain	aa450506	ee498903
IRenderingControl::SetBrightness	aa450507	ee499017
IRenderingControl::SetColorTemperature	aa450509	ee499493
IRenderingControl::SetContrast	aa450511	ee500177
IRenderingControl::SetGreenVideoBlackLevel	aa450513	ee500562
IRenderingControl::SetGreenVideoGain	aa450515	ee501124
IRenderingControl::SetHorizontalKeystone	aa450517	ee501279
IRenderingControl::SetLoudness	aa450519	ee499160
IRenderingControl::SetMute	aa450521	ee499216
IRenderingControl::SetRedVideoBlackLevel	aa450523	ee500574
IRenderingControl::SetRedVideoGain	aa450525	ee499441
IRenderingControl::SetSharpness	aa450526	ee498429
IRenderingControl::SetVerticalKeystone	aa450528	ee499195
IRenderingControl::SetVolume	aa450530	ee500213
IRenderingControl::SetVolumeDB	aa450532	ee500636
IRenderingControlImpl	aa450495	ee498641
IReplNotify::GetWindow	aa514343	ee487196
IReplNotify::OnItemCompleted	aa514347	ee484083
IReplNotify::OnItemNotify	aa514350	ee484979
IReplNotify::QueryDevice	aa514352	ee487070
IReplNotify::SetStatusText	aa514354	ee485141
IReplObjHandler::DeleteObj	aa514356	ee485363
IReplObjHandler::GetPacket	aa514357	ee485734
IReplObjHandler::Reset	aa514361	ee484734
IReplObjHandler::SetPacket	aa514363	ee483306
IReplObjHandler::Setup	aa514365	ee487079
IReplStore::ActivateDialog	aa514367	ee485576
IReplStore::BytesToObject	aa514370	ee487209
IReplStore::CompareItem	aa514372	ee484332
IReplStore::CompareStoreIDs	aa514374	ee485603
IReplStore::CopyObject	aa514376	ee484731
IReplStore::FindFirstItem	aa514378	ee483746
IReplStore::FindItemClose	aa514380	ee486784
IReplStore::FindNextItem	aa514381	ee483727
IReplStore::FreeObject	aa514384	ee486804
IReplStore::GetConflictInfo	aa514386	ee484584
IReplStore::GetFolderInfo	aa514388	ee483753
IReplStore::GetObjTypeUIData	aa514389	ee487225
IReplStore::GetStoreInfo	aa514391	ee484543
IReplStore::Initialize	aa514393	ee486358
IReplStore::IsFolderChanged	aa514395	ee484969
IReplStore::IsItemChanged	aa514396	ee486835
IReplStore::IsItemReplicated	aa514398	ee487084
IReplStore::IsValidObject	aa514400	ee484930
IReplStore::ObjectToBytes	aa514403	ee483750
IReplStore::RemoveDuplicates	aa514406	ee484320
IReplStore::ReportStatus	aa514407	ee483937
IReplStore::UpdateItem	aa514409	ee485721
IRootStorage	ms884585	-
IRootStorage::SwitchToFile	ms884586	ee489510
IRunnableObject	ms884591	-
IRunnableObject::GetRunningClass	ms884589	ee488124
IRunnableObject::IsRunning	ms884590	ee488047
IRunnableObject::LockRunning	ms884593	ee488483
IRunnableObject::Run	ms884594	ee489364
IRunnableObject::SetContainedObject	ms884595	ee488978
IRunningObjectTable	ms884601	-
IRunningObjectTable::EnumRunning	ms884596	ee488129
IRunningObjectTable::GetObject	ms884597	ee488470
IRunningObjectTable::GetTimeOfLastChange	ms884598	ee489217
IRunningObjectTable::IsRunning	ms884600	ee489147
IRunningObjectTable::NoteChangeTime	ms884602	ee488481
IRunningObjectTable::Register	ms884603	ee489035
IRunningObjectTable::Revoke	ms884604	ee489686
ISAPI Extension Functions	aa450095	ee500485
ISAPI Extensions	aa450096	-
ISAPI Extensions, Filters, and Script Mapping	aa450097	-
ISAPI Filter Functions	aa450098	ee499787
ISAPI Filters	aa450099	-
ISAPI Filters and HTTP Headers	aa450100	ee498423
ISAPI Script Mapping	aa450101	ee499507
ISAXAttributes	ms884618	-
ISAXAttributes::getIndexFromName Method	ms884605	ee503538
ISAXAttributes::getIndexFromQName Method	ms884606	ee502041
ISAXAttributes::getLength Method	ms884607	ee503384
ISAXAttributes::getLocalName Method	ms884608	ee502081
ISAXAttributes::getName Method	ms884609	ee503448
ISAXAttributes::getQName Method	ms884610	ee502330
ISAXAttributes::getType Method	ms884613	ee502095
ISAXAttributes::getTypeFromName Method	ms884611	ee502073
ISAXAttributes::getTypeFromQName Method	ms884612	ee502079
ISAXAttributes::getURI Method	ms884614	ee502017
ISAXAttributes::getValue Method	ms884617	ee503160
ISAXAttributes::getValueFromName Method	ms884615	ee502778
ISAXAttributes::getValueFromQName Method	ms884616	ee502022
ISAXContentHandler	ms885246	-
ISAXContentHandler::characters Method	ms884619	ee502098
ISAXContentHandler::endDocument Method	ms885122	ee503434
ISAXContentHandler::endElement Method	ms885225	ee503480
ISAXContentHandler::endPrefixMapping Method	ms885233	ee503030
ISAXContentHandler::ignorableWhitespace Method	ms885241	ee503103
ISAXContentHandler::processingInstruction Method	ms885252	ee502094
ISAXContentHandler::putDocumentLocator Method	ms885259	ee502380
ISAXContentHandler::skippedEntity Method	ms885268	ee502390
ISAXContentHandler::startDocument Method	ms885277	ee503048
ISAXContentHandler::startElement Method	ms885287	ee502403
ISAXContentHandler::startPrefixMapping Method	ms885291	ee502412
ISAXDTDHandler	ms885321	-
ISAXDTDHandler::notationDecl Method	ms885329	ee503501
ISAXDTDHandler::unparsedEntityDecl Method	ms885338	ee502797
ISAXDeclHandler	ms885316	-
ISAXDeclHandler::attributeDecl Method	ms885297	ee502768
ISAXDeclHandler::elementDecl Method	ms885302	ee502059
ISAXDeclHandler::externalEntityDecl Method	ms885304	ee502012
ISAXDeclHandler::internalEntityDecl Method	ms885310	ee502057
ISAXEntityResolver	ms885345	-
ISAXEntityResolver::resolveEntity Method	ms885348	ee502770
ISAXErrorHandler	ms885380	-
ISAXErrorHandler::error Method	ms885356	ee502087
ISAXErrorHandler::fatalError Method	ms885365	ee503371
ISAXErrorHandler::ignorableWarning Method	ms885371	ee502420
ISAXLexicalHandler	ms885417	-
ISAXLexicalHandler::comment Method	ms885384	ee502716
ISAXLexicalHandler::endCDATA Method	ms885393	ee502019
ISAXLexicalHandler::endDTD Method	ms885400	ee502365
ISAXLexicalHandler::endEntity Method	ms885408	ee502805
ISAXLexicalHandler::startCDATA Method	ms885428	ee503052
ISAXLexicalHandler::startDTD Method	ms885437	ee502018
ISAXLexicalHandler::startEntity Method	ms885446	ee503077
ISAXLocator	ms885485	-
ISAXLocator::getColumnNumber Method	ms885459	ee502678
ISAXLocator::getLineNumber Method	ms885463	ee502410
ISAXLocator::getPublicId Method	ms885470	ee503489
ISAXLocator::getSystemId Method	ms885479	ee502053
ISAXXMLFilter	ms885500	-
ISAXXMLFilter::getParent Method	ms885492	ee502625
ISAXXMLFilter::putParent Method	ms885506	ee503133
ISAXXMLReader	ms885880	-
ISAXXMLReader::getBaseURL Method	ms885514	ee503398
ISAXXMLReader::getContentHandler Method	ms885592	ee502367
ISAXXMLReader::getDTDHandler Method	ms885696	ee502674
ISAXXMLReader::getEntityResolver Method	ms885764	ee502337
ISAXXMLReader::getErrorHandler Method	ms885832	ee503124
ISAXXMLReader::getFeature Method	ms885845	ee502072
ISAXXMLReader::getProperty Method	ms885855	ee502784
ISAXXMLReader::getSecureBaseURL Method	ms885868	ee502071
ISAXXMLReader::parse Method	ms885896	ee502058
ISAXXMLReader::parseURL Method	ms885909	ee502791
ISAXXMLReader::putBaseURL Method	ms885922	ee503062
ISAXXMLReader::putContentHandler Method	ms885928	ee503382
ISAXXMLReader::putDTDHandler Method	ms885941	ee502321
ISAXXMLReader::putEntityResolver Method	ms885950	ee502775
ISAXXMLReader::putErrorHandler Method	ms885961	ee502011
ISAXXMLReader::putFeature Method	ms885972	ee503135
ISAXXMLReader::putProperty Method	ms885985	ee502653
ISAXXMLReader::putSecureBaseURL Method	ms886006	ee503018
ISdpNodeContainer	aa450551	-
ISdpNodeContainer::AppendNode	aa450534	ee495868
ISdpNodeContainer::CreateFromStream	aa450536	ee495919
ISdpNodeContainer::CreateStream	aa450539	ee495414
ISdpNodeContainer::GetNode	aa450540	ee495820
ISdpNodeContainer::GetNodeCount	aa450543	ee495642
ISdpNodeContainer::GetNodeStringData	aa450545	ee495416
ISdpNodeContainer::GetStreamSize	aa450547	ee495440
ISdpNodeContainer::GetType	aa450549	ee495454
ISdpNodeContainer::LockContainer	aa450553	ee495782
ISdpNodeContainer::SetNode	aa450556	ee495812
ISdpNodeContainer::SetType	aa450557	ee495614
ISdpNodeContainer::Walk	aa450560	ee495388
ISdpNodeContainer::WriteStream	aa450562	ee495601
ISdpRecord	aa450590	-
ISdpRecord::CreateFromStream	aa450579	ee495824
ISdpRecord::GetAttribute	aa450582	ee495949
ISdpRecord::GetAttributeAsStream	aa450583	ee495413
ISdpRecord::GetAttributeList	aa450586	ee495647
ISdpRecord::GetServiceClass	aa450588	ee495651
ISdpRecord::SetAttribute	aa450591	ee495841
ISdpRecord::SetAttributeFromStream	aa450593	ee495461
ISdpRecord::Walk	aa450595	ee495842
ISdpRecord::WriteToStream	aa450597	ee495835
ISdpStream	aa450601	-
ISdpStream::ByteSwap*	aa450599	ee495815
ISdpStream::NormalizeUuid	aa450603	ee495678
ISdpStream::Retrieve*	aa450605	ee495429
ISdpStream::RetrieveElementInfo	aa450607	ee495420
ISdpStream::RetrieveRecords	aa450609	ee496031
ISdpStream::Validate	aa450611	ee495367
ISdpStream::VerifySequenceOf	aa450613	ee495431
ISdpStream::Walk	aa450615	ee495785
ISdpWalk	aa450617	-
ISdpWalk::WalkNode	aa450619	ee495928
ISdpWalk::WalkStream	aa450622	ee495390
ISeekingPassThru Interface	ms931811	-
ISeekingPassThru::Init	ms931810	ee496738
ISequentialStream	ms886027	-
ISequentialStream::Read	ms886039	ee488142
ISequentialStream::Write	ms886049	ee489596
IServerSecurity	ms886074	-
IServerSecurity::ImpersonateClient	ms886057	ee487781
IServerSecurity::IsImpersonating	ms886067	ee489509
IServerSecurity::QueryBlanket	ms886085	ee488251
IServerSecurity::RevertToSelf	ms886097	ee487731
IShellFolder	ms909867	-
IShellFolder::BindToObject	ms909868	ee505518
IShellFolder::CompareIDs	ms909869	ee504852
IShellFolder::CreateViewObject	ms909870	ee500549
IShellFolder::EnumObjects	ms909871	ee504145
IShellFolder::GetAttributesOf	ms909872	ee499033
IShellFolder::GetDisplayNameOf	ms909873	ee501912
IShellFolder::GetUIObjectOf	ms909874	ee501993
IShellFolder::ParseDisplayName	ms909875	ee499114
IShellFolder::SetNameOf	ms909876	ee505705
IShellNotificationCallback	ms909877	-
IShellNotificationCallback::OnCommandSelected	ms909878	ee505703
IShellNotificationCallback::OnDismiss	ms909879	ee501149
IShellNotificationCallback::OnLinkSelected	ms909880	ee502569
IShellView	ms909881	-
IShellView::AddPropertySheetPages	ms909882	ee504363
IShellView::CreateViewWindow	ms909883	ee505424
IShellView::DestroyViewWindow	ms909884	ee504151
IShellView::EnableModeless	ms909885	ee502614
IShellView::GetCurrentInfo	ms909886	ee499427
IShellView::GetItemObject	ms909887	ee499092
IShellView::Refresh	ms909889	ee504573
IShellView::SaveViewState	ms909890	ee503762
IShellView::SelectItem	ms909891	ee505251
IShellView::TranslateAccelerator	ms909892	ee504347
IShellView::UIActivate	ms909893	ee505505
ISpAudio	ms886210	-
ISpAudio::EventHandle	ms886219	ee485720
ISpAudio::GetBufferInfo	ms886228	ee486830
ISpAudio::GetBufferNotifySize	ms886240	ee485511
ISpAudio::GetDefaultFormat	ms886253	ee486392
ISpAudio::GetStatus	ms886263	ee486160
ISpAudio::SetBufferInfo	ms886272	ee485611
ISpAudio::SetBufferNotifySize	ms886286	ee486809
ISpAudio::SetFormat	ms886294	ee483501
ISpAudio::SetState	ms886301	ee486601
ISpCFGInterpreter	ms886308	-
ISpCFGInterpreter::InitGrammar	ms886319	ee487255
ISpCFGInterpreter::Interpret	ms886330	ee484935
ISpCFGInterpreterSite	ms886341	-
ISpCFGInterpreterSite::AddProperty	ms886356	ee484697
ISpCFGInterpreterSite::AddTextReplacement	ms886366	ee486831
ISpCFGInterpreterSite::GetResourceValue	ms886462	ee485520
ISpContainerLexicon	ms886478	-
ISpContainerLexicon::AddLexicon	ms886487	ee483547
ISpDataKey	ms886493	-
ISpDataKey::CreateKey	ms886494	ee485614
ISpDataKey::DeleteKey	ms886502	ee487104
ISpDataKey::DeleteValue	ms886614	ee486396
ISpDataKey::EnumKeys	ms886824	ee483341
ISpDataKey::EnumValues	ms886831	ee484092
ISpDataKey::GetDWORD	ms886833	ee484131
ISpDataKey::GetData	ms886832	ee484345
ISpDataKey::GetStringValue	ms886834	ee485750
ISpDataKey::OpenKey	ms886835	ee484347
ISpDataKey::SetDWORD	ms886837	ee483362
ISpDataKey::SetData	ms886836	ee485795
ISpDataKey::SetStringValue	ms886838	ee485163
ISpErrorLog	ms886839	-
ISpErrorLog::AddError	ms886840	ee487154
ISpEventSink	ms886841	-
ISpEventSink::AddEvents	ms886842	ee484572
ISpEventSink::GetEventInterest	ms886843	ee485994
ISpEventSource	ms886844	-
ISpEventSource::GetEvents	ms886845	ee483917
ISpEventSource::GetInfo	ms886846	ee483890
ISpEventSource::SetInterest	ms886847	ee483716
ISpGramCompBackend	ms886848	-
ISpGramCompBackend::InitFromBinaryGrammar	ms886849	ee485930
ISpGramCompBackend::SetSaveObjects	ms886850	ee484723
ISpGrammarBuilder	ms886851	-
ISpGrammarBuilder::AddResource	ms886852	ee486188
ISpGrammarBuilder::AddRuleTransition	ms886853	ee486958
ISpGrammarBuilder::AddWordTransition	ms886854	ee483289
ISpGrammarBuilder::ClearRule	ms886855	ee486388
ISpGrammarBuilder::Commit	ms886856	ee487239
ISpGrammarBuilder::CreateNewState	ms886857	ee485967
ISpGrammarBuilder::GetRule	ms886858	ee487038
ISpGrammarBuilder::ResetGrammar	ms886859	ee487235
ISpGrammarCompiler	ms886860	-
ISpGrammarCompiler::CompileStream	ms886861	ee483773
ISpITNProcessor	ms886862	-
ISpITNProcessor::ITNPhrase	ms886863	ee487302
ISpITNProcessor::LoadITNGrammar	ms886864	ee483723
ISpLexicon	ms886865	-
ISpLexicon::AddPronunciation	ms886866	ee486549
ISpLexicon::GetGeneration	ms886867	ee485949
ISpLexicon::GetGenerationChange	ms886868	ee486335
ISpLexicon::GetPronunciations	ms886869	ee487184
ISpLexicon::GetWords	ms886870	ee487248
ISpLexicon::RemovePronunciation	ms886871	ee486822
ISpMMSysAudio	ms886872	-
ISpMMSysAudio::GetDeviceId	ms886873	ee484976
ISpMMSysAudio::GetLineId	ms886874	ee486172
ISpMMSysAudio::GetMMHandle	ms886875	ee483569
ISpMMSysAudio::Read	ms886876	ee486747
ISpMMSysAudio::SetDeviceId	ms886877	ee486354
ISpMMSysAudio::SetLineId	ms886878	ee485513
ISpMMSysAudio::Write	ms886879	ee484114
ISpNotifyCallback	ms886880	-
ISpNotifyCallback::NotifyCallback	ms886881	ee487237
ISpNotifySink	ms886882	-
ISpNotifySink::Notify	ms886883	ee483721
ISpNotifySource	ms886884	-
ISpNotifySource::GetNotifyEventHandle	ms886885	ee486802
ISpNotifySource::SetNotifyCallbackFunction	ms886886	ee486589
ISpNotifySource::SetNotifyCallbackInterface	ms886887	ee483573
ISpNotifySource::SetNotifySink	ms886889	ee483348
ISpNotifySource::SetNotifyWin32Event	ms886890	ee484292
ISpNotifySource::SetNotifyWindowMessage	ms886891	ee486221
ISpNotifySource::WaitForNotifyEvent	ms886892	ee485590
ISpNotifyTranslator	ms886893	-
ISpNotifyTranslator::GetEventHandle	ms886894	ee483347
ISpNotifyTranslator::InitCallback	ms886895	ee483505
ISpNotifyTranslator::InitSpNotifyCallback	ms886896	ee487208
ISpNotifyTranslator::InitWin32Event	ms886897	ee485799
ISpNotifyTranslator::InitWindowMessage	ms886898	ee486955
ISpNotifyTranslator::Wait	ms886899	ee484112
ISpObjectToken	ms886900	-
ISpObjectToken::CreateInstance	ms886908	ee487130
ISpObjectToken::DisplayUI	ms886909	ee487081
ISpObjectToken::GetCategory	ms886916	ee484343
ISpObjectToken::GetId	ms886917	ee484756
ISpObjectToken::GetStorageFileName	ms886918	ee485780
ISpObjectToken::IsUISupported	ms886921	ee485359
ISpObjectToken::MatchesAttributes	ms886922	ee483957
ISpObjectToken::Remove	ms886923	ee486788
ISpObjectToken::RemoveStorageFileName	ms886924	ee486122
ISpObjectToken::SetId	ms886925	ee484588
ISpObjectTokenCategory	ms886901	-
ISpObjectTokenCategory::EnumTokens	ms886902	ee486132
ISpObjectTokenCategory::GetDataKey	ms886903	ee486778
ISpObjectTokenCategory::GetDefaultTokenId	ms886904	ee483311
ISpObjectTokenCategory::GetId	ms886905	ee484922
ISpObjectTokenCategory::SetDefaultTokenId	ms886906	ee485537
ISpObjectTokenCategory::SetId	ms886907	ee484525
ISpObjectTokenEnumBuilder	ms886910	-
ISpObjectTokenEnumBuilder::AddTokens	ms886911	ee484925
ISpObjectTokenEnumBuilder::AddTokensFromDataKey	ms886912	ee483568
ISpObjectTokenEnumBuilder::AddTokensFromTokenEnum	ms886913	ee486803
ISpObjectTokenEnumBuilder::SetAttribs	ms886914	ee486613
ISpObjectTokenEnumBuilder::Sort	ms886915	ee483267
ISpObjectTokenInit	ms886919	-
ISpObjectTokenInit::InitFromDataKey	ms886920	ee485770
ISpObjectWithToken	ms886926	-
ISpObjectWithToken::GetObjectToken	ms886927	ee487014
ISpObjectWithToken::SetObjectToken	ms886928	ee485383
ISpPhoneConverter	aa517021	-
ISpPhoneConverter::IdToPhone	aa517023	ee485972
ISpPhoneConverter::PhoneToId	aa517156	ee486346
ISpPhrase	aa517159	-
ISpPhrase::Discard	aa517183	ee484570
ISpPhrase::GetPhrase	aa517184	ee487059
ISpPhrase::GetSerializedPhrase	aa517185	ee486370
ISpPhrase::GetText	aa517187	ee485733
ISpPhraseAlt	aa517162	-
ISpPhraseAlt::Commit	aa517165	ee486577
ISpPhraseAlt::GetAltInfo	aa517166	ee483703
ISpPhraseBuilder	aa517169	-
ISpPhraseBuilder::AddElements	aa517171	ee483349
ISpPhraseBuilder::AddProperties	aa517173	ee486742
ISpPhraseBuilder::AddReplacements	aa517176	ee483705
ISpPhraseBuilder::AddRules	aa517178	ee485806
ISpPhraseBuilder::InitFromPhrase	aa517179	ee487233
ISpPhraseBuilder::InitFromSerializedPhrase	aa517181	ee484781
ISpRecoContext	aa517188	-
ISpRecoContext::Bookmark	aa517190	ee487316
ISpRecoContext::CreateGrammar	aa517191	ee483709
ISpRecoContext::DeserializeResult	aa517192	ee485946
ISpRecoContext::GetAudioOptions	aa517193	ee485562
ISpRecoContext::GetContextState	aa517195	ee484168
ISpRecoContext::GetMaxAlternates	aa517196	ee484754
ISpRecoContext::GetRecognizer	aa517199	ee483930
ISpRecoContext::GetStatus	aa517200	ee483692
ISpRecoContext::GetVoice	aa517201	ee486413
ISpRecoContext::GetVoicePurgeEvent	aa517202	ee483719
ISpRecoContext::Pause	aa517203	ee486326
ISpRecoContext::Resume	aa517205	ee484708
ISpRecoContext::SetAdaptationData	aa517206	ee487264
ISpRecoContext::SetAudioOptions	aa517209	ee485105
ISpRecoContext::SetContextState	aa517211	ee486385
ISpRecoContext::SetMaxAlternates	aa517212	ee485943
ISpRecoContext::SetVoice	aa517214	ee484162
ISpRecoContext::SetVoicePurgeEvent	aa517215	ee484166
ISpRecoGrammar	aa517249	-
ISpRecoGrammar::GetGrammarId	aa517252	ee483749
ISpRecoGrammar::GetGrammarState	aa517255	ee485743
ISpRecoGrammar::GetRecoContext	aa517257	ee486416
ISpRecoGrammar::IsPronounceable	aa517260	ee486012
ISpRecoGrammar::LoadCmdFromFile	aa517261	ee484556
ISpRecoGrammar::LoadCmdFromMemory	aa517263	ee485997
ISpRecoGrammar::LoadCmdFromProprietaryGrammar	aa517265	ee485132
ISpRecoGrammar::LoadCmdFromResource	aa517267	ee484982
ISpRecoGrammar::LoadDictation	aa517269	ee483527
ISpRecoGrammar::SaveCmd	aa517271	ee486755
ISpRecoGrammar::SetDictationState	aa517273	ee485738
ISpRecoGrammar::SetGrammarState	aa517276	ee487076
ISpRecoGrammar::SetRuleIdState	aa517277	ee483363
ISpRecoGrammar::SetRuleState	aa517279	ee483956
ISpRecoGrammar::SetTextSelection	aa517281	ee484152
ISpRecoGrammar::SetWordSequenceData	aa517284	ee484964
ISpRecoGrammar::UnloadDictation	aa517286	ee484949
ISpRecoResult	aa517287	-
ISpRecoResult::GetAlternates	aa517290	ee485127
ISpRecoResult::GetAudio	aa517291	ee483351
ISpRecoResult::GetRecoContext	aa517293	ee487320
ISpRecoResult::GetResultTimes	aa517294	ee483690
ISpRecoResult::ScaleAudio	aa517296	ee483757
ISpRecoResult::Serialize	aa517299	ee486402
ISpRecoResult::SpeakAudio	aa517301	ee485993
ISpRecognizer	aa517217	-
ISpRecognizer::CreateRecoContext	aa517219	ee484740
ISpRecognizer::DisplayUI	aa517221	ee483345
ISpRecognizer::EmulateRecognition	aa517224	ee484340
ISpRecognizer::GetFormat	aa517226	ee484344
ISpRecognizer::GetInputObjectToken	aa517228	ee487090
ISpRecognizer::GetInputStream	aa517230	ee483346
ISpRecognizer::GetRecoProfile	aa517233	ee485122
ISpRecognizer::GetRecoState	aa517234	ee484704
ISpRecognizer::GetRecognizer	aa517231	ee484938
ISpRecognizer::GetStatus	aa517238	ee487191
ISpRecognizer::IsSharedInstance	aa517240	ee483901
ISpRecognizer::IsUISupported	aa517241	ee487149
ISpRecognizer::SetInput	aa517243	ee484523
ISpRecognizer::SetRecoProfile	aa517247	ee483511
ISpRecognizer::SetRecoState	aa517248	ee485925
ISpRecognizer::SetRecognizer	aa517245	ee484382
ISpRegDataKey	aa517303	-
ISpRegDataKey::SetKey	aa517304	ee483545
ISpResourceManager	aa517306	-
ISpResourceManager::GetObject	aa517308	ee486767
ISpResourceManager::SetObject	aa517310	ee484766
ISpSRAlternates	aa517312	-
ISpSRAlternates::Commit	aa517314	ee486997
ISpSRAlternates::GetAlternates	aa517315	ee484558
ISpSREngine	aa517317	-
ISpSREngine::GetInputAudioFormat	aa517319	ee483700
ISpSREngine::GetPropertyNum	aa517320	ee483934
ISpSREngine::GetPropertyString	aa517322	ee485727
ISpSREngine::IsPronounceable	aa517323	ee484137
ISpSREngine::LoadProprietaryGrammar	aa517324	ee483977
ISpSREngine::LoadSLM	aa517325	ee485200
ISpSREngine::OnCreateGrammar	aa517326	ee486008
ISpSREngine::OnCreateRecoContext	aa517327	ee485402
ISpSREngine::OnDeleteGrammar	aa517328	ee487175
ISpSREngine::OnDeleteRecoContext	aa517329	ee485538
ISpSREngine::PrivateCall	aa517330	ee484974
ISpSREngine::PrivateCallEx	ms887490	ee484566
ISpSREngine::RecognizeStream	ms887546	ee486793
ISpSREngine::RuleNotify	ms887553	ee485919
ISpSREngine::SetAdaptationData	ms887556	ee484363
ISpSREngine::SetContextState	ms887564	ee487093
ISpSREngine::SetGrammarState	ms887567	ee487006
ISpSREngine::SetPropertyNum	ms887573	ee485740
ISpSREngine::SetPropertyString	ms887576	ee487105
ISpSREngine::SetProprietaryRuleIdState	ms887580	ee487134
ISpSREngine::SetProprietaryRuleState	ms887584	ee484089
ISpSREngine::SetRecoProfile	ms887589	ee483882
ISpSREngine::SetSLMState	ms887603	ee485130
ISpSREngine::SetSite	ms887595	ee484739
ISpSREngine::SetTextSelection	ms887608	ee483274
ISpSREngine::SetWordSequenceData	ms887616	ee486013
ISpSREngine::UnloadProprietaryGrammar	ms889616	ee486420
ISpSREngine::UnloadSLM	ms889623	ee486572
ISpSREngine::WordNotify	ms889630	ee485781
ISpSREngineSite	ms887714	-
ISpSREngineSite::AddEvent	ms887828	ee484287
ISpSREngineSite::DataAvailable	ms887927	ee484564
ISpSREngineSite::GetContextMaxAlternates	ms887940	ee484790
ISpSREngineSite::GetMaxAlternates	ms887951	ee483686
ISpSREngineSite::GetResource	ms887966	ee483886
ISpSREngineSite::GetRuleInfo	ms887975	ee486760
ISpSREngineSite::GetStateInfo	ms887988	ee484722
ISpSREngineSite::GetTransitionProperty	ms887998	ee483329
ISpSREngineSite::GetWordInfo	ms889010	ee485390
ISpSREngineSite::IsAlternate	ms889018	ee484372
ISpSREngineSite::ParseFromTransitions	ms889025	ee483327
ISpSREngineSite::Read	ms889032	ee483966
ISpSREngineSite::Recognition	ms889126	ee484545
ISpSREngineSite::SetBufferNotifySize	ms889208	ee486323
ISpSREngineSite::SetRuleClientContext	ms889303	ee483897
ISpSREngineSite::SetWordClientContext	ms889491	ee486375
ISpSREngineSite::Synchronize	ms889601	ee486345
ISpSREngineSite::UpdateRecoPos	ms889609	ee486373
ISpStream	ms889635	-
ISpStream::BindToFile	ms889643	ee483728
ISpStream::Close	ms889649	ee484307
ISpStream::GetBaseStream	ms890204	ee485747
ISpStream::SetBaseStream	ms890231	ee485176
ISpStreamFormat	ms889659	-
ISpStreamFormat::GetFormat	ms890094	ee487144
ISpStreamFormatConverter	ms889668	-
ISpStreamFormatConverter::GetBaseStream	ms889680	ee485155
ISpStreamFormatConverter::ResetSeekPosition	ms889690	ee486155
ISpStreamFormatConverter::ScaleBaseToConvertedOffset	ms889698	ee487285
ISpStreamFormatConverter::ScaleConvertedToBaseOffset	ms889785	ee483756
ISpStreamFormatConverter::SetBaseStream	ms889876	ee484736
ISpStreamFormatConverter::SetFormat	ms889967	ee483265
ISpTTSEngine	ms890273	-
ISpTTSEngine::GetOutputFormat	ms890274	ee483765
ISpTTSEngine::Speak	ms890282	ee483281
ISpTTSEngineSite	ms890275	ee483974
ISpTTSEngineSite::CompleteSkip	ms890276	ee484308
ISpTTSEngineSite::GetActions	ms890277	ee487284
ISpTTSEngineSite::GetRate	ms890278	ee485517
ISpTTSEngineSite::GetSkipInfo	ms890279	ee487094
ISpTTSEngineSite::GetVolume	ms890280	ee484294
ISpTTSEngineSite::Write	ms890281	ee483905
ISpTask	ms890237	-
ISpTask::Execute	ms890241	ee487267
ISpTaskManager	ms890242	-
ISpTaskManager::CreateReoccurringTask	ms890243	ee484774
ISpTaskManager::CreateThreadControl	ms890244	ee484970
ISpTaskManager::GetThreadPoolInfo	ms890245	ee486386
ISpTaskManager::QueueTask	ms890246	ee483553
ISpTaskManager::SetThreadPoolInfo	ms890248	ee483961
ISpTaskManager::TerminateTask	ms890249	ee487041
ISpTaskManager::TerminateTaskGroup	ms890250	ee486391
ISpThreadControl	ms890251	-
ISpThreadControl::ExitThreadEvent	ms890252	ee484765
ISpThreadControl::NotifyEvent	ms890255	ee485378
ISpThreadControl::StartThread	ms890256	ee486792
ISpThreadControl::TerminateThread	ms890257	ee484565
ISpThreadControl::ThreadCompleteEvent	ms890258	ee483714
ISpThreadControl::ThreadHandle	ms890259	ee487241
ISpThreadControl::ThreadId	ms890260	ee486014
ISpThreadControl::WaitForThreadDone	ms890261	ee485539
ISpThreadControl::WindowHandle	ms890262	ee483708
ISpThreadTask	ms890263	-
ISpThreadTask::InitThread	ms890264	ee484728
ISpThreadTask::ThreadProc	ms890265	ee483752
ISpThreadTask::WindowMessage	ms890266	ee484366
ISpTokenUI	ms890267	-
ISpTokenUI::DisplayUI	ms890268	ee486974
ISpTokenUI::IsUISupported	ms890269	ee485599
ISpTranscript	ms890270	-
ISpTranscript::AppendTranscript	ms890271	ee487016
ISpTranscript::GetTranscript	ms890272	ee485516
ISpVoice	ms890283	-
ISpVoice::DisplayUI	ms890284	ee486560
ISpVoice::GetAlertBoundary	ms890285	ee484585
ISpVoice::GetOutputObjectToken	ms890286	ee484315
ISpVoice::GetOutputStream	ms890288	ee483769
ISpVoice::GetPriority	ms890289	ee484586
ISpVoice::GetRate	ms890290	ee486383
ISpVoice::GetStatus	ms890291	ee484902
ISpVoice::GetSyncSpeakTimeout	ms890292	ee486762
ISpVoice::GetVoice	ms890352	ee487062
ISpVoice::GetVolume	ms890414	ee486592
ISpVoice::IsUISupported	ms890423	ee485978
ISpVoice::Pause	ms890442	ee485103
ISpVoice::Resume	ms890452	ee483365
ISpVoice::SetAlertBoundary	ms890460	ee483536
ISpVoice::SetOutput	ms890466	ee484942
ISpVoice::SetPriority	ms890472	ee483742
ISpVoice::SetRate	ms890479	ee485984
ISpVoice::SetSyncSpeakTimeout	ms890487	ee483916
ISpVoice::SetVoice	ms890497	ee486368
ISpVoice::SetVolume	ms890504	ee485754
ISpVoice::Skip	ms890513	ee486557
ISpVoice::Speak	ms890519	ee484926
ISpVoice::SpeakCompleteEvent	ms890525	ee484381
ISpVoice::SpeakStream	ms890536	ee485152
ISpVoice::WaitUntilDone	ms890540	ee487172
IStdMarshalInfo	ms890553	-
IStdMarshalInfo::GetClassForHandler	ms890547	ee488533
IStorage	ms890600	-
IStorage::Commit	ms890561	ee488993
IStorage::CopyTo	ms890565	ee487892
IStorage::CreateStorage	ms890573	ee487754
IStorage::CreateStream	ms890579	ee488058
IStorage::DestroyElement	ms890584	ee488100
IStorage::EnumElements	ms890596	ee488731
IStorage::MoveElementTo	ms890609	ee488258
IStorage::OpenStorage	ms890617	ee487743
IStorage::OpenStream	ms890624	ee487746
IStorage::RenameElement	ms890628	ee489711
IStorage::Revert	ms890635	ee489145
IStorage::SetClass	ms890641	ee489396
IStorage::SetElementTimes	ms890645	ee487748
IStorage::SetStateBits	ms890655	ee489718
IStorage::Stat	ms890663	ee489014
IStream	ms890686	-
IStream::Clone	ms890670	ee488531
IStream::Commit	ms890676	ee489645
IStream::CopyTo	ms890680	ee487695
IStream::LockRegion	ms890689	ee488965
IStream::Read	ms890697	ee489637
IStream::Revert	ms890706	ee488095
IStream::Seek	ms890715	ee488738
IStream::SetSize	ms890722	ee488749
IStream::Stat	ms890729	ee488261
IStream::UnlockRegion	ms890740	ee488491
IStream::Write	ms890746	ee488974
IStreamBufferCapture Interface	aa452554	-
IStreamBufferCapture::BeginPermanentRecording	aa452547	ee494328
IStreamBufferCapture::BeginTemporaryRecording	aa452548	ee496288
IStreamBufferCapture::ConvertToTemporaryRecording	aa452549	ee493743
IStreamBufferCapture::GetBoundToLiveToken	aa452550	ee494338
IStreamBufferCapture::GetCaptureMode	aa452551	ee493735
IStreamBufferCapture::GetCurrentPosition	aa452552	ee495171
IStreamBufferCapture::GetRecordingPath	aa452553	ee492548
IStreamBufferCapture::SetRecordingPath	aa452556	ee493159
IStreamBufferPlayback Interface	aa452558	-
IStreamBufferPlayback::GetTunePolicy	aa452557	ee496070
IStreamBufferPlayback::NotifyGraphIsConnected	aa452559	ee496095
IStreamBufferPlayback::SetTunePolicy	aa452560	ee493183
IStreamSample Interface	ms931816	-
IStreamSample::CompletionStatus	ms931813	ee492296
IStreamSample::GetMediaStream	ms931814	ee494544
IStreamSample::GetSampleTimes	ms931815	ee492714
IStreamSample::SetSampleTimes	ms931817	ee496515
IStreamSample::Update	ms931818	ee494182
ISupportErrorInfo	ms890750	-
ISupportErrorInfo::InterfaceSupportsErrorInfo	ms890756	ee487742
ISurrogate	ms890769	-
ISurrogate::FreeSurrogate	ms890764	ee487937
ISurrogate::LoadDllServer	ms890776	ee489207
ITEMIDLIST	aa453244	ee500170
ITask	ms890834	-
ITask Properties	ms890839	-
ITask::ClearRecurrencePattern	ms890811	ee485788
ITask::Copy	ms890817	ee487072
ITask::Delete	ms890821	ee484353
ITask::GetRecurrencePattern	ms890827	ee483895
ITask::Save	ms890846	ee486340
ITask::SkipRecurrence	ms890851	ee487033
ITaskbarList	aa453236	-
ITaskbarList2	aa453237	-
ITaskbarList2::MarkFullscreenWindow	aa453238	ee502280
ITaskbarList::ActivateTab	aa453239	ee502836
ITaskbarList::AddTab	aa453240	ee504174
ITaskbarList::DeleteTab	aa453241	ee503667
ITaskbarList::HrInit	aa453242	ee501786
ITaskbarList::SetActiveAlt	aa453243	ee505706
ITimeZone	ms890875	-
ITimeZone Properties	ms890879	-
ITypeComp	ms890884	-
ITypeComp::Bind	ms890890	ee488114
ITypeComp::BindType	ms890896	ee487880
ITypeInfo	ms890907	-
ITypeInfo2	ms890915	-
ITypeInfo2::GetAllCustData	ms890921	ee489616
ITypeInfo2::GetAllFuncCustData	ms890930	ee488688
ITypeInfo2::GetAllImplTypeCustData	ms890936	ee489179
ITypeInfo2::GetAllParamCustData	ms890945	ee489575
ITypeInfo2::GetAllVarCustData	ms890954	ee488090
ITypeInfo2::GetCustData	ms890962	ee488673
ITypeInfo2::GetDocumentation2	ms890971	ee488950
ITypeInfo2::GetFuncCustData	ms890980	ee488469
ITypeInfo2::GetFuncIndexOfMemId	ms890986	ee489187
ITypeInfo2::GetImplTypeCustData	ms890994	ee487896
ITypeInfo2::GetParamCustData	ms891006	ee488462
ITypeInfo2::GetTypeFlags	ms891010	ee488067
ITypeInfo2::GetTypeKind	ms891019	ee488349
ITypeInfo2::GetVarCustData	ms891027	ee488312
ITypeInfo2::GetVarIndexOfMemId	ms891032	ee487691
ITypeInfo::AddressOfMember	ms891040	ee489690
ITypeInfo::CreateInstance	ms891048	ee487784
ITypeInfo::GetContainingTypeLib	ms891056	ee488337
ITypeInfo::GetDllEntry	ms891065	ee487711
ITypeInfo::GetDocumentation	ms891070	ee488542
ITypeInfo::GetFuncDesc	ms891080	ee489713
ITypeInfo::GetIDsOfNames	ms891088	ee487687
ITypeInfo::GetImplTypeFlags	ms891098	ee487756
ITypeInfo::GetMops	ms891106	ee489643
ITypeInfo::GetNames	ms891123	ee488060
ITypeInfo::GetRefTypeInfo	ms891131	ee487848
ITypeInfo::GetRefTypeOfImplType	ms891140	ee487854
ITypeInfo::GetTypeAttr	ms891249	ee489653
ITypeInfo::GetTypeComp	ms891334	ee489502
ITypeInfo::GetVarDesc	ms891338	ee489426
ITypeInfo::Invoke	ms891343	ee488305
ITypeInfo::ReleaseFuncDesc	ms891345	ee488480
ITypeInfo::ReleaseTypeAttr	ms891352	ee489516
ITypeInfo::ReleaseVarDesc	ms891356	ee488061
ITypeLib	ms891361	-
ITypeLib2	ms891483	-
ITypeLib2::GetAllCustData	ms891365	ee488112
ITypeLib2::GetCustData	ms891369	ee487736
ITypeLib2::GetDocumentation2	ms891374	ee488334
ITypeLib2::GetLibStatistics	ms891478	ee488472
ITypeLib::FindName	ms891489	ee489195
ITypeLib::GetDocumentation	ms891492	ee488751
ITypeLib::GetLibAttr	ms891497	ee489429
ITypeLib::GetTypeComp	ms891502	ee489154
ITypeLib::GetTypeInfo	ms891508	ee488970
ITypeLib::GetTypeInfoCount	ms891513	ee488529
ITypeLib::GetTypeInfoOfGuid	ms891517	ee489156
ITypeLib::GetTypeInfoType	ms891521	ee488347
ITypeLib::IsName	ms891529	ee487917
ITypeLib::ReleaseTLibAttr	ms891535	ee489158
IUPnPDescriptionDocument	aa450637	-
IUPnPDescriptionDocument::Abort	aa450629	ee501246
IUPnPDescriptionDocument::DeviceByUDN	aa450635	ee498984
IUPnPDescriptionDocument::Load	aa450639	ee499535
IUPnPDescriptionDocument::LoadAsync	aa450641	ee500616
IUPnPDescriptionDocument::LoadResult	aa450643	ee498415
IUPnPDescriptionDocument::ReadyState	aa450645	ee499470
IUPnPDescriptionDocument::RootDevice	aa450647	ee500228
IUPnPDescriptionDocumentCallback	aa450631	-
IUPnPDescriptionDocumentCallback::LoadComplete	aa450633	ee500798
IUPnPDevice	aa450685	-
IUPnPDevice::Children	aa450649	ee498671
IUPnPDevice::Description	aa450657	ee499005
IUPnPDevice::FriendlyName	aa450682	ee501083
IUPnPDevice::HasChildren	aa450683	ee500571
IUPnPDevice::IconURL	aa450684	ee498919
IUPnPDevice::IsRootDevice	aa450686	ee501180
IUPnPDevice::ManufacturerName	aa450687	ee499002
IUPnPDevice::ManufacturerURL	aa450688	ee501150
IUPnPDevice::ModelName	aa450689	ee501273
IUPnPDevice::ModelNumber	aa450690	ee500781
IUPnPDevice::ModelURL	aa450691	ee498447
IUPnPDevice::ParentDevice	aa450692	ee501079
IUPnPDevice::PresentationURL	aa450693	ee499150
IUPnPDevice::RootDevice	aa450694	ee499204
IUPnPDevice::SerialNumber	aa450697	ee499219
IUPnPDevice::Services	aa450699	ee498424
IUPnPDevice::Type	aa450707	ee500482
IUPnPDevice::UPC	aa450711	ee501242
IUPnPDevice::UniqueDeviceName	aa450710	ee500855
IUPnPDeviceControl	aa450655	-
IUPnPDeviceControl::GetServiceObject	aa450651	ee499734
IUPnPDeviceControl::Initialize	aa450653	ee501091
IUPnPDeviceDocumentAccess	aa450661	-
IUPnPDeviceDocumentAccess::GetDocumentURL	aa450659	ee498621
IUPnPDeviceFinder	aa450680	-
IUPnPDeviceFinder::CancelAsyncFind	aa450672	ee501249
IUPnPDeviceFinder::CreateAsyncFind	aa450674	ee498653
IUPnPDeviceFinder::FindByType	aa450676	ee498462
IUPnPDeviceFinder::FindByUDN	aa450678	ee498401
IUPnPDeviceFinder::StartAsyncFind	aa450681	ee501092
IUPnPDeviceFinderCallback	aa450668	-
IUPnPDeviceFinderCallback::DeviceAdded	aa450663	ee500540
IUPnPDeviceFinderCallback::DeviceRemoved	aa450665	ee499229
IUPnPDeviceFinderCallback::SearchComplete	aa450670	ee500196
IUPnPDevices	aa450701	-
IUPnPDevices::Count	aa450695	ee499499
IUPnPDevices::Item	aa450703	ee498911
IUPnPDevices::_NewEnum	aa450705	ee501121
IUPnPEventSink	aa450712	-
IUPnPEventSink::OnStateChanged	aa450713	ee499464
IUPnPEventSink::OnStateChangedSafe	aa450714	ee500596
IUPnPEventSource	aa450716	-
IUPnPEventSource::Advise	aa450715	ee498818
IUPnPEventSource::Unadvise	aa450717	ee498459
IUPnPRegistrar	aa450719	-
IUPnPRegistrar::GetUniqueDeviceName	aa450718	ee499835
IUPnPRegistrar::RegisterDevice	aa450720	ee500175
IUPnPRegistrar::RegisterRunningDevice	aa450721	ee498967
IUPnPRegistrar::UnregisterDevice	aa450722	ee499779
IUPnPReregistrar	aa450723	-
IUPnPReregistrar::ReregisterDevice	aa450724	ee498878
IUPnPReregistrar::ReregisterRunningDevice	aa450725	ee498910
IUPnPService	aa450731	-
IUPnPService::AddCallback	aa450726	ee498835
IUPnPService::Id	aa450730	ee499483
IUPnPService::InvokeAction	aa450732	ee500327
IUPnPService::LastTransportStatus	aa450733	ee499513
IUPnPService::QueryStateVariable	aa450734	ee498966
IUPnPService::ServiceTypeIdentifier	aa450736	ee499714
IUPnPServiceCallback	aa450727	-
IUPnPServiceCallback::ServiceInstanceDied	aa450728	ee499198
IUPnPServiceCallback::StateVariableChanged	aa450729	ee498955
IUPnPServices	aa450737	-
IUPnPServices::Count	aa450735	ee501269
IUPnPServices::Item	ms893062	ee498483
IUPnPServices::_NewEnum	ms893153	ee498915
IUnknown	ms891543	-
IUnknown Macro	ms931819	-
IUnknown::AddRef	ms891547	ee488723
IUnknown::QueryInterface	ms891550	ee489658
IUnknown::Release	ms891556	ee487697
IVPBaseConfig Interface	ms931998	-
IVPBaseConfig::GetConnectInfo	ms931992	ee496290
IVPBaseConfig::GetMaxPixelRate	ms931993	ee493607
IVPBaseConfig::GetOverlaySurface	ms931994	ee493596
IVPBaseConfig::GetVPDataInfo	ms931996	ee495124
IVPBaseConfig::GetVideoFormats	ms931995	ee495788
IVPBaseConfig::InformVPInputFormats	ms931997	ee495984
IVPBaseConfig::SetConnectInfo	ms932001	ee494569
IVPBaseConfig::SetDDSurfaceKernelHandles	ms932002	ee495348
IVPBaseConfig::SetDirectDrawKernelHandle	ms932003	ee496691
IVPBaseConfig::SetInvertPolarity	ms932004	ee493540
IVPBaseConfig::SetSurfaceParameters	ms932005	ee496269
IVPBaseConfig::SetVideoFormat	ms932006	ee495736
IVPBaseConfig::SetVideoPortID	ms932007	ee493927
IVPBaseNotify Interface	ms932008	-
IVPBaseNotify::RenegotiateVPParameters	ms932009	ee495022
IVPConfig Interface	ms932010	-
IVPConfig::IsVPDecimationAllowed	ms932011	ee492277
IVPConfig::SetScalingFactors	ms932012	ee495590
IVPNotify Interface	ms932015	-
IVPNotify::GetColorControls	ms932013	ee492737
IVPNotify::GetDeinterlaceMode	ms932014	ee496703
IVPNotify::SetColorControls	ms932016	ee496725
IVPNotify::SetDeinterlaceMode	ms932017	ee492969
IVariableContainer	ms893259	-
IVariableContainer::AddArray	ms893266	ee493260
IVariableContainer::AddValue	ms893272	ee494282
IVariableContainer::FindFirstArray	ms893275	ee494719
IVariableContainer::FindFirstVar	ms893281	ee494657
IVariableContainer::FindNextArray	ms893287	ee494727
IVariableContainer::FindNextVar	ms893292	ee493475
IVariableContainer::GetArray	ms893301	ee494264
IVariableContainer::GetValue	ms893305	ee493892
IVideoWIndow::put_Left	ms931981	ee492951
IVideoWindow Interface	ms931969	-
IVideoWindow::GetMaxIdealImageSize	ms931827	ee496735
IVideoWindow::GetMinIdealImageSize	ms931829	ee494824
IVideoWindow::GetRestorePosition	ms931831	ee493130
IVideoWindow::GetWindowPosition	ms912426	ee495688
IVideoWindow::HideCursor	ms931968	ee496349
IVideoWindow::IsCursorHidden	ms931970	ee492579
IVideoWindow::NotifyOwnerMessage	ms931972	ee496054
IVideoWindow::SetWindowForeground	ms931990	ee494575
IVideoWindow::SetWindowPosition	ms931991	ee492356
IVideoWindow::get_AutoShow	ms931820	ee493810
IVideoWindow::get_BackgroundPalette	ms931821	ee495292
IVideoWindow::get_BorderColor	ms931822	ee492290
IVideoWindow::get_Caption	ms931823	ee494975
IVideoWindow::get_FullScreenMode	ms931824	ee496162
IVideoWindow::get_Height	ms931825	ee492770
IVideoWindow::get_Left	ms931826	ee494792
IVideoWindow::get_MessageDrain	ms931828	ee492773
IVideoWindow::get_Owner	ms931830	ee496490
IVideoWindow::get_Top	ms931832	ee493957
IVideoWindow::get_Visible	ms931833	ee495320
IVideoWindow::get_Width	ms931834	ee493129
IVideoWindow::get_WindowState	ms912445	ee492915
IVideoWindow::get_WindowStyle	ms912561	ee492365
IVideoWindow::get_WindowStyleEx	ms931962	ee495034
IVideoWindow::put_AutoShow	ms931974	ee495580
IVideoWindow::put_BackgroundPalette	ms931975	ee493995
IVideoWindow::put_BorderColor	ms931976	ee496648
IVideoWindow::put_Caption	ms931977	ee493374
IVideoWindow::put_FullScreenMode	ms931978	ee494957
IVideoWindow::put_Height	ms931979	ee494618
IVideoWindow::put_MessageDrain	ms931982	ee496066
IVideoWindow::put_Owner	ms931983	ee494157
IVideoWindow::put_Top	ms931984	ee492331
IVideoWindow::put_Visible	ms931985	ee496264
IVideoWindow::put_Width	ms931986	ee493804
IVideoWindow::put_WindowState	ms931987	ee492305
IVideoWindow::put_WindowStyle	ms931988	ee495272
IVideoWindow::put_WindowStyleEx	ms931989	ee493200
IViewObject	ms891701	-
IViewObject2	ms891563	-
IViewObject2::GetExtent	ms891559	ee488476
IViewObject::Draw	ms891568	ee489032
IViewObject::Freeze	ms891597	ee487855
IViewObject::GetAdvise	ms891602	ee489387
IViewObject::GetColorSet	ms891695	ee489030
IViewObject::SetAdvise	ms891709	ee489618
IViewObject::Unfreeze	ms891710	ee489497
IViewObjectEx	ms891586	-
IViewObjectEx::GetNaturalExtent	ms891573	ee487699
IViewObjectEx::GetRect	ms891577	ee488653
IViewObjectEx::GetViewStatus	ms891581	ee489037
IViewObjectEx::QueryHitPoint	ms891589	ee488989
IViewObjectEx::QueryHitRect	ms891594	ee488075
IVirtualService	ms893309	-
IVirtualService::Release	ms893316	ee500764
IVoIPCallLogDB	ms911672	-
IVoIPCallLogDB::Capacity	ms911663	ee501663
IVoIPCallLogDB::CreateRecord	ms911664	ee500715
IVoIPCallLogDB::IncomingEnumerator	ms911670	ee499842
IVoIPCallLogDB::Init	ms911671	ee500951
IVoIPCallLogDB::MissedEnumerator	ms911673	ee500397
IVoIPCallLogDB::OutgoingEnumerator	ms911674	ee501624
IVoIPCallLogDBEnum	ms911665	-
IVoIPCallLogDBEnum::Next	ms911667	ee501670
IVoIPCallLogDBEnum::Reset	ms911668	ee501630
IVoIPCallLogDBEnum::Skip	ms911669	ee500987
IVoIPCallRecord	ms911681	-
IVoIPCallRecord::CallType	ms911675	ee501609
IVoIPCallRecord::Commit	ms911676	ee500361
IVoIPCallRecord::DeleteFromDB	ms911677	ee501506
IVoIPCallRecord::Duration	ms911678	ee500963
IVoIPCallRecord::EndTime	ms911679	ee500968
IVoIPCallRecord::FriendlyName	ms911680	ee499609
IVoIPCallRecord::StartTime	ms911682	ee501362
IVoIPCallRecord::URI	ms911683	ee500420
IVoIPCallRecord::VoIPName	ms911684	ee501324
IVoIPCallerInfoDB	ms911650	-
IVoIPCallerInfoDB::CreateRecord	ms911532	ee500695
IVoIPCallerInfoDB::Enumerator	ms911539	ee500440
IVoIPCallerInfoDB::FindCallerInfoBySpeedDialEntry	ms931238	ee499611
IVoIPCallerInfoDB::FindCallerInfoByURI	ms931345	ee499630
IVoIPCallerInfoDB::FriendlyNameEnumerator	ms911634	ee499863
IVoIPCallerInfoDB::Init	ms911647	ee500961
IVoIPCallerInfoDB::SpeedDialEnumerator	ms911651	ee500348
IVoIPCallerInfoDBEnum	ms911546	-
IVoIPCallerInfoDBEnum::Next	ms911553	ee499877
IVoIPCallerInfoDBEnum::Reset	ms911567	ee500983
IVoIPCallerInfoDBEnum::Skip	ms931185	ee500399
IVoIPCallerInfoRecord	ms911658	-
IVoIPCallerInfoRecord::Blocked	ms911652	ee501518
IVoIPCallerInfoRecord::Commit	ms911654	ee499864
IVoIPCallerInfoRecord::DeleteFromDB	ms911655	ee501602
IVoIPCallerInfoRecord::ForwardingURI	ms911656	ee499845
IVoIPCallerInfoRecord::FriendlyName	ms911657	ee501620
IVoIPCallerInfoRecord::RingTone	ms911659	ee500743
IVoIPCallerInfoRecord::SpeedDialEntry	ms911660	ee499549
IVoIPCallerInfoRecord::URI	ms911661	ee500126
IVoIPCallerInfoRecord::VoIPName	ms911662	ee499587
IVoIPConfigurationDataStore	ms911686	-
IVoIPConfigurationDataStore::Initialize	ms911685	-
IVoIPConfigurationDataStore::ReadValue	ms911687	-
IVoIPConfigurationDataStore::Uninitialize	ms911688	-
IVoIPConfigurationDataStore::UpdateSettingsFromFile	ms911689	-
IVoIPConfigurationDataStore::UpdateSettingsFromServer	ms911690	-
IVoIPConfigurationDataStore::UpdateSettingsFromXML	ms911691	-
IVoIPConfigurationDataStore::WriteValue	ms911692	-
IVoIPCurrentCall	ms931675	-
IVoIPCurrentCall2	ms931621	-
IVoIPCurrentCall2::AddParticipantToConference	ms931501	-
IVoIPCurrentCall2::ConferenceHost	ms931602	-
IVoIPCurrentCall2::ConferenceParticipants	ms931606	-
IVoIPCurrentCall2::IsConferenceHost	ms931612	-
IVoIPCurrentCall2::IsConferenceParticipant	ms931615	-
IVoIPCurrentCall::Answer	ms931626	-
IVoIPCurrentCall::Duration	ms931630	-
IVoIPCurrentCall::FriendlyName	ms931657	-
IVoIPCurrentCall::Hangup	ms931662	-
IVoIPCurrentCall::Hold	ms931667	-
IVoIPCurrentCall::Ignore	ms931672	-
IVoIPCurrentCall::NetworkStatus	ms931679	-
IVoIPCurrentCall::RTCParticipant	ms911835	-
IVoIPCurrentCall::RTCSession	ms911839	-
IVoIPCurrentCall::Redirect	ms931684	-
IVoIPCurrentCall::StartTime	ms911843	-
IVoIPCurrentCall::Status	ms911847	-
IVoIPCurrentCall::Type	ms911852	-
IVoIPCurrentCall::URI	ms911943	-
IVoIPCurrentCall::Unhold	ms911857	-
IVoIPCurrentCall::VoIPName	ms911949	-
IVoIPCurrentCallEnumerator	ms931638	-
IVoIPCurrentCallEnumerator::Next	ms931643	-
IVoIPCurrentCallEnumerator::Reset	ms931646	-
IVoIPCurrentCallEnumerator::Skip	ms931654	-
IVoIPDirectoryClient	ms911957	-
IVoIPDirectoryClient::RegistrationParameters	ms911968	-
IVoIPDirectoryClient::SipPassword	ms911977	-
IVoIPDirectoryClient::SipServerParameters	ms911983	-
IVoIPMediaMgr	ms912032	-
IVoIPMediaMgr::AnswerSession	ms911989	-
IVoIPMediaMgr::ConferenceSessions	aa525641	-
IVoIPMediaMgr::CreatePCToPCSession	ms911998	-
IVoIPMediaMgr::EvaluateSessionDescription	ms912006	-
IVoIPMediaMgr::HoldSession	ms912013	-
IVoIPMediaMgr::Initialize	ms912020	-
IVoIPMediaMgr::InitializeRTCClient	ms912027	-
IVoIPMediaMgr::MicrophoneMute	ms912036	-
IVoIPMediaMgr::MicrophoneVolume	ms912043	-
IVoIPMediaMgr::OnReinviteEvent	ms912055	-
IVoIPMediaMgr::OnSessionOperationCompleteEvent	aa525642	-
IVoIPMediaMgr::OnSessionStateChangeEvent	ms912064	-
IVoIPMediaMgr::PlayProgressTone	ms912071	-
IVoIPMediaMgr::PlaySound	ms912081	-
IVoIPMediaMgr::SendDTMF	ms912089	-
IVoIPMediaMgr::SpeakerMute	ms912098	-
IVoIPMediaMgr::SpeakerVolume	ms912109	-
IVoIPMediaMgr::StopProgressTone	ms912118	-
IVoIPMediaMgr::StopSound	ms912124	-
IVoIPMediaMgr::UnholdSession	ms912130	-
IVoIPMediaMgr::Uninitialize	ms912137	-
IVoIPMgr	ms912233	-
IVoIPMgr2	ms912165	-
IVoIPMgr2::InitializeEx	ms912146	-
IVoIPMgr2::RegisterWithSIPServer	ms912171	-
IVoIPMgr::ActiveCurrentCall	ms912178	-
IVoIPMgr::AutoForwardURI	ms912184	-
IVoIPMgr::Call	ms912189	-
IVoIPMgr::CallLogDB	ms912201	-
IVoIPMgr::CallerInfoDB	ms912195	-
IVoIPMgr::CurrentCallEnumerator	ms912207	-
IVoIPMgr::Initialize	ms912217	-
IVoIPMgr::MicrophoneMute	ms912240	-
IVoIPMgr::MicrophoneVolume	ms912244	-
IVoIPMgr::MissedCallTimeout	ms912253	-
IVoIPMgr::MyServer	ms912258	-
IVoIPMgr::MyURI	ms912263	-
IVoIPMgr::Parameters	ms912269	-
IVoIPMgr::PlayProgressTone	ms912274	-
IVoIPMgr::RTCClient	ms912291	-
IVoIPMgr::Reregister	ms912279	-
IVoIPMgr::RingTone	ms912285	-
IVoIPMgr::SendDTMF	ms912299	-
IVoIPMgr::SpeakerMute	ms912302	-
IVoIPMgr::SpeakerVolume	ms912307	-
IVoIPMgr::State	ms912311	-
IVoIPMgr::StopProgressTone	ms912319	-
IVoIPMgr::Uninitialize	ms912325	-
IVoIPState and CVoIPState	aa525643	-
IVoIPUI	ms912331	-
IVoIPUI::OnCallEvent	ms912339	-
IVoIPUI::OnSystemEvent	ms912343	-
IWinInetHttpInfo	ms918813	-
IWinInetHttpInfo::QueryInfo	ms918814	ee492635
IWinInetInfo	ms918815	-
IWinInetInfo::QueryOption	ms918816	ee492363
IWindowForBindingUI	ms918811	-
IWindowForBindingUI::GetWindow	ms918812	ee492461
IXMLDOMAttribute	ms891711	ee502755
IXMLDOMCDATASection	ms891712	ee502054
IXMLDOMCharacterData	ms891713	ee503029
IXMLDOMComment	ms891714	ee503495
IXMLDOMDocument2	ms891715	ee503092
IXMLDOMDocumentFragment	ms891718	ee503042
IXMLDOMDocumentType	ms891719	ee502045
IXMLDOMElement	ms891720	ee502638
IXMLDOMEntity	ms891721	ee503533
IXMLDOMEntityReference	ms891722	ee503441
IXMLDOMImplementation	ms891723	ee502010
IXMLDOMNamedNodeMap	ms891724	ee503406
IXMLDOMNode	ms891725	ee503014
IXMLDOMNodeList	ms891726	ee503130
IXMLDOMNotation	ms891727	ee502643
IXMLDOMParseError	ms891728	ee502761
IXMLDOMProcessingInstruction	ms891729	ee502750
IXMLDOMSelection	ms891730	ee502105
IXMLDOMText	ms891731	ee502027
IXMLHTTPRequest	ms891732	-
IXMLHTTPRequest Members	ms891733	ee502341
IXMLParseError Error Messages	ms891734	ee503526
IXTLRuntime	ms891735	-
IXTLRuntime Members	ms891736	ee503068
Icmp6CreateFile	ms890355	ee493277
Icmp6ParseReplies	ms890356	ee493459
Icmp6SendEcho2	ms890357	ee494497
IcmpCloseHandle	ms890358	ee493485
IcmpCreateFile	ms890359	ee493517
IcmpParseReplies	ms890361	ee493011
IcmpSendEcho	ms890362	ee494520
IcmpSendEcho2	ms890363	ee493861
Identification Element (Poll Request)	ms895107	ee489417
Identifying Pocket Internet Explorer to a Web Server	aa451991	-
Identity Manager Functions	ms886681	-
Identity Manager Reference	ms886682	-
Identity Manager Structures	ms886683	-
Image File Format Specifications	ms923412	ee491218
ImageCodecFlags	aa452239	ee490269
ImageCodecInfo	aa452241	ee490848
ImageFlags	aa452242	ee490700
ImageInfo (Imaging API)	aa452243	ee490096
ImageList_Add	ms909786	ee502231
ImageList_AddIcon	ms909790	ee504543
ImageList_AddMasked	ms909795	ee503446
ImageList_BeginDrag	ms909799	ee500766
ImageList_Copy	ms909805	ee499691
ImageList_Create	ms909810	ee500447
ImageList_Destroy	ms909811	ee501989
ImageList_DragEnter	ms909812	ee505711
ImageList_DragLeave	ms909813	ee501729
ImageList_DragMove	ms909814	ee503204
ImageList_DragShowNolock	ms909815	ee501254
ImageList_Draw	ms909816	ee502905
ImageList_DrawEx	ms909817	ee506293
ImageList_DrawIndirect	ms909818	ee504032
ImageList_Duplicate	ms909820	ee502893
ImageList_EndDrag	ms909821	ee499743
ImageList_ExtractIcon	ms909822	ee503909
ImageList_GetBkColor	ms909823	ee501730
ImageList_GetDragImage	ms909824	ee500265
ImageList_GetIcon	ms909825	ee506299
ImageList_GetIconSize	ms909826	ee503580
ImageList_GetImageCount	ms909827	ee504304
ImageList_GetImageInfo	ms909828	ee499663
ImageList_LoadBitmap	ms909829	ee504299
ImageList_LoadImage	ms909830	ee504385
ImageList_Merge	ms909831	ee503132
ImageList_Remove	ms909832	ee506284
ImageList_RemoveAll	ms909833	ee504892
ImageList_Replace	ms909834	ee504557
ImageList_ReplaceIcon	ms909835	ee500224
ImageList_SetBkColor	ms909836	ee504889
ImageList_SetDragCursorImage	ms909837	ee503586
ImageList_SetIconSize	ms909838	ee500889
ImageList_SetImageCount	ms909839	ee501924
ImageList_SetOverlayImage	ms909840	ee506087
ImageLockMode	aa452244	ee491670
Imaging Application Development	ms923413	-
Imaging Classes	aa452247	-
Imaging Enumerations	aa452248	-
Imaging GUIDs	aa452249	ee491042
Imaging Interfaces	aa452250	-
Imaging Macros	aa452251	-
Imaging Migration	ms923414	ee490293
Imaging OS Design Development	ms923415	ee491683
Imaging Reference	ms925314	-
Imaging Registry Settings	ms923416	ee490487
Imaging Samples	ms932698	ee491438
Imaging Security	ms923417	ee491034
Imaging Structures	aa452252	-
Imaging Types	aa452253	-
ImeGetUIClassName (Simplified Chinese)	ms905977	ee491179
ImeGetUIClassName (Traditional Chinese)	ms905978	ee490992
ImmAssociateContext	ms905984	ee491374
ImmAssociateContextEx	ms905985	ee491367
ImmConfigureIME	ms905986	ee491365
ImmCreateContext	ms905987	ee491164
ImmCreateIMCC	ms905988	ee491001
ImmDestroyContext	ms905989	ee490961
ImmDestroyIMCC	ms905990	ee491407
ImmDisableIME	ms905991	ee491729
ImmEnumRegisterWord	ms905992	ee491937
ImmEscape	ms905993	ee490923
ImmGenerateMessage	ms905994	ee490998
ImmGetCandidateList	ms905995	ee492157
ImmGetCandidateListCount	ms905996	ee491358
ImmGetCandidateWindow	ms905997	ee491933
ImmGetCompositionFont	ms905998	ee491528
ImmGetCompositionString	ms906001	ee490974
ImmGetCompositionWindow	ms906002	ee491126
ImmGetContext	ms906003	ee491330
ImmGetConversionList	ms906004	ee491360
ImmGetConversionStatus	ms906005	ee491176
ImmGetConversionStatusForeground	ms906006	ee491931
ImmGetDefaultIMEWnd	ms906007	ee491130
ImmGetDescription	ms906008	ee491387
ImmGetGuideLine	ms906009	ee491970
ImmGetHotKey	ms906010	ee491215
ImmGetIMCCLockCount	ms906011	ee491578
ImmGetIMCCSize	ms906012	ee492130
ImmGetIMCLockCount	ms906013	ee491942
ImmGetIMEFileName	ms906014	ee490980
ImmGetImeMenuItems	ms906015	ee491582
ImmGetOpenStatus	ms906016	ee491397
ImmGetProperty	ms906017	ee491973
ImmGetRegisterWordStyle	ms906018	ee491981
ImmGetStatusWindowPos	ms906019	ee491188
ImmGetVirtualKey	ms906020	ee491569
ImmIsIME	ms906021	ee490955
ImmIsUIMessage	ms906022	ee492129
ImmLockIMC	ms906023	ee491932
ImmLockIMCC	ms906024	ee491536
ImmNotifyIME	ms906025	ee491005
ImmReSizeIMCC	ms906028	ee491768
ImmRegisterWord	ms906026	ee491595
ImmReleaseContext	ms906027	ee492152
ImmSIPanelState	ms906038	ee491162
ImmSetCandidateWindow	ms906029	ee490976
ImmSetCompositionFont	ms906030	ee491377
ImmSetCompositionString	ms906031	ee491749
ImmSetCompositionWindow	ms906032	ee491195
ImmSetConversionStatus	ms906033	ee490991
ImmSetHotKey	ms906034	ee492112
ImmSetOpenStatus	ms906035	ee491611
ImmSetStatusWindowPos	ms906036	ee492138
ImmSimulateHotKey	ms906037	ee491184
ImmUnlockIMC	ms906039	ee490916
ImmUnlockIMCC	ms906040	ee491361
ImmUnregisterWord	ms906041	ee491214
Implementations of XSLT	ms862168	ee503071
Implementing DDHAL Functionality	aa447451	ee486646
Implementing DDHAL Functionality without GPE	aa447452	-
Implementing Device Classes	ms881928	ee500276
Implementing IUnknown in DirectShow/IUnknown Basics	ms923435	-
Implementing IUnknown in DirectShow/Using CUnknown	aa451422	-
Implementing Japanese IME 3.1	ms917983	ee492158
Implementing Master Key Protection in a LAP	ms926478	ee498520
Implementing Overlay Flipping in a DirectDraw Driver	ms892231	ee483170
Implementing USB Host Controller Drivers	ms892166	ee484814
Implementing a Dummy File Filter	ms861598	ee486531
Implementing a Hosted Device Using COM	ms881922	-
Implementing a Network Performance Test	aa448253	ee483027
Implementing a ProtocolReceive Handler	ms892218	ee485257
Implementing a ProtocolReceivePacket Handler	ms892219	ee481285
Implementing a Secure Socket	ms881923	ee495139
Implementing an IDispatch Interface for Each Service	ms881925	ee499166
Implementing an Image Decoder Object	ms940062	ee490081
Implementing an Image Encoder Object	ms940063	ee490808
Implementing and Calling Custom Actions	ms881924	ee501218
Implementing the DMO Methods	ms923420	ee496139
Implementing the Device Functions	ms861622	-
Implementing the GenBltCpuInitialize Function	aa448254	ee486672
Implementing the Get Operation	ms881926	ee494238
Implementing the KeybdPdd_GetEventEx2 Function	aa448257	-
Implementing the Keyboard PDD List	aa448258	-
Implementing the Optimization Function	aa448255	ee485658
Implementing the Put Operation	ms881927	ee494893
Implementing the Translation Function	aa448256	ee482665
Important End-user Notification for ActiveSync	aa514725	-
Importing and Exporting a Peer Identity	ms881929	-
InSendMessage	ms909852	ee505296
Inbox Service	ms881930	ee494122
Including a Command Processor	aa452670	ee506149
Including the Standard Shell	aa452671	ee505227
Including the Taskman Shell	aa452672	ee502244
Index Buffer Descriptions	ms923423	ee490136
Index Buffers	ms923424	-
Indexed Primitives	ms923425	ee490129
Indexed Properties	ms882869	ee487890
Indic	ms906467	-
Indic OS Design Development	ms906468	ee491574
IndicateRndisPacketCompleteHandler	ms901364	ee481852
InflateRect	ms909847	ee501937
Infrared Support	ms862169	ee484102
Init Method (ISoapSerializer)	ms882870	ee485544
Init Method (ISoapServer)	ms882871	ee486606
Init Method (ISoapTypeMapper)	ms882872	ee484182
InitCommonControls	ms909848	ee501415
InitCommonControlsEx (function)	ms909849	ee499702
InitLAP (function)	ms926083	ee498547
InitLap (structure)	ms926088	ee498129
InitObjType	aa514309	ee484125
InitSecurityInterface	ms926095	ee497969
Initial Settings	aa450023	ee499436
Initialization of NDIS Protocol Drivers	ms892232	ee483611
Initialize RTC	aa525637	ee501319
InitializeCriticalSection	ms885665	ee488434
InitializeRemoveLock	ms901365	ee483422
InitializeSecurityContext	ms926002	ee498386
Initializing the Device Store	ms861652	ee485186
Initializing the NDIS Wrapper	ms892233	ee484251
Initializing the RAM-based Registry	ms892396	-
Initializing the SSPI	ms925922	ee498560
Initializing the Store	ms861657	ee485128
Input Language Data	ms892234	ee483873
Input Method Editor Constants	ms903877	-
Input Method Manager (IMM)	ms906469	-
Input Method Manager (IMM) Application Development	ms903878	-
Input Method Manager (IMM) Function Identifiers	ms904405	-
Input Method Manager (IMM) Functions	ms904400	-
Input Method Manager (IMM) Messages	ms904401	-
Input Method Manager (IMM) Migration	ms906470	ee490918
Input Method Manager (IMM) OS Design Development	ms906471	ee492103
Input Method Manager (IMM) Reference	ms904402	-
Input Method Manager (IMM) Samples	ms906472	ee492124
Input Method Manager (IMM) Security	ms903879	ee491123
Input Method Manager (IMM) Structures	ms904403	-
InputStream Property	ms882874	ee486255
InsertMenu	ms909853	ee502866
Install_Exit	aa514312	ee486157
Install_Init	aa514314	ee485587
Installable File System	ms885232	-
Installable File Systems	aa450025	ee499836
Installable ISR Registry Settings	ms892236	ee484040
Installation Functions	aa450026	ee495048
Installation Options	aa450027	-
Installing MSMQ Using MSMQADM.EXE	aa450028	ee500590
Installing MSMQ Using Visadm	aa450030	ee499019
Installing MSMQ Using the Registry	aa450029	ee498420
Installing a Custom Shell	aa452675	ee504004
Installing a Custom TUI Input Method Editor	aa525639	-
Installing a LAP	ms936992	ee498786
Installing an AE	ms936991	ee498336
Installing an LSP	aa450110	ee494050
Installing and Uninstalling the USB Serial Host Driver	aa448273	ee483165
Installing and Using Fonts	ms901090	-
Installing the Certificate on a Windows CE-based Web Server	ms900349	-
Installing the USB Host Mass Storage Client Driver on the Target Device	ms892239	ee486927
Installing the USB Host Printer Client Driver on the Target Device	ms892240	ee485266
Installing, Attaching, and Detaching USB Drivers	ms894079	ee481700
Instruction Request to the Server	ms894521	ee489340
Instruction Response from the Server	ms894524	ee489360
Instructions Element (Instruction Response)	ms895124	ee489474
InstructionsRequest Element (Instruction Request)	ms895128	ee489338
Int64x32Div32	ms912016	ee494996
IntToWstr	ms912061	ee494757
Interactive User Interface	aa450032	ee494248
Interface Descriptor for Communication Class Interface	ms892241	ee485851
Interface Descriptor for Data Class Interface	ms892242	ee481260
Interface Identifiers for Direct3D Mobile	ms912040	ee490659
Interface Key	ms862170	ee487925
Interfaces Group	ms894526	ee489079
InterlockedCompareExchange	ms885667	ee488207
InterlockedCompareExchangePointer	ms885668	ee487958
InterlockedDecrement	ms885669	ee488204
InterlockedExchange	ms885670	ee488427
InterlockedExchangeAdd	ms885671	ee488632
InterlockedExchangePointer	ms885672	ee488192
InterlockedIncrement	ms885673	ee488178
InterlockedTestExchange	ms885674	ee488428
Internal Direct3D Mobile Driver Errors	ms892244	ee481134
Internal Representation for Bluetooth Address	ms892245	ee486857
International Application Development	ms906473	-
International Catalog Items	ms904404	ee490978
International Changes in Windows CE .NET 4.0 and Windows CE .NET 4.2	ms903880	ee490912
International Language Functionalities	aa451996	-
International Migration	ms906474	-
International OS Design Development	ms903884	-
International Phoneme Representation	ms862171	-
International Samples	ms903885	ee491533
Internationalizing Software	ms903882	-
Internet Client Services Catalog Items	aa451997	ee487495
Internet Connection Sharing	ms898968	-
Internet Control Message Protocol (ICMP)	aa450037	-
Internet Control Message Protocol for IPv6 (ICMPv6)	aa450036	ee495261
Internet Explorer 6 Application Development	ms918893	-
Internet Explorer 6 Architecture	aa452001	-
Internet Explorer 6 Default Registry Settings	aa452005	-
Internet Explorer 6 Migration	aa452003	-
Internet Explorer 6 OS Overview	aa452004	-
Internet Explorer 6 Security	aa452007	-
Internet Explorer 6 for Windows CE Characteristics	aa452002	-
Internet Explorer Browser Control Host Migration	aa452010	ee492447
Internet Explorer Browser Control Host OS Design Development	aa452011	ee492414
Internet Explorer Browser Control Host Reference	ms919019	ee492448
Internet Explorer Browser Control Host Registry Settings	aa451908	ee492055
Internet Explorer Browser Control Host Samples	aa452012	ee491867
Internet Explorer MLang Enumerations	ms905680	-
Internet Explorer MLang Functions	ms905681	-
Internet Explorer MLang Interfaces	ms905682	-
Internet Explorer MLang Objects	ms905683	-
Internet Explorer MLang Structures	ms905685	-
Internet Explorer MSHTML/DHTML API Migration	aa452013	ee492233
Internet Explorer MSHTML/DHTML API Registry Settings	ms905101	ee491874
Internet Explorer MSHTML/DHTML API Samples	aa452015	ee492837
Internet Explorer Multiple-Language API Migration	aa452017	ee492259
Internet Explorer Multiple-Language API OS Design Development	aa452016	ee492430
Internet Explorer Multiple-Language API Registry Settings	ms905072	ee492601
Internet Explorer Multiple-Language API Samples	aa452018	ee492817
Internet Explorer RPC Support	aa452019	-
Internet Explorer TV-Style Navigation Migration	aa452021	ee492642
Internet Explorer TV-Style Navigation OS Design Development	aa452022	ee492023
Internet Explorer TV-Style Navigation Registry Settings	ms905631	ee491812
Internet Explorer TV-Style Navigation Samples	aa452023	ee492456
Internet Group Management Protocol (IGMP)	aa450038	-
Internet Messaging	aa450039	ee499185
Internet Protocol (IP) for IPv4	aa450041	-
Internet Protocol (IP) for IPv6	aa450042	-
Internet Protocol Helper APIs	aa450040	-
Internet Protocol Version 6	ms898970	-
Internet Protocol version 4 Address Classes	aa450043	ee493876
Internet Protocols	aa452024	ee492378
Internet Router Discovery Protocol (IRDP) for IPv4	aa450046	ee493914
Internet Security Manager	aa452025	ee491840
Internet Zone Manager	aa452026	ee491847
Internet Zone Settings	aa452027	ee492071
InternetAttemptConnect	ms918340	ee492581
InternetCanonicalizeUrl	ms926106	ee498343
InternetCheckConnection	ms918346	ee492236
InternetCloseHandle	ms918348	ee492251
InternetCombineUrl	ms918349	ee492584
InternetConfirmZoneCrossing	ms918350	ee492166
InternetConnect	ms918351	ee492231
InternetCookieState	ms918353	ee491841
InternetCrackUrl	ms918354	ee492398
InternetCreateUrl	ms918355	ee492780
InternetEnumPerSiteCookieDecisionA	ms918356	ee492442
InternetEnumPerSiteCookieDecisionW	ms918357	ee491798
InternetErrorDlg	ms918358	ee492869
InternetFindNextFile	ms918359	ee492003
InternetGetConnectedState	ms918360	ee492424
InternetGetConnectedStateEx	ms918361	ee491815
InternetGetCookie	ms918362	ee492451
InternetGetLastResponseInfo	ms918363	ee492799
InternetGetPerSiteCookieDecisionA	ms918364	ee492810
InternetGetPerSiteCookieDecisionW	ms918365	ee492202
InternetGoOnline	ms918366	ee491886
InternetLockRequestFile	ms918367	ee492208
InternetOpen	ms918368	ee492088
InternetOpenUrl	ms918369	ee492089
InternetQueryDataAvailable	ms918373	ee491998
InternetQueryOption	ms918374	ee492415
InternetReadFile	ms918375	ee491861
InternetReadFileEx	ms918376	ee492164
InternetSetCookie	ms918378	ee492074
InternetSetCookieEx	ms918379	ee492855
InternetSetFilePointer	ms918380	ee492858
InternetSetOption	ms918381	ee492811
InternetSetOptionEx	ms918382	ee492610
InternetSetPerSiteCookieDecisionA	ms918383	ee492093
InternetSetPerSiteCookieDecisionW	ms918384	ee491817
InternetSetStatusCallback	ms918385	ee492013
InternetTimeFromSystemTime	ms918387	ee492591
InternetTimeToSystemTime	ms918388	ee492864
InternetUnlockRequestFile	ms918389	ee492872
InternetWriteFile	ms918391	ee492463
Interpolation	ms923429	-
InterpolationHint	ms912048	ee490849
Interrogation Operations	ms862172	ee484761
Interrupt Handling in Audio Drivers	ms892247	ee485227
IntersectClipRect	ms909855	ee502890
IntersectRect	ms909856	ee500197
Interval Element (Instruction Response)	ms895131	ee489066
Interval Element (Poll Response)	ms895133	ee489115
Introducing Smart Cards to the System	ms925923	ee497973
Introduction to Direct3D Mobile	ms923431	-
Introduction to DirectShow Application Programming/Filter Graphs	ms923367	-
Introduction to DirectShow Application Programming/Writing a DirectShow Application	ms925286	-
Introduction to DirectX Media Objects/Differences Between DMOs and DirectShow Filters	ms923407	-
Introduction to DirectX Media Objects/Why Use DMOs?	ms925260	-
Introduction to Lighting and Materials	ms923434	ee491690
Introduction to the Syntax of XPath	ms862173	ee502406
InvalidateCache	ms891359	ee489663
InvalidateRect	ms909857	ee505051
InvalidateRgn	ms909858	ee502864
Inventory Element (Machine Inventory Report)	ms895136	ee489294
InventoryItem Element (Machine Inventory Report)	ms895139	ee489059
InvertRect	ms909859	ee503209
IpReleaseAddress	aa450426	ee494303
IpRenewAddress	aa450427	ee493830
Ipv6 Migration	ms898974	ee493042
Ipv6 Samples	ms898976	ee494901
IrDA Network Adapters	ms892469	ee483198
IrDA Object Identifiers	ms894947	-
IsAppThemed	ms918803	ee492418
IsAsyncMoniker	ms918804	ee492893
IsBadCodePtr	ms885687	ee488573
IsBadReadPtr	ms885688	ee488585
IsBadWritePtr	ms885689	ee488361
IsCharAlpha	ms885690	ee488793
IsCharAlphaNumeric	ms885691	ee487949
IsCharLower	ms885692	ee487984
IsCharUpper	ms885693	ee488199
IsChild	ms909862	ee500846
IsClipboardFormatAvailable	ms909863	ee501144
IsConvertINetStringAvailable	ms918805	ee492646
IsDBCSLeadByte	ms886515	ee487962
IsDBCSLeadByteEx	ms886608	ee488433
IsDialogBoxHandled Callback Function (Urlmon)	ms918806	ee492876
IsDialogBoxHandled Callback Function (WinInet)	ms918807	ee492841
IsDialogMessage	ms909864	ee500858
IsDlgButtonChecked	ms909866	ee499082
IsEqualGUID	ms886018	ee488966
IsEqualObject	ms931812	ee495970
IsFirewallEnabled	aa450624	ee494114
IsIPSecRunning	aa450627	ee495256
IsInterfaceFirewalled	aa450625	ee493859
IsLoggingEnabled	ms918808	ee492257
IsMessageBoxHandled Callback Function	ms918809	ee491854
IsProcessorFeaturePresent	ms886726	ee488016
IsRectEmpty	ms909894	ee506063
IsValidCodePage	ms906218	ee491608
IsValidIid	ms890785	ee488102
IsValidInterface	ms890791	ee488987
IsValidLocale	ms906219	ee491935
IsValidPtrIn	ms890797	ee488342
IsValidPtrOut	ms890804	ee488343
IsValidURL	ms918810	ee492568
IsWindow	aa453233	ee502316
IsWindowEnabled	aa453234	ee505428
IsWindowVisible	aa453235	ee504915
IssueBulkTransfer	ms902128	ee481927
IssueInterruptTransfer	ms902130	ee484042
IssueVendorTransfer	ms902132	ee482074
Italian Keyboard	ms892470	ee484418
JScript Migration	aa452029	ee497788
JScript OS Design Development	aa452030	ee497785
JScript Samples	aa452031	ee497789
JScript Support in Windows CE	aa452028	-
Japanese	ms903886	-
Japanese All Character IM Registry Settings	ms903887	ee491326
Japanese Character Auto Complete (CAC) IM Registry Settings	ms903889	ee491609
Japanese Dictionary Compiler	ms903890	-
Japanese Edit Control	ms903891	-
Japanese Handwriting Sample IM Registry Settings	ms903892	ee491140
Japanese IM Handwriting Panels	ms903900	ee491903
Japanese IM Hot Key Registry Settings	ms903901	ee491003
Japanese IM On-Screen Keyboards	ms903902	ee491693
Japanese IM Search Panels	ms903903	ee490959
Japanese IM and IME Registry Settings	ms903893	ee491135
Japanese IME 3.1	ms903894	-
Japanese IME 3.1 Architecture	ms903895	ee491934
Japanese IME 3.1 Classes	ms904407	-
Japanese IME 3.1 Customizable User Interface	ms903896	-
Japanese IME 3.1 Dictionary Compiler	ms903897	-
Japanese IME 3.1 Part-of-Speech Codes	ms903898	ee491581
Japanese IME 3.1 Reference	ms904408	-
Japanese IME 3.1 Registry Settings	ms903899	ee491573
Japanese IME 3.1 Structures	ms904409	-
Japanese Input Method Architecture	ms903904	ee491539
Japanese Input Methods	ms903905	-
Japanese Keyboard	ms892472	ee483466
Japanese MS Kana IM Registry Settings	ms903906	ee490945
Japanese MS Roma IM Registry Settings	ms903907	ee491002
Japanese OS Design Development	ms903908	ee491212
Japanese Phonemes	ms862174	ee483955
Japanese Pocket IME	ms903909	-
Japanese Pocket IME Architecture	ms903910	ee491724
Japanese Pocket IME Functions	ms904410	-
Japanese Pocket IME Interfaces	ms903911	-
Japanese Pocket IME Reference	ms906220	-
Japanese Pocket IME Structures	ms904411	-
Japanese Pocket IME UI Code	ms903912	-
Japanese Registry Settings	ms906475	-
Japanese Samples	ms903913	ee491764
Japanese Search by Radical IM Registry Settings	ms903914	ee491191
Japanese Search by Stroke IM Registry Settings	ms903915	ee491771
Joining and Leaving a Multicast Group	aa450103	ee495101
JumpStart for Creating a SAX2 Application	ms862175	-
KBDI_AUTOREPEAT_INFO	ms902134	ee486729
KBDI_VKEY_TO_UNICODE_INFO	ms902135	ee485033
KDbgBreak	ms932018	ee496520
KEYBDINPUT	aa453247	ee504819
KEYBD_PDD	ms902146	ee483047
KEY_STATE_FLAGS	ms902150	ee486470
KS_AM_KSPROPSETID_TSRateChange	aa452528	ee494822
Kerberos Authentication and RTC	aa525644	ee501311
Kerberos Security Support Provider	ms925924	ee498711
Kernel Memory Allocated for Use by the Networking Stack	ms892473	-
Key BLOBs	ms925925	ee498772
Key Databases	ms925926	ee498139
Key Length Comparison	ms925927	ee498852
KeybdGetDeviceInfo	aa453246	ee504822
Keyboard Driver Registry Settings	ms892476	ee482071
Keyboard Driver Samples	ms892478	ee483031
Keyboard Identification	ms892479	ee485056
Keyboard PDDs	ms892481	ee486501
Keyboard and Mouse Properties of IMsRdpClientAdvancedSettings	aa514412	ee484582
KillTimer	aa453248	ee505654
Kingston PCI NE2000	ms892482	ee484832
Korean	ms903916	-
Korean Handwriting Sample IM Registry Settings	ms903917	ee491775
Korean IME	ms903918	-
Korean IME Architecture in Windows CE	ms903921	-
Korean IME UI Configuration Registry Settings	ms904412	ee491947
Korean IME UI Source Code Files	ms903922	ee491900
Korean IME97 Hot Key Registry Settings	ms903919	ee491754
Korean IME97 Registry Settings	ms903920	ee491924
Korean Input Method Implementation	ms903923	ee492105
Korean Input Methods	ms903924	-
Korean Keyboard	ms892483	ee483620
Korean OS Design Development	ms903925	ee491975
Korean Registry Settings	ms906476	-
Korean Samples	ms903926	ee492120
Korean Soft Keyboard IM Registry Settings	ms903927	ee491644
LAP Implementation Issues	ms926479	ee498779
LAP-Exported Functions	ms936993	-
LAPCreateEnrollmentConfigDialog	ms926118	ee497901
LASS Application Development	ms936994	-
LASS Exponential Backoff	ms925928	ee498750
LASS Functions	ms936995	-
LASS OS Design Development	ms925929	-
LASS Overview	ms925930	ee498780
LASS Reference	ms936996	-
LASS Registry Settings	ms936997	ee498787
LASS Samples	ms936998	ee497995
LASS Security	ms937001	ee498349
LASS Structures	ms926131	-
LASSReloadConfig	ms926124	ee498746
LBN_DBLCLK	aa453273	ee505854
LBN_ERRSPACE	aa453274	ee500763
LBN_KILLFOCUS	aa453275	ee501959
LBN_SELCANCEL	aa453276	ee503963
LBN_SELCHANGE	aa453277	ee504288
LBN_SETFOCUS	aa453278	ee502896
LB_ADDSTRING	aa453251	ee500161
LB_DELETESTRING	aa453252	ee502901
LB_FINDSTRING	aa453253	ee505683
LB_FINDSTRINGEXACT	aa453254	ee499658
LB_GETANCHORINDEX	aa453255	ee502917
LB_GETCARETINDEX	aa453256	ee505268
LB_GETCOUNT	aa453257	ee504855
LB_GETCURSEL	aa453258	ee504323
LB_GETHORIZONTALEXTENT	aa453259	ee502001
LB_GETITEMDATA	aa453260	ee502241
LB_GETITEMHEIGHT	aa453261	ee505483
LB_GETITEMRECT	aa453262	ee500214
LB_GETLOCALE	aa453263	ee504908
LB_GETSEL	aa453264	ee501125
LB_GETSELCOUNT	aa453265	ee506055
LB_GETSELITEMS	aa453266	ee505228
LB_GETTEXT	aa453267	ee501398
LB_GETTEXTLEN	aa453268	ee499369
LB_GETTOPINDEX	aa453269	ee503195
LB_INITSTORAGE	aa453270	ee504335
LB_INSERTSTRING	aa453271	ee504297
LB_ITEMFROMPOINT	aa453272	ee499424
LB_RESETCONTENT	aa453279	ee506303
LB_SELECTSTRING	aa453280	ee504881
LB_SELITEMRANGE	aa453281	ee502006
LB_SELITEMRANGEEX	aa453282	ee500895
LB_SETANCHORINDEX	aa453283	ee505302
LB_SETCARETINDEX	aa453284	ee500208
LB_SETCOLUMNWIDTH	aa453285	ee503149
LB_SETCURSEL	aa453286	ee503738
LB_SETHORIZONTALEXTENT	aa453287	ee501451
LB_SETITEMDATA	aa453288	ee506123
LB_SETITEMHEIGHT	aa453289	ee504149
LB_SETLOCALE	aa453290	ee499410
LB_SETSEL	aa453291	ee505219
LB_SETTABSTOPS	aa453292	ee499115
LB_SETTOPINDEX	aa453293	ee503399
LCID	ms891741	ee487749
LCMapString	ms906221	ee491201
LCTYPE Constants	ms906223	ee491958
LDAP	ms891742	ee487158
LDAP Callback Functions	aa513731	-
LDAP Directory Entry Functions	aa513732	-
LDAP Distinguished Names	ms862244	ee485339
LDAP Enumerations	aa513733	-
LDAP Error Handling Functions	aa513734	-
LDAP Functions	aa513735	-
LDAP Memory Management Functions	aa513736	-
LDAP Migration	ms862372	ee486004
LDAP OS Design Development	ms862177	ee485347
LDAP Registry Settings	ms862403	ee483317
LDAP Samples	ms862417	ee485927
LDAP Schema Model	ms862429	ee486563
LDAP Search Functions	aa513738	-
LDAP Security	ms862439	ee487194
LDAP Security Model	ms862452	ee486825
LDAP Session Functions	aa513739	-
LDAP Structures	aa513740	-
LDAPControl	ms891757	ee487047
LDAPMessage	ms892278	ee484773
LDAPMod	ms892279	ee483706
LDAPSearch	ms892309	ee485986
LDAPSortKey	ms892313	ee487108
LDAP_REFERRAL_CALLBACK	ms892294	ee484098
LDAP_RETCODE	ms892299	ee485596
LDAP_TIMEVAL	ms892315	ee486168
LICINFO	ms892327	ee488316
LINEADDRCAPFLAGS	ms893345	ee496761
LINEADDRESSCAPS	ms893350	ee496250
LINEADDRESSMODE	ms893356	ee496951
LINEADDRESSSHARING	ms893362	ee496770
LINEADDRESSSTATE	ms893367	ee496433
LINEADDRESSSTATUS	ms893382	ee497041
LINEADDRESSTYPE	ms893386	ee497153
LINEADDRFEATURE	ms898980	ee497163
LINEANSWERMODE	ms898981	ee497031
LINEBEARERMODE	ms893407	ee497321
LINEBUSYMODE	ms893419	ee496866
LINECALLCOMPLCOND	ms893430	ee497049
LINECALLCOMPLMODE	ms893519	ee496226
LINECALLFEATURE	ms893582	ee496764
LINECALLFEATURE2	ms893599	ee497403
LINECALLINFO	ms893611	ee496164
LINECALLINFOSTATE	ms893623	ee496789
LINECALLLIST	ms893660	ee496251
LINECALLORIGIN	ms893672	ee496186
LINECALLPARAMFLAGS	ms893682	ee497522
LINECALLPARAMS	ms893776	ee496633
LINECALLPARTYID	ms893855	ee496249
LINECALLPRIVILEGE	ms893958	ee496181
LINECALLREASON	ms893966	ee496406
LINECALLSELECT	ms893976	ee497414
LINECALLSTATE	ms893984	ee496228
LINECALLSTATUS	ms894104	ee496599
LINECALLTREATMENT	ms894115	ee496399
LINECALLTREATMENTENTRY	ms894117	ee496447
LINECONFIGDATA	aa453294	ee493261
LINECONNECTEDMODE	ms894124	ee496650
LINEDEVCAPFLAGS	ms894129	ee496589
LINEDEVCAPS	ms894130	ee496211
LINEDEVSTATE	ms894134	ee497590
LINEDEVSTATUS	ms894135	ee496416
LINEDEVSTATUSFLAGS	ms894136	ee497380
LINEDIALPARAMS	ms894138	ee496204
LINEDIALTONEMODE	ms894139	ee497076
LINEDIGITMODE	ms894140	ee496390
LINEDISCONNECTMODE	ms894141	ee497063
LINEERR	ms894143	ee496762
LINEEVENT	ms894144	ee497162
LINEEXTENSIONID	ms894145	ee496772
LINEFEATURE	ms894146	ee496253
LINEFORWARDLIST	ms894148	ee496573
LINEFORWARDMODE	ms894149	ee496670
LINEGATHERTERM	ms894151	ee496201
LINEGENERATETERM	ms894154	ee497203
LINEGENERATETONE (structure)	ms894155	ee496995
LINEINITIALIZEEXOPTION	ms894371	ee496689
LINEINITIALIZEEXPARAMS	ms894378	ee497345
LINELOCATIONENTRY	ms894383	ee497513
LINELOCATIONOPTION	ms894385	ee496780
LINEMEDIACONTROL	ms894388	ee496391
LINEMEDIAMODE	ms894389	ee496415
LINEMESSAGE	ms894390	ee496798
LINEOFFERINGMODE	ms894409	ee496588
LINEOPENOPTION	ms894421	ee497472
LINEPARKMODE	ms894422	ee496800
LINEPROVIDERENTRY	ms894431	ee497316
LINEPROVIDERLIST	ms894433	ee496377
LINEREMOVEFROMCONF	ms894450	ee496417
LINEROAMMODE	ms894463	ee496957
LINESPECIALINFO	ms894520	ee496379
LINETERMDEV	ms894525	ee496965
LINETERMMODE	ms894528	ee497036
LINETERMSHARING	ms894530	ee496806
LINETOLLLISTOPTION	ms894532	ee496601
LINETONEMODE	ms894535	ee496586
LINETRANSFERMODE	ms894537	ee496169
LINETRANSLATECAPS	ms894541	ee496386
LINETRANSLATEOPTION	ms894546	ee496574
LINETRANSLATEOUTPUT	ms894550	ee496782
LINETRANSLATERESULT	ms894553	ee497424
LINE_ADDRESSSTATE (TSPI)	ms893374	ee496218
LINE_CALLINFO (TSPI)	ms893651	ee497557
LINE_CALLSTATE (TSPI)	ms894004	ee496988
LINE_CLOSE (TSPI)	ms894120	ee496810
LINE_CREATE (TSPI)	ms894127	ee496459
LINE_DEVSPECIFIC (TSPI)	ms894133	ee497455
LINE_GENERATE (TSPI)	ms894157	ee496375
LINE_LINEDEVSTATE (TSPI)	ms894381	ee496397
LINE_MONITORDIGITS (TSPI)	ms894393	ee496983
LINE_MONITORMEDIA (TSPI)	ms894399	ee496175
LINE_NEWCALL	ms894406	ee496244
LINE_REMOVE (TSPI)	ms894457	ee497335
LMDATA	aa453406	ee499697
LOAD_DLL_DEBUG_INFO	ms886734	ee488203
LOGBRUSH	aa453418	ee503661
LOGFONT	ms901140	ee489840
LOGFONTW (lfFaceName[LF_FACESIZE] + "must not exceed 32 TCHAR values, including the terminating NULL" -> LF_FACESIZE=32 derived; grounds the CE ms901140 LOGFONT implementation)	https://learn.microsoft.com/en-us/windows/win32/api/wingdi/ns-wingdi-logfontw	-
LOGPALETTE	aa453419	ee505709
LOGPEN	aa453420	ee502585
LPABORT_PIPE_TRANSFERS	ms895508	ee486451
LPABORT_TRANSFER	ms902160	ee483993
LPCLEAR_FEATURE	aa447664	ee481478
LPCLOSE_PIPE	aa447671	ee484016
LPCLOSE_TRANSFER	ms902161	ee481308
LPCTSTR	aa451487	ee495181
LPDDHAL_CANCREATESURFACE	ms896155	ee481647
LPDDHAL_CREATEPALETTE	aa447691	-
LPDDHAL_CREATESURFACE	aa447692	ee484682
LPDDHAL_DESTROYDRIVER	ms898282	-
LPDDHAL_FLIPTOGDISURFACE	aa447807	-
LPDDHAL_GETSCANLINE	ms899311	ee482012
LPDDHAL_SETCOLORKEY	ms920564	-
LPDDHAL_SETEXCLUSIVEMODE	ms920606	-
LPDDHAL_SETMODE	ms920661	-
LPDDHAL_WAITFORVERTICALBLANK	ms923279	ee482275
LPDEVICE_NOTIFY_ROUTINE	ms902162	ee486513
LPDISABLE_DEVICE	ms898298	ee485011
LPFIND_INTERFACE	aa447799	ee484831
LPGET_DESCRIPTOR	aa447826	ee485652
LPGET_DEVICE_INFO	aa447828	ee484661
LPGET_FRAME_LENGTH	aa447835	ee485264
LPGET_FRAME_NUMBER	aa447836	ee486243
LPGET_INTERFACE	ms899299	ee483220
LPGET_INTERRUPT_REPORT	ms902163	ee486714
LPGET_ISOCH_RESULTS	ms899307	ee485433
LPGET_QUEUE_SIZE	ms902165	ee486929
LPGET_REPORT	ms902164	ee482514
LPGET_STATUS	ms902166	ee485054
LPGET_STRING	ms902167	ee485478
LPGET_TRANSFER_STATUS	ms902168	ee484858
LPGET_USBD_VERSION	ms899322	ee484012
LPISSUE_BULK_TRANSFER	ms902169	ee484242
LPISSUE_CONTROL_TRANSFER	ms902129	ee481916
LPISSUE_INTERRUPT_TRANSFER	ms902170	ee483379
LPISSUE_ISOCH_TRANSFER	ms902131	ee484077
LPISSUE_VENDOR_TRANSFER	ms902171	ee485044
LPIS_DEFAULT_PIPE_HALTED	ms902125	ee484493
LPIS_PIPE_HALTED	ms902126	ee482247
LPIS_TRANSFER_COMPLETE	ms902133	ee484603
LPLOAD_GENERIC_INTERFACE_DRIVER	ms902158	ee482485
LPOPEN_CLIENT_REGISTRY_KEY	ms919304	ee485254
LPOPEN_PIPE	ms919318	ee483147
LPREGISTER_CLIENT_DRIVER_ID	ms919790	ee483583
LPREGISTER_CLIENT_SETTINGS	ms919792	ee481498
LPREGISTER_NOTIFICATION_ROUTINE	ms919796	ee485900
LPRELEASE_FRAME_LENGTH_CONTROL	ms919800	ee485622
LPRESET_DEFAULT_PIPE	ms919846	ee484611
LPRESET_PIPE	ms902172	ee483788
LPRESUME_DEVICE	ms919865	ee486312
LPSET_DESCRIPTOR	ms920570	ee484615
LPSET_FEATURE	ms920620	ee485217
LPSET_FRAME_LENGTH	ms920634	ee484464
LPSET_INTERFACE	ms920654	ee486627
LPSET_QUEUE_SIZE	ms902174	ee485477
LPSET_REPORT	ms902173	ee485872
LPSUSPEND_DEVICE	aa448184	ee486948
LPSYNC_FRAME	aa448185	ee481869
LPTAKE_FRAME_LENGTH_CONTROL	aa448187	ee483847
LPTRANSFER_NOTIFY_ROUTINE	ms902175	ee483871
LPTRANSLATE_STRING_DESCR	aa448214	ee482650
LPUN_REGISTER_CLIENT_DRIVER_ID	ms902176	ee482315
LPUN_REGISTER_CLIENT_SETTINGS	aa448244	ee481461
LPUN_REGISTER_NOTIFICATION_ROUTINE	ms923105	ee483221
LVBKIMAGE	aa453422	ee503719
LVCOLUMN	aa453423	ee499089
LVFINDINFO	aa453425	ee502876
LVGROUP	aa453426	ee505521
LVGROUPMETRICS	aa453427	ee499646
LVHITTESTINFO	aa453428	ee499668
LVINSERTGROUPSORTED	aa453429	ee501165
LVITEM	aa453430	ee499667
LVM_APPROXIMATEVIEWRECT	aa453431	ee504869
LVM_ARRANGE	aa453432	ee502885
LVM_CREATEDRAGIMAGE	aa453433	ee501078
LVM_DELETEALLITEMS	aa453434	ee506080
LVM_DELETECOLUMN	aa453435	ee506093
LVM_DELETEITEM	aa453436	ee501445
LVM_EDITLABEL	aa453437	ee500546
LVM_ENABLEGROUPVIEW	aa453497	ee506260
LVM_ENSUREVISIBLE	aa453438	ee501758
LVM_FINDITEM	aa453439	ee505468
LVM_GETBKCOLOR	aa453440	ee501050
LVM_GETBKIMAGE	aa453498	ee502262
LVM_GETCALLBACKMASK	aa453441	ee501956
LVM_GETCOLUMN	aa453442	ee505847
LVM_GETCOLUMNORDERARRAY	aa453443	ee504127
LVM_GETCOLUMNWIDTH	aa453445	ee501953
LVM_GETCOUNTPERPAGE	aa453446	ee501768
LVM_GETEDITCONTROL	aa453447	ee499397
LVM_GETEXTENDEDLISTVIEWSTYLE	aa453448	ee500852
LVM_GETGROUPCOUNT	aa453499	ee502550
LVM_GETGROUPINFO	aa453500	ee501072
LVM_GETGROUPINFOBYINDEX	aa453501	ee503981
LVM_GETGROUPMETRICS	aa453502	ee504565
LVM_GETHEADER	aa453449	ee505510
LVM_GETIMAGELIST	aa453450	ee505279
LVM_GETISEARCHSTRING	aa453451	ee501476
LVM_GETITEM	aa453452	ee504183
LVM_GETITEMCOUNT	aa453453	ee501439
LVM_GETITEMPOSITION	aa453454	ee502907
LVM_GETITEMRECT	aa453455	ee501198
LVM_GETITEMSPACING	aa453456	ee505448
LVM_GETITEMSTATE	aa453457	ee505897
LVM_GETITEMTEXT	aa453458	ee501055
LVM_GETNEXTITEM	aa453459	ee503511
LVM_GETNUMBEROFWORKAREAS	aa453460	ee499347
LVM_GETORIGIN	aa453461	ee502251
LVM_GETSELECTEDCOUNT	aa453462	ee505441
LVM_GETSELECTIONMARK	aa453463	ee499388
LVM_GETSTRINGWIDTH	aa453464	ee505647
LVM_GETSUBITEMRECT	aa453465	ee506129
LVM_GETTEXTBKCOLOR	aa453466	ee500866
LVM_GETTEXTCOLOR	aa453467	ee501759
LVM_GETTOOLTIPS	aa453503	ee503323
LVM_GETTOPINDEX	aa453468	ee505720
LVM_GETVIEWRECT	aa453469	ee501156
LVM_GETWORKAREAS	aa453470	ee505108
LVM_HASGROUP	aa453504	ee501154
LVM_HITTEST	aa453471	ee500151
LVM_INSERTCOLUMN	aa453472	ee500914
LVM_INSERTGROUP	aa453505	ee502600
LVM_INSERTGROUPSORTED	aa453506	ee504126
LVM_INSERTITEM	aa453473	ee505858
LVM_ISGROUPVIEWENABLED	aa453507	ee504885
LVM_MAPIDTOINDEX	aa453508	ee502237
LVM_MAPINDEXTOID	aa453509	ee502563
LVM_MOVEGROUP	aa453510	ee503663
LVM_MOVEITEMTOGROUP	aa453511	ee499639
LVM_REDRAWITEMS	aa453474	ee502588
LVM_REMOVEALLGROUPS	aa453512	ee506045
LVM_REMOVEGROUP	aa453513	ee502603
LVM_SCROLL	aa453475	ee502580
LVM_SETBKCOLOR	aa453476	ee500910
LVM_SETBKIMAGE	aa453514	ee505470
LVM_SETCALLBACKMASK	aa453477	ee506290
LVM_SETCOLUMN	aa453478	ee502276
LVM_SETCOLUMNORDERARRAY	aa453479	ee502623
LVM_SETCOLUMNWIDTH	aa453480	ee503088
LVM_SETEXTENDEDLISTVIEWSTYLE	aa453481	ee501472
LVM_SETGROUPINFO	aa453515	ee500145
LVM_SETGROUPMETRICS	aa453516	ee504552
LVM_SETICONSPACING	aa453482	ee502839
LVM_SETIMAGELIST	aa453483	ee506262
LVM_SETINFOTIP	aa453517	ee503490
LVM_SETITEM	aa453484	ee506098
LVM_SETITEMCOUNT	aa453485	ee499659
LVM_SETITEMPOSITION	aa453486	ee505242
LVM_SETITEMPOSITION32	aa453487	ee499654
LVM_SETITEMSTATE	aa453488	ee505229
LVM_SETITEMTEXT	aa453489	ee500157
LVM_SETSELECTIONMARK	aa453490	ee502004
LVM_SETTEXTBKCOLOR	aa453491	ee506249
LVM_SETTEXTCOLOR	aa453492	ee499394
LVM_SETTOOLTIPS	aa453518	ee501405
LVM_SETWORKAREAS	aa453493	ee505305
LVM_SORTGROUPS	aa453519	ee504139
LVM_SORTITEMS	aa453494	ee501456
LVM_SUBITEMHITTEST	aa453495	ee506095
LVM_UPDATE	aa453496	ee503216
LVN_BEGINDRAG	aa453520	ee502591
LVN_BEGINLABELEDIT	aa453521	ee501422
LVN_COLUMNCLICK	aa453522	ee501425
LVN_DELETEALLITEMS	aa453523	ee499637
LVN_DELETEITEM	aa453524	ee500597
LVN_ENDDRAG	aa453525	ee505479
LVN_ENDLABELEDIT	aa453526	ee505929
LVN_GETDISPINFO	aa453527	ee504153
LVN_GETINFOTIP	aa453538	ee504293
LVN_INSERTITEM	aa453528	ee504880
LVN_ITEMACTIVATE	aa453529	ee500812
LVN_ITEMCHANGED	aa453530	ee504375
LVN_ITEMCHANGING	aa453531	ee503403
LVN_KEYDOWN	aa453532	ee500611
LVN_MARQUEEBEGIN	aa453533	ee501068
LVN_ODCACHEHINT	aa453534	ee501082
LVN_ODFINDITEM	aa453535	ee504891
LVN_ODSTATECHANGED	aa453536	ee499704
LVN_SETDISPINFO	aa453537	ee506088
LVSETINFOTIP	aa453539	ee499045
LV_DISPINFO	aa453424	ee501952
LV_FINDINFO	aa453540	ee506280
Language Identifiers and Locales	ms903928	ee491651
Layered Protocols and Provider Chains	aa450109	-
Laying Out Text with Uniscribe	ms917984	ee491165
Lazy-Writer Thread	ms885487	ee489557
LcidToRfc1766	ms918817	ee492840
LdapGetLastError	ms892267	ee483297
LdapMapErrorToWin32	ms892276	ee483879
LdapUTF8ToUnicode	ms892320	ee484160
LdapUnicodeToUTF8	ms892319	ee486588
Learning More About PC Authentication	aa525645	-
LeaveCriticalSection	ms886733	ee488246
Legacy PCMCIA Driver Registry Settings	aa447530	ee481517
Light Color	ms923438	ee490316
Light Direction	ms923904	ee491607
Light Mapping with Textures	ms924108	ee490105
Light Objects	ms924117	ee490743
Light Position, Range, and Attenuation	ms924119	ee490853
Light Properties	ms924120	-
Light Type	ms924122	ee490874
Lighting	ms923982	-
Lighting Equations	ms923988	-
Lighting State	ms924006	ee490134
Lighting Support	ms924016	ee490824
Lighting and Materials	ms923997	ee491481
Lights	ms924121	-
Limitations of SAX	ms862469	ee502100
Limitations to Standalone Services	aa450112	ee499165
Limiting Access to Sensitive Information in the TUI	aa525646	-
Line Drawing	ms892485	ee481933
Line Drawing Acceleration	ms892486	ee486462
Line Lists	ms924124	ee491437
Line Strips	ms924125	ee491457
LineTo	aa453296	ee505695
Linear Texture Filtering	ms924123	ee490104
Link Layer Functionality	aa450114	ee494868
Linksys ISA NE2000	ms892487	ee485883
List Box Styles	aa453299	ee501958
List View Styles	aa453379	ee505098
List-View Controls Macros	ms927751	-
List-View Controls Messages	ms927755	-
List-View Controls Notifications	ms927760	-
List-View Controls Reference	ms927764	-
List-View Controls Structures	ms927769	-
ListView_ApproximateViewRect	aa453304	ee499050
ListView_Arrange	aa453305	ee502287
ListView_CreateDragImage	aa453306	ee500891
ListView_DeleteAllItems	aa453307	ee499740
ListView_DeleteColumn	aa453308	ee501464
ListView_DeleteItem	aa453309	ee504864
ListView_EditLabel	aa453310	ee502543
ListView_EnableGroupView	aa453382	ee500771
ListView_EnsureVisible	aa453311	ee503137
ListView_FindItem	aa453312	ee505059
ListView_GetBkColor	aa453313	ee504851
ListView_GetBkImage	aa453383	ee506277
ListView_GetCallbackMask	aa453314	ee505891
ListView_GetCheckState	aa453315	ee506114
ListView_GetColumn	aa453316	ee501724
ListView_GetColumnOrderArray	aa453317	ee505087
ListView_GetColumnWidth	aa453318	ee504343
ListView_GetCountPerPage	aa453319	ee503481
ListView_GetEditControl	aa453320	ee502606
ListView_GetExtendedListViewStyle	aa453321	ee505902
ListView_GetGroupCount	aa453385	ee505433
ListView_GetGroupInfo	aa453386	ee501238
ListView_GetGroupInfoByIndex	aa453387	ee503717
ListView_GetGroupMetrics	aa453388	ee505106
ListView_GetHeader	aa453322	ee502883
ListView_GetISearchString	aa453324	ee503977
ListView_GetImageList	aa453323	ee502215
ListView_GetItem	aa453325	ee505115
ListView_GetItemCount	aa453326	ee505862
ListView_GetItemPosition	aa453327	ee506062
ListView_GetItemRect	aa453328	ee504338
ListView_GetItemSpacing	aa453329	ee500216
ListView_GetItemState	aa453340	ee504319
ListView_GetItemText	aa453341	ee499661
ListView_GetNextItem	aa453342	ee500160
ListView_GetNumberOfWorkAreas	aa453343	ee505893
ListView_GetOrigin	aa453344	ee501709
ListView_GetSelectedCount	aa453345	ee499073
ListView_GetSelectionMark	aa453346	ee504124
ListView_GetStringWidth	aa453347	ee505083
ListView_GetSubItemRect	aa453348	ee502309
ListView_GetTextBkColor	aa453349	ee502537
ListView_GetTextColor	aa453350	ee500184
ListView_GetToolTips	aa453389	ee499377
ListView_GetTopIndex	aa453351	ee505487
ListView_GetViewRect	aa453352	ee501990
ListView_GetWorkAreas	aa453353	ee501455
ListView_HasGroup	aa453390	ee500841
ListView_HitTest	aa453354	ee503175
ListView_InsertColumn	aa453355	ee505104
ListView_InsertGroup	aa453391	ee504520
ListView_InsertGroupSorted	aa453392	ee500581
ListView_InsertItem	aa453356	ee504899
ListView_IsGroupViewEnabled	aa453393	ee502584
ListView_MapIDToIndex	aa453394	ee502575
ListView_MapIndexToID	aa453395	ee501716
ListView_MoveGroup	aa453396	ee505894
ListView_MoveItemToGroup	aa453397	ee500821
ListView_RedrawItems	aa453357	ee501931
ListView_RemoveAllGroups	aa453398	ee502288
ListView_RemoveGroup	aa453399	ee505291
ListView_Scroll	aa453358	ee504587
ListView_SetBkColor	aa453359	ee500756
ListView_SetBkImage	aa453400	ee500538
ListView_SetCallbackMask	aa453360	ee505502
ListView_SetColumn	aa453361	ee503366
ListView_SetColumnOrderArray	aa453362	ee502253
ListView_SetColumnWidth	aa453363	ee502910
ListView_SetExtendedListViewStyle	aa453364	ee503709
ListView_SetExtendedListViewStyleEx	aa453384	ee502551
ListView_SetGroupInfo	aa453401	ee503147
ListView_SetGroupMetrics	aa453402	ee500489
ListView_SetIconSpacing	aa453365	ee504831
ListView_SetImageList	aa453366	ee502596
ListView_SetInfoTip	aa453403	ee504122
ListView_SetItem	aa453367	ee499339
ListView_SetItemCount	aa453368	ee504342
ListView_SetItemCountEx	aa453369	ee501964
ListView_SetItemPosition	aa453370	ee504890
ListView_SetItemPosition32	aa453371	ee504349
ListView_SetItemState	aa453372	ee499689
ListView_SetItemText	aa453373	ee503906
ListView_SetSelectionMark	aa453374	ee505244
ListView_SetTextBkColor	aa453375	ee500787
ListView_SetTextColor	aa453376	ee503687
ListView_SetToolTips	aa453404	ee502881
ListView_SetWorkAreas	aa453377	ee500902
ListView_SortGroups	aa453405	ee500240
ListView_SortItems	aa453378	ee504158
ListView_SubItemHitTest	aa453380	ee500933
ListView_Update	aa453381	ee500551
List_Connected_Users	ms894568	ee498433
Listing Addresses	aa450115	ee494065
Load Function (Credential Manager)	ms926136	ee498721
LoadAccelerators	aa453407	ee504316
LoadBitmap	aa453409	ee504579
LoadFSD	ms891383	ee490207
LoadFSDEx	ms891384	ee489574
LoadIcon	aa453411	ee499345
LoadImage	aa453413	ee505907
LoadKeyboardLayout	aa453414	ee500167
LoadLibrary	ms886736	ee488148
LoadLibraryEx	ms886737	ee488215
LoadMenu	aa453415	ee501468
LoadOLEAut32	ms932024	ee496058
LoadRegTypeLib	ms892335	ee488977
LoadResource	aa453416	ee505293
LoadString	ms886738	ee488763
LoadTypeLib	ms892336	ee487857
Loading USB Device Drivers	ms894080	ee484894
Local Authentication Plugin (LAP)	ms926480	ee498506
Local Authentication Subsystem (LASS)	ms926467	-
Local Hooking	ms892488	ee486949
Local Intranet Zone Settings	aa452033	ee492468
LocalAlloc	ms886739	ee487963
LocalDestination Element (Instruction Response)	ms895167	ee489271
LocalFileTimeToFileTime	ms886740	ee487989
LocalFree	ms886741	ee488030
LocalReAlloc	ms886742	ee488426
LocalSize	ms886743	ee488019
Locale Enumeration	ms918818	ee491890
Locale Specific Migration	ms904413	-
Locale Specific OS Design Development	ms906477	-
Locale Specific Support	ms906478	-
Locale-based Text and Line Breaking	aa452032	ee492265
Locating a Printer on a Network	aa450117	ee494911
Location Element (Location Response)	ms895172	ee489301
Location Path Examples	ms892340	ee502626
Location Paths	ms892341	-
Location Steps	ms892342	ee503529
Location of Shell Help Files	aa513314	ee487027
Locations Element (Location Response)	ms895177	ee489057
Lock	ms902159	-
LockFileEx	ms891385	ee489737
LockIt Internal Class	ms924129	ee495038
LockResource	aa453417	ee502002
Locking Direct3D Mobile Resources	ms924127	ee491019
Locking Resources	ms924128	ee490673
LogConnectionCreation	ms886745	ee488586
LogConnectionDeletion	ms886746	ee488387
LogDroppedPacket	ms886747	ee488367
LogInit	ms886748	ee488567
Logging Blocked Inbound Packets	ms886695	ee494267
Logical and Physical Stores	ms925931	ee497906
LongDescription Element (Instruction Response)	ms895180	ee489269
Looping Playback	ms924130	ee487369
Lost Devices	ms924132	ee491261
Low Memory Conditions in SideShow	cc664234	-
MAC Element (Poll Request)	ms895184	ee489083
MAKEARGB	ms932026	ee490465
MAKEINTRESOURCE	aa453542	ee501178
MAKELANGID	ms906225	ee491561
MAKELCID	ms906226	ee491150
MAKELPARAM	aa453543	ee505062
MAKELRESULT	ms911640	ee501245
MAKEWPARAM	ms911780	ee499034
MAKE_D3DMHRESULT	ms932027	ee490061
MAPHEADER	ms886750	ee488608
MARGINS	ms906227	ee491335
MAX_DEVICE_IDENTIFIER_STRING	ms932031	ee491619
MCHITTESTINFO	ms911793	ee499735
MCM_GETCOLOR	ms911794	ee502859
MCM_GETCURSEL	ms911795	ee503697
MCM_GETFIRSTDAYOFWEEK	ms911796	ee501258
MCM_GETMAXNONEWIDTH	ms911797	ee501469
MCM_GETMAXSELCOUNT	ms911798	ee505467
MCM_GETMAXTODAYWIDTH	ms911799	ee504570
MCM_GETMINREQRECT	ms911800	ee501793
MCM_GETMONTHDELTA	ms911801	ee506112
MCM_GETMONTHRANGE	ms911802	ee504331
MCM_GETRANGE	ms911803	ee500802
MCM_GETSELRANGE	ms911804	ee502920
MCM_GETTODAY	ms911805	ee502312
MCM_HITTEST	ms911806	ee499759
MCM_SETCOLOR	ms911807	ee504018
MCM_SETCURSEL	ms911808	ee504538
MCM_SETDAYSTATE	ms911809	ee501452
MCM_SETFIRSTDAYOFWEEK	ms911810	ee504544
MCM_SETMAXSELCOUNT	ms911811	ee505118
MCM_SETMONTHDELTA	ms911812	ee502310
MCM_SETRANGE	ms911813	ee499382
MCM_SETSELRANGE	ms911814	ee500468
MCM_SETTODAY	ms911815	ee499078
MCN_GETDAYSTATE	ms911816	ee505102
MCN_SELCHANGE	ms911817	ee502256
MCN_SELECT	ms911818	ee499035
MCN_SELECTNONE	ms911819	ee503677
MDDAllocDataWrapper	ms902178	ee485687
MDDAllocMem	ms902179	ee481689
MDDFreeDataWrapper	ms902181	ee485859
MDDFreeMem	ms902182	ee483593
MEASUREITEMSTRUCT	ms911820	ee503680
MEMBERID	ms892344	ee488070
MEMORYSTATUS	ms886753	ee488368
MEMORY_BASIC_INFORMATION	ms886752	ee488437
MENUITEMINFO	ms911822	ee502561
METHODDATA	ms892346	ee488503
MIB Header Sample	ms894548	ee489312
MIB-II Registry Settings	ms894552	ee489283
MIBICMPINFO	ms894602	ee493626
MIBICMPSTATS	ms894605	ee495064
MIB_BEST_IF	ms894596	ee493435
MIB_ICMP	ms894599	ee493717
MIB_IFROW	ms894611	ee493426
MIB_IFTABLE	ms894615	ee493482
MIB_IPADDRROW	ms894617	ee493891
MIB_IPADDRTABLE	ms894623	ee493235
MIB_IPFORWARDROW	ms894631	ee493630
MIB_IPFORWARDTABLE	ms894637	ee494537
MIB_IPNETROW	ms895069	ee494237
MIB_IPNETTABLE	ms895072	ee493487
MIB_IPSTATS	ms895076	ee494462
MIB_PROXYARP	ms895078	ee494275
MIB_TCPROW	ms895081	ee494936
MIB_TCPSTATS	ms895084	ee493099
MIB_TCPTABLE	ms895089	ee494880
MIB_UDPROW	ms895094	ee495087
MIB_UDPSTATS	ms895097	ee494515
MIB_UDPTABLE	ms895100	ee493512
MIMECONTF	ms918819	ee492797
MIMECPINFO	ms918820	ee492867
MIMECSETINFO	ms918821	ee491826
MIXERCAPS	ms932036	ee487363
MIXERCONTROL	ms932038	ee487533
MIXERCONTROLDETAILS	ms932039	ee487548
MIXERCONTROLDETAILS_BOOLEAN	ms932040	ee487421
MIXERCONTROLDETAILS_LISTTEXT	ms932041	ee487413
MIXERCONTROLDETAILS_SIGNED	ms932042	ee487367
MIXERCONTROLDETAILS_UNSIGNED	ms932043	ee487420
MIXERLINE	ms932050	ee487432
MIXERLINECONTROLS	ms932051	ee487346
MIXEROPENDESC	aa447861	ee482459
MKDIR, MD	ms931429	ee505300
MKRREDUCE	ms892348	ee489498
MKSYS	ms892349	ee487713
MLCONVCHAR	ms918823	ee492016
MLCP	ms918824	ee492219
MLDETECTCP	ms918825	ee491879
MMDRV_MESSAGE_PARAMS	aa447862	ee482070
MMTIME	aa447864	ee483131
MM_MIXM_CONTROL_CHANGE	ms932055	ee487368
MM_MIXM_LINE_CHANGE	ms932056	ee487556
MM_WIM_CLOSE	ms932057	ee487403
MM_WIM_DATA	ms932058	ee487357
MM_WIM_OPEN	ms932059	ee487398
MM_WOM_ATTENUATED	ms932063	ee487522
MM_WOM_CLOSE	ms932060	ee487561
MM_WOM_DONE	ms932061	ee487397
MM_WOM_OPEN	ms932062	ee487374
MODULEENTRY32	ms886756	ee488045
MODULEINFO	ms886757	ee488924
MODULESLIST	ms882814	ee494738
MONIKERPROPERTY	ms918826	ee492883
MONITORINFO	ms932213	ee491429
MOUSEINPUT	ms931454	ee504560
MOVE	ms931456	ee502906
MPEG1VIDEOINFO	ms932232	ee492373
MPEG1_SEQUENCE_INFO	ms932231	ee494605
MPEG2Level	ms932233	ee494815
MPEG2Profile	ms932234	ee494556
MPEG2VIDEOINFO	ms932235	ee496150
MQCloseCursor	ms895103	ee499184
MQCloseQueue	ms895104	ee499791
MQCreateCursor	ms895106	ee499156
MQCreateQueue	ms895108	ee500631
MQDeleteQueue	ms895110	ee498833
MQFreeMemory	ms895113	ee501162
MQGetMachineProperties	ms895115	ee498824
MQGetQueueProperties	ms895117	ee498917
MQHandleToFormatName	ms895119	ee500342
MQMSGPROPS	ms895125	ee501073
MQMgmtAction	ms895121	ee500934
MQMgmtGetInfo	ms895123	ee498981
MQOpenQueue	ms895127	ee498665
MQPROPVARIANT	ms895134	ee500337
MQPathNameToFormatName	ms895130	ee499193
MQQMPROPS	ms895138	ee501158
MQQUEUEPROPS	ms895140	ee498471
MQReceiveMessage	ms895143	ee498472
MQSendMessage	ms895144	ee500880
MQSetQueueProperties	ms895147	ee500296
MSGQUEUEINFO	ms886758	ee487993
MSGQUEUEOPTIONS	ms886759	ee488171
MSHTML Editing	ms905088	ee491799
MSHTML/DHTML API Overview	ms905080	ee491855
MSMQ Application Development	ms898983	-
MSMQ COM Objects	ms886696	-
MSMQ COM Support	ms882757	-
MSMQ Functions	ms886697	-
MSMQ Migration	ms898984	ee499220
MSMQ Modules and Descriptions	ms882831	ee498837
MSMQ OS Design Development	ms882768	ee499186
MSMQ Programming Model	ms882835	ee500286
MSMQ Properties	ms886698	-
MSMQ Reference	ms886699	-
MSMQ Registry Settings	ms882845	ee498409
MSMQ Samples	ms898985	ee498673
MSMQ Security	ms882852	ee498950
MSMQ Structures	ms886700	-
MSMQApplication	ms895149	ee498449
MSMQEvent	ms895150	-
MSMQEvent.Arrived	ms895153	ee498678
MSMQEvent.ArrivedError	ms895154	ee500794
MSMQMessage	ms895156	-
MSMQMessage.Ack	ms895158	ee499221
MSMQMessage.AdminQueueInfo	ms895160	ee500241
MSMQMessage.AppSpecific	ms895163	ee498926
MSMQMessage.ArrivedTime	ms895164	ee498441
MSMQMessage.AuthLevel	ms895166	ee501064
MSMQMessage.Body	ms895169	ee498448
MSMQMessage.BodyLength	ms895170	ee499205
MSMQMessage.Class	ms895173	ee500760
MSMQMessage.CorrelationId	ms895174	ee499480
MSMQMessage.Delivery	ms895176	ee499810
MSMQMessage.DestinationQueueInfo	ms895178	ee499521
MSMQMessage.EncryptAlgorithm	ms895181	ee498986
MSMQMessage.Extension	ms895182	ee498988
MSMQMessage.HashAlgorithm	ms895185	ee498466
MSMQMessage.Id	ms895186	ee499732
MSMQMessage.IsAuthenticated	ms895189	ee498598
MSMQMessage.Journal	ms895190	ee500322
MSMQMessage.Label	ms895193	ee499500
MSMQMessage.MaxTimeToReachQueue	ms895194	ee499820
MSMQMessage.MaxTimeToReceive	ms895196	ee498616
MSMQMessage.Priority	ms895199	ee500939
MSMQMessage.PrivLevel	ms895200	ee500301
MSMQMessage.ResponseQueueInfo	ms895203	ee498486
MSMQMessage.Send	ms895204	ee500627
MSMQMessage.SenderCertificate	ms895207	ee499175
MSMQMessage.SenderId	ms895208	ee500637
MSMQMessage.SenderIdType	ms895211	ee500624
MSMQMessage.SentTime	ms895212	ee499488
MSMQMessage.SourceMachineGuid	ms895215	ee501145
MSMQMessage.Trace	ms895217	ee498670
MSMQQuery	ms895219	ee499215
MSMQQueue	ms895221	-
MSMQQueue.Access	ms895224	ee498642
MSMQQueue.Close	ms895225	ee498904
MSMQQueue.EnableNotification	ms895228	ee500752
MSMQQueue.Handle	ms895231	ee499522
MSMQQueue.IsOpen	ms895276	ee498489
MSMQQueue.Peek	ms895279	ee500319
MSMQQueue.PeekCurrent	ms895281	ee498452
MSMQQueue.PeekNext	ms895284	ee498414
MSMQQueue.QueueInfo	ms895286	ee498914
MSMQQueue.Receive	ms895287	ee501131
MSMQQueue.ReceiveCurrent	ms895289	ee498613
MSMQQueue.Reset	ms895614	ee499767
MSMQQueue.ShareMode	ms895653	ee500633
MSMQQueueInfo	ms895232	-
MSMQQueueInfo.Authenticate	ms895234	ee498978
MSMQQueueInfo.BasePriority	ms895236	ee500749
MSMQQueueInfo.Create	ms895238	ee501173
MSMQQueueInfo.CreateTime	ms895240	ee500490
MSMQQueueInfo.Delete	ms895241	ee501261
MSMQQueueInfo.FormatName	ms895244	ee501075
MSMQQueueInfo.IsTransactional	ms895245	ee501200
MSMQQueueInfo.IsWorldReadable	ms895248	ee500246
MSMQQueueInfo.Journal	ms895249	ee498412
MSMQQueueInfo.JournalQuota	ms895252	ee498815
MSMQQueueInfo.Label	ms895253	ee499725
MSMQQueueInfo.ModifyTime	ms895256	ee500642
MSMQQueueInfo.Open	ms895257	ee498806
MSMQQueueInfo.PathName	ms895260	ee499194
MSMQQueueInfo.PrivLevel	ms895261	ee498455
MSMQQueueInfo.QueueGuid	ms895264	ee499828
MSMQQueueInfo.Quota	ms895266	ee500557
MSMQQueueInfo.Refresh	ms895268	ee498410
MSMQQueueInfo.ServiceTypeGuid	ms895272	ee501160
MSMQQueueInfo.Update	ms895275	ee498695
MSMQQueueInfos	ms895270	ee500638
MSR_START	ms932236	ee492675
MSR_STOP	ms932237	ee495542
MUI Font Linking	ms903933	ee491917
MUI Implementation	ms903934	ee490951
MUI Locale Considerations	ms903935	ee492150
MUI Resource DLLs	ms903947	ee491778
MULTI_QI	ms892354	ee489003
MXDM_CLOSE	aa447867	ee482286
MXDM_GETCONTROLDETAILS	aa447868	ee485281
MXDM_GETDEVCAPS	aa447869	ee483201
MXDM_GETLINECONTROLS	aa447870	ee486440
MXDM_GETLINEINFO	aa447871	ee481709
MXDM_GETNUMDEVS	aa447872	ee486287
MXDM_INIT	aa447873	ee482060
MXDM_OPEN	aa447874	ee481270
MXDM_SETCONTROLDETAILS	aa447875	ee482240
Machine Name to IP Address Maps	aa450118	ee493688
Machine or Hardware Inventory Report	ms894542	ee489136
MachineInventorySettings Element (Poll Response)	ms895191	ee489091
Maintaining Route Tables for IPv4	aa450120	-
Maintaining Route Tables for IPv6	aa450121	-
MakeSignature	ms926142	ee497994
ManagementSystem Element (Poll Request)	ms895195	ee489372
Managing Certificates with Certificate Stores	ms925933	-
Managing IP Addresses	ms882519	ee494310
Managing IPv4 Routes	ms882649	-
Managing IPv6 Routes	ms882660	-
Managing Interfaces	aa450123	ee493025
Managing Linked System Fonts	ms903929	ee491725
Managing Memory	ms862477	ee486798
Managing Network Adapters	ms882630	ee493036
Managing Network Connections with WNet	ms882641	-
Managing Resources	ms924134	ee491596
Managing Routing	ms882665	ee493306
Managing a Certificate Store's State	ms925932	ee498116
Managing the Summary and Details Panes	ms861670	ee487142
Manipulating Directories on an FTP Server	ms904973	ee492587
Manipulating File Times	ms885501	-
Manipulating Resources	ms924135	ee491491
Manually Configuring IPv6 Addresses	ms899789	ee493479
Manually Configuring an IPv4 Address	ms882681	ee493497
Manually Validating Schannel Credentials	ms925934	ee497915
MapDialogRect	ms911788	ee503734
MapNtStatusToWinError	ms902177	ee483114
MapViewOfFile	ms891386	ee490226
MapVirtualKey	ms911789	ee503996
MapWindowPoints	ms911790	ee501159
MapWindowRect	ms911791	ee503118
Mapping Code Pages to Script IDs	ms905065	ee491807
Mapping Hardware to TUI Functionality	aa525647	-
Mapping a File Extension to Content-Type	ms882693	ee499741
Mapping an IP Multicast Address	ms882704	ee494309
Marshaling Support	ms862492	ee488135
MaskBlt	ms911792	ee505239
Master Key Protection in LASS	ms925935	ee497937
Master Key Storage	ms885505	-
MatchTarget	ms926147	ee498375
MatchUser	ms926153	ee498586
Material Properties	ms924137	ee490882
Materials	ms924138	-
Math Helper Functions	ms932030	-
Maximum Transmission Unit (MTU)	ms882717	ee494254
MddDisconnect	ms902180	ee483119
MddIndicateRndisMessage	ms902183	ee485914
MddIndicateRndisPacket	ms902184	ee483230
MddSendRndisPacketComplete	ms902185	ee485828
Media Manager Responsibilities	aa525648	-
Media Sense Implementation	ms892490	ee486075
Media Type Functions	ms932032	-
Media/Audio Codecs and Renderers	aa451186	-
Media/DVD-Video API	ms932590	-
Media/Digital Rights Management	ms940097	-
Media/DirectShow	ms940098	-
Media/Four-Character Codes (FOURCC)	ms923379	-
Media/Media Formats	ms924140	-
Media/Streaming Media Playback	ms924649	-
Media/Video Codecs and Renderers	aa451458	-
Media/WMA and MP3 Local Playback	ms925275	-
Media/WMA and MP3 Streaming	ms925276	-
Media/Windows Media	ms932641	-
MediaInfo	ms894570	ee500851
MediaRendererDevice	ms894574	-
MediaRendererDevice Constructor	ms894576	ee498822
MediaRendererDevice::GetConnectionManager	ms894578	ee500277
MediaServerDevice	ms894581	-
MediaServerDevice Constructor	ms894584	ee500335
MediaServerDevice::GetConnectionManager	ms894587	ee500579
MediaServerDevice::GetContentDirectory	ms894589	ee500206
MediaSpecificInformation	aa447840	ee483083
Medium	ms894592	ee500545
Memory Management Functions	aa450751	-
Memory Management Structures	aa450753	-
Memory Mapping a File	ms885512	-
Memory Pools in Direct3D Mobile	ms924145	ee490138
Memory Use and Buffers	ms925936	ee497986
Memory Utilization	ms892493	ee484652
Menus and Fonts	ms903931	-
Merit	ms932034	ee495035
Message Box Styles	ms911829	ee502245
Message Class Filter (COM)	ms882728	ee499231
Message Conversion	ms882745	ee500834
Message Element	ms862516	ee484594
Message Function	ms932035	-
Message Queue Point-to-Point Functions	aa450754	-
Message Queue Point-to-Point Structures	aa450756	-
Message Queuing	ms898982	-
Message Routing	ms882779	ee498896
MessageBeep	ms911826	ee506099
MessageBox	ms911827	ee503608
Methods for Configuring IPv6 Addresses	aa450082	-
Microsoft Challenge-Handshake Authentication Protocol 2.0 (MS CHAP V2)	ms882787	ee493516
Microsoft Cryptographic System	ms925937	-
Microsoft DSS and Diffie-Hellman Cryptographic Provider	ms925938	-
Microsoft Enhanced Cryptographic Provider	ms925939	ee498855
Microsoft RSA Base Provider	ms925940	ee498775
Microsoft SAX2 COM Implementation	ms862526	ee502378
Microsoft Speech SDK Overview	ms862156	ee485161
Migrating a Serial Port Driver	ms895498	ee486671
Migrating the Keyboard DLL Without Conforming to the Layout Manager Interface	aa448259	-
Migrating the Keyboard PDD Without Conforming to the Layout Manager Interface	aa448260	-
Migrating to New Initialization and Provisioning APIs	aa525649	-
Minimal COM Supported APIs	ms862537	ee489524
Miniport Driver Registry Settings	ms892495	ee485630
Miniport Operations	ms892497	ee482292
MiniportCancelSendPackets	aa447841	ee484227
MiniportCheckForHang	aa447842	ee482674
MiniportDisableInterrupt	aa447843	ee485439
MiniportEnableInterrupt	aa447844	ee485915
MiniportHalt	aa447845	ee486674
MiniportHandleInterrupt	aa447846	ee483623
MiniportISR	aa447848	ee483411
MiniportInitialize	aa447847	ee482662
MiniportQueryInformation	aa447849	ee486685
MiniportReconfigure	aa447850	ee483096
MiniportReset	aa447851	ee486912
MiniportReturnPacket	aa447852	ee483235
MiniportSend	aa447853	ee485863
MiniportSendPackets	aa447854	ee481274
MiniportSetInformation	aa447855	ee486637
MiniportShutdown	aa447856	ee481846
MiniportSynchronizeISR	aa447857	ee484679
MiniportTimer	aa447858	ee481913
MiniportTransferData	aa447859	ee482720
MiniportWanSend	aa447860	ee481737
Mirror Texture Address Mode	ms924147	ee491048
Miscellaneous Macros	ms924148	-
Mixer Architecture	ms924149	ee487364
Mixer Device Queries	ms924150	ee487393
Mixing Formats Within a Single Texture	ms924151	ee491426
MkParseDisplayName	ms892347	ee487869
MkParseDisplayNameEx	ms918822	ee492805
MmMapIoSpace	aa447863	ee481674
MmUnmapIoSpace	aa447865	ee485504
MoCopyMediaType	ms932064	ee492765
MoCreateMediaType	ms932065	ee495180
MoDeleteMediaType	ms932066	ee494353
MoDuplicateMediaType	ms932067	ee494952
MoFreeMediaType	ms932068	ee494206
MoInitMediaType	ms932077	ee493167
Modifying Control Position and Acceleration	aa452681	ee502845
Modifying Returned Contact Information	ms862559	ee485789
Modifying TUI Dial Plans	aa525650	-
Modifying TUI Strings, Icons, and Other UI Elements	aa525651	-
Modifying Tree-View Item Appearance	aa452683	ee500543
Modifying Windows Messenger Help	ms861676	ee483936
Modifying a Directory Entry	ms862548	ee485525
Modifying the ASP Page	ms925941	ee497958
Modifying the Sort Order	ms885588	ee490227
Module32First	ms886754	ee488610
Module32Next	ms886755	ee488238
MonikerCommonPrefixWith	ms892350	ee488299
MonikerRelativePathTo	ms892351	ee488104
MonitorEnumProc	ms932091	ee490724
MonitorFromPoint	ms932198	ee491624
MonitorFromRect	ms932208	ee491307
MonitorFromWindow	ms932212	ee490720
Month Calendar Control Styles	ms931430	ee505077
Month Calendar Controls Macros	ms927836	-
Month Calendar Controls Messages	ms927842	-
Month Calendar Controls Notifications	ms927846	-
Month Calendar Controls Reference	ms927850	-
Month Calendar Controls Structures	ms927853	-
MonthCal_GetColor	ms931431	ee506257
MonthCal_GetCurSel	ms931432	ee506152
MonthCal_GetFirstDayOfWeek	ms931433	ee501916
MonthCal_GetMaxSelCount	ms931434	ee505289
MonthCal_GetMaxTodayWidth	ms931435	ee504861
MonthCal_GetMinReqRect	ms931436	ee499093
MonthCal_GetMonthDelta	ms931437	ee505082
MonthCal_GetMonthRange	ms931438	ee504172
MonthCal_GetRange	ms931439	ee505267
MonthCal_GetSelRange	ms931440	ee505027
MonthCal_GetToday	ms931441	ee503704
MonthCal_HitTest	ms931442	ee503201
MonthCal_SetColor	ms931443	ee499685
MonthCal_SetCurSel	ms931445	ee501962
MonthCal_SetDayState	ms931446	ee503205
MonthCal_SetFirstDayOfWeek	ms931447	ee499074
MonthCal_SetMaxSelCount	ms931448	ee501474
MonthCal_SetMonthDelta	ms931449	ee506272
MonthCal_SetRange	ms931450	ee500155
MonthCal_SetSelRange	ms931451	ee501761
MonthCal_SetToday	ms931452	ee503478
Mount Settings	aa517913	ee490773
MountPartition	ms891387	ee489552
Mounted Database Example	ms885699	ee490175
Mounting an Installable File System as the Root Directory	ms885839	ee490194
Mounting and Unmounting a Database Volume	ms885833	ee489635
MoveFile	ms891388	ee490016
MoveToEx	ms931457	ee503724
MoveWindow	ms931458	ee502616
Moving a Battery Driver from GWES to Device Manager	ms895500	ee481718
Moving a Notification LED Driver from GWES to Device Manager	ms895501	ee486070
Moving and Copying Files and Directories	ms885849	ee490548
MsgWaitForMultipleObjects	ms931460	ee499430
MsgWaitForMultipleObjectsEx	ms931461	ee505033
Multi-Function Cards	ms892501	ee481097
Multi-Packet Messages	ms892502	ee483399
Multi-User Support in EDB	ms885858	-
MultiByteToWideChar	ms886760	ee488225
MultiLanguage	ms918827	ee492623
Multicast Extensions to Windows Sockets	ms882863	ee494690
Multicast IPv6 Addresses	ms882950	ee494278
Multicast Listener Discovery (MLD)	ms882958	ee494852
Multihoming for IPv4	ms882965	ee494457
Multihoming for IPv6	ms882973	ee493874
Multilingual User Interface (MUI)	ms904030	-
Multilingual User Interface (MUI) Application Development	ms904140	-
Multilingual User Interface (MUI) Functions	ms906479	-
Multilingual User Interface (MUI) Migration	ms904148	ee492142
Multilingual User Interface (MUI) OS Design Development	ms906480	-
Multilingual User Interface (MUI) Reference	ms903724	-
Multilingual User Interface (MUI) Registry	ms885870	-
Multilingual User Interface (MUI) Registry Settings	ms904414	ee491761
Multilingual User Interface (MUI) Samples	ms904152	-
Multilingual User Interface (MUI) Security	ms904158	-
Multipass Texture Blending	ms924159	ee490258
Multiple Dictionary Support for Japanese	ms904167	-
Multiple IME Support	ms904172	ee491733
Multiple Input Language Support	ms904378	-
Multiple Public Interface Support	ms882984	ee494319
Multiple Screen Driver Support	ms892503	ee486487
Multiple Screens Application Development/Enumerating Screens	ms923224	-
Multiple Screens Application Development/HMONITOR and the Device Context	ms923405	-
Multiple Screens Application Development/Obtaining System Metrics for Multiple Screens	ms924169	-
Multiple Screens Application Development/Positioning Objects on Multiple Screens	ms924572	-
Multiple Screens Application Development/The Virtual Screen	aa451392	-
Multiple Screens Application Development/Using Colors on Multiple Displays	aa451420	-
Multiple Screens Application Development/Using Multiple Screen Applications on Different Systems	aa451431	-
Multiple Screens Application Development/Using Older Programs on Multiple Screen Systems	aa451432	-
Multiple Screens How-to Topics/How to Support Multiple Screens on a Device	ms925327	-
Multiple Screens Reference/Multiple Screens Functions	ms925315	-
Multiple Screens Reference/Multiple Screens Structures	ms925317	-
Multiple Screens Structures/MONITORINFOEX	ms932214	-
Multiple Screens/Multiple Screens Application Development	ms932614	-
Multiple Screens/Multiple Screens How-to Topics	ms932620	-
Multiple Screens/Multiple Screens Migration	ms924161	-
Multiple Screens/Multiple Screens OS Design Development	ms924162	-
Multiple Screens/Multiple Screens Reference	ms925316	-
Multiple Screens/Multiple Screens Registry Settings	ms924163	-
Multiple Screens/Multiple Screens Samples	ms932708	-
Multiple Screens/Multiple Screens Security	ms924164	-
Multiple Texture Blending	ms924165	ee490502
Multiple Transport Protocols	ms882991	-
Multiple Web Site Registry Settings	ms900390	ee500761
Multipoint Attributes in the WSAPROTOCOL_INFOW Structure	ms883014	ee494313
Multipoint Socket Attributes	ms883026	ee494920
Multipoint Taxonomy and Glossary	ms883035	ee493712
Multisampling in the Driver	ms892504	ee486457
MustUnderstandHeaderEntries Property	ms892355	ee483478
MyFSD_CloseFile	ms891389	ee490594
MyFSD_CloseVolume	ms891390	ee489802
MyFSD_CreateDirectoryW	ms891391	ee490219
MyFSD_CreateFileW	ms891392	ee490169
MyFSD_DeleteAndRenameFileW	ms891393	ee490556
MyFSD_DeleteFileW	ms891394	ee489729
MyFSD_DeviceIoControl	ms891395	ee490598
MyFSD_FindClose	ms891396	ee489765
MyFSD_FindFirstFileW	ms891397	ee490629
MyFSD_FindNextFileW	ms891398	ee489654
MyFSD_FlushFileBuffers	ms891399	ee489755
MyFSD_FsIoControl	ms891419	ee490019
MyFSD_GetDiskFreeSpaceW	ms891400	ee490143
MyFSD_GetFileAttributesW	ms891401	ee490022
MyFSD_GetFileInformationByHandle	ms891402	ee490796
MyFSD_GetFileSize	ms891403	ee490582
MyFSD_GetFileTime	ms891404	ee489612
MyFSD_GetVolumeInfo	aa517925	ee490201
MyFSD_LockFileEx	aa517926	ee490787
MyFSD_MountDisk	ms891405	ee489647
MyFSD_MoveFileW	ms891406	ee490160
MyFSD_Notify	ms891407	ee490558
MyFSD_ReadFile	ms891408	ee490236
MyFSD_ReadFileScatter	aa517927	ee489751
MyFSD_ReadFileWithSeek	ms891409	ee489961
MyFSD_RegisterFileSystemFunction	ms891410	-
MyFSD_RemoveDirectoryW	ms891411	ee489923
MyFSD_SetEndOfFile	ms891412	ee490240
MyFSD_SetFileAttributesW	ms891413	ee489809
MyFSD_SetFilePointer	ms891414	ee489830
MyFSD_SetFileTime	ms891415	ee490020
MyFSD_UnLockFileEx	aa517928	ee490618
MyFSD_UnmountDisk	ms891416	ee489820
MyFSD_WriteFile	ms891417	ee489786
MyFSD_WriteFileGather	aa517929	ee490373
MyFSD_WriteFileWithSeek	ms891418	ee490422
NAME	ms932239	ee496028
NASDAQ Level II Client	ms862575	ee502101
NAT	ms883107	ee493643
NAT Address Mapping	aa525652	-
NAT Editor	ms883109	-
NAT Editor Functions	ms883110	ee494068
NAT Editor Initialization and Registration	ms883112	ee494934
NAT Editor Operation	ms883113	ee494933
NAT Firewall Packet Logging	ms883114	ee493280
NAT Packet Filter	ms883121	ee493027
NAT Traversal	ms883122	-
NAT Traversal Operation	ms883124	ee494654
NAT Traversal in Internet Gateways	ms883123	ee494487
NAT and Applications	ms883108	-
NATIVEWIFI	ms883120	-
NDIS Adapter Binding Management APIs	ms892505	ee481255
NDIS Assumptions for Media Sense Support	ms892507	ee483405
NDIS Data Types	ms894959	-
NDIS Debug	aa447933	ee484248
NDIS Driver Portability	ms892510	ee486452
NDIS Driver Upper-Edge Functions	ms892512	ee484060
NDIS Ethernet Objects	ms892513	ee485449
NDIS Events	ms892514	ee484619
NDIS IrDA Objects	ms892516	ee483415
NDIS Library Functions	ms894961	-
NDIS Library Functions Used by WAN Miniport Drivers	ms892517	ee486925
NDIS Lower-Edge Functions	ms895357	-
NDIS Messages	ms895360	-
NDIS Miniport Driver Implementation	ms923730	-
NDIS Miniport Driver Samples	ms892518	-
NDIS Network Wakeup Objects	ms892519	ee481538
NDIS Objects for WAN Miniports	ms892521	ee482446
NDIS Packet Capturing	ms898987	-
NDIS Packet Capturing Application Development	ms883126	-
NDIS Packet Capturing Migration	ms883127	ee494533
NDIS Packet Capturing OS Development	ms883125	ee493471
NDIS Packet Capturing Security	ms883128	ee494691
NDIS Packet Structure	ms892522	ee486068
NDIS Plug and Play Support	ms892523	ee482460
NDIS Power Management Objects	ms892524	ee482500
NDIS Protocol Driver Lower-Edge Functions	ms892525	ee483789
NDIS Protocol Driver Registration	ms892526	ee486941
NDIS Structures	ms895365	-
NDIS Support in Windows CE	ms892515	-
NDIS TAPI Objects	ms892529	ee482814
NDIS Task Offload Objects	ms892530	ee485660
NDIS Timers	ms892531	ee482069
NDIS Token Ring Objects	ms892532	ee486523
NDIS Upper-Edge Functions	ms895373	-
NDIS Wake-on-LAN Support	ms892538	ee481512
NDISTAPI Object Identifiers	ms895367	-
NDISUIO Binding and Unbinding	ms892533	ee482711
NDISUIO Driver Registration	ms892534	ee482501
NDISUIO Operations	ms892536	ee482886
NDISUIO_DEVICE_NOTIFICATION	ms905030	ee485256
NDISUIO_OPEN_CONTEXT	ms905031	ee482430
NDISUIO_QUERY_BINDING	ms905032	ee483675
NDISUIO_QUERY_OID	ms905033	ee481061
NDISUIO_REQUEST_NOTIFICATION	aa448323	ee486932
NDISUIO_SET_OID	ms905034	ee483994
NDISWAN Object Identifiers	ms895377	-
NDIS_802_11_ANTENNA	aa447876	ee485259
NDIS_802_11_AUTHENTICATION_MODE	aa447877	ee484828
NDIS_802_11_BSSID_LIST	aa447878	ee485051
NDIS_802_11_CONFIGURATION	aa447879	ee481726
NDIS_802_11_CONFIGURATION_FH	aa447880	ee485053
NDIS_802_11_FRAGMENTATION_THRESHOLD	aa447881	ee485096
NDIS_802_11_KEY_INDEX	aa447882	ee481894
NDIS_802_11_MAC_ADDRESS	aa447883	ee481056
NDIS_802_11_NETWORK_INFRASTRUCTURE	aa447884	ee484272
NDIS_802_11_NETWORK_TYPE	aa447885	ee482245
NDIS_802_11_NETWORK_TYPE_LIST	aa447886	ee484427
NDIS_802_11_POWER_MODE	aa447887	ee484275
NDIS_802_11_PRIVACY_FILTER	aa447889	ee485008
NDIS_802_11_RATES	aa447890	ee481525
NDIS_802_11_RELOAD_DEFAULTS	aa447891	ee483417
NDIS_802_11_RSSI	aa447892	ee481941
NDIS_802_11_RTS_THRESHOLD	aa447893	ee484491
NDIS_802_11_SSID	aa447894	ee486902
NDIS_802_11_STATISTICS	aa447895	ee486683
NDIS_802_11_TX_POWER_LEVEL	aa447896	ee482085
NDIS_802_11_WEP	aa447897	ee481486
NDIS_802_11_WEP_STATUS	aa447898	ee485693
NDIS_802_5_RING_STATE	aa447899	ee486024
NDIS_BUFFER	aa447913	ee485860
NDIS_BUFFER_LINKAGE	aa447915	ee482644
NDIS_BUFFER_TO_SPAN_PAGES	aa447916	ee483619
NDIS_CONFIGURATION_PARAMETER	aa447928	ee482672
NDIS_ENCAPSULATION_FORMAT	aa447943	ee486467
NDIS_ERROR_CODE	aa447948	ee485457
NDIS_GET_ORIGINAL_PACKET	aa447969	ee486195
NDIS_GET_PACKET_CANCEL_ID	aa447971	ee482495
NDIS_GET_PACKET_HEADER_SIZE	aa447973	ee481743
NDIS_GET_PACKET_MEDIA_SPECIFIC_INFO	aa447974	ee485493
NDIS_GET_PACKET_PROTOCOL_TYPE	aa447975	ee486879
NDIS_GET_PACKET_STATUS	aa447976	ee483077
NDIS_GET_PACKET_TIME_RECEIVED	aa447977	ee481126
NDIS_GET_PACKET_TIME_SENT	aa447978	ee486450
NDIS_GET_PACKET_TIME_TO_SEND	aa447979	ee482892
NDIS_HANDLE	aa447986	ee486061
NDIS_INIT_FUNCTION	aa448003	ee484673
NDIS_INTERFACE_TYPE	aa448011	ee481511
NDIS_INTERRUPT_MODE	aa448018	ee481855
NDIS_MAC_FRAGMENT	aa448019	ee482282
NDIS_MAC_LINE_DOWN	aa448020	ee481127
NDIS_MAC_LINE_UP	aa448021	ee482693
NDIS_MEDIUM	aa448032	ee485009
NDIS_MINIPORT_CHARACTERISTICS	aa448041	ee485277
NDIS_OID	ms904076	ee481519
NDIS_OOB_DATA_FROM_PACKET	ms904077	ee484610
NDIS_PACKET	ms904084	ee481496
NDIS_PACKET_EXTENSION	ms904085	ee481494
NDIS_PACKET_EXTENSION_FROM_PACKET	ms904086	ee483121
NDIS_PACKET_OOB_DATA	ms904087	ee481481
NDIS_PACKET_STACK	ms904089	ee485079
NDIS_PARAMETER_TYPE	ms904090	ee483869
NDIS_PER_PACKET_INFO_FROM_PACKET	ms904091	ee483180
NDIS_PHYSICAL_ADDRESS	ms904092	ee483231
NDIS_PHYSICAL_ADDRESS_CONST	ms904093	ee483127
NDIS_PM_PACKET_PATTERN	ms904094	ee486289
NDIS_PM_WAKE_UP_CAPABILITIES	ms904095	ee484696
NDIS_PNP_CAPABILITIES	ms904096	ee486020
NDIS_PROC	ms904098	ee482216
NDIS_PROTOCOL_CHARACTERISTICS	ms904099	ee482046
NDIS_REQUEST	ms904419	ee486057
NDIS_SET_ORIGINAL_PACKET	ms904964	ee483200
NDIS_SET_PACKET_CANCEL_ID	ms904967	ee484074
NDIS_SET_PACKET_HEADER_SIZE	ms904969	ee485229
NDIS_SET_PACKET_MEDIA_SPECIFIC_INFO	ms904970	ee486864
NDIS_SET_PACKET_STATUS	ms904971	ee482885
NDIS_SET_PACKET_TIME_RECEIVED	ms904972	ee486647
NDIS_SET_PACKET_TIME_SENT	ms904974	ee486077
NDIS_SET_PACKET_TIME_TO_SEND	ms904975	ee484045
NDIS_STATUS	ms904981	ee484671
NDIS_STRING	ms904983	ee486985
NDIS_TAPI_ACCEPT	ms904985	ee483247
NDIS_TAPI_ANSWER	ms904986	ee482901
NDIS_TAPI_CLOSE	ms904987	ee485231
NDIS_TAPI_CLOSE_CALL	ms904988	ee484224
NDIS_TAPI_CONDITIONAL_MEDIA_DETECTION	ms904989	ee485273
NDIS_TAPI_CONFIG_DIALOG	ms904990	ee482437
NDIS_TAPI_DEV_SPECIFIC	ms904991	ee483470
NDIS_TAPI_DIAL	ms904992	ee483614
NDIS_TAPI_DROP	ms904993	ee482011
NDIS_TAPI_EVENT	ms904995	ee482473
NDIS_TAPI_GET_ADDRESS_CAPS	ms904996	ee483657
NDIS_TAPI_GET_ADDRESS_ID	ms904997	ee486689
NDIS_TAPI_GET_ADDRESS_STATUS	ms904998	ee483397
NDIS_TAPI_GET_CALL_ADDRESS_ID	ms905001	ee483826
NDIS_TAPI_GET_CALL_INFO	ms905002	ee484863
NDIS_TAPI_GET_CALL_STATUS	ms905003	ee481098
NDIS_TAPI_GET_DEV_CAPS	ms905004	ee481664
NDIS_TAPI_GET_DEV_CONFIG	ms905005	ee481878
NDIS_TAPI_GET_EXTENSION_ID	ms905006	ee485648
NDIS_TAPI_GET_ID	ms905007	ee483243
NDIS_TAPI_GET_LINE_DEV_STATUS	ms905008	ee485017
NDIS_TAPI_MAKE_CALL	ms905009	ee485407
NDIS_TAPI_NEGOTIATE_EXT_VERSION	ms905010	ee481312
NDIS_TAPI_OPEN	ms905011	ee484463
NDIS_TAPI_PROVIDER_INITIALIZE	ms905012	ee484839
NDIS_TAPI_PROVIDER_SHUTDOWN	ms905013	ee483117
NDIS_TAPI_SECURE_CALL	ms905014	ee481728
NDIS_TAPI_SELECT_EXT_VERSION	ms905015	ee486120
NDIS_TAPI_SEND_USER_USER_INFO	ms905016	ee486625
NDIS_TAPI_SET_APP_SPECIFIC	ms905017	ee486651
NDIS_TAPI_SET_CALL_PARAMS	ms905018	ee483616
NDIS_TAPI_SET_DEFAULT_MEDIA_DETECTION	ms905019	ee484482
NDIS_TAPI_SET_DEV_CONFIG	ms905020	ee485885
NDIS_TAPI_SET_MEDIA_MODE	ms905021	ee481710
NDIS_TAPI_SET_STATUS_MESSAGES	ms905022	ee483595
NDIS_TASK_OFFLOAD	ms905023	ee481528
NDIS_TASK_OFFLOAD_HEADER	ms905024	ee485817
NDIS_TASK_TCP_IP_CHECKSUM	ms905025	ee486036
NDIS_TASK_TCP_LARGE_SEND	ms905026	ee484190
NDIS_TCP_IP_CHECKSUM_PACKET_INFO	ms905027	ee482907
NDIS_WAN_COMPRESS_INFO	ms905042	ee481301
NDIS_WAN_GET_COMP_INFO	ms905043	ee482472
NDIS_WAN_GET_LINK_INFO	ms905044	ee482919
NDIS_WAN_GET_STATS_INFO	ms905045	ee484269
NDIS_WAN_INFO	ms905046	ee482474
NDIS_WAN_LINE_DOWN	ms905047	ee486640
NDIS_WAN_LINE_UP	ms905048	ee486900
NDIS_WAN_MEDIUM_SUBTYPE	ms905049	ee484246
NDIS_WAN_PACKET	ms905050	ee482075
NDIS_WAN_SET_COMP_INFO	ms905051	ee482273
NDIS_WAN_SET_LINK_INFO	ms905052	ee483439
NDIS_WLAN_BSSID	ms905053	ee481443
NDIS_WORK_ITEM	ms905054	ee486921
NETLOG	ms883130	-
NETRESOURCE	ms895665	ee493893
NETWORK	ms883132	ee495160
NETWORK_ADDRESS	ms905285	ee482436
NETWORK_ADDRESS_LIST	ms905288	ee484211
NEWCPLINFO	ms931468	ee501120
NEWTEXTMETRIC	ms901141	ee489904
NIC Instance Specific Registry Settings	ms892544	ee481053
NIC_STATISTICS	ms905292	ee483800
NKDbgPrintfW	aa451081	ee488771
NLED_COUNT_INFO	ms905297	ee484026
NLED_SETTINGS_INFO	ms905326	ee486893
NLED_SUPPORTS_INFO	ms905332	ee484437
NLS Registry Settings	ms904189	-
NLedDriverGetDeviceInfo	ms905300	ee485712
NLedDriverInitialize	ms905305	ee481460
NLedDriverPowerDown	ms905309	ee481909
NLedDriverSetDevice	ms905313	ee481129
NLedGetDeviceInfo	ms905318	ee482640
NLedSetDevice	ms905321	ee484693
NMCUSTOMDRAW	ms931470	ee503123
NMDATETIMECHANGE	ms931471	ee504346
NMDATETIMEFORMAT	ms931472	ee504553
NMDATETIMEFORMATQUERY	ms931473	ee500862
NMDATETIMESTRING	ms931474	ee504146
NMDATETIMEWMKEYDOWN	ms931475	ee501427
NMDAYSTATE	ms931476	ee499660
NMHDDISPINFO	ms931478	ee500179
NMHDR	ms931479	ee499357
NMHEADER	ms931480	ee503657
NMKEY	ms931482	ee499084
NMLISTVIEW	ms931605	ee504134
NMLVCACHEHINT	ms931617	ee501127
NMLVCUSTOMDRAW	ms931627	ee502571
NMLVFINDITEM	ms931633	ee505948
NMLVGETINFOTIP	ms931639	ee505839
NMLVKEYDOWN	ms931645	ee502281
NMLVODSTATECHANGE	ms931653	ee505905
NMMOUSE	ms931655	ee503139
NMNEWMENU	ms931659	ee501430
NMN_GETAPPREGKEY	ms931663	ee503945
NMN_GETPROPERTYBAG	ms931668	ee505265
NMN_INVOKECOMMAND	ms931673	ee502621
NMN_NEWBUTTONUPDATED	ms931677	ee501920
NMN_NEWMENUDESTROY	ms931683	ee505277
NMRBAUTOSIZE	ms911836	ee505109
NMREBAR	ms911851	ee502576
NMSELCHANGE	ms911859	ee500921
NMTCKEYDOWN	ms911862	ee503518
NMTOOLBAR	ms911863	ee500768
NMTTCUSTOMDRAW	ms911865	ee505425
NMTTDISPINFO	ms911866	ee503357
NMTVCUSTOMDRAW	ms911867	ee499431
NMTVKEYDOWN	ms911869	ee505088
NMUPDOWN	ms911870	ee505848
NM_CLICK	ms931469	ee506064
NM_CUSTOMDRAW	ms911871	ee503743
NM_DBLCLK	ms931477	ee503197
NM_HOVER	ms931481	ee502909
NM_KEYDOWN	ms931483	ee501423
NM_KILLFOCUS	ms931492	ee504121
NM_OUTOFMEMORY	ms911834	ee500887
NM_RCLICK	ms911841	ee505737
NM_RDBLCLK	ms911846	ee502829
NM_RETURN	ms911856	ee501954
NM_SETFOCUS	ms911861	ee499097
NM_TREEVIEW	ms911864	ee502581
NODECONTAINERTYPE	ms895690	ee495915
NOTE through NOTE5 Macros	ms932242	ee494825
NOTIFYICONDATA	ms911889	ee501435
NOTIFYICONDATAA (NIF_MESSAGE=1, NIF_ICON=2, NIF_TIP=4 -> derived)	https://learn.microsoft.com/en-us/windows/win32/api/shellapi/ns-shellapi-notifyicondataa	-
NOTIFYOFNEWCONNECTION	ms892585	ee487157
NSPCleanup	ms895725	ee493494
NSPGetServiceClassInfo	ms895733	ee493096
NSPInstallServiceClass	ms895740	ee493708
NSPLookupServiceBegin	ms895748	ee495156
NSPLookupServiceEnd	ms895751	ee495113
NSPLookupServiceNext	ms895756	ee493028
NSPRemoveServiceClass	ms895758	ee494864
NSPSetService	ms895766	ee494884
NSPStartup	ms895771	ee494898
NSP_Routine	ms895763	ee493671
NS_SERVICE_INFO	ms895775	ee495154
NTE error codes	aa451033	ee488369
NTLM Authentication and RTC	aa525653	ee500992
NTLM Security Support Provider	ms925943	ee498104
NTLMAddGroup	ms926159	ee498366
NTLMAddUserToGroup	ms926164	ee497921
NTLMDeleteUser	ms926171	ee498394
NTLMEnumGroups	ms926178	ee498765
NTLMEnumUser	ms926183	ee498360
NTLMGetGroupList	ms926187	ee498383
NTLMGetUserList	ms926195	ee498578
NTLMRemoveGroup	ms926201	ee498518
NTLMRemoveUserFromGroup	ms926207	ee498567
NTLMSetUserInfo	ms926215	ee498121
NUMBERFMT	ms906228	ee491766
NVFOCUS_DIRECTION	ms918828	ee492861
NaN Values	ms862568	ee502379
Nagle Algorithm	ms883043	ee493221
Name Element (Instruction Response)	ms895198	ee489363
Name Element (Location Request)	ms895202	ee489318
Name Element (Location Response)	ms895206	ee489085
Name Element (Poll Request)	ms895210	ee489249
Name Registration for IPv4	ms883051	ee493477
Name Resolution Data Structures	ms883065	ee493460
Name Resolution Data Structures in the SPI	ms883073	ee495116
Name Resolution Division of Responsibilities Between DLL and Service Providers	ms883081	ee493442
Name Resolution Functions	ms883096	ee494110
Name Resolution Model	ms883098	ee493434
Name Resolution Service Provider Requirements	ms883099	-
Name Resolution and Winsock	ms883059	ee493628
Name Resolution for IPv4 Using the Cache	ms883100	ee493454
Name Resolution for IPv6 Using the Cache	ms883089	ee493695
Namespace Organization	ms883101	ee494432
Namespace Provider Architecture	ms883102	ee494706
Namespace Provider Initialization and Cleanup	ms883104	ee495266
Namespace Provider Installation	ms883103	-
Naming Conventions	ms883106	ee493864
National Language Support (NLS)	ms906482	-
National Language Support (NLS) Application Development	ms906481	-
National Language Support (NLS) Functions	ms904415	-
National Language Support (NLS) Macros	ms904406	-
National Language Support (NLS) Migration	ms903830	-
National Language Support (NLS) OS Design Development	ms903883	ee490957
National Language Support (NLS) Reference	ms904522	-
National Language Support (NLS) Samples	ms904396	-
National Language Support (NLS) Security	ms904179	-
National Language Support (NLS) Structures	ms904614	-
National Language support (NLS) Locale Identifiers	ms906224	-
Navigating Directories	ms905109	ee492627
Navigating to a Specified URL	ms905118	ee487624
NdisAcquireReadWriteLock	aa447900	ee483608
NdisAcquireSpinLock	aa447901	ee482024
NdisAdjustBufferLength	aa447902	ee482490
NdisAllocateBuffer	aa447903	ee482643
NdisAllocateBufferPool	aa447904	ee481742
NdisAllocateFromNPagedLookasideList	aa448312	ee482635
NdisAllocateMemory	aa447905	ee483853
NdisAllocateMemoryWithTag	aa447906	ee485202
NdisAllocatePacket	aa447907	ee481925
NdisAllocatePacketPool	aa447908	ee483130
NdisAllocateSpinLock	aa447910	ee483861
NdisAnsiStringToUnicodeString	aa447911	ee486106
NdisBindProtocolsToAdapter	aa447912	ee486102
NdisBufferLength	aa447914	ee484881
NdisBufferVirtualAddress	aa447917	ee481540
NdisBufferVirtualAddressSafe	aa447918	ee483591
NdisCancelSendPackets	aa447919	ee485698
NdisCancelTimer	aa447920	ee486035
NdisChainBufferAtBack	aa447921	ee481457
NdisChainBufferAtFront	aa447922	ee486873
NdisCloseAdapter	aa447923	ee485267
NdisCloseConfiguration	aa447924	ee483103
NdisCloseFile	aa447925	ee483814
NdisCompleteBindAdapter	aa447926	ee486840
NdisCompletePnPEvent	aa448313	ee483845
NdisCompleteUnbindAdapter	aa447927	ee485422
NdisCopyBuffer	aa447929	ee486918
NdisCopyFromPacketToPacket	aa447930	ee486083
NdisCopyLookaheadData	aa447931	ee486098
NdisCreateLookaheadBufferFromSharedMemory	aa447932	ee483835
NdisDeleteNPagedLookasideList	aa448314	ee486204
NdisDeregisterAdapter	aa447934	ee483429
NdisDeregisterProtocol	aa447935	ee481304
NdisDestroyLookaheadBufferFromSharedMemory	aa447936	ee486186
NdisDprAcquireSpinLock	aa447937	ee481712
NdisDprAllocatePacket	aa447938	ee485662
NdisDprAllocatePacketNonInterlocked	aa447939	ee483099
NdisDprFreePacket	aa447940	ee483649
NdisDprFreePacketNonInterlocked	aa447941	ee485831
NdisDprReleaseSpinLock	aa447942	ee481452
NdisEqualAnsiString	aa447944	ee483237
NdisEqualMemory	aa447945	ee483007
NdisEqualString	aa447946	ee482431
NdisEqualUnicodeString	aa447947	ee485013
NdisFillMemory	aa447949	ee485456
NdisFlushBuffer	aa447950	ee485081
NdisFreeBuffer	aa447951	ee485031
NdisFreeBufferPool	aa447952	ee483986
NdisFreeEvent	aa447953	ee485826
NdisFreeMemory	aa447954	ee486223
NdisFreePacket	aa447955	ee486069
NdisFreePacketPool	aa447956	ee481668
NdisFreeReadWriteLock	aa447957	ee482727
NdisFreeSpinLock	aa447958	ee485710
NdisFreeString	aa447959	ee483459
NdisFreeToNPagedLookasideList	aa448315	ee482061
NdisGeneratePartialCancelId	aa447960	ee486072
NdisGetAdapterBindings	aa447961	ee486272
NdisGetAdapterNames	aa447962	ee482852
NdisGetCacheFillSize	aa447963	ee484808
NdisGetCurrentSystemTime	aa447964	ee483665
NdisGetDriverHandle	aa447965	ee486042
NdisGetFirstBufferFromPacket	aa447966	ee485646
NdisGetFirstBufferFromPacketSafe	aa447967	ee486321
NdisGetNextBuffer	aa447968	ee483226
NdisGetPacketCancelId	aa447970	ee484255
NdisGetPacketFlags	aa447972	ee483193
NdisGetPhysicalAddressHigh	aa447980	ee481105
NdisGetPhysicalAddressLow	aa447981	ee485661
NdisGetPoolFromPacket	aa447982	ee481739
NdisGetProtocolNames	aa447983	ee482064
NdisGetReceivedPacket	aa447984	ee481727
NdisGetSystemUpTime	aa447985	ee484394
NdisGetVersion	aa448316	ee486500
NdisIMAssociateMiniport	aa447987	ee485436
NdisIMCancelInitializeDeviceInstance	aa447988	ee483407
NdisIMCopySendCompletePerPacketInfo	aa447989	ee483472
NdisIMCopySendPerPacketInfo	aa447990	ee484809
NdisIMDeInitializeDeviceInstance	aa447991	ee483615
NdisIMDeregisterLayeredMiniport	aa447992	ee486937
NdisIMGetBindingContext	aa447993	ee486027
NdisIMGetCurrentPacketStack	aa447994	ee486427
NdisIMGetDeviceContext	aa447995	ee485014
NdisIMInitializeDeviceInstance	aa447996	ee482712
NdisIMInitializeDeviceInstanceEx	aa447997	ee485027
NdisIMNotifyPnPEvent	aa447998	ee485022
NdisIMQueueMiniportCallback	aa448317	ee485840
NdisIMRegisterLayeredMiniport	aa448001	ee481492
NdisIMRevertBack	aa448318	-
NdisIMSwitchToMiniport	aa448319	ee481522
NdisInitAnsiString	aa448002	ee485911
NdisInitUnicodeString	aa448010	ee482504
NdisInitializeEvent	aa448004	ee482931
NdisInitializeListHead	aa448005	ee483870
NdisInitializeNPagedLookasideList	aa448320	ee485916
NdisInitializeReadWriteLock	aa448006	ee482838
NdisInitializeString	aa448007	ee482648
NdisInitializeTimer	aa448008	ee484489
NdisInitializeWorkItem	aa448009	ee486734
NdisInterlockedAddUlong	aa448012	ee481650
NdisInterlockedDecrement	aa448013	ee482848
NdisInterlockedIncrement	aa448014	ee483831
NdisInterlockedInsertHeadList	aa448015	ee485866
NdisInterlockedInsertTailList	aa448016	ee482239
NdisInterlockedRemoveHeadList	aa448017	ee485626
NdisMAllocateMapRegisters	aa448022	ee486044
NdisMAllocateSharedMemory	aa448023	ee481070
NdisMCancelTimer	aa448025	ee484637
NdisMCloseLog	aa448026	ee483854
NdisMCompleteBufferPhysicalMapping	aa448027	ee486701
NdisMCreateLog	aa448028	ee482062
NdisMDeregisterAdapterShutdownHandler	aa448029	ee482318
NdisMDeregisterInterrupt	aa448030	ee484848
NdisMDeregisterIoPortRange	aa448031	ee486906
NdisMEthIndicateReceive	aa448033	ee485012
NdisMEthIndicateReceiveComplete	aa448034	ee486284
NdisMFlushLog	aa448035	ee482423
NdisMFreeMapRegisters	aa448036	ee482101
NdisMFreeSharedMemory	aa448037	ee482267
NdisMIndicateReceivePacket	aa448038	ee482445
NdisMIndicateStatus	aa448039	ee483175
NdisMIndicateStatusComplete	aa448040	ee485057
NdisMInitializeTimer	aa448042	ee485861
NdisMInitializeWrapper	ms904029	ee484030
NdisMMapIoSpace	ms904037	ee481468
NdisMPciAssignResources	ms904042	ee481279
NdisMPromoteMiniport	ms904043	ee484019
NdisMQueryAdapterInstanceName	ms904044	ee485249
NdisMQueryAdapterResources	ms904045	ee483843
NdisMQueryInformationComplete	ms904046	ee486850
NdisMRebindProtocolsToAdapter	ms904047	ee481472
NdisMRegisterAdapterShutdownHandler	ms904048	ee484043
NdisMRegisterInterrupt	ms904049	ee485655
NdisMRegisterIoPortRange	ms904051	ee486943
NdisMRegisterMiniport	ms904052	ee483109
NdisMRegisterUnloadHandler	ms904053	ee482065
NdisMRemoveMiniport	ms904054	ee481479
NdisMResetComplete	ms904055	ee484044
NdisMSendComplete	ms904056	ee486230
NdisMSendResourcesAvailable	ms904057	ee482825
NdisMSetAttributes	ms904058	ee481295
NdisMSetAttributesEx	ms904059	ee484027
NdisMSetInformationComplete	ms904060	ee485071
NdisMSetMiniportSecondary	ms904061	ee486059
NdisMSetPeriodicTimer	ms904062	ee483228
NdisMSetTimer	ms904063	ee484031
NdisMSleep	ms904064	ee481464
NdisMStartBufferPhysicalMapping	ms904065	ee484281
NdisMSynchronizeWithInterrupt	ms904066	ee481682
NdisMTrIndicateReceive	ms904068	ee483252
NdisMTrIndicateReceiveComplete	ms904069	ee482284
NdisMTransferDataComplete	ms904067	ee481672
NdisMUnmapIoSpace	ms904070	ee486100
NdisMUpdateSharedMemory	ms904071	ee481643
NdisMWanIndicateReceive	ms904072	ee486191
NdisMWanIndicateReceiveComplete	ms904073	ee483168
NdisMWanSendComplete	ms904074	ee482031
NdisMWriteLogData	ms904075	ee486675
NdisMapFile	aa448024	ee484212
NdisMoveFromMappedMemory	ms904038	ee484046
NdisMoveMappedMemory	ms904039	ee481476
NdisMoveMemory	ms904040	ee485420
NdisMoveToMappedMemory	ms904041	ee484686
NdisOpenAdapter	ms904078	ee481122
NdisOpenConfiguration	ms904079	ee483022
NdisOpenConfigurationKeyByIndex	ms904080	ee484025
NdisOpenConfigurationKeyByName	ms904081	ee482433
NdisOpenFile	ms904082	ee484833
NdisOpenProtocolConfiguration	ms904083	ee486292
NdisPacketSize	aa448321	ee484432
NdisPrintString	ms904097	ee486957
NdisQueryAdapterInstanceName	ms904100	ee485852
NdisQueryBuffer	ms904101	ee485061
NdisQueryBufferOffset	ms904102	ee485238
NdisQueryBufferSafe	ms904103	ee485029
NdisQueryPacket	ms904104	ee483815
NdisQueryPendingIoCount	ms904105	ee481272
NdisQuerySendFlags	ms904106	ee486634
NdisRawReadPortBufferUchar	ms904107	ee483660
NdisRawReadPortBufferUlong	ms904108	ee483585
NdisRawReadPortBufferUshort	ms904109	ee482432
NdisRawReadPortUchar	ms904110	ee486023
NdisRawReadPortUlong	ms904112	ee484249
NdisRawReadPortUshort	ms904113	ee486278
NdisRawWritePortBufferUchar	ms904114	ee482876
NdisRawWritePortBufferUlong	ms904115	ee483837
NdisRawWritePortBufferUshort	ms904116	ee486456
NdisRawWritePortUchar	ms904117	ee485682
NdisRawWritePortUlong	ms904118	ee481069
NdisRawWritePortUshort	ms904119	ee482257
NdisReEnumerateProtocolBindings	ms904132	ee484412
NdisReadConfiguration	ms904120	ee481849
NdisReadNetworkAddress	ms904121	ee486110
NdisReadPciSlotInformation	ms904122	ee483598
NdisReadPcmciaAttributeMemory	ms904123	ee485271
NdisReadPortUchar	ms904124	ee485041
NdisReadPortUlong	ms904125	ee485211
NdisReadPortUshort	ms904126	ee486084
NdisReadRegisterUchar	ms904127	ee481039
NdisReadRegisterUlong	ms904128	ee486483
NdisReadRegisterUshort	ms904129	ee484641
NdisRebindProtocolsToAdapter	ms904130	ee486089
NdisRecalculatePacketCounts	ms904131	ee486484
NdisRegisterAdapter	ms904133	ee482675
NdisRegisterProtocol	ms904134	ee484055
NdisReinitializePacket	ms904135	ee486983
NdisReleaseReadWriteLock	ms904136	ee481091
NdisReleaseSpinLock	ms904137	ee483646
NdisRequest	ms904323	ee486080
NdisReset	ms904619	ee485715
NdisResetEvent	ms904728	ee483462
NdisRetrieveUlong	ms904737	ee482020
NdisReturnPackets	ms904846	ee485856
NdisScheduleWorkItem	ms904952	ee486086
NdisSend	ms904960	ee482729
NdisSendPackets	ms904962	ee482263
NdisSetEvent	ms904963	ee484424
NdisSetPacketCancelId	ms904966	ee485843
NdisSetPacketFlags	ms904968	ee481315
NdisSetPacketPoolProtocolId	aa448322	ee483076
NdisSetPhysicalAddressHigh	ms904976	ee485494
NdisSetPhysicalAddressLow	ms904977	ee483186
NdisSetSendFlags	ms904978	ee481328
NdisSetTimer	ms904979	ee484199
NdisStallExecution	ms904980	ee481693
NdisStoreUlong	ms904982	ee485635
NdisSystemProcessorCount	ms904984	ee485659
NdisTerminateWrapper	ms905028	ee482637
NdisTransferData	ms905029	ee482308
NdisUnbindProtocolsFromAdapter	ms905035	ee481661
NdisUnchainBufferAtBack	ms905036	ee483236
NdisUnchainBufferAtFront	ms905037	ee485820
NdisUnicodeStringToAnsiString	ms905038	ee484806
NdisUnmapFile	ms905039	ee486898
NdisUpcaseUnicodeString	ms905040	ee482841
NdisWaitEvent	ms905041	ee485086
NdisWriteConfiguration	ms905055	ee486429
NdisWriteErrorLogEntry	ms905056	ee486975
NdisWritePciSlotInformation	ms905057	ee486232
NdisWritePcmciaAttributeMemory	ms905058	ee486118
NdisWritePortUchar	ms905254	ee482307
NdisWritePortUlong	ms905257	ee482466
NdisWritePortUshort	ms905261	ee486844
NdisWriteRegisterUchar	ms905264	ee482820
NdisWriteRegisterUlong	ms905268	ee483647
NdisWriteRegisterUshort	ms905271	ee483166
NdisZeroMappedMemory	ms905277	ee486046
NdisZeroMemory	ms905279	ee482714
Nearest-Point Sampling	ms924167	ee490708
Negotiate Security Support Provider	ms925942	ee498156
Neighbor Discovery (ND)	ms883129	ee493270
Net Errors - Alphabetical Order	ms886761	ee488355
Net Errors - Numerical Order	ms886762	ee487980
NetApiBufferFree	ms895659	ee493030
Netlog	ms886701	ee495089
Netlogctl	ms883131	ee494531
Netstat	ms895675	ee493013
Network Adapter Card Requirements	ms892540	ee486078
Network Address Translation	ms883134	-
Network Address Translation Functions	aa450757	-
Network Address Translation Structures	aa450759	-
Network Bridging	ms898988	-
Network Bridging Application Development	ms898989	-
Network Bridging Architecture	ms883135	ee493087
Network Bridging Migration	ms898990	ee494042
Network Bridging OS Design Development	ms883137	ee493456
Network Bridging Object Identifiers	ms883136	-
Network Bridging Queriable Object Identifiers	ms883138	ee494053
Network Bridging Reference	ms898991	-
Network Bridging Registry Settings	ms883139	-
Network Bridging Sample Registry Configuration	ms883140	ee494314
Network Bridging Samples	ms898992	ee495123
Network Bridging Security	ms883141	ee493225
Network Bridging Settable Object Identifiers	ms883142	ee494124
Network Bridging Spanning Tree Algorithm	ms883143	-
Network Driver Data Types	ms895383	-
Network Driver Enumerations	ms895388	-
Network Driver Functions	ms895392	-
Network Driver IOCTLs	ms895397	-
Network Driver Interface Specification (NDIS)	ms883144	-
Network Driver Interface Specification (NDIS) for IPv6	ms883145	ee494681
Network Driver Macros	ms895401	-
Network Driver Messages	ms895405	-
Network Driver Object Identifiers	ms895411	-
Network Driver Samples	ms892506	-
Network Driver Structures	ms895419	-
Network Folder	ms883146	ee493433
Network Keys	ms892543	-
Network Utilities	ms898997	-
Network Utilities Application Development	ms898998	-
Network Utilities Migration	ms883147	ee494878
Network Utilities OS Design Development	ms883148	ee493660
Network Utilities Samples	ms883149	ee494670
Network Utilities Security	ms899230	ee493836
NetworkAdapter Element (Poll Request)	ms895214	ee489284
NetworkCallFailedInfo	ms895682	ee495410
Next Method (EnumWSDLService)	ms892448	ee485768
No Events	ms862659	ee485965
No Inspector or Explorer Object	ms862660	-
No NameSpace Object	ms862661	ee483688
Node Tests	ms892575	ee503161
Node-Set Functions	ms892574	-
Node2D	ms892546	ee482510
NodeData	ms895699	ee495806
NodeDataUnion	ms895706	ee495652
Non-client Area Styles	ms911872	ee506097
Nonblocking Input/Output	ms883150	ee493908
Nondeterministic Registry Flushing	ms885877	-
Notification Endpoint Descriptor	ms892547	ee482509
Notification Interface	ms892548	ee497729
Notification LED Driver Development Concepts	ms892549	ee483394
Notification LED Driver Samples	ms892550	ee484051
Notification of Network Events	ms883151	-
NotifyAddrChange	ms895712	ee494121
NotifyRouteChange	ms895720	ee494079
Number Format Conversions	ms892551	ee485272
Number Functions	ms892587	-
OAHWND	ms912349	ee499583
OAL Elements for Error Reporting	ms939658	ee481173
OBEX Application Development	ms899303	-
OBEX Enumerations	ms886703	-
OBEX Functions	ms900556	-
OBEX Interfaces	ms886704	-
OBEX Migration	ms899412	ee495073
OBEX OS Design Development	ms883307	ee494105
OBEX Reference	ms886705	-
OBEX Registry Settings	ms883153	ee493701
OBEX Samples	ms899590	-
OBEX Security	ms883154	ee493241
OBEX Server Architecture	ms883155	ee494459
OBEX Server Services	ms883156	-
OBEX Structures	ms886706	-
OBEXCOMMAND	ms900557	ee494039
OBEXFTP	ms883152	ee493051
OBEXTRANSACTION	ms900561	ee494876
OBEXTool	ms883213	-
OBEX_EVENT	ms895790	ee493664
OBEX_HEADER	ms895794	ee493481
OBEX_REQUEST	ms895798	ee493504
OBJNOTIFY	aa514417	ee484342
OBJTYPEINFO	aa514419	ee483704
OBJUIDATA	aa514421	ee487010
OFNOTIFY	ms911893	ee505954
OID Instead of EntryID	ms862663	ee485506
OID_802_11_ADD_WEP	ms905343	ee481051
OID_802_11_AUTHENTICATION_MODE	ms905353	ee483816
OID_802_11_BSSID	ms905435	ee485046
OID_802_11_BSSID_LIST	ms905509	ee482930
OID_802_11_BSSID_LIST_SCAN	ms905623	ee486306
OID_802_11_CONFIGURATION	ms905699	ee485656
OID_802_11_DESIRED_RATES	ms905706	ee484685
OID_802_11_DISASSOCIATE	ms905713	ee485060
OID_802_11_FRAGMENTATION_THRESHOLD	ms905714	ee482498
OID_802_11_INFRASTRUCTURE_MODE	ms905716	ee486706
OID_802_11_NETWORK_TYPES_SUPPORTED	ms905718	ee483242
OID_802_11_NETWORK_TYPE_IN_USE	ms905717	ee485912
OID_802_11_NUMBER_OF_ANTENNAS	ms905719	ee484490
OID_802_11_POWER_MODE	ms905721	ee485913
OID_802_11_PRIVACY_FILTER	ms905722	ee481944
OID_802_11_RELOAD_DEFAULTS	ms905723	ee484850
OID_802_11_REMOVE_WEP	ms905724	ee484075
OID_802_11_RSSI	ms905725	ee485654
OID_802_11_RSSI_TRIGGER	ms905726	ee484898
OID_802_11_RTS_THRESHOLD	ms905727	ee481853
OID_802_11_RX_ANTENNA_SELECTED	ms905728	ee483987
OID_802_11_SSID	ms905729	ee486300
OID_802_11_STATISTICS	ms905730	ee483638
OID_802_11_SUPPORTED_RATES	ms905731	ee484886
OID_802_11_TX_ANTENNA_SELECTED	ms905732	ee486716
OID_802_11_TX_POWER_LEVEL	ms905733	ee481716
OID_802_11_WEP_STATUS	ms905734	ee483416
OID_802_3_CURRENT_ADDRESS	ms905735	ee486274
OID_802_3_MAC_OPTIONS	ms905736	ee483424
OID_802_3_MAXIMUM_LIST_SIZE	ms905737	ee484895
OID_802_3_MULTICAST_LIST	ms905738	ee483818
OID_802_3_PERMANENT_ADDRESS	ms905739	ee485492
OID_802_3_RCV_ERROR_ALIGNMENT	ms905740	ee483631
OID_802_3_RCV_OVERRUN	ms905741	ee486087
OID_802_3_XMIT_DEFERRED	ms905742	ee485677
OID_802_3_XMIT_HEARTBEAT_FAILURE	ms905743	ee482928
OID_802_3_XMIT_LATE_COLLISIONS	ms905744	ee484407
OID_802_3_XMIT_MAX_COLLISIONS	ms905745	ee485618
OID_802_3_XMIT_MORE_COLLISIONS	ms905746	ee482889
OID_802_3_XMIT_ONE_COLLISION	ms905747	ee481465
OID_802_3_XMIT_TIMES_CRS_LOST	ms905748	ee484824
OID_802_3_XMIT_UNDERRUN	ms905749	ee485893
OID_802_5_CURRENT_ADDRESS	ms905750	ee485874
OID_802_5_CURRENT_FUNCTIONAL	ms905751	ee481848
OID_802_5_CURRENT_GROUP	ms905752	ee484393
OID_802_5_CURRENT_RING_STATE	ms905753	ee482652
OID_802_5_CURRENT_RING_STATUS	ms905754	ee484665
OID_802_5_LAST_OPEN_STATUS	ms905755	ee486199
OID_802_5_PERMANENT_ADDRESS	ms905756	ee483787
OID_DOT11_AP_JOIN_REQUEST	ms905757	ee485018
OID_DOT11_ATIM_WINDOW	ms905758	ee482844
OID_DOT11_BEACON_PERIOD	ms905759	ee486967
OID_DOT11_CCA_MODE_SUPPORTED	ms905760	ee482290
OID_DOT11_CCA_WATCHDOG_COUNT_MAX	ms905761	ee484893
OID_DOT11_CCA_WATCHDOG_COUNT_MIN	ms905762	ee484670
OID_DOT11_CCA_WATCHDOG_TIMER_MAX	ms905763	ee481679
OID_DOT11_CCA_WATCHDOG_TIMER_MIN	ms905764	ee485473
OID_DOT11_CFP_MAX_DURATION	ms905765	ee483449
OID_DOT11_CFP_PERIOD	ms905767	ee483996
OID_DOT11_CF_POLLABLE	ms905766	ee483808
OID_DOT11_CHANNEL_AGILITY_ENABLED	ms905768	ee483804
OID_DOT11_CHANNEL_AGILITY_PRESENT	ms905769	ee482493
OID_DOT11_COUNTERS_ENTRY	ms905770	ee486632
OID_DOT11_COUNTRY_STRING	ms905771	ee483839
OID_DOT11_CURRENT_CCA_MODE	ms905772	ee481658
OID_DOT11_CURRENT_CHANNEL	ms905773	ee481101
OID_DOT11_CURRENT_CHANNEL_NUMBER	ms905774	ee485705
OID_DOT11_CURRENT_DWELL_TIME	ms905775	ee483011
OID_DOT11_CURRENT_FREQUENCY	ms905776	ee482016
OID_DOT11_CURRENT_INDEX	ms905778	ee486700
OID_DOT11_CURRENT_OFFLOAD_CAPABILITY	ms905779	ee481103
OID_DOT11_CURRENT_OPERATION_MODE	ms905780	ee484274
OID_DOT11_CURRENT_OPTIONAL_CAPABILITY	ms905781	ee482271
OID_DOT11_CURRENT_PACKET_FILTER	ms905782	ee481514
OID_DOT11_CURRENT_PATTERN	ms905783	ee484694
OID_DOT11_CURRENT_PHY_TYPE	ms905784	ee482499
OID_DOT11_CURRENT_REG_DOMAIN	ms905785	ee486254
OID_DOT11_CURRENT_RX_ANTENNA	ms905786	ee483985
OID_DOT11_CURRENT_SET	ms905787	ee486650
OID_DOT11_CURRENT_TX_ANTENNA	ms905788	ee486088
OID_DOT11_CURRENT_TX_POWER_LEVEL	aa448043	ee481533
OID_DOT11_DEFAULT_WEP_OFFLOAD	aa448044	ee482914
OID_DOT11_DEFAULT_WEP_UPLOAD	aa448045	ee485279
OID_DOT11_DIVERSITY_SELECTION_RX	aa448046	ee483634
OID_DOT11_DIVERSITY_SUPPORT	aa448047	ee481912
OID_DOT11_DSSS_OFDM_OPTION_ENABLED	ms919240	ee485897
OID_DOT11_DSSS_OFDM_OPTION_IMPLEMENTED	ms919248	ee484010
OID_DOT11_DTIM_PERIOD	aa448048	ee482475
OID_DOT11_ED_THRESHOLD	aa448049	ee485210
OID_DOT11_EHCC_CAPABILITY_ENABLED	aa448050	ee484842
OID_DOT11_EHCC_CAPABILITY_IMPLEMENTED	aa448051	ee484056
OID_DOT11_EHCC_NUMBER_OF_CHANNELS_FAMILY_INDEX	aa448052	ee486434
OID_DOT11_EHCC_PRIME_RADIX	aa448053	ee481729
OID_DOT11_ERP_PBCC_OPTION_ENABLED	ms919257	ee481124
OID_DOT11_ERP_PBCC_OPTION_IMPLEMENTED	ms919263	ee486727
OID_DOT11_FRAGMENTATION_THRESHOLD	aa448054	ee484208
OID_DOT11_FREQUENCY_BANDS_SUPPORTED	aa448055	ee482518
OID_DOT11_HOPPING_PATTERN	aa448059	ee485241
OID_DOT11_HOP_ALGORITHM_ADOPTED	aa448056	ee484662
OID_DOT11_HOP_MODULUS	aa448057	ee481294
OID_DOT11_HOP_OFFSET	aa448058	ee484193
OID_DOT11_HOP_TIME	aa448060	ee481246
OID_DOT11_HR_CCA_MODE_SUPPORTED	aa448061	ee484624
OID_DOT11_JOIN_REQUEST	aa448062	ee484008
OID_DOT11_LONG_RETRY_LIMIT	aa448063	ee486037
OID_DOT11_MAC_ADDRESS	aa448064	ee486298
OID_DOT11_MAX_DWELL_TIME	aa448065	ee485867
OID_DOT11_MAX_MAC_ADDRESS_STATES	ms919273	ee481531
OID_DOT11_MAX_RECEIVE_LIFETIME	aa448066	ee485634
OID_DOT11_MAX_TRANSMIT_MSDU_LIFETIME	aa448067	ee482285
OID_DOT11_MEDIUM_OCCUPANCY_LIMIT	aa448068	ee484386
OID_DOT11_MPDU_MAX_LENGTH	aa448069	ee481096
OID_DOT11_MULTI_DOMAIN_CAPABILITY	aa448070	ee483605
OID_DOT11_MULTI_DOMAIN_CAPABILITY_ENABLED	aa448071	ee486712
OID_DOT11_MULTI_DOMAIN_CAPABILITY_IMPLEMENTED	aa448072	ee484486
OID_DOT11_NIC_POWER_STATE	aa448073	ee484871
OID_DOT11_NIC_SPECIFIC_EXTENSION	aa448074	ee482214
OID_DOT11_NUMBER_OF_HOPPING_SETS	aa448075	ee485234
OID_DOT11_OFFLOAD_CAPABILITY	aa448076	ee483381
OID_DOT11_OPERATIONAL_RATE_SET	aa448077	ee485047
OID_DOT11_OPERATION_MODE_CAPABILITY	aa448078	ee482932
OID_DOT11_OPTIONAL_CAPABILITY	aa448079	ee481730
OID_DOT11_PBCC_OPTION_IMPLEMENTED	aa448080	ee485253
OID_DOT11_POWER_MGMT_MODE	aa448081	ee486710
OID_DOT11_RANDOM_TABLE_FLAG	aa448082	ee482045
OID_DOT11_RECV_SENSITIVITY_LIST	ms919279	ee482829
OID_DOT11_REG_DOMAINS_SUPPORT_VALUE	aa448083	ee485616
OID_DOT11_RESET_REQUEST	aa448084	ee485650
OID_DOT11_RF_USAGE	aa448085	ee486105
OID_DOT11_RSSI_RANGE	aa448086	ee481467
OID_DOT11_RTS_THRESHOLD	aa448087	ee486248
OID_DOT11_SCAN_REQUEST	aa448088	ee484896
OID_DOT11_SHORT_PREAMBLE_OPTION_IMPLEMENTED	aa448089	ee481078
OID_DOT11_SHORT_RETRY_LIMIT	aa448090	ee483659
OID_DOT11_SHORT_SLOT_TIME_OPTION_ENABLED	ms919286	ee484078
OID_DOT11_SHORT_SLOT_TIME_OPTION_IMPLEMENTED	ms919296	ee486517
OID_DOT11_START_REQUEST	aa448091	ee486021
OID_DOT11_STATION_ID	aa448092	ee483654
OID_DOT11_SUPPORTED_DATA_RATES_VALUE	aa448093	ee485236
OID_DOT11_SUPPORTED_PHY_TYPES	aa448094	ee481720
OID_DOT11_SUPPORTED_POWER_LEVELS	aa448095	ee486694
OID_DOT11_SUPPORTED_RX_ANTENNA	aa448096	ee481864
OID_DOT11_SUPPORTED_TX_ANTENNA	aa448097	ee484405
OID_DOT11_TEMP_TYPE	aa448098	ee486294
OID_DOT11_TI_THRESHOLD	aa448099	ee481088
OID_DOT11_UPDATE_IE	aa448100	ee481309
OID_DOT11_WEP_ICV_ERROR_COUNT	aa448101	ee484189
OID_DOT11_WEP_OFFLOAD	aa448102	ee481904
OID_DOT11_WEP_UPLOAD	aa448103	ee484076
OID_DOT11_WPA_TSC	aa448104	ee481518
OID_GEN_CURRENT_LOOKAHEAD	aa448105	ee484657
OID_GEN_CURRENT_PACKET_FILTER	aa448106	ee481711
OID_GEN_DRIVER_VERSION	aa448107	ee486025
OID_GEN_HARDWARE_STATUS	aa448108	ee485713
OID_GEN_LINK_SPEED	aa448109	ee482658
OID_GEN_MAC_OPTIONS	aa448110	ee481521
OID_GEN_MAXIMUM_FRAME_SIZE	aa448112	ee481882
OID_GEN_MAXIMUM_LOOKAHEAD	aa448113	ee485674
OID_GEN_MAXIMUM_SEND_PACKETS	aa448114	ee482260
OID_GEN_MAXIMUM_TOTAL_SIZE	aa448115	ee482805
OID_GEN_MEDIA_CONNECT_STATUS	aa448116	ee485082
OID_GEN_MEDIA_IN_USE	aa448117	ee481307
OID_GEN_MEDIA_SUPPORTED	aa448118	ee486914
OID_GEN_NETWORK_LAYER_ADDRESSES	aa448119	ee482694
OID_GEN_PHYSICAL_MEDIUM	aa448120	ee482269
OID_GEN_PROTOCOL_OPTIONS	aa448121	ee481495
OID_GEN_RECEIVE_BLOCK_SIZE	aa448122	ee484399
OID_GEN_RECEIVE_BUFFER_SPACE	aa448123	ee483995
OID_GEN_SUPPORTED_LIST	aa448124	ee482664
OID_GEN_TRANSMIT_BLOCK_SIZE	aa448125	ee481503
OID_GEN_TRANSMIT_BUFFER_SPACE	aa448126	ee484612
OID_GEN_TRANSPORT_HEADER_OFFSET	aa448127	ee482833
OID_GEN_VENDOR_DESCRIPTION	aa448128	ee481449
OID_GEN_VENDOR_ID	aa448129	ee484204
OID_IRDA_EXTRA_RCV_BOFS	aa448130	ee485460
OID_IRDA_LINK_SPEED	aa448131	ee481133
OID_IRDA_MAX_RECEIVE_WINDOW_SIZE	aa448132	ee486492
OID_IRDA_MAX_SEND_WINDOW_SIZE	aa448133	ee484282
OID_IRDA_MEDIA_BUSY	aa448134	ee481125
OID_IRDA_RATE_SNIFF	aa448135	ee486115
OID_IRDA_REACQUIRE_HW_RESOURCES	aa448136	ee484690
OID_IRDA_RECEIVING	aa448137	ee482246
OID_IRDA_RELEASE_HW_RESOURCES	aa448138	ee484236
OID_IRDA_SUPPORTED_SPEEDS	aa448139	ee483380
OID_IRDA_TURNAROUND_TIME	aa448140	ee486048
OID_PAN_AUTHENTICATE	ms895809	ee495816
OID_PAN_CONNECT	ms895812	ee495374
OID_PAN_DISCONNECT	ms895819	ee495361
OID_PAN_ENCRYPT	ms895824	ee495796
OID_PNP_ADD_WAKE_UP_PATTERN	aa448141	ee485034
OID_PNP_CAPABILITIES	aa448142	ee486263
OID_PNP_ENABLE_WAKE_UP	aa448143	ee483603
OID_PNP_QUERY_POWER	ms918412	ee482796
OID_PNP_REMOVE_WAKE_UP_PATTERN	ms918558	ee483425
OID_PNP_SET_POWER	ms918566	ee486203
OID_PNP_WAKE_UP_ERROR	ms918572	ee484238
OID_PNP_WAKE_UP_OK	ms918584	ee482489
OID_PNP_WAKE_UP_PATTERN_LIST	ms918592	ee482107
OID_TAPI_ACCEPT	ms918599	ee484404
OID_TAPI_ANSWER	ms918606	ee484817
OID_TAPI_CLOSE	ms918614	ee484453
OID_TAPI_CLOSE_CALL	ms918709	ee482906
OID_TAPI_CONDITIONAL_MEDIA_DETECTION	ms918714	ee486882
OID_TAPI_CONFIG_DIALOG	ms918725	ee486257
OID_TAPI_DEV_SPECIFIC	ms918734	ee483834
OID_TAPI_DIAL	ms918739	ee483141
OID_TAPI_DROP	ms918748	ee486846
OID_TAPI_GET_ADDRESS_CAPS	ms918758	ee486924
OID_TAPI_GET_ADDRESS_ID	ms918765	ee485709
OID_TAPI_GET_ADDRESS_STATUS	ms918770	ee482449
OID_TAPI_GET_CALL_ADDRESS_ID	ms918779	ee484428
OID_TAPI_GET_CALL_INFO	ms918785	ee486079
OID_TAPI_GET_CALL_STATUS	ms918793	ee486464
OID_TAPI_GET_DEV_CAPS	ms918902	ee485212
OID_TAPI_GET_DEV_CONFIG	ms918994	ee485685
OID_TAPI_GET_EXTENSION_ID	ms919002	ee481067
OID_TAPI_GET_ID	ms919014	ee486705
OID_TAPI_GET_LINE_DEV_STATUS	ms919023	ee481940
OID_TAPI_MAKE_CALL	ms919033	ee482249
OID_TAPI_NEGOTIATE_EXT_VERSION	ms919043	ee481296
OID_TAPI_OPEN	ms919051	ee481908
OID_TAPI_PROVIDER_INITIALIZE	ms919058	ee486648
OID_TAPI_PROVIDER_SHUTDOWN	ms919068	ee485287
OID_TAPI_SECURE_CALL	ms919075	ee484403
OID_TAPI_SELECT_EXT_VERSION	ms919086	ee485670
OID_TAPI_SEND_USER_USER_INFO	ms919094	ee484617
OID_TAPI_SET_APP_SPECIFIC	ms919101	ee481872
OID_TAPI_SET_CALL_PARAMS	ms919107	ee486425
OID_TAPI_SET_DEFAULT_MEDIA_DETECTION	ms919116	ee485214
OID_TAPI_SET_DEV_CONFIG	ms919124	ee482443
OID_TAPI_SET_MEDIA_MODE	ms919132	ee486515
OID_TAPI_SET_STATUS_MESSAGES	ms919142	ee484054
OID_TCP_TASK_OFFLOAD	ms919147	ee486482
OID_WAN_CURRENT_ADDRESS	ms919154	ee481074
OID_WAN_GET_COMP_INFO	ms919162	ee485263
OID_WAN_GET_INFO	ms919169	ee481926
OID_WAN_GET_LINK_INFO	ms919178	ee484854
OID_WAN_GET_STATS_INFO	ms919186	ee482639
OID_WAN_HEADER_FORMAT	ms919193	ee483178
OID_WAN_LINE_COUNT	ms919200	ee483234
OID_WAN_MEDIUM_SUBTYPE	ms919206	ee486489
OID_WAN_PERMANENT_ADDRESS	ms919214	ee481698
OID_WAN_PROTOCOL_TYPE	aa448262	ee483457
OID_WAN_SET_COMP_INFO	ms919221	ee484826
OID_WAN_SET_LINK_INFO	ms919233	ee482049
OLE Compound Documents	ms862664	ee488294
OLE Functions	aa513741	-
OLE Interfaces	aa513742	-
OLE Key	ms862665	ee489693
OLE Structures	aa513744	-
OLEGETMONIKER	ms892592	ee489434
OLELINKBIND	ms892594	ee488133
OLEUPDATE	ms892601	ee489021
OLEVERB	ms892602	ee488250
OLEVERBATTRIB	ms892603	ee488507
OLEWHICHMK	ms892604	ee489221
OPENFILENAME	ms911906	ee504545
OSVERSIONINFO	ms886768	ee488619
OS_DEP_DATA	ms919326	ee485673
OUTLINETEXTMETRICW	ms934025	ee505879
OUTPUT_DEBUG_STRING_INFO	ms886770	ee488772
OVERLAPPED	ms891422	ee490367
OWAEC_E_	aa513745	ee486995
Object Exchange Interfaces	ms883300	ee493033
Object Exchange Protocol	ms899516	-
Object Register Debugging	ms932244	-
Object Store	ms885891	-
Object Store Registry Settings	ms885899	ee489619
Object Store Size	ms885906	ee489750
Object and Pin Functions	ms932243	-
ObjectNotify	aa514415	ee483481
ObjectProgID Property	ms892589	ee484711
Objects and Object Identifiers	ms885883	ee489728
ObtainUserAgentString	ms918829	ee492042
Obtaining Identity Information	ms883312	ee494062
Obtaining MIME Information	ms905210	ee492179
Obtaining Schannel Credentials	ms925944	ee498146
Obtaining a Certificate	ms926473	-
Obtaining a Certificate Using a .cfg File	ms926474	-
Obtaining a Performance Profile for a Display Driver	aa448261	-
Obtaining the Buffer Size	ms883321	ee494664
OffsetRect	ms911891	ee504901
OffsetRgn	ms911892	ee501910
OffsetViewportOrgEx	aa453953	ee504540
OleCreate	ms892590	ee487704
OleDraw	ms892591	ee489036
OleIsRunning	ms892593	ee489723
OleLoadFromStream	ms892595	ee489483
OleRun	ms892596	ee487733
OleSave	ms892597	ee488131
OleSaveToStream	ms892598	ee489508
OleSetContainedObject	ms892599	ee488740
OleSetMenuDescriptor	ms892600	ee488661
Opaque and One-Bit Alpha Textures	ms924170	ee491074
Open System and Shared Key Authentication	ms892553	-
OpenClipboard	ms911905	ee503328
OpenDeviceKey	ms919310	ee485065
OpenEvent	ms886764	ee488185
OpenMsgQueue	ms886765	ee488036
OpenPartition	ms891420	ee490212
OpenProcess	ms886766	ee488418
OpenStore	ms891421	ee489981
OpenThemeDataEx	ms918830	ee491792
Opening Connections	aa447430	ee484059
Opening Waveform Audio Output Devices	ms924172	ee487348
Opening a Database	ms885917	ee489556
Opening a Queue (COM)	ms883347	-
Opening a Queue to Read Messages (COM)	ms883361	-
Opening a Queue to Send Messages (COM)	ms883374	-
Opening an Adapter Underlying a Protocol Driver	ms892552	ee484072
Opening and Closing Mixer Devices	ms924171	ee487568
Operational Characteristics of NDIS Object Identifiers	ms883385	ee494672
Operators and Special Characters	ms892614	ee502389
Optimized GPE Emulation Function Analysis	ms892556	ee485484
Optimizing a GPE Emulation Function	ms892557	ee485905
Optimizing a USB Function Driver Stack	aa448275	ee485261
Option Flags	ms918831	ee492812
Other IMsRdpClientAdvancedSettings Properties	aa514423	ee485744
Other LDAP Functions	ms862667	-
Other Power Management APIs	ms892558	ee497724
Other TUI Windows	aa525654	-
Other Vertex Data	ms924173	ee491231
Out-of-Band Data in the SPI	ms883386	ee494262
Outline and Fill State	ms924174	ee490451
Outlook Compatibility	ms862668	ee484129
OutputDebugString	ms886769	ee488209
OutputStream Property	ms892617	ee484700
Overlapped Completion Indication Mechanisms	ms883387	ee494265
Overlapped Input/Output	ms883388	ee494116
Overlay Surfaces/Boundary and Size Alignment	aa451218	-
Overlay Surfaces/Creating Overlay Surfaces	aa451276	-
Overlay Surfaces/Flipping Overlay Surfaces	ms923374	-
Overlay Surfaces/Minimum and Maximum Stretch Factors	ms924146	-
Overlay Surfaces/Overlay Color Keys	ms924175	-
Overlay Surfaces/Overlay Surface Overview	ms924176	-
Overlay Surfaces/Overlay Z-Orders	ms924178	-
Overlay Surfaces/Positioning Overlay Surfaces	ms924573	-
Overlay Surfaces/Significant DDCAPS Members and Flags	ms924637	-
Overlay Surfaces/Source and Destination Rectangles	ms924641	-
Override the Base Class Member Functions/Override Pin Member Functions	ms924180	-
Override the Base Class Member Functions/Override the CBaseOutput::DecideAllocator Member Function	ms924182	-
Override the Base Class Member Functions/Override the CheckInputType Member Function	ms924183	-
Override the Base Class Member Functions/Override the CheckTransform Member Function	ms924184	-
Override the Base Class Member Functions/Override the DecideBufferSize Member Function	ms924185	-
Override the Base Class Member Functions/Override the GetMediaType Member Function	ms924186	-
Override the Base Class Member Functions/Override the Transform Member Function	ms924188	-
Overriding &lt;xsl:preserve-space&gt; and &lt;xsl:strip-space&gt;	ms862669	-
Overview of IMediaObjectImpl	ms924190	ee496325
Overview of the CryptoAPI Registry	ms925946	ee498754
Overview of the IME User Interface	ms904196	-
Overview of the Input Method System	ms904318	ee491751
P3P Policy Evaluation Engine	ms905213	-
PACQUIREFILELOCKSTATE	aa517930	ee490755
PAGESETUPDLG (structure)	ms911910	ee499117
PAINTSTRUCT	ms911912	ee499378
PALETTEENTRY	ms911913	ee504876
PALETTE_ENTRIES	ms932250	ee492341
PALETTISED	ms932251	ee493582
PALOBJ_cGetColors	ms919337	ee483801
PAN Profile Object Identifiers	ms886707	-
PARAMDATA	ms892619	ee489517
PARAMDESC	ms892620	ee487939
PARENTALCONTROLS	ms883392	ee495082
PARSEACTION	ms918832	ee492248
PARSED_CFTABLE	ms919345	ee485694
PARSED_CONFIG	ms919354	ee482839
PARTENTRY	ms891423	ee489807
PARTINFO	ms891424	ee490432
PASSWORD	ms883399	ee494033
PATH	ms911917	ee505908
PATHOBJ_bEnum	ms919360	ee482108
PATHOBJ_vEnumStart	ms919375	ee484067
PATHOBJ_vGetBounds	ms919370	ee486836
PAUSE (Command Processor)	ms911918	ee505114
PBM_DELTAPOS	ms911919	ee505116
PBM_GETPOS	ms911920	ee502856
PBM_GETRANGE	ms911921	ee503651
PBM_SETPOS	ms911922	ee500225
PBM_SETPOS (checked valueless -- the desktop controls reference also publishes no numeric message identifier; grounds the M54 Common Controls message-value hold)	https://learn.microsoft.com/en-us/windows/win32/controls/pbm-setpos	-
PBM_SETRANGE	ms911923	ee505035
PBM_SETRANGE32	ms911924	ee499086
PBM_SETSTEP	ms911925	ee499652
PBM_STEPIT	ms911926	ee500534
PBRANGE	ms911927	ee502904
PC Authentication Application Development	ms912608	-
PC Authentication Architecture	aa525655	-
PC Authentication Constants	ms931941	-
PC Authentication Functions	ms931942	-
PC Authentication LAP Implementation	aa525656	-
PC Authentication Migration	aa525658	-
PC Authentication OS Design Development	aa525659	-
PC Authentication Reference	ms931943	-
PC Authentication Registry Settings	aa525660	-
PC Authentication Samples	aa525661	-
PC Authentication Security	aa525662	-
PC Authentication and IPsec	aa525657	-
PC Card Bus Driver	ms923736	ee485830
PC Card Driver Event Codes	ms919380	ee481502
PC Card Driver Samples	aa447531	ee485004
PC Card Network Adapters	aa447533	ee481477
PC Card Socket Service Shared Code Library Registry Settings	aa448277	ee481662
PCI Bus Configuration and Enumeration	aa447537	ee486067
PCI Bus Driver Registry Settings	aa447541	ee484052
PCI Bus Driver Samples	aa447542	ee481877
PCI Bus Enumerator Template	aa447544	ee482442
PCIInitInfo	ms919387	ee483196
PCIReg	ms919388	ee482879
PCI_COMMON_CONFIG	ms919385	ee482910
PCI_DEV_INFO	ms919386	ee485226
PCI_REG_INFO	ms919389	ee486454
PCI_REG_LIST	ms919390	ee486680
PCI_RSRC	ms919391	ee485230
PCMCIA Legacy Compatibility Layer Architecture	aa447529	ee486721
PCMCIA Legacy Compatibility Layer Event Codes	aa447532	ee483412
PCMCIA Legacy Compatibility Layer Tuple Codes	aa447534	ee481300
PCMCIA Legacy Compatibility Layer Window Attributes	aa447535	ee486630
PCMCIA Legacy Compatibility Layer Window Speeds	aa447536	ee481080
PCMCIA-based Miniport Functional Interrupts	aa447545	ee485621
PDDDeinit	ms919397	ee483846
PDDInit	ms919398	ee486436
PDD_AudioDeinitialize	ms919392	ee486442
PDD_AudioGetInterruptType	ms919393	ee483179
PDD_AudioInitialize	ms919394	ee483261
PDD_AudioMessage	ms919395	ee482690
PDD_AudioPowerHandler	ms919396	ee485070
PDD_IoControl	aa448324	ee484001
PDD_WaveProc	ms919399	ee486506
PDU Buffer Registry Settings	ms894560	ee489137
PD_ClosePartition	ms891425	ee489926
PD_CloseStore	ms891426	ee489642
PD_CreatePartition	ms891427	ee489577
PD_DeletePartition	ms891428	ee489563
PD_DeviceIoControl	ms891429	ee490229
PD_FindPartitionClose	ms891430	ee490441
PD_FindPartitionNext	ms891431	ee490375
PD_FindPartitionStart	ms891432	ee490429
PD_FormatPartition	ms891433	ee489935
PD_FormatStore	ms891434	ee490372
PD_GetPartitionInfo	ms891435	ee490209
PD_GetStoreInfo	ms891436	ee490636
PD_IsStoreFormatted	ms891437	ee490206
PD_OpenPartition	ms891438	ee489949
PD_OpenStore	ms891439	ee490202
PD_PARTINFO	ms891440	ee489960
PD_RenamePartition	ms891441	ee490751
PD_STOREINFO	ms891443	ee489529
PD_SetPartitionAttrs	ms891442	ee490775
PEER_ADDRESS	ms895901	-
PEER_CONNECTION_FLAGS_TAG	ms886712	-
PEER_DATA	ms895902	-
PEER_NAME_PAIR_TAG	ms895903	-
PEER_RECORD_CHANGE_TYPE_TAG	ms895904	-
PEMPTYLOCKCONTAINER	aa517931	ee490414
PFF_CONVERTINFO	aa514424	ee484568
PFF_DESTINATIONFILE	aa514427	ee484750
PFF_SOURCEFILE	aa514428	ee485987
PFN_BATTERY_PDD_IOCONTROL	ms919400	ee486107
PFN_KEYBD_DRIVER_GET_INFO	ms902136	ee485084
PFN_KEYBD_DRIVER_INITIALIZE	ms902137	ee484273
PFN_KEYBD_DRIVER_INITIALIZE_EX	ms902138	ee482029
PFN_KEYBD_DRIVER_INIT_STATES	ms902139	ee482092
PFN_KEYBD_DRIVER_MAP_VIRTUAL_KEY	ms902140	ee481263
PFN_KEYBD_DRIVER_POWER_HANDLER	ms902141	ee486520
PFN_KEYBD_DRIVER_SET_MODE	ms902142	ee486473
PFN_KEYBD_DRIVER_VKEY_TO_UNICODE	ms902143	ee482283
PFN_KEYBD_EVENT	ms919401	ee486678
PFN_KEYBD_EVENT_CALLBACK	ms902144	ee485825
PFN_KEYBD_EVENT_CALLBACK_EX	ms902145	ee482264
PFN_KEYBD_PDD_ENTRY	ms919402	ee484462
PFN_KEYBD_PDD_POWER_HANDLER	ms919403	ee482507
PFN_KEYBD_PDD_TOGGLE_LIGHTS	ms919404	ee486469
PFN_LAYOUT_MGR_ACTIVATE_KEYBOARD_LAYOUT	ms902151	ee483992
PFN_LAYOUT_MGR_GET_KEYBOARD_LAYOUT	ms902153	ee486311
PFN_LAYOUT_MGR_GET_KEYBOARD_LAYOUT_LIST	ms902154	ee485421
PFN_LAYOUT_MGR_GET_KEYBOARD_LAYOUT_NAME	ms902155	ee485205
PFN_LAYOUT_MGR_GET_KEYBOARD_TYPE	ms902156	ee482014
PFN_LAYOUT_MGR_LOAD_KEYBOARD_LAYOUT	ms902157	ee485438
PFN_PDD_ISR	ms902127	ee485497
PFXExportCertStoreEx	ms926224	ee498373
PFXImportCertStore	ms926229	ee498157
PFXIsPFXBlob	ms926234	ee497945
PFXVerifyPassword	ms926241	ee498310
PHONEBUTTONFUNCTION	ms895905	ee497438
PHONEBUTTONMODE	ms895906	ee497448
PHONEBUTTONSTATE	ms895907	ee496434
PHONECAPS	ms895911	ee497021
PHONEERR	ms895921	ee497433
PHONEEVENT	ms895922	ee497262
PHONEEXTENSIONID	ms895923	ee497558
PHONEFEATURE	ms895924	ee497026
PHONEHOOKSWITCHDEV	ms895935	ee497252
PHONEHOOKSWITCHMODE	ms895936	ee496178
PHONEINITIALIZEEXOPTION	ms895938	ee497277
PHONEINITIALIZEEXPARAMS	ms895939	ee497449
PHONELAMPMODE	ms895940	ee497549
PHONEMESSAGE	ms895941	ee497540
PHONEPRIVILEGE	ms895945	ee496199
PHONESTATE	ms896219	ee496577
PHONESTATUS	ms896250	ee496778
PHONESTATUSFLAGS	ms896255	ee496182
PHONE_BUTTON (TSPI)	ms895909	ee496571
PHONE_CLOSE (TSPI)	ms895914	ee496578
PHONE_CREATE (TSPI)	ms895917	ee497195
PHONE_DEVSPECIFIC (TSPI)	ms895920	ee496676
PHONE_REMOVE (TSPI)	ms895947	ee496781
PHONE_STATE (TSPI)	ms896240	ee496572
PINT	aa525668	ee499301
PIN_DIRECTION	ms932255	ee494604
PIN_INFO	ms932256	ee496154
PI_FLAGS	ms918833	ee492212
PNRP Enumerations	ms886714	-
PNRP Functions	ms886715	-
PNRP NSP Error Codes	ms886716	-
PNRP Reference	ms896277	-
PNRP Structures	ms886717	-
PNRPCLOUDINFO	ms896270	-
PNRPINFO	ms896275	-
PNRP_CLOUD_FLAGS	ms896278	-
PNRP_CLOUD_ID	ms896279	-
PNRP_CLOUD_STATE	ms896280	-
PNRP_RESOLVE_CRITERIA	ms896281	-
POINT	ms911930	ee504157
POINTS	ms911931	ee503619
POOM Sample Code	aa513750	-
PORTEMUPortParams	ms896282	ee495940
PORTFORWARD	ms883428	ee494879
POSITION	ms932266	ee493727
POSTBL	ms906229	ee490908
POST_INIT_BUF	ms919663	ee481463
POWER_BROADCAST	ms919667	ee497747
POWER_BROADCAST_POWER_INFO	ms919670	ee497755
POWER_CAPABILITIES	ms919672	ee497783
POWER_DESCR	ms919675	ee481723
POWER_RELATIONSHIP	ms919681	ee497725
PPP_EAP_ACTION	ms896284	ee494428
PPP_EAP_INFO	ms896285	ee493425
PPP_EAP_INPUT	ms896286	ee494454
PPP_EAP_OUTPUT	ms896288	ee493846
PPP_EAP_PACKET	ms896289	ee494489
PRIMARYLANGID	ms906230	ee491738
PRINTDLG (structure)	aa453544	ee499707
PROCESSENTRY32	ms886774	ee488007
PROCESS_INFORMATION	ms886775	ee488245
PROMPT	aa453550	ee501982
PROPID_M_ACKNOWLEDGE	ms896290	ee498640
PROPID_M_ADMIN_QUEUE	ms896291	ee499769
PROPID_M_ADMIN_QUEUE_LEN	ms896292	ee499458
PROPID_M_APPSPECIFIC	ms896293	ee500792
PROPID_M_ARRIVEDTIME	ms896294	ee501126
PROPID_M_AUTH_LEVEL	ms896295	ee498937
PROPID_M_BODY	ms896296	ee499784
PROPID_M_BODY_SIZE	ms896297	ee500462
PROPID_M_BODY_TYPE	ms896298	ee498618
PROPID_M_CLASS	ms896299	ee498849
PROPID_M_COMPOUND_MESSAGE	ms896300	ee498817
PROPID_M_COMPOUND_MESSAGE_SIZE	ms896301	ee498977
PROPID_M_CORRELATIONID	ms896302	ee499737
PROPID_M_DELIVERY	ms896303	ee499837
PROPID_M_DEST_QUEUE	ms896304	ee501239
PROPID_M_DEST_QUEUE_LEN	ms896305	ee500318
PROPID_M_EXTENSION	ms896306	ee500457
PROPID_M_EXTENSION_LEN	ms896307	ee500567
PROPID_M_FIRST_IN_XACT	ms896308	ee499466
PROPID_M_JOURNAL	ms896309	ee499710
PROPID_M_LABEL	ms896310	ee500314
PROPID_M_LABEL_LEN	ms896311	ee501063
PROPID_M_LAST_IN_XACT	ms896312	ee499465
PROPID_M_MSGID	ms896313	ee498446
PROPID_M_PRIORITY	ms896314	ee499477
PROPID_M_RESP_QUEUE	ms896315	ee498675
PROPID_M_RESP_QUEUE_LEN	ms896316	ee500857
PROPID_M_SENTTIME	ms896317	ee498924
PROPID_M_SOAP_BODY	ms896318	ee498951
PROPID_M_SOAP_ENVELOPE	ms896319	ee498930
PROPID_M_SOAP_ENVELOPE_LEN	ms896320	ee500303
PROPID_M_SOAP_HEADER	ms896321	ee498445
PROPID_M_SRC_MACHINE_ID	ms896322	ee500527
PROPID_M_TIME_TO_BE_RECEIVED	ms896323	ee498811
PROPID_M_TIME_TO_REACH_QUEUE	ms896324	ee500486
PROPID_M_TRACE	ms896325	ee498425
PROPID_M_VERSION	ms896326	ee500874
PROPID_M_XACTID	ms896327	ee498947
PROPID_QM_MACHINE_ID	ms896334	ee501128
PROPID_Q_AUTHENTICATE	ms896328	ee500779
PROPID_Q_CREATE_TIME	ms896329	ee499158
PROPID_Q_JOURNAL	ms896330	ee500582
PROPID_Q_JOURNAL_QUOTA	ms896331	ee500755
PROPID_Q_LABEL	ms896332	ee499012
PROPID_Q_MODIFY_TIME	ms896335	ee498982
PROPID_Q_PATHNAME	ms896336	ee498900
PROPID_Q_PRIV_LEVEL	ms896337	ee498954
PROPID_Q_QUOTA	ms896338	ee498860
PROPID_Q_TRANSACTION	ms896339	ee498956
PROPSHEETHEADER	aa453560	ee503225
PROPSHEETPAGE	aa453562	ee504213
PROPVARIANT	aa519284	ee489607
PROTOCOLDATA	ms918838	ee492072
PROTOCOLFILTERDATA	ms918839	ee492453
PROTOCOL_INFO	ms896340	ee494118
PROV_ENUMALGS	ms906557	ee498501
PROV_ENUMALGS_EX	ms938451	ee498001
PROXY_HTTP_INFORMATION	ms896347	ee498468
PROXY_HTTP_REQUEST	ms896348	ee499819
PS/2 Keyboard Driver Scan Code Support	aa447582	ee482295
PSHNOTIFY	aa453576	ee501184
PSM_ADDPAGE	aa453577	ee501932
PSM_APPLY	aa453578	ee505497
PSM_CANCELTOCLOSE	aa453579	ee503340
PSM_CHANGED	aa453580	ee506070
PSM_GETCURRENTPAGEHWND	aa453581	ee502886
PSM_GETTABCONTROL	aa453582	ee502292
PSM_ISDIALOGMESSAGE	aa453583	ee504045
PSM_PRESSBUTTON	aa453584	ee505307
PSM_QUERYSIBLINGS	aa453585	ee505844
PSM_REBOOTSYSTEM	aa453586	ee505878
PSM_REMOVEPAGE	aa453587	ee500832
PSM_RESTARTWINDOWS	aa453588	ee501227
PSM_SETCURSEL	aa453589	ee503129
PSM_SETCURSELID	aa453590	ee502302
PSM_SETFINISHTEXT	aa453591	ee501707
PSM_SETTITLE	aa453592	ee506039
PSM_SETWIZBUTTONS	aa453593	ee504897
PSM_UNCHANGED	aa453594	ee503212
PSN_APPLY	aa453595	ee505667
PSN_HELP	aa453596	ee505843
PSN_KILLACTIVE	aa453597	ee502529
PSN_QUERYCANCEL	aa453598	ee505046
PSN_RESET	aa453599	ee499039
PSN_SETACTIVE	aa453600	ee505842
PSUACTION	ms918840	ee492632
PUAF	ms918841	ee492618
PUBLICKEYSTRUC	ms938453	ee497981
PUPNPCALLBACK	ms896349	ee498831
PWD	aa453605	ee505431
Package Element (Instruction Request)	ms895223	ee489402
Package Element (Instruction Response)	ms895227	ee489245
Package Element (Poll Response)	ms895229	ee489299
Package Location Request to Server	ms894554	ee489394
Package Location Response to Target Device	ms894558	ee489069
PackageID Element (Location Request)	ms895233	ee489320
PackageID Element (Location Response)	ms895237	ee489138
PackageLocation Element (Location Response)	ms895242	ee489302
PackageLocationRequest Element (Location Request)	ms895250	ee489327
PackageSize Element (Instruction Response)	ms895259	ee489454
Packet Data Handling and Editing	ms883390	ee493825
PagePaintHook	ms911908	ee504096
PageSetupDlg (function)	ms911909	ee501755
PageSetupHook	ms911911	ee500247
Paging Search Results	ms862670	ee484109
Parallel Port Driver Development Concepts	ms892560	ee484883
Parallel Port Driver Registry Settings	ms892559	ee483594
Parallel Port Driver Samples	ms892561	ee484064
Parameter Element (Download Event Status)	ms895263	ee489349
Parental Controls	ms899524	-
Parental Controls Migration	ms883393	ee499489
Parental Controls OS Design Development	ms883394	ee501056
Parental Controls Samples	ms883395	ee499794
Parental Controls Security	ms883396	ee499506
ParseRequest Method	ms892624	ee485798
Part-of-Speech Codes	ms904328	ee490969
Partial Recognition Process	ms904327	ee491209
Partition Driver	ms885927	ee490567
Partition Manager	ms885939	-
Partition Manager OS Functions	aa516949	-
Partition Manager OS Reference	aa516950	-
Partition Manager OS Structures	aa516951	-
Partitioning a Storage Volume	ms892399	ee490344
Passing Media-Specific Information	ms892562	ee486269
Passing Parameters	ms892626	ee488964
PatBlt	ms911916	ee503352
Path Element (Poll Response)	ms895267	ee489300
Path Maximum Transmission Unit (PMTU) Discovery	ms883400	ee493446
Patterns	ms862671	ee502662
PeekMessage	ms911928	ee502843
Peer Names and Clouds	ms883408	-
Peer-to-Peer Application Development	ms883403	-
Peer-to-Peer Common Enumerations	ms886708	-
Peer-to-Peer Common Functions	ms886709	-
Peer-to-Peer Common Reference	ms883404	-
Peer-to-Peer Common Structures	ms886710	-
Peer-to-Peer Networking	ms899527	-
Peer-to-Peer OS Design Development	ms883405	-
Peer-to-Peer Reference	ms899528	-
Peer-to-Peer Registry Settings	ms883406	-
Peer-to-Peer Samples	ms886711	-
Peer-to-Peer Security	ms883407	-
PeerCreatePeerName	ms895846	-
PeerEndEnumeration	ms895848	-
PeerEnumGroups	ms895849	-
PeerEnumIdentities	ms895853	-
PeerFreeData	ms895857	-
PeerGetItemCount	ms895860	-
PeerGetNextItem	ms895866	-
PeerIdentityCreate	ms895870	-
PeerIdentityDelete	ms895875	-
PeerIdentityExport	ms895877	-
PeerIdentityGetCryptKey	ms895881	-
PeerIdentityGetFriendlyName	ms895884	-
PeerIdentityGetXML	ms895889	-
PeerIdentityImport	ms895893	-
PeerIdentitySetFriendlyName	ms895898	-
Per Pixel Operations	ms924199	-
Per-Line Settings	ms883409	ee499004
Per-Vertex Color State	ms924198	ee490732
Performance Improvements for an NDIS Miniport Driver	aa447546	ee484688
Performance Macros	ms932254	-
Performing Handwriting Recognition	ms904329	ee491897
Permitted Managers Registry Settings	ms894563	ee489464
Persisting Data with the Hive-Based Registry	ms885947	-
Persisting Data with the RAM-Based Registry	ms885957	ee489958
Perspective-Correct Texture Mapping	ms924200	ee491050
Phone-phone Sessions	aa525667	-
Ping	ms883419	ee494910
Pinging a Host in the IPv6 Test Lab by Using a Link-Local Address	ms899797	ee493271
PixelFormat	ms932257	ee490810
PixelFormat Values	ms932259	ee490894
PixelFormatID	ms932258	ee490092
Placing Files on an FTP Server	ms905225	ee492671
Placing a List of Items into a Grid	ms862672	ee502701
Platform Element (Poll Request)	ms895271	ee489286
PlatformDeviceListInit	ms919405	ee497754
PlatformManageSystemPower	ms919406	ee497711
PlatformMapPowerStateHint	ms919407	ee497703
PlatformResumeSystem	ms919408	ee497716
PlatformSendInitialNotifications	ms919409	ee497712
PlatformSetSystemPowerState	ms919410	ee497739
PlatformValidatePMRegistry	ms919660	ee497738
PlayMode	ms896263	ee499804
PlaySound	ms932262	ee487517
Playing Waveform Audio Files	ms924208	-
Playing a Media File/Playing the File	ms924207	-
Playing a Media File/Sample Playback Program	ms924615	-
Playing and Recording	aa447547	ee481513
Plug Finding	aa447548	-
Plug and Play	ms883420	ee494518
Plug and Play and Power Management Object Identifiers	ms895435	-
Pocket Internet Explorer Architecture	ms905234	-
Pocket Internet Explorer Characteristics	ms905240	-
Pocket Internet Explorer Migration	ms905244	-
Pocket Internet Explorer Samples	ms905255	-
Pocket Internet Explorer Security	ms905260	-
Pocket Outlook Object Model Application Development	ms897376	-
Pocket Outlook Object Model Code Examples	ms862673	-
Pocket Outlook Object Model Constants	aa513746	-
Pocket Outlook Object Model Functions	aa513747	-
Pocket Outlook Object Model Interfaces	aa513748	-
Pocket Outlook Object Model OS Design Development	ms897377	ee483736
Pocket Outlook Object Model Reference	aa513749	-
Pocket Outlook Object Model Security	aa513751	ee486751
Pocket PC-style Menu Bars	aa452692	-
Pocket PC-style New Button	aa452693	-
Point Lists	ms924210	ee491276
Pointer Validation Macros	ms932265	-
Poll Request to the Server	ms894565	ee489334
PollInterval Element (Poll Response)	ms895274	ee489322
PollResponse Element (Poll Response)	ms895957	ee489374
PollServer Element (Poll Response)	ms895982	ee489323
Polygon	ms911933	ee505249
Polyline	ms911934	ee501424
Pool and Usage for Index Buffers	ms924474	ee490744
Pool and Usage for Vertex Buffers	ms924562	ee490301
Port States	ms883430	ee493718
PortType Element	ms862674	ee484923
Porting DDHAL from the Desktop	aa447454	-
Porting Older DirectDraw Code/Getting an IDirectDraw4 Interface	ms923385	-
Porting Older DirectDraw Code/New Functionality in IDirectDraw4	ms924168	-
Porting a Desktop ACM Driver to Windows CE	aa447550	-
Porting a USB Function Controller Driver	aa448278	ee483262
Portuguese Keyboard	aa447551	ee483812
PositionInfo	ms896283	ee498625
PostKeybdMessage	ms911936	ee501918
PostMessage	ms911937	ee505901
PostQuitMessage	ms911938	ee504315
PostThreadMessage	ms911939	ee506038
Posting the Request	ms925947	-
Power Management Implementation in Drivers	aa447557	ee497780
Power Management Implementation in Stream Interface Drivers	ms894041	ee497752
Power Management in Audio Drivers	aa447558	ee485881
Power Management in Serial Port Drivers	aa447559	ee485052
Power Manager Requests and NDIS	aa447562	ee484226
Power Manager Suspend Time-outs	aa447563	-
Power Manager and ACPI/APM	aa447560	ee497753
Power On and Off Notifications for Secure Digital Card Drivers	aa447564	ee483068
Power Requirements on Devices	aa447565	ee497732
Power-Manageable Device Drivers	aa447552	ee497746
Power-Manageable NDIS Miniports	aa447553	ee485683
PowerPolicyNotify	ms919677	ee497744
Predicates	ms892629	ee503531
Preparing a Display Driver	aa447502	-
Preparing for Cultural Differences	ms904330	ee490967
Presenting a Scene	ms924575	ee490318
Preserving and Stripping White Space	ms862676	ee503089
Primary Display Drivers	aa447567	ee482277
Primitive Clipping State	ms924576	ee490809
Primitive Types	ms924577	ee491020
Print Server	ms899532	-
Print Server Application Development	ms899533	-
Print Server Migration	ms883439	ee500232
Print Server OS Design Development	ms883440	ee498634
Print Server Registry Settings	ms883441	ee500330
Print Server Samples	ms883442	ee501256
Print Server Security	ms883443	ee500944
Print Spooling	aa447573	ee481901
PrintDlg (function)	ms911940	ee503940
PrintHookProc	aa453545	ee501756
Printer Driver Architecture	aa447568	ee483642
Printer Driver Migration	aa447569	ee482015
Printer Driver Registry Settings	aa447570	ee483862
Printer Driver Samples	aa447572	ee481923
PrinterClose	ms919683	ee485404
PrinterOpen	ms919686	ee481491
PrinterSend	ms919688	ee484646
Printing Pages with the WebBrowser Control	ms905265	ee492029
Printing on a Network	ms883438	ee494091
Privacy Flags	ms918835	ee492267
Privacy Functions	ms905270	-
Privacy Notification User Interface	ms905275	-
Privacy Templates	ms905281	-
Process and Thread Functions	aa450760	-
Process and Thread Structures	aa450762	-
Process32First	ms886772	ee488156
Process32Next	ms886773	ee488794
Processing Directives	ms883445	ee500599
Processing User Input	ms904331	ee491205
Processing User Input from the Keyboard	ms904332	ee491187
Processing User Input with Alternatives	ms904334	ee491338
Processing Vertex Data	ms924582	ee491032
Processing Vertex Transformations	ms924583	ee490531
Processing Vertices	ms924584	ee491053
Processor Element (Poll Request)	ms895990	ee489042
Profile Requirements	aa525669	ee500118
ProgID Key	ms862678	ee489592
ProgIDFromCLSID	ms892634	ee488322
Programming Considerations when Using Transactions (COM)	ms883446	ee500922
Programming Requirements	ms883448	-
Programming and Designing a Global Application	ms904335	-
Programming with Unicode and NLS	ms904336	-
Progress Bar Controls Messages	ms938700	-
Progress Bar Controls Reference	ms938702	-
Progress Bar Controls Structures	ms938703	-
Progress Bar Styles	aa453546	ee499649
Projection Transformations	ms924585	ee490123
Prompting Users for Information During Synchronization	ms861690	ee484088
Prompting Users for Settings During Setup	ms861695	ee487257
PropEnumProcEx	aa453551	ee500149
PropSheetPageProc	aa453563	ee505101
PropSheetProc	aa453565	ee503922
PropSheet_AddPage	aa453553	ee504324
PropSheet_Apply	aa453554	ee501234
PropSheet_CancelToClose	aa453556	ee500153
PropSheet_Changed	aa453557	ee503741
PropSheet_GetCurrentPageHwnd	aa453558	ee504576
PropSheet_GetTabControl	aa453559	ee500476
PropSheet_IsDialogMessage	aa453561	ee500814
PropSheet_PressButton	aa453564	ee503170
PropSheet_QuerySiblings	aa453566	ee499405
PropSheet_RebootSystem	aa453567	ee502868
PropSheet_RemovePage	aa453568	ee501220
PropSheet_RestartWindows	aa453569	ee499121
PropSheet_SetCurSel	aa453570	ee500580
PropSheet_SetCurSelByID	aa453571	ee504902
PropSheet_SetFinishText	aa453572	ee499642
PropSheet_SetTitle	aa453573	ee505454
PropSheet_SetWizButtons	aa453574	ee500824
PropSheet_UnChanged	aa453575	ee502578
PropVariantClear	aa519285	ee488652
PropVariantCopy	aa519286	ee488659
Property (HttpConnector)	ms892635	ee483270
Property (ISoapConnector)	ms892636	ee486528
Property Element (Machine Inventory Report)	ms895992	ee489390
Property Sheets Functions	ms938704	-
Property Sheets Macros	ms938705	-
Property Sheets Messages	ms938706	-
Property Sheets Notifications	ms938707	-
Property Sheets Reference	ms938708	-
Property Sheets Structures	ms938709	-
PropertyItem	ms932269	ee491100
PropertySheet	aa453552	ee504087
PropertyTag Values	ms932271	ee491082
PropertyTagType Values	ms932270	ee490510
Protected Extensible Authentication Protocol (PEAP)	ms883449	ee495153
Protected Registry Keys and Values	ms885964	-
Protected Store	ms925949	ee498522
Protocol Basics: Listen, Connect, Accept	ms883450	ee494063
Protocol Driver Query and Set	aa447577	ee483857
Protocol Driver Reset Operations	aa447578	ee483139
Protocol Driver Unbinding Operations	aa447581	ee486252
Protocol-Independent Multicast and Multipoint in the SPI	ms883452	-
Protocol-Independent Name Resolution	ms883453	-
ProtocolBindAdapter	ms919689	ee485207
ProtocolCloseAdapterComplete	ms919691	ee482895
ProtocolOpenAdapterComplete	ms919693	ee486653
ProtocolPnPEvent	ms919695	ee484872
ProtocolReceive	ms919698	ee485871
ProtocolReceiveComplete	ms919699	ee485088
ProtocolReceivePacket	ms919702	ee486629
ProtocolRequestComplete	ms919703	ee482262
ProtocolResetComplete	ms919706	ee483090
ProtocolSendComplete	ms919707	ee485440
ProtocolStatus	ms919710	ee484473
ProtocolStatusComplete	ms919712	ee484203
ProtocolTransferDataComplete	ms919714	ee481732
ProtocolUnbindAdapter	ms919717	ee485459
Provider Settings	aa525670	ee500660
Provision Settings	aa525674	ee501300
Provisioning (Device Management Client)	ms894567	ee489325
Provisioning and XML Profiles	aa525673	-
Provisioning the TUI Application	aa525672	-
Proxy Authentication	ms905293	ee492633
ProxyFilterHttpRequest	ms896342	ee500758
ProxyInitializeFilter	ms896343	ee500791
ProxyNotifyAddrChange	ms896344	ee500564
ProxySignalFilter	ms896345	ee500512
ProxyUninitializeFilter	ms896346	ee500329
PtInRect	aa453601	ee505698
PtInRegion	aa453602	ee503452
PulseEvent	ms886784	ee488021
PurgeComm	ms886785	ee488020
Purging Messages in a Queue (COM)	ms883456	-
Purging a Queue Asynchronously (COM)	ms883454	ee498694
Purging a Queue Synchronously (COM)	ms883455	-
Push Button Styles	aa453604	ee501475
QUERYCLIENTCERT	ms892639	ee485366
QUERYFORCONNECTION	ms892640	ee485394
QUERYOPTION	ms918843	ee492670
Qualified Names	ms862679	ee502026
Quality	ms932272	ee495199
QualityMessageType	ms932273	ee493384
Query Info Flags	ms918842	ee492813
QueryAmountTransfered	ms896350	ee500940
QueryContextAttributes	ms938456	ee497975
QueryCredentialsAttributes	ms938459	ee498153
QueryInfoSession	ms886786	ee488157
QueryInstructionSet	ms886787	ee488150
QueryPerformanceCounter	ms886788	ee488415
QueryPerformanceFrequency	ms886789	ee488620
QuerySecurityPackageInfo	ms938462	ee498368
Querying Audio I/O Devices	ms924589	ee487428
Querying WAN Miniport Driver Information	aa447583	ee482897
Querying and Opening Waveform Audio I/O Devices	ms924588	-
Querying for Depth Buffer Support	ms924590	ee491514
Querying for Version Information	ms885978	ee489532
RAM-Based Registry	ms885989	-
RAM-Based Registry Setup	ms885995	ee490619
RAM-based Registry Initialization	ms892398	-
RAPIEXT	ms879801	ee496608
RAPIINIT	aa514430	ee496393
RAPISTREAMFLAG (RAPI)	ms879802	-
RAPI_CONNECTIONINFO (RAPI)	ms879803	-
RAPI_CONNECTIONTYPE (RAPI)	ms879804	-
RAPI_DEVICEINFO (RAPI)	ms879805	-
RAPI_DEVICESTATUS (RAPI)	ms879806	-
RAPI_DEVICE_PLATFORM (RAPI)	ms879807	-
RAPI_GETDEVICEOPCODE (RAPI)	ms879808	-
RAS	ms883460	ee494475
RAS Error Values	ms886792	ee488627
RAS Server Architecture	ms883464	ee501077
RAS Server Authentication	ms883465	ee501203
RAS Server/PPTP Server (Incoming)	ms899535	-
RAS Server/PPTP Server (Incoming) Application Development	ms899536	-
RAS Server/PPTP Server (Incoming) Enumerations	ms886722	-
RAS Server/PPTP Server (Incoming) Functions	aa450225	-
RAS Server/PPTP Server (Incoming) Migration	ms883466	ee498663
RAS Server/PPTP Server (Incoming) OS Design Development	ms883467	ee500840
RAS Server/PPTP Server (Incoming) Reference	aa450226	-
RAS Server/PPTP Server (Incoming) Registry Settings	ms883468	-
RAS Server/PPTP Server (Incoming) Samples	ms899592	ee498602
RAS Server/PPTP Server (Incoming) Security	ms883469	ee498684
RAS Server/PPTP Server (Incoming) Structures	aa450227	-
RAS and Authentication Protocol Interaction During Authentication	ms883461	ee495066
RASCNTL_SERVERCONNECTION	ms896357	ee499155
RASCNTL_SERVERLINE	ms896354	ee498992
RASCNTL_SERVERSTATUS	ms896355	ee498843
RASCNTL_SERVERUSERCREDENTIALS	ms896356	ee498403
RASCNTL_SERVER_IPV6_NET_PREFIX	ms896358	ee500491
RAS_AUTH_ATTRIBUTE	ms896351	ee495172
RAS_AUTH_ATTRIBUTE_TYPE	ms896352	ee494285
RBHITTESTINFO	aa453620	ee505740
RBN_AUTOSIZE	aa453625	ee505917
RBN_BEGINDRAG	aa453626	ee502918
RBN_ENDDRAG	aa453627	ee502275
RBN_HEIGHTCHANGE	aa453628	ee500142
RBN_LAYOUTCHANGED	aa453629	ee505303
RB_DELETEBAND	aa453608	ee503726
RB_GETBANDBORDERS	aa453609	ee499684
RB_GETBANDCOUNT	aa453610	ee503692
RB_GETBANDINFO	aa453611	ee502274
RB_GETBARHEIGHT	aa453612	ee499361
RB_GETBARINFO	aa453613	ee501130
RB_GETBKCOLOR	aa453614	ee506118
RB_GETRECT	aa453615	ee500235
RB_GETROWCOUNT	aa453616	ee504894
RB_GETROWHEIGHT	aa453617	ee504290
RB_GETTEXTCOLOR	aa453618	ee503696
RB_HITTEST	aa453619	ee503401
RB_IDTOINDEX	aa453621	ee501727
RB_INSERTBAND	aa453622	ee504296
RB_MAXIMIZEBAND	aa453623	ee502622
RB_MINIMIZEBAND	aa453624	ee505076
RB_SETBANDINFO	aa453630	ee504906
RB_SETBARINFO	aa453631	ee503678
RB_SETBKCOLOR	aa453632	ee501790
RB_SETPARENT	aa453633	ee506092
RB_SETTEXTCOLOR	aa453634	ee503378
RB_SHOWBAND	aa453635	ee503162
RB_SIZETORECT	aa453636	ee506157
RDF_CARD_EJECT	ms919721	ee484024
RDF_CARD_POWER	ms919724	ee486838
RDF_CARD_TRACKING	ms919728	ee483452
RDF_IOCTL_VENDOR	ms919732	ee482812
RDF_READER_SWALLOW	ms919736	ee486876
RDF_SET_PROTOCOL	ms919740	ee481657
RDF_TRANSMIT	ms919743	ee482663
RDP Functions	aa513318	-
RDP Structures	aa513320	-
READ_PORT_BUFFER_UCHAR	ms919746	ee481867
READ_PORT_BUFFER_ULONG	ms919750	ee483806
READ_PORT_BUFFER_USHORT	ms919752	ee485862
READ_PORT_UCHAR	ms919756	ee482484
READ_PORT_ULONG	ms919759	ee483087
READ_PORT_USHORT	ms919763	ee483260
READ_REGISTER_BUFFER_UCHAR	ms919766	ee481093
READ_REGISTER_BUFFER_ULONG	ms919769	ee481130
READ_REGISTER_BUFFER_USHORT	ms919772	ee481316
READ_REGISTER_UCHAR	ms919775	ee483124
READ_REGISTER_ULONG	ms919780	ee483437
READ_REGISTER_USHORT	ms919784	ee484184
REBARBANDINFO	aa453639	ee503418
REBARINFO	aa453640	ee504635
RECONVERTSTRING	ms906231	ee491760
RECT	ms912843	ee499335
RECTL	ms913063	ee500544
REGFILTER	ms932283	ee493791
REGFILTERPINS	ms932284	ee493122
REGINI	ms919788	ee483403
REGISTERWORD	ms906232	ee491388
REGPINTYPES	ms932285	ee493798
REG_VALUE_DESCR	ms919799	ee485829
REM (Command Processor)	ms939769	ee505241
REMIND	ms932286	ee495484
REMOTEUTILS	aa450150	ee494668
REMOTE_NAME_INFO	aa450872	ee493451
REMOTE_NDIS_HALT_MSG	ms919807	ee483830
REMOTE_NDIS_INDICATE_STATUS_MSG	ms919809	ee481905
REMOTE_NDIS_INITIALIZE_CMPLT	ms919810	ee481043
REMOTE_NDIS_INITIALIZE_MSG	ms919811	ee486104
REMOTE_NDIS_KEEPALIVE_CMPLT	ms919813	ee481323
REMOTE_NDIS_KEEPALIVE_MSG	ms919814	ee484228
REMOTE_NDIS_PACKET_MSG	ms919816	ee486676
REMOTE_NDIS_QUERY_CMPLT	ms919817	ee483669
REMOTE_NDIS_QUERY_MSG	ms919819	ee484821
REMOTE_NDIS_RESET_CMPLT	ms919820	ee484467
REMOTE_NDIS_RESET_MSG	ms919822	ee486219
REMOTE_NDIS_SET_CMPLT	ms919824	ee483982
REMOTE_NDIS_SET_MSG	ms919826	ee483656
REMOVE_LOCK	ms919828	ee482867
RENAME, REN	ms939790	ee500262
REPLCHANGEINFO	ms891472	ee490184
REPLSETUP	aa514454	ee486247
RESET_HEADER	ms932288	ee492703
RESET_MASKS	ms932289	ee494410
RESET_PALETTE	ms932290	ee492521
RETAILLED	aa451085	ee488432
RETAILMSG	aa451087	ee488919
RFC1766INFO	ms918852	ee491863
RGBQUAD	ms939815	ee503753
RGBTRIPLE	ms939824	ee500218
RGNDATA	ms939837	ee500234
RGNDATAHEADER	ms939847	ee499122
RMDIR, RD	ms939859	ee500472
RNDIS Control Messages	aa447602	ee484838
RNDIS Device Architecture	aa447604	ee486432
RNDIS Device Control	aa447605	ee485089
RNDIS Ethernet Objects	aa447607	ee482880
RNDIS Ethernet Statistics Objects	aa447608	ee484066
RNDIS General Objects	aa447609	ee483174
RNDIS General Statistics Objects	aa447610	ee483663
RNDIS Network Wakeup Objects	aa447612	ee481250
RNDIS Power Management Objects	aa447614	ee483251
RNDIS Registry Settings	aa447615	ee485468
RNDIS Status Values	aa447616	ee484632
RNDIS Version	aa447618	ee483673
RNDIS_CLASS_ID	ms919868	ee483668
RNDIS_DIAGNOSTIC_INFO	ms919870	ee486961
RNDIS_MEDIUM	ms919872	ee484202
RNDIS_OID	ms919875	ee484041
RNDIS_OOBD	ms919877	ee482427
RNDIS_PACKET	ms919879	ee485642
RNDIS_PDD_CHARACTERISTICS	ms919882	ee484022
RNDIS_PER_PACKET_INFO	ms919884	ee485483
RNDIS_REQUEST_ID	ms919887	ee484021
RNDIS_STATUS	ms919889	ee483791
ROOTDIRS	aa450186	ee493263
RPCParameter Property	ms893318	ee486240
RPCResult Property	ms893323	ee485381
RPCStruct Property	ms893328	ee486530
RSAPUBKEY	ms938465	ee497922
RTC 1.2 Code Examples	aa525784	ee501013
RTC Buddy Group Object	aa525786	ee499855
RTC Buddy Object	aa525787	ee501577
RTC Client API 1.2 Functionality	aa525788	ee500652
RTC Client API ACM Registry Settings	aa525790	-
RTC Client API ACM Sample Registry Configuration	aa525792	ee501353
RTC Client API Application Development	ms931947	-
RTC Client API Code Examples	aa525800	-
RTC Client API Constants	ms909292	-
RTC Client API Enumerations	ms909293	-
RTC Client API External API Additions	aa525803	-
RTC Client API General Registry Settings	aa525795	ee501549
RTC Client API Interfaces	ms909294	-
RTC Client API Migration	ms931948	-
RTC Client API OS Design Development	ms931949	ee500950
RTC Client API Objects and Interfaces	aa525796	-
RTC Client API Provisioning	aa525671	ee500352
RTC Client API Reference	ms909295	-
RTC Client API Registry Settings	aa525605	-
RTC Client API Samples	ms931950	ee501347
RTC Client API Security	aa525606	ee501297
RTC Client API Version Comparison	ms929620	ee501036
RTC Client API XML Schema	ms909296	-
RTC Client Object	aa525798	ee501296
RTC Events	aa525802	ee499581
RTC Participant Object	aa525807	ee500436
RTC Presence Device Object	aa525811	ee499314
RTC Profile Object	aa525815	ee501679
RTC Session Object	ms929498	ee501023
RTC User Search Query Object	ms929512	ee499839
RTC Watcher Object	ms929720	ee499590
RTCAU_	ms931697	ee499880
RTCCS_	ms931725	ee500696
RTCEF_	ms931840	ee499550
RTCIF_	ms912432	ee499592
RTCMT_	ms912554	ee500984
RTCRF_	ms912574	ee501285
RTCRMF_	ms912576	ee500362
RTCSI_	ms912584	ee500426
RTCTR_	ms912587	ee499628
RTC_ACE_SCOPE	ms931685	ee500123
RTC_ANSWER_MODE	ms931691	ee499303
RTC_AUDIO_DEVICE	ms931705	ee500982
RTC_BUDDY_EVENT_TYPE	ms931709	ee499239
RTC_BUDDY_SUBSCRIPTION_TYPE	ms931714	ee500669
RTC_CLIENT_EVENT_TYPE	ms931720	ee501701
RTC_DTMF	ms931788	ee499286
RTC_EVENT	ms912360	ee499874
RTC_E_	ms931795	ee499276
RTC_GROUP_EVENT_TYPE	ms912420	ee501682
RTC_LISTEN_MODE	ms912438	ee499281
RTC_MEDIA_EVENT_REASON	ms912439	ee501359
RTC_MEDIA_EVENT_TYPE	ms912440	ee499840
RTC_MESSAGING_EVENT_TYPE	ms912441	ee499856
RTC_MESSAGING_USER_STATUS	ms912453	ee501009
RTC_OFFER_WATCHER_MODE	ms912564	ee501321
RTC_PARTICIPANT_STATE	ms912565	ee501643
RTC_PORT_TYPE	ms912566	ee501345
RTC_PRESENCE_PROPERTY	ms912567	ee500732
RTC_PRESENCE_STATUS	ms912568	ee500117
RTC_PRIVACY_MODE	ms912569	ee499882
RTC_PROFILE_EVENT_TYPE	ms912570	ee500673
RTC_PROVIDER_URI	ms912571	ee501322
RTC_REGISTRATION_STATE	ms912572	ee501006
RTC_REINVITE_STATE	ms912573	ee500970
RTC_RING_TYPE	ms912575	ee500711
RTC_ROAMING_EVENT_TYPE	ms912577	ee501021
RTC_SECURITY_LEVEL	ms912579	ee500720
RTC_SECURITY_TYPE	ms912580	ee501307
RTC_SESSION_REFER_STATUS	ms912581	ee499328
RTC_SESSION_STATE	ms912582	ee499540
RTC_SESSION_TYPE	ms912583	ee501618
RTC_S_	ms912578	ee500988
RTC_T120_APPLET	ms912585	ee500996
RTC_TERMINATE_REASON	ms912586	ee501715
RTC_USER_SEARCH_COLUMN	ms912588	ee501364
RTC_USER_SEARCH_PREFERENCE	ms912589	ee500383
RTC_VIDEO_DEVICE	ms912590	ee501356
RTC_WATCHER_EVENT_TYPE	ms912591	ee499334
RTC_WATCHER_MATCH_MODE	ms912592	ee499237
RTC_WATCHER_STATE	ms912593	ee499250
RTP/RTCP	ms929829	ee501514
Radio Button Styles	aa453607	ee505912
RaiseException	ms886790	ee488557
Raising Exceptions During Invoke	ms862680	ee487688
Random	ms886791	ee487948
RasCntlEnum	ms896353	ee499233
RasIOControl	aa450852	ee498488
Rasterization	ms924592	-
Rasterization Rules	ms924593	ee490496
Read/Write Example	ms886040	ee490411
ReadClassStg	ms892641	ee487900
ReadClassStm	ms892642	ee487919
ReadClient	aa450868	ee501244
ReadFile	ms891445	ee489594
ReadGenericData	ms891446	ee490021
ReadInt	ms932275	ee495687
ReadMsgQueue	ms886793	ee488410
ReadProcessMemory	ms886794	ee488931
ReadRegData	ms891447	ee489796
ReadUrlCacheEntryStream	aa452489	ee492009
Reading Messages Asynchronously (COM)	ms883470	ee500796
Reading Messages Synchronously (COM)	ms883475	-
Reading Messages Using a Cursor (COM)	ms883476	ee499519
Reading Messages from a Computer Journal (COM)	ms883471	ee498845
Reading Messages from a Dead-Letter Queue (COM)	ms883472	ee501212
Reading Messages from a Queue Journal (COM)	ms883473	ee500320
Reading Messages in a Queue (COM)	ms883474	-
Reading Socket Options	aa450124	ee494083
Reading a Record	ms886013	ee490228
Reading a Registry Key or Value	ms886022	ee490641
Reading and Writing File Attributes	ms886005	ee489671
Reading from a File	ms886029	ee489762
Real-time Communications Architecture	aa525677	ee500422
Real-time Communications Concepts	aa525675	-
Real-time Communications Definitions	aa525676	ee499258
RealizePalette	aa453638	ee499061
Rebar Controls Messages	ms938711	-
Rebar Controls Notifications	aa452727	-
Rebar Controls Reference	aa452728	-
Rebar Controls Structures	aa452729	-
Rebar Styles	aa453641	ee502314
Receive an Incoming PC-PC Session	aa525679	ee500957
Receiving Messages from a Queue	aa450128	ee498630
Receiving Notification of Network Events	aa450129	ee493053
Receiving Notifications by Using WSANSPIoctl	aa450130	-
Receiving an IP Multicast Datagram	aa450125	ee493665
Receiving an IP Multicast Datagram Sample	aa450126	ee494268
Recipients Define Meeting Requests	ms862681	ee487140
Recognition Process	ms904337	ee492107
Recognized Formats	aa447585	ee482288
Recognizing a Hand-Drawn Character	ms904338	-
Reconnecting and Disconnecting	aa450131	ee494317
RectInRegion	ms913051	ee505688
RectVisible	ms913070	ee504305
Rectangle	ms912947	ee505883
Recurrence Element (Instruction Response)	ms895995	ee489355
Recursive Element (Poll Response)	ms895996	ee489044
Redirection Properties of IMsRdpClientAdvancedSettings	ms861737	ee484295
RedrawWindow	ms913080	ee503183
Reference Gateway User Interface	ms899537	-
Reference Gateway User Interface Migration	aa450133	ee493503
Reference Gateway User Interface OS Design Development	aa450134	ee494247
Reference Gateway User Interface Samples	aa450135	ee495091
Reference Gateway User Interface Security	aa450136	ee493624
Reference Time Function	ms932282	-
RegCloseKey	ms891448	ee489566
RegCopyFile	ms891449	ee489979
RegCreateKeyEx	ms891450	ee490393
RegDeleteKey	ms891451	ee489528
RegDeleteValue	ms891452	ee490238
RegEnumKeyEx	ms891453	ee490030
RegEnumValue	ms891454	ee489970
RegFlushKey	ms891455	ee490431
RegOpenKeyEx	ms891460	ee489985
RegQueryInfoKey	ms891461	ee490425
RegQueryValueEx	ms891462	ee490180
RegReplaceKey	ms891463	ee489789
RegRestoreFile	ms891464	ee490780
RegSaveKey	ms891466	ee489766
RegSecureKey	ms891467	ee490612
RegSecureKeyList	ms891468	ee490570
RegSetValueEx	ms891469	ee490645
Register to Receive Events	aa525680	ee499887
RegisterBindStatusCallback	ms918844	ee492232
RegisterClass	ms913089	ee506270
RegisterClipboardFormat	ms913094	ee506040
RegisterDbgZones	aa451083	ee488024
RegisterDevice	ms919794	ee483664
RegisterEditor	ms886796	ee488599
RegisterFormatEnumerator	ms918845	ee491859
RegisterHotKey	ms913104	ee502597
RegisterMediaTypeClass	ms918846	ee491811
RegisterMediaTypes	ms918847	ee492168
RegisterPowerRelationship	ms919797	ee497709
RegisterService	aa450871	ee499823
RegisterTypeLib	ms892648	ee487882
RegisterWindowMessage	ms939737	ee503986
Registering Device Implementations	aa450143	ee498800
Registering File Types and File Filters	ms861753	ee485769
Registering a CheckForHang Handler	aa447586	ee484280
Registering a File Extension Type	ms861741	ee485811
Registering a File Filter	ms861749	ee485981
Registering a Hosted Device	aa450137	ee498647
Registering a Peer Name	aa450142	-
Registering a Service Programmatically	aa450138	ee498909
Registering a Super Service Automatically	aa450139	ee498484
Registering an Advanced Certificate on the Windows CE-based Web Server	ms900401	-
Registering as a WAN Miniport Driver	aa447587	ee484629
Registering the Browser Window	ms905299	ee487481
Registering the CSP	ms925950	ee497939
Registering the Service Provider	ms861756	ee487099
Registration of a Software Device	ms924597	ee490503
Registry	ms886046	-
Registry Functions	aa516952	-
Registry Fundamentals	ms886055	ee489817
Registry Hive ROM Dependency	ms886062	ee490546
Registry Notification Functions	ms891456	-
Registry OS Functions	ms891458	-
Registry OS Reference	ms891459	-
Registry OS Structures	aa516954	-
Registry Reference	aa516953	-
Registry Settings for Conversion Candidates	ms904339	ee491927
Registry Settings for Multiple Dictionaries	ms904340	ee490909
Registry Settings for User Dictionary	ms904341	ee491731
Registry Types	ms886080	-
Registry-Based Notification	ms861759	ee486408
Registry-Targeted Data	ms886072	-
RegistryOperation	ms891457	ee490573
Related Processing for Complex Scripts	ms904342	ee491206
Relaying Mouse Messages to a ToolTip	aa452708	-
Release Directory File System Registry Settings	aa517914	ee489542
Release Notes: Handling White Space with the MSXML Processor	ms862682	ee503060
ReleaseBindInfo	ms918848	ee492238
ReleaseDC	ms939760	ee500245
ReleaseMutex	ms886797	ee488152
ReleasePowerRelationship	ms919802	ee497743
ReleasePowerRequirement	ms919803	ee497762
ReleaseRemoveLock	ms919805	ee481886
ReleaseRemoveLockAndWait	ms919806	ee483115
ReleaseSemaphore	ms886798	ee488572
ReleaseStgMedium	ms892649	ee487903
Relevant RFCs	ms894569	ee489125
Reminder Methods	ms862683	ee485592
Remote Configuration Framework	ms899538	-
Remote Configuration Framework Application Development	aa450149	-
Remote Configuration Framework Interfaces	ms899539	-
Remote Configuration Framework Migration	aa450146	ee494894
Remote Configuration Framework Modules	ms881882	-
Remote Configuration Framework OS Design Development	ms899540	ee494270
Remote Configuration Framework Reference	ms899541	-
Remote Configuration Framework Registry Settings	aa450145	ee494882
Remote Configuration Framework Samples	aa450147	ee494115
Remote Configuration Framework Security	aa450148	ee493903
Remote Desktop ActiveX Control Interface	ms861766	-
Remote Desktop Protocol Support	aa447591	ee485448
Remote Hooking	aa447592	ee483376
Remote NDIS Data Types	ms895446	-
Remote NDIS Functions	ms895447	-
Remote NDIS Messages	ms895448	-
Remote NDIS Objects	aa447593	ee485895
Remote NDIS Packet Message	aa447594	ee485269
Remote NDIS Structures	ms895449	-
RemoveDirectory	ms891470	ee490356
RemoveFontResource	ms901142	ee489851
RemoveMenu	ms939775	ee503476
RemoveProp	ms939781	ee500897
Removing DMA Support From the NDIS Miniport Driver Send and Receive Functions	ms895505	ee481063
Removing DMA Support from the NDIS Miniport Driver Initialization Functions	ms895504	ee481924
Removing Unused Local Variables from the NDIS Miniport Driver Core Functions	ms895506	ee484643
Removing WMI Support From the NDIS Miniport Driver Object Identifier Functions	ms895507	ee483604
Removing an IPv6 Route	ms899806	ee494731
RenamePartition	ms891471	ee490187
Renaming Files and Directories on an FTP Server	ms905307	ee492169
Render States	ms924602	-
Rendering	ms924599	-
Rendering Contexts in Direct3D Mobile	aa447595	ee486215
Rendering Primitives	ms924601	ee490116
Rendering from a Vertex Buffer	ms924600	ee490694
RenderingControlState	aa450873	ee498879
ReplChangeSyncSettings	ms891473	ee490410
ReplCheckpoint	ms891474	ee490241
ReplCloseSync	ms891698	ee489965
ReplDialogs	ms861001	ee483764
ReplFindNextChange	ms891775	ee489932
ReplGetOidStatus	ms891783	ee489769
ReplGetSyncState	ms891797	ee489551
ReplOpenSync	ms891805	ee490609
Replacement of the Urlmon User Interface	ms905316	ee492800
Replacement of the WinInet User Interface	ms905320	ee492394
Replacing Fonts	ms901103	-
Replacing OS Design Fonts	ms901104	ee489821
Replacing Windows CE Default Fonts	ms901105	-
Report Upload Client	ms939654	-
Report Upload Client Application Development	ms939603	-
Report Upload Client OS Design Development	ms939606	ee481403
Report Upload Client Registry Settings	ms939607	ee480546
ReportFault	ms886799	ee488765
ReportPrinterStatus	ms919830	ee482506
ReportStatus	aa514455	ee483489
Request Object Implementation	aa450158	ee501070
RequestPowerNotifications	ms919833	ee497721
Requesting Acknowledgment Messages (COM)	aa450151	ee501132
Requesting Additional Secure Registry Keys	ms886086	-
Requesting Journaling (COM)	aa450153	-
Requesting Report Messages (COM)	aa450154	ee499181
Requesting Response Messages (COM)	aa450155	ee498921
Requesting Source Journaling (COM)	aa450156	ee500464
Requesting Target Journaling (COM)	aa450157	ee500498
Required Element (Instruction Response)	ms896005	ee489314
Required Entry-point Function	aa447597	ee483601
Reserving Memory for Error Reporting Dumps	ms939659	ee481619
ResetBulkEndpoint	ms919840	ee485097
ResetDefaultEndpoint	ms919843	ee486494
ResetEvent	ms886800	ee487974
ResetIPSecMode	aa450874	ee494874
ResetPipe	ms919850	ee485849
ResizeCache	ms891818	ee490345
Resolving Conflicts	ms861772	ee486582
Resolving a Peer Name	aa450159	-
Resource Management by Direct3D Mobile Drivers	aa447598	ee484433
Resource Manager Context Functions	ms925951	ee497959
Resource Properties	ms924603	ee490857
Resource Relationships	ms924604	ee490467
ResourceCreateList	ms919852	ee482719
ResourceDestroyList	ms919854	ee484827
ResourceMarkAsShareable	ms919857	ee485225
ResourceRelease	ms919859	ee484232
ResourceRequest	ms919861	ee483128
ResourceRequestEx	ms919863	ee483578
Responding to Events/DirectShow Sample Code	aa451352	-
Responding to Events/Event Notification for Filters	ms923408	-
Responding to Events/Using Event Notification	aa451428	-
Responding to the Prepaint Notification	aa452710	ee500528
Response Object Implementation	aa450161	ee499838
RestoreDC	ms939800	ee500251
Restricted Sites Zone Settings	ms905325	ee492838
Restricting Outbound Traffic to Selected TCP Ports	aa450229	ee494323
ResumeThread	ms886801	ee488648
RetrieveUrlCacheEntryFile	ms918849	ee492063
RetrieveUrlCacheEntryStream	aa452490	ee491819
Retrieving Cache Entry Data	ms905329	ee492030
Retrieving Cache Entry Files	ms905334	ee492609
Retrieving File and Directory Information	ms886095	ee489831
Retrieving Files from an FTP Server	ms905338	ee492420
Retrieving Information About Network Configuration	aa450164	ee494461
Retrieving Information from an Exchange Server	ms862684	ee486532
Retrieving Light Properties	ms924609	ee491272
Retrieving MSMQQueueInfo.Authenticate	aa450167	ee499168
Retrieving MSMQQueueInfo.BasePriority	aa450168	ee498934
Retrieving MSMQQueueInfo.CreateTime	aa450169	ee498431
Retrieving MSMQQueueInfo.FormatName	aa450170	ee500610
Retrieving MSMQQueueInfo.IsTransactional	aa450171	ee500602
Retrieving MSMQQueueInfo.Journal	aa450172	ee501265
Retrieving MSMQQueueInfo.JournalQuota	aa450173	ee498679
Retrieving MSMQQueueInfo.Label	aa450174	ee498931
Retrieving MSMQQueueInfo.ModifyTime	aa450175	ee501221
Retrieving MSMQQueueInfo.PathName	aa450176	ee498932
Retrieving MSMQQueueInfo.PrivLevel	aa450177	ee498952
Retrieving MSMQQueueInfo.QueueGuid	aa450178	ee500751
Retrieving MSMQQueueInfo.Quota	aa450179	ee499472
Retrieving MSMQQueueInfo.ServiceTypeGuid	aa450180	ee501235
Retrieving Material Properties	ms924610	ee490135
Retrieving Network Data	aa450181	-
Retrieving Network Errors	aa450182	ee494861
Retrieving Network Information	ms900298	ee493642
Retrieving Provisioning Information	aa525681	-
Retrieving Queue Properties (COM)	aa450183	-
Retrieving Statistics for IP and ICMP	aa450166	ee494678
Retrieving Statistics for TCP and UDP	aa450165	ee494473
Retrieving Time and Date Strings	ms904343	ee491121
Retrieving Vertex Buffer Descriptions	ms924614	ee490727
Retrieving a Connection Name	aa450162	ee493703
Retrieving a Depth Buffer	ms924607	ee491462
Retrieving a User Name	aa450163	ee494054
Retrieving an Advanced Certificate	ms900404	ee500605
Retrieving the Certificate	ms925952	-
Retrieving the Current Playback Position	ms924612	ee487565
Returning Errors	ms893307	ee489011
Reusing Packets	aa447600	ee485700
RevokeBindStatusCallback	ms918850	ee492256
RevokeFormatEnumerator	ms918851	ee492434
Rfc1766ToLcid	ms918853	ee492268
Root Bus Driver Development Concepts	aa448280	-
Root Bus Driver Samples	aa448343	-
RoundRect	ms939867	ee500905
Route	aa450187	ee493443
Routing for IPv4	aa450188	ee493884
Routing for IPv6	aa450189	ee493848
Running Performance Tests for NDIS Miniport Drivers	aa448282	-
Running the Checkv4 Utility	ms899815	ee494509
Running the One-Card NDIS Test	aa448281	-
Running the SimpleClient and SimpleServer Applications	ms899823	ee494491
Running the Two-Card NDIS Test	aa448284	-
Running the Two-Card in Two Machines NDIS Test for Media Sense	aa448283	-
Running the Winsock Stress Test	aa448285	-
SAFEARRAY	ms893344	ee487744
SAFEARRAYBOUND	ms893364	ee489665
SAPI Application Development	ms897380	-
SAPI Class IDs	ms893442	ee485108
SAPI Enumerations	aa513752	-
SAPI Functions	aa513758	-
SAPI Global Variables	aa513761	-
SAPI Interfaces	aa513764	-
SAPI Macros	aa513776	-
SAPI Migration	ms862687	ee485519
SAPI OS Design Development	ms862707	ee484737
SAPI Overview	ms862685	-
SAPI Reference	aa513780	-
SAPI Registry Settings	ms862688	ee483529
SAPI Samples	ms862686	-
SAPI Structures	aa513783	-
SAPI Token Category IDs	aa513788	ee485528
SAX2 C++ Common Notices	ms893447	ee502405
SAX2 Developer Guide	ms862689	-
SAX2 Implementation Examples	ms862690	-
SBEDIT Control	ms939903	ee505080
SBN_SIMPLEMODECHANGE	ms913282	ee501969
SB_GETBORDERS	ms939915	ee501096
SB_GETICON	ms932550	ee503475
SB_GETPARTS	ms939925	ee503172
SB_GETRECT	ms913125	ee506167
SB_GETTEXT	ms913198	ee504107
SB_GETTEXTLENGTH	ms913203	ee503610
SB_ISSIMPLE	ms913210	ee505464
SB_SETBKCOLOR	ms932561	ee501923
SB_SETICON	ms932570	ee503971
SB_SETMINHEIGHT	ms913344	ee506083
SB_SETPARTS	ms932515	ee503146
SB_SETTEXT	ms932525	ee505892
SB_SIMPLE	ms932534	ee505297
SCAN_OPTIONS	ms891827	ee490579
SCAN_PARAMS	ms891875	ee490025
SCAN_RESULTS	ms891883	ee490242
SCARD_ATRMASK	ms938473	ee498363
SCARD_CARD_CAPABILITIES	ms919892	ee483041
SCARD_IO_REQUEST	ms926417	ee498559
SCARD_READERSTATE	ms926425	ee497987
SCARD_READER_CAPABILITIES	ms919894	ee483182
SCARD_VENDOR_ATTR	ms919896	ee481084
SCHANNEL_CRED	ms926432	ee498356
SCOPE_LEVEL	aa450875	ee493468
SCRIPTCONTF	ms918854	ee492625
SCRIPTFONTCONTF	ms918856	ee492245
SCRIPTINFO	ms918857	ee492665
SCRIPT_ANALYSIS	ms906264	ee491946
SCRIPT_CACHE	ms906265	ee491527
SCRIPT_CONTROL	ms906266	ee490996
SCRIPT_DIGITSUBSTITUTE	ms906267	ee491910
SCRIPT_FONTPROPERTIES	ms906268	ee491175
SCRIPT_ITEM	ms906269	ee491337
SCRIPT_JUSTIFY	ms906270	ee491399
SCRIPT_LOGATTR	ms906271	ee491907
SCRIPT_PROPERTIES	ms906272	ee491336
SCRIPT_STATE	ms906273	ee491977
SCRIPT_STRING_ANALYSIS	ms906274	ee491971
SCRIPT_TABDEF	ms906275	ee491143
SCRIPT_VISATTR	ms906276	ee491142
SCardBeginTransaction	ms938481	ee498118
SCardCancel	ms938495	ee497935
SCardConnect	ms938504	ee498194
SCardControl	ms938510	ee498583
SCardDisconnect	ms938517	ee498515
SCardEndTransaction	ms938526	ee498580
SCardEstablishContext	ms938536	ee498313
SCardForgetCardType	ms938545	ee498788
SCardForgetReader	ms938553	ee498164
SCardFreeMemory	ms938564	ee498172
SCardGetAttrib	ms938574	ee497944
SCardGetCardTypeProviderName	ms926375	ee497908
SCardGetProviderId	ms926397	ee498532
SCardGetStatusChange	ms926406	ee498377
SCardIntroduceCardType	ms926415	ee498390
SCardIntroduceReader	ms926416	ee498309
SCardIsValidContext	ms926418	ee498542
SCardListCards	ms926419	ee498504
SCardListInterfaces	ms926420	ee498870
SCardListReaders	ms926422	ee498314
SCardLocateCards	ms926423	ee498758
SCardLocateCardsByATR	ms926424	ee497985
SCardReconnect	ms926426	ee498725
SCardReleaseContext	ms926427	ee498311
SCardSetAttrib	ms926428	ee497964
SCardSetCardTypeProviderName	ms926429	ee498120
SCardStatus	ms926430	ee498340
SCardTransmit	ms926431	ee498507
SDAllocateFromMemList	ms919899	ee485696
SDBusRequest	ms920293	ee485246
SDCARD_CLIENT_REGISTRATION_INFO	ms920314	ee481534
SDCARD_DEVICE_TYPE	ms920321	ee485854
SDCancelBusRequest	ms920297	ee482048
SDCardInfoQuery	ms920304	ee481108
SDCreateMemoryList	ms920330	ee483988
SDDeinitializeCardLib	ms920339	ee486479
SDDeleteMemList	ms920345	ee481851
SDFreeBusRequest	ms920353	ee483061
SDFreeToMemList	ms920357	ee484678
SDGetDeviceHandle	ms920364	ee484597
SDGetTuple	ms920371	ee482494
SDIOConnectInterrupt	ms920379	ee482429
SDIODisconnectInterrupt	ms920383	ee483414
SDIO_CARD_INFO	ms920387	ee483592
SDInitializeCardLib	ms920376	ee485876
SDOutputBuffer	ms920391	ee482900
SDP_SPECIFICTYPE	aa450879	ee495421
SDP_TYPE	aa450880	ee495668
SDPerformSafeCopy	ms920396	ee485219
SDREQUEST	aa514456	ee485540
SDReadWriteRegistersDirect	ms920399	ee485904
SDRegisterClient	ms920402	ee485078
SDSetCardFeature	ms920406	ee481044
SDSynchronousBusRequest	ms920410	ee482270
SD_BUS_REQUEST	ms920414	ee486839
SD_BUS_REQUEST_RESPONSE	ms920417	ee482937
SD_BUS_REQUEST_STATUS	ms920420	ee482689
SD_CARD_INTERFACE	ms920424	ee483392
SD_COMMAND_RESPONSE	ms920426	ee484634
SD_DATA_TRANSFER_CLOCKS	ms920428	ee482480
SD_DEBUG_INSTANTIATE_ZONES	ms920430	ee485649
SD_FS_TYPE	ms920432	ee481291
SD_HOST_BLOCK_CAPABILITY	ms920434	ee482035
SD_INTERFACE_MODE	ms920436	ee484053
SD_IO_FUNCTION_ENABLE_INFO	ms920438	ee482512
SD_IO_TRANSFER_TYPE	ms920440	ee481266
SD_PARSED_REGISTER_CID	ms920445	ee484860
SD_PARSED_REGISTER_CSD	ms920448	ee485703
SD_RESPONSE_TYPE	ms920454	ee483384
SD_TRANSFER_CLASS	ms920459	ee484261
SECTOR_LIST_ENTRY	ms891894	ee489749
SEC_WINNT_AUTH_IDENTITY	ms926452	ee497950
SERIAL_DEV_STATUS	ms920512	ee483859
SERIAL_QUEUE_SIZES	ms920520	ee486963
SERVICE_ADDRESS	aa450894	ee493466
SERVICE_ADDRESSES	aa450895	ee493430
SERVICE_INFO	aa450902	ee493014
SERVICE_TYPE_INFO_ABS	aa450910	ee493041
SERVICE_TYPE_VALUE_ABS	aa450912	ee495098
SET (Command Processor)	ms939984	ee502842
SF_REQ_TYPE	ms900577	ee501057
SGX_BUF	ms920831	ee484034
SG_BUF	ms920807	ee484856
SG_REQ	ms920817	ee482072
SHACTIVATEINFO	aa453665	ee504903
SHAddToRecentDocs	aa453667	ee503186
SHAddToRecentDocs (checked valueless for SHARD_*)	https://learn.microsoft.com/en-us/windows/win32/api/shlobj_core/nf-shlobj_core-shaddtorecentdocs	-
SHBindToParent	aa453668	ee501784
SHBrowseForFolder	aa453669	ee503764
SHBrowseForFolderA (checked valueless for BFFM_*)	https://learn.microsoft.com/en-us/windows/win32/api/shlobj_core/nf-shlobj_core-shbrowseforfoldera	-
SHCHANGENOTIFYENTRY	aa453671	ee505840
SHCMBM_GETMENU	aa453675	ee501734
SHCMBM_GETSUBMENU	aa453676	ee506060
SHCMBM_SETSUBMENU	aa453677	ee501721
SHChangeNotifyDeregister	aa453670	ee503749
SHChangeNotifyFree	aa453672	ee501944
SHChangeNotifyRegister	aa453673	ee505504
SHCloseApps	aa453674	ee504878
SHCreateMenuBar	aa453678	ee505733
SHCreateNewItem	aa453679	ee499711
SHCreateShortcut	aa453680	ee506084
SHCreateShortcutEx	aa453681	ee500449
SHDoneButton	aa453682	ee501411
SHELLCALLBACKS	aa453683	ee505266
SHELLEXECUTEINFO	aa453685	ee501202
SHELLEXECUTEINFOA (SEE_MASK_NOCLOSEPROCESS=0x40, SEE_MASK_FLAG_NO_UI=0x400; SE_ERR_FNF=2..SE_ERR_DLLNOTFOUND=32 -> derived)	https://learn.microsoft.com/en-us/windows/win32/api/shellapi/ns-shellapi-shellexecuteinfoa	-
SHELLFILECHANGEFUNC_t	ms891992	-
SHEnumPropSheetHandlers	aa453688	ee503460
SHFILEINFO	aa453689	ee506136
SHFILEOPSTRUCT	aa453691	ee505480
SHFILEOPSTRUCTA (checked valueless; grounds the held FO_*/FOF_* analysis; prints the FILEOP_FLAGS member)	https://learn.microsoft.com/en-us/windows/win32/api/shellapi/ns-shellapi-shfileopstructa	-
SHFileOperation	aa453690	ee504641
SHFindMenuBar	aa453692	ee502895
SHFreeContextMenuExtensions	aa453693	ee504002
SHFullScreen	aa453694	ee499392
SHGNO	aa453709	ee504556
SHGetAppKeyAssoc	aa453695	ee504913
SHGetAutoRunPath	aa453696	ee499395
SHGetDesktopFolder	aa453697	ee503191
SHGetDocumentsFolder	aa453698	ee501740
SHGetEmergencyCallList	aa453699	ee505687
SHGetFileInfo	aa453700	ee499381
SHGetFileInfoW (SHGFI_ICON=0x100..SHGFI_SELECTED=0x10000 -> derived; SHGFI_SELECTICON has no desktop counterpart)	https://learn.microsoft.com/en-us/windows/win32/api/shellapi/nf-shellapi-shgetfileinfow	-
SHGetInputContext	aa453701	ee503391
SHGetMalloc	aa453702	ee500848
SHGetMenu	aa453703	ee505261
SHGetPathFromIDList	aa453704	ee499703
SHGetShortcutTarget	aa453705	ee505315
SHGetSpecialFolderLocation	aa453706	ee505271
SHGetSpecialFolderPath	aa453707	ee504365
SHGetSubMenu	aa453708	ee506250
SHHandleWMActivate	aa453710	ee505093
SHHandleWMSettingChange	aa453711	ee503952
SHIFT	aa453712	ee501772
SHINITDLGINFO	aa453714	ee504339
SHITEMID	aa453718	ee500470
SHInitDialog	aa453713	ee501722
SHInitExtraControls	aa453715	ee505073
SHInputDialog	aa453716	ee505728
SHInvokeContextMenuCommand	aa453717	ee504374
SHLoadContextMenuExtensions	aa453719	ee500304
SHLoadDIBitmap	aa453720	ee505632
SHMENUBARINFO	aa453721	ee503215
SHNOTIFICATIONDATA	aa453724	ee499049
SHNP	aa453728	ee501911
SHNavigateBack	aa453722	ee505691
SHNotificationAdd	aa453723	ee502854
SHNotificationGetData	aa453725	ee505032
SHNotificationRemove	aa453726	ee506289
SHNotificationUpdate	aa453727	ee505955
SHRGINFO	aa453733	ee500594
SHRecognizeGesture	aa453732	ee503202
SHSetAppKeyWndAssoc	aa453734	ee502925
SHSetBack	aa453735	ee505469
SHSetInputContext	aa453736	ee502532
SHSetNavBarText	aa453737	ee503372
SHSetSubMenu	aa453738	ee504533
SHShowOutOfMemory	aa453739	ee499745
SHSipInfo	aa453740	ee504137
SHSipPreference	aa453741	ee506057
SIO_MULTICAST_SCOPE IOCTL	ms884919	ee494279
SIO_MULTIPOINT_LOOPBACK Ioctl	ms884920	ee494886
SIP	ms909242	ee499320
SIP Server Requirements	ms909245	ee499866
SIP Server Settings	ms909246	ee499542
SIP Servers	ms909244	ee500366
SIP and TEL URIs	ms909243	ee501501
SIPINFO	ms932860	ee499105
SIPServerRegistrationParameters	ms912595	-
SIZE	ms940344	ee505301
SIZE_EGA_PALETTE	ms932308	ee494165
SIZE_MASKS	ms932309	ee494202
SIZE_MPEG1VIDEOINFO	ms932310	ee493980
SIZE_PALETTE	ms932311	ee493146
SIZE_PREHEADER	ms932312	ee496499
SIZE_VIDEOHEADER	ms932313	ee494947
SMARTCARD_EXTENSION	ms921035	ee486507
SMB Element (Location Response)	ms896016	ee489421
SMBFILE	ms884922	ee493685
SMBPRINT	ms884923	ee493236
SMBPath Element (Location Response)	ms896017	ee489063
SNMP Extension API Functions	ms894604	ee489250
SNMP Group	ms894607	ee489095
SNMP Library Files and Programs	ms894609	ee489267
SNMP Migration	ms894619	ee489436
SNMP OS Design Development	ms894595	ee489275
SNMP Operations	ms894624	ee489353
SNMP Samples	ms894629	ee489468
SNMP Security	ms894632	ee489412
SNMP Terms	ms894635	ee489246
SNMP Utility API Functions	ms894650	ee489282
SNMP Versions	ms894655	ee489295
SNTP Migration	ms884925	ee499487
SNTP Registry Settings	ms884926	ee500860
SNTP Samples	ms884927	ee501231
SNTP Security	ms884928	ee500496
SNTP Service Configuration Code Sample	ms899593	ee499524
SOAP Guidelines and Limitations	ms862159	ee483496
SOAP Migration	ms862698	ee484717
SOAP OS Design Development	ms862703	ee484919
SOAP Registry Settings	ms862699	ee483328
SOAP Reliable Messaging Protocol	ms884929	ee500644
SOAP Samples	ms862700	ee485166
SOAP Security	ms862701	ee483767
SOAP Support in Windows CE	ms862153	-
SOCKADDR_BTH	aa450944	ee495412
SOCKADDR_STORAGE	aa450952	ee494048
SOCKET_ADDRESS	aa450954	ee493623
SOLE_AUTHENTICATION_SERVICE	ms893478	ee489238
SOL_IRLMP	ms900408	ee493092
SOL_SOCKET	ms884940	ee493249
SORTORDERSPEC (CEDB)	ms891997	ee490199
SORTORDERSPECEX (CEDB)	ms892001	ee490622
SORTORDERSPECEX (EDB)	ms892010	ee490012
SPAUDIOBUFFERINFO	ms893479	ee486397
SPAUDIOOPTIONS	ms893480	ee484729
SPAUDIOSTATE	ms893481	ee484165
SPAUDIOSTATUS	ms893482	ee484996
SPBINARYGRAMMAR	ms893483	ee485723
SPBOOKMARKOPTIONS	ms893485	ee487109
SPBindToFile	ms893484	ee486801
SPCFGNOTIFY	ms893486	ee486336
SPCFGRULEATTRIBUTES	ms893487	ee486773
SPCONTEXTSTATE	ms893489	ee485577
SPDATAKEYLOCATION	ms893501	ee485719
SPDISPLAYATTRIBUTES	ms893502	ee484365
SPDUI_AddRemoveWord	ms893503	ee484360
SPDUI_AudioProperties	ms893504	ee485612
SPDUI_AudioVolume	ms894109	ee484379
SPDUI_EngineProperties	ms894171	ee484914
SPDUI_MicTraining	ms894312	ee484769
SPDUI_RecoProfileProperties	ms894322	ee484735
SPDUI_UserTraining	ms894324	ee485815
SPEAKFLAGS	ms895350	ee485113
SPENDSRSTREAMFLAGS	ms895362	ee485182
SPEVENT	ms895371	ee484097
SPEVENTENUM	ms895379	ee486547
SPEVENTLPARAMTYPE	ms895384	ee483494
SPEVENTSOURCEINFO	ms895400	ee485181
SPFEI	ms895404	ee483275
SPFILEMODE	ms895407	ee486376
SPGRAMMARSTATE	ms895548	ee485962
SPGRAMMARWORDTYPE	ms895566	ee484094
SPINTERFERENCE	ms895578	ee487127
SPLEXICONTYPE	ms895589	ee485945
SPLOADOPTIONS	ms895600	ee487317
SPPARSEINFO	ms895655	ee486782
SPPARTOFSPEECH	ms895661	ee483733
SPPATHENTRY	ms895664	ee484991
SPPHRASE	ms895672	ee486581
SPPHRASEALT	ms895676	ee487308
SPPHRASEALTREQUEST	ms895680	ee485382
SPPHRASEELEMENT	ms895684	ee483533
SPPHRASEPROPERTY	ms895689	ee485139
SPPHRASEREPLACEMENT	ms895694	ee483359
SPPHRASERNG	ms895698	ee487282
SPPHRASERULE	ms895703	ee485178
SPPROPERTYINFO	ms895709	ee483747
SPPROPSRC	ms895715	ee484522
SPRECOCONTEXTSTATUS	ms895719	ee483909
SPRECOEVENTFLAGS	ms895724	ee485725
SPRECOGNIZERSTATUS	ms895729	ee486817
SPRECORESULTINFO	ms895734	ee484951
SPRECORESULTTIMES	ms895738	ee484110
SPRECOSTATE	ms895743	ee487097
SPRESULTTYPE	ms895750	ee486989
SPRULEENTRY	ms895754	ee486174
SPRULEINFOOPT	ms895759	ee483740
SPRULESTATE	ms895764	ee487313
SPRUNSTATE	ms895768	ee485951
SPSERIALIZEDEVENT	ms895774	ee486372
SPSERIALIZEDEVENT64	ms895780	ee485785
SPSERIALIZEDPHRASE	ms895784	ee484727
SPSERIALIZEDRESULT	ms895787	ee484350
SPSTATEINFO	ms895810	ee485136
SPSTREAMFORMAT	ms895815	ee484575
SPTEXTSELECTIONINFO	ms895817	ee483923
SPTMTHREADINFO	ms895822	ee483945
SPTRANSITIONENTRY	ms895826	ee483959
SPTRANSITIONPROPERTY	ms895831	ee486330
SPTRANSITIONTYPE	ms895836	ee487020
SPVACTIONS	ms895839	ee486758
SPVALUETYPE	ms895842	ee484540
SPVCONTEXT	ms895850	ee486148
SPVESACTIONS	ms895855	ee487114
SPVFEATURE	ms895858	ee486142
SPVISEMES	ms895865	ee486536
SPVLIMITS	ms895868	ee486624
SPVOICESTATUS	ms895874	ee486594
SPVPITCH	ms895878	ee485944
SPVPRIORITY	ms895882	ee487283
SPVSKIPTYPE	ms895885	ee487029
SPVSTATE	ms895892	ee487129
SPVTEXTFRAG	ms895896	ee484313
SPWAVEFORMATTYPE	ms895951	ee486143
SPWORD	ms895959	ee483973
SPWORDENTRY	ms895967	ee486349
SPWORDINFOOPT	ms895968	ee484590
SPWORDLIST	ms895969	ee485767
SPWORDPRONOUNCEABLE	ms895970	ee483687
SPWORDPRONUNCIATION	ms895972	ee485926
SPWORDPRONUNCIATIONLIST	ms895973	ee486156
SPWORDTYPE	ms895974	ee485814
SP_MAX_PRON_LENGTH	ms895608	ee485311
SP_MAX_WORD_LENGTH	ms895652	ee487319
SSL Client Authentication	ms884942	ee498456
SSL Support	ms884943	-
SSL Support Registry Settings	ms900411	ee499201
SSPI Functions and Structures	ms936952	ee497903
SSPI Handles	ms926453	ee498699
SSPI Sample Application	ms936953	ee498143
SS_GetPowerEntry	ms921840	ee486302
SS_GetSocket	ms921851	ee484267
SS_GetWindow	ms921864	ee482479
SS_InquireSocket	ms921870	ee481034
SS_InquireWindow	ms921879	ee481884
SS_POWER_ENTRY	ms921890	ee481873
SS_ResetSocket	ms921896	ee484460
SS_SOCKET_INFO	ms921925	ee483039
SS_SOCKET_SERVICE	ms921935	ee485059
SS_SOCKET_STATE	ms921944	ee484836
SS_SetSocket	ms921903	ee486197
SS_SetWindow	ms921913	ee482691
SS_TranslateBusAddr	ms921955	ee482038
SS_TranslateSystemAddr	aa448144	ee485490
SS_WINDOW_INFO	aa448145	ee485884
SS_WINDOW_STATE	aa448146	ee484411
START	ms940348	ee500220
STATDATA	ms896188	ee488968
STATSTG	ms896194	ee487852
STGC	ms896217	ee487922
STGM	ms896239	ee489392
STGMEDIUM	ms896247	ee488956
STM_GETIMAGE	ms940366	ee503757
STM_SETIMAGE	ms940367	ee499348
STN_CLICKED	ms940368	ee506100
STN_DISABLE	ms940369	ee501781
STN_ENABLE	ms940370	ee504016
STORAGECONTEXT	ms892014	ee490034
STORAGEDEVICEINFO	ms892022	ee490035
STORAGE_IDENTIFICATION	aa448149	ee482236
STOREINFO	aa514458	ee484772
STOREINFO (COM)	ms896271	ee487684
STOREINFO (Storage Manager)	ms892106	ee490200
STORE_ExecuteCommand	aa448150	ee485228
STORE_INFORMATION	ms891279	ee488452
STORE_IsCommandSupported	aa448151	ee482701
STREAMBUFFER_EC	aa452499	ee496747
STREAMPROPS	aa452383	ee487543
STREAM_AttachBuffers_Request	aa448152	-
STREAM_AttachBuffers_Response	aa448153	-
STREAM_CreateLocalPlug_Request	aa448154	-
STREAM_CreateLocalPlug_Response	aa448155	-
STREAM_DeleteLocalPlug_Request	aa448156	-
STREAM_DereferenceRemotePlug_Request	aa448157	-
STREAM_DetachBuffers_Request	aa448158	-
STREAM_GetMediaSize_Request	aa448159	-
STREAM_GetMediaSize_Response	aa448160	-
STREAM_GetRemotePlugHandle_Request	aa448161	-
STREAM_GetRemotePlugHandle_Response	aa448162	-
STREAM_LocateRemotePlug_Request	aa448163	-
STREAM_LocateRemotePlug_Response	aa448164	-
STREAM_MediaType	aa448165	-
STREAM_QueryBufferState_Request	aa448166	-
STREAM_QueryBufferState_Response	aa448167	-
STREAM_SetMediaSize_Request	aa448168	-
STREAM_StartReceiveSession_Request	aa448169	-
STREAM_StartReceiveSession_Response	aa448170	-
STREAM_StartTransmitSession_Request	aa448171	-
STREAM_StartTransmitSession_Response	aa448172	-
STREAM_StopSession_Request	aa448173	-
STRMBUF_CAPTURE_MODE	aa452561	ee493749
STRMBUF_PLAYBACK_TUNE_POLICY	aa452562	ee496322
STRRET	ms940377	ee505036
STRRET (checked valueless; grounds the held STRRET_* analysis)	https://learn.microsoft.com/en-us/windows/win32/api/shtypes/ns-shtypes-strret	-
STYLEBUF	ms906434	ee491722
STYLESTRUCT	ms940380	ee503374
SUBLANGID	ms906441	ee491948
SURFACE_PHYSICALVIDMEM	aa448183	-
SYSKIND	ms896474	ee488297
SYSTEMTIME	aa450923	ee488248
SYSTEM_INFO	aa450921	ee488780
SYSTEM_POWER_STATUS_EX	ms940384	ee505043
SYSTEM_POWER_STATUS_EX2	ms940385	ee499341
SZM_FLAGS	ms918860	ee492358
SafeArrayAccessData	ms893348	ee488692
SafeArrayAllocData	ms893355	ee488538
SafeArrayAllocDescriptor	ms893361	ee488255
SafeArrayCopy	ms893371	ee488268
SafeArrayCopyData	ms893377	ee488733
SafeArrayCreate	ms893380	ee488691
SafeArrayCreateVector	ms893388	ee489689
SafeArrayDestroy	ms893389	ee489719
SafeArrayDestroyData	ms893396	ee488949
SafeArrayDestroyDescriptor	ms893402	ee487692
SafeArrayGetDim	ms893408	ee488284
SafeArrayGetElement	ms893416	ee489234
SafeArrayGetElemsize	ms893423	ee488054
SafeArrayGetLBound	ms893432	ee488253
SafeArrayGetUBound	ms893434	ee489720
SafeArrayLock	ms893435	ee487751
SafeArrayPtrOfIndex	ms893436	ee489678
SafeArrayPutElement	ms893437	ee487893
SafeArrayRedim	ms893438	ee488138
SafeArrayUnaccessData	ms893439	ee488318
SafeArrayUnlock	ms893440	ee488722
Sample .mib File	ms894580	ee489121
Sample ACM Drivers	aa447619	ee482248
Sample ATADISK Driver	aa447620	ee484455
Sample Blit Acceleration	aa447622	ee485069
Sample Code: Decrypting a File	ms925953	ee498784
Sample Code: Encrypting a File	ms925954	ee498733
Sample Custom Draw Function	aa452714	ee501925
Sample Data	ms893441	ee502329
Sample DrvEscape Function	aa447624	ee485838
Sample Extension-Agent DLL	ms894572	ee489264
Sample MIB Source File	ms894583	ee489118
Sample SaxContentHandlerImpl Code	aa519287	ee502339
Sample Secure Digital Card Driver	aa447625	ee484616
Samples per Block	aa447626	ee486936
SaveDC	ms939894	ee501223
SbEdit Controls Reference	aa452733	-
ScanVolume	ms891845	ee490152
ScanVolumeEx	ms891858	ee490568
ScanVolumeUI	ms891864	ee490381
Scanning for Part Availability	ms862691	ee502322
Scanning for Relevant News	ms862692	ee502035
Scatter/Gather I/O Support	aa450194	ee493422
Scene Presentation	ms924618	ee491010
Schannel Security Support Provider	ms925955	-
Screen Operations	ms924619	-
Screen Rotation	ms893969	ee485865
ScreenToClient	ms932582	ee503589
Script Enumeration	ms918855	ee492819
Script Support	ms894588	ee489043
ScriptApplyDigitSubstitution	ms906233	ee491342
ScriptApplyLogicalWidth	ms906234	ee492098
ScriptBreak	ms906235	ee491551
ScriptCPtoX	ms906237	ee491982
ScriptCacheGetHeight	ms906236	ee491745
ScriptFreeCache	ms906238	ee490972
ScriptGetCMap	ms906239	ee491568
ScriptGetFontProperties	ms906240	ee491562
ScriptGetGlyphABCWidth	ms906241	ee491623
ScriptGetLogicalWidths	ms906242	ee491698
ScriptGetProperties	ms906243	ee491730
ScriptIsComplex	ms906244	ee490905
ScriptItemize	ms906245	ee491396
ScriptJustify	ms906246	ee491740
ScriptLayout	ms906247	ee491202
ScriptPlace	ms906248	ee491655
ScriptRecordDigitSubstitution	ms906249	ee491172
ScriptShape	ms906250	ee492140
ScriptStringAnalyse	ms906251	ee490932
ScriptStringCPtoX	ms906252	ee491366
ScriptStringFree	ms906253	ee491566
ScriptStringGetLogicalWidths	ms906254	ee491523
ScriptStringGetOrder	ms906255	ee491776
ScriptStringOut	ms906256	ee491950
ScriptStringValidate	ms906257	ee491597
ScriptStringXtoCP	ms906258	ee491327
ScriptString_pLogAttr	ms906260	ee491416
ScriptString_pSize	ms906261	ee491728
ScriptString_pcOutChars	ms906259	ee491324
ScriptTextOut	ms906262	ee491941
ScriptXtoCP	ms906263	ee491339
Scroll Bar Styles	ms932612	ee505682
ScrollDC	ms932696	ee499718
ScrollWindowEx	ms932713	ee500480
SdpAttributeRange	aa450876	ee495401
SdpQueryUuid	aa450877	ee495975
SdpQueryUuidUnion	aa450878	ee495673
SealMessage	ms926485	ee498528
Searching a Directory	ms862693	ee483517
Searching for a File or Directory	ms886105	ee490765
Searching for a Record	ms886118	ee490589
SecBuffer	ms926433	ee498790
SecBufferDesc	ms926434	ee498562
SecPkgContext_Authority	ms926435	ee498700
SecPkgContext_ConnectionInfo	ms926436	ee497983
SecPkgContext_DceInfo	ms926437	ee498306
SecPkgContext_IssuerListInfoEx	ms926438	ee498389
SecPkgContext_KeyInfo	ms926439	ee498301
SecPkgContext_Lifespan	ms926440	ee498124
SecPkgContext_Names	ms926441	ee498151
SecPkgContext_ProtoInfo	ms926442	ee498508
SecPkgContext_Sizes	ms926443	ee498359
SecPkgContext_StreamSizes	ms926445	ee498163
SecPkgCred_CipherStrengths	ms926446	ee497970
SecPkgCred_SupportedAlgs	ms926448	ee498177
SecPkgCred_SupportedProtocols	ms926449	ee498355
SecPkgCredentials_Names	ms926447	ee498362
SecPkgInfo	ms926450	ee498134
Secondary Display Drivers	ms893979	ee484278
SectorInfo	ms920470	ee486730
Secure Digital Card Bus Driver	ms893994	ee482478
Secure Digital Card Driver Registry Settings	ms894008	ee486867
Secure Digital Card Driver Status Codes	ms920486	ee483474
Secure Digital Card Multimedia Card Compatibility	ms894010	ee486872
Secure Socket Control Codes	ms885824	ee495088
SecureZeroMemory	ms886803	ee488421
Security Catalog Items	ms925956	ee498795
Security Overview	ms925958	ee498384
Security Packages	ms925957	-
Security Support Provider Interface Architecture	ms925959	ee498166
SecurityFunctionTable	ms926451	ee498731
SeekMode	aa450881	ee500838
SelectClipRgn	ms932714	ee502828
SelectObject	ms932715	ee506271
SelectPalette	ms932716	ee501382
Selecting Shell Components	aa452716	ee501153
Selecting a Device	ms924621	ee490124
Selecting an MUI Locale	ms904344	ee491522
Selecting the Internal File System for your Target Device	ms886144	-
Selecting the Registry for Your Target Device	ms886152	-
Self-Management Example	ms894011	ee497698
SendARP	aa450884	ee493683
SendDlgItemMessage	ms932717	ee501193
SendInput	ms932719	ee505708
SendMessage	ms939980	ee504840
SendMessageTimeout	ms939981	ee499352
SendNotifyMessage	ms939983	ee500168
SendRndisMessageHandler	ms920497	ee485080
SendRndisPacketHandler	ms920504	ee483640
Sending Complex Types Using a Custom Type Mapper	ms862694	ee486387
Sending Messages to a Queue	aa450210	ee500180
Sending Messages to a Queue (COM)	aa450211	-
Sending Response Messages (COM)	aa450212	ee500845
Sending a Currency in a Message (COM)	aa450198	ee498973
Sending a Data Recordset in a Message (COM)	aa450200	ee498933
Sending a Date in a Message (COM)	aa450201	ee500267
Sending a File as a Message (COM)	aa450202	ee498832
Sending a Number in a Message (COM)	aa450206	ee498688
Sending a Persistent Object (COM)	aa450207	ee499768
Sending a Single-Message Transaction (COM)	aa450208	ee500465
Sending a String in a Message (COM)	aa450209	-
Sending an Array of Bytes in a Message (COM)	aa450203	ee500612
Sending an IP Multicast Datagram	aa450204	ee493518
Sending an IP Multicast Datagram Sample	aa450205	ee493491
Sending and Receiving Data with the SyncData Function	ms861781	ee484497
Sending on a WAN Miniport Driver	ms894012	ee482447
Serial Bus and Subunit Plug Association	ms894014	-
Serial Communications Functions	aa450763	-
Serial Communications Structures	aa450765	-
Serial Port Driver Architecture	ms894015	ee485645
Serial Port Driver Registry Settings	ms894017	ee484687
Serial Port Driver Samples	ms894019	ee482654
Server Authentication	ms905345	ee492235
Server Object Implementation	aa450214	ee500920
Server Objects	aa450215	-
Server Response to the Device Poll	ms894591	ee489045
Server Support	aa450216	-
Server and Collection Objects	aa450213	-
ServerCallback	ms900565	ee494075
ServerSupportFunction (ISAPI Extensions)	aa450887	ee499482
ServerSupportFunction (ISAPI Extensions) Request Types	ms899543	ee498607
ServerSupportFunction (ISAPI Filters)	aa450890	ee500601
Service Element	ms862697	ee484374
Service Installation in the Winsock SPI	aa450217	ee493638
Service Objects	aa450218	ee498690
Service Provider Activation	aa450219	ee494504
Service Query	aa450220	ee493239
Service Registry Settings	aa450221	ee494069
ServiceAddPort	aa450892	ee498871
ServiceCallback	ms900568	ee493247
ServiceClosePort	aa450897	ee500505
ServiceEnumInfo	aa450899	ee498820
ServiceIoControl	aa450904	ee499485
ServiceUnbindPorts	aa450914	ee500878
Services.exe	aa450223	-
Services.exe Application Development	ms899544	-
Services.exe Functions	aa450232	-
Services.exe IOCTLS	aa450233	-
Services.exe Migration	ms899545	ee498495
Services.exe OS Design Development	aa450224	ee498993
Services.exe Reference	aa450234	-
Services.exe Registry Settings	ms884674	ee500226
Services.exe Request Handling	ms884765	ee498842
Services.exe Samples	ms899546	ee498991
Services.exe Security	ms884879	ee498918
Services.exe Structures	aa450235	-
ServicesExeCommandLineParams	aa450908	ee500625
ServicesexeCallbackFunctions	aa450906	ee499503
Session Information	ms909228	ee500363
Session Options	ms893453	ee485338
Session Settings	ms909234	ee499883
Set Operations	ms893461	ee503169
SetAbortProc	ms939985	ee502926
SetActiveWindow	ms939986	ee504615
SetBitmapBits	ms939987	ee499432
SetBkColor	ms939988	ee506089
SetBkMode	ms939989	ee499678
SetBrushOrgEx	ms940010	ee505889
SetCaretBlinkTime	ms940012	ee505058
SetCaretPos	ms940013	ee502546
SetClassLong	ms940014	ee504860
SetClearTypeBltGamma	ms920529	ee486916
SetClearTypeBltMasks	ms920541	ee485848
SetClipList	ms920554	-
SetClipboardData	ms940015	ee504536
SetCommBreak	ms886804	ee488578
SetCommMask	ms886805	ee488916
SetCommState	ms886806	ee487991
SetCommTimeouts	ms886807	ee488388
SetCurrentUser	ms891903	ee490214
SetDIBColorTable	ms940018	ee502593
SetDIBitsToDevice	ms940019	ee503196
SetDaylightTime	ms886808	ee488917
SetDeviceConfigurationData	ms920576	ee486728
SetDevicePower	ms920584	ee497782
SetDevicePowerState	ms920590	ee482215
SetDlgItemInt	ms940020	ee504580
SetDlgItemText	ms940021	ee499688
SetDlgMsgResult	ms940022	ee505739
SetEndOfFile	ms891916	ee490369
SetEntries	ms920596	-
SetErrorInfo	ms893458	ee488958
SetEvent	ms886810	ee488785
SetFileAttributes	ms891925	ee490205
SetFilePointer	ms891933	ee490790
SetFileTime	ms886812	ee488233
SetFocus	ms940023	ee501059
SetForegroundWindow	ms940024	ee505432
SetHandler	ms920646	ee481665
SetHeader	aa450916	ee498396
SetIPSecConfig	aa450926	ee493453
SetIPSecMode	aa450928	ee495104
SetIfEntry	aa450920	ee494296
SetIpForwardEntry	aa450922	ee494909
SetIpNetEntry	aa450924	ee493663
SetIpStatistics	aa450929	ee494885
SetIpTTL	aa450931	ee494316
SetLastError	ms886817	ee487957
SetLayout	ms940026	ee503626
SetLocalTime	ms886818	ee488183
SetLocaleInfo	ms906277	ee491893
SetMenuItemInfo	ms940027	ee503422
SetOverlayPosition	ms920668	-
SetPCSyncName	ms912594	-
SetPalette	ms920679	-
SetPaletteEntries	ms940028	ee503899
SetParent	aa453645	ee505900
SetPartitionAttributes	ms891941	ee490390
SetPassword	ms891953	ee490550
SetPasswordActive	ms891968	ee490208
SetPasswordStatus	ms891976	ee489742
SetPinyinType	ms906278	ee491145
SetPixel	aa453646	ee503104
SetPowerRequirement	ms920689	ee497694
SetProp	aa453647	ee504325
SetROP2	aa453651	ee505650
SetRect	aa453648	ee502266
SetRectEmpty	aa453649	ee504846
SetRectRgn	aa453650	ee505099
SetScrollInfo	aa453652	ee503641
SetScrollPos	aa453653	ee503730
SetScrollRange	aa453654	ee501477
SetStretchBltMode	aa453655	ee501241
SetSysColors	aa453656	ee501233
SetSystemPowerState	ms920754	ee497735
SetSystemTime	aa450867	ee488615
SetTcpEntry	aa450937	ee494687
SetTextAlign	ms901143	ee489853
SetTextCharacterExtra	ms901144	ee489860
SetTextColor	ms901145	ee489887
SetThreadContext	aa450889	ee487947
SetThreadPriority	aa450891	ee488350
SetTimeZoneInformation	aa450893	ee488386
SetTimer	aa453657	ee502602
SetUrlCacheConfigInfo	ms905355	ee492619
SetUrlCacheEntryGroup	aa452491	ee492057
SetUrlCacheEntryInfo	ms918858	ee492792
SetUrlCacheGroupAttribute	aa452492	ee492385
SetUserData	ms891984	ee489661
SetUserDefaultLCID	ms906279	ee491343
SetUserDefaultUILanguage	ms906280	ee491351
SetViewportOrgEx	aa453660	ee500818
SetWindowLong	aa453661	ee501419
SetWindowOrgEx	aa453954	ee505638
SetWindowPos	aa453662	ee499098
SetWindowRgn	aa453663	ee501413
SetWindowText	aa453664	ee501199
Setting ForwardMetric Values	ms884896	ee493715
Setting Light Properties	ms924624	ee490133
Setting MSMQQueueInfo.Authenticate	ms884897	ee498644
Setting MSMQQueueInfo.BasePriority	ms884898	ee499796
Setting MSMQQueueInfo.Journal	ms884900	ee500510
Setting MSMQQueueInfo.JournalQuota	ms884901	ee499152
Setting MSMQQueueInfo.Label	ms884902	ee499516
Setting MSMQQueueInfo.PrivLevel	ms884903	ee498929
Setting MSMQQueueInfo.Quota	ms884904	ee499137
Setting MSMQQueueInfo.ServiceTypeGuid	ms884905	ee498857
Setting Material Properties	ms924625	ee490109
Setting Queue Properties (COM)	ms884906	-
Setting Regional Preferences	aa452720	ee505473
Setting Synchronization Options	ms861790	ee484910
Setting Tab Size and Position	aa452721	ee501460
Setting Transformations	ms924631	ee490839
Setting Up Event Sinks	ms905348	ee487600
Setting Up PC Authentication	ms909235	-
Setting Up the HWXGUIDE Structure	ms904346	ee491961
Setting Up the Source Files for a Custom Shell	ms914412	ee502848
Setting Virtual Paths	ms885793	ee498458
Setting a User Name and Password	ms884887	ee494093
Setting an AE Policy	ms937003	ee498181
Setting an Active LAP	ms937002	ee498502
Setting and Retrieving Texture Addressing Modes	ms924628	ee491011
Setting the File Pointer	ms886160	ee489537
Setting the Input Method Programmatically	ms904345	ee492136
Setting the Machine Default CSP	ms925960	ee498171
Setting the Position and Scroll Position of a List View Item	aa452722	ee503720
Setting the Range and Current Position	aa452723	ee500154
Setting the Registry Key to Adjust Gamma Settings	ms901155	-
Setting the Registry Key to Support ClearType	ms901156	-
Setting the Size and Position of the Header Control	aa452724	ee503182
Setting the Target Folder Path on the OBEX Server	ms884908	ee495115
Setting the Time	aa452725	ee505957
Setting the User Default CSP	ms925961	ee497917
Setting the Video Window/Sample Video Window Program	ms924616	-
Setting the Video Window/The Video Window	aa451391	-
Setting the Video Window/Using the IVideoWindow Interface	aa451441	-
Setting up Platform Builder to Build Modified Code in a Public Directory	ms914408	ee502568
Setting up the PC Authentication LAP on a Windows CE Device	ms909236	-
Setting up the PC Authentication PC Application	ms909237	-
Settings Dialog Box Specifications	ms861786	ee486224
Settings Element (Poll Response)	ms896014	ee489096
Settings for Specific File Systems	aa517933	-
SetupComm	aa450896	ee488358
Shading State	ms924634	ee490528
Shaping Engines	ms904347	ee491532
Shared IST for NDIS	ms894021	ee482676
Shared Sockets in the SPI	ms884912	ee493026
Shared Thread Pool	ms894022	ee485887
Sharing Folders Using the File Server	aa451153	-
Sharing Responsibilities	ms894023	ee481311
Shell Application Development	aa453937	-
Shell Components	ms926615	-
Shell Migration	aa452739	ee502562
Shell OS Design Development	aa453938	-
Shell OS Functions	aa452738	-
Shell OS Reference	aa452740	-
Shell OS Structures	aa452744	-
Shell Overview	aa453939	ee499375
Shell Reference	aa452741	-
Shell Registry Settings	aa452742	-
Shell Samples	aa452743	ee499419
Shell Security	ms926685	ee501217
ShellExecuteEx	aa453684	ee500446
ShellRegisterCallbacks	aa453687	ee504307
Shell_NotifyIcon	aa453686	ee506052
Shell_NotifyIconW (NIM_ADD=0, NIM_MODIFY=1, NIM_DELETE=2 -> derived)	https://learn.microsoft.com/en-us/windows/win32/api/shellapi/nf-shellapi-shell_notifyiconw	-
ShortDescription Element (Instruction Response)	ms896015	ee489309
ShowCaret	aa453729	ee502542
ShowInternalMessage	ms905429	ee492404
ShowPrompt	ms905508	ee492896
ShowWindow	aa453731	ee499640
Shut Down RTC	ms909238	ee501687
Shutting down a Standalone Service	ms884914	ee499782
SideShow Architecture	cc700965	-
SideShow Console Sample	cc664377	-
SideShow Functions	cc664371	-
SideShow Messages	cc664230	-
SideShow OS Design Development	cc664384	-
SideShow Reference	cc664395	-
SideShow Registry Settings	cc664379	-
SideShow Security	cc700958	-
SideShowMgr_FindFirstItem	cc664381	-
SideShowMgr_FindItemClose	cc700959	-
SideShowMgr_FindNextItem	cc700961	-
SideShowMgr_ForceConnect	cc700967	-
SideShowMgr_ForceDisconnect	cc664383	-
SideShowMgr_GetAvailableUserNames	cc664367	-
SideShowMgr_GetCurrentCacheSize	cc664369	-
SideShowMgr_GetGadgetCount	cc664397	-
SideShowMgr_GetGadgetInfo	cc664402	-
SideShowMgr_GetGadgetInfoSizes	cc664224	-
SideShowMgr_GetGadgetOrder	cc664399	-
SideShowMgr_GetGuidsFromGadgetId	cc664368	-
SideShowMgr_GetItemData	cc700960	-
SideShowMgr_GetItemDataSize	cc664231	-
SideShowMgr_GetItemDataSizeTimeout	cc664227	-
SideShowMgr_GetNotificationInfo	cc700970	-
SideShowMgr_GetNotificationInfoSizes	cc664400	-
SideShowMgr_GetSizeOfAvailableUserNames	cc664373	-
SideShowMgr_IsServiceRunning	cc700962	-
SideShowMgr_SendApplicationEvent	cc664228	-
SideShowMgr_SetMaximumCacheSize	cc664392	-
SideShowMgr_Start	cc664223	-
SideShowMgr_Stop	cc664220	-
SideShowMgr_UserChangeRequest	cc700964	-
SideShowMgr_UserChangeRequestCch	cc664225	-
SignalStarted	aa450898	ee488242
Signing and Verifying Messages	ms925962	ee498595
Silly Window Syndrome (SWS)	ms884916	ee494123
Simple Network Time Protocol (SNTP)	ms899547	-
Simple Network Time Protocol (SNTP) OS Design Development	ms884917	-
Simple Shell Modifications	ms933849	ee506285
Simplified Chinese Input Method	ms904349	ee491355
Simplified Chinese MSPY 3.0 IME	ms904350	-
Simplified Chinese MSPY 3.0 IME Configuration	ms904351	ee491983
Simplified Chinese MSPY 3.0 IME Configuration Registry Settings	ms904622	ee491157
Simplified Chinese MSPY 3.0 IME Functions	ms906483	-
Simplified Chinese MSPY 3.0 IME Hot Key Registry Settings	ms904626	ee491347
Simplified Chinese MSPY 3.0 IME OS Design Development	ms904352	-
Simplified Chinese MSPY 3.0 IME Reference	ms906281	-
Simplified Chinese Pocket IME	ms904354	-
Simplified Chinese Pocket IME Architecture in Windows CE	ms904355	-
Simplified Chinese Pocket IME Functions	ms904627	-
Simplified Chinese Pocket IME Hot Key Registry Settings	ms904353	ee492115
Simplified Chinese Pocket IME Reference	ms904628	-
Simplified Chinese Pocket IME UI Configuration Registry Settings	ms904629	ee491170
Simplified Chinese Pocket IME UI Module Registry Settings	ms904356	ee491181
Simplified Chinese Pocket IME UI Source Code Files	ms904357	ee491331
Simultaneous Access for Multiple Applications	ms894024	ee484648
Single Function Cards	ms894025	ee481060
Single Subnet with Link-Local Addresses	ms884918	ee494923
SinkFlags	ms932307	ee490278
SipEnumIM	aa453742	ee502586
SipEnumIMProc	aa453743	ee505466
SipGetCurrentIM	aa453744	ee500445
SipGetInfo	aa453745	ee505935
SipRegisterNotification	ms932947	ee505491
SipSetCurrentIM	ms940337	ee505485
SipSetDefaultRect	ms940340	ee504359
SipSetInfo	ms940341	ee505516
SipShowIM	ms940342	ee502869
SipStatus	ms940343	ee499354
SizeofResource	ms940346	ee504352
Skip Method (EnumWSDLService)	ms893470	ee486017
Sleep	aa450900	ee488158
Slot Event Callback	ms894026	ee485908
Slow Start Algorithm and Congestion Avoidance	ms884921	ee493681
Smart Card	ms925963	-
Smart Card Application Development	ms926469	-
Smart Card CSP	ms925966	-
Smart Card Concepts	ms925965	-
Smart Card Database	ms936835	ee498322
Smart Card Database Management Functions	ms936930	ee498572
Smart Card Database Query Functions	ms936933	ee498755
Smart Card Driver Architecture	ms894027	ee486073
Smart Card Driver Debugging	ms894028	ee483627
Smart Card Driver Registry Settings	ms894029	ee483191
Smart Card Driver Samples	ms894031	ee481267
Smart Card Enrollment	ms936943	ee498771
Smart Card Error Values	ms936965	ee498299
Smart Card Functions	ms937004	-
Smart Card Interfaces	ms936944	-
Smart Card Migration	ms937005	ee498296
Smart Card OS Design Development	ms926470	ee498499
Smart Card Readers	ms936945	ee498307
Smart Card Reference	ms937006	-
Smart Card Registry Settings	ms936946	ee498350
Smart Card Resource Manager	ms936947	-
Smart Card Samples	ms937007	ee498170
Smart Card Security	ms937008	ee498516
Smart Card Structures	ms937009	-
Smart Card Subsystem	ms936949	ee498382
Smart Card Tracking Functions	ms936951	ee498757
Smart Card and Reader Access Functions	ms925964	ee498180
SmartcardCreateLink	ms920847	ee483386
SmartcardDeleteLink	ms920918	ee484620
SmartcardDeviceControl	ms920926	ee481918
SmartcardExit	ms920933	ee482465
SmartcardInitialize	ms921144	ee482715
SmartcardLockDevice	ms921243	ee486866
SmartcardRawReply	ms921272	ee486981
SmartcardRawRequest	ms921385	ee484823
SmartcardT0Reply	ms921419	ee483239
SmartcardT0Request	ms921526	ee485095
SmartcardT1Reply	ms921641	ee486055
SmartcardT1Request	ms921760	ee486718
SmartcardUnlockDevice	ms921781	ee481488
SmartcardUpdateCardCapabilities	ms921790	ee482730
SnmpExtensionClose	ms896018	ee489097
SnmpExtensionInit	ms896019	ee489093
SnmpExtensionInitEx	ms896020	ee489339
SnmpExtensionQuery	ms896021	ee489304
SnmpExtensionQueryEx	ms896022	ee489416
SnmpExtensionTrap	ms896023	ee489068
SnmpMibEntry Array	ms894613	ee489447
SnmpMibTable Array	ms894614	ee489262
SnmpMibView Structure	ms894616	ee489056
SnmpSvcGetUptime	ms896024	ee489404
SnmpSvcSetLogLevel	ms896025	ee489296
SnmpSvcSetLogType	ms896026	ee489352
SnmpTfx API Functions	ms894639	ee489109
SnmpTfx Framework Structures	ms894645	-
SnmpTfx Macro Name Conventions	ms894647	ee489432
SnmpTfxClose	ms896028	ee489435
SnmpTfxOpen	ms896029	ee489090
SnmpTfxQuery	ms896030	ee489248
SnmpUtilAsnAnyCpy	ms896031	ee489357
SnmpUtilAsnAnyFree	ms896032	ee489319
SnmpUtilDbgPrint	ms896033	ee489448
SnmpUtilIdsToA	ms896034	ee489430
SnmpUtilIdsToW	ms896035	ee489054
SnmpUtilMemAlloc	ms896036	ee489293
SnmpUtilMemFree	ms896037	ee489331
SnmpUtilMemReAlloc	ms896038	ee489311
SnmpUtilOctetsCmp	ms896039	ee489065
SnmpUtilOctetsCpy	ms896040	ee489344
SnmpUtilOctetsFree	ms896041	ee489114
SnmpUtilOctetsNCmp	ms896042	ee489117
SnmpUtilOidAppend	ms896043	ee489466
SnmpUtilOidCmp	ms896044	ee489490
SnmpUtilOidCpy	ms896045	ee489088
SnmpUtilOidFree	ms896046	ee489113
SnmpUtilOidNCmp	ms896047	ee489247
SnmpUtilOidToA	ms896048	ee489120
SnmpUtilOidToW	ms896049	ee489330
SnmpUtilPrintToStrAsnAny	ms896050	ee489051
SnmpUtilVarBindCpy	ms896051	ee489317
SnmpUtilVarBindFree	ms896052	ee489384
SnmpUtilVarBindListCpy	ms896053	ee489128
SnmpUtilVarBindListFree	ms896054	ee489315
SnmpVarBind	ms896055	ee489290
SnmpVarBindList	ms896056	ee489381
SoapAttribute Method	ms893473	ee485400
SoapDefaultNamespace Method	ms893474	ee484101
SoapInvoke Method	ms893475	ee484130
SoapNamespace Method	ms893477	ee486404
Socket Attribute Flags and Modes	ms884930	ee494064
Socket Class	aa448287	ee483026
Socket Client	ms884931	ee493694
Socket Connections on Connection-Oriented Protocols	ms884933	-
Socket Connections on Connectionless Protocols	ms884932	-
Socket Creation and Descriptor Management	ms884934	-
Socket Functions	ms884935	-
Socket I/O	ms884936	-
Socket Options	ms899548	-
Socket Options Not Supported	ms884938	ee495063
Socket Options and IOCTLs	ms884937	-
Socket Server	ms884939	ee493095
Software Inventory Report	ms894653	ee489461
SoftwareInventorySettings Element (Poll Response)	ms896058	ee489141
Sorting Search Results	ms862704	ee484502
Sorting XML	ms862705	ee502793
Source Code for ProfApp	ms894032	ee483803
SourceFiles Element (Instruction Response)	ms896059	ee489251
SpClearEvent	ms893488	ee483344
SpConvertStreamFormatEnum	ms893490	ee485971
SpCreateBestObject	ms893491	ee485361
SpCreateDefaultObjectFromCategoryId	ms893492	ee483513
SpCreateNewToken (By Category ID)	ms893493	ee484496
SpCreateNewToken (By Token ID)	ms893494	ee483499
SpCreateNewTokenEx (By Category ID)	ms893495	ee483952
SpCreateNewTokenEx (By Token ID)	ms893496	ee485524
SpCreateObjectFromSubToken	ms893497	ee484562
SpCreateObjectFromToken	ms893498	ee485601
SpCreateObjectFromTokenId	ms893499	ee487065
SpCreatePhoneConverter	ms893500	ee483899
SpEnumTokens	ms895368	ee487143
SpEventSerializeSize	ms895391	ee487086
SpFindBestToken	ms895413	ee484539
SpGetCategoryFromId	ms895420	ee486972
SpGetDefaultTokenFromCategoryId	ms895426	ee485157
SpGetDefaultTokenIdFromCategoryId	ms895516	ee483479
SpGetDescription	ms895523	ee484956
SpGetSubTokenFromToken	ms895527	ee484716
SpGetTokenFromId	ms895534	ee485371
SpGetUserDefaultUILanguage	ms895542	ee484527
SpInitEvent	ms895573	ee485313
SpSetCommonTokenData	ms895792	ee484113
SpSetDefaultTokenForCategoryId	ms895795	ee483487
SpSetDefaultTokenIdForCategoryId	ms895800	ee483967
SpSetDescription	ms895805	ee487124
Spanish Keyboard	ms894033	ee486626
Spanning Tree Algorithm Functionality	ms884941	ee493843
Specifying Locales with NLS	ms904358	-
Specifying Privacy Settings	aa451920	-
Specifying Toolbar Size, Position, and Appearance	ms926840	ee503220
Specifying an ISAPI Listener	ms862706	ee485966
Specifying the Directory for Font Loading	ms901106	ee489866
Speech Recognition API and DDI	ms862708	ee483902
Speech Synthesis API and DDI	ms862709	ee485595
Spelling Checker (USA) Migration Issues	ms904359	ee491726
Spin Locks	ms894034	ee484185
StallExecution	aa448325	ee482425
Standard Shell Enumerations	aa452752	-
Standard Shell Functions	aa452753	-
Standard Shell Interfaces	aa452754	-
Standard Shell Macros	aa452755	-
Standard Shell Messages	aa452756	-
Standard Shell Reference	aa452757	-
Standard Shell Structures	aa452758	-
StartDoc	ms940349	ee505661
StartIPSec	aa450960	ee495135
StartPage	ms940350	ee502541
StartTime Element (Instruction Response)	ms896060	ee489058
Starting an FTP Session	ms905622	ee492184
Starting and Stopping the Web Server	ms884945	ee501210
Static Control Styles	ms940359	ee505845
Static Port Mappings	ms884947	ee493872
Static Window Classes	aa448288	ee481735
Status Bars Functions	aa452763	-
Status Bars Messages	aa452764	-
Status Bars Notifications	aa452765	-
Status Bars Reference	aa452766	-
Status Element (Download Event Status)	ms896061	ee489292
StatusMessage Element (Download Event Status)	ms896062	ee489084
Stencil Buffer State	ms924644	ee491482
Stencil Buffers	ms924643	ee491076
Stencil Operations	ms924645	ee490537
Step 1: Creating the Header File	ms897395	ee502356
Step 1: Creating the Sales.xml File	ms897399	ee502657
Step 1: Loading the PCI Bus Driver	ms894036	ee483473
Step 2: Creating the MyContent Class	ms897396	ee503386
Step 2: Enumerating Devices on the PCI Bus	ms894037	ee482890
Step 2: Matching Patterns	ms897400	ee502106
Step 3: Creating the Main Program	ms897397	ee502417
Step 3: Enumerating a PCI Serial Driver	ms894038	ee482706
Step 3: Looping Through Data	ms897401	ee502032
Step 4: Adding Conditional Statements	ms897402	ee502744
Step 4: Enumerating a PCI Ethernet Controller Driver	ms894039	ee486855
Step 5: Adding Other Documents	ms897403	ee502070
Step 5: Loading Drivers on the PCI Bus	ms894040	ee483020
Steps in Developing ActiveSync Providers	ms861795	ee485120
StgCreateDocfile	ms896225	ee489142
StgCreateDocfileOnILockBytes	ms896230	ee489602
StgOpenStorage	ms896253	ee489503
StgOpenStorageOnILockBytes	ms896261	ee487932
StopIPSec	aa450962	ee494080
StopPowerNotifications	aa448148	ee497727
Stopping a Running Service	ms884948	ee500928
Stopping, Pausing, and Restarting a Waveform Audio I/O Device	ms924646	ee487354
Storage Device Settings	aa517915	ee489806
Storage Efficiency and Texture Compression	aa451408	ee490730
Storage Enumerations	aa513800	-
Storage Functions	aa513803	-
Storage Interfaces	aa513805	-
Storage Manager	ms886165	-
Storage Manager Architecture	ms886175	ee490154
Storage Manager Functions	aa516955	-
Storage Manager Loading Process	ms886185	ee490624
Storage Manager Reference	aa516956	-
Storage Manager Registry Settings	ms892393	-
Storage Manager Structures	aa516957	-
Storage Structures	aa513812	-
Storing Session Keys	ms936954	ee498345
StrRetToBuf	ms940378	ee504628
Stream Integer Functions	aa452381	-
Stream Interface Driver Architecture	ms894042	ee482041
Stream Socket Application	ms899832	-
StreamControlState	aa452378	ee494134
StretchBlt	ms940373	ee504535
StretchDIBits	ms940374	ee502921
String	aa450907	ee488753
String Functions	ms896403	-
String Functions (DirectShow)	aa452385	-
String Manipulation Functions	ms862712	ee488272
StringFileInfo	aa450909	ee488169
StringFromCLSID	ms896375	ee487920
StringFromGUID2	ms896381	ee488720
StringFromIID	ms896389	ee488275
StringTable	aa450911	ee488384
Strings Functions	aa450766	-
Submitting a Firewall for Certification	ms899840	ee493838
Subnet Element (Location Response)	ms896063	ee489391
Subordinate DMA Network Adapters	ms894046	ee482314
SubtractRect	ms940381	ee504025
Summary of Browser Characteristics	ms905630	-
Summary of Namespace Provider Functions	ms884950	ee493911
Summary of SPI Functions	ms884952	-
Summary of Socket IOCTL Opcodes	ms884951	ee494735
Summary of Supported MSMQ Functions	ms884949	ee499138
Super Services	ms884953	-
Support for Internet Explorer 6 in Windows CE	aa452009	-
Support for Scatter/Gather Input/Output in the SPI	ms884956	ee493472
Supported Audio Codecs and Renderers/MPEG-1 Layer 1 and 2 Audio Codec	ms924156	-
Supported Audio Codecs and Renderers/Waveform Audio Renderer	ms925704	-
Supported CryptoAPI 2.0 APIs	ms936955	ee498344
Supported DirectShow Filters/ACM Wrapper Filter	ms925329	-
Supported DirectShow Filters/AVI Filter	ms925761	-
Supported DirectShow Filters/Audio Lip Sync Filter	aa452494	-
Supported DirectShow Filters/Audio Renderer (WaveOut) Filter	ms940087	-
Supported DirectShow Filters/Color Space Converter Filter	ms940088	-
Supported DirectShow Filters/DMO Wrapper Filter	aa451613	-
Supported DirectShow Filters/DVR Sink Filter	aa452532	-
Supported DirectShow Filters/DVR Source Filter	aa452533	-
Supported DirectShow Filters/DirectShow Video Renderer Filter	aa452414	-
Supported DirectShow Filters/File Source (Async) Filter	aa451710	-
Supported DirectShow Filters/File Source (URL) Filter	aa451711	-
Supported DirectShow Filters/Filter Categories	aa451712	-
Supported DirectShow Filters/Generic Streamer Filter	aa452497	-
Supported DirectShow Filters/Image Sink Filter	ms940095	-
Supported DirectShow Filters/MPEG-1 Parser/Splitter	ms924155	-
Supported DirectShow Filters/MPEG-2 Program Stream DeMultiplexer Filter	aa452531	-
Supported DirectShow Filters/MPEG-2 Program Stream Multiplexer Filter	aa452498	-
Supported DirectShow Filters/Overlay Mixer	ms932249	-
Supported DirectShow Filters/Smart Tee Filter	ms940073	-
Supported DirectShow Filters/VBI Renderer Filter	aa452563	-
Supported DirectShow Filters/Video/Image Compression Manager	ms925754	-
Supported DirectShow Filters/WAVE/AIFF/au/snd File Parser	aa452467	-
Supported DirectShow Filters/WM ASF Writer Filter	ms940096	-
Supported FTP Commands	ms884955	ee498623
Supported HCI Transport Drivers	ms894035	ee481339
Supported UPnP Functionality	ms885767	ee498995
Supported USB Features	ms894047	ee481075
Supported Video Codecs/MPEG-1 Video Codec	ms924157	-
Supporting Full-Screen Dialog Boxes	ms926882	ee501412
Supporting International Characters and Formatting	ms904360	ee492113
Supporting Multiple Web Sites	ms883003	ee498463
Supporting the Input Panel	ms926909	ee504042
Surface Formats	ms924657	-
Surface Interfaces	ms924658	ee490859
Surface Locks in Direct3D Mobile	ms894049	ee484470
SurfaceHeap Class Definition	aa448178	ee485240
SurfaceHeap Constructor	aa448179	ee483259
SurfaceHeap::Address	aa448174	ee485452
SurfaceHeap::Alloc	aa448175	ee485892
SurfaceHeap::Available	aa448176	ee486843
SurfaceHeap::Free	aa448180	ee486687
SurfaceHeap::NodeSize	aa448181	ee486283
SurfaceHeap::Size	aa448182	ee482441
Surfaces	ms924660	-
Surfaces and Device Contexts/Finding a Surface with a Device Context	ms923371	-
Surfaces and Device Contexts/Retrieving the Device Context for a Surface	ms924613	-
Suspend and Resume Handling	ms894050	ee497733
Suspend and Resume Power Callbacks	ms894051	ee497730
SuspendThread	aa450913	ee488373
Swedish Keyboard	ms894053	ee485302
SwitchToFiber	aa450915	ee488422
SyncCache	ms892139	ee489927
SyncData	ms864376	ee485153
Synchronization Functions	aa450749	-
Synchronization and Device I/O	aa516903	-
Synchronous Bus Requests	ms894055	ee485690
Synchronous Searching	ms884958	ee498482
Synchronous vs. Asynchronous Calls	ms862713	ee483366
SysAllocString	ms896470	ee488306
SysAllocStringByteLen	ms896471	ee489155
SysAllocStringLen	ms896472	ee489172
SysFreeString	ms896473	ee488736
SysReAllocString	ms896475	ee488674
SysReAllocStringLen	ms896476	ee488497
SysStringByteLen	ms896477	ee488110
SysStringLen	ms896478	ee488335
System Errors - Alphabetical Order	aa450917	ee487988
System Errors - Numerical Order	aa450919	ee488398
System Font Registry Settings	ms901091	-
System Group	ms894659	ee489368
System Management Functions	aa450768	-
System Management Structures	aa450770	-
System Power State Setting	ms894057	ee497751
System Power State Transitions	ms894060	ee497748
System Power State to Device Power State Mapping	ms894059	-
System Store Locations	ms936956	ee498132
SystemDefaultLCID Element (Poll Request)	ms896065	ee489270
SystemIdleTimerReset	ms940382	ee502574
SystemParametersInfo	ms940383	ee499131
SystemTimeToFileTime	aa450925	ee488792
SystemTimeToVariantTime	ms896482	ee488946
Systems Management Server Device Management Feature Pack	ms894662	ee489129
T1_DATA	aa448186	ee481536
TBADDBITMAP	ms940414	ee503190
TBBUTTON	ms940418	ee500628
TBBUTTONINFO	ms940420	ee503445
TBM_CLEARSEL	ms913727	ee504368
TBM_CLEARTICS	ms913729	ee502306
TBM_GETBUDDY	ms913731	ee504912
TBM_GETCHANNELRECT	ms913733	ee503385
TBM_GETLINESIZE	ms913735	ee505052
TBM_GETNUMTICS	ms913736	ee500908
TBM_GETPAGESIZE	ms913739	ee502583
TBM_GETPOS	ms913741	ee500800
TBM_GETPTICS	ms913743	ee499411
TBM_GETRANGEMAX	ms913747	ee505495
TBM_GETRANGEMIN	ms913749	ee502258
TBM_GETSELEND	ms913751	ee504188
TBM_GETSELSTART	ms913754	ee504835
TBM_GETTHUMBLENGTH	ms913756	ee505270
TBM_GETTHUMBRECT	ms913758	ee504354
TBM_GETTIC	ms913761	ee499425
TBM_GETTICPOS	ms913765	ee505899
TBM_SETBUDDY	ms913769	ee499118
TBM_SETLINESIZE	ms913773	ee506053
TBM_SETPAGESIZE	ms913779	ee499364
TBM_SETPOS	ms913783	ee505726
TBM_SETRANGE	ms913785	ee505475
TBM_SETRANGEMAX	ms913787	ee506155
TBM_SETRANGEMIN	ms913789	ee501965
TBM_SETSEL	ms913791	ee505633
TBM_SETSELEND	ms913793	ee500836
TBM_SETSELSTART	ms913795	ee504527
TBM_SETTHUMBLENGTH	ms913797	ee500454
TBM_SETTIC	ms913799	ee499343
TBM_SETTICFREQ	ms913802	ee499362
TBN_BEGINDRAG	ms913804	ee505645
TBN_DRAGOUT	ms913807	ee505665
TBN_DROPDOWN	ms913809	ee501733
TBN_ENDDRAG	ms913811	ee502548
TBN_GETBUTTONINFO	ms913813	ee504850
TBREPLACEBITMAP	ms913817	ee500497
TB_ADDBITMAP	ms913849	ee501069
TB_ADDBUTTONS	ms940415	ee505248
TB_ADDSTRING	ms940416	ee505877
TB_AUTOSIZE	ms940417	ee504914
TB_BUTTONCOUNT	ms940419	ee503151
TB_BUTTONSTRUCTSIZE	ms940421	ee505946
TB_CHANGEBITMAP	ms940422	ee503694
TB_CHECKBUTTON	ms940423	ee506077
TB_COMMANDTOINDEX	ms940424	ee503087
TB_DELETEBUTTON	ms940425	ee503754
TB_ENABLEBUTTON	ms940426	ee505866
TB_GETBITMAP	ms940427	ee501390
TB_GETBITMAPFLAGS	ms940428	ee505869
TB_GETBUTTON	ms940429	ee502525
TB_GETBUTTONINFO	ms940430	ee506276
TB_GETBUTTONSIZE	ms940431	ee504030
TB_GETBUTTONTEXT	ms940432	ee505924
TB_GETDISABLEDIMAGELIST	ms940433	ee503930
TB_GETIMAGELIST	ms940434	ee500919
TB_GETITEMRECT	ms940435	ee503947
TB_GETRECT	ms940436	ee505937
TB_GETROWS	ms940437	ee499336
TB_GETSTATE	ms940438	ee504613
TB_GETSTYLE	ms913710	ee501945
TB_GETTEXTROWS	ms913711	ee505079
TB_GETTOOLTIPS	ms913712	ee503411
TB_HIDEBUTTON	ms913713	ee499643
TB_HIGHLIGHTBUTTON	ms913714	ee503901
TB_INDETERMINATE	ms913715	ee499414
TB_INSERTBUTTON	ms913716	ee505255
TB_ISBUTTONCHECKED	ms913717	ee501167
TB_ISBUTTONENABLED	ms913718	ee503360
TB_ISBUTTONHIDDEN	ms913719	ee499417
TB_ISBUTTONHIGHLIGHTED	ms913720	ee503890
TB_ISBUTTONINDETERMINATE	ms913721	ee499406
TB_ISBUTTONPRESSED	ms913722	ee502877
TB_LOADIMAGES	ms913724	ee504825
TB_PRESSBUTTON	ms913815	ee506265
TB_REPLACEBITMAP	ms913851	ee503891
TB_SETBITMAPSIZE	ms913819	ee505462
TB_SETBUTTONINFO	ms913821	ee502217
TB_SETBUTTONSIZE	ms913823	ee500169
TB_SETBUTTONWIDTH	ms913825	ee505081
TB_SETCMDID	ms913827	ee499085
TB_SETDISABLEDIMAGELIST	ms913829	ee504539
TB_SETDRAWTEXTFLAGS	ms913831	ee505659
TB_SETIMAGELIST	ms913833	ee506041
TB_SETINDENT	ms913835	ee503713
TB_SETMAXTEXTROWS	ms913837	ee501922
TB_SETPARENT	ms913839	ee505640
TB_SETROWS	ms913841	ee505290
TB_SETSTATE	ms913843	ee505449
TB_SETSTYLE	ms913845	ee506082
TB_SETTOOLTIPS	ms913847	ee501391
TCHITTESTINFO	ms913854	ee503649
TCITEM	ms913857	ee504373
TCITEMHEADER	ms913860	ee501148
TCM_ADJUSTRECT	ms913864	ee505049
TCM_DELETEALLITEMS	ms913867	ee505042
TCM_DELETEITEM	ms913870	ee501062
TCM_DESELECTALL	ms913872	ee501106
TCM_GETCURFOCUS	ms913876	ee499677
TCM_GETCURSEL	ms913879	ee505438
TCM_GETEXTENDEDSTYLE	ms913882	ee501705
TCM_GETIMAGELIST	ms913885	ee501776
TCM_GETITEM	ms913894	ee499064
TCM_GETITEMCOUNT	ms913898	ee504090
TCM_GETITEMRECT	ms933234	ee500844
TCM_GETROWCOUNT	ms933237	ee499760
TCM_HIGHLIGHTITEM	ms933240	ee505489
TCM_HITTEST	ms933245	ee506090
TCM_INSERTITEM	ms933248	ee499671
TCM_REMOVEIMAGE	ms933255	ee500458
TCM_SETCURFOCUS	ms933258	ee500560
TCM_SETCURSEL	ms933261	ee506073
TCM_SETEXTENDEDSTYLE	ms933265	ee504100
TCM_SETIMAGELIST	ms933267	ee506066
TCM_SETITEM	ms933270	ee501950
TCM_SETITEMEXTRA	ms933276	ee504531
TCM_SETITEMSIZE	ms933283	ee501449
TCM_SETMINTABWIDTH	ms933286	ee504118
TCM_SETPADDING	ms933294	ee506165
TCN_KEYDOWN	ms933299	ee504524
TCN_SELCHANGE	ms933405	ee506058
TCN_SELCHANGING	ms933410	ee504382
TCP Connections to and from Multihomed Computers	ms884964	ee495257
TCP Group	ms894667	ee489140
TCP Keep-Alive Messages	ms884986	ee493894
TCP Receive Window Size Calculation and Window Scaling	ms884987	ee493423
TCP Retransmission Behavior	ms884988	ee493710
TCP Selective Acknowledgment	ms884989	ee494043
TCP/IP	ms899549	-
TCP/IP Application Development	ms899552	-
TCP/IP Architectural Model	ms880936	-
TCP/IP Best Practices	ms884965	ee493637
TCP/IP Migration	ms899550	ee494918
TCP/IP OS Design Development	ms884971	ee493488
TCP/IP Protocol Suite	ms884972	ee495251
TCP/IP Reference	ms899553	-
TCP/IP Registry Settings	ms884973	-
TCP/IP Samples	ms899554	ee494860
TCP/IP Security	ms884975	ee493237
TCP/IP Support in Windows CE	ms884969	-
TCP/IP and Dial-up Support	ms884967	ee493824
TCP/IP and Dynamic DNS	ms884974	ee494863
TCP/IP and IP Helper	ms884970	ee494463
TCP/IP and WINS	ms884985	ee494287
TCP/IP and WinHTTP	ms884984	-
TCP/IP and WinInet	ms884982	ee493700
TCP/IP and Windows Sockets	ms884983	ee494485
TCP/IP and the DHCP Client	ms884966	ee493254
TCP/IP and the DNS Client	ms884968	ee494029
TCP/IPv4 Configurable Registry Settings	ms884977	ee494881
TCP/IPv4 Device Name Registry Settings	ms900416	ee493500
TCP/IPv4 Non-Configurable Registry Settings	ms884978	ee493440
TCP/IPv4 and TCP/IPv6 Common Registry Settings	ms884976	ee495047
TCP/IPv6 Architectural Model	ms884979	ee494070
TCP/IPv6 Configurable Registry Settings	ms884980	ee494644
TCP/IPv6 Registry Settings	ms884981	-
TCP/IPv6 Troubleshooting Tools	ms899556	-
TEXT	aa450932	ee487976
TEXTMETRIC	ms901146	ee489884
TFAT File Naming Limitations	ms892402	-
TFAT Implementation	aa516905	-
TFAT Programming Considerations	aa516906	-
TFAT Registry Settings	aa516907	-
TFAT Write Operations	aa516908	-
TFAT and Block Drivers	aa516904	-
THREADENTRY32	aa450938	ee488795
TIME	ms933416	ee504525
TIMECAPS	aa448189	ee485707
TIMECODE	aa452390	ee495480
TIMECODE_SAMPLE	aa452392	ee492750
TIMESERVICE	ms885298	ee494673
TIME_ZONE_INFORMATION	aa450943	ee488576
TITLE (Command Processor)	aa453747	ee499398
TLIBATTR	ms896486	ee488678
TOOLINFO	aa453757	ee500609
TOUCH_PANEL_SAMPLE_FLAGS	aa448205	ee482891
TPDC_CALIBRATION_POINT	aa448208	ee482057
TPDC_CALIBRATION_POINT_COUNT	aa448209	ee481102
TPDC_SAMPLE_RATE	aa448210	ee485668
TPMPARAMS	aa453766	ee500588
TRANSMIT_FILE_BUFFERS	aa450974	ee493636
TRANSPORT_COMMAND	aa448217	ee484277
TRANSPORT_DATA	aa448218	ee484639
TRANSPORT_HEADER_OFFSET	aa448216	ee482305
TRIVERTEX	aa453818	ee504868
TRUECOLOR	aa452395	ee493406
TRUECOLORINFO	aa452396	ee492731
TRUST Error Codes	aa451035	ee488436
TR_COMPARE_NETWORK_ADDRESSES	aa448219	ee486726
TR_COPY_NETWORK_ADDRESS	aa448220	ee486945
TR_IS_BROADCAST	aa448221	ee482058
TR_IS_FUNCTIONAL	aa448223	ee486931
TR_IS_GROUP	aa448224	ee484812
TR_IS_NOT_DIRECTED	aa448225	ee486486
TR_IS_SOURCE_ROUTING	aa448226	ee486942
TSPI_lineAccept	aa451008	ee496857
TSPI_lineAddToConference	aa451010	ee497158
TSPI_lineAnswer	aa451012	ee496968
TSPI_lineBlindTransfer	aa451014	ee497481
TSPI_lineClose	aa451016	ee496592
TSPI_lineCloseCall	aa451018	ee497064
TSPI_lineCompleteTransfer	aa451020	ee497247
TSPI_lineConditionalMediaDetection	aa451022	ee496184
TSPI_lineConfigDialogEdit	aa451024	ee496623
TSPI_lineDevSpecific	aa451025	ee496829
TSPI_lineDial	aa451028	ee496248
TSPI_lineDrop	aa451030	ee496859
TSPI_lineForward	aa451032	ee497234
TSPI_lineGenerateDigits	aa451034	ee497167
TSPI_lineGenerateTone	aa451036	ee496791
TSPI_lineGetAddressCaps	aa451038	ee497011
TSPI_lineGetAddressID	aa451040	ee496247
TSPI_lineGetAddressStatus	aa451042	ee497237
TSPI_lineGetCallAddressID	aa451044	ee497529
TSPI_lineGetCallInfo	aa451046	ee496803
TSPI_lineGetCallStatus	aa451048	ee497302
TSPI_lineGetDevCaps	aa451050	ee496964
TSPI_lineGetDevConfig	aa451052	ee497564
TSPI_lineGetExtensionID	aa451054	ee497190
TSPI_lineGetID	aa451057	ee497410
TSPI_lineGetIcon	aa451056	ee496237
TSPI_lineGetLineDevStatus	aa451059	ee497289
TSPI_lineGetNumAddressIDs	aa451061	ee496950
TSPI_lineHold	aa451063	ee496461
TSPI_lineMakeCall	aa451066	ee496362
TSPI_lineMonitorDigits	aa451068	ee496644
TSPI_lineMonitorMedia	aa451069	ee496188
TSPI_lineNegotiateExtVersion	aa451071	ee496959
TSPI_lineNegotiateTSPIVersion	aa451072	ee496607
TSPI_lineOpen	aa451073	ee497451
TSPI_linePickup	aa451074	ee497500
TSPI_linePrepareAddToConference	aa451075	ee496854
TSPI_lineRedirect	aa451076	ee497089
TSPI_lineReleaseUserUserInfo	aa451077	ee496769
TSPI_lineRemoveFromConference	aa451078	ee497023
TSPI_lineSendUserUserInfo	aa451080	ee496570
TSPI_lineSetCallParams	aa451082	ee496967
TSPI_lineSetCurrentLocation	aa451084	ee496991
TSPI_lineSetDefaultMediaDetection	aa451086	ee496408
TSPI_lineSetDevConfig	aa451088	ee497179
TSPI_lineSetMediaMode	aa451089	ee496407
TSPI_lineSetStatusMessages	aa451090	ee496759
TSPI_lineSetTerminal	aa451091	ee497407
TSPI_lineSetupConference	aa451092	ee496246
TSPI_lineSetupTransfer	aa451093	ee496158
TSPI_lineSwapHold	aa451094	ee496423
TSPI_lineUnhold	aa451095	ee496756
TSPI_phoneClose	aa451096	ee497170
TSPI_phoneConfigDialog	aa451097	ee496412
TSPI_phoneDevSpecific	aa451098	ee496963
TSPI_phoneGetDevCaps	aa451099	ee496367
TSPI_phoneGetExtensionID	aa451100	ee496843
TSPI_phoneGetGain	aa451101	ee497416
TSPI_phoneGetHookSwitch	aa451102	ee496421
TSPI_phoneGetID	aa451104	ee496952
TSPI_phoneGetIcon	aa451103	ee496425
TSPI_phoneGetRing	aa451105	ee497392
TSPI_phoneGetStatus	aa451106	ee497001
TSPI_phoneGetVolume	aa451107	ee496221
TSPI_phoneNegotiateExtVersion	aa451108	ee497442
TSPI_phoneNegotiateTSPIVersion	aa451109	ee497046
TSPI_phoneOpen	aa451120	ee497475
TSPI_phoneSelectExtVersion	aa451121	ee497429
TSPI_phoneSetGain	aa451122	ee496973
TSPI_phoneSetHookSwitch	aa451123	ee496187
TSPI_phoneSetRing	aa451124	ee496635
TSPI_phoneSetStatusMessages	aa451125	ee496767
TSPI_phoneSetVolume	aa451126	ee496677
TSPI_providerCreateLineDevice	aa451127	ee496801
TSPI_providerCreatePhoneDevice	aa451128	ee497537
TSPI_providerEnumDevices	aa451129	ee497315
TSPI_providerInit	aa451130	ee496639
TSPI_providerInstall	aa451131	ee496833
TSPI_providerRemove	aa451132	ee497204
TSPI_providerRemoveDevice	aa451133	ee497375
TSPI_providerShutdown	aa451134	ee497457
TTHITTESTINFO	aa453819	ee500158
TTM_ACTIVATE	aa453820	ee504837
TTM_ADDTOOL	aa453821	ee505490
TTM_DELTOOL	aa453822	ee505097
TTM_ENUMTOOLS	aa453823	ee500773
TTM_GETCURRENTTOOL	aa453824	ee502853
TTM_GETDELAYTIME	aa453825	ee501442
TTM_GETMARGIN	aa453826	ee500156
TTM_GETMAXTIPWIDTH	aa453827	ee505692
TTM_GETTEXT	aa453828	ee503413
TTM_GETTIPBKCOLOR	aa453829	ee503106
TTM_GETTIPTEXTCOLOR	aa453830	ee500864
TTM_GETTOOLCOUNT	aa453831	ee503904
TTM_GETTOOLINFO	aa453832	ee506241
TTM_HITTEST	aa453833	ee503499
TTM_NEWTOOLRECT	aa453834	ee504023
TTM_POP	aa453835	ee501134
TTM_RELAYEVENT	aa453836	ee505500
TTM_SETDELAYTIME	aa453837	ee502284
TTM_SETMARGIN	aa453838	ee504022
TTM_SETMAXTIPWIDTH	aa453839	ee502291
TTM_SETTIPBKCOLOR	aa453840	ee505317
TTM_SETTIPTEXTCOLOR	aa453841	ee503320
TTM_SETTOOLINFO	aa453842	ee500515
TTM_TRACKACTIVATE	aa453843	ee501190
TTM_TRACKPOSITION	aa453844	ee504351
TTM_UPDATETIPTEXT	aa453845	ee502841
TTM_WINDOWFROMPOINT	aa453846	ee504156
TTN_GETDISPINFO	ms940914	ee503153
TTN_NEEDTEXT	ms913971	ee505306
TTN_POP	ms941011	ee503685
TTN_SHOW	ms941015	ee505637
TUI Application Development	ms931952	-
TUI Architecture	ms909254	-
TUI Architecture and Functionality	ms909255	-
TUI Hardware Requirements and PC Keyboard Hotkeys	ms909248	-
TUI How-to Topics	ms931953	-
TUI IP Phone Functionality	ms909256	-
TUI Keyboard Hotkeys	ms909257	-
TUI Migration	ms909258	-
TUI OS Design Development	ms909247	-
TUI Object Model	ms909259	-
TUI Object and Window Hierarchies	ms909260	-
TUI Reference	ms909261	-
TUI Registry Settings	ms909249	-
TUI Samples	ms931961	-
TUI Security	ms909250	-
TUI Source Code Directories	ms909263	-
TUI Startup and Initialization	ms909265	-
TUI UI Object Model	ms909266	-
TUI User Interface Organization	ms909267	-
TUI User Interface Tips and Tricks	ms909268	-
TUISettings	ms909262	-
TVHITTESTINFO	ms913985	ee501207
TVITEM	ms913992	ee502863
TVM_CREATEDRAGIMAGE	ms914008	ee503908
TVM_DELETEITEM	ms914019	ee501463
TVM_EDITLABEL	ms914024	ee500504
TVM_ENDEDITLABELNOW	ms914028	ee503903
TVM_ENSUREVISIBLE	ms914029	ee506295
TVM_EXPAND	ms914030	ee505064
TVM_GETCOUNT	ms914031	ee500900
TVM_GETEDITCONTROL	ms914032	ee500257
TVM_GETIMAGELIST	ms914033	ee505730
TVM_GETINDENT	ms914034	ee503141
TVM_GETISEARCHSTRING	ms914035	ee505443
TVM_GETITEM	ms914036	ee499698
TVM_GETITEMRECT	ms914037	ee503167
TVM_GETNEXTITEM	ms914038	ee503974
TVM_GETVISIBLECOUNT	ms914039	ee504581
TVM_HITTEST	ms914040	ee505066
TVM_INSERTITEM	ms914041	ee505890
TVM_SELECTITEM	ms914042	ee505440
TVM_SETIMAGELIST	ms914043	ee501196
TVM_SETINDENT	ms914044	ee500925
TVM_SETITEM	ms914045	ee501181
TVM_SETITEMSPACING	ms914046	ee500493
TVM_SORTCHILDREN	ms914047	ee499373
TVM_SORTCHILDRENCB	ms914048	ee503699
TVN_BEGINDRAG	ms914050	ee500856
TVN_BEGINLABELEDIT	ms914051	ee506051
TVN_DELETEITEM	ms914052	ee499402
TVN_ENDLABELEDIT	ms914053	ee502567
TVN_GETDISPINFO	ms914054	ee506261
TVN_ITEMEXPANDED	ms914055	ee502307
TVN_ITEMEXPANDING	ms914056	ee506244
TVN_KEYDOWN	ms914057	ee501446
TVN_SELCHANGED	ms914058	ee499067
TVN_SELCHANGING	ms914059	ee504150
TVN_SETDISPINFO	ms914060	ee505652
TVSORTCB	ms914061	ee503747
TV_DISPINFO	ms913978	ee502271
TV_HITTESTINFO	ms914062	ee505458
TV_INSERTSTRUCT	ms914063	ee505024
TV_ITEM	ms914064	ee505875
TV_KEYDOWN	ms913996	ee501252
TV_SORTCB	ms914065	ee502594
TYMED	ms896492	ee488944
TYPE	ms914066	ee500622
TYPEATTR	ms896493	ee488118
TYPEDESC	ms896494	ee489482
TYPEFLAGS	ms896495	ee489586
TYPEKIND	ms896496	ee488260
Tab Control Styles	ms940386	ee505852
Tab Controls Macros	aa452778	-
Tab Controls Messages	aa452779	-
Tab Controls Notifications	aa452780	-
Tab Controls Reference	aa452781	-
Tab Controls Structures	aa452782	-
TabCtrl_AdjustRect	ms940387	ee506296
TabCtrl_DeleteAllItems	ms940388	ee505090
TabCtrl_DeleteItem	ms940389	ee502840
TabCtrl_DeselectAll	ms940390	ee501093
TabCtrl_GetCurFocus	ms940391	ee499418
TabCtrl_GetCurSel	ms940392	ee503211
TabCtrl_GetExtendedStyle	ms940393	ee504629
TabCtrl_GetImageList	ms940394	ee501795
TabCtrl_GetItem	ms940395	ee500280
TabCtrl_GetItemCount	ms940396	ee503407
TabCtrl_GetItemRect	ms940397	ee502601
TabCtrl_GetRowCount	ms940398	ee499100
TabCtrl_HighlightItem	ms940399	ee501986
TabCtrl_HitTest	ms940400	ee506074
TabCtrl_InsertItem	ms940401	ee503997
TabCtrl_RemoveImage	ms940402	ee501142
TabCtrl_SetCurFocus	ms940403	ee501136
TabCtrl_SetCurSel	ms940404	ee500759
TabCtrl_SetExtendedStyle	ms940405	ee502211
TabCtrl_SetImageList	ms940406	ee502880
TabCtrl_SetItem	ms940407	ee504372
TabCtrl_SetItemExtra	ms940408	ee503758
TabCtrl_SetItemSize	ms940409	ee505904
TabCtrl_SetMinTabWidth	ms940410	ee503228
TabCtrl_SetPadding	ms940411	ee499359
Taking Advantage of DMA Support/About DMA Device Support	aa451156	-
Taking Advantage of DMA Support/Testing for DMA Support	ms924667	-
Taking Advantage of DMA Support/Typical Scenarios for DMA	aa451407	-
TalkBack	ms897394	ee487051
Task Offload Object Identifiers	ms895461	-
Telnet Server	ms899559	-
Telnet Server Application Development	ms899560	-
Telnet Server Input Options	ms884992	ee499512
Telnet Server Migration	ms899561	ee500312
Telnet Server OS Design Development	ms885110	ee499505
Telnet Server Registry Settings	ms885231	ee499490
Telnet Server Samples	ms899595	ee498834
Telnet Server Security	ms885237	ee499722
Telnet Server User Lists	ms885250	ee499780
Terminate a Call	ms909251	ee500974
TerminateExtension	aa450965	ee498453
TerminateFilter	aa450967	ee501268
TerminateProcess	aa450927	ee488378
TerminateThread	aa450930	ee488176
Terminating a Network Connection	ms885274	ee494650
Ternary Raster Operations	aa452783	ee501409
Testing IPv6 Connectivity by Using the Ping Command	ms899868	ee493514
Testing USB Device Drivers	ms894081	ee481100
Testing USB Host Client Drivers for Compliance with the USB Specification	aa448289	-
Testing an IPv6 Connection by Using the Ping Command	ms899850	ee494516
Testing the CSP	ms936957	ee498551
Testing the Multilingual Run-time Image	ms917985	ee491954
Testing the Web Server	ms899875	ee501270
Testing your Application or Device in an IPv6 Environment	ms899882	ee493631
Text Display with Uniscribe	ms917981	-
Texture Addressing Modes	ms924668	-
Texture Addressing Modes and Texture Wrapping	ms924669	ee491024
Texture Blending	aa451365	-
Texture Coordinate Formats	aa451366	ee490817
Texture Coordinate Processing	aa451367	ee490904
Texture Coordinate Transformation	aa451369	ee490703
Texture Coordinate Transformations	aa451370	ee490261
Texture Coordinate Wrapping	aa451371	ee490275
Texture Coordinates	aa451368	-
Texture Dirty Regions	aa451372	ee490087
Texture Filtering	aa451373	-
Texture Filtering with Mipmaps	aa451374	ee490291
Texture Mapping	aa451375	-
Texture Maps	ms894061	ee482027
Texture Read	aa451376	ee491025
Texture Resources	aa451377	ee490875
Texture Stage Inputs	aa451379	ee491654
Texture Stage Operation	aa451380	ee490887
Texture Stage States	aa451381	ee490320
Texture Wrapping	aa451383	ee491588
Texture Wrapping State	aa451384	ee491312
Textures	aa451378	-
Textures with Alpha Channels	aa451382	ee490835
Thai	ms906484	-
Thai OS Design Development	ms904361	ee492123
The DVD Standard/Audio, Video, and Subpicture Data	aa451191	-
The DVD Standard/DVD-Video Menus	ms923209	-
The DVD Standard/Data Organization and Navigation	aa451293	-
The DVD Standard/Domains	aa451362	-
The DVD Standard/Navigation Control Data	ms924166	-
The DVD Standard/Parental Management Levels	ms924196	-
The DVD Standard/User Operation Controls	aa451414	-
The DVDSample Control Panel/Playback in DVDSample	ms924204	-
The DVDSample Startup Sequence/First Play in DVDSample	ms923373	-
The IESample Browser	ms905632	ee487587
The IESimple Browser	aa451930	ee487636
The LINECALLINFO Data Structure	ms885284	ee496157
Theme Hit Test Values	ms905633	ee492250
Theme Parts and States	ms905690	ee492032
Theme Property Values	ms905286	ee492638
Thread32First	aa450934	ee488375
Thread32Next	aa450936	ee487953
ThreadProc	aa450940	ee488554
Throughput Considerations	ms885292	ee495086
Time Functions	aa450771	-
Time Structures	aa450773	-
TimeoutSession	aa450941	ee488438
Timer Driver Functions	ms895462	-
Timer Driver Structures	ms895465	-
TimerProc	aa453746	ee505677
Timestamp Element (Poll Request)	ms896066	ee489438
Timestamps (RFC 1323)	ms885306	ee494511
Tips for Writing ACM Drivers	ms894065	ee484479
TlsAlloc	aa450945	ee488159
TlsFree	aa450947	ee488903
TlsGetValue	aa450949	ee488590
TlsSetValue	aa450951	ee488026
Token Ring Miniport Drivers	ms894066	ee485265
Token Ring Object Identifiers	ms895466	-
ToolHelp Functions	aa450774	-
ToolHelp Structures	aa450776	-
ToolTip Styles	aa453759	ee502891
ToolTips Messages	aa452789	-
ToolTips Notifications	aa453758	-
ToolTips Reference	aa452790	-
ToolTips Structures	aa452791	-
Toolbar Controls Functions	aa452784	-
Toolbar Controls Messages	aa452785	-
Toolbar Controls Notifications	aa452786	-
Toolbar Controls Reference	aa452787	-
Toolbar Controls Structures	aa452788	-
Toolbar Styles	aa453749	ee505463
Toolhelp32ReadProcessMemory	aa450953	ee488417
Touch Screen Driver Development Concepts	ms894068	ee483458
Touch Screen Driver Registry Settings	ms894067	ee482243
Touch Screen Driver Samples	ms894069	ee482802
TouchCalibrate	aa448196	ee481922
TouchPanelCalibrateAPoint	aa448197	ee485039
TouchPanelDisable	aa448198	ee483206
TouchPanelEnable	aa448199	ee484192
TouchPanelGetDeviceCaps	aa448200	ee483035
TouchPanelInitializeCursor	aa448201	ee481724
TouchPanelPowerHandler	aa448202	ee481289
TouchPanelReadCalibrationAbort	aa448203	ee486875
TouchPanelReadCalibrationPoint	aa448204	ee486858
TouchPanelSetCalibration	aa448206	ee482309
TouchPanelSetMode	aa448207	ee484005
Tracert	aa450971	ee493008
TrackPopupMenu	aa453773	ee503594
TrackPopupMenuEx	aa453774	ee504060
Trackbar Control Styles	aa453767	ee502608
Trackbar Controls Messages	aa452796	-
Trackbar Controls Reference	aa452797	-
Traditional Chinese Handwriting Sample IM Registry Settings	ms904363	ee491408
Traditional Chinese Input Method Implementation	ms904364	ee491758
Traditional Chinese Input Methods	ms904365	-
Traditional Chinese Pocket IME	ms904367	-
Traditional Chinese Pocket IME Architecture	ms904368	ee491364
Traditional Chinese Pocket IME Functions	ms904631	-
Traditional Chinese Pocket IME Hot Key Registry Settings	ms904366	ee490910
Traditional Chinese Pocket IME Reference	ms904632	-
Traditional Chinese Pocket IME UI Configuration Registry Settings	ms904634	ee491161
Traditional Chinese Pocket IME UI Module Registry Settings	ms904369	ee490963
Traditional Chinese Pocket IME UI Source Code Files	ms904370	ee491984
TransBusAddrToStatic	aa448211	ee481320
TransBusAddrToVirtual	aa448212	ee482799
Transaction-Safe FAT File System	aa516909	-
Transcriber Handwriting Recognition Application OS Design Development	ms904371	-
Transferring Data	aa447440	ee486697
Transform Filters/About Effect Filters	aa451157	-
Transform Filters/Connecting Transform Filters	aa451253	-
Transform Filters/Creating a Transform Filter	aa451270	-
Transform Filters/Using the CTransformFilter and CTransInPlaceFilter Transform Base Classes	aa451437	-
Transform Filters/Write a Transform Filter in C/C++	ms925285	-
Transformation	aa451396	-
Transformed and Lit Vertex Functionality	aa451397	ee490709
Transformed and Lit Vertices	aa451398	ee490683
Transition Events	aa452068	ee492882
TranslateAccelerator	aa453775	ee500503
TranslateBusAddr	aa448213	ee485282
TranslateCharsetInfo	aa450955	ee487979
TranslateMessage	aa453776	ee502837
TranslateSystemAddr	aa448215	ee483980
Translating Between Schemas	ms862715	ee502754
Transmission Control Protocol (TCP)	ms885312	-
TransmitCommChar	aa450957	ee488400
Transparent Blitting/Blitting with Color Keys	aa451216	-
Transparent Blitting/Color Key Format	aa451244	-
Transparent Blitting/Setting Color Keys	ms924622	-
TransparentBlt	aa453778	ee500253
TransparentImage	aa453779	ee499350
Transport Base Classes/Media Control and Positioning Classes	ms924139	-
Transport Installation	ms885323	ee494925
Transport Level Security (TLS)	ms885336	ee495258
Transport Mapping Between API and SPI Functions	ms885344	ee494682
Transport Protocols	ms862716	ee488516
Transport Protocols and RTC	ms909252	ee499615
Transport Service Providers	ms885352	ee493645
TransportAction	aa450976	ee499179
TransportActions	aa450978	ee499007
TransportInfo	aa451002	ee499525
TransportSettings	aa451004	ee501147
TransportState	aa451006	ee500488
Traversal of UPnP-Enabled NATs	ms909253	-
Tree View Controls Macros	aa452798	-
Tree View Controls Messages	aa452799	-
Tree View Controls Notifications	aa452800	-
Tree View Controls Reference	aa452801	-
Tree View Controls Structures	aa452802	-
Tree View Styles	aa453817	ee502852
TreeView_CreateDragImage	aa453780	ee502528
TreeView_DeleteAllItems	aa453781	ee504099
TreeView_DeleteItem	aa453782	ee505641
TreeView_EditLabel	aa453783	ee502832
TreeView_EndEditLabelNow	aa453784	ee505838
TreeView_EnsureVisible	aa453785	ee499349
TreeView_Expand	aa453786	ee502902
TreeView_GetChild	aa453787	ee499401
TreeView_GetCount	aa453788	ee506069
TreeView_GetDropHilight	aa453789	ee501172
TreeView_GetEditControl	aa453790	ee505224
TreeView_GetFirstVisible	aa453791	ee501428
TreeView_GetISearchString	aa453794	ee505876
TreeView_GetImageList	aa453792	ee504911
TreeView_GetIndent	aa453793	ee502831
TreeView_GetItem	aa453795	ee505421
TreeView_GetItemRect	aa453796	ee501746
TreeView_GetNextItem	aa453797	ee500194
TreeView_GetNextSibling	aa453798	ee504529
TreeView_GetNextVisible	aa453799	ee499747
TreeView_GetParent	aa453800	ee502219
TreeView_GetPrevSibling	aa453801	ee504301
TreeView_GetPrevVisible	aa453802	ee505511
TreeView_GetRoot	aa453803	ee506138
TreeView_GetSelection	aa453804	ee501978
TreeView_GetVisibleCount	aa453805	ee504361
TreeView_HitTest	aa453806	ee500474
TreeView_InsertItem	aa453807	ee502849
TreeView_Select	aa453808	ee505673
TreeView_SelectDropTarget	aa453809	ee499096
TreeView_SelectItem	aa453810	ee505094
TreeView_SelectSetFirstVisible	aa453811	ee504143
TreeView_SetImageList	aa453812	ee503428
TreeView_SetIndent	aa453813	ee504643
TreeView_SetItem	aa453814	ee504381
TreeView_SortChildren	aa453815	ee504879
TreeView_SortChildrenCB	aa453816	ee503702
Triangle Fans	aa451402	ee491065
Triangle Lists	aa451403	ee490662
Triangle Strips	aa451404	ee491247
Troubleshooting IPv6	ms899599	ee494486
Troubleshooting the Hive-Based Registry	aa516910	ee489603
Troubleshooting: Connection Stability Between the USB Host Client Driver and the USB Host Controller Driver	aa448279	ee485413
Troubleshooting: Dropped HID Reports	ms923752	ee482302
Troubleshooting: HID Report Identifier Errors	ms923757	ee484429
Troubleshooting: Setting Up and Using the IPv6 Test Lab	ms899600	ee493267
Trusted Sites Zone Settings	ms905634	ee492386
TryEnterCriticalSection	aa450959	ee488592
Tutorial: Getting Started with XSLT	ms897404	-
Tutorial: JumpStart for Creating a SAX2 Application with C++	ms897398	-
TypeFromPropID	ms892256	ee490174
Types Element	ms862717	ee484995
Types of ACM Drivers	ms894070	ee484465
Types of Atoms	ms926983	ee503370
Types of Crash Dump Files	aa526066	ee480413
UDACCEL	ms914067	ee505089
UDM_GETACCEL	ms914068	ee501736
UDM_GETBASE	ms914069	ee501479
UDM_GETBUDDY	ms914070	ee504095
UDM_GETPOS	ms914071	ee503590
UDM_GETRANGE	ms914072	ee503645
UDM_GETRANGE32	ms914073	ee499690
UDM_SETACCEL	ms914074	ee505686
UDM_SETBASE	ms914075	ee502319
UDM_SETBUDDY	ms914076	ee506079
UDM_SETPOS	ms914077	ee500233
UDM_SETRANGE	ms914078	ee505671
UDM_SETRANGE32	ms914079	ee500809
UDN_DELTAPOS	ms914080	ee503889
UDP Group	ms894672	ee489341
UNICODERANGE	ms918861	ee492583
UNIT_AllocateLocalPlugCB	aa448227	-
UNIT_AllocateLocalPlug_Request	aa448228	-
UNIT_AllocateLocalPlug_Response	aa448229	-
UNIT_CloseUnitDeviceObject	aa448230	-
UNIT_ConnectToRemotePlugCB	aa448232	-
UNIT_ConnectionRequestProcessed_Request	aa448231	-
UNIT_DereferenceConnectionPlug_Request	aa448233	-
UNIT_DisconnectFromRemotePlugCB	aa448234	-
UNIT_FreeLocalPlugCB	aa448235	-
UNIT_FreeLocalPlug_Request	aa448236	-
UNIT_OpenUnitDeviceObject	aa448237	-
UNIT_ProcessRegistryPlugs_Request	aa448238	-
UNIT_QueryLocalPlugs_Request	aa448239	-
UNIT_QueryLocalPlugs_Response	aa448240	-
UNIT_RegisterSubunit_Request	aa448241	-
UNIT_RegisterSubunit_Response	aa448242	-
UNIVERSAL_NAME_INFO	aa451137	ee493299
UNLOAD_DLL_DEBUG_INFO	aa450963	ee488907
UPNPCB_ID	aa451143	ee499765
UPNPDEVICEINFO	aa451144	ee500746
UPNPPARAM	aa451148	ee499011
UPNPSERVICECONTROL	ms898418	ee501138
UPNPSUBSCRIPTION	ms898558	ee498961
UPnP AV Classes	ms899564	-
UPnP AV Constants	ms899565	-
UPnP AV Control Point Sample	aa451139	ee500748
UPnP AV Control Point Utility Classes	aa451140	-
UPnP AV DCP Documentation	ms885436	ee500884
UPnP AV DCP Overview	ms885445	ee498899
UPnP AV Enumerations	ms899566	-
UPnP AV Framework Class Organization	ms885430	ee499459
UPnP AV Framework Debug Zones	ms885451	ee500479
UPnP AV Framework Overview	ms885455	ee499140
UPnP AV Interface and Implementation Classes	aa451141	-
UPnP AV Reference	ms899568	-
UPnP AV Renderer Sample	aa451142	ee500316
UPnP AV Structures	ms899569	-
UPnP Addressing	ms885424	ee501108
UPnP Application Development	ms899562	-
UPnP C Device Host Enumerations	aa450249	-
UPnP C Device Host Functions	aa450250	-
UPnP C Device Host Reference	aa450251	-
UPnP C Device Host Structures	aa450252	-
UPnP Concepts	ms899570	-
UPnP Control	ms885467	ee500516
UPnP Control Point API Interfaces	ms886649	-
UPnP Control Point API Reference	ms886650	-
UPnP Device Control Protocols	ms885482	ee499442
UPnP Device Description	ms885474	ee501266
UPnP Device Host Interfaces	aa450253	-
UPnP Device Host Reference	aa450254	ee499217
UPnP Device and Control Point Architecture	ms885502	-
UPnP Discovery	ms885488	ee498685
UPnP Eventing	ms885495	ee500815
UPnP Generic Control Point and Device Samples	ms885509	ee500865
UPnP Internet Gateway Device Schema Sample	aa451147	ee500182
UPnP Migration	ms899571	ee498659
UPnP OS Design Development	ms885398	ee499218
UPnP Other Utility Classes	ms899572	-
UPnP Presentation	ms885587	ee499149
UPnP Reference	ms899573	-
UPnP Registry Device Creation	ms885695	-
UPnP Registry Device Creation Sample	ms885763	ee498816
UPnP Registry Settings	ms885765	-
UPnP Samples	ms899574	-
UPnP Security	ms885766	ee498939
UPnPAVError	ms899567	ee500341
URL Action Flags	ms918863	ee492866
URL Element (Location Response)	ms896067	ee489261
URL Moniker Error Codes Constants	ms918870	ee492641
URL Moniker Services Enumerations	aa452074	-
URL Moniker Services Errors	aa452076	-
URL Moniker Services Functions	aa452078	-
URL Moniker Services Interfaces	aa452079	-
URL Moniker Services Migration	ms905637	ee492171
URL Moniker Services Overview	ms905638	ee492594
URL Moniker Services Registry Settings	ms905635	ee492173
URL Moniker Services Samples	ms905639	ee492863
URL Moniker Services Security	ms905636	ee492034
URL Moniker Services Structures	aa452081	-
URL Policy Flags	ms918874	ee492387
URL Security Zones	ms905640	ee492060
URL Security Zones Constants	aa452082	-
URL Security Zones Enumerations	aa452083	-
URL Security Zones Functions	aa452084	-
URL Security Zones Interfaces	aa452085	-
URL Security Zones Objects	aa452086	-
URL Security Zones Settings	ms919149	-
URL Security Zones Structures	aa452088	-
URLDownloadToCacheFile	ms918865	ee492664
URLDownloadToFile	ms918866	ee492249
URLOpenBlockingStream	ms918871	ee492239
URLOpenPullStream	ms918872	ee491820
URLOpenStream	ms918873	ee492401
URLTEMPLATE	ms918875	ee491883
URLZONE	ms918876	ee492437
URLZONEREG	ms918877	ee492449
URL_COMPONENTS	ms918864	ee491864
URL_ENCODING	ms918867	ee492450
URLs, Namespaces, and Monikers	ms905641	ee492457
USAGE_AND_PAGE	ms923182	ee485617
USB 2.0 Common Code Implemented by the EHCI Driver	ms894075	ee483101
USB Configuration Descriptor	ms894076	ee481121
USB Device Descriptor	ms894077	ee482882
USB Devices	ms894082	ee486443
USB Driver Interface Functions	ms894083	ee483378
USB Flash Config Tool	ms900593	-
USB Flash Config Tool Architecture	ms900441	ee493083
USB Flash Config Tool Migration	ms900595	ee493251
USB Flash Config Tool OS Design Development	ms900443	-
USB Flash Config Tool Registry Settings	ms900447	ee494659
USB Flash Config Tool Samples	ms900597	ee493244
USB Flash Config Tool Security	ms900450	ee493653
USB Function Client Driver Functions	aa448298	ee485691
USB Function Client Driver Registry Settings	ms895481	ee483079
USB Function Controller Driver Bus Interface	ms894091	ee481673
USB Function Controller Driver MDD	ms894094	ee483617
USB Function Controller Driver MDD and DDI Interface	ms894095	ee482051
USB Function Controller Driver PDD	ms894096	ee485899
USB Function Controller Driver PDD and DDSI Interface	ms894097	ee485641
USB Function Controller Driver Samples	ms894093	ee484604
USB Function Controller Driver Transfers	ms894098	ee486499
USB Function Controller MDD Functions	ms923251	ee485708
USB Function Controller MDD IOCTLs	ms895475	ee485007
USB Function Controller PDD Functions	ms923252	ee485409
USB Function Mass Storage Client Driver Configuration and Implementation	ms894319	ee481047
USB Function Mass Storage Client Driver Execution Sequence	ms894325	ee481692
USB Function Mass Storage Client Driver SCSI-2 Command Support	ms894330	ee486477
USB Function Mass Storage Client Driver SCSI-2 Direct-Access Device Emulator	ms894345	ee481663
USB Function Mass Storage Client Driver Samples	ms894323	ee485619
USB Function Mass Storage Client Driver Transport	ms894347	ee483636
USB Function Serial Client Driver Samples	aa448290	ee482219
USB Host Client Driver Registry Settings	ms894099	ee483095
USB Host Controller Driver Registry Settings	ms894085	ee484468
USB Host Controller Driver Samples	aa447627	ee486631
USB Host Controller-specific Code	ms892165	ee486928
USB Host RNDIS Client Driver	ms893945	ee482698
USB Serial Host Driver Application Programming Interface	aa448291	ee483639
USB Serial Host Driver Registry Settings	aa448293	ee481520
USB Serial Host Driver USB Interface	aa448294	ee483577
USB Short Packets	ms894718	ee484466
USB System Software	ms894721	ee485221
USB Transfer Types	ms894725	ee481929
USB-Level Termination	ms894176	ee482870
USB-RNDIS Flow Control	ms894362	ee483465
USB-RNDIS Power Management	ms894365	ee482894
USBDeviceAttach	ms923216	ee481082
USBInstallDriver	ms923254	ee486032
USBUnInstallDriver	ms923261	ee483670
USB_CONFIGURATION	ms923188	ee485470
USB_CONFIGURATION_DESCRIPTOR	ms923196	ee485821
USB_DEVICE	ms923207	ee482019
USB_DEVICE_DESCRIPTOR	ms923225	ee483872
USB_DRIVER_SETTINGS	ms923236	ee483997
USB_ENDPOINT	ms923242	ee482463
USB_ENDPOINT_DESCRIPTOR	ms923248	ee481090
USB_FUNCS	ms923262	ee486704
USB_INTERFACE	ms923256	ee482516
USB_INTERFACE_DESCRIPTOR	ms923257	ee484873
USERS	ms885775	ee494643
UfnGetRegistryInfo	aa448328	ee486959
UnRegisterTypeLib	ms896499	ee488463
Understanding Partnerships	ms861821	-
Understanding Service Providers	ms861825	-
Understanding TUI Source Code	ms909269	-
Understanding the ActiveSync Manager's Role	ms861830	-
Understanding the DVD-Video API/Architectural Overview of the DVD-Video API	aa451181	-
Understanding the DVD-Video API/The DVD Standard	aa451388	-
Understanding the SOAP Fault &lt;detail&gt; Contents	ms862718	-
Understanding the Unicode Standard	ms904372	-
Unicast IPv6 Addresses	ms885359	ee494848
Unicode Functions	aa450778	-
Unicode Macros	aa450779	-
Unicode Script Processor for Complex Scripts	ms906461	-
Unicode Structures	aa450781	-
Uninstall_Exit	ms864467	ee487164
Uninstall_Init	ms864576	ee484961
Uninstallation	ms885389	ee501061
UnionRect	ms914081	ee499433
Uniscribe Application Development	ms906462	-
Uniscribe Enumerations	ms906485	-
Uniscribe Functions	ms906486	-
Uniscribe Migration	ms904373	-
Uniscribe OS Design Development	ms903796	ee491991
Uniscribe Reference	ms906463	-
Uniscribe Registry Settings	ms904374	ee491646
Uniscribe Samples	ms904375	-
Uniscribe Security	ms904376	-
Uniscribe Structures	ms906487	-
United Kingdom Keyboard	ms894072	ee485827
United States 101 Keyboard	ms894073	ee483413
Universal Plug and Play (UPnP)	ms899563	-
Unload Function (Credential Manager)	ms926454	ee498154
Unlock	aa448243	-
UnlockFileEx	ms892364	ee490757
UnlockUrlCacheEntryFile	ms918862	ee492887
UnlockUrlCacheEntryStream	aa452493	ee491889
UnmapViewOfFile	ms892373	ee490630
UnregisterClass	ms914082	ee499426
UnregisterHotKey	ms914083	ee504859
Unregistering a Peer Name	ms885406	-
UnsealMessage	ms926486	ee498320
Unsupported CryptoAPI 2.0 APIs	ms936958	ee497960
Unsupported FTP Commands	ms885414	ee498949
Untransformed and Lit Vertices	aa451410	ee490313
Untransformed and Unlit Vertices	aa451411	ee491057
Up-Down Controls Functions	aa452803	-
Up-Down Controls Messages	aa452804	-
Up-Down Controls Reference	aa452805	-
Up-Down Controls Structures	aa452806	-
Up-down Control Styles	ms914086	ee504056
Upcalls Exposed by Ws2.dll	ms885421	ee495061
Update Operations	ms862719	ee486145
UpdateDCOMSettings	ms896500	ee488064
UpdateNonLocalHeap	ms923156	-
UpdateOverlay	ms923165	-
UpdateVideoPort	ms923171	-
UpdateWindow	ms914085	ee501696
Updating the Keyboard Driver IST	aa448264	-
UpnpAddDevice	aa451138	ee501208
UpnpGetSCPDPath	aa451145	ee501278
UpnpGetUDN	aa451146	ee499471
UpnpPublishDevice	aa451149	ee498467
UpnpRemoveDevice	aa451150	ee499161
UpnpSetControlResponse	ms898523	ee500230
UpnpSetErrorResponse	ms898533	ee501179
UpnpSetRawControlResponse	ms898542	ee499730
UpnpSubmitPropertyEvent	ms898553	ee500945
UpnpUnpublishDevice	ms898561	ee499162
UrlMkGetSessionOption	ms918868	ee492465
UrlMkSetSessionOption	ms918869	ee492049
Use of ICMP to Diagnose Problems for IPv4	ms885768	ee493283
Use of IGMP by Windows CE	ms885769	-
Use of Streams	ms885770	ee494304
Use of SurfaceHeap	ms894730	ee485002
User Credential Information	ms885772	ee501135
User Datagram Protocol (UDP)	ms885773	ee493877
User Datagram Protocol (UDP) and Name Resolution for IPv4	ms885774	ee493449
User Dictionary for Japanese	ms904377	-
User Help File Modification	ms861434	ee483962
User Help OS Design Development	ms861459	ee486173
User Help Topic Template	ms861440	ee484179
User Management	aa516912	ee489553
User Management Functions	aa517916	-
User Management Reference	aa517934	-
User Profile Hives	aa516913	ee490397
User Profile Setup	aa516915	ee490640
User Profile Storage	aa516916	ee489614
User Profiles	aa516914	-
User Settings	ms909270	-
User-Interface Elements	ms861834	ee487030
UserName Element (Poll Request)	ms896068	ee489351
Using Advanced List View Functionality	ms927020	ee502872
Using Animation Controls	ms906829	ee504601
Using Asynchronous Pluggable Protocols	ms905642	ee491877
Using Asynchronous WinInet Functions	ms905643	ee491814
Using Atoms	ms906849	-
Using Basic Cryptography Services	ms936960	-
Using Client Capabilities	ms905644	ee492781
Using Compressed Textures	aa451421	ee490731
Using Controls	ms862720	ee486538
Using DMOs in a DirectShow Application/DMOs in DirectShow	aa451361	-
Using DMOs in a DirectShow Application/Using the DMO Wrapper Filter	aa451439	-
Using Devices	aa451423	-
Using Direct3D Mobile Resources	aa451424	-
Using DirectDraw Palettes in Windowed Mode/Creating a Palette in Windowed Mode	aa451268	-
Using DirectDraw Palettes in Windowed Mode/Setting Palette Entries in Windowed Mode	ms924626	-
Using DirectDraw Palettes in Windowed Mode/Types of Palette Entries in Windowed Mode	aa451406	-
Using DirectX Media Objects/Data Flow	aa451291	-
Using DirectX Media Objects/Discardable and Optional Streams	aa451356	-
Using DirectX Media Objects/In-Place DMOs	ms923426	-
Using DirectX Media Objects/Processing Data with DMOs	ms924580	-
Using DirectX Media Objects/Streams and Buffers	ms924650	-
Using Event Objects	ms885778	ee494289
Using Flags to Control Caching	ms905645	ee492085
Using Fonts	ms901092	-
Using HTML Components	ms905646	ee492026
Using IPV6_PROTECTION_LEVEL	ms885779	ee493492
Using Images in Image Lists	ms906859	ee500174
Using Index Buffers	aa451429	ee491254
Using Japanese Input Methods	ms904379	-
Using Lights	aa451430	-
Using Message Queuing COM Components in eMbedded Visual C++	ms885780	ee498405
Using Notifications with EDB	aa516917	ee489959
Using Object Identifiers	aa516918	ee489827
Using Overlays in Image Lists	ms906897	ee504567
Using Persistent Caching Functions	ms905647	ee492624
Using PlaySound with Registry-Specified Sounds	aa451435	ee487504
Using PlaySound with a Resource Identifier	aa451434	ee487382
Using Provisioning Information in VAIL	ms909273	-
Using RAPI Calls in a File Filter	aa513061	ee487299
Using SSPI	ms925948	-
Using Services.exe from the Command Line	ms885782	-
Using TFAT	aa516961	-
Using Temporary Addresses in the IPv6 Test Lab	ms900101	ee493007
Using Threads with XML for Windows CE	ms862724	-
Using ToolTips	ms927173	-
Using Transactions (COM)	ms885788	-
Using Uniscribe to Process Complex Scripts	ms904386	-
Using Vertex Buffers	aa451447	-
Using WSAStartup to Initialize Winsock	ms885789	ee494474
Using Web Server Logging	ms885806	ee500201
Using WebBrowser Controls	ms905652	ee492178
Using Windows Messages to Manage Waveform Audio Playback	aa451448	ee487383
Using XML Profiles	ms909275	-
Using Z-Bias	aa451449	ee491667
Using a Backup Authority	ms936959	ee497997
Using a Deferred Handshake	ms885776	ee495074
Using an Enrollment .cfg File	ms926475	-
Using and Modifying TUI User Help	ms909271	-
Using the Address Resolution Protocol	ms885783	ee494295
Using the COM Components	ms885785	-
Using the CTransformFilter and CTransInPlaceFilter Transform Base Classes/A Sample Transform Filter Declaration	aa451184	-
Using the CTransformFilter and CTransInPlaceFilter Transform Base Classes/Introducing the CTransformFilter and CTransInPlaceFilter Classes	ms923430	-
Using the CTransformFilter and CTransInPlaceFilter Transform Base Classes/What the Derived Class Must Provide	ms925255	-
Using the Custom Draw Service	ms927169	-
Using the DMO Base Class	aa451438	-
Using the DVD-Video API/Adding More Player Capabilities	aa451164	-
Using the DVD-Video API/Advanced DVD Player Application Topics	aa451166	-
Using the DVD-Video API/Creating a Simple DVD Player	aa451269	-
Using the Enrollment Client Sample	ms936961	-
Using the FSD Manager	aa516919	-
Using the Hive-Based Registry	aa516920	-
Using the IImeIPoint2 Interface	ms904380	-
Using the IME Composition Window	ms904381	-
Using the ISoapTypeMapperFactory Object	ms862721	ee484181
Using the Japanese Pocket IME UI	ms904382	ee492134
Using the Korean Input Method	ms904383	ee490965
Using the MSMQAdm Utility	ms885786	ee498839
Using the MUI with Applications	ms904384	-
Using the Normalize-space() Function	ms862723	ee503414
Using the Phone IME from the TUI	ms909272	-
Using the PlaySound Function	aa451443	-
Using the PlaySound Function with Waveform Audio Files	aa451445	ee487415
Using the RTC Client API	ms909274	-
Using the Remote Configuration Framework	ms885781	ee493031
Using the Remote Configuration Tool to Configure the File Server	ms899859	-
Using the Traditional Chinese Input Method	ms904385	ee491160
Using the Travel Log Interfaces	ms905649	ee492628
Using the UPnP AV Framework	ms899575	-
Using the UPnP Control Point API	ms898948	-
Using the UPnP Device Host API	ms885787	-
Using the URL Moniker Functions	ms905650	ee492052
Using the Waveform Audio Interface	aa451446	-
Using the WinInet Debug Engine	ms905653	ee492622
Using the WinInet Functions for FTP Sessions	ms905651	ee492054
Utility Classes/COM Utility Classes	aa451251	-
Utility Classes/Debugging Classes	aa451295	-
Utility Classes/List and Queue Classes	ms924126	-
Utility Classes/Multimedia Data Type Classes	ms924158	-
Utility Classes/Win32 Classes	ms925264	-
Utility Functions	aa452400	-
Utility Macros	aa452401	-
VAIL Application Development	ms931956	-
VAIL Architecture	ms909283	-
VAIL Call Conferencing	ms909277	-
VAIL Configuration Data Store Registry Settings	ms909278	-
VAIL Configuration Registry Settings	ms909279	-
VAIL Constants	ms909298	-
VAIL Enumerations	ms909299	-
VAIL How-to Topics	ms931957	-
VAIL Interfaces	ms909300	-
VAIL Migration	ms931958	-
VAIL OS Design Development	ms931959	-
VAIL Objects and Interfaces	ms909280	-
VAIL Plugin Registry Settings	ms909281	-
VAIL Reference	ms909301	-
VAIL Registry Settings	ms909282	-
VAIL Samples	ms931960	-
VAIL Security	ms909284	-
VAIL Structures	ms909302	-
VAIL as a Part of an IP Phone	ms909276	-
VARDESC	aa519049	ee489016
VARIANT and VARIANTARG	aa519089	ee487850
VARKIND	aa519097	ee488066
VARSTRING	ms898569	ee497037
VARTYPE	ms897140	ee488486
VAR_STRING	ms923263	ee485620
VBScript Migration	ms905655	ee497792
VBScript OS Design Development	ms905656	ee497795
VBScript Samples	ms905657	ee497790
VBScript Support in Windows CE	ms905654	-
VCR_RequestResponse	ms923264	-
VERIFYSERVERCERT	ms897184	ee487055
VERSION	ms885790	-
VGA Support	aa448295	ee486897
VIDEOINFO	aa452411	ee495267
VIDEOINFOHEADER	aa452412	ee493609
VIDEOINFOHEADER2	aa452413	ee493800
VIDEOPARAMETERS	ms914096	ee502855
VIDEO_POWER_MANAGEMENT	ms923267	ee483223
VIDEO_STREAM_CONFIG_CAPS	aa452415	ee494199
VIDMEM	ms923268	-
VIDMEMINFO	ms923269	-
VIEWSTATUS	ms897186	ee488962
VMS_	ms912596	-
VOIPLAP_E_	ms912601	-
VOIPLAP_S_	ms912602	-
VOIP_E_	ms912600	ee500428
VOIP_S_	ms912605	-
VS_FIXEDFILEINFO	aa450983	ee488004
VS_VERSIONINFO	aa450984	ee488187
VTableProvStruc	ms926457	ee498497
VVCR_Complete_Request	ms923270	-
VVCR_EVENT_Type	ms923273	-
VVCR_Event_Request	ms923271	-
VVCR_Event_Response	ms923272	-
VVCR_MECHANISM_STATE	ms923274	-
VVCR_QueryState_Response	ms923275	-
VVCR_SetMechanismPosition_Request	ms923276	-
VVCR_SetMechanismState_Request	ms923277	-
VVCR_SetMechanismTrackNumber_Request	ms923278	-
ValidateReadPtr	aa452402	ee494974
ValidateReadWritePtr	aa452403	ee495307
ValidateRect	ms914091	ee502605
ValidateRgn	ms914092	ee505903
ValidateStringPtr	aa452404	ee492346
ValidateStringPtrA	aa452405	ee495245
ValidateStringPtrW	aa452406	ee495705
ValidateWritePtr	aa452407	ee492744
Var	aa450969	ee488649
VarBoolFromCy	ms896506	ee488252
VarBoolFromDate	ms896507	ee488716
VarBoolFromDec	ms896508	ee488461
VarBoolFromDisp	ms896509	ee489369
VarBoolFromI1	ms896510	ee489469
VarBoolFromI2	ms896511	ee488494
VarBoolFromI4	ms896512	ee487883
VarBoolFromR4	ms896513	ee488296
VarBoolFromR8	ms896514	ee489190
VarBoolFromStr	ms896515	ee489144
VarBoolFromUI1	ms896516	ee487944
VarBoolFromUI2	ms896517	ee487846
VarBoolFromUI4	ms896518	ee488473
VarBstrFromBool	ms896519	ee489601
VarBstrFromCy	ms896520	ee487685
VarBstrFromDate	ms896521	ee488273
VarBstrFromDec	ms896522	ee488136
VarBstrFromDisp	ms896523	ee487721
VarBstrFromI1	ms896524	ee489192
VarBstrFromI2	ms896525	ee487905
VarBstrFromI4	ms896526	ee488105
VarBstrFromR4	ms896527	ee488729
VarBstrFromR8	ms896528	ee487785
VarBstrFromUI1	ms896529	ee488694
VarBstrFromUI2	ms896530	ee489431
VarBstrFromUI4	ms896531	ee487913
VarCyFromBool	ms896532	ee488096
VarCyFromDate	ms896533	ee488282
VarCyFromDec	ms896534	ee488259
VarCyFromDisp	ms896535	ee489019
VarCyFromI1	ms896536	ee488326
VarCyFromI2	ms896537	ee489705
VarCyFromI4	ms896538	ee488513
VarCyFromR4	ms896539	ee487931
VarCyFromR8	ms896540	ee488307
VarCyFromStr	ms896541	ee489185
VarCyFromUI1	aa518631	ee489625
VarCyFromUI2	aa518802	ee489717
VarCyFromUI4	aa519021	ee489703
VarDateFromBool	aa519022	ee489695
VarDateFromCy	aa519023	ee488049
VarDateFromDec	aa519024	ee489622
VarDateFromDisp	aa519025	ee487761
VarDateFromI1	aa519026	ee489604
VarDateFromI2	aa519027	ee488117
VarDateFromI4	aa519028	ee489707
VarDateFromR4	aa519029	ee487768
VarDateFromR8	aa519030	ee489148
VarDateFromStr	aa519031	ee489223
VarDateFromUI1	aa519033	ee487906
VarDateFromUI2	aa519034	ee489227
VarDateFromUI4	aa519035	ee488453
VarDateFromUdate	aa519032	ee488319
VarDecFromBool	aa519036	ee489240
VarDecFromCy	aa519037	ee489230
VarDecFromDate	aa519038	ee488340
VarDecFromDisp	aa519039	ee488078
VarDecFromI1	aa519040	ee488146
VarDecFromI2	aa519041	ee489174
VarDecFromI4	aa519042	ee488263
VarDecFromR4	aa519043	ee489176
VarDecFromR8	aa519044	ee489362
VarDecFromStr	aa519045	ee489409
VarDecFromUI1	aa519046	ee488941
VarDecFromUI2	aa519047	ee488501
VarDecFromUI4	aa519048	ee489163
VarFileInfo	aa450972	ee488583
VarI1FromBool	aa519050	ee489389
VarI1FromCy	aa519051	ee487926
VarI1FromDate	aa519052	ee487782
VarI1FromDec	aa519053	ee488670
VarI1FromDisp	aa519054	ee488048
VarI1FromI2	aa519055	ee487724
VarI1FromI4	aa519056	ee487886
VarI1FromR4	aa519057	ee487732
VarI1FromR8	aa519058	ee489153
VarI1FromStr	aa519059	ee489006
VarI1FromUI1	aa519060	ee489232
VarI1FromUI2	aa519061	ee488264
VarI1FromUI4	aa519062	ee487941
VarI2FromBool	aa519063	ee489716
VarI2FromCy	aa519064	ee489204
VarI2FromDate	aa519065	ee487853
VarI2FromDec	aa519066	ee488094
VarI2FromDisp	aa519067	ee489456
VarI2FromI1	aa519068	ee487760
VarI2FromI4	aa519069	ee487737
VarI2FromR4	aa519070	ee488681
VarI2FromR8	aa519071	ee488336
VarI2FromStr	aa519072	ee489590
VarI2FromUI1	aa519073	ee489197
VarI2FromUI2	aa519074	ee487726
VarI2FromUI4	aa519075	ee488285
VarI4FromBool	aa519076	ee488324
VarI4FromCy	aa519077	ee487787
VarI4FromDate	aa519078	ee488718
VarI4FromDec	aa519079	ee489367
VarI4FromDisp	aa519080	ee489455
VarI4FromI1	aa519081	ee489656
VarI4FromI2	aa519082	ee488274
VarI4FromR4	aa519083	ee489708
VarI4FromR8	aa519084	ee489161
VarI4FromStr	aa519085	ee489437
VarI4FromUI1	aa519086	ee489001
VarI4FromUI2	aa519087	ee489639
VarI4FromUI4	aa519088	ee489393
VarNumFromParseNum	aa519098	ee489521
VarParseNumFromStr	aa519099	ee488050
VarR4FromBool	aa519100	ee487783
VarR4FromCy	aa519101	ee488482
VarR4FromDate	aa519102	ee487867
VarR4FromDec	aa519103	ee488679
VarR4FromDisp	aa519104	ee489186
VarR4FromI1	aa519105	ee489151
VarR4FromI2	aa519107	ee487706
VarR4FromI4	aa519109	ee489029
VarR4FromR8	aa519114	ee488521
VarR4FromStr	aa519115	ee489506
VarR4FromUI1	aa519118	ee489216
VarR4FromUI2	aa519121	ee487912
VarR4FromUI4	aa519124	ee489005
VarR8FromBool	aa519126	ee488057
VarR8FromCy	aa519130	ee487727
VarR8FromDate	aa519132	ee488074
VarR8FromDec	aa519134	ee489403
VarR8FromDisp	aa519138	ee489487
VarR8FromI1	aa519141	ee488056
VarR8FromI2	ms896713	ee488338
VarR8FromI4	ms896721	ee487718
VarR8FromR4	ms896833	ee489183
VarR8FromStr	ms896942	ee487933
VarR8FromUI1	ms897055	ee489169
VarR8FromUI2	ms897137	ee488325
VarR8FromUI4	ms897139	ee487873
VarUI1FromBool	ms897143	ee489009
VarUI1FromCy	ms897144	ee488991
VarUI1FromDate	ms897145	ee488682
VarUI1FromDec	ms897146	ee487859
VarUI1FromDisp	ms897147	ee488087
VarUI1FromI1	ms897148	ee489034
VarUI1FromI2	ms897149	ee488708
VarUI1FromI4	ms897150	ee487702
VarUI1FromR4	ms897151	ee489624
VarUI1FromR8	ms897153	ee489210
VarUI1FromStr	ms897154	ee488293
VarUI1FromUI2	ms897155	ee488511
VarUI1FromUI4	ms897156	ee487908
VarUI2FromBool	ms897157	ee489228
VarUI2FromCy	ms897158	ee488053
VarUI2FromDate	ms897159	ee488528
VarUI2FromDec	ms897160	ee489465
VarUI2FromDisp	ms897161	ee489673
VarUI2FromI1	ms897162	ee488721
VarUI2FromI2	ms897163	ee488298
VarUI2FromI4	ms897164	ee487875
VarUI2FromR4	ms897165	ee488113
VarUI2FromR8	ms897166	ee489715
VarUI2FromStr	ms897167	ee489685
VarUI2FromUI1	ms897168	ee489237
VarUI2FromUI4	ms897169	ee488256
VarUI4FromBool	ms897170	ee488668
VarUI4FromCy	ms897171	ee488502
VarUI4FromDate	ms897172	ee488706
VarUI4FromDec	ms897173	ee488744
VarUI4FromDisp	ms897174	ee488514
VarUI4FromI1	ms897175	ee488288
VarUI4FromI2	ms897176	ee488314
VarUI4FromI4	ms897177	ee488979
VarUI4FromR4	ms897178	ee488669
VarUI4FromR8	ms897179	ee489702
VarUI4FromStr	ms897180	ee487915
VarUI4FromUI1	ms897181	ee489022
VarUI4FromUI2	ms897182	ee488257
VarUdateFromDate	ms897142	ee489489
VariantChangeType	aa519090	ee488705
VariantChangeTypeEx	aa519091	ee487788
VariantClear	aa519092	ee487940
VariantCopy	aa519093	ee489149
VariantCopyInd	aa519094	ee488945
VariantInit	aa519095	ee488725
VariantTimeToSystemTime	aa519096	ee487898
VectorFromBstr	ms897183	ee487707
VerQueryValue	aa450973	ee488392
VerifySignature	ms926455	ee498591
VerifyUser	ms926456	ee498587
VerifyUser (LAP)	ms926487	ee498142
VerifyUserStart	ms926488	ee498589
VerifyUserStop	ms926489	ee498789
VerifyUserToTop	ms926490	ee498339
Verifying Users	ms926484	ee498726
Verifying the Existence of a Certificate	ms926476	-
Version Element (Poll Request)	ms896069	ee489100
VersionIndependentProgID Key	ms862725	ee487753
Vertex Buffer Descriptions	aa451452	ee491503
Vertex Buffers	aa451453	-
Vertex Data Description	aa451454	ee490449
Vertex Formats	aa451455	-
Vertex Normals	aa451456	ee491092
Vertex and Index Buffers	ms894734	ee484859
Video Capture Tasks/Capturing an Image From a Still Image Pin	ms940048	-
Video Capture Tasks/Configure the Video Output Format	ms940053	-
Video Capture Tasks/Configure the Video Quality	ms940054	-
Video Capture Tasks/Setting the Capture Frame Rate	ms940071	-
Video Capture Tasks/Setting the Color Format for Video Capture	ms940072	-
Video Capture/Advanced Capture Topics	ms940042	-
Video Capture/Building Graphs with the Capture Graph Builder	ms940045	-
Video Capture/Camera Rotation	aa452495	-
Video Capture/Capture Device Selection	ms940046	-
Video Capture/Capture Graph Builder	ms940047	-
Video Capture/Capture Performance	aa452496	-
Video Capture/Capturing Video to a File	ms940050	-
Video Capture/Controlling a Capture Graph	ms940056	-
Video Capture/Interfaces for Capture Applications	ms940066	-
Video Capture/Video Capture Filters	ms940078	-
Video Capture/Video Capture Tasks	ms940079	-
Video Capture/Video Previews	ms940080	-
Video Ports/About DirectDraw Video-Port Extensions	aa451154	-
Video Ports/Auto-Flipping	aa451192	-
Video Ports/Exploiting Hardware Capabilities	ms923362	-
Video Ports/HREF, VREF, and Connections	ms923410	-
Video Ports/Solutions to Common Video Artifacts	ms924639	-
Video Ports/Solving Problems Caused by Half-Lines	ms924640	-
Video Ports/Vertical Blanking Interval Data	aa451457	-
Video Ports/Video Frames and Fields	aa451459	-
Video Ports/Video-Port Technology Overview	aa451461	-
Video Ports/What Are Video Ports?	ms925254	-
Video Renderers/Alternative Video Renderers	aa451176	-
Video Renderers/Control Distributors	aa451256	-
Video Renderers/Full-Screen Video Renderer	ms923380	-
Video Renderers/Plug-in Distributors and Extensibility	ms924209	-
Video Renderers/Source and Target Rectangles in Video Renderers	ms924642	-
View Transformation	aa451464	ee490735
Viewing Interface Information	ms900107	ee493889
Viewing the IPv6 Routing Table	ms900114	ee495147
Viewing the Neighbor Cache	ms900123	ee493242
Viewing the Route Cache	ms900128	ee493679
Viewport Transformation	aa451463	ee491500
Virtual Path Registry Settings	ms900420	ee499756
VirtualAlloc	aa450975	ee488564
VirtualChannelClose	ms864586	ee486571
VirtualChannelCloseEx	ms864696	-
VirtualChannelEntry	ms879597	ee484955
VirtualChannelEntryEx	ms879610	-
VirtualChannelInit	ms879621	ee486623
VirtualChannelInitEvent	ms879628	ee485365
VirtualChannelInitEventEx	aa514727	-
VirtualChannelInitEx	ms879634	-
VirtualChannelOpen	ms879649	ee485114
VirtualChannelOpenEvent	ms879661	ee483734
VirtualChannelOpenEventEx	aa514754	-
VirtualChannelOpenEx	ms879670	-
VirtualChannelWrite	ms879680	ee485115
VirtualChannelWriteEx	ms879690	-
VirtualFree	aa450979	ee488784
VirtualProtect	aa450980	ee488353
VirtualQuery	aa450981	ee488918
VoIP Manager	ms909285	-
VoIP Manager Initialization	ms909286	-
VoIP Manager SIP Server Registration	ms909287	-
VoIP Manager Setup	aa525638	-
VoIP Manager Shutdown	ms909239	-
VoIP Media Manager	ms909288	-
VoIPCallEvent	ms912597	-
VoIPCallStatus	ms912598	-
VoIPCallType	ms912599	ee499273
VoIPMgrParameters	ms912603	-
VoIPProgressTone	ms912604	-
VoIPSystemEvent	ms912606	-
Voice Performance	ms909289	ee501507
WAN Miniport Driver Indications	ms894736	ee482863
WATSON	ms885794	ee495170
WAVEFORMATEX (SAPI)	ms897187	ee485116
WAVEFORMATEX (Waveform Audio)	aa452419	ee487527
WAVEHDR	aa452420	ee487530
WAVEINCAPS	aa452422	ee487396
WAVEOPENDESC	ms923288	ee485255
WAVEOUTCAPS	aa452442	ee487573
WAVEOUTEXTCAPS	ms923289	ee486066
WAVEPROPINFO	aa448329	ee483092
WAV_Close	ms923281	ee483023
WAV_Deinit	ms923282	ee483645
WAV_IOControl	ms923291	ee481697
WAV_IOControl Messages and Parameter Structures	ms894748	ee481268
WAV_Init	ms923290	ee486635
WAV_Open	ms923292	ee481475
WAV_PowerDown	ms923293	ee483205
WAV_PowerUp	ms923294	ee482084
WAV_Read	ms923295	ee482486
WAV_Seek	ms923296	ee483587
WAV_Write	ms923297	ee484265
WC_SIPPREF	ms914097	ee505451
WIDM_ADDBUFFER	ms923298	ee485243
WIDM_CLOSE	ms923299	ee483203
WIDM_GETDEVCAPS	ms923300	ee486491
WIDM_GETNUMDEVS	ms923301	ee483805
WIDM_GETPOS	ms923302	ee482066
WIDM_GETPROP	aa448330	ee483671
WIDM_OPEN	ms923303	ee482300
WIDM_PREPARE	ms923304	ee484218
WIDM_RESET	ms923305	ee481032
WIDM_SETPROP	aa448331	ee486290
WIDM_START	ms923306	ee484221
WIDM_STOP	ms923307	ee485458
WIDM_UNPREPARE	ms923308	ee485441
WIM_CLOSE	aa452468	ee487359
WIM_DATA	aa452469	ee487343
WIM_OPEN	aa452470	ee487496
WIN32_FILE_ATTRIBUTE_DATA	ms892377	ee489644
WIN32_FIND_DATA	ms892378	ee489924
WINDOWPOS	ms914101	ee501783
WM_ACTIVATE	ms914105	ee502533
WM_CANCELMODE	ms914108	ee499379
WM_CHAR	ms914110	ee499076
WM_CHOOSEFONT_GETLOGFONT	ms914112	ee501141
WM_CHOOSEFONT_GETLOGFONT (formula "#define WM_CHOOSEFONT_GETLOGFONT (WM_USER + 1)" -> derived 0x0401)	https://learn.microsoft.com/en-us/windows/win32/dlgbox/wm-choosefont-getlogfont	-
WM_CLEAR	ms914113	ee503655
WM_CLOSE	ms914114	ee503214
WM_COMMAND	ms914115	ee503387
WM_CONTEXTMENU	ms914116	ee502540
WM_COPY	ms914117	ee504380
WM_COPYDATA	aa453921	ee506246
WM_CREATE	ms914118	ee505447
WM_CTLCOLORBTN	ms914119	ee504523
WM_CTLCOLORDLG	aa453847	ee499647
WM_CTLCOLOREDIT	aa453848	ee503430
WM_CTLCOLORLISTBOX	aa453849	ee504886
WM_CTLCOLORSTATIC	aa453851	ee502610
WM_CUT	aa453852	ee506101
WM_DBNOTIFICATION	ms892379	ee490638
WM_DELETEITEM	aa453853	ee501957
WM_DESTROY	aa453854	ee501771
WM_DRAWITEM	aa453855	ee505834
WM_ENABLE	aa453856	ee502850
WM_ENTERMENULOOP	aa453857	ee499673
WM_ERASEBKGND	aa453858	ee506254
WM_EXITMENULOOP	aa453859	ee503325
WM_FILECHANGEINFO	aa453860	ee501796
WM_FONTCHANGE	ms901147	ee489917
WM_GETDLGCODE	aa453861	ee500227
WM_GETFONT	aa453862	ee505668
WM_GETTEXT	aa453864	ee505670
WM_GETTEXTLENGTH	aa453865	ee505257
WM_HELP	aa453866	ee499363
WM_HIBERNATE	aa453867	ee500871
WM_HOTKEY	aa453868	ee505258
WM_IME_CHAR	ms906445	ee490906
WM_IME_COMPOSITION	ms906446	ee491790
WM_IME_COMPOSITIONFULL	ms906447	ee491186
WM_IME_CONTROL	ms906448	ee491974
WM_IME_ENDCOMPOSITION	ms906449	ee490990
WM_IME_KEYDOWN	ms906450	ee491767
WM_IME_KEYUP	ms906451	ee492151
WM_IME_NOTIFY	ms906452	ee491362
WM_IME_REQUEST	ms906453	ee491402
WM_IME_SELECT	ms906454	ee491400
WM_IME_SETCONTEXT	ms906455	ee491182
WM_IME_STARTCOMPOSITION	ms906456	ee491109
WM_IM_INFO	aa453870	ee502619
WM_INITDIALOG	aa453871	ee505663
WM_INITMENUPOPUP	aa453872	ee500181
WM_KEYDOWN	aa453873	ee499052
WM_KEYFIRST	aa453874	ee503927
WM_KEYLAST	aa453875	ee502320
WM_KEYUP	aa453876	ee502264
WM_KILLFOCUS	aa453877	ee501384
WM_MEASUREITEM	aa453883	ee503711
WM_MENUCHAR	aa453884	ee500164
WM_MOVE	aa453887	ee499342
WM_NEXTDLGCTL	aa453889	ee503433
WM_NOTIFY	aa453890	ee499390
WM_PAINT	aa453891	ee505047
WM_PALETTECHANGED	aa453892	ee501482
WM_PASTE	aa453893	ee503189
WM_QUERYNEWPALETTE	aa453894	ee501995
WM_QUIT	aa453895	ee503194
WM_RENDERALLFORMATS	aa453898	ee503187
WM_RENDERFORMAT	aa453899	ee501247
WM_SETFOCUS	aa453901	ee501183
WM_SETFONT	aa453902	ee505942
WM_SETREDRAW	aa453904	ee501732
WM_SETTEXT	aa453905	ee505426
WM_SIDESHOW_ADD_GADGET	cc664370	-
WM_SIDESHOW_ADD_NOTIFICATION	cc664382	-
WM_SIDESHOW_CACHE_ITEMS_CLEARED	cc664394	-
WM_SIDESHOW_CACHE_ITEM_ADDED	cc664226	-
WM_SIDESHOW_CACHE_ITEM_DELETED	cc664385	-
WM_SIDESHOW_CACHE_ITEM_UPDATED	cc664398	-
WM_SIDESHOW_CONNECTED	cc664376	-
WM_SIDESHOW_CONNECTION_RESULT	cc700956	-
WM_SIDESHOW_DELETE_ALL_GADGETS	cc664396	-
WM_SIDESHOW_DELETE_ALL_NOTIFICATIONS	cc664219	-
WM_SIDESHOW_DELETE_GADGET	cc700966	-
WM_SIDESHOW_DELETE_NOTIFICATION	cc664390	-
WM_SIDESHOW_DISCONNECTED	cc700957	-
WM_SIDESHOW_SELECT_USER	cc664221	-
WM_SIDESHOW_SERVICE_STOPPING	cc664393	-
WM_SIDESHOW_SET_GADGET_ORDER	cc664374	-
WM_SIDESHOW_USER_CHANGED	cc664232	-
WM_SIZE	aa453907	ee506110
WM_STYLECHANGED	aa453908	ee505715
WM_SYSCHAR	aa453909	ee504516
WM_SYSCOLORCHANGE	aa453910	ee503622
WM_SYSCOMMAND	aa453911	ee503138
WM_SYSCOPYDATA	aa453912	ee500595
WM_SYSDEADCHAR	aa453913	ee501414
WM_SYSKEYDOWN	aa453914	ee504532
WM_SYSKEYUP	aa453915	ee504562
WM_UNDO	aa453917	ee503910
WM_WINDOWPOSCHANGED	aa453920	ee505095
WNetAddConnection3	ms898589	ee493048
WNetCancelConnection2	ms898597	ee493217
WNetCloseEnum	ms898606	ee493625
WNetConnectionDialog1	ms898611	ee493274
WNetDisconnectDialog	ms898697	ee494231
WNetDisconnectDialog1	ms898705	ee493699
WNetEnumResource	ms898709	ee494478
WNetGetConnection	ms898710	ee494692
WNetGetUniversalName	ms898711	ee493865
WNetGetUser	ms898712	ee494025
WNetOpenEnum	ms898713	ee494315
WODM_BREAKLOOP	ms923309	ee483877
WODM_BT_SCO_AUDIO_CONTROL	ms887549	ee495648
WODM_CLOSE	ms923310	ee486480
WODM_GETDEVCAPS	ms923311	ee483672
WODM_GETEXTDEVCAPS	ms923312	ee483215
WODM_GETNUMDEVS	ms923313	ee481515
WODM_GETPITCH	ms923314	ee482716
WODM_GETPLAYBACKRATE	ms923315	ee483434
WODM_GETPOS	ms923316	ee484187
WODM_GETPROP	aa448332	ee485042
WODM_GETVOLUME	ms923317	ee485704
WODM_OPEN	ms923318	ee483829
WODM_PAUSE	ms923319	ee481085
WODM_PREPARE	ms923320	ee481055
WODM_RESET	ms923321	ee485845
WODM_RESTART	ms923322	ee482037
WODM_SETPITCH	ms923323	ee483841
WODM_SETPLAYBACKRATE	ms923324	ee484183
WODM_SETPROP	aa448334	ee482253
WODM_SETVOLUME	ms923325	ee483097
WODM_UNPREPARE	ms923326	ee481317
WODM_WRITE	ms923327	ee483860
WOM_CLOSE	aa452471	ee487408
WOM_DONE	aa452472	ee487356
WOM_OPEN	aa452473	ee487386
WPDM_CLOSE	ms923328	ee486441
WPDM_CONTINUE	ms923329	ee486886
WPDM_ENDOFDATA	ms923340	ee484389
WPDM_GETDEVCAPS	ms923341	ee485085
WPDM_GETMIXERVAL	ms923668	ee485857
WPDM_GETVOLUME	ms923342	ee483443
WPDM_OPEN	ms923344	ee482733
WPDM_PAUSE	ms923345	ee483597
WPDM_RESTART	ms923346	ee484079
WPDM_SETMIXERVAL	ms923670	ee483797
WPDM_SETVOLUME	ms923347	ee481870
WPDM_STANDBY	ms923348	ee486064
WPDM_START	ms923568	ee484408
WPDM_STOP	ms923660	ee482237
WPUCloseEvent	ms898715	ee495068
WPUCloseSocketHandle	ms898716	ee494269
WPUCompleteOverlappedRequest	ms900454	ee494931
WPUCreateEvent	ms898717	ee495144
WPUCreateSocketHandle	ms898718	ee494229
WPUFDIsSet	ms898719	ee494870
WPUGetProviderPath	ms898720	ee494536
WPUQueryBlockingCallback	ms898721	ee493690
WPUQuerySocketHandleContext	ms898722	ee495110
WPUResetEvent	ms898723	ee493070
WPUSetEvent	ms898724	ee494284
WRITE_PORT_BUFFER_UCHAR	ms923671	ee482718
WRITE_PORT_BUFFER_ULONG	ms923672	ee481099
WRITE_PORT_BUFFER_USHORT	ms923673	ee483607
WRITE_PORT_UCHAR	ms923674	ee483058
WRITE_PORT_ULONG	ms923676	ee482454
WRITE_PORT_USHORT	ms923677	ee482078
WRITE_REGISTER_BUFFER_UCHAR	ms923678	ee484194
WRITE_REGISTER_BUFFER_ULONG	ms923679	ee481057
WRITE_REGISTER_BUFFER_USHORT	ms923680	ee484061
WRITE_REGISTER_UCHAR	ms923681	ee484396
WRITE_REGISTER_ULONG	ms923682	ee482034
WRITE_REGISTER_USHORT	ms923683	ee482705
WSAAccept	ms898727	ee493252
WSAAddressToString	ms898728	ee494274
WSABUF	ms898729	ee495253
WSACOMPLETION	ms898732	ee495046
WSACleanup	ms898730	ee493918
WSACloseEvent	ms898731	ee493269
WSAConnect	ms898733	ee493678
WSACreateEvent	ms898734	ee494935
WSADATA	ms898735	ee493834
WSAECOMPARATOR	ms898736	ee494452
WSAEnumNameSpaceProviders	ms898737	ee494495
WSAEnumNetworkEvents	ms898738	ee495246
WSAEnumProtocols	ms898739	ee493255
WSAEventSelect	ms898740	ee495095
WSAGetLastError	ms898741	ee494112
WSAGetOverlappedResult	ms898742	ee493265
WSAHtonl	ms898743	ee493085
WSAHtons	ms898744	ee493714
WSAIoctl	ms898745	ee493869
WSAJoinLeaf	ms898746	ee494733
WSALookupServiceBegin (Bluetooth)	ms898747	ee495456
WSALookupServiceBegin (Windows Sockets)	ms898748	ee494273
WSALookupServiceBegin Parameter Values for Enumerating Clouds	ms886628	-
WSALookupServiceBegin Parameter Values for Resolving Peer Names	ms886627	-
WSALookupServiceEnd (Bluetooth)	ms898749	ee495370
WSALookupServiceEnd (Windows Sockets)	ms898750	ee493484
WSALookupServiceNext (Bluetooth)	ms898751	ee495807
WSALookupServiceNext (Windows Sockets)	ms898752	ee493461
WSALookupServiceNext Parameter Values for Enumerating Clouds	ms886629	-
WSALookupServiceNext Parameter Values for Resolving Peer Names	ms886630	-
WSANAMESPACE_INFO	ms898753	ee493886
WSANETWORKEVENTS	ms898754	ee493032
WSANSPIoctl	ms898755	ee494859
WSANtohl	ms898756	ee495092
WSANtohs	ms898757	ee494684
WSAOVERLAPPED	ms898758	ee495102
WSAPROTOCOLCHAIN	ms898759	ee493837
WSAPROTOCOL_INFO	ms898760	ee494294
WSAQUERYSET (Bluetooth)	ms898761	ee495613
WSAQUERYSET (Windows Sockets)	ms898762	ee494253
WSARecv	ms898763	ee494047
WSARecvFrom	ms898764	ee495083
WSAResetEvent	ms898765	ee494941
WSASERVICECLASSINFO	ms898768	ee493006
WSASend	ms898766	ee494227
WSASendTo	ms898767	ee494438
WSASetEvent	ms898769	ee494648
WSASetLastError	ms898770	ee493103
WSASetService (Bluetooth)	ms898771	ee495418
WSASetService (Windows Sockets)	ms898772	ee493906
WSASocket	ms898773	ee493507
WSAStartup	ms898774	ee495252
WSAStringToAddress	ms898775	ee493635
WSATHREADID	ms898776	ee494849
WSAWaitForMultipleEvents	ms900456	ee495059
WSCDeinstallProvider	ms898778	ee493720
WSCEnumProtocols	ms898779	ee493452
WSCInstallNameSpace	ms898780	ee493457
WSCInstallProvider	ms898781	ee494476
WSCUnInstallNameSpace	ms898782	ee493016
WSDL Details Specific to SOAP Toolkit	ms862727	ee484084
WSPAccept	ms898783	ee493045
WSPAddressToString	ms898784	ee493021
WSPAsyncSelect	ms898785	ee494249
WSPBind	ms898786	ee494250
WSPCleanup	ms898787	ee493098
WSPCloseSocket	ms898788	ee494429
WSPConnect	ms898789	ee494433
WSPDATA	ms900586	ee494928
WSPDuplicateSocket	ms898790	ee494669
WSPEnumNetworkEvents	ms898791	ee494242
WSPEventSelect	ms898792	ee493866
WSPGetOverlappedResult	ms898793	ee493240
WSPGetPeerName	ms898794	ee493897
WSPGetSockName	ms898811	ee494477
WSPGetSockOpt	ms898877	ee493870
WSPIoctl	ms898897	ee495069
WSPJoinLeaf	ms898901	ee493632
WSPListen	ms898902	ee493649
WSPRecv	ms898903	ee493650
WSPRecvDisconnect	ms898904	ee494067
WSPRecvFrom	ms898905	ee494321
WSPSelect	ms898906	ee493305
WSPSend	ms898907	ee495079
WSPSendDisconnect	ms898908	ee494232
WSPSendTo	ms898909	ee494709
WSPSetSockOpt	ms898910	ee493510
WSPShutdown	ms898911	ee494276
WSPSocket	ms898912	ee493009
WSPStartup	ms898913	ee494873
WSPStringToAddress	ms898915	ee495118
WZCDeleteIntfObj	ms923684	ee486862
WZCEnumInterfaces	ms923686	ee485092
WZCPassword2Key	ms923687	ee484395
WZCQueryContext	ms923688	ee484257
WZCQueryInterface	ms923689	ee482724
WZCRefreshInterface	ms923690	ee484605
WZCSetContext	ms923691	ee483390
WZCSetInterface	ms923692	ee484235
WZC_802_11_CONFIG_LIST	aa448335	ee482276
WZC_CONTEXT	aa448336	ee481299
WZC_EAPOL_PARAMS	aa448337	ee481033
WZC_WLAN_CONFIG	aa448338	ee486930
Wait Debugging	aa452417	-
WaitCommEvent	aa450985	ee488449
WaitDispatchingMessages	aa452418	ee494332
WaitForDebugEvent	aa450986	ee488758
WaitForMultipleObjects	aa450987	ee487972
WaitForSingleObject	aa450988	ee488762
WaitForVideoPortSync	ms923280	-
Waveform Audio Application Development	ms932630	-
Waveform Audio Functions	ms925318	-
Waveform Audio Messages	ms925319	-
Waveform Audio Migration	aa451465	ee487431
Waveform Audio OS Design Development	ms925091	ee487405
Waveform Audio Reference	ms925320	-
Waveform Audio Registry Settings	ms940081	ee487417
Waveform Audio Samples	ms940030	ee487394
Waveform Audio Security	ms925133	ee487401
Waveform Audio Structures	ms925321	-
Web Proxy	ms899577	-
Web Proxy Filtering	ms885798	ee500338
Web Proxy Functions	ms899578	-
Web Proxy IOCTLs	ms899579	-
Web Proxy Migration	ms885799	ee500936
Web Proxy OS Design Development	ms899580	-
Web Proxy Reference	ms899581	-
Web Proxy Registry Settings	aa450255	ee498938
Web Proxy Samples	ms885800	ee500537
Web Proxy Security	ms885801	ee500916
Web Proxy Structures	ms899582	-
Web Server (HTTPD)	ms899583	-
Web Server (HTTPD) Application Development	ms900424	-
Web Server (HTTPD) OS Design Development	ms900426	-
Web Server Access Rights	ms885802	ee500261
Web Server Authentication	ms885803	ee498957
Web Server Authentication and Permissions	ms885804	-
Web Server Enumerations	ms900582	-
Web Server Functions	aa450256	-
Web Server Implementation Details	ms885805	-
Web Server Migration	ms900429	ee499025
Web Server Overview	ms900432	ee500298
Web Server Permissions	ms885807	ee498897
Web Server Reference	aa450257	-
Web Server Registry Settings	ms900438	-
Web Server Requirements	ms885808	ee500529
Web Server Samples	ms900598	ee500271
Web Server Security	ms885809	-
Web Server Structures	aa450258	-
Web Server User Lists	ms885810	ee499763
WebDAV	ms885795	-
WebDAV Interoperability Issues	ms885796	ee499833
WebDAV Security	ms885797	ee498875
What is White Space?	ms862726	ee502055
WideCharToMultiByte	aa450989	ee488911
Width vs. Pitch	ms925261	ee490110
WinInet Error Messages	aa452091	ee492075
WinInet Migration	ms905659	ee492086
WinInet Overview	ms905658	ee492849
WinInet Registry Settings	ms905660	ee492037
WinInet Samples	ms905662	ee492644
WinInet Security	ms905663	ee492395
WinMain	ms914104	ee499679
Window Callback Services	ms925265	ee487402
Window Classes	aa448296	ee482039
Window Layout and Mirroring	ms903932	ee491565
WindowFromPoint	ms914099	ee499070
WindowProc	ms914102	ee499079
Windows CE Communications Architecture	ms894751	-
Windows CE Explorer Registry Settings	ms914103	-
Windows CE-SIP client, Windows CE-phone, or Messaging Sessions	ms909290	-
Windows CE-based Device Notification	aa513303	-
Windows Media Applications/Creating ASF Files in DirectShow	ms940057	-
Windows Media Event Notification Codes/EC_BANDWIDTHCHANGE	aa451632	-
Windows Media Event Notification Codes/EC_CONTENTPROPERTY_CHANGED	aa451636	-
Windows Media Event Notification Codes/EC_DRMSTATUS	aa451637	-
Windows Media Event Notification Codes/EC_EOS_SOON	aa451639	-
Windows Media Event Notification Codes/EC_ERRORABORTEX	aa451641	-
Windows Media Event Notification Codes/EC_FILE_CLOSED	aa451643	-
Windows Media Event Notification Codes/EC_LOADSTATUS	aa451645	-
Windows Media Event Notification Codes/EC_MARKER_HIT	aa451646	-
Windows Media Event Notification Codes/EC_PLEASE_REOPEN	aa451652	-
Windows Media Event Notification Codes/EC_STATUS	aa451658	-
Windows Media Event Notification Codes/EC_VIDEOFRAMEREADY	aa451665	-
Windows Media Player Control Application Development/Capturing Keyboard and Mouse Events	aa451226	-
Windows Media Player Control Application Development/Codecs and Formats	aa451254	-
Windows Media Player Control Application Development/Compatibility Modes	aa451247	-
Windows Media Player Control Application Development/Customizing the Windows Media Player Control User Interface	aa451290	-
Windows Media Player Control Application Development/Monitoring Stream Status and Network Reception	ms924152	-
Windows Media Player Control Application Development/Playback Methods and Properties	ms924205	-
Windows Media Player Control Application Development/Processing Embedded Script Commands	ms924581	-
Windows Media Player Control Application Development/Retrieving Presentation Information	ms924611	-
Windows Media Player Control Application Development/Using Playlists	aa451433	-
Windows Media Player Control Application Development/Windows Media Player Control Architecture	ms925546	-
Windows Media Player Control Application Development/Windows Media Player Control Error Handling	ms923240	-
Windows Media Player Control Application Development/Windows Media Player Control Unsupported Items	aa452399	-
Windows Media Player Control Reference/Windows Media Player Events	ms925324	-
Windows Media Player Control Reference/Windows Media Player Methods	ms925325	-
Windows Media Player Control Reference/Windows Media Player Properties	ms925326	-
Windows Media Player Control Unsupported Items/Handling of Unsupported Items	ms923398	-
Windows Media Player Control/Windows Media Player Control Application Development	ms932653	-
Windows Media Player Control/Windows Media Player Control Migration	ms925267	-
Windows Media Player Control/Windows Media Player Control OS Design Development	ms925268	-
Windows Media Player Control/Windows Media Player Control Reference	ms925323	-
Windows Media Player Control/Windows Media Player Control Registry Settings	ms925269	-
Windows Media Player Control/Windows Media Player Control Samples	ms940038	-
Windows Media Player Control/Windows Media Player Control Security	ms925270	-
Windows Media Player Events/Buffering	ms936850	-
Windows Media Player Events/Click	aa451531	-
Windows Media Player Events/DblClick	ms907786	-
Windows Media Player Events/Disconnect	aa451587	-
Windows Media Player Events/EndOfStream	aa451684	-
Windows Media Player Events/Error	aa451698	-
Windows Media Player Events/KeyDown	ms932019	-
Windows Media Player Events/KeyPress	ms932020	-
Windows Media Player Events/KeyUp	ms932021	-
Windows Media Player Events/MarkerHit	ms932029	-
Windows Media Player Events/MouseDown	ms932217	-
Windows Media Player Events/MouseMove	ms932218	-
Windows Media Player Events/MouseUp	ms932219	-
Windows Media Player Events/NewStream	ms932240	-
Windows Media Player Events/OpenComplete	ms932246	-
Windows Media Player Events/OpenStateChange	ms932248	-
Windows Media Player Events/PlayStateChange	ms932264	-
Windows Media Player Events/PositionChange	ms932267	-
Windows Media Player Events/ReadyStateChange	ms932277	-
Windows Media Player Events/ScriptCommand	ms932292	-
Windows Media Player Events/StateChange	aa452374	-
Windows Media Player Methods/Cancel	ms936895	-
Windows Media Player Methods/FastForward	aa451707	-
Windows Media Player Methods/FastReverse	aa451708	-
Windows Media Player Methods/GetCodecDescription	aa451728	-
Windows Media Player Methods/GetCodecInstalled	aa451729	-
Windows Media Player Methods/GetCodecURL	aa451730	-
Windows Media Player Methods/GetCurrentEntry	aa451731	-
Windows Media Player Methods/GetMarkerName	aa451733	-
Windows Media Player Methods/GetMarkerTime	aa451734	-
Windows Media Player Methods/GetMediaInfoString	aa451735	-
Windows Media Player Methods/GetMediaParameter	aa451736	-
Windows Media Player Methods/GetMediaParameterName	aa451737	-
Windows Media Player Methods/Next	ms932241	-
Windows Media Player Methods/Open	ms932245	-
Windows Media Player Methods/Pause (Windows Media Player)	ms932253	-
Windows Media Player Methods/Play (Windows Media Player)	ms932260	-
Windows Media Player Methods/Previous	ms932268	-
Windows Media Player Methods/Run (Windows Media Player)	ms932291	-
Windows Media Player Methods/SetCurrentEntry	ms932301	-
Windows Media Player Methods/Stop (Windows Media Player)	aa452376	-
Windows Media Player Properties/AllowChangeDisplaySize	ms925331	-
Windows Media Player Properties/AllowHideControls	ms925332	-
Windows Media Player Properties/AllowScan	ms925334	-
Windows Media Player Properties/AudioStream	ms925711	-
Windows Media Player Properties/AutoRewind	ms925734	-
Windows Media Player Properties/AutoSize (Windows Media Player)	ms925740	-
Windows Media Player Properties/AutoStart	ms925744	-
Windows Media Player Properties/Balance	ms925771	-
Windows Media Player Properties/Bandwidth	ms925778	-
Windows Media Player Properties/BaseURL	ms925879	-
Windows Media Player Properties/BufferingCount	ms936851	-
Windows Media Player Properties/BufferingProgress	ms936852	-
Windows Media Player Properties/BufferingTime	ms936853	-
Windows Media Player Properties/CanScan	ms936896	-
Windows Media Player Properties/CanSeek	ms936897	-
Windows Media Player Properties/CanSeekToMarkers	ms936898	-
Windows Media Player Properties/ChannelDescription	aa451527	-
Windows Media Player Properties/ChannelName	aa451528	-
Windows Media Player Properties/ChannelURL	aa451529	-
Windows Media Player Properties/ClickToPlay	aa451532	-
Windows Media Player Properties/CodecCount	ms926773	-
Windows Media Player Properties/ContactAddress	ms926779	-
Windows Media Player Properties/ContactEmail	ms926780	-
Windows Media Player Properties/ContactPhone	ms926781	-
Windows Media Player Properties/CreationDate	ms907280	-
Windows Media Player Properties/CurrentMarker	ms939121	-
Windows Media Player Properties/CurrentPosition	ms939122	-
Windows Media Player Properties/CurrentState	ms939123	-
Windows Media Player Properties/DefaultFrame	aa451571	-
Windows Media Player Properties/DisplayBackColor	aa451588	-
Windows Media Player Properties/DisplayForeColor	aa451589	-
Windows Media Player Properties/DisplaySize	aa451590	-
Windows Media Player Properties/Duration (Windows Media Player)	aa451615	-
Windows Media Player Properties/EnablePositionControls	aa451676	-
Windows Media Player Properties/EnableTracker	aa451677	-
Windows Media Player Properties/Enabled	aa451675	-
Windows Media Player Properties/EntryCount	aa451686	-
Windows Media Player Properties/ErrorCode	aa451700	-
Windows Media Player Properties/ErrorCorrection	aa451702	-
Windows Media Player Properties/ErrorDescription	aa451703	-
Windows Media Player Properties/FileName	aa451709	-
Windows Media Player Properties/FullScreenMode	aa451721	-
Windows Media Player Properties/GetMoreInfoURL	aa451739	-
Windows Media Player Properties/HasError	aa451742	-
Windows Media Player Properties/HasMultipleItems	aa451743	-
Windows Media Player Properties/ImageSourceHeight	aa452245	-
Windows Media Player Properties/ImageSourceWidth	aa452246	-
Windows Media Player Properties/InvokeURLs	ms912073	-
Windows Media Player Properties/IsBroadcast	ms931808	-
Windows Media Player Properties/IsDurationValid	ms931809	-
Windows Media Player Properties/Language	ms932022	-
Windows Media Player Properties/LostPackets	ms932025	-
Windows Media Player Properties/MarkerCount	ms932028	-
Windows Media Player Properties/MovieWindowSize	ms932230	-
Windows Media Player Properties/Mute	ms932238	-
Windows Media Player Properties/OpenState	ms932247	-
Windows Media Player Properties/PlayCount	ms932261	-
Windows Media Player Properties/PlayState	ms932263	-
Windows Media Player Properties/Rate	ms932274	-
Windows Media Player Properties/ReadyState	ms932276	-
Windows Media Player Properties/ReceivedPackets	ms932278	-
Windows Media Player Properties/ReceptionQuality	ms932279	-
Windows Media Player Properties/RecoveredPackets	ms932280	-
Windows Media Player Properties/SelectionEnd	ms932293	-
Windows Media Player Properties/SelectionStart	ms932294	-
Windows Media Player Properties/SendErrorEvents	ms932295	-
Windows Media Player Properties/SendKeyboardEvents	ms932296	-
Windows Media Player Properties/SendMouseClickEvents	ms932297	-
Windows Media Player Properties/SendMouseMoveEvents	ms932298	-
Windows Media Player Properties/SendOpenStateChangeEvents	ms932299	-
Windows Media Player Properties/SendPlayStateChangeEvents	ms932300	-
Windows Media Player Properties/ShowAudioControls	ms932302	-
Windows Media Player Properties/ShowControls	ms932303	-
Windows Media Player Properties/ShowPositionControls	ms932304	-
Windows Media Player Properties/ShowStatusBar	ms932305	-
Windows Media Player Properties/ShowTracker	ms932306	-
Windows Media Player Properties/SourceLink	ms932315	-
Windows Media Player Properties/SourceProtocol	ms932316	-
Windows Media Player Properties/StreamCount	aa452380	-
Windows Media Player Properties/TransparentAtStart	aa452394	-
Windows Media Player Properties/VideoBorder3D	aa452408	-
Windows Media Player Properties/VideoBorderColor	aa452409	-
Windows Media Player Properties/VideoBorderWidth	aa452410	-
Windows Media Player Properties/Volume	aa452416	-
Windows Media Technologies/ASX Elements Reference	ms925291	-
Windows Media Technologies/Windows Media Event Notification Codes	ms925322	-
Windows Media Technologies/Windows Media Technologies Application Development	ms932664	-
Windows Media Technologies/Windows Media Technologies Migration	ms925271	-
Windows Media Technologies/Windows Media Technologies OS Design Development	ms925272	-
Windows Media Technologies/Windows Media Technologies Registry Settings	ms925273	-
Windows Media Technologies/Windows Media Technologies Samples	ms940041	-
Windows Media Technologies/Windows Media Technologies Security	ms925274	-
Windows Media/Windows Media Player	ms925266	-
Windows Media/Windows Media Player Control	ms940102	-
Windows Media/Windows Media Technologies	ms940103	-
Windows Messenger Architecture	aa513305	ee485369
Windows Messenger Migration	ms879795	ee485771
Windows Messenger Registry Settings	aa513306	ee485514
Windows Messenger Security	aa513307	ee487219
Windows Mobile Error Reporting Reference	aa526069	-
Windows Networking API/Redirector	ms899584	-
Windows Networking API/Redirector Application Development	ms885813	-
Windows Networking API/Redirector Functions	aa450259	-
Windows Networking API/Redirector Migration	ms885814	ee493697
Windows Networking API/Redirector OS Design Development	ms899585	ee493464
Windows Networking API/Redirector Reference	aa450260	-
Windows Networking API/Redirector Registry Settings	aa450132	ee493066
Windows Networking API/Redirector Samples	ms885815	ee494266
Windows Networking API/Redirector Security	ms885816	ee495107
Windows Networking API/Redirector Structures	aa450261	-
Windows Sockets	ms899586	-
Windows Sockets Reference	ms898578	-
Windows Sockets Support for IPv6	ms885818	ee494877
Windows-Specific Extension Functions	ms885819	-
Winsock 2.2	ms885820	-
Winsock Application Development	ms899587	-
Winsock Architecture	ms885821	ee494919
Winsock Completion Indications	ms885823	ee493295
Winsock Enumerations	aa450262	-
Winsock Error Codes	aa450263	ee493863
Winsock Event Objects	ms885825	ee494846
Winsock Functions	aa450264	-
Winsock Migration	ms886607	ee493508
Winsock Name Resolution	ms886615	-
Winsock OS Design Development	ms885817	ee493702
Winsock Overlapped I/O and Event Objects	ms886617	-
Winsock Reference	aa450265	-
Winsock SPI Functions	aa450266	-
Winsock SPI Reference	aa450267	-
Winsock SPI Structures	aa450268	-
Winsock Samples	ms899596	ee493104
Winsock Secure Sockets	ms886618	-
Winsock Security	ms886619	ee493873
Winsock Service Provider Interface (SPI)	ms886620	-
Winsock Service Providers	ms886621	-
Winsock Structures	aa450269	-
Winsock Support in Windows CE	ms886481	-
Winsock and WOSA	ms885822	-
Wireless Network Client Configuration	ms894759	ee495422
Worker Callback Functions and Data	ms894675	ee489370
Working With Unicode Surrogates	ms904394	-
Working with Active and Inactive Pages in a Property Sheet	ms927193	ee500584
Working with Advanced Header Control Functionality	ms927196	ee503625
Working with Certificates in Certificate Stores	ms936962	ee498147
Working with ClearType Fonts	ms901093	ee489847
Working with Common Controls	ms927205	-
Working with DirectDraw Clippers/Clip Lists	aa451237	-
Working with DirectDraw Clippers/Independent DirectDrawClipper Objects	ms923422	-
Working with DirectDraw Clippers/Sharing DirectDrawClipper Objects	ms924635	-
Working with DirectDraw Clippers/Using a Clipper with Multiple Windows	aa451415	-
Working with DirectDraw Clippers/Using a Clipper with the System Cursor	aa451416	-
Working with DirectDraw Clippers/What Are Clippers?	ms925240	-
Working with DirectDraw Objects/Multiple DirectDraw Objects per Process	ms924160	-
Working with DirectDraw Objects/Parent and Child Object Lifetimes	ms924197	-
Working with DirectDraw Objects/What Are DirectDraw Objects?	ms925251	-
Working with DirectDraw Palettes/Palette Animation	ms924194	-
Working with DirectDraw Palettes/Palette Types	ms924195	-
Working with DirectDraw Palettes/Setting Palettes on Nonprimary Surfaces	ms924627	-
Working with DirectDraw Palettes/Sharing Palettes	ms924636	-
Working with DirectDraw Palettes/What Are Palettes?	ms925252	-
Working with DirectDraw Surfaces/Accessing Surface Memory Directly	aa451162	-
Working with DirectDraw Surfaces/Basic Concepts of Surfaces	aa451202	-
Working with DirectDraw Surfaces/Blitting to Surfaces	aa451213	-
Working with DirectDraw Surfaces/COM Reference Count Semantics for Surfaces	aa451250	-
Working with DirectDraw Surfaces/Color Controls	aa451242	-
Working with DirectDraw Surfaces/Converting Color and Format	aa451259	-
Working with DirectDraw Surfaces/Creating Surfaces	aa451277	-
Working with DirectDraw Surfaces/Enumerating Surfaces	ms923228	-
Working with DirectDraw Surfaces/Losing and Restoring Surfaces	ms924131	-
Working with DirectDraw Surfaces/Overlay Surfaces	ms924177	-
Working with DirectDraw Surfaces/Private Surface Data	ms924578	-
Working with DirectDraw Surfaces/Surface Uniqueness Values	ms924662	-
Working with DirectDraw Surfaces/Surfaces and Device Contexts	ms924661	-
Working with DirectDraw Surfaces/Updating Surface Characteristics	aa451412	-
Working with Fonts in the MUI	ms904387	-
Working with Graphics Devices/Graphic Objects and Modes	ms923390	-
Working with Graphics Devices/Memory Device Contexts	ms924144	-
Working with Graphics Devices/Using Bitmaps	aa451417	-
Working with Graphics Devices/Using Colors	aa451419	-
Working with IME Composition Strings	ms904388	ee491549
Working with Input Contexts	ms904389	ee492106
Working with Surrogate Pairs	ms904390	-
Working with TrueType and Raster Fonts	ms901094	ee489857
Working with WebBrowser Events	ms905664	ee492891
Working with the IME Candidate Window	ms904391	ee490982
Working with the IME Status Window	ms904392	ee491585
Working with the Input Method Editor	ms904393	-
World Transformation	ms925282	ee491297
Wrap Texture Address Mode	ms925283	ee491669
Write a Transform Filter in C/C++/Access Additional Interfaces	aa451160	-
Write a Transform Filter in C/C++/Create Registry Information	aa451265	-
Write a Transform Filter in C/C++/Define and Instantiate Your Filter Class	aa451298	-
Write a Transform Filter in C/C++/Override CheckInputType	ms924179	-
Write a Transform Filter in C/C++/Override the Transform Function	ms924187	-
WriteBSTR	aa452474	ee495301
WriteClassStg	ms897190	ee489160
WriteClassStm	ms897191	ee488996
WriteClient (ISAPI Extensions)	ms898725	ee498460
WriteClient (ISAPI Filters)	ms898726	ee499189
WriteDebugLED	aa450990	ee487992
WriteFile	ms892380	ee490774
WriteGenericData	ms892381	ee489570
WriteHitLogging	ms918878	ee492211
WriteInt	aa452475	ee495023
WriteMsgQueue	aa450991	ee488786
WriteProcessMemory	aa450992	ee488243
WriteRegData	ms892382	ee490177
Writing Capture Filters/Exposing Capture and Compression Formats	ms940059	-
Writing Capture Filters/Implementing a Preview Pin	ms940064	-
Writing Capture Filters/Pin Requirements for Capture Filters	ms940068	-
Writing Capture Filters/Producing Data in a Capture Filter	ms940069	-
Writing DirectShow Filters/DirectShow Architecture for Filter Developers	aa451344	-
Writing DirectShow Filters/DirectShow and COM	aa451342	-
Writing DirectShow Filters/File Formats	ms923364	-
Writing DirectShow Filters/Transform Filters	aa451399	-
Writing DirectShow Filters/Video Renderers	aa451462	-
Writing DirectShow Filters/Writing Capture Filters	ms940084	-
Writing Pixels	ms925290	ee490899
Writing a CSP	ms936963	ee498144
Writing and Creating a Record	aa516921	ee489975
Writing and Creating a Registry Value	aa516922	ee489747
Writing to a File	aa516923	ee490586
WstrToInt	aa452476	ee492282
X.509 Digital Certification	ms936964	ee498715
XLATEOBJ	ms923693	ee484650
XLATEOBJ_cGetPalette	ms923694	ee483070
XML Core Services Registry Settings	ms862728	ee503069
XML Core Services and Document Object Model	ms897385	-
XML DOM Application Development	aa513817	-
XML DOM Enumerated Constants	ms897200	ee503163
XML DOM Error Messages	ms897201	ee502700
XML DOM Events	aa513822	-
XML DOM Methods	aa513825	-
XML DOM Migration	aa513827	ee503508
XML DOM Objects/Interfaces	aa513829	-
XML DOM Properties	aa513831	-
XML DOM Reference	aa513832	-
XML DOM Samples	aa513834	ee502332
XML DOM Security	ms862729	ee502672
XML Data Islands Application Development	ms905667	ee492467
XML Data Islands Migration	ms905668	ee492629
XML Data Islands OS Design Development	ms918879	ee491858
XML Data Islands Samples	ms905669	ee492436
XML Error Messages	aa513821	-
XML HTTP	ms897386	-
XML HTTP Methods	aa513835	-
XML HTTP Objects/Interfaces	aa513838	-
XML HTTP Properties	aa513839	-
XML HTTP Reference	aa513841	-
XML Minimal Parser	ms897387	-
XML Minimal Parser Application Development	aa513843	ee502664
XML Minimal Parser Interfaces	ms897202	ee502076
XML Minimal Parser Migration	aa513848	ee503492
XML Minimal Parser Reference	ms897203	-
XML Minimal Parser Registry Settings	ms862731	ee503517
XML Minimal Parser Samples	aa513849	ee502331
XML OS Design Development	ms897388	ee502049
XML Parser Architecture for Windows CE	ms862732	-
XML Profile Samples	ms909291	-
XML Query Language (XQL)	ms897389	-
XML SAX	ms897390	-
XML SAX Application Development	ms862733	-
XML SAX Interfaces	aa513852	-
XML SAX Migration	aa513857	ee503059
XML SAX Reference	aa513860	-
XML SAX Samples	aa513862	ee503503
XML Stylesheet Language Transformations (XSLT)	ms897391	-
XML for Windows CE	ms862730	-
XMLSchemaCache/IXMLDOMSchemaCollection	ms897206	ee503532
XPath	ms862734	-
XPath Examples	ms897207	ee502645
XPath Functions	ms897208	-
XPath Syntax	ms897209	-
XQL Application Development	ms862735	-
XQL Error Messages	ms897210	ee502404
XQL Migration	aa513867	ee503145
XQL Reference	aa513864	-
XQL Samples	aa513868	ee502400
XSLT Application Development	ms897392	-
XSLT Developer Guide	ms862738	-
XSLT Elements	aa513870	-
XSLT Error Messages	ms897361	ee502713
XSLT Functions	aa513874	-
XSLT Fundamentals	ms862739	-
XSLT Interfaces	aa513878	-
XSLT Methods	aa513880	-
XSLT Migration	aa513884	ee502810
XSLT Properties	aa513887	ee503078
XSLT Reference	aa513889	-
XSLT Registry Settings	aa513268	ee503356
XSLT Samples	aa513892	ee502710
XSLT Security	aa513561	ee503542
XSLT and XPath Conformance Notes	ms862737	ee503522
XXX_Close (Device Manager)	ms923695	ee483038
XXX_Deinit (Device Manager)	ms923696	ee484598
XXX_IOControl (Device Manager)	ms923699	ee482653
XXX_Init (Device Manager)	ms923697	ee482670
XXX_Init (NDIS)	ms923698	ee486041
XXX_Open (Device Manager)	ms923700	ee482089
XXX_PowerDown (Device Manager)	ms923701	ee483450
XXX_PowerUp (Device Manager)	ms923702	ee484857
XXX_PreClose (Device Manager)	ms923706	ee485644
XXX_PreDeinit (Device Manager)	ms923707	ee482898
XXX_Read (Device Manager)	ms923703	ee483650
XXX_Seek (Device Manager)	ms923704	ee484207
XXX_Write (Device Manager)	ms923705	ee481527
ZAFLAGS	ms918890	ee492821
ZONEATTRIBUTES	ms918891	ee492793
ZONE_AV_	ms899589	ee499450
[MS-RDPBCGR] 2.2.1.3.4.1 Channel Definition Structure (CHANNEL_DEF): name 8 bytes / seven ANSI chars -> CHANNEL_NAME_LEN=7; CHANNEL_OPTION_* values 0x80000000..0x00100000 (spec prints REMOTE_CONTROL_PERSISTENT for the CE CHANNEL_OPTION_REMOTE_CONTROL_PERSISTENT)	https://learn.microsoft.com/en-us/openspecs/windows_protocols/ms-rdpbcgr/a9b9dc4a-6ae4-4b04-a6f5-87e5ed6fd7e7	-
[MS-RDPBCGR] 2.2.6.1.1 Channel PDU Header (CHANNEL_PDU_HEADER): CHANNEL_FLAG_FIRST=0x1, LAST=0x2 (-> MIDDLE=0, ONLY=FIRST|LAST per the CE ms879661 wording)	https://learn.microsoft.com/en-us/openspecs/windows_protocols/ms-rdpbcgr/f125c65e-6901-43c3-8071-d7d5aaee7ae4	-
_CEDUMP_BUCKET_PARAMETERS	ms939635	ee481184
_CEDUMP_ELEMENT_LIST	ms939636	ee481567
_CEDUMP_EXCEPTION	ms939637	ee481797
_CEDUMP_EXCEPTION_STREAM	ms939638	ee481391
_CEDUMP_FIELD_INFO	ms939639	ee479582
_CEDUMP_MEMORY_LIST	ms939640	ee480785
_CEDUMP_SYSTEM_INFO	ms939641	ee481012
_CEDUMP_THREAD_CALL_STACK	ms939642	ee479813
_CEDUMP_THREAD_CALL_STACK_FRAME	ms939643	ee480848
_CEDUMP_THREAD_CALL_STACK_LIST	ms939644	ee481962
_DERIVED_::InternalAcceptingInput	aa451573	ee495005
_DERIVED_::InternalCheckInputType	aa451574	ee492344
_DERIVED_::InternalCheckOutputType	aa451575	ee492674
_DERIVED_::Lock	aa451576	ee493981
_DERIVED_::Unlock	aa451577	ee496292
_DPIEWebBrowserEvents2::BeforeNavigate2	aa452156	-
_DPIEWebBrowserEvents2::CommandStateChange	aa452157	-
_DPIEWebBrowserEvents2::DocumentComplete	aa452159	-
_DPIEWebBrowserEvents2::DownloadBegin	aa452161	-
_DPIEWebBrowserEvents2::DownloadComplete	aa452163	-
_DPIEWebBrowserEvents2::NavigateComplete2	aa452165	-
_DPIEWebBrowserEvents2::NewWindow2	aa452167	-
_DPIEWebBrowserEvents2::OnFullScreen	aa452170	-
_DPIEWebBrowserEvents2::OnMenuBar	aa452172	-
_DPIEWebBrowserEvents2::OnProgressChange	aa452174	-
_DPIEWebBrowserEvents2::OnQuit	aa452176	-
_DPIEWebBrowserEvents2::OnStatusBar	aa452178	-
_DPIEWebBrowserEvents2::OnTheaterMode	aa452179	-
_DPIEWebBrowserEvents2::OnToolBar	aa452181	-
_DPIEWebBrowserEvents2::OnVisible	aa452183	-
_DPIEWebBrowserEvents2::PropertyChange	aa452185	-
_DPIEWebBrowserEvents2::StatusTextChange	aa452187	-
_DPIEWebBrowserEvents2::TitleChange	aa452189	-
_ISpPrivateEngineCall	ms897368	-
_ISpPrivateEngineCall::CallEngine	ms897369	ee485349
_ISpPrivateEngineCall::CallEngineEx	ms897370	ee484907
_MINIDUMP_DIRECTORY	ms939645	ee481629
_MINIDUMP_HEADER	ms939646	ee481802
_MINIDUMP_LOCATION_DESCRIPTOR	ms939647	ee480754
_MINIDUMP_MEMORY_DESCRIPTOR	ms939648	ee482007
_MINIDUMP_STREAM_TYPE	ms939649	ee479795
_MINIDUMP_STRING	ms939650	ee480682
_SHGDNF (SHGDN_INFOLDER=0x1, FOREDITING=0x1000, FORADDRESSBAR=0x4000, FORPARSING=0x8000; conflicts with the CE bare enum reading -- all four stay held)	https://learn.microsoft.com/en-us/windows/win32/api/shobjidl_core/ne-shobjidl_core-_shgdnf	-
_SVGIO (SVGIO_BACKGROUND=0..SVGIO_FLAG_VIEWORDER=0x80000000 -> derived)	https://learn.microsoft.com/en-us/windows/win32/api/shobjidl_core/ne-shobjidl_core-_svgio	-
_SVSIF (SVSI_DESELECT=0..SVSI_CHECK=0x100 -> derived; SVSI_NOSTATECHANGE is CE-only)	https://learn.microsoft.com/en-us/windows/win32/api/shobjidl_core/ne-shobjidl_core-_svsif	-
aPropID	aa450286	ee500870
aPropVar	aa450287	ee499813
aStatus	aa450288	ee498430
abort	ms894682	ee489041
abort Method	aa513894	ee502015
abort Method (DOMDocument)	aa513897	ee503365
abort Method (IXMLHTTPRequest)	aa513899	ee503085
absoluteChildNumber Method	aa513902	ee503056
accept (Bluetooth)	aa450276	ee495575
accept (Windows Sockets)	aa450277	ee494107
add Method	aa513912	ee503537
addAttribute Method	aa513906	ee503150
addAttributeFromIndex Method	aa513904	ee503067
addCollection Method	aa513908	ee502323
addElement Method	aa513911	ee483495
addSchema Method	aa513917	ee487174
addType Method	aa513919	ee486152
address Property	aa513914	ee485763
addrinfo	aa450282	ee493833
ancestorChildNumber Method	ms863540	ee502795
appendChild Method	ms863652	ee503025
appendData Method	ms863662	ee503117
apply (Internet Explorer)	aa452097	ee491857
async Property	ms863678	ee502767
atoi	ms925597	ee492718
attributes Property	ms863687	ee503047
baseName Property	ms863702	ee503472
ber_alloc_t	ms863718	ee483503
ber_bvdup	ms863725	ee483294
ber_bvecfree	ms863730	ee486554
ber_bvfree	ms863737	ee486146
ber_first_element	ms863754	ee484108
ber_flatten	ms863761	ee484730
ber_free	ms863769	ee484326
ber_init	ms863775	ee486365
ber_next_element	ms863786	ee485942
ber_peek_tag	ms863791	ee487247
ber_printf	ms863798	ee487031
ber_scanf	ms863810	ee483759
ber_skip_tag	ms863817	ee485724
berval	ms863826	ee486352
bind (Bluetooth)	aa450300	ee495399
bind (Windows Sockets)	aa450301	ee493823
bindStyle Property	ms863862	ee485932
boolean Function	ms863866	ee503420
buildDDHALInfo	ms896147	ee481649
byteOrderMark Property	ms863870	ee503075
callIndex Property	ms863872	ee487015
ceiling Function	ms863873	ee502056
childNodes Property	ms863875	ee503105
childNumber Method	ms863876	ee502109
cldap_open	ms863877	ee485340
clear Method	ms863878	ee503528
clone Method	ms863880	ee503534
cloneNode Method	ms863881	ee502375
closesocket	ms887908	ee495071
comValue Property	ms863926	ee484789
concat Function	ms863927	ee502371
connect (Bluetooth)	ms887909	ee495618
connect (Windows Sockets)	ms887913	ee493258
contains Function	ms863941	ee502080
context Property	ms864013	ee502324
copy (Device Management Client)	ms895018	ee489108
count Function	ms864381	ee502343
createAttribute Method	ms864384	ee502060
createCDATASection Method	ms864386	ee503437
createComment Method	ms864388	ee502801
createDocumentFragment Method	ms864389	ee502327
createElement Method	ms864390	ee502748
createEntityReference Method	ms864391	ee503046
createNode Method	ms864396	ee503513
createProcessingInstruction Method	ms864400	ee503126
createTextNode Method	ms864402	ee503510
createdir	ms895020	ee489122
current Function	ms864405	ee503144
data Property (IXMLDOMCharacterData)	ms864409	ee503462
data Property (IXMLDOMProcessingInstruction)	ms864410	ee502799
dataType Property	ms864411	ee502349
definition Property	ms864412	ee503097
delete	ms895022	ee489101
deleteData Method	ms864413	ee502062
depth Method	ms864414	ee503107
detail Property (ISOAPError)	ms864418	ee483325
detail Property (ISoapClient)	ms864417	ee484998
disableOutputEscaping Property	ms864420	ee503536
dispinterface	ms864424	ee488290
doctype Property	ms864431	ee502082
document Function	ms864434	ee503053
documentElement Property	ms864433	ee502036
documentation Property (WSDLService object)	ms864432	ee485802
echo (Device Management Client)	ms895048	ee489052
element-available Function	ms864456	ee502703
elementName Property (SoapMapper)	ms864457	ee484530
elementType Property	ms864458	ee483522
else	ms895050	ee489379
elseif	ms895052	ee489347
encoding Property	ms864459	ee502395
encoding Property (SoapMapper)	ms864460	ee485958
endif	ms895056	ee489127
entities Property	ms864463	ee503143
enumTouchPanelSampleFlags	aa447794	ee483264
errorCode Property	aa514721	ee503076
expr Property	aa514949	ee502407
false Function	aa514951	ee503155
faultactor Property (ISOAPError)	aa514957	ee484784
faultactor Property (ISoapClient)	aa514954	ee485778
faultcode Property (ISOAPError)	aa514967	ee485783
faultcode Property (ISoapClient)	aa514965	ee484118
faultcodeNS Property	aa514962	ee483290
faultstring Property (ISOAPError)	aa514976	ee485752
faultstring Property (ISoapClient)	aa514974	ee484517
fd_set	aa450370	ee493076
filecreated	ms895071	ee489062
fileexists	ms895077	ee489345
filelastmodified	ms895082	ee489406
filepos Property	aa514979	ee502675
filesize	ms895088	ee489053
firstChild Property	aa514984	ee502397
floor Function	aa514988	ee502051
flush Method	aa514989	ee502718
format-number Function	aa514996	ee502693
formatDate Method	aa514991	ee503500
formatIndex Method	aa514995	ee503512
formatNumber Method	aa514997	ee502023
formatTime Method	aa515001	ee502735
freeaddrinfo	aa450383	ee494081
function-available Function	aa515011	ee503064
g_nVideoMemorySize	ms899331	ee482251
g_pDDrawPrimarySurface	ms899332	ee482520
g_pGPE	ms899350	ee484050
g_pVideoMemory	ms899351	ee486485
generate-id Function	aa515014	ee502348
get Method	aa515045	ee502655
getAllResponseHeaders Method (IXMLHTTPRequest)	aa515016	ee503369
getAttribute Method	aa515017	ee502068
getAttributeNode Method	aa515020	ee503016
getElementMapper Method	aa515030	ee485756
getElementMapperbyName Method	aa515027	ee483958
getElementsByTagName Method (DOMDocument)	aa515033	ee502803
getElementsByTagName Method (IXMLDOMElement)	aa515035	ee502103
getMapper Method	aa515042	ee485948
getNamedItem Method	aa515046	ee503050
getPrefixForNamespace Method	aa515049	ee484724
getProperty Method (IXMLDOMDocument2)	aa515051	ee503429
getProperty Method (IXMLDOMSelection)	aa515053	ee503436
getQualifiedItem Method	aa515055	ee502047
getResponseHeader Method (IXMLHTTPRequest)	aa515058	ee502382
getTypeMapper Method	aa515071	ee484738
getTypeMapperbyName Method	aa515069	ee487325
get_VideoWidth	ms937150	ee496276
getaddrinfo	aa450395	ee494084
gethostbyaddr	aa450403	ee495081
gethostbyaddr Function in the SPI	ms881886	ee493900
gethostbyname	aa450404	ee494108
gethostbyname Function in the SPI	ms881887	ee494712
gethostname	aa450405	ee494703
gethostname Function in the SPI	ms881889	ee494917
getnameinfo	aa450416	ee493879
getpeername (Bluetooth)	aa450419	ee495989
getpeername (Windows Sockets)	aa450420	ee493684
getsockname (Bluetooth)	ms890233	ee495768
getsockname (Windows Sockets)	ms890293	ee494241
getsockopt (Bluetooth)	ms890301	ee495384
getsockopt (Windows Sockets)	ms890305	ee494641
goto (Device Management Client)	ms895098	ee489305
hasChildNodes Method	aa515075	ee503415
hasFeature Method	aa515077	ee502014
hostent	ms890319	ee495093
htonl	ms890324	ee495085
htons	ms890325	ee494895
id Function	aa515573	ee503447
if (Device Management Client)	ms895112	ee489257
implementation Property	ms882815	ee503451
in6_addr	ms890972	ee495157
in_addr	ms890973	ee493303
indent Property	ms882858	ee503400
inet_addr	ms890981	ee493672
inet_ntoa	ms890984	ee493686
input Property	ms882873	ee502092
insertBefore Method	ms882875	ee502416
insertData Method	ms882876	ee502326
ioctlsocket	ms891129	ee493921
isInput Property	ms886109	ee483768
item Method (IXMLDOMNamedNodeMap)	ms890859	ee502415
item Method (IXMLDOMNodeList)	ms890866	ee503540
key Function	ms891737	ee503074
keybd_event	aa453245	ee504289
lang Function	ms891738	ee503073
last Function	ms891740	ee502630
lastChild Property	ms891739	ee503515
ldap_abandon	ms891743	ee486131
ldap_add	ms891744	ee487012
ldap_add_ext	ms891745	ee483743
ldap_add_ext_s	ms891746	ee484518
ldap_add_s	ms891747	ee487323
ldap_bind	ms891748	ee484994
ldap_bind_s	ms891749	ee483932
ldap_check_filter	ms891750	ee487110
ldap_close_extended_op	ms891751	ee485351
ldap_compare	ms891752	ee486123
ldap_compare_ext	ms891753	ee486151
ldap_compare_ext_s	ms891754	ee483268
ldap_compare_s	ms891755	ee485360
ldap_connect	ms891756	ee485147
ldap_control_free	ms891758	ee487035
ldap_controls_free	ms891759	ee485567
ldap_count_entries	ms891760	ee486139
ldap_count_references	ms891761	ee485807
ldap_count_values	ms891762	ee483538
ldap_count_values_len	ms891763	ee484352
ldap_create_page_control	ms891764	ee483372
ldap_create_sort_control	ms891765	ee486244
ldap_delete	ms891766	ee485146
ldap_delete_ext	ms891767	ee487092
ldap_delete_ext_s	ms891768	ee484153
ldap_delete_s	ms891769	ee486783
ldap_dn2ufn	ms891770	ee484984
ldap_err2string	ms892105	ee483518
ldap_escape_filter_element	ms892136	ee486551
ldap_explode_dn	ms892251	ee486737
ldap_extended_operation	ms892261	ee484335
ldap_first_attribute	ms892263	ee487119
ldap_first_entry	ms892264	ee483299
ldap_first_reference	ms892265	ee486795
ldap_get_dn	ms892266	ee484158
ldap_get_next_page	ms892268	ee485192
ldap_get_next_page_s	ms892269	ee486600
ldap_get_option	ms892271	ee484291
ldap_get_paged_count	ms892272	ee486331
ldap_get_values	ms892273	ee483576
ldap_get_values_len	ms892274	ee487165
ldap_init	ms892275	ee485388
ldap_memfree	ms892277	ee485201
ldap_modify	ms892280	ee486539
ldap_modify_ext	ms892281	ee485168
ldap_modify_ext_s	ms892282	ee484990
ldap_modify_s	ms892283	ee483560
ldap_msgfree	ms892284	ee487102
ldap_next_attribute	ms892285	ee484980
ldap_next_entry	ms892286	ee483907
ldap_next_reference	ms892287	ee483696
ldap_open	ms892288	ee485522
ldap_parse_extended_result	ms892289	ee486808
ldap_parse_page_control	ms892290	ee487007
ldap_parse_reference	ms892291	ee483711
ldap_parse_result	ms892292	ee484303
ldap_parse_sort_control	ms892293	ee485112
ldap_rename_ext	ms892295	ee486604
ldap_rename_ext_s	ms892296	ee484989
ldap_result	ms892297	ee483512
ldap_result2error	ms892298	ee487197
ldap_sasl_bind	ms892300	ee484725
ldap_sasl_bind_s	ms892301	ee486753
ldap_search	ms892302	ee484082
ldap_search_abandon_page	ms892303	ee484519
ldap_search_ext	ms892304	ee485303
ldap_search_ext_s	ms892305	ee485933
ldap_search_init_page	ms892306	ee487103
ldap_search_s	ms892307	ee485123
ldap_search_st	ms892308	ee486412
ldap_set_option	ms892310	ee484169
ldap_simple_bind	ms892311	ee486986
ldap_simple_bind_s	ms892312	ee487271
ldap_sslinit	ms892314	ee484932
ldap_ufn2dn	ms892316	ee484973
ldap_unbind	ms892317	ee485961
ldap_unbind_s	ms892318	ee487088
ldap_value_free	ms892321	ee483965
ldap_value_free_len	ms892322	ee484172
length Property (IXMLDOMCharacterData)	ms892323	ee502368
length Property (IXMLDOMNamedNodeMap)	ms892324	ee503122
length Property (IXMLDOMNodeList)	ms892325	ee503166
length Property (XMLSchemaCache/IXMLSchemaCollection)	ms892326	ee503527
line Property	ms892329	ee503045
lineAccept	ms893325	ee496861
lineAddProvider	ms893340	ee496170
lineAddToConference	ms893390	ee497292
lineAnswer	ms893395	ee496826
lineBlindTransfer	ms893412	ee497294
lineCallbackFunc	ms893424	ee497464
lineClose	ms894118	ee496234
lineCompleteTransfer	ms894122	ee496216
lineConfigDialogEdit	ms894123	ee496372
lineDeallocateCall	ms894128	ee496595
lineDevSpecific	ms894131	ee496418
lineDial	ms894137	ee497324
lineDrop	ms894142	ee496817
lineForward	ms894147	ee496439
lineGenerateDigits	ms894152	ee497164
lineGenerateTone (function)	ms894156	ee496400
lineGetAddressCaps	ms894158	ee497244
lineGetAddressID	ms894159	ee496453
lineGetAddressStatus	ms894160	ee496590
lineGetAppPriority	ms894161	ee496213
lineGetCallInfo	ms894162	ee497573
lineGetCallStatus	ms894163	ee496564
lineGetConfRelatedCalls	ms894164	ee497572
lineGetDevCaps	ms894165	ee496823
lineGetDevConfig	ms894177	ee497547
lineGetID	ms894331	ee496197
lineGetIcon	ms894313	ee496452
lineGetLineDevStatus	ms894336	ee496583
lineGetMessage	ms894338	ee497542
lineGetNewCalls	ms894341	ee496642
lineGetNumRings	ms894350	ee497340
lineGetProviderList	ms894352	ee497058
lineGetStatusMessages	ms894356	ee497468
lineGetTranslateCaps	ms894361	ee496389
lineHandoff	ms894363	ee496980
lineHold	ms894368	ee497082
lineInitialize	ms894369	ee496252
lineInitializeEx	ms894370	ee497221
lineMakeCall	ms894387	ee496190
lineMonitorDigits	ms894391	ee496792
lineMonitorMedia	ms894395	ee496381
lineNegotiateAPIVersion	ms894402	ee497496
lineNegotiateExtVersion	ms894404	ee496603
lineOpen	ms894420	ee496621
linePickup	ms894423	ee497466
linePrepareAddToConference	ms894429	ee496163
lineRedirect	ms894435	ee496779
lineReleaseUserUserInfo	ms894438	ee496617
lineRemoveFromConference	ms894452	ee497473
lineSendUserUserInfo	ms894466	ee497012
lineSetAppPriority	ms894470	ee497342
lineSetCallParams	ms894473	ee496794
lineSetCallPrivilege	ms894475	ee496785
lineSetCurrentLocation	ms894481	ee496427
lineSetDevConfig	ms894488	ee496687
lineSetMediaMode	ms894491	ee496245
lineSetNumRings	ms894494	ee496449
lineSetStatusMessages	ms894500	ee497233
lineSetTerminal	ms894505	ee496414
lineSetTollList	ms894509	ee496816
lineSetupConference	ms894512	ee497199
lineSetupTransfer	ms894514	ee496615
lineShutdown	ms894517	ee497210
lineSwapHold	ms894522	ee496613
lineTranslateAddress	ms894539	ee496994
lineTranslateDialog (TAPI)	ms894543	ee496229
lineUnhold	ms894557	ee497327
linepos Property	ms892328	ee502728
linger	ms894561	ee494307
listen	ms894564	ee494280
llMulDiv	ms932023	ee495219
load Method	ms892330	ee503034
load Method (ISoapReader)	ms892331	ee483269
load Method (WSDLOperation)	ms892332	ee486953
load Method (WSDLReader)	ms892334	ee484579
loadXML Method	ms892337	ee502729
loadXML Method (ISoapReader)	ms892338	ee483357
loadreg	ms895161	ee489329
local-name Function	ms892339	ee503032
m_dwPhysicalModeID	ms902186	ee482455
m_pModeEx	aa447866	ee484014
matches Method	ms892343	ee502093
messageName Property	ms892345	ee486619
mixerClose	ms932037	ee487381
mixerGetControlDetails	ms932044	ee487387
mixerGetDevCaps	ms932045	ee487426
mixerGetID	ms932046	ee487524
mixerGetLineControls	ms932047	ee487554
mixerGetLineInfo	ms932048	ee487406
mixerGetNumDevs	ms932049	ee487500
mixerMessage	ms932052	ee487340
mixerOpen	ms932053	ee487377
mixerSetControlDetails	ms932054	ee487344
mssoapinit Method	ms892352	ee487268
msxsl:script Element	ms892353	ee502627
name Function	ms892356	ee503379
name Property (IXMLDOMAttribute)	ms892357	ee503469
name Property (IXMLDOMDocumentType)	ms892358	ee502746
name Property (WSDLOperation)	ms892359	ee485794
name Property (WSDLPort)	ms892360	ee485305
name Property (WSDLService)	ms892369	ee485765
namespace-uri Function	ms892423	ee502061
namespaceURI Property (IXMLDOMNode)	ms892429	ee502686
namespaceURI Property (XMLSchemaCache/IXMLSchemaCollection)	ms892438	ee502029
namespaces Property	ms892406	ee502740
net	ms931463	ee504152
nextNode Method (IXMLDOMNamedNodeMap)	ms892452	ee503086
nextNode Method (IXMLDOMNodeList)	ms892462	ee502396
nextSibling Property	ms892468	ee502043
node-set Function	ms892573	ee502629
nodeFromID Method	ms892563	ee503389
nodeName Property	ms892572	ee502338
nodeType Property	ms892577	ee503020
nodeTypeString Property	ms892578	ee502369
nodeTypedValue Property	ms892576	ee502741
nodeValue Property	ms892579	ee503158
normalize Method	ms892580	ee503114
normalize-space Function	ms892581	ee502374
not Function	ms892584	ee502089
notationName Property	ms892582	ee503474
notations Property	ms892583	ee502386
ntohl	ms895778	ee493881
ntohs	ms895783	ee493257
number Function	ms892586	ee502661
object (UPnP AV)	ms895804	-
object::GetProperty	ms895802	ee499831
objectMethod Property	ms892588	ee486129
omitXMLDeclaration Property	ms892605	ee502712
ondataavailable Event	ms892606	ee502355
ondataavailable Property	ms892607	ee502044
onerror	ms895218	ee489134
onreadystatechange Event	ms892608	ee502393
onreadystatechange Property (DOMDocument)	ms892609	ee502381
onreadystatechange Property (IXMLHTTPRequest)	ms892610	ee503482
ontransformnode Event	ms892611	ee503394
ontransformnode Property	ms892612	ee502789
open Method (IXMLHTTPRequest)	ms892613	ee502651
output Property	ms892615	ee502358
output Property (XML SAX)	ms892616	ee502108
ownerDocument Property	ms892618	ee502091
parentNode Property	ms892621	ee502021
parseError Property	ms892623	ee502038
parsed Property	ms892622	ee503519
parser (UPnP AV)	ms895841	-
parser::AddNamespaceMapping	ms895830	ee499144
parser::GetFirstObject	ms895834	ee500469
parser::GetNextObject	ms895840	ee500514
partName Property	ms892625	ee485354
peekNode Method	ms892627	ee502787
phoneCallbackFunc	ms895910	ee496217
phoneClose	ms895912	ee497563
phoneConfigDialog	ms895915	ee496802
phoneDevSpecific	ms895918	ee497085
phoneGetDevCaps	ms895925	ee496961
phoneGetGain	ms895926	ee497201
phoneGetHookSwitch	ms895927	ee496383
phoneGetID	ms895929	ee497446
phoneGetIcon	ms895928	ee497454
phoneGetMessage	ms895930	ee497034
phoneGetRing	ms895931	ee497279
phoneGetStatus	ms895932	ee497534
phoneGetStatusMessages	ms895933	ee496796
phoneGetVolume	ms895934	ee496628
phoneInitializeEx	ms895937	ee496455
phoneNegotiateAPIVersion	ms895942	ee496831
phoneNegotiateExtVersion	ms895943	ee497586
phoneOpen	ms895944	ee496647
phoneSetGain	ms896179	ee496435
phoneSetHookSwitch	ms896185	ee496763
phoneSetRing	ms896190	ee497075
phoneSetStatusMessages	ms896197	ee497509
phoneSetVolume	ms896201	ee497311
phoneShutdown	ms896208	ee496753
play (Internet Explorer)	ms918834	ee492419
position Function	ms892628	ee502063
preferredEncoding Property	ms892630	ee487226
prefix Property	ms892631	ee502083
preserveWhiteSpace Property	ms892632	ee502364
preserveWhiteSpace Property and HTML	ms862675	ee502363
previousSibling Property	ms892633	ee502351
protoent	ms896341	ee495065
publicId Property (IXMLDOMEntity)	ms892637	ee503450
publicId Property (IXMLDOMNotation)	ms892638	ee502048
quit	ms895993	ee489070
read Method	ms892644	ee483300
readHeader Method	ms892643	ee483358
readyState Property (DOMDocument)	ms892645	ee502078
readyState Property (IXMLHTTPRequest)	ms892646	ee502030
reason Property	ms892647	ee503521
reboot	ms895994	ee489285
recv	aa450869	ee494737
recvfrom	aa450870	ee494234
reg	ms895997	ee489478
rem (Device Management Client)	ms896001	ee489401
remove Method	ms892655	ee502669
removeAll Method	ms892650	ee502418
removeAttribute Method	ms892651	ee503065
removeAttribute Method (XML SAX)	ms892652	ee502773
removeAttributeNode Method	ms892653	ee502690
removeChild Method	ms892654	ee502684
removeNamedItem Method	ms892656	ee502646
removeNext Method	ms892657	ee503523
removeQualifiedItem Method	ms892658	ee502811
rename	ms896002	ee489254
replaceChild Method	ms892659	ee502344
replaceData Method	ms892660	ee502637
report	ms896003	ee489259
reportfsentries	ms896004	ee489484
reset Method	ms892661	ee487040
reset Method (EnumWSDLService)	ms893073	ee486964
reset Method (ISoapConnector)	ms893257	ee486800
reset Method (IXMLDOMNamedNodeMap)	ms893262	ee502763
reset Method (IXMLDOMNodeList)	ms893268	ee502813
resolveExternals Property	ms893273	ee503079
responseBody Property (IXMLHTTPRequest)	ms893279	ee502046
responseStream Property (IXMLHTTPRequest)	ms893286	ee503095
responseText Property (IXMLHTTPRequest)	ms893295	ee503173
responseXML Property (IXMLHTTPRequest)	ms893299	ee502104
resume Method	ms893304	ee502362
round Function	ms893312	ee502757
run (Device Management Client)	ms896006	ee489049
runasync	ms896008	ee489076
save Method	ms893443	ee503091
save Method (SoapMapper)	ms893445	ee483944
save Method (WSDLOperation)	ms893446	ee487121
savereg	ms896009	ee489256
scheduletask	ms896011	ee489342
schemas Property	ms893448	ee502409
select	aa450882	ee494856
selectNodes Method	ms893450	ee502074
selectSingleNode Method	ms893451	ee502077
send	aa450883	ee494435
send Method (IXMLHTTPRequest)	ms893452	ee502359
sendto	aa450885	ee493058
servent	aa450886	ee493621
set (Device Management Client)	ms896012	ee489335
setAttribute Method	ms893454	ee503427
setAttribute Method (XML SAX)	ms893455	ee503024
setAttributeNode Method	ms893456	ee503541
setAttributes Method	ms893457	ee502641
setLocalName Method	ms893459	ee502402
setNamedItem Method	ms893460	ee502357
setProperty Method	ms893462	ee502016
setProperty Method (WSDLReader)	ms893463	ee484368
setQName Method	ms893464	ee503119
setRequestHeader Method (IXMLHTTPRequest)	ms893465	ee503131
setStartMode Method	ms893466	ee502377
setType Method	ms893467	ee503113
setURI Method	ms893468	ee503036
setValue Method	ms893469	ee503456
setattrs	ms896013	ee489450
sethostname	aa450918	ee493673
setsockopt (Bluetooth)	aa450933	ee495541
setsockopt (Windows Sockets)	aa450935	ee493640
shutdown	aa450939	ee493012
sndPlaySound	ms932314	ee487375
soapAction Property (ISoapReader)	ms893471	ee483884
soapAction Property (WSDLOperation)	ms893472	ee486769
sockaddr	aa450942	ee493256
sockaddr_in	aa450946	ee494732
sockaddr_in6	aa450948	ee493465
socket (Bluetooth)	aa450956	ee495663
socket (Windows Sockets)	aa450958	ee495044
specified Property	ms895354	ee502037
splitText Method	ms895592	ee502084
srcText Property	ms895975	ee502738
standalone Property	ms895976	ee502398
startBody and endBody Methods	ms895978	ee486950
startElement and endElement Methods	ms895979	ee486790
startEnvelope and endEnvelope Methods	ms895980	ee486585
startFault, endFault, startFaultDetail, and endFaultDetail Methods	ms895981	ee486409
startHeader, endHeader, startHeaderElement, and endHeaderElement Methods	ms896027	ee486003
starts-with Function	ms896178	ee502708
status Property (IXMLHTTPRequest)	ms896205	ee502388
statusText Property (IXMLHTTPRequest)	ms896213	ee503421
stop (Internet Explorer)	ms918859	ee492570
string Function (XML Query Language)	ms896395	ee503148
string-length Function	ms896411	ee503128
style Property	ms896419	ee484778
substring Function	ms896457	ee503174
substring-after Function	ms896428	ee503443
substring-before Function	ms896441	ee503367
substringData Method	ms896450	ee503488
sum Function	ms896465	ee503136
suspend Method	ms896469	ee503410
system-property Function	ms896481	ee502088
systemId Property (IXMLDOMEntity)	ms896479	ee502090
systemId Property (IXMLDOMNotation)	ms896480	ee502807
tagName Property	ms896483	ee503054
target Property	ms896484	ee502353
text Property	ms896485	ee503359
timeBeginPeriod	aa448188	ee481029
timeEndPeriod	aa448190	ee483785
timeGetDevCaps	aa448191	ee482924
timeGetHardwareFrequency	aa448326	ee485425
timeGetSystemTime	aa448192	ee484260
timeGetTime	aa448193	ee481318
timeGetTimeSinceInterrupt	aa448327	ee482492
timeKillEvent	aa448194	ee485818
timeSetEvent	aa448195	ee485495
timeval	aa450970	ee494072
transformNode Method	ms896487	ee503055
transformNodeToObject Method	ms896488	ee503110
translate Function	ms896489	ee502033
transport Property	ms896490	ee486543
true Function	ms896491	ee503022
uniqueID Method	ms896497	ee503520
unparsed-entity-uri Function	ms896498	ee502066
url Property (DOMDocument)	ms896501	ee503484
url Property (IXMLDOMParseError)	ms896502	ee502414
validate Method	ms896503	ee502370
validateOnParse Property	ms896504	ee502028
value Property	ms896505	ee503530
varType Method	ms897141	ee483684
version Property	ms897185	ee502039
waveInAddBuffer	aa452421	ee487419
waveInClose	aa452423	ee487332
waveInGetDevCaps	aa452424	ee487563
waveInGetErrorText	aa452425	ee487366
waveInGetID	aa452426	ee487427
waveInGetNumDevs	aa452427	ee487416
waveInGetPosition	aa452428	ee487370
waveInGetProperty	aa452429	ee487342
waveInMessage	aa452430	ee487539
waveInOpen	aa452431	ee487353
waveInPrepareHeader	aa452432	ee487389
waveInProc	aa452435	ee487337
waveInReset	aa452436	ee487358
waveInSetProperty	aa452437	ee487372
waveInStart	aa452438	ee487418
waveInStop	aa452439	ee487509
waveInUnprepareHeader	aa452440	ee487425
waveOutBreakLoop	aa452441	ee487388
waveOutClose	aa452443	ee487411
waveOutGetDevCaps	aa452445	ee487537
waveOutGetErrorText	aa452446	ee487430
waveOutGetID	aa452447	ee487510
waveOutGetNumDevs	aa452448	ee487334
waveOutGetPitch	aa452449	ee487506
waveOutGetPlaybackRate	aa452450	ee487400
waveOutGetPosition	aa452451	ee487385
waveOutGetProperty	aa452452	ee487572
waveOutGetVolume	aa452453	ee487351
waveOutMessage	aa452454	ee487355
waveOutOpen	aa452455	ee487546
waveOutPause	aa452456	ee487380
waveOutPrepareHeader	aa452457	ee487526
waveOutProc	aa452458	ee487520
waveOutReset	aa452459	ee487570
waveOutRestart	aa452460	ee487339
waveOutSetPitch	aa452461	ee487410
waveOutSetPlaybackRate	aa452462	ee487501
waveOutSetProperty	aa452463	ee487341
waveOutSetVolume	aa452464	ee487384
waveOutUnprepareHeader	aa452465	ee487360
waveOutWrite	aa452466	ee487550
willWriteHeaders Method	ms897188	ee483361
write Method	ms897193	ee485812
writeBuffer Method	ms897189	ee484920
writeHeaders Method	ms897192	ee485736
writeString Method	ms897194	ee484553
writeXML Method	ms897195	ee486342
wsprintf	aa450993	ee487981
wstring class (UPnP AV)	ms899588	-
wstring::append	ms898916	ee499829
wstring::assign	ms898917	ee498470
wstring::capacity	ms898918	ee498620
wstring::clear	ms898919	ee500554
wstring::compare	ms898920	ee500806
wstring::empty	ms898921	ee500239
wstring::length	ms898922	ee501272
wstring::operator const wchar_t*	ms898925	ee500593
wstring::operator!=	ms898924	ee501140
wstring::operator+=	ms898923	ee501052
wstring::operator=	ms898927	ee498434
wstring::operator==	ms898926	ee498813
wstring::reserve	ms898928	ee499188
wstring::resize	ms898929	ee501225
wstring::size	ms898930	ee500248
wstring::wstring	ms898931	ee500244
wvsprintf	aa450994	ee488164
xml Property	ms897205	ee502628
xmlNamespace Property	ms897204	ee484300
xsl:apply-imports Element	ms897211	ee502040
xsl:apply-templates Element	ms897212	ee502765
xsl:attribute Element	ms897213	ee502631
xsl:attribute-set Element	ms897214	ee503543
xsl:call-template Element	ms897215	ee502720
xsl:choose Element	ms897216	ee503057
xsl:comment Element	ms897217	ee503081
xsl:copy Element	ms897218	ee502085
xsl:copy-of Element	ms897219	ee503377
xsl:decimal-format Element	ms897220	ee503525
xsl:element Element	ms897221	ee502419
xsl:fallback Element	ms897223	ee503485
xsl:for-each Element	ms897224	ee502097
xsl:if Element	ms897225	ee502340
xsl:import Element	ms897226	ee502384
xsl:include Element	ms897227	ee502722
xsl:key Element	ms897228	ee502399
xsl:message Element	ms897229	ee502325
xsl:namespace-alias Element	ms897230	ee503171
xsl:number Element	ms897231	ee503044
xsl:otherwise Element	ms897232	ee502394
xsl:output Element	ms897233	ee503041
xsl:param Element	ms897234	ee502786
xsl:preserve-space Element	ms897347	ee502635
xsl:processing-instruction Element	ms897354	ee502050
xsl:sort Element	ms897356	ee502387
xsl:strip-space Element	ms897357	ee502328
xsl:stylesheet Element	ms897359	ee502705
xsl:template Element	ms897360	ee502373
xsl:text Element	ms897362	ee503524
xsl:transform Element	ms897363	ee502648
xsl:value-of Element	ms897364	ee503464
xsl:variable Element	ms897365	ee503070
xsl:when Element	ms897366	ee502335
xsl:with-param Element	ms897367	ee503082
xxx_Close (Services.exe)	ms898932	ee500591
xxx_Deinit (Services.exe)	ms898933	ee498975
xxx_IOControl (Services.exe)	ms898935	ee499501
xxx_Init (Services.exe)	ms898934	ee499774
xxx_Open (Services.exe)	ms898936	ee500252
xxx_Read (Services.exe)	ms898937	ee498994
xxx_Seek (Services.exe)	ms898938	ee498808
xxx_Write (Services.exe)	ms898939	ee500323
