id	title	kind	namespace	assembly	platforms	cf_supported
01bz0eb1	Notification.OnBalloonChanged Method  (Microsoft.WindowsCE.Forms)		Microsoft.WindowsCE.Forms	Microsoft.WindowsCE.Forms	Windows Mobile for Pocket PC The .NET Framework and .NET Compact Framework do not support all versions of every platform. For a list of the supported versions, 	3.5,2.0
07at0eck	Message.Inequality Operator (Microsoft.WindowsCE.Forms)		Microsoft.WindowsCE.Forms	Microsoft.WindowsCE.Forms	Windows CE, Windows Mobile for Smartphone, Windows Mobile for Pocket PC The .NET Framework and .NET Compact Framework do not support all versions of every platf	3.5,2.0,1.0
07yfzwz9	InputPanel.VisibleDesktop Property  (Microsoft.WindowsCE.Forms)		Microsoft.WindowsCE.Forms	Microsoft.WindowsCE.Forms	Windows CE, Windows Mobile for Pocket PC The .NET Framework and .NET Compact Framework do not support all versions of every platform. For a list of the supporte	3.5,2.0,1.0
0b21bs93	DocumentListEventArgs Constructor  (Microsoft.WindowsCE.Forms)		Microsoft.WindowsCE.Forms	Microsoft.WindowsCE.Forms	Windows Mobile for Pocket PC The .NET Framework and .NET Compact Framework do not support all versions of every platform. For a list of the supported versions, 	3.5,2.0
0b21za7f	InputPanel.InputMethodCollection Members (Microsoft.WindowsCE.Forms)					-
0e6kf5w8	InputPanel.CurrentInputMethod Property  (Microsoft.WindowsCE.Forms)		Microsoft.WindowsCE.Forms	Microsoft.WindowsCE.Forms	Windows CE, Windows Mobile for Pocket PC The .NET Framework and .NET Compact Framework do not support all versions of every platform. For a list of the supporte	3.5,2.0
0s2d60ft	DocumentList.OnDeletingDocument Method  (Microsoft.WindowsCE.Forms)		Microsoft.WindowsCE.Forms	Microsoft.WindowsCE.Forms	Windows Mobile for Pocket PC The .NET Framework and .NET Compact Framework do not support all versions of every platform. For a list of the supported versions, 	3.5,2.0
12z4yah4	DocumentList Constructor  (Microsoft.WindowsCE.Forms)		Microsoft.WindowsCE.Forms	Microsoft.WindowsCE.Forms	Windows Mobile for Pocket PC The .NET Framework and .NET Compact Framework do not support all versions of every platform. For a list of the supported versions, 	3.5,2.0
18x9s937	Message.HWnd Property  (Microsoft.WindowsCE.Forms)		Microsoft.WindowsCE.Forms	Microsoft.WindowsCE.Forms	Windows CE, Windows Mobile for Smartphone, Windows Mobile for Pocket PC The .NET Framework and .NET Compact Framework do not support all versions of every platf	3.5,2.0,1.0
1b06c6hz	BalloonChangedEventHandler Delegate (Microsoft.WindowsCE.Forms)		Microsoft.WindowsCE.Forms	Microsoft.WindowsCE.Forms	Windows Mobile for Pocket PC The .NET Framework and .NET Compact Framework do not support all versions of every platform. For a list of the supported versions, 	3.5,2.0
1b41aaeb	InputPanel.InputMethodCollection.RemoveAt Method  (Microsoft.WindowsCE.Forms)		Microsoft.WindowsCE.Forms	Microsoft.WindowsCE.Forms	Windows CE, Windows Mobile for Smartphone, Windows Mobile for Pocket PC The .NET Framework and .NET Compact Framework do not support all versions of every platf	3.5,2.0
1cx6ds02	DocumentListEventArgs Class (Microsoft.WindowsCE.Forms)		Microsoft.WindowsCE.Forms	Microsoft.WindowsCE.Forms	Windows Mobile for Pocket PC The .NET Framework and .NET Compact Framework do not support all versions of every platform. For a list of the supported versions, 	3.5,2.0
1t41wek6	LogFont Members (Microsoft.WindowsCE.Forms)					-
1ta2c12a	InputMethod Class (Microsoft.WindowsCE.Forms)		Microsoft.WindowsCE.Forms	Microsoft.WindowsCE.Forms	Windows CE, Windows Mobile for Smartphone, Windows Mobile for Pocket PC The .NET Framework and .NET Compact Framework do not support all versions of every platf	3.5,2.0
1y4s0819	InputPanel Class (Microsoft.WindowsCE.Forms)		Microsoft.WindowsCE.Forms	Microsoft.WindowsCE.Forms	Windows CE, Windows Mobile for Pocket PC The .NET Framework and .NET Compact Framework do not support all versions of every platform. For a list of the supporte	3.5,2.0,1.0
24efkd6y	Message.Equality Operator (Microsoft.WindowsCE.Forms)		Microsoft.WindowsCE.Forms	Microsoft.WindowsCE.Forms	Windows CE, Windows Mobile for Smartphone, Windows Mobile for Pocket PC The .NET Framework and .NET Compact Framework do not support all versions of every platf	3.5,2.0,1.0
2aayefwd	BalloonChangedEventArgs Members (Microsoft.WindowsCE.Forms)					-
2kb77ww0	InputPanel.InputMethodCollection Class (Microsoft.WindowsCE.Forms)		Microsoft.WindowsCE.Forms	Microsoft.WindowsCE.Forms	Windows CE, Windows Mobile for Smartphone, Windows Mobile for Pocket PC The .NET Framework and .NET Compact Framework do not support all versions of every platf	3.5,2.0
30zz8f96	MessageWindow.SendMessage Method  (Microsoft.WindowsCE.Forms)		Microsoft.WindowsCE.Forms	Microsoft.WindowsCE.Forms	Windows CE, Windows Mobile for Smartphone, Windows Mobile for Pocket PC The .NET Framework and .NET Compact Framework do not support all versions of every platf	3.5,2.0,1.0
3tfatxt3	InputPanel.InputMethodCollection.IsReadOnly Property  (Microsoft.WindowsCE.Forms)		Microsoft.WindowsCE.Forms	Microsoft.WindowsCE.Forms	Windows CE, Windows Mobile for Smartphone, Windows Mobile for Pocket PC The .NET Framework and .NET Compact Framework do not support all versions of every platf	3.5,2.0
43e84zk7	DocumentList.DocumentActivated Event (Microsoft.WindowsCE.Forms)		Microsoft.WindowsCE.Forms	Microsoft.WindowsCE.Forms	Windows Mobile for Pocket PC The .NET Framework and .NET Compact Framework do not support all versions of every platform. For a list of the supported versions, 	3.5,2.0
46d4157d	Message.Msg Property  (Microsoft.WindowsCE.Forms)		Microsoft.WindowsCE.Forms	Microsoft.WindowsCE.Forms	Windows CE, Windows Mobile for Smartphone, Windows Mobile for Pocket PC The .NET Framework and .NET Compact Framework do not support all versions of every platf	3.5,2.0,1.0
4exs4hbt	ResponseSubmittedEventArgs Class (Microsoft.WindowsCE.Forms)		Microsoft.WindowsCE.Forms	Microsoft.WindowsCE.Forms	Windows Mobile for Pocket PC The .NET Framework and .NET Compact Framework do not support all versions of every platform. For a list of the supported versions, 	3.5,2.0
4s76w6wx	InputPanel.Enabled Property  (Microsoft.WindowsCE.Forms)		Microsoft.WindowsCE.Forms	Microsoft.WindowsCE.Forms	Windows CE, Windows Mobile for Pocket PC The .NET Framework and .NET Compact Framework do not support all versions of every platform. For a list of the supporte	3.5,2.0,1.0
4xzkbd1z	BalloonChangedEventArgs Class (Microsoft.WindowsCE.Forms)		Microsoft.WindowsCE.Forms	Microsoft.WindowsCE.Forms	Windows Mobile for Pocket PC The .NET Framework and .NET Compact Framework do not support all versions of every platform. For a list of the supported versions, 	3.5,2.0
55ax52sx	DocumentList.SelectedDirectoryChanged Event (Microsoft.WindowsCE.Forms)		Microsoft.WindowsCE.Forms	Microsoft.WindowsCE.Forms	Windows Mobile for Pocket PC The .NET Framework and .NET Compact Framework do not support all versions of every platform. For a list of the supported versions, 	3.5,2.0
5h3se641	BalloonChangedEventArgs.Visible Property  (Microsoft.WindowsCE.Forms)		Microsoft.WindowsCE.Forms	Microsoft.WindowsCE.Forms	Windows Mobile for Pocket PC The .NET Framework and .NET Compact Framework do not support all versions of every platform. For a list of the supported versions, 	3.5,2.0
5t7e9fw6	DocumentListEventArgs.Path Property  (Microsoft.WindowsCE.Forms)		Microsoft.WindowsCE.Forms	Microsoft.WindowsCE.Forms	Windows Mobile for Pocket PC The .NET Framework and .NET Compact Framework do not support all versions of every platform. For a list of the supported versions, 	3.5,2.0
5tf4zy01	InputPanel.Bounds Property  (Microsoft.WindowsCE.Forms)		Microsoft.WindowsCE.Forms	Microsoft.WindowsCE.Forms	Windows CE, Windows Mobile for Pocket PC The .NET Framework and .NET Compact Framework do not support all versions of every platform. For a list of the supporte	3.5,2.0,1.0
5x7sby6c	InputPanel.InputMethodCollection.Item Property  (Microsoft.WindowsCE.Forms)		Microsoft.WindowsCE.Forms	Microsoft.WindowsCE.Forms	Windows CE, Windows Mobile for Smartphone, Windows Mobile for Pocket PC The .NET Framework and .NET Compact Framework do not support all versions of every platf	3.5,2.0
60301ez4	DocumentListEventArgs Members (Microsoft.WindowsCE.Forms)					-
7b14dszc	Notification.ResponseSubmitted Event (Microsoft.WindowsCE.Forms)		Microsoft.WindowsCE.Forms	Microsoft.WindowsCE.Forms	Windows Mobile for Pocket PC The .NET Framework and .NET Compact Framework do not support all versions of every platform. For a list of the supported versions, 	3.5,2.0
7ctk0s42	Notification Class (Microsoft.WindowsCE.Forms)		Microsoft.WindowsCE.Forms	Microsoft.WindowsCE.Forms	Windows Mobile for Pocket PC The .NET Framework and .NET Compact Framework do not support all versions of every platform. For a list of the supported versions, 	3.5,2.0
823503z3	DocumentList.Filter Property  (Microsoft.WindowsCE.Forms)		Microsoft.WindowsCE.Forms	Microsoft.WindowsCE.Forms	Windows Mobile for Pocket PC The .NET Framework and .NET Compact Framework do not support all versions of every platform. For a list of the supported versions, 	3.5,2.0
83e17b7x	MessageWindow.PostMessage Method  (Microsoft.WindowsCE.Forms)		Microsoft.WindowsCE.Forms	Microsoft.WindowsCE.Forms	Windows CE, Windows Mobile for Smartphone, Windows Mobile for Pocket PC The .NET Framework and .NET Compact Framework do not support all versions of every platf	3.5,2.0,1.0
847yht23	LogFont Class (Microsoft.WindowsCE.Forms)		Microsoft.WindowsCE.Forms	Microsoft.WindowsCE.Forms	Windows CE, Windows Mobile for Smartphone, Windows Mobile for Pocket PC The .NET Framework and .NET Compact Framework do not support all versions of every platf	3.5,2.0
87741byz	InputPanel.InputMethodCollection.Contains Method  (Microsoft.WindowsCE.Forms)		Microsoft.WindowsCE.Forms	Microsoft.WindowsCE.Forms	Windows CE, Windows Mobile for Smartphone, Windows Mobile for Pocket PC The .NET Framework and .NET Compact Framework do not support all versions of every platf	3.5,2.0
880czadx	HardwareKeys Enumeration (Microsoft.WindowsCE.Forms)		Microsoft.WindowsCE.Forms	Microsoft.WindowsCE.Forms	Windows CE, Windows Mobile for Smartphone, Windows Mobile for Pocket PC The .NET Framework and .NET Compact Framework do not support all versions of every platf	3.5,2.0
89wd95as	InputModeEditor Class (Microsoft.WindowsCE.Forms)		Microsoft.WindowsCE.Forms	Microsoft.WindowsCE.Forms	Windows Mobile for Smartphone The .NET Framework and .NET Compact Framework do not support all versions of every platform. For a list of the supported versions,	3.5,2.0
8d2w7b34	InputPanel Constructor  (Microsoft.WindowsCE.Forms)		Microsoft.WindowsCE.Forms	Microsoft.WindowsCE.Forms	Windows CE, Windows Mobile for Pocket PC The .NET Framework and .NET Compact Framework do not support all versions of every platform. For a list of the supporte	3.5,2.0,1.0
8yc90xac	Notification Constructor  (Microsoft.WindowsCE.Forms)		Microsoft.WindowsCE.Forms	Microsoft.WindowsCE.Forms	Windows Mobile for Pocket PC The .NET Framework and .NET Compact Framework do not support all versions of every platform. For a list of the supported versions, 	3.5,2.0
8zyye8ea	Notification.Icon Property  (Microsoft.WindowsCE.Forms)		Microsoft.WindowsCE.Forms	Microsoft.WindowsCE.Forms	Windows Mobile for Pocket PC The .NET Framework and .NET Compact Framework do not support all versions of every platform. For a list of the supported versions, 	3.5,2.0
99ks3z9h	HardwareButton Members (Microsoft.WindowsCE.Forms)					-
9a3wf7b8	DocumentList.OnDocumentActivated Method  (Microsoft.WindowsCE.Forms)		Microsoft.WindowsCE.Forms	Microsoft.WindowsCE.Forms	Windows Mobile for Pocket PC The .NET Framework and .NET Compact Framework do not support all versions of every platform. For a list of the supported versions, 	3.5,2.0
9c4ybbc4	HardwareButton Class (Microsoft.WindowsCE.Forms)		Microsoft.WindowsCE.Forms	Microsoft.WindowsCE.Forms	Windows Mobile for Pocket PC The .NET Framework and .NET Compact Framework do not support all versions of every platform. For a list of the supported versions, 	3.5,2.0
9zs0wscs	ResponseSubmittedEventArgs Members (Microsoft.WindowsCE.Forms)					-
a46hhc66	MessageWindow.Hwnd Property  (Microsoft.WindowsCE.Forms)		Microsoft.WindowsCE.Forms	Microsoft.WindowsCE.Forms	Windows CE, Windows Mobile for Smartphone, Windows Mobile for Pocket PC The .NET Framework and .NET Compact Framework do not support all versions of every platf	3.5,2.0,1.0
b402c0ee	ResponseSubmittedEventArgs Constructor  (Microsoft.WindowsCE.Forms)		Microsoft.WindowsCE.Forms	Microsoft.WindowsCE.Forms	Windows Mobile for Pocket PC The .NET Framework and .NET Compact Framework do not support all versions of every platform. For a list of the supported versions, 	3.5,2.0
b8cfyk65	LogFont Constructor  (Microsoft.WindowsCE.Forms)		Microsoft.WindowsCE.Forms	Microsoft.WindowsCE.Forms	Windows CE, Windows Mobile for Smartphone, Windows Mobile for Pocket PC The .NET Framework and .NET Compact Framework do not support all versions of every platf	3.5,2.0
b9616h22	Notification.Visible Property  (Microsoft.WindowsCE.Forms)		Microsoft.WindowsCE.Forms	Microsoft.WindowsCE.Forms	Windows Mobile for Pocket PC The .NET Framework and .NET Compact Framework do not support all versions of every platform. For a list of the supported versions, 	3.5,2.0
ba3hte81	MessageWindow.Dispose Method  (Microsoft.WindowsCE.Forms)		Microsoft.WindowsCE.Forms	Microsoft.WindowsCE.Forms	Windows CE, Windows Mobile for Smartphone, Windows Mobile for Pocket PC The .NET Framework and .NET Compact Framework do not support all versions of every platf	3.5,2.0,1.0
bb154729	PathToUnindexedFieldType Members (Microsoft.ServiceModel.Channels.Mail.ExchangeWebService.Exchange2007)					-
bb154879	ItemAttachmentType Constructor  (Microsoft.ServiceModel.Channels.Mail.ExchangeWebService.Exchange2007)		Microsoft.ServiceModel.Channels.Mail.ExchangeWebService.Exchange2007	Microsoft.ServiceModel.Channels.Mail.ExchangeWebService	Windows CE, Windows Mobile for Smartphone, Windows Mobile for Pocket PC The .NET Framework and .NET Compact Framework do not support all versions of every platf	3.5
bb154974	RestrictionType Constructor  (Microsoft.ServiceModel.Channels.Mail.ExchangeWebService.Exchange2007)		Microsoft.ServiceModel.Channels.Mail.ExchangeWebService.Exchange2007	Microsoft.ServiceModel.Channels.Mail.ExchangeWebService	Windows CE, Windows Mobile for Smartphone, Windows Mobile for Pocket PC The .NET Framework and .NET Compact Framework do not support all versions of every platf	3.5
bb154980	ItemResponseShapeType Constructor  (Microsoft.ServiceModel.Channels.Mail.ExchangeWebService.Exchange2007)		Microsoft.ServiceModel.Channels.Mail.ExchangeWebService.Exchange2007	Microsoft.ServiceModel.Channels.Mail.ExchangeWebService	Windows CE, Windows Mobile for Smartphone, Windows Mobile for Pocket PC The .NET Framework and .NET Compact Framework do not support all versions of every platf	3.5
bb155005	ContainmentModeType Enumeration (Microsoft.ServiceModel.Channels.Mail.ExchangeWebService.Exchange2007)		Microsoft.ServiceModel.Channels.Mail.ExchangeWebService.Exchange2007	Microsoft.ServiceModel.Channels.Mail.ExchangeWebService	Windows CE, Windows Mobile for Smartphone, Windows Mobile for Pocket PC The .NET Framework and .NET Compact Framework do not support all versions of every platf	3.5
bb155078	FixedPoint.IConvertible.ToInt16 Method  (Microsoft.WindowsMobile.DirectX.Direct3D)		Microsoft.WindowsMobile.DirectX.Direct3D	Microsoft.WindowsMobile.DirectX	Windows CE, Windows Mobile for Smartphone, Windows Mobile for Pocket PC The .NET Framework and .NET Compact Framework do not support all versions of every platf	3.5,2.0
bb155130	DeleteItemType Members (Microsoft.ServiceModel.Channels.Mail.ExchangeWebService.Exchange2007)					-
bb155147	CreateItemType.SavedItemFolderId Property  (Microsoft.ServiceModel.Channels.Mail.ExchangeWebService.Exchange2007)		Microsoft.ServiceModel.Channels.Mail.ExchangeWebService.Exchange2007	Microsoft.ServiceModel.Channels.Mail.ExchangeWebService	Windows CE, Windows Mobile for Smartphone, Windows Mobile for Pocket PC The .NET Framework and .NET Compact Framework do not support all versions of every platf	3.5
bb155174	AvailabilityProxyRequestType Class (Microsoft.ServiceModel.Channels.Mail.ExchangeWebService.Exchange2007)		Microsoft.ServiceModel.Channels.Mail.ExchangeWebService.Exchange2007	Microsoft.ServiceModel.Channels.Mail.ExchangeWebService	Windows CE, Windows Mobile for Smartphone, Windows Mobile for Pocket PC The .NET Framework and .NET Compact Framework do not support all versions of every platf	3.5
bb155214	ExchangeServiceBinding.SerializedSecurityContext Property  (Microsoft.ServiceModel.Channels.Mail.ExchangeWebService.Exchange2007)		Microsoft.ServiceModel.Channels.Mail.ExchangeWebService.Exchange2007	Microsoft.ServiceModel.Channels.Mail.ExchangeWebService	Windows CE, Windows Mobile for Smartphone, Windows Mobile for Pocket PC The .NET Framework and .NET Compact Framework do not support all versions of every platf	3.5
bb155230	AvailabilityProxyRequestType Members (Microsoft.ServiceModel.Channels.Mail.ExchangeWebService.Exchange2007)					-
bb155234	ExistsType.Item Property  (Microsoft.ServiceModel.Channels.Mail.ExchangeWebService.Exchange2007)		Microsoft.ServiceModel.Channels.Mail.ExchangeWebService.Exchange2007	Microsoft.ServiceModel.Channels.Mail.ExchangeWebService	Windows CE, Windows Mobile for Smartphone, Windows Mobile for Pocket PC The .NET Framework and .NET Compact Framework do not support all versions of every platf	3.5
bb155321	FolderIdType Constructor  (Microsoft.ServiceModel.Channels.Mail.ExchangeWebService.Exchange2007)		Microsoft.ServiceModel.Channels.Mail.ExchangeWebService.Exchange2007	Microsoft.ServiceModel.Channels.Mail.ExchangeWebService	Windows CE, Windows Mobile for Smartphone, Windows Mobile for Pocket PC The .NET Framework and .NET Compact Framework do not support all versions of every platf	3.5
bb155328	DistinguishedFolderIdType Class (Microsoft.ServiceModel.Channels.Mail.ExchangeWebService.Exchange2007)		Microsoft.ServiceModel.Channels.Mail.ExchangeWebService.Exchange2007	Microsoft.ServiceModel.Channels.Mail.ExchangeWebService	Windows CE, Windows Mobile for Smartphone, Windows Mobile for Pocket PC The .NET Framework and .NET Compact Framework do not support all versions of every platf	3.5
bb155671	DeleteItemResponseType Constructor  (Microsoft.ServiceModel.Channels.Mail.ExchangeWebService.Exchange2007)		Microsoft.ServiceModel.Channels.Mail.ExchangeWebService.Exchange2007	Microsoft.ServiceModel.Channels.Mail.ExchangeWebService	Windows CE, Windows Mobile for Smartphone, Windows Mobile for Pocket PC The .NET Framework and .NET Compact Framework do not support all versions of every platf	3.5
bb155678	FolderType Class (Microsoft.ServiceModel.Channels.Mail.ExchangeWebService.Exchange2007)		Microsoft.ServiceModel.Channels.Mail.ExchangeWebService.Exchange2007	Microsoft.ServiceModel.Channels.Mail.ExchangeWebService	Windows CE, Windows Mobile for Smartphone, Windows Mobile for Pocket PC The .NET Framework and .NET Compact Framework do not support all versions of every platf	3.5
bb155823	SidAndAttributesType Constructor  (Microsoft.ServiceModel.Channels.Mail.ExchangeWebService.Exchange2007)		Microsoft.ServiceModel.Channels.Mail.ExchangeWebService.Exchange2007	Microsoft.ServiceModel.Channels.Mail.ExchangeWebService	Windows CE, Windows Mobile for Smartphone, Windows Mobile for Pocket PC The .NET Framework and .NET Compact Framework do not support all versions of every platf	3.5
bb155890	FindFolderResponseMessageType Constructor  (Microsoft.ServiceModel.Channels.Mail.ExchangeWebService.Exchange2007)		Microsoft.ServiceModel.Channels.Mail.ExchangeWebService.Exchange2007	Microsoft.ServiceModel.Channels.Mail.ExchangeWebService	Windows CE, Windows Mobile for Smartphone, Windows Mobile for Pocket PC The .NET Framework and .NET Compact Framework do not support all versions of every platf	3.5
bb155928	ItemIdType Members (Microsoft.ServiceModel.Channels.Mail.ExchangeWebService.Exchange2007)					-
bb155974	RestrictionType.Item Property  (Microsoft.ServiceModel.Channels.Mail.ExchangeWebService.Exchange2007)		Microsoft.ServiceModel.Channels.Mail.ExchangeWebService.Exchange2007	Microsoft.ServiceModel.Channels.Mail.ExchangeWebService	Windows CE, Windows Mobile for Smartphone, Windows Mobile for Pocket PC The .NET Framework and .NET Compact Framework do not support all versions of every platf	3.5
bb155986	GroupedItemsType.GroupIndex Property  (Microsoft.ServiceModel.Channels.Mail.ExchangeWebService.Exchange2007)		Microsoft.ServiceModel.Channels.Mail.ExchangeWebService.Exchange2007	Microsoft.ServiceModel.Channels.Mail.ExchangeWebService	Windows CE, Windows Mobile for Smartphone, Windows Mobile for Pocket PC The .NET Framework and .NET Compact Framework do not support all versions of every platf	3.5
bb156007	IsGreaterThanOrEqualToType Constructor  (Microsoft.ServiceModel.Channels.Mail.ExchangeWebService.Exchange2007)		Microsoft.ServiceModel.Channels.Mail.ExchangeWebService.Exchange2007	Microsoft.ServiceModel.Channels.Mail.ExchangeWebService	Windows CE, Windows Mobile for Smartphone, Windows Mobile for Pocket PC The .NET Framework and .NET Compact Framework do not support all versions of every platf	3.5
bb156008	FindFolderType Constructor  (Microsoft.ServiceModel.Channels.Mail.ExchangeWebService.Exchange2007)		Microsoft.ServiceModel.Channels.Mail.ExchangeWebService.Exchange2007	Microsoft.ServiceModel.Channels.Mail.ExchangeWebService	Windows CE, Windows Mobile for Smartphone, Windows Mobile for Pocket PC The .NET Framework and .NET Compact Framework do not support all versions of every platf	3.5
bb156102	ItemResponseShapeType.IncludeMimeContentSpecified Property  (Microsoft.ServiceModel.Channels.Mail.ExchangeWebService.Exchange2007)		Microsoft.ServiceModel.Channels.Mail.ExchangeWebService.Exchange2007	Microsoft.ServiceModel.Channels.Mail.ExchangeWebService	Windows CE, Windows Mobile for Smartphone, Windows Mobile for Pocket PC The .NET Framework and .NET Compact Framework do not support all versions of every platf	3.5
bb156161	ItemResponseShapeType Class (Microsoft.ServiceModel.Channels.Mail.ExchangeWebService.Exchange2007)		Microsoft.ServiceModel.Channels.Mail.ExchangeWebService.Exchange2007	Microsoft.ServiceModel.Channels.Mail.ExchangeWebService	Windows CE, Windows Mobile for Smartphone, Windows Mobile for Pocket PC The .NET Framework and .NET Compact Framework do not support all versions of every platf	3.5
bb156252	ResponseObjectType Class (Microsoft.ServiceModel.Channels.Mail.ExchangeWebService.Exchange2007)		Microsoft.ServiceModel.Channels.Mail.ExchangeWebService.Exchange2007	Microsoft.ServiceModel.Channels.Mail.ExchangeWebService	Windows CE, Windows Mobile for Smartphone, Windows Mobile for Pocket PC The .NET Framework and .NET Compact Framework do not support all versions of every platf	3.5
bb156298	InternetHeaderType.HeaderName Property  (Microsoft.ServiceModel.Channels.Mail.ExchangeWebService.Exchange2007)		Microsoft.ServiceModel.Channels.Mail.ExchangeWebService.Exchange2007	Microsoft.ServiceModel.Channels.Mail.ExchangeWebService	Windows CE, Windows Mobile for Smartphone, Windows Mobile for Pocket PC The .NET Framework and .NET Compact Framework do not support all versions of every platf	3.5
bb156305	ItemType.ItemId Property  (Microsoft.ServiceModel.Channels.Mail.ExchangeWebService.Exchange2007)		Microsoft.ServiceModel.Channels.Mail.ExchangeWebService.Exchange2007	Microsoft.ServiceModel.Channels.Mail.ExchangeWebService	Windows CE, Windows Mobile for Smartphone, Windows Mobile for Pocket PC The .NET Framework and .NET Compact Framework do not support all versions of every platf	3.5
bb156326	FindItemParentType.AbsoluteDenominatorSpecified Property  (Microsoft.ServiceModel.Channels.Mail.ExchangeWebService.Exchange2007)		Microsoft.ServiceModel.Channels.Mail.ExchangeWebService.Exchange2007	Microsoft.ServiceModel.Channels.Mail.ExchangeWebService	Windows CE, Windows Mobile for Smartphone, Windows Mobile for Pocket PC The .NET Framework and .NET Compact Framework do not support all versions of every platf	3.5
bb156516	MessageType.CcRecipients Property  (Microsoft.ServiceModel.Channels.Mail.ExchangeWebService.Exchange2007)		Microsoft.ServiceModel.Channels.Mail.ExchangeWebService.Exchange2007	Microsoft.ServiceModel.Channels.Mail.ExchangeWebService	Windows CE, Windows Mobile for Smartphone, Windows Mobile for Pocket PC The .NET Framework and .NET Compact Framework do not support all versions of every platf	3.5
bb156542	FindFolderParentType.NumeratorOffset Property  (Microsoft.ServiceModel.Channels.Mail.ExchangeWebService.Exchange2007)		Microsoft.ServiceModel.Channels.Mail.ExchangeWebService.Exchange2007	Microsoft.ServiceModel.Channels.Mail.ExchangeWebService	Windows CE, Windows Mobile for Smartphone, Windows Mobile for Pocket PC The .NET Framework and .NET Compact Framework do not support all versions of every platf	3.5
bb156545	FindItemParentType.NumeratorOffset Property  (Microsoft.ServiceModel.Channels.Mail.ExchangeWebService.Exchange2007)		Microsoft.ServiceModel.Channels.Mail.ExchangeWebService.Exchange2007	Microsoft.ServiceModel.Channels.Mail.ExchangeWebService	Windows CE, Windows Mobile for Smartphone, Windows Mobile for Pocket PC The .NET Framework and .NET Compact Framework do not support all versions of every platf	3.5
bb156546	MailUriHelper.GetChannelName Method  (Microsoft.ServiceModel.Channels.Mail)		Microsoft.ServiceModel.Channels.Mail	Microsoft.ServiceModel.Channels.Mail	Windows CE, Windows Mobile for Smartphone, Windows Mobile for Pocket PC The .NET Framework and .NET Compact Framework do not support all versions of every platf	3.5
bb291916	MessageType.IsResponseRequested Property  (Microsoft.ServiceModel.Channels.Mail.ExchangeWebService.Exchange2007)		Microsoft.ServiceModel.Channels.Mail.ExchangeWebService.Exchange2007	Microsoft.ServiceModel.Channels.Mail.ExchangeWebService	Windows CE, Windows Mobile for Smartphone, Windows Mobile for Pocket PC The .NET Framework and .NET Compact Framework do not support all versions of every platf	3.5
bb291977	MailTransport.Faulted Event (Microsoft.ServiceModel.Channels.Mail)		Microsoft.ServiceModel.Channels.Mail	Microsoft.ServiceModel.Channels.Mail	Windows CE, Windows Mobile for Smartphone, Windows Mobile for Pocket PC The .NET Framework and .NET Compact Framework do not support all versions of every platf	3.5
bb292020	ServerVersionInfo.MajorBuildNumberSpecified Property  (Microsoft.ServiceModel.Channels.Mail.ExchangeWebService.Exchange2007)		Microsoft.ServiceModel.Channels.Mail.ExchangeWebService.Exchange2007	Microsoft.ServiceModel.Channels.Mail.ExchangeWebService	Windows CE, Windows Mobile for Smartphone, Windows Mobile for Pocket PC The .NET Framework and .NET Compact Framework do not support all versions of every platf	3.5
bb292045	ItemType.IsDraftSpecified Property  (Microsoft.ServiceModel.Channels.Mail.ExchangeWebService.Exchange2007)		Microsoft.ServiceModel.Channels.Mail.ExchangeWebService.Exchange2007	Microsoft.ServiceModel.Channels.Mail.ExchangeWebService	Windows CE, Windows Mobile for Smartphone, Windows Mobile for Pocket PC The .NET Framework and .NET Compact Framework do not support all versions of every platf	3.5
bb292057	MailTransport Class (Microsoft.ServiceModel.Channels.Mail)		Microsoft.ServiceModel.Channels.Mail	Microsoft.ServiceModel.Channels.Mail	Windows CE, Windows Mobile for Smartphone, Windows Mobile for Pocket PC The .NET Framework and .NET Compact Framework do not support all versions of every platf	3.5
bb292085	MailUriHelper.CreateUri Method (String, String[]) (Microsoft.ServiceModel.Channels.Mail)		Microsoft.ServiceModel.Channels.Mail	Microsoft.ServiceModel.Channels.Mail	Windows CE, Windows Mobile for Smartphone, Windows Mobile for Pocket PC The .NET Framework and .NET Compact Framework do not support all versions of every platf	3.5
bb292108	BasePagingType.MaxEntriesReturnedSpecified Property  (Microsoft.ServiceModel.Channels.Mail.ExchangeWebService.Exchange2007)		Microsoft.ServiceModel.Channels.Mail.ExchangeWebService.Exchange2007	Microsoft.ServiceModel.Channels.Mail.ExchangeWebService	Windows CE, Windows Mobile for Smartphone, Windows Mobile for Pocket PC The .NET Framework and .NET Compact Framework do not support all versions of every platf	3.5
bb292132	ExchangeServiceBinding Class (Microsoft.ServiceModel.Channels.Mail.ExchangeWebService.Exchange2007)		Microsoft.ServiceModel.Channels.Mail.ExchangeWebService.Exchange2007	Microsoft.ServiceModel.Channels.Mail.ExchangeWebService	Windows CE, Windows Mobile for Smartphone, Windows Mobile for Pocket PC The .NET Framework and .NET Compact Framework do not support all versions of every platf	3.5
bb292155	MailTransport Members (Microsoft.ServiceModel.Channels.Mail)					-
bb292180	AttachmentType.Name Property  (Microsoft.ServiceModel.Channels.Mail.ExchangeWebService.Exchange2007)		Microsoft.ServiceModel.Channels.Mail.ExchangeWebService.Exchange2007	Microsoft.ServiceModel.Channels.Mail.ExchangeWebService	Windows CE, Windows Mobile for Smartphone, Windows Mobile for Pocket PC The .NET Framework and .NET Compact Framework do not support all versions of every platf	3.5
bb292196	SmartResponseBaseType Class (Microsoft.ServiceModel.Channels.Mail.ExchangeWebService.Exchange2007)		Microsoft.ServiceModel.Channels.Mail.ExchangeWebService.Exchange2007	Microsoft.ServiceModel.Channels.Mail.ExchangeWebService	Windows CE, Windows Mobile for Smartphone, Windows Mobile for Pocket PC The .NET Framework and .NET Compact Framework do not support all versions of every platf	3.5
bb292238	SidAndAttributesType.SecurityIdentifier Property  (Microsoft.ServiceModel.Channels.Mail.ExchangeWebService.Exchange2007)		Microsoft.ServiceModel.Channels.Mail.ExchangeWebService.Exchange2007	Microsoft.ServiceModel.Channels.Mail.ExchangeWebService	Windows CE, Windows Mobile for Smartphone, Windows Mobile for Pocket PC The .NET Framework and .NET Compact Framework do not support all versions of every platf	3.5
bb292239	FieldOrderType Members (Microsoft.ServiceModel.Channels.Mail.ExchangeWebService.Exchange2007)					-
bb292248	ItemType.IsSubmitted Property  (Microsoft.ServiceModel.Channels.Mail.ExchangeWebService.Exchange2007)		Microsoft.ServiceModel.Channels.Mail.ExchangeWebService.Exchange2007	Microsoft.ServiceModel.Channels.Mail.ExchangeWebService	Windows CE, Windows Mobile for Smartphone, Windows Mobile for Pocket PC The .NET Framework and .NET Compact Framework do not support all versions of every platf	3.5
bb292331	ContainsExpressionType Class (Microsoft.ServiceModel.Channels.Mail.ExchangeWebService.Exchange2007)		Microsoft.ServiceModel.Channels.Mail.ExchangeWebService.Exchange2007	Microsoft.ServiceModel.Channels.Mail.ExchangeWebService	Windows CE, Windows Mobile for Smartphone, Windows Mobile for Pocket PC The .NET Framework and .NET Compact Framework do not support all versions of every platf	3.5
bb292585	MailBindingBase Constructor (MailSecurityMode) (Microsoft.ServiceModel.Channels.Mail)		Microsoft.ServiceModel.Channels.Mail	Microsoft.ServiceModel.Channels.Mail	Windows CE, Windows Mobile for Smartphone, Windows Mobile for Pocket PC The .NET Framework and .NET Compact Framework do not support all versions of every platf	3.5
bb292599	SubscribeResponseType Class (Microsoft.ServiceModel.Channels.Mail.ExchangeWebService.Exchange2007)		Microsoft.ServiceModel.Channels.Mail.ExchangeWebService.Exchange2007	Microsoft.ServiceModel.Channels.Mail.ExchangeWebService	Windows CE, Windows Mobile for Smartphone, Windows Mobile for Pocket PC The .NET Framework and .NET Compact Framework do not support all versions of every platf	3.5
bb292617	DeleteItemResponseType Class (Microsoft.ServiceModel.Channels.Mail.ExchangeWebService.Exchange2007)		Microsoft.ServiceModel.Channels.Mail.ExchangeWebService.Exchange2007	Microsoft.ServiceModel.Channels.Mail.ExchangeWebService	Windows CE, Windows Mobile for Smartphone, Windows Mobile for Pocket PC The .NET Framework and .NET Compact Framework do not support all versions of every platf	3.5
bb292618	ItemType.IsUnmodifiedSpecified Property  (Microsoft.ServiceModel.Channels.Mail.ExchangeWebService.Exchange2007)		Microsoft.ServiceModel.Channels.Mail.ExchangeWebService.Exchange2007	Microsoft.ServiceModel.Channels.Mail.ExchangeWebService	Windows CE, Windows Mobile for Smartphone, Windows Mobile for Pocket PC The .NET Framework and .NET Compact Framework do not support all versions of every platf	3.5
bb292621	BaseFolderType.FolderId Property  (Microsoft.ServiceModel.Channels.Mail.ExchangeWebService.Exchange2007)		Microsoft.ServiceModel.Channels.Mail.ExchangeWebService.Exchange2007	Microsoft.ServiceModel.Channels.Mail.ExchangeWebService	Windows CE, Windows Mobile for Smartphone, Windows Mobile for Pocket PC The .NET Framework and .NET Compact Framework do not support all versions of every platf	3.5
bb292721	AttachmentResponseShapeType.IncludeMimeContentSpecified Property  (Microsoft.ServiceModel.Channels.Mail.ExchangeWebService.Exchange2007)		Microsoft.ServiceModel.Channels.Mail.ExchangeWebService.Exchange2007	Microsoft.ServiceModel.Channels.Mail.ExchangeWebService	Windows CE, Windows Mobile for Smartphone, Windows Mobile for Pocket PC The .NET Framework and .NET Compact Framework do not support all versions of every platf	3.5
bb292733	GetEventsType Constructor  (Microsoft.ServiceModel.Channels.Mail.ExchangeWebService.Exchange2007)		Microsoft.ServiceModel.Channels.Mail.ExchangeWebService.Exchange2007	Microsoft.ServiceModel.Channels.Mail.ExchangeWebService	Windows CE, Windows Mobile for Smartphone, Windows Mobile for Pocket PC The .NET Framework and .NET Compact Framework do not support all versions of every platf	3.5
bb292818	BasePagingType Class (Microsoft.ServiceModel.Channels.Mail.ExchangeWebService.Exchange2007)		Microsoft.ServiceModel.Channels.Mail.ExchangeWebService.Exchange2007	Microsoft.ServiceModel.Channels.Mail.ExchangeWebService	Windows CE, Windows Mobile for Smartphone, Windows Mobile for Pocket PC The .NET Framework and .NET Compact Framework do not support all versions of every platf	3.5
bb292851	FixedPoint.IConvertible.ToDateTime Method  (Microsoft.WindowsMobile.DirectX.Direct3D)		Microsoft.WindowsMobile.DirectX.Direct3D	Microsoft.WindowsMobile.DirectX	Windows CE, Windows Mobile for Smartphone, Windows Mobile for Pocket PC The .NET Framework and .NET Compact Framework do not support all versions of every platf	3.5,2.0
bb292900	BaseItemIdType Members (Microsoft.ServiceModel.Channels.Mail.ExchangeWebService.Exchange2007)					-
bb292922	BaseNotificationEventType Members (Microsoft.ServiceModel.Channels.Mail.ExchangeWebService.Exchange2007)					-
bb292949	FindItemParentType.IndexedPagingOffset Property  (Microsoft.ServiceModel.Channels.Mail.ExchangeWebService.Exchange2007)		Microsoft.ServiceModel.Channels.Mail.ExchangeWebService.Exchange2007	Microsoft.ServiceModel.Channels.Mail.ExchangeWebService	Windows CE, Windows Mobile for Smartphone, Windows Mobile for Pocket PC The .NET Framework and .NET Compact Framework do not support all versions of every platf	3.5
bb293050	FolderType Constructor  (Microsoft.ServiceModel.Channels.Mail.ExchangeWebService.Exchange2007)		Microsoft.ServiceModel.Channels.Mail.ExchangeWebService.Exchange2007	Microsoft.ServiceModel.Channels.Mail.ExchangeWebService	Windows CE, Windows Mobile for Smartphone, Windows Mobile for Pocket PC The .NET Framework and .NET Compact Framework do not support all versions of every platf	3.5
bb293068	FolderResponseShapeType Class (Microsoft.ServiceModel.Channels.Mail.ExchangeWebService.Exchange2007)		Microsoft.ServiceModel.Channels.Mail.ExchangeWebService.Exchange2007	Microsoft.ServiceModel.Channels.Mail.ExchangeWebService	Windows CE, Windows Mobile for Smartphone, Windows Mobile for Pocket PC The .NET Framework and .NET Compact Framework do not support all versions of every platf	3.5
bb293079	EmailAddressType Class (Microsoft.ServiceModel.Channels.Mail.ExchangeWebService.Exchange2007)		Microsoft.ServiceModel.Channels.Mail.ExchangeWebService.Exchange2007	Microsoft.ServiceModel.Channels.Mail.ExchangeWebService	Windows CE, Windows Mobile for Smartphone, Windows Mobile for Pocket PC The .NET Framework and .NET Compact Framework do not support all versions of every platf	3.5
bb293133	MailUriHelper.Create Method (String, String) (Microsoft.ServiceModel.Channels.Mail)		Microsoft.ServiceModel.Channels.Mail	Microsoft.ServiceModel.Channels.Mail	Windows CE, Windows Mobile for Smartphone, Windows Mobile for Pocket PC The .NET Framework and .NET Compact Framework do not support all versions of every platf	3.5
bb293138	SearchParametersType.Traversal Property  (Microsoft.ServiceModel.Channels.Mail.ExchangeWebService.Exchange2007)		Microsoft.ServiceModel.Channels.Mail.ExchangeWebService.Exchange2007	Microsoft.ServiceModel.Channels.Mail.ExchangeWebService	Windows CE, Windows Mobile for Smartphone, Windows Mobile for Pocket PC The .NET Framework and .NET Compact Framework do not support all versions of every platf	3.5
bb293154	AttachmentIdType Constructor  (Microsoft.ServiceModel.Channels.Mail.ExchangeWebService.Exchange2007)		Microsoft.ServiceModel.Channels.Mail.ExchangeWebService.Exchange2007	Microsoft.ServiceModel.Channels.Mail.ExchangeWebService	Windows CE, Windows Mobile for Smartphone, Windows Mobile for Pocket PC The .NET Framework and .NET Compact Framework do not support all versions of every platf	3.5
bb297936	MailBindingBase Members (Microsoft.ServiceModel.Channels.Mail)					-
bb297952	UnsubscribeType.SubscriptionId Property  (Microsoft.ServiceModel.Channels.Mail.ExchangeWebService.Exchange2007)		Microsoft.ServiceModel.Channels.Mail.ExchangeWebService.Exchange2007	Microsoft.ServiceModel.Channels.Mail.ExchangeWebService	Windows CE, Windows Mobile for Smartphone, Windows Mobile for Pocket PC The .NET Framework and .NET Compact Framework do not support all versions of every platf	3.5
bb297964	BaseRequestType Members (Microsoft.ServiceModel.Channels.Mail.ExchangeWebService.Exchange2007)					-
bb297983	BaseFolderType.ParentFolderId Property  (Microsoft.ServiceModel.Channels.Mail.ExchangeWebService.Exchange2007)		Microsoft.ServiceModel.Channels.Mail.ExchangeWebService.Exchange2007	Microsoft.ServiceModel.Channels.Mail.ExchangeWebService	Windows CE, Windows Mobile for Smartphone, Windows Mobile for Pocket PC The .NET Framework and .NET Compact Framework do not support all versions of every platf	3.5
bb297991	CreateAttachmentType.ParentItemId Property  (Microsoft.ServiceModel.Channels.Mail.ExchangeWebService.Exchange2007)		Microsoft.ServiceModel.Channels.Mail.ExchangeWebService.Exchange2007	Microsoft.ServiceModel.Channels.Mail.ExchangeWebService	Windows CE, Windows Mobile for Smartphone, Windows Mobile for Pocket PC The .NET Framework and .NET Compact Framework do not support all versions of every platf	3.5
bb298004	FieldOrderType.Item Property  (Microsoft.ServiceModel.Channels.Mail.ExchangeWebService.Exchange2007)		Microsoft.ServiceModel.Channels.Mail.ExchangeWebService.Exchange2007	Microsoft.ServiceModel.Channels.Mail.ExchangeWebService	Windows CE, Windows Mobile for Smartphone, Windows Mobile for Pocket PC The .NET Framework and .NET Compact Framework do not support all versions of every platf	3.5
bb298068	BodyType.Value Property  (Microsoft.ServiceModel.Channels.Mail.ExchangeWebService.Exchange2007)		Microsoft.ServiceModel.Channels.Mail.ExchangeWebService.Exchange2007	Microsoft.ServiceModel.Channels.Mail.ExchangeWebService	Windows CE, Windows Mobile for Smartphone, Windows Mobile for Pocket PC The .NET Framework and .NET Compact Framework do not support all versions of every platf	3.5
bb298122	GetFolderType Constructor  (Microsoft.ServiceModel.Channels.Mail.ExchangeWebService.Exchange2007)		Microsoft.ServiceModel.Channels.Mail.ExchangeWebService.Exchange2007	Microsoft.ServiceModel.Channels.Mail.ExchangeWebService	Windows CE, Windows Mobile for Smartphone, Windows Mobile for Pocket PC The .NET Framework and .NET Compact Framework do not support all versions of every platf	3.5
bb298163	BodyType Constructor  (Microsoft.ServiceModel.Channels.Mail.ExchangeWebService.Exchange2007)		Microsoft.ServiceModel.Channels.Mail.ExchangeWebService.Exchange2007	Microsoft.ServiceModel.Channels.Mail.ExchangeWebService	Windows CE, Windows Mobile for Smartphone, Windows Mobile for Pocket PC The .NET Framework and .NET Compact Framework do not support all versions of every platf	3.5
bb298175	NotificationType.MoreEvents Property  (Microsoft.ServiceModel.Channels.Mail.ExchangeWebService.Exchange2007)		Microsoft.ServiceModel.Channels.Mail.ExchangeWebService.Exchange2007	Microsoft.ServiceModel.Channels.Mail.ExchangeWebService	Windows CE, Windows Mobile for Smartphone, Windows Mobile for Pocket PC The .NET Framework and .NET Compact Framework do not support all versions of every platf	3.5
bb298260	MessageType.From Property  (Microsoft.ServiceModel.Channels.Mail.ExchangeWebService.Exchange2007)		Microsoft.ServiceModel.Channels.Mail.ExchangeWebService.Exchange2007	Microsoft.ServiceModel.Channels.Mail.ExchangeWebService	Windows CE, Windows Mobile for Smartphone, Windows Mobile for Pocket PC The .NET Framework and .NET Compact Framework do not support all versions of every platf	3.5
bb298265	CreateAttachmentResponseType Class (Microsoft.ServiceModel.Channels.Mail.ExchangeWebService.Exchange2007)		Microsoft.ServiceModel.Channels.Mail.ExchangeWebService.Exchange2007	Microsoft.ServiceModel.Channels.Mail.ExchangeWebService	Windows CE, Windows Mobile for Smartphone, Windows Mobile for Pocket PC The .NET Framework and .NET Compact Framework do not support all versions of every platf	3.5
bb298306	FindFolderResponseType Class (Microsoft.ServiceModel.Channels.Mail.ExchangeWebService.Exchange2007)		Microsoft.ServiceModel.Channels.Mail.ExchangeWebService.Exchange2007	Microsoft.ServiceModel.Channels.Mail.ExchangeWebService	Windows CE, Windows Mobile for Smartphone, Windows Mobile for Pocket PC The .NET Framework and .NET Compact Framework do not support all versions of every platf	3.5
bb298316	MailTransportBindingElementBase.CanBuildChannelFactory(TChannel) Method  (Microsoft.ServiceModel.Channels.Mail)		Microsoft.ServiceModel.Channels.Mail	Microsoft.ServiceModel.Channels.Mail	Windows CE, Windows Mobile for Smartphone, Windows Mobile for Pocket PC The .NET Framework and .NET Compact Framework do not support all versions of every platf	3.5
bb298327	FindItemParentType.TotalItemsInViewSpecified Property  (Microsoft.ServiceModel.Channels.Mail.ExchangeWebService.Exchange2007)		Microsoft.ServiceModel.Channels.Mail.ExchangeWebService.Exchange2007	Microsoft.ServiceModel.Channels.Mail.ExchangeWebService	Windows CE, Windows Mobile for Smartphone, Windows Mobile for Pocket PC The .NET Framework and .NET Compact Framework do not support all versions of every platf	3.5
bb298354	BaseObjectChangedEventType Members (Microsoft.ServiceModel.Channels.Mail.ExchangeWebService.Exchange2007)					-
bb298406	MailTransport.MaxTotalMessageCacheSize Property  (Microsoft.ServiceModel.Channels.Mail)		Microsoft.ServiceModel.Channels.Mail	Microsoft.ServiceModel.Channels.Mail	Windows CE, Windows Mobile for Smartphone, Windows Mobile for Pocket PC The .NET Framework and .NET Compact Framework do not support all versions of every platf	3.5
bb298424	ItemType.SensitivitySpecified Property  (Microsoft.ServiceModel.Channels.Mail.ExchangeWebService.Exchange2007)		Microsoft.ServiceModel.Channels.Mail.ExchangeWebService.Exchange2007	Microsoft.ServiceModel.Channels.Mail.ExchangeWebService	Windows CE, Windows Mobile for Smartphone, Windows Mobile for Pocket PC The .NET Framework and .NET Compact Framework do not support all versions of every platf	3.5
bb298430	FolderType Members (Microsoft.ServiceModel.Channels.Mail.ExchangeWebService.Exchange2007)					-
bb298492	FractionalPageViewType Members (Microsoft.ServiceModel.Channels.Mail.ExchangeWebService.Exchange2007)					-
bb298547	FolderResponseShapeType Constructor  (Microsoft.ServiceModel.Channels.Mail.ExchangeWebService.Exchange2007)		Microsoft.ServiceModel.Channels.Mail.ExchangeWebService.Exchange2007	Microsoft.ServiceModel.Channels.Mail.ExchangeWebService	Windows CE, Windows Mobile for Smartphone, Windows Mobile for Pocket PC The .NET Framework and .NET Compact Framework do not support all versions of every platf	3.5
bb298560	ExchangeWebServiceMailBinding Class (Microsoft.ServiceModel.Channels.Mail.ExchangeWebService)		Microsoft.ServiceModel.Channels.Mail.ExchangeWebService	Microsoft.ServiceModel.Channels.Mail.ExchangeWebService	Windows CE, Windows Mobile for Smartphone, Windows Mobile for Pocket PC The .NET Framework and .NET Compact Framework do not support all versions of every platf	3.5
bb298575	MailBindingBase Constructor  (Microsoft.ServiceModel.Channels.Mail)		Microsoft.ServiceModel.Channels.Mail	Microsoft.ServiceModel.Channels.Mail	Windows CE, Windows Mobile for Smartphone, Windows Mobile for Pocket PC The .NET Framework and .NET Compact Framework do not support all versions of every platf	3.5
bb298619	SerializedSecurityContextType.PrimarySmtpAddress Property  (Microsoft.ServiceModel.Channels.Mail.ExchangeWebService.Exchange2007)		Microsoft.ServiceModel.Channels.Mail.ExchangeWebService.Exchange2007	Microsoft.ServiceModel.Channels.Mail.ExchangeWebService	Windows CE, Windows Mobile for Smartphone, Windows Mobile for Pocket PC The .NET Framework and .NET Compact Framework do not support all versions of every platf	3.5
bb298731	ExchangeWebServiceMailBinding Constructor (Uri, ICredentials) (Microsoft.ServiceModel.Channels.Mail.ExchangeWebService)		Microsoft.ServiceModel.Channels.Mail.ExchangeWebService	Microsoft.ServiceModel.Channels.Mail.ExchangeWebService	Windows CE, Windows Mobile for Smartphone, Windows Mobile for Pocket PC The .NET Framework and .NET Compact Framework do not support all versions of every platf	3.5
bb298762	CreateAttachmentResponseType Members (Microsoft.ServiceModel.Channels.Mail.ExchangeWebService.Exchange2007)					-
bb298821	MessageType.IsReadReceiptRequested Property  (Microsoft.ServiceModel.Channels.Mail.ExchangeWebService.Exchange2007)		Microsoft.ServiceModel.Channels.Mail.ExchangeWebService.Exchange2007	Microsoft.ServiceModel.Channels.Mail.ExchangeWebService	Windows CE, Windows Mobile for Smartphone, Windows Mobile for Pocket PC The .NET Framework and .NET Compact Framework do not support all versions of every platf	3.5
bb298986	FixedPoint.IConvertible.ToUInt64 Method  (Microsoft.WindowsMobile.DirectX.Direct3D)		Microsoft.WindowsMobile.DirectX.Direct3D	Microsoft.WindowsMobile.DirectX	Windows CE, Windows Mobile for Smartphone, Windows Mobile for Pocket PC The .NET Framework and .NET Compact Framework do not support all versions of every platf	3.5,2.0
bb298993	MimeContentType Constructor  (Microsoft.ServiceModel.Channels.Mail.ExchangeWebService.Exchange2007)		Microsoft.ServiceModel.Channels.Mail.ExchangeWebService.Exchange2007	Microsoft.ServiceModel.Channels.Mail.ExchangeWebService	Windows CE, Windows Mobile for Smartphone, Windows Mobile for Pocket PC The .NET Framework and .NET Compact Framework do not support all versions of every platf	3.5
bb299289	WindowsMobileMailTransportBindingElement.Clone Method  (Microsoft.ServiceModel.Channels.Mail.WindowsMobile)		Microsoft.ServiceModel.Channels.Mail.WindowsMobile	Microsoft.ServiceModel.Channels.Mail.WindowsMobile	Windows CE, Windows Mobile for Smartphone, Windows Mobile for Pocket PC The .NET Framework and .NET Compact Framework do not support all versions of every platf	3.5
bb299320	TwoOperandExpressionType.FieldURIOrConstant Property  (Microsoft.ServiceModel.Channels.Mail.ExchangeWebService.Exchange2007)		Microsoft.ServiceModel.Channels.Mail.ExchangeWebService.Exchange2007	Microsoft.ServiceModel.Channels.Mail.ExchangeWebService	Windows CE, Windows Mobile for Smartphone, Windows Mobile for Pocket PC The .NET Framework and .NET Compact Framework do not support all versions of every platf	3.5
bb299416	ExchangeImpersonationType Class (Microsoft.ServiceModel.Channels.Mail.ExchangeWebService.Exchange2007)		Microsoft.ServiceModel.Channels.Mail.ExchangeWebService.Exchange2007	Microsoft.ServiceModel.Channels.Mail.ExchangeWebService	Windows CE, Windows Mobile for Smartphone, Windows Mobile for Pocket PC The .NET Framework and .NET Compact Framework do not support all versions of every platf	3.5
bb299420	ExchangeWebServiceMailTransportBindingElement Constructor  (Microsoft.ServiceModel.Channels.Mail.ExchangeWebService)		Microsoft.ServiceModel.Channels.Mail.ExchangeWebService	Microsoft.ServiceModel.Channels.Mail.ExchangeWebService	Windows CE, Windows Mobile for Smartphone, Windows Mobile for Pocket PC The .NET Framework and .NET Compact Framework do not support all versions of every platf	3.5
bb299492	ExchangeWebServiceMailTransport Class (Microsoft.ServiceModel.Channels.Mail.ExchangeWebService)		Microsoft.ServiceModel.Channels.Mail.ExchangeWebService	Microsoft.ServiceModel.Channels.Mail.ExchangeWebService	Windows CE, Windows Mobile for Smartphone, Windows Mobile for Pocket PC The .NET Framework and .NET Compact Framework do not support all versions of every platf	3.5
bb299515	ContainsExpressionType Members (Microsoft.ServiceModel.Channels.Mail.ExchangeWebService.Exchange2007)					-
bb299553	MimeContentType Class (Microsoft.ServiceModel.Channels.Mail.ExchangeWebService.Exchange2007)		Microsoft.ServiceModel.Channels.Mail.ExchangeWebService.Exchange2007	Microsoft.ServiceModel.Channels.Mail.ExchangeWebService	Windows CE, Windows Mobile for Smartphone, Windows Mobile for Pocket PC The .NET Framework and .NET Compact Framework do not support all versions of every platf	3.5
bb299635	FindFolderParentType.Folders Property  (Microsoft.ServiceModel.Channels.Mail.ExchangeWebService.Exchange2007)		Microsoft.ServiceModel.Channels.Mail.ExchangeWebService.Exchange2007	Microsoft.ServiceModel.Channels.Mail.ExchangeWebService	Windows CE, Windows Mobile for Smartphone, Windows Mobile for Pocket PC The .NET Framework and .NET Compact Framework do not support all versions of every platf	3.5
bb299652	SidAndAttributesType Members (Microsoft.ServiceModel.Channels.Mail.ExchangeWebService.Exchange2007)					-
bb299824	ExchangeServiceBinding.EndSubscribe Method  (Microsoft.ServiceModel.Channels.Mail.ExchangeWebService.Exchange2007)		Microsoft.ServiceModel.Channels.Mail.ExchangeWebService.Exchange2007	Microsoft.ServiceModel.Channels.Mail.ExchangeWebService	Windows CE, Windows Mobile for Smartphone, Windows Mobile for Pocket PC The .NET Framework and .NET Compact Framework do not support all versions of every platf	3.5
bb300105	ResponseCodeType Enumeration (Microsoft.ServiceModel.Channels.Mail.ExchangeWebService.Exchange2007)		Microsoft.ServiceModel.Channels.Mail.ExchangeWebService.Exchange2007	Microsoft.ServiceModel.Channels.Mail.ExchangeWebService	Windows CE, Windows Mobile for Smartphone, Windows Mobile for Pocket PC The .NET Framework and .NET Compact Framework do not support all versions of every platf	3.5
bb300211	ExchangeServiceBinding.MailboxCulture Property  (Microsoft.ServiceModel.Channels.Mail.ExchangeWebService.Exchange2007)		Microsoft.ServiceModel.Channels.Mail.ExchangeWebService.Exchange2007	Microsoft.ServiceModel.Channels.Mail.ExchangeWebService	Windows CE, Windows Mobile for Smartphone, Windows Mobile for Pocket PC The .NET Framework and .NET Compact Framework do not support all versions of every platf	3.5
bb300220	FindItemType.SortOrder Property  (Microsoft.ServiceModel.Channels.Mail.ExchangeWebService.Exchange2007)		Microsoft.ServiceModel.Channels.Mail.ExchangeWebService.Exchange2007	Microsoft.ServiceModel.Channels.Mail.ExchangeWebService	Windows CE, Windows Mobile for Smartphone, Windows Mobile for Pocket PC The .NET Framework and .NET Compact Framework do not support all versions of every platf	3.5
bb300255	MailTransportBindingElementBase.BuildChannelListener(TChannel) Method  (Microsoft.ServiceModel.Channels.Mail)		Microsoft.ServiceModel.Channels.Mail	Microsoft.ServiceModel.Channels.Mail	Windows CE, Windows Mobile for Smartphone, Windows Mobile for Pocket PC The .NET Framework and .NET Compact Framework do not support all versions of every platf	3.5
bb300449	GetFolderType Class (Microsoft.ServiceModel.Channels.Mail.ExchangeWebService.Exchange2007)		Microsoft.ServiceModel.Channels.Mail.ExchangeWebService.Exchange2007	Microsoft.ServiceModel.Channels.Mail.ExchangeWebService	Windows CE, Windows Mobile for Smartphone, Windows Mobile for Pocket PC The .NET Framework and .NET Compact Framework do not support all versions of every platf	3.5
bb300459	ModifiedEventType Class (Microsoft.ServiceModel.Channels.Mail.ExchangeWebService.Exchange2007)		Microsoft.ServiceModel.Channels.Mail.ExchangeWebService.Exchange2007	Microsoft.ServiceModel.Channels.Mail.ExchangeWebService	Windows CE, Windows Mobile for Smartphone, Windows Mobile for Pocket PC The .NET Framework and .NET Compact Framework do not support all versions of every platf	3.5
bb300469	SendNotificationResponseMessageType Constructor  (Microsoft.ServiceModel.Channels.Mail.ExchangeWebService.Exchange2007)		Microsoft.ServiceModel.Channels.Mail.ExchangeWebService.Exchange2007	Microsoft.ServiceModel.Channels.Mail.ExchangeWebService	Windows CE, Windows Mobile for Smartphone, Windows Mobile for Pocket PC The .NET Framework and .NET Compact Framework do not support all versions of every platf	3.5
bb300472	FindItemType.Item Property  (Microsoft.ServiceModel.Channels.Mail.ExchangeWebService.Exchange2007)		Microsoft.ServiceModel.Channels.Mail.ExchangeWebService.Exchange2007	Microsoft.ServiceModel.Channels.Mail.ExchangeWebService	Windows CE, Windows Mobile for Smartphone, Windows Mobile for Pocket PC The .NET Framework and .NET Compact Framework do not support all versions of every platf	3.5
bb300486	ExchangeServiceBinding.ExchangeImpersonation Property  (Microsoft.ServiceModel.Channels.Mail.ExchangeWebService.Exchange2007)		Microsoft.ServiceModel.Channels.Mail.ExchangeWebService.Exchange2007	Microsoft.ServiceModel.Channels.Mail.ExchangeWebService	Windows CE, Windows Mobile for Smartphone, Windows Mobile for Pocket PC The .NET Framework and .NET Compact Framework do not support all versions of every platf	3.5
bb300527	FindFolderType.Item Property  (Microsoft.ServiceModel.Channels.Mail.ExchangeWebService.Exchange2007)		Microsoft.ServiceModel.Channels.Mail.ExchangeWebService.Exchange2007	Microsoft.ServiceModel.Channels.Mail.ExchangeWebService	Windows CE, Windows Mobile for Smartphone, Windows Mobile for Pocket PC The .NET Framework and .NET Compact Framework do not support all versions of every platf	3.5
bb300552	ServerVersionInfo.MinorBuildNumberSpecified Property  (Microsoft.ServiceModel.Channels.Mail.ExchangeWebService.Exchange2007)		Microsoft.ServiceModel.Channels.Mail.ExchangeWebService.Exchange2007	Microsoft.ServiceModel.Channels.Mail.ExchangeWebService	Windows CE, Windows Mobile for Smartphone, Windows Mobile for Pocket PC The .NET Framework and .NET Compact Framework do not support all versions of every platf	3.5
bb300594	UnindexedFieldURIType Enumeration (Microsoft.ServiceModel.Channels.Mail.ExchangeWebService.Exchange2007)		Microsoft.ServiceModel.Channels.Mail.ExchangeWebService.Exchange2007	Microsoft.ServiceModel.Channels.Mail.ExchangeWebService	Windows CE, Windows Mobile for Smartphone, Windows Mobile for Pocket PC The .NET Framework and .NET Compact Framework do not support all versions of every platf	3.5
bb300612	MessageType Constructor  (Microsoft.ServiceModel.Channels.Mail.ExchangeWebService.Exchange2007)		Microsoft.ServiceModel.Channels.Mail.ExchangeWebService.Exchange2007	Microsoft.ServiceModel.Channels.Mail.ExchangeWebService	Windows CE, Windows Mobile for Smartphone, Windows Mobile for Pocket PC The .NET Framework and .NET Compact Framework do not support all versions of every platf	3.5
bb300615	SubscribeType Class (Microsoft.ServiceModel.Channels.Mail.ExchangeWebService.Exchange2007)		Microsoft.ServiceModel.Channels.Mail.ExchangeWebService.Exchange2007	Microsoft.ServiceModel.Channels.Mail.ExchangeWebService	Windows CE, Windows Mobile for Smartphone, Windows Mobile for Pocket PC The .NET Framework and .NET Compact Framework do not support all versions of every platf	3.5
bb300617	PathToExceptionFieldType Class (Microsoft.ServiceModel.Channels.Mail.ExchangeWebService.Exchange2007)		Microsoft.ServiceModel.Channels.Mail.ExchangeWebService.Exchange2007	Microsoft.ServiceModel.Channels.Mail.ExchangeWebService	Windows CE, Windows Mobile for Smartphone, Windows Mobile for Pocket PC The .NET Framework and .NET Compact Framework do not support all versions of every platf	3.5
bb300625	FractionalPageViewType.Numerator Property  (Microsoft.ServiceModel.Channels.Mail.ExchangeWebService.Exchange2007)		Microsoft.ServiceModel.Channels.Mail.ExchangeWebService.Exchange2007	Microsoft.ServiceModel.Channels.Mail.ExchangeWebService	Windows CE, Windows Mobile for Smartphone, Windows Mobile for Pocket PC The .NET Framework and .NET Compact Framework do not support all versions of every platf	3.5
bb300628	GetEventsResponseMessageType Class (Microsoft.ServiceModel.Channels.Mail.ExchangeWebService.Exchange2007)		Microsoft.ServiceModel.Channels.Mail.ExchangeWebService.Exchange2007	Microsoft.ServiceModel.Channels.Mail.ExchangeWebService	Windows CE, Windows Mobile for Smartphone, Windows Mobile for Pocket PC The .NET Framework and .NET Compact Framework do not support all versions of every platf	3.5
bb300644	OrType Members (Microsoft.ServiceModel.Channels.Mail.ExchangeWebService.Exchange2007)					-
bb300671	ItemType.IsFromMeSpecified Property  (Microsoft.ServiceModel.Channels.Mail.ExchangeWebService.Exchange2007)		Microsoft.ServiceModel.Channels.Mail.ExchangeWebService.Exchange2007	Microsoft.ServiceModel.Channels.Mail.ExchangeWebService	Windows CE, Windows Mobile for Smartphone, Windows Mobile for Pocket PC The .NET Framework and .NET Compact Framework do not support all versions of every platf	3.5
bb300686	DistinguishedPropertySetType Enumeration (Microsoft.ServiceModel.Channels.Mail.ExchangeWebService.Exchange2007)		Microsoft.ServiceModel.Channels.Mail.ExchangeWebService.Exchange2007	Microsoft.ServiceModel.Channels.Mail.ExchangeWebService	Windows CE, Windows Mobile for Smartphone, Windows Mobile for Pocket PC The .NET Framework and .NET Compact Framework do not support all versions of every platf	3.5
bb300744	MessageType.Sender Property  (Microsoft.ServiceModel.Channels.Mail.ExchangeWebService.Exchange2007)		Microsoft.ServiceModel.Channels.Mail.ExchangeWebService.Exchange2007	Microsoft.ServiceModel.Channels.Mail.ExchangeWebService	Windows CE, Windows Mobile for Smartphone, Windows Mobile for Pocket PC The .NET Framework and .NET Compact Framework do not support all versions of every platf	3.5
bb300760	SendItemType.SavedItemFolderId Property  (Microsoft.ServiceModel.Channels.Mail.ExchangeWebService.Exchange2007)		Microsoft.ServiceModel.Channels.Mail.ExchangeWebService.Exchange2007	Microsoft.ServiceModel.Channels.Mail.ExchangeWebService	Windows CE, Windows Mobile for Smartphone, Windows Mobile for Pocket PC The .NET Framework and .NET Compact Framework do not support all versions of every platf	3.5
bb300789	GetFolderType.FolderShape Property  (Microsoft.ServiceModel.Channels.Mail.ExchangeWebService.Exchange2007)		Microsoft.ServiceModel.Channels.Mail.ExchangeWebService.Exchange2007	Microsoft.ServiceModel.Channels.Mail.ExchangeWebService	Windows CE, Windows Mobile for Smartphone, Windows Mobile for Pocket PC The .NET Framework and .NET Compact Framework do not support all versions of every platf	3.5
bb300884	SendItemResponseType Class (Microsoft.ServiceModel.Channels.Mail.ExchangeWebService.Exchange2007)		Microsoft.ServiceModel.Channels.Mail.ExchangeWebService.Exchange2007	Microsoft.ServiceModel.Channels.Mail.ExchangeWebService	Windows CE, Windows Mobile for Smartphone, Windows Mobile for Pocket PC The .NET Framework and .NET Compact Framework do not support all versions of every platf	3.5
bb300895	BaseFolderType.ChildFolderCount Property  (Microsoft.ServiceModel.Channels.Mail.ExchangeWebService.Exchange2007)		Microsoft.ServiceModel.Channels.Mail.ExchangeWebService.Exchange2007	Microsoft.ServiceModel.Channels.Mail.ExchangeWebService	Windows CE, Windows Mobile for Smartphone, Windows Mobile for Pocket PC The .NET Framework and .NET Compact Framework do not support all versions of every platf	3.5
bb300902	ItemType.IsSubmittedSpecified Property  (Microsoft.ServiceModel.Channels.Mail.ExchangeWebService.Exchange2007)		Microsoft.ServiceModel.Channels.Mail.ExchangeWebService.Exchange2007	Microsoft.ServiceModel.Channels.Mail.ExchangeWebService	Windows CE, Windows Mobile for Smartphone, Windows Mobile for Pocket PC The .NET Framework and .NET Compact Framework do not support all versions of every platf	3.5
bb300930	SerializedSecurityContextType.UserSid Property  (Microsoft.ServiceModel.Channels.Mail.ExchangeWebService.Exchange2007)		Microsoft.ServiceModel.Channels.Mail.ExchangeWebService.Exchange2007	Microsoft.ServiceModel.Channels.Mail.ExchangeWebService	Windows CE, Windows Mobile for Smartphone, Windows Mobile for Pocket PC The .NET Framework and .NET Compact Framework do not support all versions of every platf	3.5
bb300948	BaseRequestType Constructor  (Microsoft.ServiceModel.Channels.Mail.ExchangeWebService.Exchange2007)		Microsoft.ServiceModel.Channels.Mail.ExchangeWebService.Exchange2007	Microsoft.ServiceModel.Channels.Mail.ExchangeWebService	Windows CE, Windows Mobile for Smartphone, Windows Mobile for Pocket PC The .NET Framework and .NET Compact Framework do not support all versions of every platf	3.5
bb301051	ServerVersionInfo.MinorVersion Property  (Microsoft.ServiceModel.Channels.Mail.ExchangeWebService.Exchange2007)		Microsoft.ServiceModel.Channels.Mail.ExchangeWebService.Exchange2007	Microsoft.ServiceModel.Channels.Mail.ExchangeWebService	Windows CE, Windows Mobile for Smartphone, Windows Mobile for Pocket PC The .NET Framework and .NET Compact Framework do not support all versions of every platf	3.5
bb301081	MailTransportBindingElementBase Constructor (MailTransportBindingElementBase) (Microsoft.ServiceModel.Channels.Mail)		Microsoft.ServiceModel.Channels.Mail	Microsoft.ServiceModel.Channels.Mail	Windows CE, Windows Mobile for Smartphone, Windows Mobile for Pocket PC The .NET Framework and .NET Compact Framework do not support all versions of every platf	3.5
bb301091	WinCEPlatform Enumeration (Microsoft.WindowsCE.Forms)		Microsoft.WindowsCE.Forms	Microsoft.WindowsCE.Forms	that are based on Windows Embedded CE, other than Windows Mobile for Pocket PC or Windows Mobile for Smartphone. PocketPC Windows Mobile for Pocket PC. Smartpho	3.5
bb301093	MailBindingBase.TimeToLive Property  (Microsoft.ServiceModel.Channels.Mail)		Microsoft.ServiceModel.Channels.Mail	Microsoft.ServiceModel.Channels.Mail	Windows CE, Windows Mobile for Smartphone, Windows Mobile for Pocket PC The .NET Framework and .NET Compact Framework do not support all versions of every platf	3.5
bb301183	BodyTypeResponseType Enumeration (Microsoft.ServiceModel.Channels.Mail.ExchangeWebService.Exchange2007)		Microsoft.ServiceModel.Channels.Mail.ExchangeWebService.Exchange2007	Microsoft.ServiceModel.Channels.Mail.ExchangeWebService	Windows CE, Windows Mobile for Smartphone, Windows Mobile for Pocket PC The .NET Framework and .NET Compact Framework do not support all versions of every platf	3.5
bb301260	PathToExtendedFieldType.DistinguishedPropertySetId Property  (Microsoft.ServiceModel.Channels.Mail.ExchangeWebService.Exchange2007)		Microsoft.ServiceModel.Channels.Mail.ExchangeWebService.Exchange2007	Microsoft.ServiceModel.Channels.Mail.ExchangeWebService	Windows CE, Windows Mobile for Smartphone, Windows Mobile for Pocket PC The .NET Framework and .NET Compact Framework do not support all versions of every platf	3.5
bb301273	GetFolderType.FolderIds Property  (Microsoft.ServiceModel.Channels.Mail.ExchangeWebService.Exchange2007)		Microsoft.ServiceModel.Channels.Mail.ExchangeWebService.Exchange2007	Microsoft.ServiceModel.Channels.Mail.ExchangeWebService	Windows CE, Windows Mobile for Smartphone, Windows Mobile for Pocket PC The .NET Framework and .NET Compact Framework do not support all versions of every platf	3.5
bb301382	BaseSubscriptionRequestType.EventTypes Property  (Microsoft.ServiceModel.Channels.Mail.ExchangeWebService.Exchange2007)		Microsoft.ServiceModel.Channels.Mail.ExchangeWebService.Exchange2007	Microsoft.ServiceModel.Channels.Mail.ExchangeWebService	Windows CE, Windows Mobile for Smartphone, Windows Mobile for Pocket PC The .NET Framework and .NET Compact Framework do not support all versions of every platf	3.5
bb301432	DeleteItemResponseType Members (Microsoft.ServiceModel.Channels.Mail.ExchangeWebService.Exchange2007)					-
bb301433	EmailAddressType.Name Property  (Microsoft.ServiceModel.Channels.Mail.ExchangeWebService.Exchange2007)		Microsoft.ServiceModel.Channels.Mail.ExchangeWebService.Exchange2007	Microsoft.ServiceModel.Channels.Mail.ExchangeWebService	Windows CE, Windows Mobile for Smartphone, Windows Mobile for Pocket PC The .NET Framework and .NET Compact Framework do not support all versions of every platf	3.5
bb301478	FindItemType.Restriction Property  (Microsoft.ServiceModel.Channels.Mail.ExchangeWebService.Exchange2007)		Microsoft.ServiceModel.Channels.Mail.ExchangeWebService.Exchange2007	Microsoft.ServiceModel.Channels.Mail.ExchangeWebService	Windows CE, Windows Mobile for Smartphone, Windows Mobile for Pocket PC The .NET Framework and .NET Compact Framework do not support all versions of every platf	3.5
bb301570	BaseFolderType.DisplayName Property  (Microsoft.ServiceModel.Channels.Mail.ExchangeWebService.Exchange2007)		Microsoft.ServiceModel.Channels.Mail.ExchangeWebService.Exchange2007	Microsoft.ServiceModel.Channels.Mail.ExchangeWebService	Windows CE, Windows Mobile for Smartphone, Windows Mobile for Pocket PC The .NET Framework and .NET Compact Framework do not support all versions of every platf	3.5
bb301575	AttachmentResponseShapeType Constructor  (Microsoft.ServiceModel.Channels.Mail.ExchangeWebService.Exchange2007)		Microsoft.ServiceModel.Channels.Mail.ExchangeWebService.Exchange2007	Microsoft.ServiceModel.Channels.Mail.ExchangeWebService	Windows CE, Windows Mobile for Smartphone, Windows Mobile for Pocket PC The .NET Framework and .NET Compact Framework do not support all versions of every platf	3.5
bb301579	GetAttachmentResponseType Class (Microsoft.ServiceModel.Channels.Mail.ExchangeWebService.Exchange2007)		Microsoft.ServiceModel.Channels.Mail.ExchangeWebService.Exchange2007	Microsoft.ServiceModel.Channels.Mail.ExchangeWebService	Windows CE, Windows Mobile for Smartphone, Windows Mobile for Pocket PC The .NET Framework and .NET Compact Framework do not support all versions of every platf	3.5
bb301597	FindItemParentType Class (Microsoft.ServiceModel.Channels.Mail.ExchangeWebService.Exchange2007)		Microsoft.ServiceModel.Channels.Mail.ExchangeWebService.Exchange2007	Microsoft.ServiceModel.Channels.Mail.ExchangeWebService	Windows CE, Windows Mobile for Smartphone, Windows Mobile for Pocket PC The .NET Framework and .NET Compact Framework do not support all versions of every platf	3.5
bb301645	BodyType Class (Microsoft.ServiceModel.Channels.Mail.ExchangeWebService.Exchange2007)		Microsoft.ServiceModel.Channels.Mail.ExchangeWebService.Exchange2007	Microsoft.ServiceModel.Channels.Mail.ExchangeWebService	Windows CE, Windows Mobile for Smartphone, Windows Mobile for Pocket PC The .NET Framework and .NET Compact Framework do not support all versions of every platf	3.5
bb301687	ConnectingSIDType.PrimarySmtpAddress Property  (Microsoft.ServiceModel.Channels.Mail.ExchangeWebService.Exchange2007)		Microsoft.ServiceModel.Channels.Mail.ExchangeWebService.Exchange2007	Microsoft.ServiceModel.Channels.Mail.ExchangeWebService	Windows CE, Windows Mobile for Smartphone, Windows Mobile for Pocket PC The .NET Framework and .NET Compact Framework do not support all versions of every platf	3.5
bb301767	CreateItemResponseType Class (Microsoft.ServiceModel.Channels.Mail.ExchangeWebService.Exchange2007)		Microsoft.ServiceModel.Channels.Mail.ExchangeWebService.Exchange2007	Microsoft.ServiceModel.Channels.Mail.ExchangeWebService	Windows CE, Windows Mobile for Smartphone, Windows Mobile for Pocket PC The .NET Framework and .NET Compact Framework do not support all versions of every platf	3.5
bb301770	MailUriHelper.GetEmailAddress Method  (Microsoft.ServiceModel.Channels.Mail)		Microsoft.ServiceModel.Channels.Mail	Microsoft.ServiceModel.Channels.Mail	Windows CE, Windows Mobile for Smartphone, Windows Mobile for Pocket PC The .NET Framework and .NET Compact Framework do not support all versions of every platf	3.5
bb301800	ImportanceChoicesType Enumeration (Microsoft.ServiceModel.Channels.Mail.ExchangeWebService.Exchange2007)		Microsoft.ServiceModel.Channels.Mail.ExchangeWebService.Exchange2007	Microsoft.ServiceModel.Channels.Mail.ExchangeWebService	Windows CE, Windows Mobile for Smartphone, Windows Mobile for Pocket PC The .NET Framework and .NET Compact Framework do not support all versions of every platf	3.5
bb301856	FindFolderParentType Class (Microsoft.ServiceModel.Channels.Mail.ExchangeWebService.Exchange2007)		Microsoft.ServiceModel.Channels.Mail.ExchangeWebService.Exchange2007	Microsoft.ServiceModel.Channels.Mail.ExchangeWebService	Windows CE, Windows Mobile for Smartphone, Windows Mobile for Pocket PC The .NET Framework and .NET Compact Framework do not support all versions of every platf	3.5
bb301857	MessageType.ConversationIndex Property  (Microsoft.ServiceModel.Channels.Mail.ExchangeWebService.Exchange2007)		Microsoft.ServiceModel.Channels.Mail.ExchangeWebService.Exchange2007	Microsoft.ServiceModel.Channels.Mail.ExchangeWebService	Windows CE, Windows Mobile for Smartphone, Windows Mobile for Pocket PC The .NET Framework and .NET Compact Framework do not support all versions of every platf	3.5
bb301899	BasePathToElementType Members (Microsoft.ServiceModel.Channels.Mail.ExchangeWebService.Exchange2007)					-
bb301995	OrType Class (Microsoft.ServiceModel.Channels.Mail.ExchangeWebService.Exchange2007)		Microsoft.ServiceModel.Channels.Mail.ExchangeWebService.Exchange2007	Microsoft.ServiceModel.Channels.Mail.ExchangeWebService	Windows CE, Windows Mobile for Smartphone, Windows Mobile for Pocket PC The .NET Framework and .NET Compact Framework do not support all versions of every platf	3.5
bb301996	FindItemType Class (Microsoft.ServiceModel.Channels.Mail.ExchangeWebService.Exchange2007)		Microsoft.ServiceModel.Channels.Mail.ExchangeWebService.Exchange2007	Microsoft.ServiceModel.Channels.Mail.ExchangeWebService	Windows CE, Windows Mobile for Smartphone, Windows Mobile for Pocket PC The .NET Framework and .NET Compact Framework do not support all versions of every platf	3.5
bb302005	IsLessThanOrEqualToType Members (Microsoft.ServiceModel.Channels.Mail.ExchangeWebService.Exchange2007)					-
bb302042	FindItemResponseType Constructor  (Microsoft.ServiceModel.Channels.Mail.ExchangeWebService.Exchange2007)		Microsoft.ServiceModel.Channels.Mail.ExchangeWebService.Exchange2007	Microsoft.ServiceModel.Channels.Mail.ExchangeWebService	Windows CE, Windows Mobile for Smartphone, Windows Mobile for Pocket PC The .NET Framework and .NET Compact Framework do not support all versions of every platf	3.5
bb302174	SearchParametersType.Restriction Property  (Microsoft.ServiceModel.Channels.Mail.ExchangeWebService.Exchange2007)		Microsoft.ServiceModel.Channels.Mail.ExchangeWebService.Exchange2007	Microsoft.ServiceModel.Channels.Mail.ExchangeWebService	Windows CE, Windows Mobile for Smartphone, Windows Mobile for Pocket PC The .NET Framework and .NET Compact Framework do not support all versions of every platf	3.5
bb302188	TargetFolderIdType Class (Microsoft.ServiceModel.Channels.Mail.ExchangeWebService.Exchange2007)		Microsoft.ServiceModel.Channels.Mail.ExchangeWebService.Exchange2007	Microsoft.ServiceModel.Channels.Mail.ExchangeWebService	Windows CE, Windows Mobile for Smartphone, Windows Mobile for Pocket PC The .NET Framework and .NET Compact Framework do not support all versions of every platf	3.5
bb302242	DistinguishedFolderIdType Members (Microsoft.ServiceModel.Channels.Mail.ExchangeWebService.Exchange2007)					-
bb302268	ArrayOfResponseMessagesType Constructor  (Microsoft.ServiceModel.Channels.Mail.ExchangeWebService.Exchange2007)		Microsoft.ServiceModel.Channels.Mail.ExchangeWebService.Exchange2007	Microsoft.ServiceModel.Channels.Mail.ExchangeWebService	Windows CE, Windows Mobile for Smartphone, Windows Mobile for Pocket PC The .NET Framework and .NET Compact Framework do not support all versions of every platf	3.5
bb302406	SmartResponseBaseType Constructor  (Microsoft.ServiceModel.Channels.Mail.ExchangeWebService.Exchange2007)		Microsoft.ServiceModel.Channels.Mail.ExchangeWebService.Exchange2007	Microsoft.ServiceModel.Channels.Mail.ExchangeWebService	Windows CE, Windows Mobile for Smartphone, Windows Mobile for Pocket PC The .NET Framework and .NET Compact Framework do not support all versions of every platf	3.5
bb302527	NotType Constructor  (Microsoft.ServiceModel.Channels.Mail.ExchangeWebService.Exchange2007)		Microsoft.ServiceModel.Channels.Mail.ExchangeWebService.Exchange2007	Microsoft.ServiceModel.Channels.Mail.ExchangeWebService	Windows CE, Windows Mobile for Smartphone, Windows Mobile for Pocket PC The .NET Framework and .NET Compact Framework do not support all versions of every platf	3.5
bb302542	FolderResponseShapeType Members (Microsoft.ServiceModel.Channels.Mail.ExchangeWebService.Exchange2007)					-
bb302718	BaseFolderIdType Constructor  (Microsoft.ServiceModel.Channels.Mail.ExchangeWebService.Exchange2007)		Microsoft.ServiceModel.Channels.Mail.ExchangeWebService.Exchange2007	Microsoft.ServiceModel.Channels.Mail.ExchangeWebService	Windows CE, Windows Mobile for Smartphone, Windows Mobile for Pocket PC The .NET Framework and .NET Compact Framework do not support all versions of every platf	3.5
bb302783	ExchangeServiceBinding.Unsubscribe Method  (Microsoft.ServiceModel.Channels.Mail.ExchangeWebService.Exchange2007)		Microsoft.ServiceModel.Channels.Mail.ExchangeWebService.Exchange2007	Microsoft.ServiceModel.Channels.Mail.ExchangeWebService	Windows CE, Windows Mobile for Smartphone, Windows Mobile for Pocket PC The .NET Framework and .NET Compact Framework do not support all versions of every platf	3.5
bb302873	MailUriHelper.CreateUri Method  (Microsoft.ServiceModel.Channels.Mail)					-
bb302927	SubscribeResponseMessageType.Watermark Property  (Microsoft.ServiceModel.Channels.Mail.ExchangeWebService.Exchange2007)		Microsoft.ServiceModel.Channels.Mail.ExchangeWebService.Exchange2007	Microsoft.ServiceModel.Channels.Mail.ExchangeWebService	Windows CE, Windows Mobile for Smartphone, Windows Mobile for Pocket PC The .NET Framework and .NET Compact Framework do not support all versions of every platf	3.5
bb302929	BasePagingType.MaxEntriesReturned Property  (Microsoft.ServiceModel.Channels.Mail.ExchangeWebService.Exchange2007)		Microsoft.ServiceModel.Channels.Mail.ExchangeWebService.Exchange2007	Microsoft.ServiceModel.Channels.Mail.ExchangeWebService	Windows CE, Windows Mobile for Smartphone, Windows Mobile for Pocket PC The .NET Framework and .NET Compact Framework do not support all versions of every platf	3.5
bb302939	ServerVersionInfo Constructor  (Microsoft.ServiceModel.Channels.Mail.ExchangeWebService.Exchange2007)		Microsoft.ServiceModel.Channels.Mail.ExchangeWebService.Exchange2007	Microsoft.ServiceModel.Channels.Mail.ExchangeWebService	Windows CE, Windows Mobile for Smartphone, Windows Mobile for Pocket PC The .NET Framework and .NET Compact Framework do not support all versions of every platf	3.5
bb302940	BaseFolderType.FolderClass Property  (Microsoft.ServiceModel.Channels.Mail.ExchangeWebService.Exchange2007)		Microsoft.ServiceModel.Channels.Mail.ExchangeWebService.Exchange2007	Microsoft.ServiceModel.Channels.Mail.ExchangeWebService	Windows CE, Windows Mobile for Smartphone, Windows Mobile for Pocket PC The .NET Framework and .NET Compact Framework do not support all versions of every platf	3.5
bb302986	SearchExpressionType Members (Microsoft.ServiceModel.Channels.Mail.ExchangeWebService.Exchange2007)					-
bb310131	MailBindingBase Constructor  (Microsoft.ServiceModel.Channels.Mail)					-
bb310238	ConstantValueType Constructor  (Microsoft.ServiceModel.Channels.Mail.ExchangeWebService.Exchange2007)		Microsoft.ServiceModel.Channels.Mail.ExchangeWebService.Exchange2007	Microsoft.ServiceModel.Channels.Mail.ExchangeWebService	Windows CE, Windows Mobile for Smartphone, Windows Mobile for Pocket PC The .NET Framework and .NET Compact Framework do not support all versions of every platf	3.5
bb310467	FixedPoint.IConvertible.ToSByte Method  (Microsoft.WindowsMobile.DirectX.Direct3D)		Microsoft.WindowsMobile.DirectX.Direct3D	Microsoft.WindowsMobile.DirectX	Windows CE, Windows Mobile for Smartphone, Windows Mobile for Pocket PC The .NET Framework and .NET Compact Framework do not support all versions of every platf	3.5,2.0
bb335416	CreateAttachmentType.Attachments Property  (Microsoft.ServiceModel.Channels.Mail.ExchangeWebService.Exchange2007)		Microsoft.ServiceModel.Channels.Mail.ExchangeWebService.Exchange2007	Microsoft.ServiceModel.Channels.Mail.ExchangeWebService	Windows CE, Windows Mobile for Smartphone, Windows Mobile for Pocket PC The .NET Framework and .NET Compact Framework do not support all versions of every platf	3.5
bb335439	IndexBasePointType Enumeration (Microsoft.ServiceModel.Channels.Mail.ExchangeWebService.Exchange2007)		Microsoft.ServiceModel.Channels.Mail.ExchangeWebService.Exchange2007	Microsoft.ServiceModel.Channels.Mail.ExchangeWebService	Windows CE, Windows Mobile for Smartphone, Windows Mobile for Pocket PC The .NET Framework and .NET Compact Framework do not support all versions of every platf	3.5
bb335442	TargetFolderIdType Members (Microsoft.ServiceModel.Channels.Mail.ExchangeWebService.Exchange2007)					-
bb335495	PathToExtendedFieldType.PropertySetId Property  (Microsoft.ServiceModel.Channels.Mail.ExchangeWebService.Exchange2007)		Microsoft.ServiceModel.Channels.Mail.ExchangeWebService.Exchange2007	Microsoft.ServiceModel.Channels.Mail.ExchangeWebService	Windows CE, Windows Mobile for Smartphone, Windows Mobile for Pocket PC The .NET Framework and .NET Compact Framework do not support all versions of every platf	3.5
bb335615	AttachmentType.ContentType Property  (Microsoft.ServiceModel.Channels.Mail.ExchangeWebService.Exchange2007)		Microsoft.ServiceModel.Channels.Mail.ExchangeWebService.Exchange2007	Microsoft.ServiceModel.Channels.Mail.ExchangeWebService	Windows CE, Windows Mobile for Smartphone, Windows Mobile for Pocket PC The .NET Framework and .NET Compact Framework do not support all versions of every platf	3.5
bb335626	BaseObjectChangedEventType.Item Property  (Microsoft.ServiceModel.Channels.Mail.ExchangeWebService.Exchange2007)		Microsoft.ServiceModel.Channels.Mail.ExchangeWebService.Exchange2007	Microsoft.ServiceModel.Channels.Mail.ExchangeWebService	Windows CE, Windows Mobile for Smartphone, Windows Mobile for Pocket PC The .NET Framework and .NET Compact Framework do not support all versions of every platf	3.5
bb335729	ItemType.ExtendedProperty Property  (Microsoft.ServiceModel.Channels.Mail.ExchangeWebService.Exchange2007)		Microsoft.ServiceModel.Channels.Mail.ExchangeWebService.Exchange2007	Microsoft.ServiceModel.Channels.Mail.ExchangeWebService	Windows CE, Windows Mobile for Smartphone, Windows Mobile for Pocket PC The .NET Framework and .NET Compact Framework do not support all versions of every platf	3.5
bb335896	MessageType.ToRecipients Property  (Microsoft.ServiceModel.Channels.Mail.ExchangeWebService.Exchange2007)		Microsoft.ServiceModel.Channels.Mail.ExchangeWebService.Exchange2007	Microsoft.ServiceModel.Channels.Mail.ExchangeWebService	Windows CE, Windows Mobile for Smartphone, Windows Mobile for Pocket PC The .NET Framework and .NET Compact Framework do not support all versions of every platf	3.5
bb335897	ExchangeServiceBinding.Subscribe Method  (Microsoft.ServiceModel.Channels.Mail.ExchangeWebService.Exchange2007)		Microsoft.ServiceModel.Channels.Mail.ExchangeWebService.Exchange2007	Microsoft.ServiceModel.Channels.Mail.ExchangeWebService	Windows CE, Windows Mobile for Smartphone, Windows Mobile for Pocket PC The .NET Framework and .NET Compact Framework do not support all versions of every platf	3.5
bb335926	ItemType.HasAttachmentsSpecified Property  (Microsoft.ServiceModel.Channels.Mail.ExchangeWebService.Exchange2007)		Microsoft.ServiceModel.Channels.Mail.ExchangeWebService.Exchange2007	Microsoft.ServiceModel.Channels.Mail.ExchangeWebService	Windows CE, Windows Mobile for Smartphone, Windows Mobile for Pocket PC The .NET Framework and .NET Compact Framework do not support all versions of every platf	3.5
bb335938	ConstantValueType.Value Property  (Microsoft.ServiceModel.Channels.Mail.ExchangeWebService.Exchange2007)		Microsoft.ServiceModel.Channels.Mail.ExchangeWebService.Exchange2007	Microsoft.ServiceModel.Channels.Mail.ExchangeWebService	Windows CE, Windows Mobile for Smartphone, Windows Mobile for Pocket PC The .NET Framework and .NET Compact Framework do not support all versions of every platf	3.5
bb335972	CreateAttachmentType Constructor  (Microsoft.ServiceModel.Channels.Mail.ExchangeWebService.Exchange2007)		Microsoft.ServiceModel.Channels.Mail.ExchangeWebService.Exchange2007	Microsoft.ServiceModel.Channels.Mail.ExchangeWebService	Windows CE, Windows Mobile for Smartphone, Windows Mobile for Pocket PC The .NET Framework and .NET Compact Framework do not support all versions of every platf	3.5
bb335978	MovedCopiedEventType Constructor  (Microsoft.ServiceModel.Channels.Mail.ExchangeWebService.Exchange2007)		Microsoft.ServiceModel.Channels.Mail.ExchangeWebService.Exchange2007	Microsoft.ServiceModel.Channels.Mail.ExchangeWebService	Windows CE, Windows Mobile for Smartphone, Windows Mobile for Pocket PC The .NET Framework and .NET Compact Framework do not support all versions of every platf	3.5
bb336076	ItemType.IsResend Property  (Microsoft.ServiceModel.Channels.Mail.ExchangeWebService.Exchange2007)		Microsoft.ServiceModel.Channels.Mail.ExchangeWebService.Exchange2007	Microsoft.ServiceModel.Channels.Mail.ExchangeWebService	Windows CE, Windows Mobile for Smartphone, Windows Mobile for Pocket PC The .NET Framework and .NET Compact Framework do not support all versions of every platf	3.5
bb336109	ArrayOfGroupedItemsType Constructor  (Microsoft.ServiceModel.Channels.Mail.ExchangeWebService.Exchange2007)		Microsoft.ServiceModel.Channels.Mail.ExchangeWebService.Exchange2007	Microsoft.ServiceModel.Channels.Mail.ExchangeWebService	Windows CE, Windows Mobile for Smartphone, Windows Mobile for Pocket PC The .NET Framework and .NET Compact Framework do not support all versions of every platf	3.5
bb336155	ItemType.Body Property  (Microsoft.ServiceModel.Channels.Mail.ExchangeWebService.Exchange2007)		Microsoft.ServiceModel.Channels.Mail.ExchangeWebService.Exchange2007	Microsoft.ServiceModel.Channels.Mail.ExchangeWebService	Windows CE, Windows Mobile for Smartphone, Windows Mobile for Pocket PC The .NET Framework and .NET Compact Framework do not support all versions of every platf	3.5
bb336179	GetEventsType Class (Microsoft.ServiceModel.Channels.Mail.ExchangeWebService.Exchange2007)		Microsoft.ServiceModel.Channels.Mail.ExchangeWebService.Exchange2007	Microsoft.ServiceModel.Channels.Mail.ExchangeWebService	Windows CE, Windows Mobile for Smartphone, Windows Mobile for Pocket PC The .NET Framework and .NET Compact Framework do not support all versions of every platf	3.5
bb336215	SubscribeResponseType Members (Microsoft.ServiceModel.Channels.Mail.ExchangeWebService.Exchange2007)					-
bb336254	ItemType.IsFromMe Property  (Microsoft.ServiceModel.Channels.Mail.ExchangeWebService.Exchange2007)		Microsoft.ServiceModel.Channels.Mail.ExchangeWebService.Exchange2007	Microsoft.ServiceModel.Channels.Mail.ExchangeWebService	Windows CE, Windows Mobile for Smartphone, Windows Mobile for Pocket PC The .NET Framework and .NET Compact Framework do not support all versions of every platf	3.5
bb336309	FindFolderType.FolderShape Property  (Microsoft.ServiceModel.Channels.Mail.ExchangeWebService.Exchange2007)		Microsoft.ServiceModel.Channels.Mail.ExchangeWebService.Exchange2007	Microsoft.ServiceModel.Channels.Mail.ExchangeWebService	Windows CE, Windows Mobile for Smartphone, Windows Mobile for Pocket PC The .NET Framework and .NET Compact Framework do not support all versions of every platf	3.5
bb336334	WindowsMobileMailBinding Members (Microsoft.ServiceModel.Channels.Mail.WindowsMobile)					-
bb336357	MailTransportBindingElementBase.Close Method  (Microsoft.ServiceModel.Channels.Mail)		Microsoft.ServiceModel.Channels.Mail	Microsoft.ServiceModel.Channels.Mail	Windows CE, Windows Mobile for Smartphone, Windows Mobile for Pocket PC The .NET Framework and .NET Compact Framework do not support all versions of every platf	3.5
bb336373	FractionalPageViewType Constructor  (Microsoft.ServiceModel.Channels.Mail.ExchangeWebService.Exchange2007)		Microsoft.ServiceModel.Channels.Mail.ExchangeWebService.Exchange2007	Microsoft.ServiceModel.Channels.Mail.ExchangeWebService	Windows CE, Windows Mobile for Smartphone, Windows Mobile for Pocket PC The .NET Framework and .NET Compact Framework do not support all versions of every platf	3.5
bb336469	ExchangeImpersonationType.ConnectingSID Property  (Microsoft.ServiceModel.Channels.Mail.ExchangeWebService.Exchange2007)		Microsoft.ServiceModel.Channels.Mail.ExchangeWebService.Exchange2007	Microsoft.ServiceModel.Channels.Mail.ExchangeWebService	Windows CE, Windows Mobile for Smartphone, Windows Mobile for Pocket PC The .NET Framework and .NET Compact Framework do not support all versions of every platf	3.5
bb336473	SerializedSecurityContextType Members (Microsoft.ServiceModel.Channels.Mail.ExchangeWebService.Exchange2007)					-
bb336516	AttachmentInfoResponseMessageType Class (Microsoft.ServiceModel.Channels.Mail.ExchangeWebService.Exchange2007)		Microsoft.ServiceModel.Channels.Mail.ExchangeWebService.Exchange2007	Microsoft.ServiceModel.Channels.Mail.ExchangeWebService	Windows CE, Windows Mobile for Smartphone, Windows Mobile for Pocket PC The .NET Framework and .NET Compact Framework do not support all versions of every platf	3.5
bb336554	BaseEmailAddressType Constructor  (Microsoft.ServiceModel.Channels.Mail.ExchangeWebService.Exchange2007)		Microsoft.ServiceModel.Channels.Mail.ExchangeWebService.Exchange2007	Microsoft.ServiceModel.Channels.Mail.ExchangeWebService	Windows CE, Windows Mobile for Smartphone, Windows Mobile for Pocket PC The .NET Framework and .NET Compact Framework do not support all versions of every platf	3.5
bb336571	ExchangeWebServiceMailTransportBindingElement Members (Microsoft.ServiceModel.Channels.Mail.ExchangeWebService)					-
bb336589	IsGreaterThanOrEqualToType Class (Microsoft.ServiceModel.Channels.Mail.ExchangeWebService.Exchange2007)		Microsoft.ServiceModel.Channels.Mail.ExchangeWebService.Exchange2007	Microsoft.ServiceModel.Channels.Mail.ExchangeWebService	Windows CE, Windows Mobile for Smartphone, Windows Mobile for Pocket PC The .NET Framework and .NET Compact Framework do not support all versions of every platf	3.5
bb336625	GetAttachmentResponseType Constructor  (Microsoft.ServiceModel.Channels.Mail.ExchangeWebService.Exchange2007)		Microsoft.ServiceModel.Channels.Mail.ExchangeWebService.Exchange2007	Microsoft.ServiceModel.Channels.Mail.ExchangeWebService	Windows CE, Windows Mobile for Smartphone, Windows Mobile for Pocket PC The .NET Framework and .NET Compact Framework do not support all versions of every platf	3.5
bb336627	PathToExtendedFieldType Members (Microsoft.ServiceModel.Channels.Mail.ExchangeWebService.Exchange2007)					-
bb336658	InputPanel.InputMethodCollection.IList.Clear Method  (Microsoft.WindowsCE.Forms)		Microsoft.WindowsCE.Forms	Microsoft.WindowsCE.Forms	Windows CE, Windows Mobile for Smartphone, Windows Mobile for Pocket PC The .NET Framework and .NET Compact Framework do not support all versions of every platf	3.5,2.0
bb336680	ItemType.Attachments Property  (Microsoft.ServiceModel.Channels.Mail.ExchangeWebService.Exchange2007)		Microsoft.ServiceModel.Channels.Mail.ExchangeWebService.Exchange2007	Microsoft.ServiceModel.Channels.Mail.ExchangeWebService	Windows CE, Windows Mobile for Smartphone, Windows Mobile for Pocket PC The .NET Framework and .NET Compact Framework do not support all versions of every platf	3.5
bb336711	InternetHeaderType Class (Microsoft.ServiceModel.Channels.Mail.ExchangeWebService.Exchange2007)		Microsoft.ServiceModel.Channels.Mail.ExchangeWebService.Exchange2007	Microsoft.ServiceModel.Channels.Mail.ExchangeWebService	Windows CE, Windows Mobile for Smartphone, Windows Mobile for Pocket PC The .NET Framework and .NET Compact Framework do not support all versions of every platf	3.5
bb336730	ExchangeServiceBinding Constructor  (Microsoft.ServiceModel.Channels.Mail.ExchangeWebService.Exchange2007)		Microsoft.ServiceModel.Channels.Mail.ExchangeWebService.Exchange2007	Microsoft.ServiceModel.Channels.Mail.ExchangeWebService	Windows CE, Windows Mobile for Smartphone, Windows Mobile for Pocket PC The .NET Framework and .NET Compact Framework do not support all versions of every platf	3.5
bb336733	IsLessThanType Members (Microsoft.ServiceModel.Channels.Mail.ExchangeWebService.Exchange2007)					-
bb336776	SendNotificationResponseMessageType Members (Microsoft.ServiceModel.Channels.Mail.ExchangeWebService.Exchange2007)					-
bb336850	FolderIdType Members (Microsoft.ServiceModel.Channels.Mail.ExchangeWebService.Exchange2007)					-
bb336900	FolderResponseShapeType.BaseShape Property  (Microsoft.ServiceModel.Channels.Mail.ExchangeWebService.Exchange2007)		Microsoft.ServiceModel.Channels.Mail.ExchangeWebService.Exchange2007	Microsoft.ServiceModel.Channels.Mail.ExchangeWebService	Windows CE, Windows Mobile for Smartphone, Windows Mobile for Pocket PC The .NET Framework and .NET Compact Framework do not support all versions of every platf	3.5
bb336910	WindowsMobileMailBinding Class (Microsoft.ServiceModel.Channels.Mail.WindowsMobile)		Microsoft.ServiceModel.Channels.Mail.WindowsMobile	Microsoft.ServiceModel.Channels.Mail.WindowsMobile	Windows CE, Windows Mobile for Smartphone, Windows Mobile for Pocket PC The .NET Framework and .NET Compact Framework do not support all versions of every platf	3.5
bb336917	SerializedSecurityContextType Constructor  (Microsoft.ServiceModel.Channels.Mail.ExchangeWebService.Exchange2007)		Microsoft.ServiceModel.Channels.Mail.ExchangeWebService.Exchange2007	Microsoft.ServiceModel.Channels.Mail.ExchangeWebService	Windows CE, Windows Mobile for Smartphone, Windows Mobile for Pocket PC The .NET Framework and .NET Compact Framework do not support all versions of every platf	3.5
bb336959	GroupedItemsType Constructor  (Microsoft.ServiceModel.Channels.Mail.ExchangeWebService.Exchange2007)		Microsoft.ServiceModel.Channels.Mail.ExchangeWebService.Exchange2007	Microsoft.ServiceModel.Channels.Mail.ExchangeWebService	Windows CE, Windows Mobile for Smartphone, Windows Mobile for Pocket PC The .NET Framework and .NET Compact Framework do not support all versions of every platf	3.5
bb337038	DayOfWeekType Enumeration (Microsoft.ServiceModel.Channels.Mail.ExchangeWebService.Exchange2007)		Microsoft.ServiceModel.Channels.Mail.ExchangeWebService.Exchange2007	Microsoft.ServiceModel.Channels.Mail.ExchangeWebService	Windows CE, Windows Mobile for Smartphone, Windows Mobile for Pocket PC The .NET Framework and .NET Compact Framework do not support all versions of every platf	3.5
bb337068	FindFolderResponseType Constructor  (Microsoft.ServiceModel.Channels.Mail.ExchangeWebService.Exchange2007)		Microsoft.ServiceModel.Channels.Mail.ExchangeWebService.Exchange2007	Microsoft.ServiceModel.Channels.Mail.ExchangeWebService	Windows CE, Windows Mobile for Smartphone, Windows Mobile for Pocket PC The .NET Framework and .NET Compact Framework do not support all versions of every platf	3.5
bb337255	ExchangeWebServiceMailBinding Members (Microsoft.ServiceModel.Channels.Mail.ExchangeWebService)					-
bb337379	GetAttachmentType Members (Microsoft.ServiceModel.Channels.Mail.ExchangeWebService.Exchange2007)					-
bb337455	RestrictionType Members (Microsoft.ServiceModel.Channels.Mail.ExchangeWebService.Exchange2007)					-
bb337718	RestrictionType Class (Microsoft.ServiceModel.Channels.Mail.ExchangeWebService.Exchange2007)		Microsoft.ServiceModel.Channels.Mail.ExchangeWebService.Exchange2007	Microsoft.ServiceModel.Channels.Mail.ExchangeWebService	Windows CE, Windows Mobile for Smartphone, Windows Mobile for Pocket PC The .NET Framework and .NET Compact Framework do not support all versions of every platf	3.5
bb337720	FixedPoint.IConvertible.ToString Method  (Microsoft.WindowsMobile.DirectX.Direct3D)		Microsoft.WindowsMobile.DirectX.Direct3D	Microsoft.WindowsMobile.DirectX	Windows CE, Windows Mobile for Smartphone, Windows Mobile for Pocket PC The .NET Framework and .NET Compact Framework do not support all versions of every platf	3.5,2.0
bb337845	DeleteItemType.DeleteType Property  (Microsoft.ServiceModel.Channels.Mail.ExchangeWebService.Exchange2007)		Microsoft.ServiceModel.Channels.Mail.ExchangeWebService.Exchange2007	Microsoft.ServiceModel.Channels.Mail.ExchangeWebService	Windows CE, Windows Mobile for Smartphone, Windows Mobile for Pocket PC The .NET Framework and .NET Compact Framework do not support all versions of every platf	3.5
bb337899	SearchParametersType.BaseFolderIds Property  (Microsoft.ServiceModel.Channels.Mail.ExchangeWebService.Exchange2007)		Microsoft.ServiceModel.Channels.Mail.ExchangeWebService.Exchange2007	Microsoft.ServiceModel.Channels.Mail.ExchangeWebService	Windows CE, Windows Mobile for Smartphone, Windows Mobile for Pocket PC The .NET Framework and .NET Compact Framework do not support all versions of every platf	3.5
bb337960	ConnectingSIDType Members (Microsoft.ServiceModel.Channels.Mail.ExchangeWebService.Exchange2007)					-
bb337978	IsNotEqualToType Members (Microsoft.ServiceModel.Channels.Mail.ExchangeWebService.Exchange2007)					-
bb337997	PathToExceptionFieldType Constructor  (Microsoft.ServiceModel.Channels.Mail.ExchangeWebService.Exchange2007)		Microsoft.ServiceModel.Channels.Mail.ExchangeWebService.Exchange2007	Microsoft.ServiceModel.Channels.Mail.ExchangeWebService	Windows CE, Windows Mobile for Smartphone, Windows Mobile for Pocket PC The .NET Framework and .NET Compact Framework do not support all versions of every platf	3.5
bb338002	ServerVersionInfo.MajorVersionSpecified Property  (Microsoft.ServiceModel.Channels.Mail.ExchangeWebService.Exchange2007)		Microsoft.ServiceModel.Channels.Mail.ExchangeWebService.Exchange2007	Microsoft.ServiceModel.Channels.Mail.ExchangeWebService	Windows CE, Windows Mobile for Smartphone, Windows Mobile for Pocket PC The .NET Framework and .NET Compact Framework do not support all versions of every platf	3.5
bb338033	CreateAttachmentResponseType Constructor  (Microsoft.ServiceModel.Channels.Mail.ExchangeWebService.Exchange2007)		Microsoft.ServiceModel.Channels.Mail.ExchangeWebService.Exchange2007	Microsoft.ServiceModel.Channels.Mail.ExchangeWebService	Windows CE, Windows Mobile for Smartphone, Windows Mobile for Pocket PC The .NET Framework and .NET Compact Framework do not support all versions of every platf	3.5
bb338137	BaseFolderIdType Members (Microsoft.ServiceModel.Channels.Mail.ExchangeWebService.Exchange2007)					-
bb338243	ServerVersionInfo Members (Microsoft.ServiceModel.Channels.Mail.ExchangeWebService.Exchange2007)					-
bb338264	FixedPoint.IConvertible.ToInt32 Method  (Microsoft.WindowsMobile.DirectX.Direct3D)		Microsoft.WindowsMobile.DirectX.Direct3D	Microsoft.WindowsMobile.DirectX	Windows CE, Windows Mobile for Smartphone, Windows Mobile for Pocket PC The .NET Framework and .NET Compact Framework do not support all versions of every platf	3.5,2.0
bb338338	DisposalType Enumeration (Microsoft.ServiceModel.Channels.Mail.ExchangeWebService.Exchange2007)		Microsoft.ServiceModel.Channels.Mail.ExchangeWebService.Exchange2007	Microsoft.ServiceModel.Channels.Mail.ExchangeWebService	Windows CE, Windows Mobile for Smartphone, Windows Mobile for Pocket PC The .NET Framework and .NET Compact Framework do not support all versions of every platf	3.5
bb338352	ExchangeWebServiceMailBinding Constructor  (Microsoft.ServiceModel.Channels.Mail.ExchangeWebService)					-
bb338376	UnsubscribeResponseType Class (Microsoft.ServiceModel.Channels.Mail.ExchangeWebService.Exchange2007)		Microsoft.ServiceModel.Channels.Mail.ExchangeWebService.Exchange2007	Microsoft.ServiceModel.Channels.Mail.ExchangeWebService	Windows CE, Windows Mobile for Smartphone, Windows Mobile for Pocket PC The .NET Framework and .NET Compact Framework do not support all versions of every platf	3.5
bb338440	ArrayOfGroupedItemsType.Items Property  (Microsoft.ServiceModel.Channels.Mail.ExchangeWebService.Exchange2007)		Microsoft.ServiceModel.Channels.Mail.ExchangeWebService.Exchange2007	Microsoft.ServiceModel.Channels.Mail.ExchangeWebService	Windows CE, Windows Mobile for Smartphone, Windows Mobile for Pocket PC The .NET Framework and .NET Compact Framework do not support all versions of every platf	3.5
bb338454	ModifiedEventType.UnreadCount Property  (Microsoft.ServiceModel.Channels.Mail.ExchangeWebService.Exchange2007)		Microsoft.ServiceModel.Channels.Mail.ExchangeWebService.Exchange2007	Microsoft.ServiceModel.Channels.Mail.ExchangeWebService	Windows CE, Windows Mobile for Smartphone, Windows Mobile for Pocket PC The .NET Framework and .NET Compact Framework do not support all versions of every platf	3.5
bb338456	ItemType.ReminderMinutesBeforeStart Property  (Microsoft.ServiceModel.Channels.Mail.ExchangeWebService.Exchange2007)		Microsoft.ServiceModel.Channels.Mail.ExchangeWebService.Exchange2007	Microsoft.ServiceModel.Channels.Mail.ExchangeWebService	Windows CE, Windows Mobile for Smartphone, Windows Mobile for Pocket PC The .NET Framework and .NET Compact Framework do not support all versions of every platf	3.5
bb338478	BaseSubscriptionRequestType Members (Microsoft.ServiceModel.Channels.Mail.ExchangeWebService.Exchange2007)					-
bb338534	TwoOperandExpressionType Members (Microsoft.ServiceModel.Channels.Mail.ExchangeWebService.Exchange2007)					-
bb338541	PullSubscriptionRequestType.Timeout Property  (Microsoft.ServiceModel.Channels.Mail.ExchangeWebService.Exchange2007)		Microsoft.ServiceModel.Channels.Mail.ExchangeWebService.Exchange2007	Microsoft.ServiceModel.Channels.Mail.ExchangeWebService	Windows CE, Windows Mobile for Smartphone, Windows Mobile for Pocket PC The .NET Framework and .NET Compact Framework do not support all versions of every platf	3.5
bb338650	SearchFolderType.SearchParameters Property  (Microsoft.ServiceModel.Channels.Mail.ExchangeWebService.Exchange2007)		Microsoft.ServiceModel.Channels.Mail.ExchangeWebService.Exchange2007	Microsoft.ServiceModel.Channels.Mail.ExchangeWebService	Windows CE, Windows Mobile for Smartphone, Windows Mobile for Pocket PC The .NET Framework and .NET Compact Framework do not support all versions of every platf	3.5
bb338665	MailTransportBindingElementBase.CanBuildChannelListener(TChannel) Method  (Microsoft.ServiceModel.Channels.Mail)		Microsoft.ServiceModel.Channels.Mail	Microsoft.ServiceModel.Channels.Mail	Windows CE, Windows Mobile for Smartphone, Windows Mobile for Pocket PC The .NET Framework and .NET Compact Framework do not support all versions of every platf	3.5
bb338680	BodyType Members (Microsoft.ServiceModel.Channels.Mail.ExchangeWebService.Exchange2007)					-
bb338793	IndexedPageViewType.BasePoint Property  (Microsoft.ServiceModel.Channels.Mail.ExchangeWebService.Exchange2007)		Microsoft.ServiceModel.Channels.Mail.ExchangeWebService.Exchange2007	Microsoft.ServiceModel.Channels.Mail.ExchangeWebService	Windows CE, Windows Mobile for Smartphone, Windows Mobile for Pocket PC The .NET Framework and .NET Compact Framework do not support all versions of every platf	3.5
bb338833	MailBindingBase.MessageContainerType Property  (Microsoft.ServiceModel.Channels.Mail)		Microsoft.ServiceModel.Channels.Mail	Microsoft.ServiceModel.Channels.Mail	Windows CE, Windows Mobile for Smartphone, Windows Mobile for Pocket PC The .NET Framework and .NET Compact Framework do not support all versions of every platf	3.5
bb338835	MailTransport.IsFaulted Property  (Microsoft.ServiceModel.Channels.Mail)		Microsoft.ServiceModel.Channels.Mail	Microsoft.ServiceModel.Channels.Mail	Windows CE, Windows Mobile for Smartphone, Windows Mobile for Pocket PC The .NET Framework and .NET Compact Framework do not support all versions of every platf	3.5
bb338862	IsEqualToType Class (Microsoft.ServiceModel.Channels.Mail.ExchangeWebService.Exchange2007)		Microsoft.ServiceModel.Channels.Mail.ExchangeWebService.Exchange2007	Microsoft.ServiceModel.Channels.Mail.ExchangeWebService	Windows CE, Windows Mobile for Smartphone, Windows Mobile for Pocket PC The .NET Framework and .NET Compact Framework do not support all versions of every platf	3.5
bb338871	DefaultShapeNamesType Enumeration (Microsoft.ServiceModel.Channels.Mail.ExchangeWebService.Exchange2007)		Microsoft.ServiceModel.Channels.Mail.ExchangeWebService.Exchange2007	Microsoft.ServiceModel.Channels.Mail.ExchangeWebService	Windows CE, Windows Mobile for Smartphone, Windows Mobile for Pocket PC The .NET Framework and .NET Compact Framework do not support all versions of every platf	3.5
bb338924	AvailabilityProxyRequestType Constructor  (Microsoft.ServiceModel.Channels.Mail.ExchangeWebService.Exchange2007)		Microsoft.ServiceModel.Channels.Mail.ExchangeWebService.Exchange2007	Microsoft.ServiceModel.Channels.Mail.ExchangeWebService	Windows CE, Windows Mobile for Smartphone, Windows Mobile for Pocket PC The .NET Framework and .NET Compact Framework do not support all versions of every platf	3.5
bb338925	GroupedItemsType Class (Microsoft.ServiceModel.Channels.Mail.ExchangeWebService.Exchange2007)		Microsoft.ServiceModel.Channels.Mail.ExchangeWebService.Exchange2007	Microsoft.ServiceModel.Channels.Mail.ExchangeWebService	Windows CE, Windows Mobile for Smartphone, Windows Mobile for Pocket PC The .NET Framework and .NET Compact Framework do not support all versions of every platf	3.5
bb338965	DayOfWeekIndexType Enumeration (Microsoft.ServiceModel.Channels.Mail.ExchangeWebService.Exchange2007)		Microsoft.ServiceModel.Channels.Mail.ExchangeWebService.Exchange2007	Microsoft.ServiceModel.Channels.Mail.ExchangeWebService	Windows CE, Windows Mobile for Smartphone, Windows Mobile for Pocket PC The .NET Framework and .NET Compact Framework do not support all versions of every platf	3.5
bb338995	GetEventsType.Watermark Property  (Microsoft.ServiceModel.Channels.Mail.ExchangeWebService.Exchange2007)		Microsoft.ServiceModel.Channels.Mail.ExchangeWebService.Exchange2007	Microsoft.ServiceModel.Channels.Mail.ExchangeWebService	Windows CE, Windows Mobile for Smartphone, Windows Mobile for Pocket PC The .NET Framework and .NET Compact Framework do not support all versions of every platf	3.5
bb339104	SerializedSecurityContextType.GroupSids Property  (Microsoft.ServiceModel.Channels.Mail.ExchangeWebService.Exchange2007)		Microsoft.ServiceModel.Channels.Mail.ExchangeWebService.Exchange2007	Microsoft.ServiceModel.Channels.Mail.ExchangeWebService	Windows CE, Windows Mobile for Smartphone, Windows Mobile for Pocket PC The .NET Framework and .NET Compact Framework do not support all versions of every platf	3.5
bb339109	MailTransportBindingElementBase Class (Microsoft.ServiceModel.Channels.Mail)		Microsoft.ServiceModel.Channels.Mail	Microsoft.ServiceModel.Channels.Mail	Windows CE, Windows Mobile for Smartphone, Windows Mobile for Pocket PC The .NET Framework and .NET Compact Framework do not support all versions of every platf	3.5
bb339132	ExchangeServiceBinding.SendItem Method  (Microsoft.ServiceModel.Channels.Mail.ExchangeWebService.Exchange2007)		Microsoft.ServiceModel.Channels.Mail.ExchangeWebService.Exchange2007	Microsoft.ServiceModel.Channels.Mail.ExchangeWebService	Windows CE, Windows Mobile for Smartphone, Windows Mobile for Pocket PC The .NET Framework and .NET Compact Framework do not support all versions of every platf	3.5
bb339165	ExchangeServiceBinding.DeleteItem Method  (Microsoft.ServiceModel.Channels.Mail.ExchangeWebService.Exchange2007)		Microsoft.ServiceModel.Channels.Mail.ExchangeWebService.Exchange2007	Microsoft.ServiceModel.Channels.Mail.ExchangeWebService	Windows CE, Windows Mobile for Smartphone, Windows Mobile for Pocket PC The .NET Framework and .NET Compact Framework do not support all versions of every platf	3.5
bb339236	MultipleOperandBooleanExpressionType Class (Microsoft.ServiceModel.Channels.Mail.ExchangeWebService.Exchange2007)		Microsoft.ServiceModel.Channels.Mail.ExchangeWebService.Exchange2007	Microsoft.ServiceModel.Channels.Mail.ExchangeWebService	Windows CE, Windows Mobile for Smartphone, Windows Mobile for Pocket PC The .NET Framework and .NET Compact Framework do not support all versions of every platf	3.5
bb339373	FixedPoint.IConvertible.ToUInt32 Method  (Microsoft.WindowsMobile.DirectX.Direct3D)		Microsoft.WindowsMobile.DirectX.Direct3D	Microsoft.WindowsMobile.DirectX	Windows CE, Windows Mobile for Smartphone, Windows Mobile for Pocket PC The .NET Framework and .NET Compact Framework do not support all versions of every platf	3.5,2.0
bb339383	SingleRecipientType.Item Property  (Microsoft.ServiceModel.Channels.Mail.ExchangeWebService.Exchange2007)		Microsoft.ServiceModel.Channels.Mail.ExchangeWebService.Exchange2007	Microsoft.ServiceModel.Channels.Mail.ExchangeWebService	Windows CE, Windows Mobile for Smartphone, Windows Mobile for Pocket PC The .NET Framework and .NET Compact Framework do not support all versions of every platf	3.5
bb339389	ExtendedPropertyType Constructor  (Microsoft.ServiceModel.Channels.Mail.ExchangeWebService.Exchange2007)		Microsoft.ServiceModel.Channels.Mail.ExchangeWebService.Exchange2007	Microsoft.ServiceModel.Channels.Mail.ExchangeWebService	Windows CE, Windows Mobile for Smartphone, Windows Mobile for Pocket PC The .NET Framework and .NET Compact Framework do not support all versions of every platf	3.5
bb339395	MessageType.ReplyTo Property  (Microsoft.ServiceModel.Channels.Mail.ExchangeWebService.Exchange2007)		Microsoft.ServiceModel.Channels.Mail.ExchangeWebService.Exchange2007	Microsoft.ServiceModel.Channels.Mail.ExchangeWebService	Windows CE, Windows Mobile for Smartphone, Windows Mobile for Pocket PC The .NET Framework and .NET Compact Framework do not support all versions of every platf	3.5
bb339436	GetItemType.ItemShape Property  (Microsoft.ServiceModel.Channels.Mail.ExchangeWebService.Exchange2007)		Microsoft.ServiceModel.Channels.Mail.ExchangeWebService.Exchange2007	Microsoft.ServiceModel.Channels.Mail.ExchangeWebService	Windows CE, Windows Mobile for Smartphone, Windows Mobile for Pocket PC The .NET Framework and .NET Compact Framework do not support all versions of every platf	3.5
bb339487	DeleteItemType.AffectedTaskOccurrencesSpecified Property  (Microsoft.ServiceModel.Channels.Mail.ExchangeWebService.Exchange2007)		Microsoft.ServiceModel.Channels.Mail.ExchangeWebService.Exchange2007	Microsoft.ServiceModel.Channels.Mail.ExchangeWebService	Windows CE, Windows Mobile for Smartphone, Windows Mobile for Pocket PC The .NET Framework and .NET Compact Framework do not support all versions of every platf	3.5
bb339543	AttachmentIdType.RootItemId Property  (Microsoft.ServiceModel.Channels.Mail.ExchangeWebService.Exchange2007)		Microsoft.ServiceModel.Channels.Mail.ExchangeWebService.Exchange2007	Microsoft.ServiceModel.Channels.Mail.ExchangeWebService	Windows CE, Windows Mobile for Smartphone, Windows Mobile for Pocket PC The .NET Framework and .NET Compact Framework do not support all versions of every platf	3.5
bb339552	IndexedPageViewType Members (Microsoft.ServiceModel.Channels.Mail.ExchangeWebService.Exchange2007)					-
bb339629	IsLessThanType Class (Microsoft.ServiceModel.Channels.Mail.ExchangeWebService.Exchange2007)		Microsoft.ServiceModel.Channels.Mail.ExchangeWebService.Exchange2007	Microsoft.ServiceModel.Channels.Mail.ExchangeWebService	Windows CE, Windows Mobile for Smartphone, Windows Mobile for Pocket PC The .NET Framework and .NET Compact Framework do not support all versions of every platf	3.5
bb339634	MailTransportBindingElementBase.MessageContainerType Property  (Microsoft.ServiceModel.Channels.Mail)		Microsoft.ServiceModel.Channels.Mail	Microsoft.ServiceModel.Channels.Mail	Windows CE, Windows Mobile for Smartphone, Windows Mobile for Pocket PC The .NET Framework and .NET Compact Framework do not support all versions of every platf	3.5
bb339673	FileAttachmentType.Content Property  (Microsoft.ServiceModel.Channels.Mail.ExchangeWebService.Exchange2007)		Microsoft.ServiceModel.Channels.Mail.ExchangeWebService.Exchange2007	Microsoft.ServiceModel.Channels.Mail.ExchangeWebService	Windows CE, Windows Mobile for Smartphone, Windows Mobile for Pocket PC The .NET Framework and .NET Compact Framework do not support all versions of every platf	3.5
bb339715	MessageType.IsReadSpecified Property  (Microsoft.ServiceModel.Channels.Mail.ExchangeWebService.Exchange2007)		Microsoft.ServiceModel.Channels.Mail.ExchangeWebService.Exchange2007	Microsoft.ServiceModel.Channels.Mail.ExchangeWebService	Windows CE, Windows Mobile for Smartphone, Windows Mobile for Pocket PC The .NET Framework and .NET Compact Framework do not support all versions of every platf	3.5
bb339751	ExtendedPropertyType Members (Microsoft.ServiceModel.Channels.Mail.ExchangeWebService.Exchange2007)					-
bb339753	GetFolderType Members (Microsoft.ServiceModel.Channels.Mail.ExchangeWebService.Exchange2007)					-
bb339782	GetEventsType Members (Microsoft.ServiceModel.Channels.Mail.ExchangeWebService.Exchange2007)					-
bb339794	NotificationEventTypeType Enumeration (Microsoft.ServiceModel.Channels.Mail.ExchangeWebService.Exchange2007)		Microsoft.ServiceModel.Channels.Mail.ExchangeWebService.Exchange2007	Microsoft.ServiceModel.Channels.Mail.ExchangeWebService	Windows CE, Windows Mobile for Smartphone, Windows Mobile for Pocket PC The .NET Framework and .NET Compact Framework do not support all versions of every platf	3.5
bb339837	BodyTypeType Enumeration (Microsoft.ServiceModel.Channels.Mail.ExchangeWebService.Exchange2007)		Microsoft.ServiceModel.Channels.Mail.ExchangeWebService.Exchange2007	Microsoft.ServiceModel.Channels.Mail.ExchangeWebService	Windows CE, Windows Mobile for Smartphone, Windows Mobile for Pocket PC The .NET Framework and .NET Compact Framework do not support all versions of every platf	3.5
bb339841	FieldOrderType Constructor  (Microsoft.ServiceModel.Channels.Mail.ExchangeWebService.Exchange2007)		Microsoft.ServiceModel.Channels.Mail.ExchangeWebService.Exchange2007	Microsoft.ServiceModel.Channels.Mail.ExchangeWebService	Windows CE, Windows Mobile for Smartphone, Windows Mobile for Pocket PC The .NET Framework and .NET Compact Framework do not support all versions of every platf	3.5
bb339885	WindowsMobileMailTransport Members (Microsoft.ServiceModel.Channels.Mail.WindowsMobile)					-
bb339908	ItemQueryTraversalType Enumeration (Microsoft.ServiceModel.Channels.Mail.ExchangeWebService.Exchange2007)		Microsoft.ServiceModel.Channels.Mail.ExchangeWebService.Exchange2007	Microsoft.ServiceModel.Channels.Mail.ExchangeWebService	Windows CE, Windows Mobile for Smartphone, Windows Mobile for Pocket PC The .NET Framework and .NET Compact Framework do not support all versions of every platf	3.5
bb339925	GroupedItemsType Members (Microsoft.ServiceModel.Channels.Mail.ExchangeWebService.Exchange2007)					-
bb339947	FindFolderParentType.IncludesLastItemInRange Property  (Microsoft.ServiceModel.Channels.Mail.ExchangeWebService.Exchange2007)		Microsoft.ServiceModel.Channels.Mail.ExchangeWebService.Exchange2007	Microsoft.ServiceModel.Channels.Mail.ExchangeWebService	Windows CE, Windows Mobile for Smartphone, Windows Mobile for Pocket PC The .NET Framework and .NET Compact Framework do not support all versions of every platf	3.5
bb339968	MailTransport.Dispose Method  (Microsoft.ServiceModel.Channels.Mail)					-
bb340021	MultipleOperandBooleanExpressionType Constructor  (Microsoft.ServiceModel.Channels.Mail.ExchangeWebService.Exchange2007)		Microsoft.ServiceModel.Channels.Mail.ExchangeWebService.Exchange2007	Microsoft.ServiceModel.Channels.Mail.ExchangeWebService	Windows CE, Windows Mobile for Smartphone, Windows Mobile for Pocket PC The .NET Framework and .NET Compact Framework do not support all versions of every platf	3.5
bb340051	GetEventsResponseMessageType Members (Microsoft.ServiceModel.Channels.Mail.ExchangeWebService.Exchange2007)					-
bb340068	ItemType.Subject Property  (Microsoft.ServiceModel.Channels.Mail.ExchangeWebService.Exchange2007)		Microsoft.ServiceModel.Channels.Mail.ExchangeWebService.Exchange2007	Microsoft.ServiceModel.Channels.Mail.ExchangeWebService	Windows CE, Windows Mobile for Smartphone, Windows Mobile for Pocket PC The .NET Framework and .NET Compact Framework do not support all versions of every platf	3.5
bb340071	InputPanel.InputMethodCollection.IList.Remove Method  (Microsoft.WindowsCE.Forms)		Microsoft.WindowsCE.Forms	Microsoft.WindowsCE.Forms	Windows CE, Windows Mobile for Smartphone, Windows Mobile for Pocket PC The .NET Framework and .NET Compact Framework do not support all versions of every platf	3.5,2.0
bb340088	FindItemParentType.NumeratorOffsetSpecified Property  (Microsoft.ServiceModel.Channels.Mail.ExchangeWebService.Exchange2007)		Microsoft.ServiceModel.Channels.Mail.ExchangeWebService.Exchange2007	Microsoft.ServiceModel.Channels.Mail.ExchangeWebService	Windows CE, Windows Mobile for Smartphone, Windows Mobile for Pocket PC The .NET Framework and .NET Compact Framework do not support all versions of every platf	3.5
bb340130	SubscribeResponseMessageType Constructor  (Microsoft.ServiceModel.Channels.Mail.ExchangeWebService.Exchange2007)		Microsoft.ServiceModel.Channels.Mail.ExchangeWebService.Exchange2007	Microsoft.ServiceModel.Channels.Mail.ExchangeWebService	Windows CE, Windows Mobile for Smartphone, Windows Mobile for Pocket PC The .NET Framework and .NET Compact Framework do not support all versions of every platf	3.5
bb340133	PathToExtendedFieldType.PropertyType Property  (Microsoft.ServiceModel.Channels.Mail.ExchangeWebService.Exchange2007)		Microsoft.ServiceModel.Channels.Mail.ExchangeWebService.Exchange2007	Microsoft.ServiceModel.Channels.Mail.ExchangeWebService	Windows CE, Windows Mobile for Smartphone, Windows Mobile for Pocket PC The .NET Framework and .NET Compact Framework do not support all versions of every platf	3.5
bb340141	ItemType.ReminderDueBySpecified Property  (Microsoft.ServiceModel.Channels.Mail.ExchangeWebService.Exchange2007)		Microsoft.ServiceModel.Channels.Mail.ExchangeWebService.Exchange2007	Microsoft.ServiceModel.Channels.Mail.ExchangeWebService	Windows CE, Windows Mobile for Smartphone, Windows Mobile for Pocket PC The .NET Framework and .NET Compact Framework do not support all versions of every platf	3.5
bb340173	AttachmentIdType Class (Microsoft.ServiceModel.Channels.Mail.ExchangeWebService.Exchange2007)		Microsoft.ServiceModel.Channels.Mail.ExchangeWebService.Exchange2007	Microsoft.ServiceModel.Channels.Mail.ExchangeWebService	Windows CE, Windows Mobile for Smartphone, Windows Mobile for Pocket PC The .NET Framework and .NET Compact Framework do not support all versions of every platf	3.5
bb340260	UnsubscribeType Class (Microsoft.ServiceModel.Channels.Mail.ExchangeWebService.Exchange2007)		Microsoft.ServiceModel.Channels.Mail.ExchangeWebService.Exchange2007	Microsoft.ServiceModel.Channels.Mail.ExchangeWebService	Windows CE, Windows Mobile for Smartphone, Windows Mobile for Pocket PC The .NET Framework and .NET Compact Framework do not support all versions of every platf	3.5
bb340268	ItemType.DateTimeSentSpecified Property  (Microsoft.ServiceModel.Channels.Mail.ExchangeWebService.Exchange2007)		Microsoft.ServiceModel.Channels.Mail.ExchangeWebService.Exchange2007	Microsoft.ServiceModel.Channels.Mail.ExchangeWebService	Windows CE, Windows Mobile for Smartphone, Windows Mobile for Pocket PC The .NET Framework and .NET Compact Framework do not support all versions of every platf	3.5
bb340273	FindFolderResponseMessageType Class (Microsoft.ServiceModel.Channels.Mail.ExchangeWebService.Exchange2007)		Microsoft.ServiceModel.Channels.Mail.ExchangeWebService.Exchange2007	Microsoft.ServiceModel.Channels.Mail.ExchangeWebService	Windows CE, Windows Mobile for Smartphone, Windows Mobile for Pocket PC The .NET Framework and .NET Compact Framework do not support all versions of every platf	3.5
bb340274	ItemResponseShapeType.BodyTypeSpecified Property  (Microsoft.ServiceModel.Channels.Mail.ExchangeWebService.Exchange2007)		Microsoft.ServiceModel.Channels.Mail.ExchangeWebService.Exchange2007	Microsoft.ServiceModel.Channels.Mail.ExchangeWebService	Windows CE, Windows Mobile for Smartphone, Windows Mobile for Pocket PC The .NET Framework and .NET Compact Framework do not support all versions of every platf	3.5
bb340279	MessageType.BccRecipients Property  (Microsoft.ServiceModel.Channels.Mail.ExchangeWebService.Exchange2007)		Microsoft.ServiceModel.Channels.Mail.ExchangeWebService.Exchange2007	Microsoft.ServiceModel.Channels.Mail.ExchangeWebService	Windows CE, Windows Mobile for Smartphone, Windows Mobile for Pocket PC The .NET Framework and .NET Compact Framework do not support all versions of every platf	3.5
bb340292	ItemType.IsUnmodified Property  (Microsoft.ServiceModel.Channels.Mail.ExchangeWebService.Exchange2007)		Microsoft.ServiceModel.Channels.Mail.ExchangeWebService.Exchange2007	Microsoft.ServiceModel.Channels.Mail.ExchangeWebService	Windows CE, Windows Mobile for Smartphone, Windows Mobile for Pocket PC The .NET Framework and .NET Compact Framework do not support all versions of every platf	3.5
bb340302	TargetFolderIdType.Item Property  (Microsoft.ServiceModel.Channels.Mail.ExchangeWebService.Exchange2007)		Microsoft.ServiceModel.Channels.Mail.ExchangeWebService.Exchange2007	Microsoft.ServiceModel.Channels.Mail.ExchangeWebService	Windows CE, Windows Mobile for Smartphone, Windows Mobile for Pocket PC The .NET Framework and .NET Compact Framework do not support all versions of every platf	3.5
bb340307	GetEventsResponseType Class (Microsoft.ServiceModel.Channels.Mail.ExchangeWebService.Exchange2007)		Microsoft.ServiceModel.Channels.Mail.ExchangeWebService.Exchange2007	Microsoft.ServiceModel.Channels.Mail.ExchangeWebService	Windows CE, Windows Mobile for Smartphone, Windows Mobile for Pocket PC The .NET Framework and .NET Compact Framework do not support all versions of every platf	3.5
bb340454	NonEmptyArrayOfPropertyValuesType Members (Microsoft.ServiceModel.Channels.Mail.ExchangeWebService.Exchange2007)					-
bb340481	FolderType.UnreadCountSpecified Property  (Microsoft.ServiceModel.Channels.Mail.ExchangeWebService.Exchange2007)		Microsoft.ServiceModel.Channels.Mail.ExchangeWebService.Exchange2007	Microsoft.ServiceModel.Channels.Mail.ExchangeWebService	Windows CE, Windows Mobile for Smartphone, Windows Mobile for Pocket PC The .NET Framework and .NET Compact Framework do not support all versions of every platf	3.5
bb340506	PathToIndexedFieldType Members (Microsoft.ServiceModel.Channels.Mail.ExchangeWebService.Exchange2007)					-
bb340589	AttachmentInfoResponseMessageType.Attachments Property  (Microsoft.ServiceModel.Channels.Mail.ExchangeWebService.Exchange2007)		Microsoft.ServiceModel.Channels.Mail.ExchangeWebService.Exchange2007	Microsoft.ServiceModel.Channels.Mail.ExchangeWebService	Windows CE, Windows Mobile for Smartphone, Windows Mobile for Pocket PC The .NET Framework and .NET Compact Framework do not support all versions of every platf	3.5
bb340613	FindFolderParentType.IncludesLastItemInRangeSpecified Property  (Microsoft.ServiceModel.Channels.Mail.ExchangeWebService.Exchange2007)		Microsoft.ServiceModel.Channels.Mail.ExchangeWebService.Exchange2007	Microsoft.ServiceModel.Channels.Mail.ExchangeWebService	Windows CE, Windows Mobile for Smartphone, Windows Mobile for Pocket PC The .NET Framework and .NET Compact Framework do not support all versions of every platf	3.5
bb340646	SendNotificationResponseMessageType.Notification Property  (Microsoft.ServiceModel.Channels.Mail.ExchangeWebService.Exchange2007)		Microsoft.ServiceModel.Channels.Mail.ExchangeWebService.Exchange2007	Microsoft.ServiceModel.Channels.Mail.ExchangeWebService	Windows CE, Windows Mobile for Smartphone, Windows Mobile for Pocket PC The .NET Framework and .NET Compact Framework do not support all versions of every platf	3.5
bb340742	MailUriHelper.Create Method (String, String[]) (Microsoft.ServiceModel.Channels.Mail)		Microsoft.ServiceModel.Channels.Mail	Microsoft.ServiceModel.Channels.Mail	Windows CE, Windows Mobile for Smartphone, Windows Mobile for Pocket PC The .NET Framework and .NET Compact Framework do not support all versions of every platf	3.5
bb340743	ItemType.Importance Property  (Microsoft.ServiceModel.Channels.Mail.ExchangeWebService.Exchange2007)		Microsoft.ServiceModel.Channels.Mail.ExchangeWebService.Exchange2007	Microsoft.ServiceModel.Channels.Mail.ExchangeWebService	Windows CE, Windows Mobile for Smartphone, Windows Mobile for Pocket PC The .NET Framework and .NET Compact Framework do not support all versions of every platf	3.5
bb340754	ItemType.Sensitivity Property  (Microsoft.ServiceModel.Channels.Mail.ExchangeWebService.Exchange2007)		Microsoft.ServiceModel.Channels.Mail.ExchangeWebService.Exchange2007	Microsoft.ServiceModel.Channels.Mail.ExchangeWebService	Windows CE, Windows Mobile for Smartphone, Windows Mobile for Pocket PC The .NET Framework and .NET Compact Framework do not support all versions of every platf	3.5
bb340805	IndexedPageViewType.Offset Property  (Microsoft.ServiceModel.Channels.Mail.ExchangeWebService.Exchange2007)		Microsoft.ServiceModel.Channels.Mail.ExchangeWebService.Exchange2007	Microsoft.ServiceModel.Channels.Mail.ExchangeWebService	Windows CE, Windows Mobile for Smartphone, Windows Mobile for Pocket PC The .NET Framework and .NET Compact Framework do not support all versions of every platf	3.5
bb340824	MailTransport.IsQueued Property  (Microsoft.ServiceModel.Channels.Mail)		Microsoft.ServiceModel.Channels.Mail	Microsoft.ServiceModel.Channels.Mail	Windows CE, Windows Mobile for Smartphone, Windows Mobile for Pocket PC The .NET Framework and .NET Compact Framework do not support all versions of every platf	3.5
bb340875	ItemType.DateTimeCreated Property  (Microsoft.ServiceModel.Channels.Mail.ExchangeWebService.Exchange2007)		Microsoft.ServiceModel.Channels.Mail.ExchangeWebService.Exchange2007	Microsoft.ServiceModel.Channels.Mail.ExchangeWebService	Windows CE, Windows Mobile for Smartphone, Windows Mobile for Pocket PC The .NET Framework and .NET Compact Framework do not support all versions of every platf	3.5
bb340933	ExchangeWebServiceMailTransport Members (Microsoft.ServiceModel.Channels.Mail.ExchangeWebService)					-
bb340961	CreateItemType.SendMeetingInvitationsSpecified Property  (Microsoft.ServiceModel.Channels.Mail.ExchangeWebService.Exchange2007)		Microsoft.ServiceModel.Channels.Mail.ExchangeWebService.Exchange2007	Microsoft.ServiceModel.Channels.Mail.ExchangeWebService	Windows CE, Windows Mobile for Smartphone, Windows Mobile for Pocket PC The .NET Framework and .NET Compact Framework do not support all versions of every platf	3.5
bb341009	WindowsMobileMailTransportBindingElement Constructor  (Microsoft.ServiceModel.Channels.Mail.WindowsMobile)		Microsoft.ServiceModel.Channels.Mail.WindowsMobile	Microsoft.ServiceModel.Channels.Mail.WindowsMobile	Windows CE, Windows Mobile for Smartphone, Windows Mobile for Pocket PC The .NET Framework and .NET Compact Framework do not support all versions of every platf	3.5
bb341013	BaseObjectChangedEventType Class (Microsoft.ServiceModel.Channels.Mail.ExchangeWebService.Exchange2007)		Microsoft.ServiceModel.Channels.Mail.ExchangeWebService.Exchange2007	Microsoft.ServiceModel.Channels.Mail.ExchangeWebService	Windows CE, Windows Mobile for Smartphone, Windows Mobile for Pocket PC The .NET Framework and .NET Compact Framework do not support all versions of every platf	3.5
bb341247	UnsubscribeResponseType Members (Microsoft.ServiceModel.Channels.Mail.ExchangeWebService.Exchange2007)					-
bb341250	RequestAttachmentIdType Members (Microsoft.ServiceModel.Channels.Mail.ExchangeWebService.Exchange2007)					-
bb341293	ResponseObjectType Members (Microsoft.ServiceModel.Channels.Mail.ExchangeWebService.Exchange2007)					-
bb341314	ItemType.ItemClass Property  (Microsoft.ServiceModel.Channels.Mail.ExchangeWebService.Exchange2007)		Microsoft.ServiceModel.Channels.Mail.ExchangeWebService.Exchange2007	Microsoft.ServiceModel.Channels.Mail.ExchangeWebService	Windows CE, Windows Mobile for Smartphone, Windows Mobile for Pocket PC The .NET Framework and .NET Compact Framework do not support all versions of every platf	3.5
bb341322	FindItemType.Traversal Property  (Microsoft.ServiceModel.Channels.Mail.ExchangeWebService.Exchange2007)		Microsoft.ServiceModel.Channels.Mail.ExchangeWebService.Exchange2007	Microsoft.ServiceModel.Channels.Mail.ExchangeWebService	Windows CE, Windows Mobile for Smartphone, Windows Mobile for Pocket PC The .NET Framework and .NET Compact Framework do not support all versions of every platf	3.5
bb341375	SubscribeResponseMessageType Members (Microsoft.ServiceModel.Channels.Mail.ExchangeWebService.Exchange2007)					-
bb341381	MailTransportBindingElementBase Members (Microsoft.ServiceModel.Channels.Mail)					-
bb341489	AttachmentResponseShapeType.AdditionalProperties Property  (Microsoft.ServiceModel.Channels.Mail.ExchangeWebService.Exchange2007)		Microsoft.ServiceModel.Channels.Mail.ExchangeWebService.Exchange2007	Microsoft.ServiceModel.Channels.Mail.ExchangeWebService	Windows CE, Windows Mobile for Smartphone, Windows Mobile for Pocket PC The .NET Framework and .NET Compact Framework do not support all versions of every platf	3.5
bb341514	FindItemResponseType Class (Microsoft.ServiceModel.Channels.Mail.ExchangeWebService.Exchange2007)		Microsoft.ServiceModel.Channels.Mail.ExchangeWebService.Exchange2007	Microsoft.ServiceModel.Channels.Mail.ExchangeWebService	Windows CE, Windows Mobile for Smartphone, Windows Mobile for Pocket PC The .NET Framework and .NET Compact Framework do not support all versions of every platf	3.5
bb341536	ExchangeWebServiceMailBinding Constructor (Uri, ICredentials, MailSecurityMode) (Microsoft.ServiceModel.Channels.Mail.ExchangeWebService)		Microsoft.ServiceModel.Channels.Mail.ExchangeWebService	Microsoft.ServiceModel.Channels.Mail.ExchangeWebService	Windows CE, Windows Mobile for Smartphone, Windows Mobile for Pocket PC The .NET Framework and .NET Compact Framework do not support all versions of every platf	3.5
bb341540	BaseFolderType.TotalCountSpecified Property  (Microsoft.ServiceModel.Channels.Mail.ExchangeWebService.Exchange2007)		Microsoft.ServiceModel.Channels.Mail.ExchangeWebService.Exchange2007	Microsoft.ServiceModel.Channels.Mail.ExchangeWebService	Windows CE, Windows Mobile for Smartphone, Windows Mobile for Pocket PC The .NET Framework and .NET Compact Framework do not support all versions of every platf	3.5
bb341545	NotType Members (Microsoft.ServiceModel.Channels.Mail.ExchangeWebService.Exchange2007)					-
bb341605	ResponseObjectCoreType.ReferenceItemId Property  (Microsoft.ServiceModel.Channels.Mail.ExchangeWebService.Exchange2007)		Microsoft.ServiceModel.Channels.Mail.ExchangeWebService.Exchange2007	Microsoft.ServiceModel.Channels.Mail.ExchangeWebService	Windows CE, Windows Mobile for Smartphone, Windows Mobile for Pocket PC The .NET Framework and .NET Compact Framework do not support all versions of every platf	3.5
bb341627	MailUriHelper.CreateUri Method (String, String) (Microsoft.ServiceModel.Channels.Mail)		Microsoft.ServiceModel.Channels.Mail	Microsoft.ServiceModel.Channels.Mail	Windows CE, Windows Mobile for Smartphone, Windows Mobile for Pocket PC The .NET Framework and .NET Compact Framework do not support all versions of every platf	3.5
bb341641	GetItemResponseType Members (Microsoft.ServiceModel.Channels.Mail.ExchangeWebService.Exchange2007)					-
bb341663	ItemType.Culture Property  (Microsoft.ServiceModel.Channels.Mail.ExchangeWebService.Exchange2007)		Microsoft.ServiceModel.Channels.Mail.ExchangeWebService.Exchange2007	Microsoft.ServiceModel.Channels.Mail.ExchangeWebService	Windows CE, Windows Mobile for Smartphone, Windows Mobile for Pocket PC The .NET Framework and .NET Compact Framework do not support all versions of every platf	3.5
bb341680	EmailAddressType.EmailAddress Property  (Microsoft.ServiceModel.Channels.Mail.ExchangeWebService.Exchange2007)		Microsoft.ServiceModel.Channels.Mail.ExchangeWebService.Exchange2007	Microsoft.ServiceModel.Channels.Mail.ExchangeWebService	Windows CE, Windows Mobile for Smartphone, Windows Mobile for Pocket PC The .NET Framework and .NET Compact Framework do not support all versions of every platf	3.5
bb341750	MailMessageSecurity.AlgorithmSuite Property  (Microsoft.ServiceModel.Channels.Mail)		Microsoft.ServiceModel.Channels.Mail	Microsoft.ServiceModel.Channels.Mail	Windows CE, Windows Mobile for Smartphone, Windows Mobile for Pocket PC The .NET Framework and .NET Compact Framework do not support all versions of every platf	3.5
bb341756	EmailAddressType.MailboxTypeSpecified Property  (Microsoft.ServiceModel.Channels.Mail.ExchangeWebService.Exchange2007)		Microsoft.ServiceModel.Channels.Mail.ExchangeWebService.Exchange2007	Microsoft.ServiceModel.Channels.Mail.ExchangeWebService	Windows CE, Windows Mobile for Smartphone, Windows Mobile for Pocket PC The .NET Framework and .NET Compact Framework do not support all versions of every platf	3.5
bb341801	SubscribeType.Item Property  (Microsoft.ServiceModel.Channels.Mail.ExchangeWebService.Exchange2007)		Microsoft.ServiceModel.Channels.Mail.ExchangeWebService.Exchange2007	Microsoft.ServiceModel.Channels.Mail.ExchangeWebService	Windows CE, Windows Mobile for Smartphone, Windows Mobile for Pocket PC The .NET Framework and .NET Compact Framework do not support all versions of every platf	3.5
bb341817	MailSecurity Class (Microsoft.ServiceModel.Channels.Mail)		Microsoft.ServiceModel.Channels.Mail	Microsoft.ServiceModel.Channels.Mail	Windows CE, Windows Mobile for Smartphone, Windows Mobile for Pocket PC The .NET Framework and .NET Compact Framework do not support all versions of every platf	3.5
