id	title	kind	namespace	assembly	cf_supported	ce_generations	path
bb345044(v=vs.90)	AcceptExistingMessages Property	Property	Microsoft.ServiceModel.Channels.Mail	Microsoft.ServiceModel.Channels.Mail (in Microsoft.ServiceModel.Channels.Mail.dll)	3.5	CE6R3+	.NET Framework 3.5/General Reference for the .NET Framework/Additional Managed Reference Topics/Microsoft.ServiceModel.Channels.Mail Namespace/MailBindingBase Class/MailBindingBase Properties /AcceptExistingMessages Property 
bb351848(v=vs.90)	AcceptExistingMessages Property	Property	Microsoft.ServiceModel.Channels.Mail	Microsoft.ServiceModel.Channels.Mail (in Microsoft.ServiceModel.Channels.Mail.dll)	3.5	CE6R3+	.NET Framework 3.5/General Reference for the .NET Framework/Additional Managed Reference Topics/Microsoft.ServiceModel.Channels.Mail Namespace/MailTransportBindingElementBase Class/MailTransportBindingElementBase Properties /AcceptExistingMessages Property 
bb341750(v=vs.90)	AlgorithmSuite Property	Property	Microsoft.ServiceModel.Channels.Mail	Microsoft.ServiceModel.Channels.Mail (in Microsoft.ServiceModel.Channels.Mail.dll)	3.5	CE6R3+	.NET Framework 3.5/General Reference for the .NET Framework/Additional Managed Reference Topics/Microsoft.ServiceModel.Channels.Mail Namespace/MailMessageSecurity Class/MailMessageSecurity Properties /AlgorithmSuite Property 
bb350939(v=vs.90)	BuildChannelFactory(TChannel) Method	Method	Microsoft.ServiceModel.Channels.Mail	Microsoft.ServiceModel.Channels.Mail (in Microsoft.ServiceModel.Channels.Mail.dll)	3.5	CE6R3+	.NET Framework 3.5/General Reference for the .NET Framework/Additional Managed Reference Topics/Microsoft.ServiceModel.Channels.Mail Namespace/MailTransportBindingElementBase Class/MailTransportBindingElementBase Methods /BuildChannelFactory(TChannel) Method 
bb300255(v=vs.90)	BuildChannelListener(TChannel) Method	Method	Microsoft.ServiceModel.Channels.Mail	Microsoft.ServiceModel.Channels.Mail (in Microsoft.ServiceModel.Channels.Mail.dll)	3.5	CE6R3+	.NET Framework 3.5/General Reference for the .NET Framework/Additional Managed Reference Topics/Microsoft.ServiceModel.Channels.Mail Namespace/MailTransportBindingElementBase Class/MailTransportBindingElementBase Methods /BuildChannelListener(TChannel) Method 
bb298316(v=vs.90)	CanBuildChannelFactory(TChannel) Method	Method	Microsoft.ServiceModel.Channels.Mail	Microsoft.ServiceModel.Channels.Mail (in Microsoft.ServiceModel.Channels.Mail.dll)	3.5	CE6R3+	.NET Framework 3.5/General Reference for the .NET Framework/Additional Managed Reference Topics/Microsoft.ServiceModel.Channels.Mail Namespace/MailTransportBindingElementBase Class/MailTransportBindingElementBase Methods /CanBuildChannelFactory(TChannel) Method 
bb338665(v=vs.90)	CanBuildChannelListener(TChannel) Method	Method	Microsoft.ServiceModel.Channels.Mail	Microsoft.ServiceModel.Channels.Mail (in Microsoft.ServiceModel.Channels.Mail.dll)	3.5	CE6R3+	.NET Framework 3.5/General Reference for the .NET Framework/Additional Managed Reference Topics/Microsoft.ServiceModel.Channels.Mail Namespace/MailTransportBindingElementBase Class/MailTransportBindingElementBase Methods /CanBuildChannelListener(TChannel) Method 
bb336357(v=vs.90)	Close Method	Method	Microsoft.ServiceModel.Channels.Mail	Microsoft.ServiceModel.Channels.Mail (in Microsoft.ServiceModel.Channels.Mail.dll)	3.5	CE6R3+	.NET Framework 3.5/General Reference for the .NET Framework/Additional Managed Reference Topics/Microsoft.ServiceModel.Channels.Mail Namespace/MailTransportBindingElementBase Class/MailTransportBindingElementBase Methods /Close Method 
bb357092(v=vs.90)	Close Method	Method	Microsoft.ServiceModel.Channels.Mail	Microsoft.ServiceModel.Channels.Mail (in Microsoft.ServiceModel.Channels.Mail.dll)	3.5	CE6R3+	.NET Framework 3.5/General Reference for the .NET Framework/Additional Managed Reference Topics/Microsoft.ServiceModel.Channels.Mail Namespace/MailBindingBase Class/MailBindingBase Methods /Close Method 
bb293133(v=vs.90)	Create Method (String, String)		Microsoft.ServiceModel.Channels.Mail	Microsoft.ServiceModel.Channels.Mail (in Microsoft.ServiceModel.Channels.Mail.dll)	3.5	CE6R3+	.NET Framework 3.5/General Reference for the .NET Framework/Additional Managed Reference Topics/Microsoft.ServiceModel.Channels.Mail Namespace/MailUriHelper Class/MailUriHelper Methods /Create Method /Create Method (String, String)
bb340742(v=vs.90)	Create Method (String, String[])		Microsoft.ServiceModel.Channels.Mail	Microsoft.ServiceModel.Channels.Mail (in Microsoft.ServiceModel.Channels.Mail.dll)	3.5	CE6R3+	.NET Framework 3.5/General Reference for the .NET Framework/Additional Managed Reference Topics/Microsoft.ServiceModel.Channels.Mail Namespace/MailUriHelper Class/MailUriHelper Methods /Create Method /Create Method (String, String[])
bb357613(v=vs.90)	CreateBindingElements Method	Method	Microsoft.ServiceModel.Channels.Mail	Microsoft.ServiceModel.Channels.Mail (in Microsoft.ServiceModel.Channels.Mail.dll)	3.5	CE6R3+	.NET Framework 3.5/General Reference for the .NET Framework/Additional Managed Reference Topics/Microsoft.ServiceModel.Channels.Mail Namespace/MailBindingBase Class/MailBindingBase Methods /CreateBindingElements Method 
bb341627(v=vs.90)	CreateUri Method (String, String)		Microsoft.ServiceModel.Channels.Mail	Microsoft.ServiceModel.Channels.Mail (in Microsoft.ServiceModel.Channels.Mail.dll)	3.5	CE6R3+	.NET Framework 3.5/General Reference for the .NET Framework/Additional Managed Reference Topics/Microsoft.ServiceModel.Channels.Mail Namespace/MailUriHelper Class/MailUriHelper Methods /CreateUri Method /CreateUri Method (String, String)
bb292085(v=vs.90)	CreateUri Method (String, String[])		Microsoft.ServiceModel.Channels.Mail	Microsoft.ServiceModel.Channels.Mail (in Microsoft.ServiceModel.Channels.Mail.dll)	3.5	CE6R3+	.NET Framework 3.5/General Reference for the .NET Framework/Additional Managed Reference Topics/Microsoft.ServiceModel.Channels.Mail Namespace/MailUriHelper Class/MailUriHelper Methods /CreateUri Method /CreateUri Method (String, String[])
bb356965(v=vs.90)	Dispose Method	Method	Microsoft.ServiceModel.Channels.Mail	Microsoft.ServiceModel.Channels.Mail (in Microsoft.ServiceModel.Channels.Mail.dll)	3.5	CE6R3+	.NET Framework 3.5/General Reference for the .NET Framework/Additional Managed Reference Topics/Microsoft.ServiceModel.Channels.Mail Namespace/MailTransport Class/MailTransport Methods /Dispose Method /Dispose Method 
bb359436(v=vs.90)	Dispose Method (Boolean)		Microsoft.ServiceModel.Channels.Mail	Microsoft.ServiceModel.Channels.Mail (in Microsoft.ServiceModel.Channels.Mail.dll)	3.5	CE6R3+	.NET Framework 3.5/General Reference for the .NET Framework/Additional Managed Reference Topics/Microsoft.ServiceModel.Channels.Mail Namespace/MailTransport Class/MailTransport Methods /Dispose Method /Dispose Method (Boolean)
bb348751(v=vs.90)	FaultException Property	Property	Microsoft.ServiceModel.Channels.Mail	Microsoft.ServiceModel.Channels.Mail (in Microsoft.ServiceModel.Channels.Mail.dll)	3.5	CE6R3+	.NET Framework 3.5/General Reference for the .NET Framework/Additional Managed Reference Topics/Microsoft.ServiceModel.Channels.Mail Namespace/MailTransport Class/MailTransport Properties /FaultException Property 
bb291977(v=vs.90)	Faulted Event	Event	Microsoft.ServiceModel.Channels.Mail	Microsoft.ServiceModel.Channels.Mail (in Microsoft.ServiceModel.Channels.Mail.dll)	3.5	CE6R3+	.NET Framework 3.5/General Reference for the .NET Framework/Additional Managed Reference Topics/Microsoft.ServiceModel.Channels.Mail Namespace/MailTransport Class/MailTransport Events/Faulted Event
bb156546(v=vs.90)	GetChannelName Method	Method	Microsoft.ServiceModel.Channels.Mail	Microsoft.ServiceModel.Channels.Mail (in Microsoft.ServiceModel.Channels.Mail.dll)	3.5	CE6R3+	.NET Framework 3.5/General Reference for the .NET Framework/Additional Managed Reference Topics/Microsoft.ServiceModel.Channels.Mail Namespace/MailUriHelper Class/MailUriHelper Methods /GetChannelName Method 
bb301770(v=vs.90)	GetEmailAddress Method	Method	Microsoft.ServiceModel.Channels.Mail	Microsoft.ServiceModel.Channels.Mail (in Microsoft.ServiceModel.Channels.Mail.dll)	3.5	CE6R3+	.NET Framework 3.5/General Reference for the .NET Framework/Additional Managed Reference Topics/Microsoft.ServiceModel.Channels.Mail Namespace/MailUriHelper Class/MailUriHelper Methods /GetEmailAddress Method 
bb338835(v=vs.90)	IsFaulted Property	Property	Microsoft.ServiceModel.Channels.Mail	Microsoft.ServiceModel.Channels.Mail (in Microsoft.ServiceModel.Channels.Mail.dll)	3.5	CE6R3+	.NET Framework 3.5/General Reference for the .NET Framework/Additional Managed Reference Topics/Microsoft.ServiceModel.Channels.Mail Namespace/MailTransport Class/MailTransport Properties /IsFaulted Property 
bb340824(v=vs.90)	IsQueued Property	Property	Microsoft.ServiceModel.Channels.Mail	Microsoft.ServiceModel.Channels.Mail (in Microsoft.ServiceModel.Channels.Mail.dll)	3.5	CE6R3+	.NET Framework 3.5/General Reference for the .NET Framework/Additional Managed Reference Topics/Microsoft.ServiceModel.Channels.Mail Namespace/MailTransport Class/MailTransport Properties /IsQueued Property 
bb344721(v=vs.90)	MailBindingBase Class	Class	Microsoft.ServiceModel.Channels.Mail	Microsoft.ServiceModel.Channels.Mail (in Microsoft.ServiceModel.Channels.Mail.dll)	3.5	CE6R3+	.NET Framework 3.5/General Reference for the .NET Framework/Additional Managed Reference Topics/Microsoft.ServiceModel.Channels.Mail Namespace/MailBindingBase Class
bb298575(v=vs.90)	MailBindingBase Constructor	Constructor	Microsoft.ServiceModel.Channels.Mail	Microsoft.ServiceModel.Channels.Mail (in Microsoft.ServiceModel.Channels.Mail.dll)	3.5	CE6R3+	.NET Framework 3.5/General Reference for the .NET Framework/Additional Managed Reference Topics/Microsoft.ServiceModel.Channels.Mail Namespace/MailBindingBase Class/MailBindingBase Constructor /MailBindingBase Constructor 
bb292585(v=vs.90)	MailBindingBase Constructor (MailSecurityMode)		Microsoft.ServiceModel.Channels.Mail	Microsoft.ServiceModel.Channels.Mail (in Microsoft.ServiceModel.Channels.Mail.dll)	3.5	CE6R3+	.NET Framework 3.5/General Reference for the .NET Framework/Additional Managed Reference Topics/Microsoft.ServiceModel.Channels.Mail Namespace/MailBindingBase Class/MailBindingBase Constructor /MailBindingBase Constructor (MailSecurityMode)
bb353087(v=vs.90)	MailMessageSecurity Class	Class	Microsoft.ServiceModel.Channels.Mail	Microsoft.ServiceModel.Channels.Mail (in Microsoft.ServiceModel.Channels.Mail.dll)	3.5	CE6R3+	.NET Framework 3.5/General Reference for the .NET Framework/Additional Managed Reference Topics/Microsoft.ServiceModel.Channels.Mail Namespace/MailMessageSecurity Class
bb341817(v=vs.90)	MailSecurity Class	Class	Microsoft.ServiceModel.Channels.Mail	Microsoft.ServiceModel.Channels.Mail (in Microsoft.ServiceModel.Channels.Mail.dll)	3.5	CE6R3+	.NET Framework 3.5/General Reference for the .NET Framework/Additional Managed Reference Topics/Microsoft.ServiceModel.Channels.Mail Namespace/MailSecurity Class
bb360868(v=vs.90)	MailSecurity Constructor	Constructor	Microsoft.ServiceModel.Channels.Mail	Microsoft.ServiceModel.Channels.Mail (in Microsoft.ServiceModel.Channels.Mail.dll)	3.5	CE6R3+	.NET Framework 3.5/General Reference for the .NET Framework/Additional Managed Reference Topics/Microsoft.ServiceModel.Channels.Mail Namespace/MailSecurity Class/MailSecurity Constructor 
bb344315(v=vs.90)	MailSecurityMode Enumeration	Enumeration	Microsoft.ServiceModel.Channels.Mail	Microsoft.ServiceModel.Channels.Mail (in Microsoft.ServiceModel.Channels.Mail.dll)	3.5	CE6R3+	.NET Framework 3.5/General Reference for the .NET Framework/Additional Managed Reference Topics/Microsoft.ServiceModel.Channels.Mail Namespace/MailSecurityMode Enumeration
bb292057(v=vs.90)	MailTransport Class	Class	Microsoft.ServiceModel.Channels.Mail	Microsoft.ServiceModel.Channels.Mail (in Microsoft.ServiceModel.Channels.Mail.dll)	3.5	CE6R3+	.NET Framework 3.5/General Reference for the .NET Framework/Additional Managed Reference Topics/Microsoft.ServiceModel.Channels.Mail Namespace/MailTransport Class
bb339109(v=vs.90)	MailTransportBindingElementBase Class	Class	Microsoft.ServiceModel.Channels.Mail	Microsoft.ServiceModel.Channels.Mail (in Microsoft.ServiceModel.Channels.Mail.dll)	3.5	CE6R3+	.NET Framework 3.5/General Reference for the .NET Framework/Additional Managed Reference Topics/Microsoft.ServiceModel.Channels.Mail Namespace/MailTransportBindingElementBase Class
bb356436(v=vs.90)	MailTransportBindingElementBase Constructor	Constructor	Microsoft.ServiceModel.Channels.Mail	Microsoft.ServiceModel.Channels.Mail (in Microsoft.ServiceModel.Channels.Mail.dll)	3.5	CE6R3+	.NET Framework 3.5/General Reference for the .NET Framework/Additional Managed Reference Topics/Microsoft.ServiceModel.Channels.Mail Namespace/MailTransportBindingElementBase Class/MailTransportBindingElementBase Constructor /MailTransportBindingElementBase Constructor 
bb301081(v=vs.90)	MailTransportBindingElementBase Constructor (MailTransportBindingElementBase)		Microsoft.ServiceModel.Channels.Mail	Microsoft.ServiceModel.Channels.Mail (in Microsoft.ServiceModel.Channels.Mail.dll)	3.5	CE6R3+	.NET Framework 3.5/General Reference for the .NET Framework/Additional Managed Reference Topics/Microsoft.ServiceModel.Channels.Mail Namespace/MailTransportBindingElementBase Class/MailTransportBindingElementBase Constructor /MailTransportBindingElementBase Constructor (MailTransportBindingElementBase)
bb353163(v=vs.90)	MailUriHelper Class	Class	Microsoft.ServiceModel.Channels.Mail	Microsoft.ServiceModel.Channels.Mail (in Microsoft.ServiceModel.Channels.Mail.dll)	3.5	CE6R3+	.NET Framework 3.5/General Reference for the .NET Framework/Additional Managed Reference Topics/Microsoft.ServiceModel.Channels.Mail Namespace/MailUriHelper Class
bb298406(v=vs.90)	MaxTotalMessageCacheSize Property	Property	Microsoft.ServiceModel.Channels.Mail	Microsoft.ServiceModel.Channels.Mail (in Microsoft.ServiceModel.Channels.Mail.dll)	3.5	CE6R3+	.NET Framework 3.5/General Reference for the .NET Framework/Additional Managed Reference Topics/Microsoft.ServiceModel.Channels.Mail Namespace/MailTransport Class/MailTransport Properties /MaxTotalMessageCacheSize Property 
bb344643(v=vs.90)	MaxTotalMessageCountInCache Property	Property	Microsoft.ServiceModel.Channels.Mail	Microsoft.ServiceModel.Channels.Mail (in Microsoft.ServiceModel.Channels.Mail.dll)	3.5	CE6R3+	.NET Framework 3.5/General Reference for the .NET Framework/Additional Managed Reference Topics/Microsoft.ServiceModel.Channels.Mail Namespace/MailTransport Class/MailTransport Properties /MaxTotalMessageCountInCache Property 
bb345056(v=vs.90)	Message Property	Property	Microsoft.ServiceModel.Channels.Mail	Microsoft.ServiceModel.Channels.Mail (in Microsoft.ServiceModel.Channels.Mail.dll)	3.5	CE6R3+	.NET Framework 3.5/General Reference for the .NET Framework/Additional Managed Reference Topics/Microsoft.ServiceModel.Channels.Mail Namespace/MailSecurity Class/MailSecurity Properties /Message Property 
bb350956(v=vs.90)	MessageContainerType Enumeration	Enumeration	Microsoft.ServiceModel.Channels.Mail	Microsoft.ServiceModel.Channels.Mail (in Microsoft.ServiceModel.Channels.Mail.dll)	3.5	CE6R3+	.NET Framework 3.5/General Reference for the .NET Framework/Additional Managed Reference Topics/Microsoft.ServiceModel.Channels.Mail Namespace/MessageContainerType Enumeration
bb338833(v=vs.90)	MessageContainerType Property	Property	Microsoft.ServiceModel.Channels.Mail	Microsoft.ServiceModel.Channels.Mail (in Microsoft.ServiceModel.Channels.Mail.dll)	3.5	CE6R3+	.NET Framework 3.5/General Reference for the .NET Framework/Additional Managed Reference Topics/Microsoft.ServiceModel.Channels.Mail Namespace/MailBindingBase Class/MailBindingBase Properties /MessageContainerType Property 
bb339634(v=vs.90)	MessageContainerType Property	Property	Microsoft.ServiceModel.Channels.Mail	Microsoft.ServiceModel.Channels.Mail (in Microsoft.ServiceModel.Channels.Mail.dll)	3.5	CE6R3+	.NET Framework 3.5/General Reference for the .NET Framework/Additional Managed Reference Topics/Microsoft.ServiceModel.Channels.Mail Namespace/MailTransportBindingElementBase Class/MailTransportBindingElementBase Properties /MessageContainerType Property 
bb342279(v=vs.90)	MinimumAttachmentSize Property	Property	Microsoft.ServiceModel.Channels.Mail	Microsoft.ServiceModel.Channels.Mail (in Microsoft.ServiceModel.Channels.Mail.dll)	3.5	CE6R3+	.NET Framework 3.5/General Reference for the .NET Framework/Additional Managed Reference Topics/Microsoft.ServiceModel.Channels.Mail Namespace/MailTransportBindingElementBase Class/MailTransportBindingElementBase Properties /MinimumAttachmentSize Property 
bb343112(v=vs.90)	MinimumAttachmentSize Property	Property	Microsoft.ServiceModel.Channels.Mail	Microsoft.ServiceModel.Channels.Mail (in Microsoft.ServiceModel.Channels.Mail.dll)	3.5	CE6R3+	.NET Framework 3.5/General Reference for the .NET Framework/Additional Managed Reference Topics/Microsoft.ServiceModel.Channels.Mail Namespace/MailBindingBase Class/MailBindingBase Properties /MinimumAttachmentSize Property 
bb351184(v=vs.90)	Mode Property	Property	Microsoft.ServiceModel.Channels.Mail	Microsoft.ServiceModel.Channels.Mail (in Microsoft.ServiceModel.Channels.Mail.dll)	3.5	CE6R3+	.NET Framework 3.5/General Reference for the .NET Framework/Additional Managed Reference Topics/Microsoft.ServiceModel.Channels.Mail Namespace/MailSecurity Class/MailSecurity Properties /Mode Property 
bb341844(v=vs.90)	ReceiveRetryCount Property	Property	Microsoft.ServiceModel.Channels.Mail	Microsoft.ServiceModel.Channels.Mail (in Microsoft.ServiceModel.Channels.Mail.dll)	3.5	CE6R3+	.NET Framework 3.5/General Reference for the .NET Framework/Additional Managed Reference Topics/Microsoft.ServiceModel.Channels.Mail Namespace/MailTransport Class/MailTransport Properties /ReceiveRetryCount Property 
bb347892(v=vs.90)	Scheme Property	Property	Microsoft.ServiceModel.Channels.Mail	Microsoft.ServiceModel.Channels.Mail (in Microsoft.ServiceModel.Channels.Mail.dll)	3.5	CE6R3+	.NET Framework 3.5/General Reference for the .NET Framework/Additional Managed Reference Topics/Microsoft.ServiceModel.Channels.Mail Namespace/MailBindingBase Class/MailBindingBase Properties /Scheme Property 
bb356938(v=vs.90)	Scheme Property	Property	Microsoft.ServiceModel.Channels.Mail	Microsoft.ServiceModel.Channels.Mail (in Microsoft.ServiceModel.Channels.Mail.dll)	3.5	CE6R3+	.NET Framework 3.5/General Reference for the .NET Framework/Additional Managed Reference Topics/Microsoft.ServiceModel.Channels.Mail Namespace/MailTransportBindingElementBase Class/MailTransportBindingElementBase Properties /Scheme Property 
bb352487(v=vs.90)	Security Property	Property	Microsoft.ServiceModel.Channels.Mail	Microsoft.ServiceModel.Channels.Mail (in Microsoft.ServiceModel.Channels.Mail.dll)	3.5	CE6R3+	.NET Framework 3.5/General Reference for the .NET Framework/Additional Managed Reference Topics/Microsoft.ServiceModel.Channels.Mail Namespace/MailBindingBase Class/MailBindingBase Properties /Security Property 
bb301093(v=vs.90)	TimeToLive Property	Property	Microsoft.ServiceModel.Channels.Mail	Microsoft.ServiceModel.Channels.Mail (in Microsoft.ServiceModel.Channels.Mail.dll)	3.5	CE6R3+	.NET Framework 3.5/General Reference for the .NET Framework/Additional Managed Reference Topics/Microsoft.ServiceModel.Channels.Mail Namespace/MailBindingBase Class/MailBindingBase Properties /TimeToLive Property 
bb346551(v=vs.90)	TimeToLive Property	Property	Microsoft.ServiceModel.Channels.Mail	Microsoft.ServiceModel.Channels.Mail (in Microsoft.ServiceModel.Channels.Mail.dll)	3.5	CE6R3+	.NET Framework 3.5/General Reference for the .NET Framework/Additional Managed Reference Topics/Microsoft.ServiceModel.Channels.Mail Namespace/MailTransportBindingElementBase Class/MailTransportBindingElementBase Properties /TimeToLive Property 
bb348973(v=vs.90)	Transport Property	Property	Microsoft.ServiceModel.Channels.Mail	Microsoft.ServiceModel.Channels.Mail (in Microsoft.ServiceModel.Channels.Mail.dll)	3.5	CE6R3+	.NET Framework 3.5/General Reference for the .NET Framework/Additional Managed Reference Topics/Microsoft.ServiceModel.Channels.Mail Namespace/MailBindingBase Class/MailBindingBase Properties /Transport Property 
bb460132(v=vs.90)	Transport Property	Property	Microsoft.ServiceModel.Channels.Mail	Microsoft.ServiceModel.Channels.Mail (in Microsoft.ServiceModel.Channels.Mail.dll)	3.5	CE6R3+	.NET Framework 3.5/General Reference for the .NET Framework/Additional Managed Reference Topics/Microsoft.ServiceModel.Channels.Mail Namespace/MailTransportBindingElementBase Class/MailTransportBindingElementBase Properties /Transport Property 
bb359516(v=vs.90)	Clone Method	Method	Microsoft.ServiceModel.Channels.Mail.ExchangeWebService	Microsoft.ServiceModel.Channels.Mail.ExchangeWebService (in Microsoft.ServiceModel.Channels.Mail.ExchangeWebService.dll)	3.5	CE6R3+	.NET Framework 3.5/General Reference for the .NET Framework/Additional Managed Reference Topics/Microsoft.ServiceModel.Channels.Mail.ExchangeWebService Namespace/ExchangeWebServiceMailTransportBindingElement Class/ExchangeWebServiceMailTransportBindingElement Methods /Clone Method 
bb344146(v=vs.90)	ExchangeServerClient Property	Property	Microsoft.ServiceModel.Channels.Mail.ExchangeWebService	Microsoft.ServiceModel.Channels.Mail.ExchangeWebService (in Microsoft.ServiceModel.Channels.Mail.ExchangeWebService.dll)	3.5	CE6R3+	.NET Framework 3.5/General Reference for the .NET Framework/Additional Managed Reference Topics/Microsoft.ServiceModel.Channels.Mail.ExchangeWebService Namespace/ExchangeWebServiceMailTransport Class/ExchangeWebServiceMailTransport Properties /ExchangeServerClient Property 
bb298560(v=vs.90)	ExchangeWebServiceMailBinding Class	Class	Microsoft.ServiceModel.Channels.Mail.ExchangeWebService	Microsoft.ServiceModel.Channels.Mail.ExchangeWebService (in Microsoft.ServiceModel.Channels.Mail.ExchangeWebService.dll)	3.5	CE6R3+	.NET Framework 3.5/General Reference for the .NET Framework/Additional Managed Reference Topics/Microsoft.ServiceModel.Channels.Mail.ExchangeWebService Namespace/ExchangeWebServiceMailBinding Class
bb298731(v=vs.90)	ExchangeWebServiceMailBinding Constructor (Uri, ICredentials)		Microsoft.ServiceModel.Channels.Mail.ExchangeWebService	Microsoft.ServiceModel.Channels.Mail.ExchangeWebService (in Microsoft.ServiceModel.Channels.Mail.ExchangeWebService.dll)	3.5	CE6R3+	.NET Framework 3.5/General Reference for the .NET Framework/Additional Managed Reference Topics/Microsoft.ServiceModel.Channels.Mail.ExchangeWebService Namespace/ExchangeWebServiceMailBinding Class/ExchangeWebServiceMailBinding Constructor /ExchangeWebServiceMailBinding Constructor (Uri, ICredentials)
bb341536(v=vs.90)	ExchangeWebServiceMailBinding Constructor (Uri, ICredentials, MailSecurityMode)		Microsoft.ServiceModel.Channels.Mail.ExchangeWebService	Microsoft.ServiceModel.Channels.Mail.ExchangeWebService (in Microsoft.ServiceModel.Channels.Mail.ExchangeWebService.dll)	3.5	CE6R3+	.NET Framework 3.5/General Reference for the .NET Framework/Additional Managed Reference Topics/Microsoft.ServiceModel.Channels.Mail.ExchangeWebService Namespace/ExchangeWebServiceMailBinding Class/ExchangeWebServiceMailBinding Constructor /ExchangeWebServiceMailBinding Constructor (Uri, ICredentials, MailSecurityMode)
bb299492(v=vs.90)	ExchangeWebServiceMailTransport Class	Class	Microsoft.ServiceModel.Channels.Mail.ExchangeWebService	Microsoft.ServiceModel.Channels.Mail.ExchangeWebService (in Microsoft.ServiceModel.Channels.Mail.ExchangeWebService.dll)	3.5	CE6R3+	.NET Framework 3.5/General Reference for the .NET Framework/Additional Managed Reference Topics/Microsoft.ServiceModel.Channels.Mail.ExchangeWebService Namespace/ExchangeWebServiceMailTransport Class
bb347131(v=vs.90)	ExchangeWebServiceMailTransport Constructor	Constructor	Microsoft.ServiceModel.Channels.Mail.ExchangeWebService	Microsoft.ServiceModel.Channels.Mail.ExchangeWebService (in Microsoft.ServiceModel.Channels.Mail.ExchangeWebService.dll)	3.5	CE6R3+	.NET Framework 3.5/General Reference for the .NET Framework/Additional Managed Reference Topics/Microsoft.ServiceModel.Channels.Mail.ExchangeWebService Namespace/ExchangeWebServiceMailTransport Class/ExchangeWebServiceMailTransport Constructor 
bb356094(v=vs.90)	ExchangeWebServiceMailTransportBindingElement Class	Class	Microsoft.ServiceModel.Channels.Mail.ExchangeWebService	Microsoft.ServiceModel.Channels.Mail.ExchangeWebService (in Microsoft.ServiceModel.Channels.Mail.ExchangeWebService.dll)	3.5	CE6R3+	.NET Framework 3.5/General Reference for the .NET Framework/Additional Managed Reference Topics/Microsoft.ServiceModel.Channels.Mail.ExchangeWebService Namespace/ExchangeWebServiceMailTransportBindingElement Class
bb299420(v=vs.90)	ExchangeWebServiceMailTransportBindingElement Constructor	Constructor	Microsoft.ServiceModel.Channels.Mail.ExchangeWebService	Microsoft.ServiceModel.Channels.Mail.ExchangeWebService (in Microsoft.ServiceModel.Channels.Mail.ExchangeWebService.dll)	3.5	CE6R3+	.NET Framework 3.5/General Reference for the .NET Framework/Additional Managed Reference Topics/Microsoft.ServiceModel.Channels.Mail.ExchangeWebService Namespace/ExchangeWebServiceMailTransportBindingElement Class/ExchangeWebServiceMailTransportBindingElement Constructor 
bb357879(v=vs.90)	IsQueued Property	Property	Microsoft.ServiceModel.Channels.Mail.ExchangeWebService	Microsoft.ServiceModel.Channels.Mail.ExchangeWebService (in Microsoft.ServiceModel.Channels.Mail.ExchangeWebService.dll)	3.5	CE6R3+	.NET Framework 3.5/General Reference for the .NET Framework/Additional Managed Reference Topics/Microsoft.ServiceModel.Channels.Mail.ExchangeWebService Namespace/ExchangeWebServiceMailTransport Class/ExchangeWebServiceMailTransport Properties /IsQueued Property 
bb347579(v=vs.90)	ServerQueryInterval Property	Property	Microsoft.ServiceModel.Channels.Mail.ExchangeWebService	Microsoft.ServiceModel.Channels.Mail.ExchangeWebService (in Microsoft.ServiceModel.Channels.Mail.ExchangeWebService.dll)	3.5	CE6R3+	.NET Framework 3.5/General Reference for the .NET Framework/Additional Managed Reference Topics/Microsoft.ServiceModel.Channels.Mail.ExchangeWebService Namespace/ExchangeWebServiceMailTransport Class/ExchangeWebServiceMailTransport Properties /ServerQueryInterval Property 
bb351946(v=vs.90)	AbsoluteDenominator Property	Property	Microsoft.ServiceModel.Channels.Mail.ExchangeWebService.Exchange2007	Microsoft.ServiceModel.Channels.Mail.ExchangeWebService (in Microsoft.ServiceModel.Channels.Mail.ExchangeWebService.dll)	3.5	CE6R3+	.NET Framework 3.5/General Reference for the .NET Framework/Additional Managed Reference Topics/Microsoft.ServiceModel.Channels.Mail.ExchangeWebService.Exchange2007 Namespace/FindItemParentType Class/FindItemParentType Properties /AbsoluteDenominator Property 
bb352920(v=vs.90)	AbsoluteDenominator Property	Property	Microsoft.ServiceModel.Channels.Mail.ExchangeWebService.Exchange2007	Microsoft.ServiceModel.Channels.Mail.ExchangeWebService (in Microsoft.ServiceModel.Channels.Mail.ExchangeWebService.dll)	3.5	CE6R3+	.NET Framework 3.5/General Reference for the .NET Framework/Additional Managed Reference Topics/Microsoft.ServiceModel.Channels.Mail.ExchangeWebService.Exchange2007 Namespace/FindFolderParentType Class/FindFolderParentType Properties /AbsoluteDenominator Property 
bb156326(v=vs.90)	AbsoluteDenominatorSpecified Property	Property	Microsoft.ServiceModel.Channels.Mail.ExchangeWebService.Exchange2007	Microsoft.ServiceModel.Channels.Mail.ExchangeWebService (in Microsoft.ServiceModel.Channels.Mail.ExchangeWebService.dll)	3.5	CE6R3+	.NET Framework 3.5/General Reference for the .NET Framework/Additional Managed Reference Topics/Microsoft.ServiceModel.Channels.Mail.ExchangeWebService.Exchange2007 Namespace/FindItemParentType Class/FindItemParentType Properties /AbsoluteDenominatorSpecified Property 
bb396876(v=vs.90)	AbsoluteDenominatorSpecified Property	Property	Microsoft.ServiceModel.Channels.Mail.ExchangeWebService.Exchange2007	Microsoft.ServiceModel.Channels.Mail.ExchangeWebService (in Microsoft.ServiceModel.Channels.Mail.ExchangeWebService.dll)	3.5	CE6R3+	.NET Framework 3.5/General Reference for the .NET Framework/Additional Managed Reference Topics/Microsoft.ServiceModel.Channels.Mail.ExchangeWebService.Exchange2007 Namespace/FindFolderParentType Class/FindFolderParentType Properties /AbsoluteDenominatorSpecified Property 
bb341489(v=vs.90)	AdditionalProperties Property	Property	Microsoft.ServiceModel.Channels.Mail.ExchangeWebService.Exchange2007	Microsoft.ServiceModel.Channels.Mail.ExchangeWebService (in Microsoft.ServiceModel.Channels.Mail.ExchangeWebService.dll)	3.5	CE6R3+	.NET Framework 3.5/General Reference for the .NET Framework/Additional Managed Reference Topics/Microsoft.ServiceModel.Channels.Mail.ExchangeWebService.Exchange2007 Namespace/AttachmentResponseShapeType Class/AttachmentResponseShapeType Properties /AdditionalProperties Property 
bb347827(v=vs.90)	AdditionalProperties Property	Property	Microsoft.ServiceModel.Channels.Mail.ExchangeWebService.Exchange2007	Microsoft.ServiceModel.Channels.Mail.ExchangeWebService (in Microsoft.ServiceModel.Channels.Mail.ExchangeWebService.dll)	3.5	CE6R3+	.NET Framework 3.5/General Reference for the .NET Framework/Additional Managed Reference Topics/Microsoft.ServiceModel.Channels.Mail.ExchangeWebService.Exchange2007 Namespace/ItemResponseShapeType Class/ItemResponseShapeType Properties /AdditionalProperties Property 
bb356491(v=vs.90)	AdditionalProperties Property	Property	Microsoft.ServiceModel.Channels.Mail.ExchangeWebService.Exchange2007	Microsoft.ServiceModel.Channels.Mail.ExchangeWebService (in Microsoft.ServiceModel.Channels.Mail.ExchangeWebService.dll)	3.5	CE6R3+	.NET Framework 3.5/General Reference for the .NET Framework/Additional Managed Reference Topics/Microsoft.ServiceModel.Channels.Mail.ExchangeWebService.Exchange2007 Namespace/FolderResponseShapeType Class/FolderResponseShapeType Properties /AdditionalProperties Property 
bb339487(v=vs.90)	AffectedTaskOccurrencesSpecified Property	Property	Microsoft.ServiceModel.Channels.Mail.ExchangeWebService.Exchange2007	Microsoft.ServiceModel.Channels.Mail.ExchangeWebService (in Microsoft.ServiceModel.Channels.Mail.ExchangeWebService.dll)	3.5	CE6R3+	.NET Framework 3.5/General Reference for the .NET Framework/Additional Managed Reference Topics/Microsoft.ServiceModel.Channels.Mail.ExchangeWebService.Exchange2007 Namespace/DeleteItemType Class/DeleteItemType Properties /AffectedTaskOccurrencesSpecified Property 
bb347851(v=vs.90)	AndType Class	Class	Microsoft.ServiceModel.Channels.Mail.ExchangeWebService.Exchange2007	Microsoft.ServiceModel.Channels.Mail.ExchangeWebService (in Microsoft.ServiceModel.Channels.Mail.ExchangeWebService.dll)	3.5	CE6R3+	.NET Framework 3.5/General Reference for the .NET Framework/Additional Managed Reference Topics/Microsoft.ServiceModel.Channels.Mail.ExchangeWebService.Exchange2007 Namespace/AndType Class
bb353022(v=vs.90)	AndType Constructor	Constructor	Microsoft.ServiceModel.Channels.Mail.ExchangeWebService.Exchange2007	Microsoft.ServiceModel.Channels.Mail.ExchangeWebService (in Microsoft.ServiceModel.Channels.Mail.ExchangeWebService.dll)	3.5	CE6R3+	.NET Framework 3.5/General Reference for the .NET Framework/Additional Managed Reference Topics/Microsoft.ServiceModel.Channels.Mail.ExchangeWebService.Exchange2007 Namespace/AndType Class/AndType Constructor 
bb352916(v=vs.90)	Any Property	Property	Microsoft.ServiceModel.Channels.Mail.ExchangeWebService.Exchange2007	Microsoft.ServiceModel.Channels.Mail.ExchangeWebService (in Microsoft.ServiceModel.Channels.Mail.ExchangeWebService.dll)	3.5	CE6R3+	.NET Framework 3.5/General Reference for the .NET Framework/Additional Managed Reference Topics/Microsoft.ServiceModel.Channels.Mail.ExchangeWebService.Exchange2007 Namespace/ResponseMessageTypeMessageXml Class/ResponseMessageTypeMessageXml Properties /Any Property 
bb357299(v=vs.90)	ArrayOfGroupedItemsType Class	Class	Microsoft.ServiceModel.Channels.Mail.ExchangeWebService.Exchange2007	Microsoft.ServiceModel.Channels.Mail.ExchangeWebService (in Microsoft.ServiceModel.Channels.Mail.ExchangeWebService.dll)	3.5	CE6R3+	.NET Framework 3.5/General Reference for the .NET Framework/Additional Managed Reference Topics/Microsoft.ServiceModel.Channels.Mail.ExchangeWebService.Exchange2007 Namespace/ArrayOfGroupedItemsType Class
bb336109(v=vs.90)	ArrayOfGroupedItemsType Constructor	Constructor	Microsoft.ServiceModel.Channels.Mail.ExchangeWebService.Exchange2007	Microsoft.ServiceModel.Channels.Mail.ExchangeWebService (in Microsoft.ServiceModel.Channels.Mail.ExchangeWebService.dll)	3.5	CE6R3+	.NET Framework 3.5/General Reference for the .NET Framework/Additional Managed Reference Topics/Microsoft.ServiceModel.Channels.Mail.ExchangeWebService.Exchange2007 Namespace/ArrayOfGroupedItemsType Class/ArrayOfGroupedItemsType Constructor 
bb345345(v=vs.90)	ArrayOfRealItemsType Class	Class	Microsoft.ServiceModel.Channels.Mail.ExchangeWebService.Exchange2007	Microsoft.ServiceModel.Channels.Mail.ExchangeWebService (in Microsoft.ServiceModel.Channels.Mail.ExchangeWebService.dll)	3.5	CE6R3+	.NET Framework 3.5/General Reference for the .NET Framework/Additional Managed Reference Topics/Microsoft.ServiceModel.Channels.Mail.ExchangeWebService.Exchange2007 Namespace/ArrayOfRealItemsType Class
bb351768(v=vs.90)	ArrayOfRealItemsType Constructor	Constructor	Microsoft.ServiceModel.Channels.Mail.ExchangeWebService.Exchange2007	Microsoft.ServiceModel.Channels.Mail.ExchangeWebService (in Microsoft.ServiceModel.Channels.Mail.ExchangeWebService.dll)	3.5	CE6R3+	.NET Framework 3.5/General Reference for the .NET Framework/Additional Managed Reference Topics/Microsoft.ServiceModel.Channels.Mail.ExchangeWebService.Exchange2007 Namespace/ArrayOfRealItemsType Class/ArrayOfRealItemsType Constructor 
bb344598(v=vs.90)	ArrayOfResponseMessagesType Class	Class	Microsoft.ServiceModel.Channels.Mail.ExchangeWebService.Exchange2007	Microsoft.ServiceModel.Channels.Mail.ExchangeWebService (in Microsoft.ServiceModel.Channels.Mail.ExchangeWebService.dll)	3.5	CE6R3+	.NET Framework 3.5/General Reference for the .NET Framework/Additional Managed Reference Topics/Microsoft.ServiceModel.Channels.Mail.ExchangeWebService.Exchange2007 Namespace/ArrayOfResponseMessagesType Class
bb302268(v=vs.90)	ArrayOfResponseMessagesType Constructor	Constructor	Microsoft.ServiceModel.Channels.Mail.ExchangeWebService.Exchange2007	Microsoft.ServiceModel.Channels.Mail.ExchangeWebService (in Microsoft.ServiceModel.Channels.Mail.ExchangeWebService.dll)	3.5	CE6R3+	.NET Framework 3.5/General Reference for the .NET Framework/Additional Managed Reference Topics/Microsoft.ServiceModel.Channels.Mail.ExchangeWebService.Exchange2007 Namespace/ArrayOfResponseMessagesType Class/ArrayOfResponseMessagesType Constructor 
bb346219(v=vs.90)	AttachmentId Property	Property	Microsoft.ServiceModel.Channels.Mail.ExchangeWebService.Exchange2007	Microsoft.ServiceModel.Channels.Mail.ExchangeWebService (in Microsoft.ServiceModel.Channels.Mail.ExchangeWebService.dll)	3.5	CE6R3+	.NET Framework 3.5/General Reference for the .NET Framework/Additional Managed Reference Topics/Microsoft.ServiceModel.Channels.Mail.ExchangeWebService.Exchange2007 Namespace/AttachmentType Class/AttachmentType Properties /AttachmentId Property 
bb340173(v=vs.90)	AttachmentIdType Class	Class	Microsoft.ServiceModel.Channels.Mail.ExchangeWebService.Exchange2007	Microsoft.ServiceModel.Channels.Mail.ExchangeWebService (in Microsoft.ServiceModel.Channels.Mail.ExchangeWebService.dll)	3.5	CE6R3+	.NET Framework 3.5/General Reference for the .NET Framework/Additional Managed Reference Topics/Microsoft.ServiceModel.Channels.Mail.ExchangeWebService.Exchange2007 Namespace/AttachmentIdType Class
bb293154(v=vs.90)	AttachmentIdType Constructor	Constructor	Microsoft.ServiceModel.Channels.Mail.ExchangeWebService.Exchange2007	Microsoft.ServiceModel.Channels.Mail.ExchangeWebService (in Microsoft.ServiceModel.Channels.Mail.ExchangeWebService.dll)	3.5	CE6R3+	.NET Framework 3.5/General Reference for the .NET Framework/Additional Managed Reference Topics/Microsoft.ServiceModel.Channels.Mail.ExchangeWebService.Exchange2007 Namespace/AttachmentIdType Class/AttachmentIdType Constructor 
bb348280(v=vs.90)	AttachmentIds Property	Property	Microsoft.ServiceModel.Channels.Mail.ExchangeWebService.Exchange2007	Microsoft.ServiceModel.Channels.Mail.ExchangeWebService (in Microsoft.ServiceModel.Channels.Mail.ExchangeWebService.dll)	3.5	CE6R3+	.NET Framework 3.5/General Reference for the .NET Framework/Additional Managed Reference Topics/Microsoft.ServiceModel.Channels.Mail.ExchangeWebService.Exchange2007 Namespace/GetAttachmentType Class/GetAttachmentType Properties /AttachmentIds Property 
bb336516(v=vs.90)	AttachmentInfoResponseMessageType Class	Class	Microsoft.ServiceModel.Channels.Mail.ExchangeWebService.Exchange2007	Microsoft.ServiceModel.Channels.Mail.ExchangeWebService (in Microsoft.ServiceModel.Channels.Mail.ExchangeWebService.dll)	3.5	CE6R3+	.NET Framework 3.5/General Reference for the .NET Framework/Additional Managed Reference Topics/Microsoft.ServiceModel.Channels.Mail.ExchangeWebService.Exchange2007 Namespace/AttachmentInfoResponseMessageType Class
bb352605(v=vs.90)	AttachmentInfoResponseMessageType Constructor	Constructor	Microsoft.ServiceModel.Channels.Mail.ExchangeWebService.Exchange2007	Microsoft.ServiceModel.Channels.Mail.ExchangeWebService (in Microsoft.ServiceModel.Channels.Mail.ExchangeWebService.dll)	3.5	CE6R3+	.NET Framework 3.5/General Reference for the .NET Framework/Additional Managed Reference Topics/Microsoft.ServiceModel.Channels.Mail.ExchangeWebService.Exchange2007 Namespace/AttachmentInfoResponseMessageType Class/AttachmentInfoResponseMessageType Constructor 
bb351089(v=vs.90)	AttachmentResponseShapeType Class	Class	Microsoft.ServiceModel.Channels.Mail.ExchangeWebService.Exchange2007	Microsoft.ServiceModel.Channels.Mail.ExchangeWebService (in Microsoft.ServiceModel.Channels.Mail.ExchangeWebService.dll)	3.5	CE6R3+	.NET Framework 3.5/General Reference for the .NET Framework/Additional Managed Reference Topics/Microsoft.ServiceModel.Channels.Mail.ExchangeWebService.Exchange2007 Namespace/AttachmentResponseShapeType Class
bb301575(v=vs.90)	AttachmentResponseShapeType Constructor	Constructor	Microsoft.ServiceModel.Channels.Mail.ExchangeWebService.Exchange2007	Microsoft.ServiceModel.Channels.Mail.ExchangeWebService (in Microsoft.ServiceModel.Channels.Mail.ExchangeWebService.dll)	3.5	CE6R3+	.NET Framework 3.5/General Reference for the .NET Framework/Additional Managed Reference Topics/Microsoft.ServiceModel.Channels.Mail.ExchangeWebService.Exchange2007 Namespace/AttachmentResponseShapeType Class/AttachmentResponseShapeType Constructor 
bb342919(v=vs.90)	AttachmentShape Property	Property	Microsoft.ServiceModel.Channels.Mail.ExchangeWebService.Exchange2007	Microsoft.ServiceModel.Channels.Mail.ExchangeWebService (in Microsoft.ServiceModel.Channels.Mail.ExchangeWebService.dll)	3.5	CE6R3+	.NET Framework 3.5/General Reference for the .NET Framework/Additional Managed Reference Topics/Microsoft.ServiceModel.Channels.Mail.ExchangeWebService.Exchange2007 Namespace/GetAttachmentType Class/GetAttachmentType Properties /AttachmentShape Property 
bb494673(v=vs.90)	AttachmentType Class	Class	Microsoft.ServiceModel.Channels.Mail.ExchangeWebService.Exchange2007	Microsoft.ServiceModel.Channels.Mail.ExchangeWebService (in Microsoft.ServiceModel.Channels.Mail.ExchangeWebService.dll)	3.5	CE6R3+	.NET Framework 3.5/General Reference for the .NET Framework/Additional Managed Reference Topics/Microsoft.ServiceModel.Channels.Mail.ExchangeWebService.Exchange2007 Namespace/AttachmentType Class
bb348431(v=vs.90)	AttachmentType Constructor	Constructor	Microsoft.ServiceModel.Channels.Mail.ExchangeWebService.Exchange2007	Microsoft.ServiceModel.Channels.Mail.ExchangeWebService (in Microsoft.ServiceModel.Channels.Mail.ExchangeWebService.dll)	3.5	CE6R3+	.NET Framework 3.5/General Reference for the .NET Framework/Additional Managed Reference Topics/Microsoft.ServiceModel.Channels.Mail.ExchangeWebService.Exchange2007 Namespace/AttachmentType Class/AttachmentType Constructor 
bb335416(v=vs.90)	Attachments Property	Property	Microsoft.ServiceModel.Channels.Mail.ExchangeWebService.Exchange2007	Microsoft.ServiceModel.Channels.Mail.ExchangeWebService (in Microsoft.ServiceModel.Channels.Mail.ExchangeWebService.dll)	3.5	CE6R3+	.NET Framework 3.5/General Reference for the .NET Framework/Additional Managed Reference Topics/Microsoft.ServiceModel.Channels.Mail.ExchangeWebService.Exchange2007 Namespace/CreateAttachmentType Class/CreateAttachmentType Properties /Attachments Property 
bb336680(v=vs.90)	Attachments Property	Property	Microsoft.ServiceModel.Channels.Mail.ExchangeWebService.Exchange2007	Microsoft.ServiceModel.Channels.Mail.ExchangeWebService (in Microsoft.ServiceModel.Channels.Mail.ExchangeWebService.dll)	3.5	CE6R3+	.NET Framework 3.5/General Reference for the .NET Framework/Additional Managed Reference Topics/Microsoft.ServiceModel.Channels.Mail.ExchangeWebService.Exchange2007 Namespace/ItemType Class/ItemType Properties /Attachments Property 
bb340589(v=vs.90)	Attachments Property	Property	Microsoft.ServiceModel.Channels.Mail.ExchangeWebService.Exchange2007	Microsoft.ServiceModel.Channels.Mail.ExchangeWebService (in Microsoft.ServiceModel.Channels.Mail.ExchangeWebService.dll)	3.5	CE6R3+	.NET Framework 3.5/General Reference for the .NET Framework/Additional Managed Reference Topics/Microsoft.ServiceModel.Channels.Mail.ExchangeWebService.Exchange2007 Namespace/AttachmentInfoResponseMessageType Class/AttachmentInfoResponseMessageType Properties /Attachments Property 
bb344968(v=vs.90)	Attributes Property	Property	Microsoft.ServiceModel.Channels.Mail.ExchangeWebService.Exchange2007	Microsoft.ServiceModel.Channels.Mail.ExchangeWebService (in Microsoft.ServiceModel.Channels.Mail.ExchangeWebService.dll)	3.5	CE6R3+	.NET Framework 3.5/General Reference for the .NET Framework/Additional Managed Reference Topics/Microsoft.ServiceModel.Channels.Mail.ExchangeWebService.Exchange2007 Namespace/SidAndAttributesType Class/SidAndAttributesType Properties /Attributes Property 
bb155174(v=vs.90)	AvailabilityProxyRequestType Class	Class	Microsoft.ServiceModel.Channels.Mail.ExchangeWebService.Exchange2007	Microsoft.ServiceModel.Channels.Mail.ExchangeWebService (in Microsoft.ServiceModel.Channels.Mail.ExchangeWebService.dll)	3.5	CE6R3+	.NET Framework 3.5/General Reference for the .NET Framework/Additional Managed Reference Topics/Microsoft.ServiceModel.Channels.Mail.ExchangeWebService.Exchange2007 Namespace/AvailabilityProxyRequestType Class
bb338924(v=vs.90)	AvailabilityProxyRequestType Constructor	Constructor	Microsoft.ServiceModel.Channels.Mail.ExchangeWebService.Exchange2007	Microsoft.ServiceModel.Channels.Mail.ExchangeWebService (in Microsoft.ServiceModel.Channels.Mail.ExchangeWebService.dll)	3.5	CE6R3+	.NET Framework 3.5/General Reference for the .NET Framework/Additional Managed Reference Topics/Microsoft.ServiceModel.Channels.Mail.ExchangeWebService.Exchange2007 Namespace/AvailabilityProxyRequestType Class/AvailabilityProxyRequestType Constructor 
bb355386(v=vs.90)	BaseEmailAddressType Class	Class	Microsoft.ServiceModel.Channels.Mail.ExchangeWebService.Exchange2007	Microsoft.ServiceModel.Channels.Mail.ExchangeWebService (in Microsoft.ServiceModel.Channels.Mail.ExchangeWebService.dll)	3.5	CE6R3+	.NET Framework 3.5/General Reference for the .NET Framework/Additional Managed Reference Topics/Microsoft.ServiceModel.Channels.Mail.ExchangeWebService.Exchange2007 Namespace/BaseEmailAddressType Class
bb336554(v=vs.90)	BaseEmailAddressType Constructor	Constructor	Microsoft.ServiceModel.Channels.Mail.ExchangeWebService.Exchange2007	Microsoft.ServiceModel.Channels.Mail.ExchangeWebService (in Microsoft.ServiceModel.Channels.Mail.ExchangeWebService.dll)	3.5	CE6R3+	.NET Framework 3.5/General Reference for the .NET Framework/Additional Managed Reference Topics/Microsoft.ServiceModel.Channels.Mail.ExchangeWebService.Exchange2007 Namespace/BaseEmailAddressType Class/BaseEmailAddressType Constructor 
bb348892(v=vs.90)	BaseFolderIdType Class	Class	Microsoft.ServiceModel.Channels.Mail.ExchangeWebService.Exchange2007	Microsoft.ServiceModel.Channels.Mail.ExchangeWebService (in Microsoft.ServiceModel.Channels.Mail.ExchangeWebService.dll)	3.5	CE6R3+	.NET Framework 3.5/General Reference for the .NET Framework/Additional Managed Reference Topics/Microsoft.ServiceModel.Channels.Mail.ExchangeWebService.Exchange2007 Namespace/BaseFolderIdType Class
bb302718(v=vs.90)	BaseFolderIdType Constructor	Constructor	Microsoft.ServiceModel.Channels.Mail.ExchangeWebService.Exchange2007	Microsoft.ServiceModel.Channels.Mail.ExchangeWebService (in Microsoft.ServiceModel.Channels.Mail.ExchangeWebService.dll)	3.5	CE6R3+	.NET Framework 3.5/General Reference for the .NET Framework/Additional Managed Reference Topics/Microsoft.ServiceModel.Channels.Mail.ExchangeWebService.Exchange2007 Namespace/BaseFolderIdType Class/BaseFolderIdType Constructor 
bb337899(v=vs.90)	BaseFolderIds Property	Property	Microsoft.ServiceModel.Channels.Mail.ExchangeWebService.Exchange2007	Microsoft.ServiceModel.Channels.Mail.ExchangeWebService (in Microsoft.ServiceModel.Channels.Mail.ExchangeWebService.dll)	3.5	CE6R3+	.NET Framework 3.5/General Reference for the .NET Framework/Additional Managed Reference Topics/Microsoft.ServiceModel.Channels.Mail.ExchangeWebService.Exchange2007 Namespace/SearchParametersType Class/SearchParametersType Properties /BaseFolderIds Property 
bb344625(v=vs.90)	BaseFolderType Class	Class	Microsoft.ServiceModel.Channels.Mail.ExchangeWebService.Exchange2007	Microsoft.ServiceModel.Channels.Mail.ExchangeWebService (in Microsoft.ServiceModel.Channels.Mail.ExchangeWebService.dll)	3.5	CE6R3+	.NET Framework 3.5/General Reference for the .NET Framework/Additional Managed Reference Topics/Microsoft.ServiceModel.Channels.Mail.ExchangeWebService.Exchange2007 Namespace/BaseFolderType Class
bb494364(v=vs.90)	BaseFolderType Constructor	Constructor	Microsoft.ServiceModel.Channels.Mail.ExchangeWebService.Exchange2007	Microsoft.ServiceModel.Channels.Mail.ExchangeWebService (in Microsoft.ServiceModel.Channels.Mail.ExchangeWebService.dll)	3.5	CE6R3+	.NET Framework 3.5/General Reference for the .NET Framework/Additional Managed Reference Topics/Microsoft.ServiceModel.Channels.Mail.ExchangeWebService.Exchange2007 Namespace/BaseFolderType Class/BaseFolderType Constructor 
bb357781(v=vs.90)	BaseItemIdType Class	Class	Microsoft.ServiceModel.Channels.Mail.ExchangeWebService.Exchange2007	Microsoft.ServiceModel.Channels.Mail.ExchangeWebService (in Microsoft.ServiceModel.Channels.Mail.ExchangeWebService.dll)	3.5	CE6R3+	.NET Framework 3.5/General Reference for the .NET Framework/Additional Managed Reference Topics/Microsoft.ServiceModel.Channels.Mail.ExchangeWebService.Exchange2007 Namespace/BaseItemIdType Class
bb348571(v=vs.90)	BaseItemIdType Constructor	Constructor	Microsoft.ServiceModel.Channels.Mail.ExchangeWebService.Exchange2007	Microsoft.ServiceModel.Channels.Mail.ExchangeWebService (in Microsoft.ServiceModel.Channels.Mail.ExchangeWebService.dll)	3.5	CE6R3+	.NET Framework 3.5/General Reference for the .NET Framework/Additional Managed Reference Topics/Microsoft.ServiceModel.Channels.Mail.ExchangeWebService.Exchange2007 Namespace/BaseItemIdType Class/BaseItemIdType Constructor 
bb348548(v=vs.90)	BaseNotificationEventType Class	Class	Microsoft.ServiceModel.Channels.Mail.ExchangeWebService.Exchange2007	Microsoft.ServiceModel.Channels.Mail.ExchangeWebService (in Microsoft.ServiceModel.Channels.Mail.ExchangeWebService.dll)	3.5	CE6R3+	.NET Framework 3.5/General Reference for the .NET Framework/Additional Managed Reference Topics/Microsoft.ServiceModel.Channels.Mail.ExchangeWebService.Exchange2007 Namespace/BaseNotificationEventType Class
bb503202(v=vs.90)	BaseNotificationEventType Constructor	Constructor	Microsoft.ServiceModel.Channels.Mail.ExchangeWebService.Exchange2007	Microsoft.ServiceModel.Channels.Mail.ExchangeWebService (in Microsoft.ServiceModel.Channels.Mail.ExchangeWebService.dll)	3.5	CE6R3+	.NET Framework 3.5/General Reference for the .NET Framework/Additional Managed Reference Topics/Microsoft.ServiceModel.Channels.Mail.ExchangeWebService.Exchange2007 Namespace/BaseNotificationEventType Class/BaseNotificationEventType Constructor 
bb341013(v=vs.90)	BaseObjectChangedEventType Class	Class	Microsoft.ServiceModel.Channels.Mail.ExchangeWebService.Exchange2007	Microsoft.ServiceModel.Channels.Mail.ExchangeWebService (in Microsoft.ServiceModel.Channels.Mail.ExchangeWebService.dll)	3.5	CE6R3+	.NET Framework 3.5/General Reference for the .NET Framework/Additional Managed Reference Topics/Microsoft.ServiceModel.Channels.Mail.ExchangeWebService.Exchange2007 Namespace/BaseObjectChangedEventType Class
bb357440(v=vs.90)	BaseObjectChangedEventType Constructor	Constructor	Microsoft.ServiceModel.Channels.Mail.ExchangeWebService.Exchange2007	Microsoft.ServiceModel.Channels.Mail.ExchangeWebService (in Microsoft.ServiceModel.Channels.Mail.ExchangeWebService.dll)	3.5	CE6R3+	.NET Framework 3.5/General Reference for the .NET Framework/Additional Managed Reference Topics/Microsoft.ServiceModel.Channels.Mail.ExchangeWebService.Exchange2007 Namespace/BaseObjectChangedEventType Class/BaseObjectChangedEventType Constructor 
bb292818(v=vs.90)	BasePagingType Class	Class	Microsoft.ServiceModel.Channels.Mail.ExchangeWebService.Exchange2007	Microsoft.ServiceModel.Channels.Mail.ExchangeWebService (in Microsoft.ServiceModel.Channels.Mail.ExchangeWebService.dll)	3.5	CE6R3+	.NET Framework 3.5/General Reference for the .NET Framework/Additional Managed Reference Topics/Microsoft.ServiceModel.Channels.Mail.ExchangeWebService.Exchange2007 Namespace/BasePagingType Class
bb357880(v=vs.90)	BasePagingType Constructor	Constructor	Microsoft.ServiceModel.Channels.Mail.ExchangeWebService.Exchange2007	Microsoft.ServiceModel.Channels.Mail.ExchangeWebService (in Microsoft.ServiceModel.Channels.Mail.ExchangeWebService.dll)	3.5	CE6R3+	.NET Framework 3.5/General Reference for the .NET Framework/Additional Managed Reference Topics/Microsoft.ServiceModel.Channels.Mail.ExchangeWebService.Exchange2007 Namespace/BasePagingType Class/BasePagingType Constructor 
bb353067(v=vs.90)	BasePathToElementType Class	Class	Microsoft.ServiceModel.Channels.Mail.ExchangeWebService.Exchange2007	Microsoft.ServiceModel.Channels.Mail.ExchangeWebService (in Microsoft.ServiceModel.Channels.Mail.ExchangeWebService.dll)	3.5	CE6R3+	.NET Framework 3.5/General Reference for the .NET Framework/Additional Managed Reference Topics/Microsoft.ServiceModel.Channels.Mail.ExchangeWebService.Exchange2007 Namespace/BasePathToElementType Class
bb383088(v=vs.90)	BasePathToElementType Constructor	Constructor	Microsoft.ServiceModel.Channels.Mail.ExchangeWebService.Exchange2007	Microsoft.ServiceModel.Channels.Mail.ExchangeWebService (in Microsoft.ServiceModel.Channels.Mail.ExchangeWebService.dll)	3.5	CE6R3+	.NET Framework 3.5/General Reference for the .NET Framework/Additional Managed Reference Topics/Microsoft.ServiceModel.Channels.Mail.ExchangeWebService.Exchange2007 Namespace/BasePathToElementType Class/BasePathToElementType Constructor 
bb338793(v=vs.90)	BasePoint Property	Property	Microsoft.ServiceModel.Channels.Mail.ExchangeWebService.Exchange2007	Microsoft.ServiceModel.Channels.Mail.ExchangeWebService (in Microsoft.ServiceModel.Channels.Mail.ExchangeWebService.dll)	3.5	CE6R3+	.NET Framework 3.5/General Reference for the .NET Framework/Additional Managed Reference Topics/Microsoft.ServiceModel.Channels.Mail.ExchangeWebService.Exchange2007 Namespace/IndexedPageViewType Class/IndexedPageViewType Properties /BasePoint Property 
bb348136(v=vs.90)	BaseRequestType Class	Class	Microsoft.ServiceModel.Channels.Mail.ExchangeWebService.Exchange2007	Microsoft.ServiceModel.Channels.Mail.ExchangeWebService (in Microsoft.ServiceModel.Channels.Mail.ExchangeWebService.dll)	3.5	CE6R3+	.NET Framework 3.5/General Reference for the .NET Framework/Additional Managed Reference Topics/Microsoft.ServiceModel.Channels.Mail.ExchangeWebService.Exchange2007 Namespace/BaseRequestType Class
bb300948(v=vs.90)	BaseRequestType Constructor	Constructor	Microsoft.ServiceModel.Channels.Mail.ExchangeWebService.Exchange2007	Microsoft.ServiceModel.Channels.Mail.ExchangeWebService (in Microsoft.ServiceModel.Channels.Mail.ExchangeWebService.dll)	3.5	CE6R3+	.NET Framework 3.5/General Reference for the .NET Framework/Additional Managed Reference Topics/Microsoft.ServiceModel.Channels.Mail.ExchangeWebService.Exchange2007 Namespace/BaseRequestType Class/BaseRequestType Constructor 
bb347726(v=vs.90)	BaseResponseMessageType Class	Class	Microsoft.ServiceModel.Channels.Mail.ExchangeWebService.Exchange2007	Microsoft.ServiceModel.Channels.Mail.ExchangeWebService (in Microsoft.ServiceModel.Channels.Mail.ExchangeWebService.dll)	3.5	CE6R3+	.NET Framework 3.5/General Reference for the .NET Framework/Additional Managed Reference Topics/Microsoft.ServiceModel.Channels.Mail.ExchangeWebService.Exchange2007 Namespace/BaseResponseMessageType Class
bb353547(v=vs.90)	BaseResponseMessageType Constructor	Constructor	Microsoft.ServiceModel.Channels.Mail.ExchangeWebService.Exchange2007	Microsoft.ServiceModel.Channels.Mail.ExchangeWebService (in Microsoft.ServiceModel.Channels.Mail.ExchangeWebService.dll)	3.5	CE6R3+	.NET Framework 3.5/General Reference for the .NET Framework/Additional Managed Reference Topics/Microsoft.ServiceModel.Channels.Mail.ExchangeWebService.Exchange2007 Namespace/BaseResponseMessageType Class/BaseResponseMessageType Constructor 
bb336900(v=vs.90)	BaseShape Property	Property	Microsoft.ServiceModel.Channels.Mail.ExchangeWebService.Exchange2007	Microsoft.ServiceModel.Channels.Mail.ExchangeWebService (in Microsoft.ServiceModel.Channels.Mail.ExchangeWebService.dll)	3.5	CE6R3+	.NET Framework 3.5/General Reference for the .NET Framework/Additional Managed Reference Topics/Microsoft.ServiceModel.Channels.Mail.ExchangeWebService.Exchange2007 Namespace/FolderResponseShapeType Class/FolderResponseShapeType Properties /BaseShape Property 
bb360607(v=vs.90)	BaseShape Property	Property	Microsoft.ServiceModel.Channels.Mail.ExchangeWebService.Exchange2007	Microsoft.ServiceModel.Channels.Mail.ExchangeWebService (in Microsoft.ServiceModel.Channels.Mail.ExchangeWebService.dll)	3.5	CE6R3+	.NET Framework 3.5/General Reference for the .NET Framework/Additional Managed Reference Topics/Microsoft.ServiceModel.Channels.Mail.ExchangeWebService.Exchange2007 Namespace/ItemResponseShapeType Class/ItemResponseShapeType Properties /BaseShape Property 
bb342617(v=vs.90)	BaseSubscriptionRequestType Class	Class	Microsoft.ServiceModel.Channels.Mail.ExchangeWebService.Exchange2007	Microsoft.ServiceModel.Channels.Mail.ExchangeWebService (in Microsoft.ServiceModel.Channels.Mail.ExchangeWebService.dll)	3.5	CE6R3+	.NET Framework 3.5/General Reference for the .NET Framework/Additional Managed Reference Topics/Microsoft.ServiceModel.Channels.Mail.ExchangeWebService.Exchange2007 Namespace/BaseSubscriptionRequestType Class
bb356139(v=vs.90)	BaseSubscriptionRequestType Constructor	Constructor	Microsoft.ServiceModel.Channels.Mail.ExchangeWebService.Exchange2007	Microsoft.ServiceModel.Channels.Mail.ExchangeWebService (in Microsoft.ServiceModel.Channels.Mail.ExchangeWebService.dll)	3.5	CE6R3+	.NET Framework 3.5/General Reference for the .NET Framework/Additional Managed Reference Topics/Microsoft.ServiceModel.Channels.Mail.ExchangeWebService.Exchange2007 Namespace/BaseSubscriptionRequestType Class/BaseSubscriptionRequestType Constructor 
bb340279(v=vs.90)	BccRecipients Property	Property	Microsoft.ServiceModel.Channels.Mail.ExchangeWebService.Exchange2007	Microsoft.ServiceModel.Channels.Mail.ExchangeWebService (in Microsoft.ServiceModel.Channels.Mail.ExchangeWebService.dll)	3.5	CE6R3+	.NET Framework 3.5/General Reference for the .NET Framework/Additional Managed Reference Topics/Microsoft.ServiceModel.Channels.Mail.ExchangeWebService.Exchange2007 Namespace/MessageType Class/MessageType Properties /BccRecipients Property 
bb357791(v=vs.90)	BeginSubscribe Method	Method	Microsoft.ServiceModel.Channels.Mail.ExchangeWebService.Exchange2007	Microsoft.ServiceModel.Channels.Mail.ExchangeWebService (in Microsoft.ServiceModel.Channels.Mail.ExchangeWebService.dll)	3.5	CE6R3+	.NET Framework 3.5/General Reference for the .NET Framework/Additional Managed Reference Topics/Microsoft.ServiceModel.Channels.Mail.ExchangeWebService.Exchange2007 Namespace/ExchangeServiceBinding Class/ExchangeServiceBinding Methods /BeginSubscribe Method 
bb357160(v=vs.90)	Bitmask Property	Property	Microsoft.ServiceModel.Channels.Mail.ExchangeWebService.Exchange2007	Microsoft.ServiceModel.Channels.Mail.ExchangeWebService (in Microsoft.ServiceModel.Channels.Mail.ExchangeWebService.dll)	3.5	CE6R3+	.NET Framework 3.5/General Reference for the .NET Framework/Additional Managed Reference Topics/Microsoft.ServiceModel.Channels.Mail.ExchangeWebService.Exchange2007 Namespace/ExcludesType Class/ExcludesType Properties /Bitmask Property 
bb336155(v=vs.90)	Body Property	Property	Microsoft.ServiceModel.Channels.Mail.ExchangeWebService.Exchange2007	Microsoft.ServiceModel.Channels.Mail.ExchangeWebService (in Microsoft.ServiceModel.Channels.Mail.ExchangeWebService.dll)	3.5	CE6R3+	.NET Framework 3.5/General Reference for the .NET Framework/Additional Managed Reference Topics/Microsoft.ServiceModel.Channels.Mail.ExchangeWebService.Exchange2007 Namespace/ItemType Class/ItemType Properties /Body Property 
bb301645(v=vs.90)	BodyType Class	Class	Microsoft.ServiceModel.Channels.Mail.ExchangeWebService.Exchange2007	Microsoft.ServiceModel.Channels.Mail.ExchangeWebService (in Microsoft.ServiceModel.Channels.Mail.ExchangeWebService.dll)	3.5	CE6R3+	.NET Framework 3.5/General Reference for the .NET Framework/Additional Managed Reference Topics/Microsoft.ServiceModel.Channels.Mail.ExchangeWebService.Exchange2007 Namespace/BodyType Class
bb298163(v=vs.90)	BodyType Constructor	Constructor	Microsoft.ServiceModel.Channels.Mail.ExchangeWebService.Exchange2007	Microsoft.ServiceModel.Channels.Mail.ExchangeWebService (in Microsoft.ServiceModel.Channels.Mail.ExchangeWebService.dll)	3.5	CE6R3+	.NET Framework 3.5/General Reference for the .NET Framework/Additional Managed Reference Topics/Microsoft.ServiceModel.Channels.Mail.ExchangeWebService.Exchange2007 Namespace/BodyType Class/BodyType Constructor 
bb355346(v=vs.90)	BodyType Property	Property	Microsoft.ServiceModel.Channels.Mail.ExchangeWebService.Exchange2007	Microsoft.ServiceModel.Channels.Mail.ExchangeWebService (in Microsoft.ServiceModel.Channels.Mail.ExchangeWebService.dll)	3.5	CE6R3+	.NET Framework 3.5/General Reference for the .NET Framework/Additional Managed Reference Topics/Microsoft.ServiceModel.Channels.Mail.ExchangeWebService.Exchange2007 Namespace/ItemResponseShapeType Class/ItemResponseShapeType Properties /BodyType Property 
bb356267(v=vs.90)	BodyType Property	Property	Microsoft.ServiceModel.Channels.Mail.ExchangeWebService.Exchange2007	Microsoft.ServiceModel.Channels.Mail.ExchangeWebService (in Microsoft.ServiceModel.Channels.Mail.ExchangeWebService.dll)	3.5	CE6R3+	.NET Framework 3.5/General Reference for the .NET Framework/Additional Managed Reference Topics/Microsoft.ServiceModel.Channels.Mail.ExchangeWebService.Exchange2007 Namespace/AttachmentResponseShapeType Class/AttachmentResponseShapeType Properties /BodyType Property 
bb347753(v=vs.90)	BodyType1 Property	Property	Microsoft.ServiceModel.Channels.Mail.ExchangeWebService.Exchange2007	Microsoft.ServiceModel.Channels.Mail.ExchangeWebService (in Microsoft.ServiceModel.Channels.Mail.ExchangeWebService.dll)	3.5	CE6R3+	.NET Framework 3.5/General Reference for the .NET Framework/Additional Managed Reference Topics/Microsoft.ServiceModel.Channels.Mail.ExchangeWebService.Exchange2007 Namespace/BodyType Class/BodyType Properties /BodyType1 Property 
bb301183(v=vs.90)	BodyTypeResponseType Enumeration	Enumeration	Microsoft.ServiceModel.Channels.Mail.ExchangeWebService.Exchange2007	Microsoft.ServiceModel.Channels.Mail.ExchangeWebService (in Microsoft.ServiceModel.Channels.Mail.ExchangeWebService.dll)	3.5	CE6R3+	.NET Framework 3.5/General Reference for the .NET Framework/Additional Managed Reference Topics/Microsoft.ServiceModel.Channels.Mail.ExchangeWebService.Exchange2007 Namespace/BodyTypeResponseType Enumeration
bb340274(v=vs.90)	BodyTypeSpecified Property	Property	Microsoft.ServiceModel.Channels.Mail.ExchangeWebService.Exchange2007	Microsoft.ServiceModel.Channels.Mail.ExchangeWebService (in Microsoft.ServiceModel.Channels.Mail.ExchangeWebService.dll)	3.5	CE6R3+	.NET Framework 3.5/General Reference for the .NET Framework/Additional Managed Reference Topics/Microsoft.ServiceModel.Channels.Mail.ExchangeWebService.Exchange2007 Namespace/ItemResponseShapeType Class/ItemResponseShapeType Properties /BodyTypeSpecified Property 
bb344639(v=vs.90)	BodyTypeSpecified Property	Property	Microsoft.ServiceModel.Channels.Mail.ExchangeWebService.Exchange2007	Microsoft.ServiceModel.Channels.Mail.ExchangeWebService (in Microsoft.ServiceModel.Channels.Mail.ExchangeWebService.dll)	3.5	CE6R3+	.NET Framework 3.5/General Reference for the .NET Framework/Additional Managed Reference Topics/Microsoft.ServiceModel.Channels.Mail.ExchangeWebService.Exchange2007 Namespace/AttachmentResponseShapeType Class/AttachmentResponseShapeType Properties /BodyTypeSpecified Property 
bb339837(v=vs.90)	BodyTypeType Enumeration	Enumeration	Microsoft.ServiceModel.Channels.Mail.ExchangeWebService.Exchange2007	Microsoft.ServiceModel.Channels.Mail.ExchangeWebService (in Microsoft.ServiceModel.Channels.Mail.ExchangeWebService.dll)	3.5	CE6R3+	.NET Framework 3.5/General Reference for the .NET Framework/Additional Managed Reference Topics/Microsoft.ServiceModel.Channels.Mail.ExchangeWebService.Exchange2007 Namespace/BodyTypeType Enumeration
bb356823(v=vs.90)	Categories Property	Property	Microsoft.ServiceModel.Channels.Mail.ExchangeWebService.Exchange2007	Microsoft.ServiceModel.Channels.Mail.ExchangeWebService (in Microsoft.ServiceModel.Channels.Mail.ExchangeWebService.dll)	3.5	CE6R3+	.NET Framework 3.5/General Reference for the .NET Framework/Additional Managed Reference Topics/Microsoft.ServiceModel.Channels.Mail.ExchangeWebService.Exchange2007 Namespace/ItemType Class/ItemType Properties /Categories Property 
bb156516(v=vs.90)	CcRecipients Property	Property	Microsoft.ServiceModel.Channels.Mail.ExchangeWebService.Exchange2007	Microsoft.ServiceModel.Channels.Mail.ExchangeWebService (in Microsoft.ServiceModel.Channels.Mail.ExchangeWebService.dll)	3.5	CE6R3+	.NET Framework 3.5/General Reference for the .NET Framework/Additional Managed Reference Topics/Microsoft.ServiceModel.Channels.Mail.ExchangeWebService.Exchange2007 Namespace/MessageType Class/MessageType Properties /CcRecipients Property 
bb347528(v=vs.90)	ChangeKey Property	Property	Microsoft.ServiceModel.Channels.Mail.ExchangeWebService.Exchange2007	Microsoft.ServiceModel.Channels.Mail.ExchangeWebService (in Microsoft.ServiceModel.Channels.Mail.ExchangeWebService.dll)	3.5	CE6R3+	.NET Framework 3.5/General Reference for the .NET Framework/Additional Managed Reference Topics/Microsoft.ServiceModel.Channels.Mail.ExchangeWebService.Exchange2007 Namespace/DistinguishedFolderIdType Class/DistinguishedFolderIdType Properties /ChangeKey Property 
bb349057(v=vs.90)	ChangeKey Property	Property	Microsoft.ServiceModel.Channels.Mail.ExchangeWebService.Exchange2007	Microsoft.ServiceModel.Channels.Mail.ExchangeWebService (in Microsoft.ServiceModel.Channels.Mail.ExchangeWebService.dll)	3.5	CE6R3+	.NET Framework 3.5/General Reference for the .NET Framework/Additional Managed Reference Topics/Microsoft.ServiceModel.Channels.Mail.ExchangeWebService.Exchange2007 Namespace/ItemIdType Class/ItemIdType Properties /ChangeKey Property 
bb505907(v=vs.90)	ChangeKey Property	Property	Microsoft.ServiceModel.Channels.Mail.ExchangeWebService.Exchange2007	Microsoft.ServiceModel.Channels.Mail.ExchangeWebService (in Microsoft.ServiceModel.Channels.Mail.ExchangeWebService.dll)	3.5	CE6R3+	.NET Framework 3.5/General Reference for the .NET Framework/Additional Managed Reference Topics/Microsoft.ServiceModel.Channels.Mail.ExchangeWebService.Exchange2007 Namespace/FolderIdType Class/FolderIdType Properties /ChangeKey Property 
bb460652(v=vs.90)	CharacterSet Property	Property	Microsoft.ServiceModel.Channels.Mail.ExchangeWebService.Exchange2007	Microsoft.ServiceModel.Channels.Mail.ExchangeWebService (in Microsoft.ServiceModel.Channels.Mail.ExchangeWebService.dll)	3.5	CE6R3+	.NET Framework 3.5/General Reference for the .NET Framework/Additional Managed Reference Topics/Microsoft.ServiceModel.Channels.Mail.ExchangeWebService.Exchange2007 Namespace/MimeContentType Class/MimeContentType Properties /CharacterSet Property 
bb300895(v=vs.90)	ChildFolderCount Property	Property	Microsoft.ServiceModel.Channels.Mail.ExchangeWebService.Exchange2007	Microsoft.ServiceModel.Channels.Mail.ExchangeWebService (in Microsoft.ServiceModel.Channels.Mail.ExchangeWebService.dll)	3.5	CE6R3+	.NET Framework 3.5/General Reference for the .NET Framework/Additional Managed Reference Topics/Microsoft.ServiceModel.Channels.Mail.ExchangeWebService.Exchange2007 Namespace/BaseFolderType Class/BaseFolderType Properties /ChildFolderCount Property 
bb346595(v=vs.90)	ChildFolderCountSpecified Property	Property	Microsoft.ServiceModel.Channels.Mail.ExchangeWebService.Exchange2007	Microsoft.ServiceModel.Channels.Mail.ExchangeWebService (in Microsoft.ServiceModel.Channels.Mail.ExchangeWebService.dll)	3.5	CE6R3+	.NET Framework 3.5/General Reference for the .NET Framework/Additional Managed Reference Topics/Microsoft.ServiceModel.Channels.Mail.ExchangeWebService.Exchange2007 Namespace/BaseFolderType Class/BaseFolderType Properties /ChildFolderCountSpecified Property 
bb336469(v=vs.90)	ConnectingSID Property	Property	Microsoft.ServiceModel.Channels.Mail.ExchangeWebService.Exchange2007	Microsoft.ServiceModel.Channels.Mail.ExchangeWebService (in Microsoft.ServiceModel.Channels.Mail.ExchangeWebService.dll)	3.5	CE6R3+	.NET Framework 3.5/General Reference for the .NET Framework/Additional Managed Reference Topics/Microsoft.ServiceModel.Channels.Mail.ExchangeWebService.Exchange2007 Namespace/ExchangeImpersonationType Class/ExchangeImpersonationType Properties /ConnectingSID Property 
bb347499(v=vs.90)	ConnectingSIDType Class	Class	Microsoft.ServiceModel.Channels.Mail.ExchangeWebService.Exchange2007	Microsoft.ServiceModel.Channels.Mail.ExchangeWebService (in Microsoft.ServiceModel.Channels.Mail.ExchangeWebService.dll)	3.5	CE6R3+	.NET Framework 3.5/General Reference for the .NET Framework/Additional Managed Reference Topics/Microsoft.ServiceModel.Channels.Mail.ExchangeWebService.Exchange2007 Namespace/ConnectingSIDType Class
bb359524(v=vs.90)	ConnectingSIDType Constructor	Constructor	Microsoft.ServiceModel.Channels.Mail.ExchangeWebService.Exchange2007	Microsoft.ServiceModel.Channels.Mail.ExchangeWebService (in Microsoft.ServiceModel.Channels.Mail.ExchangeWebService.dll)	3.5	CE6R3+	.NET Framework 3.5/General Reference for the .NET Framework/Additional Managed Reference Topics/Microsoft.ServiceModel.Channels.Mail.ExchangeWebService.Exchange2007 Namespace/ConnectingSIDType Class/ConnectingSIDType Constructor 
bb353566(v=vs.90)	Constant Property	Property	Microsoft.ServiceModel.Channels.Mail.ExchangeWebService.Exchange2007	Microsoft.ServiceModel.Channels.Mail.ExchangeWebService (in Microsoft.ServiceModel.Channels.Mail.ExchangeWebService.dll)	3.5	CE6R3+	.NET Framework 3.5/General Reference for the .NET Framework/Additional Managed Reference Topics/Microsoft.ServiceModel.Channels.Mail.ExchangeWebService.Exchange2007 Namespace/ContainsExpressionType Class/ContainsExpressionType Properties /Constant Property 
bb350839(v=vs.90)	ConstantValueType Class	Class	Microsoft.ServiceModel.Channels.Mail.ExchangeWebService.Exchange2007	Microsoft.ServiceModel.Channels.Mail.ExchangeWebService (in Microsoft.ServiceModel.Channels.Mail.ExchangeWebService.dll)	3.5	CE6R3+	.NET Framework 3.5/General Reference for the .NET Framework/Additional Managed Reference Topics/Microsoft.ServiceModel.Channels.Mail.ExchangeWebService.Exchange2007 Namespace/ConstantValueType Class
bb310238(v=vs.90)	ConstantValueType Constructor	Constructor	Microsoft.ServiceModel.Channels.Mail.ExchangeWebService.Exchange2007	Microsoft.ServiceModel.Channels.Mail.ExchangeWebService (in Microsoft.ServiceModel.Channels.Mail.ExchangeWebService.dll)	3.5	CE6R3+	.NET Framework 3.5/General Reference for the .NET Framework/Additional Managed Reference Topics/Microsoft.ServiceModel.Channels.Mail.ExchangeWebService.Exchange2007 Namespace/ConstantValueType Class/ConstantValueType Constructor 
bb351936(v=vs.90)	ContainmentComparison Property	Property	Microsoft.ServiceModel.Channels.Mail.ExchangeWebService.Exchange2007	Microsoft.ServiceModel.Channels.Mail.ExchangeWebService (in Microsoft.ServiceModel.Channels.Mail.ExchangeWebService.dll)	3.5	CE6R3+	.NET Framework 3.5/General Reference for the .NET Framework/Additional Managed Reference Topics/Microsoft.ServiceModel.Channels.Mail.ExchangeWebService.Exchange2007 Namespace/ContainsExpressionType Class/ContainsExpressionType Properties /ContainmentComparison Property 
bb348679(v=vs.90)	ContainmentComparisonSpecified Property	Property	Microsoft.ServiceModel.Channels.Mail.ExchangeWebService.Exchange2007	Microsoft.ServiceModel.Channels.Mail.ExchangeWebService (in Microsoft.ServiceModel.Channels.Mail.ExchangeWebService.dll)	3.5	CE6R3+	.NET Framework 3.5/General Reference for the .NET Framework/Additional Managed Reference Topics/Microsoft.ServiceModel.Channels.Mail.ExchangeWebService.Exchange2007 Namespace/ContainsExpressionType Class/ContainsExpressionType Properties /ContainmentComparisonSpecified Property 
bb359089(v=vs.90)	ContainmentComparisonType Enumeration	Enumeration	Microsoft.ServiceModel.Channels.Mail.ExchangeWebService.Exchange2007	Microsoft.ServiceModel.Channels.Mail.ExchangeWebService (in Microsoft.ServiceModel.Channels.Mail.ExchangeWebService.dll)	3.5	CE6R3+	.NET Framework 3.5/General Reference for the .NET Framework/Additional Managed Reference Topics/Microsoft.ServiceModel.Channels.Mail.ExchangeWebService.Exchange2007 Namespace/ContainmentComparisonType Enumeration
bb459783(v=vs.90)	ContainmentMode Property	Property	Microsoft.ServiceModel.Channels.Mail.ExchangeWebService.Exchange2007	Microsoft.ServiceModel.Channels.Mail.ExchangeWebService (in Microsoft.ServiceModel.Channels.Mail.ExchangeWebService.dll)	3.5	CE6R3+	.NET Framework 3.5/General Reference for the .NET Framework/Additional Managed Reference Topics/Microsoft.ServiceModel.Channels.Mail.ExchangeWebService.Exchange2007 Namespace/ContainsExpressionType Class/ContainsExpressionType Properties /ContainmentMode Property 
bb360843(v=vs.90)	ContainmentModeSpecified Property	Property	Microsoft.ServiceModel.Channels.Mail.ExchangeWebService.Exchange2007	Microsoft.ServiceModel.Channels.Mail.ExchangeWebService (in Microsoft.ServiceModel.Channels.Mail.ExchangeWebService.dll)	3.5	CE6R3+	.NET Framework 3.5/General Reference for the .NET Framework/Additional Managed Reference Topics/Microsoft.ServiceModel.Channels.Mail.ExchangeWebService.Exchange2007 Namespace/ContainsExpressionType Class/ContainsExpressionType Properties /ContainmentModeSpecified Property 
bb155005(v=vs.90)	ContainmentModeType Enumeration	Enumeration	Microsoft.ServiceModel.Channels.Mail.ExchangeWebService.Exchange2007	Microsoft.ServiceModel.Channels.Mail.ExchangeWebService (in Microsoft.ServiceModel.Channels.Mail.ExchangeWebService.dll)	3.5	CE6R3+	.NET Framework 3.5/General Reference for the .NET Framework/Additional Managed Reference Topics/Microsoft.ServiceModel.Channels.Mail.ExchangeWebService.Exchange2007 Namespace/ContainmentModeType Enumeration
bb292331(v=vs.90)	ContainsExpressionType Class	Class	Microsoft.ServiceModel.Channels.Mail.ExchangeWebService.Exchange2007	Microsoft.ServiceModel.Channels.Mail.ExchangeWebService (in Microsoft.ServiceModel.Channels.Mail.ExchangeWebService.dll)	3.5	CE6R3+	.NET Framework 3.5/General Reference for the .NET Framework/Additional Managed Reference Topics/Microsoft.ServiceModel.Channels.Mail.ExchangeWebService.Exchange2007 Namespace/ContainsExpressionType Class
bb352670(v=vs.90)	ContainsExpressionType Constructor	Constructor	Microsoft.ServiceModel.Channels.Mail.ExchangeWebService.Exchange2007	Microsoft.ServiceModel.Channels.Mail.ExchangeWebService (in Microsoft.ServiceModel.Channels.Mail.ExchangeWebService.dll)	3.5	CE6R3+	.NET Framework 3.5/General Reference for the .NET Framework/Additional Managed Reference Topics/Microsoft.ServiceModel.Channels.Mail.ExchangeWebService.Exchange2007 Namespace/ContainsExpressionType Class/ContainsExpressionType Constructor 
bb339673(v=vs.90)	Content Property	Property	Microsoft.ServiceModel.Channels.Mail.ExchangeWebService.Exchange2007	Microsoft.ServiceModel.Channels.Mail.ExchangeWebService (in Microsoft.ServiceModel.Channels.Mail.ExchangeWebService.dll)	3.5	CE6R3+	.NET Framework 3.5/General Reference for the .NET Framework/Additional Managed Reference Topics/Microsoft.ServiceModel.Channels.Mail.ExchangeWebService.Exchange2007 Namespace/FileAttachmentType Class/FileAttachmentType Properties /Content Property 
bb358623(v=vs.90)	ContentId Property	Property	Microsoft.ServiceModel.Channels.Mail.ExchangeWebService.Exchange2007	Microsoft.ServiceModel.Channels.Mail.ExchangeWebService (in Microsoft.ServiceModel.Channels.Mail.ExchangeWebService.dll)	3.5	CE6R3+	.NET Framework 3.5/General Reference for the .NET Framework/Additional Managed Reference Topics/Microsoft.ServiceModel.Channels.Mail.ExchangeWebService.Exchange2007 Namespace/AttachmentType Class/AttachmentType Properties /ContentId Property 
bb353374(v=vs.90)	ContentLocation Property	Property	Microsoft.ServiceModel.Channels.Mail.ExchangeWebService.Exchange2007	Microsoft.ServiceModel.Channels.Mail.ExchangeWebService (in Microsoft.ServiceModel.Channels.Mail.ExchangeWebService.dll)	3.5	CE6R3+	.NET Framework 3.5/General Reference for the .NET Framework/Additional Managed Reference Topics/Microsoft.ServiceModel.Channels.Mail.ExchangeWebService.Exchange2007 Namespace/AttachmentType Class/AttachmentType Properties /ContentLocation Property 
bb335615(v=vs.90)	ContentType Property	Property	Microsoft.ServiceModel.Channels.Mail.ExchangeWebService.Exchange2007	Microsoft.ServiceModel.Channels.Mail.ExchangeWebService (in Microsoft.ServiceModel.Channels.Mail.ExchangeWebService.dll)	3.5	CE6R3+	.NET Framework 3.5/General Reference for the .NET Framework/Additional Managed Reference Topics/Microsoft.ServiceModel.Channels.Mail.ExchangeWebService.Exchange2007 Namespace/AttachmentType Class/AttachmentType Properties /ContentType Property 
bb301857(v=vs.90)	ConversationIndex Property	Property	Microsoft.ServiceModel.Channels.Mail.ExchangeWebService.Exchange2007	Microsoft.ServiceModel.Channels.Mail.ExchangeWebService (in Microsoft.ServiceModel.Channels.Mail.ExchangeWebService.dll)	3.5	CE6R3+	.NET Framework 3.5/General Reference for the .NET Framework/Additional Managed Reference Topics/Microsoft.ServiceModel.Channels.Mail.ExchangeWebService.Exchange2007 Namespace/MessageType Class/MessageType Properties /ConversationIndex Property 
bb351400(v=vs.90)	ConversationTopic Property	Property	Microsoft.ServiceModel.Channels.Mail.ExchangeWebService.Exchange2007	Microsoft.ServiceModel.Channels.Mail.ExchangeWebService (in Microsoft.ServiceModel.Channels.Mail.ExchangeWebService.dll)	3.5	CE6R3+	.NET Framework 3.5/General Reference for the .NET Framework/Additional Managed Reference Topics/Microsoft.ServiceModel.Channels.Mail.ExchangeWebService.Exchange2007 Namespace/MessageType Class/MessageType Properties /ConversationTopic Property 
bb361011(v=vs.90)	CreateAttachment Method	Method	Microsoft.ServiceModel.Channels.Mail.ExchangeWebService.Exchange2007	Microsoft.ServiceModel.Channels.Mail.ExchangeWebService (in Microsoft.ServiceModel.Channels.Mail.ExchangeWebService.dll)	3.5	CE6R3+	.NET Framework 3.5/General Reference for the .NET Framework/Additional Managed Reference Topics/Microsoft.ServiceModel.Channels.Mail.ExchangeWebService.Exchange2007 Namespace/ExchangeServiceBinding Class/ExchangeServiceBinding Methods /CreateAttachment Method 
bb298265(v=vs.90)	CreateAttachmentResponseType Class	Class	Microsoft.ServiceModel.Channels.Mail.ExchangeWebService.Exchange2007	Microsoft.ServiceModel.Channels.Mail.ExchangeWebService (in Microsoft.ServiceModel.Channels.Mail.ExchangeWebService.dll)	3.5	CE6R3+	.NET Framework 3.5/General Reference for the .NET Framework/Additional Managed Reference Topics/Microsoft.ServiceModel.Channels.Mail.ExchangeWebService.Exchange2007 Namespace/CreateAttachmentResponseType Class
bb338033(v=vs.90)	CreateAttachmentResponseType Constructor	Constructor	Microsoft.ServiceModel.Channels.Mail.ExchangeWebService.Exchange2007	Microsoft.ServiceModel.Channels.Mail.ExchangeWebService (in Microsoft.ServiceModel.Channels.Mail.ExchangeWebService.dll)	3.5	CE6R3+	.NET Framework 3.5/General Reference for the .NET Framework/Additional Managed Reference Topics/Microsoft.ServiceModel.Channels.Mail.ExchangeWebService.Exchange2007 Namespace/CreateAttachmentResponseType Class/CreateAttachmentResponseType Constructor 
bb352546(v=vs.90)	CreateAttachmentType Class	Class	Microsoft.ServiceModel.Channels.Mail.ExchangeWebService.Exchange2007	Microsoft.ServiceModel.Channels.Mail.ExchangeWebService (in Microsoft.ServiceModel.Channels.Mail.ExchangeWebService.dll)	3.5	CE6R3+	.NET Framework 3.5/General Reference for the .NET Framework/Additional Managed Reference Topics/Microsoft.ServiceModel.Channels.Mail.ExchangeWebService.Exchange2007 Namespace/CreateAttachmentType Class
bb335972(v=vs.90)	CreateAttachmentType Constructor	Constructor	Microsoft.ServiceModel.Channels.Mail.ExchangeWebService.Exchange2007	Microsoft.ServiceModel.Channels.Mail.ExchangeWebService (in Microsoft.ServiceModel.Channels.Mail.ExchangeWebService.dll)	3.5	CE6R3+	.NET Framework 3.5/General Reference for the .NET Framework/Additional Managed Reference Topics/Microsoft.ServiceModel.Channels.Mail.ExchangeWebService.Exchange2007 Namespace/CreateAttachmentType Class/CreateAttachmentType Constructor 
bb352931(v=vs.90)	CreateItem Method	Method	Microsoft.ServiceModel.Channels.Mail.ExchangeWebService.Exchange2007	Microsoft.ServiceModel.Channels.Mail.ExchangeWebService (in Microsoft.ServiceModel.Channels.Mail.ExchangeWebService.dll)	3.5	CE6R3+	.NET Framework 3.5/General Reference for the .NET Framework/Additional Managed Reference Topics/Microsoft.ServiceModel.Channels.Mail.ExchangeWebService.Exchange2007 Namespace/ExchangeServiceBinding Class/ExchangeServiceBinding Methods /CreateItem Method 
bb301767(v=vs.90)	CreateItemResponseType Class	Class	Microsoft.ServiceModel.Channels.Mail.ExchangeWebService.Exchange2007	Microsoft.ServiceModel.Channels.Mail.ExchangeWebService (in Microsoft.ServiceModel.Channels.Mail.ExchangeWebService.dll)	3.5	CE6R3+	.NET Framework 3.5/General Reference for the .NET Framework/Additional Managed Reference Topics/Microsoft.ServiceModel.Channels.Mail.ExchangeWebService.Exchange2007 Namespace/CreateItemResponseType Class
bb397022(v=vs.90)	CreateItemResponseType Constructor	Constructor	Microsoft.ServiceModel.Channels.Mail.ExchangeWebService.Exchange2007	Microsoft.ServiceModel.Channels.Mail.ExchangeWebService (in Microsoft.ServiceModel.Channels.Mail.ExchangeWebService.dll)	3.5	CE6R3+	.NET Framework 3.5/General Reference for the .NET Framework/Additional Managed Reference Topics/Microsoft.ServiceModel.Channels.Mail.ExchangeWebService.Exchange2007 Namespace/CreateItemResponseType Class/CreateItemResponseType Constructor 
bb352358(v=vs.90)	CreateItemType Class	Class	Microsoft.ServiceModel.Channels.Mail.ExchangeWebService.Exchange2007	Microsoft.ServiceModel.Channels.Mail.ExchangeWebService (in Microsoft.ServiceModel.Channels.Mail.ExchangeWebService.dll)	3.5	CE6R3+	.NET Framework 3.5/General Reference for the .NET Framework/Additional Managed Reference Topics/Microsoft.ServiceModel.Channels.Mail.ExchangeWebService.Exchange2007 Namespace/CreateItemType Class
bb354018(v=vs.90)	CreateItemType Constructor	Constructor	Microsoft.ServiceModel.Channels.Mail.ExchangeWebService.Exchange2007	Microsoft.ServiceModel.Channels.Mail.ExchangeWebService (in Microsoft.ServiceModel.Channels.Mail.ExchangeWebService.dll)	3.5	CE6R3+	.NET Framework 3.5/General Reference for the .NET Framework/Additional Managed Reference Topics/Microsoft.ServiceModel.Channels.Mail.ExchangeWebService.Exchange2007 Namespace/CreateItemType Class/CreateItemType Constructor 
bb341663(v=vs.90)	Culture Property	Property	Microsoft.ServiceModel.Channels.Mail.ExchangeWebService.Exchange2007	Microsoft.ServiceModel.Channels.Mail.ExchangeWebService (in Microsoft.ServiceModel.Channels.Mail.ExchangeWebService.dll)	3.5	CE6R3+	.NET Framework 3.5/General Reference for the .NET Framework/Additional Managed Reference Topics/Microsoft.ServiceModel.Channels.Mail.ExchangeWebService.Exchange2007 Namespace/ItemType Class/ItemType Properties /Culture Property 
bb340875(v=vs.90)	DateTimeCreated Property	Property	Microsoft.ServiceModel.Channels.Mail.ExchangeWebService.Exchange2007	Microsoft.ServiceModel.Channels.Mail.ExchangeWebService (in Microsoft.ServiceModel.Channels.Mail.ExchangeWebService.dll)	3.5	CE6R3+	.NET Framework 3.5/General Reference for the .NET Framework/Additional Managed Reference Topics/Microsoft.ServiceModel.Channels.Mail.ExchangeWebService.Exchange2007 Namespace/ItemType Class/ItemType Properties /DateTimeCreated Property 
bb350919(v=vs.90)	DateTimeCreatedSpecified Property	Property	Microsoft.ServiceModel.Channels.Mail.ExchangeWebService.Exchange2007	Microsoft.ServiceModel.Channels.Mail.ExchangeWebService (in Microsoft.ServiceModel.Channels.Mail.ExchangeWebService.dll)	3.5	CE6R3+	.NET Framework 3.5/General Reference for the .NET Framework/Additional Managed Reference Topics/Microsoft.ServiceModel.Channels.Mail.ExchangeWebService.Exchange2007 Namespace/ItemType Class/ItemType Properties /DateTimeCreatedSpecified Property 
bb358219(v=vs.90)	DateTimeReceived Property	Property	Microsoft.ServiceModel.Channels.Mail.ExchangeWebService.Exchange2007	Microsoft.ServiceModel.Channels.Mail.ExchangeWebService (in Microsoft.ServiceModel.Channels.Mail.ExchangeWebService.dll)	3.5	CE6R3+	.NET Framework 3.5/General Reference for the .NET Framework/Additional Managed Reference Topics/Microsoft.ServiceModel.Channels.Mail.ExchangeWebService.Exchange2007 Namespace/ItemType Class/ItemType Properties /DateTimeReceived Property 
bb353643(v=vs.90)	DateTimeReceivedSpecified Property	Property	Microsoft.ServiceModel.Channels.Mail.ExchangeWebService.Exchange2007	Microsoft.ServiceModel.Channels.Mail.ExchangeWebService (in Microsoft.ServiceModel.Channels.Mail.ExchangeWebService.dll)	3.5	CE6R3+	.NET Framework 3.5/General Reference for the .NET Framework/Additional Managed Reference Topics/Microsoft.ServiceModel.Channels.Mail.ExchangeWebService.Exchange2007 Namespace/ItemType Class/ItemType Properties /DateTimeReceivedSpecified Property 
bb343849(v=vs.90)	DateTimeSent Property	Property	Microsoft.ServiceModel.Channels.Mail.ExchangeWebService.Exchange2007	Microsoft.ServiceModel.Channels.Mail.ExchangeWebService (in Microsoft.ServiceModel.Channels.Mail.ExchangeWebService.dll)	3.5	CE6R3+	.NET Framework 3.5/General Reference for the .NET Framework/Additional Managed Reference Topics/Microsoft.ServiceModel.Channels.Mail.ExchangeWebService.Exchange2007 Namespace/ItemType Class/ItemType Properties /DateTimeSent Property 
bb340268(v=vs.90)	DateTimeSentSpecified Property	Property	Microsoft.ServiceModel.Channels.Mail.ExchangeWebService.Exchange2007	Microsoft.ServiceModel.Channels.Mail.ExchangeWebService (in Microsoft.ServiceModel.Channels.Mail.ExchangeWebService.dll)	3.5	CE6R3+	.NET Framework 3.5/General Reference for the .NET Framework/Additional Managed Reference Topics/Microsoft.ServiceModel.Channels.Mail.ExchangeWebService.Exchange2007 Namespace/ItemType Class/ItemType Properties /DateTimeSentSpecified Property 
bb338965(v=vs.90)	DayOfWeekIndexType Enumeration	Enumeration	Microsoft.ServiceModel.Channels.Mail.ExchangeWebService.Exchange2007	Microsoft.ServiceModel.Channels.Mail.ExchangeWebService (in Microsoft.ServiceModel.Channels.Mail.ExchangeWebService.dll)	3.5	CE6R3+	.NET Framework 3.5/General Reference for the .NET Framework/Additional Managed Reference Topics/Microsoft.ServiceModel.Channels.Mail.ExchangeWebService.Exchange2007 Namespace/DayOfWeekIndexType Enumeration
bb337038(v=vs.90)	DayOfWeekType Enumeration	Enumeration	Microsoft.ServiceModel.Channels.Mail.ExchangeWebService.Exchange2007	Microsoft.ServiceModel.Channels.Mail.ExchangeWebService (in Microsoft.ServiceModel.Channels.Mail.ExchangeWebService.dll)	3.5	CE6R3+	.NET Framework 3.5/General Reference for the .NET Framework/Additional Managed Reference Topics/Microsoft.ServiceModel.Channels.Mail.ExchangeWebService.Exchange2007 Namespace/DayOfWeekType Enumeration
bb338871(v=vs.90)	DefaultShapeNamesType Enumeration	Enumeration	Microsoft.ServiceModel.Channels.Mail.ExchangeWebService.Exchange2007	Microsoft.ServiceModel.Channels.Mail.ExchangeWebService (in Microsoft.ServiceModel.Channels.Mail.ExchangeWebService.dll)	3.5	CE6R3+	.NET Framework 3.5/General Reference for the .NET Framework/Additional Managed Reference Topics/Microsoft.ServiceModel.Channels.Mail.ExchangeWebService.Exchange2007 Namespace/DefaultShapeNamesType Enumeration
bb339165(v=vs.90)	DeleteItem Method	Method	Microsoft.ServiceModel.Channels.Mail.ExchangeWebService.Exchange2007	Microsoft.ServiceModel.Channels.Mail.ExchangeWebService (in Microsoft.ServiceModel.Channels.Mail.ExchangeWebService.dll)	3.5	CE6R3+	.NET Framework 3.5/General Reference for the .NET Framework/Additional Managed Reference Topics/Microsoft.ServiceModel.Channels.Mail.ExchangeWebService.Exchange2007 Namespace/ExchangeServiceBinding Class/ExchangeServiceBinding Methods /DeleteItem Method 
bb292617(v=vs.90)	DeleteItemResponseType Class	Class	Microsoft.ServiceModel.Channels.Mail.ExchangeWebService.Exchange2007	Microsoft.ServiceModel.Channels.Mail.ExchangeWebService (in Microsoft.ServiceModel.Channels.Mail.ExchangeWebService.dll)	3.5	CE6R3+	.NET Framework 3.5/General Reference for the .NET Framework/Additional Managed Reference Topics/Microsoft.ServiceModel.Channels.Mail.ExchangeWebService.Exchange2007 Namespace/DeleteItemResponseType Class
bb155671(v=vs.90)	DeleteItemResponseType Constructor	Constructor	Microsoft.ServiceModel.Channels.Mail.ExchangeWebService.Exchange2007	Microsoft.ServiceModel.Channels.Mail.ExchangeWebService (in Microsoft.ServiceModel.Channels.Mail.ExchangeWebService.dll)	3.5	CE6R3+	.NET Framework 3.5/General Reference for the .NET Framework/Additional Managed Reference Topics/Microsoft.ServiceModel.Channels.Mail.ExchangeWebService.Exchange2007 Namespace/DeleteItemResponseType Class/DeleteItemResponseType Constructor 
bb343055(v=vs.90)	DeleteItemType Class	Class	Microsoft.ServiceModel.Channels.Mail.ExchangeWebService.Exchange2007	Microsoft.ServiceModel.Channels.Mail.ExchangeWebService (in Microsoft.ServiceModel.Channels.Mail.ExchangeWebService.dll)	3.5	CE6R3+	.NET Framework 3.5/General Reference for the .NET Framework/Additional Managed Reference Topics/Microsoft.ServiceModel.Channels.Mail.ExchangeWebService.Exchange2007 Namespace/DeleteItemType Class
bb361107(v=vs.90)	DeleteItemType Constructor	Constructor	Microsoft.ServiceModel.Channels.Mail.ExchangeWebService.Exchange2007	Microsoft.ServiceModel.Channels.Mail.ExchangeWebService (in Microsoft.ServiceModel.Channels.Mail.ExchangeWebService.dll)	3.5	CE6R3+	.NET Framework 3.5/General Reference for the .NET Framework/Additional Managed Reference Topics/Microsoft.ServiceModel.Channels.Mail.ExchangeWebService.Exchange2007 Namespace/DeleteItemType Class/DeleteItemType Constructor 
bb337845(v=vs.90)	DeleteType Property	Property	Microsoft.ServiceModel.Channels.Mail.ExchangeWebService.Exchange2007	Microsoft.ServiceModel.Channels.Mail.ExchangeWebService (in Microsoft.ServiceModel.Channels.Mail.ExchangeWebService.dll)	3.5	CE6R3+	.NET Framework 3.5/General Reference for the .NET Framework/Additional Managed Reference Topics/Microsoft.ServiceModel.Channels.Mail.ExchangeWebService.Exchange2007 Namespace/DeleteItemType Class/DeleteItemType Properties /DeleteType Property 
bb351137(v=vs.90)	Denominator Property	Property	Microsoft.ServiceModel.Channels.Mail.ExchangeWebService.Exchange2007	Microsoft.ServiceModel.Channels.Mail.ExchangeWebService (in Microsoft.ServiceModel.Channels.Mail.ExchangeWebService.dll)	3.5	CE6R3+	.NET Framework 3.5/General Reference for the .NET Framework/Additional Managed Reference Topics/Microsoft.ServiceModel.Channels.Mail.ExchangeWebService.Exchange2007 Namespace/FractionalPageViewType Class/FractionalPageViewType Properties /Denominator Property 
bb360164(v=vs.90)	DescriptiveLinkKey Property	Property	Microsoft.ServiceModel.Channels.Mail.ExchangeWebService.Exchange2007	Microsoft.ServiceModel.Channels.Mail.ExchangeWebService (in Microsoft.ServiceModel.Channels.Mail.ExchangeWebService.dll)	3.5	CE6R3+	.NET Framework 3.5/General Reference for the .NET Framework/Additional Managed Reference Topics/Microsoft.ServiceModel.Channels.Mail.ExchangeWebService.Exchange2007 Namespace/ResponseMessageType Class/ResponseMessageType Properties /DescriptiveLinkKey Property 
bb353195(v=vs.90)	DescriptiveLinkKeySpecified Property	Property	Microsoft.ServiceModel.Channels.Mail.ExchangeWebService.Exchange2007	Microsoft.ServiceModel.Channels.Mail.ExchangeWebService (in Microsoft.ServiceModel.Channels.Mail.ExchangeWebService.dll)	3.5	CE6R3+	.NET Framework 3.5/General Reference for the .NET Framework/Additional Managed Reference Topics/Microsoft.ServiceModel.Channels.Mail.ExchangeWebService.Exchange2007 Namespace/ResponseMessageType Class/ResponseMessageType Properties /DescriptiveLinkKeySpecified Property 
bb353383(v=vs.90)	DictionaryURIType Enumeration	Enumeration	Microsoft.ServiceModel.Channels.Mail.ExchangeWebService.Exchange2007	Microsoft.ServiceModel.Channels.Mail.ExchangeWebService (in Microsoft.ServiceModel.Channels.Mail.ExchangeWebService.dll)	3.5	CE6R3+	.NET Framework 3.5/General Reference for the .NET Framework/Additional Managed Reference Topics/Microsoft.ServiceModel.Channels.Mail.ExchangeWebService.Exchange2007 Namespace/DictionaryURIType Enumeration
bb351135(v=vs.90)	DisplayCc Property	Property	Microsoft.ServiceModel.Channels.Mail.ExchangeWebService.Exchange2007	Microsoft.ServiceModel.Channels.Mail.ExchangeWebService (in Microsoft.ServiceModel.Channels.Mail.ExchangeWebService.dll)	3.5	CE6R3+	.NET Framework 3.5/General Reference for the .NET Framework/Additional Managed Reference Topics/Microsoft.ServiceModel.Channels.Mail.ExchangeWebService.Exchange2007 Namespace/ItemType Class/ItemType Properties /DisplayCc Property 
bb301570(v=vs.90)	DisplayName Property	Property	Microsoft.ServiceModel.Channels.Mail.ExchangeWebService.Exchange2007	Microsoft.ServiceModel.Channels.Mail.ExchangeWebService (in Microsoft.ServiceModel.Channels.Mail.ExchangeWebService.dll)	3.5	CE6R3+	.NET Framework 3.5/General Reference for the .NET Framework/Additional Managed Reference Topics/Microsoft.ServiceModel.Channels.Mail.ExchangeWebService.Exchange2007 Namespace/BaseFolderType Class/BaseFolderType Properties /DisplayName Property 
bb344573(v=vs.90)	DisplayTo Property	Property	Microsoft.ServiceModel.Channels.Mail.ExchangeWebService.Exchange2007	Microsoft.ServiceModel.Channels.Mail.ExchangeWebService (in Microsoft.ServiceModel.Channels.Mail.ExchangeWebService.dll)	3.5	CE6R3+	.NET Framework 3.5/General Reference for the .NET Framework/Additional Managed Reference Topics/Microsoft.ServiceModel.Channels.Mail.ExchangeWebService.Exchange2007 Namespace/ItemType Class/ItemType Properties /DisplayTo Property 
bb338338(v=vs.90)	DisposalType Enumeration	Enumeration	Microsoft.ServiceModel.Channels.Mail.ExchangeWebService.Exchange2007	Microsoft.ServiceModel.Channels.Mail.ExchangeWebService (in Microsoft.ServiceModel.Channels.Mail.ExchangeWebService.dll)	3.5	CE6R3+	.NET Framework 3.5/General Reference for the .NET Framework/Additional Managed Reference Topics/Microsoft.ServiceModel.Channels.Mail.ExchangeWebService.Exchange2007 Namespace/DisposalType Enumeration
bb354728(v=vs.90)	DistinguishedFolderIdNameType Enumeration	Enumeration	Microsoft.ServiceModel.Channels.Mail.ExchangeWebService.Exchange2007	Microsoft.ServiceModel.Channels.Mail.ExchangeWebService (in Microsoft.ServiceModel.Channels.Mail.ExchangeWebService.dll)	3.5	CE6R3+	.NET Framework 3.5/General Reference for the .NET Framework/Additional Managed Reference Topics/Microsoft.ServiceModel.Channels.Mail.ExchangeWebService.Exchange2007 Namespace/DistinguishedFolderIdNameType Enumeration
bb155328(v=vs.90)	DistinguishedFolderIdType Class	Class	Microsoft.ServiceModel.Channels.Mail.ExchangeWebService.Exchange2007	Microsoft.ServiceModel.Channels.Mail.ExchangeWebService (in Microsoft.ServiceModel.Channels.Mail.ExchangeWebService.dll)	3.5	CE6R3+	.NET Framework 3.5/General Reference for the .NET Framework/Additional Managed Reference Topics/Microsoft.ServiceModel.Channels.Mail.ExchangeWebService.Exchange2007 Namespace/DistinguishedFolderIdType Class
bb492884(v=vs.90)	DistinguishedFolderIdType Constructor	Constructor	Microsoft.ServiceModel.Channels.Mail.ExchangeWebService.Exchange2007	Microsoft.ServiceModel.Channels.Mail.ExchangeWebService (in Microsoft.ServiceModel.Channels.Mail.ExchangeWebService.dll)	3.5	CE6R3+	.NET Framework 3.5/General Reference for the .NET Framework/Additional Managed Reference Topics/Microsoft.ServiceModel.Channels.Mail.ExchangeWebService.Exchange2007 Namespace/DistinguishedFolderIdType Class/DistinguishedFolderIdType Constructor 
bb301260(v=vs.90)	DistinguishedPropertySetId Property	Property	Microsoft.ServiceModel.Channels.Mail.ExchangeWebService.Exchange2007	Microsoft.ServiceModel.Channels.Mail.ExchangeWebService (in Microsoft.ServiceModel.Channels.Mail.ExchangeWebService.dll)	3.5	CE6R3+	.NET Framework 3.5/General Reference for the .NET Framework/Additional Managed Reference Topics/Microsoft.ServiceModel.Channels.Mail.ExchangeWebService.Exchange2007 Namespace/PathToExtendedFieldType Class/PathToExtendedFieldType Properties /DistinguishedPropertySetId Property 
bb356850(v=vs.90)	DistinguishedPropertySetIdSpecified Property	Property	Microsoft.ServiceModel.Channels.Mail.ExchangeWebService.Exchange2007	Microsoft.ServiceModel.Channels.Mail.ExchangeWebService (in Microsoft.ServiceModel.Channels.Mail.ExchangeWebService.dll)	3.5	CE6R3+	.NET Framework 3.5/General Reference for the .NET Framework/Additional Managed Reference Topics/Microsoft.ServiceModel.Channels.Mail.ExchangeWebService.Exchange2007 Namespace/PathToExtendedFieldType Class/PathToExtendedFieldType Properties /DistinguishedPropertySetIdSpecified Property 
bb300686(v=vs.90)	DistinguishedPropertySetType Enumeration	Enumeration	Microsoft.ServiceModel.Channels.Mail.ExchangeWebService.Exchange2007	Microsoft.ServiceModel.Channels.Mail.ExchangeWebService (in Microsoft.ServiceModel.Channels.Mail.ExchangeWebService.dll)	3.5	CE6R3+	.NET Framework 3.5/General Reference for the .NET Framework/Additional Managed Reference Topics/Microsoft.ServiceModel.Channels.Mail.ExchangeWebService.Exchange2007 Namespace/DistinguishedPropertySetType Enumeration
bb341680(v=vs.90)	EmailAddress Property	Property	Microsoft.ServiceModel.Channels.Mail.ExchangeWebService.Exchange2007	Microsoft.ServiceModel.Channels.Mail.ExchangeWebService (in Microsoft.ServiceModel.Channels.Mail.ExchangeWebService.dll)	3.5	CE6R3+	.NET Framework 3.5/General Reference for the .NET Framework/Additional Managed Reference Topics/Microsoft.ServiceModel.Channels.Mail.ExchangeWebService.Exchange2007 Namespace/EmailAddressType Class/EmailAddressType Properties /EmailAddress Property 
bb293079(v=vs.90)	EmailAddressType Class	Class	Microsoft.ServiceModel.Channels.Mail.ExchangeWebService.Exchange2007	Microsoft.ServiceModel.Channels.Mail.ExchangeWebService (in Microsoft.ServiceModel.Channels.Mail.ExchangeWebService.dll)	3.5	CE6R3+	.NET Framework 3.5/General Reference for the .NET Framework/Additional Managed Reference Topics/Microsoft.ServiceModel.Channels.Mail.ExchangeWebService.Exchange2007 Namespace/EmailAddressType Class
bb351699(v=vs.90)	EmailAddressType Constructor	Constructor	Microsoft.ServiceModel.Channels.Mail.ExchangeWebService.Exchange2007	Microsoft.ServiceModel.Channels.Mail.ExchangeWebService (in Microsoft.ServiceModel.Channels.Mail.ExchangeWebService.dll)	3.5	CE6R3+	.NET Framework 3.5/General Reference for the .NET Framework/Additional Managed Reference Topics/Microsoft.ServiceModel.Channels.Mail.ExchangeWebService.Exchange2007 Namespace/EmailAddressType Class/EmailAddressType Constructor 
bb299824(v=vs.90)	EndSubscribe Method	Method	Microsoft.ServiceModel.Channels.Mail.ExchangeWebService.Exchange2007	Microsoft.ServiceModel.Channels.Mail.ExchangeWebService (in Microsoft.ServiceModel.Channels.Mail.ExchangeWebService.dll)	3.5	CE6R3+	.NET Framework 3.5/General Reference for the .NET Framework/Additional Managed Reference Topics/Microsoft.ServiceModel.Channels.Mail.ExchangeWebService.Exchange2007 Namespace/ExchangeServiceBinding Class/ExchangeServiceBinding Methods /EndSubscribe Method 
bb301382(v=vs.90)	EventTypes Property	Property	Microsoft.ServiceModel.Channels.Mail.ExchangeWebService.Exchange2007	Microsoft.ServiceModel.Channels.Mail.ExchangeWebService (in Microsoft.ServiceModel.Channels.Mail.ExchangeWebService.dll)	3.5	CE6R3+	.NET Framework 3.5/General Reference for the .NET Framework/Additional Managed Reference Topics/Microsoft.ServiceModel.Channels.Mail.ExchangeWebService.Exchange2007 Namespace/BaseSubscriptionRequestType Class/BaseSubscriptionRequestType Properties /EventTypes Property 
bb382327(v=vs.90)	ExceptionPropertyURIType Enumeration	Enumeration	Microsoft.ServiceModel.Channels.Mail.ExchangeWebService.Exchange2007	Microsoft.ServiceModel.Channels.Mail.ExchangeWebService (in Microsoft.ServiceModel.Channels.Mail.ExchangeWebService.dll)	3.5	CE6R3+	.NET Framework 3.5/General Reference for the .NET Framework/Additional Managed Reference Topics/Microsoft.ServiceModel.Channels.Mail.ExchangeWebService.Exchange2007 Namespace/ExceptionPropertyURIType Enumeration
bb300486(v=vs.90)	ExchangeImpersonation Property	Property	Microsoft.ServiceModel.Channels.Mail.ExchangeWebService.Exchange2007	Microsoft.ServiceModel.Channels.Mail.ExchangeWebService (in Microsoft.ServiceModel.Channels.Mail.ExchangeWebService.dll)	3.5	CE6R3+	.NET Framework 3.5/General Reference for the .NET Framework/Additional Managed Reference Topics/Microsoft.ServiceModel.Channels.Mail.ExchangeWebService.Exchange2007 Namespace/ExchangeServiceBinding Class/ExchangeServiceBinding Properties /ExchangeImpersonation Property 
bb299416(v=vs.90)	ExchangeImpersonationType Class	Class	Microsoft.ServiceModel.Channels.Mail.ExchangeWebService.Exchange2007	Microsoft.ServiceModel.Channels.Mail.ExchangeWebService (in Microsoft.ServiceModel.Channels.Mail.ExchangeWebService.dll)	3.5	CE6R3+	.NET Framework 3.5/General Reference for the .NET Framework/Additional Managed Reference Topics/Microsoft.ServiceModel.Channels.Mail.ExchangeWebService.Exchange2007 Namespace/ExchangeImpersonationType Class
bb346734(v=vs.90)	ExchangeImpersonationType Constructor	Constructor	Microsoft.ServiceModel.Channels.Mail.ExchangeWebService.Exchange2007	Microsoft.ServiceModel.Channels.Mail.ExchangeWebService (in Microsoft.ServiceModel.Channels.Mail.ExchangeWebService.dll)	3.5	CE6R3+	.NET Framework 3.5/General Reference for the .NET Framework/Additional Managed Reference Topics/Microsoft.ServiceModel.Channels.Mail.ExchangeWebService.Exchange2007 Namespace/ExchangeImpersonationType Class/ExchangeImpersonationType Constructor 
bb292132(v=vs.90)	ExchangeServiceBinding Class	Class	Microsoft.ServiceModel.Channels.Mail.ExchangeWebService.Exchange2007	Microsoft.ServiceModel.Channels.Mail.ExchangeWebService (in Microsoft.ServiceModel.Channels.Mail.ExchangeWebService.dll)	3.5	CE6R3+	.NET Framework 3.5/General Reference for the .NET Framework/Additional Managed Reference Topics/Microsoft.ServiceModel.Channels.Mail.ExchangeWebService.Exchange2007 Namespace/ExchangeServiceBinding Class
bb336730(v=vs.90)	ExchangeServiceBinding Constructor	Constructor	Microsoft.ServiceModel.Channels.Mail.ExchangeWebService.Exchange2007	Microsoft.ServiceModel.Channels.Mail.ExchangeWebService (in Microsoft.ServiceModel.Channels.Mail.ExchangeWebService.dll)	3.5	CE6R3+	.NET Framework 3.5/General Reference for the .NET Framework/Additional Managed Reference Topics/Microsoft.ServiceModel.Channels.Mail.ExchangeWebService.Exchange2007 Namespace/ExchangeServiceBinding Class/ExchangeServiceBinding Constructor 
bb354626(v=vs.90)	ExcludesType Class	Class	Microsoft.ServiceModel.Channels.Mail.ExchangeWebService.Exchange2007	Microsoft.ServiceModel.Channels.Mail.ExchangeWebService (in Microsoft.ServiceModel.Channels.Mail.ExchangeWebService.dll)	3.5	CE6R3+	.NET Framework 3.5/General Reference for the .NET Framework/Additional Managed Reference Topics/Microsoft.ServiceModel.Channels.Mail.ExchangeWebService.Exchange2007 Namespace/ExcludesType Class
bb345103(v=vs.90)	ExcludesType Constructor	Constructor	Microsoft.ServiceModel.Channels.Mail.ExchangeWebService.Exchange2007	Microsoft.ServiceModel.Channels.Mail.ExchangeWebService (in Microsoft.ServiceModel.Channels.Mail.ExchangeWebService.dll)	3.5	CE6R3+	.NET Framework 3.5/General Reference for the .NET Framework/Additional Managed Reference Topics/Microsoft.ServiceModel.Channels.Mail.ExchangeWebService.Exchange2007 Namespace/ExcludesType Class/ExcludesType Constructor 
bb352874(v=vs.90)	ExcludesValueType Class	Class	Microsoft.ServiceModel.Channels.Mail.ExchangeWebService.Exchange2007	Microsoft.ServiceModel.Channels.Mail.ExchangeWebService (in Microsoft.ServiceModel.Channels.Mail.ExchangeWebService.dll)	3.5	CE6R3+	.NET Framework 3.5/General Reference for the .NET Framework/Additional Managed Reference Topics/Microsoft.ServiceModel.Channels.Mail.ExchangeWebService.Exchange2007 Namespace/ExcludesValueType Class
bb383054(v=vs.90)	ExcludesValueType Constructor	Constructor	Microsoft.ServiceModel.Channels.Mail.ExchangeWebService.Exchange2007	Microsoft.ServiceModel.Channels.Mail.ExchangeWebService (in Microsoft.ServiceModel.Channels.Mail.ExchangeWebService.dll)	3.5	CE6R3+	.NET Framework 3.5/General Reference for the .NET Framework/Additional Managed Reference Topics/Microsoft.ServiceModel.Channels.Mail.ExchangeWebService.Exchange2007 Namespace/ExcludesValueType Class/ExcludesValueType Constructor 
bb494276(v=vs.90)	ExistsType Class	Class	Microsoft.ServiceModel.Channels.Mail.ExchangeWebService.Exchange2007	Microsoft.ServiceModel.Channels.Mail.ExchangeWebService (in Microsoft.ServiceModel.Channels.Mail.ExchangeWebService.dll)	3.5	CE6R3+	.NET Framework 3.5/General Reference for the .NET Framework/Additional Managed Reference Topics/Microsoft.ServiceModel.Channels.Mail.ExchangeWebService.Exchange2007 Namespace/ExistsType Class
bb359565(v=vs.90)	ExistsType Constructor	Constructor	Microsoft.ServiceModel.Channels.Mail.ExchangeWebService.Exchange2007	Microsoft.ServiceModel.Channels.Mail.ExchangeWebService (in Microsoft.ServiceModel.Channels.Mail.ExchangeWebService.dll)	3.5	CE6R3+	.NET Framework 3.5/General Reference for the .NET Framework/Additional Managed Reference Topics/Microsoft.ServiceModel.Channels.Mail.ExchangeWebService.Exchange2007 Namespace/ExistsType Class/ExistsType Constructor 
bb344179(v=vs.90)	ExtendedFieldURI Property	Property	Microsoft.ServiceModel.Channels.Mail.ExchangeWebService.Exchange2007	Microsoft.ServiceModel.Channels.Mail.ExchangeWebService (in Microsoft.ServiceModel.Channels.Mail.ExchangeWebService.dll)	3.5	CE6R3+	.NET Framework 3.5/General Reference for the .NET Framework/Additional Managed Reference Topics/Microsoft.ServiceModel.Channels.Mail.ExchangeWebService.Exchange2007 Namespace/ExtendedPropertyType Class/ExtendedPropertyType Properties /ExtendedFieldURI Property 
bb335729(v=vs.90)	ExtendedProperty Property	Property	Microsoft.ServiceModel.Channels.Mail.ExchangeWebService.Exchange2007	Microsoft.ServiceModel.Channels.Mail.ExchangeWebService (in Microsoft.ServiceModel.Channels.Mail.ExchangeWebService.dll)	3.5	CE6R3+	.NET Framework 3.5/General Reference for the .NET Framework/Additional Managed Reference Topics/Microsoft.ServiceModel.Channels.Mail.ExchangeWebService.Exchange2007 Namespace/ItemType Class/ItemType Properties /ExtendedProperty Property 
bb360706(v=vs.90)	ExtendedProperty Property	Property	Microsoft.ServiceModel.Channels.Mail.ExchangeWebService.Exchange2007	Microsoft.ServiceModel.Channels.Mail.ExchangeWebService (in Microsoft.ServiceModel.Channels.Mail.ExchangeWebService.dll)	3.5	CE6R3+	.NET Framework 3.5/General Reference for the .NET Framework/Additional Managed Reference Topics/Microsoft.ServiceModel.Channels.Mail.ExchangeWebService.Exchange2007 Namespace/BaseFolderType Class/BaseFolderType Properties /ExtendedProperty Property 
bb346540(v=vs.90)	ExtendedPropertyType Class	Class	Microsoft.ServiceModel.Channels.Mail.ExchangeWebService.Exchange2007	Microsoft.ServiceModel.Channels.Mail.ExchangeWebService (in Microsoft.ServiceModel.Channels.Mail.ExchangeWebService.dll)	3.5	CE6R3+	.NET Framework 3.5/General Reference for the .NET Framework/Additional Managed Reference Topics/Microsoft.ServiceModel.Channels.Mail.ExchangeWebService.Exchange2007 Namespace/ExtendedPropertyType Class
bb339389(v=vs.90)	ExtendedPropertyType Constructor	Constructor	Microsoft.ServiceModel.Channels.Mail.ExchangeWebService.Exchange2007	Microsoft.ServiceModel.Channels.Mail.ExchangeWebService (in Microsoft.ServiceModel.Channels.Mail.ExchangeWebService.dll)	3.5	CE6R3+	.NET Framework 3.5/General Reference for the .NET Framework/Additional Managed Reference Topics/Microsoft.ServiceModel.Channels.Mail.ExchangeWebService.Exchange2007 Namespace/ExtendedPropertyType Class/ExtendedPropertyType Constructor 
bb354126(v=vs.90)	FieldIndex Property	Property	Microsoft.ServiceModel.Channels.Mail.ExchangeWebService.Exchange2007	Microsoft.ServiceModel.Channels.Mail.ExchangeWebService (in Microsoft.ServiceModel.Channels.Mail.ExchangeWebService.dll)	3.5	CE6R3+	.NET Framework 3.5/General Reference for the .NET Framework/Additional Managed Reference Topics/Microsoft.ServiceModel.Channels.Mail.ExchangeWebService.Exchange2007 Namespace/PathToIndexedFieldType Class/PathToIndexedFieldType Properties /FieldIndex Property 
bb343321(v=vs.90)	FieldOrderType Class	Class	Microsoft.ServiceModel.Channels.Mail.ExchangeWebService.Exchange2007	Microsoft.ServiceModel.Channels.Mail.ExchangeWebService (in Microsoft.ServiceModel.Channels.Mail.ExchangeWebService.dll)	3.5	CE6R3+	.NET Framework 3.5/General Reference for the .NET Framework/Additional Managed Reference Topics/Microsoft.ServiceModel.Channels.Mail.ExchangeWebService.Exchange2007 Namespace/FieldOrderType Class
bb339841(v=vs.90)	FieldOrderType Constructor	Constructor	Microsoft.ServiceModel.Channels.Mail.ExchangeWebService.Exchange2007	Microsoft.ServiceModel.Channels.Mail.ExchangeWebService (in Microsoft.ServiceModel.Channels.Mail.ExchangeWebService.dll)	3.5	CE6R3+	.NET Framework 3.5/General Reference for the .NET Framework/Additional Managed Reference Topics/Microsoft.ServiceModel.Channels.Mail.ExchangeWebService.Exchange2007 Namespace/FieldOrderType Class/FieldOrderType Constructor 
bb344616(v=vs.90)	FieldURI Property	Property	Microsoft.ServiceModel.Channels.Mail.ExchangeWebService.Exchange2007	Microsoft.ServiceModel.Channels.Mail.ExchangeWebService (in Microsoft.ServiceModel.Channels.Mail.ExchangeWebService.dll)	3.5	CE6R3+	.NET Framework 3.5/General Reference for the .NET Framework/Additional Managed Reference Topics/Microsoft.ServiceModel.Channels.Mail.ExchangeWebService.Exchange2007 Namespace/PathToUnindexedFieldType Class/PathToUnindexedFieldType Properties /FieldURI Property 
bb354010(v=vs.90)	FieldURI Property	Property	Microsoft.ServiceModel.Channels.Mail.ExchangeWebService.Exchange2007	Microsoft.ServiceModel.Channels.Mail.ExchangeWebService (in Microsoft.ServiceModel.Channels.Mail.ExchangeWebService.dll)	3.5	CE6R3+	.NET Framework 3.5/General Reference for the .NET Framework/Additional Managed Reference Topics/Microsoft.ServiceModel.Channels.Mail.ExchangeWebService.Exchange2007 Namespace/PathToIndexedFieldType Class/PathToIndexedFieldType Properties /FieldURI Property 
bb356289(v=vs.90)	FieldURI Property	Property	Microsoft.ServiceModel.Channels.Mail.ExchangeWebService.Exchange2007	Microsoft.ServiceModel.Channels.Mail.ExchangeWebService (in Microsoft.ServiceModel.Channels.Mail.ExchangeWebService.dll)	3.5	CE6R3+	.NET Framework 3.5/General Reference for the .NET Framework/Additional Managed Reference Topics/Microsoft.ServiceModel.Channels.Mail.ExchangeWebService.Exchange2007 Namespace/PathToExceptionFieldType Class/PathToExceptionFieldType Properties /FieldURI Property 
bb299320(v=vs.90)	FieldURIOrConstant Property	Property	Microsoft.ServiceModel.Channels.Mail.ExchangeWebService.Exchange2007	Microsoft.ServiceModel.Channels.Mail.ExchangeWebService (in Microsoft.ServiceModel.Channels.Mail.ExchangeWebService.dll)	3.5	CE6R3+	.NET Framework 3.5/General Reference for the .NET Framework/Additional Managed Reference Topics/Microsoft.ServiceModel.Channels.Mail.ExchangeWebService.Exchange2007 Namespace/TwoOperandExpressionType Class/TwoOperandExpressionType Properties /FieldURIOrConstant Property 
bb345298(v=vs.90)	FieldURIOrConstantType Class	Class	Microsoft.ServiceModel.Channels.Mail.ExchangeWebService.Exchange2007	Microsoft.ServiceModel.Channels.Mail.ExchangeWebService (in Microsoft.ServiceModel.Channels.Mail.ExchangeWebService.dll)	3.5	CE6R3+	.NET Framework 3.5/General Reference for the .NET Framework/Additional Managed Reference Topics/Microsoft.ServiceModel.Channels.Mail.ExchangeWebService.Exchange2007 Namespace/FieldURIOrConstantType Class
bb348031(v=vs.90)	FieldURIOrConstantType Constructor	Constructor	Microsoft.ServiceModel.Channels.Mail.ExchangeWebService.Exchange2007	Microsoft.ServiceModel.Channels.Mail.ExchangeWebService (in Microsoft.ServiceModel.Channels.Mail.ExchangeWebService.dll)	3.5	CE6R3+	.NET Framework 3.5/General Reference for the .NET Framework/Additional Managed Reference Topics/Microsoft.ServiceModel.Channels.Mail.ExchangeWebService.Exchange2007 Namespace/FieldURIOrConstantType Class/FieldURIOrConstantType Constructor 
bb356442(v=vs.90)	FileAttachmentType Class	Class	Microsoft.ServiceModel.Channels.Mail.ExchangeWebService.Exchange2007	Microsoft.ServiceModel.Channels.Mail.ExchangeWebService (in Microsoft.ServiceModel.Channels.Mail.ExchangeWebService.dll)	3.5	CE6R3+	.NET Framework 3.5/General Reference for the .NET Framework/Additional Managed Reference Topics/Microsoft.ServiceModel.Channels.Mail.ExchangeWebService.Exchange2007 Namespace/FileAttachmentType Class
bb357365(v=vs.90)	FileAttachmentType Constructor	Constructor	Microsoft.ServiceModel.Channels.Mail.ExchangeWebService.Exchange2007	Microsoft.ServiceModel.Channels.Mail.ExchangeWebService (in Microsoft.ServiceModel.Channels.Mail.ExchangeWebService.dll)	3.5	CE6R3+	.NET Framework 3.5/General Reference for the .NET Framework/Additional Managed Reference Topics/Microsoft.ServiceModel.Channels.Mail.ExchangeWebService.Exchange2007 Namespace/FileAttachmentType Class/FileAttachmentType Constructor 
bb357234(v=vs.90)	FindFolder Method	Method	Microsoft.ServiceModel.Channels.Mail.ExchangeWebService.Exchange2007	Microsoft.ServiceModel.Channels.Mail.ExchangeWebService (in Microsoft.ServiceModel.Channels.Mail.ExchangeWebService.dll)	3.5	CE6R3+	.NET Framework 3.5/General Reference for the .NET Framework/Additional Managed Reference Topics/Microsoft.ServiceModel.Channels.Mail.ExchangeWebService.Exchange2007 Namespace/ExchangeServiceBinding Class/ExchangeServiceBinding Methods /FindFolder Method 
bb301856(v=vs.90)	FindFolderParentType Class	Class	Microsoft.ServiceModel.Channels.Mail.ExchangeWebService.Exchange2007	Microsoft.ServiceModel.Channels.Mail.ExchangeWebService (in Microsoft.ServiceModel.Channels.Mail.ExchangeWebService.dll)	3.5	CE6R3+	.NET Framework 3.5/General Reference for the .NET Framework/Additional Managed Reference Topics/Microsoft.ServiceModel.Channels.Mail.ExchangeWebService.Exchange2007 Namespace/FindFolderParentType Class
bb357284(v=vs.90)	FindFolderParentType Constructor	Constructor	Microsoft.ServiceModel.Channels.Mail.ExchangeWebService.Exchange2007	Microsoft.ServiceModel.Channels.Mail.ExchangeWebService (in Microsoft.ServiceModel.Channels.Mail.ExchangeWebService.dll)	3.5	CE6R3+	.NET Framework 3.5/General Reference for the .NET Framework/Additional Managed Reference Topics/Microsoft.ServiceModel.Channels.Mail.ExchangeWebService.Exchange2007 Namespace/FindFolderParentType Class/FindFolderParentType Constructor 
bb340273(v=vs.90)	FindFolderResponseMessageType Class	Class	Microsoft.ServiceModel.Channels.Mail.ExchangeWebService.Exchange2007	Microsoft.ServiceModel.Channels.Mail.ExchangeWebService (in Microsoft.ServiceModel.Channels.Mail.ExchangeWebService.dll)	3.5	CE6R3+	.NET Framework 3.5/General Reference for the .NET Framework/Additional Managed Reference Topics/Microsoft.ServiceModel.Channels.Mail.ExchangeWebService.Exchange2007 Namespace/FindFolderResponseMessageType Class
bb155890(v=vs.90)	FindFolderResponseMessageType Constructor	Constructor	Microsoft.ServiceModel.Channels.Mail.ExchangeWebService.Exchange2007	Microsoft.ServiceModel.Channels.Mail.ExchangeWebService (in Microsoft.ServiceModel.Channels.Mail.ExchangeWebService.dll)	3.5	CE6R3+	.NET Framework 3.5/General Reference for the .NET Framework/Additional Managed Reference Topics/Microsoft.ServiceModel.Channels.Mail.ExchangeWebService.Exchange2007 Namespace/FindFolderResponseMessageType Class/FindFolderResponseMessageType Constructor 
bb298306(v=vs.90)	FindFolderResponseType Class	Class	Microsoft.ServiceModel.Channels.Mail.ExchangeWebService.Exchange2007	Microsoft.ServiceModel.Channels.Mail.ExchangeWebService (in Microsoft.ServiceModel.Channels.Mail.ExchangeWebService.dll)	3.5	CE6R3+	.NET Framework 3.5/General Reference for the .NET Framework/Additional Managed Reference Topics/Microsoft.ServiceModel.Channels.Mail.ExchangeWebService.Exchange2007 Namespace/FindFolderResponseType Class
bb337068(v=vs.90)	FindFolderResponseType Constructor	Constructor	Microsoft.ServiceModel.Channels.Mail.ExchangeWebService.Exchange2007	Microsoft.ServiceModel.Channels.Mail.ExchangeWebService (in Microsoft.ServiceModel.Channels.Mail.ExchangeWebService.dll)	3.5	CE6R3+	.NET Framework 3.5/General Reference for the .NET Framework/Additional Managed Reference Topics/Microsoft.ServiceModel.Channels.Mail.ExchangeWebService.Exchange2007 Namespace/FindFolderResponseType Class/FindFolderResponseType Constructor 
bb346275(v=vs.90)	FindFolderType Class	Class	Microsoft.ServiceModel.Channels.Mail.ExchangeWebService.Exchange2007	Microsoft.ServiceModel.Channels.Mail.ExchangeWebService (in Microsoft.ServiceModel.Channels.Mail.ExchangeWebService.dll)	3.5	CE6R3+	.NET Framework 3.5/General Reference for the .NET Framework/Additional Managed Reference Topics/Microsoft.ServiceModel.Channels.Mail.ExchangeWebService.Exchange2007 Namespace/FindFolderType Class
bb156008(v=vs.90)	FindFolderType Constructor	Constructor	Microsoft.ServiceModel.Channels.Mail.ExchangeWebService.Exchange2007	Microsoft.ServiceModel.Channels.Mail.ExchangeWebService (in Microsoft.ServiceModel.Channels.Mail.ExchangeWebService.dll)	3.5	CE6R3+	.NET Framework 3.5/General Reference for the .NET Framework/Additional Managed Reference Topics/Microsoft.ServiceModel.Channels.Mail.ExchangeWebService.Exchange2007 Namespace/FindFolderType Class/FindFolderType Constructor 
bb355765(v=vs.90)	FindItem Method	Method	Microsoft.ServiceModel.Channels.Mail.ExchangeWebService.Exchange2007	Microsoft.ServiceModel.Channels.Mail.ExchangeWebService (in Microsoft.ServiceModel.Channels.Mail.ExchangeWebService.dll)	3.5	CE6R3+	.NET Framework 3.5/General Reference for the .NET Framework/Additional Managed Reference Topics/Microsoft.ServiceModel.Channels.Mail.ExchangeWebService.Exchange2007 Namespace/ExchangeServiceBinding Class/ExchangeServiceBinding Methods /FindItem Method 
bb301597(v=vs.90)	FindItemParentType Class	Class	Microsoft.ServiceModel.Channels.Mail.ExchangeWebService.Exchange2007	Microsoft.ServiceModel.Channels.Mail.ExchangeWebService (in Microsoft.ServiceModel.Channels.Mail.ExchangeWebService.dll)	3.5	CE6R3+	.NET Framework 3.5/General Reference for the .NET Framework/Additional Managed Reference Topics/Microsoft.ServiceModel.Channels.Mail.ExchangeWebService.Exchange2007 Namespace/FindItemParentType Class
bb342954(v=vs.90)	FindItemParentType Constructor	Constructor	Microsoft.ServiceModel.Channels.Mail.ExchangeWebService.Exchange2007	Microsoft.ServiceModel.Channels.Mail.ExchangeWebService (in Microsoft.ServiceModel.Channels.Mail.ExchangeWebService.dll)	3.5	CE6R3+	.NET Framework 3.5/General Reference for the .NET Framework/Additional Managed Reference Topics/Microsoft.ServiceModel.Channels.Mail.ExchangeWebService.Exchange2007 Namespace/FindItemParentType Class/FindItemParentType Constructor 
bb343625(v=vs.90)	FindItemResponseMessageType Class	Class	Microsoft.ServiceModel.Channels.Mail.ExchangeWebService.Exchange2007	Microsoft.ServiceModel.Channels.Mail.ExchangeWebService (in Microsoft.ServiceModel.Channels.Mail.ExchangeWebService.dll)	3.5	CE6R3+	.NET Framework 3.5/General Reference for the .NET Framework/Additional Managed Reference Topics/Microsoft.ServiceModel.Channels.Mail.ExchangeWebService.Exchange2007 Namespace/FindItemResponseMessageType Class
bb344396(v=vs.90)	FindItemResponseMessageType Constructor	Constructor	Microsoft.ServiceModel.Channels.Mail.ExchangeWebService.Exchange2007	Microsoft.ServiceModel.Channels.Mail.ExchangeWebService (in Microsoft.ServiceModel.Channels.Mail.ExchangeWebService.dll)	3.5	CE6R3+	.NET Framework 3.5/General Reference for the .NET Framework/Additional Managed Reference Topics/Microsoft.ServiceModel.Channels.Mail.ExchangeWebService.Exchange2007 Namespace/FindItemResponseMessageType Class/FindItemResponseMessageType Constructor 
bb341514(v=vs.90)	FindItemResponseType Class	Class	Microsoft.ServiceModel.Channels.Mail.ExchangeWebService.Exchange2007	Microsoft.ServiceModel.Channels.Mail.ExchangeWebService (in Microsoft.ServiceModel.Channels.Mail.ExchangeWebService.dll)	3.5	CE6R3+	.NET Framework 3.5/General Reference for the .NET Framework/Additional Managed Reference Topics/Microsoft.ServiceModel.Channels.Mail.ExchangeWebService.Exchange2007 Namespace/FindItemResponseType Class
bb302042(v=vs.90)	FindItemResponseType Constructor	Constructor	Microsoft.ServiceModel.Channels.Mail.ExchangeWebService.Exchange2007	Microsoft.ServiceModel.Channels.Mail.ExchangeWebService (in Microsoft.ServiceModel.Channels.Mail.ExchangeWebService.dll)	3.5	CE6R3+	.NET Framework 3.5/General Reference for the .NET Framework/Additional Managed Reference Topics/Microsoft.ServiceModel.Channels.Mail.ExchangeWebService.Exchange2007 Namespace/FindItemResponseType Class/FindItemResponseType Constructor 
bb301996(v=vs.90)	FindItemType Class	Class	Microsoft.ServiceModel.Channels.Mail.ExchangeWebService.Exchange2007	Microsoft.ServiceModel.Channels.Mail.ExchangeWebService (in Microsoft.ServiceModel.Channels.Mail.ExchangeWebService.dll)	3.5	CE6R3+	.NET Framework 3.5/General Reference for the .NET Framework/Additional Managed Reference Topics/Microsoft.ServiceModel.Channels.Mail.ExchangeWebService.Exchange2007 Namespace/FindItemType Class
bb348860(v=vs.90)	FindItemType Constructor	Constructor	Microsoft.ServiceModel.Channels.Mail.ExchangeWebService.Exchange2007	Microsoft.ServiceModel.Channels.Mail.ExchangeWebService (in Microsoft.ServiceModel.Channels.Mail.ExchangeWebService.dll)	3.5	CE6R3+	.NET Framework 3.5/General Reference for the .NET Framework/Additional Managed Reference Topics/Microsoft.ServiceModel.Channels.Mail.ExchangeWebService.Exchange2007 Namespace/FindItemType Class/FindItemType Constructor 
bb302940(v=vs.90)	FolderClass Property	Property	Microsoft.ServiceModel.Channels.Mail.ExchangeWebService.Exchange2007	Microsoft.ServiceModel.Channels.Mail.ExchangeWebService (in Microsoft.ServiceModel.Channels.Mail.ExchangeWebService.dll)	3.5	CE6R3+	.NET Framework 3.5/General Reference for the .NET Framework/Additional Managed Reference Topics/Microsoft.ServiceModel.Channels.Mail.ExchangeWebService.Exchange2007 Namespace/BaseFolderType Class/BaseFolderType Properties /FolderClass Property 
bb292621(v=vs.90)	FolderId Property	Property	Microsoft.ServiceModel.Channels.Mail.ExchangeWebService.Exchange2007	Microsoft.ServiceModel.Channels.Mail.ExchangeWebService (in Microsoft.ServiceModel.Channels.Mail.ExchangeWebService.dll)	3.5	CE6R3+	.NET Framework 3.5/General Reference for the .NET Framework/Additional Managed Reference Topics/Microsoft.ServiceModel.Channels.Mail.ExchangeWebService.Exchange2007 Namespace/BaseFolderType Class/BaseFolderType Properties /FolderId Property 
bb351435(v=vs.90)	FolderIdType Class	Class	Microsoft.ServiceModel.Channels.Mail.ExchangeWebService.Exchange2007	Microsoft.ServiceModel.Channels.Mail.ExchangeWebService (in Microsoft.ServiceModel.Channels.Mail.ExchangeWebService.dll)	3.5	CE6R3+	.NET Framework 3.5/General Reference for the .NET Framework/Additional Managed Reference Topics/Microsoft.ServiceModel.Channels.Mail.ExchangeWebService.Exchange2007 Namespace/FolderIdType Class
bb155321(v=vs.90)	FolderIdType Constructor	Constructor	Microsoft.ServiceModel.Channels.Mail.ExchangeWebService.Exchange2007	Microsoft.ServiceModel.Channels.Mail.ExchangeWebService (in Microsoft.ServiceModel.Channels.Mail.ExchangeWebService.dll)	3.5	CE6R3+	.NET Framework 3.5/General Reference for the .NET Framework/Additional Managed Reference Topics/Microsoft.ServiceModel.Channels.Mail.ExchangeWebService.Exchange2007 Namespace/FolderIdType Class/FolderIdType Constructor 
bb301273(v=vs.90)	FolderIds Property	Property	Microsoft.ServiceModel.Channels.Mail.ExchangeWebService.Exchange2007	Microsoft.ServiceModel.Channels.Mail.ExchangeWebService (in Microsoft.ServiceModel.Channels.Mail.ExchangeWebService.dll)	3.5	CE6R3+	.NET Framework 3.5/General Reference for the .NET Framework/Additional Managed Reference Topics/Microsoft.ServiceModel.Channels.Mail.ExchangeWebService.Exchange2007 Namespace/GetFolderType Class/GetFolderType Properties /FolderIds Property 
bb344852(v=vs.90)	FolderIds Property	Property	Microsoft.ServiceModel.Channels.Mail.ExchangeWebService.Exchange2007	Microsoft.ServiceModel.Channels.Mail.ExchangeWebService (in Microsoft.ServiceModel.Channels.Mail.ExchangeWebService.dll)	3.5	CE6R3+	.NET Framework 3.5/General Reference for the .NET Framework/Additional Managed Reference Topics/Microsoft.ServiceModel.Channels.Mail.ExchangeWebService.Exchange2007 Namespace/BaseSubscriptionRequestType Class/BaseSubscriptionRequestType Properties /FolderIds Property 
bb360728(v=vs.90)	FolderQueryTraversalType Enumeration	Enumeration	Microsoft.ServiceModel.Channels.Mail.ExchangeWebService.Exchange2007	Microsoft.ServiceModel.Channels.Mail.ExchangeWebService (in Microsoft.ServiceModel.Channels.Mail.ExchangeWebService.dll)	3.5	CE6R3+	.NET Framework 3.5/General Reference for the .NET Framework/Additional Managed Reference Topics/Microsoft.ServiceModel.Channels.Mail.ExchangeWebService.Exchange2007 Namespace/FolderQueryTraversalType Enumeration
bb293068(v=vs.90)	FolderResponseShapeType Class	Class	Microsoft.ServiceModel.Channels.Mail.ExchangeWebService.Exchange2007	Microsoft.ServiceModel.Channels.Mail.ExchangeWebService (in Microsoft.ServiceModel.Channels.Mail.ExchangeWebService.dll)	3.5	CE6R3+	.NET Framework 3.5/General Reference for the .NET Framework/Additional Managed Reference Topics/Microsoft.ServiceModel.Channels.Mail.ExchangeWebService.Exchange2007 Namespace/FolderResponseShapeType Class
bb298547(v=vs.90)	FolderResponseShapeType Constructor	Constructor	Microsoft.ServiceModel.Channels.Mail.ExchangeWebService.Exchange2007	Microsoft.ServiceModel.Channels.Mail.ExchangeWebService (in Microsoft.ServiceModel.Channels.Mail.ExchangeWebService.dll)	3.5	CE6R3+	.NET Framework 3.5/General Reference for the .NET Framework/Additional Managed Reference Topics/Microsoft.ServiceModel.Channels.Mail.ExchangeWebService.Exchange2007 Namespace/FolderResponseShapeType Class/FolderResponseShapeType Constructor 
bb300789(v=vs.90)	FolderShape Property	Property	Microsoft.ServiceModel.Channels.Mail.ExchangeWebService.Exchange2007	Microsoft.ServiceModel.Channels.Mail.ExchangeWebService (in Microsoft.ServiceModel.Channels.Mail.ExchangeWebService.dll)	3.5	CE6R3+	.NET Framework 3.5/General Reference for the .NET Framework/Additional Managed Reference Topics/Microsoft.ServiceModel.Channels.Mail.ExchangeWebService.Exchange2007 Namespace/GetFolderType Class/GetFolderType Properties /FolderShape Property 
bb336309(v=vs.90)	FolderShape Property	Property	Microsoft.ServiceModel.Channels.Mail.ExchangeWebService.Exchange2007	Microsoft.ServiceModel.Channels.Mail.ExchangeWebService (in Microsoft.ServiceModel.Channels.Mail.ExchangeWebService.dll)	3.5	CE6R3+	.NET Framework 3.5/General Reference for the .NET Framework/Additional Managed Reference Topics/Microsoft.ServiceModel.Channels.Mail.ExchangeWebService.Exchange2007 Namespace/FindFolderType Class/FindFolderType Properties /FolderShape Property 
bb155678(v=vs.90)	FolderType Class	Class	Microsoft.ServiceModel.Channels.Mail.ExchangeWebService.Exchange2007	Microsoft.ServiceModel.Channels.Mail.ExchangeWebService (in Microsoft.ServiceModel.Channels.Mail.ExchangeWebService.dll)	3.5	CE6R3+	.NET Framework 3.5/General Reference for the .NET Framework/Additional Managed Reference Topics/Microsoft.ServiceModel.Channels.Mail.ExchangeWebService.Exchange2007 Namespace/FolderType Class
bb293050(v=vs.90)	FolderType Constructor	Constructor	Microsoft.ServiceModel.Channels.Mail.ExchangeWebService.Exchange2007	Microsoft.ServiceModel.Channels.Mail.ExchangeWebService (in Microsoft.ServiceModel.Channels.Mail.ExchangeWebService.dll)	3.5	CE6R3+	.NET Framework 3.5/General Reference for the .NET Framework/Additional Managed Reference Topics/Microsoft.ServiceModel.Channels.Mail.ExchangeWebService.Exchange2007 Namespace/FolderType Class/FolderType Constructor 
bb299635(v=vs.90)	Folders Property	Property	Microsoft.ServiceModel.Channels.Mail.ExchangeWebService.Exchange2007	Microsoft.ServiceModel.Channels.Mail.ExchangeWebService (in Microsoft.ServiceModel.Channels.Mail.ExchangeWebService.dll)	3.5	CE6R3+	.NET Framework 3.5/General Reference for the .NET Framework/Additional Managed Reference Topics/Microsoft.ServiceModel.Channels.Mail.ExchangeWebService.Exchange2007 Namespace/FindFolderParentType Class/FindFolderParentType Properties /Folders Property 
bb342140(v=vs.90)	FractionalPageViewType Class	Class	Microsoft.ServiceModel.Channels.Mail.ExchangeWebService.Exchange2007	Microsoft.ServiceModel.Channels.Mail.ExchangeWebService (in Microsoft.ServiceModel.Channels.Mail.ExchangeWebService.dll)	3.5	CE6R3+	.NET Framework 3.5/General Reference for the .NET Framework/Additional Managed Reference Topics/Microsoft.ServiceModel.Channels.Mail.ExchangeWebService.Exchange2007 Namespace/FractionalPageViewType Class
bb336373(v=vs.90)	FractionalPageViewType Constructor	Constructor	Microsoft.ServiceModel.Channels.Mail.ExchangeWebService.Exchange2007	Microsoft.ServiceModel.Channels.Mail.ExchangeWebService (in Microsoft.ServiceModel.Channels.Mail.ExchangeWebService.dll)	3.5	CE6R3+	.NET Framework 3.5/General Reference for the .NET Framework/Additional Managed Reference Topics/Microsoft.ServiceModel.Channels.Mail.ExchangeWebService.Exchange2007 Namespace/FractionalPageViewType Class/FractionalPageViewType Constructor 
bb298260(v=vs.90)	From Property	Property	Microsoft.ServiceModel.Channels.Mail.ExchangeWebService.Exchange2007	Microsoft.ServiceModel.Channels.Mail.ExchangeWebService (in Microsoft.ServiceModel.Channels.Mail.ExchangeWebService.dll)	3.5	CE6R3+	.NET Framework 3.5/General Reference for the .NET Framework/Additional Managed Reference Topics/Microsoft.ServiceModel.Channels.Mail.ExchangeWebService.Exchange2007 Namespace/MessageType Class/MessageType Properties /From Property 
bb342472(v=vs.90)	GetAttachment Method	Method	Microsoft.ServiceModel.Channels.Mail.ExchangeWebService.Exchange2007	Microsoft.ServiceModel.Channels.Mail.ExchangeWebService (in Microsoft.ServiceModel.Channels.Mail.ExchangeWebService.dll)	3.5	CE6R3+	.NET Framework 3.5/General Reference for the .NET Framework/Additional Managed Reference Topics/Microsoft.ServiceModel.Channels.Mail.ExchangeWebService.Exchange2007 Namespace/ExchangeServiceBinding Class/ExchangeServiceBinding Methods /GetAttachment Method 
bb301579(v=vs.90)	GetAttachmentResponseType Class	Class	Microsoft.ServiceModel.Channels.Mail.ExchangeWebService.Exchange2007	Microsoft.ServiceModel.Channels.Mail.ExchangeWebService (in Microsoft.ServiceModel.Channels.Mail.ExchangeWebService.dll)	3.5	CE6R3+	.NET Framework 3.5/General Reference for the .NET Framework/Additional Managed Reference Topics/Microsoft.ServiceModel.Channels.Mail.ExchangeWebService.Exchange2007 Namespace/GetAttachmentResponseType Class
bb336625(v=vs.90)	GetAttachmentResponseType Constructor	Constructor	Microsoft.ServiceModel.Channels.Mail.ExchangeWebService.Exchange2007	Microsoft.ServiceModel.Channels.Mail.ExchangeWebService (in Microsoft.ServiceModel.Channels.Mail.ExchangeWebService.dll)	3.5	CE6R3+	.NET Framework 3.5/General Reference for the .NET Framework/Additional Managed Reference Topics/Microsoft.ServiceModel.Channels.Mail.ExchangeWebService.Exchange2007 Namespace/GetAttachmentResponseType Class/GetAttachmentResponseType Constructor 
bb346457(v=vs.90)	GetAttachmentType Class	Class	Microsoft.ServiceModel.Channels.Mail.ExchangeWebService.Exchange2007	Microsoft.ServiceModel.Channels.Mail.ExchangeWebService (in Microsoft.ServiceModel.Channels.Mail.ExchangeWebService.dll)	3.5	CE6R3+	.NET Framework 3.5/General Reference for the .NET Framework/Additional Managed Reference Topics/Microsoft.ServiceModel.Channels.Mail.ExchangeWebService.Exchange2007 Namespace/GetAttachmentType Class
bb359813(v=vs.90)	GetAttachmentType Constructor	Constructor	Microsoft.ServiceModel.Channels.Mail.ExchangeWebService.Exchange2007	Microsoft.ServiceModel.Channels.Mail.ExchangeWebService (in Microsoft.ServiceModel.Channels.Mail.ExchangeWebService.dll)	3.5	CE6R3+	.NET Framework 3.5/General Reference for the .NET Framework/Additional Managed Reference Topics/Microsoft.ServiceModel.Channels.Mail.ExchangeWebService.Exchange2007 Namespace/GetAttachmentType Class/GetAttachmentType Constructor 
bb505908(v=vs.90)	GetEvents Method	Method	Microsoft.ServiceModel.Channels.Mail.ExchangeWebService.Exchange2007	Microsoft.ServiceModel.Channels.Mail.ExchangeWebService (in Microsoft.ServiceModel.Channels.Mail.ExchangeWebService.dll)	3.5	CE6R3+	.NET Framework 3.5/General Reference for the .NET Framework/Additional Managed Reference Topics/Microsoft.ServiceModel.Channels.Mail.ExchangeWebService.Exchange2007 Namespace/ExchangeServiceBinding Class/ExchangeServiceBinding Methods /GetEvents Method 
bb300628(v=vs.90)	GetEventsResponseMessageType Class	Class	Microsoft.ServiceModel.Channels.Mail.ExchangeWebService.Exchange2007	Microsoft.ServiceModel.Channels.Mail.ExchangeWebService (in Microsoft.ServiceModel.Channels.Mail.ExchangeWebService.dll)	3.5	CE6R3+	.NET Framework 3.5/General Reference for the .NET Framework/Additional Managed Reference Topics/Microsoft.ServiceModel.Channels.Mail.ExchangeWebService.Exchange2007 Namespace/GetEventsResponseMessageType Class
bb351593(v=vs.90)	GetEventsResponseMessageType Constructor	Constructor	Microsoft.ServiceModel.Channels.Mail.ExchangeWebService.Exchange2007	Microsoft.ServiceModel.Channels.Mail.ExchangeWebService (in Microsoft.ServiceModel.Channels.Mail.ExchangeWebService.dll)	3.5	CE6R3+	.NET Framework 3.5/General Reference for the .NET Framework/Additional Managed Reference Topics/Microsoft.ServiceModel.Channels.Mail.ExchangeWebService.Exchange2007 Namespace/GetEventsResponseMessageType Class/GetEventsResponseMessageType Constructor 
bb340307(v=vs.90)	GetEventsResponseType Class	Class	Microsoft.ServiceModel.Channels.Mail.ExchangeWebService.Exchange2007	Microsoft.ServiceModel.Channels.Mail.ExchangeWebService (in Microsoft.ServiceModel.Channels.Mail.ExchangeWebService.dll)	3.5	CE6R3+	.NET Framework 3.5/General Reference for the .NET Framework/Additional Managed Reference Topics/Microsoft.ServiceModel.Channels.Mail.ExchangeWebService.Exchange2007 Namespace/GetEventsResponseType Class
bb357203(v=vs.90)	GetEventsResponseType Constructor	Constructor	Microsoft.ServiceModel.Channels.Mail.ExchangeWebService.Exchange2007	Microsoft.ServiceModel.Channels.Mail.ExchangeWebService (in Microsoft.ServiceModel.Channels.Mail.ExchangeWebService.dll)	3.5	CE6R3+	.NET Framework 3.5/General Reference for the .NET Framework/Additional Managed Reference Topics/Microsoft.ServiceModel.Channels.Mail.ExchangeWebService.Exchange2007 Namespace/GetEventsResponseType Class/GetEventsResponseType Constructor 
bb336179(v=vs.90)	GetEventsType Class	Class	Microsoft.ServiceModel.Channels.Mail.ExchangeWebService.Exchange2007	Microsoft.ServiceModel.Channels.Mail.ExchangeWebService (in Microsoft.ServiceModel.Channels.Mail.ExchangeWebService.dll)	3.5	CE6R3+	.NET Framework 3.5/General Reference for the .NET Framework/Additional Managed Reference Topics/Microsoft.ServiceModel.Channels.Mail.ExchangeWebService.Exchange2007 Namespace/GetEventsType Class
bb292733(v=vs.90)	GetEventsType Constructor	Constructor	Microsoft.ServiceModel.Channels.Mail.ExchangeWebService.Exchange2007	Microsoft.ServiceModel.Channels.Mail.ExchangeWebService (in Microsoft.ServiceModel.Channels.Mail.ExchangeWebService.dll)	3.5	CE6R3+	.NET Framework 3.5/General Reference for the .NET Framework/Additional Managed Reference Topics/Microsoft.ServiceModel.Channels.Mail.ExchangeWebService.Exchange2007 Namespace/GetEventsType Class/GetEventsType Constructor 
bb300449(v=vs.90)	GetFolderType Class	Class	Microsoft.ServiceModel.Channels.Mail.ExchangeWebService.Exchange2007	Microsoft.ServiceModel.Channels.Mail.ExchangeWebService (in Microsoft.ServiceModel.Channels.Mail.ExchangeWebService.dll)	3.5	CE6R3+	.NET Framework 3.5/General Reference for the .NET Framework/Additional Managed Reference Topics/Microsoft.ServiceModel.Channels.Mail.ExchangeWebService.Exchange2007 Namespace/GetFolderType Class
bb298122(v=vs.90)	GetFolderType Constructor	Constructor	Microsoft.ServiceModel.Channels.Mail.ExchangeWebService.Exchange2007	Microsoft.ServiceModel.Channels.Mail.ExchangeWebService (in Microsoft.ServiceModel.Channels.Mail.ExchangeWebService.dll)	3.5	CE6R3+	.NET Framework 3.5/General Reference for the .NET Framework/Additional Managed Reference Topics/Microsoft.ServiceModel.Channels.Mail.ExchangeWebService.Exchange2007 Namespace/GetFolderType Class/GetFolderType Constructor 
bb344774(v=vs.90)	GetItem Method	Method	Microsoft.ServiceModel.Channels.Mail.ExchangeWebService.Exchange2007	Microsoft.ServiceModel.Channels.Mail.ExchangeWebService (in Microsoft.ServiceModel.Channels.Mail.ExchangeWebService.dll)	3.5	CE6R3+	.NET Framework 3.5/General Reference for the .NET Framework/Additional Managed Reference Topics/Microsoft.ServiceModel.Channels.Mail.ExchangeWebService.Exchange2007 Namespace/ExchangeServiceBinding Class/ExchangeServiceBinding Methods /GetItem Method 
bb342312(v=vs.90)	GetItemResponseType Class	Class	Microsoft.ServiceModel.Channels.Mail.ExchangeWebService.Exchange2007	Microsoft.ServiceModel.Channels.Mail.ExchangeWebService (in Microsoft.ServiceModel.Channels.Mail.ExchangeWebService.dll)	3.5	CE6R3+	.NET Framework 3.5/General Reference for the .NET Framework/Additional Managed Reference Topics/Microsoft.ServiceModel.Channels.Mail.ExchangeWebService.Exchange2007 Namespace/GetItemResponseType Class
bb347929(v=vs.90)	GetItemResponseType Constructor	Constructor	Microsoft.ServiceModel.Channels.Mail.ExchangeWebService.Exchange2007	Microsoft.ServiceModel.Channels.Mail.ExchangeWebService (in Microsoft.ServiceModel.Channels.Mail.ExchangeWebService.dll)	3.5	CE6R3+	.NET Framework 3.5/General Reference for the .NET Framework/Additional Managed Reference Topics/Microsoft.ServiceModel.Channels.Mail.ExchangeWebService.Exchange2007 Namespace/GetItemResponseType Class/GetItemResponseType Constructor 
bb342670(v=vs.90)	GetItemType Class	Class	Microsoft.ServiceModel.Channels.Mail.ExchangeWebService.Exchange2007	Microsoft.ServiceModel.Channels.Mail.ExchangeWebService (in Microsoft.ServiceModel.Channels.Mail.ExchangeWebService.dll)	3.5	CE6R3+	.NET Framework 3.5/General Reference for the .NET Framework/Additional Managed Reference Topics/Microsoft.ServiceModel.Channels.Mail.ExchangeWebService.Exchange2007 Namespace/GetItemType Class
bb342605(v=vs.90)	GetItemType Constructor	Constructor	Microsoft.ServiceModel.Channels.Mail.ExchangeWebService.Exchange2007	Microsoft.ServiceModel.Channels.Mail.ExchangeWebService (in Microsoft.ServiceModel.Channels.Mail.ExchangeWebService.dll)	3.5	CE6R3+	.NET Framework 3.5/General Reference for the .NET Framework/Additional Managed Reference Topics/Microsoft.ServiceModel.Channels.Mail.ExchangeWebService.Exchange2007 Namespace/GetItemType Class/GetItemType Constructor 
bb155986(v=vs.90)	GroupIndex Property	Property	Microsoft.ServiceModel.Channels.Mail.ExchangeWebService.Exchange2007	Microsoft.ServiceModel.Channels.Mail.ExchangeWebService (in Microsoft.ServiceModel.Channels.Mail.ExchangeWebService.dll)	3.5	CE6R3+	.NET Framework 3.5/General Reference for the .NET Framework/Additional Managed Reference Topics/Microsoft.ServiceModel.Channels.Mail.ExchangeWebService.Exchange2007 Namespace/GroupedItemsType Class/GroupedItemsType Properties /GroupIndex Property 
bb339104(v=vs.90)	GroupSids Property	Property	Microsoft.ServiceModel.Channels.Mail.ExchangeWebService.Exchange2007	Microsoft.ServiceModel.Channels.Mail.ExchangeWebService (in Microsoft.ServiceModel.Channels.Mail.ExchangeWebService.dll)	3.5	CE6R3+	.NET Framework 3.5/General Reference for the .NET Framework/Additional Managed Reference Topics/Microsoft.ServiceModel.Channels.Mail.ExchangeWebService.Exchange2007 Namespace/SerializedSecurityContextType Class/SerializedSecurityContextType Properties /GroupSids Property 
bb338925(v=vs.90)	GroupedItemsType Class	Class	Microsoft.ServiceModel.Channels.Mail.ExchangeWebService.Exchange2007	Microsoft.ServiceModel.Channels.Mail.ExchangeWebService (in Microsoft.ServiceModel.Channels.Mail.ExchangeWebService.dll)	3.5	CE6R3+	.NET Framework 3.5/General Reference for the .NET Framework/Additional Managed Reference Topics/Microsoft.ServiceModel.Channels.Mail.ExchangeWebService.Exchange2007 Namespace/GroupedItemsType Class
bb336959(v=vs.90)	GroupedItemsType Constructor	Constructor	Microsoft.ServiceModel.Channels.Mail.ExchangeWebService.Exchange2007	Microsoft.ServiceModel.Channels.Mail.ExchangeWebService (in Microsoft.ServiceModel.Channels.Mail.ExchangeWebService.dll)	3.5	CE6R3+	.NET Framework 3.5/General Reference for the .NET Framework/Additional Managed Reference Topics/Microsoft.ServiceModel.Channels.Mail.ExchangeWebService.Exchange2007 Namespace/GroupedItemsType Class/GroupedItemsType Constructor 
bb342895(v=vs.90)	HasAttachments Property	Property	Microsoft.ServiceModel.Channels.Mail.ExchangeWebService.Exchange2007	Microsoft.ServiceModel.Channels.Mail.ExchangeWebService (in Microsoft.ServiceModel.Channels.Mail.ExchangeWebService.dll)	3.5	CE6R3+	.NET Framework 3.5/General Reference for the .NET Framework/Additional Managed Reference Topics/Microsoft.ServiceModel.Channels.Mail.ExchangeWebService.Exchange2007 Namespace/ItemType Class/ItemType Properties /HasAttachments Property 
bb335926(v=vs.90)	HasAttachmentsSpecified Property	Property	Microsoft.ServiceModel.Channels.Mail.ExchangeWebService.Exchange2007	Microsoft.ServiceModel.Channels.Mail.ExchangeWebService (in Microsoft.ServiceModel.Channels.Mail.ExchangeWebService.dll)	3.5	CE6R3+	.NET Framework 3.5/General Reference for the .NET Framework/Additional Managed Reference Topics/Microsoft.ServiceModel.Channels.Mail.ExchangeWebService.Exchange2007 Namespace/ItemType Class/ItemType Properties /HasAttachmentsSpecified Property 
bb156298(v=vs.90)	HeaderName Property	Property	Microsoft.ServiceModel.Channels.Mail.ExchangeWebService.Exchange2007	Microsoft.ServiceModel.Channels.Mail.ExchangeWebService (in Microsoft.ServiceModel.Channels.Mail.ExchangeWebService.dll)	3.5	CE6R3+	.NET Framework 3.5/General Reference for the .NET Framework/Additional Managed Reference Topics/Microsoft.ServiceModel.Channels.Mail.ExchangeWebService.Exchange2007 Namespace/InternetHeaderType Class/InternetHeaderType Properties /HeaderName Property 
bb342690(v=vs.90)	Id Property	Property	Microsoft.ServiceModel.Channels.Mail.ExchangeWebService.Exchange2007	Microsoft.ServiceModel.Channels.Mail.ExchangeWebService (in Microsoft.ServiceModel.Channels.Mail.ExchangeWebService.dll)	3.5	CE6R3+	.NET Framework 3.5/General Reference for the .NET Framework/Additional Managed Reference Topics/Microsoft.ServiceModel.Channels.Mail.ExchangeWebService.Exchange2007 Namespace/FolderIdType Class/FolderIdType Properties /Id Property 
bb348839(v=vs.90)	Id Property	Property	Microsoft.ServiceModel.Channels.Mail.ExchangeWebService.Exchange2007	Microsoft.ServiceModel.Channels.Mail.ExchangeWebService (in Microsoft.ServiceModel.Channels.Mail.ExchangeWebService.dll)	3.5	CE6R3+	.NET Framework 3.5/General Reference for the .NET Framework/Additional Managed Reference Topics/Microsoft.ServiceModel.Channels.Mail.ExchangeWebService.Exchange2007 Namespace/RequestAttachmentIdType Class/RequestAttachmentIdType Properties /Id Property 
bb352693(v=vs.90)	Id Property	Property	Microsoft.ServiceModel.Channels.Mail.ExchangeWebService.Exchange2007	Microsoft.ServiceModel.Channels.Mail.ExchangeWebService (in Microsoft.ServiceModel.Channels.Mail.ExchangeWebService.dll)	3.5	CE6R3+	.NET Framework 3.5/General Reference for the .NET Framework/Additional Managed Reference Topics/Microsoft.ServiceModel.Channels.Mail.ExchangeWebService.Exchange2007 Namespace/DistinguishedFolderIdType Class/DistinguishedFolderIdType Properties /Id Property 
bb503607(v=vs.90)	Id Property	Property	Microsoft.ServiceModel.Channels.Mail.ExchangeWebService.Exchange2007	Microsoft.ServiceModel.Channels.Mail.ExchangeWebService (in Microsoft.ServiceModel.Channels.Mail.ExchangeWebService.dll)	3.5	CE6R3+	.NET Framework 3.5/General Reference for the .NET Framework/Additional Managed Reference Topics/Microsoft.ServiceModel.Channels.Mail.ExchangeWebService.Exchange2007 Namespace/ItemIdType Class/ItemIdType Properties /Id Property 
bb340743(v=vs.90)	Importance Property	Property	Microsoft.ServiceModel.Channels.Mail.ExchangeWebService.Exchange2007	Microsoft.ServiceModel.Channels.Mail.ExchangeWebService (in Microsoft.ServiceModel.Channels.Mail.ExchangeWebService.dll)	3.5	CE6R3+	.NET Framework 3.5/General Reference for the .NET Framework/Additional Managed Reference Topics/Microsoft.ServiceModel.Channels.Mail.ExchangeWebService.Exchange2007 Namespace/ItemType Class/ItemType Properties /Importance Property 
bb301800(v=vs.90)	ImportanceChoicesType Enumeration	Enumeration	Microsoft.ServiceModel.Channels.Mail.ExchangeWebService.Exchange2007	Microsoft.ServiceModel.Channels.Mail.ExchangeWebService (in Microsoft.ServiceModel.Channels.Mail.ExchangeWebService.dll)	3.5	CE6R3+	.NET Framework 3.5/General Reference for the .NET Framework/Additional Managed Reference Topics/Microsoft.ServiceModel.Channels.Mail.ExchangeWebService.Exchange2007 Namespace/ImportanceChoicesType Enumeration
bb356539(v=vs.90)	ImportanceSpecified Property	Property	Microsoft.ServiceModel.Channels.Mail.ExchangeWebService.Exchange2007	Microsoft.ServiceModel.Channels.Mail.ExchangeWebService (in Microsoft.ServiceModel.Channels.Mail.ExchangeWebService.dll)	3.5	CE6R3+	.NET Framework 3.5/General Reference for the .NET Framework/Additional Managed Reference Topics/Microsoft.ServiceModel.Channels.Mail.ExchangeWebService.Exchange2007 Namespace/ItemType Class/ItemType Properties /ImportanceSpecified Property 
bb359723(v=vs.90)	InReplyTo Property	Property	Microsoft.ServiceModel.Channels.Mail.ExchangeWebService.Exchange2007	Microsoft.ServiceModel.Channels.Mail.ExchangeWebService (in Microsoft.ServiceModel.Channels.Mail.ExchangeWebService.dll)	3.5	CE6R3+	.NET Framework 3.5/General Reference for the .NET Framework/Additional Managed Reference Topics/Microsoft.ServiceModel.Channels.Mail.ExchangeWebService.Exchange2007 Namespace/ItemType Class/ItemType Properties /InReplyTo Property 
bb346919(v=vs.90)	IncludeMimeContent Property	Property	Microsoft.ServiceModel.Channels.Mail.ExchangeWebService.Exchange2007	Microsoft.ServiceModel.Channels.Mail.ExchangeWebService (in Microsoft.ServiceModel.Channels.Mail.ExchangeWebService.dll)	3.5	CE6R3+	.NET Framework 3.5/General Reference for the .NET Framework/Additional Managed Reference Topics/Microsoft.ServiceModel.Channels.Mail.ExchangeWebService.Exchange2007 Namespace/ItemResponseShapeType Class/ItemResponseShapeType Properties /IncludeMimeContent Property 
bb357181(v=vs.90)	IncludeMimeContent Property	Property	Microsoft.ServiceModel.Channels.Mail.ExchangeWebService.Exchange2007	Microsoft.ServiceModel.Channels.Mail.ExchangeWebService (in Microsoft.ServiceModel.Channels.Mail.ExchangeWebService.dll)	3.5	CE6R3+	.NET Framework 3.5/General Reference for the .NET Framework/Additional Managed Reference Topics/Microsoft.ServiceModel.Channels.Mail.ExchangeWebService.Exchange2007 Namespace/AttachmentResponseShapeType Class/AttachmentResponseShapeType Properties /IncludeMimeContent Property 
bb156102(v=vs.90)	IncludeMimeContentSpecified Property	Property	Microsoft.ServiceModel.Channels.Mail.ExchangeWebService.Exchange2007	Microsoft.ServiceModel.Channels.Mail.ExchangeWebService (in Microsoft.ServiceModel.Channels.Mail.ExchangeWebService.dll)	3.5	CE6R3+	.NET Framework 3.5/General Reference for the .NET Framework/Additional Managed Reference Topics/Microsoft.ServiceModel.Channels.Mail.ExchangeWebService.Exchange2007 Namespace/ItemResponseShapeType Class/ItemResponseShapeType Properties /IncludeMimeContentSpecified Property 
bb292721(v=vs.90)	IncludeMimeContentSpecified Property	Property	Microsoft.ServiceModel.Channels.Mail.ExchangeWebService.Exchange2007	Microsoft.ServiceModel.Channels.Mail.ExchangeWebService (in Microsoft.ServiceModel.Channels.Mail.ExchangeWebService.dll)	3.5	CE6R3+	.NET Framework 3.5/General Reference for the .NET Framework/Additional Managed Reference Topics/Microsoft.ServiceModel.Channels.Mail.ExchangeWebService.Exchange2007 Namespace/AttachmentResponseShapeType Class/AttachmentResponseShapeType Properties /IncludeMimeContentSpecified Property 
bb339947(v=vs.90)	IncludesLastItemInRange Property	Property	Microsoft.ServiceModel.Channels.Mail.ExchangeWebService.Exchange2007	Microsoft.ServiceModel.Channels.Mail.ExchangeWebService (in Microsoft.ServiceModel.Channels.Mail.ExchangeWebService.dll)	3.5	CE6R3+	.NET Framework 3.5/General Reference for the .NET Framework/Additional Managed Reference Topics/Microsoft.ServiceModel.Channels.Mail.ExchangeWebService.Exchange2007 Namespace/FindFolderParentType Class/FindFolderParentType Properties /IncludesLastItemInRange Property 
bb348439(v=vs.90)	IncludesLastItemInRange Property	Property	Microsoft.ServiceModel.Channels.Mail.ExchangeWebService.Exchange2007	Microsoft.ServiceModel.Channels.Mail.ExchangeWebService (in Microsoft.ServiceModel.Channels.Mail.ExchangeWebService.dll)	3.5	CE6R3+	.NET Framework 3.5/General Reference for the .NET Framework/Additional Managed Reference Topics/Microsoft.ServiceModel.Channels.Mail.ExchangeWebService.Exchange2007 Namespace/FindItemParentType Class/FindItemParentType Properties /IncludesLastItemInRange Property 
bb340613(v=vs.90)	IncludesLastItemInRangeSpecified Property	Property	Microsoft.ServiceModel.Channels.Mail.ExchangeWebService.Exchange2007	Microsoft.ServiceModel.Channels.Mail.ExchangeWebService (in Microsoft.ServiceModel.Channels.Mail.ExchangeWebService.dll)	3.5	CE6R3+	.NET Framework 3.5/General Reference for the .NET Framework/Additional Managed Reference Topics/Microsoft.ServiceModel.Channels.Mail.ExchangeWebService.Exchange2007 Namespace/FindFolderParentType Class/FindFolderParentType Properties /IncludesLastItemInRangeSpecified Property 
bb353779(v=vs.90)	IncludesLastItemInRangeSpecified Property	Property	Microsoft.ServiceModel.Channels.Mail.ExchangeWebService.Exchange2007	Microsoft.ServiceModel.Channels.Mail.ExchangeWebService (in Microsoft.ServiceModel.Channels.Mail.ExchangeWebService.dll)	3.5	CE6R3+	.NET Framework 3.5/General Reference for the .NET Framework/Additional Managed Reference Topics/Microsoft.ServiceModel.Channels.Mail.ExchangeWebService.Exchange2007 Namespace/FindItemParentType Class/FindItemParentType Properties /IncludesLastItemInRangeSpecified Property 
bb335439(v=vs.90)	IndexBasePointType Enumeration	Enumeration	Microsoft.ServiceModel.Channels.Mail.ExchangeWebService.Exchange2007	Microsoft.ServiceModel.Channels.Mail.ExchangeWebService (in Microsoft.ServiceModel.Channels.Mail.ExchangeWebService.dll)	3.5	CE6R3+	.NET Framework 3.5/General Reference for the .NET Framework/Additional Managed Reference Topics/Microsoft.ServiceModel.Channels.Mail.ExchangeWebService.Exchange2007 Namespace/IndexBasePointType Enumeration
bb356468(v=vs.90)	IndexedPageViewType Class	Class	Microsoft.ServiceModel.Channels.Mail.ExchangeWebService.Exchange2007	Microsoft.ServiceModel.Channels.Mail.ExchangeWebService (in Microsoft.ServiceModel.Channels.Mail.ExchangeWebService.dll)	3.5	CE6R3+	.NET Framework 3.5/General Reference for the .NET Framework/Additional Managed Reference Topics/Microsoft.ServiceModel.Channels.Mail.ExchangeWebService.Exchange2007 Namespace/IndexedPageViewType Class
bb356821(v=vs.90)	IndexedPageViewType Constructor	Constructor	Microsoft.ServiceModel.Channels.Mail.ExchangeWebService.Exchange2007	Microsoft.ServiceModel.Channels.Mail.ExchangeWebService (in Microsoft.ServiceModel.Channels.Mail.ExchangeWebService.dll)	3.5	CE6R3+	.NET Framework 3.5/General Reference for the .NET Framework/Additional Managed Reference Topics/Microsoft.ServiceModel.Channels.Mail.ExchangeWebService.Exchange2007 Namespace/IndexedPageViewType Class/IndexedPageViewType Constructor 
bb292949(v=vs.90)	IndexedPagingOffset Property	Property	Microsoft.ServiceModel.Channels.Mail.ExchangeWebService.Exchange2007	Microsoft.ServiceModel.Channels.Mail.ExchangeWebService (in Microsoft.ServiceModel.Channels.Mail.ExchangeWebService.dll)	3.5	CE6R3+	.NET Framework 3.5/General Reference for the .NET Framework/Additional Managed Reference Topics/Microsoft.ServiceModel.Channels.Mail.ExchangeWebService.Exchange2007 Namespace/FindItemParentType Class/FindItemParentType Properties /IndexedPagingOffset Property 
bb356392(v=vs.90)	IndexedPagingOffset Property	Property	Microsoft.ServiceModel.Channels.Mail.ExchangeWebService.Exchange2007	Microsoft.ServiceModel.Channels.Mail.ExchangeWebService (in Microsoft.ServiceModel.Channels.Mail.ExchangeWebService.dll)	3.5	CE6R3+	.NET Framework 3.5/General Reference for the .NET Framework/Additional Managed Reference Topics/Microsoft.ServiceModel.Channels.Mail.ExchangeWebService.Exchange2007 Namespace/FindFolderParentType Class/FindFolderParentType Properties /IndexedPagingOffset Property 
bb345148(v=vs.90)	IndexedPagingOffsetSpecified Property	Property	Microsoft.ServiceModel.Channels.Mail.ExchangeWebService.Exchange2007	Microsoft.ServiceModel.Channels.Mail.ExchangeWebService (in Microsoft.ServiceModel.Channels.Mail.ExchangeWebService.dll)	3.5	CE6R3+	.NET Framework 3.5/General Reference for the .NET Framework/Additional Managed Reference Topics/Microsoft.ServiceModel.Channels.Mail.ExchangeWebService.Exchange2007 Namespace/FindFolderParentType Class/FindFolderParentType Properties /IndexedPagingOffsetSpecified Property 
bb347750(v=vs.90)	IndexedPagingOffsetSpecified Property	Property	Microsoft.ServiceModel.Channels.Mail.ExchangeWebService.Exchange2007	Microsoft.ServiceModel.Channels.Mail.ExchangeWebService (in Microsoft.ServiceModel.Channels.Mail.ExchangeWebService.dll)	3.5	CE6R3+	.NET Framework 3.5/General Reference for the .NET Framework/Additional Managed Reference Topics/Microsoft.ServiceModel.Channels.Mail.ExchangeWebService.Exchange2007 Namespace/FindItemParentType Class/FindItemParentType Properties /IndexedPagingOffsetSpecified Property 
bb336711(v=vs.90)	InternetHeaderType Class	Class	Microsoft.ServiceModel.Channels.Mail.ExchangeWebService.Exchange2007	Microsoft.ServiceModel.Channels.Mail.ExchangeWebService (in Microsoft.ServiceModel.Channels.Mail.ExchangeWebService.dll)	3.5	CE6R3+	.NET Framework 3.5/General Reference for the .NET Framework/Additional Managed Reference Topics/Microsoft.ServiceModel.Channels.Mail.ExchangeWebService.Exchange2007 Namespace/InternetHeaderType Class
bb359694(v=vs.90)	InternetHeaderType Constructor	Constructor	Microsoft.ServiceModel.Channels.Mail.ExchangeWebService.Exchange2007	Microsoft.ServiceModel.Channels.Mail.ExchangeWebService (in Microsoft.ServiceModel.Channels.Mail.ExchangeWebService.dll)	3.5	CE6R3+	.NET Framework 3.5/General Reference for the .NET Framework/Additional Managed Reference Topics/Microsoft.ServiceModel.Channels.Mail.ExchangeWebService.Exchange2007 Namespace/InternetHeaderType Class/InternetHeaderType Constructor 
bb346331(v=vs.90)	InternetMessageHeaders Property	Property	Microsoft.ServiceModel.Channels.Mail.ExchangeWebService.Exchange2007	Microsoft.ServiceModel.Channels.Mail.ExchangeWebService (in Microsoft.ServiceModel.Channels.Mail.ExchangeWebService.dll)	3.5	CE6R3+	.NET Framework 3.5/General Reference for the .NET Framework/Additional Managed Reference Topics/Microsoft.ServiceModel.Channels.Mail.ExchangeWebService.Exchange2007 Namespace/ItemType Class/ItemType Properties /InternetMessageHeaders Property 
bb354621(v=vs.90)	InternetMessageId Property	Property	Microsoft.ServiceModel.Channels.Mail.ExchangeWebService.Exchange2007	Microsoft.ServiceModel.Channels.Mail.ExchangeWebService (in Microsoft.ServiceModel.Channels.Mail.ExchangeWebService.dll)	3.5	CE6R3+	.NET Framework 3.5/General Reference for the .NET Framework/Additional Managed Reference Topics/Microsoft.ServiceModel.Channels.Mail.ExchangeWebService.Exchange2007 Namespace/MessageType Class/MessageType Properties /InternetMessageId Property 
bb350752(v=vs.90)	IsDeliveryReceiptRequested Property	Property	Microsoft.ServiceModel.Channels.Mail.ExchangeWebService.Exchange2007	Microsoft.ServiceModel.Channels.Mail.ExchangeWebService (in Microsoft.ServiceModel.Channels.Mail.ExchangeWebService.dll)	3.5	CE6R3+	.NET Framework 3.5/General Reference for the .NET Framework/Additional Managed Reference Topics/Microsoft.ServiceModel.Channels.Mail.ExchangeWebService.Exchange2007 Namespace/MessageType Class/MessageType Properties /IsDeliveryReceiptRequested Property 
bb461730(v=vs.90)	IsDeliveryReceiptRequestedSpecified Property	Property	Microsoft.ServiceModel.Channels.Mail.ExchangeWebService.Exchange2007	Microsoft.ServiceModel.Channels.Mail.ExchangeWebService (in Microsoft.ServiceModel.Channels.Mail.ExchangeWebService.dll)	3.5	CE6R3+	.NET Framework 3.5/General Reference for the .NET Framework/Additional Managed Reference Topics/Microsoft.ServiceModel.Channels.Mail.ExchangeWebService.Exchange2007 Namespace/MessageType Class/MessageType Properties /IsDeliveryReceiptRequestedSpecified Property 
bb360339(v=vs.90)	IsDraft Property	Property	Microsoft.ServiceModel.Channels.Mail.ExchangeWebService.Exchange2007	Microsoft.ServiceModel.Channels.Mail.ExchangeWebService (in Microsoft.ServiceModel.Channels.Mail.ExchangeWebService.dll)	3.5	CE6R3+	.NET Framework 3.5/General Reference for the .NET Framework/Additional Managed Reference Topics/Microsoft.ServiceModel.Channels.Mail.ExchangeWebService.Exchange2007 Namespace/ItemType Class/ItemType Properties /IsDraft Property 
bb292045(v=vs.90)	IsDraftSpecified Property	Property	Microsoft.ServiceModel.Channels.Mail.ExchangeWebService.Exchange2007	Microsoft.ServiceModel.Channels.Mail.ExchangeWebService (in Microsoft.ServiceModel.Channels.Mail.ExchangeWebService.dll)	3.5	CE6R3+	.NET Framework 3.5/General Reference for the .NET Framework/Additional Managed Reference Topics/Microsoft.ServiceModel.Channels.Mail.ExchangeWebService.Exchange2007 Namespace/ItemType Class/ItemType Properties /IsDraftSpecified Property 
bb338862(v=vs.90)	IsEqualToType Class	Class	Microsoft.ServiceModel.Channels.Mail.ExchangeWebService.Exchange2007	Microsoft.ServiceModel.Channels.Mail.ExchangeWebService (in Microsoft.ServiceModel.Channels.Mail.ExchangeWebService.dll)	3.5	CE6R3+	.NET Framework 3.5/General Reference for the .NET Framework/Additional Managed Reference Topics/Microsoft.ServiceModel.Channels.Mail.ExchangeWebService.Exchange2007 Namespace/IsEqualToType Class
bb383218(v=vs.90)	IsEqualToType Constructor	Constructor	Microsoft.ServiceModel.Channels.Mail.ExchangeWebService.Exchange2007	Microsoft.ServiceModel.Channels.Mail.ExchangeWebService (in Microsoft.ServiceModel.Channels.Mail.ExchangeWebService.dll)	3.5	CE6R3+	.NET Framework 3.5/General Reference for the .NET Framework/Additional Managed Reference Topics/Microsoft.ServiceModel.Channels.Mail.ExchangeWebService.Exchange2007 Namespace/IsEqualToType Class/IsEqualToType Constructor 
bb336254(v=vs.90)	IsFromMe Property	Property	Microsoft.ServiceModel.Channels.Mail.ExchangeWebService.Exchange2007	Microsoft.ServiceModel.Channels.Mail.ExchangeWebService (in Microsoft.ServiceModel.Channels.Mail.ExchangeWebService.dll)	3.5	CE6R3+	.NET Framework 3.5/General Reference for the .NET Framework/Additional Managed Reference Topics/Microsoft.ServiceModel.Channels.Mail.ExchangeWebService.Exchange2007 Namespace/ItemType Class/ItemType Properties /IsFromMe Property 
bb300671(v=vs.90)	IsFromMeSpecified Property	Property	Microsoft.ServiceModel.Channels.Mail.ExchangeWebService.Exchange2007	Microsoft.ServiceModel.Channels.Mail.ExchangeWebService (in Microsoft.ServiceModel.Channels.Mail.ExchangeWebService.dll)	3.5	CE6R3+	.NET Framework 3.5/General Reference for the .NET Framework/Additional Managed Reference Topics/Microsoft.ServiceModel.Channels.Mail.ExchangeWebService.Exchange2007 Namespace/ItemType Class/ItemType Properties /IsFromMeSpecified Property 
bb336589(v=vs.90)	IsGreaterThanOrEqualToType Class	Class	Microsoft.ServiceModel.Channels.Mail.ExchangeWebService.Exchange2007	Microsoft.ServiceModel.Channels.Mail.ExchangeWebService (in Microsoft.ServiceModel.Channels.Mail.ExchangeWebService.dll)	3.5	CE6R3+	.NET Framework 3.5/General Reference for the .NET Framework/Additional Managed Reference Topics/Microsoft.ServiceModel.Channels.Mail.ExchangeWebService.Exchange2007 Namespace/IsGreaterThanOrEqualToType Class
bb156007(v=vs.90)	IsGreaterThanOrEqualToType Constructor	Constructor	Microsoft.ServiceModel.Channels.Mail.ExchangeWebService.Exchange2007	Microsoft.ServiceModel.Channels.Mail.ExchangeWebService (in Microsoft.ServiceModel.Channels.Mail.ExchangeWebService.dll)	3.5	CE6R3+	.NET Framework 3.5/General Reference for the .NET Framework/Additional Managed Reference Topics/Microsoft.ServiceModel.Channels.Mail.ExchangeWebService.Exchange2007 Namespace/IsGreaterThanOrEqualToType Class/IsGreaterThanOrEqualToType Constructor 
bb352001(v=vs.90)	IsGreaterThanType Class	Class	Microsoft.ServiceModel.Channels.Mail.ExchangeWebService.Exchange2007	Microsoft.ServiceModel.Channels.Mail.ExchangeWebService (in Microsoft.ServiceModel.Channels.Mail.ExchangeWebService.dll)	3.5	CE6R3+	.NET Framework 3.5/General Reference for the .NET Framework/Additional Managed Reference Topics/Microsoft.ServiceModel.Channels.Mail.ExchangeWebService.Exchange2007 Namespace/IsGreaterThanType Class
bb361084(v=vs.90)	IsGreaterThanType Constructor	Constructor	Microsoft.ServiceModel.Channels.Mail.ExchangeWebService.Exchange2007	Microsoft.ServiceModel.Channels.Mail.ExchangeWebService (in Microsoft.ServiceModel.Channels.Mail.ExchangeWebService.dll)	3.5	CE6R3+	.NET Framework 3.5/General Reference for the .NET Framework/Additional Managed Reference Topics/Microsoft.ServiceModel.Channels.Mail.ExchangeWebService.Exchange2007 Namespace/IsGreaterThanType Class/IsGreaterThanType Constructor 
bb352368(v=vs.90)	IsLessThanOrEqualToType Class	Class	Microsoft.ServiceModel.Channels.Mail.ExchangeWebService.Exchange2007	Microsoft.ServiceModel.Channels.Mail.ExchangeWebService (in Microsoft.ServiceModel.Channels.Mail.ExchangeWebService.dll)	3.5	CE6R3+	.NET Framework 3.5/General Reference for the .NET Framework/Additional Managed Reference Topics/Microsoft.ServiceModel.Channels.Mail.ExchangeWebService.Exchange2007 Namespace/IsLessThanOrEqualToType Class
bb341835(v=vs.90)	IsLessThanOrEqualToType Constructor	Constructor	Microsoft.ServiceModel.Channels.Mail.ExchangeWebService.Exchange2007	Microsoft.ServiceModel.Channels.Mail.ExchangeWebService (in Microsoft.ServiceModel.Channels.Mail.ExchangeWebService.dll)	3.5	CE6R3+	.NET Framework 3.5/General Reference for the .NET Framework/Additional Managed Reference Topics/Microsoft.ServiceModel.Channels.Mail.ExchangeWebService.Exchange2007 Namespace/IsLessThanOrEqualToType Class/IsLessThanOrEqualToType Constructor 
bb339629(v=vs.90)	IsLessThanType Class	Class	Microsoft.ServiceModel.Channels.Mail.ExchangeWebService.Exchange2007	Microsoft.ServiceModel.Channels.Mail.ExchangeWebService (in Microsoft.ServiceModel.Channels.Mail.ExchangeWebService.dll)	3.5	CE6R3+	.NET Framework 3.5/General Reference for the .NET Framework/Additional Managed Reference Topics/Microsoft.ServiceModel.Channels.Mail.ExchangeWebService.Exchange2007 Namespace/IsLessThanType Class
bb494293(v=vs.90)	IsLessThanType Constructor	Constructor	Microsoft.ServiceModel.Channels.Mail.ExchangeWebService.Exchange2007	Microsoft.ServiceModel.Channels.Mail.ExchangeWebService (in Microsoft.ServiceModel.Channels.Mail.ExchangeWebService.dll)	3.5	CE6R3+	.NET Framework 3.5/General Reference for the .NET Framework/Additional Managed Reference Topics/Microsoft.ServiceModel.Channels.Mail.ExchangeWebService.Exchange2007 Namespace/IsLessThanType Class/IsLessThanType Constructor 
bb493870(v=vs.90)	IsNotEqualToType Class	Class	Microsoft.ServiceModel.Channels.Mail.ExchangeWebService.Exchange2007	Microsoft.ServiceModel.Channels.Mail.ExchangeWebService (in Microsoft.ServiceModel.Channels.Mail.ExchangeWebService.dll)	3.5	CE6R3+	.NET Framework 3.5/General Reference for the .NET Framework/Additional Managed Reference Topics/Microsoft.ServiceModel.Channels.Mail.ExchangeWebService.Exchange2007 Namespace/IsNotEqualToType Class
bb354611(v=vs.90)	IsNotEqualToType Constructor	Constructor	Microsoft.ServiceModel.Channels.Mail.ExchangeWebService.Exchange2007	Microsoft.ServiceModel.Channels.Mail.ExchangeWebService (in Microsoft.ServiceModel.Channels.Mail.ExchangeWebService.dll)	3.5	CE6R3+	.NET Framework 3.5/General Reference for the .NET Framework/Additional Managed Reference Topics/Microsoft.ServiceModel.Channels.Mail.ExchangeWebService.Exchange2007 Namespace/IsNotEqualToType Class/IsNotEqualToType Constructor 
bb351356(v=vs.90)	IsRead Property	Property	Microsoft.ServiceModel.Channels.Mail.ExchangeWebService.Exchange2007	Microsoft.ServiceModel.Channels.Mail.ExchangeWebService (in Microsoft.ServiceModel.Channels.Mail.ExchangeWebService.dll)	3.5	CE6R3+	.NET Framework 3.5/General Reference for the .NET Framework/Additional Managed Reference Topics/Microsoft.ServiceModel.Channels.Mail.ExchangeWebService.Exchange2007 Namespace/MessageType Class/MessageType Properties /IsRead Property 
bb298821(v=vs.90)	IsReadReceiptRequested Property	Property	Microsoft.ServiceModel.Channels.Mail.ExchangeWebService.Exchange2007	Microsoft.ServiceModel.Channels.Mail.ExchangeWebService (in Microsoft.ServiceModel.Channels.Mail.ExchangeWebService.dll)	3.5	CE6R3+	.NET Framework 3.5/General Reference for the .NET Framework/Additional Managed Reference Topics/Microsoft.ServiceModel.Channels.Mail.ExchangeWebService.Exchange2007 Namespace/MessageType Class/MessageType Properties /IsReadReceiptRequested Property 
bb345348(v=vs.90)	IsReadReceiptRequestedSpecified Property	Property	Microsoft.ServiceModel.Channels.Mail.ExchangeWebService.Exchange2007	Microsoft.ServiceModel.Channels.Mail.ExchangeWebService (in Microsoft.ServiceModel.Channels.Mail.ExchangeWebService.dll)	3.5	CE6R3+	.NET Framework 3.5/General Reference for the .NET Framework/Additional Managed Reference Topics/Microsoft.ServiceModel.Channels.Mail.ExchangeWebService.Exchange2007 Namespace/MessageType Class/MessageType Properties /IsReadReceiptRequestedSpecified Property 
bb339715(v=vs.90)	IsReadSpecified Property	Property	Microsoft.ServiceModel.Channels.Mail.ExchangeWebService.Exchange2007	Microsoft.ServiceModel.Channels.Mail.ExchangeWebService (in Microsoft.ServiceModel.Channels.Mail.ExchangeWebService.dll)	3.5	CE6R3+	.NET Framework 3.5/General Reference for the .NET Framework/Additional Managed Reference Topics/Microsoft.ServiceModel.Channels.Mail.ExchangeWebService.Exchange2007 Namespace/MessageType Class/MessageType Properties /IsReadSpecified Property 
bb336076(v=vs.90)	IsResend Property	Property	Microsoft.ServiceModel.Channels.Mail.ExchangeWebService.Exchange2007	Microsoft.ServiceModel.Channels.Mail.ExchangeWebService (in Microsoft.ServiceModel.Channels.Mail.ExchangeWebService.dll)	3.5	CE6R3+	.NET Framework 3.5/General Reference for the .NET Framework/Additional Managed Reference Topics/Microsoft.ServiceModel.Channels.Mail.ExchangeWebService.Exchange2007 Namespace/ItemType Class/ItemType Properties /IsResend Property 
bb348634(v=vs.90)	IsResendSpecified Property	Property	Microsoft.ServiceModel.Channels.Mail.ExchangeWebService.Exchange2007	Microsoft.ServiceModel.Channels.Mail.ExchangeWebService (in Microsoft.ServiceModel.Channels.Mail.ExchangeWebService.dll)	3.5	CE6R3+	.NET Framework 3.5/General Reference for the .NET Framework/Additional Managed Reference Topics/Microsoft.ServiceModel.Channels.Mail.ExchangeWebService.Exchange2007 Namespace/ItemType Class/ItemType Properties /IsResendSpecified Property 
bb291916(v=vs.90)	IsResponseRequested Property	Property	Microsoft.ServiceModel.Channels.Mail.ExchangeWebService.Exchange2007	Microsoft.ServiceModel.Channels.Mail.ExchangeWebService (in Microsoft.ServiceModel.Channels.Mail.ExchangeWebService.dll)	3.5	CE6R3+	.NET Framework 3.5/General Reference for the .NET Framework/Additional Managed Reference Topics/Microsoft.ServiceModel.Channels.Mail.ExchangeWebService.Exchange2007 Namespace/MessageType Class/MessageType Properties /IsResponseRequested Property 
bb354037(v=vs.90)	IsResponseRequestedSpecified Property	Property	Microsoft.ServiceModel.Channels.Mail.ExchangeWebService.Exchange2007	Microsoft.ServiceModel.Channels.Mail.ExchangeWebService (in Microsoft.ServiceModel.Channels.Mail.ExchangeWebService.dll)	3.5	CE6R3+	.NET Framework 3.5/General Reference for the .NET Framework/Additional Managed Reference Topics/Microsoft.ServiceModel.Channels.Mail.ExchangeWebService.Exchange2007 Namespace/MessageType Class/MessageType Properties /IsResponseRequestedSpecified Property 
bb292248(v=vs.90)	IsSubmitted Property	Property	Microsoft.ServiceModel.Channels.Mail.ExchangeWebService.Exchange2007	Microsoft.ServiceModel.Channels.Mail.ExchangeWebService (in Microsoft.ServiceModel.Channels.Mail.ExchangeWebService.dll)	3.5	CE6R3+	.NET Framework 3.5/General Reference for the .NET Framework/Additional Managed Reference Topics/Microsoft.ServiceModel.Channels.Mail.ExchangeWebService.Exchange2007 Namespace/ItemType Class/ItemType Properties /IsSubmitted Property 
bb300902(v=vs.90)	IsSubmittedSpecified Property	Property	Microsoft.ServiceModel.Channels.Mail.ExchangeWebService.Exchange2007	Microsoft.ServiceModel.Channels.Mail.ExchangeWebService (in Microsoft.ServiceModel.Channels.Mail.ExchangeWebService.dll)	3.5	CE6R3+	.NET Framework 3.5/General Reference for the .NET Framework/Additional Managed Reference Topics/Microsoft.ServiceModel.Channels.Mail.ExchangeWebService.Exchange2007 Namespace/ItemType Class/ItemType Properties /IsSubmittedSpecified Property 
bb340292(v=vs.90)	IsUnmodified Property	Property	Microsoft.ServiceModel.Channels.Mail.ExchangeWebService.Exchange2007	Microsoft.ServiceModel.Channels.Mail.ExchangeWebService (in Microsoft.ServiceModel.Channels.Mail.ExchangeWebService.dll)	3.5	CE6R3+	.NET Framework 3.5/General Reference for the .NET Framework/Additional Managed Reference Topics/Microsoft.ServiceModel.Channels.Mail.ExchangeWebService.Exchange2007 Namespace/ItemType Class/ItemType Properties /IsUnmodified Property 
bb292618(v=vs.90)	IsUnmodifiedSpecified Property	Property	Microsoft.ServiceModel.Channels.Mail.ExchangeWebService.Exchange2007	Microsoft.ServiceModel.Channels.Mail.ExchangeWebService (in Microsoft.ServiceModel.Channels.Mail.ExchangeWebService.dll)	3.5	CE6R3+	.NET Framework 3.5/General Reference for the .NET Framework/Additional Managed Reference Topics/Microsoft.ServiceModel.Channels.Mail.ExchangeWebService.Exchange2007 Namespace/ItemType Class/ItemType Properties /IsUnmodifiedSpecified Property 
bb155234(v=vs.90)	Item Property	Property	Microsoft.ServiceModel.Channels.Mail.ExchangeWebService.Exchange2007	Microsoft.ServiceModel.Channels.Mail.ExchangeWebService (in Microsoft.ServiceModel.Channels.Mail.ExchangeWebService.dll)	3.5	CE6R3+	.NET Framework 3.5/General Reference for the .NET Framework/Additional Managed Reference Topics/Microsoft.ServiceModel.Channels.Mail.ExchangeWebService.Exchange2007 Namespace/ExistsType Class/ExistsType Properties /Item Property 
bb155974(v=vs.90)	Item Property	Property	Microsoft.ServiceModel.Channels.Mail.ExchangeWebService.Exchange2007	Microsoft.ServiceModel.Channels.Mail.ExchangeWebService (in Microsoft.ServiceModel.Channels.Mail.ExchangeWebService.dll)	3.5	CE6R3+	.NET Framework 3.5/General Reference for the .NET Framework/Additional Managed Reference Topics/Microsoft.ServiceModel.Channels.Mail.ExchangeWebService.Exchange2007 Namespace/RestrictionType Class/RestrictionType Properties /Item Property 
bb298004(v=vs.90)	Item Property	Property	Microsoft.ServiceModel.Channels.Mail.ExchangeWebService.Exchange2007	Microsoft.ServiceModel.Channels.Mail.ExchangeWebService (in Microsoft.ServiceModel.Channels.Mail.ExchangeWebService.dll)	3.5	CE6R3+	.NET Framework 3.5/General Reference for the .NET Framework/Additional Managed Reference Topics/Microsoft.ServiceModel.Channels.Mail.ExchangeWebService.Exchange2007 Namespace/FieldOrderType Class/FieldOrderType Properties /Item Property 
bb300472(v=vs.90)	Item Property	Property	Microsoft.ServiceModel.Channels.Mail.ExchangeWebService.Exchange2007	Microsoft.ServiceModel.Channels.Mail.ExchangeWebService (in Microsoft.ServiceModel.Channels.Mail.ExchangeWebService.dll)	3.5	CE6R3+	.NET Framework 3.5/General Reference for the .NET Framework/Additional Managed Reference Topics/Microsoft.ServiceModel.Channels.Mail.ExchangeWebService.Exchange2007 Namespace/FindItemType Class/FindItemType Properties /Item Property 
bb300527(v=vs.90)	Item Property	Property	Microsoft.ServiceModel.Channels.Mail.ExchangeWebService.Exchange2007	Microsoft.ServiceModel.Channels.Mail.ExchangeWebService (in Microsoft.ServiceModel.Channels.Mail.ExchangeWebService.dll)	3.5	CE6R3+	.NET Framework 3.5/General Reference for the .NET Framework/Additional Managed Reference Topics/Microsoft.ServiceModel.Channels.Mail.ExchangeWebService.Exchange2007 Namespace/FindFolderType Class/FindFolderType Properties /Item Property 
bb335626(v=vs.90)	Item Property	Property	Microsoft.ServiceModel.Channels.Mail.ExchangeWebService.Exchange2007	Microsoft.ServiceModel.Channels.Mail.ExchangeWebService (in Microsoft.ServiceModel.Channels.Mail.ExchangeWebService.dll)	3.5	CE6R3+	.NET Framework 3.5/General Reference for the .NET Framework/Additional Managed Reference Topics/Microsoft.ServiceModel.Channels.Mail.ExchangeWebService.Exchange2007 Namespace/BaseObjectChangedEventType Class/BaseObjectChangedEventType Properties /Item Property 
bb339383(v=vs.90)	Item Property	Property	Microsoft.ServiceModel.Channels.Mail.ExchangeWebService.Exchange2007	Microsoft.ServiceModel.Channels.Mail.ExchangeWebService (in Microsoft.ServiceModel.Channels.Mail.ExchangeWebService.dll)	3.5	CE6R3+	.NET Framework 3.5/General Reference for the .NET Framework/Additional Managed Reference Topics/Microsoft.ServiceModel.Channels.Mail.ExchangeWebService.Exchange2007 Namespace/SingleRecipientType Class/SingleRecipientType Properties /Item Property 
bb340302(v=vs.90)	Item Property	Property	Microsoft.ServiceModel.Channels.Mail.ExchangeWebService.Exchange2007	Microsoft.ServiceModel.Channels.Mail.ExchangeWebService (in Microsoft.ServiceModel.Channels.Mail.ExchangeWebService.dll)	3.5	CE6R3+	.NET Framework 3.5/General Reference for the .NET Framework/Additional Managed Reference Topics/Microsoft.ServiceModel.Channels.Mail.ExchangeWebService.Exchange2007 Namespace/TargetFolderIdType Class/TargetFolderIdType Properties /Item Property 
bb341801(v=vs.90)	Item Property	Property	Microsoft.ServiceModel.Channels.Mail.ExchangeWebService.Exchange2007	Microsoft.ServiceModel.Channels.Mail.ExchangeWebService (in Microsoft.ServiceModel.Channels.Mail.ExchangeWebService.dll)	3.5	CE6R3+	.NET Framework 3.5/General Reference for the .NET Framework/Additional Managed Reference Topics/Microsoft.ServiceModel.Channels.Mail.ExchangeWebService.Exchange2007 Namespace/SubscribeType Class/SubscribeType Properties /Item Property 
bb342051(v=vs.90)	Item Property	Property	Microsoft.ServiceModel.Channels.Mail.ExchangeWebService.Exchange2007	Microsoft.ServiceModel.Channels.Mail.ExchangeWebService (in Microsoft.ServiceModel.Channels.Mail.ExchangeWebService.dll)	3.5	CE6R3+	.NET Framework 3.5/General Reference for the .NET Framework/Additional Managed Reference Topics/Microsoft.ServiceModel.Channels.Mail.ExchangeWebService.Exchange2007 Namespace/ExcludesType Class/ExcludesType Properties /Item Property 
bb342623(v=vs.90)	Item Property	Property	Microsoft.ServiceModel.Channels.Mail.ExchangeWebService.Exchange2007	Microsoft.ServiceModel.Channels.Mail.ExchangeWebService (in Microsoft.ServiceModel.Channels.Mail.ExchangeWebService.dll)	3.5	CE6R3+	.NET Framework 3.5/General Reference for the .NET Framework/Additional Managed Reference Topics/Microsoft.ServiceModel.Channels.Mail.ExchangeWebService.Exchange2007 Namespace/TwoOperandExpressionType Class/TwoOperandExpressionType Properties /Item Property 
bb344159(v=vs.90)	Item Property	Property	Microsoft.ServiceModel.Channels.Mail.ExchangeWebService.Exchange2007	Microsoft.ServiceModel.Channels.Mail.ExchangeWebService (in Microsoft.ServiceModel.Channels.Mail.ExchangeWebService.dll)	3.5	CE6R3+	.NET Framework 3.5/General Reference for the .NET Framework/Additional Managed Reference Topics/Microsoft.ServiceModel.Channels.Mail.ExchangeWebService.Exchange2007 Namespace/ItemAttachmentType Class/ItemAttachmentType Properties /Item Property 
bb347901(v=vs.90)	Item Property	Property	Microsoft.ServiceModel.Channels.Mail.ExchangeWebService.Exchange2007	Microsoft.ServiceModel.Channels.Mail.ExchangeWebService (in Microsoft.ServiceModel.Channels.Mail.ExchangeWebService.dll)	3.5	CE6R3+	.NET Framework 3.5/General Reference for the .NET Framework/Additional Managed Reference Topics/Microsoft.ServiceModel.Channels.Mail.ExchangeWebService.Exchange2007 Namespace/ExtendedPropertyType Class/ExtendedPropertyType Properties /Item Property 
bb349069(v=vs.90)	Item Property	Property	Microsoft.ServiceModel.Channels.Mail.ExchangeWebService.Exchange2007	Microsoft.ServiceModel.Channels.Mail.ExchangeWebService (in Microsoft.ServiceModel.Channels.Mail.ExchangeWebService.dll)	3.5	CE6R3+	.NET Framework 3.5/General Reference for the .NET Framework/Additional Managed Reference Topics/Microsoft.ServiceModel.Channels.Mail.ExchangeWebService.Exchange2007 Namespace/ContainsExpressionType Class/ContainsExpressionType Properties /Item Property 
bb352741(v=vs.90)	Item Property	Property	Microsoft.ServiceModel.Channels.Mail.ExchangeWebService.Exchange2007	Microsoft.ServiceModel.Channels.Mail.ExchangeWebService (in Microsoft.ServiceModel.Channels.Mail.ExchangeWebService.dll)	3.5	CE6R3+	.NET Framework 3.5/General Reference for the .NET Framework/Additional Managed Reference Topics/Microsoft.ServiceModel.Channels.Mail.ExchangeWebService.Exchange2007 Namespace/NotType Class/NotType Properties /Item Property 
bb353688(v=vs.90)	Item Property	Property	Microsoft.ServiceModel.Channels.Mail.ExchangeWebService.Exchange2007	Microsoft.ServiceModel.Channels.Mail.ExchangeWebService (in Microsoft.ServiceModel.Channels.Mail.ExchangeWebService.dll)	3.5	CE6R3+	.NET Framework 3.5/General Reference for the .NET Framework/Additional Managed Reference Topics/Microsoft.ServiceModel.Channels.Mail.ExchangeWebService.Exchange2007 Namespace/FindItemParentType Class/FindItemParentType Properties /Item Property 
bb356894(v=vs.90)	Item Property	Property	Microsoft.ServiceModel.Channels.Mail.ExchangeWebService.Exchange2007	Microsoft.ServiceModel.Channels.Mail.ExchangeWebService (in Microsoft.ServiceModel.Channels.Mail.ExchangeWebService.dll)	3.5	CE6R3+	.NET Framework 3.5/General Reference for the .NET Framework/Additional Managed Reference Topics/Microsoft.ServiceModel.Channels.Mail.ExchangeWebService.Exchange2007 Namespace/FieldURIOrConstantType Class/FieldURIOrConstantType Properties /Item Property 
bb359152(v=vs.90)	Item1 Property	Property	Microsoft.ServiceModel.Channels.Mail.ExchangeWebService.Exchange2007	Microsoft.ServiceModel.Channels.Mail.ExchangeWebService (in Microsoft.ServiceModel.Channels.Mail.ExchangeWebService.dll)	3.5	CE6R3+	.NET Framework 3.5/General Reference for the .NET Framework/Additional Managed Reference Topics/Microsoft.ServiceModel.Channels.Mail.ExchangeWebService.Exchange2007 Namespace/MovedCopiedEventType Class/MovedCopiedEventType Properties /Item1 Property 
bb348774(v=vs.90)	ItemAttachmentType Class	Class	Microsoft.ServiceModel.Channels.Mail.ExchangeWebService.Exchange2007	Microsoft.ServiceModel.Channels.Mail.ExchangeWebService (in Microsoft.ServiceModel.Channels.Mail.ExchangeWebService.dll)	3.5	CE6R3+	.NET Framework 3.5/General Reference for the .NET Framework/Additional Managed Reference Topics/Microsoft.ServiceModel.Channels.Mail.ExchangeWebService.Exchange2007 Namespace/ItemAttachmentType Class
bb154879(v=vs.90)	ItemAttachmentType Constructor	Constructor	Microsoft.ServiceModel.Channels.Mail.ExchangeWebService.Exchange2007	Microsoft.ServiceModel.Channels.Mail.ExchangeWebService (in Microsoft.ServiceModel.Channels.Mail.ExchangeWebService.dll)	3.5	CE6R3+	.NET Framework 3.5/General Reference for the .NET Framework/Additional Managed Reference Topics/Microsoft.ServiceModel.Channels.Mail.ExchangeWebService.Exchange2007 Namespace/ItemAttachmentType Class/ItemAttachmentType Constructor 
bb341314(v=vs.90)	ItemClass Property	Property	Microsoft.ServiceModel.Channels.Mail.ExchangeWebService.Exchange2007	Microsoft.ServiceModel.Channels.Mail.ExchangeWebService (in Microsoft.ServiceModel.Channels.Mail.ExchangeWebService.dll)	3.5	CE6R3+	.NET Framework 3.5/General Reference for the .NET Framework/Additional Managed Reference Topics/Microsoft.ServiceModel.Channels.Mail.ExchangeWebService.Exchange2007 Namespace/ItemType Class/ItemType Properties /ItemClass Property 
bb156305(v=vs.90)	ItemId Property	Property	Microsoft.ServiceModel.Channels.Mail.ExchangeWebService.Exchange2007	Microsoft.ServiceModel.Channels.Mail.ExchangeWebService (in Microsoft.ServiceModel.Channels.Mail.ExchangeWebService.dll)	3.5	CE6R3+	.NET Framework 3.5/General Reference for the .NET Framework/Additional Managed Reference Topics/Microsoft.ServiceModel.Channels.Mail.ExchangeWebService.Exchange2007 Namespace/ItemType Class/ItemType Properties /ItemId Property 
bb358683(v=vs.90)	ItemId Property	Property	Microsoft.ServiceModel.Channels.Mail.ExchangeWebService.Exchange2007	Microsoft.ServiceModel.Channels.Mail.ExchangeWebService (in Microsoft.ServiceModel.Channels.Mail.ExchangeWebService.dll)	3.5	CE6R3+	.NET Framework 3.5/General Reference for the .NET Framework/Additional Managed Reference Topics/Microsoft.ServiceModel.Channels.Mail.ExchangeWebService.Exchange2007 Namespace/EmailAddressType Class/EmailAddressType Properties /ItemId Property 
bb352378(v=vs.90)	ItemIdType Class	Class	Microsoft.ServiceModel.Channels.Mail.ExchangeWebService.Exchange2007	Microsoft.ServiceModel.Channels.Mail.ExchangeWebService (in Microsoft.ServiceModel.Channels.Mail.ExchangeWebService.dll)	3.5	CE6R3+	.NET Framework 3.5/General Reference for the .NET Framework/Additional Managed Reference Topics/Microsoft.ServiceModel.Channels.Mail.ExchangeWebService.Exchange2007 Namespace/ItemIdType Class
bb343899(v=vs.90)	ItemIdType Constructor	Constructor	Microsoft.ServiceModel.Channels.Mail.ExchangeWebService.Exchange2007	Microsoft.ServiceModel.Channels.Mail.ExchangeWebService (in Microsoft.ServiceModel.Channels.Mail.ExchangeWebService.dll)	3.5	CE6R3+	.NET Framework 3.5/General Reference for the .NET Framework/Additional Managed Reference Topics/Microsoft.ServiceModel.Channels.Mail.ExchangeWebService.Exchange2007 Namespace/ItemIdType Class/ItemIdType Constructor 
bb346319(v=vs.90)	ItemIds Property	Property	Microsoft.ServiceModel.Channels.Mail.ExchangeWebService.Exchange2007	Microsoft.ServiceModel.Channels.Mail.ExchangeWebService (in Microsoft.ServiceModel.Channels.Mail.ExchangeWebService.dll)	3.5	CE6R3+	.NET Framework 3.5/General Reference for the .NET Framework/Additional Managed Reference Topics/Microsoft.ServiceModel.Channels.Mail.ExchangeWebService.Exchange2007 Namespace/DeleteItemType Class/DeleteItemType Properties /ItemIds Property 
bb349005(v=vs.90)	ItemIds Property	Property	Microsoft.ServiceModel.Channels.Mail.ExchangeWebService.Exchange2007	Microsoft.ServiceModel.Channels.Mail.ExchangeWebService (in Microsoft.ServiceModel.Channels.Mail.ExchangeWebService.dll)	3.5	CE6R3+	.NET Framework 3.5/General Reference for the .NET Framework/Additional Managed Reference Topics/Microsoft.ServiceModel.Channels.Mail.ExchangeWebService.Exchange2007 Namespace/SendItemType Class/SendItemType Properties /ItemIds Property 
bb357541(v=vs.90)	ItemIds Property	Property	Microsoft.ServiceModel.Channels.Mail.ExchangeWebService.Exchange2007	Microsoft.ServiceModel.Channels.Mail.ExchangeWebService (in Microsoft.ServiceModel.Channels.Mail.ExchangeWebService.dll)	3.5	CE6R3+	.NET Framework 3.5/General Reference for the .NET Framework/Additional Managed Reference Topics/Microsoft.ServiceModel.Channels.Mail.ExchangeWebService.Exchange2007 Namespace/GetItemType Class/GetItemType Properties /ItemIds Property 
bb342329(v=vs.90)	ItemInfoResponseMessageType Class	Class	Microsoft.ServiceModel.Channels.Mail.ExchangeWebService.Exchange2007	Microsoft.ServiceModel.Channels.Mail.ExchangeWebService (in Microsoft.ServiceModel.Channels.Mail.ExchangeWebService.dll)	3.5	CE6R3+	.NET Framework 3.5/General Reference for the .NET Framework/Additional Managed Reference Topics/Microsoft.ServiceModel.Channels.Mail.ExchangeWebService.Exchange2007 Namespace/ItemInfoResponseMessageType Class
bb347458(v=vs.90)	ItemInfoResponseMessageType Constructor	Constructor	Microsoft.ServiceModel.Channels.Mail.ExchangeWebService.Exchange2007	Microsoft.ServiceModel.Channels.Mail.ExchangeWebService (in Microsoft.ServiceModel.Channels.Mail.ExchangeWebService.dll)	3.5	CE6R3+	.NET Framework 3.5/General Reference for the .NET Framework/Additional Managed Reference Topics/Microsoft.ServiceModel.Channels.Mail.ExchangeWebService.Exchange2007 Namespace/ItemInfoResponseMessageType Class/ItemInfoResponseMessageType Constructor 
bb339908(v=vs.90)	ItemQueryTraversalType Enumeration	Enumeration	Microsoft.ServiceModel.Channels.Mail.ExchangeWebService.Exchange2007	Microsoft.ServiceModel.Channels.Mail.ExchangeWebService (in Microsoft.ServiceModel.Channels.Mail.ExchangeWebService.dll)	3.5	CE6R3+	.NET Framework 3.5/General Reference for the .NET Framework/Additional Managed Reference Topics/Microsoft.ServiceModel.Channels.Mail.ExchangeWebService.Exchange2007 Namespace/ItemQueryTraversalType Enumeration
bb156161(v=vs.90)	ItemResponseShapeType Class	Class	Microsoft.ServiceModel.Channels.Mail.ExchangeWebService.Exchange2007	Microsoft.ServiceModel.Channels.Mail.ExchangeWebService (in Microsoft.ServiceModel.Channels.Mail.ExchangeWebService.dll)	3.5	CE6R3+	.NET Framework 3.5/General Reference for the .NET Framework/Additional Managed Reference Topics/Microsoft.ServiceModel.Channels.Mail.ExchangeWebService.Exchange2007 Namespace/ItemResponseShapeType Class
bb154980(v=vs.90)	ItemResponseShapeType Constructor	Constructor	Microsoft.ServiceModel.Channels.Mail.ExchangeWebService.Exchange2007	Microsoft.ServiceModel.Channels.Mail.ExchangeWebService (in Microsoft.ServiceModel.Channels.Mail.ExchangeWebService.dll)	3.5	CE6R3+	.NET Framework 3.5/General Reference for the .NET Framework/Additional Managed Reference Topics/Microsoft.ServiceModel.Channels.Mail.ExchangeWebService.Exchange2007 Namespace/ItemResponseShapeType Class/ItemResponseShapeType Constructor 
bb339436(v=vs.90)	ItemShape Property	Property	Microsoft.ServiceModel.Channels.Mail.ExchangeWebService.Exchange2007	Microsoft.ServiceModel.Channels.Mail.ExchangeWebService (in Microsoft.ServiceModel.Channels.Mail.ExchangeWebService.dll)	3.5	CE6R3+	.NET Framework 3.5/General Reference for the .NET Framework/Additional Managed Reference Topics/Microsoft.ServiceModel.Channels.Mail.ExchangeWebService.Exchange2007 Namespace/GetItemType Class/GetItemType Properties /ItemShape Property 
bb494284(v=vs.90)	ItemShape Property	Property	Microsoft.ServiceModel.Channels.Mail.ExchangeWebService.Exchange2007	Microsoft.ServiceModel.Channels.Mail.ExchangeWebService (in Microsoft.ServiceModel.Channels.Mail.ExchangeWebService.dll)	3.5	CE6R3+	.NET Framework 3.5/General Reference for the .NET Framework/Additional Managed Reference Topics/Microsoft.ServiceModel.Channels.Mail.ExchangeWebService.Exchange2007 Namespace/FindItemType Class/FindItemType Properties /ItemShape Property 
bb350602(v=vs.90)	ItemType Class	Class	Microsoft.ServiceModel.Channels.Mail.ExchangeWebService.Exchange2007	Microsoft.ServiceModel.Channels.Mail.ExchangeWebService (in Microsoft.ServiceModel.Channels.Mail.ExchangeWebService.dll)	3.5	CE6R3+	.NET Framework 3.5/General Reference for the .NET Framework/Additional Managed Reference Topics/Microsoft.ServiceModel.Channels.Mail.ExchangeWebService.Exchange2007 Namespace/ItemType Class
bb342887(v=vs.90)	ItemType Constructor	Constructor	Microsoft.ServiceModel.Channels.Mail.ExchangeWebService.Exchange2007	Microsoft.ServiceModel.Channels.Mail.ExchangeWebService (in Microsoft.ServiceModel.Channels.Mail.ExchangeWebService.dll)	3.5	CE6R3+	.NET Framework 3.5/General Reference for the .NET Framework/Additional Managed Reference Topics/Microsoft.ServiceModel.Channels.Mail.ExchangeWebService.Exchange2007 Namespace/ItemType Class/ItemType Constructor 
bb338440(v=vs.90)	Items Property	Property	Microsoft.ServiceModel.Channels.Mail.ExchangeWebService.Exchange2007	Microsoft.ServiceModel.Channels.Mail.ExchangeWebService (in Microsoft.ServiceModel.Channels.Mail.ExchangeWebService.dll)	3.5	CE6R3+	.NET Framework 3.5/General Reference for the .NET Framework/Additional Managed Reference Topics/Microsoft.ServiceModel.Channels.Mail.ExchangeWebService.Exchange2007 Namespace/ArrayOfGroupedItemsType Class/ArrayOfGroupedItemsType Properties /Items Property 
bb344590(v=vs.90)	Items Property	Property	Microsoft.ServiceModel.Channels.Mail.ExchangeWebService.Exchange2007	Microsoft.ServiceModel.Channels.Mail.ExchangeWebService (in Microsoft.ServiceModel.Channels.Mail.ExchangeWebService.dll)	3.5	CE6R3+	.NET Framework 3.5/General Reference for the .NET Framework/Additional Managed Reference Topics/Microsoft.ServiceModel.Channels.Mail.ExchangeWebService.Exchange2007 Namespace/ArrayOfResponseMessagesType Class/ArrayOfResponseMessagesType Properties /Items Property 
bb346082(v=vs.90)	Items Property	Property	Microsoft.ServiceModel.Channels.Mail.ExchangeWebService.Exchange2007	Microsoft.ServiceModel.Channels.Mail.ExchangeWebService (in Microsoft.ServiceModel.Channels.Mail.ExchangeWebService.dll)	3.5	CE6R3+	.NET Framework 3.5/General Reference for the .NET Framework/Additional Managed Reference Topics/Microsoft.ServiceModel.Channels.Mail.ExchangeWebService.Exchange2007 Namespace/NonEmptyArrayOfPropertyValuesType Class/NonEmptyArrayOfPropertyValuesType Properties /Items Property 
bb346233(v=vs.90)	Items Property	Property	Microsoft.ServiceModel.Channels.Mail.ExchangeWebService.Exchange2007	Microsoft.ServiceModel.Channels.Mail.ExchangeWebService (in Microsoft.ServiceModel.Channels.Mail.ExchangeWebService.dll)	3.5	CE6R3+	.NET Framework 3.5/General Reference for the .NET Framework/Additional Managed Reference Topics/Microsoft.ServiceModel.Channels.Mail.ExchangeWebService.Exchange2007 Namespace/MultipleOperandBooleanExpressionType Class/MultipleOperandBooleanExpressionType Properties /Items Property 
bb348267(v=vs.90)	Items Property	Property	Microsoft.ServiceModel.Channels.Mail.ExchangeWebService.Exchange2007	Microsoft.ServiceModel.Channels.Mail.ExchangeWebService (in Microsoft.ServiceModel.Channels.Mail.ExchangeWebService.dll)	3.5	CE6R3+	.NET Framework 3.5/General Reference for the .NET Framework/Additional Managed Reference Topics/Microsoft.ServiceModel.Channels.Mail.ExchangeWebService.Exchange2007 Namespace/GroupedItemsType Class/GroupedItemsType Properties /Items Property 
bb350945(v=vs.90)	Items Property	Property	Microsoft.ServiceModel.Channels.Mail.ExchangeWebService.Exchange2007	Microsoft.ServiceModel.Channels.Mail.ExchangeWebService (in Microsoft.ServiceModel.Channels.Mail.ExchangeWebService.dll)	3.5	CE6R3+	.NET Framework 3.5/General Reference for the .NET Framework/Additional Managed Reference Topics/Microsoft.ServiceModel.Channels.Mail.ExchangeWebService.Exchange2007 Namespace/CreateItemType Class/CreateItemType Properties /Items Property 
bb351127(v=vs.90)	Items Property	Property	Microsoft.ServiceModel.Channels.Mail.ExchangeWebService.Exchange2007	Microsoft.ServiceModel.Channels.Mail.ExchangeWebService (in Microsoft.ServiceModel.Channels.Mail.ExchangeWebService.dll)	3.5	CE6R3+	.NET Framework 3.5/General Reference for the .NET Framework/Additional Managed Reference Topics/Microsoft.ServiceModel.Channels.Mail.ExchangeWebService.Exchange2007 Namespace/ArrayOfRealItemsType Class/ArrayOfRealItemsType Properties /Items Property 
bb353536(v=vs.90)	Items Property	Property	Microsoft.ServiceModel.Channels.Mail.ExchangeWebService.Exchange2007	Microsoft.ServiceModel.Channels.Mail.ExchangeWebService (in Microsoft.ServiceModel.Channels.Mail.ExchangeWebService.dll)	3.5	CE6R3+	.NET Framework 3.5/General Reference for the .NET Framework/Additional Managed Reference Topics/Microsoft.ServiceModel.Channels.Mail.ExchangeWebService.Exchange2007 Namespace/NonEmptyArrayOfAllItemsType Class/NonEmptyArrayOfAllItemsType Properties /Items Property 
bb355369(v=vs.90)	Items Property	Property	Microsoft.ServiceModel.Channels.Mail.ExchangeWebService.Exchange2007	Microsoft.ServiceModel.Channels.Mail.ExchangeWebService (in Microsoft.ServiceModel.Channels.Mail.ExchangeWebService.dll)	3.5	CE6R3+	.NET Framework 3.5/General Reference for the .NET Framework/Additional Managed Reference Topics/Microsoft.ServiceModel.Channels.Mail.ExchangeWebService.Exchange2007 Namespace/ItemInfoResponseMessageType Class/ItemInfoResponseMessageType Properties /Items Property 
bb356650(v=vs.90)	Items Property	Property	Microsoft.ServiceModel.Channels.Mail.ExchangeWebService.Exchange2007	Microsoft.ServiceModel.Channels.Mail.ExchangeWebService (in Microsoft.ServiceModel.Channels.Mail.ExchangeWebService.dll)	3.5	CE6R3+	.NET Framework 3.5/General Reference for the .NET Framework/Additional Managed Reference Topics/Microsoft.ServiceModel.Channels.Mail.ExchangeWebService.Exchange2007 Namespace/NotificationType Class/NotificationType Properties /Items Property 
bb383092(v=vs.90)	ItemsChoiceType Enumeration	Enumeration	Microsoft.ServiceModel.Channels.Mail.ExchangeWebService.Exchange2007	Microsoft.ServiceModel.Channels.Mail.ExchangeWebService (in Microsoft.ServiceModel.Channels.Mail.ExchangeWebService.dll)	3.5	CE6R3+	.NET Framework 3.5/General Reference for the .NET Framework/Additional Managed Reference Topics/Microsoft.ServiceModel.Channels.Mail.ExchangeWebService.Exchange2007 Namespace/ItemsChoiceType Enumeration
bb350473(v=vs.90)	ItemsChoiceType1 Enumeration	Enumeration	Microsoft.ServiceModel.Channels.Mail.ExchangeWebService.Exchange2007	Microsoft.ServiceModel.Channels.Mail.ExchangeWebService (in Microsoft.ServiceModel.Channels.Mail.ExchangeWebService.dll)	3.5	CE6R3+	.NET Framework 3.5/General Reference for the .NET Framework/Additional Managed Reference Topics/Microsoft.ServiceModel.Channels.Mail.ExchangeWebService.Exchange2007 Namespace/ItemsChoiceType1 Enumeration
bb395896(v=vs.90)	ItemsChoiceType2 Enumeration	Enumeration	Microsoft.ServiceModel.Channels.Mail.ExchangeWebService.Exchange2007	Microsoft.ServiceModel.Channels.Mail.ExchangeWebService (in Microsoft.ServiceModel.Channels.Mail.ExchangeWebService.dll)	3.5	CE6R3+	.NET Framework 3.5/General Reference for the .NET Framework/Additional Managed Reference Topics/Microsoft.ServiceModel.Channels.Mail.ExchangeWebService.Exchange2007 Namespace/ItemsChoiceType2 Enumeration
bb347480(v=vs.90)	ItemsChoiceType3 Enumeration	Enumeration	Microsoft.ServiceModel.Channels.Mail.ExchangeWebService.Exchange2007	Microsoft.ServiceModel.Channels.Mail.ExchangeWebService (in Microsoft.ServiceModel.Channels.Mail.ExchangeWebService.dll)	3.5	CE6R3+	.NET Framework 3.5/General Reference for the .NET Framework/Additional Managed Reference Topics/Microsoft.ServiceModel.Channels.Mail.ExchangeWebService.Exchange2007 Namespace/ItemsChoiceType3 Enumeration
bb358359(v=vs.90)	ItemsElementName Property	Property	Microsoft.ServiceModel.Channels.Mail.ExchangeWebService.Exchange2007	Microsoft.ServiceModel.Channels.Mail.ExchangeWebService (in Microsoft.ServiceModel.Channels.Mail.ExchangeWebService.dll)	3.5	CE6R3+	.NET Framework 3.5/General Reference for the .NET Framework/Additional Managed Reference Topics/Microsoft.ServiceModel.Channels.Mail.ExchangeWebService.Exchange2007 Namespace/NotificationType Class/NotificationType Properties /ItemsElementName Property 
bb383503(v=vs.90)	ItemsElementName Property	Property	Microsoft.ServiceModel.Channels.Mail.ExchangeWebService.Exchange2007	Microsoft.ServiceModel.Channels.Mail.ExchangeWebService (in Microsoft.ServiceModel.Channels.Mail.ExchangeWebService.dll)	3.5	CE6R3+	.NET Framework 3.5/General Reference for the .NET Framework/Additional Managed Reference Topics/Microsoft.ServiceModel.Channels.Mail.ExchangeWebService.Exchange2007 Namespace/ArrayOfResponseMessagesType Class/ArrayOfResponseMessagesType Properties /ItemsElementName Property 
bb354243(v=vs.90)	Mailbox Property	Property	Microsoft.ServiceModel.Channels.Mail.ExchangeWebService.Exchange2007	Microsoft.ServiceModel.Channels.Mail.ExchangeWebService (in Microsoft.ServiceModel.Channels.Mail.ExchangeWebService.dll)	3.5	CE6R3+	.NET Framework 3.5/General Reference for the .NET Framework/Additional Managed Reference Topics/Microsoft.ServiceModel.Channels.Mail.ExchangeWebService.Exchange2007 Namespace/DistinguishedFolderIdType Class/DistinguishedFolderIdType Properties /Mailbox Property 
bb300211(v=vs.90)	MailboxCulture Property	Property	Microsoft.ServiceModel.Channels.Mail.ExchangeWebService.Exchange2007	Microsoft.ServiceModel.Channels.Mail.ExchangeWebService (in Microsoft.ServiceModel.Channels.Mail.ExchangeWebService.dll)	3.5	CE6R3+	.NET Framework 3.5/General Reference for the .NET Framework/Additional Managed Reference Topics/Microsoft.ServiceModel.Channels.Mail.ExchangeWebService.Exchange2007 Namespace/ExchangeServiceBinding Class/ExchangeServiceBinding Properties /MailboxCulture Property 
bb358177(v=vs.90)	MailboxType Property	Property	Microsoft.ServiceModel.Channels.Mail.ExchangeWebService.Exchange2007	Microsoft.ServiceModel.Channels.Mail.ExchangeWebService (in Microsoft.ServiceModel.Channels.Mail.ExchangeWebService.dll)	3.5	CE6R3+	.NET Framework 3.5/General Reference for the .NET Framework/Additional Managed Reference Topics/Microsoft.ServiceModel.Channels.Mail.ExchangeWebService.Exchange2007 Namespace/EmailAddressType Class/EmailAddressType Properties /MailboxType Property 
bb341756(v=vs.90)	MailboxTypeSpecified Property	Property	Microsoft.ServiceModel.Channels.Mail.ExchangeWebService.Exchange2007	Microsoft.ServiceModel.Channels.Mail.ExchangeWebService (in Microsoft.ServiceModel.Channels.Mail.ExchangeWebService.dll)	3.5	CE6R3+	.NET Framework 3.5/General Reference for the .NET Framework/Additional Managed Reference Topics/Microsoft.ServiceModel.Channels.Mail.ExchangeWebService.Exchange2007 Namespace/EmailAddressType Class/EmailAddressType Properties /MailboxTypeSpecified Property 
bb348062(v=vs.90)	MailboxTypeType Enumeration	Enumeration	Microsoft.ServiceModel.Channels.Mail.ExchangeWebService.Exchange2007	Microsoft.ServiceModel.Channels.Mail.ExchangeWebService (in Microsoft.ServiceModel.Channels.Mail.ExchangeWebService.dll)	3.5	CE6R3+	.NET Framework 3.5/General Reference for the .NET Framework/Additional Managed Reference Topics/Microsoft.ServiceModel.Channels.Mail.ExchangeWebService.Exchange2007 Namespace/MailboxTypeType Enumeration
bb359662(v=vs.90)	MajorBuildNumber Property	Property	Microsoft.ServiceModel.Channels.Mail.ExchangeWebService.Exchange2007	Microsoft.ServiceModel.Channels.Mail.ExchangeWebService (in Microsoft.ServiceModel.Channels.Mail.ExchangeWebService.dll)	3.5	CE6R3+	.NET Framework 3.5/General Reference for the .NET Framework/Additional Managed Reference Topics/Microsoft.ServiceModel.Channels.Mail.ExchangeWebService.Exchange2007 Namespace/ServerVersionInfo Class/ServerVersionInfo Properties /MajorBuildNumber Property 
bb292020(v=vs.90)	MajorBuildNumberSpecified Property	Property	Microsoft.ServiceModel.Channels.Mail.ExchangeWebService.Exchange2007	Microsoft.ServiceModel.Channels.Mail.ExchangeWebService (in Microsoft.ServiceModel.Channels.Mail.ExchangeWebService.dll)	3.5	CE6R3+	.NET Framework 3.5/General Reference for the .NET Framework/Additional Managed Reference Topics/Microsoft.ServiceModel.Channels.Mail.ExchangeWebService.Exchange2007 Namespace/ServerVersionInfo Class/ServerVersionInfo Properties /MajorBuildNumberSpecified Property 
bb343653(v=vs.90)	MajorVersion Property	Property	Microsoft.ServiceModel.Channels.Mail.ExchangeWebService.Exchange2007	Microsoft.ServiceModel.Channels.Mail.ExchangeWebService (in Microsoft.ServiceModel.Channels.Mail.ExchangeWebService.dll)	3.5	CE6R3+	.NET Framework 3.5/General Reference for the .NET Framework/Additional Managed Reference Topics/Microsoft.ServiceModel.Channels.Mail.ExchangeWebService.Exchange2007 Namespace/ServerVersionInfo Class/ServerVersionInfo Properties /MajorVersion Property 
bb338002(v=vs.90)	MajorVersionSpecified Property	Property	Microsoft.ServiceModel.Channels.Mail.ExchangeWebService.Exchange2007	Microsoft.ServiceModel.Channels.Mail.ExchangeWebService (in Microsoft.ServiceModel.Channels.Mail.ExchangeWebService.dll)	3.5	CE6R3+	.NET Framework 3.5/General Reference for the .NET Framework/Additional Managed Reference Topics/Microsoft.ServiceModel.Channels.Mail.ExchangeWebService.Exchange2007 Namespace/ServerVersionInfo Class/ServerVersionInfo Properties /MajorVersionSpecified Property 
bb351691(v=vs.90)	MapiPropertyTypeType Enumeration	Enumeration	Microsoft.ServiceModel.Channels.Mail.ExchangeWebService.Exchange2007	Microsoft.ServiceModel.Channels.Mail.ExchangeWebService (in Microsoft.ServiceModel.Channels.Mail.ExchangeWebService.dll)	3.5	CE6R3+	.NET Framework 3.5/General Reference for the .NET Framework/Additional Managed Reference Topics/Microsoft.ServiceModel.Channels.Mail.ExchangeWebService.Exchange2007 Namespace/MapiPropertyTypeType Enumeration
bb302929(v=vs.90)	MaxEntriesReturned Property	Property	Microsoft.ServiceModel.Channels.Mail.ExchangeWebService.Exchange2007	Microsoft.ServiceModel.Channels.Mail.ExchangeWebService (in Microsoft.ServiceModel.Channels.Mail.ExchangeWebService.dll)	3.5	CE6R3+	.NET Framework 3.5/General Reference for the .NET Framework/Additional Managed Reference Topics/Microsoft.ServiceModel.Channels.Mail.ExchangeWebService.Exchange2007 Namespace/BasePagingType Class/BasePagingType Properties /MaxEntriesReturned Property 
bb292108(v=vs.90)	MaxEntriesReturnedSpecified Property	Property	Microsoft.ServiceModel.Channels.Mail.ExchangeWebService.Exchange2007	Microsoft.ServiceModel.Channels.Mail.ExchangeWebService (in Microsoft.ServiceModel.Channels.Mail.ExchangeWebService.dll)	3.5	CE6R3+	.NET Framework 3.5/General Reference for the .NET Framework/Additional Managed Reference Topics/Microsoft.ServiceModel.Channels.Mail.ExchangeWebService.Exchange2007 Namespace/BasePagingType Class/BasePagingType Properties /MaxEntriesReturnedSpecified Property 
bb352277(v=vs.90)	MessageDisposition Property	Property	Microsoft.ServiceModel.Channels.Mail.ExchangeWebService.Exchange2007	Microsoft.ServiceModel.Channels.Mail.ExchangeWebService (in Microsoft.ServiceModel.Channels.Mail.ExchangeWebService.dll)	3.5	CE6R3+	.NET Framework 3.5/General Reference for the .NET Framework/Additional Managed Reference Topics/Microsoft.ServiceModel.Channels.Mail.ExchangeWebService.Exchange2007 Namespace/CreateItemType Class/CreateItemType Properties /MessageDisposition Property 
bb360836(v=vs.90)	MessageDispositionSpecified Property	Property	Microsoft.ServiceModel.Channels.Mail.ExchangeWebService.Exchange2007	Microsoft.ServiceModel.Channels.Mail.ExchangeWebService (in Microsoft.ServiceModel.Channels.Mail.ExchangeWebService.dll)	3.5	CE6R3+	.NET Framework 3.5/General Reference for the .NET Framework/Additional Managed Reference Topics/Microsoft.ServiceModel.Channels.Mail.ExchangeWebService.Exchange2007 Namespace/CreateItemType Class/CreateItemType Properties /MessageDispositionSpecified Property 
bb361150(v=vs.90)	MessageDispositionType Enumeration	Enumeration	Microsoft.ServiceModel.Channels.Mail.ExchangeWebService.Exchange2007	Microsoft.ServiceModel.Channels.Mail.ExchangeWebService (in Microsoft.ServiceModel.Channels.Mail.ExchangeWebService.dll)	3.5	CE6R3+	.NET Framework 3.5/General Reference for the .NET Framework/Additional Managed Reference Topics/Microsoft.ServiceModel.Channels.Mail.ExchangeWebService.Exchange2007 Namespace/MessageDispositionType Enumeration
bb354779(v=vs.90)	MessageText Property	Property	Microsoft.ServiceModel.Channels.Mail.ExchangeWebService.Exchange2007	Microsoft.ServiceModel.Channels.Mail.ExchangeWebService (in Microsoft.ServiceModel.Channels.Mail.ExchangeWebService.dll)	3.5	CE6R3+	.NET Framework 3.5/General Reference for the .NET Framework/Additional Managed Reference Topics/Microsoft.ServiceModel.Channels.Mail.ExchangeWebService.Exchange2007 Namespace/ResponseMessageType Class/ResponseMessageType Properties /MessageText Property 
bb344369(v=vs.90)	MessageType Class	Class	Microsoft.ServiceModel.Channels.Mail.ExchangeWebService.Exchange2007	Microsoft.ServiceModel.Channels.Mail.ExchangeWebService (in Microsoft.ServiceModel.Channels.Mail.ExchangeWebService.dll)	3.5	CE6R3+	.NET Framework 3.5/General Reference for the .NET Framework/Additional Managed Reference Topics/Microsoft.ServiceModel.Channels.Mail.ExchangeWebService.Exchange2007 Namespace/MessageType Class
bb300612(v=vs.90)	MessageType Constructor	Constructor	Microsoft.ServiceModel.Channels.Mail.ExchangeWebService.Exchange2007	Microsoft.ServiceModel.Channels.Mail.ExchangeWebService (in Microsoft.ServiceModel.Channels.Mail.ExchangeWebService.dll)	3.5	CE6R3+	.NET Framework 3.5/General Reference for the .NET Framework/Additional Managed Reference Topics/Microsoft.ServiceModel.Channels.Mail.ExchangeWebService.Exchange2007 Namespace/MessageType Class/MessageType Constructor 
bb353836(v=vs.90)	MessageXml Property	Property	Microsoft.ServiceModel.Channels.Mail.ExchangeWebService.Exchange2007	Microsoft.ServiceModel.Channels.Mail.ExchangeWebService (in Microsoft.ServiceModel.Channels.Mail.ExchangeWebService.dll)	3.5	CE6R3+	.NET Framework 3.5/General Reference for the .NET Framework/Additional Managed Reference Topics/Microsoft.ServiceModel.Channels.Mail.ExchangeWebService.Exchange2007 Namespace/ResponseMessageType Class/ResponseMessageType Properties /MessageXml Property 
bb396504(v=vs.90)	MimeContent Property	Property	Microsoft.ServiceModel.Channels.Mail.ExchangeWebService.Exchange2007	Microsoft.ServiceModel.Channels.Mail.ExchangeWebService (in Microsoft.ServiceModel.Channels.Mail.ExchangeWebService.dll)	3.5	CE6R3+	.NET Framework 3.5/General Reference for the .NET Framework/Additional Managed Reference Topics/Microsoft.ServiceModel.Channels.Mail.ExchangeWebService.Exchange2007 Namespace/ItemType Class/ItemType Properties /MimeContent Property 
bb299553(v=vs.90)	MimeContentType Class	Class	Microsoft.ServiceModel.Channels.Mail.ExchangeWebService.Exchange2007	Microsoft.ServiceModel.Channels.Mail.ExchangeWebService (in Microsoft.ServiceModel.Channels.Mail.ExchangeWebService.dll)	3.5	CE6R3+	.NET Framework 3.5/General Reference for the .NET Framework/Additional Managed Reference Topics/Microsoft.ServiceModel.Channels.Mail.ExchangeWebService.Exchange2007 Namespace/MimeContentType Class
bb298993(v=vs.90)	MimeContentType Constructor	Constructor	Microsoft.ServiceModel.Channels.Mail.ExchangeWebService.Exchange2007	Microsoft.ServiceModel.Channels.Mail.ExchangeWebService (in Microsoft.ServiceModel.Channels.Mail.ExchangeWebService.dll)	3.5	CE6R3+	.NET Framework 3.5/General Reference for the .NET Framework/Additional Managed Reference Topics/Microsoft.ServiceModel.Channels.Mail.ExchangeWebService.Exchange2007 Namespace/MimeContentType Class/MimeContentType Constructor 
bb493879(v=vs.90)	MinorBuildNumber Property	Property	Microsoft.ServiceModel.Channels.Mail.ExchangeWebService.Exchange2007	Microsoft.ServiceModel.Channels.Mail.ExchangeWebService (in Microsoft.ServiceModel.Channels.Mail.ExchangeWebService.dll)	3.5	CE6R3+	.NET Framework 3.5/General Reference for the .NET Framework/Additional Managed Reference Topics/Microsoft.ServiceModel.Channels.Mail.ExchangeWebService.Exchange2007 Namespace/ServerVersionInfo Class/ServerVersionInfo Properties /MinorBuildNumber Property 
bb300552(v=vs.90)	MinorBuildNumberSpecified Property	Property	Microsoft.ServiceModel.Channels.Mail.ExchangeWebService.Exchange2007	Microsoft.ServiceModel.Channels.Mail.ExchangeWebService (in Microsoft.ServiceModel.Channels.Mail.ExchangeWebService.dll)	3.5	CE6R3+	.NET Framework 3.5/General Reference for the .NET Framework/Additional Managed Reference Topics/Microsoft.ServiceModel.Channels.Mail.ExchangeWebService.Exchange2007 Namespace/ServerVersionInfo Class/ServerVersionInfo Properties /MinorBuildNumberSpecified Property 
bb301051(v=vs.90)	MinorVersion Property	Property	Microsoft.ServiceModel.Channels.Mail.ExchangeWebService.Exchange2007	Microsoft.ServiceModel.Channels.Mail.ExchangeWebService (in Microsoft.ServiceModel.Channels.Mail.ExchangeWebService.dll)	3.5	CE6R3+	.NET Framework 3.5/General Reference for the .NET Framework/Additional Managed Reference Topics/Microsoft.ServiceModel.Channels.Mail.ExchangeWebService.Exchange2007 Namespace/ServerVersionInfo Class/ServerVersionInfo Properties /MinorVersion Property 
bb348862(v=vs.90)	MinorVersionSpecified Property	Property	Microsoft.ServiceModel.Channels.Mail.ExchangeWebService.Exchange2007	Microsoft.ServiceModel.Channels.Mail.ExchangeWebService (in Microsoft.ServiceModel.Channels.Mail.ExchangeWebService.dll)	3.5	CE6R3+	.NET Framework 3.5/General Reference for the .NET Framework/Additional Managed Reference Topics/Microsoft.ServiceModel.Channels.Mail.ExchangeWebService.Exchange2007 Namespace/ServerVersionInfo Class/ServerVersionInfo Properties /MinorVersionSpecified Property 
bb300459(v=vs.90)	ModifiedEventType Class	Class	Microsoft.ServiceModel.Channels.Mail.ExchangeWebService.Exchange2007	Microsoft.ServiceModel.Channels.Mail.ExchangeWebService (in Microsoft.ServiceModel.Channels.Mail.ExchangeWebService.dll)	3.5	CE6R3+	.NET Framework 3.5/General Reference for the .NET Framework/Additional Managed Reference Topics/Microsoft.ServiceModel.Channels.Mail.ExchangeWebService.Exchange2007 Namespace/ModifiedEventType Class
bb351246(v=vs.90)	ModifiedEventType Constructor	Constructor	Microsoft.ServiceModel.Channels.Mail.ExchangeWebService.Exchange2007	Microsoft.ServiceModel.Channels.Mail.ExchangeWebService (in Microsoft.ServiceModel.Channels.Mail.ExchangeWebService.dll)	3.5	CE6R3+	.NET Framework 3.5/General Reference for the .NET Framework/Additional Managed Reference Topics/Microsoft.ServiceModel.Channels.Mail.ExchangeWebService.Exchange2007 Namespace/ModifiedEventType Class/ModifiedEventType Constructor 
bb353140(v=vs.90)	MonthNamesType Enumeration	Enumeration	Microsoft.ServiceModel.Channels.Mail.ExchangeWebService.Exchange2007	Microsoft.ServiceModel.Channels.Mail.ExchangeWebService (in Microsoft.ServiceModel.Channels.Mail.ExchangeWebService.dll)	3.5	CE6R3+	.NET Framework 3.5/General Reference for the .NET Framework/Additional Managed Reference Topics/Microsoft.ServiceModel.Channels.Mail.ExchangeWebService.Exchange2007 Namespace/MonthNamesType Enumeration
bb298175(v=vs.90)	MoreEvents Property	Property	Microsoft.ServiceModel.Channels.Mail.ExchangeWebService.Exchange2007	Microsoft.ServiceModel.Channels.Mail.ExchangeWebService (in Microsoft.ServiceModel.Channels.Mail.ExchangeWebService.dll)	3.5	CE6R3+	.NET Framework 3.5/General Reference for the .NET Framework/Additional Managed Reference Topics/Microsoft.ServiceModel.Channels.Mail.ExchangeWebService.Exchange2007 Namespace/NotificationType Class/NotificationType Properties /MoreEvents Property 
bb358439(v=vs.90)	MovedCopiedEventType Class	Class	Microsoft.ServiceModel.Channels.Mail.ExchangeWebService.Exchange2007	Microsoft.ServiceModel.Channels.Mail.ExchangeWebService (in Microsoft.ServiceModel.Channels.Mail.ExchangeWebService.dll)	3.5	CE6R3+	.NET Framework 3.5/General Reference for the .NET Framework/Additional Managed Reference Topics/Microsoft.ServiceModel.Channels.Mail.ExchangeWebService.Exchange2007 Namespace/MovedCopiedEventType Class
bb335978(v=vs.90)	MovedCopiedEventType Constructor	Constructor	Microsoft.ServiceModel.Channels.Mail.ExchangeWebService.Exchange2007	Microsoft.ServiceModel.Channels.Mail.ExchangeWebService (in Microsoft.ServiceModel.Channels.Mail.ExchangeWebService.dll)	3.5	CE6R3+	.NET Framework 3.5/General Reference for the .NET Framework/Additional Managed Reference Topics/Microsoft.ServiceModel.Channels.Mail.ExchangeWebService.Exchange2007 Namespace/MovedCopiedEventType Class/MovedCopiedEventType Constructor 
bb339236(v=vs.90)	MultipleOperandBooleanExpressionType Class	Class	Microsoft.ServiceModel.Channels.Mail.ExchangeWebService.Exchange2007	Microsoft.ServiceModel.Channels.Mail.ExchangeWebService (in Microsoft.ServiceModel.Channels.Mail.ExchangeWebService.dll)	3.5	CE6R3+	.NET Framework 3.5/General Reference for the .NET Framework/Additional Managed Reference Topics/Microsoft.ServiceModel.Channels.Mail.ExchangeWebService.Exchange2007 Namespace/MultipleOperandBooleanExpressionType Class
bb340021(v=vs.90)	MultipleOperandBooleanExpressionType Constructor	Constructor	Microsoft.ServiceModel.Channels.Mail.ExchangeWebService.Exchange2007	Microsoft.ServiceModel.Channels.Mail.ExchangeWebService (in Microsoft.ServiceModel.Channels.Mail.ExchangeWebService.dll)	3.5	CE6R3+	.NET Framework 3.5/General Reference for the .NET Framework/Additional Managed Reference Topics/Microsoft.ServiceModel.Channels.Mail.ExchangeWebService.Exchange2007 Namespace/MultipleOperandBooleanExpressionType Class/MultipleOperandBooleanExpressionType Constructor 
bb292180(v=vs.90)	Name Property	Property	Microsoft.ServiceModel.Channels.Mail.ExchangeWebService.Exchange2007	Microsoft.ServiceModel.Channels.Mail.ExchangeWebService (in Microsoft.ServiceModel.Channels.Mail.ExchangeWebService.dll)	3.5	CE6R3+	.NET Framework 3.5/General Reference for the .NET Framework/Additional Managed Reference Topics/Microsoft.ServiceModel.Channels.Mail.ExchangeWebService.Exchange2007 Namespace/AttachmentType Class/AttachmentType Properties /Name Property 
bb301433(v=vs.90)	Name Property	Property	Microsoft.ServiceModel.Channels.Mail.ExchangeWebService.Exchange2007	Microsoft.ServiceModel.Channels.Mail.ExchangeWebService (in Microsoft.ServiceModel.Channels.Mail.ExchangeWebService.dll)	3.5	CE6R3+	.NET Framework 3.5/General Reference for the .NET Framework/Additional Managed Reference Topics/Microsoft.ServiceModel.Channels.Mail.ExchangeWebService.Exchange2007 Namespace/EmailAddressType Class/EmailAddressType Properties /Name Property 
bb343819(v=vs.90)	NewBodyContent Property	Property	Microsoft.ServiceModel.Channels.Mail.ExchangeWebService.Exchange2007	Microsoft.ServiceModel.Channels.Mail.ExchangeWebService (in Microsoft.ServiceModel.Channels.Mail.ExchangeWebService.dll)	3.5	CE6R3+	.NET Framework 3.5/General Reference for the .NET Framework/Additional Managed Reference Topics/Microsoft.ServiceModel.Channels.Mail.ExchangeWebService.Exchange2007 Namespace/SmartResponseType Class/SmartResponseType Properties /NewBodyContent Property 
bb353668(v=vs.90)	NonEmptyArrayOfAllItemsType Class	Class	Microsoft.ServiceModel.Channels.Mail.ExchangeWebService.Exchange2007	Microsoft.ServiceModel.Channels.Mail.ExchangeWebService (in Microsoft.ServiceModel.Channels.Mail.ExchangeWebService.dll)	3.5	CE6R3+	.NET Framework 3.5/General Reference for the .NET Framework/Additional Managed Reference Topics/Microsoft.ServiceModel.Channels.Mail.ExchangeWebService.Exchange2007 Namespace/NonEmptyArrayOfAllItemsType Class
bb360582(v=vs.90)	NonEmptyArrayOfAllItemsType Constructor	Constructor	Microsoft.ServiceModel.Channels.Mail.ExchangeWebService.Exchange2007	Microsoft.ServiceModel.Channels.Mail.ExchangeWebService (in Microsoft.ServiceModel.Channels.Mail.ExchangeWebService.dll)	3.5	CE6R3+	.NET Framework 3.5/General Reference for the .NET Framework/Additional Managed Reference Topics/Microsoft.ServiceModel.Channels.Mail.ExchangeWebService.Exchange2007 Namespace/NonEmptyArrayOfAllItemsType Class/NonEmptyArrayOfAllItemsType Constructor 
bb347768(v=vs.90)	NonEmptyArrayOfPropertyValuesType Class	Class	Microsoft.ServiceModel.Channels.Mail.ExchangeWebService.Exchange2007	Microsoft.ServiceModel.Channels.Mail.ExchangeWebService (in Microsoft.ServiceModel.Channels.Mail.ExchangeWebService.dll)	3.5	CE6R3+	.NET Framework 3.5/General Reference for the .NET Framework/Additional Managed Reference Topics/Microsoft.ServiceModel.Channels.Mail.ExchangeWebService.Exchange2007 Namespace/NonEmptyArrayOfPropertyValuesType Class
bb347657(v=vs.90)	NonEmptyArrayOfPropertyValuesType Constructor	Constructor	Microsoft.ServiceModel.Channels.Mail.ExchangeWebService.Exchange2007	Microsoft.ServiceModel.Channels.Mail.ExchangeWebService (in Microsoft.ServiceModel.Channels.Mail.ExchangeWebService.dll)	3.5	CE6R3+	.NET Framework 3.5/General Reference for the .NET Framework/Additional Managed Reference Topics/Microsoft.ServiceModel.Channels.Mail.ExchangeWebService.Exchange2007 Namespace/NonEmptyArrayOfPropertyValuesType Class/NonEmptyArrayOfPropertyValuesType Constructor 
bb346271(v=vs.90)	NotType Class	Class	Microsoft.ServiceModel.Channels.Mail.ExchangeWebService.Exchange2007	Microsoft.ServiceModel.Channels.Mail.ExchangeWebService (in Microsoft.ServiceModel.Channels.Mail.ExchangeWebService.dll)	3.5	CE6R3+	.NET Framework 3.5/General Reference for the .NET Framework/Additional Managed Reference Topics/Microsoft.ServiceModel.Channels.Mail.ExchangeWebService.Exchange2007 Namespace/NotType Class
bb302527(v=vs.90)	NotType Constructor	Constructor	Microsoft.ServiceModel.Channels.Mail.ExchangeWebService.Exchange2007	Microsoft.ServiceModel.Channels.Mail.ExchangeWebService (in Microsoft.ServiceModel.Channels.Mail.ExchangeWebService.dll)	3.5	CE6R3+	.NET Framework 3.5/General Reference for the .NET Framework/Additional Managed Reference Topics/Microsoft.ServiceModel.Channels.Mail.ExchangeWebService.Exchange2007 Namespace/NotType Class/NotType Constructor 
bb340646(v=vs.90)	Notification Property	Property	Microsoft.ServiceModel.Channels.Mail.ExchangeWebService.Exchange2007	Microsoft.ServiceModel.Channels.Mail.ExchangeWebService (in Microsoft.ServiceModel.Channels.Mail.ExchangeWebService.dll)	3.5	CE6R3+	.NET Framework 3.5/General Reference for the .NET Framework/Additional Managed Reference Topics/Microsoft.ServiceModel.Channels.Mail.ExchangeWebService.Exchange2007 Namespace/SendNotificationResponseMessageType Class/SendNotificationResponseMessageType Properties /Notification Property 
bb346315(v=vs.90)	Notification Property	Property	Microsoft.ServiceModel.Channels.Mail.ExchangeWebService.Exchange2007	Microsoft.ServiceModel.Channels.Mail.ExchangeWebService (in Microsoft.ServiceModel.Channels.Mail.ExchangeWebService.dll)	3.5	CE6R3+	.NET Framework 3.5/General Reference for the .NET Framework/Additional Managed Reference Topics/Microsoft.ServiceModel.Channels.Mail.ExchangeWebService.Exchange2007 Namespace/GetEventsResponseMessageType Class/GetEventsResponseMessageType Properties /Notification Property 
bb339794(v=vs.90)	NotificationEventTypeType Enumeration	Enumeration	Microsoft.ServiceModel.Channels.Mail.ExchangeWebService.Exchange2007	Microsoft.ServiceModel.Channels.Mail.ExchangeWebService (in Microsoft.ServiceModel.Channels.Mail.ExchangeWebService.dll)	3.5	CE6R3+	.NET Framework 3.5/General Reference for the .NET Framework/Additional Managed Reference Topics/Microsoft.ServiceModel.Channels.Mail.ExchangeWebService.Exchange2007 Namespace/NotificationEventTypeType Enumeration
bb352979(v=vs.90)	NotificationType Class	Class	Microsoft.ServiceModel.Channels.Mail.ExchangeWebService.Exchange2007	Microsoft.ServiceModel.Channels.Mail.ExchangeWebService (in Microsoft.ServiceModel.Channels.Mail.ExchangeWebService.dll)	3.5	CE6R3+	.NET Framework 3.5/General Reference for the .NET Framework/Additional Managed Reference Topics/Microsoft.ServiceModel.Channels.Mail.ExchangeWebService.Exchange2007 Namespace/NotificationType Class
bb345608(v=vs.90)	NotificationType Constructor	Constructor	Microsoft.ServiceModel.Channels.Mail.ExchangeWebService.Exchange2007	Microsoft.ServiceModel.Channels.Mail.ExchangeWebService (in Microsoft.ServiceModel.Channels.Mail.ExchangeWebService.dll)	3.5	CE6R3+	.NET Framework 3.5/General Reference for the .NET Framework/Additional Managed Reference Topics/Microsoft.ServiceModel.Channels.Mail.ExchangeWebService.Exchange2007 Namespace/NotificationType Class/NotificationType Constructor 
bb300625(v=vs.90)	Numerator Property	Property	Microsoft.ServiceModel.Channels.Mail.ExchangeWebService.Exchange2007	Microsoft.ServiceModel.Channels.Mail.ExchangeWebService (in Microsoft.ServiceModel.Channels.Mail.ExchangeWebService.dll)	3.5	CE6R3+	.NET Framework 3.5/General Reference for the .NET Framework/Additional Managed Reference Topics/Microsoft.ServiceModel.Channels.Mail.ExchangeWebService.Exchange2007 Namespace/FractionalPageViewType Class/FractionalPageViewType Properties /Numerator Property 
bb156542(v=vs.90)	NumeratorOffset Property	Property	Microsoft.ServiceModel.Channels.Mail.ExchangeWebService.Exchange2007	Microsoft.ServiceModel.Channels.Mail.ExchangeWebService (in Microsoft.ServiceModel.Channels.Mail.ExchangeWebService.dll)	3.5	CE6R3+	.NET Framework 3.5/General Reference for the .NET Framework/Additional Managed Reference Topics/Microsoft.ServiceModel.Channels.Mail.ExchangeWebService.Exchange2007 Namespace/FindFolderParentType Class/FindFolderParentType Properties /NumeratorOffset Property 
bb156545(v=vs.90)	NumeratorOffset Property	Property	Microsoft.ServiceModel.Channels.Mail.ExchangeWebService.Exchange2007	Microsoft.ServiceModel.Channels.Mail.ExchangeWebService (in Microsoft.ServiceModel.Channels.Mail.ExchangeWebService.dll)	3.5	CE6R3+	.NET Framework 3.5/General Reference for the .NET Framework/Additional Managed Reference Topics/Microsoft.ServiceModel.Channels.Mail.ExchangeWebService.Exchange2007 Namespace/FindItemParentType Class/FindItemParentType Properties /NumeratorOffset Property 
bb340088(v=vs.90)	NumeratorOffsetSpecified Property	Property	Microsoft.ServiceModel.Channels.Mail.ExchangeWebService.Exchange2007	Microsoft.ServiceModel.Channels.Mail.ExchangeWebService (in Microsoft.ServiceModel.Channels.Mail.ExchangeWebService.dll)	3.5	CE6R3+	.NET Framework 3.5/General Reference for the .NET Framework/Additional Managed Reference Topics/Microsoft.ServiceModel.Channels.Mail.ExchangeWebService.Exchange2007 Namespace/FindItemParentType Class/FindItemParentType Properties /NumeratorOffsetSpecified Property 
bb347005(v=vs.90)	NumeratorOffsetSpecified Property	Property	Microsoft.ServiceModel.Channels.Mail.ExchangeWebService.Exchange2007	Microsoft.ServiceModel.Channels.Mail.ExchangeWebService (in Microsoft.ServiceModel.Channels.Mail.ExchangeWebService.dll)	3.5	CE6R3+	.NET Framework 3.5/General Reference for the .NET Framework/Additional Managed Reference Topics/Microsoft.ServiceModel.Channels.Mail.ExchangeWebService.Exchange2007 Namespace/FindFolderParentType Class/FindFolderParentType Properties /NumeratorOffsetSpecified Property 
bb350660(v=vs.90)	ObjectName Property	Property	Microsoft.ServiceModel.Channels.Mail.ExchangeWebService.Exchange2007	Microsoft.ServiceModel.Channels.Mail.ExchangeWebService (in Microsoft.ServiceModel.Channels.Mail.ExchangeWebService.dll)	3.5	CE6R3+	.NET Framework 3.5/General Reference for the .NET Framework/Additional Managed Reference Topics/Microsoft.ServiceModel.Channels.Mail.ExchangeWebService.Exchange2007 Namespace/ResponseObjectType Class/ResponseObjectType Properties /ObjectName Property 
bb340805(v=vs.90)	Offset Property	Property	Microsoft.ServiceModel.Channels.Mail.ExchangeWebService.Exchange2007	Microsoft.ServiceModel.Channels.Mail.ExchangeWebService (in Microsoft.ServiceModel.Channels.Mail.ExchangeWebService.dll)	3.5	CE6R3+	.NET Framework 3.5/General Reference for the .NET Framework/Additional Managed Reference Topics/Microsoft.ServiceModel.Channels.Mail.ExchangeWebService.Exchange2007 Namespace/IndexedPageViewType Class/IndexedPageViewType Properties /Offset Property 
bb352824(v=vs.90)	OldParentFolderId Property	Property	Microsoft.ServiceModel.Channels.Mail.ExchangeWebService.Exchange2007	Microsoft.ServiceModel.Channels.Mail.ExchangeWebService (in Microsoft.ServiceModel.Channels.Mail.ExchangeWebService.dll)	3.5	CE6R3+	.NET Framework 3.5/General Reference for the .NET Framework/Additional Managed Reference Topics/Microsoft.ServiceModel.Channels.Mail.ExchangeWebService.Exchange2007 Namespace/MovedCopiedEventType Class/MovedCopiedEventType Properties /OldParentFolderId Property 
bb301995(v=vs.90)	OrType Class	Class	Microsoft.ServiceModel.Channels.Mail.ExchangeWebService.Exchange2007	Microsoft.ServiceModel.Channels.Mail.ExchangeWebService (in Microsoft.ServiceModel.Channels.Mail.ExchangeWebService.dll)	3.5	CE6R3+	.NET Framework 3.5/General Reference for the .NET Framework/Additional Managed Reference Topics/Microsoft.ServiceModel.Channels.Mail.ExchangeWebService.Exchange2007 Namespace/OrType Class
bb342315(v=vs.90)	OrType Constructor	Constructor	Microsoft.ServiceModel.Channels.Mail.ExchangeWebService.Exchange2007	Microsoft.ServiceModel.Channels.Mail.ExchangeWebService (in Microsoft.ServiceModel.Channels.Mail.ExchangeWebService.dll)	3.5	CE6R3+	.NET Framework 3.5/General Reference for the .NET Framework/Additional Managed Reference Topics/Microsoft.ServiceModel.Channels.Mail.ExchangeWebService.Exchange2007 Namespace/OrType Class/OrType Constructor 
bb359698(v=vs.90)	Order Property	Property	Microsoft.ServiceModel.Channels.Mail.ExchangeWebService.Exchange2007	Microsoft.ServiceModel.Channels.Mail.ExchangeWebService (in Microsoft.ServiceModel.Channels.Mail.ExchangeWebService.dll)	3.5	CE6R3+	.NET Framework 3.5/General Reference for the .NET Framework/Additional Managed Reference Topics/Microsoft.ServiceModel.Channels.Mail.ExchangeWebService.Exchange2007 Namespace/FieldOrderType Class/FieldOrderType Properties /Order Property 
bb297983(v=vs.90)	ParentFolderId Property	Property	Microsoft.ServiceModel.Channels.Mail.ExchangeWebService.Exchange2007	Microsoft.ServiceModel.Channels.Mail.ExchangeWebService (in Microsoft.ServiceModel.Channels.Mail.ExchangeWebService.dll)	3.5	CE6R3+	.NET Framework 3.5/General Reference for the .NET Framework/Additional Managed Reference Topics/Microsoft.ServiceModel.Channels.Mail.ExchangeWebService.Exchange2007 Namespace/BaseFolderType Class/BaseFolderType Properties /ParentFolderId Property 
bb342295(v=vs.90)	ParentFolderId Property	Property	Microsoft.ServiceModel.Channels.Mail.ExchangeWebService.Exchange2007	Microsoft.ServiceModel.Channels.Mail.ExchangeWebService (in Microsoft.ServiceModel.Channels.Mail.ExchangeWebService.dll)	3.5	CE6R3+	.NET Framework 3.5/General Reference for the .NET Framework/Additional Managed Reference Topics/Microsoft.ServiceModel.Channels.Mail.ExchangeWebService.Exchange2007 Namespace/BaseObjectChangedEventType Class/BaseObjectChangedEventType Properties /ParentFolderId Property 
bb347314(v=vs.90)	ParentFolderId Property	Property	Microsoft.ServiceModel.Channels.Mail.ExchangeWebService.Exchange2007	Microsoft.ServiceModel.Channels.Mail.ExchangeWebService (in Microsoft.ServiceModel.Channels.Mail.ExchangeWebService.dll)	3.5	CE6R3+	.NET Framework 3.5/General Reference for the .NET Framework/Additional Managed Reference Topics/Microsoft.ServiceModel.Channels.Mail.ExchangeWebService.Exchange2007 Namespace/ItemType Class/ItemType Properties /ParentFolderId Property 
bb348472(v=vs.90)	ParentFolderIds Property	Property	Microsoft.ServiceModel.Channels.Mail.ExchangeWebService.Exchange2007	Microsoft.ServiceModel.Channels.Mail.ExchangeWebService (in Microsoft.ServiceModel.Channels.Mail.ExchangeWebService.dll)	3.5	CE6R3+	.NET Framework 3.5/General Reference for the .NET Framework/Additional Managed Reference Topics/Microsoft.ServiceModel.Channels.Mail.ExchangeWebService.Exchange2007 Namespace/FindFolderType Class/FindFolderType Properties /ParentFolderIds Property 
bb459723(v=vs.90)	ParentFolderIds Property	Property	Microsoft.ServiceModel.Channels.Mail.ExchangeWebService.Exchange2007	Microsoft.ServiceModel.Channels.Mail.ExchangeWebService (in Microsoft.ServiceModel.Channels.Mail.ExchangeWebService.dll)	3.5	CE6R3+	.NET Framework 3.5/General Reference for the .NET Framework/Additional Managed Reference Topics/Microsoft.ServiceModel.Channels.Mail.ExchangeWebService.Exchange2007 Namespace/FindItemType Class/FindItemType Properties /ParentFolderIds Property 
bb297991(v=vs.90)	ParentItemId Property	Property	Microsoft.ServiceModel.Channels.Mail.ExchangeWebService.Exchange2007	Microsoft.ServiceModel.Channels.Mail.ExchangeWebService (in Microsoft.ServiceModel.Channels.Mail.ExchangeWebService.dll)	3.5	CE6R3+	.NET Framework 3.5/General Reference for the .NET Framework/Additional Managed Reference Topics/Microsoft.ServiceModel.Channels.Mail.ExchangeWebService.Exchange2007 Namespace/CreateAttachmentType Class/CreateAttachmentType Properties /ParentItemId Property 
bb300617(v=vs.90)	PathToExceptionFieldType Class	Class	Microsoft.ServiceModel.Channels.Mail.ExchangeWebService.Exchange2007	Microsoft.ServiceModel.Channels.Mail.ExchangeWebService (in Microsoft.ServiceModel.Channels.Mail.ExchangeWebService.dll)	3.5	CE6R3+	.NET Framework 3.5/General Reference for the .NET Framework/Additional Managed Reference Topics/Microsoft.ServiceModel.Channels.Mail.ExchangeWebService.Exchange2007 Namespace/PathToExceptionFieldType Class
bb337997(v=vs.90)	PathToExceptionFieldType Constructor	Constructor	Microsoft.ServiceModel.Channels.Mail.ExchangeWebService.Exchange2007	Microsoft.ServiceModel.Channels.Mail.ExchangeWebService (in Microsoft.ServiceModel.Channels.Mail.ExchangeWebService.dll)	3.5	CE6R3+	.NET Framework 3.5/General Reference for the .NET Framework/Additional Managed Reference Topics/Microsoft.ServiceModel.Channels.Mail.ExchangeWebService.Exchange2007 Namespace/PathToExceptionFieldType Class/PathToExceptionFieldType Constructor 
bb343028(v=vs.90)	PathToExtendedFieldType Class	Class	Microsoft.ServiceModel.Channels.Mail.ExchangeWebService.Exchange2007	Microsoft.ServiceModel.Channels.Mail.ExchangeWebService (in Microsoft.ServiceModel.Channels.Mail.ExchangeWebService.dll)	3.5	CE6R3+	.NET Framework 3.5/General Reference for the .NET Framework/Additional Managed Reference Topics/Microsoft.ServiceModel.Channels.Mail.ExchangeWebService.Exchange2007 Namespace/PathToExtendedFieldType Class
bb343003(v=vs.90)	PathToExtendedFieldType Constructor	Constructor	Microsoft.ServiceModel.Channels.Mail.ExchangeWebService.Exchange2007	Microsoft.ServiceModel.Channels.Mail.ExchangeWebService (in Microsoft.ServiceModel.Channels.Mail.ExchangeWebService.dll)	3.5	CE6R3+	.NET Framework 3.5/General Reference for the .NET Framework/Additional Managed Reference Topics/Microsoft.ServiceModel.Channels.Mail.ExchangeWebService.Exchange2007 Namespace/PathToExtendedFieldType Class/PathToExtendedFieldType Constructor 
bb354116(v=vs.90)	PathToIndexedFieldType Class	Class	Microsoft.ServiceModel.Channels.Mail.ExchangeWebService.Exchange2007	Microsoft.ServiceModel.Channels.Mail.ExchangeWebService (in Microsoft.ServiceModel.Channels.Mail.ExchangeWebService.dll)	3.5	CE6R3+	.NET Framework 3.5/General Reference for the .NET Framework/Additional Managed Reference Topics/Microsoft.ServiceModel.Channels.Mail.ExchangeWebService.Exchange2007 Namespace/PathToIndexedFieldType Class
bb345124(v=vs.90)	PathToIndexedFieldType Constructor	Constructor	Microsoft.ServiceModel.Channels.Mail.ExchangeWebService.Exchange2007	Microsoft.ServiceModel.Channels.Mail.ExchangeWebService (in Microsoft.ServiceModel.Channels.Mail.ExchangeWebService.dll)	3.5	CE6R3+	.NET Framework 3.5/General Reference for the .NET Framework/Additional Managed Reference Topics/Microsoft.ServiceModel.Channels.Mail.ExchangeWebService.Exchange2007 Namespace/PathToIndexedFieldType Class/PathToIndexedFieldType Constructor 
bb360153(v=vs.90)	PathToUnindexedFieldType Class	Class	Microsoft.ServiceModel.Channels.Mail.ExchangeWebService.Exchange2007	Microsoft.ServiceModel.Channels.Mail.ExchangeWebService (in Microsoft.ServiceModel.Channels.Mail.ExchangeWebService.dll)	3.5	CE6R3+	.NET Framework 3.5/General Reference for the .NET Framework/Additional Managed Reference Topics/Microsoft.ServiceModel.Channels.Mail.ExchangeWebService.Exchange2007 Namespace/PathToUnindexedFieldType Class
bb347477(v=vs.90)	PathToUnindexedFieldType Constructor	Constructor	Microsoft.ServiceModel.Channels.Mail.ExchangeWebService.Exchange2007	Microsoft.ServiceModel.Channels.Mail.ExchangeWebService (in Microsoft.ServiceModel.Channels.Mail.ExchangeWebService.dll)	3.5	CE6R3+	.NET Framework 3.5/General Reference for the .NET Framework/Additional Managed Reference Topics/Microsoft.ServiceModel.Channels.Mail.ExchangeWebService.Exchange2007 Namespace/PathToUnindexedFieldType Class/PathToUnindexedFieldType Constructor 
bb358833(v=vs.90)	PreviousWatermark Property	Property	Microsoft.ServiceModel.Channels.Mail.ExchangeWebService.Exchange2007	Microsoft.ServiceModel.Channels.Mail.ExchangeWebService (in Microsoft.ServiceModel.Channels.Mail.ExchangeWebService.dll)	3.5	CE6R3+	.NET Framework 3.5/General Reference for the .NET Framework/Additional Managed Reference Topics/Microsoft.ServiceModel.Channels.Mail.ExchangeWebService.Exchange2007 Namespace/NotificationType Class/NotificationType Properties /PreviousWatermark Property 
bb298619(v=vs.90)	PrimarySmtpAddress Property	Property	Microsoft.ServiceModel.Channels.Mail.ExchangeWebService.Exchange2007	Microsoft.ServiceModel.Channels.Mail.ExchangeWebService (in Microsoft.ServiceModel.Channels.Mail.ExchangeWebService.dll)	3.5	CE6R3+	.NET Framework 3.5/General Reference for the .NET Framework/Additional Managed Reference Topics/Microsoft.ServiceModel.Channels.Mail.ExchangeWebService.Exchange2007 Namespace/SerializedSecurityContextType Class/SerializedSecurityContextType Properties /PrimarySmtpAddress Property 
bb301687(v=vs.90)	PrimarySmtpAddress Property	Property	Microsoft.ServiceModel.Channels.Mail.ExchangeWebService.Exchange2007	Microsoft.ServiceModel.Channels.Mail.ExchangeWebService (in Microsoft.ServiceModel.Channels.Mail.ExchangeWebService.dll)	3.5	CE6R3+	.NET Framework 3.5/General Reference for the .NET Framework/Additional Managed Reference Topics/Microsoft.ServiceModel.Channels.Mail.ExchangeWebService.Exchange2007 Namespace/ConnectingSIDType Class/ConnectingSIDType Properties /PrimarySmtpAddress Property 
bb352230(v=vs.90)	PrincipalName Property	Property	Microsoft.ServiceModel.Channels.Mail.ExchangeWebService.Exchange2007	Microsoft.ServiceModel.Channels.Mail.ExchangeWebService (in Microsoft.ServiceModel.Channels.Mail.ExchangeWebService.dll)	3.5	CE6R3+	.NET Framework 3.5/General Reference for the .NET Framework/Additional Managed Reference Topics/Microsoft.ServiceModel.Channels.Mail.ExchangeWebService.Exchange2007 Namespace/ConnectingSIDType Class/ConnectingSIDType Properties /PrincipalName Property 
bb358477(v=vs.90)	PropertyId Property	Property	Microsoft.ServiceModel.Channels.Mail.ExchangeWebService.Exchange2007	Microsoft.ServiceModel.Channels.Mail.ExchangeWebService (in Microsoft.ServiceModel.Channels.Mail.ExchangeWebService.dll)	3.5	CE6R3+	.NET Framework 3.5/General Reference for the .NET Framework/Additional Managed Reference Topics/Microsoft.ServiceModel.Channels.Mail.ExchangeWebService.Exchange2007 Namespace/PathToExtendedFieldType Class/PathToExtendedFieldType Properties /PropertyId Property 
bb345796(v=vs.90)	PropertyIdSpecified Property	Property	Microsoft.ServiceModel.Channels.Mail.ExchangeWebService.Exchange2007	Microsoft.ServiceModel.Channels.Mail.ExchangeWebService (in Microsoft.ServiceModel.Channels.Mail.ExchangeWebService.dll)	3.5	CE6R3+	.NET Framework 3.5/General Reference for the .NET Framework/Additional Managed Reference Topics/Microsoft.ServiceModel.Channels.Mail.ExchangeWebService.Exchange2007 Namespace/PathToExtendedFieldType Class/PathToExtendedFieldType Properties /PropertyIdSpecified Property 
bb360376(v=vs.90)	PropertyName Property	Property	Microsoft.ServiceModel.Channels.Mail.ExchangeWebService.Exchange2007	Microsoft.ServiceModel.Channels.Mail.ExchangeWebService (in Microsoft.ServiceModel.Channels.Mail.ExchangeWebService.dll)	3.5	CE6R3+	.NET Framework 3.5/General Reference for the .NET Framework/Additional Managed Reference Topics/Microsoft.ServiceModel.Channels.Mail.ExchangeWebService.Exchange2007 Namespace/PathToExtendedFieldType Class/PathToExtendedFieldType Properties /PropertyName Property 
bb335495(v=vs.90)	PropertySetId Property	Property	Microsoft.ServiceModel.Channels.Mail.ExchangeWebService.Exchange2007	Microsoft.ServiceModel.Channels.Mail.ExchangeWebService (in Microsoft.ServiceModel.Channels.Mail.ExchangeWebService.dll)	3.5	CE6R3+	.NET Framework 3.5/General Reference for the .NET Framework/Additional Managed Reference Topics/Microsoft.ServiceModel.Channels.Mail.ExchangeWebService.Exchange2007 Namespace/PathToExtendedFieldType Class/PathToExtendedFieldType Properties /PropertySetId Property 
bb342386(v=vs.90)	PropertyTag Property	Property	Microsoft.ServiceModel.Channels.Mail.ExchangeWebService.Exchange2007	Microsoft.ServiceModel.Channels.Mail.ExchangeWebService (in Microsoft.ServiceModel.Channels.Mail.ExchangeWebService.dll)	3.5	CE6R3+	.NET Framework 3.5/General Reference for the .NET Framework/Additional Managed Reference Topics/Microsoft.ServiceModel.Channels.Mail.ExchangeWebService.Exchange2007 Namespace/PathToExtendedFieldType Class/PathToExtendedFieldType Properties /PropertyTag Property 
bb340133(v=vs.90)	PropertyType Property	Property	Microsoft.ServiceModel.Channels.Mail.ExchangeWebService.Exchange2007	Microsoft.ServiceModel.Channels.Mail.ExchangeWebService (in Microsoft.ServiceModel.Channels.Mail.ExchangeWebService.dll)	3.5	CE6R3+	.NET Framework 3.5/General Reference for the .NET Framework/Additional Managed Reference Topics/Microsoft.ServiceModel.Channels.Mail.ExchangeWebService.Exchange2007 Namespace/PathToExtendedFieldType Class/PathToExtendedFieldType Properties /PropertyType Property 
bb347420(v=vs.90)	ProxyRequestTypeHeader Property	Property	Microsoft.ServiceModel.Channels.Mail.ExchangeWebService.Exchange2007	Microsoft.ServiceModel.Channels.Mail.ExchangeWebService (in Microsoft.ServiceModel.Channels.Mail.ExchangeWebService.dll)	3.5	CE6R3+	.NET Framework 3.5/General Reference for the .NET Framework/Additional Managed Reference Topics/Microsoft.ServiceModel.Channels.Mail.ExchangeWebService.Exchange2007 Namespace/ExchangeServiceBinding Class/ExchangeServiceBinding Properties /ProxyRequestTypeHeader Property 
bb468865(v=vs.90)	PullSubscriptionRequestType Class	Class	Microsoft.ServiceModel.Channels.Mail.ExchangeWebService.Exchange2007	Microsoft.ServiceModel.Channels.Mail.ExchangeWebService (in Microsoft.ServiceModel.Channels.Mail.ExchangeWebService.dll)	3.5	CE6R3+	.NET Framework 3.5/General Reference for the .NET Framework/Additional Managed Reference Topics/Microsoft.ServiceModel.Channels.Mail.ExchangeWebService.Exchange2007 Namespace/PullSubscriptionRequestType Class
bb356659(v=vs.90)	PullSubscriptionRequestType Constructor	Constructor	Microsoft.ServiceModel.Channels.Mail.ExchangeWebService.Exchange2007	Microsoft.ServiceModel.Channels.Mail.ExchangeWebService (in Microsoft.ServiceModel.Channels.Mail.ExchangeWebService.dll)	3.5	CE6R3+	.NET Framework 3.5/General Reference for the .NET Framework/Additional Managed Reference Topics/Microsoft.ServiceModel.Channels.Mail.ExchangeWebService.Exchange2007 Namespace/PullSubscriptionRequestType Class/PullSubscriptionRequestType Constructor 
bb341605(v=vs.90)	ReferenceItemId Property	Property	Microsoft.ServiceModel.Channels.Mail.ExchangeWebService.Exchange2007	Microsoft.ServiceModel.Channels.Mail.ExchangeWebService (in Microsoft.ServiceModel.Channels.Mail.ExchangeWebService.dll)	3.5	CE6R3+	.NET Framework 3.5/General Reference for the .NET Framework/Additional Managed Reference Topics/Microsoft.ServiceModel.Channels.Mail.ExchangeWebService.Exchange2007 Namespace/ResponseObjectCoreType Class/ResponseObjectCoreType Properties /ReferenceItemId Property 
bb352672(v=vs.90)	References Property	Property	Microsoft.ServiceModel.Channels.Mail.ExchangeWebService.Exchange2007	Microsoft.ServiceModel.Channels.Mail.ExchangeWebService (in Microsoft.ServiceModel.Channels.Mail.ExchangeWebService.dll)	3.5	CE6R3+	.NET Framework 3.5/General Reference for the .NET Framework/Additional Managed Reference Topics/Microsoft.ServiceModel.Channels.Mail.ExchangeWebService.Exchange2007 Namespace/MessageType Class/MessageType Properties /References Property 
bb353151(v=vs.90)	ReminderDueBy Property	Property	Microsoft.ServiceModel.Channels.Mail.ExchangeWebService.Exchange2007	Microsoft.ServiceModel.Channels.Mail.ExchangeWebService (in Microsoft.ServiceModel.Channels.Mail.ExchangeWebService.dll)	3.5	CE6R3+	.NET Framework 3.5/General Reference for the .NET Framework/Additional Managed Reference Topics/Microsoft.ServiceModel.Channels.Mail.ExchangeWebService.Exchange2007 Namespace/ItemType Class/ItemType Properties /ReminderDueBy Property 
bb340141(v=vs.90)	ReminderDueBySpecified Property	Property	Microsoft.ServiceModel.Channels.Mail.ExchangeWebService.Exchange2007	Microsoft.ServiceModel.Channels.Mail.ExchangeWebService (in Microsoft.ServiceModel.Channels.Mail.ExchangeWebService.dll)	3.5	CE6R3+	.NET Framework 3.5/General Reference for the .NET Framework/Additional Managed Reference Topics/Microsoft.ServiceModel.Channels.Mail.ExchangeWebService.Exchange2007 Namespace/ItemType Class/ItemType Properties /ReminderDueBySpecified Property 
bb359087(v=vs.90)	ReminderIsSet Property	Property	Microsoft.ServiceModel.Channels.Mail.ExchangeWebService.Exchange2007	Microsoft.ServiceModel.Channels.Mail.ExchangeWebService (in Microsoft.ServiceModel.Channels.Mail.ExchangeWebService.dll)	3.5	CE6R3+	.NET Framework 3.5/General Reference for the .NET Framework/Additional Managed Reference Topics/Microsoft.ServiceModel.Channels.Mail.ExchangeWebService.Exchange2007 Namespace/ItemType Class/ItemType Properties /ReminderIsSet Property 
bb346872(v=vs.90)	ReminderIsSetSpecified Property	Property	Microsoft.ServiceModel.Channels.Mail.ExchangeWebService.Exchange2007	Microsoft.ServiceModel.Channels.Mail.ExchangeWebService (in Microsoft.ServiceModel.Channels.Mail.ExchangeWebService.dll)	3.5	CE6R3+	.NET Framework 3.5/General Reference for the .NET Framework/Additional Managed Reference Topics/Microsoft.ServiceModel.Channels.Mail.ExchangeWebService.Exchange2007 Namespace/ItemType Class/ItemType Properties /ReminderIsSetSpecified Property 
bb338456(v=vs.90)	ReminderMinutesBeforeStart Property	Property	Microsoft.ServiceModel.Channels.Mail.ExchangeWebService.Exchange2007	Microsoft.ServiceModel.Channels.Mail.ExchangeWebService (in Microsoft.ServiceModel.Channels.Mail.ExchangeWebService.dll)	3.5	CE6R3+	.NET Framework 3.5/General Reference for the .NET Framework/Additional Managed Reference Topics/Microsoft.ServiceModel.Channels.Mail.ExchangeWebService.Exchange2007 Namespace/ItemType Class/ItemType Properties /ReminderMinutesBeforeStart Property 
bb339395(v=vs.90)	ReplyTo Property	Property	Microsoft.ServiceModel.Channels.Mail.ExchangeWebService.Exchange2007	Microsoft.ServiceModel.Channels.Mail.ExchangeWebService (in Microsoft.ServiceModel.Channels.Mail.ExchangeWebService.dll)	3.5	CE6R3+	.NET Framework 3.5/General Reference for the .NET Framework/Additional Managed Reference Topics/Microsoft.ServiceModel.Channels.Mail.ExchangeWebService.Exchange2007 Namespace/MessageType Class/MessageType Properties /ReplyTo Property 
bb494548(v=vs.90)	ReplyToItemType Class	Class	Microsoft.ServiceModel.Channels.Mail.ExchangeWebService.Exchange2007	Microsoft.ServiceModel.Channels.Mail.ExchangeWebService (in Microsoft.ServiceModel.Channels.Mail.ExchangeWebService.dll)	3.5	CE6R3+	.NET Framework 3.5/General Reference for the .NET Framework/Additional Managed Reference Topics/Microsoft.ServiceModel.Channels.Mail.ExchangeWebService.Exchange2007 Namespace/ReplyToItemType Class
bb346323(v=vs.90)	ReplyToItemType Constructor	Constructor	Microsoft.ServiceModel.Channels.Mail.ExchangeWebService.Exchange2007	Microsoft.ServiceModel.Channels.Mail.ExchangeWebService (in Microsoft.ServiceModel.Channels.Mail.ExchangeWebService.dll)	3.5	CE6R3+	.NET Framework 3.5/General Reference for the .NET Framework/Additional Managed Reference Topics/Microsoft.ServiceModel.Channels.Mail.ExchangeWebService.Exchange2007 Namespace/ReplyToItemType Class/ReplyToItemType Constructor 
bb357606(v=vs.90)	RequestAttachmentIdType Class	Class	Microsoft.ServiceModel.Channels.Mail.ExchangeWebService.Exchange2007	Microsoft.ServiceModel.Channels.Mail.ExchangeWebService (in Microsoft.ServiceModel.Channels.Mail.ExchangeWebService.dll)	3.5	CE6R3+	.NET Framework 3.5/General Reference for the .NET Framework/Additional Managed Reference Topics/Microsoft.ServiceModel.Channels.Mail.ExchangeWebService.Exchange2007 Namespace/RequestAttachmentIdType Class
bb355745(v=vs.90)	RequestAttachmentIdType Constructor	Constructor	Microsoft.ServiceModel.Channels.Mail.ExchangeWebService.Exchange2007	Microsoft.ServiceModel.Channels.Mail.ExchangeWebService (in Microsoft.ServiceModel.Channels.Mail.ExchangeWebService.dll)	3.5	CE6R3+	.NET Framework 3.5/General Reference for the .NET Framework/Additional Managed Reference Topics/Microsoft.ServiceModel.Channels.Mail.ExchangeWebService.Exchange2007 Namespace/RequestAttachmentIdType Class/RequestAttachmentIdType Constructor 
bb358931(v=vs.90)	ResponseClass Property	Property	Microsoft.ServiceModel.Channels.Mail.ExchangeWebService.Exchange2007	Microsoft.ServiceModel.Channels.Mail.ExchangeWebService (in Microsoft.ServiceModel.Channels.Mail.ExchangeWebService.dll)	3.5	CE6R3+	.NET Framework 3.5/General Reference for the .NET Framework/Additional Managed Reference Topics/Microsoft.ServiceModel.Channels.Mail.ExchangeWebService.Exchange2007 Namespace/ResponseMessageType Class/ResponseMessageType Properties /ResponseClass Property 
bb350804(v=vs.90)	ResponseClassType Enumeration	Enumeration	Microsoft.ServiceModel.Channels.Mail.ExchangeWebService.Exchange2007	Microsoft.ServiceModel.Channels.Mail.ExchangeWebService (in Microsoft.ServiceModel.Channels.Mail.ExchangeWebService.dll)	3.5	CE6R3+	.NET Framework 3.5/General Reference for the .NET Framework/Additional Managed Reference Topics/Microsoft.ServiceModel.Channels.Mail.ExchangeWebService.Exchange2007 Namespace/ResponseClassType Enumeration
bb354602(v=vs.90)	ResponseCode Property	Property	Microsoft.ServiceModel.Channels.Mail.ExchangeWebService.Exchange2007	Microsoft.ServiceModel.Channels.Mail.ExchangeWebService (in Microsoft.ServiceModel.Channels.Mail.ExchangeWebService.dll)	3.5	CE6R3+	.NET Framework 3.5/General Reference for the .NET Framework/Additional Managed Reference Topics/Microsoft.ServiceModel.Channels.Mail.ExchangeWebService.Exchange2007 Namespace/ResponseMessageType Class/ResponseMessageType Properties /ResponseCode Property 
bb360312(v=vs.90)	ResponseCodeSpecified Property	Property	Microsoft.ServiceModel.Channels.Mail.ExchangeWebService.Exchange2007	Microsoft.ServiceModel.Channels.Mail.ExchangeWebService (in Microsoft.ServiceModel.Channels.Mail.ExchangeWebService.dll)	3.5	CE6R3+	.NET Framework 3.5/General Reference for the .NET Framework/Additional Managed Reference Topics/Microsoft.ServiceModel.Channels.Mail.ExchangeWebService.Exchange2007 Namespace/ResponseMessageType Class/ResponseMessageType Properties /ResponseCodeSpecified Property 
bb300105(v=vs.90)	ResponseCodeType Enumeration	Enumeration	Microsoft.ServiceModel.Channels.Mail.ExchangeWebService.Exchange2007	Microsoft.ServiceModel.Channels.Mail.ExchangeWebService (in Microsoft.ServiceModel.Channels.Mail.ExchangeWebService.dll)	3.5	CE6R3+	.NET Framework 3.5/General Reference for the .NET Framework/Additional Managed Reference Topics/Microsoft.ServiceModel.Channels.Mail.ExchangeWebService.Exchange2007 Namespace/ResponseCodeType Enumeration
bb348967(v=vs.90)	ResponseMessageType Class	Class	Microsoft.ServiceModel.Channels.Mail.ExchangeWebService.Exchange2007	Microsoft.ServiceModel.Channels.Mail.ExchangeWebService (in Microsoft.ServiceModel.Channels.Mail.ExchangeWebService.dll)	3.5	CE6R3+	.NET Framework 3.5/General Reference for the .NET Framework/Additional Managed Reference Topics/Microsoft.ServiceModel.Channels.Mail.ExchangeWebService.Exchange2007 Namespace/ResponseMessageType Class
bb354511(v=vs.90)	ResponseMessageType Constructor	Constructor	Microsoft.ServiceModel.Channels.Mail.ExchangeWebService.Exchange2007	Microsoft.ServiceModel.Channels.Mail.ExchangeWebService (in Microsoft.ServiceModel.Channels.Mail.ExchangeWebService.dll)	3.5	CE6R3+	.NET Framework 3.5/General Reference for the .NET Framework/Additional Managed Reference Topics/Microsoft.ServiceModel.Channels.Mail.ExchangeWebService.Exchange2007 Namespace/ResponseMessageType Class/ResponseMessageType Constructor 
bb353763(v=vs.90)	ResponseMessageTypeMessageXml Class	Class	Microsoft.ServiceModel.Channels.Mail.ExchangeWebService.Exchange2007	Microsoft.ServiceModel.Channels.Mail.ExchangeWebService (in Microsoft.ServiceModel.Channels.Mail.ExchangeWebService.dll)	3.5	CE6R3+	.NET Framework 3.5/General Reference for the .NET Framework/Additional Managed Reference Topics/Microsoft.ServiceModel.Channels.Mail.ExchangeWebService.Exchange2007 Namespace/ResponseMessageTypeMessageXml Class
bb347346(v=vs.90)	ResponseMessageTypeMessageXml Constructor	Constructor	Microsoft.ServiceModel.Channels.Mail.ExchangeWebService.Exchange2007	Microsoft.ServiceModel.Channels.Mail.ExchangeWebService (in Microsoft.ServiceModel.Channels.Mail.ExchangeWebService.dll)	3.5	CE6R3+	.NET Framework 3.5/General Reference for the .NET Framework/Additional Managed Reference Topics/Microsoft.ServiceModel.Channels.Mail.ExchangeWebService.Exchange2007 Namespace/ResponseMessageTypeMessageXml Class/ResponseMessageTypeMessageXml Constructor 
bb357231(v=vs.90)	ResponseMessages Property	Property	Microsoft.ServiceModel.Channels.Mail.ExchangeWebService.Exchange2007	Microsoft.ServiceModel.Channels.Mail.ExchangeWebService (in Microsoft.ServiceModel.Channels.Mail.ExchangeWebService.dll)	3.5	CE6R3+	.NET Framework 3.5/General Reference for the .NET Framework/Additional Managed Reference Topics/Microsoft.ServiceModel.Channels.Mail.ExchangeWebService.Exchange2007 Namespace/BaseResponseMessageType Class/BaseResponseMessageType Properties /ResponseMessages Property 
bb358468(v=vs.90)	ResponseObjectCoreType Class	Class	Microsoft.ServiceModel.Channels.Mail.ExchangeWebService.Exchange2007	Microsoft.ServiceModel.Channels.Mail.ExchangeWebService (in Microsoft.ServiceModel.Channels.Mail.ExchangeWebService.dll)	3.5	CE6R3+	.NET Framework 3.5/General Reference for the .NET Framework/Additional Managed Reference Topics/Microsoft.ServiceModel.Channels.Mail.ExchangeWebService.Exchange2007 Namespace/ResponseObjectCoreType Class
bb351696(v=vs.90)	ResponseObjectCoreType Constructor	Constructor	Microsoft.ServiceModel.Channels.Mail.ExchangeWebService.Exchange2007	Microsoft.ServiceModel.Channels.Mail.ExchangeWebService (in Microsoft.ServiceModel.Channels.Mail.ExchangeWebService.dll)	3.5	CE6R3+	.NET Framework 3.5/General Reference for the .NET Framework/Additional Managed Reference Topics/Microsoft.ServiceModel.Channels.Mail.ExchangeWebService.Exchange2007 Namespace/ResponseObjectCoreType Class/ResponseObjectCoreType Constructor 
bb156252(v=vs.90)	ResponseObjectType Class	Class	Microsoft.ServiceModel.Channels.Mail.ExchangeWebService.Exchange2007	Microsoft.ServiceModel.Channels.Mail.ExchangeWebService (in Microsoft.ServiceModel.Channels.Mail.ExchangeWebService.dll)	3.5	CE6R3+	.NET Framework 3.5/General Reference for the .NET Framework/Additional Managed Reference Topics/Microsoft.ServiceModel.Channels.Mail.ExchangeWebService.Exchange2007 Namespace/ResponseObjectType Class
bb352492(v=vs.90)	ResponseObjectType Constructor	Constructor	Microsoft.ServiceModel.Channels.Mail.ExchangeWebService.Exchange2007	Microsoft.ServiceModel.Channels.Mail.ExchangeWebService (in Microsoft.ServiceModel.Channels.Mail.ExchangeWebService.dll)	3.5	CE6R3+	.NET Framework 3.5/General Reference for the .NET Framework/Additional Managed Reference Topics/Microsoft.ServiceModel.Channels.Mail.ExchangeWebService.Exchange2007 Namespace/ResponseObjectType Class/ResponseObjectType Constructor 
bb343064(v=vs.90)	ResponseObjects Property	Property	Microsoft.ServiceModel.Channels.Mail.ExchangeWebService.Exchange2007	Microsoft.ServiceModel.Channels.Mail.ExchangeWebService (in Microsoft.ServiceModel.Channels.Mail.ExchangeWebService.dll)	3.5	CE6R3+	.NET Framework 3.5/General Reference for the .NET Framework/Additional Managed Reference Topics/Microsoft.ServiceModel.Channels.Mail.ExchangeWebService.Exchange2007 Namespace/ItemType Class/ItemType Properties /ResponseObjects Property 
bb357552(v=vs.90)	ResponseTypeType Enumeration	Enumeration	Microsoft.ServiceModel.Channels.Mail.ExchangeWebService.Exchange2007	Microsoft.ServiceModel.Channels.Mail.ExchangeWebService (in Microsoft.ServiceModel.Channels.Mail.ExchangeWebService.dll)	3.5	CE6R3+	.NET Framework 3.5/General Reference for the .NET Framework/Additional Managed Reference Topics/Microsoft.ServiceModel.Channels.Mail.ExchangeWebService.Exchange2007 Namespace/ResponseTypeType Enumeration
bb347046(v=vs.90)	RestrictedGroupSids Property	Property	Microsoft.ServiceModel.Channels.Mail.ExchangeWebService.Exchange2007	Microsoft.ServiceModel.Channels.Mail.ExchangeWebService (in Microsoft.ServiceModel.Channels.Mail.ExchangeWebService.dll)	3.5	CE6R3+	.NET Framework 3.5/General Reference for the .NET Framework/Additional Managed Reference Topics/Microsoft.ServiceModel.Channels.Mail.ExchangeWebService.Exchange2007 Namespace/SerializedSecurityContextType Class/SerializedSecurityContextType Properties /RestrictedGroupSids Property 
bb301478(v=vs.90)	Restriction Property	Property	Microsoft.ServiceModel.Channels.Mail.ExchangeWebService.Exchange2007	Microsoft.ServiceModel.Channels.Mail.ExchangeWebService (in Microsoft.ServiceModel.Channels.Mail.ExchangeWebService.dll)	3.5	CE6R3+	.NET Framework 3.5/General Reference for the .NET Framework/Additional Managed Reference Topics/Microsoft.ServiceModel.Channels.Mail.ExchangeWebService.Exchange2007 Namespace/FindItemType Class/FindItemType Properties /Restriction Property 
bb302174(v=vs.90)	Restriction Property	Property	Microsoft.ServiceModel.Channels.Mail.ExchangeWebService.Exchange2007	Microsoft.ServiceModel.Channels.Mail.ExchangeWebService (in Microsoft.ServiceModel.Channels.Mail.ExchangeWebService.dll)	3.5	CE6R3+	.NET Framework 3.5/General Reference for the .NET Framework/Additional Managed Reference Topics/Microsoft.ServiceModel.Channels.Mail.ExchangeWebService.Exchange2007 Namespace/SearchParametersType Class/SearchParametersType Properties /Restriction Property 
bb350756(v=vs.90)	Restriction Property	Property	Microsoft.ServiceModel.Channels.Mail.ExchangeWebService.Exchange2007	Microsoft.ServiceModel.Channels.Mail.ExchangeWebService (in Microsoft.ServiceModel.Channels.Mail.ExchangeWebService.dll)	3.5	CE6R3+	.NET Framework 3.5/General Reference for the .NET Framework/Additional Managed Reference Topics/Microsoft.ServiceModel.Channels.Mail.ExchangeWebService.Exchange2007 Namespace/FindFolderType Class/FindFolderType Properties /Restriction Property 
bb337718(v=vs.90)	RestrictionType Class	Class	Microsoft.ServiceModel.Channels.Mail.ExchangeWebService.Exchange2007	Microsoft.ServiceModel.Channels.Mail.ExchangeWebService (in Microsoft.ServiceModel.Channels.Mail.ExchangeWebService.dll)	3.5	CE6R3+	.NET Framework 3.5/General Reference for the .NET Framework/Additional Managed Reference Topics/Microsoft.ServiceModel.Channels.Mail.ExchangeWebService.Exchange2007 Namespace/RestrictionType Class
bb154974(v=vs.90)	RestrictionType Constructor	Constructor	Microsoft.ServiceModel.Channels.Mail.ExchangeWebService.Exchange2007	Microsoft.ServiceModel.Channels.Mail.ExchangeWebService (in Microsoft.ServiceModel.Channels.Mail.ExchangeWebService.dll)	3.5	CE6R3+	.NET Framework 3.5/General Reference for the .NET Framework/Additional Managed Reference Topics/Microsoft.ServiceModel.Channels.Mail.ExchangeWebService.Exchange2007 Namespace/RestrictionType Class/RestrictionType Constructor 
bb357932(v=vs.90)	RootFolder Property	Property	Microsoft.ServiceModel.Channels.Mail.ExchangeWebService.Exchange2007	Microsoft.ServiceModel.Channels.Mail.ExchangeWebService (in Microsoft.ServiceModel.Channels.Mail.ExchangeWebService.dll)	3.5	CE6R3+	.NET Framework 3.5/General Reference for the .NET Framework/Additional Managed Reference Topics/Microsoft.ServiceModel.Channels.Mail.ExchangeWebService.Exchange2007 Namespace/FindItemResponseMessageType Class/FindItemResponseMessageType Properties /RootFolder Property 
bb359733(v=vs.90)	RootFolder Property	Property	Microsoft.ServiceModel.Channels.Mail.ExchangeWebService.Exchange2007	Microsoft.ServiceModel.Channels.Mail.ExchangeWebService (in Microsoft.ServiceModel.Channels.Mail.ExchangeWebService.dll)	3.5	CE6R3+	.NET Framework 3.5/General Reference for the .NET Framework/Additional Managed Reference Topics/Microsoft.ServiceModel.Channels.Mail.ExchangeWebService.Exchange2007 Namespace/FindFolderResponseMessageType Class/FindFolderResponseMessageType Properties /RootFolder Property 
bb343254(v=vs.90)	RootItemChangeKey Property	Property	Microsoft.ServiceModel.Channels.Mail.ExchangeWebService.Exchange2007	Microsoft.ServiceModel.Channels.Mail.ExchangeWebService (in Microsoft.ServiceModel.Channels.Mail.ExchangeWebService.dll)	3.5	CE6R3+	.NET Framework 3.5/General Reference for the .NET Framework/Additional Managed Reference Topics/Microsoft.ServiceModel.Channels.Mail.ExchangeWebService.Exchange2007 Namespace/AttachmentIdType Class/AttachmentIdType Properties /RootItemChangeKey Property 
bb339543(v=vs.90)	RootItemId Property	Property	Microsoft.ServiceModel.Channels.Mail.ExchangeWebService.Exchange2007	Microsoft.ServiceModel.Channels.Mail.ExchangeWebService (in Microsoft.ServiceModel.Channels.Mail.ExchangeWebService.dll)	3.5	CE6R3+	.NET Framework 3.5/General Reference for the .NET Framework/Additional Managed Reference Topics/Microsoft.ServiceModel.Channels.Mail.ExchangeWebService.Exchange2007 Namespace/AttachmentIdType Class/AttachmentIdType Properties /RootItemId Property 
bb342235(v=vs.90)	RoutingType Property	Property	Microsoft.ServiceModel.Channels.Mail.ExchangeWebService.Exchange2007	Microsoft.ServiceModel.Channels.Mail.ExchangeWebService (in Microsoft.ServiceModel.Channels.Mail.ExchangeWebService.dll)	3.5	CE6R3+	.NET Framework 3.5/General Reference for the .NET Framework/Additional Managed Reference Topics/Microsoft.ServiceModel.Channels.Mail.ExchangeWebService.Exchange2007 Namespace/EmailAddressType Class/EmailAddressType Properties /RoutingType Property 
bb359346(v=vs.90)	SID Property	Property	Microsoft.ServiceModel.Channels.Mail.ExchangeWebService.Exchange2007	Microsoft.ServiceModel.Channels.Mail.ExchangeWebService (in Microsoft.ServiceModel.Channels.Mail.ExchangeWebService.dll)	3.5	CE6R3+	.NET Framework 3.5/General Reference for the .NET Framework/Additional Managed Reference Topics/Microsoft.ServiceModel.Channels.Mail.ExchangeWebService.Exchange2007 Namespace/ConnectingSIDType Class/ConnectingSIDType Properties /SID Property 
bb353062(v=vs.90)	SaveItemToFolder Property	Property	Microsoft.ServiceModel.Channels.Mail.ExchangeWebService.Exchange2007	Microsoft.ServiceModel.Channels.Mail.ExchangeWebService (in Microsoft.ServiceModel.Channels.Mail.ExchangeWebService.dll)	3.5	CE6R3+	.NET Framework 3.5/General Reference for the .NET Framework/Additional Managed Reference Topics/Microsoft.ServiceModel.Channels.Mail.ExchangeWebService.Exchange2007 Namespace/SendItemType Class/SendItemType Properties /SaveItemToFolder Property 
bb155147(v=vs.90)	SavedItemFolderId Property	Property	Microsoft.ServiceModel.Channels.Mail.ExchangeWebService.Exchange2007	Microsoft.ServiceModel.Channels.Mail.ExchangeWebService (in Microsoft.ServiceModel.Channels.Mail.ExchangeWebService.dll)	3.5	CE6R3+	.NET Framework 3.5/General Reference for the .NET Framework/Additional Managed Reference Topics/Microsoft.ServiceModel.Channels.Mail.ExchangeWebService.Exchange2007 Namespace/CreateItemType Class/CreateItemType Properties /SavedItemFolderId Property 
bb300760(v=vs.90)	SavedItemFolderId Property	Property	Microsoft.ServiceModel.Channels.Mail.ExchangeWebService.Exchange2007	Microsoft.ServiceModel.Channels.Mail.ExchangeWebService (in Microsoft.ServiceModel.Channels.Mail.ExchangeWebService.dll)	3.5	CE6R3+	.NET Framework 3.5/General Reference for the .NET Framework/Additional Managed Reference Topics/Microsoft.ServiceModel.Channels.Mail.ExchangeWebService.Exchange2007 Namespace/SendItemType Class/SendItemType Properties /SavedItemFolderId Property 
bb357281(v=vs.90)	SearchExpressionType Class	Class	Microsoft.ServiceModel.Channels.Mail.ExchangeWebService.Exchange2007	Microsoft.ServiceModel.Channels.Mail.ExchangeWebService (in Microsoft.ServiceModel.Channels.Mail.ExchangeWebService.dll)	3.5	CE6R3+	.NET Framework 3.5/General Reference for the .NET Framework/Additional Managed Reference Topics/Microsoft.ServiceModel.Channels.Mail.ExchangeWebService.Exchange2007 Namespace/SearchExpressionType Class
bb348227(v=vs.90)	SearchExpressionType Constructor	Constructor	Microsoft.ServiceModel.Channels.Mail.ExchangeWebService.Exchange2007	Microsoft.ServiceModel.Channels.Mail.ExchangeWebService (in Microsoft.ServiceModel.Channels.Mail.ExchangeWebService.dll)	3.5	CE6R3+	.NET Framework 3.5/General Reference for the .NET Framework/Additional Managed Reference Topics/Microsoft.ServiceModel.Channels.Mail.ExchangeWebService.Exchange2007 Namespace/SearchExpressionType Class/SearchExpressionType Constructor 
bb354191(v=vs.90)	SearchFolderTraversalType Enumeration	Enumeration	Microsoft.ServiceModel.Channels.Mail.ExchangeWebService.Exchange2007	Microsoft.ServiceModel.Channels.Mail.ExchangeWebService (in Microsoft.ServiceModel.Channels.Mail.ExchangeWebService.dll)	3.5	CE6R3+	.NET Framework 3.5/General Reference for the .NET Framework/Additional Managed Reference Topics/Microsoft.ServiceModel.Channels.Mail.ExchangeWebService.Exchange2007 Namespace/SearchFolderTraversalType Enumeration
bb343917(v=vs.90)	SearchFolderType Class	Class	Microsoft.ServiceModel.Channels.Mail.ExchangeWebService.Exchange2007	Microsoft.ServiceModel.Channels.Mail.ExchangeWebService (in Microsoft.ServiceModel.Channels.Mail.ExchangeWebService.dll)	3.5	CE6R3+	.NET Framework 3.5/General Reference for the .NET Framework/Additional Managed Reference Topics/Microsoft.ServiceModel.Channels.Mail.ExchangeWebService.Exchange2007 Namespace/SearchFolderType Class
bb342991(v=vs.90)	SearchFolderType Constructor	Constructor	Microsoft.ServiceModel.Channels.Mail.ExchangeWebService.Exchange2007	Microsoft.ServiceModel.Channels.Mail.ExchangeWebService (in Microsoft.ServiceModel.Channels.Mail.ExchangeWebService.dll)	3.5	CE6R3+	.NET Framework 3.5/General Reference for the .NET Framework/Additional Managed Reference Topics/Microsoft.ServiceModel.Channels.Mail.ExchangeWebService.Exchange2007 Namespace/SearchFolderType Class/SearchFolderType Constructor 
bb338650(v=vs.90)	SearchParameters Property	Property	Microsoft.ServiceModel.Channels.Mail.ExchangeWebService.Exchange2007	Microsoft.ServiceModel.Channels.Mail.ExchangeWebService (in Microsoft.ServiceModel.Channels.Mail.ExchangeWebService.dll)	3.5	CE6R3+	.NET Framework 3.5/General Reference for the .NET Framework/Additional Managed Reference Topics/Microsoft.ServiceModel.Channels.Mail.ExchangeWebService.Exchange2007 Namespace/SearchFolderType Class/SearchFolderType Properties /SearchParameters Property 
bb344579(v=vs.90)	SearchParametersType Class	Class	Microsoft.ServiceModel.Channels.Mail.ExchangeWebService.Exchange2007	Microsoft.ServiceModel.Channels.Mail.ExchangeWebService (in Microsoft.ServiceModel.Channels.Mail.ExchangeWebService.dll)	3.5	CE6R3+	.NET Framework 3.5/General Reference for the .NET Framework/Additional Managed Reference Topics/Microsoft.ServiceModel.Channels.Mail.ExchangeWebService.Exchange2007 Namespace/SearchParametersType Class
bb345055(v=vs.90)	SearchParametersType Constructor	Constructor	Microsoft.ServiceModel.Channels.Mail.ExchangeWebService.Exchange2007	Microsoft.ServiceModel.Channels.Mail.ExchangeWebService (in Microsoft.ServiceModel.Channels.Mail.ExchangeWebService.dll)	3.5	CE6R3+	.NET Framework 3.5/General Reference for the .NET Framework/Additional Managed Reference Topics/Microsoft.ServiceModel.Channels.Mail.ExchangeWebService.Exchange2007 Namespace/SearchParametersType Class/SearchParametersType Constructor 
bb292238(v=vs.90)	SecurityIdentifier Property	Property	Microsoft.ServiceModel.Channels.Mail.ExchangeWebService.Exchange2007	Microsoft.ServiceModel.Channels.Mail.ExchangeWebService (in Microsoft.ServiceModel.Channels.Mail.ExchangeWebService.dll)	3.5	CE6R3+	.NET Framework 3.5/General Reference for the .NET Framework/Additional Managed Reference Topics/Microsoft.ServiceModel.Channels.Mail.ExchangeWebService.Exchange2007 Namespace/SidAndAttributesType Class/SidAndAttributesType Properties /SecurityIdentifier Property 
bb339132(v=vs.90)	SendItem Method	Method	Microsoft.ServiceModel.Channels.Mail.ExchangeWebService.Exchange2007	Microsoft.ServiceModel.Channels.Mail.ExchangeWebService (in Microsoft.ServiceModel.Channels.Mail.ExchangeWebService.dll)	3.5	CE6R3+	.NET Framework 3.5/General Reference for the .NET Framework/Additional Managed Reference Topics/Microsoft.ServiceModel.Channels.Mail.ExchangeWebService.Exchange2007 Namespace/ExchangeServiceBinding Class/ExchangeServiceBinding Methods /SendItem Method 
bb300884(v=vs.90)	SendItemResponseType Class	Class	Microsoft.ServiceModel.Channels.Mail.ExchangeWebService.Exchange2007	Microsoft.ServiceModel.Channels.Mail.ExchangeWebService (in Microsoft.ServiceModel.Channels.Mail.ExchangeWebService.dll)	3.5	CE6R3+	.NET Framework 3.5/General Reference for the .NET Framework/Additional Managed Reference Topics/Microsoft.ServiceModel.Channels.Mail.ExchangeWebService.Exchange2007 Namespace/SendItemResponseType Class
bb347039(v=vs.90)	SendItemResponseType Constructor	Constructor	Microsoft.ServiceModel.Channels.Mail.ExchangeWebService.Exchange2007	Microsoft.ServiceModel.Channels.Mail.ExchangeWebService (in Microsoft.ServiceModel.Channels.Mail.ExchangeWebService.dll)	3.5	CE6R3+	.NET Framework 3.5/General Reference for the .NET Framework/Additional Managed Reference Topics/Microsoft.ServiceModel.Channels.Mail.ExchangeWebService.Exchange2007 Namespace/SendItemResponseType Class/SendItemResponseType Constructor 
bb355272(v=vs.90)	SendItemType Class	Class	Microsoft.ServiceModel.Channels.Mail.ExchangeWebService.Exchange2007	Microsoft.ServiceModel.Channels.Mail.ExchangeWebService (in Microsoft.ServiceModel.Channels.Mail.ExchangeWebService.dll)	3.5	CE6R3+	.NET Framework 3.5/General Reference for the .NET Framework/Additional Managed Reference Topics/Microsoft.ServiceModel.Channels.Mail.ExchangeWebService.Exchange2007 Namespace/SendItemType Class
bb359386(v=vs.90)	SendItemType Constructor	Constructor	Microsoft.ServiceModel.Channels.Mail.ExchangeWebService.Exchange2007	Microsoft.ServiceModel.Channels.Mail.ExchangeWebService (in Microsoft.ServiceModel.Channels.Mail.ExchangeWebService.dll)	3.5	CE6R3+	.NET Framework 3.5/General Reference for the .NET Framework/Additional Managed Reference Topics/Microsoft.ServiceModel.Channels.Mail.ExchangeWebService.Exchange2007 Namespace/SendItemType Class/SendItemType Constructor 
bb351565(v=vs.90)	SendMeetingCancellationsSpecified Property	Property	Microsoft.ServiceModel.Channels.Mail.ExchangeWebService.Exchange2007	Microsoft.ServiceModel.Channels.Mail.ExchangeWebService (in Microsoft.ServiceModel.Channels.Mail.ExchangeWebService.dll)	3.5	CE6R3+	.NET Framework 3.5/General Reference for the .NET Framework/Additional Managed Reference Topics/Microsoft.ServiceModel.Channels.Mail.ExchangeWebService.Exchange2007 Namespace/DeleteItemType Class/DeleteItemType Properties /SendMeetingCancellationsSpecified Property 
bb340961(v=vs.90)	SendMeetingInvitationsSpecified Property	Property	Microsoft.ServiceModel.Channels.Mail.ExchangeWebService.Exchange2007	Microsoft.ServiceModel.Channels.Mail.ExchangeWebService (in Microsoft.ServiceModel.Channels.Mail.ExchangeWebService.dll)	3.5	CE6R3+	.NET Framework 3.5/General Reference for the .NET Framework/Additional Managed Reference Topics/Microsoft.ServiceModel.Channels.Mail.ExchangeWebService.Exchange2007 Namespace/CreateItemType Class/CreateItemType Properties /SendMeetingInvitationsSpecified Property 
bb358107(v=vs.90)	SendNotificationResponseMessageType Class	Class	Microsoft.ServiceModel.Channels.Mail.ExchangeWebService.Exchange2007	Microsoft.ServiceModel.Channels.Mail.ExchangeWebService (in Microsoft.ServiceModel.Channels.Mail.ExchangeWebService.dll)	3.5	CE6R3+	.NET Framework 3.5/General Reference for the .NET Framework/Additional Managed Reference Topics/Microsoft.ServiceModel.Channels.Mail.ExchangeWebService.Exchange2007 Namespace/SendNotificationResponseMessageType Class
bb300469(v=vs.90)	SendNotificationResponseMessageType Constructor	Constructor	Microsoft.ServiceModel.Channels.Mail.ExchangeWebService.Exchange2007	Microsoft.ServiceModel.Channels.Mail.ExchangeWebService (in Microsoft.ServiceModel.Channels.Mail.ExchangeWebService.dll)	3.5	CE6R3+	.NET Framework 3.5/General Reference for the .NET Framework/Additional Managed Reference Topics/Microsoft.ServiceModel.Channels.Mail.ExchangeWebService.Exchange2007 Namespace/SendNotificationResponseMessageType Class/SendNotificationResponseMessageType Constructor 
bb300744(v=vs.90)	Sender Property	Property	Microsoft.ServiceModel.Channels.Mail.ExchangeWebService.Exchange2007	Microsoft.ServiceModel.Channels.Mail.ExchangeWebService (in Microsoft.ServiceModel.Channels.Mail.ExchangeWebService.dll)	3.5	CE6R3+	.NET Framework 3.5/General Reference for the .NET Framework/Additional Managed Reference Topics/Microsoft.ServiceModel.Channels.Mail.ExchangeWebService.Exchange2007 Namespace/MessageType Class/MessageType Properties /Sender Property 
bb340754(v=vs.90)	Sensitivity Property	Property	Microsoft.ServiceModel.Channels.Mail.ExchangeWebService.Exchange2007	Microsoft.ServiceModel.Channels.Mail.ExchangeWebService (in Microsoft.ServiceModel.Channels.Mail.ExchangeWebService.dll)	3.5	CE6R3+	.NET Framework 3.5/General Reference for the .NET Framework/Additional Managed Reference Topics/Microsoft.ServiceModel.Channels.Mail.ExchangeWebService.Exchange2007 Namespace/ItemType Class/ItemType Properties /Sensitivity Property 
bb347492(v=vs.90)	SensitivityChoicesType Enumeration	Enumeration	Microsoft.ServiceModel.Channels.Mail.ExchangeWebService.Exchange2007	Microsoft.ServiceModel.Channels.Mail.ExchangeWebService (in Microsoft.ServiceModel.Channels.Mail.ExchangeWebService.dll)	3.5	CE6R3+	.NET Framework 3.5/General Reference for the .NET Framework/Additional Managed Reference Topics/Microsoft.ServiceModel.Channels.Mail.ExchangeWebService.Exchange2007 Namespace/SensitivityChoicesType Enumeration
bb298424(v=vs.90)	SensitivitySpecified Property	Property	Microsoft.ServiceModel.Channels.Mail.ExchangeWebService.Exchange2007	Microsoft.ServiceModel.Channels.Mail.ExchangeWebService (in Microsoft.ServiceModel.Channels.Mail.ExchangeWebService.dll)	3.5	CE6R3+	.NET Framework 3.5/General Reference for the .NET Framework/Additional Managed Reference Topics/Microsoft.ServiceModel.Channels.Mail.ExchangeWebService.Exchange2007 Namespace/ItemType Class/ItemType Properties /SensitivitySpecified Property 
bb155214(v=vs.90)	SerializedSecurityContext Property	Property	Microsoft.ServiceModel.Channels.Mail.ExchangeWebService.Exchange2007	Microsoft.ServiceModel.Channels.Mail.ExchangeWebService (in Microsoft.ServiceModel.Channels.Mail.ExchangeWebService.dll)	3.5	CE6R3+	.NET Framework 3.5/General Reference for the .NET Framework/Additional Managed Reference Topics/Microsoft.ServiceModel.Channels.Mail.ExchangeWebService.Exchange2007 Namespace/ExchangeServiceBinding Class/ExchangeServiceBinding Properties /SerializedSecurityContext Property 
bb346047(v=vs.90)	SerializedSecurityContextType Class	Class	Microsoft.ServiceModel.Channels.Mail.ExchangeWebService.Exchange2007	Microsoft.ServiceModel.Channels.Mail.ExchangeWebService (in Microsoft.ServiceModel.Channels.Mail.ExchangeWebService.dll)	3.5	CE6R3+	.NET Framework 3.5/General Reference for the .NET Framework/Additional Managed Reference Topics/Microsoft.ServiceModel.Channels.Mail.ExchangeWebService.Exchange2007 Namespace/SerializedSecurityContextType Class
bb336917(v=vs.90)	SerializedSecurityContextType Constructor	Constructor	Microsoft.ServiceModel.Channels.Mail.ExchangeWebService.Exchange2007	Microsoft.ServiceModel.Channels.Mail.ExchangeWebService (in Microsoft.ServiceModel.Channels.Mail.ExchangeWebService.dll)	3.5	CE6R3+	.NET Framework 3.5/General Reference for the .NET Framework/Additional Managed Reference Topics/Microsoft.ServiceModel.Channels.Mail.ExchangeWebService.Exchange2007 Namespace/SerializedSecurityContextType Class/SerializedSecurityContextType Constructor 
bb347712(v=vs.90)	ServerVersionInfo Class	Class	Microsoft.ServiceModel.Channels.Mail.ExchangeWebService.Exchange2007	Microsoft.ServiceModel.Channels.Mail.ExchangeWebService (in Microsoft.ServiceModel.Channels.Mail.ExchangeWebService.dll)	3.5	CE6R3+	.NET Framework 3.5/General Reference for the .NET Framework/Additional Managed Reference Topics/Microsoft.ServiceModel.Channels.Mail.ExchangeWebService.Exchange2007 Namespace/ServerVersionInfo Class
bb302939(v=vs.90)	ServerVersionInfo Constructor	Constructor	Microsoft.ServiceModel.Channels.Mail.ExchangeWebService.Exchange2007	Microsoft.ServiceModel.Channels.Mail.ExchangeWebService (in Microsoft.ServiceModel.Channels.Mail.ExchangeWebService.dll)	3.5	CE6R3+	.NET Framework 3.5/General Reference for the .NET Framework/Additional Managed Reference Topics/Microsoft.ServiceModel.Channels.Mail.ExchangeWebService.Exchange2007 Namespace/ServerVersionInfo Class/ServerVersionInfo Constructor 
bb361146(v=vs.90)	ServerVersionInfoValue Property	Property	Microsoft.ServiceModel.Channels.Mail.ExchangeWebService.Exchange2007	Microsoft.ServiceModel.Channels.Mail.ExchangeWebService (in Microsoft.ServiceModel.Channels.Mail.ExchangeWebService.dll)	3.5	CE6R3+	.NET Framework 3.5/General Reference for the .NET Framework/Additional Managed Reference Topics/Microsoft.ServiceModel.Channels.Mail.ExchangeWebService.Exchange2007 Namespace/ExchangeServiceBinding Class/ExchangeServiceBinding Properties /ServerVersionInfoValue Property 
bb356985(v=vs.90)	SidAndAttributesType Class	Class	Microsoft.ServiceModel.Channels.Mail.ExchangeWebService.Exchange2007	Microsoft.ServiceModel.Channels.Mail.ExchangeWebService (in Microsoft.ServiceModel.Channels.Mail.ExchangeWebService.dll)	3.5	CE6R3+	.NET Framework 3.5/General Reference for the .NET Framework/Additional Managed Reference Topics/Microsoft.ServiceModel.Channels.Mail.ExchangeWebService.Exchange2007 Namespace/SidAndAttributesType Class
bb155823(v=vs.90)	SidAndAttributesType Constructor	Constructor	Microsoft.ServiceModel.Channels.Mail.ExchangeWebService.Exchange2007	Microsoft.ServiceModel.Channels.Mail.ExchangeWebService (in Microsoft.ServiceModel.Channels.Mail.ExchangeWebService.dll)	3.5	CE6R3+	.NET Framework 3.5/General Reference for the .NET Framework/Additional Managed Reference Topics/Microsoft.ServiceModel.Channels.Mail.ExchangeWebService.Exchange2007 Namespace/SidAndAttributesType Class/SidAndAttributesType Constructor 
bb357033(v=vs.90)	SingleRecipientType Class	Class	Microsoft.ServiceModel.Channels.Mail.ExchangeWebService.Exchange2007	Microsoft.ServiceModel.Channels.Mail.ExchangeWebService (in Microsoft.ServiceModel.Channels.Mail.ExchangeWebService.dll)	3.5	CE6R3+	.NET Framework 3.5/General Reference for the .NET Framework/Additional Managed Reference Topics/Microsoft.ServiceModel.Channels.Mail.ExchangeWebService.Exchange2007 Namespace/SingleRecipientType Class
bb351136(v=vs.90)	SingleRecipientType Constructor	Constructor	Microsoft.ServiceModel.Channels.Mail.ExchangeWebService.Exchange2007	Microsoft.ServiceModel.Channels.Mail.ExchangeWebService (in Microsoft.ServiceModel.Channels.Mail.ExchangeWebService.dll)	3.5	CE6R3+	.NET Framework 3.5/General Reference for the .NET Framework/Additional Managed Reference Topics/Microsoft.ServiceModel.Channels.Mail.ExchangeWebService.Exchange2007 Namespace/SingleRecipientType Class/SingleRecipientType Constructor 
bb356106(v=vs.90)	Size Property	Property	Microsoft.ServiceModel.Channels.Mail.ExchangeWebService.Exchange2007	Microsoft.ServiceModel.Channels.Mail.ExchangeWebService (in Microsoft.ServiceModel.Channels.Mail.ExchangeWebService.dll)	3.5	CE6R3+	.NET Framework 3.5/General Reference for the .NET Framework/Additional Managed Reference Topics/Microsoft.ServiceModel.Channels.Mail.ExchangeWebService.Exchange2007 Namespace/ItemType Class/ItemType Properties /Size Property 
bb347676(v=vs.90)	SizeSpecified Property	Property	Microsoft.ServiceModel.Channels.Mail.ExchangeWebService.Exchange2007	Microsoft.ServiceModel.Channels.Mail.ExchangeWebService (in Microsoft.ServiceModel.Channels.Mail.ExchangeWebService.dll)	3.5	CE6R3+	.NET Framework 3.5/General Reference for the .NET Framework/Additional Managed Reference Topics/Microsoft.ServiceModel.Channels.Mail.ExchangeWebService.Exchange2007 Namespace/ItemType Class/ItemType Properties /SizeSpecified Property 
bb292196(v=vs.90)	SmartResponseBaseType Class	Class	Microsoft.ServiceModel.Channels.Mail.ExchangeWebService.Exchange2007	Microsoft.ServiceModel.Channels.Mail.ExchangeWebService (in Microsoft.ServiceModel.Channels.Mail.ExchangeWebService.dll)	3.5	CE6R3+	.NET Framework 3.5/General Reference for the .NET Framework/Additional Managed Reference Topics/Microsoft.ServiceModel.Channels.Mail.ExchangeWebService.Exchange2007 Namespace/SmartResponseBaseType Class
bb302406(v=vs.90)	SmartResponseBaseType Constructor	Constructor	Microsoft.ServiceModel.Channels.Mail.ExchangeWebService.Exchange2007	Microsoft.ServiceModel.Channels.Mail.ExchangeWebService (in Microsoft.ServiceModel.Channels.Mail.ExchangeWebService.dll)	3.5	CE6R3+	.NET Framework 3.5/General Reference for the .NET Framework/Additional Managed Reference Topics/Microsoft.ServiceModel.Channels.Mail.ExchangeWebService.Exchange2007 Namespace/SmartResponseBaseType Class/SmartResponseBaseType Constructor 
bb352511(v=vs.90)	SmartResponseType Class	Class	Microsoft.ServiceModel.Channels.Mail.ExchangeWebService.Exchange2007	Microsoft.ServiceModel.Channels.Mail.ExchangeWebService (in Microsoft.ServiceModel.Channels.Mail.ExchangeWebService.dll)	3.5	CE6R3+	.NET Framework 3.5/General Reference for the .NET Framework/Additional Managed Reference Topics/Microsoft.ServiceModel.Channels.Mail.ExchangeWebService.Exchange2007 Namespace/SmartResponseType Class
bb354946(v=vs.90)	SmartResponseType Constructor	Constructor	Microsoft.ServiceModel.Channels.Mail.ExchangeWebService.Exchange2007	Microsoft.ServiceModel.Channels.Mail.ExchangeWebService (in Microsoft.ServiceModel.Channels.Mail.ExchangeWebService.dll)	3.5	CE6R3+	.NET Framework 3.5/General Reference for the .NET Framework/Additional Managed Reference Topics/Microsoft.ServiceModel.Channels.Mail.ExchangeWebService.Exchange2007 Namespace/SmartResponseType Class/SmartResponseType Constructor 
bb396762(v=vs.90)	SortDirectionType Enumeration	Enumeration	Microsoft.ServiceModel.Channels.Mail.ExchangeWebService.Exchange2007	Microsoft.ServiceModel.Channels.Mail.ExchangeWebService (in Microsoft.ServiceModel.Channels.Mail.ExchangeWebService.dll)	3.5	CE6R3+	.NET Framework 3.5/General Reference for the .NET Framework/Additional Managed Reference Topics/Microsoft.ServiceModel.Channels.Mail.ExchangeWebService.Exchange2007 Namespace/SortDirectionType Enumeration
bb300220(v=vs.90)	SortOrder Property	Property	Microsoft.ServiceModel.Channels.Mail.ExchangeWebService.Exchange2007	Microsoft.ServiceModel.Channels.Mail.ExchangeWebService (in Microsoft.ServiceModel.Channels.Mail.ExchangeWebService.dll)	3.5	CE6R3+	.NET Framework 3.5/General Reference for the .NET Framework/Additional Managed Reference Topics/Microsoft.ServiceModel.Channels.Mail.ExchangeWebService.Exchange2007 Namespace/FindItemType Class/FindItemType Properties /SortOrder Property 
bb340068(v=vs.90)	Subject Property	Property	Microsoft.ServiceModel.Channels.Mail.ExchangeWebService.Exchange2007	Microsoft.ServiceModel.Channels.Mail.ExchangeWebService (in Microsoft.ServiceModel.Channels.Mail.ExchangeWebService.dll)	3.5	CE6R3+	.NET Framework 3.5/General Reference for the .NET Framework/Additional Managed Reference Topics/Microsoft.ServiceModel.Channels.Mail.ExchangeWebService.Exchange2007 Namespace/ItemType Class/ItemType Properties /Subject Property 
bb335897(v=vs.90)	Subscribe Method	Method	Microsoft.ServiceModel.Channels.Mail.ExchangeWebService.Exchange2007	Microsoft.ServiceModel.Channels.Mail.ExchangeWebService (in Microsoft.ServiceModel.Channels.Mail.ExchangeWebService.dll)	3.5	CE6R3+	.NET Framework 3.5/General Reference for the .NET Framework/Additional Managed Reference Topics/Microsoft.ServiceModel.Channels.Mail.ExchangeWebService.Exchange2007 Namespace/ExchangeServiceBinding Class/ExchangeServiceBinding Methods /Subscribe Method 
bb342591(v=vs.90)	SubscribeResponseMessageType Class	Class	Microsoft.ServiceModel.Channels.Mail.ExchangeWebService.Exchange2007	Microsoft.ServiceModel.Channels.Mail.ExchangeWebService (in Microsoft.ServiceModel.Channels.Mail.ExchangeWebService.dll)	3.5	CE6R3+	.NET Framework 3.5/General Reference for the .NET Framework/Additional Managed Reference Topics/Microsoft.ServiceModel.Channels.Mail.ExchangeWebService.Exchange2007 Namespace/SubscribeResponseMessageType Class
bb340130(v=vs.90)	SubscribeResponseMessageType Constructor	Constructor	Microsoft.ServiceModel.Channels.Mail.ExchangeWebService.Exchange2007	Microsoft.ServiceModel.Channels.Mail.ExchangeWebService (in Microsoft.ServiceModel.Channels.Mail.ExchangeWebService.dll)	3.5	CE6R3+	.NET Framework 3.5/General Reference for the .NET Framework/Additional Managed Reference Topics/Microsoft.ServiceModel.Channels.Mail.ExchangeWebService.Exchange2007 Namespace/SubscribeResponseMessageType Class/SubscribeResponseMessageType Constructor 
bb292599(v=vs.90)	SubscribeResponseType Class	Class	Microsoft.ServiceModel.Channels.Mail.ExchangeWebService.Exchange2007	Microsoft.ServiceModel.Channels.Mail.ExchangeWebService (in Microsoft.ServiceModel.Channels.Mail.ExchangeWebService.dll)	3.5	CE6R3+	.NET Framework 3.5/General Reference for the .NET Framework/Additional Managed Reference Topics/Microsoft.ServiceModel.Channels.Mail.ExchangeWebService.Exchange2007 Namespace/SubscribeResponseType Class
bb360351(v=vs.90)	SubscribeResponseType Constructor	Constructor	Microsoft.ServiceModel.Channels.Mail.ExchangeWebService.Exchange2007	Microsoft.ServiceModel.Channels.Mail.ExchangeWebService (in Microsoft.ServiceModel.Channels.Mail.ExchangeWebService.dll)	3.5	CE6R3+	.NET Framework 3.5/General Reference for the .NET Framework/Additional Managed Reference Topics/Microsoft.ServiceModel.Channels.Mail.ExchangeWebService.Exchange2007 Namespace/SubscribeResponseType Class/SubscribeResponseType Constructor 
bb300615(v=vs.90)	SubscribeType Class	Class	Microsoft.ServiceModel.Channels.Mail.ExchangeWebService.Exchange2007	Microsoft.ServiceModel.Channels.Mail.ExchangeWebService (in Microsoft.ServiceModel.Channels.Mail.ExchangeWebService.dll)	3.5	CE6R3+	.NET Framework 3.5/General Reference for the .NET Framework/Additional Managed Reference Topics/Microsoft.ServiceModel.Channels.Mail.ExchangeWebService.Exchange2007 Namespace/SubscribeType Class
bb353904(v=vs.90)	SubscribeType Constructor	Constructor	Microsoft.ServiceModel.Channels.Mail.ExchangeWebService.Exchange2007	Microsoft.ServiceModel.Channels.Mail.ExchangeWebService (in Microsoft.ServiceModel.Channels.Mail.ExchangeWebService.dll)	3.5	CE6R3+	.NET Framework 3.5/General Reference for the .NET Framework/Additional Managed Reference Topics/Microsoft.ServiceModel.Channels.Mail.ExchangeWebService.Exchange2007 Namespace/SubscribeType Class/SubscribeType Constructor 
bb297952(v=vs.90)	SubscriptionId Property	Property	Microsoft.ServiceModel.Channels.Mail.ExchangeWebService.Exchange2007	Microsoft.ServiceModel.Channels.Mail.ExchangeWebService (in Microsoft.ServiceModel.Channels.Mail.ExchangeWebService.dll)	3.5	CE6R3+	.NET Framework 3.5/General Reference for the .NET Framework/Additional Managed Reference Topics/Microsoft.ServiceModel.Channels.Mail.ExchangeWebService.Exchange2007 Namespace/UnsubscribeType Class/UnsubscribeType Properties /SubscriptionId Property 
bb355024(v=vs.90)	SubscriptionId Property	Property	Microsoft.ServiceModel.Channels.Mail.ExchangeWebService.Exchange2007	Microsoft.ServiceModel.Channels.Mail.ExchangeWebService (in Microsoft.ServiceModel.Channels.Mail.ExchangeWebService.dll)	3.5	CE6R3+	.NET Framework 3.5/General Reference for the .NET Framework/Additional Managed Reference Topics/Microsoft.ServiceModel.Channels.Mail.ExchangeWebService.Exchange2007 Namespace/SubscribeResponseMessageType Class/SubscribeResponseMessageType Properties /SubscriptionId Property 
bb356837(v=vs.90)	SubscriptionId Property	Property	Microsoft.ServiceModel.Channels.Mail.ExchangeWebService.Exchange2007	Microsoft.ServiceModel.Channels.Mail.ExchangeWebService (in Microsoft.ServiceModel.Channels.Mail.ExchangeWebService.dll)	3.5	CE6R3+	.NET Framework 3.5/General Reference for the .NET Framework/Additional Managed Reference Topics/Microsoft.ServiceModel.Channels.Mail.ExchangeWebService.Exchange2007 Namespace/NotificationType Class/NotificationType Properties /SubscriptionId Property 
bb493675(v=vs.90)	SubscriptionId Property	Property	Microsoft.ServiceModel.Channels.Mail.ExchangeWebService.Exchange2007	Microsoft.ServiceModel.Channels.Mail.ExchangeWebService (in Microsoft.ServiceModel.Channels.Mail.ExchangeWebService.dll)	3.5	CE6R3+	.NET Framework 3.5/General Reference for the .NET Framework/Additional Managed Reference Topics/Microsoft.ServiceModel.Channels.Mail.ExchangeWebService.Exchange2007 Namespace/GetEventsType Class/GetEventsType Properties /SubscriptionId Property 
bb302188(v=vs.90)	TargetFolderIdType Class	Class	Microsoft.ServiceModel.Channels.Mail.ExchangeWebService.Exchange2007	Microsoft.ServiceModel.Channels.Mail.ExchangeWebService (in Microsoft.ServiceModel.Channels.Mail.ExchangeWebService.dll)	3.5	CE6R3+	.NET Framework 3.5/General Reference for the .NET Framework/Additional Managed Reference Topics/Microsoft.ServiceModel.Channels.Mail.ExchangeWebService.Exchange2007 Namespace/TargetFolderIdType Class
bb360419(v=vs.90)	TargetFolderIdType Constructor	Constructor	Microsoft.ServiceModel.Channels.Mail.ExchangeWebService.Exchange2007	Microsoft.ServiceModel.Channels.Mail.ExchangeWebService (in Microsoft.ServiceModel.Channels.Mail.ExchangeWebService.dll)	3.5	CE6R3+	.NET Framework 3.5/General Reference for the .NET Framework/Additional Managed Reference Topics/Microsoft.ServiceModel.Channels.Mail.ExchangeWebService.Exchange2007 Namespace/TargetFolderIdType Class/TargetFolderIdType Constructor 
bb355278(v=vs.90)	Text Property	Property	Microsoft.ServiceModel.Channels.Mail.ExchangeWebService.Exchange2007	Microsoft.ServiceModel.Channels.Mail.ExchangeWebService (in Microsoft.ServiceModel.Channels.Mail.ExchangeWebService.dll)	3.5	CE6R3+	.NET Framework 3.5/General Reference for the .NET Framework/Additional Managed Reference Topics/Microsoft.ServiceModel.Channels.Mail.ExchangeWebService.Exchange2007 Namespace/AvailabilityProxyRequestType Class/AvailabilityProxyRequestType Properties /Text Property 
bb493887(v=vs.90)	Text Property	Property	Microsoft.ServiceModel.Channels.Mail.ExchangeWebService.Exchange2007	Microsoft.ServiceModel.Channels.Mail.ExchangeWebService (in Microsoft.ServiceModel.Channels.Mail.ExchangeWebService.dll)	3.5	CE6R3+	.NET Framework 3.5/General Reference for the .NET Framework/Additional Managed Reference Topics/Microsoft.ServiceModel.Channels.Mail.ExchangeWebService.Exchange2007 Namespace/language Class/language Properties /Text Property 
bb354845(v=vs.90)	TimeStamp Property	Property	Microsoft.ServiceModel.Channels.Mail.ExchangeWebService.Exchange2007	Microsoft.ServiceModel.Channels.Mail.ExchangeWebService (in Microsoft.ServiceModel.Channels.Mail.ExchangeWebService.dll)	3.5	CE6R3+	.NET Framework 3.5/General Reference for the .NET Framework/Additional Managed Reference Topics/Microsoft.ServiceModel.Channels.Mail.ExchangeWebService.Exchange2007 Namespace/BaseObjectChangedEventType Class/BaseObjectChangedEventType Properties /TimeStamp Property 
bb338541(v=vs.90)	Timeout Property	Property	Microsoft.ServiceModel.Channels.Mail.ExchangeWebService.Exchange2007	Microsoft.ServiceModel.Channels.Mail.ExchangeWebService (in Microsoft.ServiceModel.Channels.Mail.ExchangeWebService.dll)	3.5	CE6R3+	.NET Framework 3.5/General Reference for the .NET Framework/Additional Managed Reference Topics/Microsoft.ServiceModel.Channels.Mail.ExchangeWebService.Exchange2007 Namespace/PullSubscriptionRequestType Class/PullSubscriptionRequestType Properties /Timeout Property 
bb335896(v=vs.90)	ToRecipients Property	Property	Microsoft.ServiceModel.Channels.Mail.ExchangeWebService.Exchange2007	Microsoft.ServiceModel.Channels.Mail.ExchangeWebService (in Microsoft.ServiceModel.Channels.Mail.ExchangeWebService.dll)	3.5	CE6R3+	.NET Framework 3.5/General Reference for the .NET Framework/Additional Managed Reference Topics/Microsoft.ServiceModel.Channels.Mail.ExchangeWebService.Exchange2007 Namespace/MessageType Class/MessageType Properties /ToRecipients Property 
bb346522(v=vs.90)	TotalCount Property	Property	Microsoft.ServiceModel.Channels.Mail.ExchangeWebService.Exchange2007	Microsoft.ServiceModel.Channels.Mail.ExchangeWebService (in Microsoft.ServiceModel.Channels.Mail.ExchangeWebService.dll)	3.5	CE6R3+	.NET Framework 3.5/General Reference for the .NET Framework/Additional Managed Reference Topics/Microsoft.ServiceModel.Channels.Mail.ExchangeWebService.Exchange2007 Namespace/BaseFolderType Class/BaseFolderType Properties /TotalCount Property 
bb341540(v=vs.90)	TotalCountSpecified Property	Property	Microsoft.ServiceModel.Channels.Mail.ExchangeWebService.Exchange2007	Microsoft.ServiceModel.Channels.Mail.ExchangeWebService (in Microsoft.ServiceModel.Channels.Mail.ExchangeWebService.dll)	3.5	CE6R3+	.NET Framework 3.5/General Reference for the .NET Framework/Additional Managed Reference Topics/Microsoft.ServiceModel.Channels.Mail.ExchangeWebService.Exchange2007 Namespace/BaseFolderType Class/BaseFolderType Properties /TotalCountSpecified Property 
bb352330(v=vs.90)	TotalItemsInView Property	Property	Microsoft.ServiceModel.Channels.Mail.ExchangeWebService.Exchange2007	Microsoft.ServiceModel.Channels.Mail.ExchangeWebService (in Microsoft.ServiceModel.Channels.Mail.ExchangeWebService.dll)	3.5	CE6R3+	.NET Framework 3.5/General Reference for the .NET Framework/Additional Managed Reference Topics/Microsoft.ServiceModel.Channels.Mail.ExchangeWebService.Exchange2007 Namespace/FindFolderParentType Class/FindFolderParentType Properties /TotalItemsInView Property 
bb353826(v=vs.90)	TotalItemsInView Property	Property	Microsoft.ServiceModel.Channels.Mail.ExchangeWebService.Exchange2007	Microsoft.ServiceModel.Channels.Mail.ExchangeWebService (in Microsoft.ServiceModel.Channels.Mail.ExchangeWebService.dll)	3.5	CE6R3+	.NET Framework 3.5/General Reference for the .NET Framework/Additional Managed Reference Topics/Microsoft.ServiceModel.Channels.Mail.ExchangeWebService.Exchange2007 Namespace/FindItemParentType Class/FindItemParentType Properties /TotalItemsInView Property 
bb298327(v=vs.90)	TotalItemsInViewSpecified Property	Property	Microsoft.ServiceModel.Channels.Mail.ExchangeWebService.Exchange2007	Microsoft.ServiceModel.Channels.Mail.ExchangeWebService (in Microsoft.ServiceModel.Channels.Mail.ExchangeWebService.dll)	3.5	CE6R3+	.NET Framework 3.5/General Reference for the .NET Framework/Additional Managed Reference Topics/Microsoft.ServiceModel.Channels.Mail.ExchangeWebService.Exchange2007 Namespace/FindItemParentType Class/FindItemParentType Properties /TotalItemsInViewSpecified Property 
bb354209(v=vs.90)	TotalItemsInViewSpecified Property	Property	Microsoft.ServiceModel.Channels.Mail.ExchangeWebService.Exchange2007	Microsoft.ServiceModel.Channels.Mail.ExchangeWebService (in Microsoft.ServiceModel.Channels.Mail.ExchangeWebService.dll)	3.5	CE6R3+	.NET Framework 3.5/General Reference for the .NET Framework/Additional Managed Reference Topics/Microsoft.ServiceModel.Channels.Mail.ExchangeWebService.Exchange2007 Namespace/FindFolderParentType Class/FindFolderParentType Properties /TotalItemsInViewSpecified Property 
bb293138(v=vs.90)	Traversal Property	Property	Microsoft.ServiceModel.Channels.Mail.ExchangeWebService.Exchange2007	Microsoft.ServiceModel.Channels.Mail.ExchangeWebService (in Microsoft.ServiceModel.Channels.Mail.ExchangeWebService.dll)	3.5	CE6R3+	.NET Framework 3.5/General Reference for the .NET Framework/Additional Managed Reference Topics/Microsoft.ServiceModel.Channels.Mail.ExchangeWebService.Exchange2007 Namespace/SearchParametersType Class/SearchParametersType Properties /Traversal Property 
bb341322(v=vs.90)	Traversal Property	Property	Microsoft.ServiceModel.Channels.Mail.ExchangeWebService.Exchange2007	Microsoft.ServiceModel.Channels.Mail.ExchangeWebService (in Microsoft.ServiceModel.Channels.Mail.ExchangeWebService.dll)	3.5	CE6R3+	.NET Framework 3.5/General Reference for the .NET Framework/Additional Managed Reference Topics/Microsoft.ServiceModel.Channels.Mail.ExchangeWebService.Exchange2007 Namespace/FindItemType Class/FindItemType Properties /Traversal Property 
bb344879(v=vs.90)	Traversal Property	Property	Microsoft.ServiceModel.Channels.Mail.ExchangeWebService.Exchange2007	Microsoft.ServiceModel.Channels.Mail.ExchangeWebService (in Microsoft.ServiceModel.Channels.Mail.ExchangeWebService.dll)	3.5	CE6R3+	.NET Framework 3.5/General Reference for the .NET Framework/Additional Managed Reference Topics/Microsoft.ServiceModel.Channels.Mail.ExchangeWebService.Exchange2007 Namespace/FindFolderType Class/FindFolderType Properties /Traversal Property 
bb360653(v=vs.90)	TraversalSpecified Property	Property	Microsoft.ServiceModel.Channels.Mail.ExchangeWebService.Exchange2007	Microsoft.ServiceModel.Channels.Mail.ExchangeWebService (in Microsoft.ServiceModel.Channels.Mail.ExchangeWebService.dll)	3.5	CE6R3+	.NET Framework 3.5/General Reference for the .NET Framework/Additional Managed Reference Topics/Microsoft.ServiceModel.Channels.Mail.ExchangeWebService.Exchange2007 Namespace/SearchParametersType Class/SearchParametersType Properties /TraversalSpecified Property 
bb347511(v=vs.90)	TwoOperandExpressionType Class	Class	Microsoft.ServiceModel.Channels.Mail.ExchangeWebService.Exchange2007	Microsoft.ServiceModel.Channels.Mail.ExchangeWebService (in Microsoft.ServiceModel.Channels.Mail.ExchangeWebService.dll)	3.5	CE6R3+	.NET Framework 3.5/General Reference for the .NET Framework/Additional Managed Reference Topics/Microsoft.ServiceModel.Channels.Mail.ExchangeWebService.Exchange2007 Namespace/TwoOperandExpressionType Class
bb353034(v=vs.90)	TwoOperandExpressionType Constructor	Constructor	Microsoft.ServiceModel.Channels.Mail.ExchangeWebService.Exchange2007	Microsoft.ServiceModel.Channels.Mail.ExchangeWebService (in Microsoft.ServiceModel.Channels.Mail.ExchangeWebService.dll)	3.5	CE6R3+	.NET Framework 3.5/General Reference for the .NET Framework/Additional Managed Reference Topics/Microsoft.ServiceModel.Channels.Mail.ExchangeWebService.Exchange2007 Namespace/TwoOperandExpressionType Class/TwoOperandExpressionType Constructor 
bb300594(v=vs.90)	UnindexedFieldURIType Enumeration	Enumeration	Microsoft.ServiceModel.Channels.Mail.ExchangeWebService.Exchange2007	Microsoft.ServiceModel.Channels.Mail.ExchangeWebService (in Microsoft.ServiceModel.Channels.Mail.ExchangeWebService.dll)	3.5	CE6R3+	.NET Framework 3.5/General Reference for the .NET Framework/Additional Managed Reference Topics/Microsoft.ServiceModel.Channels.Mail.ExchangeWebService.Exchange2007 Namespace/UnindexedFieldURIType Enumeration
bb338454(v=vs.90)	UnreadCount Property	Property	Microsoft.ServiceModel.Channels.Mail.ExchangeWebService.Exchange2007	Microsoft.ServiceModel.Channels.Mail.ExchangeWebService (in Microsoft.ServiceModel.Channels.Mail.ExchangeWebService.dll)	3.5	CE6R3+	.NET Framework 3.5/General Reference for the .NET Framework/Additional Managed Reference Topics/Microsoft.ServiceModel.Channels.Mail.ExchangeWebService.Exchange2007 Namespace/ModifiedEventType Class/ModifiedEventType Properties /UnreadCount Property 
bb355250(v=vs.90)	UnreadCount Property	Property	Microsoft.ServiceModel.Channels.Mail.ExchangeWebService.Exchange2007	Microsoft.ServiceModel.Channels.Mail.ExchangeWebService (in Microsoft.ServiceModel.Channels.Mail.ExchangeWebService.dll)	3.5	CE6R3+	.NET Framework 3.5/General Reference for the .NET Framework/Additional Managed Reference Topics/Microsoft.ServiceModel.Channels.Mail.ExchangeWebService.Exchange2007 Namespace/FolderType Class/FolderType Properties /UnreadCount Property 
bb340481(v=vs.90)	UnreadCountSpecified Property	Property	Microsoft.ServiceModel.Channels.Mail.ExchangeWebService.Exchange2007	Microsoft.ServiceModel.Channels.Mail.ExchangeWebService (in Microsoft.ServiceModel.Channels.Mail.ExchangeWebService.dll)	3.5	CE6R3+	.NET Framework 3.5/General Reference for the .NET Framework/Additional Managed Reference Topics/Microsoft.ServiceModel.Channels.Mail.ExchangeWebService.Exchange2007 Namespace/FolderType Class/FolderType Properties /UnreadCountSpecified Property 
bb347554(v=vs.90)	UnreadCountSpecified Property	Property	Microsoft.ServiceModel.Channels.Mail.ExchangeWebService.Exchange2007	Microsoft.ServiceModel.Channels.Mail.ExchangeWebService (in Microsoft.ServiceModel.Channels.Mail.ExchangeWebService.dll)	3.5	CE6R3+	.NET Framework 3.5/General Reference for the .NET Framework/Additional Managed Reference Topics/Microsoft.ServiceModel.Channels.Mail.ExchangeWebService.Exchange2007 Namespace/ModifiedEventType Class/ModifiedEventType Properties /UnreadCountSpecified Property 
bb302783(v=vs.90)	Unsubscribe Method	Method	Microsoft.ServiceModel.Channels.Mail.ExchangeWebService.Exchange2007	Microsoft.ServiceModel.Channels.Mail.ExchangeWebService (in Microsoft.ServiceModel.Channels.Mail.ExchangeWebService.dll)	3.5	CE6R3+	.NET Framework 3.5/General Reference for the .NET Framework/Additional Managed Reference Topics/Microsoft.ServiceModel.Channels.Mail.ExchangeWebService.Exchange2007 Namespace/ExchangeServiceBinding Class/ExchangeServiceBinding Methods /Unsubscribe Method 
bb338376(v=vs.90)	UnsubscribeResponseType Class	Class	Microsoft.ServiceModel.Channels.Mail.ExchangeWebService.Exchange2007	Microsoft.ServiceModel.Channels.Mail.ExchangeWebService (in Microsoft.ServiceModel.Channels.Mail.ExchangeWebService.dll)	3.5	CE6R3+	.NET Framework 3.5/General Reference for the .NET Framework/Additional Managed Reference Topics/Microsoft.ServiceModel.Channels.Mail.ExchangeWebService.Exchange2007 Namespace/UnsubscribeResponseType Class
bb354296(v=vs.90)	UnsubscribeResponseType Constructor	Constructor	Microsoft.ServiceModel.Channels.Mail.ExchangeWebService.Exchange2007	Microsoft.ServiceModel.Channels.Mail.ExchangeWebService (in Microsoft.ServiceModel.Channels.Mail.ExchangeWebService.dll)	3.5	CE6R3+	.NET Framework 3.5/General Reference for the .NET Framework/Additional Managed Reference Topics/Microsoft.ServiceModel.Channels.Mail.ExchangeWebService.Exchange2007 Namespace/UnsubscribeResponseType Class/UnsubscribeResponseType Constructor 
bb340260(v=vs.90)	UnsubscribeType Class	Class	Microsoft.ServiceModel.Channels.Mail.ExchangeWebService.Exchange2007	Microsoft.ServiceModel.Channels.Mail.ExchangeWebService (in Microsoft.ServiceModel.Channels.Mail.ExchangeWebService.dll)	3.5	CE6R3+	.NET Framework 3.5/General Reference for the .NET Framework/Additional Managed Reference Topics/Microsoft.ServiceModel.Channels.Mail.ExchangeWebService.Exchange2007 Namespace/UnsubscribeType Class
bb344909(v=vs.90)	UnsubscribeType Constructor	Constructor	Microsoft.ServiceModel.Channels.Mail.ExchangeWebService.Exchange2007	Microsoft.ServiceModel.Channels.Mail.ExchangeWebService (in Microsoft.ServiceModel.Channels.Mail.ExchangeWebService.dll)	3.5	CE6R3+	.NET Framework 3.5/General Reference for the .NET Framework/Additional Managed Reference Topics/Microsoft.ServiceModel.Channels.Mail.ExchangeWebService.Exchange2007 Namespace/UnsubscribeType Class/UnsubscribeType Constructor 
bb300930(v=vs.90)	UserSid Property	Property	Microsoft.ServiceModel.Channels.Mail.ExchangeWebService.Exchange2007	Microsoft.ServiceModel.Channels.Mail.ExchangeWebService (in Microsoft.ServiceModel.Channels.Mail.ExchangeWebService.dll)	3.5	CE6R3+	.NET Framework 3.5/General Reference for the .NET Framework/Additional Managed Reference Topics/Microsoft.ServiceModel.Channels.Mail.ExchangeWebService.Exchange2007 Namespace/SerializedSecurityContextType Class/SerializedSecurityContextType Properties /UserSid Property 
bb298068(v=vs.90)	Value Property	Property	Microsoft.ServiceModel.Channels.Mail.ExchangeWebService.Exchange2007	Microsoft.ServiceModel.Channels.Mail.ExchangeWebService (in Microsoft.ServiceModel.Channels.Mail.ExchangeWebService.dll)	3.5	CE6R3+	.NET Framework 3.5/General Reference for the .NET Framework/Additional Managed Reference Topics/Microsoft.ServiceModel.Channels.Mail.ExchangeWebService.Exchange2007 Namespace/BodyType Class/BodyType Properties /Value Property 
bb335938(v=vs.90)	Value Property	Property	Microsoft.ServiceModel.Channels.Mail.ExchangeWebService.Exchange2007	Microsoft.ServiceModel.Channels.Mail.ExchangeWebService (in Microsoft.ServiceModel.Channels.Mail.ExchangeWebService.dll)	3.5	CE6R3+	.NET Framework 3.5/General Reference for the .NET Framework/Additional Managed Reference Topics/Microsoft.ServiceModel.Channels.Mail.ExchangeWebService.Exchange2007 Namespace/ConstantValueType Class/ConstantValueType Properties /Value Property 
bb343390(v=vs.90)	Value Property	Property	Microsoft.ServiceModel.Channels.Mail.ExchangeWebService.Exchange2007	Microsoft.ServiceModel.Channels.Mail.ExchangeWebService (in Microsoft.ServiceModel.Channels.Mail.ExchangeWebService.dll)	3.5	CE6R3+	.NET Framework 3.5/General Reference for the .NET Framework/Additional Managed Reference Topics/Microsoft.ServiceModel.Channels.Mail.ExchangeWebService.Exchange2007 Namespace/InternetHeaderType Class/InternetHeaderType Properties /Value Property 
bb347327(v=vs.90)	Value Property	Property	Microsoft.ServiceModel.Channels.Mail.ExchangeWebService.Exchange2007	Microsoft.ServiceModel.Channels.Mail.ExchangeWebService (in Microsoft.ServiceModel.Channels.Mail.ExchangeWebService.dll)	3.5	CE6R3+	.NET Framework 3.5/General Reference for the .NET Framework/Additional Managed Reference Topics/Microsoft.ServiceModel.Channels.Mail.ExchangeWebService.Exchange2007 Namespace/MimeContentType Class/MimeContentType Properties /Value Property 
bb359407(v=vs.90)	Value Property	Property	Microsoft.ServiceModel.Channels.Mail.ExchangeWebService.Exchange2007	Microsoft.ServiceModel.Channels.Mail.ExchangeWebService (in Microsoft.ServiceModel.Channels.Mail.ExchangeWebService.dll)	3.5	CE6R3+	.NET Framework 3.5/General Reference for the .NET Framework/Additional Managed Reference Topics/Microsoft.ServiceModel.Channels.Mail.ExchangeWebService.Exchange2007 Namespace/ExcludesValueType Class/ExcludesValueType Properties /Value Property 
bb302927(v=vs.90)	Watermark Property	Property	Microsoft.ServiceModel.Channels.Mail.ExchangeWebService.Exchange2007	Microsoft.ServiceModel.Channels.Mail.ExchangeWebService (in Microsoft.ServiceModel.Channels.Mail.ExchangeWebService.dll)	3.5	CE6R3+	.NET Framework 3.5/General Reference for the .NET Framework/Additional Managed Reference Topics/Microsoft.ServiceModel.Channels.Mail.ExchangeWebService.Exchange2007 Namespace/SubscribeResponseMessageType Class/SubscribeResponseMessageType Properties /Watermark Property 
bb338995(v=vs.90)	Watermark Property	Property	Microsoft.ServiceModel.Channels.Mail.ExchangeWebService.Exchange2007	Microsoft.ServiceModel.Channels.Mail.ExchangeWebService (in Microsoft.ServiceModel.Channels.Mail.ExchangeWebService.dll)	3.5	CE6R3+	.NET Framework 3.5/General Reference for the .NET Framework/Additional Managed Reference Topics/Microsoft.ServiceModel.Channels.Mail.ExchangeWebService.Exchange2007 Namespace/GetEventsType Class/GetEventsType Properties /Watermark Property 
bb344867(v=vs.90)	Watermark Property	Property	Microsoft.ServiceModel.Channels.Mail.ExchangeWebService.Exchange2007	Microsoft.ServiceModel.Channels.Mail.ExchangeWebService (in Microsoft.ServiceModel.Channels.Mail.ExchangeWebService.dll)	3.5	CE6R3+	.NET Framework 3.5/General Reference for the .NET Framework/Additional Managed Reference Topics/Microsoft.ServiceModel.Channels.Mail.ExchangeWebService.Exchange2007 Namespace/BaseSubscriptionRequestType Class/BaseSubscriptionRequestType Properties /Watermark Property 
bb356648(v=vs.90)	Watermark Property	Property	Microsoft.ServiceModel.Channels.Mail.ExchangeWebService.Exchange2007	Microsoft.ServiceModel.Channels.Mail.ExchangeWebService (in Microsoft.ServiceModel.Channels.Mail.ExchangeWebService.dll)	3.5	CE6R3+	.NET Framework 3.5/General Reference for the .NET Framework/Additional Managed Reference Topics/Microsoft.ServiceModel.Channels.Mail.ExchangeWebService.Exchange2007 Namespace/BaseNotificationEventType Class/BaseNotificationEventType Properties /Watermark Property 
bb361232(v=vs.90)	language Class	Class	Microsoft.ServiceModel.Channels.Mail.ExchangeWebService.Exchange2007	Microsoft.ServiceModel.Channels.Mail.ExchangeWebService (in Microsoft.ServiceModel.Channels.Mail.ExchangeWebService.dll)	3.5	CE6R3+	.NET Framework 3.5/General Reference for the .NET Framework/Additional Managed Reference Topics/Microsoft.ServiceModel.Channels.Mail.ExchangeWebService.Exchange2007 Namespace/language Class
bb343048(v=vs.90)	language Constructor	Constructor	Microsoft.ServiceModel.Channels.Mail.ExchangeWebService.Exchange2007	Microsoft.ServiceModel.Channels.Mail.ExchangeWebService (in Microsoft.ServiceModel.Channels.Mail.ExchangeWebService.dll)	3.5	CE6R3+	.NET Framework 3.5/General Reference for the .NET Framework/Additional Managed Reference Topics/Microsoft.ServiceModel.Channels.Mail.ExchangeWebService.Exchange2007 Namespace/language Class/language Constructor 
bb299289(v=vs.90)	Clone Method	Method	Microsoft.ServiceModel.Channels.Mail.WindowsMobile	Microsoft.ServiceModel.Channels.Mail.WindowsMobile (in Microsoft.ServiceModel.Channels.Mail.WindowsMobile.dll)	3.5	CE6R3+	.NET Framework 3.5/General Reference for the .NET Framework/Additional Managed Reference Topics/Microsoft.ServiceModel.Channels.Mail.WindowsMobile Namespace/WindowsMobileMailTransportBindingElement Class/WindowsMobileMailTransportBindingElement Methods /Clone Method 
bb343196(v=vs.90)	IsQueued Property	Property	Microsoft.ServiceModel.Channels.Mail.WindowsMobile	Microsoft.ServiceModel.Channels.Mail.WindowsMobile (in Microsoft.ServiceModel.Channels.Mail.WindowsMobile.dll)	3.5	CE6R3+	.NET Framework 3.5/General Reference for the .NET Framework/Additional Managed Reference Topics/Microsoft.ServiceModel.Channels.Mail.WindowsMobile Namespace/WindowsMobileMailTransport Class/WindowsMobileMailTransport Properties /IsQueued Property 
bb336910(v=vs.90)	WindowsMobileMailBinding Class	Class	Microsoft.ServiceModel.Channels.Mail.WindowsMobile	Microsoft.ServiceModel.Channels.Mail.WindowsMobile (in Microsoft.ServiceModel.Channels.Mail.WindowsMobile.dll)	3.5	CE6R3+	.NET Framework 3.5/General Reference for the .NET Framework/Additional Managed Reference Topics/Microsoft.ServiceModel.Channels.Mail.WindowsMobile Namespace/WindowsMobileMailBinding Class
bb348387(v=vs.90)	WindowsMobileMailBinding Constructor	Constructor	Microsoft.ServiceModel.Channels.Mail.WindowsMobile	Microsoft.ServiceModel.Channels.Mail.WindowsMobile (in Microsoft.ServiceModel.Channels.Mail.WindowsMobile.dll)	3.5	CE6R3+	.NET Framework 3.5/General Reference for the .NET Framework/Additional Managed Reference Topics/Microsoft.ServiceModel.Channels.Mail.WindowsMobile Namespace/WindowsMobileMailBinding Class/WindowsMobileMailBinding Constructor /WindowsMobileMailBinding Constructor 
bb343751(v=vs.90)	WindowsMobileMailBinding Constructor (MailSecurityMode)		Microsoft.ServiceModel.Channels.Mail.WindowsMobile	Microsoft.ServiceModel.Channels.Mail.WindowsMobile (in Microsoft.ServiceModel.Channels.Mail.WindowsMobile.dll)	3.5	CE6R3+	.NET Framework 3.5/General Reference for the .NET Framework/Additional Managed Reference Topics/Microsoft.ServiceModel.Channels.Mail.WindowsMobile Namespace/WindowsMobileMailBinding Class/WindowsMobileMailBinding Constructor /WindowsMobileMailBinding Constructor (MailSecurityMode)
bb343427(v=vs.90)	WindowsMobileMailTransport Class	Class	Microsoft.ServiceModel.Channels.Mail.WindowsMobile	Microsoft.ServiceModel.Channels.Mail.WindowsMobile (in Microsoft.ServiceModel.Channels.Mail.WindowsMobile.dll)	3.5	CE6R3+	.NET Framework 3.5/General Reference for the .NET Framework/Additional Managed Reference Topics/Microsoft.ServiceModel.Channels.Mail.WindowsMobile Namespace/WindowsMobileMailTransport Class
bb347836(v=vs.90)	WindowsMobileMailTransport Constructor	Constructor	Microsoft.ServiceModel.Channels.Mail.WindowsMobile	Microsoft.ServiceModel.Channels.Mail.WindowsMobile (in Microsoft.ServiceModel.Channels.Mail.WindowsMobile.dll)	3.5	CE6R3+	.NET Framework 3.5/General Reference for the .NET Framework/Additional Managed Reference Topics/Microsoft.ServiceModel.Channels.Mail.WindowsMobile Namespace/WindowsMobileMailTransport Class/WindowsMobileMailTransport Constructor 
bb354253(v=vs.90)	WindowsMobileMailTransportBindingElement Class	Class	Microsoft.ServiceModel.Channels.Mail.WindowsMobile	Microsoft.ServiceModel.Channels.Mail.WindowsMobile (in Microsoft.ServiceModel.Channels.Mail.WindowsMobile.dll)	3.5	CE6R3+	.NET Framework 3.5/General Reference for the .NET Framework/Additional Managed Reference Topics/Microsoft.ServiceModel.Channels.Mail.WindowsMobile Namespace/WindowsMobileMailTransportBindingElement Class
bb341009(v=vs.90)	WindowsMobileMailTransportBindingElement Constructor	Constructor	Microsoft.ServiceModel.Channels.Mail.WindowsMobile	Microsoft.ServiceModel.Channels.Mail.WindowsMobile (in Microsoft.ServiceModel.Channels.Mail.WindowsMobile.dll)	3.5	CE6R3+	.NET Framework 3.5/General Reference for the .NET Framework/Additional Managed Reference Topics/Microsoft.ServiceModel.Channels.Mail.WindowsMobile Namespace/WindowsMobileMailTransportBindingElement Class/WindowsMobileMailTransportBindingElement Constructor 
ms128550(v=vs.90)	AssociatedControl Property	Property	Microsoft.WindowsCE.Forms	Microsoft.WindowsCE.Forms (in Microsoft.WindowsCE.Forms.dll)	3.5,2.0	CE6R3+;CE5.0/6.0	.NET Framework 3.5/General Reference for the .NET Framework/Additional Managed Reference Topics/Microsoft.WindowsCE.Forms Namespace/HardwareButton Class/HardwareButton Properties /AssociatedControl Property 
wfh9kdah(v=vs.90)	BalloonChanged Event	Event	Microsoft.WindowsCE.Forms	Microsoft.WindowsCE.Forms (in Microsoft.WindowsCE.Forms.dll)	3.5,2.0	CE6R3+;CE5.0/6.0	.NET Framework 3.5/General Reference for the .NET Framework/Additional Managed Reference Topics/Microsoft.WindowsCE.Forms Namespace/Notification Class/Notification Events/BalloonChanged Event
4xzkbd1z(v=vs.90)	BalloonChangedEventArgs Class	Class	Microsoft.WindowsCE.Forms	Microsoft.WindowsCE.Forms (in Microsoft.WindowsCE.Forms.dll)	3.5,2.0	CE6R3+;CE5.0/6.0	.NET Framework 3.5/General Reference for the .NET Framework/Additional Managed Reference Topics/Microsoft.WindowsCE.Forms Namespace/BalloonChangedEventArgs Class
wkct506f(v=vs.90)	BalloonChangedEventArgs Constructor	Constructor	Microsoft.WindowsCE.Forms	Microsoft.WindowsCE.Forms (in Microsoft.WindowsCE.Forms.dll)	3.5,2.0	CE6R3+;CE5.0/6.0	.NET Framework 3.5/General Reference for the .NET Framework/Additional Managed Reference Topics/Microsoft.WindowsCE.Forms Namespace/BalloonChangedEventArgs Class/BalloonChangedEventArgs Constructor 
1b06c6hz(v=vs.90)	BalloonChangedEventHandler Delegate	Delegate	Microsoft.WindowsCE.Forms	Microsoft.WindowsCE.Forms (in Microsoft.WindowsCE.Forms.dll)	3.5,2.0	CE6R3+;CE5.0/6.0	.NET Framework 3.5/General Reference for the .NET Framework/Additional Managed Reference Topics/Microsoft.WindowsCE.Forms Namespace/BalloonChangedEventHandler Delegate
5tf4zy01(v=vs.90)	Bounds Property	Property	Microsoft.WindowsCE.Forms	Microsoft.WindowsCE.Forms (in Microsoft.WindowsCE.Forms.dll)	3.5,2.0,1.0	CE6R3+;CE5.0/6.0;CE4.x	.NET Framework 3.5/General Reference for the .NET Framework/Additional Managed Reference Topics/Microsoft.WindowsCE.Forms Namespace/InputPanel Class/InputPanel Properties /Bounds Property 
dz8k5h8b(v=vs.90)	Caption Property	Property	Microsoft.WindowsCE.Forms	Microsoft.WindowsCE.Forms (in Microsoft.WindowsCE.Forms.dll)	3.5,2.0	CE6R3+;CE5.0/6.0	.NET Framework 3.5/General Reference for the .NET Framework/Additional Managed Reference Topics/Microsoft.WindowsCE.Forms Namespace/Notification Class/Notification Properties /Caption Property 
ms128569(v=vs.90)	CharSet Field	Field	Microsoft.WindowsCE.Forms	Microsoft.WindowsCE.Forms (in Microsoft.WindowsCE.Forms.dll)	3.5,2.0	CE6R3+;CE5.0/6.0	.NET Framework 3.5/General Reference for the .NET Framework/Additional Managed Reference Topics/Microsoft.WindowsCE.Forms Namespace/LogFont Class/LogFont Fields/CharSet Field
ms128570(v=vs.90)	ClipPrecision Field	Field	Microsoft.WindowsCE.Forms	Microsoft.WindowsCE.Forms (in Microsoft.WindowsCE.Forms.dll)	3.5,2.0	CE6R3+;CE5.0/6.0	.NET Framework 3.5/General Reference for the .NET Framework/Additional Managed Reference Topics/Microsoft.WindowsCE.Forms Namespace/LogFont Class/LogFont Fields/ClipPrecision Field
w9862105(v=vs.90)	Clsid Property	Property	Microsoft.WindowsCE.Forms	Microsoft.WindowsCE.Forms (in Microsoft.WindowsCE.Forms.dll)	3.5,2.0	CE6R3+;CE5.0/6.0	.NET Framework 3.5/General Reference for the .NET Framework/Additional Managed Reference Topics/Microsoft.WindowsCE.Forms Namespace/InputMethod Class/InputMethod Properties /Clsid Property 
87741byz(v=vs.90)	Contains Method	Method	Microsoft.WindowsCE.Forms	Microsoft.WindowsCE.Forms (in Microsoft.WindowsCE.Forms.dll)	3.5,2.0	CE6R3+;CE5.0/6.0	.NET Framework 3.5/General Reference for the .NET Framework/Additional Managed Reference Topics/Microsoft.WindowsCE.Forms Namespace/InputPanel.InputMethodCollection Class/InputPanel.InputMethodCollection Methods /Contains Method 
ms128565(v=vs.90)	CopyTo Method	Method	Microsoft.WindowsCE.Forms	Microsoft.WindowsCE.Forms (in Microsoft.WindowsCE.Forms.dll)	3.5,2.0	CE6R3+;CE5.0/6.0	.NET Framework 3.5/General Reference for the .NET Framework/Additional Managed Reference Topics/Microsoft.WindowsCE.Forms Namespace/InputPanel.InputMethodCollection Class/InputPanel.InputMethodCollection Methods /CopyTo Method 
h67yay19(v=vs.90)	Count Property	Property	Microsoft.WindowsCE.Forms	Microsoft.WindowsCE.Forms (in Microsoft.WindowsCE.Forms.dll)	3.5,2.0	CE6R3+;CE5.0/6.0	.NET Framework 3.5/General Reference for the .NET Framework/Additional Managed Reference Topics/Microsoft.WindowsCE.Forms Namespace/InputPanel.InputMethodCollection Class/InputPanel.InputMethodCollection Properties /Count Property 
yd380dyw(v=vs.90)	Create Method	Method	Microsoft.WindowsCE.Forms	Microsoft.WindowsCE.Forms (in Microsoft.WindowsCE.Forms.dll)	3.5,2.0,1.0	CE6R3+;CE5.0/6.0;CE4.x	.NET Framework 3.5/General Reference for the .NET Framework/Additional Managed Reference Topics/Microsoft.WindowsCE.Forms Namespace/Message Structure/Message Methods /Create Method 
tehwk726(v=vs.90)	Critical Property	Property	Microsoft.WindowsCE.Forms	Microsoft.WindowsCE.Forms (in Microsoft.WindowsCE.Forms.dll)	3.5,2.0	CE6R3+;CE5.0/6.0	.NET Framework 3.5/General Reference for the .NET Framework/Additional Managed Reference Topics/Microsoft.WindowsCE.Forms Namespace/Notification Class/Notification Properties /Critical Property 
0e6kf5w8(v=vs.90)	CurrentInputMethod Property	Property	Microsoft.WindowsCE.Forms	Microsoft.WindowsCE.Forms (in Microsoft.WindowsCE.Forms.dll)	3.5,2.0	CE6R3+;CE5.0/6.0	.NET Framework 3.5/General Reference for the .NET Framework/Additional Managed Reference Topics/Microsoft.WindowsCE.Forms Namespace/InputPanel Class/InputPanel Properties /CurrentInputMethod Property 
h0s71ed8(v=vs.90)	DeletingDocument Event	Event	Microsoft.WindowsCE.Forms	Microsoft.WindowsCE.Forms (in Microsoft.WindowsCE.Forms.dll)	3.5,2.0	CE6R3+;CE5.0/6.0	.NET Framework 3.5/General Reference for the .NET Framework/Additional Managed Reference Topics/Microsoft.WindowsCE.Forms Namespace/DocumentList Class/DocumentList Events/DeletingDocument Event
ba3hte81(v=vs.90)	Dispose Method	Method	Microsoft.WindowsCE.Forms	Microsoft.WindowsCE.Forms (in Microsoft.WindowsCE.Forms.dll)	3.5,2.0,1.0	CE6R3+;CE5.0/6.0;CE4.x	.NET Framework 3.5/General Reference for the .NET Framework/Additional Managed Reference Topics/Microsoft.WindowsCE.Forms Namespace/MessageWindow Class/MessageWindow Methods /Dispose Method 
bb341321(v=vs.90)	Dispose Method	Method	Microsoft.WindowsCE.Forms	Microsoft.WindowsCE.Forms (in Microsoft.WindowsCE.Forms.dll)	1.0	CE4.x	.NET Framework 3.5/General Reference for the .NET Framework/Additional Managed Reference Topics/Microsoft.WindowsCE.Forms Namespace/InputPanel Class/InputPanel Methods /Dispose Method /Dispose Method 
1h2sb0tw(v=vs.90)	Dispose Method (Boolean)		Microsoft.WindowsCE.Forms	Microsoft.WindowsCE.Forms (in Microsoft.WindowsCE.Forms.dll)	3.5,2.0	CE6R3+;CE5.0/6.0	.NET Framework 3.5/General Reference for the .NET Framework/Additional Managed Reference Topics/Microsoft.WindowsCE.Forms Namespace/InputPanel Class/InputPanel Methods /Dispose Method /Dispose Method (Boolean)
s8hc1hfd(v=vs.90)	Dispose Method (Boolean)		Microsoft.WindowsCE.Forms	Microsoft.WindowsCE.Forms (in Microsoft.WindowsCE.Forms.dll)	3.5,2.0	CE6R3+;CE5.0/6.0	.NET Framework 3.5/General Reference for the .NET Framework/Additional Managed Reference Topics/Microsoft.WindowsCE.Forms Namespace/Notification Class/Notification Methods /Dispose Method /Dispose Method (Boolean)
43e84zk7(v=vs.90)	DocumentActivated Event	Event	Microsoft.WindowsCE.Forms	Microsoft.WindowsCE.Forms (in Microsoft.WindowsCE.Forms.dll)	3.5,2.0	CE6R3+;CE5.0/6.0	.NET Framework 3.5/General Reference for the .NET Framework/Additional Managed Reference Topics/Microsoft.WindowsCE.Forms Namespace/DocumentList Class/DocumentList Events/DocumentActivated Event
e2sf3d94(v=vs.90)	DocumentList Class	Class	Microsoft.WindowsCE.Forms	Microsoft.WindowsCE.Forms (in Microsoft.WindowsCE.Forms.dll)	3.5,2.0	CE6R3+;CE5.0/6.0	.NET Framework 3.5/General Reference for the .NET Framework/Additional Managed Reference Topics/Microsoft.WindowsCE.Forms Namespace/DocumentList Class
12z4yah4(v=vs.90)	DocumentList Constructor	Constructor	Microsoft.WindowsCE.Forms	Microsoft.WindowsCE.Forms (in Microsoft.WindowsCE.Forms.dll)	3.5,2.0	CE6R3+;CE5.0/6.0	.NET Framework 3.5/General Reference for the .NET Framework/Additional Managed Reference Topics/Microsoft.WindowsCE.Forms Namespace/DocumentList Class/DocumentList Constructor 
1cx6ds02(v=vs.90)	DocumentListEventArgs Class	Class	Microsoft.WindowsCE.Forms	Microsoft.WindowsCE.Forms (in Microsoft.WindowsCE.Forms.dll)	3.5,2.0	CE6R3+;CE5.0/6.0	.NET Framework 3.5/General Reference for the .NET Framework/Additional Managed Reference Topics/Microsoft.WindowsCE.Forms Namespace/DocumentListEventArgs Class
0b21bs93(v=vs.90)	DocumentListEventArgs Constructor	Constructor	Microsoft.WindowsCE.Forms	Microsoft.WindowsCE.Forms (in Microsoft.WindowsCE.Forms.dll)	3.5,2.0	CE6R3+;CE5.0/6.0	.NET Framework 3.5/General Reference for the .NET Framework/Additional Managed Reference Topics/Microsoft.WindowsCE.Forms Namespace/DocumentListEventArgs Class/DocumentListEventArgs Constructor 
k6eed54s(v=vs.90)	DocumentListEventHandler Delegate	Delegate	Microsoft.WindowsCE.Forms	Microsoft.WindowsCE.Forms (in Microsoft.WindowsCE.Forms.dll)	3.5,2.0	CE6R3+;CE5.0/6.0	.NET Framework 3.5/General Reference for the .NET Framework/Additional Managed Reference Topics/Microsoft.WindowsCE.Forms Namespace/DocumentListEventHandler Delegate
4s76w6wx(v=vs.90)	Enabled Property	Property	Microsoft.WindowsCE.Forms	Microsoft.WindowsCE.Forms (in Microsoft.WindowsCE.Forms.dll)	3.5,2.0,1.0	CE6R3+;CE5.0/6.0;CE4.x	.NET Framework 3.5/General Reference for the .NET Framework/Additional Managed Reference Topics/Microsoft.WindowsCE.Forms Namespace/InputPanel Class/InputPanel Properties /Enabled Property 
cwf4kbtt(v=vs.90)	EnabledChanged Event	Event	Microsoft.WindowsCE.Forms	Microsoft.WindowsCE.Forms (in Microsoft.WindowsCE.Forms.dll)	3.5,2.0,1.0	CE6R3+;CE5.0/6.0;CE4.x	.NET Framework 3.5/General Reference for the .NET Framework/Additional Managed Reference Topics/Microsoft.WindowsCE.Forms Namespace/InputPanel Class/InputPanel Events/EnabledChanged Event
24efkd6y(v=vs.90)	Equality Operator	Operator	Microsoft.WindowsCE.Forms	Microsoft.WindowsCE.Forms (in Microsoft.WindowsCE.Forms.dll)	3.5,2.0,1.0	CE6R3+;CE5.0/6.0;CE4.x	.NET Framework 3.5/General Reference for the .NET Framework/Additional Managed Reference Topics/Microsoft.WindowsCE.Forms Namespace/Message Structure/Message Operators/Equality Operator
kt25fett(v=vs.90)	Equals Method	Method	Microsoft.WindowsCE.Forms	Microsoft.WindowsCE.Forms (in Microsoft.WindowsCE.Forms.dll)	3.5,2.0,1.0	CE6R3+;CE5.0/6.0;CE4.x	.NET Framework 3.5/General Reference for the .NET Framework/Additional Managed Reference Topics/Microsoft.WindowsCE.Forms Namespace/Message Structure/Message Methods /Equals Method 
ms128571(v=vs.90)	Escapement Field	Field	Microsoft.WindowsCE.Forms	Microsoft.WindowsCE.Forms (in Microsoft.WindowsCE.Forms.dll)	3.5,2.0	CE6R3+;CE5.0/6.0	.NET Framework 3.5/General Reference for the .NET Framework/Additional Managed Reference Topics/Microsoft.WindowsCE.Forms Namespace/LogFont Class/LogFont Fields/Escapement Field
ms128572(v=vs.90)	FaceName Field	Field	Microsoft.WindowsCE.Forms	Microsoft.WindowsCE.Forms (in Microsoft.WindowsCE.Forms.dll)	3.5,2.0	CE6R3+;CE5.0/6.0	.NET Framework 3.5/General Reference for the .NET Framework/Additional Managed Reference Topics/Microsoft.WindowsCE.Forms Namespace/LogFont Class/LogFont Fields/FaceName Field
823503z3(v=vs.90)	Filter Property	Property	Microsoft.WindowsCE.Forms	Microsoft.WindowsCE.Forms (in Microsoft.WindowsCE.Forms.dll)	3.5,2.0	CE6R3+;CE5.0/6.0	.NET Framework 3.5/General Reference for the .NET Framework/Additional Managed Reference Topics/Microsoft.WindowsCE.Forms Namespace/DocumentList Class/DocumentList Properties /Filter Property 
cxc7fbs5(v=vs.90)	FilterIndex Property	Property	Microsoft.WindowsCE.Forms	Microsoft.WindowsCE.Forms (in Microsoft.WindowsCE.Forms.dll)	3.5,2.0	CE6R3+;CE5.0/6.0	.NET Framework 3.5/General Reference for the .NET Framework/Additional Managed Reference Topics/Microsoft.WindowsCE.Forms Namespace/DocumentList Class/DocumentList Properties /FilterIndex Property 
k5wet3t4(v=vs.90)	Finalize Method	Method	Microsoft.WindowsCE.Forms	Microsoft.WindowsCE.Forms (in Microsoft.WindowsCE.Forms.dll)	3.5,2.0,1.0	CE6R3+;CE5.0/6.0;CE4.x	.NET Framework 3.5/General Reference for the .NET Framework/Additional Managed Reference Topics/Microsoft.WindowsCE.Forms Namespace/InputPanel Class/InputPanel Methods /Finalize Method 
tf2cdtdt(v=vs.90)	Finalize Method	Method	Microsoft.WindowsCE.Forms	Microsoft.WindowsCE.Forms (in Microsoft.WindowsCE.Forms.dll)	1.0	CE4.x	.NET Framework 3.5/General Reference for the .NET Framework/Additional Managed Reference Topics/Microsoft.WindowsCE.Forms Namespace/MessageWindow Class/MessageWindow Methods /Finalize Method /Finalize Method 
c0323zde(v=vs.90)	GetEnumerator Method	Method	Microsoft.WindowsCE.Forms	Microsoft.WindowsCE.Forms (in Microsoft.WindowsCE.Forms.dll)	3.5,2.0	CE6R3+;CE5.0/6.0	.NET Framework 3.5/General Reference for the .NET Framework/Additional Managed Reference Topics/Microsoft.WindowsCE.Forms Namespace/InputPanel.InputMethodCollection Class/InputPanel.InputMethodCollection Methods /GetEnumerator Method 
zf9w7y05(v=vs.90)	GetHashCode Method	Method	Microsoft.WindowsCE.Forms	Microsoft.WindowsCE.Forms (in Microsoft.WindowsCE.Forms.dll)	3.5,2.0,1.0	CE6R3+;CE5.0/6.0;CE4.x	.NET Framework 3.5/General Reference for the .NET Framework/Additional Managed Reference Topics/Microsoft.WindowsCE.Forms Namespace/Message Structure/Message Methods /GetHashCode Method 
18x9s937(v=vs.90)	HWnd Property	Property	Microsoft.WindowsCE.Forms	Microsoft.WindowsCE.Forms (in Microsoft.WindowsCE.Forms.dll)	3.5,2.0,1.0	CE6R3+;CE5.0/6.0;CE4.x	.NET Framework 3.5/General Reference for the .NET Framework/Additional Managed Reference Topics/Microsoft.WindowsCE.Forms Namespace/Message Structure/Message Properties /HWnd Property 
9c4ybbc4(v=vs.90)	HardwareButton Class	Class	Microsoft.WindowsCE.Forms	Microsoft.WindowsCE.Forms (in Microsoft.WindowsCE.Forms.dll)	3.5,2.0	CE6R3+;CE5.0/6.0	.NET Framework 3.5/General Reference for the .NET Framework/Additional Managed Reference Topics/Microsoft.WindowsCE.Forms Namespace/HardwareButton Class
w1f54c0w(v=vs.90)	HardwareButton Constructor	Constructor	Microsoft.WindowsCE.Forms	Microsoft.WindowsCE.Forms (in Microsoft.WindowsCE.Forms.dll)	3.5,2.0	CE6R3+;CE5.0/6.0	.NET Framework 3.5/General Reference for the .NET Framework/Additional Managed Reference Topics/Microsoft.WindowsCE.Forms Namespace/HardwareButton Class/HardwareButton Constructor 
ms128551(v=vs.90)	HardwareKey Property	Property	Microsoft.WindowsCE.Forms	Microsoft.WindowsCE.Forms (in Microsoft.WindowsCE.Forms.dll)	3.5,2.0	CE6R3+;CE5.0/6.0	.NET Framework 3.5/General Reference for the .NET Framework/Additional Managed Reference Topics/Microsoft.WindowsCE.Forms Namespace/HardwareButton Class/HardwareButton Properties /HardwareKey Property 
880czadx(v=vs.90)	HardwareKeys Enumeration	Enumeration	Microsoft.WindowsCE.Forms	Microsoft.WindowsCE.Forms (in Microsoft.WindowsCE.Forms.dll)	3.5,2.0	CE6R3+;CE5.0/6.0	.NET Framework 3.5/General Reference for the .NET Framework/Additional Managed Reference Topics/Microsoft.WindowsCE.Forms Namespace/HardwareKeys Enumeration
ms128573(v=vs.90)	Height Field	Field	Microsoft.WindowsCE.Forms	Microsoft.WindowsCE.Forms (in Microsoft.WindowsCE.Forms.dll)	3.5,2.0	CE6R3+;CE5.0/6.0	.NET Framework 3.5/General Reference for the .NET Framework/Additional Managed Reference Topics/Microsoft.WindowsCE.Forms Namespace/LogFont Class/LogFont Fields/Height Field
ms128601(v=vs.90)	Hibernate Event	Event	Microsoft.WindowsCE.Forms	Microsoft.WindowsCE.Forms (in Microsoft.WindowsCE.Forms.dll)	3.5,2.0	CE6R3+;CE5.0/6.0	.NET Framework 3.5/General Reference for the .NET Framework/Additional Managed Reference Topics/Microsoft.WindowsCE.Forms Namespace/MobileDevice Class/MobileDevice Events/Hibernate Event
a46hhc66(v=vs.90)	Hwnd Property	Property	Microsoft.WindowsCE.Forms	Microsoft.WindowsCE.Forms (in Microsoft.WindowsCE.Forms.dll)	3.5,2.0,1.0	CE6R3+;CE5.0/6.0;CE4.x	.NET Framework 3.5/General Reference for the .NET Framework/Additional Managed Reference Topics/Microsoft.WindowsCE.Forms Namespace/MessageWindow Class/MessageWindow Properties /Hwnd Property 
bb354077(v=vs.90)	ICollection.CopyTo Method	Method	Microsoft.WindowsCE.Forms	Microsoft.WindowsCE.Forms (in Microsoft.WindowsCE.Forms.dll)	3.5,2.0	CE6R3+;CE5.0/6.0	.NET Framework 3.5/General Reference for the .NET Framework/Additional Managed Reference Topics/Microsoft.WindowsCE.Forms Namespace/InputPanel.InputMethodCollection Class/InputPanel.InputMethodCollection Methods /ICollection.CopyTo Method 
bb342019(v=vs.90)	ICollection.IsSynchronized Property	Property	Microsoft.WindowsCE.Forms	Microsoft.WindowsCE.Forms (in Microsoft.WindowsCE.Forms.dll)	3.5,2.0	CE6R3+;CE5.0/6.0	.NET Framework 3.5/General Reference for the .NET Framework/Additional Managed Reference Topics/Microsoft.WindowsCE.Forms Namespace/InputPanel.InputMethodCollection Class/InputPanel.InputMethodCollection Properties /ICollection.IsSynchronized Property 
bb356086(v=vs.90)	ICollection.SyncRoot Property	Property	Microsoft.WindowsCE.Forms	Microsoft.WindowsCE.Forms (in Microsoft.WindowsCE.Forms.dll)	3.5,2.0	CE6R3+;CE5.0/6.0	.NET Framework 3.5/General Reference for the .NET Framework/Additional Managed Reference Topics/Microsoft.WindowsCE.Forms Namespace/InputPanel.InputMethodCollection Class/InputPanel.InputMethodCollection Properties /ICollection.SyncRoot Property 
bb355089(v=vs.90)	IList.Add Method	Method	Microsoft.WindowsCE.Forms	Microsoft.WindowsCE.Forms (in Microsoft.WindowsCE.Forms.dll)	3.5,2.0	CE6R3+;CE5.0/6.0	.NET Framework 3.5/General Reference for the .NET Framework/Additional Managed Reference Topics/Microsoft.WindowsCE.Forms Namespace/InputPanel.InputMethodCollection Class/InputPanel.InputMethodCollection Methods /IList.Add Method 
bb336658(v=vs.90)	IList.Clear Method	Method	Microsoft.WindowsCE.Forms	Microsoft.WindowsCE.Forms (in Microsoft.WindowsCE.Forms.dll)	3.5,2.0	CE6R3+;CE5.0/6.0	.NET Framework 3.5/General Reference for the .NET Framework/Additional Managed Reference Topics/Microsoft.WindowsCE.Forms Namespace/InputPanel.InputMethodCollection Class/InputPanel.InputMethodCollection Methods /IList.Clear Method 
bb350559(v=vs.90)	IList.Contains Method	Method	Microsoft.WindowsCE.Forms	Microsoft.WindowsCE.Forms (in Microsoft.WindowsCE.Forms.dll)	3.5,2.0	CE6R3+;CE5.0/6.0	.NET Framework 3.5/General Reference for the .NET Framework/Additional Managed Reference Topics/Microsoft.WindowsCE.Forms Namespace/InputPanel.InputMethodCollection Class/InputPanel.InputMethodCollection Methods /IList.Contains Method 
bb345318(v=vs.90)	IList.IndexOf Method	Method	Microsoft.WindowsCE.Forms	Microsoft.WindowsCE.Forms (in Microsoft.WindowsCE.Forms.dll)	3.5,2.0	CE6R3+;CE5.0/6.0	.NET Framework 3.5/General Reference for the .NET Framework/Additional Managed Reference Topics/Microsoft.WindowsCE.Forms Namespace/InputPanel.InputMethodCollection Class/InputPanel.InputMethodCollection Methods /IList.IndexOf Method 
bb343311(v=vs.90)	IList.Insert Method	Method	Microsoft.WindowsCE.Forms	Microsoft.WindowsCE.Forms (in Microsoft.WindowsCE.Forms.dll)	3.5,2.0	CE6R3+;CE5.0/6.0	.NET Framework 3.5/General Reference for the .NET Framework/Additional Managed Reference Topics/Microsoft.WindowsCE.Forms Namespace/InputPanel.InputMethodCollection Class/InputPanel.InputMethodCollection Methods /IList.Insert Method 
bb345322(v=vs.90)	IList.IsFixedSize Property	Property	Microsoft.WindowsCE.Forms	Microsoft.WindowsCE.Forms (in Microsoft.WindowsCE.Forms.dll)	3.5,2.0	CE6R3+;CE5.0/6.0	.NET Framework 3.5/General Reference for the .NET Framework/Additional Managed Reference Topics/Microsoft.WindowsCE.Forms Namespace/InputPanel.InputMethodCollection Class/InputPanel.InputMethodCollection Properties /IList.IsFixedSize Property 
bb356507(v=vs.90)	IList.Item Property	Property	Microsoft.WindowsCE.Forms	Microsoft.WindowsCE.Forms (in Microsoft.WindowsCE.Forms.dll)	3.5,2.0	CE6R3+;CE5.0/6.0	.NET Framework 3.5/General Reference for the .NET Framework/Additional Managed Reference Topics/Microsoft.WindowsCE.Forms Namespace/InputPanel.InputMethodCollection Class/InputPanel.InputMethodCollection Properties /IList.Item Property 
bb340071(v=vs.90)	IList.Remove Method	Method	Microsoft.WindowsCE.Forms	Microsoft.WindowsCE.Forms (in Microsoft.WindowsCE.Forms.dll)	3.5,2.0	CE6R3+;CE5.0/6.0	.NET Framework 3.5/General Reference for the .NET Framework/Additional Managed Reference Topics/Microsoft.WindowsCE.Forms Namespace/InputPanel.InputMethodCollection Class/InputPanel.InputMethodCollection Methods /IList.Remove Method 
8zyye8ea(v=vs.90)	Icon Property	Property	Microsoft.WindowsCE.Forms	Microsoft.WindowsCE.Forms (in Microsoft.WindowsCE.Forms.dll)	3.5,2.0	CE6R3+;CE5.0/6.0	.NET Framework 3.5/General Reference for the .NET Framework/Additional Managed Reference Topics/Microsoft.WindowsCE.Forms Namespace/Notification Class/Notification Properties /Icon Property 
tx3236hs(v=vs.90)	IndexOf Method	Method	Microsoft.WindowsCE.Forms	Microsoft.WindowsCE.Forms (in Microsoft.WindowsCE.Forms.dll)	3.5,2.0	CE6R3+;CE5.0/6.0	.NET Framework 3.5/General Reference for the .NET Framework/Additional Managed Reference Topics/Microsoft.WindowsCE.Forms Namespace/InputPanel.InputMethodCollection Class/InputPanel.InputMethodCollection Methods /IndexOf Method 
07at0eck(v=vs.90)	Inequality Operator	Operator	Microsoft.WindowsCE.Forms	Microsoft.WindowsCE.Forms (in Microsoft.WindowsCE.Forms.dll)	3.5,2.0,1.0	CE6R3+;CE5.0/6.0;CE4.x	.NET Framework 3.5/General Reference for the .NET Framework/Additional Managed Reference Topics/Microsoft.WindowsCE.Forms Namespace/Message Structure/Message Operators/Inequality Operator
z8htkkkd(v=vs.90)	InitialDuration Property	Property	Microsoft.WindowsCE.Forms	Microsoft.WindowsCE.Forms (in Microsoft.WindowsCE.Forms.dll)	3.5,2.0	CE6R3+;CE5.0/6.0	.NET Framework 3.5/General Reference for the .NET Framework/Additional Managed Reference Topics/Microsoft.WindowsCE.Forms Namespace/Notification Class/Notification Properties /InitialDuration Property 
1ta2c12a(v=vs.90)	InputMethod Class	Class	Microsoft.WindowsCE.Forms	Microsoft.WindowsCE.Forms (in Microsoft.WindowsCE.Forms.dll)	3.5,2.0	CE6R3+;CE5.0/6.0	.NET Framework 3.5/General Reference for the .NET Framework/Additional Managed Reference Topics/Microsoft.WindowsCE.Forms Namespace/InputMethod Class
h7ye7e4w(v=vs.90)	InputMethods Property	Property	Microsoft.WindowsCE.Forms	Microsoft.WindowsCE.Forms (in Microsoft.WindowsCE.Forms.dll)	3.5,2.0	CE6R3+;CE5.0/6.0	.NET Framework 3.5/General Reference for the .NET Framework/Additional Managed Reference Topics/Microsoft.WindowsCE.Forms Namespace/InputPanel Class/InputPanel Properties /InputMethods Property 
ths851e1(v=vs.90)	InputMode Enumeration	Enumeration	Microsoft.WindowsCE.Forms	Microsoft.WindowsCE.Forms (in Microsoft.WindowsCE.Forms.dll)	3.5,2.0	CE6R3+;CE5.0/6.0	.NET Framework 3.5/General Reference for the .NET Framework/Additional Managed Reference Topics/Microsoft.WindowsCE.Forms Namespace/InputMode Enumeration
89wd95as(v=vs.90)	InputModeEditor Class	Class	Microsoft.WindowsCE.Forms	Microsoft.WindowsCE.Forms (in Microsoft.WindowsCE.Forms.dll)	3.5,2.0	CE6R3+;CE5.0/6.0	.NET Framework 3.5/General Reference for the .NET Framework/Additional Managed Reference Topics/Microsoft.WindowsCE.Forms Namespace/InputModeEditor Class
1y4s0819(v=vs.90)	InputPanel Class	Class	Microsoft.WindowsCE.Forms	Microsoft.WindowsCE.Forms (in Microsoft.WindowsCE.Forms.dll)	3.5,2.0,1.0	CE6R3+;CE5.0/6.0;CE4.x	.NET Framework 3.5/General Reference for the .NET Framework/Additional Managed Reference Topics/Microsoft.WindowsCE.Forms Namespace/InputPanel Class
8d2w7b34(v=vs.90)	InputPanel Constructor	Constructor	Microsoft.WindowsCE.Forms	Microsoft.WindowsCE.Forms (in Microsoft.WindowsCE.Forms.dll)	3.5,2.0,1.0	CE6R3+;CE5.0/6.0;CE4.x	.NET Framework 3.5/General Reference for the .NET Framework/Additional Managed Reference Topics/Microsoft.WindowsCE.Forms Namespace/InputPanel Class/InputPanel Constructor /InputPanel Constructor 
bb356311(v=vs.90)	InputPanel Constructor (IContainer)		Microsoft.WindowsCE.Forms	Microsoft.WindowsCE.Forms (in Microsoft.WindowsCE.Forms.dll)	3.5	CE6R3+	.NET Framework 3.5/General Reference for the .NET Framework/Additional Managed Reference Topics/Microsoft.WindowsCE.Forms Namespace/InputPanel Class/InputPanel Constructor /InputPanel Constructor (IContainer)
2kb77ww0(v=vs.90)	InputPanel.InputMethodCollection Class	Class	Microsoft.WindowsCE.Forms	Microsoft.WindowsCE.Forms (in Microsoft.WindowsCE.Forms.dll)	3.5,2.0	CE6R3+;CE5.0/6.0	.NET Framework 3.5/General Reference for the .NET Framework/Additional Managed Reference Topics/Microsoft.WindowsCE.Forms Namespace/InputPanel.InputMethodCollection Class
3tfatxt3(v=vs.90)	IsReadOnly Property	Property	Microsoft.WindowsCE.Forms	Microsoft.WindowsCE.Forms (in Microsoft.WindowsCE.Forms.dll)	3.5,2.0	CE6R3+;CE5.0/6.0	.NET Framework 3.5/General Reference for the .NET Framework/Additional Managed Reference Topics/Microsoft.WindowsCE.Forms Namespace/InputPanel.InputMethodCollection Class/InputPanel.InputMethodCollection Properties /IsReadOnly Property 
ms128574(v=vs.90)	Italic Field	Field	Microsoft.WindowsCE.Forms	Microsoft.WindowsCE.Forms (in Microsoft.WindowsCE.Forms.dll)	3.5,2.0	CE6R3+;CE5.0/6.0	.NET Framework 3.5/General Reference for the .NET Framework/Additional Managed Reference Topics/Microsoft.WindowsCE.Forms Namespace/LogFont Class/LogFont Fields/Italic Field
5x7sby6c(v=vs.90)	Item Property	Property	Microsoft.WindowsCE.Forms	Microsoft.WindowsCE.Forms (in Microsoft.WindowsCE.Forms.dll)	3.5,2.0	CE6R3+;CE5.0/6.0	.NET Framework 3.5/General Reference for the .NET Framework/Additional Managed Reference Topics/Microsoft.WindowsCE.Forms Namespace/InputPanel.InputMethodCollection Class/InputPanel.InputMethodCollection Properties /Item Property 
t6e77fhw(v=vs.90)	LParam Property	Property	Microsoft.WindowsCE.Forms	Microsoft.WindowsCE.Forms (in Microsoft.WindowsCE.Forms.dll)	3.5,2.0,1.0	CE6R3+;CE5.0/6.0;CE4.x	.NET Framework 3.5/General Reference for the .NET Framework/Additional Managed Reference Topics/Microsoft.WindowsCE.Forms Namespace/Message Structure/Message Properties /LParam Property 
847yht23(v=vs.90)	LogFont Class	Class	Microsoft.WindowsCE.Forms	Microsoft.WindowsCE.Forms (in Microsoft.WindowsCE.Forms.dll)	3.5,2.0	CE6R3+;CE5.0/6.0	.NET Framework 3.5/General Reference for the .NET Framework/Additional Managed Reference Topics/Microsoft.WindowsCE.Forms Namespace/LogFont Class
b8cfyk65(v=vs.90)	LogFont Constructor	Constructor	Microsoft.WindowsCE.Forms	Microsoft.WindowsCE.Forms (in Microsoft.WindowsCE.Forms.dll)	3.5,2.0	CE6R3+;CE5.0/6.0	.NET Framework 3.5/General Reference for the .NET Framework/Additional Managed Reference Topics/Microsoft.WindowsCE.Forms Namespace/LogFont Class/LogFont Constructor 
ms128585(v=vs.90)	LogFontCharSet Enumeration	Enumeration	Microsoft.WindowsCE.Forms	Microsoft.WindowsCE.Forms (in Microsoft.WindowsCE.Forms.dll)	3.5,2.0	CE6R3+;CE5.0/6.0	.NET Framework 3.5/General Reference for the .NET Framework/Additional Managed Reference Topics/Microsoft.WindowsCE.Forms Namespace/LogFontCharSet Enumeration
ms128586(v=vs.90)	LogFontClipPrecision Enumeration	Enumeration	Microsoft.WindowsCE.Forms	Microsoft.WindowsCE.Forms (in Microsoft.WindowsCE.Forms.dll)	3.5,2.0	CE6R3+;CE5.0/6.0	.NET Framework 3.5/General Reference for the .NET Framework/Additional Managed Reference Topics/Microsoft.WindowsCE.Forms Namespace/LogFontClipPrecision Enumeration
ms128587(v=vs.90)	LogFontPitchAndFamily Enumeration	Enumeration	Microsoft.WindowsCE.Forms	Microsoft.WindowsCE.Forms (in Microsoft.WindowsCE.Forms.dll)	3.5,2.0	CE6R3+;CE5.0/6.0	.NET Framework 3.5/General Reference for the .NET Framework/Additional Managed Reference Topics/Microsoft.WindowsCE.Forms Namespace/LogFontPitchAndFamily Enumeration
ms128588(v=vs.90)	LogFontPrecision Enumeration	Enumeration	Microsoft.WindowsCE.Forms	Microsoft.WindowsCE.Forms (in Microsoft.WindowsCE.Forms.dll)	3.5,2.0	CE6R3+;CE5.0/6.0	.NET Framework 3.5/General Reference for the .NET Framework/Additional Managed Reference Topics/Microsoft.WindowsCE.Forms Namespace/LogFontPrecision Enumeration
ms128589(v=vs.90)	LogFontQuality Enumeration	Enumeration	Microsoft.WindowsCE.Forms	Microsoft.WindowsCE.Forms (in Microsoft.WindowsCE.Forms.dll)	3.5,2.0	CE6R3+;CE5.0/6.0	.NET Framework 3.5/General Reference for the .NET Framework/Additional Managed Reference Topics/Microsoft.WindowsCE.Forms Namespace/LogFontQuality Enumeration
ms128590(v=vs.90)	LogFontWeight Enumeration	Enumeration	Microsoft.WindowsCE.Forms	Microsoft.WindowsCE.Forms (in Microsoft.WindowsCE.Forms.dll)	3.5,2.0	CE6R3+;CE5.0/6.0	.NET Framework 3.5/General Reference for the .NET Framework/Additional Managed Reference Topics/Microsoft.WindowsCE.Forms Namespace/LogFontWeight Enumeration
kh400123(v=vs.90)	Message Structure	Structure	Microsoft.WindowsCE.Forms	Microsoft.WindowsCE.Forms (in Microsoft.WindowsCE.Forms.dll)	3.5,2.0,1.0	CE6R3+;CE5.0/6.0;CE4.x	.NET Framework 3.5/General Reference for the .NET Framework/Additional Managed Reference Topics/Microsoft.WindowsCE.Forms Namespace/Message Structure
d47x5e07(v=vs.90)	MessageWindow Class	Class	Microsoft.WindowsCE.Forms	Microsoft.WindowsCE.Forms (in Microsoft.WindowsCE.Forms.dll)	3.5,2.0,1.0	CE6R3+;CE5.0/6.0;CE4.x	.NET Framework 3.5/General Reference for the .NET Framework/Additional Managed Reference Topics/Microsoft.WindowsCE.Forms Namespace/MessageWindow Class
z6fekdb8(v=vs.90)	MessageWindow Constructor	Constructor	Microsoft.WindowsCE.Forms	Microsoft.WindowsCE.Forms (in Microsoft.WindowsCE.Forms.dll)	3.5,2.0,1.0	CE6R3+;CE5.0/6.0;CE4.x	.NET Framework 3.5/General Reference for the .NET Framework/Additional Managed Reference Topics/Microsoft.WindowsCE.Forms Namespace/MessageWindow Class/MessageWindow Constructor 
ms128597(v=vs.90)	MobileDevice Class	Class	Microsoft.WindowsCE.Forms	Microsoft.WindowsCE.Forms (in Microsoft.WindowsCE.Forms.dll)	3.5,2.0	CE6R3+;CE5.0/6.0	.NET Framework 3.5/General Reference for the .NET Framework/Additional Managed Reference Topics/Microsoft.WindowsCE.Forms Namespace/MobileDevice Class
46d4157d(v=vs.90)	Msg Property	Property	Microsoft.WindowsCE.Forms	Microsoft.WindowsCE.Forms (in Microsoft.WindowsCE.Forms.dll)	3.5,2.0,1.0	CE6R3+;CE5.0/6.0;CE4.x	.NET Framework 3.5/General Reference for the .NET Framework/Additional Managed Reference Topics/Microsoft.WindowsCE.Forms Namespace/Message Structure/Message Properties /Msg Property 
f9bh2z96(v=vs.90)	Name Property	Property	Microsoft.WindowsCE.Forms	Microsoft.WindowsCE.Forms (in Microsoft.WindowsCE.Forms.dll)	3.5,2.0	CE6R3+;CE5.0/6.0	.NET Framework 3.5/General Reference for the .NET Framework/Additional Managed Reference Topics/Microsoft.WindowsCE.Forms Namespace/InputMethod Class/InputMethod Properties /Name Property 
7ctk0s42(v=vs.90)	Notification Class	Class	Microsoft.WindowsCE.Forms	Microsoft.WindowsCE.Forms (in Microsoft.WindowsCE.Forms.dll)	3.5,2.0	CE6R3+;CE5.0/6.0	.NET Framework 3.5/General Reference for the .NET Framework/Additional Managed Reference Topics/Microsoft.WindowsCE.Forms Namespace/Notification Class
8yc90xac(v=vs.90)	Notification Constructor	Constructor	Microsoft.WindowsCE.Forms	Microsoft.WindowsCE.Forms (in Microsoft.WindowsCE.Forms.dll)	3.5,2.0	CE6R3+;CE5.0/6.0	.NET Framework 3.5/General Reference for the .NET Framework/Additional Managed Reference Topics/Microsoft.WindowsCE.Forms Namespace/Notification Class/Notification Constructor 
01bz0eb1(v=vs.90)	OnBalloonChanged Method	Method	Microsoft.WindowsCE.Forms	Microsoft.WindowsCE.Forms (in Microsoft.WindowsCE.Forms.dll)	3.5,2.0	CE6R3+;CE5.0/6.0	.NET Framework 3.5/General Reference for the .NET Framework/Additional Managed Reference Topics/Microsoft.WindowsCE.Forms Namespace/Notification Class/Notification Methods /OnBalloonChanged Method 
0s2d60ft(v=vs.90)	OnDeletingDocument Method	Method	Microsoft.WindowsCE.Forms	Microsoft.WindowsCE.Forms (in Microsoft.WindowsCE.Forms.dll)	3.5,2.0	CE6R3+;CE5.0/6.0	.NET Framework 3.5/General Reference for the .NET Framework/Additional Managed Reference Topics/Microsoft.WindowsCE.Forms Namespace/DocumentList Class/DocumentList Methods /OnDeletingDocument Method 
9a3wf7b8(v=vs.90)	OnDocumentActivated Method	Method	Microsoft.WindowsCE.Forms	Microsoft.WindowsCE.Forms (in Microsoft.WindowsCE.Forms.dll)	3.5,2.0	CE6R3+;CE5.0/6.0	.NET Framework 3.5/General Reference for the .NET Framework/Additional Managed Reference Topics/Microsoft.WindowsCE.Forms Namespace/DocumentList Class/DocumentList Methods /OnDocumentActivated Method 
t29c3b5x(v=vs.90)	OnResponseSubmitted Method	Method	Microsoft.WindowsCE.Forms	Microsoft.WindowsCE.Forms (in Microsoft.WindowsCE.Forms.dll)	3.5,2.0	CE6R3+;CE5.0/6.0	.NET Framework 3.5/General Reference for the .NET Framework/Additional Managed Reference Topics/Microsoft.WindowsCE.Forms Namespace/Notification Class/Notification Methods /OnResponseSubmitted Method 
zt3a5e64(v=vs.90)	OnSelectedDirectoryChanged Method	Method	Microsoft.WindowsCE.Forms	Microsoft.WindowsCE.Forms (in Microsoft.WindowsCE.Forms.dll)	3.5,2.0	CE6R3+;CE5.0/6.0	.NET Framework 3.5/General Reference for the .NET Framework/Additional Managed Reference Topics/Microsoft.WindowsCE.Forms Namespace/DocumentList Class/DocumentList Methods /OnSelectedDirectoryChanged Method 
ms128575(v=vs.90)	Orientation Field	Field	Microsoft.WindowsCE.Forms	Microsoft.WindowsCE.Forms (in Microsoft.WindowsCE.Forms.dll)	3.5,2.0	CE6R3+;CE5.0/6.0	.NET Framework 3.5/General Reference for the .NET Framework/Additional Managed Reference Topics/Microsoft.WindowsCE.Forms Namespace/LogFont Class/LogFont Fields/Orientation Field
ms128576(v=vs.90)	OutPrecision Field	Field	Microsoft.WindowsCE.Forms	Microsoft.WindowsCE.Forms (in Microsoft.WindowsCE.Forms.dll)	3.5,2.0	CE6R3+;CE5.0/6.0	.NET Framework 3.5/General Reference for the .NET Framework/Additional Managed Reference Topics/Microsoft.WindowsCE.Forms Namespace/LogFont Class/LogFont Fields/OutPrecision Field
5t7e9fw6(v=vs.90)	Path Property	Property	Microsoft.WindowsCE.Forms	Microsoft.WindowsCE.Forms (in Microsoft.WindowsCE.Forms.dll)	3.5,2.0	CE6R3+;CE5.0/6.0	.NET Framework 3.5/General Reference for the .NET Framework/Additional Managed Reference Topics/Microsoft.WindowsCE.Forms Namespace/DocumentListEventArgs Class/DocumentListEventArgs Properties /Path Property 
ms128577(v=vs.90)	PitchAndFamily Field	Field	Microsoft.WindowsCE.Forms	Microsoft.WindowsCE.Forms (in Microsoft.WindowsCE.Forms.dll)	3.5,2.0	CE6R3+;CE5.0/6.0	.NET Framework 3.5/General Reference for the .NET Framework/Additional Managed Reference Topics/Microsoft.WindowsCE.Forms Namespace/LogFont Class/LogFont Fields/PitchAndFamily Field
bb357930(v=vs.90)	Platform Property	Property	Microsoft.WindowsCE.Forms	Microsoft.WindowsCE.Forms (in Microsoft.WindowsCE.Forms.dll)	3.5	CE6R3+	.NET Framework 3.5/General Reference for the .NET Framework/Additional Managed Reference Topics/Microsoft.WindowsCE.Forms Namespace/SystemSettings Class/SystemSettings Properties /Platform Property 
83e17b7x(v=vs.90)	PostMessage Method	Method	Microsoft.WindowsCE.Forms	Microsoft.WindowsCE.Forms (in Microsoft.WindowsCE.Forms.dll)	3.5,2.0,1.0	CE6R3+;CE5.0/6.0;CE4.x	.NET Framework 3.5/General Reference for the .NET Framework/Additional Managed Reference Topics/Microsoft.WindowsCE.Forms Namespace/MessageWindow Class/MessageWindow Methods /PostMessage Method 
ms128578(v=vs.90)	Quality Field	Field	Microsoft.WindowsCE.Forms	Microsoft.WindowsCE.Forms (in Microsoft.WindowsCE.Forms.dll)	3.5,2.0	CE6R3+;CE5.0/6.0	.NET Framework 3.5/General Reference for the .NET Framework/Additional Managed Reference Topics/Microsoft.WindowsCE.Forms Namespace/LogFont Class/LogFont Fields/Quality Field
1b41aaeb(v=vs.90)	RemoveAt Method	Method	Microsoft.WindowsCE.Forms	Microsoft.WindowsCE.Forms (in Microsoft.WindowsCE.Forms.dll)	3.5,2.0	CE6R3+;CE5.0/6.0	.NET Framework 3.5/General Reference for the .NET Framework/Additional Managed Reference Topics/Microsoft.WindowsCE.Forms Namespace/InputPanel.InputMethodCollection Class/InputPanel.InputMethodCollection Methods /RemoveAt Method 
t7he6229(v=vs.90)	Response Property	Property	Microsoft.WindowsCE.Forms	Microsoft.WindowsCE.Forms (in Microsoft.WindowsCE.Forms.dll)	3.5,2.0	CE6R3+;CE5.0/6.0	.NET Framework 3.5/General Reference for the .NET Framework/Additional Managed Reference Topics/Microsoft.WindowsCE.Forms Namespace/ResponseSubmittedEventArgs Class/ResponseSubmittedEventArgs Properties /Response Property 
7b14dszc(v=vs.90)	ResponseSubmitted Event	Event	Microsoft.WindowsCE.Forms	Microsoft.WindowsCE.Forms (in Microsoft.WindowsCE.Forms.dll)	3.5,2.0	CE6R3+;CE5.0/6.0	.NET Framework 3.5/General Reference for the .NET Framework/Additional Managed Reference Topics/Microsoft.WindowsCE.Forms Namespace/Notification Class/Notification Events/ResponseSubmitted Event
4exs4hbt(v=vs.90)	ResponseSubmittedEventArgs Class	Class	Microsoft.WindowsCE.Forms	Microsoft.WindowsCE.Forms (in Microsoft.WindowsCE.Forms.dll)	3.5,2.0	CE6R3+;CE5.0/6.0	.NET Framework 3.5/General Reference for the .NET Framework/Additional Managed Reference Topics/Microsoft.WindowsCE.Forms Namespace/ResponseSubmittedEventArgs Class
b402c0ee(v=vs.90)	ResponseSubmittedEventArgs Constructor	Constructor	Microsoft.WindowsCE.Forms	Microsoft.WindowsCE.Forms (in Microsoft.WindowsCE.Forms.dll)	3.5,2.0	CE6R3+;CE5.0/6.0	.NET Framework 3.5/General Reference for the .NET Framework/Additional Managed Reference Topics/Microsoft.WindowsCE.Forms Namespace/ResponseSubmittedEventArgs Class/ResponseSubmittedEventArgs Constructor 
z2seb2x4(v=vs.90)	ResponseSubmittedEventHandler Delegate	Delegate	Microsoft.WindowsCE.Forms	Microsoft.WindowsCE.Forms (in Microsoft.WindowsCE.Forms.dll)	3.5,2.0	CE6R3+;CE5.0/6.0	.NET Framework 3.5/General Reference for the .NET Framework/Additional Managed Reference Topics/Microsoft.WindowsCE.Forms Namespace/ResponseSubmittedEventHandler Delegate
fd2x9741(v=vs.90)	Result Property	Property	Microsoft.WindowsCE.Forms	Microsoft.WindowsCE.Forms (in Microsoft.WindowsCE.Forms.dll)	3.5,2.0,1.0	CE6R3+;CE5.0/6.0;CE4.x	.NET Framework 3.5/General Reference for the .NET Framework/Additional Managed Reference Topics/Microsoft.WindowsCE.Forms Namespace/Message Structure/Message Properties /Result Property 
bzfzdkzy(v=vs.90)	ScreenOrientation Enumeration	Enumeration	Microsoft.WindowsCE.Forms	Microsoft.WindowsCE.Forms (in Microsoft.WindowsCE.Forms.dll)	3.5,2.0	CE6R3+;CE5.0/6.0	.NET Framework 3.5/General Reference for the .NET Framework/Additional Managed Reference Topics/Microsoft.WindowsCE.Forms Namespace/ScreenOrientation Enumeration
e9fb1y8k(v=vs.90)	ScreenOrientation Property	Property	Microsoft.WindowsCE.Forms	Microsoft.WindowsCE.Forms (in Microsoft.WindowsCE.Forms.dll)	3.5,2.0	CE6R3+;CE5.0/6.0	.NET Framework 3.5/General Reference for the .NET Framework/Additional Managed Reference Topics/Microsoft.WindowsCE.Forms Namespace/SystemSettings Class/SystemSettings Properties /ScreenOrientation Property 
kskt6k4b(v=vs.90)	SelectedDirectory Property	Property	Microsoft.WindowsCE.Forms	Microsoft.WindowsCE.Forms (in Microsoft.WindowsCE.Forms.dll)	3.5,2.0	CE6R3+;CE5.0/6.0	.NET Framework 3.5/General Reference for the .NET Framework/Additional Managed Reference Topics/Microsoft.WindowsCE.Forms Namespace/DocumentList Class/DocumentList Properties /SelectedDirectory Property 
55ax52sx(v=vs.90)	SelectedDirectoryChanged Event	Event	Microsoft.WindowsCE.Forms	Microsoft.WindowsCE.Forms (in Microsoft.WindowsCE.Forms.dll)	3.5,2.0	CE6R3+;CE5.0/6.0	.NET Framework 3.5/General Reference for the .NET Framework/Additional Managed Reference Topics/Microsoft.WindowsCE.Forms Namespace/DocumentList Class/DocumentList Events/SelectedDirectoryChanged Event
30zz8f96(v=vs.90)	SendMessage Method	Method	Microsoft.WindowsCE.Forms	Microsoft.WindowsCE.Forms (in Microsoft.WindowsCE.Forms.dll)	3.5,2.0,1.0	CE6R3+;CE5.0/6.0;CE4.x	.NET Framework 3.5/General Reference for the .NET Framework/Additional Managed Reference Topics/Microsoft.WindowsCE.Forms Namespace/MessageWindow Class/MessageWindow Methods /SendMessage Method 
tf8z11bs(v=vs.90)	SetInputMode Method	Method	Microsoft.WindowsCE.Forms	Microsoft.WindowsCE.Forms (in Microsoft.WindowsCE.Forms.dll)	3.5,2.0	CE6R3+;CE5.0/6.0	.NET Framework 3.5/General Reference for the .NET Framework/Additional Managed Reference Topics/Microsoft.WindowsCE.Forms Namespace/InputModeEditor Class/InputModeEditor Methods /SetInputMode Method 
ms128579(v=vs.90)	StrikeOut Field	Field	Microsoft.WindowsCE.Forms	Microsoft.WindowsCE.Forms (in Microsoft.WindowsCE.Forms.dll)	3.5,2.0	CE6R3+;CE5.0/6.0	.NET Framework 3.5/General Reference for the .NET Framework/Additional Managed Reference Topics/Microsoft.WindowsCE.Forms Namespace/LogFont Class/LogFont Fields/StrikeOut Field
xw33y8aw(v=vs.90)	SystemSettings Class	Class	Microsoft.WindowsCE.Forms	Microsoft.WindowsCE.Forms (in Microsoft.WindowsCE.Forms.dll)	3.5,2.0	CE6R3+;CE5.0/6.0	.NET Framework 3.5/General Reference for the .NET Framework/Additional Managed Reference Topics/Microsoft.WindowsCE.Forms Namespace/SystemSettings Class
fcesbwxs(v=vs.90)	Text Property	Property	Microsoft.WindowsCE.Forms	Microsoft.WindowsCE.Forms (in Microsoft.WindowsCE.Forms.dll)	3.5,2.0	CE6R3+;CE5.0/6.0	.NET Framework 3.5/General Reference for the .NET Framework/Additional Managed Reference Topics/Microsoft.WindowsCE.Forms Namespace/Notification Class/Notification Properties /Text Property 
ms223019(v=vs.90)	Text Property	Property	Microsoft.WindowsCE.Forms	Microsoft.WindowsCE.Forms (in Microsoft.WindowsCE.Forms.dll)	3.5,2.0	CE6R3+;CE5.0/6.0	.NET Framework 3.5/General Reference for the .NET Framework/Additional Managed Reference Topics/Microsoft.WindowsCE.Forms Namespace/MessageWindow Class/MessageWindow Properties /Text Property 
ms128580(v=vs.90)	Underline Field	Field	Microsoft.WindowsCE.Forms	Microsoft.WindowsCE.Forms (in Microsoft.WindowsCE.Forms.dll)	3.5,2.0	CE6R3+;CE5.0/6.0	.NET Framework 3.5/General Reference for the .NET Framework/Additional Managed Reference Topics/Microsoft.WindowsCE.Forms Namespace/LogFont Class/LogFont Fields/Underline Field
5h3se641(v=vs.90)	Visible Property	Property	Microsoft.WindowsCE.Forms	Microsoft.WindowsCE.Forms (in Microsoft.WindowsCE.Forms.dll)	3.5,2.0	CE6R3+;CE5.0/6.0	.NET Framework 3.5/General Reference for the .NET Framework/Additional Managed Reference Topics/Microsoft.WindowsCE.Forms Namespace/BalloonChangedEventArgs Class/BalloonChangedEventArgs Properties /Visible Property 
b9616h22(v=vs.90)	Visible Property	Property	Microsoft.WindowsCE.Forms	Microsoft.WindowsCE.Forms (in Microsoft.WindowsCE.Forms.dll)	3.5,2.0	CE6R3+;CE5.0/6.0	.NET Framework 3.5/General Reference for the .NET Framework/Additional Managed Reference Topics/Microsoft.WindowsCE.Forms Namespace/Notification Class/Notification Properties /Visible Property 
07yfzwz9(v=vs.90)	VisibleDesktop Property	Property	Microsoft.WindowsCE.Forms	Microsoft.WindowsCE.Forms (in Microsoft.WindowsCE.Forms.dll)	3.5,2.0,1.0	CE6R3+;CE5.0/6.0;CE4.x	.NET Framework 3.5/General Reference for the .NET Framework/Additional Managed Reference Topics/Microsoft.WindowsCE.Forms Namespace/InputPanel Class/InputPanel Properties /VisibleDesktop Property 
t8635y62(v=vs.90)	WParam Property	Property	Microsoft.WindowsCE.Forms	Microsoft.WindowsCE.Forms (in Microsoft.WindowsCE.Forms.dll)	3.5,2.0,1.0	CE6R3+;CE5.0/6.0;CE4.x	.NET Framework 3.5/General Reference for the .NET Framework/Additional Managed Reference Topics/Microsoft.WindowsCE.Forms Namespace/Message Structure/Message Properties /WParam Property 
ms128581(v=vs.90)	Weight Field	Field	Microsoft.WindowsCE.Forms	Microsoft.WindowsCE.Forms (in Microsoft.WindowsCE.Forms.dll)	3.5,2.0	CE6R3+;CE5.0/6.0	.NET Framework 3.5/General Reference for the .NET Framework/Additional Managed Reference Topics/Microsoft.WindowsCE.Forms Namespace/LogFont Class/LogFont Fields/Weight Field
ms128582(v=vs.90)	Width Field	Field	Microsoft.WindowsCE.Forms	Microsoft.WindowsCE.Forms (in Microsoft.WindowsCE.Forms.dll)	3.5,2.0	CE6R3+;CE5.0/6.0	.NET Framework 3.5/General Reference for the .NET Framework/Additional Managed Reference Topics/Microsoft.WindowsCE.Forms Namespace/LogFont Class/LogFont Fields/Width Field
bb301091(v=vs.90)	WinCEPlatform Enumeration	Enumeration	Microsoft.WindowsCE.Forms	Microsoft.WindowsCE.Forms (in Microsoft.WindowsCE.Forms.dll)	3.5	CE6R3+	.NET Framework 3.5/General Reference for the .NET Framework/Additional Managed Reference Topics/Microsoft.WindowsCE.Forms Namespace/WinCEPlatform Enumeration
e51bewf6(v=vs.90)	WndProc Method	Method	Microsoft.WindowsCE.Forms	Microsoft.WindowsCE.Forms (in Microsoft.WindowsCE.Forms.dll)	3.5,2.0,1.0	CE6R3+;CE5.0/6.0;CE4.x	.NET Framework 3.5/General Reference for the .NET Framework/Additional Managed Reference Topics/Microsoft.WindowsCE.Forms Namespace/MessageWindow Class/MessageWindow Methods /WndProc Method 
ms128682(v=vs.90)	Add Method	Method	Microsoft.WindowsMobile.DirectX	Microsoft.WindowsMobile.DirectX (in Microsoft.WindowsMobile.DirectX.dll)	3.5,2.0	CE6R3+;CE5.0/6.0	.NET Framework 3.5/General Reference for the .NET Framework/Additional Managed Reference Topics/Microsoft.WindowsMobile.DirectX Namespace/Matrix Structure/Matrix Methods /Add Method 
ms128751(v=vs.90)	Add Method	Method	Microsoft.WindowsMobile.DirectX	Microsoft.WindowsMobile.DirectX (in Microsoft.WindowsMobile.DirectX.dll)	3.5,2.0	CE6R3+;CE5.0/6.0	.NET Framework 3.5/General Reference for the .NET Framework/Additional Managed Reference Topics/Microsoft.WindowsMobile.DirectX Namespace/Quaternion Structure/Quaternion Methods /Add Method 
ms128817(v=vs.90)	Add Method (Vector2)		Microsoft.WindowsMobile.DirectX	Microsoft.WindowsMobile.DirectX (in Microsoft.WindowsMobile.DirectX.dll)	3.5,2.0	CE6R3+;CE5.0/6.0	.NET Framework 3.5/General Reference for the .NET Framework/Additional Managed Reference Topics/Microsoft.WindowsMobile.DirectX Namespace/Vector2 Structure/Vector2 Methods /Add Method /Add Method (Vector2)
ms128818(v=vs.90)	Add Method (Vector2, Vector2)		Microsoft.WindowsMobile.DirectX	Microsoft.WindowsMobile.DirectX (in Microsoft.WindowsMobile.DirectX.dll)	3.5,2.0	CE6R3+;CE5.0/6.0	.NET Framework 3.5/General Reference for the .NET Framework/Additional Managed Reference Topics/Microsoft.WindowsMobile.DirectX Namespace/Vector2 Structure/Vector2 Methods /Add Method /Add Method (Vector2, Vector2)
ms128858(v=vs.90)	Add Method (Vector3)		Microsoft.WindowsMobile.DirectX	Microsoft.WindowsMobile.DirectX (in Microsoft.WindowsMobile.DirectX.dll)	3.5,2.0	CE6R3+;CE5.0/6.0	.NET Framework 3.5/General Reference for the .NET Framework/Additional Managed Reference Topics/Microsoft.WindowsMobile.DirectX Namespace/Vector3 Structure/Vector3 Methods /Add Method /Add Method (Vector3)
ms128859(v=vs.90)	Add Method (Vector3, Vector3)		Microsoft.WindowsMobile.DirectX	Microsoft.WindowsMobile.DirectX (in Microsoft.WindowsMobile.DirectX.dll)	3.5,2.0	CE6R3+;CE5.0/6.0	.NET Framework 3.5/General Reference for the .NET Framework/Additional Managed Reference Topics/Microsoft.WindowsMobile.DirectX Namespace/Vector3 Structure/Vector3 Methods /Add Method /Add Method (Vector3, Vector3)
ms128952(v=vs.90)	Add Method (Vector4)		Microsoft.WindowsMobile.DirectX	Microsoft.WindowsMobile.DirectX (in Microsoft.WindowsMobile.DirectX.dll)	3.5,2.0	CE6R3+;CE5.0/6.0	.NET Framework 3.5/General Reference for the .NET Framework/Additional Managed Reference Topics/Microsoft.WindowsMobile.DirectX Namespace/Vector4 Structure/Vector4 Methods /Add Method /Add Method (Vector4)
ms128953(v=vs.90)	Add Method (Vector4, Vector4)		Microsoft.WindowsMobile.DirectX	Microsoft.WindowsMobile.DirectX (in Microsoft.WindowsMobile.DirectX.dll)	3.5,2.0	CE6R3+;CE5.0/6.0	.NET Framework 3.5/General Reference for the .NET Framework/Additional Managed Reference Topics/Microsoft.WindowsMobile.DirectX Namespace/Vector4 Structure/Vector4 Methods /Add Method /Add Method (Vector4, Vector4)
ms128701(v=vs.90)	Addition Operator	Operator	Microsoft.WindowsMobile.DirectX	Microsoft.WindowsMobile.DirectX (in Microsoft.WindowsMobile.DirectX.dll)	3.5,2.0	CE6R3+;CE5.0/6.0	.NET Framework 3.5/General Reference for the .NET Framework/Additional Managed Reference Topics/Microsoft.WindowsMobile.DirectX Namespace/Matrix Structure/Matrix Operators/Addition Operator
ms128785(v=vs.90)	Addition Operator	Operator	Microsoft.WindowsMobile.DirectX	Microsoft.WindowsMobile.DirectX (in Microsoft.WindowsMobile.DirectX.dll)	3.5,2.0	CE6R3+;CE5.0/6.0	.NET Framework 3.5/General Reference for the .NET Framework/Additional Managed Reference Topics/Microsoft.WindowsMobile.DirectX Namespace/Quaternion Structure/Quaternion Operators/Addition Operator
ms128830(v=vs.90)	Addition Operator	Operator	Microsoft.WindowsMobile.DirectX	Microsoft.WindowsMobile.DirectX (in Microsoft.WindowsMobile.DirectX.dll)	3.5,2.0	CE6R3+;CE5.0/6.0	.NET Framework 3.5/General Reference for the .NET Framework/Additional Managed Reference Topics/Microsoft.WindowsMobile.DirectX Namespace/Vector2 Structure/Vector2 Operators/Addition Operator
ms128897(v=vs.90)	Addition Operator	Operator	Microsoft.WindowsMobile.DirectX	Microsoft.WindowsMobile.DirectX (in Microsoft.WindowsMobile.DirectX.dll)	3.5,2.0	CE6R3+;CE5.0/6.0	.NET Framework 3.5/General Reference for the .NET Framework/Additional Managed Reference Topics/Microsoft.WindowsMobile.DirectX Namespace/Vector3 Structure/Vector3 Operators/Addition Operator
ms128981(v=vs.90)	Addition Operator	Operator	Microsoft.WindowsMobile.DirectX	Microsoft.WindowsMobile.DirectX (in Microsoft.WindowsMobile.DirectX.dll)	3.5,2.0	CE6R3+;CE5.0/6.0	.NET Framework 3.5/General Reference for the .NET Framework/Additional Managed Reference Topics/Microsoft.WindowsMobile.DirectX Namespace/Vector4 Structure/Vector4 Operators/Addition Operator
ms128683(v=vs.90)	AffineTransformation2D Method	Method	Microsoft.WindowsMobile.DirectX	Microsoft.WindowsMobile.DirectX (in Microsoft.WindowsMobile.DirectX.dll)	3.5,2.0	CE6R3+;CE5.0/6.0	.NET Framework 3.5/General Reference for the .NET Framework/Additional Managed Reference Topics/Microsoft.WindowsMobile.DirectX Namespace/Matrix Structure/Matrix Methods /AffineTransformation2D Method 
ms128651(v=vs.90)	CanRead Property	Property	Microsoft.WindowsMobile.DirectX	Microsoft.WindowsMobile.DirectX (in Microsoft.WindowsMobile.DirectX.dll)	3.5,2.0	CE6R3+;CE5.0/6.0	.NET Framework 3.5/General Reference for the .NET Framework/Additional Managed Reference Topics/Microsoft.WindowsMobile.DirectX Namespace/GraphicsStream Class/GraphicsStream Properties /CanRead Property 
ms128652(v=vs.90)	CanSeek Property	Property	Microsoft.WindowsMobile.DirectX	Microsoft.WindowsMobile.DirectX (in Microsoft.WindowsMobile.DirectX.dll)	3.5,2.0	CE6R3+;CE5.0/6.0	.NET Framework 3.5/General Reference for the .NET Framework/Additional Managed Reference Topics/Microsoft.WindowsMobile.DirectX Namespace/GraphicsStream Class/GraphicsStream Properties /CanSeek Property 
ms128653(v=vs.90)	CanWrite Property	Property	Microsoft.WindowsMobile.DirectX	Microsoft.WindowsMobile.DirectX (in Microsoft.WindowsMobile.DirectX.dll)	3.5,2.0	CE6R3+;CE5.0/6.0	.NET Framework 3.5/General Reference for the .NET Framework/Additional Managed Reference Topics/Microsoft.WindowsMobile.DirectX Namespace/GraphicsStream Class/GraphicsStream Properties /CanWrite Property 
ms128752(v=vs.90)	Conjugate Method	Method	Microsoft.WindowsMobile.DirectX	Microsoft.WindowsMobile.DirectX (in Microsoft.WindowsMobile.DirectX.dll)	3.5,2.0	CE6R3+;CE5.0/6.0	.NET Framework 3.5/General Reference for the .NET Framework/Additional Managed Reference Topics/Microsoft.WindowsMobile.DirectX Namespace/Quaternion Structure/Quaternion Methods /Conjugate Method 
ms128861(v=vs.90)	Cross Method	Method	Microsoft.WindowsMobile.DirectX	Microsoft.WindowsMobile.DirectX (in Microsoft.WindowsMobile.DirectX.dll)	3.5,2.0	CE6R3+;CE5.0/6.0	.NET Framework 3.5/General Reference for the .NET Framework/Additional Managed Reference Topics/Microsoft.WindowsMobile.DirectX Namespace/Vector3 Structure/Vector3 Methods /Cross Method 
ms128955(v=vs.90)	Cross Method	Method	Microsoft.WindowsMobile.DirectX	Microsoft.WindowsMobile.DirectX (in Microsoft.WindowsMobile.DirectX.dll)	3.5,2.0	CE6R3+;CE5.0/6.0	.NET Framework 3.5/General Reference for the .NET Framework/Additional Managed Reference Topics/Microsoft.WindowsMobile.DirectX Namespace/Vector4 Structure/Vector4 Methods /Cross Method 
ms128736(v=vs.90)	Determinant Property	Property	Microsoft.WindowsMobile.DirectX	Microsoft.WindowsMobile.DirectX (in Microsoft.WindowsMobile.DirectX.dll)	3.5,2.0	CE6R3+;CE5.0/6.0	.NET Framework 3.5/General Reference for the .NET Framework/Additional Managed Reference Topics/Microsoft.WindowsMobile.DirectX Namespace/Matrix Structure/Matrix Properties /Determinant Property 
ms128615(v=vs.90)	DirectXException Class	Class	Microsoft.WindowsMobile.DirectX	Microsoft.WindowsMobile.DirectX (in Microsoft.WindowsMobile.DirectX.dll)	3.5,2.0	CE6R3+;CE5.0/6.0	.NET Framework 3.5/General Reference for the .NET Framework/Additional Managed Reference Topics/Microsoft.WindowsMobile.DirectX Namespace/DirectXException Class
ms128618(v=vs.90)	DirectXException Constructor	Constructor	Microsoft.WindowsMobile.DirectX	Microsoft.WindowsMobile.DirectX (in Microsoft.WindowsMobile.DirectX.dll)	3.5,2.0	CE6R3+;CE5.0/6.0	.NET Framework 3.5/General Reference for the .NET Framework/Additional Managed Reference Topics/Microsoft.WindowsMobile.DirectX Namespace/DirectXException Class/DirectXException Constructor /DirectXException Constructor 
ms128619(v=vs.90)	DirectXException Constructor (String)		Microsoft.WindowsMobile.DirectX	Microsoft.WindowsMobile.DirectX (in Microsoft.WindowsMobile.DirectX.dll)	3.5,2.0	CE6R3+;CE5.0/6.0	.NET Framework 3.5/General Reference for the .NET Framework/Additional Managed Reference Topics/Microsoft.WindowsMobile.DirectX Namespace/DirectXException Class/DirectXException Constructor /DirectXException Constructor (String)
ms128632(v=vs.90)	Dispose Method	Method	Microsoft.WindowsMobile.DirectX	Microsoft.WindowsMobile.DirectX (in Microsoft.WindowsMobile.DirectX.dll)	2.0	CE5.0/6.0	.NET Framework 3.5/General Reference for the .NET Framework/Additional Managed Reference Topics/Microsoft.WindowsMobile.DirectX Namespace/GraphicsStream Class/GraphicsStream Methods /Dispose Method /Dispose Method 
ms221927(v=vs.90)	Dispose Method (Boolean)		Microsoft.WindowsMobile.DirectX	Microsoft.WindowsMobile.DirectX (in Microsoft.WindowsMobile.DirectX.dll)	3.5,2.0	CE6R3+;CE5.0/6.0	.NET Framework 3.5/General Reference for the .NET Framework/Additional Managed Reference Topics/Microsoft.WindowsMobile.DirectX Namespace/GraphicsStream Class/GraphicsStream Methods /Dispose Method /Dispose Method (Boolean)
ms128753(v=vs.90)	Dot Method	Method	Microsoft.WindowsMobile.DirectX	Microsoft.WindowsMobile.DirectX (in Microsoft.WindowsMobile.DirectX.dll)	3.5,2.0	CE6R3+;CE5.0/6.0	.NET Framework 3.5/General Reference for the .NET Framework/Additional Managed Reference Topics/Microsoft.WindowsMobile.DirectX Namespace/Quaternion Structure/Quaternion Methods /Dot Method 
ms128862(v=vs.90)	Dot Method	Method	Microsoft.WindowsMobile.DirectX	Microsoft.WindowsMobile.DirectX (in Microsoft.WindowsMobile.DirectX.dll)	3.5,2.0	CE6R3+;CE5.0/6.0	.NET Framework 3.5/General Reference for the .NET Framework/Additional Managed Reference Topics/Microsoft.WindowsMobile.DirectX Namespace/Vector3 Structure/Vector3 Methods /Dot Method 
ms128956(v=vs.90)	Dot Method	Method	Microsoft.WindowsMobile.DirectX	Microsoft.WindowsMobile.DirectX (in Microsoft.WindowsMobile.DirectX.dll)	3.5,2.0	CE6R3+;CE5.0/6.0	.NET Framework 3.5/General Reference for the .NET Framework/Additional Managed Reference Topics/Microsoft.WindowsMobile.DirectX Namespace/Vector4 Structure/Vector4 Methods /Dot Method 
ms128845(v=vs.90)	Empty Property	Property	Microsoft.WindowsMobile.DirectX	Microsoft.WindowsMobile.DirectX (in Microsoft.WindowsMobile.DirectX.dll)	3.5,2.0	CE6R3+;CE5.0/6.0	.NET Framework 3.5/General Reference for the .NET Framework/Additional Managed Reference Topics/Microsoft.WindowsMobile.DirectX Namespace/Vector2 Structure/Vector2 Properties /Empty Property 
ms128938(v=vs.90)	Empty Property	Property	Microsoft.WindowsMobile.DirectX	Microsoft.WindowsMobile.DirectX (in Microsoft.WindowsMobile.DirectX.dll)	3.5,2.0	CE6R3+;CE5.0/6.0	.NET Framework 3.5/General Reference for the .NET Framework/Additional Managed Reference Topics/Microsoft.WindowsMobile.DirectX Namespace/Vector3 Structure/Vector3 Properties /Empty Property 
ms129007(v=vs.90)	Empty Property	Property	Microsoft.WindowsMobile.DirectX	Microsoft.WindowsMobile.DirectX (in Microsoft.WindowsMobile.DirectX.dll)	3.5,2.0	CE6R3+;CE5.0/6.0	.NET Framework 3.5/General Reference for the .NET Framework/Additional Managed Reference Topics/Microsoft.WindowsMobile.DirectX Namespace/Vector4 Structure/Vector4 Properties /Empty Property 
ms128702(v=vs.90)	Equality Operator	Operator	Microsoft.WindowsMobile.DirectX	Microsoft.WindowsMobile.DirectX (in Microsoft.WindowsMobile.DirectX.dll)	3.5,2.0	CE6R3+;CE5.0/6.0	.NET Framework 3.5/General Reference for the .NET Framework/Additional Managed Reference Topics/Microsoft.WindowsMobile.DirectX Namespace/Matrix Structure/Matrix Operators/Equality Operator
ms128786(v=vs.90)	Equality Operator	Operator	Microsoft.WindowsMobile.DirectX	Microsoft.WindowsMobile.DirectX (in Microsoft.WindowsMobile.DirectX.dll)	3.5,2.0	CE6R3+;CE5.0/6.0	.NET Framework 3.5/General Reference for the .NET Framework/Additional Managed Reference Topics/Microsoft.WindowsMobile.DirectX Namespace/Quaternion Structure/Quaternion Operators/Equality Operator
ms128831(v=vs.90)	Equality Operator	Operator	Microsoft.WindowsMobile.DirectX	Microsoft.WindowsMobile.DirectX (in Microsoft.WindowsMobile.DirectX.dll)	3.5,2.0	CE6R3+;CE5.0/6.0	.NET Framework 3.5/General Reference for the .NET Framework/Additional Managed Reference Topics/Microsoft.WindowsMobile.DirectX Namespace/Vector2 Structure/Vector2 Operators/Equality Operator
ms128898(v=vs.90)	Equality Operator	Operator	Microsoft.WindowsMobile.DirectX	Microsoft.WindowsMobile.DirectX (in Microsoft.WindowsMobile.DirectX.dll)	3.5,2.0	CE6R3+;CE5.0/6.0	.NET Framework 3.5/General Reference for the .NET Framework/Additional Managed Reference Topics/Microsoft.WindowsMobile.DirectX Namespace/Vector3 Structure/Vector3 Operators/Equality Operator
ms128982(v=vs.90)	Equality Operator	Operator	Microsoft.WindowsMobile.DirectX	Microsoft.WindowsMobile.DirectX (in Microsoft.WindowsMobile.DirectX.dll)	3.5,2.0	CE6R3+;CE5.0/6.0	.NET Framework 3.5/General Reference for the .NET Framework/Additional Managed Reference Topics/Microsoft.WindowsMobile.DirectX Namespace/Vector4 Structure/Vector4 Operators/Equality Operator
ms128633(v=vs.90)	Equals Method	Method	Microsoft.WindowsMobile.DirectX	Microsoft.WindowsMobile.DirectX (in Microsoft.WindowsMobile.DirectX.dll)	3.5,2.0	CE6R3+;CE5.0/6.0	.NET Framework 3.5/General Reference for the .NET Framework/Additional Managed Reference Topics/Microsoft.WindowsMobile.DirectX Namespace/GraphicsStream Class/GraphicsStream Methods /Equals Method 
ms128684(v=vs.90)	Equals Method	Method	Microsoft.WindowsMobile.DirectX	Microsoft.WindowsMobile.DirectX (in Microsoft.WindowsMobile.DirectX.dll)	3.5,2.0	CE6R3+;CE5.0/6.0	.NET Framework 3.5/General Reference for the .NET Framework/Additional Managed Reference Topics/Microsoft.WindowsMobile.DirectX Namespace/Matrix Structure/Matrix Methods /Equals Method 
ms128754(v=vs.90)	Equals Method	Method	Microsoft.WindowsMobile.DirectX	Microsoft.WindowsMobile.DirectX (in Microsoft.WindowsMobile.DirectX.dll)	3.5,2.0	CE6R3+;CE5.0/6.0	.NET Framework 3.5/General Reference for the .NET Framework/Additional Managed Reference Topics/Microsoft.WindowsMobile.DirectX Namespace/Quaternion Structure/Quaternion Methods /Equals Method 
ms128820(v=vs.90)	Equals Method	Method	Microsoft.WindowsMobile.DirectX	Microsoft.WindowsMobile.DirectX (in Microsoft.WindowsMobile.DirectX.dll)	3.5,2.0	CE6R3+;CE5.0/6.0	.NET Framework 3.5/General Reference for the .NET Framework/Additional Managed Reference Topics/Microsoft.WindowsMobile.DirectX Namespace/Vector2 Structure/Vector2 Methods /Equals Method 
ms128863(v=vs.90)	Equals Method	Method	Microsoft.WindowsMobile.DirectX	Microsoft.WindowsMobile.DirectX (in Microsoft.WindowsMobile.DirectX.dll)	3.5,2.0	CE6R3+;CE5.0/6.0	.NET Framework 3.5/General Reference for the .NET Framework/Additional Managed Reference Topics/Microsoft.WindowsMobile.DirectX Namespace/Vector3 Structure/Vector3 Methods /Equals Method 
ms128957(v=vs.90)	Equals Method	Method	Microsoft.WindowsMobile.DirectX	Microsoft.WindowsMobile.DirectX (in Microsoft.WindowsMobile.DirectX.dll)	3.5,2.0	CE6R3+;CE5.0/6.0	.NET Framework 3.5/General Reference for the .NET Framework/Additional Managed Reference Topics/Microsoft.WindowsMobile.DirectX Namespace/Vector4 Structure/Vector4 Methods /Equals Method 
ms128756(v=vs.90)	Exp Method	Method	Microsoft.WindowsMobile.DirectX	Microsoft.WindowsMobile.DirectX (in Microsoft.WindowsMobile.DirectX.dll)	3.5,2.0	CE6R3+;CE5.0/6.0	.NET Framework 3.5/General Reference for the .NET Framework/Additional Managed Reference Topics/Microsoft.WindowsMobile.DirectX Namespace/Quaternion Structure/Quaternion Methods /Exp Method /Exp Method 
ms128757(v=vs.90)	Exp Method (Quaternion)		Microsoft.WindowsMobile.DirectX	Microsoft.WindowsMobile.DirectX (in Microsoft.WindowsMobile.DirectX.dll)	3.5,2.0	CE6R3+;CE5.0/6.0	.NET Framework 3.5/General Reference for the .NET Framework/Additional Managed Reference Topics/Microsoft.WindowsMobile.DirectX Namespace/Quaternion Structure/Quaternion Methods /Exp Method /Exp Method (Quaternion)
ms128634(v=vs.90)	Finalize Method	Method	Microsoft.WindowsMobile.DirectX	Microsoft.WindowsMobile.DirectX (in Microsoft.WindowsMobile.DirectX.dll)	3.5,2.0	CE6R3+;CE5.0/6.0	.NET Framework 3.5/General Reference for the .NET Framework/Additional Managed Reference Topics/Microsoft.WindowsMobile.DirectX Namespace/GraphicsStream Class/GraphicsStream Methods /Finalize Method 
ms128635(v=vs.90)	Flush Method	Method	Microsoft.WindowsMobile.DirectX	Microsoft.WindowsMobile.DirectX (in Microsoft.WindowsMobile.DirectX.dll)	3.5,2.0	CE6R3+;CE5.0/6.0	.NET Framework 3.5/General Reference for the .NET Framework/Additional Managed Reference Topics/Microsoft.WindowsMobile.DirectX Namespace/GraphicsStream Class/GraphicsStream Methods /Flush Method 
ms128636(v=vs.90)	GetHashCode Method	Method	Microsoft.WindowsMobile.DirectX	Microsoft.WindowsMobile.DirectX (in Microsoft.WindowsMobile.DirectX.dll)	3.5,2.0	CE6R3+;CE5.0/6.0	.NET Framework 3.5/General Reference for the .NET Framework/Additional Managed Reference Topics/Microsoft.WindowsMobile.DirectX Namespace/GraphicsStream Class/GraphicsStream Methods /GetHashCode Method 
ms128685(v=vs.90)	GetHashCode Method	Method	Microsoft.WindowsMobile.DirectX	Microsoft.WindowsMobile.DirectX (in Microsoft.WindowsMobile.DirectX.dll)	3.5,2.0	CE6R3+;CE5.0/6.0	.NET Framework 3.5/General Reference for the .NET Framework/Additional Managed Reference Topics/Microsoft.WindowsMobile.DirectX Namespace/Matrix Structure/Matrix Methods /GetHashCode Method 
ms128759(v=vs.90)	GetHashCode Method	Method	Microsoft.WindowsMobile.DirectX	Microsoft.WindowsMobile.DirectX (in Microsoft.WindowsMobile.DirectX.dll)	3.5,2.0	CE6R3+;CE5.0/6.0	.NET Framework 3.5/General Reference for the .NET Framework/Additional Managed Reference Topics/Microsoft.WindowsMobile.DirectX Namespace/Quaternion Structure/Quaternion Methods /GetHashCode Method 
ms128821(v=vs.90)	GetHashCode Method	Method	Microsoft.WindowsMobile.DirectX	Microsoft.WindowsMobile.DirectX (in Microsoft.WindowsMobile.DirectX.dll)	3.5,2.0	CE6R3+;CE5.0/6.0	.NET Framework 3.5/General Reference for the .NET Framework/Additional Managed Reference Topics/Microsoft.WindowsMobile.DirectX Namespace/Vector2 Structure/Vector2 Methods /GetHashCode Method 
ms128864(v=vs.90)	GetHashCode Method	Method	Microsoft.WindowsMobile.DirectX	Microsoft.WindowsMobile.DirectX (in Microsoft.WindowsMobile.DirectX.dll)	3.5,2.0	CE6R3+;CE5.0/6.0	.NET Framework 3.5/General Reference for the .NET Framework/Additional Managed Reference Topics/Microsoft.WindowsMobile.DirectX Namespace/Vector3 Structure/Vector3 Methods /GetHashCode Method 
ms128958(v=vs.90)	GetHashCode Method	Method	Microsoft.WindowsMobile.DirectX	Microsoft.WindowsMobile.DirectX (in Microsoft.WindowsMobile.DirectX.dll)	3.5,2.0	CE6R3+;CE5.0/6.0	.NET Framework 3.5/General Reference for the .NET Framework/Additional Managed Reference Topics/Microsoft.WindowsMobile.DirectX Namespace/Vector4 Structure/Vector4 Methods /GetHashCode Method 
ms128624(v=vs.90)	GraphicsStream Class	Class	Microsoft.WindowsMobile.DirectX	Microsoft.WindowsMobile.DirectX (in Microsoft.WindowsMobile.DirectX.dll)	3.5,2.0	CE6R3+;CE5.0/6.0	.NET Framework 3.5/General Reference for the .NET Framework/Additional Managed Reference Topics/Microsoft.WindowsMobile.DirectX Namespace/GraphicsStream Class
ms128628(v=vs.90)	GraphicsStream Constructor (IntPtr, Int64, Boolean, Boolean)		Microsoft.WindowsMobile.DirectX	Microsoft.WindowsMobile.DirectX (in Microsoft.WindowsMobile.DirectX.dll)	3.5,2.0	CE6R3+;CE5.0/6.0	.NET Framework 3.5/General Reference for the .NET Framework/Additional Managed Reference Topics/Microsoft.WindowsMobile.DirectX Namespace/GraphicsStream Class/GraphicsStream Constructor /GraphicsStream Constructor (IntPtr, Int64, Boolean, Boolean)
ms128627(v=vs.90)	GraphicsStream Constructor (IntPtr, Int64, IntPtr)		Microsoft.WindowsMobile.DirectX	Microsoft.WindowsMobile.DirectX (in Microsoft.WindowsMobile.DirectX.dll)	3.5,2.0	CE6R3+;CE5.0/6.0	.NET Framework 3.5/General Reference for the .NET Framework/Additional Managed Reference Topics/Microsoft.WindowsMobile.DirectX Namespace/GraphicsStream Class/GraphicsStream Constructor /GraphicsStream Constructor (IntPtr, Int64, IntPtr)
ms128737(v=vs.90)	Identity Property	Property	Microsoft.WindowsMobile.DirectX	Microsoft.WindowsMobile.DirectX (in Microsoft.WindowsMobile.DirectX.dll)	3.5,2.0	CE6R3+;CE5.0/6.0	.NET Framework 3.5/General Reference for the .NET Framework/Additional Managed Reference Topics/Microsoft.WindowsMobile.DirectX Namespace/Matrix Structure/Matrix Properties /Identity Property 
ms128804(v=vs.90)	Identity Property	Property	Microsoft.WindowsMobile.DirectX	Microsoft.WindowsMobile.DirectX (in Microsoft.WindowsMobile.DirectX.dll)	3.5,2.0	CE6R3+;CE5.0/6.0	.NET Framework 3.5/General Reference for the .NET Framework/Additional Managed Reference Topics/Microsoft.WindowsMobile.DirectX Namespace/Quaternion Structure/Quaternion Properties /Identity Property 
ms128703(v=vs.90)	Inequality Operator	Operator	Microsoft.WindowsMobile.DirectX	Microsoft.WindowsMobile.DirectX (in Microsoft.WindowsMobile.DirectX.dll)	3.5,2.0	CE6R3+;CE5.0/6.0	.NET Framework 3.5/General Reference for the .NET Framework/Additional Managed Reference Topics/Microsoft.WindowsMobile.DirectX Namespace/Matrix Structure/Matrix Operators/Inequality Operator
ms128787(v=vs.90)	Inequality Operator	Operator	Microsoft.WindowsMobile.DirectX	Microsoft.WindowsMobile.DirectX (in Microsoft.WindowsMobile.DirectX.dll)	3.5,2.0	CE6R3+;CE5.0/6.0	.NET Framework 3.5/General Reference for the .NET Framework/Additional Managed Reference Topics/Microsoft.WindowsMobile.DirectX Namespace/Quaternion Structure/Quaternion Operators/Inequality Operator
ms128832(v=vs.90)	Inequality Operator	Operator	Microsoft.WindowsMobile.DirectX	Microsoft.WindowsMobile.DirectX (in Microsoft.WindowsMobile.DirectX.dll)	3.5,2.0	CE6R3+;CE5.0/6.0	.NET Framework 3.5/General Reference for the .NET Framework/Additional Managed Reference Topics/Microsoft.WindowsMobile.DirectX Namespace/Vector2 Structure/Vector2 Operators/Inequality Operator
ms128899(v=vs.90)	Inequality Operator	Operator	Microsoft.WindowsMobile.DirectX	Microsoft.WindowsMobile.DirectX (in Microsoft.WindowsMobile.DirectX.dll)	3.5,2.0	CE6R3+;CE5.0/6.0	.NET Framework 3.5/General Reference for the .NET Framework/Additional Managed Reference Topics/Microsoft.WindowsMobile.DirectX Namespace/Vector3 Structure/Vector3 Operators/Inequality Operator
ms128983(v=vs.90)	Inequality Operator	Operator	Microsoft.WindowsMobile.DirectX	Microsoft.WindowsMobile.DirectX (in Microsoft.WindowsMobile.DirectX.dll)	3.5,2.0	CE6R3+;CE5.0/6.0	.NET Framework 3.5/General Reference for the .NET Framework/Additional Managed Reference Topics/Microsoft.WindowsMobile.DirectX Namespace/Vector4 Structure/Vector4 Operators/Inequality Operator
ms128654(v=vs.90)	InternalBuffer Property	Property	Microsoft.WindowsMobile.DirectX	Microsoft.WindowsMobile.DirectX (in Microsoft.WindowsMobile.DirectX.dll)	3.5,2.0	CE6R3+;CE5.0/6.0	.NET Framework 3.5/General Reference for the .NET Framework/Additional Managed Reference Topics/Microsoft.WindowsMobile.DirectX Namespace/GraphicsStream Class/GraphicsStream Properties /InternalBuffer Property 
ms128655(v=vs.90)	InternalData Property	Property	Microsoft.WindowsMobile.DirectX	Microsoft.WindowsMobile.DirectX (in Microsoft.WindowsMobile.DirectX.dll)	3.5,2.0	CE6R3+;CE5.0/6.0	.NET Framework 3.5/General Reference for the .NET Framework/Additional Managed Reference Topics/Microsoft.WindowsMobile.DirectX Namespace/GraphicsStream Class/GraphicsStream Properties /InternalData Property 
ms128687(v=vs.90)	Invert Method	Method	Microsoft.WindowsMobile.DirectX	Microsoft.WindowsMobile.DirectX (in Microsoft.WindowsMobile.DirectX.dll)	3.5,2.0	CE6R3+;CE5.0/6.0	.NET Framework 3.5/General Reference for the .NET Framework/Additional Managed Reference Topics/Microsoft.WindowsMobile.DirectX Namespace/Matrix Structure/Matrix Methods /Invert Method /Invert Method 
ms128761(v=vs.90)	Invert Method	Method	Microsoft.WindowsMobile.DirectX	Microsoft.WindowsMobile.DirectX (in Microsoft.WindowsMobile.DirectX.dll)	3.5,2.0	CE6R3+;CE5.0/6.0	.NET Framework 3.5/General Reference for the .NET Framework/Additional Managed Reference Topics/Microsoft.WindowsMobile.DirectX Namespace/Quaternion Structure/Quaternion Methods /Invert Method /Invert Method 
ms128688(v=vs.90)	Invert Method (Matrix)		Microsoft.WindowsMobile.DirectX	Microsoft.WindowsMobile.DirectX (in Microsoft.WindowsMobile.DirectX.dll)	3.5,2.0	CE6R3+;CE5.0/6.0	.NET Framework 3.5/General Reference for the .NET Framework/Additional Managed Reference Topics/Microsoft.WindowsMobile.DirectX Namespace/Matrix Structure/Matrix Methods /Invert Method /Invert Method (Matrix)
ms128762(v=vs.90)	Invert Method (Quaternion)		Microsoft.WindowsMobile.DirectX	Microsoft.WindowsMobile.DirectX (in Microsoft.WindowsMobile.DirectX.dll)	3.5,2.0	CE6R3+;CE5.0/6.0	.NET Framework 3.5/General Reference for the .NET Framework/Additional Managed Reference Topics/Microsoft.WindowsMobile.DirectX Namespace/Quaternion Structure/Quaternion Methods /Invert Method /Invert Method (Quaternion)
ms128689(v=vs.90)	Invert Method (Single, Matrix)		Microsoft.WindowsMobile.DirectX	Microsoft.WindowsMobile.DirectX (in Microsoft.WindowsMobile.DirectX.dll)	3.5,2.0	CE6R3+;CE5.0/6.0	.NET Framework 3.5/General Reference for the .NET Framework/Additional Managed Reference Topics/Microsoft.WindowsMobile.DirectX Namespace/Matrix Structure/Matrix Methods /Invert Method /Invert Method (Single, Matrix)
ms128765(v=vs.90)	Length Method	Method	Microsoft.WindowsMobile.DirectX	Microsoft.WindowsMobile.DirectX (in Microsoft.WindowsMobile.DirectX.dll)	3.5,2.0	CE6R3+;CE5.0/6.0	.NET Framework 3.5/General Reference for the .NET Framework/Additional Managed Reference Topics/Microsoft.WindowsMobile.DirectX Namespace/Quaternion Structure/Quaternion Methods /Length Method /Length Method 
ms128823(v=vs.90)	Length Method	Method	Microsoft.WindowsMobile.DirectX	Microsoft.WindowsMobile.DirectX (in Microsoft.WindowsMobile.DirectX.dll)	3.5,2.0	CE6R3+;CE5.0/6.0	.NET Framework 3.5/General Reference for the .NET Framework/Additional Managed Reference Topics/Microsoft.WindowsMobile.DirectX Namespace/Vector2 Structure/Vector2 Methods /Length Method /Length Method 
ms128866(v=vs.90)	Length Method	Method	Microsoft.WindowsMobile.DirectX	Microsoft.WindowsMobile.DirectX (in Microsoft.WindowsMobile.DirectX.dll)	3.5,2.0	CE6R3+;CE5.0/6.0	.NET Framework 3.5/General Reference for the .NET Framework/Additional Managed Reference Topics/Microsoft.WindowsMobile.DirectX Namespace/Vector3 Structure/Vector3 Methods /Length Method /Length Method 
ms128960(v=vs.90)	Length Method	Method	Microsoft.WindowsMobile.DirectX	Microsoft.WindowsMobile.DirectX (in Microsoft.WindowsMobile.DirectX.dll)	3.5,2.0	CE6R3+;CE5.0/6.0	.NET Framework 3.5/General Reference for the .NET Framework/Additional Managed Reference Topics/Microsoft.WindowsMobile.DirectX Namespace/Vector4 Structure/Vector4 Methods /Length Method /Length Method 
ms128766(v=vs.90)	Length Method (Quaternion)		Microsoft.WindowsMobile.DirectX	Microsoft.WindowsMobile.DirectX (in Microsoft.WindowsMobile.DirectX.dll)	3.5,2.0	CE6R3+;CE5.0/6.0	.NET Framework 3.5/General Reference for the .NET Framework/Additional Managed Reference Topics/Microsoft.WindowsMobile.DirectX Namespace/Quaternion Structure/Quaternion Methods /Length Method /Length Method (Quaternion)
ms128824(v=vs.90)	Length Method (Vector2)		Microsoft.WindowsMobile.DirectX	Microsoft.WindowsMobile.DirectX (in Microsoft.WindowsMobile.DirectX.dll)	3.5,2.0	CE6R3+;CE5.0/6.0	.NET Framework 3.5/General Reference for the .NET Framework/Additional Managed Reference Topics/Microsoft.WindowsMobile.DirectX Namespace/Vector2 Structure/Vector2 Methods /Length Method /Length Method (Vector2)
ms128867(v=vs.90)	Length Method (Vector3)		Microsoft.WindowsMobile.DirectX	Microsoft.WindowsMobile.DirectX (in Microsoft.WindowsMobile.DirectX.dll)	3.5,2.0	CE6R3+;CE5.0/6.0	.NET Framework 3.5/General Reference for the .NET Framework/Additional Managed Reference Topics/Microsoft.WindowsMobile.DirectX Namespace/Vector3 Structure/Vector3 Methods /Length Method /Length Method (Vector3)
ms128961(v=vs.90)	Length Method (Vector4)		Microsoft.WindowsMobile.DirectX	Microsoft.WindowsMobile.DirectX (in Microsoft.WindowsMobile.DirectX.dll)	3.5,2.0	CE6R3+;CE5.0/6.0	.NET Framework 3.5/General Reference for the .NET Framework/Additional Managed Reference Topics/Microsoft.WindowsMobile.DirectX Namespace/Vector4 Structure/Vector4 Methods /Length Method /Length Method (Vector4)
ms128656(v=vs.90)	Length Property	Property	Microsoft.WindowsMobile.DirectX	Microsoft.WindowsMobile.DirectX (in Microsoft.WindowsMobile.DirectX.dll)	3.5,2.0	CE6R3+;CE5.0/6.0	.NET Framework 3.5/General Reference for the .NET Framework/Additional Managed Reference Topics/Microsoft.WindowsMobile.DirectX Namespace/GraphicsStream Class/GraphicsStream Properties /Length Property 
ms128769(v=vs.90)	LengthSq Method	Method	Microsoft.WindowsMobile.DirectX	Microsoft.WindowsMobile.DirectX (in Microsoft.WindowsMobile.DirectX.dll)	3.5,2.0	CE6R3+;CE5.0/6.0	.NET Framework 3.5/General Reference for the .NET Framework/Additional Managed Reference Topics/Microsoft.WindowsMobile.DirectX Namespace/Quaternion Structure/Quaternion Methods /LengthSq Method /LengthSq Method 
ms128827(v=vs.90)	LengthSq Method	Method	Microsoft.WindowsMobile.DirectX	Microsoft.WindowsMobile.DirectX (in Microsoft.WindowsMobile.DirectX.dll)	3.5,2.0	CE6R3+;CE5.0/6.0	.NET Framework 3.5/General Reference for the .NET Framework/Additional Managed Reference Topics/Microsoft.WindowsMobile.DirectX Namespace/Vector2 Structure/Vector2 Methods /LengthSq Method /LengthSq Method 
ms128870(v=vs.90)	LengthSq Method	Method	Microsoft.WindowsMobile.DirectX	Microsoft.WindowsMobile.DirectX (in Microsoft.WindowsMobile.DirectX.dll)	3.5,2.0	CE6R3+;CE5.0/6.0	.NET Framework 3.5/General Reference for the .NET Framework/Additional Managed Reference Topics/Microsoft.WindowsMobile.DirectX Namespace/Vector3 Structure/Vector3 Methods /LengthSq Method /LengthSq Method 
ms128964(v=vs.90)	LengthSq Method	Method	Microsoft.WindowsMobile.DirectX	Microsoft.WindowsMobile.DirectX (in Microsoft.WindowsMobile.DirectX.dll)	3.5,2.0	CE6R3+;CE5.0/6.0	.NET Framework 3.5/General Reference for the .NET Framework/Additional Managed Reference Topics/Microsoft.WindowsMobile.DirectX Namespace/Vector4 Structure/Vector4 Methods /LengthSq Method /LengthSq Method 
ms128770(v=vs.90)	LengthSq Method (Quaternion)		Microsoft.WindowsMobile.DirectX	Microsoft.WindowsMobile.DirectX (in Microsoft.WindowsMobile.DirectX.dll)	3.5,2.0	CE6R3+;CE5.0/6.0	.NET Framework 3.5/General Reference for the .NET Framework/Additional Managed Reference Topics/Microsoft.WindowsMobile.DirectX Namespace/Quaternion Structure/Quaternion Methods /LengthSq Method /LengthSq Method (Quaternion)
ms128828(v=vs.90)	LengthSq Method (Vector2)		Microsoft.WindowsMobile.DirectX	Microsoft.WindowsMobile.DirectX (in Microsoft.WindowsMobile.DirectX.dll)	3.5,2.0	CE6R3+;CE5.0/6.0	.NET Framework 3.5/General Reference for the .NET Framework/Additional Managed Reference Topics/Microsoft.WindowsMobile.DirectX Namespace/Vector2 Structure/Vector2 Methods /LengthSq Method /LengthSq Method (Vector2)
ms128871(v=vs.90)	LengthSq Method (Vector3)		Microsoft.WindowsMobile.DirectX	Microsoft.WindowsMobile.DirectX (in Microsoft.WindowsMobile.DirectX.dll)	3.5,2.0	CE6R3+;CE5.0/6.0	.NET Framework 3.5/General Reference for the .NET Framework/Additional Managed Reference Topics/Microsoft.WindowsMobile.DirectX Namespace/Vector3 Structure/Vector3 Methods /LengthSq Method /LengthSq Method (Vector3)
ms128965(v=vs.90)	LengthSq Method (Vector4)		Microsoft.WindowsMobile.DirectX	Microsoft.WindowsMobile.DirectX (in Microsoft.WindowsMobile.DirectX.dll)	3.5,2.0	CE6R3+;CE5.0/6.0	.NET Framework 3.5/General Reference for the .NET Framework/Additional Managed Reference Topics/Microsoft.WindowsMobile.DirectX Namespace/Vector4 Structure/Vector4 Methods /LengthSq Method /LengthSq Method (Vector4)
ms128873(v=vs.90)	Lerp Method	Method	Microsoft.WindowsMobile.DirectX	Microsoft.WindowsMobile.DirectX (in Microsoft.WindowsMobile.DirectX.dll)	3.5,2.0	CE6R3+;CE5.0/6.0	.NET Framework 3.5/General Reference for the .NET Framework/Additional Managed Reference Topics/Microsoft.WindowsMobile.DirectX Namespace/Vector3 Structure/Vector3 Methods /Lerp Method 
ms128967(v=vs.90)	Lerp Method	Method	Microsoft.WindowsMobile.DirectX	Microsoft.WindowsMobile.DirectX (in Microsoft.WindowsMobile.DirectX.dll)	3.5,2.0	CE6R3+;CE5.0/6.0	.NET Framework 3.5/General Reference for the .NET Framework/Additional Managed Reference Topics/Microsoft.WindowsMobile.DirectX Namespace/Vector4 Structure/Vector4 Methods /Lerp Method 
ms128773(v=vs.90)	Ln Method	Method	Microsoft.WindowsMobile.DirectX	Microsoft.WindowsMobile.DirectX (in Microsoft.WindowsMobile.DirectX.dll)	3.5,2.0	CE6R3+;CE5.0/6.0	.NET Framework 3.5/General Reference for the .NET Framework/Additional Managed Reference Topics/Microsoft.WindowsMobile.DirectX Namespace/Quaternion Structure/Quaternion Methods /Ln Method /Ln Method 
ms128774(v=vs.90)	Ln Method (Quaternion)		Microsoft.WindowsMobile.DirectX	Microsoft.WindowsMobile.DirectX (in Microsoft.WindowsMobile.DirectX.dll)	3.5,2.0	CE6R3+;CE5.0/6.0	.NET Framework 3.5/General Reference for the .NET Framework/Additional Managed Reference Topics/Microsoft.WindowsMobile.DirectX Namespace/Quaternion Structure/Quaternion Methods /Ln Method /Ln Method (Quaternion)
ms128691(v=vs.90)	LookAtLH Method	Method	Microsoft.WindowsMobile.DirectX	Microsoft.WindowsMobile.DirectX (in Microsoft.WindowsMobile.DirectX.dll)	3.5,2.0	CE6R3+;CE5.0/6.0	.NET Framework 3.5/General Reference for the .NET Framework/Additional Managed Reference Topics/Microsoft.WindowsMobile.DirectX Namespace/Matrix Structure/Matrix Methods /LookAtLH Method 
ms128692(v=vs.90)	LookAtRH Method	Method	Microsoft.WindowsMobile.DirectX	Microsoft.WindowsMobile.DirectX (in Microsoft.WindowsMobile.DirectX.dll)	3.5,2.0	CE6R3+;CE5.0/6.0	.NET Framework 3.5/General Reference for the .NET Framework/Additional Managed Reference Topics/Microsoft.WindowsMobile.DirectX Namespace/Matrix Structure/Matrix Methods /LookAtRH Method 
ms128663(v=vs.90)	M11 Field	Field	Microsoft.WindowsMobile.DirectX	Microsoft.WindowsMobile.DirectX (in Microsoft.WindowsMobile.DirectX.dll)	3.5,2.0	CE6R3+;CE5.0/6.0	.NET Framework 3.5/General Reference for the .NET Framework/Additional Managed Reference Topics/Microsoft.WindowsMobile.DirectX Namespace/Matrix Structure/Matrix Fields/M11 Field
ms128664(v=vs.90)	M12 Field	Field	Microsoft.WindowsMobile.DirectX	Microsoft.WindowsMobile.DirectX (in Microsoft.WindowsMobile.DirectX.dll)	3.5,2.0	CE6R3+;CE5.0/6.0	.NET Framework 3.5/General Reference for the .NET Framework/Additional Managed Reference Topics/Microsoft.WindowsMobile.DirectX Namespace/Matrix Structure/Matrix Fields/M12 Field
ms128665(v=vs.90)	M13 Field	Field	Microsoft.WindowsMobile.DirectX	Microsoft.WindowsMobile.DirectX (in Microsoft.WindowsMobile.DirectX.dll)	3.5,2.0	CE6R3+;CE5.0/6.0	.NET Framework 3.5/General Reference for the .NET Framework/Additional Managed Reference Topics/Microsoft.WindowsMobile.DirectX Namespace/Matrix Structure/Matrix Fields/M13 Field
ms128667(v=vs.90)	M14 Field	Field	Microsoft.WindowsMobile.DirectX	Microsoft.WindowsMobile.DirectX (in Microsoft.WindowsMobile.DirectX.dll)	3.5,2.0	CE6R3+;CE5.0/6.0	.NET Framework 3.5/General Reference for the .NET Framework/Additional Managed Reference Topics/Microsoft.WindowsMobile.DirectX Namespace/Matrix Structure/Matrix Fields/M14 Field
ms128668(v=vs.90)	M21 Field	Field	Microsoft.WindowsMobile.DirectX	Microsoft.WindowsMobile.DirectX (in Microsoft.WindowsMobile.DirectX.dll)	3.5,2.0	CE6R3+;CE5.0/6.0	.NET Framework 3.5/General Reference for the .NET Framework/Additional Managed Reference Topics/Microsoft.WindowsMobile.DirectX Namespace/Matrix Structure/Matrix Fields/M21 Field
ms128669(v=vs.90)	M22 Field	Field	Microsoft.WindowsMobile.DirectX	Microsoft.WindowsMobile.DirectX (in Microsoft.WindowsMobile.DirectX.dll)	3.5,2.0	CE6R3+;CE5.0/6.0	.NET Framework 3.5/General Reference for the .NET Framework/Additional Managed Reference Topics/Microsoft.WindowsMobile.DirectX Namespace/Matrix Structure/Matrix Fields/M22 Field
ms128670(v=vs.90)	M23 Field	Field	Microsoft.WindowsMobile.DirectX	Microsoft.WindowsMobile.DirectX (in Microsoft.WindowsMobile.DirectX.dll)	3.5,2.0	CE6R3+;CE5.0/6.0	.NET Framework 3.5/General Reference for the .NET Framework/Additional Managed Reference Topics/Microsoft.WindowsMobile.DirectX Namespace/Matrix Structure/Matrix Fields/M23 Field
ms128671(v=vs.90)	M24 Field	Field	Microsoft.WindowsMobile.DirectX	Microsoft.WindowsMobile.DirectX (in Microsoft.WindowsMobile.DirectX.dll)	3.5,2.0	CE6R3+;CE5.0/6.0	.NET Framework 3.5/General Reference for the .NET Framework/Additional Managed Reference Topics/Microsoft.WindowsMobile.DirectX Namespace/Matrix Structure/Matrix Fields/M24 Field
ms128672(v=vs.90)	M31 Field	Field	Microsoft.WindowsMobile.DirectX	Microsoft.WindowsMobile.DirectX (in Microsoft.WindowsMobile.DirectX.dll)	3.5,2.0	CE6R3+;CE5.0/6.0	.NET Framework 3.5/General Reference for the .NET Framework/Additional Managed Reference Topics/Microsoft.WindowsMobile.DirectX Namespace/Matrix Structure/Matrix Fields/M31 Field
ms128673(v=vs.90)	M32 Field	Field	Microsoft.WindowsMobile.DirectX	Microsoft.WindowsMobile.DirectX (in Microsoft.WindowsMobile.DirectX.dll)	3.5,2.0	CE6R3+;CE5.0/6.0	.NET Framework 3.5/General Reference for the .NET Framework/Additional Managed Reference Topics/Microsoft.WindowsMobile.DirectX Namespace/Matrix Structure/Matrix Fields/M32 Field
ms128674(v=vs.90)	M33 Field	Field	Microsoft.WindowsMobile.DirectX	Microsoft.WindowsMobile.DirectX (in Microsoft.WindowsMobile.DirectX.dll)	3.5,2.0	CE6R3+;CE5.0/6.0	.NET Framework 3.5/General Reference for the .NET Framework/Additional Managed Reference Topics/Microsoft.WindowsMobile.DirectX Namespace/Matrix Structure/Matrix Fields/M33 Field
ms128675(v=vs.90)	M34 Field	Field	Microsoft.WindowsMobile.DirectX	Microsoft.WindowsMobile.DirectX (in Microsoft.WindowsMobile.DirectX.dll)	3.5,2.0	CE6R3+;CE5.0/6.0	.NET Framework 3.5/General Reference for the .NET Framework/Additional Managed Reference Topics/Microsoft.WindowsMobile.DirectX Namespace/Matrix Structure/Matrix Fields/M34 Field
ms128676(v=vs.90)	M41 Field	Field	Microsoft.WindowsMobile.DirectX	Microsoft.WindowsMobile.DirectX (in Microsoft.WindowsMobile.DirectX.dll)	3.5,2.0	CE6R3+;CE5.0/6.0	.NET Framework 3.5/General Reference for the .NET Framework/Additional Managed Reference Topics/Microsoft.WindowsMobile.DirectX Namespace/Matrix Structure/Matrix Fields/M41 Field
ms128677(v=vs.90)	M42 Field	Field	Microsoft.WindowsMobile.DirectX	Microsoft.WindowsMobile.DirectX (in Microsoft.WindowsMobile.DirectX.dll)	3.5,2.0	CE6R3+;CE5.0/6.0	.NET Framework 3.5/General Reference for the .NET Framework/Additional Managed Reference Topics/Microsoft.WindowsMobile.DirectX Namespace/Matrix Structure/Matrix Fields/M42 Field
ms128678(v=vs.90)	M43 Field	Field	Microsoft.WindowsMobile.DirectX	Microsoft.WindowsMobile.DirectX (in Microsoft.WindowsMobile.DirectX.dll)	3.5,2.0	CE6R3+;CE5.0/6.0	.NET Framework 3.5/General Reference for the .NET Framework/Additional Managed Reference Topics/Microsoft.WindowsMobile.DirectX Namespace/Matrix Structure/Matrix Fields/M43 Field
ms128679(v=vs.90)	M44 Field	Field	Microsoft.WindowsMobile.DirectX	Microsoft.WindowsMobile.DirectX (in Microsoft.WindowsMobile.DirectX.dll)	3.5,2.0	CE6R3+;CE5.0/6.0	.NET Framework 3.5/General Reference for the .NET Framework/Additional Managed Reference Topics/Microsoft.WindowsMobile.DirectX Namespace/Matrix Structure/Matrix Fields/M44 Field
ms128660(v=vs.90)	Matrix Structure	Structure	Microsoft.WindowsMobile.DirectX	Microsoft.WindowsMobile.DirectX (in Microsoft.WindowsMobile.DirectX.dll)	3.5,2.0	CE6R3+;CE5.0/6.0	.NET Framework 3.5/General Reference for the .NET Framework/Additional Managed Reference Topics/Microsoft.WindowsMobile.DirectX Namespace/Matrix Structure
ms128875(v=vs.90)	Maximize Method (Vector3)		Microsoft.WindowsMobile.DirectX	Microsoft.WindowsMobile.DirectX (in Microsoft.WindowsMobile.DirectX.dll)	3.5,2.0	CE6R3+;CE5.0/6.0	.NET Framework 3.5/General Reference for the .NET Framework/Additional Managed Reference Topics/Microsoft.WindowsMobile.DirectX Namespace/Vector3 Structure/Vector3 Methods /Maximize Method /Maximize Method (Vector3)
ms128876(v=vs.90)	Maximize Method (Vector3, Vector3)		Microsoft.WindowsMobile.DirectX	Microsoft.WindowsMobile.DirectX (in Microsoft.WindowsMobile.DirectX.dll)	3.5,2.0	CE6R3+;CE5.0/6.0	.NET Framework 3.5/General Reference for the .NET Framework/Additional Managed Reference Topics/Microsoft.WindowsMobile.DirectX Namespace/Vector3 Structure/Vector3 Methods /Maximize Method /Maximize Method (Vector3, Vector3)
ms128969(v=vs.90)	Maximize Method (Vector4)		Microsoft.WindowsMobile.DirectX	Microsoft.WindowsMobile.DirectX (in Microsoft.WindowsMobile.DirectX.dll)	3.5,2.0	CE6R3+;CE5.0/6.0	.NET Framework 3.5/General Reference for the .NET Framework/Additional Managed Reference Topics/Microsoft.WindowsMobile.DirectX Namespace/Vector4 Structure/Vector4 Methods /Maximize Method /Maximize Method (Vector4)
ms128970(v=vs.90)	Maximize Method (Vector4, Vector4)		Microsoft.WindowsMobile.DirectX	Microsoft.WindowsMobile.DirectX (in Microsoft.WindowsMobile.DirectX.dll)	3.5,2.0	CE6R3+;CE5.0/6.0	.NET Framework 3.5/General Reference for the .NET Framework/Additional Managed Reference Topics/Microsoft.WindowsMobile.DirectX Namespace/Vector4 Structure/Vector4 Methods /Maximize Method /Maximize Method (Vector4, Vector4)
ms128879(v=vs.90)	Minimize Method (Vector3)		Microsoft.WindowsMobile.DirectX	Microsoft.WindowsMobile.DirectX (in Microsoft.WindowsMobile.DirectX.dll)	3.5,2.0	CE6R3+;CE5.0/6.0	.NET Framework 3.5/General Reference for the .NET Framework/Additional Managed Reference Topics/Microsoft.WindowsMobile.DirectX Namespace/Vector3 Structure/Vector3 Methods /Minimize Method /Minimize Method (Vector3)
ms128890(v=vs.90)	Minimize Method (Vector3, Vector3)		Microsoft.WindowsMobile.DirectX	Microsoft.WindowsMobile.DirectX (in Microsoft.WindowsMobile.DirectX.dll)	3.5,2.0	CE6R3+;CE5.0/6.0	.NET Framework 3.5/General Reference for the .NET Framework/Additional Managed Reference Topics/Microsoft.WindowsMobile.DirectX Namespace/Vector3 Structure/Vector3 Methods /Minimize Method /Minimize Method (Vector3, Vector3)
ms128973(v=vs.90)	Minimize Method (Vector4)		Microsoft.WindowsMobile.DirectX	Microsoft.WindowsMobile.DirectX (in Microsoft.WindowsMobile.DirectX.dll)	3.5,2.0	CE6R3+;CE5.0/6.0	.NET Framework 3.5/General Reference for the .NET Framework/Additional Managed Reference Topics/Microsoft.WindowsMobile.DirectX Namespace/Vector4 Structure/Vector4 Methods /Minimize Method /Minimize Method (Vector4)
ms128974(v=vs.90)	Minimize Method (Vector4, Vector4)		Microsoft.WindowsMobile.DirectX	Microsoft.WindowsMobile.DirectX (in Microsoft.WindowsMobile.DirectX.dll)	3.5,2.0	CE6R3+;CE5.0/6.0	.NET Framework 3.5/General Reference for the .NET Framework/Additional Managed Reference Topics/Microsoft.WindowsMobile.DirectX Namespace/Vector4 Structure/Vector4 Methods /Minimize Method /Minimize Method (Vector4, Vector4)
ms128892(v=vs.90)	Multiply Method	Method	Microsoft.WindowsMobile.DirectX	Microsoft.WindowsMobile.DirectX (in Microsoft.WindowsMobile.DirectX.dll)	3.5,2.0	CE6R3+;CE5.0/6.0	.NET Framework 3.5/General Reference for the .NET Framework/Additional Managed Reference Topics/Microsoft.WindowsMobile.DirectX Namespace/Vector3 Structure/Vector3 Methods /Multiply Method 
ms128976(v=vs.90)	Multiply Method	Method	Microsoft.WindowsMobile.DirectX	Microsoft.WindowsMobile.DirectX (in Microsoft.WindowsMobile.DirectX.dll)	3.5,2.0	CE6R3+;CE5.0/6.0	.NET Framework 3.5/General Reference for the .NET Framework/Additional Managed Reference Topics/Microsoft.WindowsMobile.DirectX Namespace/Vector4 Structure/Vector4 Methods /Multiply Method 
ms128694(v=vs.90)	Multiply Method (Matrix)		Microsoft.WindowsMobile.DirectX	Microsoft.WindowsMobile.DirectX (in Microsoft.WindowsMobile.DirectX.dll)	3.5,2.0	CE6R3+;CE5.0/6.0	.NET Framework 3.5/General Reference for the .NET Framework/Additional Managed Reference Topics/Microsoft.WindowsMobile.DirectX Namespace/Matrix Structure/Matrix Methods /Multiply Method /Multiply Method (Matrix)
ms128695(v=vs.90)	Multiply Method (Matrix, Matrix)		Microsoft.WindowsMobile.DirectX	Microsoft.WindowsMobile.DirectX (in Microsoft.WindowsMobile.DirectX.dll)	3.5,2.0	CE6R3+;CE5.0/6.0	.NET Framework 3.5/General Reference for the .NET Framework/Additional Managed Reference Topics/Microsoft.WindowsMobile.DirectX Namespace/Matrix Structure/Matrix Methods /Multiply Method /Multiply Method (Matrix, Matrix)
ms128778(v=vs.90)	Multiply Method (Quaternion)		Microsoft.WindowsMobile.DirectX	Microsoft.WindowsMobile.DirectX (in Microsoft.WindowsMobile.DirectX.dll)	3.5,2.0	CE6R3+;CE5.0/6.0	.NET Framework 3.5/General Reference for the .NET Framework/Additional Managed Reference Topics/Microsoft.WindowsMobile.DirectX Namespace/Quaternion Structure/Quaternion Methods /Multiply Method /Multiply Method (Quaternion)
ms128779(v=vs.90)	Multiply Method (Quaternion, Quaternion)		Microsoft.WindowsMobile.DirectX	Microsoft.WindowsMobile.DirectX (in Microsoft.WindowsMobile.DirectX.dll)	3.5,2.0	CE6R3+;CE5.0/6.0	.NET Framework 3.5/General Reference for the .NET Framework/Additional Managed Reference Topics/Microsoft.WindowsMobile.DirectX Namespace/Quaternion Structure/Quaternion Methods /Multiply Method /Multiply Method (Quaternion, Quaternion)
ms128704(v=vs.90)	Multiply Operator	Operator	Microsoft.WindowsMobile.DirectX	Microsoft.WindowsMobile.DirectX (in Microsoft.WindowsMobile.DirectX.dll)	3.5,2.0	CE6R3+;CE5.0/6.0	.NET Framework 3.5/General Reference for the .NET Framework/Additional Managed Reference Topics/Microsoft.WindowsMobile.DirectX Namespace/Matrix Structure/Matrix Operators/Multiply Operator
ms128789(v=vs.90)	Multiply Operator	Operator	Microsoft.WindowsMobile.DirectX	Microsoft.WindowsMobile.DirectX (in Microsoft.WindowsMobile.DirectX.dll)	3.5,2.0	CE6R3+;CE5.0/6.0	.NET Framework 3.5/General Reference for the .NET Framework/Additional Managed Reference Topics/Microsoft.WindowsMobile.DirectX Namespace/Quaternion Structure/Quaternion Operators/Multiply Operator/Multiply Operator
ms128790(v=vs.90)	Multiply Operator	Operator	Microsoft.WindowsMobile.DirectX	Microsoft.WindowsMobile.DirectX (in Microsoft.WindowsMobile.DirectX.dll)	3.5,2.0	CE6R3+;CE5.0/6.0	.NET Framework 3.5/General Reference for the .NET Framework/Additional Managed Reference Topics/Microsoft.WindowsMobile.DirectX Namespace/Quaternion Structure/Quaternion Operators/Multiply Operator/Multiply Operator
ms128834(v=vs.90)	Multiply Operator	Operator	Microsoft.WindowsMobile.DirectX	Microsoft.WindowsMobile.DirectX (in Microsoft.WindowsMobile.DirectX.dll)	3.5,2.0	CE6R3+;CE5.0/6.0	.NET Framework 3.5/General Reference for the .NET Framework/Additional Managed Reference Topics/Microsoft.WindowsMobile.DirectX Namespace/Vector2 Structure/Vector2 Operators/Multiply Operator/Multiply Operator
ms128835(v=vs.90)	Multiply Operator	Operator	Microsoft.WindowsMobile.DirectX	Microsoft.WindowsMobile.DirectX (in Microsoft.WindowsMobile.DirectX.dll)	3.5,2.0	CE6R3+;CE5.0/6.0	.NET Framework 3.5/General Reference for the .NET Framework/Additional Managed Reference Topics/Microsoft.WindowsMobile.DirectX Namespace/Vector2 Structure/Vector2 Operators/Multiply Operator/Multiply Operator
ms128901(v=vs.90)	Multiply Operator	Operator	Microsoft.WindowsMobile.DirectX	Microsoft.WindowsMobile.DirectX (in Microsoft.WindowsMobile.DirectX.dll)	3.5,2.0	CE6R3+;CE5.0/6.0	.NET Framework 3.5/General Reference for the .NET Framework/Additional Managed Reference Topics/Microsoft.WindowsMobile.DirectX Namespace/Vector3 Structure/Vector3 Operators/Multiply Operator/Multiply Operator
ms128902(v=vs.90)	Multiply Operator	Operator	Microsoft.WindowsMobile.DirectX	Microsoft.WindowsMobile.DirectX (in Microsoft.WindowsMobile.DirectX.dll)	3.5,2.0	CE6R3+;CE5.0/6.0	.NET Framework 3.5/General Reference for the .NET Framework/Additional Managed Reference Topics/Microsoft.WindowsMobile.DirectX Namespace/Vector3 Structure/Vector3 Operators/Multiply Operator/Multiply Operator
ms128985(v=vs.90)	Multiply Operator	Operator	Microsoft.WindowsMobile.DirectX	Microsoft.WindowsMobile.DirectX (in Microsoft.WindowsMobile.DirectX.dll)	3.5,2.0	CE6R3+;CE5.0/6.0	.NET Framework 3.5/General Reference for the .NET Framework/Additional Managed Reference Topics/Microsoft.WindowsMobile.DirectX Namespace/Vector4 Structure/Vector4 Operators/Multiply Operator/Multiply Operator
ms128986(v=vs.90)	Multiply Operator	Operator	Microsoft.WindowsMobile.DirectX	Microsoft.WindowsMobile.DirectX (in Microsoft.WindowsMobile.DirectX.dll)	3.5,2.0	CE6R3+;CE5.0/6.0	.NET Framework 3.5/General Reference for the .NET Framework/Additional Managed Reference Topics/Microsoft.WindowsMobile.DirectX Namespace/Vector4 Structure/Vector4 Operators/Multiply Operator/Multiply Operator
ms128698(v=vs.90)	MultiplyTranspose Method (Matrix)		Microsoft.WindowsMobile.DirectX	Microsoft.WindowsMobile.DirectX (in Microsoft.WindowsMobile.DirectX.dll)	3.5,2.0	CE6R3+;CE5.0/6.0	.NET Framework 3.5/General Reference for the .NET Framework/Additional Managed Reference Topics/Microsoft.WindowsMobile.DirectX Namespace/Matrix Structure/Matrix Methods /MultiplyTranspose Method /MultiplyTranspose Method (Matrix)
ms128699(v=vs.90)	MultiplyTranspose Method (Matrix, Matrix)		Microsoft.WindowsMobile.DirectX	Microsoft.WindowsMobile.DirectX (in Microsoft.WindowsMobile.DirectX.dll)	3.5,2.0	CE6R3+;CE5.0/6.0	.NET Framework 3.5/General Reference for the .NET Framework/Additional Managed Reference Topics/Microsoft.WindowsMobile.DirectX Namespace/Matrix Structure/Matrix Methods /MultiplyTranspose Method /MultiplyTranspose Method (Matrix, Matrix)
ms128782(v=vs.90)	Normalize Method	Method	Microsoft.WindowsMobile.DirectX	Microsoft.WindowsMobile.DirectX (in Microsoft.WindowsMobile.DirectX.dll)	3.5,2.0	CE6R3+;CE5.0/6.0	.NET Framework 3.5/General Reference for the .NET Framework/Additional Managed Reference Topics/Microsoft.WindowsMobile.DirectX Namespace/Quaternion Structure/Quaternion Methods /Normalize Method /Normalize Method 
ms128894(v=vs.90)	Normalize Method	Method	Microsoft.WindowsMobile.DirectX	Microsoft.WindowsMobile.DirectX (in Microsoft.WindowsMobile.DirectX.dll)	3.5,2.0	CE6R3+;CE5.0/6.0	.NET Framework 3.5/General Reference for the .NET Framework/Additional Managed Reference Topics/Microsoft.WindowsMobile.DirectX Namespace/Vector3 Structure/Vector3 Methods /Normalize Method /Normalize Method 
ms128978(v=vs.90)	Normalize Method	Method	Microsoft.WindowsMobile.DirectX	Microsoft.WindowsMobile.DirectX (in Microsoft.WindowsMobile.DirectX.dll)	3.5,2.0	CE6R3+;CE5.0/6.0	.NET Framework 3.5/General Reference for the .NET Framework/Additional Managed Reference Topics/Microsoft.WindowsMobile.DirectX Namespace/Vector4 Structure/Vector4 Methods /Normalize Method /Normalize Method 
ms128783(v=vs.90)	Normalize Method (Quaternion)		Microsoft.WindowsMobile.DirectX	Microsoft.WindowsMobile.DirectX (in Microsoft.WindowsMobile.DirectX.dll)	3.5,2.0	CE6R3+;CE5.0/6.0	.NET Framework 3.5/General Reference for the .NET Framework/Additional Managed Reference Topics/Microsoft.WindowsMobile.DirectX Namespace/Quaternion Structure/Quaternion Methods /Normalize Method /Normalize Method (Quaternion)
ms128895(v=vs.90)	Normalize Method (Vector3)		Microsoft.WindowsMobile.DirectX	Microsoft.WindowsMobile.DirectX (in Microsoft.WindowsMobile.DirectX.dll)	3.5,2.0	CE6R3+;CE5.0/6.0	.NET Framework 3.5/General Reference for the .NET Framework/Additional Managed Reference Topics/Microsoft.WindowsMobile.DirectX Namespace/Vector3 Structure/Vector3 Methods /Normalize Method /Normalize Method (Vector3)
ms128979(v=vs.90)	Normalize Method (Vector4)		Microsoft.WindowsMobile.DirectX	Microsoft.WindowsMobile.DirectX (in Microsoft.WindowsMobile.DirectX.dll)	3.5,2.0	CE6R3+;CE5.0/6.0	.NET Framework 3.5/General Reference for the .NET Framework/Additional Managed Reference Topics/Microsoft.WindowsMobile.DirectX Namespace/Vector4 Structure/Vector4 Methods /Normalize Method /Normalize Method (Vector4)
ms128706(v=vs.90)	OrthoLH Method	Method	Microsoft.WindowsMobile.DirectX	Microsoft.WindowsMobile.DirectX (in Microsoft.WindowsMobile.DirectX.dll)	3.5,2.0	CE6R3+;CE5.0/6.0	.NET Framework 3.5/General Reference for the .NET Framework/Additional Managed Reference Topics/Microsoft.WindowsMobile.DirectX Namespace/Matrix Structure/Matrix Methods /OrthoLH Method 
ms128707(v=vs.90)	OrthoOffCenterLH Method	Method	Microsoft.WindowsMobile.DirectX	Microsoft.WindowsMobile.DirectX (in Microsoft.WindowsMobile.DirectX.dll)	3.5,2.0	CE6R3+;CE5.0/6.0	.NET Framework 3.5/General Reference for the .NET Framework/Additional Managed Reference Topics/Microsoft.WindowsMobile.DirectX Namespace/Matrix Structure/Matrix Methods /OrthoOffCenterLH Method 
ms128708(v=vs.90)	OrthoOffCenterRH Method	Method	Microsoft.WindowsMobile.DirectX	Microsoft.WindowsMobile.DirectX (in Microsoft.WindowsMobile.DirectX.dll)	3.5,2.0	CE6R3+;CE5.0/6.0	.NET Framework 3.5/General Reference for the .NET Framework/Additional Managed Reference Topics/Microsoft.WindowsMobile.DirectX Namespace/Matrix Structure/Matrix Methods /OrthoOffCenterRH Method 
ms128709(v=vs.90)	OrthoRH Method	Method	Microsoft.WindowsMobile.DirectX	Microsoft.WindowsMobile.DirectX (in Microsoft.WindowsMobile.DirectX.dll)	3.5,2.0	CE6R3+;CE5.0/6.0	.NET Framework 3.5/General Reference for the .NET Framework/Additional Managed Reference Topics/Microsoft.WindowsMobile.DirectX Namespace/Matrix Structure/Matrix Methods /OrthoRH Method 
ms128710(v=vs.90)	PerspectiveFovLH Method	Method	Microsoft.WindowsMobile.DirectX	Microsoft.WindowsMobile.DirectX (in Microsoft.WindowsMobile.DirectX.dll)	3.5,2.0	CE6R3+;CE5.0/6.0	.NET Framework 3.5/General Reference for the .NET Framework/Additional Managed Reference Topics/Microsoft.WindowsMobile.DirectX Namespace/Matrix Structure/Matrix Methods /PerspectiveFovLH Method 
ms128711(v=vs.90)	PerspectiveFovRH Method	Method	Microsoft.WindowsMobile.DirectX	Microsoft.WindowsMobile.DirectX (in Microsoft.WindowsMobile.DirectX.dll)	3.5,2.0	CE6R3+;CE5.0/6.0	.NET Framework 3.5/General Reference for the .NET Framework/Additional Managed Reference Topics/Microsoft.WindowsMobile.DirectX Namespace/Matrix Structure/Matrix Methods /PerspectiveFovRH Method 
ms128712(v=vs.90)	PerspectiveLH Method	Method	Microsoft.WindowsMobile.DirectX	Microsoft.WindowsMobile.DirectX (in Microsoft.WindowsMobile.DirectX.dll)	3.5,2.0	CE6R3+;CE5.0/6.0	.NET Framework 3.5/General Reference for the .NET Framework/Additional Managed Reference Topics/Microsoft.WindowsMobile.DirectX Namespace/Matrix Structure/Matrix Methods /PerspectiveLH Method 
ms128713(v=vs.90)	PerspectiveOffCenterLH Method	Method	Microsoft.WindowsMobile.DirectX	Microsoft.WindowsMobile.DirectX (in Microsoft.WindowsMobile.DirectX.dll)	3.5,2.0	CE6R3+;CE5.0/6.0	.NET Framework 3.5/General Reference for the .NET Framework/Additional Managed Reference Topics/Microsoft.WindowsMobile.DirectX Namespace/Matrix Structure/Matrix Methods /PerspectiveOffCenterLH Method 
ms128714(v=vs.90)	PerspectiveOffCenterRH Method	Method	Microsoft.WindowsMobile.DirectX	Microsoft.WindowsMobile.DirectX (in Microsoft.WindowsMobile.DirectX.dll)	3.5,2.0	CE6R3+;CE5.0/6.0	.NET Framework 3.5/General Reference for the .NET Framework/Additional Managed Reference Topics/Microsoft.WindowsMobile.DirectX Namespace/Matrix Structure/Matrix Methods /PerspectiveOffCenterRH Method 
ms128715(v=vs.90)	PerspectiveRH Method	Method	Microsoft.WindowsMobile.DirectX	Microsoft.WindowsMobile.DirectX (in Microsoft.WindowsMobile.DirectX.dll)	3.5,2.0	CE6R3+;CE5.0/6.0	.NET Framework 3.5/General Reference for the .NET Framework/Additional Managed Reference Topics/Microsoft.WindowsMobile.DirectX Namespace/Matrix Structure/Matrix Methods /PerspectiveRH Method 
ms128657(v=vs.90)	Position Property	Property	Microsoft.WindowsMobile.DirectX	Microsoft.WindowsMobile.DirectX (in Microsoft.WindowsMobile.DirectX.dll)	3.5,2.0	CE6R3+;CE5.0/6.0	.NET Framework 3.5/General Reference for the .NET Framework/Additional Managed Reference Topics/Microsoft.WindowsMobile.DirectX Namespace/GraphicsStream Class/GraphicsStream Properties /Position Property 
ms128908(v=vs.90)	Project Method (Vector3, Viewport, Matrix, Matrix, Matrix)		Microsoft.WindowsMobile.DirectX	Microsoft.WindowsMobile.DirectX (in Microsoft.WindowsMobile.DirectX.dll)	3.5,2.0	CE6R3+;CE5.0/6.0	.NET Framework 3.5/General Reference for the .NET Framework/Additional Managed Reference Topics/Microsoft.WindowsMobile.DirectX Namespace/Vector3 Structure/Vector3 Methods /Project Method /Project Method (Vector3, Viewport, Matrix, Matrix, Matrix)
ms128907(v=vs.90)	Project Method (Viewport, Matrix, Matrix, Matrix)		Microsoft.WindowsMobile.DirectX	Microsoft.WindowsMobile.DirectX (in Microsoft.WindowsMobile.DirectX.dll)	3.5,2.0	CE6R3+;CE5.0/6.0	.NET Framework 3.5/General Reference for the .NET Framework/Additional Managed Reference Topics/Microsoft.WindowsMobile.DirectX Namespace/Vector3 Structure/Vector3 Methods /Project Method /Project Method (Viewport, Matrix, Matrix, Matrix)
ms128749(v=vs.90)	Quaternion Constructor	Constructor	Microsoft.WindowsMobile.DirectX	Microsoft.WindowsMobile.DirectX (in Microsoft.WindowsMobile.DirectX.dll)	3.5,2.0	CE6R3+;CE5.0/6.0	.NET Framework 3.5/General Reference for the .NET Framework/Additional Managed Reference Topics/Microsoft.WindowsMobile.DirectX Namespace/Quaternion Structure/Quaternion Constructor 
ms128741(v=vs.90)	Quaternion Structure	Structure	Microsoft.WindowsMobile.DirectX	Microsoft.WindowsMobile.DirectX (in Microsoft.WindowsMobile.DirectX.dll)	3.5,2.0	CE6R3+;CE5.0/6.0	.NET Framework 3.5/General Reference for the .NET Framework/Additional Managed Reference Topics/Microsoft.WindowsMobile.DirectX Namespace/Quaternion Structure
ms128640(v=vs.90)	Read Method (Byte[], Int32, Int32)		Microsoft.WindowsMobile.DirectX	Microsoft.WindowsMobile.DirectX (in Microsoft.WindowsMobile.DirectX.dll)	3.5,2.0	CE6R3+;CE5.0/6.0	.NET Framework 3.5/General Reference for the .NET Framework/Additional Managed Reference Topics/Microsoft.WindowsMobile.DirectX Namespace/GraphicsStream Class/GraphicsStream Methods /Read Method /Read Method (Byte[], Int32, Int32)
ms128638(v=vs.90)	Read Method (Type)		Microsoft.WindowsMobile.DirectX	Microsoft.WindowsMobile.DirectX (in Microsoft.WindowsMobile.DirectX.dll)	3.5,2.0	CE6R3+;CE5.0/6.0	.NET Framework 3.5/General Reference for the .NET Framework/Additional Managed Reference Topics/Microsoft.WindowsMobile.DirectX Namespace/GraphicsStream Class/GraphicsStream Methods /Read Method /Read Method (Type)
ms128639(v=vs.90)	Read Method (Type, Int32[])		Microsoft.WindowsMobile.DirectX	Microsoft.WindowsMobile.DirectX (in Microsoft.WindowsMobile.DirectX.dll)	3.5,2.0	CE6R3+;CE5.0/6.0	.NET Framework 3.5/General Reference for the .NET Framework/Additional Managed Reference Topics/Microsoft.WindowsMobile.DirectX Namespace/GraphicsStream Class/GraphicsStream Methods /Read Method /Read Method (Type, Int32[])
ms128716(v=vs.90)	RotationAxis Method	Method	Microsoft.WindowsMobile.DirectX	Microsoft.WindowsMobile.DirectX (in Microsoft.WindowsMobile.DirectX.dll)	3.5,2.0	CE6R3+;CE5.0/6.0	.NET Framework 3.5/General Reference for the .NET Framework/Additional Managed Reference Topics/Microsoft.WindowsMobile.DirectX Namespace/Matrix Structure/Matrix Methods /RotationAxis Method 
ms128794(v=vs.90)	RotationAxis Method	Method	Microsoft.WindowsMobile.DirectX	Microsoft.WindowsMobile.DirectX (in Microsoft.WindowsMobile.DirectX.dll)	3.5,2.0	CE6R3+;CE5.0/6.0	.NET Framework 3.5/General Reference for the .NET Framework/Additional Managed Reference Topics/Microsoft.WindowsMobile.DirectX Namespace/Quaternion Structure/Quaternion Methods /RotationAxis Method 
ms128795(v=vs.90)	RotationMatrix Method	Method	Microsoft.WindowsMobile.DirectX	Microsoft.WindowsMobile.DirectX (in Microsoft.WindowsMobile.DirectX.dll)	3.5,2.0	CE6R3+;CE5.0/6.0	.NET Framework 3.5/General Reference for the .NET Framework/Additional Managed Reference Topics/Microsoft.WindowsMobile.DirectX Namespace/Quaternion Structure/Quaternion Methods /RotationMatrix Method 
ms128717(v=vs.90)	RotationQuaternion Method	Method	Microsoft.WindowsMobile.DirectX	Microsoft.WindowsMobile.DirectX (in Microsoft.WindowsMobile.DirectX.dll)	3.5,2.0	CE6R3+;CE5.0/6.0	.NET Framework 3.5/General Reference for the .NET Framework/Additional Managed Reference Topics/Microsoft.WindowsMobile.DirectX Namespace/Matrix Structure/Matrix Methods /RotationQuaternion Method 
ms128718(v=vs.90)	RotationX Method	Method	Microsoft.WindowsMobile.DirectX	Microsoft.WindowsMobile.DirectX (in Microsoft.WindowsMobile.DirectX.dll)	3.5,2.0	CE6R3+;CE5.0/6.0	.NET Framework 3.5/General Reference for the .NET Framework/Additional Managed Reference Topics/Microsoft.WindowsMobile.DirectX Namespace/Matrix Structure/Matrix Methods /RotationX Method 
ms128719(v=vs.90)	RotationY Method	Method	Microsoft.WindowsMobile.DirectX	Microsoft.WindowsMobile.DirectX (in Microsoft.WindowsMobile.DirectX.dll)	3.5,2.0	CE6R3+;CE5.0/6.0	.NET Framework 3.5/General Reference for the .NET Framework/Additional Managed Reference Topics/Microsoft.WindowsMobile.DirectX Namespace/Matrix Structure/Matrix Methods /RotationY Method 
ms128720(v=vs.90)	RotationYawPitchRoll Method	Method	Microsoft.WindowsMobile.DirectX	Microsoft.WindowsMobile.DirectX (in Microsoft.WindowsMobile.DirectX.dll)	3.5,2.0	CE6R3+;CE5.0/6.0	.NET Framework 3.5/General Reference for the .NET Framework/Additional Managed Reference Topics/Microsoft.WindowsMobile.DirectX Namespace/Matrix Structure/Matrix Methods /RotationYawPitchRoll Method 
ms128796(v=vs.90)	RotationYawPitchRoll Method	Method	Microsoft.WindowsMobile.DirectX	Microsoft.WindowsMobile.DirectX (in Microsoft.WindowsMobile.DirectX.dll)	3.5,2.0	CE6R3+;CE5.0/6.0	.NET Framework 3.5/General Reference for the .NET Framework/Additional Managed Reference Topics/Microsoft.WindowsMobile.DirectX Namespace/Quaternion Structure/Quaternion Methods /RotationYawPitchRoll Method 
ms128721(v=vs.90)	RotationZ Method	Method	Microsoft.WindowsMobile.DirectX	Microsoft.WindowsMobile.DirectX (in Microsoft.WindowsMobile.DirectX.dll)	3.5,2.0	CE6R3+;CE5.0/6.0	.NET Framework 3.5/General Reference for the .NET Framework/Additional Managed Reference Topics/Microsoft.WindowsMobile.DirectX Namespace/Matrix Structure/Matrix Methods /RotationZ Method 
ms128911(v=vs.90)	Scale Method (Single)		Microsoft.WindowsMobile.DirectX	Microsoft.WindowsMobile.DirectX (in Microsoft.WindowsMobile.DirectX.dll)	3.5,2.0	CE6R3+;CE5.0/6.0	.NET Framework 3.5/General Reference for the .NET Framework/Additional Managed Reference Topics/Microsoft.WindowsMobile.DirectX Namespace/Vector3 Structure/Vector3 Methods /Scale Method /Scale Method (Single)
ms128991(v=vs.90)	Scale Method (Single)		Microsoft.WindowsMobile.DirectX	Microsoft.WindowsMobile.DirectX (in Microsoft.WindowsMobile.DirectX.dll)	3.5,2.0	CE6R3+;CE5.0/6.0	.NET Framework 3.5/General Reference for the .NET Framework/Additional Managed Reference Topics/Microsoft.WindowsMobile.DirectX Namespace/Vector4 Structure/Vector4 Methods /Scale Method /Scale Method (Single)
ms128912(v=vs.90)	Scale Method (Vector3, Single)		Microsoft.WindowsMobile.DirectX	Microsoft.WindowsMobile.DirectX (in Microsoft.WindowsMobile.DirectX.dll)	3.5,2.0	CE6R3+;CE5.0/6.0	.NET Framework 3.5/General Reference for the .NET Framework/Additional Managed Reference Topics/Microsoft.WindowsMobile.DirectX Namespace/Vector3 Structure/Vector3 Methods /Scale Method /Scale Method (Vector3, Single)
ms128992(v=vs.90)	Scale Method (Vector4, Single)		Microsoft.WindowsMobile.DirectX	Microsoft.WindowsMobile.DirectX (in Microsoft.WindowsMobile.DirectX.dll)	3.5,2.0	CE6R3+;CE5.0/6.0	.NET Framework 3.5/General Reference for the .NET Framework/Additional Managed Reference Topics/Microsoft.WindowsMobile.DirectX Namespace/Vector4 Structure/Vector4 Methods /Scale Method /Scale Method (Vector4, Single)
ms128724(v=vs.90)	Scaling Method (Single, Single, Single)		Microsoft.WindowsMobile.DirectX	Microsoft.WindowsMobile.DirectX (in Microsoft.WindowsMobile.DirectX.dll)	3.5,2.0	CE6R3+;CE5.0/6.0	.NET Framework 3.5/General Reference for the .NET Framework/Additional Managed Reference Topics/Microsoft.WindowsMobile.DirectX Namespace/Matrix Structure/Matrix Methods /Scaling Method /Scaling Method (Single, Single, Single)
ms128723(v=vs.90)	Scaling Method (Vector3)		Microsoft.WindowsMobile.DirectX	Microsoft.WindowsMobile.DirectX (in Microsoft.WindowsMobile.DirectX.dll)	3.5,2.0	CE6R3+;CE5.0/6.0	.NET Framework 3.5/General Reference for the .NET Framework/Additional Managed Reference Topics/Microsoft.WindowsMobile.DirectX Namespace/Matrix Structure/Matrix Methods /Scaling Method /Scaling Method (Vector3)
ms128642(v=vs.90)	Seek Method	Method	Microsoft.WindowsMobile.DirectX	Microsoft.WindowsMobile.DirectX (in Microsoft.WindowsMobile.DirectX.dll)	3.5,2.0	CE6R3+;CE5.0/6.0	.NET Framework 3.5/General Reference for the .NET Framework/Additional Managed Reference Topics/Microsoft.WindowsMobile.DirectX Namespace/GraphicsStream Class/GraphicsStream Methods /Seek Method 
ms128643(v=vs.90)	SetLength Method	Method	Microsoft.WindowsMobile.DirectX	Microsoft.WindowsMobile.DirectX (in Microsoft.WindowsMobile.DirectX.dll)	3.5,2.0	CE6R3+;CE5.0/6.0	.NET Framework 3.5/General Reference for the .NET Framework/Additional Managed Reference Topics/Microsoft.WindowsMobile.DirectX Namespace/GraphicsStream Class/GraphicsStream Methods /SetLength Method 
ms128797(v=vs.90)	Slerp Method	Method	Microsoft.WindowsMobile.DirectX	Microsoft.WindowsMobile.DirectX (in Microsoft.WindowsMobile.DirectX.dll)	3.5,2.0	CE6R3+;CE5.0/6.0	.NET Framework 3.5/General Reference for the .NET Framework/Additional Managed Reference Topics/Microsoft.WindowsMobile.DirectX Namespace/Quaternion Structure/Quaternion Methods /Slerp Method 
ms128798(v=vs.90)	Squad Method	Method	Microsoft.WindowsMobile.DirectX	Microsoft.WindowsMobile.DirectX (in Microsoft.WindowsMobile.DirectX.dll)	3.5,2.0	CE6R3+;CE5.0/6.0	.NET Framework 3.5/General Reference for the .NET Framework/Additional Managed Reference Topics/Microsoft.WindowsMobile.DirectX Namespace/Quaternion Structure/Quaternion Methods /Squad Method 
ms128799(v=vs.90)	SquadSetup Method	Method	Microsoft.WindowsMobile.DirectX	Microsoft.WindowsMobile.DirectX (in Microsoft.WindowsMobile.DirectX.dll)	3.5,2.0	CE6R3+;CE5.0/6.0	.NET Framework 3.5/General Reference for the .NET Framework/Additional Managed Reference Topics/Microsoft.WindowsMobile.DirectX Namespace/Quaternion Structure/Quaternion Methods /SquadSetup Method 
ms128726(v=vs.90)	Subtract Method	Method	Microsoft.WindowsMobile.DirectX	Microsoft.WindowsMobile.DirectX (in Microsoft.WindowsMobile.DirectX.dll)	3.5,2.0	CE6R3+;CE5.0/6.0	.NET Framework 3.5/General Reference for the .NET Framework/Additional Managed Reference Topics/Microsoft.WindowsMobile.DirectX Namespace/Matrix Structure/Matrix Methods /Subtract Method 
ms128800(v=vs.90)	Subtract Method	Method	Microsoft.WindowsMobile.DirectX	Microsoft.WindowsMobile.DirectX (in Microsoft.WindowsMobile.DirectX.dll)	3.5,2.0	CE6R3+;CE5.0/6.0	.NET Framework 3.5/General Reference for the .NET Framework/Additional Managed Reference Topics/Microsoft.WindowsMobile.DirectX Namespace/Quaternion Structure/Quaternion Methods /Subtract Method 
ms128840(v=vs.90)	Subtract Method (Vector2)		Microsoft.WindowsMobile.DirectX	Microsoft.WindowsMobile.DirectX (in Microsoft.WindowsMobile.DirectX.dll)	3.5,2.0	CE6R3+;CE5.0/6.0	.NET Framework 3.5/General Reference for the .NET Framework/Additional Managed Reference Topics/Microsoft.WindowsMobile.DirectX Namespace/Vector2 Structure/Vector2 Methods /Subtract Method /Subtract Method (Vector2)
ms128841(v=vs.90)	Subtract Method (Vector2, Vector2)		Microsoft.WindowsMobile.DirectX	Microsoft.WindowsMobile.DirectX (in Microsoft.WindowsMobile.DirectX.dll)	3.5,2.0	CE6R3+;CE5.0/6.0	.NET Framework 3.5/General Reference for the .NET Framework/Additional Managed Reference Topics/Microsoft.WindowsMobile.DirectX Namespace/Vector2 Structure/Vector2 Methods /Subtract Method /Subtract Method (Vector2, Vector2)
ms128915(v=vs.90)	Subtract Method (Vector3)		Microsoft.WindowsMobile.DirectX	Microsoft.WindowsMobile.DirectX (in Microsoft.WindowsMobile.DirectX.dll)	3.5,2.0	CE6R3+;CE5.0/6.0	.NET Framework 3.5/General Reference for the .NET Framework/Additional Managed Reference Topics/Microsoft.WindowsMobile.DirectX Namespace/Vector3 Structure/Vector3 Methods /Subtract Method /Subtract Method (Vector3)
ms128916(v=vs.90)	Subtract Method (Vector3, Vector3)		Microsoft.WindowsMobile.DirectX	Microsoft.WindowsMobile.DirectX (in Microsoft.WindowsMobile.DirectX.dll)	3.5,2.0	CE6R3+;CE5.0/6.0	.NET Framework 3.5/General Reference for the .NET Framework/Additional Managed Reference Topics/Microsoft.WindowsMobile.DirectX Namespace/Vector3 Structure/Vector3 Methods /Subtract Method /Subtract Method (Vector3, Vector3)
ms128995(v=vs.90)	Subtract Method (Vector4)		Microsoft.WindowsMobile.DirectX	Microsoft.WindowsMobile.DirectX (in Microsoft.WindowsMobile.DirectX.dll)	3.5,2.0	CE6R3+;CE5.0/6.0	.NET Framework 3.5/General Reference for the .NET Framework/Additional Managed Reference Topics/Microsoft.WindowsMobile.DirectX Namespace/Vector4 Structure/Vector4 Methods /Subtract Method /Subtract Method (Vector4)
ms128996(v=vs.90)	Subtract Method (Vector4, Vector4)		Microsoft.WindowsMobile.DirectX	Microsoft.WindowsMobile.DirectX (in Microsoft.WindowsMobile.DirectX.dll)	3.5,2.0	CE6R3+;CE5.0/6.0	.NET Framework 3.5/General Reference for the .NET Framework/Additional Managed Reference Topics/Microsoft.WindowsMobile.DirectX Namespace/Vector4 Structure/Vector4 Methods /Subtract Method /Subtract Method (Vector4, Vector4)
ms128705(v=vs.90)	Subtraction Operator	Operator	Microsoft.WindowsMobile.DirectX	Microsoft.WindowsMobile.DirectX (in Microsoft.WindowsMobile.DirectX.dll)	3.5,2.0	CE6R3+;CE5.0/6.0	.NET Framework 3.5/General Reference for the .NET Framework/Additional Managed Reference Topics/Microsoft.WindowsMobile.DirectX Namespace/Matrix Structure/Matrix Operators/Subtraction Operator
ms128792(v=vs.90)	Subtraction Operator	Operator	Microsoft.WindowsMobile.DirectX	Microsoft.WindowsMobile.DirectX (in Microsoft.WindowsMobile.DirectX.dll)	3.5,2.0	CE6R3+;CE5.0/6.0	.NET Framework 3.5/General Reference for the .NET Framework/Additional Managed Reference Topics/Microsoft.WindowsMobile.DirectX Namespace/Quaternion Structure/Quaternion Operators/Subtraction Operator
ms128837(v=vs.90)	Subtraction Operator	Operator	Microsoft.WindowsMobile.DirectX	Microsoft.WindowsMobile.DirectX (in Microsoft.WindowsMobile.DirectX.dll)	3.5,2.0	CE6R3+;CE5.0/6.0	.NET Framework 3.5/General Reference for the .NET Framework/Additional Managed Reference Topics/Microsoft.WindowsMobile.DirectX Namespace/Vector2 Structure/Vector2 Operators/Subtraction Operator
ms128904(v=vs.90)	Subtraction Operator	Operator	Microsoft.WindowsMobile.DirectX	Microsoft.WindowsMobile.DirectX (in Microsoft.WindowsMobile.DirectX.dll)	3.5,2.0	CE6R3+;CE5.0/6.0	.NET Framework 3.5/General Reference for the .NET Framework/Additional Managed Reference Topics/Microsoft.WindowsMobile.DirectX Namespace/Vector3 Structure/Vector3 Operators/Subtraction Operator
ms128988(v=vs.90)	Subtraction Operator	Operator	Microsoft.WindowsMobile.DirectX	Microsoft.WindowsMobile.DirectX (in Microsoft.WindowsMobile.DirectX.dll)	3.5,2.0	CE6R3+;CE5.0/6.0	.NET Framework 3.5/General Reference for the .NET Framework/Additional Managed Reference Topics/Microsoft.WindowsMobile.DirectX Namespace/Vector4 Structure/Vector4 Operators/Subtraction Operator
ms128801(v=vs.90)	ToAxisAngle Method	Method	Microsoft.WindowsMobile.DirectX	Microsoft.WindowsMobile.DirectX (in Microsoft.WindowsMobile.DirectX.dll)	3.5,2.0	CE6R3+;CE5.0/6.0	.NET Framework 3.5/General Reference for the .NET Framework/Additional Managed Reference Topics/Microsoft.WindowsMobile.DirectX Namespace/Quaternion Structure/Quaternion Methods /ToAxisAngle Method 
ms129001(v=vs.90)	Transform Method (Matrix)		Microsoft.WindowsMobile.DirectX	Microsoft.WindowsMobile.DirectX (in Microsoft.WindowsMobile.DirectX.dll)	3.5,2.0	CE6R3+;CE5.0/6.0	.NET Framework 3.5/General Reference for the .NET Framework/Additional Managed Reference Topics/Microsoft.WindowsMobile.DirectX Namespace/Vector4 Structure/Vector4 Methods /Transform Method /Transform Method (Matrix)
ms128919(v=vs.90)	Transform Method (Vector3, Matrix)		Microsoft.WindowsMobile.DirectX	Microsoft.WindowsMobile.DirectX (in Microsoft.WindowsMobile.DirectX.dll)	3.5,2.0	CE6R3+;CE5.0/6.0	.NET Framework 3.5/General Reference for the .NET Framework/Additional Managed Reference Topics/Microsoft.WindowsMobile.DirectX Namespace/Vector3 Structure/Vector3 Methods /Transform Method /Transform Method (Vector3, Matrix)
ms128920(v=vs.90)	Transform Method (Vector3[], Matrix)		Microsoft.WindowsMobile.DirectX	Microsoft.WindowsMobile.DirectX (in Microsoft.WindowsMobile.DirectX.dll)	3.5,2.0	CE6R3+;CE5.0/6.0	.NET Framework 3.5/General Reference for the .NET Framework/Additional Managed Reference Topics/Microsoft.WindowsMobile.DirectX Namespace/Vector3 Structure/Vector3 Methods /Transform Method /Transform Method (Vector3[], Matrix)
ms129002(v=vs.90)	Transform Method (Vector4, Matrix)		Microsoft.WindowsMobile.DirectX	Microsoft.WindowsMobile.DirectX (in Microsoft.WindowsMobile.DirectX.dll)	3.5,2.0	CE6R3+;CE5.0/6.0	.NET Framework 3.5/General Reference for the .NET Framework/Additional Managed Reference Topics/Microsoft.WindowsMobile.DirectX Namespace/Vector4 Structure/Vector4 Methods /Transform Method /Transform Method (Vector4, Matrix)
ms129003(v=vs.90)	Transform Method (Vector4[], Matrix)		Microsoft.WindowsMobile.DirectX	Microsoft.WindowsMobile.DirectX (in Microsoft.WindowsMobile.DirectX.dll)	3.5,2.0	CE6R3+;CE5.0/6.0	.NET Framework 3.5/General Reference for the .NET Framework/Additional Managed Reference Topics/Microsoft.WindowsMobile.DirectX Namespace/Vector4 Structure/Vector4 Methods /Transform Method /Transform Method (Vector4[], Matrix)
ms128923(v=vs.90)	TransformCoordinate Method (Matrix)		Microsoft.WindowsMobile.DirectX	Microsoft.WindowsMobile.DirectX (in Microsoft.WindowsMobile.DirectX.dll)	3.5,2.0	CE6R3+;CE5.0/6.0	.NET Framework 3.5/General Reference for the .NET Framework/Additional Managed Reference Topics/Microsoft.WindowsMobile.DirectX Namespace/Vector3 Structure/Vector3 Methods /TransformCoordinate Method /TransformCoordinate Method (Matrix)
ms128924(v=vs.90)	TransformCoordinate Method (Vector3, Matrix)		Microsoft.WindowsMobile.DirectX	Microsoft.WindowsMobile.DirectX (in Microsoft.WindowsMobile.DirectX.dll)	3.5,2.0	CE6R3+;CE5.0/6.0	.NET Framework 3.5/General Reference for the .NET Framework/Additional Managed Reference Topics/Microsoft.WindowsMobile.DirectX Namespace/Vector3 Structure/Vector3 Methods /TransformCoordinate Method /TransformCoordinate Method (Vector3, Matrix)
ms128925(v=vs.90)	TransformCoordinate Method (Vector3[], Matrix)		Microsoft.WindowsMobile.DirectX	Microsoft.WindowsMobile.DirectX (in Microsoft.WindowsMobile.DirectX.dll)	3.5,2.0	CE6R3+;CE5.0/6.0	.NET Framework 3.5/General Reference for the .NET Framework/Additional Managed Reference Topics/Microsoft.WindowsMobile.DirectX Namespace/Vector3 Structure/Vector3 Methods /TransformCoordinate Method /TransformCoordinate Method (Vector3[], Matrix)
ms128928(v=vs.90)	TransformNormal Method (Matrix)		Microsoft.WindowsMobile.DirectX	Microsoft.WindowsMobile.DirectX (in Microsoft.WindowsMobile.DirectX.dll)	3.5,2.0	CE6R3+;CE5.0/6.0	.NET Framework 3.5/General Reference for the .NET Framework/Additional Managed Reference Topics/Microsoft.WindowsMobile.DirectX Namespace/Vector3 Structure/Vector3 Methods /TransformNormal Method /TransformNormal Method (Matrix)
ms128929(v=vs.90)	TransformNormal Method (Vector3, Matrix)		Microsoft.WindowsMobile.DirectX	Microsoft.WindowsMobile.DirectX (in Microsoft.WindowsMobile.DirectX.dll)	3.5,2.0	CE6R3+;CE5.0/6.0	.NET Framework 3.5/General Reference for the .NET Framework/Additional Managed Reference Topics/Microsoft.WindowsMobile.DirectX Namespace/Vector3 Structure/Vector3 Methods /TransformNormal Method /TransformNormal Method (Vector3, Matrix)
ms128930(v=vs.90)	TransformNormal Method (Vector3[], Matrix)		Microsoft.WindowsMobile.DirectX	Microsoft.WindowsMobile.DirectX (in Microsoft.WindowsMobile.DirectX.dll)	3.5,2.0	CE6R3+;CE5.0/6.0	.NET Framework 3.5/General Reference for the .NET Framework/Additional Managed Reference Topics/Microsoft.WindowsMobile.DirectX Namespace/Vector3 Structure/Vector3 Methods /TransformNormal Method /TransformNormal Method (Vector3[], Matrix)
ms128727(v=vs.90)	Transformation Method	Method	Microsoft.WindowsMobile.DirectX	Microsoft.WindowsMobile.DirectX (in Microsoft.WindowsMobile.DirectX.dll)	3.5,2.0	CE6R3+;CE5.0/6.0	.NET Framework 3.5/General Reference for the .NET Framework/Additional Managed Reference Topics/Microsoft.WindowsMobile.DirectX Namespace/Matrix Structure/Matrix Methods /Transformation Method 
ms128728(v=vs.90)	Transformation2D Method	Method	Microsoft.WindowsMobile.DirectX	Microsoft.WindowsMobile.DirectX (in Microsoft.WindowsMobile.DirectX.dll)	3.5,2.0	CE6R3+;CE5.0/6.0	.NET Framework 3.5/General Reference for the .NET Framework/Additional Managed Reference Topics/Microsoft.WindowsMobile.DirectX Namespace/Matrix Structure/Matrix Methods /Transformation2D Method 
ms128731(v=vs.90)	Translation Method (Single, Single, Single)		Microsoft.WindowsMobile.DirectX	Microsoft.WindowsMobile.DirectX (in Microsoft.WindowsMobile.DirectX.dll)	3.5,2.0	CE6R3+;CE5.0/6.0	.NET Framework 3.5/General Reference for the .NET Framework/Additional Managed Reference Topics/Microsoft.WindowsMobile.DirectX Namespace/Matrix Structure/Matrix Methods /Translation Method /Translation Method (Single, Single, Single)
ms128730(v=vs.90)	Translation Method (Vector3)		Microsoft.WindowsMobile.DirectX	Microsoft.WindowsMobile.DirectX (in Microsoft.WindowsMobile.DirectX.dll)	3.5,2.0	CE6R3+;CE5.0/6.0	.NET Framework 3.5/General Reference for the .NET Framework/Additional Managed Reference Topics/Microsoft.WindowsMobile.DirectX Namespace/Matrix Structure/Matrix Methods /Translation Method /Translation Method (Vector3)
ms128733(v=vs.90)	TransposeMatrix Method	Method	Microsoft.WindowsMobile.DirectX	Microsoft.WindowsMobile.DirectX (in Microsoft.WindowsMobile.DirectX.dll)	3.5,2.0	CE6R3+;CE5.0/6.0	.NET Framework 3.5/General Reference for the .NET Framework/Additional Managed Reference Topics/Microsoft.WindowsMobile.DirectX Namespace/Matrix Structure/Matrix Methods /TransposeMatrix Method 
ms128793(v=vs.90)	UnaryNegation Operator	Operator	Microsoft.WindowsMobile.DirectX	Microsoft.WindowsMobile.DirectX (in Microsoft.WindowsMobile.DirectX.dll)	3.5,2.0	CE6R3+;CE5.0/6.0	.NET Framework 3.5/General Reference for the .NET Framework/Additional Managed Reference Topics/Microsoft.WindowsMobile.DirectX Namespace/Quaternion Structure/Quaternion Operators/UnaryNegation Operator
ms128838(v=vs.90)	UnaryNegation Operator	Operator	Microsoft.WindowsMobile.DirectX	Microsoft.WindowsMobile.DirectX (in Microsoft.WindowsMobile.DirectX.dll)	3.5,2.0	CE6R3+;CE5.0/6.0	.NET Framework 3.5/General Reference for the .NET Framework/Additional Managed Reference Topics/Microsoft.WindowsMobile.DirectX Namespace/Vector2 Structure/Vector2 Operators/UnaryNegation Operator
ms128905(v=vs.90)	UnaryNegation Operator	Operator	Microsoft.WindowsMobile.DirectX	Microsoft.WindowsMobile.DirectX (in Microsoft.WindowsMobile.DirectX.dll)	3.5,2.0	CE6R3+;CE5.0/6.0	.NET Framework 3.5/General Reference for the .NET Framework/Additional Managed Reference Topics/Microsoft.WindowsMobile.DirectX Namespace/Vector3 Structure/Vector3 Operators/UnaryNegation Operator
ms128989(v=vs.90)	UnaryNegation Operator	Operator	Microsoft.WindowsMobile.DirectX	Microsoft.WindowsMobile.DirectX (in Microsoft.WindowsMobile.DirectX.dll)	3.5,2.0	CE6R3+;CE5.0/6.0	.NET Framework 3.5/General Reference for the .NET Framework/Additional Managed Reference Topics/Microsoft.WindowsMobile.DirectX Namespace/Vector4 Structure/Vector4 Operators/UnaryNegation Operator
ms128934(v=vs.90)	Unproject Method (Vector3, Viewport, Matrix, Matrix, Matrix)		Microsoft.WindowsMobile.DirectX	Microsoft.WindowsMobile.DirectX (in Microsoft.WindowsMobile.DirectX.dll)	3.5,2.0	CE6R3+;CE5.0/6.0	.NET Framework 3.5/General Reference for the .NET Framework/Additional Managed Reference Topics/Microsoft.WindowsMobile.DirectX Namespace/Vector3 Structure/Vector3 Methods /Unproject Method /Unproject Method (Vector3, Viewport, Matrix, Matrix, Matrix)
ms128933(v=vs.90)	Unproject Method (Viewport, Matrix, Matrix, Matrix)		Microsoft.WindowsMobile.DirectX	Microsoft.WindowsMobile.DirectX (in Microsoft.WindowsMobile.DirectX.dll)	3.5,2.0	CE6R3+;CE5.0/6.0	.NET Framework 3.5/General Reference for the .NET Framework/Additional Managed Reference Topics/Microsoft.WindowsMobile.DirectX Namespace/Vector3 Structure/Vector3 Methods /Unproject Method /Unproject Method (Viewport, Matrix, Matrix, Matrix)
ms128814(v=vs.90)	Vector2 Constructor	Constructor	Microsoft.WindowsMobile.DirectX	Microsoft.WindowsMobile.DirectX (in Microsoft.WindowsMobile.DirectX.dll)	3.5,2.0	CE6R3+;CE5.0/6.0	.NET Framework 3.5/General Reference for the .NET Framework/Additional Managed Reference Topics/Microsoft.WindowsMobile.DirectX Namespace/Vector2 Structure/Vector2 Constructor 
ms128808(v=vs.90)	Vector2 Structure	Structure	Microsoft.WindowsMobile.DirectX	Microsoft.WindowsMobile.DirectX (in Microsoft.WindowsMobile.DirectX.dll)	3.5,2.0	CE6R3+;CE5.0/6.0	.NET Framework 3.5/General Reference for the .NET Framework/Additional Managed Reference Topics/Microsoft.WindowsMobile.DirectX Namespace/Vector2 Structure
ms128855(v=vs.90)	Vector3 Constructor	Constructor	Microsoft.WindowsMobile.DirectX	Microsoft.WindowsMobile.DirectX (in Microsoft.WindowsMobile.DirectX.dll)	3.5,2.0	CE6R3+;CE5.0/6.0	.NET Framework 3.5/General Reference for the .NET Framework/Additional Managed Reference Topics/Microsoft.WindowsMobile.DirectX Namespace/Vector3 Structure/Vector3 Constructor 
ms128848(v=vs.90)	Vector3 Structure	Structure	Microsoft.WindowsMobile.DirectX	Microsoft.WindowsMobile.DirectX (in Microsoft.WindowsMobile.DirectX.dll)	3.5,2.0	CE6R3+;CE5.0/6.0	.NET Framework 3.5/General Reference for the .NET Framework/Additional Managed Reference Topics/Microsoft.WindowsMobile.DirectX Namespace/Vector3 Structure
ms128949(v=vs.90)	Vector4 Constructor	Constructor	Microsoft.WindowsMobile.DirectX	Microsoft.WindowsMobile.DirectX (in Microsoft.WindowsMobile.DirectX.dll)	3.5,2.0	CE6R3+;CE5.0/6.0	.NET Framework 3.5/General Reference for the .NET Framework/Additional Managed Reference Topics/Microsoft.WindowsMobile.DirectX Namespace/Vector4 Structure/Vector4 Constructor 
ms128941(v=vs.90)	Vector4 Structure	Structure	Microsoft.WindowsMobile.DirectX	Microsoft.WindowsMobile.DirectX (in Microsoft.WindowsMobile.DirectX.dll)	3.5,2.0	CE6R3+;CE5.0/6.0	.NET Framework 3.5/General Reference for the .NET Framework/Additional Managed Reference Topics/Microsoft.WindowsMobile.DirectX Namespace/Vector4 Structure
ms128744(v=vs.90)	W Field	Field	Microsoft.WindowsMobile.DirectX	Microsoft.WindowsMobile.DirectX (in Microsoft.WindowsMobile.DirectX.dll)	3.5,2.0	CE6R3+;CE5.0/6.0	.NET Framework 3.5/General Reference for the .NET Framework/Additional Managed Reference Topics/Microsoft.WindowsMobile.DirectX Namespace/Quaternion Structure/Quaternion Fields/W Field
ms128944(v=vs.90)	W Field	Field	Microsoft.WindowsMobile.DirectX	Microsoft.WindowsMobile.DirectX (in Microsoft.WindowsMobile.DirectX.dll)	3.5,2.0	CE6R3+;CE5.0/6.0	.NET Framework 3.5/General Reference for the .NET Framework/Additional Managed Reference Topics/Microsoft.WindowsMobile.DirectX Namespace/Vector4 Structure/Vector4 Fields/W Field
ms128645(v=vs.90)	Write Method (Array)		Microsoft.WindowsMobile.DirectX	Microsoft.WindowsMobile.DirectX (in Microsoft.WindowsMobile.DirectX.dll)	3.5,2.0	CE6R3+;CE5.0/6.0	.NET Framework 3.5/General Reference for the .NET Framework/Additional Managed Reference Topics/Microsoft.WindowsMobile.DirectX Namespace/GraphicsStream Class/GraphicsStream Methods /Write Method /Write Method (Array)
ms128647(v=vs.90)	Write Method (Byte[], Int32, Int32)		Microsoft.WindowsMobile.DirectX	Microsoft.WindowsMobile.DirectX (in Microsoft.WindowsMobile.DirectX.dll)	3.5,2.0	CE6R3+;CE5.0/6.0	.NET Framework 3.5/General Reference for the .NET Framework/Additional Managed Reference Topics/Microsoft.WindowsMobile.DirectX Namespace/GraphicsStream Class/GraphicsStream Methods /Write Method /Write Method (Byte[], Int32, Int32)
ms128646(v=vs.90)	Write Method (ValueType)		Microsoft.WindowsMobile.DirectX	Microsoft.WindowsMobile.DirectX (in Microsoft.WindowsMobile.DirectX.dll)	3.5,2.0	CE6R3+;CE5.0/6.0	.NET Framework 3.5/General Reference for the .NET Framework/Additional Managed Reference Topics/Microsoft.WindowsMobile.DirectX Namespace/GraphicsStream Class/GraphicsStream Methods /Write Method /Write Method (ValueType)
ms128745(v=vs.90)	X Field	Field	Microsoft.WindowsMobile.DirectX	Microsoft.WindowsMobile.DirectX (in Microsoft.WindowsMobile.DirectX.dll)	3.5,2.0	CE6R3+;CE5.0/6.0	.NET Framework 3.5/General Reference for the .NET Framework/Additional Managed Reference Topics/Microsoft.WindowsMobile.DirectX Namespace/Quaternion Structure/Quaternion Fields/X Field
ms128811(v=vs.90)	X Field	Field	Microsoft.WindowsMobile.DirectX	Microsoft.WindowsMobile.DirectX (in Microsoft.WindowsMobile.DirectX.dll)	3.5,2.0	CE6R3+;CE5.0/6.0	.NET Framework 3.5/General Reference for the .NET Framework/Additional Managed Reference Topics/Microsoft.WindowsMobile.DirectX Namespace/Vector2 Structure/Vector2 Fields/X Field
ms128851(v=vs.90)	X Field	Field	Microsoft.WindowsMobile.DirectX	Microsoft.WindowsMobile.DirectX (in Microsoft.WindowsMobile.DirectX.dll)	3.5,2.0	CE6R3+;CE5.0/6.0	.NET Framework 3.5/General Reference for the .NET Framework/Additional Managed Reference Topics/Microsoft.WindowsMobile.DirectX Namespace/Vector3 Structure/Vector3 Fields/X Field
ms128945(v=vs.90)	X Field	Field	Microsoft.WindowsMobile.DirectX	Microsoft.WindowsMobile.DirectX (in Microsoft.WindowsMobile.DirectX.dll)	3.5,2.0	CE6R3+;CE5.0/6.0	.NET Framework 3.5/General Reference for the .NET Framework/Additional Managed Reference Topics/Microsoft.WindowsMobile.DirectX Namespace/Vector4 Structure/Vector4 Fields/X Field
ms128746(v=vs.90)	Y Field	Field	Microsoft.WindowsMobile.DirectX	Microsoft.WindowsMobile.DirectX (in Microsoft.WindowsMobile.DirectX.dll)	3.5,2.0	CE6R3+;CE5.0/6.0	.NET Framework 3.5/General Reference for the .NET Framework/Additional Managed Reference Topics/Microsoft.WindowsMobile.DirectX Namespace/Quaternion Structure/Quaternion Fields/Y Field
ms128812(v=vs.90)	Y Field	Field	Microsoft.WindowsMobile.DirectX	Microsoft.WindowsMobile.DirectX (in Microsoft.WindowsMobile.DirectX.dll)	3.5,2.0	CE6R3+;CE5.0/6.0	.NET Framework 3.5/General Reference for the .NET Framework/Additional Managed Reference Topics/Microsoft.WindowsMobile.DirectX Namespace/Vector2 Structure/Vector2 Fields/Y Field
ms128852(v=vs.90)	Y Field	Field	Microsoft.WindowsMobile.DirectX	Microsoft.WindowsMobile.DirectX (in Microsoft.WindowsMobile.DirectX.dll)	3.5,2.0	CE6R3+;CE5.0/6.0	.NET Framework 3.5/General Reference for the .NET Framework/Additional Managed Reference Topics/Microsoft.WindowsMobile.DirectX Namespace/Vector3 Structure/Vector3 Fields/Y Field
ms128946(v=vs.90)	Y Field	Field	Microsoft.WindowsMobile.DirectX	Microsoft.WindowsMobile.DirectX (in Microsoft.WindowsMobile.DirectX.dll)	3.5,2.0	CE6R3+;CE5.0/6.0	.NET Framework 3.5/General Reference for the .NET Framework/Additional Managed Reference Topics/Microsoft.WindowsMobile.DirectX Namespace/Vector4 Structure/Vector4 Fields/Y Field
ms128747(v=vs.90)	Z Field	Field	Microsoft.WindowsMobile.DirectX	Microsoft.WindowsMobile.DirectX (in Microsoft.WindowsMobile.DirectX.dll)	3.5,2.0	CE6R3+;CE5.0/6.0	.NET Framework 3.5/General Reference for the .NET Framework/Additional Managed Reference Topics/Microsoft.WindowsMobile.DirectX Namespace/Quaternion Structure/Quaternion Fields/Z Field
ms128853(v=vs.90)	Z Field	Field	Microsoft.WindowsMobile.DirectX	Microsoft.WindowsMobile.DirectX (in Microsoft.WindowsMobile.DirectX.dll)	3.5,2.0	CE6R3+;CE5.0/6.0	.NET Framework 3.5/General Reference for the .NET Framework/Additional Managed Reference Topics/Microsoft.WindowsMobile.DirectX Namespace/Vector3 Structure/Vector3 Fields/Z Field
ms128947(v=vs.90)	Z Field	Field	Microsoft.WindowsMobile.DirectX	Microsoft.WindowsMobile.DirectX (in Microsoft.WindowsMobile.DirectX.dll)	3.5,2.0	CE6R3+;CE5.0/6.0	.NET Framework 3.5/General Reference for the .NET Framework/Additional Managed Reference Topics/Microsoft.WindowsMobile.DirectX Namespace/Vector4 Structure/Vector4 Fields/Z Field
ms128738(v=vs.90)	Zero Property	Property	Microsoft.WindowsMobile.DirectX	Microsoft.WindowsMobile.DirectX (in Microsoft.WindowsMobile.DirectX.dll)	3.5,2.0	CE6R3+;CE5.0/6.0	.NET Framework 3.5/General Reference for the .NET Framework/Additional Managed Reference Topics/Microsoft.WindowsMobile.DirectX Namespace/Matrix Structure/Matrix Properties /Zero Property 
ms128805(v=vs.90)	Zero Property	Property	Microsoft.WindowsMobile.DirectX	Microsoft.WindowsMobile.DirectX (in Microsoft.WindowsMobile.DirectX.dll)	3.5,2.0	CE6R3+;CE5.0/6.0	.NET Framework 3.5/General Reference for the .NET Framework/Additional Managed Reference Topics/Microsoft.WindowsMobile.DirectX Namespace/Quaternion Structure/Quaternion Properties /Zero Property 
ms129030(v=vs.90)	Adapter Property	Property	Microsoft.WindowsMobile.DirectX.Direct3D	Microsoft.WindowsMobile.DirectX (in Microsoft.WindowsMobile.DirectX.dll)	3.5,2.0	CE6R3+;CE5.0/6.0	.NET Framework 3.5/General Reference for the .NET Framework/Additional Managed Reference Topics/Microsoft.WindowsMobile.DirectX.Direct3D Namespace/AdapterInformation Class/AdapterInformation Properties /Adapter Property 
ms129012(v=vs.90)	AdapterDetails Structure	Structure	Microsoft.WindowsMobile.DirectX.Direct3D	Microsoft.WindowsMobile.DirectX (in Microsoft.WindowsMobile.DirectX.dll)	3.5,2.0	CE6R3+;CE5.0/6.0	.NET Framework 3.5/General Reference for the .NET Framework/Additional Managed Reference Topics/Microsoft.WindowsMobile.DirectX.Direct3D Namespace/AdapterDetails Structure
ms129026(v=vs.90)	AdapterInformation Class	Class	Microsoft.WindowsMobile.DirectX.Direct3D	Microsoft.WindowsMobile.DirectX (in Microsoft.WindowsMobile.DirectX.dll)	3.5,2.0	CE6R3+;CE5.0/6.0	.NET Framework 3.5/General Reference for the .NET Framework/Additional Managed Reference Topics/Microsoft.WindowsMobile.DirectX.Direct3D Namespace/AdapterInformation Class
ms129036(v=vs.90)	AdapterListCollection Class	Class	Microsoft.WindowsMobile.DirectX.Direct3D	Microsoft.WindowsMobile.DirectX (in Microsoft.WindowsMobile.DirectX.dll)	3.5,2.0	CE6R3+;CE5.0/6.0	.NET Framework 3.5/General Reference for the .NET Framework/Additional Managed Reference Topics/Microsoft.WindowsMobile.DirectX.Direct3D Namespace/AdapterListCollection Class
ms129158(v=vs.90)	AdapterOrdinal Property	Property	Microsoft.WindowsMobile.DirectX.Direct3D	Microsoft.WindowsMobile.DirectX (in Microsoft.WindowsMobile.DirectX.dll)	3.5,2.0	CE6R3+;CE5.0/6.0	.NET Framework 3.5/General Reference for the .NET Framework/Additional Managed Reference Topics/Microsoft.WindowsMobile.DirectX.Direct3D Namespace/Caps Structure/Caps Properties /AdapterOrdinal Property 
ms129653(v=vs.90)	AdapterOrdinal Property	Property	Microsoft.WindowsMobile.DirectX.Direct3D	Microsoft.WindowsMobile.DirectX (in Microsoft.WindowsMobile.DirectX.dll)	3.5,2.0	CE6R3+;CE5.0/6.0	.NET Framework 3.5/General Reference for the .NET Framework/Additional Managed Reference Topics/Microsoft.WindowsMobile.DirectX.Direct3D Namespace/DeviceCreationParameters Structure/DeviceCreationParameters Properties /AdapterOrdinal Property 
ms129977(v=vs.90)	Adapters Property	Property	Microsoft.WindowsMobile.DirectX.Direct3D	Microsoft.WindowsMobile.DirectX (in Microsoft.WindowsMobile.DirectX.dll)	3.5,2.0	CE6R3+;CE5.0/6.0	.NET Framework 3.5/General Reference for the .NET Framework/Additional Managed Reference Topics/Microsoft.WindowsMobile.DirectX.Direct3D Namespace/Manager Class/Manager Properties /Adapters Property 
ms130051(v=vs.90)	Add Method	Method	Microsoft.WindowsMobile.DirectX.Direct3D	Microsoft.WindowsMobile.DirectX (in Microsoft.WindowsMobile.DirectX.dll)	3.5,2.0	CE6R3+;CE5.0/6.0	.NET Framework 3.5/General Reference for the .NET Framework/Additional Managed Reference Topics/Microsoft.WindowsMobile.DirectX.Direct3D Namespace/MatrixFixed Structure/MatrixFixed Methods /Add Method 
ms130428(v=vs.90)	AddDirtyRectangle Method	Method	Microsoft.WindowsMobile.DirectX.Direct3D	Microsoft.WindowsMobile.DirectX (in Microsoft.WindowsMobile.DirectX.dll)	3.5,2.0	CE6R3+;CE5.0/6.0	.NET Framework 3.5/General Reference for the .NET Framework/Additional Managed Reference Topics/Microsoft.WindowsMobile.DirectX.Direct3D Namespace/Texture Class/Texture Methods /AddDirtyRectangle Method /AddDirtyRectangle Method 
ms130429(v=vs.90)	AddDirtyRectangle Method (Rectangle)		Microsoft.WindowsMobile.DirectX.Direct3D	Microsoft.WindowsMobile.DirectX (in Microsoft.WindowsMobile.DirectX.dll)	3.5,2.0	CE6R3+;CE5.0/6.0	.NET Framework 3.5/General Reference for the .NET Framework/Additional Managed Reference Topics/Microsoft.WindowsMobile.DirectX.Direct3D Namespace/Texture Class/Texture Methods /AddDirtyRectangle Method /AddDirtyRectangle Method (Rectangle)
ms129744(v=vs.90)	Addition Operator	Operator	Microsoft.WindowsMobile.DirectX.Direct3D	Microsoft.WindowsMobile.DirectX (in Microsoft.WindowsMobile.DirectX.dll)	3.5,2.0	CE6R3+;CE5.0/6.0	.NET Framework 3.5/General Reference for the .NET Framework/Additional Managed Reference Topics/Microsoft.WindowsMobile.DirectX.Direct3D Namespace/FixedPoint Structure/FixedPoint Operators/Addition Operator
ms129050(v=vs.90)	AddressCaps Structure	Structure	Microsoft.WindowsMobile.DirectX.Direct3D	Microsoft.WindowsMobile.DirectX (in Microsoft.WindowsMobile.DirectX.dll)	3.5,2.0	CE6R3+;CE5.0/6.0	.NET Framework 3.5/General Reference for the .NET Framework/Additional Managed Reference Topics/Microsoft.WindowsMobile.DirectX.Direct3D Namespace/AddressCaps Structure
ms130531(v=vs.90)	AddressU Property	Property	Microsoft.WindowsMobile.DirectX.Direct3D	Microsoft.WindowsMobile.DirectX (in Microsoft.WindowsMobile.DirectX.dll)	3.5,2.0	CE6R3+;CE5.0/6.0	.NET Framework 3.5/General Reference for the .NET Framework/Additional Managed Reference Topics/Microsoft.WindowsMobile.DirectX.Direct3D Namespace/TextureStateManager Class/TextureStateManager Properties /AddressU Property 
ms130532(v=vs.90)	AddressV Property	Property	Microsoft.WindowsMobile.DirectX.Direct3D	Microsoft.WindowsMobile.DirectX (in Microsoft.WindowsMobile.DirectX.dll)	3.5,2.0	CE6R3+;CE5.0/6.0	.NET Framework 3.5/General Reference for the .NET Framework/Additional Managed Reference Topics/Microsoft.WindowsMobile.DirectX.Direct3D Namespace/TextureStateManager Class/TextureStateManager Properties /AddressV Property 
ms130533(v=vs.90)	AddressW Property	Property	Microsoft.WindowsMobile.DirectX.Direct3D	Microsoft.WindowsMobile.DirectX (in Microsoft.WindowsMobile.DirectX.dll)	3.5,2.0	CE6R3+;CE5.0/6.0	.NET Framework 3.5/General Reference for the .NET Framework/Additional Managed Reference Topics/Microsoft.WindowsMobile.DirectX.Direct3D Namespace/TextureStateManager Class/TextureStateManager Properties /AddressW Property 
ms129224(v=vs.90)	Alpha Property	Property	Microsoft.WindowsMobile.DirectX.Direct3D	Microsoft.WindowsMobile.DirectX (in Microsoft.WindowsMobile.DirectX.dll)	3.5,2.0	CE6R3+;CE5.0/6.0	.NET Framework 3.5/General Reference for the .NET Framework/Additional Managed Reference Topics/Microsoft.WindowsMobile.DirectX.Direct3D Namespace/ColorValue Structure/ColorValue Properties /Alpha Property 
ms129242(v=vs.90)	Alpha Property	Property	Microsoft.WindowsMobile.DirectX.Direct3D	Microsoft.WindowsMobile.DirectX (in Microsoft.WindowsMobile.DirectX.dll)	3.5,2.0	CE6R3+;CE5.0/6.0	.NET Framework 3.5/General Reference for the .NET Framework/Additional Managed Reference Topics/Microsoft.WindowsMobile.DirectX.Direct3D Namespace/ColorValueFixed Structure/ColorValueFixed Properties /Alpha Property 
ms130534(v=vs.90)	AlphaArgument0 Property	Property	Microsoft.WindowsMobile.DirectX.Direct3D	Microsoft.WindowsMobile.DirectX (in Microsoft.WindowsMobile.DirectX.dll)	3.5,2.0	CE6R3+;CE5.0/6.0	.NET Framework 3.5/General Reference for the .NET Framework/Additional Managed Reference Topics/Microsoft.WindowsMobile.DirectX.Direct3D Namespace/TextureStateManager Class/TextureStateManager Properties /AlphaArgument0 Property 
ms130535(v=vs.90)	AlphaArgument1 Property	Property	Microsoft.WindowsMobile.DirectX.Direct3D	Microsoft.WindowsMobile.DirectX (in Microsoft.WindowsMobile.DirectX.dll)	3.5,2.0	CE6R3+;CE5.0/6.0	.NET Framework 3.5/General Reference for the .NET Framework/Additional Managed Reference Topics/Microsoft.WindowsMobile.DirectX.Direct3D Namespace/TextureStateManager Class/TextureStateManager Properties /AlphaArgument1 Property 
ms130536(v=vs.90)	AlphaArgument2 Property	Property	Microsoft.WindowsMobile.DirectX.Direct3D	Microsoft.WindowsMobile.DirectX (in Microsoft.WindowsMobile.DirectX.dll)	3.5,2.0	CE6R3+;CE5.0/6.0	.NET Framework 3.5/General Reference for the .NET Framework/Additional Managed Reference Topics/Microsoft.WindowsMobile.DirectX.Direct3D Namespace/TextureStateManager Class/TextureStateManager Properties /AlphaArgument2 Property 
ms130219(v=vs.90)	AlphaBlendEnable Property	Property	Microsoft.WindowsMobile.DirectX.Direct3D	Microsoft.WindowsMobile.DirectX (in Microsoft.WindowsMobile.DirectX.dll)	3.5,2.0	CE6R3+;CE5.0/6.0	.NET Framework 3.5/General Reference for the .NET Framework/Additional Managed Reference Topics/Microsoft.WindowsMobile.DirectX.Direct3D Namespace/RenderStateManager Class/RenderStateManager Properties /AlphaBlendEnable Property 
ms129159(v=vs.90)	AlphaCompareCaps Property	Property	Microsoft.WindowsMobile.DirectX.Direct3D	Microsoft.WindowsMobile.DirectX (in Microsoft.WindowsMobile.DirectX.dll)	3.5,2.0	CE6R3+;CE5.0/6.0	.NET Framework 3.5/General Reference for the .NET Framework/Additional Managed Reference Topics/Microsoft.WindowsMobile.DirectX.Direct3D Namespace/Caps Structure/Caps Properties /AlphaCompareCaps Property 
ms130220(v=vs.90)	AlphaFunction Property	Property	Microsoft.WindowsMobile.DirectX.Direct3D	Microsoft.WindowsMobile.DirectX (in Microsoft.WindowsMobile.DirectX.dll)	3.5,2.0	CE6R3+;CE5.0/6.0	.NET Framework 3.5/General Reference for the .NET Framework/Additional Managed Reference Topics/Microsoft.WindowsMobile.DirectX.Direct3D Namespace/RenderStateManager Class/RenderStateManager Properties /AlphaFunction Property 
ms130537(v=vs.90)	AlphaOperation Property	Property	Microsoft.WindowsMobile.DirectX.Direct3D	Microsoft.WindowsMobile.DirectX (in Microsoft.WindowsMobile.DirectX.dll)	3.5,2.0	CE6R3+;CE5.0/6.0	.NET Framework 3.5/General Reference for the .NET Framework/Additional Managed Reference Topics/Microsoft.WindowsMobile.DirectX.Direct3D Namespace/TextureStateManager Class/TextureStateManager Properties /AlphaOperation Property 
ms130221(v=vs.90)	AlphaTestEnable Property	Property	Microsoft.WindowsMobile.DirectX.Direct3D	Microsoft.WindowsMobile.DirectX (in Microsoft.WindowsMobile.DirectX.dll)	3.5,2.0	CE6R3+;CE5.0/6.0	.NET Framework 3.5/General Reference for the .NET Framework/Additional Managed Reference Topics/Microsoft.WindowsMobile.DirectX.Direct3D Namespace/RenderStateManager Class/RenderStateManager Properties /AlphaTestEnable Property 
ms129061(v=vs.90)	AlreadyLockedException Class	Class	Microsoft.WindowsMobile.DirectX.Direct3D	Microsoft.WindowsMobile.DirectX (in Microsoft.WindowsMobile.DirectX.dll)	3.5,2.0	CE6R3+;CE5.0/6.0	.NET Framework 3.5/General Reference for the .NET Framework/Additional Managed Reference Topics/Microsoft.WindowsMobile.DirectX.Direct3D Namespace/AlreadyLockedException Class
ms129063(v=vs.90)	AlreadyLockedException Constructor	Constructor	Microsoft.WindowsMobile.DirectX.Direct3D	Microsoft.WindowsMobile.DirectX (in Microsoft.WindowsMobile.DirectX.dll)	3.5,2.0	CE6R3+;CE5.0/6.0	.NET Framework 3.5/General Reference for the .NET Framework/Additional Managed Reference Topics/Microsoft.WindowsMobile.DirectX.Direct3D Namespace/AlreadyLockedException Class/AlreadyLockedException Constructor 
ms129898(v=vs.90)	Ambient Property	Property	Microsoft.WindowsMobile.DirectX.Direct3D	Microsoft.WindowsMobile.DirectX (in Microsoft.WindowsMobile.DirectX.dll)	3.5,2.0	CE6R3+;CE5.0/6.0	.NET Framework 3.5/General Reference for the .NET Framework/Additional Managed Reference Topics/Microsoft.WindowsMobile.DirectX.Direct3D Namespace/Light Class/Light Properties /Ambient Property 
ms129922(v=vs.90)	Ambient Property	Property	Microsoft.WindowsMobile.DirectX.Direct3D	Microsoft.WindowsMobile.DirectX (in Microsoft.WindowsMobile.DirectX.dll)	3.5,2.0	CE6R3+;CE5.0/6.0	.NET Framework 3.5/General Reference for the .NET Framework/Additional Managed Reference Topics/Microsoft.WindowsMobile.DirectX.Direct3D Namespace/LightFixed Class/LightFixed Properties /Ambient Property 
ms129987(v=vs.90)	Ambient Property	Property	Microsoft.WindowsMobile.DirectX.Direct3D	Microsoft.WindowsMobile.DirectX (in Microsoft.WindowsMobile.DirectX.dll)	3.5,2.0	CE6R3+;CE5.0/6.0	.NET Framework 3.5/General Reference for the .NET Framework/Additional Managed Reference Topics/Microsoft.WindowsMobile.DirectX.Direct3D Namespace/Material Structure/Material Properties /Ambient Property 
ms130020(v=vs.90)	Ambient Property	Property	Microsoft.WindowsMobile.DirectX.Direct3D	Microsoft.WindowsMobile.DirectX (in Microsoft.WindowsMobile.DirectX.dll)	3.5,2.0	CE6R3+;CE5.0/6.0	.NET Framework 3.5/General Reference for the .NET Framework/Additional Managed Reference Topics/Microsoft.WindowsMobile.DirectX.Direct3D Namespace/MaterialFixed Structure/MaterialFixed Properties /Ambient Property 
ms130223(v=vs.90)	Ambient Property	Property	Microsoft.WindowsMobile.DirectX.Direct3D	Microsoft.WindowsMobile.DirectX (in Microsoft.WindowsMobile.DirectX.dll)	3.5,2.0	CE6R3+;CE5.0/6.0	.NET Framework 3.5/General Reference for the .NET Framework/Additional Managed Reference Topics/Microsoft.WindowsMobile.DirectX.Direct3D Namespace/RenderStateManager Class/RenderStateManager Properties /Ambient Property 
ms129899(v=vs.90)	AmbientColor Property	Property	Microsoft.WindowsMobile.DirectX.Direct3D	Microsoft.WindowsMobile.DirectX (in Microsoft.WindowsMobile.DirectX.dll)	3.5,2.0	CE6R3+;CE5.0/6.0	.NET Framework 3.5/General Reference for the .NET Framework/Additional Managed Reference Topics/Microsoft.WindowsMobile.DirectX.Direct3D Namespace/Light Class/Light Properties /AmbientColor Property 
ms129923(v=vs.90)	AmbientColor Property	Property	Microsoft.WindowsMobile.DirectX.Direct3D	Microsoft.WindowsMobile.DirectX (in Microsoft.WindowsMobile.DirectX.dll)	3.5,2.0	CE6R3+;CE5.0/6.0	.NET Framework 3.5/General Reference for the .NET Framework/Additional Managed Reference Topics/Microsoft.WindowsMobile.DirectX.Direct3D Namespace/LightFixed Class/LightFixed Properties /AmbientColor Property 
ms129988(v=vs.90)	AmbientColor Property	Property	Microsoft.WindowsMobile.DirectX.Direct3D	Microsoft.WindowsMobile.DirectX (in Microsoft.WindowsMobile.DirectX.dll)	3.5,2.0	CE6R3+;CE5.0/6.0	.NET Framework 3.5/General Reference for the .NET Framework/Additional Managed Reference Topics/Microsoft.WindowsMobile.DirectX.Direct3D Namespace/Material Structure/Material Properties /AmbientColor Property 
ms130021(v=vs.90)	AmbientColor Property	Property	Microsoft.WindowsMobile.DirectX.Direct3D	Microsoft.WindowsMobile.DirectX (in Microsoft.WindowsMobile.DirectX.dll)	3.5,2.0	CE6R3+;CE5.0/6.0	.NET Framework 3.5/General Reference for the .NET Framework/Additional Managed Reference Topics/Microsoft.WindowsMobile.DirectX.Direct3D Namespace/MaterialFixed Structure/MaterialFixed Properties /AmbientColor Property 
ms130224(v=vs.90)	AmbientMaterialSource Property	Property	Microsoft.WindowsMobile.DirectX.Direct3D	Microsoft.WindowsMobile.DirectX (in Microsoft.WindowsMobile.DirectX.dll)	3.5,2.0	CE6R3+;CE5.0/6.0	.NET Framework 3.5/General Reference for the .NET Framework/Additional Managed Reference Topics/Microsoft.WindowsMobile.DirectX.Direct3D Namespace/RenderStateManager Class/RenderStateManager Properties /AmbientMaterialSource Property 
ms129900(v=vs.90)	Attenuation0 Property	Property	Microsoft.WindowsMobile.DirectX.Direct3D	Microsoft.WindowsMobile.DirectX (in Microsoft.WindowsMobile.DirectX.dll)	3.5,2.0	CE6R3+;CE5.0/6.0	.NET Framework 3.5/General Reference for the .NET Framework/Additional Managed Reference Topics/Microsoft.WindowsMobile.DirectX.Direct3D Namespace/Light Class/Light Properties /Attenuation0 Property 
ms129924(v=vs.90)	Attenuation0 Property	Property	Microsoft.WindowsMobile.DirectX.Direct3D	Microsoft.WindowsMobile.DirectX (in Microsoft.WindowsMobile.DirectX.dll)	3.5,2.0	CE6R3+;CE5.0/6.0	.NET Framework 3.5/General Reference for the .NET Framework/Additional Managed Reference Topics/Microsoft.WindowsMobile.DirectX.Direct3D Namespace/LightFixed Class/LightFixed Properties /Attenuation0 Property 
ms129901(v=vs.90)	Attenuation1 Property	Property	Microsoft.WindowsMobile.DirectX.Direct3D	Microsoft.WindowsMobile.DirectX (in Microsoft.WindowsMobile.DirectX.dll)	3.5,2.0	CE6R3+;CE5.0/6.0	.NET Framework 3.5/General Reference for the .NET Framework/Additional Managed Reference Topics/Microsoft.WindowsMobile.DirectX.Direct3D Namespace/Light Class/Light Properties /Attenuation1 Property 
ms129925(v=vs.90)	Attenuation1 Property	Property	Microsoft.WindowsMobile.DirectX.Direct3D	Microsoft.WindowsMobile.DirectX (in Microsoft.WindowsMobile.DirectX.dll)	3.5,2.0	CE6R3+;CE5.0/6.0	.NET Framework 3.5/General Reference for the .NET Framework/Additional Managed Reference Topics/Microsoft.WindowsMobile.DirectX.Direct3D Namespace/LightFixed Class/LightFixed Properties /Attenuation1 Property 
ms129902(v=vs.90)	Attenuation2 Property	Property	Microsoft.WindowsMobile.DirectX.Direct3D	Microsoft.WindowsMobile.DirectX (in Microsoft.WindowsMobile.DirectX.dll)	3.5,2.0	CE6R3+;CE5.0/6.0	.NET Framework 3.5/General Reference for the .NET Framework/Additional Managed Reference Topics/Microsoft.WindowsMobile.DirectX.Direct3D Namespace/Light Class/Light Properties /Attenuation2 Property 
ms129926(v=vs.90)	Attenuation2 Property	Property	Microsoft.WindowsMobile.DirectX.Direct3D	Microsoft.WindowsMobile.DirectX (in Microsoft.WindowsMobile.DirectX.dll)	3.5,2.0	CE6R3+;CE5.0/6.0	.NET Framework 3.5/General Reference for the .NET Framework/Additional Managed Reference Topics/Microsoft.WindowsMobile.DirectX.Direct3D Namespace/LightFixed Class/LightFixed Properties /Attenuation2 Property 
ms129071(v=vs.90)	AttributeId Property	Property	Microsoft.WindowsMobile.DirectX.Direct3D	Microsoft.WindowsMobile.DirectX (in Microsoft.WindowsMobile.DirectX.dll)	3.5,2.0	CE6R3+;CE5.0/6.0	.NET Framework 3.5/General Reference for the .NET Framework/Additional Managed Reference Topics/Microsoft.WindowsMobile.DirectX.Direct3D Namespace/AttributeRange Structure/AttributeRange Properties /AttributeId Property 
ms129067(v=vs.90)	AttributeRange Structure	Structure	Microsoft.WindowsMobile.DirectX.Direct3D	Microsoft.WindowsMobile.DirectX (in Microsoft.WindowsMobile.DirectX.dll)	3.5,2.0	CE6R3+;CE5.0/6.0	.NET Framework 3.5/General Reference for the .NET Framework/Additional Managed Reference Topics/Microsoft.WindowsMobile.DirectX.Direct3D Namespace/AttributeRange Structure
ms130178(v=vs.90)	AutoDepthStencilFormat Property	Property	Microsoft.WindowsMobile.DirectX.Direct3D	Microsoft.WindowsMobile.DirectX (in Microsoft.WindowsMobile.DirectX.dll)	3.5,2.0	CE6R3+;CE5.0/6.0	.NET Framework 3.5/General Reference for the .NET Framework/Additional Managed Reference Topics/Microsoft.WindowsMobile.DirectX.Direct3D Namespace/PresentParameters Class/PresentParameters Properties /AutoDepthStencilFormat Property 
ms130179(v=vs.90)	BackBufferCount Property	Property	Microsoft.WindowsMobile.DirectX.Direct3D	Microsoft.WindowsMobile.DirectX (in Microsoft.WindowsMobile.DirectX.dll)	3.5,2.0	CE6R3+;CE5.0/6.0	.NET Framework 3.5/General Reference for the .NET Framework/Additional Managed Reference Topics/Microsoft.WindowsMobile.DirectX.Direct3D Namespace/PresentParameters Class/PresentParameters Properties /BackBufferCount Property 
ms130180(v=vs.90)	BackBufferFormat Property	Property	Microsoft.WindowsMobile.DirectX.Direct3D	Microsoft.WindowsMobile.DirectX (in Microsoft.WindowsMobile.DirectX.dll)	3.5,2.0	CE6R3+;CE5.0/6.0	.NET Framework 3.5/General Reference for the .NET Framework/Additional Managed Reference Topics/Microsoft.WindowsMobile.DirectX.Direct3D Namespace/PresentParameters Class/PresentParameters Properties /BackBufferFormat Property 
ms130181(v=vs.90)	BackBufferHeight Property	Property	Microsoft.WindowsMobile.DirectX.Direct3D	Microsoft.WindowsMobile.DirectX (in Microsoft.WindowsMobile.DirectX.dll)	3.5,2.0	CE6R3+;CE5.0/6.0	.NET Framework 3.5/General Reference for the .NET Framework/Additional Managed Reference Topics/Microsoft.WindowsMobile.DirectX.Direct3D Namespace/PresentParameters Class/PresentParameters Properties /BackBufferHeight Property 
ms129078(v=vs.90)	BackBufferType Enumeration	Enumeration	Microsoft.WindowsMobile.DirectX.Direct3D	Microsoft.WindowsMobile.DirectX (in Microsoft.WindowsMobile.DirectX.dll)	3.5,2.0	CE6R3+;CE5.0/6.0	.NET Framework 3.5/General Reference for the .NET Framework/Additional Managed Reference Topics/Microsoft.WindowsMobile.DirectX.Direct3D Namespace/BackBufferType Enumeration
ms130182(v=vs.90)	BackBufferWidth Property	Property	Microsoft.WindowsMobile.DirectX.Direct3D	Microsoft.WindowsMobile.DirectX (in Microsoft.WindowsMobile.DirectX.dll)	3.5,2.0	CE6R3+;CE5.0/6.0	.NET Framework 3.5/General Reference for the .NET Framework/Additional Managed Reference Topics/Microsoft.WindowsMobile.DirectX.Direct3D Namespace/PresentParameters Class/PresentParameters Properties /BackBufferWidth Property 
ms129079(v=vs.90)	BaseMesh Class	Class	Microsoft.WindowsMobile.DirectX.Direct3D	Microsoft.WindowsMobile.DirectX (in Microsoft.WindowsMobile.DirectX.dll)	3.5,2.0	CE6R3+;CE5.0/6.0	.NET Framework 3.5/General Reference for the .NET Framework/Additional Managed Reference Topics/Microsoft.WindowsMobile.DirectX.Direct3D Namespace/BaseMesh Class
ms129106(v=vs.90)	BaseTexture Class	Class	Microsoft.WindowsMobile.DirectX.Direct3D	Microsoft.WindowsMobile.DirectX (in Microsoft.WindowsMobile.DirectX.dll)	3.5,2.0	CE6R3+;CE5.0/6.0	.NET Framework 3.5/General Reference for the .NET Framework/Additional Managed Reference Topics/Microsoft.WindowsMobile.DirectX.Direct3D Namespace/BaseTexture Class
ms130301(v=vs.90)	Begin Method	Method	Microsoft.WindowsMobile.DirectX.Direct3D	Microsoft.WindowsMobile.DirectX (in Microsoft.WindowsMobile.DirectX.dll)	3.5,2.0	CE6R3+;CE5.0/6.0	.NET Framework 3.5/General Reference for the .NET Framework/Additional Managed Reference Topics/Microsoft.WindowsMobile.DirectX.Direct3D Namespace/Sprite Class/Sprite Methods /Begin Method 
ms129559(v=vs.90)	BeginScene Method	Method	Microsoft.WindowsMobile.DirectX.Direct3D	Microsoft.WindowsMobile.DirectX (in Microsoft.WindowsMobile.DirectX.dll)	3.5,2.0	CE6R3+;CE5.0/6.0	.NET Framework 3.5/General Reference for the .NET Framework/Additional Managed Reference Topics/Microsoft.WindowsMobile.DirectX.Direct3D Namespace/Device Class/Device Methods /BeginScene Method 
ms129654(v=vs.90)	Behavior Property	Property	Microsoft.WindowsMobile.DirectX.Direct3D	Microsoft.WindowsMobile.DirectX (in Microsoft.WindowsMobile.DirectX.dll)	3.5,2.0	CE6R3+;CE5.0/6.0	.NET Framework 3.5/General Reference for the .NET Framework/Additional Managed Reference Topics/Microsoft.WindowsMobile.DirectX.Direct3D Namespace/DeviceCreationParameters Structure/DeviceCreationParameters Properties /Behavior Property 
ms129117(v=vs.90)	BehaviorFlags Constructor	Constructor	Microsoft.WindowsMobile.DirectX.Direct3D	Microsoft.WindowsMobile.DirectX (in Microsoft.WindowsMobile.DirectX.dll)	3.5,2.0	CE6R3+;CE5.0/6.0	.NET Framework 3.5/General Reference for the .NET Framework/Additional Managed Reference Topics/Microsoft.WindowsMobile.DirectX.Direct3D Namespace/BehaviorFlags Structure/BehaviorFlags Constructor 
ms129115(v=vs.90)	BehaviorFlags Structure	Structure	Microsoft.WindowsMobile.DirectX.Direct3D	Microsoft.WindowsMobile.DirectX (in Microsoft.WindowsMobile.DirectX.dll)	3.5,2.0	CE6R3+;CE5.0/6.0	.NET Framework 3.5/General Reference for the .NET Framework/Additional Managed Reference Topics/Microsoft.WindowsMobile.DirectX.Direct3D Namespace/BehaviorFlags Structure
ms129124(v=vs.90)	Blend Enumeration	Enumeration	Microsoft.WindowsMobile.DirectX.Direct3D	Microsoft.WindowsMobile.DirectX (in Microsoft.WindowsMobile.DirectX.dll)	3.5,2.0	CE6R3+;CE5.0/6.0	.NET Framework 3.5/General Reference for the .NET Framework/Additional Managed Reference Topics/Microsoft.WindowsMobile.DirectX.Direct3D Namespace/Blend Enumeration
ms129125(v=vs.90)	BlendCaps Structure	Structure	Microsoft.WindowsMobile.DirectX.Direct3D	Microsoft.WindowsMobile.DirectX (in Microsoft.WindowsMobile.DirectX.dll)	3.5,2.0	CE6R3+;CE5.0/6.0	.NET Framework 3.5/General Reference for the .NET Framework/Additional Managed Reference Topics/Microsoft.WindowsMobile.DirectX.Direct3D Namespace/BlendCaps Structure
ms129142(v=vs.90)	BlendOperation Enumeration	Enumeration	Microsoft.WindowsMobile.DirectX.Direct3D	Microsoft.WindowsMobile.DirectX (in Microsoft.WindowsMobile.DirectX.dll)	3.5,2.0	CE6R3+;CE5.0/6.0	.NET Framework 3.5/General Reference for the .NET Framework/Additional Managed Reference Topics/Microsoft.WindowsMobile.DirectX.Direct3D Namespace/BlendOperation Enumeration
ms130225(v=vs.90)	BlendOperation Property	Property	Microsoft.WindowsMobile.DirectX.Direct3D	Microsoft.WindowsMobile.DirectX (in Microsoft.WindowsMobile.DirectX.dll)	3.5,2.0	CE6R3+;CE5.0/6.0	.NET Framework 3.5/General Reference for the .NET Framework/Additional Managed Reference Topics/Microsoft.WindowsMobile.DirectX.Direct3D Namespace/RenderStateManager Class/RenderStateManager Properties /BlendOperation Property 
ms129160(v=vs.90)	BlendOperationCaps Property	Property	Microsoft.WindowsMobile.DirectX.Direct3D	Microsoft.WindowsMobile.DirectX (in Microsoft.WindowsMobile.DirectX.dll)	3.5,2.0	CE6R3+;CE5.0/6.0	.NET Framework 3.5/General Reference for the .NET Framework/Additional Managed Reference Topics/Microsoft.WindowsMobile.DirectX.Direct3D Namespace/Caps Structure/Caps Properties /BlendOperationCaps Property 
ms129143(v=vs.90)	BlendOperationCaps Structure	Structure	Microsoft.WindowsMobile.DirectX.Direct3D	Microsoft.WindowsMobile.DirectX (in Microsoft.WindowsMobile.DirectX.dll)	3.5,2.0	CE6R3+;CE5.0/6.0	.NET Framework 3.5/General Reference for the .NET Framework/Additional Managed Reference Topics/Microsoft.WindowsMobile.DirectX.Direct3D Namespace/BlendOperationCaps Structure
ms129225(v=vs.90)	Blue Property	Property	Microsoft.WindowsMobile.DirectX.Direct3D	Microsoft.WindowsMobile.DirectX (in Microsoft.WindowsMobile.DirectX.dll)	3.5,2.0	CE6R3+;CE5.0/6.0	.NET Framework 3.5/General Reference for the .NET Framework/Additional Managed Reference Topics/Microsoft.WindowsMobile.DirectX.Direct3D Namespace/ColorValue Structure/ColorValue Properties /Blue Property 
ms129243(v=vs.90)	Blue Property	Property	Microsoft.WindowsMobile.DirectX.Direct3D	Microsoft.WindowsMobile.DirectX (in Microsoft.WindowsMobile.DirectX.dll)	3.5,2.0	CE6R3+;CE5.0/6.0	.NET Framework 3.5/General Reference for the .NET Framework/Additional Managed Reference Topics/Microsoft.WindowsMobile.DirectX.Direct3D Namespace/ColorValueFixed Structure/ColorValueFixed Properties /Blue Property 
ms130160(v=vs.90)	Blue Property	Property	Microsoft.WindowsMobile.DirectX.Direct3D	Microsoft.WindowsMobile.DirectX (in Microsoft.WindowsMobile.DirectX.dll)	3.5,2.0	CE6R3+;CE5.0/6.0	.NET Framework 3.5/General Reference for the .NET Framework/Additional Managed Reference Topics/Microsoft.WindowsMobile.DirectX.Direct3D Namespace/PaletteEntry Structure/PaletteEntry Properties /Blue Property 
ms130538(v=vs.90)	BorderColor Property	Property	Microsoft.WindowsMobile.DirectX.Direct3D	Microsoft.WindowsMobile.DirectX (in Microsoft.WindowsMobile.DirectX.dll)	3.5,2.0	CE6R3+;CE5.0/6.0	.NET Framework 3.5/General Reference for the .NET Framework/Additional Managed Reference Topics/Microsoft.WindowsMobile.DirectX.Direct3D Namespace/TextureStateManager Class/TextureStateManager Properties /BorderColor Property 
ms130069(v=vs.90)	Box Method	Method	Microsoft.WindowsMobile.DirectX.Direct3D	Microsoft.WindowsMobile.DirectX (in Microsoft.WindowsMobile.DirectX.dll)	3.5,2.0	CE6R3+;CE5.0/6.0	.NET Framework 3.5/General Reference for the .NET Framework/Additional Managed Reference Topics/Microsoft.WindowsMobile.DirectX.Direct3D Namespace/Mesh Class/Mesh Methods /Box Method 
ms129827(v=vs.90)	BoxBoundProbe Method	Method	Microsoft.WindowsMobile.DirectX.Direct3D	Microsoft.WindowsMobile.DirectX (in Microsoft.WindowsMobile.DirectX.dll)	3.5,2.0	CE6R3+;CE5.0/6.0	.NET Framework 3.5/General Reference for the .NET Framework/Additional Managed Reference Topics/Microsoft.WindowsMobile.DirectX.Direct3D Namespace/Geometry Class/Geometry Methods /BoxBoundProbe Method 
ms129641(v=vs.90)	CanRenderDuringPresent Property	Property	Microsoft.WindowsMobile.DirectX.Direct3D	Microsoft.WindowsMobile.DirectX (in Microsoft.WindowsMobile.DirectX.dll)	3.5,2.0	CE6R3+;CE5.0/6.0	.NET Framework 3.5/General Reference for the .NET Framework/Additional Managed Reference Topics/Microsoft.WindowsMobile.DirectX.Direct3D Namespace/DeviceCaps Structure/DeviceCaps Properties /CanRenderDuringPresent Property 
ms129154(v=vs.90)	Caps Structure	Structure	Microsoft.WindowsMobile.DirectX.Direct3D	Microsoft.WindowsMobile.DirectX (in Microsoft.WindowsMobile.DirectX.dll)	3.5,2.0	CE6R3+;CE5.0/6.0	.NET Framework 3.5/General Reference for the .NET Framework/Additional Managed Reference Topics/Microsoft.WindowsMobile.DirectX.Direct3D Namespace/Caps Structure
ms129811(v=vs.90)	CharSet Property	Property	Microsoft.WindowsMobile.DirectX.Direct3D	Microsoft.WindowsMobile.DirectX (in Microsoft.WindowsMobile.DirectX.dll)	3.5,2.0	CE6R3+;CE5.0/6.0	.NET Framework 3.5/General Reference for the .NET Framework/Additional Managed Reference Topics/Microsoft.WindowsMobile.DirectX.Direct3D Namespace/FontDescription Structure/FontDescription Properties /CharSet Property 
ms129199(v=vs.90)	CharacterSet Enumeration	Enumeration	Microsoft.WindowsMobile.DirectX.Direct3D	Microsoft.WindowsMobile.DirectX (in Microsoft.WindowsMobile.DirectX.dll)	3.5,2.0	CE6R3+;CE5.0/6.0	.NET Framework 3.5/General Reference for the .NET Framework/Additional Managed Reference Topics/Microsoft.WindowsMobile.DirectX.Direct3D Namespace/CharacterSet Enumeration
ms129561(v=vs.90)	CheckCooperativeLevel Method	Method	Microsoft.WindowsMobile.DirectX.Direct3D	Microsoft.WindowsMobile.DirectX (in Microsoft.WindowsMobile.DirectX.dll)	3.5,2.0	CE6R3+;CE5.0/6.0	.NET Framework 3.5/General Reference for the .NET Framework/Additional Managed Reference Topics/Microsoft.WindowsMobile.DirectX.Direct3D Namespace/Device Class/Device Methods /CheckCooperativeLevel Method /CheckCooperativeLevel Method 
ms129562(v=vs.90)	CheckCooperativeLevel Method (Int32)		Microsoft.WindowsMobile.DirectX.Direct3D	Microsoft.WindowsMobile.DirectX (in Microsoft.WindowsMobile.DirectX.dll)	3.5,2.0	CE6R3+;CE5.0/6.0	.NET Framework 3.5/General Reference for the .NET Framework/Additional Managed Reference Topics/Microsoft.WindowsMobile.DirectX.Direct3D Namespace/Device Class/Device Methods /CheckCooperativeLevel Method /CheckCooperativeLevel Method (Int32)
ms129966(v=vs.90)	CheckDepthStencilMatch Method	Method	Microsoft.WindowsMobile.DirectX.Direct3D	Microsoft.WindowsMobile.DirectX (in Microsoft.WindowsMobile.DirectX.dll)	3.5,2.0	CE6R3+;CE5.0/6.0	.NET Framework 3.5/General Reference for the .NET Framework/Additional Managed Reference Topics/Microsoft.WindowsMobile.DirectX.Direct3D Namespace/Manager Class/Manager Methods /CheckDepthStencilMatch Method 
ms129967(v=vs.90)	CheckDeviceFormat Method	Method	Microsoft.WindowsMobile.DirectX.Direct3D	Microsoft.WindowsMobile.DirectX (in Microsoft.WindowsMobile.DirectX.dll)	3.5,2.0	CE6R3+;CE5.0/6.0	.NET Framework 3.5/General Reference for the .NET Framework/Additional Managed Reference Topics/Microsoft.WindowsMobile.DirectX.Direct3D Namespace/Manager Class/Manager Methods /CheckDeviceFormat Method 
ms129968(v=vs.90)	CheckDeviceFormatConversion Method	Method	Microsoft.WindowsMobile.DirectX.Direct3D	Microsoft.WindowsMobile.DirectX (in Microsoft.WindowsMobile.DirectX.dll)	3.5,2.0	CE6R3+;CE5.0/6.0	.NET Framework 3.5/General Reference for the .NET Framework/Additional Managed Reference Topics/Microsoft.WindowsMobile.DirectX.Direct3D Namespace/Manager Class/Manager Methods /CheckDeviceFormatConversion Method 
ms129969(v=vs.90)	CheckDeviceMultiSampleType Method	Method	Microsoft.WindowsMobile.DirectX.Direct3D	Microsoft.WindowsMobile.DirectX (in Microsoft.WindowsMobile.DirectX.dll)	3.5,2.0	CE6R3+;CE5.0/6.0	.NET Framework 3.5/General Reference for the .NET Framework/Additional Managed Reference Topics/Microsoft.WindowsMobile.DirectX.Direct3D Namespace/Manager Class/Manager Methods /CheckDeviceMultiSampleType Method 
ms129970(v=vs.90)	CheckDeviceType Method	Method	Microsoft.WindowsMobile.DirectX.Direct3D	Microsoft.WindowsMobile.DirectX (in Microsoft.WindowsMobile.DirectX.dll)	3.5,2.0	CE6R3+;CE5.0/6.0	.NET Framework 3.5/General Reference for the .NET Framework/Additional Managed Reference Topics/Microsoft.WindowsMobile.DirectX.Direct3D Namespace/Manager Class/Manager Methods /CheckDeviceType Method 
ms129971(v=vs.90)	CheckProfile Method	Method	Microsoft.WindowsMobile.DirectX.Direct3D	Microsoft.WindowsMobile.DirectX (in Microsoft.WindowsMobile.DirectX.dll)	3.5,2.0	CE6R3+;CE5.0/6.0	.NET Framework 3.5/General Reference for the .NET Framework/Additional Managed Reference Topics/Microsoft.WindowsMobile.DirectX.Direct3D Namespace/Manager Class/Manager Methods /CheckProfile Method 
ms130472(v=vs.90)	CheckTextureRequirements Method	Method	Microsoft.WindowsMobile.DirectX.Direct3D	Microsoft.WindowsMobile.DirectX (in Microsoft.WindowsMobile.DirectX.dll)	3.5,2.0	CE6R3+;CE5.0/6.0	.NET Framework 3.5/General Reference for the .NET Framework/Additional Managed Reference Topics/Microsoft.WindowsMobile.DirectX.Direct3D Namespace/TextureLoader Class/TextureLoader Methods /CheckTextureRequirements Method 
ms129565(v=vs.90)	Clear Method (ClearFlags, Color, Single, Int32)		Microsoft.WindowsMobile.DirectX.Direct3D	Microsoft.WindowsMobile.DirectX (in Microsoft.WindowsMobile.DirectX.dll)	3.5,2.0	CE6R3+;CE5.0/6.0	.NET Framework 3.5/General Reference for the .NET Framework/Additional Managed Reference Topics/Microsoft.WindowsMobile.DirectX.Direct3D Namespace/Device Class/Device Methods /Clear Method /Clear Method (ClearFlags, Color, Single, Int32)
ms129567(v=vs.90)	Clear Method (ClearFlags, Color, Single, Int32, Rectangle[])		Microsoft.WindowsMobile.DirectX.Direct3D	Microsoft.WindowsMobile.DirectX (in Microsoft.WindowsMobile.DirectX.dll)	3.5,2.0	CE6R3+;CE5.0/6.0	.NET Framework 3.5/General Reference for the .NET Framework/Additional Managed Reference Topics/Microsoft.WindowsMobile.DirectX.Direct3D Namespace/Device Class/Device Methods /Clear Method /Clear Method (ClearFlags, Color, Single, Int32, Rectangle[])
ms129566(v=vs.90)	Clear Method (ClearFlags, Int32, Single, Int32)		Microsoft.WindowsMobile.DirectX.Direct3D	Microsoft.WindowsMobile.DirectX (in Microsoft.WindowsMobile.DirectX.dll)	3.5,2.0	CE6R3+;CE5.0/6.0	.NET Framework 3.5/General Reference for the .NET Framework/Additional Managed Reference Topics/Microsoft.WindowsMobile.DirectX.Direct3D Namespace/Device Class/Device Methods /Clear Method /Clear Method (ClearFlags, Int32, Single, Int32)
ms129200(v=vs.90)	ClearFlags Enumeration	Enumeration	Microsoft.WindowsMobile.DirectX.Direct3D	Microsoft.WindowsMobile.DirectX (in Microsoft.WindowsMobile.DirectX.dll)	3.5,2.0	CE6R3+;CE5.0/6.0	.NET Framework 3.5/General Reference for the .NET Framework/Additional Managed Reference Topics/Microsoft.WindowsMobile.DirectX.Direct3D Namespace/ClearFlags Enumeration
ms129205(v=vs.90)	ClipIntersection Property	Property	Microsoft.WindowsMobile.DirectX.Direct3D	Microsoft.WindowsMobile.DirectX (in Microsoft.WindowsMobile.DirectX.dll)	3.5,2.0	CE6R3+;CE5.0/6.0	.NET Framework 3.5/General Reference for the .NET Framework/Additional Managed Reference Topics/Microsoft.WindowsMobile.DirectX.Direct3D Namespace/ClipStatus Structure/ClipStatus Properties /ClipIntersection Property 
ms129612(v=vs.90)	ClipStatus Property	Property	Microsoft.WindowsMobile.DirectX.Direct3D	Microsoft.WindowsMobile.DirectX (in Microsoft.WindowsMobile.DirectX.dll)	3.5,2.0	CE6R3+;CE5.0/6.0	.NET Framework 3.5/General Reference for the .NET Framework/Additional Managed Reference Topics/Microsoft.WindowsMobile.DirectX.Direct3D Namespace/Device Class/Device Properties /ClipStatus Property 
ms129201(v=vs.90)	ClipStatus Structure	Structure	Microsoft.WindowsMobile.DirectX.Direct3D	Microsoft.WindowsMobile.DirectX (in Microsoft.WindowsMobile.DirectX.dll)	3.5,2.0	CE6R3+;CE5.0/6.0	.NET Framework 3.5/General Reference for the .NET Framework/Additional Managed Reference Topics/Microsoft.WindowsMobile.DirectX.Direct3D Namespace/ClipStatus Structure
ms129209(v=vs.90)	ClipStatusFlags Enumeration	Enumeration	Microsoft.WindowsMobile.DirectX.Direct3D	Microsoft.WindowsMobile.DirectX (in Microsoft.WindowsMobile.DirectX.dll)	3.5,2.0	CE6R3+;CE5.0/6.0	.NET Framework 3.5/General Reference for the .NET Framework/Additional Managed Reference Topics/Microsoft.WindowsMobile.DirectX.Direct3D Namespace/ClipStatusFlags Enumeration
ms129206(v=vs.90)	ClipUnion Property	Property	Microsoft.WindowsMobile.DirectX.Direct3D	Microsoft.WindowsMobile.DirectX (in Microsoft.WindowsMobile.DirectX.dll)	3.5,2.0	CE6R3+;CE5.0/6.0	.NET Framework 3.5/General Reference for the .NET Framework/Additional Managed Reference Topics/Microsoft.WindowsMobile.DirectX.Direct3D Namespace/ClipStatus Structure/ClipStatus Properties /ClipUnion Property 
ms130226(v=vs.90)	Clipping Property	Property	Microsoft.WindowsMobile.DirectX.Direct3D	Microsoft.WindowsMobile.DirectX (in Microsoft.WindowsMobile.DirectX.dll)	3.5,2.0	CE6R3+;CE5.0/6.0	.NET Framework 3.5/General Reference for the .NET Framework/Additional Managed Reference Topics/Microsoft.WindowsMobile.DirectX.Direct3D Namespace/RenderStateManager Class/RenderStateManager Properties /Clipping Property 
ms129082(v=vs.90)	Clone Method	Method	Microsoft.WindowsMobile.DirectX.Direct3D	Microsoft.WindowsMobile.DirectX (in Microsoft.WindowsMobile.DirectX.dll)	3.5,2.0	CE6R3+;CE5.0/6.0	.NET Framework 3.5/General Reference for the .NET Framework/Additional Managed Reference Topics/Microsoft.WindowsMobile.DirectX.Direct3D Namespace/BaseMesh Class/BaseMesh Methods /Clone Method 
ms130175(v=vs.90)	Clone Method	Method	Microsoft.WindowsMobile.DirectX.Direct3D	Microsoft.WindowsMobile.DirectX (in Microsoft.WindowsMobile.DirectX.dll)	3.5,2.0	CE6R3+;CE5.0/6.0	.NET Framework 3.5/General Reference for the .NET Framework/Additional Managed Reference Topics/Microsoft.WindowsMobile.DirectX.Direct3D Namespace/PresentParameters Class/PresentParameters Methods /Clone Method 
ms129273(v=vs.90)	Color Field	Field	Microsoft.WindowsMobile.DirectX.Direct3D	Microsoft.WindowsMobile.DirectX (in Microsoft.WindowsMobile.DirectX.dll)	3.5,2.0	CE6R3+;CE5.0/6.0	.NET Framework 3.5/General Reference for the .NET Framework/Additional Managed Reference Topics/Microsoft.WindowsMobile.DirectX.Direct3D Namespace/CustomVertex.PositionColored Structure/CustomVertex.PositionColored Fields/Color Field
ms129291(v=vs.90)	Color Field	Field	Microsoft.WindowsMobile.DirectX.Direct3D	Microsoft.WindowsMobile.DirectX (in Microsoft.WindowsMobile.DirectX.dll)	3.5,2.0	CE6R3+;CE5.0/6.0	.NET Framework 3.5/General Reference for the .NET Framework/Additional Managed Reference Topics/Microsoft.WindowsMobile.DirectX.Direct3D Namespace/CustomVertex.PositionColoredTextured Structure/CustomVertex.PositionColoredTextured Fields/Color Field
ms129331(v=vs.90)	Color Field	Field	Microsoft.WindowsMobile.DirectX.Direct3D	Microsoft.WindowsMobile.DirectX (in Microsoft.WindowsMobile.DirectX.dll)	3.5,2.0	CE6R3+;CE5.0/6.0	.NET Framework 3.5/General Reference for the .NET Framework/Additional Managed Reference Topics/Microsoft.WindowsMobile.DirectX.Direct3D Namespace/CustomVertex.PositionNormalColored Structure/CustomVertex.PositionNormalColored Fields/Color Field
ms129467(v=vs.90)	Color Field	Field	Microsoft.WindowsMobile.DirectX.Direct3D	Microsoft.WindowsMobile.DirectX (in Microsoft.WindowsMobile.DirectX.dll)	3.5,2.0	CE6R3+;CE5.0/6.0	.NET Framework 3.5/General Reference for the .NET Framework/Additional Managed Reference Topics/Microsoft.WindowsMobile.DirectX.Direct3D Namespace/CustomVertex.TransformedColored Structure/CustomVertex.TransformedColored Fields/Color Field
ms129486(v=vs.90)	Color Field	Field	Microsoft.WindowsMobile.DirectX.Direct3D	Microsoft.WindowsMobile.DirectX (in Microsoft.WindowsMobile.DirectX.dll)	3.5,2.0	CE6R3+;CE5.0/6.0	.NET Framework 3.5/General Reference for the .NET Framework/Additional Managed Reference Topics/Microsoft.WindowsMobile.DirectX.Direct3D Namespace/CustomVertex.TransformedColoredTextured Structure/CustomVertex.TransformedColoredTextured Fields/Color Field
ms130539(v=vs.90)	ColorArgument0 Property	Property	Microsoft.WindowsMobile.DirectX.Direct3D	Microsoft.WindowsMobile.DirectX (in Microsoft.WindowsMobile.DirectX.dll)	3.5,2.0	CE6R3+;CE5.0/6.0	.NET Framework 3.5/General Reference for the .NET Framework/Additional Managed Reference Topics/Microsoft.WindowsMobile.DirectX.Direct3D Namespace/TextureStateManager Class/TextureStateManager Properties /ColorArgument0 Property 
ms130540(v=vs.90)	ColorArgument1 Property	Property	Microsoft.WindowsMobile.DirectX.Direct3D	Microsoft.WindowsMobile.DirectX (in Microsoft.WindowsMobile.DirectX.dll)	3.5,2.0	CE6R3+;CE5.0/6.0	.NET Framework 3.5/General Reference for the .NET Framework/Additional Managed Reference Topics/Microsoft.WindowsMobile.DirectX.Direct3D Namespace/TextureStateManager Class/TextureStateManager Properties /ColorArgument1 Property 
ms130541(v=vs.90)	ColorArgument2 Property	Property	Microsoft.WindowsMobile.DirectX.Direct3D	Microsoft.WindowsMobile.DirectX (in Microsoft.WindowsMobile.DirectX.dll)	3.5,2.0	CE6R3+;CE5.0/6.0	.NET Framework 3.5/General Reference for the .NET Framework/Additional Managed Reference Topics/Microsoft.WindowsMobile.DirectX.Direct3D Namespace/TextureStateManager Class/TextureStateManager Properties /ColorArgument2 Property 
ms129569(v=vs.90)	ColorFill Method	Method	Microsoft.WindowsMobile.DirectX.Direct3D	Microsoft.WindowsMobile.DirectX (in Microsoft.WindowsMobile.DirectX.dll)	3.5,2.0	CE6R3+;CE5.0/6.0	.NET Framework 3.5/General Reference for the .NET Framework/Additional Managed Reference Topics/Microsoft.WindowsMobile.DirectX.Direct3D Namespace/Device Class/Device Methods /ColorFill Method 
ms130542(v=vs.90)	ColorOperation Property	Property	Microsoft.WindowsMobile.DirectX.Direct3D	Microsoft.WindowsMobile.DirectX (in Microsoft.WindowsMobile.DirectX.dll)	3.5,2.0	CE6R3+;CE5.0/6.0	.NET Framework 3.5/General Reference for the .NET Framework/Additional Managed Reference Topics/Microsoft.WindowsMobile.DirectX.Direct3D Namespace/TextureStateManager Class/TextureStateManager Properties /ColorOperation Property 
ms129210(v=vs.90)	ColorSource Enumeration	Enumeration	Microsoft.WindowsMobile.DirectX.Direct3D	Microsoft.WindowsMobile.DirectX (in Microsoft.WindowsMobile.DirectX.dll)	3.5,2.0	CE6R3+;CE5.0/6.0	.NET Framework 3.5/General Reference for the .NET Framework/Additional Managed Reference Topics/Microsoft.WindowsMobile.DirectX.Direct3D Namespace/ColorSource Enumeration
ms129214(v=vs.90)	ColorValue Constructor (Single, Single, Single)		Microsoft.WindowsMobile.DirectX.Direct3D	Microsoft.WindowsMobile.DirectX (in Microsoft.WindowsMobile.DirectX.dll)	3.5,2.0	CE6R3+;CE5.0/6.0	.NET Framework 3.5/General Reference for the .NET Framework/Additional Managed Reference Topics/Microsoft.WindowsMobile.DirectX.Direct3D Namespace/ColorValue Structure/ColorValue Constructor /ColorValue Constructor (Single, Single, Single)
ms129215(v=vs.90)	ColorValue Constructor (Single, Single, Single, Single)		Microsoft.WindowsMobile.DirectX.Direct3D	Microsoft.WindowsMobile.DirectX (in Microsoft.WindowsMobile.DirectX.dll)	3.5,2.0	CE6R3+;CE5.0/6.0	.NET Framework 3.5/General Reference for the .NET Framework/Additional Managed Reference Topics/Microsoft.WindowsMobile.DirectX.Direct3D Namespace/ColorValue Structure/ColorValue Constructor /ColorValue Constructor (Single, Single, Single, Single)
ms129211(v=vs.90)	ColorValue Structure	Structure	Microsoft.WindowsMobile.DirectX.Direct3D	Microsoft.WindowsMobile.DirectX (in Microsoft.WindowsMobile.DirectX.dll)	3.5,2.0	CE6R3+;CE5.0/6.0	.NET Framework 3.5/General Reference for the .NET Framework/Additional Managed Reference Topics/Microsoft.WindowsMobile.DirectX.Direct3D Namespace/ColorValue Structure
ms129233(v=vs.90)	ColorValueFixed Constructor (FixedPoint, FixedPoint, FixedPoint)		Microsoft.WindowsMobile.DirectX.Direct3D	Microsoft.WindowsMobile.DirectX (in Microsoft.WindowsMobile.DirectX.dll)	3.5,2.0	CE6R3+;CE5.0/6.0	.NET Framework 3.5/General Reference for the .NET Framework/Additional Managed Reference Topics/Microsoft.WindowsMobile.DirectX.Direct3D Namespace/ColorValueFixed Structure/ColorValueFixed Constructor /ColorValueFixed Constructor (FixedPoint, FixedPoint, FixedPoint)
ms129234(v=vs.90)	ColorValueFixed Constructor (FixedPoint, FixedPoint, FixedPoint, FixedPoint)		Microsoft.WindowsMobile.DirectX.Direct3D	Microsoft.WindowsMobile.DirectX (in Microsoft.WindowsMobile.DirectX.dll)	3.5,2.0	CE6R3+;CE5.0/6.0	.NET Framework 3.5/General Reference for the .NET Framework/Additional Managed Reference Topics/Microsoft.WindowsMobile.DirectX.Direct3D Namespace/ColorValueFixed Structure/ColorValueFixed Constructor /ColorValueFixed Constructor (FixedPoint, FixedPoint, FixedPoint, FixedPoint)
ms129230(v=vs.90)	ColorValueFixed Structure	Structure	Microsoft.WindowsMobile.DirectX.Direct3D	Microsoft.WindowsMobile.DirectX (in Microsoft.WindowsMobile.DirectX.dll)	3.5,2.0	CE6R3+;CE5.0/6.0	.NET Framework 3.5/General Reference for the .NET Framework/Additional Managed Reference Topics/Microsoft.WindowsMobile.DirectX.Direct3D Namespace/ColorValueFixed Structure
ms130227(v=vs.90)	ColorVertex Property	Property	Microsoft.WindowsMobile.DirectX.Direct3D	Microsoft.WindowsMobile.DirectX (in Microsoft.WindowsMobile.DirectX.dll)	3.5,2.0	CE6R3+;CE5.0/6.0	.NET Framework 3.5/General Reference for the .NET Framework/Additional Managed Reference Topics/Microsoft.WindowsMobile.DirectX.Direct3D Namespace/RenderStateManager Class/RenderStateManager Properties /ColorVertex Property 
ms129248(v=vs.90)	ColorWriteEnable Enumeration	Enumeration	Microsoft.WindowsMobile.DirectX.Direct3D	Microsoft.WindowsMobile.DirectX (in Microsoft.WindowsMobile.DirectX.dll)	3.5,2.0	CE6R3+;CE5.0/6.0	.NET Framework 3.5/General Reference for the .NET Framework/Additional Managed Reference Topics/Microsoft.WindowsMobile.DirectX.Direct3D Namespace/ColorWriteEnable Enumeration
ms130228(v=vs.90)	ColorWriteEnable Property	Property	Microsoft.WindowsMobile.DirectX.Direct3D	Microsoft.WindowsMobile.DirectX (in Microsoft.WindowsMobile.DirectX.dll)	3.5,2.0	CE6R3+;CE5.0/6.0	.NET Framework 3.5/General Reference for the .NET Framework/Additional Managed Reference Topics/Microsoft.WindowsMobile.DirectX.Direct3D Namespace/RenderStateManager Class/RenderStateManager Properties /ColorWriteEnable Property 
ms129249(v=vs.90)	Compare Enumeration	Enumeration	Microsoft.WindowsMobile.DirectX.Direct3D	Microsoft.WindowsMobile.DirectX (in Microsoft.WindowsMobile.DirectX.dll)	3.5,2.0	CE6R3+;CE5.0/6.0	.NET Framework 3.5/General Reference for the .NET Framework/Additional Managed Reference Topics/Microsoft.WindowsMobile.DirectX.Direct3D Namespace/Compare Enumeration
ms129739(v=vs.90)	CompareTo Method	Method	Microsoft.WindowsMobile.DirectX.Direct3D	Microsoft.WindowsMobile.DirectX (in Microsoft.WindowsMobile.DirectX.dll)	3.5,2.0	CE6R3+;CE5.0/6.0	.NET Framework 3.5/General Reference for the .NET Framework/Additional Managed Reference Topics/Microsoft.WindowsMobile.DirectX.Direct3D Namespace/FixedPoint Structure/FixedPoint Methods /CompareTo Method 
ms129250(v=vs.90)	ComparisonCaps Structure	Structure	Microsoft.WindowsMobile.DirectX.Direct3D	Microsoft.WindowsMobile.DirectX (in Microsoft.WindowsMobile.DirectX.dll)	3.5,2.0	CE6R3+;CE5.0/6.0	.NET Framework 3.5/General Reference for the .NET Framework/Additional Managed Reference Topics/Microsoft.WindowsMobile.DirectX.Direct3D Namespace/ComparisonCaps Structure
ms129828(v=vs.90)	ComputeBoundingBox Method	Method	Microsoft.WindowsMobile.DirectX.Direct3D	Microsoft.WindowsMobile.DirectX (in Microsoft.WindowsMobile.DirectX.dll)	3.5,2.0	CE6R3+;CE5.0/6.0	.NET Framework 3.5/General Reference for the .NET Framework/Additional Managed Reference Topics/Microsoft.WindowsMobile.DirectX.Direct3D Namespace/Geometry Class/Geometry Methods /ComputeBoundingBox Method 
ms129829(v=vs.90)	ComputeBoundingSphere Method	Method	Microsoft.WindowsMobile.DirectX.Direct3D	Microsoft.WindowsMobile.DirectX (in Microsoft.WindowsMobile.DirectX.dll)	3.5,2.0	CE6R3+;CE5.0/6.0	.NET Framework 3.5/General Reference for the .NET Framework/Additional Managed Reference Topics/Microsoft.WindowsMobile.DirectX.Direct3D Namespace/Geometry Class/Geometry Methods /ComputeBoundingSphere Method 
ms129083(v=vs.90)	ConvertAdjacencyToPointReps Method	Method	Microsoft.WindowsMobile.DirectX.Direct3D	Microsoft.WindowsMobile.DirectX (in Microsoft.WindowsMobile.DirectX.dll)	3.5,2.0	CE6R3+;CE5.0/6.0	.NET Framework 3.5/General Reference for the .NET Framework/Additional Managed Reference Topics/Microsoft.WindowsMobile.DirectX.Direct3D Namespace/BaseMesh Class/BaseMesh Methods /ConvertAdjacencyToPointReps Method 
ms129084(v=vs.90)	ConvertPointRepsToAdjacency Method	Method	Microsoft.WindowsMobile.DirectX.Direct3D	Microsoft.WindowsMobile.DirectX (in Microsoft.WindowsMobile.DirectX.dll)	3.5,2.0	CE6R3+;CE5.0/6.0	.NET Framework 3.5/General Reference for the .NET Framework/Additional Managed Reference Topics/Microsoft.WindowsMobile.DirectX.Direct3D Namespace/BaseMesh Class/BaseMesh Methods /ConvertPointRepsToAdjacency Method 
ms129571(v=vs.90)	CopyRects Method (Surface, Rectangle, Surface, Point)		Microsoft.WindowsMobile.DirectX.Direct3D	Microsoft.WindowsMobile.DirectX (in Microsoft.WindowsMobile.DirectX.dll)	3.5,2.0	CE6R3+;CE5.0/6.0	.NET Framework 3.5/General Reference for the .NET Framework/Additional Managed Reference Topics/Microsoft.WindowsMobile.DirectX.Direct3D Namespace/Device Class/Device Methods /CopyRects Method /CopyRects Method (Surface, Rectangle, Surface, Point)
ms129572(v=vs.90)	CopyRects Method (Surface, Rectangle[], Surface, Point[])		Microsoft.WindowsMobile.DirectX.Direct3D	Microsoft.WindowsMobile.DirectX (in Microsoft.WindowsMobile.DirectX.dll)	3.5,2.0	CE6R3+;CE5.0/6.0	.NET Framework 3.5/General Reference for the .NET Framework/Additional Managed Reference Topics/Microsoft.WindowsMobile.DirectX.Direct3D Namespace/Device Class/Device Methods /CopyRects Method /CopyRects Method (Surface, Rectangle[], Surface, Point[])
ms129044(v=vs.90)	Count Property	Property	Microsoft.WindowsMobile.DirectX.Direct3D	Microsoft.WindowsMobile.DirectX (in Microsoft.WindowsMobile.DirectX.dll)	3.5,2.0	CE6R3+;CE5.0/6.0	.NET Framework 3.5/General Reference for the .NET Framework/Additional Managed Reference Topics/Microsoft.WindowsMobile.DirectX.Direct3D Namespace/AdapterListCollection Class/AdapterListCollection Properties /Count Property 
ms129692(v=vs.90)	Count Property	Property	Microsoft.WindowsMobile.DirectX.Direct3D	Microsoft.WindowsMobile.DirectX (in Microsoft.WindowsMobile.DirectX.dll)	3.5,2.0	CE6R3+;CE5.0/6.0	.NET Framework 3.5/General Reference for the .NET Framework/Additional Managed Reference Topics/Microsoft.WindowsMobile.DirectX.Direct3D Namespace/DisplayModeCollection Class/DisplayModeCollection Properties /Count Property 
ms129574(v=vs.90)	CreateDepthStencilSurface Method	Method	Microsoft.WindowsMobile.DirectX.Direct3D	Microsoft.WindowsMobile.DirectX (in Microsoft.WindowsMobile.DirectX.dll)	3.5,2.0	CE6R3+;CE5.0/6.0	.NET Framework 3.5/General Reference for the .NET Framework/Additional Managed Reference Topics/Microsoft.WindowsMobile.DirectX.Direct3D Namespace/Device Class/Device Methods /CreateDepthStencilSurface Method 
ms129264(v=vs.90)	CreateFlags Enumeration	Enumeration	Microsoft.WindowsMobile.DirectX.Direct3D	Microsoft.WindowsMobile.DirectX (in Microsoft.WindowsMobile.DirectX.dll)	3.5,2.0	CE6R3+;CE5.0/6.0	.NET Framework 3.5/General Reference for the .NET Framework/Additional Managed Reference Topics/Microsoft.WindowsMobile.DirectX.Direct3D Namespace/CreateFlags Enumeration
ms129575(v=vs.90)	CreateImageSurface Method	Method	Microsoft.WindowsMobile.DirectX.Direct3D	Microsoft.WindowsMobile.DirectX (in Microsoft.WindowsMobile.DirectX.dll)	3.5,2.0	CE6R3+;CE5.0/6.0	.NET Framework 3.5/General Reference for the .NET Framework/Additional Managed Reference Topics/Microsoft.WindowsMobile.DirectX.Direct3D Namespace/Device Class/Device Methods /CreateImageSurface Method 
ms129576(v=vs.90)	CreateRenderTarget Method	Method	Microsoft.WindowsMobile.DirectX.Direct3D	Microsoft.WindowsMobile.DirectX (in Microsoft.WindowsMobile.DirectX.dll)	3.5,2.0	CE6R3+;CE5.0/6.0	.NET Framework 3.5/General Reference for the .NET Framework/Additional Managed Reference Topics/Microsoft.WindowsMobile.DirectX.Direct3D Namespace/Device Class/Device Methods /CreateRenderTarget Method 
ms129862(v=vs.90)	Created Event	Event	Microsoft.WindowsMobile.DirectX.Direct3D	Microsoft.WindowsMobile.DirectX (in Microsoft.WindowsMobile.DirectX.dll)	3.5,2.0	CE6R3+;CE5.0/6.0	.NET Framework 3.5/General Reference for the .NET Framework/Additional Managed Reference Topics/Microsoft.WindowsMobile.DirectX.Direct3D Namespace/IndexBuffer Class/IndexBuffer Events/Created Event
ms130629(v=vs.90)	Created Event	Event	Microsoft.WindowsMobile.DirectX.Direct3D	Microsoft.WindowsMobile.DirectX (in Microsoft.WindowsMobile.DirectX.dll)	3.5,2.0	CE6R3+;CE5.0/6.0	.NET Framework 3.5/General Reference for the .NET Framework/Additional Managed Reference Topics/Microsoft.WindowsMobile.DirectX.Direct3D Namespace/VertexBuffer Class/VertexBuffer Events/Created Event
ms129613(v=vs.90)	CreationParameters Property	Property	Microsoft.WindowsMobile.DirectX.Direct3D	Microsoft.WindowsMobile.DirectX (in Microsoft.WindowsMobile.DirectX.dll)	3.5,2.0	CE6R3+;CE5.0/6.0	.NET Framework 3.5/General Reference for the .NET Framework/Additional Managed Reference Topics/Microsoft.WindowsMobile.DirectX.Direct3D Namespace/Device Class/Device Properties /CreationParameters Property 
ms129265(v=vs.90)	Cull Enumeration	Enumeration	Microsoft.WindowsMobile.DirectX.Direct3D	Microsoft.WindowsMobile.DirectX (in Microsoft.WindowsMobile.DirectX.dll)	3.5,2.0	CE6R3+;CE5.0/6.0	.NET Framework 3.5/General Reference for the .NET Framework/Additional Managed Reference Topics/Microsoft.WindowsMobile.DirectX.Direct3D Namespace/Cull Enumeration
ms130229(v=vs.90)	CullMode Property	Property	Microsoft.WindowsMobile.DirectX.Direct3D	Microsoft.WindowsMobile.DirectX (in Microsoft.WindowsMobile.DirectX.dll)	3.5,2.0	CE6R3+;CE5.0/6.0	.NET Framework 3.5/General Reference for the .NET Framework/Additional Managed Reference Topics/Microsoft.WindowsMobile.DirectX.Direct3D Namespace/RenderStateManager Class/RenderStateManager Properties /CullMode Property 
ms129045(v=vs.90)	Current Property	Property	Microsoft.WindowsMobile.DirectX.Direct3D	Microsoft.WindowsMobile.DirectX (in Microsoft.WindowsMobile.DirectX.dll)	3.5,2.0	CE6R3+;CE5.0/6.0	.NET Framework 3.5/General Reference for the .NET Framework/Additional Managed Reference Topics/Microsoft.WindowsMobile.DirectX.Direct3D Namespace/AdapterListCollection Class/AdapterListCollection Properties /Current Property 
ms129693(v=vs.90)	Current Property	Property	Microsoft.WindowsMobile.DirectX.Direct3D	Microsoft.WindowsMobile.DirectX (in Microsoft.WindowsMobile.DirectX.dll)	3.5,2.0	CE6R3+;CE5.0/6.0	.NET Framework 3.5/General Reference for the .NET Framework/Additional Managed Reference Topics/Microsoft.WindowsMobile.DirectX.Direct3D Namespace/DisplayModeCollection Class/DisplayModeCollection Properties /Current Property 
ms129031(v=vs.90)	CurrentDisplayMode Property	Property	Microsoft.WindowsMobile.DirectX.Direct3D	Microsoft.WindowsMobile.DirectX (in Microsoft.WindowsMobile.DirectX.dll)	3.5,2.0	CE6R3+;CE5.0/6.0	.NET Framework 3.5/General Reference for the .NET Framework/Additional Managed Reference Topics/Microsoft.WindowsMobile.DirectX.Direct3D Namespace/AdapterInformation Class/AdapterInformation Properties /CurrentDisplayMode Property 
ms129614(v=vs.90)	CurrentTexturePalette Property	Property	Microsoft.WindowsMobile.DirectX.Direct3D	Microsoft.WindowsMobile.DirectX (in Microsoft.WindowsMobile.DirectX.dll)	3.5,2.0	CE6R3+;CE5.0/6.0	.NET Framework 3.5/General Reference for the .NET Framework/Additional Managed Reference Topics/Microsoft.WindowsMobile.DirectX.Direct3D Namespace/Device Class/Device Properties /CurrentTexturePalette Property 
ms129266(v=vs.90)	CustomVertex Class	Class	Microsoft.WindowsMobile.DirectX.Direct3D	Microsoft.WindowsMobile.DirectX (in Microsoft.WindowsMobile.DirectX.dll)	3.5,2.0	CE6R3+;CE5.0/6.0	.NET Framework 3.5/General Reference for the .NET Framework/Additional Managed Reference Topics/Microsoft.WindowsMobile.DirectX.Direct3D Namespace/CustomVertex Class
ms129281(v=vs.90)	CustomVertex.PositionColored Constructor (Single, Single, Single, Int32)		Microsoft.WindowsMobile.DirectX.Direct3D	Microsoft.WindowsMobile.DirectX (in Microsoft.WindowsMobile.DirectX.dll)	3.5,2.0	CE6R3+;CE5.0/6.0	.NET Framework 3.5/General Reference for the .NET Framework/Additional Managed Reference Topics/Microsoft.WindowsMobile.DirectX.Direct3D Namespace/CustomVertex.PositionColored Structure/CustomVertex.PositionColored Constructor /CustomVertex.PositionColored Constructor (Single, Single, Single, Int32)
ms129280(v=vs.90)	CustomVertex.PositionColored Constructor (Vector3, Int32)		Microsoft.WindowsMobile.DirectX.Direct3D	Microsoft.WindowsMobile.DirectX (in Microsoft.WindowsMobile.DirectX.dll)	3.5,2.0	CE6R3+;CE5.0/6.0	.NET Framework 3.5/General Reference for the .NET Framework/Additional Managed Reference Topics/Microsoft.WindowsMobile.DirectX.Direct3D Namespace/CustomVertex.PositionColored Structure/CustomVertex.PositionColored Constructor /CustomVertex.PositionColored Constructor (Vector3, Int32)
ms129270(v=vs.90)	CustomVertex.PositionColored Structure	Structure	Microsoft.WindowsMobile.DirectX.Direct3D	Microsoft.WindowsMobile.DirectX (in Microsoft.WindowsMobile.DirectX.dll)	3.5,2.0	CE6R3+;CE5.0/6.0	.NET Framework 3.5/General Reference for the .NET Framework/Additional Managed Reference Topics/Microsoft.WindowsMobile.DirectX.Direct3D Namespace/CustomVertex.PositionColored Structure
ms129301(v=vs.90)	CustomVertex.PositionColoredTextured Constructor (Single, Single, Single, Int32, Single, Single)		Microsoft.WindowsMobile.DirectX.Direct3D	Microsoft.WindowsMobile.DirectX (in Microsoft.WindowsMobile.DirectX.dll)	3.5,2.0	CE6R3+;CE5.0/6.0	.NET Framework 3.5/General Reference for the .NET Framework/Additional Managed Reference Topics/Microsoft.WindowsMobile.DirectX.Direct3D Namespace/CustomVertex.PositionColoredTextured Structure/CustomVertex.PositionColoredTextured Constructor /CustomVertex.PositionColoredTextured Constructor (Single, Single, Single, Int32, Single, Single)
ms129300(v=vs.90)	CustomVertex.PositionColoredTextured Constructor (Vector3, Int32, Single, Single)		Microsoft.WindowsMobile.DirectX.Direct3D	Microsoft.WindowsMobile.DirectX (in Microsoft.WindowsMobile.DirectX.dll)	3.5,2.0	CE6R3+;CE5.0/6.0	.NET Framework 3.5/General Reference for the .NET Framework/Additional Managed Reference Topics/Microsoft.WindowsMobile.DirectX.Direct3D Namespace/CustomVertex.PositionColoredTextured Structure/CustomVertex.PositionColoredTextured Constructor /CustomVertex.PositionColoredTextured Constructor (Vector3, Int32, Single, Single)
ms129288(v=vs.90)	CustomVertex.PositionColoredTextured Structure	Structure	Microsoft.WindowsMobile.DirectX.Direct3D	Microsoft.WindowsMobile.DirectX (in Microsoft.WindowsMobile.DirectX.dll)	3.5,2.0	CE6R3+;CE5.0/6.0	.NET Framework 3.5/General Reference for the .NET Framework/Additional Managed Reference Topics/Microsoft.WindowsMobile.DirectX.Direct3D Namespace/CustomVertex.PositionColoredTextured Structure
ms129321(v=vs.90)	CustomVertex.PositionNormal Constructor (Single, Single, Single, Single, Single, Single)		Microsoft.WindowsMobile.DirectX.Direct3D	Microsoft.WindowsMobile.DirectX (in Microsoft.WindowsMobile.DirectX.dll)	3.5,2.0	CE6R3+;CE5.0/6.0	.NET Framework 3.5/General Reference for the .NET Framework/Additional Managed Reference Topics/Microsoft.WindowsMobile.DirectX.Direct3D Namespace/CustomVertex.PositionNormal Structure/CustomVertex.PositionNormal Constructor /CustomVertex.PositionNormal Constructor (Single, Single, Single, Single, Single, Single)
ms129320(v=vs.90)	CustomVertex.PositionNormal Constructor (Vector3, Vector3)		Microsoft.WindowsMobile.DirectX.Direct3D	Microsoft.WindowsMobile.DirectX (in Microsoft.WindowsMobile.DirectX.dll)	3.5,2.0	CE6R3+;CE5.0/6.0	.NET Framework 3.5/General Reference for the .NET Framework/Additional Managed Reference Topics/Microsoft.WindowsMobile.DirectX.Direct3D Namespace/CustomVertex.PositionNormal Structure/CustomVertex.PositionNormal Constructor /CustomVertex.PositionNormal Constructor (Vector3, Vector3)
ms129308(v=vs.90)	CustomVertex.PositionNormal Structure	Structure	Microsoft.WindowsMobile.DirectX.Direct3D	Microsoft.WindowsMobile.DirectX (in Microsoft.WindowsMobile.DirectX.dll)	3.5,2.0	CE6R3+;CE5.0/6.0	.NET Framework 3.5/General Reference for the .NET Framework/Additional Managed Reference Topics/Microsoft.WindowsMobile.DirectX.Direct3D Namespace/CustomVertex.PositionNormal Structure
ms129343(v=vs.90)	CustomVertex.PositionNormalColored Constructor (Single, Single, Single, Single, Single, Single, Int32)		Microsoft.WindowsMobile.DirectX.Direct3D	Microsoft.WindowsMobile.DirectX (in Microsoft.WindowsMobile.DirectX.dll)	3.5,2.0	CE6R3+;CE5.0/6.0	.NET Framework 3.5/General Reference for the .NET Framework/Additional Managed Reference Topics/Microsoft.WindowsMobile.DirectX.Direct3D Namespace/CustomVertex.PositionNormalColored Structure/CustomVertex.PositionNormalColored Constructor /CustomVertex.PositionNormalColored Constructor (Single, Single, Single, Single, Single, Single, Int32)
ms129342(v=vs.90)	CustomVertex.PositionNormalColored Constructor (Vector3, Vector3, Int32)		Microsoft.WindowsMobile.DirectX.Direct3D	Microsoft.WindowsMobile.DirectX (in Microsoft.WindowsMobile.DirectX.dll)	3.5,2.0	CE6R3+;CE5.0/6.0	.NET Framework 3.5/General Reference for the .NET Framework/Additional Managed Reference Topics/Microsoft.WindowsMobile.DirectX.Direct3D Namespace/CustomVertex.PositionNormalColored Structure/CustomVertex.PositionNormalColored Constructor /CustomVertex.PositionNormalColored Constructor (Vector3, Vector3, Int32)
ms129328(v=vs.90)	CustomVertex.PositionNormalColored Structure	Structure	Microsoft.WindowsMobile.DirectX.Direct3D	Microsoft.WindowsMobile.DirectX (in Microsoft.WindowsMobile.DirectX.dll)	3.5,2.0	CE6R3+;CE5.0/6.0	.NET Framework 3.5/General Reference for the .NET Framework/Additional Managed Reference Topics/Microsoft.WindowsMobile.DirectX.Direct3D Namespace/CustomVertex.PositionNormalColored Structure
ms129363(v=vs.90)	CustomVertex.PositionNormalFixed Constructor (FixedPoint, FixedPoint, FixedPoint, FixedPoint, FixedPoint, FixedPoint)		Microsoft.WindowsMobile.DirectX.Direct3D	Microsoft.WindowsMobile.DirectX (in Microsoft.WindowsMobile.DirectX.dll)	3.5,2.0	CE6R3+;CE5.0/6.0	.NET Framework 3.5/General Reference for the .NET Framework/Additional Managed Reference Topics/Microsoft.WindowsMobile.DirectX.Direct3D Namespace/CustomVertex.PositionNormalFixed Structure/CustomVertex.PositionNormalFixed Constructor /CustomVertex.PositionNormalFixed Constructor (FixedPoint, FixedPoint, FixedPoint, FixedPoint, FixedPoint, FixedPoint)
ms129362(v=vs.90)	CustomVertex.PositionNormalFixed Constructor (Vector3Fixed, Vector3Fixed)		Microsoft.WindowsMobile.DirectX.Direct3D	Microsoft.WindowsMobile.DirectX (in Microsoft.WindowsMobile.DirectX.dll)	3.5,2.0	CE6R3+;CE5.0/6.0	.NET Framework 3.5/General Reference for the .NET Framework/Additional Managed Reference Topics/Microsoft.WindowsMobile.DirectX.Direct3D Namespace/CustomVertex.PositionNormalFixed Structure/CustomVertex.PositionNormalFixed Constructor /CustomVertex.PositionNormalFixed Constructor (Vector3Fixed, Vector3Fixed)
ms129350(v=vs.90)	CustomVertex.PositionNormalFixed Structure	Structure	Microsoft.WindowsMobile.DirectX.Direct3D	Microsoft.WindowsMobile.DirectX (in Microsoft.WindowsMobile.DirectX.dll)	3.5,2.0	CE6R3+;CE5.0/6.0	.NET Framework 3.5/General Reference for the .NET Framework/Additional Managed Reference Topics/Microsoft.WindowsMobile.DirectX.Direct3D Namespace/CustomVertex.PositionNormalFixed Structure
ms129385(v=vs.90)	CustomVertex.PositionNormalTextured Constructor (Single, Single, Single, Single, Single, Single, Single, Single)		Microsoft.WindowsMobile.DirectX.Direct3D	Microsoft.WindowsMobile.DirectX (in Microsoft.WindowsMobile.DirectX.dll)	3.5,2.0	CE6R3+;CE5.0/6.0	.NET Framework 3.5/General Reference for the .NET Framework/Additional Managed Reference Topics/Microsoft.WindowsMobile.DirectX.Direct3D Namespace/CustomVertex.PositionNormalTextured Structure/CustomVertex.PositionNormalTextured Constructor /CustomVertex.PositionNormalTextured Constructor (Single, Single, Single, Single, Single, Single, Single, Single)
ms129384(v=vs.90)	CustomVertex.PositionNormalTextured Constructor (Vector3, Vector3, Single, Single)		Microsoft.WindowsMobile.DirectX.Direct3D	Microsoft.WindowsMobile.DirectX (in Microsoft.WindowsMobile.DirectX.dll)	3.5,2.0	CE6R3+;CE5.0/6.0	.NET Framework 3.5/General Reference for the .NET Framework/Additional Managed Reference Topics/Microsoft.WindowsMobile.DirectX.Direct3D Namespace/CustomVertex.PositionNormalTextured Structure/CustomVertex.PositionNormalTextured Constructor /CustomVertex.PositionNormalTextured Constructor (Vector3, Vector3, Single, Single)
ms129370(v=vs.90)	CustomVertex.PositionNormalTextured Structure	Structure	Microsoft.WindowsMobile.DirectX.Direct3D	Microsoft.WindowsMobile.DirectX (in Microsoft.WindowsMobile.DirectX.dll)	3.5,2.0	CE6R3+;CE5.0/6.0	.NET Framework 3.5/General Reference for the .NET Framework/Additional Managed Reference Topics/Microsoft.WindowsMobile.DirectX.Direct3D Namespace/CustomVertex.PositionNormalTextured Structure
ms129402(v=vs.90)	CustomVertex.PositionOnly Constructor (Single, Single, Single)		Microsoft.WindowsMobile.DirectX.Direct3D	Microsoft.WindowsMobile.DirectX (in Microsoft.WindowsMobile.DirectX.dll)	3.5,2.0	CE6R3+;CE5.0/6.0	.NET Framework 3.5/General Reference for the .NET Framework/Additional Managed Reference Topics/Microsoft.WindowsMobile.DirectX.Direct3D Namespace/CustomVertex.PositionOnly Structure/CustomVertex.PositionOnly Constructor /CustomVertex.PositionOnly Constructor (Single, Single, Single)
ms129401(v=vs.90)	CustomVertex.PositionOnly Constructor (Vector3)		Microsoft.WindowsMobile.DirectX.Direct3D	Microsoft.WindowsMobile.DirectX (in Microsoft.WindowsMobile.DirectX.dll)	3.5,2.0	CE6R3+;CE5.0/6.0	.NET Framework 3.5/General Reference for the .NET Framework/Additional Managed Reference Topics/Microsoft.WindowsMobile.DirectX.Direct3D Namespace/CustomVertex.PositionOnly Structure/CustomVertex.PositionOnly Constructor /CustomVertex.PositionOnly Constructor (Vector3)
ms129392(v=vs.90)	CustomVertex.PositionOnly Structure	Structure	Microsoft.WindowsMobile.DirectX.Direct3D	Microsoft.WindowsMobile.DirectX (in Microsoft.WindowsMobile.DirectX.dll)	3.5,2.0	CE6R3+;CE5.0/6.0	.NET Framework 3.5/General Reference for the .NET Framework/Additional Managed Reference Topics/Microsoft.WindowsMobile.DirectX.Direct3D Namespace/CustomVertex.PositionOnly Structure
ms129419(v=vs.90)	CustomVertex.PositionOnlyFixed Constructor (FixedPoint, FixedPoint, FixedPoint)		Microsoft.WindowsMobile.DirectX.Direct3D	Microsoft.WindowsMobile.DirectX (in Microsoft.WindowsMobile.DirectX.dll)	3.5,2.0	CE6R3+;CE5.0/6.0	.NET Framework 3.5/General Reference for the .NET Framework/Additional Managed Reference Topics/Microsoft.WindowsMobile.DirectX.Direct3D Namespace/CustomVertex.PositionOnlyFixed Structure/CustomVertex.PositionOnlyFixed Constructor /CustomVertex.PositionOnlyFixed Constructor (FixedPoint, FixedPoint, FixedPoint)
ms129418(v=vs.90)	CustomVertex.PositionOnlyFixed Constructor (Vector3Fixed)		Microsoft.WindowsMobile.DirectX.Direct3D	Microsoft.WindowsMobile.DirectX (in Microsoft.WindowsMobile.DirectX.dll)	3.5,2.0	CE6R3+;CE5.0/6.0	.NET Framework 3.5/General Reference for the .NET Framework/Additional Managed Reference Topics/Microsoft.WindowsMobile.DirectX.Direct3D Namespace/CustomVertex.PositionOnlyFixed Structure/CustomVertex.PositionOnlyFixed Constructor /CustomVertex.PositionOnlyFixed Constructor (Vector3Fixed)
ms129409(v=vs.90)	CustomVertex.PositionOnlyFixed Structure	Structure	Microsoft.WindowsMobile.DirectX.Direct3D	Microsoft.WindowsMobile.DirectX (in Microsoft.WindowsMobile.DirectX.dll)	3.5,2.0	CE6R3+;CE5.0/6.0	.NET Framework 3.5/General Reference for the .NET Framework/Additional Managed Reference Topics/Microsoft.WindowsMobile.DirectX.Direct3D Namespace/CustomVertex.PositionOnlyFixed Structure
ms129438(v=vs.90)	CustomVertex.PositionTextured Constructor (Single, Single, Single, Single, Single)		Microsoft.WindowsMobile.DirectX.Direct3D	Microsoft.WindowsMobile.DirectX (in Microsoft.WindowsMobile.DirectX.dll)	3.5,2.0	CE6R3+;CE5.0/6.0	.NET Framework 3.5/General Reference for the .NET Framework/Additional Managed Reference Topics/Microsoft.WindowsMobile.DirectX.Direct3D Namespace/CustomVertex.PositionTextured Structure/CustomVertex.PositionTextured Constructor /CustomVertex.PositionTextured Constructor (Single, Single, Single, Single, Single)
ms129437(v=vs.90)	CustomVertex.PositionTextured Constructor (Vector3, Single, Single)		Microsoft.WindowsMobile.DirectX.Direct3D	Microsoft.WindowsMobile.DirectX (in Microsoft.WindowsMobile.DirectX.dll)	3.5,2.0	CE6R3+;CE5.0/6.0	.NET Framework 3.5/General Reference for the .NET Framework/Additional Managed Reference Topics/Microsoft.WindowsMobile.DirectX.Direct3D Namespace/CustomVertex.PositionTextured Structure/CustomVertex.PositionTextured Constructor /CustomVertex.PositionTextured Constructor (Vector3, Single, Single)
ms129426(v=vs.90)	CustomVertex.PositionTextured Structure	Structure	Microsoft.WindowsMobile.DirectX.Direct3D	Microsoft.WindowsMobile.DirectX (in Microsoft.WindowsMobile.DirectX.dll)	3.5,2.0	CE6R3+;CE5.0/6.0	.NET Framework 3.5/General Reference for the .NET Framework/Additional Managed Reference Topics/Microsoft.WindowsMobile.DirectX.Direct3D Namespace/CustomVertex.PositionTextured Structure
ms129457(v=vs.90)	CustomVertex.Transformed Constructor (Single, Single, Single, Single)		Microsoft.WindowsMobile.DirectX.Direct3D	Microsoft.WindowsMobile.DirectX (in Microsoft.WindowsMobile.DirectX.dll)	3.5,2.0	CE6R3+;CE5.0/6.0	.NET Framework 3.5/General Reference for the .NET Framework/Additional Managed Reference Topics/Microsoft.WindowsMobile.DirectX.Direct3D Namespace/CustomVertex.Transformed Structure/CustomVertex.Transformed Constructor /CustomVertex.Transformed Constructor (Single, Single, Single, Single)
ms129456(v=vs.90)	CustomVertex.Transformed Constructor (Vector4)		Microsoft.WindowsMobile.DirectX.Direct3D	Microsoft.WindowsMobile.DirectX (in Microsoft.WindowsMobile.DirectX.dll)	3.5,2.0	CE6R3+;CE5.0/6.0	.NET Framework 3.5/General Reference for the .NET Framework/Additional Managed Reference Topics/Microsoft.WindowsMobile.DirectX.Direct3D Namespace/CustomVertex.Transformed Structure/CustomVertex.Transformed Constructor /CustomVertex.Transformed Constructor (Vector4)
ms129446(v=vs.90)	CustomVertex.Transformed Structure	Structure	Microsoft.WindowsMobile.DirectX.Direct3D	Microsoft.WindowsMobile.DirectX (in Microsoft.WindowsMobile.DirectX.dll)	3.5,2.0	CE6R3+;CE5.0/6.0	.NET Framework 3.5/General Reference for the .NET Framework/Additional Managed Reference Topics/Microsoft.WindowsMobile.DirectX.Direct3D Namespace/CustomVertex.Transformed Structure
ms129476(v=vs.90)	CustomVertex.TransformedColored Constructor (Single, Single, Single, Single, Int32)		Microsoft.WindowsMobile.DirectX.Direct3D	Microsoft.WindowsMobile.DirectX (in Microsoft.WindowsMobile.DirectX.dll)	3.5,2.0	CE6R3+;CE5.0/6.0	.NET Framework 3.5/General Reference for the .NET Framework/Additional Managed Reference Topics/Microsoft.WindowsMobile.DirectX.Direct3D Namespace/CustomVertex.TransformedColored Structure/CustomVertex.TransformedColored Constructor /CustomVertex.TransformedColored Constructor (Single, Single, Single, Single, Int32)
ms129475(v=vs.90)	CustomVertex.TransformedColored Constructor (Vector4, Int32)		Microsoft.WindowsMobile.DirectX.Direct3D	Microsoft.WindowsMobile.DirectX (in Microsoft.WindowsMobile.DirectX.dll)	3.5,2.0	CE6R3+;CE5.0/6.0	.NET Framework 3.5/General Reference for the .NET Framework/Additional Managed Reference Topics/Microsoft.WindowsMobile.DirectX.Direct3D Namespace/CustomVertex.TransformedColored Structure/CustomVertex.TransformedColored Constructor /CustomVertex.TransformedColored Constructor (Vector4, Int32)
ms129464(v=vs.90)	CustomVertex.TransformedColored Structure	Structure	Microsoft.WindowsMobile.DirectX.Direct3D	Microsoft.WindowsMobile.DirectX (in Microsoft.WindowsMobile.DirectX.dll)	3.5,2.0	CE6R3+;CE5.0/6.0	.NET Framework 3.5/General Reference for the .NET Framework/Additional Managed Reference Topics/Microsoft.WindowsMobile.DirectX.Direct3D Namespace/CustomVertex.TransformedColored Structure
ms129497(v=vs.90)	CustomVertex.TransformedColoredTextured Constructor (Single, Single, Single, Single, Int32, Single, Single)		Microsoft.WindowsMobile.DirectX.Direct3D	Microsoft.WindowsMobile.DirectX (in Microsoft.WindowsMobile.DirectX.dll)	3.5,2.0	CE6R3+;CE5.0/6.0	.NET Framework 3.5/General Reference for the .NET Framework/Additional Managed Reference Topics/Microsoft.WindowsMobile.DirectX.Direct3D Namespace/CustomVertex.TransformedColoredTextured Structure/CustomVertex.TransformedColoredTextured Constructor /CustomVertex.TransformedColoredTextured Constructor (Single, Single, Single, Single, Int32, Single, Single)
ms129496(v=vs.90)	CustomVertex.TransformedColoredTextured Constructor (Vector4, Int32, Single, Single)		Microsoft.WindowsMobile.DirectX.Direct3D	Microsoft.WindowsMobile.DirectX (in Microsoft.WindowsMobile.DirectX.dll)	3.5,2.0	CE6R3+;CE5.0/6.0	.NET Framework 3.5/General Reference for the .NET Framework/Additional Managed Reference Topics/Microsoft.WindowsMobile.DirectX.Direct3D Namespace/CustomVertex.TransformedColoredTextured Structure/CustomVertex.TransformedColoredTextured Constructor /CustomVertex.TransformedColoredTextured Constructor (Vector4, Int32, Single, Single)
ms129483(v=vs.90)	CustomVertex.TransformedColoredTextured Structure	Structure	Microsoft.WindowsMobile.DirectX.Direct3D	Microsoft.WindowsMobile.DirectX (in Microsoft.WindowsMobile.DirectX.dll)	3.5,2.0	CE6R3+;CE5.0/6.0	.NET Framework 3.5/General Reference for the .NET Framework/Additional Managed Reference Topics/Microsoft.WindowsMobile.DirectX.Direct3D Namespace/CustomVertex.TransformedColoredTextured Structure
ms129513(v=vs.90)	CustomVertex.TransformedFixed Constructor	Constructor	Microsoft.WindowsMobile.DirectX.Direct3D	Microsoft.WindowsMobile.DirectX (in Microsoft.WindowsMobile.DirectX.dll)	3.5,2.0	CE6R3+;CE5.0/6.0	.NET Framework 3.5/General Reference for the .NET Framework/Additional Managed Reference Topics/Microsoft.WindowsMobile.DirectX.Direct3D Namespace/CustomVertex.TransformedFixed Structure/CustomVertex.TransformedFixed Constructor 
ms129504(v=vs.90)	CustomVertex.TransformedFixed Structure	Structure	Microsoft.WindowsMobile.DirectX.Direct3D	Microsoft.WindowsMobile.DirectX (in Microsoft.WindowsMobile.DirectX.dll)	3.5,2.0	CE6R3+;CE5.0/6.0	.NET Framework 3.5/General Reference for the .NET Framework/Additional Managed Reference Topics/Microsoft.WindowsMobile.DirectX.Direct3D Namespace/CustomVertex.TransformedFixed Structure
ms129532(v=vs.90)	CustomVertex.TransformedTextured Constructor (Single, Single, Single, Single, Single, Single)		Microsoft.WindowsMobile.DirectX.Direct3D	Microsoft.WindowsMobile.DirectX (in Microsoft.WindowsMobile.DirectX.dll)	3.5,2.0	CE6R3+;CE5.0/6.0	.NET Framework 3.5/General Reference for the .NET Framework/Additional Managed Reference Topics/Microsoft.WindowsMobile.DirectX.Direct3D Namespace/CustomVertex.TransformedTextured Structure/CustomVertex.TransformedTextured Constructor /CustomVertex.TransformedTextured Constructor (Single, Single, Single, Single, Single, Single)
ms129531(v=vs.90)	CustomVertex.TransformedTextured Constructor (Vector4, Single, Single)		Microsoft.WindowsMobile.DirectX.Direct3D	Microsoft.WindowsMobile.DirectX (in Microsoft.WindowsMobile.DirectX.dll)	3.5,2.0	CE6R3+;CE5.0/6.0	.NET Framework 3.5/General Reference for the .NET Framework/Additional Managed Reference Topics/Microsoft.WindowsMobile.DirectX.Direct3D Namespace/CustomVertex.TransformedTextured Structure/CustomVertex.TransformedTextured Constructor /CustomVertex.TransformedTextured Constructor (Vector4, Single, Single)
ms129519(v=vs.90)	CustomVertex.TransformedTextured Structure	Structure	Microsoft.WindowsMobile.DirectX.Direct3D	Microsoft.WindowsMobile.DirectX (in Microsoft.WindowsMobile.DirectX.dll)	3.5,2.0	CE6R3+;CE5.0/6.0	.NET Framework 3.5/General Reference for the .NET Framework/Additional Managed Reference Topics/Microsoft.WindowsMobile.DirectX.Direct3D Namespace/CustomVertex.TransformedTextured Structure
ms130070(v=vs.90)	Cylinder Method	Method	Microsoft.WindowsMobile.DirectX.Direct3D	Microsoft.WindowsMobile.DirectX (in Microsoft.WindowsMobile.DirectX.dll)	3.5,2.0	CE6R3+;CE5.0/6.0	.NET Framework 3.5/General Reference for the .NET Framework/Additional Managed Reference Topics/Microsoft.WindowsMobile.DirectX.Direct3D Namespace/Mesh Class/Mesh Methods /Cylinder Method 
ms129539(v=vs.90)	D3DX Class	Class	Microsoft.WindowsMobile.DirectX.Direct3D	Microsoft.WindowsMobile.DirectX (in Microsoft.WindowsMobile.DirectX.dll)	3.5,2.0	CE6R3+;CE5.0/6.0	.NET Framework 3.5/General Reference for the .NET Framework/Additional Managed Reference Topics/Microsoft.WindowsMobile.DirectX.Direct3D Namespace/D3DX Class
ms129745(v=vs.90)	Decrement Operator	Operator	Microsoft.WindowsMobile.DirectX.Direct3D	Microsoft.WindowsMobile.DirectX (in Microsoft.WindowsMobile.DirectX.dll)	3.5,2.0	CE6R3+;CE5.0/6.0	.NET Framework 3.5/General Reference for the .NET Framework/Additional Managed Reference Topics/Microsoft.WindowsMobile.DirectX.Direct3D Namespace/FixedPoint Structure/FixedPoint Operators/Decrement Operator
ms129542(v=vs.90)	Default Field	Field	Microsoft.WindowsMobile.DirectX.Direct3D	Microsoft.WindowsMobile.DirectX (in Microsoft.WindowsMobile.DirectX.dll)	3.5,2.0	CE6R3+;CE5.0/6.0	.NET Framework 3.5/General Reference for the .NET Framework/Additional Managed Reference Topics/Microsoft.WindowsMobile.DirectX.Direct3D Namespace/D3DX Class/D3DX Fields/Default Field
ms129046(v=vs.90)	Default Property	Property	Microsoft.WindowsMobile.DirectX.Direct3D	Microsoft.WindowsMobile.DirectX (in Microsoft.WindowsMobile.DirectX.dll)	3.5,2.0	CE6R3+;CE5.0/6.0	.NET Framework 3.5/General Reference for the .NET Framework/Additional Managed Reference Topics/Microsoft.WindowsMobile.DirectX.Direct3D Namespace/AdapterListCollection Class/AdapterListCollection Properties /Default Property 
ms129543(v=vs.90)	DefaultFloat Field	Field	Microsoft.WindowsMobile.DirectX.Direct3D	Microsoft.WindowsMobile.DirectX (in Microsoft.WindowsMobile.DirectX.dll)	3.5,2.0	CE6R3+;CE5.0/6.0	.NET Framework 3.5/General Reference for the .NET Framework/Additional Managed Reference Topics/Microsoft.WindowsMobile.DirectX.Direct3D Namespace/D3DX Class/D3DX Fields/DefaultFloat Field
ms129544(v=vs.90)	DefaultNonPowerOf2 Field	Field	Microsoft.WindowsMobile.DirectX.Direct3D	Microsoft.WindowsMobile.DirectX (in Microsoft.WindowsMobile.DirectX.dll)	3.5,2.0	CE6R3+;CE5.0/6.0	.NET Framework 3.5/General Reference for the .NET Framework/Additional Managed Reference Topics/Microsoft.WindowsMobile.DirectX.Direct3D Namespace/D3DX Class/D3DX Fields/DefaultNonPowerOf2 Field
ms130230(v=vs.90)	DepthBias Property	Property	Microsoft.WindowsMobile.DirectX.Direct3D	Microsoft.WindowsMobile.DirectX (in Microsoft.WindowsMobile.DirectX.dll)	3.5,2.0	CE6R3+;CE5.0/6.0	.NET Framework 3.5/General Reference for the .NET Framework/Additional Managed Reference Topics/Microsoft.WindowsMobile.DirectX.Direct3D Namespace/RenderStateManager Class/RenderStateManager Properties /DepthBias Property 
ms129550(v=vs.90)	DepthFormat Enumeration	Enumeration	Microsoft.WindowsMobile.DirectX.Direct3D	Microsoft.WindowsMobile.DirectX (in Microsoft.WindowsMobile.DirectX.dll)	3.5,2.0	CE6R3+;CE5.0/6.0	.NET Framework 3.5/General Reference for the .NET Framework/Additional Managed Reference Topics/Microsoft.WindowsMobile.DirectX.Direct3D Namespace/DepthFormat Enumeration
ms129615(v=vs.90)	DepthStencilSurface Property	Property	Microsoft.WindowsMobile.DirectX.Direct3D	Microsoft.WindowsMobile.DirectX (in Microsoft.WindowsMobile.DirectX.dll)	3.5,2.0	CE6R3+;CE5.0/6.0	.NET Framework 3.5/General Reference for the .NET Framework/Additional Managed Reference Topics/Microsoft.WindowsMobile.DirectX.Direct3D Namespace/Device Class/Device Properties /DepthStencilSurface Property 
ms129016(v=vs.90)	Description Property	Property	Microsoft.WindowsMobile.DirectX.Direct3D	Microsoft.WindowsMobile.DirectX (in Microsoft.WindowsMobile.DirectX.dll)	3.5,2.0	CE6R3+;CE5.0/6.0	.NET Framework 3.5/General Reference for the .NET Framework/Additional Managed Reference Topics/Microsoft.WindowsMobile.DirectX.Direct3D Namespace/AdapterDetails Structure/AdapterDetails Properties /Description Property 
ms129799(v=vs.90)	Description Property	Property	Microsoft.WindowsMobile.DirectX.Direct3D	Microsoft.WindowsMobile.DirectX (in Microsoft.WindowsMobile.DirectX.dll)	3.5,2.0	CE6R3+;CE5.0/6.0	.NET Framework 3.5/General Reference for the .NET Framework/Additional Managed Reference Topics/Microsoft.WindowsMobile.DirectX.Direct3D Namespace/Font Class/Font Properties /Description Property 
ms129857(v=vs.90)	Description Property	Property	Microsoft.WindowsMobile.DirectX.Direct3D	Microsoft.WindowsMobile.DirectX (in Microsoft.WindowsMobile.DirectX.dll)	3.5,2.0	CE6R3+;CE5.0/6.0	.NET Framework 3.5/General Reference for the .NET Framework/Additional Managed Reference Topics/Microsoft.WindowsMobile.DirectX.Direct3D Namespace/IndexBuffer Class/IndexBuffer Properties /Description Property 
ms130355(v=vs.90)	Description Property	Property	Microsoft.WindowsMobile.DirectX.Direct3D	Microsoft.WindowsMobile.DirectX (in Microsoft.WindowsMobile.DirectX.dll)	3.5,2.0	CE6R3+;CE5.0/6.0	.NET Framework 3.5/General Reference for the .NET Framework/Additional Managed Reference Topics/Microsoft.WindowsMobile.DirectX.Direct3D Namespace/Surface Class/Surface Properties /Description Property 
ms130624(v=vs.90)	Description Property	Property	Microsoft.WindowsMobile.DirectX.Direct3D	Microsoft.WindowsMobile.DirectX (in Microsoft.WindowsMobile.DirectX.dll)	3.5,2.0	CE6R3+;CE5.0/6.0	.NET Framework 3.5/General Reference for the .NET Framework/Additional Managed Reference Topics/Microsoft.WindowsMobile.DirectX.Direct3D Namespace/VertexBuffer Class/VertexBuffer Properties /Description Property 
ms130231(v=vs.90)	DestinationBlend Property	Property	Microsoft.WindowsMobile.DirectX.Direct3D	Microsoft.WindowsMobile.DirectX (in Microsoft.WindowsMobile.DirectX.dll)	3.5,2.0	CE6R3+;CE5.0/6.0	.NET Framework 3.5/General Reference for the .NET Framework/Additional Managed Reference Topics/Microsoft.WindowsMobile.DirectX.Direct3D Namespace/RenderStateManager Class/RenderStateManager Properties /DestinationBlend Property 
ms129161(v=vs.90)	DestinationBlendCaps Property	Property	Microsoft.WindowsMobile.DirectX.Direct3D	Microsoft.WindowsMobile.DirectX (in Microsoft.WindowsMobile.DirectX.dll)	3.5,2.0	CE6R3+;CE5.0/6.0	.NET Framework 3.5/General Reference for the .NET Framework/Additional Managed Reference Topics/Microsoft.WindowsMobile.DirectX.Direct3D Namespace/Caps Structure/Caps Properties /DestinationBlendCaps Property 
ms129551(v=vs.90)	Device Class	Class	Microsoft.WindowsMobile.DirectX.Direct3D	Microsoft.WindowsMobile.DirectX (in Microsoft.WindowsMobile.DirectX.dll)	3.5,2.0	CE6R3+;CE5.0/6.0	.NET Framework 3.5/General Reference for the .NET Framework/Additional Managed Reference Topics/Microsoft.WindowsMobile.DirectX.Direct3D Namespace/Device Class
ms129554(v=vs.90)	Device Constructor (Int32, DeviceType, Control, CreateFlags, PresentParameters)		Microsoft.WindowsMobile.DirectX.Direct3D	Microsoft.WindowsMobile.DirectX (in Microsoft.WindowsMobile.DirectX.dll)	3.5,2.0	CE6R3+;CE5.0/6.0	.NET Framework 3.5/General Reference for the .NET Framework/Additional Managed Reference Topics/Microsoft.WindowsMobile.DirectX.Direct3D Namespace/Device Class/Device Constructor /Device Constructor (Int32, DeviceType, Control, CreateFlags, PresentParameters)
ms129556(v=vs.90)	Device Constructor (Int32, DeviceType, IntPtr, CreateFlags, PresentParameters)		Microsoft.WindowsMobile.DirectX.Direct3D	Microsoft.WindowsMobile.DirectX (in Microsoft.WindowsMobile.DirectX.dll)	3.5,2.0	CE6R3+;CE5.0/6.0	.NET Framework 3.5/General Reference for the .NET Framework/Additional Managed Reference Topics/Microsoft.WindowsMobile.DirectX.Direct3D Namespace/Device Class/Device Constructor /Device Constructor (Int32, DeviceType, IntPtr, CreateFlags, PresentParameters)
ms129092(v=vs.90)	Device Property	Property	Microsoft.WindowsMobile.DirectX.Direct3D	Microsoft.WindowsMobile.DirectX (in Microsoft.WindowsMobile.DirectX.dll)	3.5,2.0	CE6R3+;CE5.0/6.0	.NET Framework 3.5/General Reference for the .NET Framework/Additional Managed Reference Topics/Microsoft.WindowsMobile.DirectX.Direct3D Namespace/BaseMesh Class/BaseMesh Properties /Device Property 
ms129800(v=vs.90)	Device Property	Property	Microsoft.WindowsMobile.DirectX.Direct3D	Microsoft.WindowsMobile.DirectX (in Microsoft.WindowsMobile.DirectX.dll)	3.5,2.0	CE6R3+;CE5.0/6.0	.NET Framework 3.5/General Reference for the .NET Framework/Additional Managed Reference Topics/Microsoft.WindowsMobile.DirectX.Direct3D Namespace/Font Class/Font Properties /Device Property 
ms130279(v=vs.90)	Device Property	Property	Microsoft.WindowsMobile.DirectX.Direct3D	Microsoft.WindowsMobile.DirectX (in Microsoft.WindowsMobile.DirectX.dll)	3.5,2.0	CE6R3+;CE5.0/6.0	.NET Framework 3.5/General Reference for the .NET Framework/Additional Managed Reference Topics/Microsoft.WindowsMobile.DirectX.Direct3D Namespace/Resource Class/Resource Properties /Device Property 
ms130316(v=vs.90)	Device Property	Property	Microsoft.WindowsMobile.DirectX.Direct3D	Microsoft.WindowsMobile.DirectX (in Microsoft.WindowsMobile.DirectX.dll)	3.5,2.0	CE6R3+;CE5.0/6.0	.NET Framework 3.5/General Reference for the .NET Framework/Additional Managed Reference Topics/Microsoft.WindowsMobile.DirectX.Direct3D Namespace/Sprite Class/Sprite Properties /Device Property 
ms130356(v=vs.90)	Device Property	Property	Microsoft.WindowsMobile.DirectX.Direct3D	Microsoft.WindowsMobile.DirectX (in Microsoft.WindowsMobile.DirectX.dll)	3.5,2.0	CE6R3+;CE5.0/6.0	.NET Framework 3.5/General Reference for the .NET Framework/Additional Managed Reference Topics/Microsoft.WindowsMobile.DirectX.Direct3D Namespace/Surface Class/Surface Properties /Device Property 
ms129162(v=vs.90)	DeviceCaps Property	Property	Microsoft.WindowsMobile.DirectX.Direct3D	Microsoft.WindowsMobile.DirectX (in Microsoft.WindowsMobile.DirectX.dll)	3.5,2.0	CE6R3+;CE5.0/6.0	.NET Framework 3.5/General Reference for the .NET Framework/Additional Managed Reference Topics/Microsoft.WindowsMobile.DirectX.Direct3D Namespace/Caps Structure/Caps Properties /DeviceCaps Property 
ms129616(v=vs.90)	DeviceCaps Property	Property	Microsoft.WindowsMobile.DirectX.Direct3D	Microsoft.WindowsMobile.DirectX (in Microsoft.WindowsMobile.DirectX.dll)	3.5,2.0	CE6R3+;CE5.0/6.0	.NET Framework 3.5/General Reference for the .NET Framework/Additional Managed Reference Topics/Microsoft.WindowsMobile.DirectX.Direct3D Namespace/Device Class/Device Properties /DeviceCaps Property 
ms129637(v=vs.90)	DeviceCaps Structure	Structure	Microsoft.WindowsMobile.DirectX.Direct3D	Microsoft.WindowsMobile.DirectX (in Microsoft.WindowsMobile.DirectX.dll)	3.5,2.0	CE6R3+;CE5.0/6.0	.NET Framework 3.5/General Reference for the .NET Framework/Additional Managed Reference Topics/Microsoft.WindowsMobile.DirectX.Direct3D Namespace/DeviceCaps Structure
ms129649(v=vs.90)	DeviceCreationParameters Structure	Structure	Microsoft.WindowsMobile.DirectX.Direct3D	Microsoft.WindowsMobile.DirectX (in Microsoft.WindowsMobile.DirectX.dll)	3.5,2.0	CE6R3+;CE5.0/6.0	.NET Framework 3.5/General Reference for the .NET Framework/Additional Managed Reference Topics/Microsoft.WindowsMobile.DirectX.Direct3D Namespace/DeviceCreationParameters Structure
ms129017(v=vs.90)	DeviceId Property	Property	Microsoft.WindowsMobile.DirectX.Direct3D	Microsoft.WindowsMobile.DirectX (in Microsoft.WindowsMobile.DirectX.dll)	3.5,2.0	CE6R3+;CE5.0/6.0	.NET Framework 3.5/General Reference for the .NET Framework/Additional Managed Reference Topics/Microsoft.WindowsMobile.DirectX.Direct3D Namespace/AdapterDetails Structure/AdapterDetails Properties /DeviceId Property 
ms129018(v=vs.90)	DeviceIdentifier Property	Property	Microsoft.WindowsMobile.DirectX.Direct3D	Microsoft.WindowsMobile.DirectX (in Microsoft.WindowsMobile.DirectX.dll)	3.5,2.0	CE6R3+;CE5.0/6.0	.NET Framework 3.5/General Reference for the .NET Framework/Additional Managed Reference Topics/Microsoft.WindowsMobile.DirectX.Direct3D Namespace/AdapterDetails Structure/AdapterDetails Properties /DeviceIdentifier Property 
ms129631(v=vs.90)	DeviceLost Event	Event	Microsoft.WindowsMobile.DirectX.Direct3D	Microsoft.WindowsMobile.DirectX (in Microsoft.WindowsMobile.DirectX.dll)	3.5,2.0	CE6R3+;CE5.0/6.0	.NET Framework 3.5/General Reference for the .NET Framework/Additional Managed Reference Topics/Microsoft.WindowsMobile.DirectX.Direct3D Namespace/Device Class/Device Events/DeviceLost Event
ms129660(v=vs.90)	DeviceLostException Class	Class	Microsoft.WindowsMobile.DirectX.Direct3D	Microsoft.WindowsMobile.DirectX (in Microsoft.WindowsMobile.DirectX.dll)	3.5,2.0	CE6R3+;CE5.0/6.0	.NET Framework 3.5/General Reference for the .NET Framework/Additional Managed Reference Topics/Microsoft.WindowsMobile.DirectX.Direct3D Namespace/DeviceLostException Class
ms129662(v=vs.90)	DeviceLostException Constructor	Constructor	Microsoft.WindowsMobile.DirectX.Direct3D	Microsoft.WindowsMobile.DirectX (in Microsoft.WindowsMobile.DirectX.dll)	3.5,2.0	CE6R3+;CE5.0/6.0	.NET Framework 3.5/General Reference for the .NET Framework/Additional Managed Reference Topics/Microsoft.WindowsMobile.DirectX.Direct3D Namespace/DeviceLostException Class/DeviceLostException Constructor 
ms129667(v=vs.90)	DeviceNotResetException Class	Class	Microsoft.WindowsMobile.DirectX.Direct3D	Microsoft.WindowsMobile.DirectX (in Microsoft.WindowsMobile.DirectX.dll)	3.5,2.0	CE6R3+;CE5.0/6.0	.NET Framework 3.5/General Reference for the .NET Framework/Additional Managed Reference Topics/Microsoft.WindowsMobile.DirectX.Direct3D Namespace/DeviceNotResetException Class
ms129669(v=vs.90)	DeviceNotResetException Constructor	Constructor	Microsoft.WindowsMobile.DirectX.Direct3D	Microsoft.WindowsMobile.DirectX (in Microsoft.WindowsMobile.DirectX.dll)	3.5,2.0	CE6R3+;CE5.0/6.0	.NET Framework 3.5/General Reference for the .NET Framework/Additional Managed Reference Topics/Microsoft.WindowsMobile.DirectX.Direct3D Namespace/DeviceNotResetException Class/DeviceNotResetException Constructor 
ms129632(v=vs.90)	DeviceReset Event	Event	Microsoft.WindowsMobile.DirectX.Direct3D	Microsoft.WindowsMobile.DirectX (in Microsoft.WindowsMobile.DirectX.dll)	3.5,2.0	CE6R3+;CE5.0/6.0	.NET Framework 3.5/General Reference for the .NET Framework/Additional Managed Reference Topics/Microsoft.WindowsMobile.DirectX.Direct3D Namespace/Device Class/Device Events/DeviceReset Event
ms129633(v=vs.90)	DeviceResizing Event	Event	Microsoft.WindowsMobile.DirectX.Direct3D	Microsoft.WindowsMobile.DirectX (in Microsoft.WindowsMobile.DirectX.dll)	3.5,2.0	CE6R3+;CE5.0/6.0	.NET Framework 3.5/General Reference for the .NET Framework/Additional Managed Reference Topics/Microsoft.WindowsMobile.DirectX.Direct3D Namespace/Device Class/Device Events/DeviceResizing Event
ms129673(v=vs.90)	DeviceType Enumeration	Enumeration	Microsoft.WindowsMobile.DirectX.Direct3D	Microsoft.WindowsMobile.DirectX (in Microsoft.WindowsMobile.DirectX.dll)	3.5,2.0	CE6R3+;CE5.0/6.0	.NET Framework 3.5/General Reference for the .NET Framework/Additional Managed Reference Topics/Microsoft.WindowsMobile.DirectX.Direct3D Namespace/DeviceType Enumeration
ms129163(v=vs.90)	DeviceType Property	Property	Microsoft.WindowsMobile.DirectX.Direct3D	Microsoft.WindowsMobile.DirectX (in Microsoft.WindowsMobile.DirectX.dll)	3.5,2.0	CE6R3+;CE5.0/6.0	.NET Framework 3.5/General Reference for the .NET Framework/Additional Managed Reference Topics/Microsoft.WindowsMobile.DirectX.Direct3D Namespace/Caps Structure/Caps Properties /DeviceType Property 
ms129655(v=vs.90)	DeviceType Property	Property	Microsoft.WindowsMobile.DirectX.Direct3D	Microsoft.WindowsMobile.DirectX (in Microsoft.WindowsMobile.DirectX.dll)	3.5,2.0	CE6R3+;CE5.0/6.0	.NET Framework 3.5/General Reference for the .NET Framework/Additional Managed Reference Topics/Microsoft.WindowsMobile.DirectX.Direct3D Namespace/DeviceCreationParameters Structure/DeviceCreationParameters Properties /DeviceType Property 
ms129903(v=vs.90)	Diffuse Property	Property	Microsoft.WindowsMobile.DirectX.Direct3D	Microsoft.WindowsMobile.DirectX (in Microsoft.WindowsMobile.DirectX.dll)	3.5,2.0	CE6R3+;CE5.0/6.0	.NET Framework 3.5/General Reference for the .NET Framework/Additional Managed Reference Topics/Microsoft.WindowsMobile.DirectX.Direct3D Namespace/Light Class/Light Properties /Diffuse Property 
ms129927(v=vs.90)	Diffuse Property	Property	Microsoft.WindowsMobile.DirectX.Direct3D	Microsoft.WindowsMobile.DirectX (in Microsoft.WindowsMobile.DirectX.dll)	3.5,2.0	CE6R3+;CE5.0/6.0	.NET Framework 3.5/General Reference for the .NET Framework/Additional Managed Reference Topics/Microsoft.WindowsMobile.DirectX.Direct3D Namespace/LightFixed Class/LightFixed Properties /Diffuse Property 
ms129989(v=vs.90)	Diffuse Property	Property	Microsoft.WindowsMobile.DirectX.Direct3D	Microsoft.WindowsMobile.DirectX (in Microsoft.WindowsMobile.DirectX.dll)	3.5,2.0	CE6R3+;CE5.0/6.0	.NET Framework 3.5/General Reference for the .NET Framework/Additional Managed Reference Topics/Microsoft.WindowsMobile.DirectX.Direct3D Namespace/Material Structure/Material Properties /Diffuse Property 
ms130022(v=vs.90)	Diffuse Property	Property	Microsoft.WindowsMobile.DirectX.Direct3D	Microsoft.WindowsMobile.DirectX (in Microsoft.WindowsMobile.DirectX.dll)	3.5,2.0	CE6R3+;CE5.0/6.0	.NET Framework 3.5/General Reference for the .NET Framework/Additional Managed Reference Topics/Microsoft.WindowsMobile.DirectX.Direct3D Namespace/MaterialFixed Structure/MaterialFixed Properties /Diffuse Property 
ms129904(v=vs.90)	DiffuseColor Property	Property	Microsoft.WindowsMobile.DirectX.Direct3D	Microsoft.WindowsMobile.DirectX (in Microsoft.WindowsMobile.DirectX.dll)	3.5,2.0	CE6R3+;CE5.0/6.0	.NET Framework 3.5/General Reference for the .NET Framework/Additional Managed Reference Topics/Microsoft.WindowsMobile.DirectX.Direct3D Namespace/Light Class/Light Properties /DiffuseColor Property 
ms129928(v=vs.90)	DiffuseColor Property	Property	Microsoft.WindowsMobile.DirectX.Direct3D	Microsoft.WindowsMobile.DirectX (in Microsoft.WindowsMobile.DirectX.dll)	3.5,2.0	CE6R3+;CE5.0/6.0	.NET Framework 3.5/General Reference for the .NET Framework/Additional Managed Reference Topics/Microsoft.WindowsMobile.DirectX.Direct3D Namespace/LightFixed Class/LightFixed Properties /DiffuseColor Property 
ms130010(v=vs.90)	DiffuseColor Property	Property	Microsoft.WindowsMobile.DirectX.Direct3D	Microsoft.WindowsMobile.DirectX (in Microsoft.WindowsMobile.DirectX.dll)	3.5,2.0	CE6R3+;CE5.0/6.0	.NET Framework 3.5/General Reference for the .NET Framework/Additional Managed Reference Topics/Microsoft.WindowsMobile.DirectX.Direct3D Namespace/Material Structure/Material Properties /DiffuseColor Property 
ms130023(v=vs.90)	DiffuseColor Property	Property	Microsoft.WindowsMobile.DirectX.Direct3D	Microsoft.WindowsMobile.DirectX (in Microsoft.WindowsMobile.DirectX.dll)	3.5,2.0	CE6R3+;CE5.0/6.0	.NET Framework 3.5/General Reference for the .NET Framework/Additional Managed Reference Topics/Microsoft.WindowsMobile.DirectX.Direct3D Namespace/MaterialFixed Structure/MaterialFixed Properties /DiffuseColor Property 
ms130232(v=vs.90)	DiffuseMaterialSource Property	Property	Microsoft.WindowsMobile.DirectX.Direct3D	Microsoft.WindowsMobile.DirectX (in Microsoft.WindowsMobile.DirectX.dll)	3.5,2.0	CE6R3+;CE5.0/6.0	.NET Framework 3.5/General Reference for the .NET Framework/Additional Managed Reference Topics/Microsoft.WindowsMobile.DirectX.Direct3D Namespace/RenderStateManager Class/RenderStateManager Properties /DiffuseMaterialSource Property 
ms129905(v=vs.90)	Direction Property	Property	Microsoft.WindowsMobile.DirectX.Direct3D	Microsoft.WindowsMobile.DirectX (in Microsoft.WindowsMobile.DirectX.dll)	3.5,2.0	CE6R3+;CE5.0/6.0	.NET Framework 3.5/General Reference for the .NET Framework/Additional Managed Reference Topics/Microsoft.WindowsMobile.DirectX.Direct3D Namespace/Light Class/Light Properties /Direction Property 
ms129929(v=vs.90)	Direction Property	Property	Microsoft.WindowsMobile.DirectX.Direct3D	Microsoft.WindowsMobile.DirectX (in Microsoft.WindowsMobile.DirectX.dll)	3.5,2.0	CE6R3+;CE5.0/6.0	.NET Framework 3.5/General Reference for the .NET Framework/Additional Managed Reference Topics/Microsoft.WindowsMobile.DirectX.Direct3D Namespace/LightFixed Class/LightFixed Properties /Direction Property 
ms129617(v=vs.90)	DisplayMode Property	Property	Microsoft.WindowsMobile.DirectX.Direct3D	Microsoft.WindowsMobile.DirectX (in Microsoft.WindowsMobile.DirectX.dll)	3.5,2.0	CE6R3+;CE5.0/6.0	.NET Framework 3.5/General Reference for the .NET Framework/Additional Managed Reference Topics/Microsoft.WindowsMobile.DirectX.Direct3D Namespace/Device Class/Device Properties /DisplayMode Property 
ms129674(v=vs.90)	DisplayMode Structure	Structure	Microsoft.WindowsMobile.DirectX.Direct3D	Microsoft.WindowsMobile.DirectX (in Microsoft.WindowsMobile.DirectX.dll)	3.5,2.0	CE6R3+;CE5.0/6.0	.NET Framework 3.5/General Reference for the .NET Framework/Additional Managed Reference Topics/Microsoft.WindowsMobile.DirectX.Direct3D Namespace/DisplayMode Structure
ms129684(v=vs.90)	DisplayModeCollection Class	Class	Microsoft.WindowsMobile.DirectX.Direct3D	Microsoft.WindowsMobile.DirectX (in Microsoft.WindowsMobile.DirectX.dll)	3.5,2.0	CE6R3+;CE5.0/6.0	.NET Framework 3.5/General Reference for the .NET Framework/Additional Managed Reference Topics/Microsoft.WindowsMobile.DirectX.Direct3D Namespace/DisplayModeCollection Class
ms129085(v=vs.90)	Dispose Method	Method	Microsoft.WindowsMobile.DirectX.Direct3D	Microsoft.WindowsMobile.DirectX (in Microsoft.WindowsMobile.DirectX.dll)	3.5,2.0	CE6R3+;CE5.0/6.0	.NET Framework 3.5/General Reference for the .NET Framework/Additional Managed Reference Topics/Microsoft.WindowsMobile.DirectX.Direct3D Namespace/BaseMesh Class/BaseMesh Methods /Dispose Method 
ms129577(v=vs.90)	Dispose Method	Method	Microsoft.WindowsMobile.DirectX.Direct3D	Microsoft.WindowsMobile.DirectX (in Microsoft.WindowsMobile.DirectX.dll)	3.5,2.0	CE6R3+;CE5.0/6.0	.NET Framework 3.5/General Reference for the .NET Framework/Additional Managed Reference Topics/Microsoft.WindowsMobile.DirectX.Direct3D Namespace/Device Class/Device Methods /Dispose Method 
ms129784(v=vs.90)	Dispose Method	Method	Microsoft.WindowsMobile.DirectX.Direct3D	Microsoft.WindowsMobile.DirectX (in Microsoft.WindowsMobile.DirectX.dll)	3.5,2.0	CE6R3+;CE5.0/6.0	.NET Framework 3.5/General Reference for the .NET Framework/Additional Managed Reference Topics/Microsoft.WindowsMobile.DirectX.Direct3D Namespace/Font Class/Font Methods /Dispose Method 
ms129846(v=vs.90)	Dispose Method	Method	Microsoft.WindowsMobile.DirectX.Direct3D	Microsoft.WindowsMobile.DirectX (in Microsoft.WindowsMobile.DirectX.dll)	3.5,2.0	CE6R3+;CE5.0/6.0	.NET Framework 3.5/General Reference for the .NET Framework/Additional Managed Reference Topics/Microsoft.WindowsMobile.DirectX.Direct3D Namespace/IndexBuffer Class/IndexBuffer Methods /Dispose Method 
ms130071(v=vs.90)	Dispose Method	Method	Microsoft.WindowsMobile.DirectX.Direct3D	Microsoft.WindowsMobile.DirectX (in Microsoft.WindowsMobile.DirectX.dll)	3.5,2.0	CE6R3+;CE5.0/6.0	.NET Framework 3.5/General Reference for the .NET Framework/Additional Managed Reference Topics/Microsoft.WindowsMobile.DirectX.Direct3D Namespace/Mesh Class/Mesh Methods /Dispose Method 
ms130302(v=vs.90)	Dispose Method	Method	Microsoft.WindowsMobile.DirectX.Direct3D	Microsoft.WindowsMobile.DirectX (in Microsoft.WindowsMobile.DirectX.dll)	3.5,2.0	CE6R3+;CE5.0/6.0	.NET Framework 3.5/General Reference for the .NET Framework/Additional Managed Reference Topics/Microsoft.WindowsMobile.DirectX.Direct3D Namespace/Sprite Class/Sprite Methods /Dispose Method 
ms130344(v=vs.90)	Dispose Method	Method	Microsoft.WindowsMobile.DirectX.Direct3D	Microsoft.WindowsMobile.DirectX (in Microsoft.WindowsMobile.DirectX.dll)	3.5,2.0	CE6R3+;CE5.0/6.0	.NET Framework 3.5/General Reference for the .NET Framework/Additional Managed Reference Topics/Microsoft.WindowsMobile.DirectX.Direct3D Namespace/Surface Class/Surface Methods /Dispose Method 
ms130405(v=vs.90)	Dispose Method	Method	Microsoft.WindowsMobile.DirectX.Direct3D	Microsoft.WindowsMobile.DirectX (in Microsoft.WindowsMobile.DirectX.dll)	3.5,2.0	CE6R3+;CE5.0/6.0	.NET Framework 3.5/General Reference for the .NET Framework/Additional Managed Reference Topics/Microsoft.WindowsMobile.DirectX.Direct3D Namespace/SwapChain Class/SwapChain Methods /Dispose Method 
ms130431(v=vs.90)	Dispose Method	Method	Microsoft.WindowsMobile.DirectX.Direct3D	Microsoft.WindowsMobile.DirectX (in Microsoft.WindowsMobile.DirectX.dll)	3.5,2.0	CE6R3+;CE5.0/6.0	.NET Framework 3.5/General Reference for the .NET Framework/Additional Managed Reference Topics/Microsoft.WindowsMobile.DirectX.Direct3D Namespace/Texture Class/Texture Methods /Dispose Method 
ms130613(v=vs.90)	Dispose Method	Method	Microsoft.WindowsMobile.DirectX.Direct3D	Microsoft.WindowsMobile.DirectX (in Microsoft.WindowsMobile.DirectX.dll)	3.5,2.0	CE6R3+;CE5.0/6.0	.NET Framework 3.5/General Reference for the .NET Framework/Additional Managed Reference Topics/Microsoft.WindowsMobile.DirectX.Direct3D Namespace/VertexBuffer Class/VertexBuffer Methods /Dispose Method 
ms129093(v=vs.90)	Disposed Property	Property	Microsoft.WindowsMobile.DirectX.Direct3D	Microsoft.WindowsMobile.DirectX (in Microsoft.WindowsMobile.DirectX.dll)	3.5,2.0	CE6R3+;CE5.0/6.0	.NET Framework 3.5/General Reference for the .NET Framework/Additional Managed Reference Topics/Microsoft.WindowsMobile.DirectX.Direct3D Namespace/BaseMesh Class/BaseMesh Properties /Disposed Property 
ms129801(v=vs.90)	Disposed Property	Property	Microsoft.WindowsMobile.DirectX.Direct3D	Microsoft.WindowsMobile.DirectX (in Microsoft.WindowsMobile.DirectX.dll)	3.5,2.0	CE6R3+;CE5.0/6.0	.NET Framework 3.5/General Reference for the .NET Framework/Additional Managed Reference Topics/Microsoft.WindowsMobile.DirectX.Direct3D Namespace/Font Class/Font Properties /Disposed Property 
ms129858(v=vs.90)	Disposed Property	Property	Microsoft.WindowsMobile.DirectX.Direct3D	Microsoft.WindowsMobile.DirectX (in Microsoft.WindowsMobile.DirectX.dll)	3.5,2.0	CE6R3+;CE5.0/6.0	.NET Framework 3.5/General Reference for the .NET Framework/Additional Managed Reference Topics/Microsoft.WindowsMobile.DirectX.Direct3D Namespace/IndexBuffer Class/IndexBuffer Properties /Disposed Property 
ms130357(v=vs.90)	Disposed Property	Property	Microsoft.WindowsMobile.DirectX.Direct3D	Microsoft.WindowsMobile.DirectX (in Microsoft.WindowsMobile.DirectX.dll)	3.5,2.0	CE6R3+;CE5.0/6.0	.NET Framework 3.5/General Reference for the .NET Framework/Additional Managed Reference Topics/Microsoft.WindowsMobile.DirectX.Direct3D Namespace/Surface Class/Surface Properties /Disposed Property 
ms130416(v=vs.90)	Disposed Property	Property	Microsoft.WindowsMobile.DirectX.Direct3D	Microsoft.WindowsMobile.DirectX (in Microsoft.WindowsMobile.DirectX.dll)	3.5,2.0	CE6R3+;CE5.0/6.0	.NET Framework 3.5/General Reference for the .NET Framework/Additional Managed Reference Topics/Microsoft.WindowsMobile.DirectX.Direct3D Namespace/SwapChain Class/SwapChain Properties /Disposed Property 
ms130445(v=vs.90)	Disposed Property	Property	Microsoft.WindowsMobile.DirectX.Direct3D	Microsoft.WindowsMobile.DirectX (in Microsoft.WindowsMobile.DirectX.dll)	3.5,2.0	CE6R3+;CE5.0/6.0	.NET Framework 3.5/General Reference for the .NET Framework/Additional Managed Reference Topics/Microsoft.WindowsMobile.DirectX.Direct3D Namespace/Texture Class/Texture Properties /Disposed Property 
ms130625(v=vs.90)	Disposed Property	Property	Microsoft.WindowsMobile.DirectX.Direct3D	Microsoft.WindowsMobile.DirectX (in Microsoft.WindowsMobile.DirectX.dll)	3.5,2.0	CE6R3+;CE5.0/6.0	.NET Framework 3.5/General Reference for the .NET Framework/Additional Managed Reference Topics/Microsoft.WindowsMobile.DirectX.Direct3D Namespace/VertexBuffer Class/VertexBuffer Properties /Disposed Property 
ms129103(v=vs.90)	Disposing Event	Event	Microsoft.WindowsMobile.DirectX.Direct3D	Microsoft.WindowsMobile.DirectX (in Microsoft.WindowsMobile.DirectX.dll)	3.5,2.0	CE6R3+;CE5.0/6.0	.NET Framework 3.5/General Reference for the .NET Framework/Additional Managed Reference Topics/Microsoft.WindowsMobile.DirectX.Direct3D Namespace/BaseMesh Class/BaseMesh Events/Disposing Event
ms129634(v=vs.90)	Disposing Event	Event	Microsoft.WindowsMobile.DirectX.Direct3D	Microsoft.WindowsMobile.DirectX (in Microsoft.WindowsMobile.DirectX.dll)	3.5,2.0	CE6R3+;CE5.0/6.0	.NET Framework 3.5/General Reference for the .NET Framework/Additional Managed Reference Topics/Microsoft.WindowsMobile.DirectX.Direct3D Namespace/Device Class/Device Events/Disposing Event
ms129804(v=vs.90)	Disposing Event	Event	Microsoft.WindowsMobile.DirectX.Direct3D	Microsoft.WindowsMobile.DirectX (in Microsoft.WindowsMobile.DirectX.dll)	3.5,2.0	CE6R3+;CE5.0/6.0	.NET Framework 3.5/General Reference for the .NET Framework/Additional Managed Reference Topics/Microsoft.WindowsMobile.DirectX.Direct3D Namespace/Font Class/Font Events/Disposing Event
ms129863(v=vs.90)	Disposing Event	Event	Microsoft.WindowsMobile.DirectX.Direct3D	Microsoft.WindowsMobile.DirectX (in Microsoft.WindowsMobile.DirectX.dll)	3.5,2.0	CE6R3+;CE5.0/6.0	.NET Framework 3.5/General Reference for the .NET Framework/Additional Managed Reference Topics/Microsoft.WindowsMobile.DirectX.Direct3D Namespace/IndexBuffer Class/IndexBuffer Events/Disposing Event
ms129980(v=vs.90)	Disposing Event	Event	Microsoft.WindowsMobile.DirectX.Direct3D	Microsoft.WindowsMobile.DirectX (in Microsoft.WindowsMobile.DirectX.dll)	3.5,2.0	CE6R3+;CE5.0/6.0	.NET Framework 3.5/General Reference for the .NET Framework/Additional Managed Reference Topics/Microsoft.WindowsMobile.DirectX.Direct3D Namespace/Manager Class/Manager Events/Disposing Event
ms130320(v=vs.90)	Disposing Event	Event	Microsoft.WindowsMobile.DirectX.Direct3D	Microsoft.WindowsMobile.DirectX (in Microsoft.WindowsMobile.DirectX.dll)	3.5,2.0	CE6R3+;CE5.0/6.0	.NET Framework 3.5/General Reference for the .NET Framework/Additional Managed Reference Topics/Microsoft.WindowsMobile.DirectX.Direct3D Namespace/Sprite Class/Sprite Events/Disposing Event
ms130360(v=vs.90)	Disposing Event	Event	Microsoft.WindowsMobile.DirectX.Direct3D	Microsoft.WindowsMobile.DirectX (in Microsoft.WindowsMobile.DirectX.dll)	3.5,2.0	CE6R3+;CE5.0/6.0	.NET Framework 3.5/General Reference for the .NET Framework/Additional Managed Reference Topics/Microsoft.WindowsMobile.DirectX.Direct3D Namespace/Surface Class/Surface Events/Disposing Event
ms130419(v=vs.90)	Disposing Event	Event	Microsoft.WindowsMobile.DirectX.Direct3D	Microsoft.WindowsMobile.DirectX (in Microsoft.WindowsMobile.DirectX.dll)	3.5,2.0	CE6R3+;CE5.0/6.0	.NET Framework 3.5/General Reference for the .NET Framework/Additional Managed Reference Topics/Microsoft.WindowsMobile.DirectX.Direct3D Namespace/SwapChain Class/SwapChain Events/Disposing Event
ms130448(v=vs.90)	Disposing Event	Event	Microsoft.WindowsMobile.DirectX.Direct3D	Microsoft.WindowsMobile.DirectX (in Microsoft.WindowsMobile.DirectX.dll)	3.5,2.0	CE6R3+;CE5.0/6.0	.NET Framework 3.5/General Reference for the .NET Framework/Additional Managed Reference Topics/Microsoft.WindowsMobile.DirectX.Direct3D Namespace/Texture Class/Texture Events/Disposing Event
ms130630(v=vs.90)	Disposing Event	Event	Microsoft.WindowsMobile.DirectX.Direct3D	Microsoft.WindowsMobile.DirectX (in Microsoft.WindowsMobile.DirectX.dll)	3.5,2.0	CE6R3+;CE5.0/6.0	.NET Framework 3.5/General Reference for the .NET Framework/Additional Managed Reference Topics/Microsoft.WindowsMobile.DirectX.Direct3D Namespace/VertexBuffer Class/VertexBuffer Events/Disposing Event
ms130233(v=vs.90)	DitherEnable Property	Property	Microsoft.WindowsMobile.DirectX.Direct3D	Microsoft.WindowsMobile.DirectX (in Microsoft.WindowsMobile.DirectX.dll)	3.5,2.0	CE6R3+;CE5.0/6.0	.NET Framework 3.5/General Reference for the .NET Framework/Additional Managed Reference Topics/Microsoft.WindowsMobile.DirectX.Direct3D Namespace/RenderStateManager Class/RenderStateManager Properties /DitherEnable Property 
ms129746(v=vs.90)	Division Operator	Operator	Microsoft.WindowsMobile.DirectX.Direct3D	Microsoft.WindowsMobile.DirectX (in Microsoft.WindowsMobile.DirectX.dll)	3.5,2.0	CE6R3+;CE5.0/6.0	.NET Framework 3.5/General Reference for the .NET Framework/Additional Managed Reference Topics/Microsoft.WindowsMobile.DirectX.Direct3D Namespace/FixedPoint Structure/FixedPoint Operators/Division Operator
ms130105(v=vs.90)	DoNotClip Property	Property	Microsoft.WindowsMobile.DirectX.Direct3D	Microsoft.WindowsMobile.DirectX (in Microsoft.WindowsMobile.DirectX.dll)	3.5,2.0	CE6R3+;CE5.0/6.0	.NET Framework 3.5/General Reference for the .NET Framework/Additional Managed Reference Topics/Microsoft.WindowsMobile.DirectX.Direct3D Namespace/MeshOptions Structure/MeshOptions Properties /DoNotClip Property 
ms130305(v=vs.90)	Draw Method (Texture, Rectangle, Vector3, Vector3, Color)		Microsoft.WindowsMobile.DirectX.Direct3D	Microsoft.WindowsMobile.DirectX (in Microsoft.WindowsMobile.DirectX.dll)	3.5,2.0	CE6R3+;CE5.0/6.0	.NET Framework 3.5/General Reference for the .NET Framework/Additional Managed Reference Topics/Microsoft.WindowsMobile.DirectX.Direct3D Namespace/Sprite Class/Sprite Methods /Draw Method /Draw Method (Texture, Rectangle, Vector3, Vector3, Color)
ms130306(v=vs.90)	Draw Method (Texture, Rectangle, Vector3, Vector3, Int32)		Microsoft.WindowsMobile.DirectX.Direct3D	Microsoft.WindowsMobile.DirectX (in Microsoft.WindowsMobile.DirectX.dll)	3.5,2.0	CE6R3+;CE5.0/6.0	.NET Framework 3.5/General Reference for the .NET Framework/Additional Managed Reference Topics/Microsoft.WindowsMobile.DirectX.Direct3D Namespace/Sprite Class/Sprite Methods /Draw Method /Draw Method (Texture, Rectangle, Vector3, Vector3, Int32)
ms130304(v=vs.90)	Draw Method (Texture, Vector3, Vector3, Int32)		Microsoft.WindowsMobile.DirectX.Direct3D	Microsoft.WindowsMobile.DirectX (in Microsoft.WindowsMobile.DirectX.dll)	3.5,2.0	CE6R3+;CE5.0/6.0	.NET Framework 3.5/General Reference for the .NET Framework/Additional Managed Reference Topics/Microsoft.WindowsMobile.DirectX.Direct3D Namespace/Sprite Class/Sprite Methods /Draw Method /Draw Method (Texture, Vector3, Vector3, Int32)
ms129578(v=vs.90)	DrawIndexedPrimitives Method	Method	Microsoft.WindowsMobile.DirectX.Direct3D	Microsoft.WindowsMobile.DirectX (in Microsoft.WindowsMobile.DirectX.dll)	3.5,2.0	CE6R3+;CE5.0/6.0	.NET Framework 3.5/General Reference for the .NET Framework/Additional Managed Reference Topics/Microsoft.WindowsMobile.DirectX.Direct3D Namespace/Device Class/Device Methods /DrawIndexedPrimitives Method 
ms129579(v=vs.90)	DrawPrimitives Method	Method	Microsoft.WindowsMobile.DirectX.Direct3D	Microsoft.WindowsMobile.DirectX (in Microsoft.WindowsMobile.DirectX.dll)	3.5,2.0	CE6R3+;CE5.0/6.0	.NET Framework 3.5/General Reference for the .NET Framework/Additional Managed Reference Topics/Microsoft.WindowsMobile.DirectX.Direct3D Namespace/Device Class/Device Methods /DrawPrimitives Method 
ms129086(v=vs.90)	DrawSubset Method	Method	Microsoft.WindowsMobile.DirectX.Direct3D	Microsoft.WindowsMobile.DirectX (in Microsoft.WindowsMobile.DirectX.dll)	3.5,2.0	CE6R3+;CE5.0/6.0	.NET Framework 3.5/General Reference for the .NET Framework/Additional Managed Reference Topics/Microsoft.WindowsMobile.DirectX.Direct3D Namespace/BaseMesh Class/BaseMesh Methods /DrawSubset Method 
ms129788(v=vs.90)	DrawText Method (Sprite, String, Int32, Int32, Color)		Microsoft.WindowsMobile.DirectX.Direct3D	Microsoft.WindowsMobile.DirectX (in Microsoft.WindowsMobile.DirectX.dll)	3.5,2.0	CE6R3+;CE5.0/6.0	.NET Framework 3.5/General Reference for the .NET Framework/Additional Managed Reference Topics/Microsoft.WindowsMobile.DirectX.Direct3D Namespace/Font Class/Font Methods /DrawText Method /DrawText Method (Sprite, String, Int32, Int32, Color)
ms129789(v=vs.90)	DrawText Method (Sprite, String, Int32, Int32, Int32)		Microsoft.WindowsMobile.DirectX.Direct3D	Microsoft.WindowsMobile.DirectX (in Microsoft.WindowsMobile.DirectX.dll)	3.5,2.0	CE6R3+;CE5.0/6.0	.NET Framework 3.5/General Reference for the .NET Framework/Additional Managed Reference Topics/Microsoft.WindowsMobile.DirectX.Direct3D Namespace/Font Class/Font Methods /DrawText Method /DrawText Method (Sprite, String, Int32, Int32, Int32)
ms129786(v=vs.90)	DrawText Method (Sprite, String, Point, Color)		Microsoft.WindowsMobile.DirectX.Direct3D	Microsoft.WindowsMobile.DirectX (in Microsoft.WindowsMobile.DirectX.dll)	3.5,2.0	CE6R3+;CE5.0/6.0	.NET Framework 3.5/General Reference for the .NET Framework/Additional Managed Reference Topics/Microsoft.WindowsMobile.DirectX.Direct3D Namespace/Font Class/Font Methods /DrawText Method /DrawText Method (Sprite, String, Point, Color)
ms129787(v=vs.90)	DrawText Method (Sprite, String, Point, Int32)		Microsoft.WindowsMobile.DirectX.Direct3D	Microsoft.WindowsMobile.DirectX (in Microsoft.WindowsMobile.DirectX.dll)	3.5,2.0	CE6R3+;CE5.0/6.0	.NET Framework 3.5/General Reference for the .NET Framework/Additional Managed Reference Topics/Microsoft.WindowsMobile.DirectX.Direct3D Namespace/Font Class/Font Methods /DrawText Method /DrawText Method (Sprite, String, Point, Int32)
ms129790(v=vs.90)	DrawText Method (Sprite, String, Rectangle, DrawTextFormat, Color)		Microsoft.WindowsMobile.DirectX.Direct3D	Microsoft.WindowsMobile.DirectX (in Microsoft.WindowsMobile.DirectX.dll)	3.5,2.0	CE6R3+;CE5.0/6.0	.NET Framework 3.5/General Reference for the .NET Framework/Additional Managed Reference Topics/Microsoft.WindowsMobile.DirectX.Direct3D Namespace/Font Class/Font Methods /DrawText Method /DrawText Method (Sprite, String, Rectangle, DrawTextFormat, Color)
ms129791(v=vs.90)	DrawText Method (Sprite, String, Rectangle, DrawTextFormat, Int32)		Microsoft.WindowsMobile.DirectX.Direct3D	Microsoft.WindowsMobile.DirectX (in Microsoft.WindowsMobile.DirectX.dll)	3.5,2.0	CE6R3+;CE5.0/6.0	.NET Framework 3.5/General Reference for the .NET Framework/Additional Managed Reference Topics/Microsoft.WindowsMobile.DirectX.Direct3D Namespace/Font Class/Font Methods /DrawText Method /DrawText Method (Sprite, String, Rectangle, DrawTextFormat, Int32)
ms129696(v=vs.90)	DrawTextFormat Enumeration	Enumeration	Microsoft.WindowsMobile.DirectX.Direct3D	Microsoft.WindowsMobile.DirectX (in Microsoft.WindowsMobile.DirectX.dll)	3.5,2.0	CE6R3+;CE5.0/6.0	.NET Framework 3.5/General Reference for the .NET Framework/Additional Managed Reference Topics/Microsoft.WindowsMobile.DirectX.Direct3D Namespace/DrawTextFormat Enumeration
ms129697(v=vs.90)	DriverInternalErrorException Class	Class	Microsoft.WindowsMobile.DirectX.Direct3D	Microsoft.WindowsMobile.DirectX (in Microsoft.WindowsMobile.DirectX.dll)	3.5,2.0	CE6R3+;CE5.0/6.0	.NET Framework 3.5/General Reference for the .NET Framework/Additional Managed Reference Topics/Microsoft.WindowsMobile.DirectX.Direct3D Namespace/DriverInternalErrorException Class
ms129699(v=vs.90)	DriverInternalErrorException Constructor	Constructor	Microsoft.WindowsMobile.DirectX.Direct3D	Microsoft.WindowsMobile.DirectX (in Microsoft.WindowsMobile.DirectX.dll)	3.5,2.0	CE6R3+;CE5.0/6.0	.NET Framework 3.5/General Reference for the .NET Framework/Additional Managed Reference Topics/Microsoft.WindowsMobile.DirectX.Direct3D Namespace/DriverInternalErrorException Class/DriverInternalErrorException Constructor 
ms129703(v=vs.90)	DriverInvalidCallException Class	Class	Microsoft.WindowsMobile.DirectX.Direct3D	Microsoft.WindowsMobile.DirectX (in Microsoft.WindowsMobile.DirectX.dll)	3.5,2.0	CE6R3+;CE5.0/6.0	.NET Framework 3.5/General Reference for the .NET Framework/Additional Managed Reference Topics/Microsoft.WindowsMobile.DirectX.Direct3D Namespace/DriverInvalidCallException Class
ms129705(v=vs.90)	DriverInvalidCallException Constructor	Constructor	Microsoft.WindowsMobile.DirectX.Direct3D	Microsoft.WindowsMobile.DirectX (in Microsoft.WindowsMobile.DirectX.dll)	3.5,2.0	CE6R3+;CE5.0/6.0	.NET Framework 3.5/General Reference for the .NET Framework/Additional Managed Reference Topics/Microsoft.WindowsMobile.DirectX.Direct3D Namespace/DriverInvalidCallException Class/DriverInvalidCallException Constructor 
ms129019(v=vs.90)	DriverName Property	Property	Microsoft.WindowsMobile.DirectX.Direct3D	Microsoft.WindowsMobile.DirectX (in Microsoft.WindowsMobile.DirectX.dll)	3.5,2.0	CE6R3+;CE5.0/6.0	.NET Framework 3.5/General Reference for the .NET Framework/Additional Managed Reference Topics/Microsoft.WindowsMobile.DirectX.Direct3D Namespace/AdapterDetails Structure/AdapterDetails Properties /DriverName Property 
ms129709(v=vs.90)	DriverUnsupportedException Class	Class	Microsoft.WindowsMobile.DirectX.Direct3D	Microsoft.WindowsMobile.DirectX (in Microsoft.WindowsMobile.DirectX.dll)	3.5,2.0	CE6R3+;CE5.0/6.0	.NET Framework 3.5/General Reference for the .NET Framework/Additional Managed Reference Topics/Microsoft.WindowsMobile.DirectX.Direct3D Namespace/DriverUnsupportedException Class
ms129711(v=vs.90)	DriverUnsupportedException Constructor	Constructor	Microsoft.WindowsMobile.DirectX.Direct3D	Microsoft.WindowsMobile.DirectX (in Microsoft.WindowsMobile.DirectX.dll)	3.5,2.0	CE6R3+;CE5.0/6.0	.NET Framework 3.5/General Reference for the .NET Framework/Additional Managed Reference Topics/Microsoft.WindowsMobile.DirectX.Direct3D Namespace/DriverUnsupportedException Class/DriverUnsupportedException Constructor 
ms129020(v=vs.90)	DriverVersion Property	Property	Microsoft.WindowsMobile.DirectX.Direct3D	Microsoft.WindowsMobile.DirectX (in Microsoft.WindowsMobile.DirectX.dll)	3.5,2.0	CE6R3+;CE5.0/6.0	.NET Framework 3.5/General Reference for the .NET Framework/Additional Managed Reference Topics/Microsoft.WindowsMobile.DirectX.Direct3D Namespace/AdapterDetails Structure/AdapterDetails Properties /DriverVersion Property 
ms130106(v=vs.90)	Dynamic Property	Property	Microsoft.WindowsMobile.DirectX.Direct3D	Microsoft.WindowsMobile.DirectX (in Microsoft.WindowsMobile.DirectX.dll)	3.5,2.0	CE6R3+;CE5.0/6.0	.NET Framework 3.5/General Reference for the .NET Framework/Additional Managed Reference Topics/Microsoft.WindowsMobile.DirectX.Direct3D Namespace/MeshOptions Structure/MeshOptions Properties /Dynamic Property 
ms130183(v=vs.90)	EnableAutoDepthStencil Property	Property	Microsoft.WindowsMobile.DirectX.Direct3D	Microsoft.WindowsMobile.DirectX (in Microsoft.WindowsMobile.DirectX.dll)	3.5,2.0	CE6R3+;CE5.0/6.0	.NET Framework 3.5/General Reference for the .NET Framework/Additional Managed Reference Topics/Microsoft.WindowsMobile.DirectX.Direct3D Namespace/PresentParameters Class/PresentParameters Properties /EnableAutoDepthStencil Property 
ms129906(v=vs.90)	Enabled Property	Property	Microsoft.WindowsMobile.DirectX.Direct3D	Microsoft.WindowsMobile.DirectX (in Microsoft.WindowsMobile.DirectX.dll)	3.5,2.0	CE6R3+;CE5.0/6.0	.NET Framework 3.5/General Reference for the .NET Framework/Additional Managed Reference Topics/Microsoft.WindowsMobile.DirectX.Direct3D Namespace/Light Class/Light Properties /Enabled Property 
ms129930(v=vs.90)	Enabled Property	Property	Microsoft.WindowsMobile.DirectX.Direct3D	Microsoft.WindowsMobile.DirectX (in Microsoft.WindowsMobile.DirectX.dll)	3.5,2.0	CE6R3+;CE5.0/6.0	.NET Framework 3.5/General Reference for the .NET Framework/Additional Managed Reference Topics/Microsoft.WindowsMobile.DirectX.Direct3D Namespace/LightFixed Class/LightFixed Properties /Enabled Property 
ms130308(v=vs.90)	End Method	Method	Microsoft.WindowsMobile.DirectX.Direct3D	Microsoft.WindowsMobile.DirectX (in Microsoft.WindowsMobile.DirectX.dll)	3.5,2.0	CE6R3+;CE5.0/6.0	.NET Framework 3.5/General Reference for the .NET Framework/Additional Managed Reference Topics/Microsoft.WindowsMobile.DirectX.Direct3D Namespace/Sprite Class/Sprite Methods /End Method 
ms129580(v=vs.90)	EndScene Method	Method	Microsoft.WindowsMobile.DirectX.Direct3D	Microsoft.WindowsMobile.DirectX (in Microsoft.WindowsMobile.DirectX.dll)	3.5,2.0	CE6R3+;CE5.0/6.0	.NET Framework 3.5/General Reference for the .NET Framework/Additional Managed Reference Topics/Microsoft.WindowsMobile.DirectX.Direct3D Namespace/Device Class/Device Methods /EndScene Method 
ms129747(v=vs.90)	Equality Operator	Operator	Microsoft.WindowsMobile.DirectX.Direct3D	Microsoft.WindowsMobile.DirectX (in Microsoft.WindowsMobile.DirectX.dll)	3.5,2.0	CE6R3+;CE5.0/6.0	.NET Framework 3.5/General Reference for the .NET Framework/Additional Managed Reference Topics/Microsoft.WindowsMobile.DirectX.Direct3D Namespace/FixedPoint Structure/FixedPoint Operators/Equality Operator
ms129740(v=vs.90)	Equals Method	Method	Microsoft.WindowsMobile.DirectX.Direct3D	Microsoft.WindowsMobile.DirectX (in Microsoft.WindowsMobile.DirectX.dll)	3.5,2.0	CE6R3+;CE5.0/6.0	.NET Framework 3.5/General Reference for the .NET Framework/Additional Managed Reference Topics/Microsoft.WindowsMobile.DirectX.Direct3D Namespace/FixedPoint Structure/FixedPoint Methods /Equals Method 
ms129164(v=vs.90)	ExtentsAdjust Property	Property	Microsoft.WindowsMobile.DirectX.Direct3D	Microsoft.WindowsMobile.DirectX (in Microsoft.WindowsMobile.DirectX.dll)	3.5,2.0	CE6R3+;CE5.0/6.0	.NET Framework 3.5/General Reference for the .NET Framework/Additional Managed Reference Topics/Microsoft.WindowsMobile.DirectX.Direct3D Namespace/Caps Structure/Caps Properties /ExtentsAdjust Property 
ms129072(v=vs.90)	FaceCount Property	Property	Microsoft.WindowsMobile.DirectX.Direct3D	Microsoft.WindowsMobile.DirectX (in Microsoft.WindowsMobile.DirectX.dll)	3.5,2.0	CE6R3+;CE5.0/6.0	.NET Framework 3.5/General Reference for the .NET Framework/Additional Managed Reference Topics/Microsoft.WindowsMobile.DirectX.Direct3D Namespace/AttributeRange Structure/AttributeRange Properties /FaceCount Property 
ms129812(v=vs.90)	FaceName Property	Property	Microsoft.WindowsMobile.DirectX.Direct3D	Microsoft.WindowsMobile.DirectX (in Microsoft.WindowsMobile.DirectX.dll)	3.5,2.0	CE6R3+;CE5.0/6.0	.NET Framework 3.5/General Reference for the .NET Framework/Additional Managed Reference Topics/Microsoft.WindowsMobile.DirectX.Direct3D Namespace/FontDescription Structure/FontDescription Properties /FaceName Property 
ms129073(v=vs.90)	FaceStart Property	Property	Microsoft.WindowsMobile.DirectX.Direct3D	Microsoft.WindowsMobile.DirectX (in Microsoft.WindowsMobile.DirectX.dll)	3.5,2.0	CE6R3+;CE5.0/6.0	.NET Framework 3.5/General Reference for the .NET Framework/Additional Managed Reference Topics/Microsoft.WindowsMobile.DirectX.Direct3D Namespace/AttributeRange Structure/AttributeRange Properties /FaceStart Property 
ms129715(v=vs.90)	FillMode Enumeration	Enumeration	Microsoft.WindowsMobile.DirectX.Direct3D	Microsoft.WindowsMobile.DirectX (in Microsoft.WindowsMobile.DirectX.dll)	3.5,2.0	CE6R3+;CE5.0/6.0	.NET Framework 3.5/General Reference for the .NET Framework/Additional Managed Reference Topics/Microsoft.WindowsMobile.DirectX.Direct3D Namespace/FillMode Enumeration
ms130234(v=vs.90)	FillMode Property	Property	Microsoft.WindowsMobile.DirectX.Direct3D	Microsoft.WindowsMobile.DirectX (in Microsoft.WindowsMobile.DirectX.dll)	3.5,2.0	CE6R3+;CE5.0/6.0	.NET Framework 3.5/General Reference for the .NET Framework/Additional Managed Reference Topics/Microsoft.WindowsMobile.DirectX.Direct3D Namespace/RenderStateManager Class/RenderStateManager Properties /FillMode Property 
ms129716(v=vs.90)	Filter Enumeration	Enumeration	Microsoft.WindowsMobile.DirectX.Direct3D	Microsoft.WindowsMobile.DirectX (in Microsoft.WindowsMobile.DirectX.dll)	3.5,2.0	CE6R3+;CE5.0/6.0	.NET Framework 3.5/General Reference for the .NET Framework/Additional Managed Reference Topics/Microsoft.WindowsMobile.DirectX.Direct3D Namespace/Filter Enumeration
ms129717(v=vs.90)	FilterCaps Structure	Structure	Microsoft.WindowsMobile.DirectX.Direct3D	Microsoft.WindowsMobile.DirectX (in Microsoft.WindowsMobile.DirectX.dll)	3.5,2.0	CE6R3+;CE5.0/6.0	.NET Framework 3.5/General Reference for the .NET Framework/Additional Managed Reference Topics/Microsoft.WindowsMobile.DirectX.Direct3D Namespace/FilterCaps Structure
ms129087(v=vs.90)	Finalize Method	Method	Microsoft.WindowsMobile.DirectX.Direct3D	Microsoft.WindowsMobile.DirectX (in Microsoft.WindowsMobile.DirectX.dll)	3.5,2.0	CE6R3+;CE5.0/6.0	.NET Framework 3.5/General Reference for the .NET Framework/Additional Managed Reference Topics/Microsoft.WindowsMobile.DirectX.Direct3D Namespace/BaseMesh Class/BaseMesh Methods /Finalize Method 
ms129581(v=vs.90)	Finalize Method	Method	Microsoft.WindowsMobile.DirectX.Direct3D	Microsoft.WindowsMobile.DirectX (in Microsoft.WindowsMobile.DirectX.dll)	3.5,2.0	CE6R3+;CE5.0/6.0	.NET Framework 3.5/General Reference for the .NET Framework/Additional Managed Reference Topics/Microsoft.WindowsMobile.DirectX.Direct3D Namespace/Device Class/Device Methods /Finalize Method 
ms129847(v=vs.90)	Finalize Method	Method	Microsoft.WindowsMobile.DirectX.Direct3D	Microsoft.WindowsMobile.DirectX (in Microsoft.WindowsMobile.DirectX.dll)	3.5,2.0	CE6R3+;CE5.0/6.0	.NET Framework 3.5/General Reference for the .NET Framework/Additional Managed Reference Topics/Microsoft.WindowsMobile.DirectX.Direct3D Namespace/IndexBuffer Class/IndexBuffer Methods /Finalize Method 
ms130072(v=vs.90)	Finalize Method	Method	Microsoft.WindowsMobile.DirectX.Direct3D	Microsoft.WindowsMobile.DirectX (in Microsoft.WindowsMobile.DirectX.dll)	3.5,2.0	CE6R3+;CE5.0/6.0	.NET Framework 3.5/General Reference for the .NET Framework/Additional Managed Reference Topics/Microsoft.WindowsMobile.DirectX.Direct3D Namespace/Mesh Class/Mesh Methods /Finalize Method 
ms130345(v=vs.90)	Finalize Method	Method	Microsoft.WindowsMobile.DirectX.Direct3D	Microsoft.WindowsMobile.DirectX (in Microsoft.WindowsMobile.DirectX.dll)	3.5,2.0	CE6R3+;CE5.0/6.0	.NET Framework 3.5/General Reference for the .NET Framework/Additional Managed Reference Topics/Microsoft.WindowsMobile.DirectX.Direct3D Namespace/Surface Class/Surface Methods /Finalize Method 
ms130406(v=vs.90)	Finalize Method	Method	Microsoft.WindowsMobile.DirectX.Direct3D	Microsoft.WindowsMobile.DirectX (in Microsoft.WindowsMobile.DirectX.dll)	3.5,2.0	CE6R3+;CE5.0/6.0	.NET Framework 3.5/General Reference for the .NET Framework/Additional Managed Reference Topics/Microsoft.WindowsMobile.DirectX.Direct3D Namespace/SwapChain Class/SwapChain Methods /Finalize Method 
ms130432(v=vs.90)	Finalize Method	Method	Microsoft.WindowsMobile.DirectX.Direct3D	Microsoft.WindowsMobile.DirectX (in Microsoft.WindowsMobile.DirectX.dll)	3.5,2.0	CE6R3+;CE5.0/6.0	.NET Framework 3.5/General Reference for the .NET Framework/Additional Managed Reference Topics/Microsoft.WindowsMobile.DirectX.Direct3D Namespace/Texture Class/Texture Methods /Finalize Method 
ms130614(v=vs.90)	Finalize Method	Method	Microsoft.WindowsMobile.DirectX.Direct3D	Microsoft.WindowsMobile.DirectX (in Microsoft.WindowsMobile.DirectX.dll)	3.5,2.0	CE6R3+;CE5.0/6.0	.NET Framework 3.5/General Reference for the .NET Framework/Additional Managed Reference Topics/Microsoft.WindowsMobile.DirectX.Direct3D Namespace/VertexBuffer Class/VertexBuffer Methods /Finalize Method 
ms130667(v=vs.90)	Fixed Method	Method	Microsoft.WindowsMobile.DirectX.Direct3D	Microsoft.WindowsMobile.DirectX (in Microsoft.WindowsMobile.DirectX.dll)	3.5,2.0	CE6R3+;CE5.0/6.0	.NET Framework 3.5/General Reference for the .NET Framework/Additional Managed Reference Topics/Microsoft.WindowsMobile.DirectX.Direct3D Namespace/VertexTextureCoordinate Class/VertexTextureCoordinate Methods /Fixed Method 
ms129737(v=vs.90)	FixedPoint Constructor	Constructor	Microsoft.WindowsMobile.DirectX.Direct3D	Microsoft.WindowsMobile.DirectX (in Microsoft.WindowsMobile.DirectX.dll)	3.5,2.0	CE6R3+;CE5.0/6.0	.NET Framework 3.5/General Reference for the .NET Framework/Additional Managed Reference Topics/Microsoft.WindowsMobile.DirectX.Direct3D Namespace/FixedPoint Structure/FixedPoint Constructor 
ms129731(v=vs.90)	FixedPoint Structure	Structure	Microsoft.WindowsMobile.DirectX.Direct3D	Microsoft.WindowsMobile.DirectX (in Microsoft.WindowsMobile.DirectX.dll)	3.5,2.0	CE6R3+;CE5.0/6.0	.NET Framework 3.5/General Reference for the .NET Framework/Additional Managed Reference Topics/Microsoft.WindowsMobile.DirectX.Direct3D Namespace/FixedPoint Structure
ms130161(v=vs.90)	Flags Property	Property	Microsoft.WindowsMobile.DirectX.Direct3D	Microsoft.WindowsMobile.DirectX (in Microsoft.WindowsMobile.DirectX.dll)	3.5,2.0	CE6R3+;CE5.0/6.0	.NET Framework 3.5/General Reference for the .NET Framework/Additional Managed Reference Topics/Microsoft.WindowsMobile.DirectX.Direct3D Namespace/PaletteEntry Structure/PaletteEntry Properties /Flags Property 
ms130668(v=vs.90)	Float Method	Method	Microsoft.WindowsMobile.DirectX.Direct3D	Microsoft.WindowsMobile.DirectX (in Microsoft.WindowsMobile.DirectX.dll)	3.5,2.0	CE6R3+;CE5.0/6.0	.NET Framework 3.5/General Reference for the .NET Framework/Additional Managed Reference Topics/Microsoft.WindowsMobile.DirectX.Direct3D Namespace/VertexTextureCoordinate Class/VertexTextureCoordinate Methods /Float Method 
ms130309(v=vs.90)	Flush Method	Method	Microsoft.WindowsMobile.DirectX.Direct3D	Microsoft.WindowsMobile.DirectX (in Microsoft.WindowsMobile.DirectX.dll)	3.5,2.0	CE6R3+;CE5.0/6.0	.NET Framework 3.5/General Reference for the .NET Framework/Additional Managed Reference Topics/Microsoft.WindowsMobile.DirectX.Direct3D Namespace/Sprite Class/Sprite Methods /Flush Method 
ms129656(v=vs.90)	FocusWindow Property	Property	Microsoft.WindowsMobile.DirectX.Direct3D	Microsoft.WindowsMobile.DirectX (in Microsoft.WindowsMobile.DirectX.dll)	3.5,2.0	CE6R3+;CE5.0/6.0	.NET Framework 3.5/General Reference for the .NET Framework/Additional Managed Reference Topics/Microsoft.WindowsMobile.DirectX.Direct3D Namespace/DeviceCreationParameters Structure/DeviceCreationParameters Properties /FocusWindow Property 
ms129657(v=vs.90)	FocusWindowHandle Property	Property	Microsoft.WindowsMobile.DirectX.Direct3D	Microsoft.WindowsMobile.DirectX (in Microsoft.WindowsMobile.DirectX.dll)	3.5,2.0	CE6R3+;CE5.0/6.0	.NET Framework 3.5/General Reference for the .NET Framework/Additional Managed Reference Topics/Microsoft.WindowsMobile.DirectX.Direct3D Namespace/DeviceCreationParameters Structure/DeviceCreationParameters Properties /FocusWindowHandle Property 
ms130235(v=vs.90)	FogColor Property	Property	Microsoft.WindowsMobile.DirectX.Direct3D	Microsoft.WindowsMobile.DirectX (in Microsoft.WindowsMobile.DirectX.dll)	3.5,2.0	CE6R3+;CE5.0/6.0	.NET Framework 3.5/General Reference for the .NET Framework/Additional Managed Reference Topics/Microsoft.WindowsMobile.DirectX.Direct3D Namespace/RenderStateManager Class/RenderStateManager Properties /FogColor Property 
ms130236(v=vs.90)	FogDensity Property	Property	Microsoft.WindowsMobile.DirectX.Direct3D	Microsoft.WindowsMobile.DirectX (in Microsoft.WindowsMobile.DirectX.dll)	3.5,2.0	CE6R3+;CE5.0/6.0	.NET Framework 3.5/General Reference for the .NET Framework/Additional Managed Reference Topics/Microsoft.WindowsMobile.DirectX.Direct3D Namespace/RenderStateManager Class/RenderStateManager Properties /FogDensity Property 
ms130237(v=vs.90)	FogEnable Property	Property	Microsoft.WindowsMobile.DirectX.Direct3D	Microsoft.WindowsMobile.DirectX (in Microsoft.WindowsMobile.DirectX.dll)	3.5,2.0	CE6R3+;CE5.0/6.0	.NET Framework 3.5/General Reference for the .NET Framework/Additional Managed Reference Topics/Microsoft.WindowsMobile.DirectX.Direct3D Namespace/RenderStateManager Class/RenderStateManager Properties /FogEnable Property 
ms130238(v=vs.90)	FogEnd Property	Property	Microsoft.WindowsMobile.DirectX.Direct3D	Microsoft.WindowsMobile.DirectX (in Microsoft.WindowsMobile.DirectX.dll)	3.5,2.0	CE6R3+;CE5.0/6.0	.NET Framework 3.5/General Reference for the .NET Framework/Additional Managed Reference Topics/Microsoft.WindowsMobile.DirectX.Direct3D Namespace/RenderStateManager Class/RenderStateManager Properties /FogEnd Property 
ms129775(v=vs.90)	FogMode Enumeration	Enumeration	Microsoft.WindowsMobile.DirectX.Direct3D	Microsoft.WindowsMobile.DirectX (in Microsoft.WindowsMobile.DirectX.dll)	3.5,2.0	CE6R3+;CE5.0/6.0	.NET Framework 3.5/General Reference for the .NET Framework/Additional Managed Reference Topics/Microsoft.WindowsMobile.DirectX.Direct3D Namespace/FogMode Enumeration
ms130239(v=vs.90)	FogStart Property	Property	Microsoft.WindowsMobile.DirectX.Direct3D	Microsoft.WindowsMobile.DirectX (in Microsoft.WindowsMobile.DirectX.dll)	3.5,2.0	CE6R3+;CE5.0/6.0	.NET Framework 3.5/General Reference for the .NET Framework/Additional Managed Reference Topics/Microsoft.WindowsMobile.DirectX.Direct3D Namespace/RenderStateManager Class/RenderStateManager Properties /FogStart Property 
ms130240(v=vs.90)	FogTableMode Property	Property	Microsoft.WindowsMobile.DirectX.Direct3D	Microsoft.WindowsMobile.DirectX (in Microsoft.WindowsMobile.DirectX.dll)	3.5,2.0	CE6R3+;CE5.0/6.0	.NET Framework 3.5/General Reference for the .NET Framework/Additional Managed Reference Topics/Microsoft.WindowsMobile.DirectX.Direct3D Namespace/RenderStateManager Class/RenderStateManager Properties /FogTableMode Property 
ms130241(v=vs.90)	FogVertexMode Property	Property	Microsoft.WindowsMobile.DirectX.Direct3D	Microsoft.WindowsMobile.DirectX (in Microsoft.WindowsMobile.DirectX.dll)	3.5,2.0	CE6R3+;CE5.0/6.0	.NET Framework 3.5/General Reference for the .NET Framework/Additional Managed Reference Topics/Microsoft.WindowsMobile.DirectX.Direct3D Namespace/RenderStateManager Class/RenderStateManager Properties /FogVertexMode Property 
ms129776(v=vs.90)	Font Class	Class	Microsoft.WindowsMobile.DirectX.Direct3D	Microsoft.WindowsMobile.DirectX (in Microsoft.WindowsMobile.DirectX.dll)	3.5,2.0	CE6R3+;CE5.0/6.0	.NET Framework 3.5/General Reference for the .NET Framework/Additional Managed Reference Topics/Microsoft.WindowsMobile.DirectX.Direct3D Namespace/Font Class
ms129780(v=vs.90)	Font Constructor (Device, Font)		Microsoft.WindowsMobile.DirectX.Direct3D	Microsoft.WindowsMobile.DirectX (in Microsoft.WindowsMobile.DirectX.dll)	3.5,2.0	CE6R3+;CE5.0/6.0	.NET Framework 3.5/General Reference for the .NET Framework/Additional Managed Reference Topics/Microsoft.WindowsMobile.DirectX.Direct3D Namespace/Font Class/Font Constructor /Font Constructor (Device, Font)
ms129781(v=vs.90)	Font Constructor (Device, FontDescription)		Microsoft.WindowsMobile.DirectX.Direct3D	Microsoft.WindowsMobile.DirectX (in Microsoft.WindowsMobile.DirectX.dll)	3.5,2.0	CE6R3+;CE5.0/6.0	.NET Framework 3.5/General Reference for the .NET Framework/Additional Managed Reference Topics/Microsoft.WindowsMobile.DirectX.Direct3D Namespace/Font Class/Font Constructor /Font Constructor (Device, FontDescription)
ms129807(v=vs.90)	FontDescription Structure	Structure	Microsoft.WindowsMobile.DirectX.Direct3D	Microsoft.WindowsMobile.DirectX (in Microsoft.WindowsMobile.DirectX.dll)	3.5,2.0	CE6R3+;CE5.0/6.0	.NET Framework 3.5/General Reference for the .NET Framework/Additional Managed Reference Topics/Microsoft.WindowsMobile.DirectX.Direct3D Namespace/FontDescription Structure
ms129821(v=vs.90)	FontQuality Enumeration	Enumeration	Microsoft.WindowsMobile.DirectX.Direct3D	Microsoft.WindowsMobile.DirectX (in Microsoft.WindowsMobile.DirectX.dll)	3.5,2.0	CE6R3+;CE5.0/6.0	.NET Framework 3.5/General Reference for the .NET Framework/Additional Managed Reference Topics/Microsoft.WindowsMobile.DirectX.Direct3D Namespace/FontQuality Enumeration
ms129822(v=vs.90)	FontWeight Enumeration	Enumeration	Microsoft.WindowsMobile.DirectX.Direct3D	Microsoft.WindowsMobile.DirectX (in Microsoft.WindowsMobile.DirectX.dll)	3.5,2.0	CE6R3+;CE5.0/6.0	.NET Framework 3.5/General Reference for the .NET Framework/Additional Managed Reference Topics/Microsoft.WindowsMobile.DirectX.Direct3D Namespace/FontWeight Enumeration
ms129823(v=vs.90)	Format Enumeration	Enumeration	Microsoft.WindowsMobile.DirectX.Direct3D	Microsoft.WindowsMobile.DirectX (in Microsoft.WindowsMobile.DirectX.dll)	3.5,2.0	CE6R3+;CE5.0/6.0	.NET Framework 3.5/General Reference for the .NET Framework/Additional Managed Reference Topics/Microsoft.WindowsMobile.DirectX.Direct3D Namespace/Format Enumeration
ms129274(v=vs.90)	Format Field	Field	Microsoft.WindowsMobile.DirectX.Direct3D	Microsoft.WindowsMobile.DirectX (in Microsoft.WindowsMobile.DirectX.dll)	3.5,2.0	CE6R3+;CE5.0/6.0	.NET Framework 3.5/General Reference for the .NET Framework/Additional Managed Reference Topics/Microsoft.WindowsMobile.DirectX.Direct3D Namespace/CustomVertex.PositionColored Structure/CustomVertex.PositionColored Fields/Format Field
ms129292(v=vs.90)	Format Field	Field	Microsoft.WindowsMobile.DirectX.Direct3D	Microsoft.WindowsMobile.DirectX (in Microsoft.WindowsMobile.DirectX.dll)	3.5,2.0	CE6R3+;CE5.0/6.0	.NET Framework 3.5/General Reference for the .NET Framework/Additional Managed Reference Topics/Microsoft.WindowsMobile.DirectX.Direct3D Namespace/CustomVertex.PositionColoredTextured Structure/CustomVertex.PositionColoredTextured Fields/Format Field
ms129311(v=vs.90)	Format Field	Field	Microsoft.WindowsMobile.DirectX.Direct3D	Microsoft.WindowsMobile.DirectX (in Microsoft.WindowsMobile.DirectX.dll)	3.5,2.0	CE6R3+;CE5.0/6.0	.NET Framework 3.5/General Reference for the .NET Framework/Additional Managed Reference Topics/Microsoft.WindowsMobile.DirectX.Direct3D Namespace/CustomVertex.PositionNormal Structure/CustomVertex.PositionNormal Fields/Format Field
ms129332(v=vs.90)	Format Field	Field	Microsoft.WindowsMobile.DirectX.Direct3D	Microsoft.WindowsMobile.DirectX (in Microsoft.WindowsMobile.DirectX.dll)	3.5,2.0	CE6R3+;CE5.0/6.0	.NET Framework 3.5/General Reference for the .NET Framework/Additional Managed Reference Topics/Microsoft.WindowsMobile.DirectX.Direct3D Namespace/CustomVertex.PositionNormalColored Structure/CustomVertex.PositionNormalColored Fields/Format Field
ms129353(v=vs.90)	Format Field	Field	Microsoft.WindowsMobile.DirectX.Direct3D	Microsoft.WindowsMobile.DirectX (in Microsoft.WindowsMobile.DirectX.dll)	3.5,2.0	CE6R3+;CE5.0/6.0	.NET Framework 3.5/General Reference for the .NET Framework/Additional Managed Reference Topics/Microsoft.WindowsMobile.DirectX.Direct3D Namespace/CustomVertex.PositionNormalFixed Structure/CustomVertex.PositionNormalFixed Fields/Format Field
ms129373(v=vs.90)	Format Field	Field	Microsoft.WindowsMobile.DirectX.Direct3D	Microsoft.WindowsMobile.DirectX (in Microsoft.WindowsMobile.DirectX.dll)	3.5,2.0	CE6R3+;CE5.0/6.0	.NET Framework 3.5/General Reference for the .NET Framework/Additional Managed Reference Topics/Microsoft.WindowsMobile.DirectX.Direct3D Namespace/CustomVertex.PositionNormalTextured Structure/CustomVertex.PositionNormalTextured Fields/Format Field
ms129395(v=vs.90)	Format Field	Field	Microsoft.WindowsMobile.DirectX.Direct3D	Microsoft.WindowsMobile.DirectX (in Microsoft.WindowsMobile.DirectX.dll)	3.5,2.0	CE6R3+;CE5.0/6.0	.NET Framework 3.5/General Reference for the .NET Framework/Additional Managed Reference Topics/Microsoft.WindowsMobile.DirectX.Direct3D Namespace/CustomVertex.PositionOnly Structure/CustomVertex.PositionOnly Fields/Format Field
ms129412(v=vs.90)	Format Field	Field	Microsoft.WindowsMobile.DirectX.Direct3D	Microsoft.WindowsMobile.DirectX (in Microsoft.WindowsMobile.DirectX.dll)	3.5,2.0	CE6R3+;CE5.0/6.0	.NET Framework 3.5/General Reference for the .NET Framework/Additional Managed Reference Topics/Microsoft.WindowsMobile.DirectX.Direct3D Namespace/CustomVertex.PositionOnlyFixed Structure/CustomVertex.PositionOnlyFixed Fields/Format Field
ms129429(v=vs.90)	Format Field	Field	Microsoft.WindowsMobile.DirectX.Direct3D	Microsoft.WindowsMobile.DirectX (in Microsoft.WindowsMobile.DirectX.dll)	3.5,2.0	CE6R3+;CE5.0/6.0	.NET Framework 3.5/General Reference for the .NET Framework/Additional Managed Reference Topics/Microsoft.WindowsMobile.DirectX.Direct3D Namespace/CustomVertex.PositionTextured Structure/CustomVertex.PositionTextured Fields/Format Field
ms129449(v=vs.90)	Format Field	Field	Microsoft.WindowsMobile.DirectX.Direct3D	Microsoft.WindowsMobile.DirectX (in Microsoft.WindowsMobile.DirectX.dll)	3.5,2.0	CE6R3+;CE5.0/6.0	.NET Framework 3.5/General Reference for the .NET Framework/Additional Managed Reference Topics/Microsoft.WindowsMobile.DirectX.Direct3D Namespace/CustomVertex.Transformed Structure/CustomVertex.Transformed Fields/Format Field
ms129468(v=vs.90)	Format Field	Field	Microsoft.WindowsMobile.DirectX.Direct3D	Microsoft.WindowsMobile.DirectX (in Microsoft.WindowsMobile.DirectX.dll)	3.5,2.0	CE6R3+;CE5.0/6.0	.NET Framework 3.5/General Reference for the .NET Framework/Additional Managed Reference Topics/Microsoft.WindowsMobile.DirectX.Direct3D Namespace/CustomVertex.TransformedColored Structure/CustomVertex.TransformedColored Fields/Format Field
ms129487(v=vs.90)	Format Field	Field	Microsoft.WindowsMobile.DirectX.Direct3D	Microsoft.WindowsMobile.DirectX (in Microsoft.WindowsMobile.DirectX.dll)	3.5,2.0	CE6R3+;CE5.0/6.0	.NET Framework 3.5/General Reference for the .NET Framework/Additional Managed Reference Topics/Microsoft.WindowsMobile.DirectX.Direct3D Namespace/CustomVertex.TransformedColoredTextured Structure/CustomVertex.TransformedColoredTextured Fields/Format Field
ms129507(v=vs.90)	Format Field	Field	Microsoft.WindowsMobile.DirectX.Direct3D	Microsoft.WindowsMobile.DirectX (in Microsoft.WindowsMobile.DirectX.dll)	3.5,2.0	CE6R3+;CE5.0/6.0	.NET Framework 3.5/General Reference for the .NET Framework/Additional Managed Reference Topics/Microsoft.WindowsMobile.DirectX.Direct3D Namespace/CustomVertex.TransformedFixed Structure/CustomVertex.TransformedFixed Fields/Format Field
ms129522(v=vs.90)	Format Field	Field	Microsoft.WindowsMobile.DirectX.Direct3D	Microsoft.WindowsMobile.DirectX (in Microsoft.WindowsMobile.DirectX.dll)	3.5,2.0	CE6R3+;CE5.0/6.0	.NET Framework 3.5/General Reference for the .NET Framework/Additional Managed Reference Topics/Microsoft.WindowsMobile.DirectX.Direct3D Namespace/CustomVertex.TransformedTextured Structure/CustomVertex.TransformedTextured Fields/Format Field
ms129678(v=vs.90)	Format Property	Property	Microsoft.WindowsMobile.DirectX.Direct3D	Microsoft.WindowsMobile.DirectX (in Microsoft.WindowsMobile.DirectX.dll)	3.5,2.0	CE6R3+;CE5.0/6.0	.NET Framework 3.5/General Reference for the .NET Framework/Additional Managed Reference Topics/Microsoft.WindowsMobile.DirectX.Direct3D Namespace/DisplayMode Structure/DisplayMode Properties /Format Property 
ms130391(v=vs.90)	Format Property	Property	Microsoft.WindowsMobile.DirectX.Direct3D	Microsoft.WindowsMobile.DirectX (in Microsoft.WindowsMobile.DirectX.dll)	3.5,2.0	CE6R3+;CE5.0/6.0	.NET Framework 3.5/General Reference for the .NET Framework/Additional Managed Reference Topics/Microsoft.WindowsMobile.DirectX.Direct3D Namespace/SurfaceDescription Structure/SurfaceDescription Properties /Format Property 
ms130519(v=vs.90)	Format Property	Property	Microsoft.WindowsMobile.DirectX.Direct3D	Microsoft.WindowsMobile.DirectX (in Microsoft.WindowsMobile.DirectX.dll)	3.5,2.0	CE6R3+;CE5.0/6.0	.NET Framework 3.5/General Reference for the .NET Framework/Additional Managed Reference Topics/Microsoft.WindowsMobile.DirectX.Direct3D Namespace/TextureRequirements Structure/TextureRequirements Properties /Format Property 
ms130637(v=vs.90)	Format Property	Property	Microsoft.WindowsMobile.DirectX.Direct3D	Microsoft.WindowsMobile.DirectX (in Microsoft.WindowsMobile.DirectX.dll)	3.5,2.0	CE6R3+;CE5.0/6.0	.NET Framework 3.5/General Reference for the .NET Framework/Additional Managed Reference Topics/Microsoft.WindowsMobile.DirectX.Direct3D Namespace/VertexBufferDescription Structure/VertexBufferDescription Properties /Format Property 
ms129545(v=vs.90)	FormatFromFile Field	Field	Microsoft.WindowsMobile.DirectX.Direct3D	Microsoft.WindowsMobile.DirectX (in Microsoft.WindowsMobile.DirectX.dll)	3.5,2.0	CE6R3+;CE5.0/6.0	.NET Framework 3.5/General Reference for the .NET Framework/Additional Managed Reference Topics/Microsoft.WindowsMobile.DirectX.Direct3D Namespace/D3DX Class/D3DX Fields/FormatFromFile Field
ms129218(v=vs.90)	FromArgb Method	Method	Microsoft.WindowsMobile.DirectX.Direct3D	Microsoft.WindowsMobile.DirectX (in Microsoft.WindowsMobile.DirectX.dll)	3.5,2.0	CE6R3+;CE5.0/6.0	.NET Framework 3.5/General Reference for the .NET Framework/Additional Managed Reference Topics/Microsoft.WindowsMobile.DirectX.Direct3D Namespace/ColorValue Structure/ColorValue Methods /FromArgb Method 
ms129237(v=vs.90)	FromArgb Method	Method	Microsoft.WindowsMobile.DirectX.Direct3D	Microsoft.WindowsMobile.DirectX (in Microsoft.WindowsMobile.DirectX.dll)	3.5,2.0	CE6R3+;CE5.0/6.0	.NET Framework 3.5/General Reference for the .NET Framework/Additional Managed Reference Topics/Microsoft.WindowsMobile.DirectX.Direct3D Namespace/ColorValueFixed Structure/ColorValueFixed Methods /FromArgb Method 
ms129219(v=vs.90)	FromColor Method	Method	Microsoft.WindowsMobile.DirectX.Direct3D	Microsoft.WindowsMobile.DirectX (in Microsoft.WindowsMobile.DirectX.dll)	3.5,2.0	CE6R3+;CE5.0/6.0	.NET Framework 3.5/General Reference for the .NET Framework/Additional Managed Reference Topics/Microsoft.WindowsMobile.DirectX.Direct3D Namespace/ColorValue Structure/ColorValue Methods /FromColor Method 
ms129238(v=vs.90)	FromColor Method	Method	Microsoft.WindowsMobile.DirectX.Direct3D	Microsoft.WindowsMobile.DirectX (in Microsoft.WindowsMobile.DirectX.dll)	3.5,2.0	CE6R3+;CE5.0/6.0	.NET Framework 3.5/General Reference for the .NET Framework/Additional Managed Reference Topics/Microsoft.WindowsMobile.DirectX.Direct3D Namespace/ColorValueFixed Structure/ColorValueFixed Methods /FromColor Method 
ms129546(v=vs.90)	FromFile Field	Field	Microsoft.WindowsMobile.DirectX.Direct3D	Microsoft.WindowsMobile.DirectX (in Microsoft.WindowsMobile.DirectX.dll)	3.5,2.0	CE6R3+;CE5.0/6.0	.NET Framework 3.5/General Reference for the .NET Framework/Additional Managed Reference Topics/Microsoft.WindowsMobile.DirectX.Direct3D Namespace/D3DX Class/D3DX Fields/FromFile Field
ms130474(v=vs.90)	FromFile Method (Device, String)		Microsoft.WindowsMobile.DirectX.Direct3D	Microsoft.WindowsMobile.DirectX (in Microsoft.WindowsMobile.DirectX.dll)	3.5,2.0	CE6R3+;CE5.0/6.0	.NET Framework 3.5/General Reference for the .NET Framework/Additional Managed Reference Topics/Microsoft.WindowsMobile.DirectX.Direct3D Namespace/TextureLoader Class/TextureLoader Methods /FromFile Method /FromFile Method (Device, String)
ms130475(v=vs.90)	FromFile Method (Device, String, Int32, Int32, Int32, Usage, Format, Pool, Filter, Filter, Int32)		Microsoft.WindowsMobile.DirectX.Direct3D	Microsoft.WindowsMobile.DirectX (in Microsoft.WindowsMobile.DirectX.dll)	3.5,2.0	CE6R3+;CE5.0/6.0	.NET Framework 3.5/General Reference for the .NET Framework/Additional Managed Reference Topics/Microsoft.WindowsMobile.DirectX.Direct3D Namespace/TextureLoader Class/TextureLoader Methods /FromFile Method /FromFile Method (Device, String, Int32, Int32, Int32, Usage, Format, Pool, Filter, Filter, Int32)
ms130476(v=vs.90)	FromFile Method (Device, String, Int32, Int32, Int32, Usage, Format, Pool, Filter, Filter, Int32, PaletteEntry[])		Microsoft.WindowsMobile.DirectX.Direct3D	Microsoft.WindowsMobile.DirectX (in Microsoft.WindowsMobile.DirectX.dll)	3.5,2.0	CE6R3+;CE5.0/6.0	.NET Framework 3.5/General Reference for the .NET Framework/Additional Managed Reference Topics/Microsoft.WindowsMobile.DirectX.Direct3D Namespace/TextureLoader Class/TextureLoader Methods /FromFile Method /FromFile Method (Device, String, Int32, Int32, Int32, Usage, Format, Pool, Filter, Filter, Int32, PaletteEntry[])
ms129741(v=vs.90)	FromFixedInt Method	Method	Microsoft.WindowsMobile.DirectX.Direct3D	Microsoft.WindowsMobile.DirectX (in Microsoft.WindowsMobile.DirectX.dll)	3.5,2.0	CE6R3+;CE5.0/6.0	.NET Framework 3.5/General Reference for the .NET Framework/Additional Managed Reference Topics/Microsoft.WindowsMobile.DirectX.Direct3D Namespace/FixedPoint Structure/FixedPoint Methods /FromFixedInt Method 
ms129894(v=vs.90)	FromLight Method	Method	Microsoft.WindowsMobile.DirectX.Direct3D	Microsoft.WindowsMobile.DirectX (in Microsoft.WindowsMobile.DirectX.dll)	3.5,2.0	CE6R3+;CE5.0/6.0	.NET Framework 3.5/General Reference for the .NET Framework/Additional Managed Reference Topics/Microsoft.WindowsMobile.DirectX.Direct3D Namespace/Light Class/Light Methods /FromLight Method 
ms129918(v=vs.90)	FromLightFixed Method	Method	Microsoft.WindowsMobile.DirectX.Direct3D	Microsoft.WindowsMobile.DirectX (in Microsoft.WindowsMobile.DirectX.dll)	3.5,2.0	CE6R3+;CE5.0/6.0	.NET Framework 3.5/General Reference for the .NET Framework/Additional Managed Reference Topics/Microsoft.WindowsMobile.DirectX.Direct3D Namespace/LightFixed Class/LightFixed Methods /FromLightFixed Method 
ms130479(v=vs.90)	FromStream Method (Device, Stream)		Microsoft.WindowsMobile.DirectX.Direct3D	Microsoft.WindowsMobile.DirectX (in Microsoft.WindowsMobile.DirectX.dll)	3.5,2.0	CE6R3+;CE5.0/6.0	.NET Framework 3.5/General Reference for the .NET Framework/Additional Managed Reference Topics/Microsoft.WindowsMobile.DirectX.Direct3D Namespace/TextureLoader Class/TextureLoader Methods /FromStream Method /FromStream Method (Device, Stream)
ms130480(v=vs.90)	FromStream Method (Device, Stream, Int32, Int32, Int32, Int32, Usage, Format, Pool, Filter, Filter, Int32)		Microsoft.WindowsMobile.DirectX.Direct3D	Microsoft.WindowsMobile.DirectX (in Microsoft.WindowsMobile.DirectX.dll)	3.5,2.0	CE6R3+;CE5.0/6.0	.NET Framework 3.5/General Reference for the .NET Framework/Additional Managed Reference Topics/Microsoft.WindowsMobile.DirectX.Direct3D Namespace/TextureLoader Class/TextureLoader Methods /FromStream Method /FromStream Method (Device, Stream, Int32, Int32, Int32, Int32, Usage, Format, Pool, Filter, Filter, Int32)
ms130481(v=vs.90)	FromStream Method (Device, Stream, Int32, Int32, Int32, Int32, Usage, Format, Pool, Filter, Filter, Int32, PaletteEntry[])		Microsoft.WindowsMobile.DirectX.Direct3D	Microsoft.WindowsMobile.DirectX (in Microsoft.WindowsMobile.DirectX.dll)	3.5,2.0	CE6R3+;CE5.0/6.0	.NET Framework 3.5/General Reference for the .NET Framework/Additional Managed Reference Topics/Microsoft.WindowsMobile.DirectX.Direct3D Namespace/TextureLoader Class/TextureLoader Methods /FromStream Method /FromStream Method (Device, Stream, Int32, Int32, Int32, Int32, Usage, Format, Pool, Filter, Filter, Int32, PaletteEntry[])
ms130184(v=vs.90)	FullScreenPresentationInterval Property	Property	Microsoft.WindowsMobile.DirectX.Direct3D	Microsoft.WindowsMobile.DirectX (in Microsoft.WindowsMobile.DirectX.dll)	3.5,2.0	CE6R3+;CE5.0/6.0	.NET Framework 3.5/General Reference for the .NET Framework/Additional Managed Reference Topics/Microsoft.WindowsMobile.DirectX.Direct3D Namespace/PresentParameters Class/PresentParameters Properties /FullScreenPresentationInterval Property 
ms129088(v=vs.90)	GenerateAdjacency Method	Method	Microsoft.WindowsMobile.DirectX.Direct3D	Microsoft.WindowsMobile.DirectX (in Microsoft.WindowsMobile.DirectX.dll)	3.5,2.0	CE6R3+;CE5.0/6.0	.NET Framework 3.5/General Reference for the .NET Framework/Additional Managed Reference Topics/Microsoft.WindowsMobile.DirectX.Direct3D Namespace/BaseMesh Class/BaseMesh Methods /GenerateAdjacency Method 
ms129824(v=vs.90)	Geometry Class	Class	Microsoft.WindowsMobile.DirectX.Direct3D	Microsoft.WindowsMobile.DirectX (in Microsoft.WindowsMobile.DirectX.dll)	3.5,2.0	CE6R3+;CE5.0/6.0	.NET Framework 3.5/General Reference for the .NET Framework/Additional Managed Reference Topics/Microsoft.WindowsMobile.DirectX.Direct3D Namespace/Geometry Class
ms129089(v=vs.90)	GetAttributeTable Method	Method	Microsoft.WindowsMobile.DirectX.Direct3D	Microsoft.WindowsMobile.DirectX (in Microsoft.WindowsMobile.DirectX.dll)	3.5,2.0	CE6R3+;CE5.0/6.0	.NET Framework 3.5/General Reference for the .NET Framework/Additional Managed Reference Topics/Microsoft.WindowsMobile.DirectX.Direct3D Namespace/BaseMesh Class/BaseMesh Methods /GetAttributeTable Method 
ms129582(v=vs.90)	GetAvailablePoolMem Method	Method	Microsoft.WindowsMobile.DirectX.Direct3D	Microsoft.WindowsMobile.DirectX (in Microsoft.WindowsMobile.DirectX.dll)	3.5,2.0	CE6R3+;CE5.0/6.0	.NET Framework 3.5/General Reference for the .NET Framework/Additional Managed Reference Topics/Microsoft.WindowsMobile.DirectX.Direct3D Namespace/Device Class/Device Methods /GetAvailablePoolMem Method 
ms129583(v=vs.90)	GetBackBuffer Method	Method	Microsoft.WindowsMobile.DirectX.Direct3D	Microsoft.WindowsMobile.DirectX (in Microsoft.WindowsMobile.DirectX.dll)	3.5,2.0	CE6R3+;CE5.0/6.0	.NET Framework 3.5/General Reference for the .NET Framework/Additional Managed Reference Topics/Microsoft.WindowsMobile.DirectX.Direct3D Namespace/Device Class/Device Methods /GetBackBuffer Method 
ms130407(v=vs.90)	GetBackBuffer Method	Method	Microsoft.WindowsMobile.DirectX.Direct3D	Microsoft.WindowsMobile.DirectX (in Microsoft.WindowsMobile.DirectX.dll)	3.5,2.0	CE6R3+;CE5.0/6.0	.NET Framework 3.5/General Reference for the .NET Framework/Additional Managed Reference Topics/Microsoft.WindowsMobile.DirectX.Direct3D Namespace/SwapChain Class/SwapChain Methods /GetBackBuffer Method 
ms129972(v=vs.90)	GetDeviceCaps Method	Method	Microsoft.WindowsMobile.DirectX.Direct3D	Microsoft.WindowsMobile.DirectX (in Microsoft.WindowsMobile.DirectX.dll)	3.5,2.0	CE6R3+;CE5.0/6.0	.NET Framework 3.5/General Reference for the .NET Framework/Additional Managed Reference Topics/Microsoft.WindowsMobile.DirectX.Direct3D Namespace/Manager Class/Manager Methods /GetDeviceCaps Method 
ms129039(v=vs.90)	GetEnumerator Method	Method	Microsoft.WindowsMobile.DirectX.Direct3D	Microsoft.WindowsMobile.DirectX (in Microsoft.WindowsMobile.DirectX.dll)	3.5,2.0	CE6R3+;CE5.0/6.0	.NET Framework 3.5/General Reference for the .NET Framework/Additional Managed Reference Topics/Microsoft.WindowsMobile.DirectX.Direct3D Namespace/AdapterListCollection Class/AdapterListCollection Methods /GetEnumerator Method 
ms129687(v=vs.90)	GetEnumerator Method	Method	Microsoft.WindowsMobile.DirectX.Direct3D	Microsoft.WindowsMobile.DirectX (in Microsoft.WindowsMobile.DirectX.dll)	3.5,2.0	CE6R3+;CE5.0/6.0	.NET Framework 3.5/General Reference for the .NET Framework/Additional Managed Reference Topics/Microsoft.WindowsMobile.DirectX.Direct3D Namespace/DisplayModeCollection Class/DisplayModeCollection Methods /GetEnumerator Method 
ms130648(v=vs.90)	GetFormatSize Method	Method	Microsoft.WindowsMobile.DirectX.Direct3D	Microsoft.WindowsMobile.DirectX (in Microsoft.WindowsMobile.DirectX.dll)	3.5,2.0	CE6R3+;CE5.0/6.0	.NET Framework 3.5/General Reference for the .NET Framework/Additional Managed Reference Topics/Microsoft.WindowsMobile.DirectX.Direct3D Namespace/VertexInformation Class/VertexInformation Methods /GetFormatSize Method 
ms129584(v=vs.90)	GetFrontBuffer Method	Method	Microsoft.WindowsMobile.DirectX.Direct3D	Microsoft.WindowsMobile.DirectX (in Microsoft.WindowsMobile.DirectX.dll)	3.5,2.0	CE6R3+;CE5.0/6.0	.NET Framework 3.5/General Reference for the .NET Framework/Additional Managed Reference Topics/Microsoft.WindowsMobile.DirectX.Direct3D Namespace/Device Class/Device Methods /GetFrontBuffer Method 
ms130346(v=vs.90)	GetGraphics Method	Method	Microsoft.WindowsMobile.DirectX.Direct3D	Microsoft.WindowsMobile.DirectX (in Microsoft.WindowsMobile.DirectX.dll)	3.5,2.0	CE6R3+;CE5.0/6.0	.NET Framework 3.5/General Reference for the .NET Framework/Additional Managed Reference Topics/Microsoft.WindowsMobile.DirectX.Direct3D Namespace/Surface Class/Surface Methods /GetGraphics Method 
ms129742(v=vs.90)	GetHashCode Method	Method	Microsoft.WindowsMobile.DirectX.Direct3D	Microsoft.WindowsMobile.DirectX (in Microsoft.WindowsMobile.DirectX.dll)	3.5,2.0	CE6R3+;CE5.0/6.0	.NET Framework 3.5/General Reference for the .NET Framework/Additional Managed Reference Topics/Microsoft.WindowsMobile.DirectX.Direct3D Namespace/FixedPoint Structure/FixedPoint Methods /GetHashCode Method 
ms129585(v=vs.90)	GetInfo Method	Method	Microsoft.WindowsMobile.DirectX.Direct3D	Microsoft.WindowsMobile.DirectX (in Microsoft.WindowsMobile.DirectX.dll)	3.5,2.0	CE6R3+;CE5.0/6.0	.NET Framework 3.5/General Reference for the .NET Framework/Additional Managed Reference Topics/Microsoft.WindowsMobile.DirectX.Direct3D Namespace/Device Class/Device Methods /GetInfo Method 
ms130433(v=vs.90)	GetLevelDescription Method	Method	Microsoft.WindowsMobile.DirectX.Direct3D	Microsoft.WindowsMobile.DirectX (in Microsoft.WindowsMobile.DirectX.dll)	3.5,2.0	CE6R3+;CE5.0/6.0	.NET Framework 3.5/General Reference for the .NET Framework/Additional Managed Reference Topics/Microsoft.WindowsMobile.DirectX.Direct3D Namespace/Texture Class/Texture Methods /GetLevelDescription Method 
ms129586(v=vs.90)	GetPaletteEntries Method	Method	Microsoft.WindowsMobile.DirectX.Direct3D	Microsoft.WindowsMobile.DirectX (in Microsoft.WindowsMobile.DirectX.dll)	3.5,2.0	CE6R3+;CE5.0/6.0	.NET Framework 3.5/General Reference for the .NET Framework/Additional Managed Reference Topics/Microsoft.WindowsMobile.DirectX.Direct3D Namespace/Device Class/Device Methods /GetPaletteEntries Method 
ms129587(v=vs.90)	GetStreamSource Method	Method	Microsoft.WindowsMobile.DirectX.Direct3D	Microsoft.WindowsMobile.DirectX (in Microsoft.WindowsMobile.DirectX.dll)	3.5,2.0	CE6R3+;CE5.0/6.0	.NET Framework 3.5/General Reference for the .NET Framework/Additional Managed Reference Topics/Microsoft.WindowsMobile.DirectX.Direct3D Namespace/Device Class/Device Methods /GetStreamSource Method 
ms130434(v=vs.90)	GetSurfaceLevel Method	Method	Microsoft.WindowsMobile.DirectX.Direct3D	Microsoft.WindowsMobile.DirectX (in Microsoft.WindowsMobile.DirectX.dll)	3.5,2.0	CE6R3+;CE5.0/6.0	.NET Framework 3.5/General Reference for the .NET Framework/Additional Managed Reference Topics/Microsoft.WindowsMobile.DirectX.Direct3D Namespace/Texture Class/Texture Methods /GetSurfaceLevel Method 
ms129588(v=vs.90)	GetTexture Method	Method	Microsoft.WindowsMobile.DirectX.Direct3D	Microsoft.WindowsMobile.DirectX (in Microsoft.WindowsMobile.DirectX.dll)	3.5,2.0	CE6R3+;CE5.0/6.0	.NET Framework 3.5/General Reference for the .NET Framework/Additional Managed Reference Topics/Microsoft.WindowsMobile.DirectX.Direct3D Namespace/Device Class/Device Methods /GetTexture Method 
ms129589(v=vs.90)	GetTransform Method	Method	Microsoft.WindowsMobile.DirectX.Direct3D	Microsoft.WindowsMobile.DirectX (in Microsoft.WindowsMobile.DirectX.dll)	3.5,2.0	CE6R3+;CE5.0/6.0	.NET Framework 3.5/General Reference for the .NET Framework/Additional Managed Reference Topics/Microsoft.WindowsMobile.DirectX.Direct3D Namespace/Device Class/Device Methods /GetTransform Method 
ms129590(v=vs.90)	GetTransformFixed Method	Method	Microsoft.WindowsMobile.DirectX.Direct3D	Microsoft.WindowsMobile.DirectX (in Microsoft.WindowsMobile.DirectX.dll)	3.5,2.0	CE6R3+;CE5.0/6.0	.NET Framework 3.5/General Reference for the .NET Framework/Additional Managed Reference Topics/Microsoft.WindowsMobile.DirectX.Direct3D Namespace/Device Class/Device Methods /GetTransformFixed Method 
ms129743(v=vs.90)	GetTypeCode Method	Method	Microsoft.WindowsMobile.DirectX.Direct3D	Microsoft.WindowsMobile.DirectX (in Microsoft.WindowsMobile.DirectX.dll)	3.5,2.0	CE6R3+;CE5.0/6.0	.NET Framework 3.5/General Reference for the .NET Framework/Additional Managed Reference Topics/Microsoft.WindowsMobile.DirectX.Direct3D Namespace/FixedPoint Structure/FixedPoint Methods /GetTypeCode Method 
ms129833(v=vs.90)	GraphicsException Class	Class	Microsoft.WindowsMobile.DirectX.Direct3D	Microsoft.WindowsMobile.DirectX (in Microsoft.WindowsMobile.DirectX.dll)	3.5,2.0	CE6R3+;CE5.0/6.0	.NET Framework 3.5/General Reference for the .NET Framework/Additional Managed Reference Topics/Microsoft.WindowsMobile.DirectX.Direct3D Namespace/GraphicsException Class
ms129835(v=vs.90)	GraphicsException Constructor	Constructor	Microsoft.WindowsMobile.DirectX.Direct3D	Microsoft.WindowsMobile.DirectX (in Microsoft.WindowsMobile.DirectX.dll)	3.5,2.0	CE6R3+;CE5.0/6.0	.NET Framework 3.5/General Reference for the .NET Framework/Additional Managed Reference Topics/Microsoft.WindowsMobile.DirectX.Direct3D Namespace/GraphicsException Class/GraphicsException Constructor 
ms129748(v=vs.90)	GreaterThan Operator	Operator	Microsoft.WindowsMobile.DirectX.Direct3D	Microsoft.WindowsMobile.DirectX (in Microsoft.WindowsMobile.DirectX.dll)	3.5,2.0	CE6R3+;CE5.0/6.0	.NET Framework 3.5/General Reference for the .NET Framework/Additional Managed Reference Topics/Microsoft.WindowsMobile.DirectX.Direct3D Namespace/FixedPoint Structure/FixedPoint Operators/GreaterThan Operator
ms129749(v=vs.90)	GreaterThanOrEqual Operator	Operator	Microsoft.WindowsMobile.DirectX.Direct3D	Microsoft.WindowsMobile.DirectX (in Microsoft.WindowsMobile.DirectX.dll)	3.5,2.0	CE6R3+;CE5.0/6.0	.NET Framework 3.5/General Reference for the .NET Framework/Additional Managed Reference Topics/Microsoft.WindowsMobile.DirectX.Direct3D Namespace/FixedPoint Structure/FixedPoint Operators/GreaterThanOrEqual Operator
ms129226(v=vs.90)	Green Property	Property	Microsoft.WindowsMobile.DirectX.Direct3D	Microsoft.WindowsMobile.DirectX (in Microsoft.WindowsMobile.DirectX.dll)	3.5,2.0	CE6R3+;CE5.0/6.0	.NET Framework 3.5/General Reference for the .NET Framework/Additional Managed Reference Topics/Microsoft.WindowsMobile.DirectX.Direct3D Namespace/ColorValue Structure/ColorValue Properties /Green Property 
ms129244(v=vs.90)	Green Property	Property	Microsoft.WindowsMobile.DirectX.Direct3D	Microsoft.WindowsMobile.DirectX (in Microsoft.WindowsMobile.DirectX.dll)	3.5,2.0	CE6R3+;CE5.0/6.0	.NET Framework 3.5/General Reference for the .NET Framework/Additional Managed Reference Topics/Microsoft.WindowsMobile.DirectX.Direct3D Namespace/ColorValueFixed Structure/ColorValueFixed Properties /Green Property 
ms130162(v=vs.90)	Green Property	Property	Microsoft.WindowsMobile.DirectX.Direct3D	Microsoft.WindowsMobile.DirectX (in Microsoft.WindowsMobile.DirectX.dll)	3.5,2.0	CE6R3+;CE5.0/6.0	.NET Framework 3.5/General Reference for the .NET Framework/Additional Managed Reference Topics/Microsoft.WindowsMobile.DirectX.Direct3D Namespace/PaletteEntry Structure/PaletteEntry Properties /Green Property 
ms129165(v=vs.90)	GuardBandBottom Property	Property	Microsoft.WindowsMobile.DirectX.Direct3D	Microsoft.WindowsMobile.DirectX (in Microsoft.WindowsMobile.DirectX.dll)	3.5,2.0	CE6R3+;CE5.0/6.0	.NET Framework 3.5/General Reference for the .NET Framework/Additional Managed Reference Topics/Microsoft.WindowsMobile.DirectX.Direct3D Namespace/Caps Structure/Caps Properties /GuardBandBottom Property 
ms129166(v=vs.90)	GuardBandLeft Property	Property	Microsoft.WindowsMobile.DirectX.Direct3D	Microsoft.WindowsMobile.DirectX (in Microsoft.WindowsMobile.DirectX.dll)	3.5,2.0	CE6R3+;CE5.0/6.0	.NET Framework 3.5/General Reference for the .NET Framework/Additional Managed Reference Topics/Microsoft.WindowsMobile.DirectX.Direct3D Namespace/Caps Structure/Caps Properties /GuardBandLeft Property 
ms129167(v=vs.90)	GuardBandRight Property	Property	Microsoft.WindowsMobile.DirectX.Direct3D	Microsoft.WindowsMobile.DirectX (in Microsoft.WindowsMobile.DirectX.dll)	3.5,2.0	CE6R3+;CE5.0/6.0	.NET Framework 3.5/General Reference for the .NET Framework/Additional Managed Reference Topics/Microsoft.WindowsMobile.DirectX.Direct3D Namespace/Caps Structure/Caps Properties /GuardBandRight Property 
ms129168(v=vs.90)	GuardBandTop Property	Property	Microsoft.WindowsMobile.DirectX.Direct3D	Microsoft.WindowsMobile.DirectX (in Microsoft.WindowsMobile.DirectX.dll)	3.5,2.0	CE6R3+;CE5.0/6.0	.NET Framework 3.5/General Reference for the .NET Framework/Additional Managed Reference Topics/Microsoft.WindowsMobile.DirectX.Direct3D Namespace/Caps Structure/Caps Properties /GuardBandTop Property 
ms129679(v=vs.90)	Height Property	Property	Microsoft.WindowsMobile.DirectX.Direct3D	Microsoft.WindowsMobile.DirectX (in Microsoft.WindowsMobile.DirectX.dll)	3.5,2.0	CE6R3+;CE5.0/6.0	.NET Framework 3.5/General Reference for the .NET Framework/Additional Managed Reference Topics/Microsoft.WindowsMobile.DirectX.Direct3D Namespace/DisplayMode Structure/DisplayMode Properties /Height Property 
ms129813(v=vs.90)	Height Property	Property	Microsoft.WindowsMobile.DirectX.Direct3D	Microsoft.WindowsMobile.DirectX (in Microsoft.WindowsMobile.DirectX.dll)	3.5,2.0	CE6R3+;CE5.0/6.0	.NET Framework 3.5/General Reference for the .NET Framework/Additional Managed Reference Topics/Microsoft.WindowsMobile.DirectX.Direct3D Namespace/FontDescription Structure/FontDescription Properties /Height Property 
ms130392(v=vs.90)	Height Property	Property	Microsoft.WindowsMobile.DirectX.Direct3D	Microsoft.WindowsMobile.DirectX (in Microsoft.WindowsMobile.DirectX.dll)	3.5,2.0	CE6R3+;CE5.0/6.0	.NET Framework 3.5/General Reference for the .NET Framework/Additional Managed Reference Topics/Microsoft.WindowsMobile.DirectX.Direct3D Namespace/SurfaceDescription Structure/SurfaceDescription Properties /Height Property 
ms130520(v=vs.90)	Height Property	Property	Microsoft.WindowsMobile.DirectX.Direct3D	Microsoft.WindowsMobile.DirectX (in Microsoft.WindowsMobile.DirectX.dll)	3.5,2.0	CE6R3+;CE5.0/6.0	.NET Framework 3.5/General Reference for the .NET Framework/Additional Managed Reference Topics/Microsoft.WindowsMobile.DirectX.Direct3D Namespace/TextureRequirements Structure/TextureRequirements Properties /Height Property 
ms130678(v=vs.90)	Height Property	Property	Microsoft.WindowsMobile.DirectX.Direct3D	Microsoft.WindowsMobile.DirectX (in Microsoft.WindowsMobile.DirectX.dll)	3.5,2.0	CE6R3+;CE5.0/6.0	.NET Framework 3.5/General Reference for the .NET Framework/Additional Managed Reference Topics/Microsoft.WindowsMobile.DirectX.Direct3D Namespace/Viewport Structure/Viewport Properties /Height Property 
bb348985(v=vs.90)	IConvertible.ToBoolean Method	Method	Microsoft.WindowsMobile.DirectX.Direct3D	Microsoft.WindowsMobile.DirectX (in Microsoft.WindowsMobile.DirectX.dll)	3.5,2.0	CE6R3+;CE5.0/6.0	.NET Framework 3.5/General Reference for the .NET Framework/Additional Managed Reference Topics/Microsoft.WindowsMobile.DirectX.Direct3D Namespace/FixedPoint Structure/FixedPoint Methods /IConvertible.ToBoolean Method 
bb350453(v=vs.90)	IConvertible.ToByte Method	Method	Microsoft.WindowsMobile.DirectX.Direct3D	Microsoft.WindowsMobile.DirectX (in Microsoft.WindowsMobile.DirectX.dll)	3.5,2.0	CE6R3+;CE5.0/6.0	.NET Framework 3.5/General Reference for the .NET Framework/Additional Managed Reference Topics/Microsoft.WindowsMobile.DirectX.Direct3D Namespace/FixedPoint Structure/FixedPoint Methods /IConvertible.ToByte Method 
bb360063(v=vs.90)	IConvertible.ToChar Method	Method	Microsoft.WindowsMobile.DirectX.Direct3D	Microsoft.WindowsMobile.DirectX (in Microsoft.WindowsMobile.DirectX.dll)	3.5,2.0	CE6R3+;CE5.0/6.0	.NET Framework 3.5/General Reference for the .NET Framework/Additional Managed Reference Topics/Microsoft.WindowsMobile.DirectX.Direct3D Namespace/FixedPoint Structure/FixedPoint Methods /IConvertible.ToChar Method 
bb292851(v=vs.90)	IConvertible.ToDateTime Method	Method	Microsoft.WindowsMobile.DirectX.Direct3D	Microsoft.WindowsMobile.DirectX (in Microsoft.WindowsMobile.DirectX.dll)	3.5,2.0	CE6R3+;CE5.0/6.0	.NET Framework 3.5/General Reference for the .NET Framework/Additional Managed Reference Topics/Microsoft.WindowsMobile.DirectX.Direct3D Namespace/FixedPoint Structure/FixedPoint Methods /IConvertible.ToDateTime Method 
bb342211(v=vs.90)	IConvertible.ToDecimal Method	Method	Microsoft.WindowsMobile.DirectX.Direct3D	Microsoft.WindowsMobile.DirectX (in Microsoft.WindowsMobile.DirectX.dll)	3.5,2.0	CE6R3+;CE5.0/6.0	.NET Framework 3.5/General Reference for the .NET Framework/Additional Managed Reference Topics/Microsoft.WindowsMobile.DirectX.Direct3D Namespace/FixedPoint Structure/FixedPoint Methods /IConvertible.ToDecimal Method 
bb342494(v=vs.90)	IConvertible.ToDouble Method	Method	Microsoft.WindowsMobile.DirectX.Direct3D	Microsoft.WindowsMobile.DirectX (in Microsoft.WindowsMobile.DirectX.dll)	3.5,2.0	CE6R3+;CE5.0/6.0	.NET Framework 3.5/General Reference for the .NET Framework/Additional Managed Reference Topics/Microsoft.WindowsMobile.DirectX.Direct3D Namespace/FixedPoint Structure/FixedPoint Methods /IConvertible.ToDouble Method 
bb155078(v=vs.90)	IConvertible.ToInt16 Method	Method	Microsoft.WindowsMobile.DirectX.Direct3D	Microsoft.WindowsMobile.DirectX (in Microsoft.WindowsMobile.DirectX.dll)	3.5,2.0	CE6R3+;CE5.0/6.0	.NET Framework 3.5/General Reference for the .NET Framework/Additional Managed Reference Topics/Microsoft.WindowsMobile.DirectX.Direct3D Namespace/FixedPoint Structure/FixedPoint Methods /IConvertible.ToInt16 Method 
bb338264(v=vs.90)	IConvertible.ToInt32 Method	Method	Microsoft.WindowsMobile.DirectX.Direct3D	Microsoft.WindowsMobile.DirectX (in Microsoft.WindowsMobile.DirectX.dll)	3.5,2.0	CE6R3+;CE5.0/6.0	.NET Framework 3.5/General Reference for the .NET Framework/Additional Managed Reference Topics/Microsoft.WindowsMobile.DirectX.Direct3D Namespace/FixedPoint Structure/FixedPoint Methods /IConvertible.ToInt32 Method 
bb347280(v=vs.90)	IConvertible.ToInt64 Method	Method	Microsoft.WindowsMobile.DirectX.Direct3D	Microsoft.WindowsMobile.DirectX (in Microsoft.WindowsMobile.DirectX.dll)	3.5,2.0	CE6R3+;CE5.0/6.0	.NET Framework 3.5/General Reference for the .NET Framework/Additional Managed Reference Topics/Microsoft.WindowsMobile.DirectX.Direct3D Namespace/FixedPoint Structure/FixedPoint Methods /IConvertible.ToInt64 Method 
bb310467(v=vs.90)	IConvertible.ToSByte Method	Method	Microsoft.WindowsMobile.DirectX.Direct3D	Microsoft.WindowsMobile.DirectX (in Microsoft.WindowsMobile.DirectX.dll)	3.5,2.0	CE6R3+;CE5.0/6.0	.NET Framework 3.5/General Reference for the .NET Framework/Additional Managed Reference Topics/Microsoft.WindowsMobile.DirectX.Direct3D Namespace/FixedPoint Structure/FixedPoint Methods /IConvertible.ToSByte Method 
bb337720(v=vs.90)	IConvertible.ToString Method	Method	Microsoft.WindowsMobile.DirectX.Direct3D	Microsoft.WindowsMobile.DirectX (in Microsoft.WindowsMobile.DirectX.dll)	3.5,2.0	CE6R3+;CE5.0/6.0	.NET Framework 3.5/General Reference for the .NET Framework/Additional Managed Reference Topics/Microsoft.WindowsMobile.DirectX.Direct3D Namespace/FixedPoint Structure/FixedPoint Methods /IConvertible.ToString Method 
bb357524(v=vs.90)	IConvertible.ToType Method	Method	Microsoft.WindowsMobile.DirectX.Direct3D	Microsoft.WindowsMobile.DirectX (in Microsoft.WindowsMobile.DirectX.dll)	3.5,2.0	CE6R3+;CE5.0/6.0	.NET Framework 3.5/General Reference for the .NET Framework/Additional Managed Reference Topics/Microsoft.WindowsMobile.DirectX.Direct3D Namespace/FixedPoint Structure/FixedPoint Methods /IConvertible.ToType Method 
bb346455(v=vs.90)	IConvertible.ToUInt16 Method	Method	Microsoft.WindowsMobile.DirectX.Direct3D	Microsoft.WindowsMobile.DirectX (in Microsoft.WindowsMobile.DirectX.dll)	3.5,2.0	CE6R3+;CE5.0/6.0	.NET Framework 3.5/General Reference for the .NET Framework/Additional Managed Reference Topics/Microsoft.WindowsMobile.DirectX.Direct3D Namespace/FixedPoint Structure/FixedPoint Methods /IConvertible.ToUInt16 Method 
bb339373(v=vs.90)	IConvertible.ToUInt32 Method	Method	Microsoft.WindowsMobile.DirectX.Direct3D	Microsoft.WindowsMobile.DirectX (in Microsoft.WindowsMobile.DirectX.dll)	3.5,2.0	CE6R3+;CE5.0/6.0	.NET Framework 3.5/General Reference for the .NET Framework/Additional Managed Reference Topics/Microsoft.WindowsMobile.DirectX.Direct3D Namespace/FixedPoint Structure/FixedPoint Methods /IConvertible.ToUInt32 Method 
bb298986(v=vs.90)	IConvertible.ToUInt64 Method	Method	Microsoft.WindowsMobile.DirectX.Direct3D	Microsoft.WindowsMobile.DirectX (in Microsoft.WindowsMobile.DirectX.dll)	3.5,2.0	CE6R3+;CE5.0/6.0	.NET Framework 3.5/General Reference for the .NET Framework/Additional Managed Reference Topics/Microsoft.WindowsMobile.DirectX.Direct3D Namespace/FixedPoint Structure/FixedPoint Methods /IConvertible.ToUInt64 Method 
bb354734(v=vs.90)	IEnumerator.Current Property	Property	Microsoft.WindowsMobile.DirectX.Direct3D	Microsoft.WindowsMobile.DirectX (in Microsoft.WindowsMobile.DirectX.dll)	3.5,2.0	CE6R3+;CE5.0/6.0	.NET Framework 3.5/General Reference for the .NET Framework/Additional Managed Reference Topics/Microsoft.WindowsMobile.DirectX.Direct3D Namespace/AdapterListCollection Class/AdapterListCollection Properties /IEnumerator.Current Property 
bb357147(v=vs.90)	IEnumerator.Current Property	Property	Microsoft.WindowsMobile.DirectX.Direct3D	Microsoft.WindowsMobile.DirectX (in Microsoft.WindowsMobile.DirectX.dll)	3.5,2.0	CE6R3+;CE5.0/6.0	.NET Framework 3.5/General Reference for the .NET Framework/Additional Managed Reference Topics/Microsoft.WindowsMobile.DirectX.Direct3D Namespace/DisplayModeCollection Class/DisplayModeCollection Properties /IEnumerator.Current Property 
ms130055(v=vs.90)	Identity Property	Property	Microsoft.WindowsMobile.DirectX.Direct3D	Microsoft.WindowsMobile.DirectX (in Microsoft.WindowsMobile.DirectX.dll)	3.5,2.0	CE6R3+;CE5.0/6.0	.NET Framework 3.5/General Reference for the .NET Framework/Additional Managed Reference Topics/Microsoft.WindowsMobile.DirectX.Direct3D Namespace/MatrixFixed Structure/MatrixFixed Properties /Identity Property 
ms129751(v=vs.90)	Implicit Operator	Operator	Microsoft.WindowsMobile.DirectX.Direct3D	Microsoft.WindowsMobile.DirectX (in Microsoft.WindowsMobile.DirectX.dll)	3.5,2.0	CE6R3+;CE5.0/6.0	.NET Framework 3.5/General Reference for the .NET Framework/Additional Managed Reference Topics/Microsoft.WindowsMobile.DirectX.Direct3D Namespace/FixedPoint Structure/FixedPoint Operators/Implicit Operator/Implicit Operator
ms129752(v=vs.90)	Implicit Operator	Operator	Microsoft.WindowsMobile.DirectX.Direct3D	Microsoft.WindowsMobile.DirectX (in Microsoft.WindowsMobile.DirectX.dll)	3.5,2.0	CE6R3+;CE5.0/6.0	.NET Framework 3.5/General Reference for the .NET Framework/Additional Managed Reference Topics/Microsoft.WindowsMobile.DirectX.Direct3D Namespace/FixedPoint Structure/FixedPoint Operators/Implicit Operator/Implicit Operator
ms129754(v=vs.90)	Increment Operator	Operator	Microsoft.WindowsMobile.DirectX.Direct3D	Microsoft.WindowsMobile.DirectX (in Microsoft.WindowsMobile.DirectX.dll)	3.5,2.0	CE6R3+;CE5.0/6.0	.NET Framework 3.5/General Reference for the .NET Framework/Additional Managed Reference Topics/Microsoft.WindowsMobile.DirectX.Direct3D Namespace/FixedPoint Structure/FixedPoint Operators/Increment Operator
ms129839(v=vs.90)	IndexBuffer Class	Class	Microsoft.WindowsMobile.DirectX.Direct3D	Microsoft.WindowsMobile.DirectX (in Microsoft.WindowsMobile.DirectX.dll)	3.5,2.0	CE6R3+;CE5.0/6.0	.NET Framework 3.5/General Reference for the .NET Framework/Additional Managed Reference Topics/Microsoft.WindowsMobile.DirectX.Direct3D Namespace/IndexBuffer Class
ms129842(v=vs.90)	IndexBuffer Constructor (Device, Int32, Usage, Pool, Boolean)		Microsoft.WindowsMobile.DirectX.Direct3D	Microsoft.WindowsMobile.DirectX (in Microsoft.WindowsMobile.DirectX.dll)	3.5,2.0	CE6R3+;CE5.0/6.0	.NET Framework 3.5/General Reference for the .NET Framework/Additional Managed Reference Topics/Microsoft.WindowsMobile.DirectX.Direct3D Namespace/IndexBuffer Class/IndexBuffer Constructor /IndexBuffer Constructor (Device, Int32, Usage, Pool, Boolean)
ms129843(v=vs.90)	IndexBuffer Constructor (Type, Int32, Device, Usage, Pool)		Microsoft.WindowsMobile.DirectX.Direct3D	Microsoft.WindowsMobile.DirectX (in Microsoft.WindowsMobile.DirectX.dll)	3.5,2.0	CE6R3+;CE5.0/6.0	.NET Framework 3.5/General Reference for the .NET Framework/Additional Managed Reference Topics/Microsoft.WindowsMobile.DirectX.Direct3D Namespace/IndexBuffer Class/IndexBuffer Constructor /IndexBuffer Constructor (Type, Int32, Device, Usage, Pool)
ms129094(v=vs.90)	IndexBuffer Property	Property	Microsoft.WindowsMobile.DirectX.Direct3D	Microsoft.WindowsMobile.DirectX (in Microsoft.WindowsMobile.DirectX.dll)	3.5,2.0	CE6R3+;CE5.0/6.0	.NET Framework 3.5/General Reference for the .NET Framework/Additional Managed Reference Topics/Microsoft.WindowsMobile.DirectX.Direct3D Namespace/BaseMesh Class/BaseMesh Properties /IndexBuffer Property 
ms129866(v=vs.90)	IndexBufferDescription Structure	Structure	Microsoft.WindowsMobile.DirectX.Direct3D	Microsoft.WindowsMobile.DirectX (in Microsoft.WindowsMobile.DirectX.dll)	3.5,2.0	CE6R3+;CE5.0/6.0	.NET Framework 3.5/General Reference for the .NET Framework/Additional Managed Reference Topics/Microsoft.WindowsMobile.DirectX.Direct3D Namespace/IndexBufferDescription Structure
ms130107(v=vs.90)	IndexBufferDynamic Property	Property	Microsoft.WindowsMobile.DirectX.Direct3D	Microsoft.WindowsMobile.DirectX (in Microsoft.WindowsMobile.DirectX.dll)	3.5,2.0	CE6R3+;CE5.0/6.0	.NET Framework 3.5/General Reference for the .NET Framework/Additional Managed Reference Topics/Microsoft.WindowsMobile.DirectX.Direct3D Namespace/MeshOptions Structure/MeshOptions Properties /IndexBufferDynamic Property 
ms130108(v=vs.90)	IndexBufferManaged Property	Property	Microsoft.WindowsMobile.DirectX.Direct3D	Microsoft.WindowsMobile.DirectX (in Microsoft.WindowsMobile.DirectX.dll)	3.5,2.0	CE6R3+;CE5.0/6.0	.NET Framework 3.5/General Reference for the .NET Framework/Additional Managed Reference Topics/Microsoft.WindowsMobile.DirectX.Direct3D Namespace/MeshOptions Structure/MeshOptions Properties /IndexBufferManaged Property 
ms130109(v=vs.90)	IndexBufferSystemMem Property	Property	Microsoft.WindowsMobile.DirectX.Direct3D	Microsoft.WindowsMobile.DirectX (in Microsoft.WindowsMobile.DirectX.dll)	3.5,2.0	CE6R3+;CE5.0/6.0	.NET Framework 3.5/General Reference for the .NET Framework/Additional Managed Reference Topics/Microsoft.WindowsMobile.DirectX.Direct3D Namespace/MeshOptions Structure/MeshOptions Properties /IndexBufferSystemMem Property 
ms130110(v=vs.90)	IndexBufferWriteOnly Property	Property	Microsoft.WindowsMobile.DirectX.Direct3D	Microsoft.WindowsMobile.DirectX (in Microsoft.WindowsMobile.DirectX.dll)	3.5,2.0	CE6R3+;CE5.0/6.0	.NET Framework 3.5/General Reference for the .NET Framework/Additional Managed Reference Topics/Microsoft.WindowsMobile.DirectX.Direct3D Namespace/MeshOptions Structure/MeshOptions Properties /IndexBufferWriteOnly Property 
ms129618(v=vs.90)	Indices Property	Property	Microsoft.WindowsMobile.DirectX.Direct3D	Microsoft.WindowsMobile.DirectX (in Microsoft.WindowsMobile.DirectX.dll)	3.5,2.0	CE6R3+;CE5.0/6.0	.NET Framework 3.5/General Reference for the .NET Framework/Additional Managed Reference Topics/Microsoft.WindowsMobile.DirectX.Direct3D Namespace/Device Class/Device Properties /Indices Property 
ms129755(v=vs.90)	Inequality Operator	Operator	Microsoft.WindowsMobile.DirectX.Direct3D	Microsoft.WindowsMobile.DirectX (in Microsoft.WindowsMobile.DirectX.dll)	3.5,2.0	CE6R3+;CE5.0/6.0	.NET Framework 3.5/General Reference for the .NET Framework/Additional Managed Reference Topics/Microsoft.WindowsMobile.DirectX.Direct3D Namespace/FixedPoint Structure/FixedPoint Operators/Inequality Operator
ms129032(v=vs.90)	Information Property	Property	Microsoft.WindowsMobile.DirectX.Direct3D	Microsoft.WindowsMobile.DirectX (in Microsoft.WindowsMobile.DirectX.dll)	3.5,2.0	CE6R3+;CE5.0/6.0	.NET Framework 3.5/General Reference for the .NET Framework/Additional Managed Reference Topics/Microsoft.WindowsMobile.DirectX.Direct3D Namespace/AdapterInformation Class/AdapterInformation Properties /Information Property 
ms129877(v=vs.90)	InvalidCallException Class	Class	Microsoft.WindowsMobile.DirectX.Direct3D	Microsoft.WindowsMobile.DirectX (in Microsoft.WindowsMobile.DirectX.dll)	3.5,2.0	CE6R3+;CE5.0/6.0	.NET Framework 3.5/General Reference for the .NET Framework/Additional Managed Reference Topics/Microsoft.WindowsMobile.DirectX.Direct3D Namespace/InvalidCallException Class
ms129879(v=vs.90)	InvalidCallException Constructor	Constructor	Microsoft.WindowsMobile.DirectX.Direct3D	Microsoft.WindowsMobile.DirectX (in Microsoft.WindowsMobile.DirectX.dll)	3.5,2.0	CE6R3+;CE5.0/6.0	.NET Framework 3.5/General Reference for the .NET Framework/Additional Managed Reference Topics/Microsoft.WindowsMobile.DirectX.Direct3D Namespace/InvalidCallException Class/InvalidCallException Constructor 
ms129883(v=vs.90)	InvalidDeviceException Class	Class	Microsoft.WindowsMobile.DirectX.Direct3D	Microsoft.WindowsMobile.DirectX (in Microsoft.WindowsMobile.DirectX.dll)	3.5,2.0	CE6R3+;CE5.0/6.0	.NET Framework 3.5/General Reference for the .NET Framework/Additional Managed Reference Topics/Microsoft.WindowsMobile.DirectX.Direct3D Namespace/InvalidDeviceException Class
ms129885(v=vs.90)	InvalidDeviceException Constructor	Constructor	Microsoft.WindowsMobile.DirectX.Direct3D	Microsoft.WindowsMobile.DirectX (in Microsoft.WindowsMobile.DirectX.dll)	3.5,2.0	CE6R3+;CE5.0/6.0	.NET Framework 3.5/General Reference for the .NET Framework/Additional Managed Reference Topics/Microsoft.WindowsMobile.DirectX.Direct3D Namespace/InvalidDeviceException Class/InvalidDeviceException Constructor 
ms129870(v=vs.90)	Is16BitIndices Property	Property	Microsoft.WindowsMobile.DirectX.Direct3D	Microsoft.WindowsMobile.DirectX (in Microsoft.WindowsMobile.DirectX.dll)	3.5,2.0	CE6R3+;CE5.0/6.0	.NET Framework 3.5/General Reference for the .NET Framework/Additional Managed Reference Topics/Microsoft.WindowsMobile.DirectX.Direct3D Namespace/IndexBufferDescription Structure/IndexBufferDescription Properties /Is16BitIndices Property 
ms129619(v=vs.90)	IsUsingEventHandlers Property	Property	Microsoft.WindowsMobile.DirectX.Direct3D	Microsoft.WindowsMobile.DirectX (in Microsoft.WindowsMobile.DirectX.dll)	3.5,2.0	CE6R3+;CE5.0/6.0	.NET Framework 3.5/General Reference for the .NET Framework/Additional Managed Reference Topics/Microsoft.WindowsMobile.DirectX.Direct3D Namespace/Device Class/Device Properties /IsUsingEventHandlers Property 
ms129047(v=vs.90)	Item Property	Property	Microsoft.WindowsMobile.DirectX.Direct3D	Microsoft.WindowsMobile.DirectX (in Microsoft.WindowsMobile.DirectX.dll)	3.5,2.0	CE6R3+;CE5.0/6.0	.NET Framework 3.5/General Reference for the .NET Framework/Additional Managed Reference Topics/Microsoft.WindowsMobile.DirectX.Direct3D Namespace/AdapterListCollection Class/AdapterListCollection Properties /Item Property 
ms129942(v=vs.90)	Item Property	Property	Microsoft.WindowsMobile.DirectX.Direct3D	Microsoft.WindowsMobile.DirectX (in Microsoft.WindowsMobile.DirectX.dll)	3.5,2.0	CE6R3+;CE5.0/6.0	.NET Framework 3.5/General Reference for the .NET Framework/Additional Managed Reference Topics/Microsoft.WindowsMobile.DirectX.Direct3D Namespace/LightsCollection Class/LightsCollection Properties /Item Property 
ms129949(v=vs.90)	Item Property	Property	Microsoft.WindowsMobile.DirectX.Direct3D	Microsoft.WindowsMobile.DirectX (in Microsoft.WindowsMobile.DirectX.dll)	3.5,2.0	CE6R3+;CE5.0/6.0	.NET Framework 3.5/General Reference for the .NET Framework/Additional Managed Reference Topics/Microsoft.WindowsMobile.DirectX.Direct3D Namespace/LightsFixedCollection Class/LightsFixedCollection Properties /Item Property 
ms130559(v=vs.90)	Item Property	Property	Microsoft.WindowsMobile.DirectX.Direct3D	Microsoft.WindowsMobile.DirectX (in Microsoft.WindowsMobile.DirectX.dll)	3.5,2.0	CE6R3+;CE5.0/6.0	.NET Framework 3.5/General Reference for the .NET Framework/Additional Managed Reference Topics/Microsoft.WindowsMobile.DirectX.Direct3D Namespace/TextureStateManagerCollection Class/TextureStateManagerCollection Properties /Item Property 
ms130242(v=vs.90)	LastPixel Property	Property	Microsoft.WindowsMobile.DirectX.Direct3D	Microsoft.WindowsMobile.DirectX (in Microsoft.WindowsMobile.DirectX.dll)	3.5,2.0	CE6R3+;CE5.0/6.0	.NET Framework 3.5/General Reference for the .NET Framework/Additional Managed Reference Topics/Microsoft.WindowsMobile.DirectX.Direct3D Namespace/RenderStateManager Class/RenderStateManager Properties /LastPixel Property 
ms129756(v=vs.90)	LessThan Operator	Operator	Microsoft.WindowsMobile.DirectX.Direct3D	Microsoft.WindowsMobile.DirectX (in Microsoft.WindowsMobile.DirectX.dll)	3.5,2.0	CE6R3+;CE5.0/6.0	.NET Framework 3.5/General Reference for the .NET Framework/Additional Managed Reference Topics/Microsoft.WindowsMobile.DirectX.Direct3D Namespace/FixedPoint Structure/FixedPoint Operators/LessThan Operator
ms129757(v=vs.90)	LessThanOrEqual Operator	Operator	Microsoft.WindowsMobile.DirectX.Direct3D	Microsoft.WindowsMobile.DirectX (in Microsoft.WindowsMobile.DirectX.dll)	3.5,2.0	CE6R3+;CE5.0/6.0	.NET Framework 3.5/General Reference for the .NET Framework/Additional Managed Reference Topics/Microsoft.WindowsMobile.DirectX.Direct3D Namespace/FixedPoint Structure/FixedPoint Operators/LessThanOrEqual Operator
ms129110(v=vs.90)	LevelCount Property	Property	Microsoft.WindowsMobile.DirectX.Direct3D	Microsoft.WindowsMobile.DirectX (in Microsoft.WindowsMobile.DirectX.dll)	3.5,2.0	CE6R3+;CE5.0/6.0	.NET Framework 3.5/General Reference for the .NET Framework/Additional Managed Reference Topics/Microsoft.WindowsMobile.DirectX.Direct3D Namespace/BaseTexture Class/BaseTexture Properties /LevelCount Property 
ms129112(v=vs.90)	LevelOfDetail Property	Property	Microsoft.WindowsMobile.DirectX.Direct3D	Microsoft.WindowsMobile.DirectX (in Microsoft.WindowsMobile.DirectX.dll)	3.5,2.0	CE6R3+;CE5.0/6.0	.NET Framework 3.5/General Reference for the .NET Framework/Additional Managed Reference Topics/Microsoft.WindowsMobile.DirectX.Direct3D Namespace/BaseTexture Class/BaseTexture Properties /LevelOfDetail Property 
ms129890(v=vs.90)	Light Class	Class	Microsoft.WindowsMobile.DirectX.Direct3D	Microsoft.WindowsMobile.DirectX (in Microsoft.WindowsMobile.DirectX.dll)	3.5,2.0	CE6R3+;CE5.0/6.0	.NET Framework 3.5/General Reference for the .NET Framework/Additional Managed Reference Topics/Microsoft.WindowsMobile.DirectX.Direct3D Namespace/Light Class
ms129892(v=vs.90)	Light Constructor	Constructor	Microsoft.WindowsMobile.DirectX.Direct3D	Microsoft.WindowsMobile.DirectX (in Microsoft.WindowsMobile.DirectX.dll)	3.5,2.0	CE6R3+;CE5.0/6.0	.NET Framework 3.5/General Reference for the .NET Framework/Additional Managed Reference Topics/Microsoft.WindowsMobile.DirectX.Direct3D Namespace/Light Class/Light Constructor 
ms129914(v=vs.90)	LightFixed Class	Class	Microsoft.WindowsMobile.DirectX.Direct3D	Microsoft.WindowsMobile.DirectX (in Microsoft.WindowsMobile.DirectX.dll)	3.5,2.0	CE6R3+;CE5.0/6.0	.NET Framework 3.5/General Reference for the .NET Framework/Additional Managed Reference Topics/Microsoft.WindowsMobile.DirectX.Direct3D Namespace/LightFixed Class
ms129916(v=vs.90)	LightFixed Constructor	Constructor	Microsoft.WindowsMobile.DirectX.Direct3D	Microsoft.WindowsMobile.DirectX (in Microsoft.WindowsMobile.DirectX.dll)	3.5,2.0	CE6R3+;CE5.0/6.0	.NET Framework 3.5/General Reference for the .NET Framework/Additional Managed Reference Topics/Microsoft.WindowsMobile.DirectX.Direct3D Namespace/LightFixed Class/LightFixed Constructor 
ms129952(v=vs.90)	LightType Enumeration	Enumeration	Microsoft.WindowsMobile.DirectX.Direct3D	Microsoft.WindowsMobile.DirectX (in Microsoft.WindowsMobile.DirectX.dll)	3.5,2.0	CE6R3+;CE5.0/6.0	.NET Framework 3.5/General Reference for the .NET Framework/Additional Managed Reference Topics/Microsoft.WindowsMobile.DirectX.Direct3D Namespace/LightType Enumeration
ms130243(v=vs.90)	Lighting Property	Property	Microsoft.WindowsMobile.DirectX.Direct3D	Microsoft.WindowsMobile.DirectX (in Microsoft.WindowsMobile.DirectX.dll)	3.5,2.0	CE6R3+;CE5.0/6.0	.NET Framework 3.5/General Reference for the .NET Framework/Additional Managed Reference Topics/Microsoft.WindowsMobile.DirectX.Direct3D Namespace/RenderStateManager Class/RenderStateManager Properties /Lighting Property 
ms129620(v=vs.90)	Lights Property	Property	Microsoft.WindowsMobile.DirectX.Direct3D	Microsoft.WindowsMobile.DirectX (in Microsoft.WindowsMobile.DirectX.dll)	3.5,2.0	CE6R3+;CE5.0/6.0	.NET Framework 3.5/General Reference for the .NET Framework/Additional Managed Reference Topics/Microsoft.WindowsMobile.DirectX.Direct3D Namespace/Device Class/Device Properties /Lights Property 
ms129938(v=vs.90)	LightsCollection Class	Class	Microsoft.WindowsMobile.DirectX.Direct3D	Microsoft.WindowsMobile.DirectX (in Microsoft.WindowsMobile.DirectX.dll)	3.5,2.0	CE6R3+;CE5.0/6.0	.NET Framework 3.5/General Reference for the .NET Framework/Additional Managed Reference Topics/Microsoft.WindowsMobile.DirectX.Direct3D Namespace/LightsCollection Class
ms129621(v=vs.90)	LightsFixed Property	Property	Microsoft.WindowsMobile.DirectX.Direct3D	Microsoft.WindowsMobile.DirectX (in Microsoft.WindowsMobile.DirectX.dll)	3.5,2.0	CE6R3+;CE5.0/6.0	.NET Framework 3.5/General Reference for the .NET Framework/Additional Managed Reference Topics/Microsoft.WindowsMobile.DirectX.Direct3D Namespace/Device Class/Device Properties /LightsFixed Property 
ms129945(v=vs.90)	LightsFixedCollection Class	Class	Microsoft.WindowsMobile.DirectX.Direct3D	Microsoft.WindowsMobile.DirectX (in Microsoft.WindowsMobile.DirectX.dll)	3.5,2.0	CE6R3+;CE5.0/6.0	.NET Framework 3.5/General Reference for the .NET Framework/Additional Managed Reference Topics/Microsoft.WindowsMobile.DirectX.Direct3D Namespace/LightsFixedCollection Class
ms129169(v=vs.90)	LineCaps Property	Property	Microsoft.WindowsMobile.DirectX.Direct3D	Microsoft.WindowsMobile.DirectX (in Microsoft.WindowsMobile.DirectX.dll)	3.5,2.0	CE6R3+;CE5.0/6.0	.NET Framework 3.5/General Reference for the .NET Framework/Additional Managed Reference Topics/Microsoft.WindowsMobile.DirectX.Direct3D Namespace/Caps Structure/Caps Properties /LineCaps Property 
ms129953(v=vs.90)	LineCaps Structure	Structure	Microsoft.WindowsMobile.DirectX.Direct3D	Microsoft.WindowsMobile.DirectX (in Microsoft.WindowsMobile.DirectX.dll)	3.5,2.0	CE6R3+;CE5.0/6.0	.NET Framework 3.5/General Reference for the .NET Framework/Additional Managed Reference Topics/Microsoft.WindowsMobile.DirectX.Direct3D Namespace/LineCaps Structure
ms130244(v=vs.90)	LocalViewer Property	Property	Microsoft.WindowsMobile.DirectX.Direct3D	Microsoft.WindowsMobile.DirectX (in Microsoft.WindowsMobile.DirectX.dll)	3.5,2.0	CE6R3+;CE5.0/6.0	.NET Framework 3.5/General Reference for the .NET Framework/Additional Managed Reference Topics/Microsoft.WindowsMobile.DirectX.Direct3D Namespace/RenderStateManager Class/RenderStateManager Properties /LocalViewer Property 
ms129850(v=vs.90)	Lock Method (Int32, Int32, LockFlags)		Microsoft.WindowsMobile.DirectX.Direct3D	Microsoft.WindowsMobile.DirectX (in Microsoft.WindowsMobile.DirectX.dll)	3.5,2.0	CE6R3+;CE5.0/6.0	.NET Framework 3.5/General Reference for the .NET Framework/Additional Managed Reference Topics/Microsoft.WindowsMobile.DirectX.Direct3D Namespace/IndexBuffer Class/IndexBuffer Methods /Lock Method /Lock Method (Int32, Int32, LockFlags)
ms130617(v=vs.90)	Lock Method (Int32, Int32, LockFlags)		Microsoft.WindowsMobile.DirectX.Direct3D	Microsoft.WindowsMobile.DirectX (in Microsoft.WindowsMobile.DirectX.dll)	3.5,2.0	CE6R3+;CE5.0/6.0	.NET Framework 3.5/General Reference for the .NET Framework/Additional Managed Reference Topics/Microsoft.WindowsMobile.DirectX.Direct3D Namespace/VertexBuffer Class/VertexBuffer Methods /Lock Method /Lock Method (Int32, Int32, LockFlags)
ms129849(v=vs.90)	Lock Method (Int32, LockFlags)		Microsoft.WindowsMobile.DirectX.Direct3D	Microsoft.WindowsMobile.DirectX (in Microsoft.WindowsMobile.DirectX.dll)	3.5,2.0	CE6R3+;CE5.0/6.0	.NET Framework 3.5/General Reference for the .NET Framework/Additional Managed Reference Topics/Microsoft.WindowsMobile.DirectX.Direct3D Namespace/IndexBuffer Class/IndexBuffer Methods /Lock Method /Lock Method (Int32, LockFlags)
ms130616(v=vs.90)	Lock Method (Int32, LockFlags)		Microsoft.WindowsMobile.DirectX.Direct3D	Microsoft.WindowsMobile.DirectX (in Microsoft.WindowsMobile.DirectX.dll)	3.5,2.0	CE6R3+;CE5.0/6.0	.NET Framework 3.5/General Reference for the .NET Framework/Additional Managed Reference Topics/Microsoft.WindowsMobile.DirectX.Direct3D Namespace/VertexBuffer Class/VertexBuffer Methods /Lock Method /Lock Method (Int32, LockFlags)
ms129851(v=vs.90)	Lock Method (Int32, Type, LockFlags, Int32)		Microsoft.WindowsMobile.DirectX.Direct3D	Microsoft.WindowsMobile.DirectX (in Microsoft.WindowsMobile.DirectX.dll)	3.5,2.0	CE6R3+;CE5.0/6.0	.NET Framework 3.5/General Reference for the .NET Framework/Additional Managed Reference Topics/Microsoft.WindowsMobile.DirectX.Direct3D Namespace/IndexBuffer Class/IndexBuffer Methods /Lock Method /Lock Method (Int32, Type, LockFlags, Int32)
ms130618(v=vs.90)	Lock Method (Int32, Type, LockFlags, Int32)		Microsoft.WindowsMobile.DirectX.Direct3D	Microsoft.WindowsMobile.DirectX (in Microsoft.WindowsMobile.DirectX.dll)	3.5,2.0	CE6R3+;CE5.0/6.0	.NET Framework 3.5/General Reference for the .NET Framework/Additional Managed Reference Topics/Microsoft.WindowsMobile.DirectX.Direct3D Namespace/VertexBuffer Class/VertexBuffer Methods /Lock Method /Lock Method (Int32, Type, LockFlags, Int32)
ms130073(v=vs.90)	LockAttributeBuffer Method	Method	Microsoft.WindowsMobile.DirectX.Direct3D	Microsoft.WindowsMobile.DirectX (in Microsoft.WindowsMobile.DirectX.dll)	3.5,2.0	CE6R3+;CE5.0/6.0	.NET Framework 3.5/General Reference for the .NET Framework/Additional Managed Reference Topics/Microsoft.WindowsMobile.DirectX.Direct3D Namespace/Mesh Class/Mesh Methods /LockAttributeBuffer Method 
ms130074(v=vs.90)	LockAttributeBufferArray Method	Method	Microsoft.WindowsMobile.DirectX.Direct3D	Microsoft.WindowsMobile.DirectX (in Microsoft.WindowsMobile.DirectX.dll)	3.5,2.0	CE6R3+;CE5.0/6.0	.NET Framework 3.5/General Reference for the .NET Framework/Additional Managed Reference Topics/Microsoft.WindowsMobile.DirectX.Direct3D Namespace/Mesh Class/Mesh Methods /LockAttributeBufferArray Method 
ms129962(v=vs.90)	LockFlags Enumeration	Enumeration	Microsoft.WindowsMobile.DirectX.Direct3D	Microsoft.WindowsMobile.DirectX (in Microsoft.WindowsMobile.DirectX.dll)	3.5,2.0	CE6R3+;CE5.0/6.0	.NET Framework 3.5/General Reference for the .NET Framework/Additional Managed Reference Topics/Microsoft.WindowsMobile.DirectX.Direct3D Namespace/LockFlags Enumeration
ms130348(v=vs.90)	LockRectangle Method	Method	Microsoft.WindowsMobile.DirectX.Direct3D	Microsoft.WindowsMobile.DirectX (in Microsoft.WindowsMobile.DirectX.dll)	3.5,2.0	CE6R3+;CE5.0/6.0	.NET Framework 3.5/General Reference for the .NET Framework/Additional Managed Reference Topics/Microsoft.WindowsMobile.DirectX.Direct3D Namespace/Surface Class/Surface Methods /LockRectangle Method 
ms130436(v=vs.90)	LockRectangle Method (Int32, LockFlags, Int32)		Microsoft.WindowsMobile.DirectX.Direct3D	Microsoft.WindowsMobile.DirectX (in Microsoft.WindowsMobile.DirectX.dll)	3.5,2.0	CE6R3+;CE5.0/6.0	.NET Framework 3.5/General Reference for the .NET Framework/Additional Managed Reference Topics/Microsoft.WindowsMobile.DirectX.Direct3D Namespace/Texture Class/Texture Methods /LockRectangle Method /LockRectangle Method (Int32, LockFlags, Int32)
ms130437(v=vs.90)	LockRectangle Method (Int32, Rectangle, LockFlags, Int32)		Microsoft.WindowsMobile.DirectX.Direct3D	Microsoft.WindowsMobile.DirectX (in Microsoft.WindowsMobile.DirectX.dll)	3.5,2.0	CE6R3+;CE5.0/6.0	.NET Framework 3.5/General Reference for the .NET Framework/Additional Managed Reference Topics/Microsoft.WindowsMobile.DirectX.Direct3D Namespace/Texture Class/Texture Methods /LockRectangle Method /LockRectangle Method (Int32, Rectangle, LockFlags, Int32)
ms130032(v=vs.90)	M11 Field	Field	Microsoft.WindowsMobile.DirectX.Direct3D	Microsoft.WindowsMobile.DirectX (in Microsoft.WindowsMobile.DirectX.dll)	3.5,2.0	CE6R3+;CE5.0/6.0	.NET Framework 3.5/General Reference for the .NET Framework/Additional Managed Reference Topics/Microsoft.WindowsMobile.DirectX.Direct3D Namespace/MatrixFixed Structure/MatrixFixed Fields/M11 Field
ms130033(v=vs.90)	M12 Field	Field	Microsoft.WindowsMobile.DirectX.Direct3D	Microsoft.WindowsMobile.DirectX (in Microsoft.WindowsMobile.DirectX.dll)	3.5,2.0	CE6R3+;CE5.0/6.0	.NET Framework 3.5/General Reference for the .NET Framework/Additional Managed Reference Topics/Microsoft.WindowsMobile.DirectX.Direct3D Namespace/MatrixFixed Structure/MatrixFixed Fields/M12 Field
ms130034(v=vs.90)	M13 Field	Field	Microsoft.WindowsMobile.DirectX.Direct3D	Microsoft.WindowsMobile.DirectX (in Microsoft.WindowsMobile.DirectX.dll)	3.5,2.0	CE6R3+;CE5.0/6.0	.NET Framework 3.5/General Reference for the .NET Framework/Additional Managed Reference Topics/Microsoft.WindowsMobile.DirectX.Direct3D Namespace/MatrixFixed Structure/MatrixFixed Fields/M13 Field
ms130035(v=vs.90)	M14 Field	Field	Microsoft.WindowsMobile.DirectX.Direct3D	Microsoft.WindowsMobile.DirectX (in Microsoft.WindowsMobile.DirectX.dll)	3.5,2.0	CE6R3+;CE5.0/6.0	.NET Framework 3.5/General Reference for the .NET Framework/Additional Managed Reference Topics/Microsoft.WindowsMobile.DirectX.Direct3D Namespace/MatrixFixed Structure/MatrixFixed Fields/M14 Field
ms130036(v=vs.90)	M21 Field	Field	Microsoft.WindowsMobile.DirectX.Direct3D	Microsoft.WindowsMobile.DirectX (in Microsoft.WindowsMobile.DirectX.dll)	3.5,2.0	CE6R3+;CE5.0/6.0	.NET Framework 3.5/General Reference for the .NET Framework/Additional Managed Reference Topics/Microsoft.WindowsMobile.DirectX.Direct3D Namespace/MatrixFixed Structure/MatrixFixed Fields/M21 Field
ms130037(v=vs.90)	M22 Field	Field	Microsoft.WindowsMobile.DirectX.Direct3D	Microsoft.WindowsMobile.DirectX (in Microsoft.WindowsMobile.DirectX.dll)	3.5,2.0	CE6R3+;CE5.0/6.0	.NET Framework 3.5/General Reference for the .NET Framework/Additional Managed Reference Topics/Microsoft.WindowsMobile.DirectX.Direct3D Namespace/MatrixFixed Structure/MatrixFixed Fields/M22 Field
ms130038(v=vs.90)	M23 Field	Field	Microsoft.WindowsMobile.DirectX.Direct3D	Microsoft.WindowsMobile.DirectX (in Microsoft.WindowsMobile.DirectX.dll)	3.5,2.0	CE6R3+;CE5.0/6.0	.NET Framework 3.5/General Reference for the .NET Framework/Additional Managed Reference Topics/Microsoft.WindowsMobile.DirectX.Direct3D Namespace/MatrixFixed Structure/MatrixFixed Fields/M23 Field
ms130039(v=vs.90)	M24 Field	Field	Microsoft.WindowsMobile.DirectX.Direct3D	Microsoft.WindowsMobile.DirectX (in Microsoft.WindowsMobile.DirectX.dll)	3.5,2.0	CE6R3+;CE5.0/6.0	.NET Framework 3.5/General Reference for the .NET Framework/Additional Managed Reference Topics/Microsoft.WindowsMobile.DirectX.Direct3D Namespace/MatrixFixed Structure/MatrixFixed Fields/M24 Field
ms130040(v=vs.90)	M31 Field	Field	Microsoft.WindowsMobile.DirectX.Direct3D	Microsoft.WindowsMobile.DirectX (in Microsoft.WindowsMobile.DirectX.dll)	3.5,2.0	CE6R3+;CE5.0/6.0	.NET Framework 3.5/General Reference for the .NET Framework/Additional Managed Reference Topics/Microsoft.WindowsMobile.DirectX.Direct3D Namespace/MatrixFixed Structure/MatrixFixed Fields/M31 Field
ms130041(v=vs.90)	M32 Field	Field	Microsoft.WindowsMobile.DirectX.Direct3D	Microsoft.WindowsMobile.DirectX (in Microsoft.WindowsMobile.DirectX.dll)	3.5,2.0	CE6R3+;CE5.0/6.0	.NET Framework 3.5/General Reference for the .NET Framework/Additional Managed Reference Topics/Microsoft.WindowsMobile.DirectX.Direct3D Namespace/MatrixFixed Structure/MatrixFixed Fields/M32 Field
ms130042(v=vs.90)	M33 Field	Field	Microsoft.WindowsMobile.DirectX.Direct3D	Microsoft.WindowsMobile.DirectX (in Microsoft.WindowsMobile.DirectX.dll)	3.5,2.0	CE6R3+;CE5.0/6.0	.NET Framework 3.5/General Reference for the .NET Framework/Additional Managed Reference Topics/Microsoft.WindowsMobile.DirectX.Direct3D Namespace/MatrixFixed Structure/MatrixFixed Fields/M33 Field
ms130043(v=vs.90)	M34 Field	Field	Microsoft.WindowsMobile.DirectX.Direct3D	Microsoft.WindowsMobile.DirectX (in Microsoft.WindowsMobile.DirectX.dll)	3.5,2.0	CE6R3+;CE5.0/6.0	.NET Framework 3.5/General Reference for the .NET Framework/Additional Managed Reference Topics/Microsoft.WindowsMobile.DirectX.Direct3D Namespace/MatrixFixed Structure/MatrixFixed Fields/M34 Field
ms130044(v=vs.90)	M41 Field	Field	Microsoft.WindowsMobile.DirectX.Direct3D	Microsoft.WindowsMobile.DirectX (in Microsoft.WindowsMobile.DirectX.dll)	3.5,2.0	CE6R3+;CE5.0/6.0	.NET Framework 3.5/General Reference for the .NET Framework/Additional Managed Reference Topics/Microsoft.WindowsMobile.DirectX.Direct3D Namespace/MatrixFixed Structure/MatrixFixed Fields/M41 Field
ms130045(v=vs.90)	M42 Field	Field	Microsoft.WindowsMobile.DirectX.Direct3D	Microsoft.WindowsMobile.DirectX (in Microsoft.WindowsMobile.DirectX.dll)	3.5,2.0	CE6R3+;CE5.0/6.0	.NET Framework 3.5/General Reference for the .NET Framework/Additional Managed Reference Topics/Microsoft.WindowsMobile.DirectX.Direct3D Namespace/MatrixFixed Structure/MatrixFixed Fields/M42 Field
ms130046(v=vs.90)	M43 Field	Field	Microsoft.WindowsMobile.DirectX.Direct3D	Microsoft.WindowsMobile.DirectX (in Microsoft.WindowsMobile.DirectX.dll)	3.5,2.0	CE6R3+;CE5.0/6.0	.NET Framework 3.5/General Reference for the .NET Framework/Additional Managed Reference Topics/Microsoft.WindowsMobile.DirectX.Direct3D Namespace/MatrixFixed Structure/MatrixFixed Fields/M43 Field
ms130047(v=vs.90)	M44 Field	Field	Microsoft.WindowsMobile.DirectX.Direct3D	Microsoft.WindowsMobile.DirectX (in Microsoft.WindowsMobile.DirectX.dll)	3.5,2.0	CE6R3+;CE5.0/6.0	.NET Framework 3.5/General Reference for the .NET Framework/Additional Managed Reference Topics/Microsoft.WindowsMobile.DirectX.Direct3D Namespace/MatrixFixed Structure/MatrixFixed Fields/M44 Field
ms130543(v=vs.90)	MagFilter Property	Property	Microsoft.WindowsMobile.DirectX.Direct3D	Microsoft.WindowsMobile.DirectX (in Microsoft.WindowsMobile.DirectX.dll)	3.5,2.0	CE6R3+;CE5.0/6.0	.NET Framework 3.5/General Reference for the .NET Framework/Additional Managed Reference Topics/Microsoft.WindowsMobile.DirectX.Direct3D Namespace/TextureStateManager Class/TextureStateManager Properties /MagFilter Property 
ms130112(v=vs.90)	Managed Property	Property	Microsoft.WindowsMobile.DirectX.Direct3D	Microsoft.WindowsMobile.DirectX (in Microsoft.WindowsMobile.DirectX.dll)	3.5,2.0	CE6R3+;CE5.0/6.0	.NET Framework 3.5/General Reference for the .NET Framework/Additional Managed Reference Topics/Microsoft.WindowsMobile.DirectX.Direct3D Namespace/MeshOptions Structure/MeshOptions Properties /Managed Property 
ms129963(v=vs.90)	Manager Class	Class	Microsoft.WindowsMobile.DirectX.Direct3D	Microsoft.WindowsMobile.DirectX (in Microsoft.WindowsMobile.DirectX.dll)	3.5,2.0	CE6R3+;CE5.0/6.0	.NET Framework 3.5/General Reference for the .NET Framework/Additional Managed Reference Topics/Microsoft.WindowsMobile.DirectX.Direct3D Namespace/Manager Class
ms129622(v=vs.90)	Material Property	Property	Microsoft.WindowsMobile.DirectX.Direct3D	Microsoft.WindowsMobile.DirectX (in Microsoft.WindowsMobile.DirectX.dll)	3.5,2.0	CE6R3+;CE5.0/6.0	.NET Framework 3.5/General Reference for the .NET Framework/Additional Managed Reference Topics/Microsoft.WindowsMobile.DirectX.Direct3D Namespace/Device Class/Device Properties /Material Property 
ms129983(v=vs.90)	Material Structure	Structure	Microsoft.WindowsMobile.DirectX.Direct3D	Microsoft.WindowsMobile.DirectX (in Microsoft.WindowsMobile.DirectX.dll)	3.5,2.0	CE6R3+;CE5.0/6.0	.NET Framework 3.5/General Reference for the .NET Framework/Additional Managed Reference Topics/Microsoft.WindowsMobile.DirectX.Direct3D Namespace/Material Structure
ms129623(v=vs.90)	MaterialFixed Property	Property	Microsoft.WindowsMobile.DirectX.Direct3D	Microsoft.WindowsMobile.DirectX (in Microsoft.WindowsMobile.DirectX.dll)	3.5,2.0	CE6R3+;CE5.0/6.0	.NET Framework 3.5/General Reference for the .NET Framework/Additional Managed Reference Topics/Microsoft.WindowsMobile.DirectX.Direct3D Namespace/Device Class/Device Properties /MaterialFixed Property 
ms130016(v=vs.90)	MaterialFixed Structure	Structure	Microsoft.WindowsMobile.DirectX.Direct3D	Microsoft.WindowsMobile.DirectX (in Microsoft.WindowsMobile.DirectX.dll)	3.5,2.0	CE6R3+;CE5.0/6.0	.NET Framework 3.5/General Reference for the .NET Framework/Additional Managed Reference Topics/Microsoft.WindowsMobile.DirectX.Direct3D Namespace/MaterialFixed Structure
ms130049(v=vs.90)	MatrixFixed Constructor	Constructor	Microsoft.WindowsMobile.DirectX.Direct3D	Microsoft.WindowsMobile.DirectX (in Microsoft.WindowsMobile.DirectX.dll)	3.5,2.0	CE6R3+;CE5.0/6.0	.NET Framework 3.5/General Reference for the .NET Framework/Additional Managed Reference Topics/Microsoft.WindowsMobile.DirectX.Direct3D Namespace/MatrixFixed Structure/MatrixFixed Constructor 
ms130029(v=vs.90)	MatrixFixed Structure	Structure	Microsoft.WindowsMobile.DirectX.Direct3D	Microsoft.WindowsMobile.DirectX (in Microsoft.WindowsMobile.DirectX.dll)	3.5,2.0	CE6R3+;CE5.0/6.0	.NET Framework 3.5/General Reference for the .NET Framework/Additional Managed Reference Topics/Microsoft.WindowsMobile.DirectX.Direct3D Namespace/MatrixFixed Structure
ms129170(v=vs.90)	MaxActiveLights Property	Property	Microsoft.WindowsMobile.DirectX.Direct3D	Microsoft.WindowsMobile.DirectX (in Microsoft.WindowsMobile.DirectX.dll)	3.5,2.0	CE6R3+;CE5.0/6.0	.NET Framework 3.5/General Reference for the .NET Framework/Additional Managed Reference Topics/Microsoft.WindowsMobile.DirectX.Direct3D Namespace/Caps Structure/Caps Properties /MaxActiveLights Property 
ms129171(v=vs.90)	MaxAnisotropy Property	Property	Microsoft.WindowsMobile.DirectX.Direct3D	Microsoft.WindowsMobile.DirectX (in Microsoft.WindowsMobile.DirectX.dll)	3.5,2.0	CE6R3+;CE5.0/6.0	.NET Framework 3.5/General Reference for the .NET Framework/Additional Managed Reference Topics/Microsoft.WindowsMobile.DirectX.Direct3D Namespace/Caps Structure/Caps Properties /MaxAnisotropy Property 
ms130544(v=vs.90)	MaxAnisotropy Property	Property	Microsoft.WindowsMobile.DirectX.Direct3D	Microsoft.WindowsMobile.DirectX (in Microsoft.WindowsMobile.DirectX.dll)	3.5,2.0	CE6R3+;CE5.0/6.0	.NET Framework 3.5/General Reference for the .NET Framework/Additional Managed Reference Topics/Microsoft.WindowsMobile.DirectX.Direct3D Namespace/TextureStateManager Class/TextureStateManager Properties /MaxAnisotropy Property 
ms129172(v=vs.90)	MaxBackBuffer Property	Property	Microsoft.WindowsMobile.DirectX.Direct3D	Microsoft.WindowsMobile.DirectX (in Microsoft.WindowsMobile.DirectX.dll)	3.5,2.0	CE6R3+;CE5.0/6.0	.NET Framework 3.5/General Reference for the .NET Framework/Additional Managed Reference Topics/Microsoft.WindowsMobile.DirectX.Direct3D Namespace/Caps Structure/Caps Properties /MaxBackBuffer Property 
ms130545(v=vs.90)	MaxMipLevel Property	Property	Microsoft.WindowsMobile.DirectX.Direct3D	Microsoft.WindowsMobile.DirectX (in Microsoft.WindowsMobile.DirectX.dll)	3.5,2.0	CE6R3+;CE5.0/6.0	.NET Framework 3.5/General Reference for the .NET Framework/Additional Managed Reference Topics/Microsoft.WindowsMobile.DirectX.Direct3D Namespace/TextureStateManager Class/TextureStateManager Properties /MaxMipLevel Property 
ms129173(v=vs.90)	MaxPrimitiveCount Property	Property	Microsoft.WindowsMobile.DirectX.Direct3D	Microsoft.WindowsMobile.DirectX (in Microsoft.WindowsMobile.DirectX.dll)	3.5,2.0	CE6R3+;CE5.0/6.0	.NET Framework 3.5/General Reference for the .NET Framework/Additional Managed Reference Topics/Microsoft.WindowsMobile.DirectX.Direct3D Namespace/Caps Structure/Caps Properties /MaxPrimitiveCount Property 
ms129174(v=vs.90)	MaxSimultaneousTextures Property	Property	Microsoft.WindowsMobile.DirectX.Direct3D	Microsoft.WindowsMobile.DirectX (in Microsoft.WindowsMobile.DirectX.dll)	3.5,2.0	CE6R3+;CE5.0/6.0	.NET Framework 3.5/General Reference for the .NET Framework/Additional Managed Reference Topics/Microsoft.WindowsMobile.DirectX.Direct3D Namespace/Caps Structure/Caps Properties /MaxSimultaneousTextures Property 
ms129175(v=vs.90)	MaxTextureAspectRatio Property	Property	Microsoft.WindowsMobile.DirectX.Direct3D	Microsoft.WindowsMobile.DirectX (in Microsoft.WindowsMobile.DirectX.dll)	3.5,2.0	CE6R3+;CE5.0/6.0	.NET Framework 3.5/General Reference for the .NET Framework/Additional Managed Reference Topics/Microsoft.WindowsMobile.DirectX.Direct3D Namespace/Caps Structure/Caps Properties /MaxTextureAspectRatio Property 
ms129176(v=vs.90)	MaxTextureBlendStages Property	Property	Microsoft.WindowsMobile.DirectX.Direct3D	Microsoft.WindowsMobile.DirectX (in Microsoft.WindowsMobile.DirectX.dll)	3.5,2.0	CE6R3+;CE5.0/6.0	.NET Framework 3.5/General Reference for the .NET Framework/Additional Managed Reference Topics/Microsoft.WindowsMobile.DirectX.Direct3D Namespace/Caps Structure/Caps Properties /MaxTextureBlendStages Property 
ms129177(v=vs.90)	MaxTextureHeight Property	Property	Microsoft.WindowsMobile.DirectX.Direct3D	Microsoft.WindowsMobile.DirectX (in Microsoft.WindowsMobile.DirectX.dll)	3.5,2.0	CE6R3+;CE5.0/6.0	.NET Framework 3.5/General Reference for the .NET Framework/Additional Managed Reference Topics/Microsoft.WindowsMobile.DirectX.Direct3D Namespace/Caps Structure/Caps Properties /MaxTextureHeight Property 
ms129178(v=vs.90)	MaxTextureRepeat Property	Property	Microsoft.WindowsMobile.DirectX.Direct3D	Microsoft.WindowsMobile.DirectX (in Microsoft.WindowsMobile.DirectX.dll)	3.5,2.0	CE6R3+;CE5.0/6.0	.NET Framework 3.5/General Reference for the .NET Framework/Additional Managed Reference Topics/Microsoft.WindowsMobile.DirectX.Direct3D Namespace/Caps Structure/Caps Properties /MaxTextureRepeat Property 
ms129179(v=vs.90)	MaxTextureWidth Property	Property	Microsoft.WindowsMobile.DirectX.Direct3D	Microsoft.WindowsMobile.DirectX (in Microsoft.WindowsMobile.DirectX.dll)	3.5,2.0	CE6R3+;CE5.0/6.0	.NET Framework 3.5/General Reference for the .NET Framework/Additional Managed Reference Topics/Microsoft.WindowsMobile.DirectX.Direct3D Namespace/Caps Structure/Caps Properties /MaxTextureWidth Property 
ms129734(v=vs.90)	MaxValue Field	Field	Microsoft.WindowsMobile.DirectX.Direct3D	Microsoft.WindowsMobile.DirectX (in Microsoft.WindowsMobile.DirectX.dll)	3.5,2.0	CE6R3+;CE5.0/6.0	.NET Framework 3.5/General Reference for the .NET Framework/Additional Managed Reference Topics/Microsoft.WindowsMobile.DirectX.Direct3D Namespace/FixedPoint Structure/FixedPoint Fields/MaxValue Field
ms129180(v=vs.90)	MaxVertexIndex Property	Property	Microsoft.WindowsMobile.DirectX.Direct3D	Microsoft.WindowsMobile.DirectX (in Microsoft.WindowsMobile.DirectX.dll)	3.5,2.0	CE6R3+;CE5.0/6.0	.NET Framework 3.5/General Reference for the .NET Framework/Additional Managed Reference Topics/Microsoft.WindowsMobile.DirectX.Direct3D Namespace/Caps Structure/Caps Properties /MaxVertexIndex Property 
ms129181(v=vs.90)	MaxVertexW Property	Property	Microsoft.WindowsMobile.DirectX.Direct3D	Microsoft.WindowsMobile.DirectX (in Microsoft.WindowsMobile.DirectX.dll)	3.5,2.0	CE6R3+;CE5.0/6.0	.NET Framework 3.5/General Reference for the .NET Framework/Additional Managed Reference Topics/Microsoft.WindowsMobile.DirectX.Direct3D Namespace/Caps Structure/Caps Properties /MaxVertexW Property 
ms130679(v=vs.90)	MaxZ Property	Property	Microsoft.WindowsMobile.DirectX.Direct3D	Microsoft.WindowsMobile.DirectX (in Microsoft.WindowsMobile.DirectX.dll)	3.5,2.0	CE6R3+;CE5.0/6.0	.NET Framework 3.5/General Reference for the .NET Framework/Additional Managed Reference Topics/Microsoft.WindowsMobile.DirectX.Direct3D Namespace/Viewport Structure/Viewport Properties /MaxZ Property 
ms129793(v=vs.90)	MeasureString Method	Method	Microsoft.WindowsMobile.DirectX.Direct3D	Microsoft.WindowsMobile.DirectX (in Microsoft.WindowsMobile.DirectX.dll)	3.5,2.0	CE6R3+;CE5.0/6.0	.NET Framework 3.5/General Reference for the .NET Framework/Additional Managed Reference Topics/Microsoft.WindowsMobile.DirectX.Direct3D Namespace/Font Class/Font Methods /MeasureString Method 
ms130059(v=vs.90)	MemoryPoolEmptyException Class	Class	Microsoft.WindowsMobile.DirectX.Direct3D	Microsoft.WindowsMobile.DirectX (in Microsoft.WindowsMobile.DirectX.dll)	3.5,2.0	CE6R3+;CE5.0/6.0	.NET Framework 3.5/General Reference for the .NET Framework/Additional Managed Reference Topics/Microsoft.WindowsMobile.DirectX.Direct3D Namespace/MemoryPoolEmptyException Class
ms130061(v=vs.90)	MemoryPoolEmptyException Constructor	Constructor	Microsoft.WindowsMobile.DirectX.Direct3D	Microsoft.WindowsMobile.DirectX (in Microsoft.WindowsMobile.DirectX.dll)	3.5,2.0	CE6R3+;CE5.0/6.0	.NET Framework 3.5/General Reference for the .NET Framework/Additional Managed Reference Topics/Microsoft.WindowsMobile.DirectX.Direct3D Namespace/MemoryPoolEmptyException Class/MemoryPoolEmptyException Constructor 
ms130065(v=vs.90)	Mesh Class	Class	Microsoft.WindowsMobile.DirectX.Direct3D	Microsoft.WindowsMobile.DirectX (in Microsoft.WindowsMobile.DirectX.dll)	3.5,2.0	CE6R3+;CE5.0/6.0	.NET Framework 3.5/General Reference for the .NET Framework/Additional Managed Reference Topics/Microsoft.WindowsMobile.DirectX.Direct3D Namespace/Mesh Class
ms130067(v=vs.90)	Mesh Constructor	Constructor	Microsoft.WindowsMobile.DirectX.Direct3D	Microsoft.WindowsMobile.DirectX (in Microsoft.WindowsMobile.DirectX.dll)	3.5,2.0	CE6R3+;CE5.0/6.0	.NET Framework 3.5/General Reference for the .NET Framework/Additional Managed Reference Topics/Microsoft.WindowsMobile.DirectX.Direct3D Namespace/Mesh Class/Mesh Constructor 
ms130099(v=vs.90)	MeshFlags Enumeration	Enumeration	Microsoft.WindowsMobile.DirectX.Direct3D	Microsoft.WindowsMobile.DirectX (in Microsoft.WindowsMobile.DirectX.dll)	3.5,2.0	CE6R3+;CE5.0/6.0	.NET Framework 3.5/General Reference for the .NET Framework/Additional Managed Reference Topics/Microsoft.WindowsMobile.DirectX.Direct3D Namespace/MeshFlags Enumeration
ms130102(v=vs.90)	MeshOptions Constructor	Constructor	Microsoft.WindowsMobile.DirectX.Direct3D	Microsoft.WindowsMobile.DirectX (in Microsoft.WindowsMobile.DirectX.dll)	3.5,2.0	CE6R3+;CE5.0/6.0	.NET Framework 3.5/General Reference for the .NET Framework/Additional Managed Reference Topics/Microsoft.WindowsMobile.DirectX.Direct3D Namespace/MeshOptions Structure/MeshOptions Constructor 
ms130100(v=vs.90)	MeshOptions Structure	Structure	Microsoft.WindowsMobile.DirectX.Direct3D	Microsoft.WindowsMobile.DirectX (in Microsoft.WindowsMobile.DirectX.dll)	3.5,2.0	CE6R3+;CE5.0/6.0	.NET Framework 3.5/General Reference for the .NET Framework/Additional Managed Reference Topics/Microsoft.WindowsMobile.DirectX.Direct3D Namespace/MeshOptions Structure
ms130546(v=vs.90)	MinFilter Property	Property	Microsoft.WindowsMobile.DirectX.Direct3D	Microsoft.WindowsMobile.DirectX (in Microsoft.WindowsMobile.DirectX.dll)	3.5,2.0	CE6R3+;CE5.0/6.0	.NET Framework 3.5/General Reference for the .NET Framework/Additional Managed Reference Topics/Microsoft.WindowsMobile.DirectX.Direct3D Namespace/TextureStateManager Class/TextureStateManager Properties /MinFilter Property 
ms129735(v=vs.90)	MinValue Field	Field	Microsoft.WindowsMobile.DirectX.Direct3D	Microsoft.WindowsMobile.DirectX (in Microsoft.WindowsMobile.DirectX.dll)	3.5,2.0	CE6R3+;CE5.0/6.0	.NET Framework 3.5/General Reference for the .NET Framework/Additional Managed Reference Topics/Microsoft.WindowsMobile.DirectX.Direct3D Namespace/FixedPoint Structure/FixedPoint Fields/MinValue Field
ms130680(v=vs.90)	MinZ Property	Property	Microsoft.WindowsMobile.DirectX.Direct3D	Microsoft.WindowsMobile.DirectX (in Microsoft.WindowsMobile.DirectX.dll)	3.5,2.0	CE6R3+;CE5.0/6.0	.NET Framework 3.5/General Reference for the .NET Framework/Additional Managed Reference Topics/Microsoft.WindowsMobile.DirectX.Direct3D Namespace/Viewport Structure/Viewport Properties /MinZ Property 
ms130547(v=vs.90)	MipFilter Property	Property	Microsoft.WindowsMobile.DirectX.Direct3D	Microsoft.WindowsMobile.DirectX (in Microsoft.WindowsMobile.DirectX.dll)	3.5,2.0	CE6R3+;CE5.0/6.0	.NET Framework 3.5/General Reference for the .NET Framework/Additional Managed Reference Topics/Microsoft.WindowsMobile.DirectX.Direct3D Namespace/TextureStateManager Class/TextureStateManager Properties /MipFilter Property 
ms130548(v=vs.90)	MipMapLevelOfDetailBias Property	Property	Microsoft.WindowsMobile.DirectX.Direct3D	Microsoft.WindowsMobile.DirectX (in Microsoft.WindowsMobile.DirectX.dll)	3.5,2.0	CE6R3+;CE5.0/6.0	.NET Framework 3.5/General Reference for the .NET Framework/Additional Managed Reference Topics/Microsoft.WindowsMobile.DirectX.Direct3D Namespace/TextureStateManager Class/TextureStateManager Properties /MipMapLevelOfDetailBias Property 
ms130123(v=vs.90)	MiscCaps Structure	Structure	Microsoft.WindowsMobile.DirectX.Direct3D	Microsoft.WindowsMobile.DirectX (in Microsoft.WindowsMobile.DirectX.dll)	3.5,2.0	CE6R3+;CE5.0/6.0	.NET Framework 3.5/General Reference for the .NET Framework/Additional Managed Reference Topics/Microsoft.WindowsMobile.DirectX.Direct3D Namespace/MiscCaps Structure
ms129758(v=vs.90)	Modulus Operator	Operator	Microsoft.WindowsMobile.DirectX.Direct3D	Microsoft.WindowsMobile.DirectX (in Microsoft.WindowsMobile.DirectX.dll)	3.5,2.0	CE6R3+;CE5.0/6.0	.NET Framework 3.5/General Reference for the .NET Framework/Additional Managed Reference Topics/Microsoft.WindowsMobile.DirectX.Direct3D Namespace/FixedPoint Structure/FixedPoint Operators/Modulus Operator
ms130136(v=vs.90)	MoreDataException Class	Class	Microsoft.WindowsMobile.DirectX.Direct3D	Microsoft.WindowsMobile.DirectX (in Microsoft.WindowsMobile.DirectX.dll)	3.5,2.0	CE6R3+;CE5.0/6.0	.NET Framework 3.5/General Reference for the .NET Framework/Additional Managed Reference Topics/Microsoft.WindowsMobile.DirectX.Direct3D Namespace/MoreDataException Class
ms130138(v=vs.90)	MoreDataException Constructor	Constructor	Microsoft.WindowsMobile.DirectX.Direct3D	Microsoft.WindowsMobile.DirectX (in Microsoft.WindowsMobile.DirectX.dll)	3.5,2.0	CE6R3+;CE5.0/6.0	.NET Framework 3.5/General Reference for the .NET Framework/Additional Managed Reference Topics/Microsoft.WindowsMobile.DirectX.Direct3D Namespace/MoreDataException Class/MoreDataException Constructor 
ms129040(v=vs.90)	MoveNext Method	Method	Microsoft.WindowsMobile.DirectX.Direct3D	Microsoft.WindowsMobile.DirectX (in Microsoft.WindowsMobile.DirectX.dll)	3.5,2.0	CE6R3+;CE5.0/6.0	.NET Framework 3.5/General Reference for the .NET Framework/Additional Managed Reference Topics/Microsoft.WindowsMobile.DirectX.Direct3D Namespace/AdapterListCollection Class/AdapterListCollection Methods /MoveNext Method 
ms129688(v=vs.90)	MoveNext Method	Method	Microsoft.WindowsMobile.DirectX.Direct3D	Microsoft.WindowsMobile.DirectX (in Microsoft.WindowsMobile.DirectX.dll)	3.5,2.0	CE6R3+;CE5.0/6.0	.NET Framework 3.5/General Reference for the .NET Framework/Additional Managed Reference Topics/Microsoft.WindowsMobile.DirectX.Direct3D Namespace/DisplayModeCollection Class/DisplayModeCollection Methods /MoveNext Method 
ms130185(v=vs.90)	MultiSample Property	Property	Microsoft.WindowsMobile.DirectX.Direct3D	Microsoft.WindowsMobile.DirectX (in Microsoft.WindowsMobile.DirectX.dll)	3.5,2.0	CE6R3+;CE5.0/6.0	.NET Framework 3.5/General Reference for the .NET Framework/Additional Managed Reference Topics/Microsoft.WindowsMobile.DirectX.Direct3D Namespace/PresentParameters Class/PresentParameters Properties /MultiSample Property 
ms130142(v=vs.90)	MultiSampleType Enumeration	Enumeration	Microsoft.WindowsMobile.DirectX.Direct3D	Microsoft.WindowsMobile.DirectX (in Microsoft.WindowsMobile.DirectX.dll)	3.5,2.0	CE6R3+;CE5.0/6.0	.NET Framework 3.5/General Reference for the .NET Framework/Additional Managed Reference Topics/Microsoft.WindowsMobile.DirectX.Direct3D Namespace/MultiSampleType Enumeration
ms130393(v=vs.90)	MultiSampleType Property	Property	Microsoft.WindowsMobile.DirectX.Direct3D	Microsoft.WindowsMobile.DirectX (in Microsoft.WindowsMobile.DirectX.dll)	3.5,2.0	CE6R3+;CE5.0/6.0	.NET Framework 3.5/General Reference for the .NET Framework/Additional Managed Reference Topics/Microsoft.WindowsMobile.DirectX.Direct3D Namespace/SurfaceDescription Structure/SurfaceDescription Properties /MultiSampleType Property 
ms129120(v=vs.90)	MultiThreaded Property	Property	Microsoft.WindowsMobile.DirectX.Direct3D	Microsoft.WindowsMobile.DirectX (in Microsoft.WindowsMobile.DirectX.dll)	3.5,2.0	CE6R3+;CE5.0/6.0	.NET Framework 3.5/General Reference for the .NET Framework/Additional Managed Reference Topics/Microsoft.WindowsMobile.DirectX.Direct3D Namespace/BehaviorFlags Structure/BehaviorFlags Properties /MultiThreaded Property 
ms130052(v=vs.90)	Multiply Method	Method	Microsoft.WindowsMobile.DirectX.Direct3D	Microsoft.WindowsMobile.DirectX (in Microsoft.WindowsMobile.DirectX.dll)	3.5,2.0	CE6R3+;CE5.0/6.0	.NET Framework 3.5/General Reference for the .NET Framework/Additional Managed Reference Topics/Microsoft.WindowsMobile.DirectX.Direct3D Namespace/MatrixFixed Structure/MatrixFixed Methods /Multiply Method 
ms129759(v=vs.90)	Multiply Operator	Operator	Microsoft.WindowsMobile.DirectX.Direct3D	Microsoft.WindowsMobile.DirectX (in Microsoft.WindowsMobile.DirectX.dll)	3.5,2.0	CE6R3+;CE5.0/6.0	.NET Framework 3.5/General Reference for the .NET Framework/Additional Managed Reference Topics/Microsoft.WindowsMobile.DirectX.Direct3D Namespace/FixedPoint Structure/FixedPoint Operators/Multiply Operator
ms129642(v=vs.90)	NativeFloat Property	Property	Microsoft.WindowsMobile.DirectX.Direct3D	Microsoft.WindowsMobile.DirectX (in Microsoft.WindowsMobile.DirectX.dll)	3.5,2.0	CE6R3+;CE5.0/6.0	.NET Framework 3.5/General Reference for the .NET Framework/Additional Managed Reference Topics/Microsoft.WindowsMobile.DirectX.Direct3D Namespace/DeviceCaps Structure/DeviceCaps Properties /NativeFloat Property 
ms130245(v=vs.90)	NormalizeNormals Property	Property	Microsoft.WindowsMobile.DirectX.Direct3D	Microsoft.WindowsMobile.DirectX (in Microsoft.WindowsMobile.DirectX.dll)	3.5,2.0	CE6R3+;CE5.0/6.0	.NET Framework 3.5/General Reference for the .NET Framework/Additional Managed Reference Topics/Microsoft.WindowsMobile.DirectX.Direct3D Namespace/RenderStateManager Class/RenderStateManager Properties /NormalizeNormals Property 
ms130143(v=vs.90)	NotAvailableException Class	Class	Microsoft.WindowsMobile.DirectX.Direct3D	Microsoft.WindowsMobile.DirectX (in Microsoft.WindowsMobile.DirectX.dll)	3.5,2.0	CE6R3+;CE5.0/6.0	.NET Framework 3.5/General Reference for the .NET Framework/Additional Managed Reference Topics/Microsoft.WindowsMobile.DirectX.Direct3D Namespace/NotAvailableException Class
ms130145(v=vs.90)	NotAvailableException Constructor	Constructor	Microsoft.WindowsMobile.DirectX.Direct3D	Microsoft.WindowsMobile.DirectX (in Microsoft.WindowsMobile.DirectX.dll)	3.5,2.0	CE6R3+;CE5.0/6.0	.NET Framework 3.5/General Reference for the .NET Framework/Additional Managed Reference Topics/Microsoft.WindowsMobile.DirectX.Direct3D Namespace/NotAvailableException Class/NotAvailableException Constructor 
ms130149(v=vs.90)	NotFoundException Class	Class	Microsoft.WindowsMobile.DirectX.Direct3D	Microsoft.WindowsMobile.DirectX (in Microsoft.WindowsMobile.DirectX.dll)	3.5,2.0	CE6R3+;CE5.0/6.0	.NET Framework 3.5/General Reference for the .NET Framework/Additional Managed Reference Topics/Microsoft.WindowsMobile.DirectX.Direct3D Namespace/NotFoundException Class
ms130151(v=vs.90)	NotFoundException Constructor	Constructor	Microsoft.WindowsMobile.DirectX.Direct3D	Microsoft.WindowsMobile.DirectX (in Microsoft.WindowsMobile.DirectX.dll)	3.5,2.0	CE6R3+;CE5.0/6.0	.NET Framework 3.5/General Reference for the .NET Framework/Additional Managed Reference Topics/Microsoft.WindowsMobile.DirectX.Direct3D Namespace/NotFoundException Class/NotFoundException Constructor 
ms129095(v=vs.90)	NumberAttributes Property	Property	Microsoft.WindowsMobile.DirectX.Direct3D	Microsoft.WindowsMobile.DirectX (in Microsoft.WindowsMobile.DirectX.dll)	3.5,2.0	CE6R3+;CE5.0/6.0	.NET Framework 3.5/General Reference for the .NET Framework/Additional Managed Reference Topics/Microsoft.WindowsMobile.DirectX.Direct3D Namespace/BaseMesh Class/BaseMesh Properties /NumberAttributes Property 
ms129096(v=vs.90)	NumberFaces Property	Property	Microsoft.WindowsMobile.DirectX.Direct3D	Microsoft.WindowsMobile.DirectX (in Microsoft.WindowsMobile.DirectX.dll)	3.5,2.0	CE6R3+;CE5.0/6.0	.NET Framework 3.5/General Reference for the .NET Framework/Additional Managed Reference Topics/Microsoft.WindowsMobile.DirectX.Direct3D Namespace/BaseMesh Class/BaseMesh Properties /NumberFaces Property 
ms130521(v=vs.90)	NumberMipLevels Property	Property	Microsoft.WindowsMobile.DirectX.Direct3D	Microsoft.WindowsMobile.DirectX (in Microsoft.WindowsMobile.DirectX.dll)	3.5,2.0	CE6R3+;CE5.0/6.0	.NET Framework 3.5/General Reference for the .NET Framework/Additional Managed Reference Topics/Microsoft.WindowsMobile.DirectX.Direct3D Namespace/TextureRequirements Structure/TextureRequirements Properties /NumberMipLevels Property 
ms129097(v=vs.90)	NumberVertices Property	Property	Microsoft.WindowsMobile.DirectX.Direct3D	Microsoft.WindowsMobile.DirectX (in Microsoft.WindowsMobile.DirectX.dll)	3.5,2.0	CE6R3+;CE5.0/6.0	.NET Framework 3.5/General Reference for the .NET Framework/Additional Managed Reference Topics/Microsoft.WindowsMobile.DirectX.Direct3D Namespace/BaseMesh Class/BaseMesh Properties /NumberVertices Property 
ms129312(v=vs.90)	Nx Field	Field	Microsoft.WindowsMobile.DirectX.Direct3D	Microsoft.WindowsMobile.DirectX (in Microsoft.WindowsMobile.DirectX.dll)	3.5,2.0	CE6R3+;CE5.0/6.0	.NET Framework 3.5/General Reference for the .NET Framework/Additional Managed Reference Topics/Microsoft.WindowsMobile.DirectX.Direct3D Namespace/CustomVertex.PositionNormal Structure/CustomVertex.PositionNormal Fields/Nx Field
ms129334(v=vs.90)	Nx Field	Field	Microsoft.WindowsMobile.DirectX.Direct3D	Microsoft.WindowsMobile.DirectX (in Microsoft.WindowsMobile.DirectX.dll)	3.5,2.0	CE6R3+;CE5.0/6.0	.NET Framework 3.5/General Reference for the .NET Framework/Additional Managed Reference Topics/Microsoft.WindowsMobile.DirectX.Direct3D Namespace/CustomVertex.PositionNormalColored Structure/CustomVertex.PositionNormalColored Fields/Nx Field
ms129354(v=vs.90)	Nx Field	Field	Microsoft.WindowsMobile.DirectX.Direct3D	Microsoft.WindowsMobile.DirectX (in Microsoft.WindowsMobile.DirectX.dll)	3.5,2.0	CE6R3+;CE5.0/6.0	.NET Framework 3.5/General Reference for the .NET Framework/Additional Managed Reference Topics/Microsoft.WindowsMobile.DirectX.Direct3D Namespace/CustomVertex.PositionNormalFixed Structure/CustomVertex.PositionNormalFixed Fields/Nx Field
ms129374(v=vs.90)	Nx Field	Field	Microsoft.WindowsMobile.DirectX.Direct3D	Microsoft.WindowsMobile.DirectX (in Microsoft.WindowsMobile.DirectX.dll)	3.5,2.0	CE6R3+;CE5.0/6.0	.NET Framework 3.5/General Reference for the .NET Framework/Additional Managed Reference Topics/Microsoft.WindowsMobile.DirectX.Direct3D Namespace/CustomVertex.PositionNormalTextured Structure/CustomVertex.PositionNormalTextured Fields/Nx Field
ms129313(v=vs.90)	Ny Field	Field	Microsoft.WindowsMobile.DirectX.Direct3D	Microsoft.WindowsMobile.DirectX (in Microsoft.WindowsMobile.DirectX.dll)	3.5,2.0	CE6R3+;CE5.0/6.0	.NET Framework 3.5/General Reference for the .NET Framework/Additional Managed Reference Topics/Microsoft.WindowsMobile.DirectX.Direct3D Namespace/CustomVertex.PositionNormal Structure/CustomVertex.PositionNormal Fields/Ny Field
ms129335(v=vs.90)	Ny Field	Field	Microsoft.WindowsMobile.DirectX.Direct3D	Microsoft.WindowsMobile.DirectX (in Microsoft.WindowsMobile.DirectX.dll)	3.5,2.0	CE6R3+;CE5.0/6.0	.NET Framework 3.5/General Reference for the .NET Framework/Additional Managed Reference Topics/Microsoft.WindowsMobile.DirectX.Direct3D Namespace/CustomVertex.PositionNormalColored Structure/CustomVertex.PositionNormalColored Fields/Ny Field
ms129355(v=vs.90)	Ny Field	Field	Microsoft.WindowsMobile.DirectX.Direct3D	Microsoft.WindowsMobile.DirectX (in Microsoft.WindowsMobile.DirectX.dll)	3.5,2.0	CE6R3+;CE5.0/6.0	.NET Framework 3.5/General Reference for the .NET Framework/Additional Managed Reference Topics/Microsoft.WindowsMobile.DirectX.Direct3D Namespace/CustomVertex.PositionNormalFixed Structure/CustomVertex.PositionNormalFixed Fields/Ny Field
ms129375(v=vs.90)	Ny Field	Field	Microsoft.WindowsMobile.DirectX.Direct3D	Microsoft.WindowsMobile.DirectX (in Microsoft.WindowsMobile.DirectX.dll)	3.5,2.0	CE6R3+;CE5.0/6.0	.NET Framework 3.5/General Reference for the .NET Framework/Additional Managed Reference Topics/Microsoft.WindowsMobile.DirectX.Direct3D Namespace/CustomVertex.PositionNormalTextured Structure/CustomVertex.PositionNormalTextured Fields/Ny Field
ms129314(v=vs.90)	Nz Field	Field	Microsoft.WindowsMobile.DirectX.Direct3D	Microsoft.WindowsMobile.DirectX (in Microsoft.WindowsMobile.DirectX.dll)	3.5,2.0	CE6R3+;CE5.0/6.0	.NET Framework 3.5/General Reference for the .NET Framework/Additional Managed Reference Topics/Microsoft.WindowsMobile.DirectX.Direct3D Namespace/CustomVertex.PositionNormal Structure/CustomVertex.PositionNormal Fields/Nz Field
ms129336(v=vs.90)	Nz Field	Field	Microsoft.WindowsMobile.DirectX.Direct3D	Microsoft.WindowsMobile.DirectX (in Microsoft.WindowsMobile.DirectX.dll)	3.5,2.0	CE6R3+;CE5.0/6.0	.NET Framework 3.5/General Reference for the .NET Framework/Additional Managed Reference Topics/Microsoft.WindowsMobile.DirectX.Direct3D Namespace/CustomVertex.PositionNormalColored Structure/CustomVertex.PositionNormalColored Fields/Nz Field
ms129356(v=vs.90)	Nz Field	Field	Microsoft.WindowsMobile.DirectX.Direct3D	Microsoft.WindowsMobile.DirectX (in Microsoft.WindowsMobile.DirectX.dll)	3.5,2.0	CE6R3+;CE5.0/6.0	.NET Framework 3.5/General Reference for the .NET Framework/Additional Managed Reference Topics/Microsoft.WindowsMobile.DirectX.Direct3D Namespace/CustomVertex.PositionNormalFixed Structure/CustomVertex.PositionNormalFixed Fields/Nz Field
ms129376(v=vs.90)	Nz Field	Field	Microsoft.WindowsMobile.DirectX.Direct3D	Microsoft.WindowsMobile.DirectX (in Microsoft.WindowsMobile.DirectX.dll)	3.5,2.0	CE6R3+;CE5.0/6.0	.NET Framework 3.5/General Reference for the .NET Framework/Additional Managed Reference Topics/Microsoft.WindowsMobile.DirectX.Direct3D Namespace/CustomVertex.PositionNormalTextured Structure/CustomVertex.PositionNormalTextured Fields/Nz Field
ms129794(v=vs.90)	OnLostDevice Method	Method	Microsoft.WindowsMobile.DirectX.Direct3D	Microsoft.WindowsMobile.DirectX (in Microsoft.WindowsMobile.DirectX.dll)	3.5,2.0	CE6R3+;CE5.0/6.0	.NET Framework 3.5/General Reference for the .NET Framework/Additional Managed Reference Topics/Microsoft.WindowsMobile.DirectX.Direct3D Namespace/Font Class/Font Methods /OnLostDevice Method 
ms130310(v=vs.90)	OnLostDevice Method	Method	Microsoft.WindowsMobile.DirectX.Direct3D	Microsoft.WindowsMobile.DirectX (in Microsoft.WindowsMobile.DirectX.dll)	3.5,2.0	CE6R3+;CE5.0/6.0	.NET Framework 3.5/General Reference for the .NET Framework/Additional Managed Reference Topics/Microsoft.WindowsMobile.DirectX.Direct3D Namespace/Sprite Class/Sprite Methods /OnLostDevice Method 
ms129795(v=vs.90)	OnResetDevice Method	Method	Microsoft.WindowsMobile.DirectX.Direct3D	Microsoft.WindowsMobile.DirectX (in Microsoft.WindowsMobile.DirectX.dll)	3.5,2.0	CE6R3+;CE5.0/6.0	.NET Framework 3.5/General Reference for the .NET Framework/Additional Managed Reference Topics/Microsoft.WindowsMobile.DirectX.Direct3D Namespace/Font Class/Font Methods /OnResetDevice Method 
ms130311(v=vs.90)	OnResetDevice Method	Method	Microsoft.WindowsMobile.DirectX.Direct3D	Microsoft.WindowsMobile.DirectX (in Microsoft.WindowsMobile.DirectX.dll)	3.5,2.0	CE6R3+;CE5.0/6.0	.NET Framework 3.5/General Reference for the .NET Framework/Additional Managed Reference Topics/Microsoft.WindowsMobile.DirectX.Direct3D Namespace/Sprite Class/Sprite Methods /OnResetDevice Method 
ms130076(v=vs.90)	Optimize Method (MeshFlags, GraphicsStream)		Microsoft.WindowsMobile.DirectX.Direct3D	Microsoft.WindowsMobile.DirectX (in Microsoft.WindowsMobile.DirectX.dll)	3.5,2.0	CE6R3+;CE5.0/6.0	.NET Framework 3.5/General Reference for the .NET Framework/Additional Managed Reference Topics/Microsoft.WindowsMobile.DirectX.Direct3D Namespace/Mesh Class/Mesh Methods /Optimize Method /Optimize Method (MeshFlags, GraphicsStream)
ms130078(v=vs.90)	Optimize Method (MeshFlags, GraphicsStream, Int32[], Int32[], GraphicsStream)		Microsoft.WindowsMobile.DirectX.Direct3D	Microsoft.WindowsMobile.DirectX (in Microsoft.WindowsMobile.DirectX.dll)	3.5,2.0	CE6R3+;CE5.0/6.0	.NET Framework 3.5/General Reference for the .NET Framework/Additional Managed Reference Topics/Microsoft.WindowsMobile.DirectX.Direct3D Namespace/Mesh Class/Mesh Methods /Optimize Method /Optimize Method (MeshFlags, GraphicsStream, Int32[], Int32[], GraphicsStream)
ms130077(v=vs.90)	Optimize Method (MeshFlags, Int32[])		Microsoft.WindowsMobile.DirectX.Direct3D	Microsoft.WindowsMobile.DirectX (in Microsoft.WindowsMobile.DirectX.dll)	3.5,2.0	CE6R3+;CE5.0/6.0	.NET Framework 3.5/General Reference for the .NET Framework/Additional Managed Reference Topics/Microsoft.WindowsMobile.DirectX.Direct3D Namespace/Mesh Class/Mesh Methods /Optimize Method /Optimize Method (MeshFlags, Int32[])
ms130079(v=vs.90)	Optimize Method (MeshFlags, Int32[], Int32[], Int32[], GraphicsStream)		Microsoft.WindowsMobile.DirectX.Direct3D	Microsoft.WindowsMobile.DirectX (in Microsoft.WindowsMobile.DirectX.dll)	3.5,2.0	CE6R3+;CE5.0/6.0	.NET Framework 3.5/General Reference for the .NET Framework/Additional Managed Reference Topics/Microsoft.WindowsMobile.DirectX.Direct3D Namespace/Mesh Class/Mesh Methods /Optimize Method /Optimize Method (MeshFlags, Int32[], Int32[], Int32[], GraphicsStream)
ms130082(v=vs.90)	OptimizeInPlace Method (MeshFlags, GraphicsStream)		Microsoft.WindowsMobile.DirectX.Direct3D	Microsoft.WindowsMobile.DirectX (in Microsoft.WindowsMobile.DirectX.dll)	3.5,2.0	CE6R3+;CE5.0/6.0	.NET Framework 3.5/General Reference for the .NET Framework/Additional Managed Reference Topics/Microsoft.WindowsMobile.DirectX.Direct3D Namespace/Mesh Class/Mesh Methods /OptimizeInPlace Method /OptimizeInPlace Method (MeshFlags, GraphicsStream)
ms130084(v=vs.90)	OptimizeInPlace Method (MeshFlags, GraphicsStream, Int32[], Int32[], GraphicsStream)		Microsoft.WindowsMobile.DirectX.Direct3D	Microsoft.WindowsMobile.DirectX (in Microsoft.WindowsMobile.DirectX.dll)	3.5,2.0	CE6R3+;CE5.0/6.0	.NET Framework 3.5/General Reference for the .NET Framework/Additional Managed Reference Topics/Microsoft.WindowsMobile.DirectX.Direct3D Namespace/Mesh Class/Mesh Methods /OptimizeInPlace Method /OptimizeInPlace Method (MeshFlags, GraphicsStream, Int32[], Int32[], GraphicsStream)
ms130083(v=vs.90)	OptimizeInPlace Method (MeshFlags, Int32[])		Microsoft.WindowsMobile.DirectX.Direct3D	Microsoft.WindowsMobile.DirectX (in Microsoft.WindowsMobile.DirectX.dll)	3.5,2.0	CE6R3+;CE5.0/6.0	.NET Framework 3.5/General Reference for the .NET Framework/Additional Managed Reference Topics/Microsoft.WindowsMobile.DirectX.Direct3D Namespace/Mesh Class/Mesh Methods /OptimizeInPlace Method /OptimizeInPlace Method (MeshFlags, Int32[])
ms130085(v=vs.90)	OptimizeInPlace Method (MeshFlags, Int32[], Int32[], Int32[], GraphicsStream)		Microsoft.WindowsMobile.DirectX.Direct3D	Microsoft.WindowsMobile.DirectX (in Microsoft.WindowsMobile.DirectX.dll)	3.5,2.0	CE6R3+;CE5.0/6.0	.NET Framework 3.5/General Reference for the .NET Framework/Additional Managed Reference Topics/Microsoft.WindowsMobile.DirectX.Direct3D Namespace/Mesh Class/Mesh Methods /OptimizeInPlace Method /OptimizeInPlace Method (MeshFlags, Int32[], Int32[], Int32[], GraphicsStream)
ms129098(v=vs.90)	Options Property	Property	Microsoft.WindowsMobile.DirectX.Direct3D	Microsoft.WindowsMobile.DirectX (in Microsoft.WindowsMobile.DirectX.dll)	3.5,2.0	CE6R3+;CE5.0/6.0	.NET Framework 3.5/General Reference for the .NET Framework/Additional Managed Reference Topics/Microsoft.WindowsMobile.DirectX.Direct3D Namespace/BaseMesh Class/BaseMesh Properties /Options Property 
ms129814(v=vs.90)	OutputPrecision Property	Property	Microsoft.WindowsMobile.DirectX.Direct3D	Microsoft.WindowsMobile.DirectX (in Microsoft.WindowsMobile.DirectX.dll)	3.5,2.0	CE6R3+;CE5.0/6.0	.NET Framework 3.5/General Reference for the .NET Framework/Additional Managed Reference Topics/Microsoft.WindowsMobile.DirectX.Direct3D Namespace/FontDescription Structure/FontDescription Properties /OutputPrecision Property 
ms130157(v=vs.90)	PaletteEntry Constructor	Constructor	Microsoft.WindowsMobile.DirectX.Direct3D	Microsoft.WindowsMobile.DirectX (in Microsoft.WindowsMobile.DirectX.dll)	3.5,2.0	CE6R3+;CE5.0/6.0	.NET Framework 3.5/General Reference for the .NET Framework/Additional Managed Reference Topics/Microsoft.WindowsMobile.DirectX.Direct3D Namespace/PaletteEntry Structure/PaletteEntry Constructor 
ms130155(v=vs.90)	PaletteEntry Structure	Structure	Microsoft.WindowsMobile.DirectX.Direct3D	Microsoft.WindowsMobile.DirectX (in Microsoft.WindowsMobile.DirectX.dll)	3.5,2.0	CE6R3+;CE5.0/6.0	.NET Framework 3.5/General Reference for the .NET Framework/Additional Managed Reference Topics/Microsoft.WindowsMobile.DirectX.Direct3D Namespace/PaletteEntry Structure
ms129764(v=vs.90)	Parse Method (String)		Microsoft.WindowsMobile.DirectX.Direct3D	Microsoft.WindowsMobile.DirectX (in Microsoft.WindowsMobile.DirectX.dll)	3.5,2.0	CE6R3+;CE5.0/6.0	.NET Framework 3.5/General Reference for the .NET Framework/Additional Managed Reference Topics/Microsoft.WindowsMobile.DirectX.Direct3D Namespace/FixedPoint Structure/FixedPoint Methods /Parse Method /Parse Method (String)
ms129765(v=vs.90)	Parse Method (String, NumberStyles, IFormatProvider)		Microsoft.WindowsMobile.DirectX.Direct3D	Microsoft.WindowsMobile.DirectX (in Microsoft.WindowsMobile.DirectX.dll)	3.5,2.0	CE6R3+;CE5.0/6.0	.NET Framework 3.5/General Reference for the .NET Framework/Additional Managed Reference Topics/Microsoft.WindowsMobile.DirectX.Direct3D Namespace/FixedPoint Structure/FixedPoint Methods /Parse Method /Parse Method (String, NumberStyles, IFormatProvider)
ms130589(v=vs.90)	Passes Property	Property	Microsoft.WindowsMobile.DirectX.Direct3D	Microsoft.WindowsMobile.DirectX (in Microsoft.WindowsMobile.DirectX.dll)	3.5,2.0	CE6R3+;CE5.0/6.0	.NET Framework 3.5/General Reference for the .NET Framework/Additional Managed Reference Topics/Microsoft.WindowsMobile.DirectX.Direct3D Namespace/ValidateDeviceParams Structure/ValidateDeviceParams Properties /Passes Property 
ms130166(v=vs.90)	PitchAndFamily Enumeration	Enumeration	Microsoft.WindowsMobile.DirectX.Direct3D	Microsoft.WindowsMobile.DirectX (in Microsoft.WindowsMobile.DirectX.dll)	3.5,2.0	CE6R3+;CE5.0/6.0	.NET Framework 3.5/General Reference for the .NET Framework/Additional Managed Reference Topics/Microsoft.WindowsMobile.DirectX.Direct3D Namespace/PitchAndFamily Enumeration
ms129815(v=vs.90)	PitchAndFamily Property	Property	Microsoft.WindowsMobile.DirectX.Direct3D	Microsoft.WindowsMobile.DirectX (in Microsoft.WindowsMobile.DirectX.dll)	3.5,2.0	CE6R3+;CE5.0/6.0	.NET Framework 3.5/General Reference for the .NET Framework/Additional Managed Reference Topics/Microsoft.WindowsMobile.DirectX.Direct3D Namespace/FontDescription Structure/FontDescription Properties /PitchAndFamily Property 
ms130087(v=vs.90)	Polygon Method	Method	Microsoft.WindowsMobile.DirectX.Direct3D	Microsoft.WindowsMobile.DirectX (in Microsoft.WindowsMobile.DirectX.dll)	3.5,2.0	CE6R3+;CE5.0/6.0	.NET Framework 3.5/General Reference for the .NET Framework/Additional Managed Reference Topics/Microsoft.WindowsMobile.DirectX.Direct3D Namespace/Mesh Class/Mesh Methods /Polygon Method 
ms130167(v=vs.90)	Pool Enumeration	Enumeration	Microsoft.WindowsMobile.DirectX.Direct3D	Microsoft.WindowsMobile.DirectX (in Microsoft.WindowsMobile.DirectX.dll)	3.5,2.0	CE6R3+;CE5.0/6.0	.NET Framework 3.5/General Reference for the .NET Framework/Additional Managed Reference Topics/Microsoft.WindowsMobile.DirectX.Direct3D Namespace/Pool Enumeration
ms129871(v=vs.90)	Pool Property	Property	Microsoft.WindowsMobile.DirectX.Direct3D	Microsoft.WindowsMobile.DirectX (in Microsoft.WindowsMobile.DirectX.dll)	3.5,2.0	CE6R3+;CE5.0/6.0	.NET Framework 3.5/General Reference for the .NET Framework/Additional Managed Reference Topics/Microsoft.WindowsMobile.DirectX.Direct3D Namespace/IndexBufferDescription Structure/IndexBufferDescription Properties /Pool Property 
ms130394(v=vs.90)	Pool Property	Property	Microsoft.WindowsMobile.DirectX.Direct3D	Microsoft.WindowsMobile.DirectX (in Microsoft.WindowsMobile.DirectX.dll)	3.5,2.0	CE6R3+;CE5.0/6.0	.NET Framework 3.5/General Reference for the .NET Framework/Additional Managed Reference Topics/Microsoft.WindowsMobile.DirectX.Direct3D Namespace/SurfaceDescription Structure/SurfaceDescription Properties /Pool Property 
ms130522(v=vs.90)	Pool Property	Property	Microsoft.WindowsMobile.DirectX.Direct3D	Microsoft.WindowsMobile.DirectX (in Microsoft.WindowsMobile.DirectX.dll)	3.5,2.0	CE6R3+;CE5.0/6.0	.NET Framework 3.5/General Reference for the .NET Framework/Additional Managed Reference Topics/Microsoft.WindowsMobile.DirectX.Direct3D Namespace/TextureRequirements Structure/TextureRequirements Properties /Pool Property 
ms129907(v=vs.90)	Position Property	Property	Microsoft.WindowsMobile.DirectX.Direct3D	Microsoft.WindowsMobile.DirectX (in Microsoft.WindowsMobile.DirectX.dll)	3.5,2.0	CE6R3+;CE5.0/6.0	.NET Framework 3.5/General Reference for the .NET Framework/Additional Managed Reference Topics/Microsoft.WindowsMobile.DirectX.Direct3D Namespace/Light Class/Light Properties /Position Property 
ms129931(v=vs.90)	Position Property	Property	Microsoft.WindowsMobile.DirectX.Direct3D	Microsoft.WindowsMobile.DirectX (in Microsoft.WindowsMobile.DirectX.dll)	3.5,2.0	CE6R3+;CE5.0/6.0	.NET Framework 3.5/General Reference for the .NET Framework/Additional Managed Reference Topics/Microsoft.WindowsMobile.DirectX.Direct3D Namespace/LightFixed Class/LightFixed Properties /Position Property 
ms130276(v=vs.90)	PreLoad Method	Method	Microsoft.WindowsMobile.DirectX.Direct3D	Microsoft.WindowsMobile.DirectX (in Microsoft.WindowsMobile.DirectX.dll)	3.5,2.0	CE6R3+;CE5.0/6.0	.NET Framework 3.5/General Reference for the .NET Framework/Additional Managed Reference Topics/Microsoft.WindowsMobile.DirectX.Direct3D Namespace/Resource Class/Resource Methods /PreLoad Method 
ms130168(v=vs.90)	Precision Enumeration	Enumeration	Microsoft.WindowsMobile.DirectX.Direct3D	Microsoft.WindowsMobile.DirectX (in Microsoft.WindowsMobile.DirectX.dll)	3.5,2.0	CE6R3+;CE5.0/6.0	.NET Framework 3.5/General Reference for the .NET Framework/Additional Managed Reference Topics/Microsoft.WindowsMobile.DirectX.Direct3D Namespace/Precision Enumeration
ms129796(v=vs.90)	PreloadText Method	Method	Microsoft.WindowsMobile.DirectX.Direct3D	Microsoft.WindowsMobile.DirectX (in Microsoft.WindowsMobile.DirectX.dll)	3.5,2.0	CE6R3+;CE5.0/6.0	.NET Framework 3.5/General Reference for the .NET Framework/Additional Managed Reference Topics/Microsoft.WindowsMobile.DirectX.Direct3D Namespace/Font Class/Font Methods /PreloadText Method 
ms129592(v=vs.90)	Present Method	Method	Microsoft.WindowsMobile.DirectX.Direct3D	Microsoft.WindowsMobile.DirectX (in Microsoft.WindowsMobile.DirectX.dll)	3.5,2.0	CE6R3+;CE5.0/6.0	.NET Framework 3.5/General Reference for the .NET Framework/Additional Managed Reference Topics/Microsoft.WindowsMobile.DirectX.Direct3D Namespace/Device Class/Device Methods /Present Method /Present Method 
ms130409(v=vs.90)	Present Method	Method	Microsoft.WindowsMobile.DirectX.Direct3D	Microsoft.WindowsMobile.DirectX (in Microsoft.WindowsMobile.DirectX.dll)	3.5,2.0	CE6R3+;CE5.0/6.0	.NET Framework 3.5/General Reference for the .NET Framework/Additional Managed Reference Topics/Microsoft.WindowsMobile.DirectX.Direct3D Namespace/SwapChain Class/SwapChain Methods /Present Method /Present Method 
ms129593(v=vs.90)	Present Method (Control)		Microsoft.WindowsMobile.DirectX.Direct3D	Microsoft.WindowsMobile.DirectX (in Microsoft.WindowsMobile.DirectX.dll)	3.5,2.0	CE6R3+;CE5.0/6.0	.NET Framework 3.5/General Reference for the .NET Framework/Additional Managed Reference Topics/Microsoft.WindowsMobile.DirectX.Direct3D Namespace/Device Class/Device Methods /Present Method /Present Method (Control)
ms130410(v=vs.90)	Present Method (Control)		Microsoft.WindowsMobile.DirectX.Direct3D	Microsoft.WindowsMobile.DirectX (in Microsoft.WindowsMobile.DirectX.dll)	3.5,2.0	CE6R3+;CE5.0/6.0	.NET Framework 3.5/General Reference for the .NET Framework/Additional Managed Reference Topics/Microsoft.WindowsMobile.DirectX.Direct3D Namespace/SwapChain Class/SwapChain Methods /Present Method /Present Method (Control)
ms129594(v=vs.90)	Present Method (Rectangle, Boolean)		Microsoft.WindowsMobile.DirectX.Direct3D	Microsoft.WindowsMobile.DirectX (in Microsoft.WindowsMobile.DirectX.dll)	3.5,2.0	CE6R3+;CE5.0/6.0	.NET Framework 3.5/General Reference for the .NET Framework/Additional Managed Reference Topics/Microsoft.WindowsMobile.DirectX.Direct3D Namespace/Device Class/Device Methods /Present Method /Present Method (Rectangle, Boolean)
ms130411(v=vs.90)	Present Method (Rectangle, Boolean)		Microsoft.WindowsMobile.DirectX.Direct3D	Microsoft.WindowsMobile.DirectX (in Microsoft.WindowsMobile.DirectX.dll)	3.5,2.0	CE6R3+;CE5.0/6.0	.NET Framework 3.5/General Reference for the .NET Framework/Additional Managed Reference Topics/Microsoft.WindowsMobile.DirectX.Direct3D Namespace/SwapChain Class/SwapChain Methods /Present Method /Present Method (Rectangle, Boolean)
ms129595(v=vs.90)	Present Method (Rectangle, Rectangle, Control)		Microsoft.WindowsMobile.DirectX.Direct3D	Microsoft.WindowsMobile.DirectX (in Microsoft.WindowsMobile.DirectX.dll)	3.5,2.0	CE6R3+;CE5.0/6.0	.NET Framework 3.5/General Reference for the .NET Framework/Additional Managed Reference Topics/Microsoft.WindowsMobile.DirectX.Direct3D Namespace/Device Class/Device Methods /Present Method /Present Method (Rectangle, Rectangle, Control)
ms130412(v=vs.90)	Present Method (Rectangle, Rectangle, Control)		Microsoft.WindowsMobile.DirectX.Direct3D	Microsoft.WindowsMobile.DirectX (in Microsoft.WindowsMobile.DirectX.dll)	3.5,2.0	CE6R3+;CE5.0/6.0	.NET Framework 3.5/General Reference for the .NET Framework/Additional Managed Reference Topics/Microsoft.WindowsMobile.DirectX.Direct3D Namespace/SwapChain Class/SwapChain Methods /Present Method /Present Method (Rectangle, Rectangle, Control)
ms130169(v=vs.90)	PresentFlag Enumeration	Enumeration	Microsoft.WindowsMobile.DirectX.Direct3D	Microsoft.WindowsMobile.DirectX (in Microsoft.WindowsMobile.DirectX.dll)	3.5,2.0	CE6R3+;CE5.0/6.0	.NET Framework 3.5/General Reference for the .NET Framework/Additional Managed Reference Topics/Microsoft.WindowsMobile.DirectX.Direct3D Namespace/PresentFlag Enumeration
ms130186(v=vs.90)	PresentFlag Property	Property	Microsoft.WindowsMobile.DirectX.Direct3D	Microsoft.WindowsMobile.DirectX (in Microsoft.WindowsMobile.DirectX.dll)	3.5,2.0	CE6R3+;CE5.0/6.0	.NET Framework 3.5/General Reference for the .NET Framework/Additional Managed Reference Topics/Microsoft.WindowsMobile.DirectX.Direct3D Namespace/PresentParameters Class/PresentParameters Properties /PresentFlag Property 
ms130170(v=vs.90)	PresentInterval Enumeration	Enumeration	Microsoft.WindowsMobile.DirectX.Direct3D	Microsoft.WindowsMobile.DirectX (in Microsoft.WindowsMobile.DirectX.dll)	3.5,2.0	CE6R3+;CE5.0/6.0	.NET Framework 3.5/General Reference for the .NET Framework/Additional Managed Reference Topics/Microsoft.WindowsMobile.DirectX.Direct3D Namespace/PresentInterval Enumeration
ms130171(v=vs.90)	PresentParameters Class	Class	Microsoft.WindowsMobile.DirectX.Direct3D	Microsoft.WindowsMobile.DirectX (in Microsoft.WindowsMobile.DirectX.dll)	3.5,2.0	CE6R3+;CE5.0/6.0	.NET Framework 3.5/General Reference for the .NET Framework/Additional Managed Reference Topics/Microsoft.WindowsMobile.DirectX.Direct3D Namespace/PresentParameters Class
ms130173(v=vs.90)	PresentParameters Constructor	Constructor	Microsoft.WindowsMobile.DirectX.Direct3D	Microsoft.WindowsMobile.DirectX (in Microsoft.WindowsMobile.DirectX.dll)	3.5,2.0	CE6R3+;CE5.0/6.0	.NET Framework 3.5/General Reference for the .NET Framework/Additional Managed Reference Topics/Microsoft.WindowsMobile.DirectX.Direct3D Namespace/PresentParameters Class/PresentParameters Constructor 
ms129182(v=vs.90)	PresentationIntervals Property	Property	Microsoft.WindowsMobile.DirectX.Direct3D	Microsoft.WindowsMobile.DirectX (in Microsoft.WindowsMobile.DirectX.dll)	3.5,2.0	CE6R3+;CE5.0/6.0	.NET Framework 3.5/General Reference for the .NET Framework/Additional Managed Reference Topics/Microsoft.WindowsMobile.DirectX.Direct3D Namespace/Caps Structure/Caps Properties /PresentationIntervals Property 
ms129624(v=vs.90)	PresentationParameters Property	Property	Microsoft.WindowsMobile.DirectX.Direct3D	Microsoft.WindowsMobile.DirectX (in Microsoft.WindowsMobile.DirectX.dll)	3.5,2.0	CE6R3+;CE5.0/6.0	.NET Framework 3.5/General Reference for the .NET Framework/Additional Managed Reference Topics/Microsoft.WindowsMobile.DirectX.Direct3D Namespace/Device Class/Device Properties /PresentationParameters Property 
ms129183(v=vs.90)	PrimitiveMiscCaps Property	Property	Microsoft.WindowsMobile.DirectX.Direct3D	Microsoft.WindowsMobile.DirectX (in Microsoft.WindowsMobile.DirectX.dll)	3.5,2.0	CE6R3+;CE5.0/6.0	.NET Framework 3.5/General Reference for the .NET Framework/Additional Managed Reference Topics/Microsoft.WindowsMobile.DirectX.Direct3D Namespace/Caps Structure/Caps Properties /PrimitiveMiscCaps Property 
ms130191(v=vs.90)	PrimitiveType Enumeration	Enumeration	Microsoft.WindowsMobile.DirectX.Direct3D	Microsoft.WindowsMobile.DirectX (in Microsoft.WindowsMobile.DirectX.dll)	3.5,2.0	CE6R3+;CE5.0/6.0	.NET Framework 3.5/General Reference for the .NET Framework/Additional Managed Reference Topics/Microsoft.WindowsMobile.DirectX.Direct3D Namespace/PrimitiveType Enumeration
ms130280(v=vs.90)	Priority Property	Property	Microsoft.WindowsMobile.DirectX.Direct3D	Microsoft.WindowsMobile.DirectX (in Microsoft.WindowsMobile.DirectX.dll)	3.5,2.0	CE6R3+;CE5.0/6.0	.NET Framework 3.5/General Reference for the .NET Framework/Additional Managed Reference Topics/Microsoft.WindowsMobile.DirectX.Direct3D Namespace/Resource Class/Resource Properties /Priority Property 
ms129597(v=vs.90)	ProcessVertices Method	Method	Microsoft.WindowsMobile.DirectX.Direct3D	Microsoft.WindowsMobile.DirectX (in Microsoft.WindowsMobile.DirectX.dll)	3.5,2.0	CE6R3+;CE5.0/6.0	.NET Framework 3.5/General Reference for the .NET Framework/Additional Managed Reference Topics/Microsoft.WindowsMobile.DirectX.Direct3D Namespace/Device Class/Device Methods /ProcessVertices Method 
ms130192(v=vs.90)	Profile Enumeration	Enumeration	Microsoft.WindowsMobile.DirectX.Direct3D	Microsoft.WindowsMobile.DirectX (in Microsoft.WindowsMobile.DirectX.dll)	3.5,2.0	CE6R3+;CE5.0/6.0	.NET Framework 3.5/General Reference for the .NET Framework/Additional Managed Reference Topics/Microsoft.WindowsMobile.DirectX.Direct3D Namespace/Profile Enumeration
ms130567(v=vs.90)	Projection Property	Property	Microsoft.WindowsMobile.DirectX.Direct3D	Microsoft.WindowsMobile.DirectX (in Microsoft.WindowsMobile.DirectX.dll)	3.5,2.0	CE6R3+;CE5.0/6.0	.NET Framework 3.5/General Reference for the .NET Framework/Additional Managed Reference Topics/Microsoft.WindowsMobile.DirectX.Direct3D Namespace/Transforms Class/Transforms Properties /Projection Property 
ms130568(v=vs.90)	ProjectionFixed Property	Property	Microsoft.WindowsMobile.DirectX.Direct3D	Microsoft.WindowsMobile.DirectX (in Microsoft.WindowsMobile.DirectX.dll)	3.5,2.0	CE6R3+;CE5.0/6.0	.NET Framework 3.5/General Reference for the .NET Framework/Additional Managed Reference Topics/Microsoft.WindowsMobile.DirectX.Direct3D Namespace/Transforms Class/Transforms Properties /ProjectionFixed Property 
ms129816(v=vs.90)	Quality Property	Property	Microsoft.WindowsMobile.DirectX.Direct3D	Microsoft.WindowsMobile.DirectX (in Microsoft.WindowsMobile.DirectX.dll)	3.5,2.0	CE6R3+;CE5.0/6.0	.NET Framework 3.5/General Reference for the .NET Framework/Additional Managed Reference Topics/Microsoft.WindowsMobile.DirectX.Direct3D Namespace/FontDescription Structure/FontDescription Properties /Quality Property 
ms129908(v=vs.90)	Range Property	Property	Microsoft.WindowsMobile.DirectX.Direct3D	Microsoft.WindowsMobile.DirectX (in Microsoft.WindowsMobile.DirectX.dll)	3.5,2.0	CE6R3+;CE5.0/6.0	.NET Framework 3.5/General Reference for the .NET Framework/Additional Managed Reference Topics/Microsoft.WindowsMobile.DirectX.Direct3D Namespace/Light Class/Light Properties /Range Property 
ms129932(v=vs.90)	Range Property	Property	Microsoft.WindowsMobile.DirectX.Direct3D	Microsoft.WindowsMobile.DirectX (in Microsoft.WindowsMobile.DirectX.dll)	3.5,2.0	CE6R3+;CE5.0/6.0	.NET Framework 3.5/General Reference for the .NET Framework/Additional Managed Reference Topics/Microsoft.WindowsMobile.DirectX.Direct3D Namespace/LightFixed Class/LightFixed Properties /Range Property 
ms130246(v=vs.90)	RangeFogEnable Property	Property	Microsoft.WindowsMobile.DirectX.Direct3D	Microsoft.WindowsMobile.DirectX (in Microsoft.WindowsMobile.DirectX.dll)	3.5,2.0	CE6R3+;CE5.0/6.0	.NET Framework 3.5/General Reference for the .NET Framework/Additional Managed Reference Topics/Microsoft.WindowsMobile.DirectX.Direct3D Namespace/RenderStateManager Class/RenderStateManager Properties /RangeFogEnable Property 
ms129184(v=vs.90)	RasterCaps Property	Property	Microsoft.WindowsMobile.DirectX.Direct3D	Microsoft.WindowsMobile.DirectX (in Microsoft.WindowsMobile.DirectX.dll)	3.5,2.0	CE6R3+;CE5.0/6.0	.NET Framework 3.5/General Reference for the .NET Framework/Additional Managed Reference Topics/Microsoft.WindowsMobile.DirectX.Direct3D Namespace/Caps Structure/Caps Properties /RasterCaps Property 
ms130193(v=vs.90)	RasterCaps Structure	Structure	Microsoft.WindowsMobile.DirectX.Direct3D	Microsoft.WindowsMobile.DirectX (in Microsoft.WindowsMobile.DirectX.dll)	3.5,2.0	CE6R3+;CE5.0/6.0	.NET Framework 3.5/General Reference for the .NET Framework/Additional Managed Reference Topics/Microsoft.WindowsMobile.DirectX.Direct3D Namespace/RasterCaps Structure
ms129227(v=vs.90)	Red Property	Property	Microsoft.WindowsMobile.DirectX.Direct3D	Microsoft.WindowsMobile.DirectX (in Microsoft.WindowsMobile.DirectX.dll)	3.5,2.0	CE6R3+;CE5.0/6.0	.NET Framework 3.5/General Reference for the .NET Framework/Additional Managed Reference Topics/Microsoft.WindowsMobile.DirectX.Direct3D Namespace/ColorValue Structure/ColorValue Properties /Red Property 
ms129245(v=vs.90)	Red Property	Property	Microsoft.WindowsMobile.DirectX.Direct3D	Microsoft.WindowsMobile.DirectX (in Microsoft.WindowsMobile.DirectX.dll)	3.5,2.0	CE6R3+;CE5.0/6.0	.NET Framework 3.5/General Reference for the .NET Framework/Additional Managed Reference Topics/Microsoft.WindowsMobile.DirectX.Direct3D Namespace/ColorValueFixed Structure/ColorValueFixed Properties /Red Property 
ms130163(v=vs.90)	Red Property	Property	Microsoft.WindowsMobile.DirectX.Direct3D	Microsoft.WindowsMobile.DirectX (in Microsoft.WindowsMobile.DirectX.dll)	3.5,2.0	CE6R3+;CE5.0/6.0	.NET Framework 3.5/General Reference for the .NET Framework/Additional Managed Reference Topics/Microsoft.WindowsMobile.DirectX.Direct3D Namespace/PaletteEntry Structure/PaletteEntry Properties /Red Property 
ms130247(v=vs.90)	ReferenceAlpha Property	Property	Microsoft.WindowsMobile.DirectX.Direct3D	Microsoft.WindowsMobile.DirectX (in Microsoft.WindowsMobile.DirectX.dll)	3.5,2.0	CE6R3+;CE5.0/6.0	.NET Framework 3.5/General Reference for the .NET Framework/Additional Managed Reference Topics/Microsoft.WindowsMobile.DirectX.Direct3D Namespace/RenderStateManager Class/RenderStateManager Properties /ReferenceAlpha Property 
ms130248(v=vs.90)	ReferenceStencil Property	Property	Microsoft.WindowsMobile.DirectX.Direct3D	Microsoft.WindowsMobile.DirectX (in Microsoft.WindowsMobile.DirectX.dll)	3.5,2.0	CE6R3+;CE5.0/6.0	.NET Framework 3.5/General Reference for the .NET Framework/Additional Managed Reference Topics/Microsoft.WindowsMobile.DirectX.Direct3D Namespace/RenderStateManager Class/RenderStateManager Properties /ReferenceStencil Property 
ms129680(v=vs.90)	RefreshRate Property	Property	Microsoft.WindowsMobile.DirectX.Direct3D	Microsoft.WindowsMobile.DirectX (in Microsoft.WindowsMobile.DirectX.dll)	3.5,2.0	CE6R3+;CE5.0/6.0	.NET Framework 3.5/General Reference for the .NET Framework/Additional Managed Reference Topics/Microsoft.WindowsMobile.DirectX.Direct3D Namespace/DisplayMode Structure/DisplayMode Properties /RefreshRate Property 
ms129973(v=vs.90)	RegisterSoftwareDevice Method	Method	Microsoft.WindowsMobile.DirectX.Direct3D	Microsoft.WindowsMobile.DirectX (in Microsoft.WindowsMobile.DirectX.dll)	3.5,2.0	CE6R3+;CE5.0/6.0	.NET Framework 3.5/General Reference for the .NET Framework/Additional Managed Reference Topics/Microsoft.WindowsMobile.DirectX.Direct3D Namespace/Manager Class/Manager Methods /RegisterSoftwareDevice Method 
ms129974(v=vs.90)	ReleaseD3DMobile Method	Method	Microsoft.WindowsMobile.DirectX.Direct3D	Microsoft.WindowsMobile.DirectX (in Microsoft.WindowsMobile.DirectX.dll)	3.5,2.0	CE6R3+;CE5.0/6.0	.NET Framework 3.5/General Reference for the .NET Framework/Additional Managed Reference Topics/Microsoft.WindowsMobile.DirectX.Direct3D Namespace/Manager Class/Manager Methods /ReleaseD3DMobile Method 
ms130351(v=vs.90)	ReleaseGraphics Method	Method	Microsoft.WindowsMobile.DirectX.Direct3D	Microsoft.WindowsMobile.DirectX (in Microsoft.WindowsMobile.DirectX.dll)	3.5,2.0	CE6R3+;CE5.0/6.0	.NET Framework 3.5/General Reference for the .NET Framework/Additional Managed Reference Topics/Microsoft.WindowsMobile.DirectX.Direct3D Namespace/Surface Class/Surface Methods /ReleaseGraphics Method 
ms129625(v=vs.90)	RenderState Property	Property	Microsoft.WindowsMobile.DirectX.Direct3D	Microsoft.WindowsMobile.DirectX (in Microsoft.WindowsMobile.DirectX.dll)	3.5,2.0	CE6R3+;CE5.0/6.0	.NET Framework 3.5/General Reference for the .NET Framework/Additional Managed Reference Topics/Microsoft.WindowsMobile.DirectX.Direct3D Namespace/Device Class/Device Properties /RenderState Property 
ms130215(v=vs.90)	RenderStateManager Class	Class	Microsoft.WindowsMobile.DirectX.Direct3D	Microsoft.WindowsMobile.DirectX (in Microsoft.WindowsMobile.DirectX.dll)	3.5,2.0	CE6R3+;CE5.0/6.0	.NET Framework 3.5/General Reference for the .NET Framework/Additional Managed Reference Topics/Microsoft.WindowsMobile.DirectX.Direct3D Namespace/RenderStateManager Class
ms129041(v=vs.90)	Reset Method	Method	Microsoft.WindowsMobile.DirectX.Direct3D	Microsoft.WindowsMobile.DirectX (in Microsoft.WindowsMobile.DirectX.dll)	3.5,2.0	CE6R3+;CE5.0/6.0	.NET Framework 3.5/General Reference for the .NET Framework/Additional Managed Reference Topics/Microsoft.WindowsMobile.DirectX.Direct3D Namespace/AdapterListCollection Class/AdapterListCollection Methods /Reset Method 
ms129598(v=vs.90)	Reset Method	Method	Microsoft.WindowsMobile.DirectX.Direct3D	Microsoft.WindowsMobile.DirectX (in Microsoft.WindowsMobile.DirectX.dll)	3.5,2.0	CE6R3+;CE5.0/6.0	.NET Framework 3.5/General Reference for the .NET Framework/Additional Managed Reference Topics/Microsoft.WindowsMobile.DirectX.Direct3D Namespace/Device Class/Device Methods /Reset Method 
ms129689(v=vs.90)	Reset Method	Method	Microsoft.WindowsMobile.DirectX.Direct3D	Microsoft.WindowsMobile.DirectX (in Microsoft.WindowsMobile.DirectX.dll)	3.5,2.0	CE6R3+;CE5.0/6.0	.NET Framework 3.5/General Reference for the .NET Framework/Additional Managed Reference Topics/Microsoft.WindowsMobile.DirectX.Direct3D Namespace/DisplayModeCollection Class/DisplayModeCollection Methods /Reset Method 
ms130273(v=vs.90)	Resource Class	Class	Microsoft.WindowsMobile.DirectX.Direct3D	Microsoft.WindowsMobile.DirectX (in Microsoft.WindowsMobile.DirectX.dll)	3.5,2.0	CE6R3+;CE5.0/6.0	.NET Framework 3.5/General Reference for the .NET Framework/Additional Managed Reference Topics/Microsoft.WindowsMobile.DirectX.Direct3D Namespace/Resource Class
ms129599(v=vs.90)	ResourceManagerDiscardBytes Method	Method	Microsoft.WindowsMobile.DirectX.Direct3D	Microsoft.WindowsMobile.DirectX (in Microsoft.WindowsMobile.DirectX.dll)	3.5,2.0	CE6R3+;CE5.0/6.0	.NET Framework 3.5/General Reference for the .NET Framework/Additional Managed Reference Topics/Microsoft.WindowsMobile.DirectX.Direct3D Namespace/Device Class/Device Methods /ResourceManagerDiscardBytes Method 
ms130284(v=vs.90)	ResourceType Enumeration	Enumeration	Microsoft.WindowsMobile.DirectX.Direct3D	Microsoft.WindowsMobile.DirectX (in Microsoft.WindowsMobile.DirectX.dll)	3.5,2.0	CE6R3+;CE5.0/6.0	.NET Framework 3.5/General Reference for the .NET Framework/Additional Managed Reference Topics/Microsoft.WindowsMobile.DirectX.Direct3D Namespace/ResourceType Enumeration
ms130590(v=vs.90)	Result Property	Property	Microsoft.WindowsMobile.DirectX.Direct3D	Microsoft.WindowsMobile.DirectX (in Microsoft.WindowsMobile.DirectX.dll)	3.5,2.0	CE6R3+;CE5.0/6.0	.NET Framework 3.5/General Reference for the .NET Framework/Additional Managed Reference Topics/Microsoft.WindowsMobile.DirectX.Direct3D Namespace/ValidateDeviceParams Structure/ValidateDeviceParams Properties /Result Property 
ms130549(v=vs.90)	ResultArgument Property	Property	Microsoft.WindowsMobile.DirectX.Direct3D	Microsoft.WindowsMobile.DirectX (in Microsoft.WindowsMobile.DirectX.dll)	3.5,2.0	CE6R3+;CE5.0/6.0	.NET Framework 3.5/General Reference for the .NET Framework/Additional Managed Reference Topics/Microsoft.WindowsMobile.DirectX.Direct3D Namespace/TextureStateManager Class/TextureStateManager Properties /ResultArgument Property 
ms130285(v=vs.90)	ResultCode Enumeration	Enumeration	Microsoft.WindowsMobile.DirectX.Direct3D	Microsoft.WindowsMobile.DirectX (in Microsoft.WindowsMobile.DirectX.dll)	3.5,2.0	CE6R3+;CE5.0/6.0	.NET Framework 3.5/General Reference for the .NET Framework/Additional Managed Reference Topics/Microsoft.WindowsMobile.DirectX.Direct3D Namespace/ResultCode Enumeration
ms129021(v=vs.90)	Revision Property	Property	Microsoft.WindowsMobile.DirectX.Direct3D	Microsoft.WindowsMobile.DirectX (in Microsoft.WindowsMobile.DirectX.dll)	3.5,2.0	CE6R3+;CE5.0/6.0	.NET Framework 3.5/General Reference for the .NET Framework/Additional Managed Reference Topics/Microsoft.WindowsMobile.DirectX.Direct3D Namespace/AdapterDetails Structure/AdapterDetails Properties /Revision Property 
ms129450(v=vs.90)	Rhw Field	Field	Microsoft.WindowsMobile.DirectX.Direct3D	Microsoft.WindowsMobile.DirectX (in Microsoft.WindowsMobile.DirectX.dll)	3.5,2.0	CE6R3+;CE5.0/6.0	.NET Framework 3.5/General Reference for the .NET Framework/Additional Managed Reference Topics/Microsoft.WindowsMobile.DirectX.Direct3D Namespace/CustomVertex.Transformed Structure/CustomVertex.Transformed Fields/Rhw Field
ms129469(v=vs.90)	Rhw Field	Field	Microsoft.WindowsMobile.DirectX.Direct3D	Microsoft.WindowsMobile.DirectX (in Microsoft.WindowsMobile.DirectX.dll)	3.5,2.0	CE6R3+;CE5.0/6.0	.NET Framework 3.5/General Reference for the .NET Framework/Additional Managed Reference Topics/Microsoft.WindowsMobile.DirectX.Direct3D Namespace/CustomVertex.TransformedColored Structure/CustomVertex.TransformedColored Fields/Rhw Field
ms129488(v=vs.90)	Rhw Field	Field	Microsoft.WindowsMobile.DirectX.Direct3D	Microsoft.WindowsMobile.DirectX (in Microsoft.WindowsMobile.DirectX.dll)	3.5,2.0	CE6R3+;CE5.0/6.0	.NET Framework 3.5/General Reference for the .NET Framework/Additional Managed Reference Topics/Microsoft.WindowsMobile.DirectX.Direct3D Namespace/CustomVertex.TransformedColoredTextured Structure/CustomVertex.TransformedColoredTextured Fields/Rhw Field
ms129508(v=vs.90)	Rhw Field	Field	Microsoft.WindowsMobile.DirectX.Direct3D	Microsoft.WindowsMobile.DirectX (in Microsoft.WindowsMobile.DirectX.dll)	3.5,2.0	CE6R3+;CE5.0/6.0	.NET Framework 3.5/General Reference for the .NET Framework/Additional Managed Reference Topics/Microsoft.WindowsMobile.DirectX.Direct3D Namespace/CustomVertex.TransformedFixed Structure/CustomVertex.TransformedFixed Fields/Rhw Field
ms129523(v=vs.90)	Rhw Field	Field	Microsoft.WindowsMobile.DirectX.Direct3D	Microsoft.WindowsMobile.DirectX (in Microsoft.WindowsMobile.DirectX.dll)	3.5,2.0	CE6R3+;CE5.0/6.0	.NET Framework 3.5/General Reference for the .NET Framework/Additional Managed Reference Topics/Microsoft.WindowsMobile.DirectX.Direct3D Namespace/CustomVertex.TransformedTextured Structure/CustomVertex.TransformedTextured Fields/Rhw Field
ms130088(v=vs.90)	SetAttributeTable Method	Method	Microsoft.WindowsMobile.DirectX.Direct3D	Microsoft.WindowsMobile.DirectX (in Microsoft.WindowsMobile.DirectX.dll)	3.5,2.0	CE6R3+;CE5.0/6.0	.NET Framework 3.5/General Reference for the .NET Framework/Additional Managed Reference Topics/Microsoft.WindowsMobile.DirectX.Direct3D Namespace/Mesh Class/Mesh Methods /SetAttributeTable Method 
ms129853(v=vs.90)	SetData Method	Method	Microsoft.WindowsMobile.DirectX.Direct3D	Microsoft.WindowsMobile.DirectX (in Microsoft.WindowsMobile.DirectX.dll)	3.5,2.0	CE6R3+;CE5.0/6.0	.NET Framework 3.5/General Reference for the .NET Framework/Additional Managed Reference Topics/Microsoft.WindowsMobile.DirectX.Direct3D Namespace/IndexBuffer Class/IndexBuffer Methods /SetData Method 
ms130620(v=vs.90)	SetData Method	Method	Microsoft.WindowsMobile.DirectX.Direct3D	Microsoft.WindowsMobile.DirectX (in Microsoft.WindowsMobile.DirectX.dll)	3.5,2.0	CE6R3+;CE5.0/6.0	.NET Framework 3.5/General Reference for the .NET Framework/Additional Managed Reference Topics/Microsoft.WindowsMobile.DirectX.Direct3D Namespace/VertexBuffer Class/VertexBuffer Methods /SetData Method 
ms129600(v=vs.90)	SetPaletteEntries Method	Method	Microsoft.WindowsMobile.DirectX.Direct3D	Microsoft.WindowsMobile.DirectX (in Microsoft.WindowsMobile.DirectX.dll)	3.5,2.0	CE6R3+;CE5.0/6.0	.NET Framework 3.5/General Reference for the .NET Framework/Additional Managed Reference Topics/Microsoft.WindowsMobile.DirectX.Direct3D Namespace/Device Class/Device Methods /SetPaletteEntries Method 
ms129601(v=vs.90)	SetRenderTarget Method	Method	Microsoft.WindowsMobile.DirectX.Direct3D	Microsoft.WindowsMobile.DirectX (in Microsoft.WindowsMobile.DirectX.dll)	3.5,2.0	CE6R3+;CE5.0/6.0	.NET Framework 3.5/General Reference for the .NET Framework/Additional Managed Reference Topics/Microsoft.WindowsMobile.DirectX.Direct3D Namespace/Device Class/Device Methods /SetRenderTarget Method 
ms129602(v=vs.90)	SetStreamSource Method	Method	Microsoft.WindowsMobile.DirectX.Direct3D	Microsoft.WindowsMobile.DirectX (in Microsoft.WindowsMobile.DirectX.dll)	3.5,2.0	CE6R3+;CE5.0/6.0	.NET Framework 3.5/General Reference for the .NET Framework/Additional Managed Reference Topics/Microsoft.WindowsMobile.DirectX.Direct3D Namespace/Device Class/Device Methods /SetStreamSource Method 
ms129603(v=vs.90)	SetTexture Method	Method	Microsoft.WindowsMobile.DirectX.Direct3D	Microsoft.WindowsMobile.DirectX (in Microsoft.WindowsMobile.DirectX.dll)	3.5,2.0	CE6R3+;CE5.0/6.0	.NET Framework 3.5/General Reference for the .NET Framework/Additional Managed Reference Topics/Microsoft.WindowsMobile.DirectX.Direct3D Namespace/Device Class/Device Methods /SetTexture Method 
ms129604(v=vs.90)	SetTransform Method	Method	Microsoft.WindowsMobile.DirectX.Direct3D	Microsoft.WindowsMobile.DirectX (in Microsoft.WindowsMobile.DirectX.dll)	3.5,2.0	CE6R3+;CE5.0/6.0	.NET Framework 3.5/General Reference for the .NET Framework/Additional Managed Reference Topics/Microsoft.WindowsMobile.DirectX.Direct3D Namespace/Device Class/Device Methods /SetTransform Method 
ms129605(v=vs.90)	SetTransformFixed Method	Method	Microsoft.WindowsMobile.DirectX.Direct3D	Microsoft.WindowsMobile.DirectX (in Microsoft.WindowsMobile.DirectX.dll)	3.5,2.0	CE6R3+;CE5.0/6.0	.NET Framework 3.5/General Reference for the .NET Framework/Additional Managed Reference Topics/Microsoft.WindowsMobile.DirectX.Direct3D Namespace/Device Class/Device Methods /SetTransformFixed Method 
ms130312(v=vs.90)	SetWorldViewLH Method	Method	Microsoft.WindowsMobile.DirectX.Direct3D	Microsoft.WindowsMobile.DirectX (in Microsoft.WindowsMobile.DirectX.dll)	3.5,2.0	CE6R3+;CE5.0/6.0	.NET Framework 3.5/General Reference for the .NET Framework/Additional Managed Reference Topics/Microsoft.WindowsMobile.DirectX.Direct3D Namespace/Sprite Class/Sprite Methods /SetWorldViewLH Method 
ms130313(v=vs.90)	SetWorldViewRH Method	Method	Microsoft.WindowsMobile.DirectX.Direct3D	Microsoft.WindowsMobile.DirectX (in Microsoft.WindowsMobile.DirectX.dll)	3.5,2.0	CE6R3+;CE5.0/6.0	.NET Framework 3.5/General Reference for the .NET Framework/Additional Managed Reference Topics/Microsoft.WindowsMobile.DirectX.Direct3D Namespace/Sprite Class/Sprite Methods /SetWorldViewRH Method 
ms129185(v=vs.90)	ShadeCaps Property	Property	Microsoft.WindowsMobile.DirectX.Direct3D	Microsoft.WindowsMobile.DirectX (in Microsoft.WindowsMobile.DirectX.dll)	3.5,2.0	CE6R3+;CE5.0/6.0	.NET Framework 3.5/General Reference for the .NET Framework/Additional Managed Reference Topics/Microsoft.WindowsMobile.DirectX.Direct3D Namespace/Caps Structure/Caps Properties /ShadeCaps Property 
ms130286(v=vs.90)	ShadeCaps Structure	Structure	Microsoft.WindowsMobile.DirectX.Direct3D	Microsoft.WindowsMobile.DirectX (in Microsoft.WindowsMobile.DirectX.dll)	3.5,2.0	CE6R3+;CE5.0/6.0	.NET Framework 3.5/General Reference for the .NET Framework/Additional Managed Reference Topics/Microsoft.WindowsMobile.DirectX.Direct3D Namespace/ShadeCaps Structure
ms130296(v=vs.90)	ShadeMode Enumeration	Enumeration	Microsoft.WindowsMobile.DirectX.Direct3D	Microsoft.WindowsMobile.DirectX (in Microsoft.WindowsMobile.DirectX.dll)	3.5,2.0	CE6R3+;CE5.0/6.0	.NET Framework 3.5/General Reference for the .NET Framework/Additional Managed Reference Topics/Microsoft.WindowsMobile.DirectX.Direct3D Namespace/ShadeMode Enumeration
ms130249(v=vs.90)	ShadeMode Property	Property	Microsoft.WindowsMobile.DirectX.Direct3D	Microsoft.WindowsMobile.DirectX (in Microsoft.WindowsMobile.DirectX.dll)	3.5,2.0	CE6R3+;CE5.0/6.0	.NET Framework 3.5/General Reference for the .NET Framework/Additional Managed Reference Topics/Microsoft.WindowsMobile.DirectX.Direct3D Namespace/RenderStateManager Class/RenderStateManager Properties /ShadeMode Property 
ms129872(v=vs.90)	Size Property	Property	Microsoft.WindowsMobile.DirectX.Direct3D	Microsoft.WindowsMobile.DirectX (in Microsoft.WindowsMobile.DirectX.dll)	3.5,2.0	CE6R3+;CE5.0/6.0	.NET Framework 3.5/General Reference for the .NET Framework/Additional Managed Reference Topics/Microsoft.WindowsMobile.DirectX.Direct3D Namespace/IndexBufferDescription Structure/IndexBufferDescription Properties /Size Property 
ms130395(v=vs.90)	Size Property	Property	Microsoft.WindowsMobile.DirectX.Direct3D	Microsoft.WindowsMobile.DirectX (in Microsoft.WindowsMobile.DirectX.dll)	3.5,2.0	CE6R3+;CE5.0/6.0	.NET Framework 3.5/General Reference for the .NET Framework/Additional Managed Reference Topics/Microsoft.WindowsMobile.DirectX.Direct3D Namespace/SurfaceDescription Structure/SurfaceDescription Properties /Size Property 
ms130638(v=vs.90)	Size Property	Property	Microsoft.WindowsMobile.DirectX.Direct3D	Microsoft.WindowsMobile.DirectX (in Microsoft.WindowsMobile.DirectX.dll)	3.5,2.0	CE6R3+;CE5.0/6.0	.NET Framework 3.5/General Reference for the .NET Framework/Additional Managed Reference Topics/Microsoft.WindowsMobile.DirectX.Direct3D Namespace/VertexBufferDescription Structure/VertexBufferDescription Properties /Size Property 
ms130669(v=vs.90)	Size1 Method	Method	Microsoft.WindowsMobile.DirectX.Direct3D	Microsoft.WindowsMobile.DirectX (in Microsoft.WindowsMobile.DirectX.dll)	3.5,2.0	CE6R3+;CE5.0/6.0	.NET Framework 3.5/General Reference for the .NET Framework/Additional Managed Reference Topics/Microsoft.WindowsMobile.DirectX.Direct3D Namespace/VertexTextureCoordinate Class/VertexTextureCoordinate Methods /Size1 Method 
ms130670(v=vs.90)	Size2 Method	Method	Microsoft.WindowsMobile.DirectX.Direct3D	Microsoft.WindowsMobile.DirectX (in Microsoft.WindowsMobile.DirectX.dll)	3.5,2.0	CE6R3+;CE5.0/6.0	.NET Framework 3.5/General Reference for the .NET Framework/Additional Managed Reference Topics/Microsoft.WindowsMobile.DirectX.Direct3D Namespace/VertexTextureCoordinate Class/VertexTextureCoordinate Methods /Size2 Method 
ms130671(v=vs.90)	Size3 Method	Method	Microsoft.WindowsMobile.DirectX.Direct3D	Microsoft.WindowsMobile.DirectX (in Microsoft.WindowsMobile.DirectX.dll)	3.5,2.0	CE6R3+;CE5.0/6.0	.NET Framework 3.5/General Reference for the .NET Framework/Additional Managed Reference Topics/Microsoft.WindowsMobile.DirectX.Direct3D Namespace/VertexTextureCoordinate Class/VertexTextureCoordinate Methods /Size3 Method 
ms129859(v=vs.90)	SizeInBytes Property	Property	Microsoft.WindowsMobile.DirectX.Direct3D	Microsoft.WindowsMobile.DirectX (in Microsoft.WindowsMobile.DirectX.dll)	3.5,2.0	CE6R3+;CE5.0/6.0	.NET Framework 3.5/General Reference for the .NET Framework/Additional Managed Reference Topics/Microsoft.WindowsMobile.DirectX.Direct3D Namespace/IndexBuffer Class/IndexBuffer Properties /SizeInBytes Property 
ms130626(v=vs.90)	SizeInBytes Property	Property	Microsoft.WindowsMobile.DirectX.Direct3D	Microsoft.WindowsMobile.DirectX (in Microsoft.WindowsMobile.DirectX.dll)	3.5,2.0	CE6R3+;CE5.0/6.0	.NET Framework 3.5/General Reference for the .NET Framework/Additional Managed Reference Topics/Microsoft.WindowsMobile.DirectX.Direct3D Namespace/VertexBuffer Class/VertexBuffer Properties /SizeInBytes Property 
ms130250(v=vs.90)	SlopeScaleDepthBias Property	Property	Microsoft.WindowsMobile.DirectX.Direct3D	Microsoft.WindowsMobile.DirectX (in Microsoft.WindowsMobile.DirectX.dll)	3.5,2.0	CE6R3+;CE5.0/6.0	.NET Framework 3.5/General Reference for the .NET Framework/Additional Managed Reference Topics/Microsoft.WindowsMobile.DirectX.Direct3D Namespace/RenderStateManager Class/RenderStateManager Properties /SlopeScaleDepthBias Property 
ms130251(v=vs.90)	SourceBlend Property	Property	Microsoft.WindowsMobile.DirectX.Direct3D	Microsoft.WindowsMobile.DirectX (in Microsoft.WindowsMobile.DirectX.dll)	3.5,2.0	CE6R3+;CE5.0/6.0	.NET Framework 3.5/General Reference for the .NET Framework/Additional Managed Reference Topics/Microsoft.WindowsMobile.DirectX.Direct3D Namespace/RenderStateManager Class/RenderStateManager Properties /SourceBlend Property 
ms129186(v=vs.90)	SourceBlendCaps Property	Property	Microsoft.WindowsMobile.DirectX.Direct3D	Microsoft.WindowsMobile.DirectX (in Microsoft.WindowsMobile.DirectX.dll)	3.5,2.0	CE6R3+;CE5.0/6.0	.NET Framework 3.5/General Reference for the .NET Framework/Additional Managed Reference Topics/Microsoft.WindowsMobile.DirectX.Direct3D Namespace/Caps Structure/Caps Properties /SourceBlendCaps Property 
ms129909(v=vs.90)	Specular Property	Property	Microsoft.WindowsMobile.DirectX.Direct3D	Microsoft.WindowsMobile.DirectX (in Microsoft.WindowsMobile.DirectX.dll)	3.5,2.0	CE6R3+;CE5.0/6.0	.NET Framework 3.5/General Reference for the .NET Framework/Additional Managed Reference Topics/Microsoft.WindowsMobile.DirectX.Direct3D Namespace/Light Class/Light Properties /Specular Property 
ms129933(v=vs.90)	Specular Property	Property	Microsoft.WindowsMobile.DirectX.Direct3D	Microsoft.WindowsMobile.DirectX (in Microsoft.WindowsMobile.DirectX.dll)	3.5,2.0	CE6R3+;CE5.0/6.0	.NET Framework 3.5/General Reference for the .NET Framework/Additional Managed Reference Topics/Microsoft.WindowsMobile.DirectX.Direct3D Namespace/LightFixed Class/LightFixed Properties /Specular Property 
ms130011(v=vs.90)	Specular Property	Property	Microsoft.WindowsMobile.DirectX.Direct3D	Microsoft.WindowsMobile.DirectX (in Microsoft.WindowsMobile.DirectX.dll)	3.5,2.0	CE6R3+;CE5.0/6.0	.NET Framework 3.5/General Reference for the .NET Framework/Additional Managed Reference Topics/Microsoft.WindowsMobile.DirectX.Direct3D Namespace/Material Structure/Material Properties /Specular Property 
ms130024(v=vs.90)	Specular Property	Property	Microsoft.WindowsMobile.DirectX.Direct3D	Microsoft.WindowsMobile.DirectX (in Microsoft.WindowsMobile.DirectX.dll)	3.5,2.0	CE6R3+;CE5.0/6.0	.NET Framework 3.5/General Reference for the .NET Framework/Additional Managed Reference Topics/Microsoft.WindowsMobile.DirectX.Direct3D Namespace/MaterialFixed Structure/MaterialFixed Properties /Specular Property 
ms129910(v=vs.90)	SpecularColor Property	Property	Microsoft.WindowsMobile.DirectX.Direct3D	Microsoft.WindowsMobile.DirectX (in Microsoft.WindowsMobile.DirectX.dll)	3.5,2.0	CE6R3+;CE5.0/6.0	.NET Framework 3.5/General Reference for the .NET Framework/Additional Managed Reference Topics/Microsoft.WindowsMobile.DirectX.Direct3D Namespace/Light Class/Light Properties /SpecularColor Property 
ms129934(v=vs.90)	SpecularColor Property	Property	Microsoft.WindowsMobile.DirectX.Direct3D	Microsoft.WindowsMobile.DirectX (in Microsoft.WindowsMobile.DirectX.dll)	3.5,2.0	CE6R3+;CE5.0/6.0	.NET Framework 3.5/General Reference for the .NET Framework/Additional Managed Reference Topics/Microsoft.WindowsMobile.DirectX.Direct3D Namespace/LightFixed Class/LightFixed Properties /SpecularColor Property 
ms130012(v=vs.90)	SpecularColor Property	Property	Microsoft.WindowsMobile.DirectX.Direct3D	Microsoft.WindowsMobile.DirectX (in Microsoft.WindowsMobile.DirectX.dll)	3.5,2.0	CE6R3+;CE5.0/6.0	.NET Framework 3.5/General Reference for the .NET Framework/Additional Managed Reference Topics/Microsoft.WindowsMobile.DirectX.Direct3D Namespace/Material Structure/Material Properties /SpecularColor Property 
ms130025(v=vs.90)	SpecularColor Property	Property	Microsoft.WindowsMobile.DirectX.Direct3D	Microsoft.WindowsMobile.DirectX (in Microsoft.WindowsMobile.DirectX.dll)	3.5,2.0	CE6R3+;CE5.0/6.0	.NET Framework 3.5/General Reference for the .NET Framework/Additional Managed Reference Topics/Microsoft.WindowsMobile.DirectX.Direct3D Namespace/MaterialFixed Structure/MaterialFixed Properties /SpecularColor Property 
ms130252(v=vs.90)	SpecularEnable Property	Property	Microsoft.WindowsMobile.DirectX.Direct3D	Microsoft.WindowsMobile.DirectX (in Microsoft.WindowsMobile.DirectX.dll)	3.5,2.0	CE6R3+;CE5.0/6.0	.NET Framework 3.5/General Reference for the .NET Framework/Additional Managed Reference Topics/Microsoft.WindowsMobile.DirectX.Direct3D Namespace/RenderStateManager Class/RenderStateManager Properties /SpecularEnable Property 
ms130253(v=vs.90)	SpecularMaterialSource Property	Property	Microsoft.WindowsMobile.DirectX.Direct3D	Microsoft.WindowsMobile.DirectX (in Microsoft.WindowsMobile.DirectX.dll)	3.5,2.0	CE6R3+;CE5.0/6.0	.NET Framework 3.5/General Reference for the .NET Framework/Additional Managed Reference Topics/Microsoft.WindowsMobile.DirectX.Direct3D Namespace/RenderStateManager Class/RenderStateManager Properties /SpecularMaterialSource Property 
ms130013(v=vs.90)	SpecularSharpness Property	Property	Microsoft.WindowsMobile.DirectX.Direct3D	Microsoft.WindowsMobile.DirectX (in Microsoft.WindowsMobile.DirectX.dll)	3.5,2.0	CE6R3+;CE5.0/6.0	.NET Framework 3.5/General Reference for the .NET Framework/Additional Managed Reference Topics/Microsoft.WindowsMobile.DirectX.Direct3D Namespace/Material Structure/Material Properties /SpecularSharpness Property 
ms130026(v=vs.90)	SpecularSharpness Property	Property	Microsoft.WindowsMobile.DirectX.Direct3D	Microsoft.WindowsMobile.DirectX (in Microsoft.WindowsMobile.DirectX.dll)	3.5,2.0	CE6R3+;CE5.0/6.0	.NET Framework 3.5/General Reference for the .NET Framework/Additional Managed Reference Topics/Microsoft.WindowsMobile.DirectX.Direct3D Namespace/MaterialFixed Structure/MaterialFixed Properties /SpecularSharpness Property 
ms130089(v=vs.90)	Sphere Method	Method	Microsoft.WindowsMobile.DirectX.Direct3D	Microsoft.WindowsMobile.DirectX (in Microsoft.WindowsMobile.DirectX.dll)	3.5,2.0	CE6R3+;CE5.0/6.0	.NET Framework 3.5/General Reference for the .NET Framework/Additional Managed Reference Topics/Microsoft.WindowsMobile.DirectX.Direct3D Namespace/Mesh Class/Mesh Methods /Sphere Method 
ms129830(v=vs.90)	SphereBoundProbe Method	Method	Microsoft.WindowsMobile.DirectX.Direct3D	Microsoft.WindowsMobile.DirectX (in Microsoft.WindowsMobile.DirectX.dll)	3.5,2.0	CE6R3+;CE5.0/6.0	.NET Framework 3.5/General Reference for the .NET Framework/Additional Managed Reference Topics/Microsoft.WindowsMobile.DirectX.Direct3D Namespace/Geometry Class/Geometry Methods /SphereBoundProbe Method 
ms130297(v=vs.90)	Sprite Class	Class	Microsoft.WindowsMobile.DirectX.Direct3D	Microsoft.WindowsMobile.DirectX (in Microsoft.WindowsMobile.DirectX.dll)	3.5,2.0	CE6R3+;CE5.0/6.0	.NET Framework 3.5/General Reference for the .NET Framework/Additional Managed Reference Topics/Microsoft.WindowsMobile.DirectX.Direct3D Namespace/Sprite Class
ms130299(v=vs.90)	Sprite Constructor	Constructor	Microsoft.WindowsMobile.DirectX.Direct3D	Microsoft.WindowsMobile.DirectX (in Microsoft.WindowsMobile.DirectX.dll)	3.5,2.0	CE6R3+;CE5.0/6.0	.NET Framework 3.5/General Reference for the .NET Framework/Additional Managed Reference Topics/Microsoft.WindowsMobile.DirectX.Direct3D Namespace/Sprite Class/Sprite Constructor 
ms130323(v=vs.90)	SpriteFlags Enumeration	Enumeration	Microsoft.WindowsMobile.DirectX.Direct3D	Microsoft.WindowsMobile.DirectX (in Microsoft.WindowsMobile.DirectX.dll)	3.5,2.0	CE6R3+;CE5.0/6.0	.NET Framework 3.5/General Reference for the .NET Framework/Additional Managed Reference Topics/Microsoft.WindowsMobile.DirectX.Direct3D Namespace/SpriteFlags Enumeration
ms129187(v=vs.90)	StencilCaps Property	Property	Microsoft.WindowsMobile.DirectX.Direct3D	Microsoft.WindowsMobile.DirectX (in Microsoft.WindowsMobile.DirectX.dll)	3.5,2.0	CE6R3+;CE5.0/6.0	.NET Framework 3.5/General Reference for the .NET Framework/Additional Managed Reference Topics/Microsoft.WindowsMobile.DirectX.Direct3D Namespace/Caps Structure/Caps Properties /StencilCaps Property 
ms130324(v=vs.90)	StencilCaps Structure	Structure	Microsoft.WindowsMobile.DirectX.Direct3D	Microsoft.WindowsMobile.DirectX (in Microsoft.WindowsMobile.DirectX.dll)	3.5,2.0	CE6R3+;CE5.0/6.0	.NET Framework 3.5/General Reference for the .NET Framework/Additional Managed Reference Topics/Microsoft.WindowsMobile.DirectX.Direct3D Namespace/StencilCaps Structure
ms129188(v=vs.90)	StencilComparisonCaps Property	Property	Microsoft.WindowsMobile.DirectX.Direct3D	Microsoft.WindowsMobile.DirectX (in Microsoft.WindowsMobile.DirectX.dll)	3.5,2.0	CE6R3+;CE5.0/6.0	.NET Framework 3.5/General Reference for the .NET Framework/Additional Managed Reference Topics/Microsoft.WindowsMobile.DirectX.Direct3D Namespace/Caps Structure/Caps Properties /StencilComparisonCaps Property 
ms130254(v=vs.90)	StencilEnable Property	Property	Microsoft.WindowsMobile.DirectX.Direct3D	Microsoft.WindowsMobile.DirectX (in Microsoft.WindowsMobile.DirectX.dll)	3.5,2.0	CE6R3+;CE5.0/6.0	.NET Framework 3.5/General Reference for the .NET Framework/Additional Managed Reference Topics/Microsoft.WindowsMobile.DirectX.Direct3D Namespace/RenderStateManager Class/RenderStateManager Properties /StencilEnable Property 
ms130255(v=vs.90)	StencilFail Property	Property	Microsoft.WindowsMobile.DirectX.Direct3D	Microsoft.WindowsMobile.DirectX (in Microsoft.WindowsMobile.DirectX.dll)	3.5,2.0	CE6R3+;CE5.0/6.0	.NET Framework 3.5/General Reference for the .NET Framework/Additional Managed Reference Topics/Microsoft.WindowsMobile.DirectX.Direct3D Namespace/RenderStateManager Class/RenderStateManager Properties /StencilFail Property 
ms130256(v=vs.90)	StencilFunction Property	Property	Microsoft.WindowsMobile.DirectX.Direct3D	Microsoft.WindowsMobile.DirectX (in Microsoft.WindowsMobile.DirectX.dll)	3.5,2.0	CE6R3+;CE5.0/6.0	.NET Framework 3.5/General Reference for the .NET Framework/Additional Managed Reference Topics/Microsoft.WindowsMobile.DirectX.Direct3D Namespace/RenderStateManager Class/RenderStateManager Properties /StencilFunction Property 
ms130257(v=vs.90)	StencilMask Property	Property	Microsoft.WindowsMobile.DirectX.Direct3D	Microsoft.WindowsMobile.DirectX (in Microsoft.WindowsMobile.DirectX.dll)	3.5,2.0	CE6R3+;CE5.0/6.0	.NET Framework 3.5/General Reference for the .NET Framework/Additional Managed Reference Topics/Microsoft.WindowsMobile.DirectX.Direct3D Namespace/RenderStateManager Class/RenderStateManager Properties /StencilMask Property 
ms130339(v=vs.90)	StencilOperation Enumeration	Enumeration	Microsoft.WindowsMobile.DirectX.Direct3D	Microsoft.WindowsMobile.DirectX (in Microsoft.WindowsMobile.DirectX.dll)	3.5,2.0	CE6R3+;CE5.0/6.0	.NET Framework 3.5/General Reference for the .NET Framework/Additional Managed Reference Topics/Microsoft.WindowsMobile.DirectX.Direct3D Namespace/StencilOperation Enumeration
ms130258(v=vs.90)	StencilPass Property	Property	Microsoft.WindowsMobile.DirectX.Direct3D	Microsoft.WindowsMobile.DirectX (in Microsoft.WindowsMobile.DirectX.dll)	3.5,2.0	CE6R3+;CE5.0/6.0	.NET Framework 3.5/General Reference for the .NET Framework/Additional Managed Reference Topics/Microsoft.WindowsMobile.DirectX.Direct3D Namespace/RenderStateManager Class/RenderStateManager Properties /StencilPass Property 
ms130259(v=vs.90)	StencilWriteMask Property	Property	Microsoft.WindowsMobile.DirectX.Direct3D	Microsoft.WindowsMobile.DirectX (in Microsoft.WindowsMobile.DirectX.dll)	3.5,2.0	CE6R3+;CE5.0/6.0	.NET Framework 3.5/General Reference for the .NET Framework/Additional Managed Reference Topics/Microsoft.WindowsMobile.DirectX.Direct3D Namespace/RenderStateManager Class/RenderStateManager Properties /StencilWriteMask Property 
ms130260(v=vs.90)	StencilZBufferFail Property	Property	Microsoft.WindowsMobile.DirectX.Direct3D	Microsoft.WindowsMobile.DirectX (in Microsoft.WindowsMobile.DirectX.dll)	3.5,2.0	CE6R3+;CE5.0/6.0	.NET Framework 3.5/General Reference for the .NET Framework/Additional Managed Reference Topics/Microsoft.WindowsMobile.DirectX.Direct3D Namespace/RenderStateManager Class/RenderStateManager Properties /StencilZBufferFail Property 
ms130197(v=vs.90)	StretchBltMultisample Property	Property	Microsoft.WindowsMobile.DirectX.Direct3D	Microsoft.WindowsMobile.DirectX (in Microsoft.WindowsMobile.DirectX.dll)	3.5,2.0	CE6R3+;CE5.0/6.0	.NET Framework 3.5/General Reference for the .NET Framework/Additional Managed Reference Topics/Microsoft.WindowsMobile.DirectX.Direct3D Namespace/RasterCaps Structure/RasterCaps Properties /StretchBltMultisample Property 
ms129606(v=vs.90)	StretchRectangle Method	Method	Microsoft.WindowsMobile.DirectX.Direct3D	Microsoft.WindowsMobile.DirectX (in Microsoft.WindowsMobile.DirectX.dll)	3.5,2.0	CE6R3+;CE5.0/6.0	.NET Framework 3.5/General Reference for the .NET Framework/Additional Managed Reference Topics/Microsoft.WindowsMobile.DirectX.Direct3D Namespace/Device Class/Device Methods /StretchRectangle Method 
ms129189(v=vs.90)	StretchRectangleFilterCaps Property	Property	Microsoft.WindowsMobile.DirectX.Direct3D	Microsoft.WindowsMobile.DirectX (in Microsoft.WindowsMobile.DirectX.dll)	3.5,2.0	CE6R3+;CE5.0/6.0	.NET Framework 3.5/General Reference for the .NET Framework/Additional Managed Reference Topics/Microsoft.WindowsMobile.DirectX.Direct3D Namespace/Caps Structure/Caps Properties /StretchRectangleFilterCaps Property 
ms129285(v=vs.90)	StrideSize Property	Property	Microsoft.WindowsMobile.DirectX.Direct3D	Microsoft.WindowsMobile.DirectX (in Microsoft.WindowsMobile.DirectX.dll)	3.5,2.0	CE6R3+;CE5.0/6.0	.NET Framework 3.5/General Reference for the .NET Framework/Additional Managed Reference Topics/Microsoft.WindowsMobile.DirectX.Direct3D Namespace/CustomVertex.PositionColored Structure/CustomVertex.PositionColored Properties /StrideSize Property 
ms129305(v=vs.90)	StrideSize Property	Property	Microsoft.WindowsMobile.DirectX.Direct3D	Microsoft.WindowsMobile.DirectX (in Microsoft.WindowsMobile.DirectX.dll)	3.5,2.0	CE6R3+;CE5.0/6.0	.NET Framework 3.5/General Reference for the .NET Framework/Additional Managed Reference Topics/Microsoft.WindowsMobile.DirectX.Direct3D Namespace/CustomVertex.PositionColoredTextured Structure/CustomVertex.PositionColoredTextured Properties /StrideSize Property 
ms129325(v=vs.90)	StrideSize Property	Property	Microsoft.WindowsMobile.DirectX.Direct3D	Microsoft.WindowsMobile.DirectX (in Microsoft.WindowsMobile.DirectX.dll)	3.5,2.0	CE6R3+;CE5.0/6.0	.NET Framework 3.5/General Reference for the .NET Framework/Additional Managed Reference Topics/Microsoft.WindowsMobile.DirectX.Direct3D Namespace/CustomVertex.PositionNormal Structure/CustomVertex.PositionNormal Properties /StrideSize Property 
ms129347(v=vs.90)	StrideSize Property	Property	Microsoft.WindowsMobile.DirectX.Direct3D	Microsoft.WindowsMobile.DirectX (in Microsoft.WindowsMobile.DirectX.dll)	3.5,2.0	CE6R3+;CE5.0/6.0	.NET Framework 3.5/General Reference for the .NET Framework/Additional Managed Reference Topics/Microsoft.WindowsMobile.DirectX.Direct3D Namespace/CustomVertex.PositionNormalColored Structure/CustomVertex.PositionNormalColored Properties /StrideSize Property 
ms129367(v=vs.90)	StrideSize Property	Property	Microsoft.WindowsMobile.DirectX.Direct3D	Microsoft.WindowsMobile.DirectX (in Microsoft.WindowsMobile.DirectX.dll)	3.5,2.0	CE6R3+;CE5.0/6.0	.NET Framework 3.5/General Reference for the .NET Framework/Additional Managed Reference Topics/Microsoft.WindowsMobile.DirectX.Direct3D Namespace/CustomVertex.PositionNormalFixed Structure/CustomVertex.PositionNormalFixed Properties /StrideSize Property 
ms129389(v=vs.90)	StrideSize Property	Property	Microsoft.WindowsMobile.DirectX.Direct3D	Microsoft.WindowsMobile.DirectX (in Microsoft.WindowsMobile.DirectX.dll)	3.5,2.0	CE6R3+;CE5.0/6.0	.NET Framework 3.5/General Reference for the .NET Framework/Additional Managed Reference Topics/Microsoft.WindowsMobile.DirectX.Direct3D Namespace/CustomVertex.PositionNormalTextured Structure/CustomVertex.PositionNormalTextured Properties /StrideSize Property 
ms129406(v=vs.90)	StrideSize Property	Property	Microsoft.WindowsMobile.DirectX.Direct3D	Microsoft.WindowsMobile.DirectX (in Microsoft.WindowsMobile.DirectX.dll)	3.5,2.0	CE6R3+;CE5.0/6.0	.NET Framework 3.5/General Reference for the .NET Framework/Additional Managed Reference Topics/Microsoft.WindowsMobile.DirectX.Direct3D Namespace/CustomVertex.PositionOnly Structure/CustomVertex.PositionOnly Properties /StrideSize Property 
ms129423(v=vs.90)	StrideSize Property	Property	Microsoft.WindowsMobile.DirectX.Direct3D	Microsoft.WindowsMobile.DirectX (in Microsoft.WindowsMobile.DirectX.dll)	3.5,2.0	CE6R3+;CE5.0/6.0	.NET Framework 3.5/General Reference for the .NET Framework/Additional Managed Reference Topics/Microsoft.WindowsMobile.DirectX.Direct3D Namespace/CustomVertex.PositionOnlyFixed Structure/CustomVertex.PositionOnlyFixed Properties /StrideSize Property 
ms129442(v=vs.90)	StrideSize Property	Property	Microsoft.WindowsMobile.DirectX.Direct3D	Microsoft.WindowsMobile.DirectX (in Microsoft.WindowsMobile.DirectX.dll)	3.5,2.0	CE6R3+;CE5.0/6.0	.NET Framework 3.5/General Reference for the .NET Framework/Additional Managed Reference Topics/Microsoft.WindowsMobile.DirectX.Direct3D Namespace/CustomVertex.PositionTextured Structure/CustomVertex.PositionTextured Properties /StrideSize Property 
ms129461(v=vs.90)	StrideSize Property	Property	Microsoft.WindowsMobile.DirectX.Direct3D	Microsoft.WindowsMobile.DirectX (in Microsoft.WindowsMobile.DirectX.dll)	3.5,2.0	CE6R3+;CE5.0/6.0	.NET Framework 3.5/General Reference for the .NET Framework/Additional Managed Reference Topics/Microsoft.WindowsMobile.DirectX.Direct3D Namespace/CustomVertex.Transformed Structure/CustomVertex.Transformed Properties /StrideSize Property 
ms129480(v=vs.90)	StrideSize Property	Property	Microsoft.WindowsMobile.DirectX.Direct3D	Microsoft.WindowsMobile.DirectX (in Microsoft.WindowsMobile.DirectX.dll)	3.5,2.0	CE6R3+;CE5.0/6.0	.NET Framework 3.5/General Reference for the .NET Framework/Additional Managed Reference Topics/Microsoft.WindowsMobile.DirectX.Direct3D Namespace/CustomVertex.TransformedColored Structure/CustomVertex.TransformedColored Properties /StrideSize Property 
ms129501(v=vs.90)	StrideSize Property	Property	Microsoft.WindowsMobile.DirectX.Direct3D	Microsoft.WindowsMobile.DirectX (in Microsoft.WindowsMobile.DirectX.dll)	3.5,2.0	CE6R3+;CE5.0/6.0	.NET Framework 3.5/General Reference for the .NET Framework/Additional Managed Reference Topics/Microsoft.WindowsMobile.DirectX.Direct3D Namespace/CustomVertex.TransformedColoredTextured Structure/CustomVertex.TransformedColoredTextured Properties /StrideSize Property 
ms129516(v=vs.90)	StrideSize Property	Property	Microsoft.WindowsMobile.DirectX.Direct3D	Microsoft.WindowsMobile.DirectX (in Microsoft.WindowsMobile.DirectX.dll)	3.5,2.0	CE6R3+;CE5.0/6.0	.NET Framework 3.5/General Reference for the .NET Framework/Additional Managed Reference Topics/Microsoft.WindowsMobile.DirectX.Direct3D Namespace/CustomVertex.TransformedFixed Structure/CustomVertex.TransformedFixed Properties /StrideSize Property 
ms129536(v=vs.90)	StrideSize Property	Property	Microsoft.WindowsMobile.DirectX.Direct3D	Microsoft.WindowsMobile.DirectX (in Microsoft.WindowsMobile.DirectX.dll)	3.5,2.0	CE6R3+;CE5.0/6.0	.NET Framework 3.5/General Reference for the .NET Framework/Additional Managed Reference Topics/Microsoft.WindowsMobile.DirectX.Direct3D Namespace/CustomVertex.TransformedTextured Structure/CustomVertex.TransformedTextured Properties /StrideSize Property 
ms129022(v=vs.90)	SubSystemId Property	Property	Microsoft.WindowsMobile.DirectX.Direct3D	Microsoft.WindowsMobile.DirectX (in Microsoft.WindowsMobile.DirectX.dll)	3.5,2.0	CE6R3+;CE5.0/6.0	.NET Framework 3.5/General Reference for the .NET Framework/Additional Managed Reference Topics/Microsoft.WindowsMobile.DirectX.Direct3D Namespace/AdapterDetails Structure/AdapterDetails Properties /SubSystemId Property 
ms129760(v=vs.90)	Subtraction Operator	Operator	Microsoft.WindowsMobile.DirectX.Direct3D	Microsoft.WindowsMobile.DirectX (in Microsoft.WindowsMobile.DirectX.dll)	3.5,2.0	CE6R3+;CE5.0/6.0	.NET Framework 3.5/General Reference for the .NET Framework/Additional Managed Reference Topics/Microsoft.WindowsMobile.DirectX.Direct3D Namespace/FixedPoint Structure/FixedPoint Operators/Subtraction Operator
ms129033(v=vs.90)	SupportedDisplayModes Property	Property	Microsoft.WindowsMobile.DirectX.Direct3D	Microsoft.WindowsMobile.DirectX (in Microsoft.WindowsMobile.DirectX.dll)	3.5,2.0	CE6R3+;CE5.0/6.0	.NET Framework 3.5/General Reference for the .NET Framework/Additional Managed Reference Topics/Microsoft.WindowsMobile.DirectX.Direct3D Namespace/AdapterInformation Class/AdapterInformation Properties /SupportedDisplayModes Property 
ms129147(v=vs.90)	SupportsAdd Property	Property	Microsoft.WindowsMobile.DirectX.Direct3D	Microsoft.WindowsMobile.DirectX (in Microsoft.WindowsMobile.DirectX.dll)	3.5,2.0	CE6R3+;CE5.0/6.0	.NET Framework 3.5/General Reference for the .NET Framework/Additional Managed Reference Topics/Microsoft.WindowsMobile.DirectX.Direct3D Namespace/BlendOperationCaps Structure/BlendOperationCaps Properties /SupportsAdd Property 
ms130490(v=vs.90)	SupportsAdd Property	Property	Microsoft.WindowsMobile.DirectX.Direct3D	Microsoft.WindowsMobile.DirectX (in Microsoft.WindowsMobile.DirectX.dll)	3.5,2.0	CE6R3+;CE5.0/6.0	.NET Framework 3.5/General Reference for the .NET Framework/Additional Managed Reference Topics/Microsoft.WindowsMobile.DirectX.Direct3D Namespace/TextureOperationCaps Structure/TextureOperationCaps Properties /SupportsAdd Property 
ms130491(v=vs.90)	SupportsAddSigned Property	Property	Microsoft.WindowsMobile.DirectX.Direct3D	Microsoft.WindowsMobile.DirectX (in Microsoft.WindowsMobile.DirectX.dll)	3.5,2.0	CE6R3+;CE5.0/6.0	.NET Framework 3.5/General Reference for the .NET Framework/Additional Managed Reference Topics/Microsoft.WindowsMobile.DirectX.Direct3D Namespace/TextureOperationCaps Structure/TextureOperationCaps Properties /SupportsAddSigned Property 
ms130492(v=vs.90)	SupportsAddSigned2X Property	Property	Microsoft.WindowsMobile.DirectX.Direct3D	Microsoft.WindowsMobile.DirectX (in Microsoft.WindowsMobile.DirectX.dll)	3.5,2.0	CE6R3+;CE5.0/6.0	.NET Framework 3.5/General Reference for the .NET Framework/Additional Managed Reference Topics/Microsoft.WindowsMobile.DirectX.Direct3D Namespace/TextureOperationCaps Structure/TextureOperationCaps Properties /SupportsAddSigned2X Property 
ms130493(v=vs.90)	SupportsAddSmooth Property	Property	Microsoft.WindowsMobile.DirectX.Direct3D	Microsoft.WindowsMobile.DirectX (in Microsoft.WindowsMobile.DirectX.dll)	3.5,2.0	CE6R3+;CE5.0/6.0	.NET Framework 3.5/General Reference for the .NET Framework/Additional Managed Reference Topics/Microsoft.WindowsMobile.DirectX.Direct3D Namespace/TextureOperationCaps Structure/TextureOperationCaps Properties /SupportsAddSmooth Property 
ms130457(v=vs.90)	SupportsAlpha Property	Property	Microsoft.WindowsMobile.DirectX.Direct3D	Microsoft.WindowsMobile.DirectX (in Microsoft.WindowsMobile.DirectX.dll)	3.5,2.0	CE6R3+;CE5.0/6.0	.NET Framework 3.5/General Reference for the .NET Framework/Additional Managed Reference Topics/Microsoft.WindowsMobile.DirectX.Direct3D Namespace/TextureCaps Structure/TextureCaps Properties /SupportsAlpha Property 
ms130127(v=vs.90)	SupportsAlphaBlend Property	Property	Microsoft.WindowsMobile.DirectX.Direct3D	Microsoft.WindowsMobile.DirectX (in Microsoft.WindowsMobile.DirectX.dll)	3.5,2.0	CE6R3+;CE5.0/6.0	.NET Framework 3.5/General Reference for the .NET Framework/Additional Managed Reference Topics/Microsoft.WindowsMobile.DirectX.Direct3D Namespace/MiscCaps Structure/MiscCaps Properties /SupportsAlphaBlend Property 
ms129957(v=vs.90)	SupportsAlphaCompare Property	Property	Microsoft.WindowsMobile.DirectX.Direct3D	Microsoft.WindowsMobile.DirectX (in Microsoft.WindowsMobile.DirectX.dll)	3.5,2.0	CE6R3+;CE5.0/6.0	.NET Framework 3.5/General Reference for the .NET Framework/Additional Managed Reference Topics/Microsoft.WindowsMobile.DirectX.Direct3D Namespace/LineCaps Structure/LineCaps Properties /SupportsAlphaCompare Property 
ms130128(v=vs.90)	SupportsAlphaComparison Property	Property	Microsoft.WindowsMobile.DirectX.Direct3D	Microsoft.WindowsMobile.DirectX (in Microsoft.WindowsMobile.DirectX.dll)	3.5,2.0	CE6R3+;CE5.0/6.0	.NET Framework 3.5/General Reference for the .NET Framework/Additional Managed Reference Topics/Microsoft.WindowsMobile.DirectX.Direct3D Namespace/MiscCaps Structure/MiscCaps Properties /SupportsAlphaComparison Property 
ms130290(v=vs.90)	SupportsAlphaGouraudBlend Property	Property	Microsoft.WindowsMobile.DirectX.Direct3D	Microsoft.WindowsMobile.DirectX (in Microsoft.WindowsMobile.DirectX.dll)	3.5,2.0	CE6R3+;CE5.0/6.0	.NET Framework 3.5/General Reference for the .NET Framework/Additional Managed Reference Topics/Microsoft.WindowsMobile.DirectX.Direct3D Namespace/ShadeCaps Structure/ShadeCaps Properties /SupportsAlphaGouraudBlend Property 
ms130458(v=vs.90)	SupportsAlphaPalette Property	Property	Microsoft.WindowsMobile.DirectX.Direct3D	Microsoft.WindowsMobile.DirectX (in Microsoft.WindowsMobile.DirectX.dll)	3.5,2.0	CE6R3+;CE5.0/6.0	.NET Framework 3.5/General Reference for the .NET Framework/Additional Managed Reference Topics/Microsoft.WindowsMobile.DirectX.Direct3D Namespace/TextureCaps Structure/TextureCaps Properties /SupportsAlphaPalette Property 
ms129254(v=vs.90)	SupportsAlways Property	Property	Microsoft.WindowsMobile.DirectX.Direct3D	Microsoft.WindowsMobile.DirectX (in Microsoft.WindowsMobile.DirectX.dll)	3.5,2.0	CE6R3+;CE5.0/6.0	.NET Framework 3.5/General Reference for the .NET Framework/Additional Managed Reference Topics/Microsoft.WindowsMobile.DirectX.Direct3D Namespace/ComparisonCaps Structure/ComparisonCaps Properties /SupportsAlways Property 
ms130198(v=vs.90)	SupportsAnisotropy Property	Property	Microsoft.WindowsMobile.DirectX.Direct3D	Microsoft.WindowsMobile.DirectX (in Microsoft.WindowsMobile.DirectX.dll)	3.5,2.0	CE6R3+;CE5.0/6.0	.NET Framework 3.5/General Reference for the .NET Framework/Additional Managed Reference Topics/Microsoft.WindowsMobile.DirectX.Direct3D Namespace/RasterCaps Structure/RasterCaps Properties /SupportsAnisotropy Property 
ms129958(v=vs.90)	SupportsBlend Property	Property	Microsoft.WindowsMobile.DirectX.Direct3D	Microsoft.WindowsMobile.DirectX (in Microsoft.WindowsMobile.DirectX.dll)	3.5,2.0	CE6R3+;CE5.0/6.0	.NET Framework 3.5/General Reference for the .NET Framework/Additional Managed Reference Topics/Microsoft.WindowsMobile.DirectX.Direct3D Namespace/LineCaps Structure/LineCaps Properties /SupportsBlend Property 
ms130494(v=vs.90)	SupportsBlendCurrentAlpha Property	Property	Microsoft.WindowsMobile.DirectX.Direct3D	Microsoft.WindowsMobile.DirectX (in Microsoft.WindowsMobile.DirectX.dll)	3.5,2.0	CE6R3+;CE5.0/6.0	.NET Framework 3.5/General Reference for the .NET Framework/Additional Managed Reference Topics/Microsoft.WindowsMobile.DirectX.Direct3D Namespace/TextureOperationCaps Structure/TextureOperationCaps Properties /SupportsBlendCurrentAlpha Property 
ms130495(v=vs.90)	SupportsBlendDiffuseAlpha Property	Property	Microsoft.WindowsMobile.DirectX.Direct3D	Microsoft.WindowsMobile.DirectX (in Microsoft.WindowsMobile.DirectX.dll)	3.5,2.0	CE6R3+;CE5.0/6.0	.NET Framework 3.5/General Reference for the .NET Framework/Additional Managed Reference Topics/Microsoft.WindowsMobile.DirectX.Direct3D Namespace/TextureOperationCaps Structure/TextureOperationCaps Properties /SupportsBlendDiffuseAlpha Property 
ms130496(v=vs.90)	SupportsBlendFactorAlpha Property	Property	Microsoft.WindowsMobile.DirectX.Direct3D	Microsoft.WindowsMobile.DirectX (in Microsoft.WindowsMobile.DirectX.dll)	3.5,2.0	CE6R3+;CE5.0/6.0	.NET Framework 3.5/General Reference for the .NET Framework/Additional Managed Reference Topics/Microsoft.WindowsMobile.DirectX.Direct3D Namespace/TextureOperationCaps Structure/TextureOperationCaps Properties /SupportsBlendFactorAlpha Property 
ms130497(v=vs.90)	SupportsBlendTextureAlpha Property	Property	Microsoft.WindowsMobile.DirectX.Direct3D	Microsoft.WindowsMobile.DirectX (in Microsoft.WindowsMobile.DirectX.dll)	3.5,2.0	CE6R3+;CE5.0/6.0	.NET Framework 3.5/General Reference for the .NET Framework/Additional Managed Reference Topics/Microsoft.WindowsMobile.DirectX.Direct3D Namespace/TextureOperationCaps Structure/TextureOperationCaps Properties /SupportsBlendTextureAlpha Property 
ms130498(v=vs.90)	SupportsBlendTextureAlphaPM Property	Property	Microsoft.WindowsMobile.DirectX.Direct3D	Microsoft.WindowsMobile.DirectX (in Microsoft.WindowsMobile.DirectX.dll)	3.5,2.0	CE6R3+;CE5.0/6.0	.NET Framework 3.5/General Reference for the .NET Framework/Additional Managed Reference Topics/Microsoft.WindowsMobile.DirectX.Direct3D Namespace/TextureOperationCaps Structure/TextureOperationCaps Properties /SupportsBlendTextureAlphaPM Property 
ms129054(v=vs.90)	SupportsBorder Property	Property	Microsoft.WindowsMobile.DirectX.Direct3D	Microsoft.WindowsMobile.DirectX (in Microsoft.WindowsMobile.DirectX.dll)	3.5,2.0	CE6R3+;CE5.0/6.0	.NET Framework 3.5/General Reference for the .NET Framework/Additional Managed Reference Topics/Microsoft.WindowsMobile.DirectX.Direct3D Namespace/AddressCaps Structure/AddressCaps Properties /SupportsBorder Property 
ms129055(v=vs.90)	SupportsClamp Property	Property	Microsoft.WindowsMobile.DirectX.Direct3D	Microsoft.WindowsMobile.DirectX (in Microsoft.WindowsMobile.DirectX.dll)	3.5,2.0	CE6R3+;CE5.0/6.0	.NET Framework 3.5/General Reference for the .NET Framework/Additional Managed Reference Topics/Microsoft.WindowsMobile.DirectX.Direct3D Namespace/AddressCaps Structure/AddressCaps Properties /SupportsClamp Property 
ms130655(v=vs.90)	SupportsClipStatus Property	Property	Microsoft.WindowsMobile.DirectX.Direct3D	Microsoft.WindowsMobile.DirectX (in Microsoft.WindowsMobile.DirectX.dll)	3.5,2.0	CE6R3+;CE5.0/6.0	.NET Framework 3.5/General Reference for the .NET Framework/Additional Managed Reference Topics/Microsoft.WindowsMobile.DirectX.Direct3D Namespace/VertexProcessingCaps Structure/VertexProcessingCaps Properties /SupportsClipStatus Property 
ms130291(v=vs.90)	SupportsColorGouraudRgb Property	Property	Microsoft.WindowsMobile.DirectX.Direct3D	Microsoft.WindowsMobile.DirectX (in Microsoft.WindowsMobile.DirectX.dll)	3.5,2.0	CE6R3+;CE5.0/6.0	.NET Framework 3.5/General Reference for the .NET Framework/Additional Managed Reference Topics/Microsoft.WindowsMobile.DirectX.Direct3D Namespace/ShadeCaps Structure/ShadeCaps Properties /SupportsColorGouraudRgb Property 
ms130199(v=vs.90)	SupportsColorPerspective Property	Property	Microsoft.WindowsMobile.DirectX.Direct3D	Microsoft.WindowsMobile.DirectX (in Microsoft.WindowsMobile.DirectX.dll)	3.5,2.0	CE6R3+;CE5.0/6.0	.NET Framework 3.5/General Reference for the .NET Framework/Additional Managed Reference Topics/Microsoft.WindowsMobile.DirectX.Direct3D Namespace/RasterCaps Structure/RasterCaps Properties /SupportsColorPerspective Property 
ms130129(v=vs.90)	SupportsColorWrite Property	Property	Microsoft.WindowsMobile.DirectX.Direct3D	Microsoft.WindowsMobile.DirectX (in Microsoft.WindowsMobile.DirectX.dll)	3.5,2.0	CE6R3+;CE5.0/6.0	.NET Framework 3.5/General Reference for the .NET Framework/Additional Managed Reference Topics/Microsoft.WindowsMobile.DirectX.Direct3D Namespace/MiscCaps Structure/MiscCaps Properties /SupportsColorWrite Property 
ms130130(v=vs.90)	SupportsCullClockwise Property	Property	Microsoft.WindowsMobile.DirectX.Direct3D	Microsoft.WindowsMobile.DirectX (in Microsoft.WindowsMobile.DirectX.dll)	3.5,2.0	CE6R3+;CE5.0/6.0	.NET Framework 3.5/General Reference for the .NET Framework/Additional Managed Reference Topics/Microsoft.WindowsMobile.DirectX.Direct3D Namespace/MiscCaps Structure/MiscCaps Properties /SupportsCullClockwise Property 
ms130131(v=vs.90)	SupportsCullCounterClockwise Property	Property	Microsoft.WindowsMobile.DirectX.Direct3D	Microsoft.WindowsMobile.DirectX (in Microsoft.WindowsMobile.DirectX.dll)	3.5,2.0	CE6R3+;CE5.0/6.0	.NET Framework 3.5/General Reference for the .NET Framework/Additional Managed Reference Topics/Microsoft.WindowsMobile.DirectX.Direct3D Namespace/MiscCaps Structure/MiscCaps Properties /SupportsCullCounterClockwise Property 
ms130132(v=vs.90)	SupportsCullNone Property	Property	Microsoft.WindowsMobile.DirectX.Direct3D	Microsoft.WindowsMobile.DirectX (in Microsoft.WindowsMobile.DirectX.dll)	3.5,2.0	CE6R3+;CE5.0/6.0	.NET Framework 3.5/General Reference for the .NET Framework/Additional Managed Reference Topics/Microsoft.WindowsMobile.DirectX.Direct3D Namespace/MiscCaps Structure/MiscCaps Properties /SupportsCullNone Property 
ms130328(v=vs.90)	SupportsDecrement Property	Property	Microsoft.WindowsMobile.DirectX.Direct3D	Microsoft.WindowsMobile.DirectX (in Microsoft.WindowsMobile.DirectX.dll)	3.5,2.0	CE6R3+;CE5.0/6.0	.NET Framework 3.5/General Reference for the .NET Framework/Additional Managed Reference Topics/Microsoft.WindowsMobile.DirectX.Direct3D Namespace/StencilCaps Structure/StencilCaps Properties /SupportsDecrement Property 
ms130329(v=vs.90)	SupportsDecrementSaturation Property	Property	Microsoft.WindowsMobile.DirectX.Direct3D	Microsoft.WindowsMobile.DirectX (in Microsoft.WindowsMobile.DirectX.dll)	3.5,2.0	CE6R3+;CE5.0/6.0	.NET Framework 3.5/General Reference for the .NET Framework/Additional Managed Reference Topics/Microsoft.WindowsMobile.DirectX.Direct3D Namespace/StencilCaps Structure/StencilCaps Properties /SupportsDecrementSaturation Property 
ms130200(v=vs.90)	SupportsDepthBias Property	Property	Microsoft.WindowsMobile.DirectX.Direct3D	Microsoft.WindowsMobile.DirectX (in Microsoft.WindowsMobile.DirectX.dll)	3.5,2.0	CE6R3+;CE5.0/6.0	.NET Framework 3.5/General Reference for the .NET Framework/Additional Managed Reference Topics/Microsoft.WindowsMobile.DirectX.Direct3D Namespace/RasterCaps Structure/RasterCaps Properties /SupportsDepthBias Property 
ms129129(v=vs.90)	SupportsDestinationAlpha Property	Property	Microsoft.WindowsMobile.DirectX.Direct3D	Microsoft.WindowsMobile.DirectX (in Microsoft.WindowsMobile.DirectX.dll)	3.5,2.0	CE6R3+;CE5.0/6.0	.NET Framework 3.5/General Reference for the .NET Framework/Additional Managed Reference Topics/Microsoft.WindowsMobile.DirectX.Direct3D Namespace/BlendCaps Structure/BlendCaps Properties /SupportsDestinationAlpha Property 
ms129130(v=vs.90)	SupportsDestinationColor Property	Property	Microsoft.WindowsMobile.DirectX.Direct3D	Microsoft.WindowsMobile.DirectX (in Microsoft.WindowsMobile.DirectX.dll)	3.5,2.0	CE6R3+;CE5.0/6.0	.NET Framework 3.5/General Reference for the .NET Framework/Additional Managed Reference Topics/Microsoft.WindowsMobile.DirectX.Direct3D Namespace/BlendCaps Structure/BlendCaps Properties /SupportsDestinationColor Property 
ms130656(v=vs.90)	SupportsDirectionalLights Property	Property	Microsoft.WindowsMobile.DirectX.Direct3D	Microsoft.WindowsMobile.DirectX (in Microsoft.WindowsMobile.DirectX.dll)	3.5,2.0	CE6R3+;CE5.0/6.0	.NET Framework 3.5/General Reference for the .NET Framework/Additional Managed Reference Topics/Microsoft.WindowsMobile.DirectX.Direct3D Namespace/VertexProcessingCaps Structure/VertexProcessingCaps Properties /SupportsDirectionalLights Property 
ms130201(v=vs.90)	SupportsDither Property	Property	Microsoft.WindowsMobile.DirectX.Direct3D	Microsoft.WindowsMobile.DirectX (in Microsoft.WindowsMobile.DirectX.dll)	3.5,2.0	CE6R3+;CE5.0/6.0	.NET Framework 3.5/General Reference for the .NET Framework/Additional Managed Reference Topics/Microsoft.WindowsMobile.DirectX.Direct3D Namespace/RasterCaps Structure/RasterCaps Properties /SupportsDither Property 
ms130499(v=vs.90)	SupportsDotProduct3 Property	Property	Microsoft.WindowsMobile.DirectX.Direct3D	Microsoft.WindowsMobile.DirectX (in Microsoft.WindowsMobile.DirectX.dll)	3.5,2.0	CE6R3+;CE5.0/6.0	.NET Framework 3.5/General Reference for the .NET Framework/Additional Managed Reference Topics/Microsoft.WindowsMobile.DirectX.Direct3D Namespace/TextureOperationCaps Structure/TextureOperationCaps Properties /SupportsDotProduct3 Property 
ms129255(v=vs.90)	SupportsEqual Property	Property	Microsoft.WindowsMobile.DirectX.Direct3D	Microsoft.WindowsMobile.DirectX (in Microsoft.WindowsMobile.DirectX.dll)	3.5,2.0	CE6R3+;CE5.0/6.0	.NET Framework 3.5/General Reference for the .NET Framework/Additional Managed Reference Topics/Microsoft.WindowsMobile.DirectX.Direct3D Namespace/ComparisonCaps Structure/ComparisonCaps Properties /SupportsEqual Property 
ms130202(v=vs.90)	SupportsExp2Fog Property	Property	Microsoft.WindowsMobile.DirectX.Direct3D	Microsoft.WindowsMobile.DirectX (in Microsoft.WindowsMobile.DirectX.dll)	3.5,2.0	CE6R3+;CE5.0/6.0	.NET Framework 3.5/General Reference for the .NET Framework/Additional Managed Reference Topics/Microsoft.WindowsMobile.DirectX.Direct3D Namespace/RasterCaps Structure/RasterCaps Properties /SupportsExp2Fog Property 
ms130203(v=vs.90)	SupportsExpFog Property	Property	Microsoft.WindowsMobile.DirectX.Direct3D	Microsoft.WindowsMobile.DirectX (in Microsoft.WindowsMobile.DirectX.dll)	3.5,2.0	CE6R3+;CE5.0/6.0	.NET Framework 3.5/General Reference for the .NET Framework/Additional Managed Reference Topics/Microsoft.WindowsMobile.DirectX.Direct3D Namespace/RasterCaps Structure/RasterCaps Properties /SupportsExpFog Property 
ms130292(v=vs.90)	SupportsFogGouraud Property	Property	Microsoft.WindowsMobile.DirectX.Direct3D	Microsoft.WindowsMobile.DirectX (in Microsoft.WindowsMobile.DirectX.dll)	3.5,2.0	CE6R3+;CE5.0/6.0	.NET Framework 3.5/General Reference for the .NET Framework/Additional Managed Reference Topics/Microsoft.WindowsMobile.DirectX.Direct3D Namespace/ShadeCaps Structure/ShadeCaps Properties /SupportsFogGouraud Property 
ms130204(v=vs.90)	SupportsFogRange Property	Property	Microsoft.WindowsMobile.DirectX.Direct3D	Microsoft.WindowsMobile.DirectX (in Microsoft.WindowsMobile.DirectX.dll)	3.5,2.0	CE6R3+;CE5.0/6.0	.NET Framework 3.5/General Reference for the .NET Framework/Additional Managed Reference Topics/Microsoft.WindowsMobile.DirectX.Direct3D Namespace/RasterCaps Structure/RasterCaps Properties /SupportsFogRange Property 
ms130205(v=vs.90)	SupportsFogTable Property	Property	Microsoft.WindowsMobile.DirectX.Direct3D	Microsoft.WindowsMobile.DirectX (in Microsoft.WindowsMobile.DirectX.dll)	3.5,2.0	CE6R3+;CE5.0/6.0	.NET Framework 3.5/General Reference for the .NET Framework/Additional Managed Reference Topics/Microsoft.WindowsMobile.DirectX.Direct3D Namespace/RasterCaps Structure/RasterCaps Properties /SupportsFogTable Property 
ms130206(v=vs.90)	SupportsFogVertex Property	Property	Microsoft.WindowsMobile.DirectX.Direct3D	Microsoft.WindowsMobile.DirectX (in Microsoft.WindowsMobile.DirectX.dll)	3.5,2.0	CE6R3+;CE5.0/6.0	.NET Framework 3.5/General Reference for the .NET Framework/Additional Managed Reference Topics/Microsoft.WindowsMobile.DirectX.Direct3D Namespace/RasterCaps Structure/RasterCaps Properties /SupportsFogVertex Property 
ms129256(v=vs.90)	SupportsGreater Property	Property	Microsoft.WindowsMobile.DirectX.Direct3D	Microsoft.WindowsMobile.DirectX (in Microsoft.WindowsMobile.DirectX.dll)	3.5,2.0	CE6R3+;CE5.0/6.0	.NET Framework 3.5/General Reference for the .NET Framework/Additional Managed Reference Topics/Microsoft.WindowsMobile.DirectX.Direct3D Namespace/ComparisonCaps Structure/ComparisonCaps Properties /SupportsGreater Property 
ms129257(v=vs.90)	SupportsGreaterEqual Property	Property	Microsoft.WindowsMobile.DirectX.Direct3D	Microsoft.WindowsMobile.DirectX (in Microsoft.WindowsMobile.DirectX.dll)	3.5,2.0	CE6R3+;CE5.0/6.0	.NET Framework 3.5/General Reference for the .NET Framework/Additional Managed Reference Topics/Microsoft.WindowsMobile.DirectX.Direct3D Namespace/ComparisonCaps Structure/ComparisonCaps Properties /SupportsGreaterEqual Property 
ms129643(v=vs.90)	SupportsHardwareRasterization Property	Property	Microsoft.WindowsMobile.DirectX.Direct3D	Microsoft.WindowsMobile.DirectX (in Microsoft.WindowsMobile.DirectX.dll)	3.5,2.0	CE6R3+;CE5.0/6.0	.NET Framework 3.5/General Reference for the .NET Framework/Additional Managed Reference Topics/Microsoft.WindowsMobile.DirectX.Direct3D Namespace/DeviceCaps Structure/DeviceCaps Properties /SupportsHardwareRasterization Property 
ms129644(v=vs.90)	SupportsHardwareTransformAndLight Property	Property	Microsoft.WindowsMobile.DirectX.Direct3D	Microsoft.WindowsMobile.DirectX (in Microsoft.WindowsMobile.DirectX.dll)	3.5,2.0	CE6R3+;CE5.0/6.0	.NET Framework 3.5/General Reference for the .NET Framework/Additional Managed Reference Topics/Microsoft.WindowsMobile.DirectX.Direct3D Namespace/DeviceCaps Structure/DeviceCaps Properties /SupportsHardwareTransformAndLight Property 
ms130330(v=vs.90)	SupportsIncrement Property	Property	Microsoft.WindowsMobile.DirectX.Direct3D	Microsoft.WindowsMobile.DirectX (in Microsoft.WindowsMobile.DirectX.dll)	3.5,2.0	CE6R3+;CE5.0/6.0	.NET Framework 3.5/General Reference for the .NET Framework/Additional Managed Reference Topics/Microsoft.WindowsMobile.DirectX.Direct3D Namespace/StencilCaps Structure/StencilCaps Properties /SupportsIncrement Property 
ms130331(v=vs.90)	SupportsIncrementSaturation Property	Property	Microsoft.WindowsMobile.DirectX.Direct3D	Microsoft.WindowsMobile.DirectX (in Microsoft.WindowsMobile.DirectX.dll)	3.5,2.0	CE6R3+;CE5.0/6.0	.NET Framework 3.5/General Reference for the .NET Framework/Additional Managed Reference Topics/Microsoft.WindowsMobile.DirectX.Direct3D Namespace/StencilCaps Structure/StencilCaps Properties /SupportsIncrementSaturation Property 
ms129056(v=vs.90)	SupportsIndependentUV Property	Property	Microsoft.WindowsMobile.DirectX.Direct3D	Microsoft.WindowsMobile.DirectX (in Microsoft.WindowsMobile.DirectX.dll)	3.5,2.0	CE6R3+;CE5.0/6.0	.NET Framework 3.5/General Reference for the .NET Framework/Additional Managed Reference Topics/Microsoft.WindowsMobile.DirectX.Direct3D Namespace/AddressCaps Structure/AddressCaps Properties /SupportsIndependentUV Property 
ms129131(v=vs.90)	SupportsInverseDestinationAlpha Property	Property	Microsoft.WindowsMobile.DirectX.Direct3D	Microsoft.WindowsMobile.DirectX (in Microsoft.WindowsMobile.DirectX.dll)	3.5,2.0	CE6R3+;CE5.0/6.0	.NET Framework 3.5/General Reference for the .NET Framework/Additional Managed Reference Topics/Microsoft.WindowsMobile.DirectX.Direct3D Namespace/BlendCaps Structure/BlendCaps Properties /SupportsInverseDestinationAlpha Property 
ms129132(v=vs.90)	SupportsInverseDestinationColor Property	Property	Microsoft.WindowsMobile.DirectX.Direct3D	Microsoft.WindowsMobile.DirectX (in Microsoft.WindowsMobile.DirectX.dll)	3.5,2.0	CE6R3+;CE5.0/6.0	.NET Framework 3.5/General Reference for the .NET Framework/Additional Managed Reference Topics/Microsoft.WindowsMobile.DirectX.Direct3D Namespace/BlendCaps Structure/BlendCaps Properties /SupportsInverseDestinationColor Property 
ms129133(v=vs.90)	SupportsInverseSourceAlpha Property	Property	Microsoft.WindowsMobile.DirectX.Direct3D	Microsoft.WindowsMobile.DirectX (in Microsoft.WindowsMobile.DirectX.dll)	3.5,2.0	CE6R3+;CE5.0/6.0	.NET Framework 3.5/General Reference for the .NET Framework/Additional Managed Reference Topics/Microsoft.WindowsMobile.DirectX.Direct3D Namespace/BlendCaps Structure/BlendCaps Properties /SupportsInverseSourceAlpha Property 
ms129134(v=vs.90)	SupportsInverseSourceColor Property	Property	Microsoft.WindowsMobile.DirectX.Direct3D	Microsoft.WindowsMobile.DirectX (in Microsoft.WindowsMobile.DirectX.dll)	3.5,2.0	CE6R3+;CE5.0/6.0	.NET Framework 3.5/General Reference for the .NET Framework/Additional Managed Reference Topics/Microsoft.WindowsMobile.DirectX.Direct3D Namespace/BlendCaps Structure/BlendCaps Properties /SupportsInverseSourceColor Property 
ms130332(v=vs.90)	SupportsInvert Property	Property	Microsoft.WindowsMobile.DirectX.Direct3D	Microsoft.WindowsMobile.DirectX (in Microsoft.WindowsMobile.DirectX.dll)	3.5,2.0	CE6R3+;CE5.0/6.0	.NET Framework 3.5/General Reference for the .NET Framework/Additional Managed Reference Topics/Microsoft.WindowsMobile.DirectX.Direct3D Namespace/StencilCaps Structure/StencilCaps Properties /SupportsInvert Property 
ms130334(v=vs.90)	SupportsKeep Property	Property	Microsoft.WindowsMobile.DirectX.Direct3D	Microsoft.WindowsMobile.DirectX (in Microsoft.WindowsMobile.DirectX.dll)	3.5,2.0	CE6R3+;CE5.0/6.0	.NET Framework 3.5/General Reference for the .NET Framework/Additional Managed Reference Topics/Microsoft.WindowsMobile.DirectX.Direct3D Namespace/StencilCaps Structure/StencilCaps Properties /SupportsKeep Property 
ms130500(v=vs.90)	SupportsLerp Property	Property	Microsoft.WindowsMobile.DirectX.Direct3D	Microsoft.WindowsMobile.DirectX (in Microsoft.WindowsMobile.DirectX.dll)	3.5,2.0	CE6R3+;CE5.0/6.0	.NET Framework 3.5/General Reference for the .NET Framework/Additional Managed Reference Topics/Microsoft.WindowsMobile.DirectX.Direct3D Namespace/TextureOperationCaps Structure/TextureOperationCaps Properties /SupportsLerp Property 
ms129258(v=vs.90)	SupportsLess Property	Property	Microsoft.WindowsMobile.DirectX.Direct3D	Microsoft.WindowsMobile.DirectX (in Microsoft.WindowsMobile.DirectX.dll)	3.5,2.0	CE6R3+;CE5.0/6.0	.NET Framework 3.5/General Reference for the .NET Framework/Additional Managed Reference Topics/Microsoft.WindowsMobile.DirectX.Direct3D Namespace/ComparisonCaps Structure/ComparisonCaps Properties /SupportsLess Property 
ms129259(v=vs.90)	SupportsLessEqual Property	Property	Microsoft.WindowsMobile.DirectX.Direct3D	Microsoft.WindowsMobile.DirectX (in Microsoft.WindowsMobile.DirectX.dll)	3.5,2.0	CE6R3+;CE5.0/6.0	.NET Framework 3.5/General Reference for the .NET Framework/Additional Managed Reference Topics/Microsoft.WindowsMobile.DirectX.Direct3D Namespace/ComparisonCaps Structure/ComparisonCaps Properties /SupportsLessEqual Property 
ms130657(v=vs.90)	SupportsLocalViewer Property	Property	Microsoft.WindowsMobile.DirectX.Direct3D	Microsoft.WindowsMobile.DirectX (in Microsoft.WindowsMobile.DirectX.dll)	3.5,2.0	CE6R3+;CE5.0/6.0	.NET Framework 3.5/General Reference for the .NET Framework/Additional Managed Reference Topics/Microsoft.WindowsMobile.DirectX.Direct3D Namespace/VertexProcessingCaps Structure/VertexProcessingCaps Properties /SupportsLocalViewer Property 
ms130367(v=vs.90)	SupportsLockDepthBuffer Property	Property	Microsoft.WindowsMobile.DirectX.Direct3D	Microsoft.WindowsMobile.DirectX (in Microsoft.WindowsMobile.DirectX.dll)	3.5,2.0	CE6R3+;CE5.0/6.0	.NET Framework 3.5/General Reference for the .NET Framework/Additional Managed Reference Topics/Microsoft.WindowsMobile.DirectX.Direct3D Namespace/SurfaceCaps Structure/SurfaceCaps Properties /SupportsLockDepthBuffer Property 
ms130368(v=vs.90)	SupportsLockRenderTarget Property	Property	Microsoft.WindowsMobile.DirectX.Direct3D	Microsoft.WindowsMobile.DirectX (in Microsoft.WindowsMobile.DirectX.dll)	3.5,2.0	CE6R3+;CE5.0/6.0	.NET Framework 3.5/General Reference for the .NET Framework/Additional Managed Reference Topics/Microsoft.WindowsMobile.DirectX.Direct3D Namespace/SurfaceCaps Structure/SurfaceCaps Properties /SupportsLockRenderTarget Property 
ms130369(v=vs.90)	SupportsLockTexture Property	Property	Microsoft.WindowsMobile.DirectX.Direct3D	Microsoft.WindowsMobile.DirectX (in Microsoft.WindowsMobile.DirectX.dll)	3.5,2.0	CE6R3+;CE5.0/6.0	.NET Framework 3.5/General Reference for the .NET Framework/Additional Managed Reference Topics/Microsoft.WindowsMobile.DirectX.Direct3D Namespace/SurfaceCaps Structure/SurfaceCaps Properties /SupportsLockTexture Property 
ms129721(v=vs.90)	SupportsMagnifyAnisotropic Property	Property	Microsoft.WindowsMobile.DirectX.Direct3D	Microsoft.WindowsMobile.DirectX (in Microsoft.WindowsMobile.DirectX.dll)	3.5,2.0	CE6R3+;CE5.0/6.0	.NET Framework 3.5/General Reference for the .NET Framework/Additional Managed Reference Topics/Microsoft.WindowsMobile.DirectX.Direct3D Namespace/FilterCaps Structure/FilterCaps Properties /SupportsMagnifyAnisotropic Property 
ms129722(v=vs.90)	SupportsMagnifyLinear Property	Property	Microsoft.WindowsMobile.DirectX.Direct3D	Microsoft.WindowsMobile.DirectX (in Microsoft.WindowsMobile.DirectX.dll)	3.5,2.0	CE6R3+;CE5.0/6.0	.NET Framework 3.5/General Reference for the .NET Framework/Additional Managed Reference Topics/Microsoft.WindowsMobile.DirectX.Direct3D Namespace/FilterCaps Structure/FilterCaps Properties /SupportsMagnifyLinear Property 
ms129723(v=vs.90)	SupportsMagnifyPoint Property	Property	Microsoft.WindowsMobile.DirectX.Direct3D	Microsoft.WindowsMobile.DirectX (in Microsoft.WindowsMobile.DirectX.dll)	3.5,2.0	CE6R3+;CE5.0/6.0	.NET Framework 3.5/General Reference for the .NET Framework/Additional Managed Reference Topics/Microsoft.WindowsMobile.DirectX.Direct3D Namespace/FilterCaps Structure/FilterCaps Properties /SupportsMagnifyPoint Property 
ms130370(v=vs.90)	SupportsManagedPool Property	Property	Microsoft.WindowsMobile.DirectX.Direct3D	Microsoft.WindowsMobile.DirectX (in Microsoft.WindowsMobile.DirectX.dll)	3.5,2.0	CE6R3+;CE5.0/6.0	.NET Framework 3.5/General Reference for the .NET Framework/Additional Managed Reference Topics/Microsoft.WindowsMobile.DirectX.Direct3D Namespace/SurfaceCaps Structure/SurfaceCaps Properties /SupportsManagedPool Property 
ms130658(v=vs.90)	SupportsMaterialSource Property	Property	Microsoft.WindowsMobile.DirectX.Direct3D	Microsoft.WindowsMobile.DirectX (in Microsoft.WindowsMobile.DirectX.dll)	3.5,2.0	CE6R3+;CE5.0/6.0	.NET Framework 3.5/General Reference for the .NET Framework/Additional Managed Reference Topics/Microsoft.WindowsMobile.DirectX.Direct3D Namespace/VertexProcessingCaps Structure/VertexProcessingCaps Properties /SupportsMaterialSource Property 
ms129148(v=vs.90)	SupportsMax Property	Property	Microsoft.WindowsMobile.DirectX.Direct3D	Microsoft.WindowsMobile.DirectX (in Microsoft.WindowsMobile.DirectX.dll)	3.5,2.0	CE6R3+;CE5.0/6.0	.NET Framework 3.5/General Reference for the .NET Framework/Additional Managed Reference Topics/Microsoft.WindowsMobile.DirectX.Direct3D Namespace/BlendOperationCaps Structure/BlendOperationCaps Properties /SupportsMax Property 
ms129149(v=vs.90)	SupportsMin Property	Property	Microsoft.WindowsMobile.DirectX.Direct3D	Microsoft.WindowsMobile.DirectX (in Microsoft.WindowsMobile.DirectX.dll)	3.5,2.0	CE6R3+;CE5.0/6.0	.NET Framework 3.5/General Reference for the .NET Framework/Additional Managed Reference Topics/Microsoft.WindowsMobile.DirectX.Direct3D Namespace/BlendOperationCaps Structure/BlendOperationCaps Properties /SupportsMin Property 
ms129724(v=vs.90)	SupportsMinifyAnisotropic Property	Property	Microsoft.WindowsMobile.DirectX.Direct3D	Microsoft.WindowsMobile.DirectX (in Microsoft.WindowsMobile.DirectX.dll)	3.5,2.0	CE6R3+;CE5.0/6.0	.NET Framework 3.5/General Reference for the .NET Framework/Additional Managed Reference Topics/Microsoft.WindowsMobile.DirectX.Direct3D Namespace/FilterCaps Structure/FilterCaps Properties /SupportsMinifyAnisotropic Property 
ms129725(v=vs.90)	SupportsMinifyLinear Property	Property	Microsoft.WindowsMobile.DirectX.Direct3D	Microsoft.WindowsMobile.DirectX (in Microsoft.WindowsMobile.DirectX.dll)	3.5,2.0	CE6R3+;CE5.0/6.0	.NET Framework 3.5/General Reference for the .NET Framework/Additional Managed Reference Topics/Microsoft.WindowsMobile.DirectX.Direct3D Namespace/FilterCaps Structure/FilterCaps Properties /SupportsMinifyLinear Property 
ms129726(v=vs.90)	SupportsMinifyPoint Property	Property	Microsoft.WindowsMobile.DirectX.Direct3D	Microsoft.WindowsMobile.DirectX (in Microsoft.WindowsMobile.DirectX.dll)	3.5,2.0	CE6R3+;CE5.0/6.0	.NET Framework 3.5/General Reference for the .NET Framework/Additional Managed Reference Topics/Microsoft.WindowsMobile.DirectX.Direct3D Namespace/FilterCaps Structure/FilterCaps Properties /SupportsMinifyPoint Property 
ms130459(v=vs.90)	SupportsMipMap Property	Property	Microsoft.WindowsMobile.DirectX.Direct3D	Microsoft.WindowsMobile.DirectX (in Microsoft.WindowsMobile.DirectX.dll)	3.5,2.0	CE6R3+;CE5.0/6.0	.NET Framework 3.5/General Reference for the .NET Framework/Additional Managed Reference Topics/Microsoft.WindowsMobile.DirectX.Direct3D Namespace/TextureCaps Structure/TextureCaps Properties /SupportsMipMap Property 
ms130207(v=vs.90)	SupportsMipMapLevelOfDetailBias Property	Property	Microsoft.WindowsMobile.DirectX.Direct3D	Microsoft.WindowsMobile.DirectX (in Microsoft.WindowsMobile.DirectX.dll)	3.5,2.0	CE6R3+;CE5.0/6.0	.NET Framework 3.5/General Reference for the .NET Framework/Additional Managed Reference Topics/Microsoft.WindowsMobile.DirectX.Direct3D Namespace/RasterCaps Structure/RasterCaps Properties /SupportsMipMapLevelOfDetailBias Property 
ms129727(v=vs.90)	SupportsMipMapLinear Property	Property	Microsoft.WindowsMobile.DirectX.Direct3D	Microsoft.WindowsMobile.DirectX (in Microsoft.WindowsMobile.DirectX.dll)	3.5,2.0	CE6R3+;CE5.0/6.0	.NET Framework 3.5/General Reference for the .NET Framework/Additional Managed Reference Topics/Microsoft.WindowsMobile.DirectX.Direct3D Namespace/FilterCaps Structure/FilterCaps Properties /SupportsMipMapLinear Property 
ms129728(v=vs.90)	SupportsMipMapPoint Property	Property	Microsoft.WindowsMobile.DirectX.Direct3D	Microsoft.WindowsMobile.DirectX (in Microsoft.WindowsMobile.DirectX.dll)	3.5,2.0	CE6R3+;CE5.0/6.0	.NET Framework 3.5/General Reference for the .NET Framework/Additional Managed Reference Topics/Microsoft.WindowsMobile.DirectX.Direct3D Namespace/FilterCaps Structure/FilterCaps Properties /SupportsMipMapPoint Property 
ms129057(v=vs.90)	SupportsMirror Property	Property	Microsoft.WindowsMobile.DirectX.Direct3D	Microsoft.WindowsMobile.DirectX (in Microsoft.WindowsMobile.DirectX.dll)	3.5,2.0	CE6R3+;CE5.0/6.0	.NET Framework 3.5/General Reference for the .NET Framework/Additional Managed Reference Topics/Microsoft.WindowsMobile.DirectX.Direct3D Namespace/AddressCaps Structure/AddressCaps Properties /SupportsMirror Property 
ms130501(v=vs.90)	SupportsModulate Property	Property	Microsoft.WindowsMobile.DirectX.Direct3D	Microsoft.WindowsMobile.DirectX (in Microsoft.WindowsMobile.DirectX.dll)	3.5,2.0	CE6R3+;CE5.0/6.0	.NET Framework 3.5/General Reference for the .NET Framework/Additional Managed Reference Topics/Microsoft.WindowsMobile.DirectX.Direct3D Namespace/TextureOperationCaps Structure/TextureOperationCaps Properties /SupportsModulate Property 
ms130502(v=vs.90)	SupportsModulate2X Property	Property	Microsoft.WindowsMobile.DirectX.Direct3D	Microsoft.WindowsMobile.DirectX (in Microsoft.WindowsMobile.DirectX.dll)	3.5,2.0	CE6R3+;CE5.0/6.0	.NET Framework 3.5/General Reference for the .NET Framework/Additional Managed Reference Topics/Microsoft.WindowsMobile.DirectX.Direct3D Namespace/TextureOperationCaps Structure/TextureOperationCaps Properties /SupportsModulate2X Property 
ms130503(v=vs.90)	SupportsModulate4X Property	Property	Microsoft.WindowsMobile.DirectX.Direct3D	Microsoft.WindowsMobile.DirectX (in Microsoft.WindowsMobile.DirectX.dll)	3.5,2.0	CE6R3+;CE5.0/6.0	.NET Framework 3.5/General Reference for the .NET Framework/Additional Managed Reference Topics/Microsoft.WindowsMobile.DirectX.Direct3D Namespace/TextureOperationCaps Structure/TextureOperationCaps Properties /SupportsModulate4X Property 
ms130504(v=vs.90)	SupportsModulateAlphaAddColor Property	Property	Microsoft.WindowsMobile.DirectX.Direct3D	Microsoft.WindowsMobile.DirectX (in Microsoft.WindowsMobile.DirectX.dll)	3.5,2.0	CE6R3+;CE5.0/6.0	.NET Framework 3.5/General Reference for the .NET Framework/Additional Managed Reference Topics/Microsoft.WindowsMobile.DirectX.Direct3D Namespace/TextureOperationCaps Structure/TextureOperationCaps Properties /SupportsModulateAlphaAddColor Property 
ms130505(v=vs.90)	SupportsModulateColorAddAlpha Property	Property	Microsoft.WindowsMobile.DirectX.Direct3D	Microsoft.WindowsMobile.DirectX (in Microsoft.WindowsMobile.DirectX.dll)	3.5,2.0	CE6R3+;CE5.0/6.0	.NET Framework 3.5/General Reference for the .NET Framework/Additional Managed Reference Topics/Microsoft.WindowsMobile.DirectX.Direct3D Namespace/TextureOperationCaps Structure/TextureOperationCaps Properties /SupportsModulateColorAddAlpha Property 
ms130506(v=vs.90)	SupportsModulateInvAlphaAddColor Property	Property	Microsoft.WindowsMobile.DirectX.Direct3D	Microsoft.WindowsMobile.DirectX (in Microsoft.WindowsMobile.DirectX.dll)	3.5,2.0	CE6R3+;CE5.0/6.0	.NET Framework 3.5/General Reference for the .NET Framework/Additional Managed Reference Topics/Microsoft.WindowsMobile.DirectX.Direct3D Namespace/TextureOperationCaps Structure/TextureOperationCaps Properties /SupportsModulateInvAlphaAddColor Property 
ms130507(v=vs.90)	SupportsModulateInvColorAddAlpha Property	Property	Microsoft.WindowsMobile.DirectX.Direct3D	Microsoft.WindowsMobile.DirectX (in Microsoft.WindowsMobile.DirectX.dll)	3.5,2.0	CE6R3+;CE5.0/6.0	.NET Framework 3.5/General Reference for the .NET Framework/Additional Managed Reference Topics/Microsoft.WindowsMobile.DirectX.Direct3D Namespace/TextureOperationCaps Structure/TextureOperationCaps Properties /SupportsModulateInvColorAddAlpha Property 
ms130508(v=vs.90)	SupportsMultiplyAdd Property	Property	Microsoft.WindowsMobile.DirectX.Direct3D	Microsoft.WindowsMobile.DirectX (in Microsoft.WindowsMobile.DirectX.dll)	3.5,2.0	CE6R3+;CE5.0/6.0	.NET Framework 3.5/General Reference for the .NET Framework/Additional Managed Reference Topics/Microsoft.WindowsMobile.DirectX.Direct3D Namespace/TextureOperationCaps Structure/TextureOperationCaps Properties /SupportsMultiplyAdd Property 
ms129260(v=vs.90)	SupportsNever Property	Property	Microsoft.WindowsMobile.DirectX.Direct3D	Microsoft.WindowsMobile.DirectX (in Microsoft.WindowsMobile.DirectX.dll)	3.5,2.0	CE6R3+;CE5.0/6.0	.NET Framework 3.5/General Reference for the .NET Framework/Additional Managed Reference Topics/Microsoft.WindowsMobile.DirectX.Direct3D Namespace/ComparisonCaps Structure/ComparisonCaps Properties /SupportsNever Property 
ms129261(v=vs.90)	SupportsNotEqual Property	Property	Microsoft.WindowsMobile.DirectX.Direct3D	Microsoft.WindowsMobile.DirectX (in Microsoft.WindowsMobile.DirectX.dll)	3.5,2.0	CE6R3+;CE5.0/6.0	.NET Framework 3.5/General Reference for the .NET Framework/Additional Managed Reference Topics/Microsoft.WindowsMobile.DirectX.Direct3D Namespace/ComparisonCaps Structure/ComparisonCaps Properties /SupportsNotEqual Property 
ms129135(v=vs.90)	SupportsOne Property	Property	Microsoft.WindowsMobile.DirectX.Direct3D	Microsoft.WindowsMobile.DirectX (in Microsoft.WindowsMobile.DirectX.dll)	3.5,2.0	CE6R3+;CE5.0/6.0	.NET Framework 3.5/General Reference for the .NET Framework/Additional Managed Reference Topics/Microsoft.WindowsMobile.DirectX.Direct3D Namespace/BlendCaps Structure/BlendCaps Properties /SupportsOne Property 
ms130460(v=vs.90)	SupportsPerspective Property	Property	Microsoft.WindowsMobile.DirectX.Direct3D	Microsoft.WindowsMobile.DirectX (in Microsoft.WindowsMobile.DirectX.dll)	3.5,2.0	CE6R3+;CE5.0/6.0	.NET Framework 3.5/General Reference for the .NET Framework/Additional Managed Reference Topics/Microsoft.WindowsMobile.DirectX.Direct3D Namespace/TextureCaps Structure/TextureCaps Properties /SupportsPerspective Property 
ms130659(v=vs.90)	SupportsPositionalLights Property	Property	Microsoft.WindowsMobile.DirectX.Direct3D	Microsoft.WindowsMobile.DirectX (in Microsoft.WindowsMobile.DirectX.dll)	3.5,2.0	CE6R3+;CE5.0/6.0	.NET Framework 3.5/General Reference for the .NET Framework/Additional Managed Reference Topics/Microsoft.WindowsMobile.DirectX.Direct3D Namespace/VertexProcessingCaps Structure/VertexProcessingCaps Properties /SupportsPositionalLights Property 
ms130461(v=vs.90)	SupportsPower2 Property	Property	Microsoft.WindowsMobile.DirectX.Direct3D	Microsoft.WindowsMobile.DirectX (in Microsoft.WindowsMobile.DirectX.dll)	3.5,2.0	CE6R3+;CE5.0/6.0	.NET Framework 3.5/General Reference for the .NET Framework/Additional Managed Reference Topics/Microsoft.WindowsMobile.DirectX.Direct3D Namespace/TextureCaps Structure/TextureCaps Properties /SupportsPower2 Property 
ms130509(v=vs.90)	SupportsPreModulate Property	Property	Microsoft.WindowsMobile.DirectX.Direct3D	Microsoft.WindowsMobile.DirectX (in Microsoft.WindowsMobile.DirectX.dll)	3.5,2.0	CE6R3+;CE5.0/6.0	.NET Framework 3.5/General Reference for the .NET Framework/Additional Managed Reference Topics/Microsoft.WindowsMobile.DirectX.Direct3D Namespace/TextureOperationCaps Structure/TextureOperationCaps Properties /SupportsPreModulate Property 
ms130462(v=vs.90)	SupportsProjected Property	Property	Microsoft.WindowsMobile.DirectX.Direct3D	Microsoft.WindowsMobile.DirectX (in Microsoft.WindowsMobile.DirectX.dll)	3.5,2.0	CE6R3+;CE5.0/6.0	.NET Framework 3.5/General Reference for the .NET Framework/Additional Managed Reference Topics/Microsoft.WindowsMobile.DirectX.Direct3D Namespace/TextureCaps Structure/TextureCaps Properties /SupportsProjected Property 
ms130463(v=vs.90)	SupportsProjectedSupport Property	Property	Microsoft.WindowsMobile.DirectX.Direct3D	Microsoft.WindowsMobile.DirectX (in Microsoft.WindowsMobile.DirectX.dll)	3.5,2.0	CE6R3+;CE5.0/6.0	.NET Framework 3.5/General Reference for the .NET Framework/Additional Managed Reference Topics/Microsoft.WindowsMobile.DirectX.Direct3D Namespace/TextureCaps Structure/TextureCaps Properties /SupportsProjectedSupport Property 
ms130335(v=vs.90)	SupportsReplace Property	Property	Microsoft.WindowsMobile.DirectX.Direct3D	Microsoft.WindowsMobile.DirectX (in Microsoft.WindowsMobile.DirectX.dll)	3.5,2.0	CE6R3+;CE5.0/6.0	.NET Framework 3.5/General Reference for the .NET Framework/Additional Managed Reference Topics/Microsoft.WindowsMobile.DirectX.Direct3D Namespace/StencilCaps Structure/StencilCaps Properties /SupportsReplace Property 
ms129150(v=vs.90)	SupportsRevSubtract Property	Property	Microsoft.WindowsMobile.DirectX.Direct3D	Microsoft.WindowsMobile.DirectX (in Microsoft.WindowsMobile.DirectX.dll)	3.5,2.0	CE6R3+;CE5.0/6.0	.NET Framework 3.5/General Reference for the .NET Framework/Additional Managed Reference Topics/Microsoft.WindowsMobile.DirectX.Direct3D Namespace/BlendOperationCaps Structure/BlendOperationCaps Properties /SupportsRevSubtract Property 
ms130510(v=vs.90)	SupportsSelectArgument1 Property	Property	Microsoft.WindowsMobile.DirectX.Direct3D	Microsoft.WindowsMobile.DirectX (in Microsoft.WindowsMobile.DirectX.dll)	3.5,2.0	CE6R3+;CE5.0/6.0	.NET Framework 3.5/General Reference for the .NET Framework/Additional Managed Reference Topics/Microsoft.WindowsMobile.DirectX.Direct3D Namespace/TextureOperationCaps Structure/TextureOperationCaps Properties /SupportsSelectArgument1 Property 
ms130511(v=vs.90)	SupportsSelectArgument2 Property	Property	Microsoft.WindowsMobile.DirectX.Direct3D	Microsoft.WindowsMobile.DirectX (in Microsoft.WindowsMobile.DirectX.dll)	3.5,2.0	CE6R3+;CE5.0/6.0	.NET Framework 3.5/General Reference for the .NET Framework/Additional Managed Reference Topics/Microsoft.WindowsMobile.DirectX.Direct3D Namespace/TextureOperationCaps Structure/TextureOperationCaps Properties /SupportsSelectArgument2 Property 
ms130208(v=vs.90)	SupportsSlopeScaleDepthBias Property	Property	Microsoft.WindowsMobile.DirectX.Direct3D	Microsoft.WindowsMobile.DirectX (in Microsoft.WindowsMobile.DirectX.dll)	3.5,2.0	CE6R3+;CE5.0/6.0	.NET Framework 3.5/General Reference for the .NET Framework/Additional Managed Reference Topics/Microsoft.WindowsMobile.DirectX.Direct3D Namespace/RasterCaps Structure/RasterCaps Properties /SupportsSlopeScaleDepthBias Property 
ms129136(v=vs.90)	SupportsSourceAlpha Property	Property	Microsoft.WindowsMobile.DirectX.Direct3D	Microsoft.WindowsMobile.DirectX (in Microsoft.WindowsMobile.DirectX.dll)	3.5,2.0	CE6R3+;CE5.0/6.0	.NET Framework 3.5/General Reference for the .NET Framework/Additional Managed Reference Topics/Microsoft.WindowsMobile.DirectX.Direct3D Namespace/BlendCaps Structure/BlendCaps Properties /SupportsSourceAlpha Property 
ms129137(v=vs.90)	SupportsSourceAlphaSat Property	Property	Microsoft.WindowsMobile.DirectX.Direct3D	Microsoft.WindowsMobile.DirectX (in Microsoft.WindowsMobile.DirectX.dll)	3.5,2.0	CE6R3+;CE5.0/6.0	.NET Framework 3.5/General Reference for the .NET Framework/Additional Managed Reference Topics/Microsoft.WindowsMobile.DirectX.Direct3D Namespace/BlendCaps Structure/BlendCaps Properties /SupportsSourceAlphaSat Property 
ms129138(v=vs.90)	SupportsSourceColor Property	Property	Microsoft.WindowsMobile.DirectX.Direct3D	Microsoft.WindowsMobile.DirectX (in Microsoft.WindowsMobile.DirectX.dll)	3.5,2.0	CE6R3+;CE5.0/6.0	.NET Framework 3.5/General Reference for the .NET Framework/Additional Managed Reference Topics/Microsoft.WindowsMobile.DirectX.Direct3D Namespace/BlendCaps Structure/BlendCaps Properties /SupportsSourceColor Property 
ms129645(v=vs.90)	SupportsSpecular Property	Property	Microsoft.WindowsMobile.DirectX.Direct3D	Microsoft.WindowsMobile.DirectX (in Microsoft.WindowsMobile.DirectX.dll)	3.5,2.0	CE6R3+;CE5.0/6.0	.NET Framework 3.5/General Reference for the .NET Framework/Additional Managed Reference Topics/Microsoft.WindowsMobile.DirectX.Direct3D Namespace/DeviceCaps Structure/DeviceCaps Properties /SupportsSpecular Property 
ms130293(v=vs.90)	SupportsSpecularGouraudRgb Property	Property	Microsoft.WindowsMobile.DirectX.Direct3D	Microsoft.WindowsMobile.DirectX (in Microsoft.WindowsMobile.DirectX.dll)	3.5,2.0	CE6R3+;CE5.0/6.0	.NET Framework 3.5/General Reference for the .NET Framework/Additional Managed Reference Topics/Microsoft.WindowsMobile.DirectX.Direct3D Namespace/ShadeCaps Structure/ShadeCaps Properties /SupportsSpecularGouraudRgb Property 
ms130464(v=vs.90)	SupportsSquareOnly Property	Property	Microsoft.WindowsMobile.DirectX.Direct3D	Microsoft.WindowsMobile.DirectX (in Microsoft.WindowsMobile.DirectX.dll)	3.5,2.0	CE6R3+;CE5.0/6.0	.NET Framework 3.5/General Reference for the .NET Framework/Additional Managed Reference Topics/Microsoft.WindowsMobile.DirectX.Direct3D Namespace/TextureCaps Structure/TextureCaps Properties /SupportsSquareOnly Property 
ms129151(v=vs.90)	SupportsSubtract Property	Property	Microsoft.WindowsMobile.DirectX.Direct3D	Microsoft.WindowsMobile.DirectX (in Microsoft.WindowsMobile.DirectX.dll)	3.5,2.0	CE6R3+;CE5.0/6.0	.NET Framework 3.5/General Reference for the .NET Framework/Additional Managed Reference Topics/Microsoft.WindowsMobile.DirectX.Direct3D Namespace/BlendOperationCaps Structure/BlendOperationCaps Properties /SupportsSubtract Property 
ms130512(v=vs.90)	SupportsSubtract Property	Property	Microsoft.WindowsMobile.DirectX.Direct3D	Microsoft.WindowsMobile.DirectX (in Microsoft.WindowsMobile.DirectX.dll)	3.5,2.0	CE6R3+;CE5.0/6.0	.NET Framework 3.5/General Reference for the .NET Framework/Additional Managed Reference Topics/Microsoft.WindowsMobile.DirectX.Direct3D Namespace/TextureOperationCaps Structure/TextureOperationCaps Properties /SupportsSubtract Property 
ms130371(v=vs.90)	SupportsSysBackBuffer Property	Property	Microsoft.WindowsMobile.DirectX.Direct3D	Microsoft.WindowsMobile.DirectX (in Microsoft.WindowsMobile.DirectX.dll)	3.5,2.0	CE6R3+;CE5.0/6.0	.NET Framework 3.5/General Reference for the .NET Framework/Additional Managed Reference Topics/Microsoft.WindowsMobile.DirectX.Direct3D Namespace/SurfaceCaps Structure/SurfaceCaps Properties /SupportsSysBackBuffer Property 
ms130372(v=vs.90)	SupportsSysDepthBuffer Property	Property	Microsoft.WindowsMobile.DirectX.Direct3D	Microsoft.WindowsMobile.DirectX (in Microsoft.WindowsMobile.DirectX.dll)	3.5,2.0	CE6R3+;CE5.0/6.0	.NET Framework 3.5/General Reference for the .NET Framework/Additional Managed Reference Topics/Microsoft.WindowsMobile.DirectX.Direct3D Namespace/SurfaceCaps Structure/SurfaceCaps Properties /SupportsSysDepthBuffer Property 
ms130373(v=vs.90)	SupportsSysFrontBuffer Property	Property	Microsoft.WindowsMobile.DirectX.Direct3D	Microsoft.WindowsMobile.DirectX (in Microsoft.WindowsMobile.DirectX.dll)	3.5,2.0	CE6R3+;CE5.0/6.0	.NET Framework 3.5/General Reference for the .NET Framework/Additional Managed Reference Topics/Microsoft.WindowsMobile.DirectX.Direct3D Namespace/SurfaceCaps Structure/SurfaceCaps Properties /SupportsSysFrontBuffer Property 
ms130374(v=vs.90)	SupportsSysImageSurface Property	Property	Microsoft.WindowsMobile.DirectX.Direct3D	Microsoft.WindowsMobile.DirectX (in Microsoft.WindowsMobile.DirectX.dll)	3.5,2.0	CE6R3+;CE5.0/6.0	.NET Framework 3.5/General Reference for the .NET Framework/Additional Managed Reference Topics/Microsoft.WindowsMobile.DirectX.Direct3D Namespace/SurfaceCaps Structure/SurfaceCaps Properties /SupportsSysImageSurface Property 
ms130375(v=vs.90)	SupportsSysIndexBuffer Property	Property	Microsoft.WindowsMobile.DirectX.Direct3D	Microsoft.WindowsMobile.DirectX (in Microsoft.WindowsMobile.DirectX.dll)	3.5,2.0	CE6R3+;CE5.0/6.0	.NET Framework 3.5/General Reference for the .NET Framework/Additional Managed Reference Topics/Microsoft.WindowsMobile.DirectX.Direct3D Namespace/SurfaceCaps Structure/SurfaceCaps Properties /SupportsSysIndexBuffer Property 
ms130376(v=vs.90)	SupportsSysTexture Property	Property	Microsoft.WindowsMobile.DirectX.Direct3D	Microsoft.WindowsMobile.DirectX (in Microsoft.WindowsMobile.DirectX.dll)	3.5,2.0	CE6R3+;CE5.0/6.0	.NET Framework 3.5/General Reference for the .NET Framework/Additional Managed Reference Topics/Microsoft.WindowsMobile.DirectX.Direct3D Namespace/SurfaceCaps Structure/SurfaceCaps Properties /SupportsSysTexture Property 
ms130377(v=vs.90)	SupportsSysVertexBuffer Property	Property	Microsoft.WindowsMobile.DirectX.Direct3D	Microsoft.WindowsMobile.DirectX (in Microsoft.WindowsMobile.DirectX.dll)	3.5,2.0	CE6R3+;CE5.0/6.0	.NET Framework 3.5/General Reference for the .NET Framework/Additional Managed Reference Topics/Microsoft.WindowsMobile.DirectX.Direct3D Namespace/SurfaceCaps Structure/SurfaceCaps Properties /SupportsSysVertexBuffer Property 
ms129646(v=vs.90)	SupportsTexture Property	Property	Microsoft.WindowsMobile.DirectX.Direct3D	Microsoft.WindowsMobile.DirectX (in Microsoft.WindowsMobile.DirectX.dll)	3.5,2.0	CE6R3+;CE5.0/6.0	.NET Framework 3.5/General Reference for the .NET Framework/Additional Managed Reference Topics/Microsoft.WindowsMobile.DirectX.Direct3D Namespace/DeviceCaps Structure/DeviceCaps Properties /SupportsTexture Property 
ms130660(v=vs.90)	SupportsTextureGeneration Property	Property	Microsoft.WindowsMobile.DirectX.Direct3D	Microsoft.WindowsMobile.DirectX (in Microsoft.WindowsMobile.DirectX.dll)	3.5,2.0	CE6R3+;CE5.0/6.0	.NET Framework 3.5/General Reference for the .NET Framework/Additional Managed Reference Topics/Microsoft.WindowsMobile.DirectX.Direct3D Namespace/VertexProcessingCaps Structure/VertexProcessingCaps Properties /SupportsTextureGeneration Property 
ms129959(v=vs.90)	SupportsTextureMapping Property	Property	Microsoft.WindowsMobile.DirectX.Direct3D	Microsoft.WindowsMobile.DirectX (in Microsoft.WindowsMobile.DirectX.dll)	3.5,2.0	CE6R3+;CE5.0/6.0	.NET Framework 3.5/General Reference for the .NET Framework/Additional Managed Reference Topics/Microsoft.WindowsMobile.DirectX.Direct3D Namespace/LineCaps Structure/LineCaps Properties /SupportsTextureMapping Property 
ms130133(v=vs.90)	SupportsTextureStageStateArgumentTemp Property	Property	Microsoft.WindowsMobile.DirectX.Direct3D	Microsoft.WindowsMobile.DirectX (in Microsoft.WindowsMobile.DirectX.dll)	3.5,2.0	CE6R3+;CE5.0/6.0	.NET Framework 3.5/General Reference for the .NET Framework/Additional Managed Reference Topics/Microsoft.WindowsMobile.DirectX.Direct3D Namespace/MiscCaps Structure/MiscCaps Properties /SupportsTextureStageStateArgumentTemp Property 
ms130378(v=vs.90)	SupportsVidBackBuffer Property	Property	Microsoft.WindowsMobile.DirectX.Direct3D	Microsoft.WindowsMobile.DirectX (in Microsoft.WindowsMobile.DirectX.dll)	3.5,2.0	CE6R3+;CE5.0/6.0	.NET Framework 3.5/General Reference for the .NET Framework/Additional Managed Reference Topics/Microsoft.WindowsMobile.DirectX.Direct3D Namespace/SurfaceCaps Structure/SurfaceCaps Properties /SupportsVidBackBuffer Property 
ms130379(v=vs.90)	SupportsVidDepthBuffer Property	Property	Microsoft.WindowsMobile.DirectX.Direct3D	Microsoft.WindowsMobile.DirectX (in Microsoft.WindowsMobile.DirectX.dll)	3.5,2.0	CE6R3+;CE5.0/6.0	.NET Framework 3.5/General Reference for the .NET Framework/Additional Managed Reference Topics/Microsoft.WindowsMobile.DirectX.Direct3D Namespace/SurfaceCaps Structure/SurfaceCaps Properties /SupportsVidDepthBuffer Property 
ms130380(v=vs.90)	SupportsVidFrontBuffer Property	Property	Microsoft.WindowsMobile.DirectX.Direct3D	Microsoft.WindowsMobile.DirectX (in Microsoft.WindowsMobile.DirectX.dll)	3.5,2.0	CE6R3+;CE5.0/6.0	.NET Framework 3.5/General Reference for the .NET Framework/Additional Managed Reference Topics/Microsoft.WindowsMobile.DirectX.Direct3D Namespace/SurfaceCaps Structure/SurfaceCaps Properties /SupportsVidFrontBuffer Property 
ms130381(v=vs.90)	SupportsVidImageSurface Property	Property	Microsoft.WindowsMobile.DirectX.Direct3D	Microsoft.WindowsMobile.DirectX (in Microsoft.WindowsMobile.DirectX.dll)	3.5,2.0	CE6R3+;CE5.0/6.0	.NET Framework 3.5/General Reference for the .NET Framework/Additional Managed Reference Topics/Microsoft.WindowsMobile.DirectX.Direct3D Namespace/SurfaceCaps Structure/SurfaceCaps Properties /SupportsVidImageSurface Property 
ms130382(v=vs.90)	SupportsVidIndexBuffer Property	Property	Microsoft.WindowsMobile.DirectX.Direct3D	Microsoft.WindowsMobile.DirectX (in Microsoft.WindowsMobile.DirectX.dll)	3.5,2.0	CE6R3+;CE5.0/6.0	.NET Framework 3.5/General Reference for the .NET Framework/Additional Managed Reference Topics/Microsoft.WindowsMobile.DirectX.Direct3D Namespace/SurfaceCaps Structure/SurfaceCaps Properties /SupportsVidIndexBuffer Property 
ms130383(v=vs.90)	SupportsVidTexture Property	Property	Microsoft.WindowsMobile.DirectX.Direct3D	Microsoft.WindowsMobile.DirectX (in Microsoft.WindowsMobile.DirectX.dll)	3.5,2.0	CE6R3+;CE5.0/6.0	.NET Framework 3.5/General Reference for the .NET Framework/Additional Managed Reference Topics/Microsoft.WindowsMobile.DirectX.Direct3D Namespace/SurfaceCaps Structure/SurfaceCaps Properties /SupportsVidTexture Property 
ms130384(v=vs.90)	SupportsVidVertexBuffer Property	Property	Microsoft.WindowsMobile.DirectX.Direct3D	Microsoft.WindowsMobile.DirectX (in Microsoft.WindowsMobile.DirectX.dll)	3.5,2.0	CE6R3+;CE5.0/6.0	.NET Framework 3.5/General Reference for the .NET Framework/Additional Managed Reference Topics/Microsoft.WindowsMobile.DirectX.Direct3D Namespace/SurfaceCaps Structure/SurfaceCaps Properties /SupportsVidVertexBuffer Property 
ms130209(v=vs.90)	SupportsWBuffer Property	Property	Microsoft.WindowsMobile.DirectX.Direct3D	Microsoft.WindowsMobile.DirectX (in Microsoft.WindowsMobile.DirectX.dll)	3.5,2.0	CE6R3+;CE5.0/6.0	.NET Framework 3.5/General Reference for the .NET Framework/Additional Managed Reference Topics/Microsoft.WindowsMobile.DirectX.Direct3D Namespace/RasterCaps Structure/RasterCaps Properties /SupportsWBuffer Property 
ms130210(v=vs.90)	SupportsWFog Property	Property	Microsoft.WindowsMobile.DirectX.Direct3D	Microsoft.WindowsMobile.DirectX (in Microsoft.WindowsMobile.DirectX.dll)	3.5,2.0	CE6R3+;CE5.0/6.0	.NET Framework 3.5/General Reference for the .NET Framework/Additional Managed Reference Topics/Microsoft.WindowsMobile.DirectX.Direct3D Namespace/RasterCaps Structure/RasterCaps Properties /SupportsWFog Property 
ms129058(v=vs.90)	SupportsWrap Property	Property	Microsoft.WindowsMobile.DirectX.Direct3D	Microsoft.WindowsMobile.DirectX (in Microsoft.WindowsMobile.DirectX.dll)	3.5,2.0	CE6R3+;CE5.0/6.0	.NET Framework 3.5/General Reference for the .NET Framework/Additional Managed Reference Topics/Microsoft.WindowsMobile.DirectX.Direct3D Namespace/AddressCaps Structure/AddressCaps Properties /SupportsWrap Property 
ms130211(v=vs.90)	SupportsZBufferLessHsr Property	Property	Microsoft.WindowsMobile.DirectX.Direct3D	Microsoft.WindowsMobile.DirectX (in Microsoft.WindowsMobile.DirectX.dll)	3.5,2.0	CE6R3+;CE5.0/6.0	.NET Framework 3.5/General Reference for the .NET Framework/Additional Managed Reference Topics/Microsoft.WindowsMobile.DirectX.Direct3D Namespace/RasterCaps Structure/RasterCaps Properties /SupportsZBufferLessHsr Property 
ms130212(v=vs.90)	SupportsZFog Property	Property	Microsoft.WindowsMobile.DirectX.Direct3D	Microsoft.WindowsMobile.DirectX (in Microsoft.WindowsMobile.DirectX.dll)	3.5,2.0	CE6R3+;CE5.0/6.0	.NET Framework 3.5/General Reference for the .NET Framework/Additional Managed Reference Topics/Microsoft.WindowsMobile.DirectX.Direct3D Namespace/RasterCaps Structure/RasterCaps Properties /SupportsZFog Property 
ms129139(v=vs.90)	SupportsZero Property	Property	Microsoft.WindowsMobile.DirectX.Direct3D	Microsoft.WindowsMobile.DirectX (in Microsoft.WindowsMobile.DirectX.dll)	3.5,2.0	CE6R3+;CE5.0/6.0	.NET Framework 3.5/General Reference for the .NET Framework/Additional Managed Reference Topics/Microsoft.WindowsMobile.DirectX.Direct3D Namespace/BlendCaps Structure/BlendCaps Properties /SupportsZero Property 
ms130336(v=vs.90)	SupportsZero Property	Property	Microsoft.WindowsMobile.DirectX.Direct3D	Microsoft.WindowsMobile.DirectX (in Microsoft.WindowsMobile.DirectX.dll)	3.5,2.0	CE6R3+;CE5.0/6.0	.NET Framework 3.5/General Reference for the .NET Framework/Additional Managed Reference Topics/Microsoft.WindowsMobile.DirectX.Direct3D Namespace/StencilCaps Structure/StencilCaps Properties /SupportsZero Property 
ms130340(v=vs.90)	Surface Class	Class	Microsoft.WindowsMobile.DirectX.Direct3D	Microsoft.WindowsMobile.DirectX (in Microsoft.WindowsMobile.DirectX.dll)	3.5,2.0	CE6R3+;CE5.0/6.0	.NET Framework 3.5/General Reference for the .NET Framework/Additional Managed Reference Topics/Microsoft.WindowsMobile.DirectX.Direct3D Namespace/Surface Class
ms130342(v=vs.90)	Surface Constructor	Constructor	Microsoft.WindowsMobile.DirectX.Direct3D	Microsoft.WindowsMobile.DirectX (in Microsoft.WindowsMobile.DirectX.dll)	3.5,2.0	CE6R3+;CE5.0/6.0	.NET Framework 3.5/General Reference for the .NET Framework/Additional Managed Reference Topics/Microsoft.WindowsMobile.DirectX.Direct3D Namespace/Surface Class/Surface Constructor 
ms129190(v=vs.90)	SurfaceCaps Property	Property	Microsoft.WindowsMobile.DirectX.Direct3D	Microsoft.WindowsMobile.DirectX (in Microsoft.WindowsMobile.DirectX.dll)	3.5,2.0	CE6R3+;CE5.0/6.0	.NET Framework 3.5/General Reference for the .NET Framework/Additional Managed Reference Topics/Microsoft.WindowsMobile.DirectX.Direct3D Namespace/Caps Structure/Caps Properties /SurfaceCaps Property 
ms130363(v=vs.90)	SurfaceCaps Structure	Structure	Microsoft.WindowsMobile.DirectX.Direct3D	Microsoft.WindowsMobile.DirectX (in Microsoft.WindowsMobile.DirectX.dll)	3.5,2.0	CE6R3+;CE5.0/6.0	.NET Framework 3.5/General Reference for the .NET Framework/Additional Managed Reference Topics/Microsoft.WindowsMobile.DirectX.Direct3D Namespace/SurfaceCaps Structure
ms130387(v=vs.90)	SurfaceDescription Structure	Structure	Microsoft.WindowsMobile.DirectX.Direct3D	Microsoft.WindowsMobile.DirectX (in Microsoft.WindowsMobile.DirectX.dll)	3.5,2.0	CE6R3+;CE5.0/6.0	.NET Framework 3.5/General Reference for the .NET Framework/Additional Managed Reference Topics/Microsoft.WindowsMobile.DirectX.Direct3D Namespace/SurfaceDescription Structure
ms130401(v=vs.90)	SwapChain Class	Class	Microsoft.WindowsMobile.DirectX.Direct3D	Microsoft.WindowsMobile.DirectX (in Microsoft.WindowsMobile.DirectX.dll)	3.5,2.0	CE6R3+;CE5.0/6.0	.NET Framework 3.5/General Reference for the .NET Framework/Additional Managed Reference Topics/Microsoft.WindowsMobile.DirectX.Direct3D Namespace/SwapChain Class
ms130403(v=vs.90)	SwapChain Constructor	Constructor	Microsoft.WindowsMobile.DirectX.Direct3D	Microsoft.WindowsMobile.DirectX (in Microsoft.WindowsMobile.DirectX.dll)	3.5,2.0	CE6R3+;CE5.0/6.0	.NET Framework 3.5/General Reference for the .NET Framework/Additional Managed Reference Topics/Microsoft.WindowsMobile.DirectX.Direct3D Namespace/SwapChain Class/SwapChain Constructor 
ms130422(v=vs.90)	SwapEffect Enumeration	Enumeration	Microsoft.WindowsMobile.DirectX.Direct3D	Microsoft.WindowsMobile.DirectX (in Microsoft.WindowsMobile.DirectX.dll)	3.5,2.0	CE6R3+;CE5.0/6.0	.NET Framework 3.5/General Reference for the .NET Framework/Additional Managed Reference Topics/Microsoft.WindowsMobile.DirectX.Direct3D Namespace/SwapEffect Enumeration
ms130187(v=vs.90)	SwapEffect Property	Property	Microsoft.WindowsMobile.DirectX.Direct3D	Microsoft.WindowsMobile.DirectX (in Microsoft.WindowsMobile.DirectX.dll)	3.5,2.0	CE6R3+;CE5.0/6.0	.NET Framework 3.5/General Reference for the .NET Framework/Additional Managed Reference Topics/Microsoft.WindowsMobile.DirectX.Direct3D Namespace/PresentParameters Class/PresentParameters Properties /SwapEffect Property 
ms130113(v=vs.90)	SystemMem Property	Property	Microsoft.WindowsMobile.DirectX.Direct3D	Microsoft.WindowsMobile.DirectX (in Microsoft.WindowsMobile.DirectX.dll)	3.5,2.0	CE6R3+;CE5.0/6.0	.NET Framework 3.5/General Reference for the .NET Framework/Additional Managed Reference Topics/Microsoft.WindowsMobile.DirectX.Direct3D Namespace/MeshOptions Structure/MeshOptions Properties /SystemMem Property 
ms129607(v=vs.90)	TestCooperativeLevel Method	Method	Microsoft.WindowsMobile.DirectX.Direct3D	Microsoft.WindowsMobile.DirectX (in Microsoft.WindowsMobile.DirectX.dll)	3.5,2.0	CE6R3+;CE5.0/6.0	.NET Framework 3.5/General Reference for the .NET Framework/Additional Managed Reference Topics/Microsoft.WindowsMobile.DirectX.Direct3D Namespace/Device Class/Device Methods /TestCooperativeLevel Method 
ms130423(v=vs.90)	Texture Class	Class	Microsoft.WindowsMobile.DirectX.Direct3D	Microsoft.WindowsMobile.DirectX (in Microsoft.WindowsMobile.DirectX.dll)	3.5,2.0	CE6R3+;CE5.0/6.0	.NET Framework 3.5/General Reference for the .NET Framework/Additional Managed Reference Topics/Microsoft.WindowsMobile.DirectX.Direct3D Namespace/Texture Class
ms130425(v=vs.90)	Texture Constructor	Constructor	Microsoft.WindowsMobile.DirectX.Direct3D	Microsoft.WindowsMobile.DirectX (in Microsoft.WindowsMobile.DirectX.dll)	3.5,2.0	CE6R3+;CE5.0/6.0	.NET Framework 3.5/General Reference for the .NET Framework/Additional Managed Reference Topics/Microsoft.WindowsMobile.DirectX.Direct3D Namespace/Texture Class/Texture Constructor 
ms130569(v=vs.90)	Texture0 Property	Property	Microsoft.WindowsMobile.DirectX.Direct3D	Microsoft.WindowsMobile.DirectX (in Microsoft.WindowsMobile.DirectX.dll)	3.5,2.0	CE6R3+;CE5.0/6.0	.NET Framework 3.5/General Reference for the .NET Framework/Additional Managed Reference Topics/Microsoft.WindowsMobile.DirectX.Direct3D Namespace/Transforms Class/Transforms Properties /Texture0 Property 
ms130570(v=vs.90)	Texture0Fixed Property	Property	Microsoft.WindowsMobile.DirectX.Direct3D	Microsoft.WindowsMobile.DirectX (in Microsoft.WindowsMobile.DirectX.dll)	3.5,2.0	CE6R3+;CE5.0/6.0	.NET Framework 3.5/General Reference for the .NET Framework/Additional Managed Reference Topics/Microsoft.WindowsMobile.DirectX.Direct3D Namespace/Transforms Class/Transforms Properties /Texture0Fixed Property 
ms130571(v=vs.90)	Texture1 Property	Property	Microsoft.WindowsMobile.DirectX.Direct3D	Microsoft.WindowsMobile.DirectX (in Microsoft.WindowsMobile.DirectX.dll)	3.5,2.0	CE6R3+;CE5.0/6.0	.NET Framework 3.5/General Reference for the .NET Framework/Additional Managed Reference Topics/Microsoft.WindowsMobile.DirectX.Direct3D Namespace/Transforms Class/Transforms Properties /Texture1 Property 
ms130572(v=vs.90)	Texture1Fixed Property	Property	Microsoft.WindowsMobile.DirectX.Direct3D	Microsoft.WindowsMobile.DirectX (in Microsoft.WindowsMobile.DirectX.dll)	3.5,2.0	CE6R3+;CE5.0/6.0	.NET Framework 3.5/General Reference for the .NET Framework/Additional Managed Reference Topics/Microsoft.WindowsMobile.DirectX.Direct3D Namespace/Transforms Class/Transforms Properties /Texture1Fixed Property 
ms130573(v=vs.90)	Texture2 Property	Property	Microsoft.WindowsMobile.DirectX.Direct3D	Microsoft.WindowsMobile.DirectX (in Microsoft.WindowsMobile.DirectX.dll)	3.5,2.0	CE6R3+;CE5.0/6.0	.NET Framework 3.5/General Reference for the .NET Framework/Additional Managed Reference Topics/Microsoft.WindowsMobile.DirectX.Direct3D Namespace/Transforms Class/Transforms Properties /Texture2 Property 
ms130574(v=vs.90)	Texture2Fixed Property	Property	Microsoft.WindowsMobile.DirectX.Direct3D	Microsoft.WindowsMobile.DirectX (in Microsoft.WindowsMobile.DirectX.dll)	3.5,2.0	CE6R3+;CE5.0/6.0	.NET Framework 3.5/General Reference for the .NET Framework/Additional Managed Reference Topics/Microsoft.WindowsMobile.DirectX.Direct3D Namespace/Transforms Class/Transforms Properties /Texture2Fixed Property 
ms130575(v=vs.90)	Texture3 Property	Property	Microsoft.WindowsMobile.DirectX.Direct3D	Microsoft.WindowsMobile.DirectX (in Microsoft.WindowsMobile.DirectX.dll)	3.5,2.0	CE6R3+;CE5.0/6.0	.NET Framework 3.5/General Reference for the .NET Framework/Additional Managed Reference Topics/Microsoft.WindowsMobile.DirectX.Direct3D Namespace/Transforms Class/Transforms Properties /Texture3 Property 
ms130576(v=vs.90)	Texture3Fixed Property	Property	Microsoft.WindowsMobile.DirectX.Direct3D	Microsoft.WindowsMobile.DirectX (in Microsoft.WindowsMobile.DirectX.dll)	3.5,2.0	CE6R3+;CE5.0/6.0	.NET Framework 3.5/General Reference for the .NET Framework/Additional Managed Reference Topics/Microsoft.WindowsMobile.DirectX.Direct3D Namespace/Transforms Class/Transforms Properties /Texture3Fixed Property 
ms130451(v=vs.90)	TextureAddress Enumeration	Enumeration	Microsoft.WindowsMobile.DirectX.Direct3D	Microsoft.WindowsMobile.DirectX (in Microsoft.WindowsMobile.DirectX.dll)	3.5,2.0	CE6R3+;CE5.0/6.0	.NET Framework 3.5/General Reference for the .NET Framework/Additional Managed Reference Topics/Microsoft.WindowsMobile.DirectX.Direct3D Namespace/TextureAddress Enumeration
ms129191(v=vs.90)	TextureAddressCaps Property	Property	Microsoft.WindowsMobile.DirectX.Direct3D	Microsoft.WindowsMobile.DirectX (in Microsoft.WindowsMobile.DirectX.dll)	3.5,2.0	CE6R3+;CE5.0/6.0	.NET Framework 3.5/General Reference for the .NET Framework/Additional Managed Reference Topics/Microsoft.WindowsMobile.DirectX.Direct3D Namespace/Caps Structure/Caps Properties /TextureAddressCaps Property 
ms130452(v=vs.90)	TextureArgument Enumeration	Enumeration	Microsoft.WindowsMobile.DirectX.Direct3D	Microsoft.WindowsMobile.DirectX (in Microsoft.WindowsMobile.DirectX.dll)	3.5,2.0	CE6R3+;CE5.0/6.0	.NET Framework 3.5/General Reference for the .NET Framework/Additional Managed Reference Topics/Microsoft.WindowsMobile.DirectX.Direct3D Namespace/TextureArgument Enumeration
ms129192(v=vs.90)	TextureCaps Property	Property	Microsoft.WindowsMobile.DirectX.Direct3D	Microsoft.WindowsMobile.DirectX (in Microsoft.WindowsMobile.DirectX.dll)	3.5,2.0	CE6R3+;CE5.0/6.0	.NET Framework 3.5/General Reference for the .NET Framework/Additional Managed Reference Topics/Microsoft.WindowsMobile.DirectX.Direct3D Namespace/Caps Structure/Caps Properties /TextureCaps Property 
ms130453(v=vs.90)	TextureCaps Structure	Structure	Microsoft.WindowsMobile.DirectX.Direct3D	Microsoft.WindowsMobile.DirectX (in Microsoft.WindowsMobile.DirectX.dll)	3.5,2.0	CE6R3+;CE5.0/6.0	.NET Framework 3.5/General Reference for the .NET Framework/Additional Managed Reference Topics/Microsoft.WindowsMobile.DirectX.Direct3D Namespace/TextureCaps Structure
ms130467(v=vs.90)	TextureCoordinateIndex Enumeration	Enumeration	Microsoft.WindowsMobile.DirectX.Direct3D	Microsoft.WindowsMobile.DirectX (in Microsoft.WindowsMobile.DirectX.dll)	3.5,2.0	CE6R3+;CE5.0/6.0	.NET Framework 3.5/General Reference for the .NET Framework/Additional Managed Reference Topics/Microsoft.WindowsMobile.DirectX.Direct3D Namespace/TextureCoordinateIndex Enumeration
ms130550(v=vs.90)	TextureCoordinateIndex Property	Property	Microsoft.WindowsMobile.DirectX.Direct3D	Microsoft.WindowsMobile.DirectX (in Microsoft.WindowsMobile.DirectX.dll)	3.5,2.0	CE6R3+;CE5.0/6.0	.NET Framework 3.5/General Reference for the .NET Framework/Additional Managed Reference Topics/Microsoft.WindowsMobile.DirectX.Direct3D Namespace/TextureStateManager Class/TextureStateManager Properties /TextureCoordinateIndex Property 
ms130261(v=vs.90)	TextureFactor Property	Property	Microsoft.WindowsMobile.DirectX.Direct3D	Microsoft.WindowsMobile.DirectX (in Microsoft.WindowsMobile.DirectX.dll)	3.5,2.0	CE6R3+;CE5.0/6.0	.NET Framework 3.5/General Reference for the .NET Framework/Additional Managed Reference Topics/Microsoft.WindowsMobile.DirectX.Direct3D Namespace/RenderStateManager Class/RenderStateManager Properties /TextureFactor Property 
ms130468(v=vs.90)	TextureFilter Enumeration	Enumeration	Microsoft.WindowsMobile.DirectX.Direct3D	Microsoft.WindowsMobile.DirectX (in Microsoft.WindowsMobile.DirectX.dll)	3.5,2.0	CE6R3+;CE5.0/6.0	.NET Framework 3.5/General Reference for the .NET Framework/Additional Managed Reference Topics/Microsoft.WindowsMobile.DirectX.Direct3D Namespace/TextureFilter Enumeration
ms129193(v=vs.90)	TextureFilterCaps Property	Property	Microsoft.WindowsMobile.DirectX.Direct3D	Microsoft.WindowsMobile.DirectX (in Microsoft.WindowsMobile.DirectX.dll)	3.5,2.0	CE6R3+;CE5.0/6.0	.NET Framework 3.5/General Reference for the .NET Framework/Additional Managed Reference Topics/Microsoft.WindowsMobile.DirectX.Direct3D Namespace/Caps Structure/Caps Properties /TextureFilterCaps Property 
ms130469(v=vs.90)	TextureLoader Class	Class	Microsoft.WindowsMobile.DirectX.Direct3D	Microsoft.WindowsMobile.DirectX (in Microsoft.WindowsMobile.DirectX.dll)	3.5,2.0	CE6R3+;CE5.0/6.0	.NET Framework 3.5/General Reference for the .NET Framework/Additional Managed Reference Topics/Microsoft.WindowsMobile.DirectX.Direct3D Namespace/TextureLoader Class
ms130485(v=vs.90)	TextureOperation Enumeration	Enumeration	Microsoft.WindowsMobile.DirectX.Direct3D	Microsoft.WindowsMobile.DirectX (in Microsoft.WindowsMobile.DirectX.dll)	3.5,2.0	CE6R3+;CE5.0/6.0	.NET Framework 3.5/General Reference for the .NET Framework/Additional Managed Reference Topics/Microsoft.WindowsMobile.DirectX.Direct3D Namespace/TextureOperation Enumeration
ms129194(v=vs.90)	TextureOperationCaps Property	Property	Microsoft.WindowsMobile.DirectX.Direct3D	Microsoft.WindowsMobile.DirectX (in Microsoft.WindowsMobile.DirectX.dll)	3.5,2.0	CE6R3+;CE5.0/6.0	.NET Framework 3.5/General Reference for the .NET Framework/Additional Managed Reference Topics/Microsoft.WindowsMobile.DirectX.Direct3D Namespace/Caps Structure/Caps Properties /TextureOperationCaps Property 
ms130486(v=vs.90)	TextureOperationCaps Structure	Structure	Microsoft.WindowsMobile.DirectX.Direct3D	Microsoft.WindowsMobile.DirectX (in Microsoft.WindowsMobile.DirectX.dll)	3.5,2.0	CE6R3+;CE5.0/6.0	.NET Framework 3.5/General Reference for the .NET Framework/Additional Managed Reference Topics/Microsoft.WindowsMobile.DirectX.Direct3D Namespace/TextureOperationCaps Structure
ms130262(v=vs.90)	TexturePerspective Property	Property	Microsoft.WindowsMobile.DirectX.Direct3D	Microsoft.WindowsMobile.DirectX (in Microsoft.WindowsMobile.DirectX.dll)	3.5,2.0	CE6R3+;CE5.0/6.0	.NET Framework 3.5/General Reference for the .NET Framework/Additional Managed Reference Topics/Microsoft.WindowsMobile.DirectX.Direct3D Namespace/RenderStateManager Class/RenderStateManager Properties /TexturePerspective Property 
ms130515(v=vs.90)	TextureRequirements Structure	Structure	Microsoft.WindowsMobile.DirectX.Direct3D	Microsoft.WindowsMobile.DirectX (in Microsoft.WindowsMobile.DirectX.dll)	3.5,2.0	CE6R3+;CE5.0/6.0	.NET Framework 3.5/General Reference for the .NET Framework/Additional Managed Reference Topics/Microsoft.WindowsMobile.DirectX.Direct3D Namespace/TextureRequirements Structure
ms129626(v=vs.90)	TextureState Property	Property	Microsoft.WindowsMobile.DirectX.Direct3D	Microsoft.WindowsMobile.DirectX (in Microsoft.WindowsMobile.DirectX.dll)	3.5,2.0	CE6R3+;CE5.0/6.0	.NET Framework 3.5/General Reference for the .NET Framework/Additional Managed Reference Topics/Microsoft.WindowsMobile.DirectX.Direct3D Namespace/Device Class/Device Properties /TextureState Property 
ms130527(v=vs.90)	TextureStateManager Class	Class	Microsoft.WindowsMobile.DirectX.Direct3D	Microsoft.WindowsMobile.DirectX (in Microsoft.WindowsMobile.DirectX.dll)	3.5,2.0	CE6R3+;CE5.0/6.0	.NET Framework 3.5/General Reference for the .NET Framework/Additional Managed Reference Topics/Microsoft.WindowsMobile.DirectX.Direct3D Namespace/TextureStateManager Class
ms130554(v=vs.90)	TextureStateManagerCollection Class	Class	Microsoft.WindowsMobile.DirectX.Direct3D	Microsoft.WindowsMobile.DirectX (in Microsoft.WindowsMobile.DirectX.dll)	3.5,2.0	CE6R3+;CE5.0/6.0	.NET Framework 3.5/General Reference for the .NET Framework/Additional Managed Reference Topics/Microsoft.WindowsMobile.DirectX.Direct3D Namespace/TextureStateManagerCollection Class
ms130562(v=vs.90)	TextureTransform Enumeration	Enumeration	Microsoft.WindowsMobile.DirectX.Direct3D	Microsoft.WindowsMobile.DirectX (in Microsoft.WindowsMobile.DirectX.dll)	3.5,2.0	CE6R3+;CE5.0/6.0	.NET Framework 3.5/General Reference for the .NET Framework/Additional Managed Reference Topics/Microsoft.WindowsMobile.DirectX.Direct3D Namespace/TextureTransform Enumeration
ms130551(v=vs.90)	TextureTransform Property	Property	Microsoft.WindowsMobile.DirectX.Direct3D	Microsoft.WindowsMobile.DirectX (in Microsoft.WindowsMobile.DirectX.dll)	3.5,2.0	CE6R3+;CE5.0/6.0	.NET Framework 3.5/General Reference for the .NET Framework/Additional Managed Reference Topics/Microsoft.WindowsMobile.DirectX.Direct3D Namespace/TextureStateManager Class/TextureStateManager Properties /TextureTransform Property 
ms129220(v=vs.90)	ToArgb Method	Method	Microsoft.WindowsMobile.DirectX.Direct3D	Microsoft.WindowsMobile.DirectX (in Microsoft.WindowsMobile.DirectX.dll)	3.5,2.0	CE6R3+;CE5.0/6.0	.NET Framework 3.5/General Reference for the .NET Framework/Additional Managed Reference Topics/Microsoft.WindowsMobile.DirectX.Direct3D Namespace/ColorValue Structure/ColorValue Methods /ToArgb Method 
ms129239(v=vs.90)	ToArgb Method	Method	Microsoft.WindowsMobile.DirectX.Direct3D	Microsoft.WindowsMobile.DirectX (in Microsoft.WindowsMobile.DirectX.dll)	3.5,2.0	CE6R3+;CE5.0/6.0	.NET Framework 3.5/General Reference for the .NET Framework/Additional Managed Reference Topics/Microsoft.WindowsMobile.DirectX.Direct3D Namespace/ColorValueFixed Structure/ColorValueFixed Methods /ToArgb Method 
ms129767(v=vs.90)	ToFixedInt Method	Method	Microsoft.WindowsMobile.DirectX.Direct3D	Microsoft.WindowsMobile.DirectX (in Microsoft.WindowsMobile.DirectX.dll)	3.5,2.0	CE6R3+;CE5.0/6.0	.NET Framework 3.5/General Reference for the .NET Framework/Additional Managed Reference Topics/Microsoft.WindowsMobile.DirectX.Direct3D Namespace/FixedPoint Structure/FixedPoint Methods /ToFixedInt Method 
ms129768(v=vs.90)	ToSingle Method	Method	Microsoft.WindowsMobile.DirectX.Direct3D	Microsoft.WindowsMobile.DirectX (in Microsoft.WindowsMobile.DirectX.dll)	3.5,2.0	CE6R3+;CE5.0/6.0	.NET Framework 3.5/General Reference for the .NET Framework/Additional Managed Reference Topics/Microsoft.WindowsMobile.DirectX.Direct3D Namespace/FixedPoint Structure/FixedPoint Methods /ToSingle Method 
ms129770(v=vs.90)	ToString Method	Method	Microsoft.WindowsMobile.DirectX.Direct3D	Microsoft.WindowsMobile.DirectX (in Microsoft.WindowsMobile.DirectX.dll)	3.5,2.0	CE6R3+;CE5.0/6.0	.NET Framework 3.5/General Reference for the .NET Framework/Additional Managed Reference Topics/Microsoft.WindowsMobile.DirectX.Direct3D Namespace/FixedPoint Structure/FixedPoint Methods /ToString Method /ToString Method 
ms129771(v=vs.90)	ToString Method (String, IFormatProvider)		Microsoft.WindowsMobile.DirectX.Direct3D	Microsoft.WindowsMobile.DirectX (in Microsoft.WindowsMobile.DirectX.dll)	3.5,2.0	CE6R3+;CE5.0/6.0	.NET Framework 3.5/General Reference for the .NET Framework/Additional Managed Reference Topics/Microsoft.WindowsMobile.DirectX.Direct3D Namespace/FixedPoint Structure/FixedPoint Methods /ToString Method /ToString Method (String, IFormatProvider)
ms130090(v=vs.90)	Torus Method	Method	Microsoft.WindowsMobile.DirectX.Direct3D	Microsoft.WindowsMobile.DirectX (in Microsoft.WindowsMobile.DirectX.dll)	3.5,2.0	CE6R3+;CE5.0/6.0	.NET Framework 3.5/General Reference for the .NET Framework/Additional Managed Reference Topics/Microsoft.WindowsMobile.DirectX.Direct3D Namespace/Mesh Class/Mesh Methods /Torus Method 
ms129627(v=vs.90)	Transform Property	Property	Microsoft.WindowsMobile.DirectX.Direct3D	Microsoft.WindowsMobile.DirectX (in Microsoft.WindowsMobile.DirectX.dll)	3.5,2.0	CE6R3+;CE5.0/6.0	.NET Framework 3.5/General Reference for the .NET Framework/Additional Managed Reference Topics/Microsoft.WindowsMobile.DirectX.Direct3D Namespace/Device Class/Device Properties /Transform Property 
ms130317(v=vs.90)	Transform Property	Property	Microsoft.WindowsMobile.DirectX.Direct3D	Microsoft.WindowsMobile.DirectX (in Microsoft.WindowsMobile.DirectX.dll)	3.5,2.0	CE6R3+;CE5.0/6.0	.NET Framework 3.5/General Reference for the .NET Framework/Additional Managed Reference Topics/Microsoft.WindowsMobile.DirectX.Direct3D Namespace/Sprite Class/Sprite Properties /Transform Property 
ms130583(v=vs.90)	TransformType Enumeration	Enumeration	Microsoft.WindowsMobile.DirectX.Direct3D	Microsoft.WindowsMobile.DirectX (in Microsoft.WindowsMobile.DirectX.dll)	3.5,2.0	CE6R3+;CE5.0/6.0	.NET Framework 3.5/General Reference for the .NET Framework/Additional Managed Reference Topics/Microsoft.WindowsMobile.DirectX.Direct3D Namespace/TransformType Enumeration
ms130563(v=vs.90)	Transforms Class	Class	Microsoft.WindowsMobile.DirectX.Direct3D	Microsoft.WindowsMobile.DirectX (in Microsoft.WindowsMobile.DirectX.dll)	3.5,2.0	CE6R3+;CE5.0/6.0	.NET Framework 3.5/General Reference for the .NET Framework/Additional Managed Reference Topics/Microsoft.WindowsMobile.DirectX.Direct3D Namespace/Transforms Class
ms129293(v=vs.90)	Tu Field	Field	Microsoft.WindowsMobile.DirectX.Direct3D	Microsoft.WindowsMobile.DirectX (in Microsoft.WindowsMobile.DirectX.dll)	3.5,2.0	CE6R3+;CE5.0/6.0	.NET Framework 3.5/General Reference for the .NET Framework/Additional Managed Reference Topics/Microsoft.WindowsMobile.DirectX.Direct3D Namespace/CustomVertex.PositionColoredTextured Structure/CustomVertex.PositionColoredTextured Fields/Tu Field
ms129377(v=vs.90)	Tu Field	Field	Microsoft.WindowsMobile.DirectX.Direct3D	Microsoft.WindowsMobile.DirectX (in Microsoft.WindowsMobile.DirectX.dll)	3.5,2.0	CE6R3+;CE5.0/6.0	.NET Framework 3.5/General Reference for the .NET Framework/Additional Managed Reference Topics/Microsoft.WindowsMobile.DirectX.Direct3D Namespace/CustomVertex.PositionNormalTextured Structure/CustomVertex.PositionNormalTextured Fields/Tu Field
ms129430(v=vs.90)	Tu Field	Field	Microsoft.WindowsMobile.DirectX.Direct3D	Microsoft.WindowsMobile.DirectX (in Microsoft.WindowsMobile.DirectX.dll)	3.5,2.0	CE6R3+;CE5.0/6.0	.NET Framework 3.5/General Reference for the .NET Framework/Additional Managed Reference Topics/Microsoft.WindowsMobile.DirectX.Direct3D Namespace/CustomVertex.PositionTextured Structure/CustomVertex.PositionTextured Fields/Tu Field
ms129489(v=vs.90)	Tu Field	Field	Microsoft.WindowsMobile.DirectX.Direct3D	Microsoft.WindowsMobile.DirectX (in Microsoft.WindowsMobile.DirectX.dll)	3.5,2.0	CE6R3+;CE5.0/6.0	.NET Framework 3.5/General Reference for the .NET Framework/Additional Managed Reference Topics/Microsoft.WindowsMobile.DirectX.Direct3D Namespace/CustomVertex.TransformedColoredTextured Structure/CustomVertex.TransformedColoredTextured Fields/Tu Field
ms129524(v=vs.90)	Tu Field	Field	Microsoft.WindowsMobile.DirectX.Direct3D	Microsoft.WindowsMobile.DirectX (in Microsoft.WindowsMobile.DirectX.dll)	3.5,2.0	CE6R3+;CE5.0/6.0	.NET Framework 3.5/General Reference for the .NET Framework/Additional Managed Reference Topics/Microsoft.WindowsMobile.DirectX.Direct3D Namespace/CustomVertex.TransformedTextured Structure/CustomVertex.TransformedTextured Fields/Tu Field
ms129294(v=vs.90)	Tv Field	Field	Microsoft.WindowsMobile.DirectX.Direct3D	Microsoft.WindowsMobile.DirectX (in Microsoft.WindowsMobile.DirectX.dll)	3.5,2.0	CE6R3+;CE5.0/6.0	.NET Framework 3.5/General Reference for the .NET Framework/Additional Managed Reference Topics/Microsoft.WindowsMobile.DirectX.Direct3D Namespace/CustomVertex.PositionColoredTextured Structure/CustomVertex.PositionColoredTextured Fields/Tv Field
ms129378(v=vs.90)	Tv Field	Field	Microsoft.WindowsMobile.DirectX.Direct3D	Microsoft.WindowsMobile.DirectX (in Microsoft.WindowsMobile.DirectX.dll)	3.5,2.0	CE6R3+;CE5.0/6.0	.NET Framework 3.5/General Reference for the .NET Framework/Additional Managed Reference Topics/Microsoft.WindowsMobile.DirectX.Direct3D Namespace/CustomVertex.PositionNormalTextured Structure/CustomVertex.PositionNormalTextured Fields/Tv Field
ms129431(v=vs.90)	Tv Field	Field	Microsoft.WindowsMobile.DirectX.Direct3D	Microsoft.WindowsMobile.DirectX (in Microsoft.WindowsMobile.DirectX.dll)	3.5,2.0	CE6R3+;CE5.0/6.0	.NET Framework 3.5/General Reference for the .NET Framework/Additional Managed Reference Topics/Microsoft.WindowsMobile.DirectX.Direct3D Namespace/CustomVertex.PositionTextured Structure/CustomVertex.PositionTextured Fields/Tv Field
ms129490(v=vs.90)	Tv Field	Field	Microsoft.WindowsMobile.DirectX.Direct3D	Microsoft.WindowsMobile.DirectX (in Microsoft.WindowsMobile.DirectX.dll)	3.5,2.0	CE6R3+;CE5.0/6.0	.NET Framework 3.5/General Reference for the .NET Framework/Additional Managed Reference Topics/Microsoft.WindowsMobile.DirectX.Direct3D Namespace/CustomVertex.TransformedColoredTextured Structure/CustomVertex.TransformedColoredTextured Fields/Tv Field
ms129525(v=vs.90)	Tv Field	Field	Microsoft.WindowsMobile.DirectX.Direct3D	Microsoft.WindowsMobile.DirectX (in Microsoft.WindowsMobile.DirectX.dll)	3.5,2.0	CE6R3+;CE5.0/6.0	.NET Framework 3.5/General Reference for the .NET Framework/Additional Managed Reference Topics/Microsoft.WindowsMobile.DirectX.Direct3D Namespace/CustomVertex.TransformedTextured Structure/CustomVertex.TransformedTextured Fields/Tv Field
ms129873(v=vs.90)	Type Property	Property	Microsoft.WindowsMobile.DirectX.Direct3D	Microsoft.WindowsMobile.DirectX (in Microsoft.WindowsMobile.DirectX.dll)	3.5,2.0	CE6R3+;CE5.0/6.0	.NET Framework 3.5/General Reference for the .NET Framework/Additional Managed Reference Topics/Microsoft.WindowsMobile.DirectX.Direct3D Namespace/IndexBufferDescription Structure/IndexBufferDescription Properties /Type Property 
ms129911(v=vs.90)	Type Property	Property	Microsoft.WindowsMobile.DirectX.Direct3D	Microsoft.WindowsMobile.DirectX (in Microsoft.WindowsMobile.DirectX.dll)	3.5,2.0	CE6R3+;CE5.0/6.0	.NET Framework 3.5/General Reference for the .NET Framework/Additional Managed Reference Topics/Microsoft.WindowsMobile.DirectX.Direct3D Namespace/Light Class/Light Properties /Type Property 
ms129935(v=vs.90)	Type Property	Property	Microsoft.WindowsMobile.DirectX.Direct3D	Microsoft.WindowsMobile.DirectX (in Microsoft.WindowsMobile.DirectX.dll)	3.5,2.0	CE6R3+;CE5.0/6.0	.NET Framework 3.5/General Reference for the .NET Framework/Additional Managed Reference Topics/Microsoft.WindowsMobile.DirectX.Direct3D Namespace/LightFixed Class/LightFixed Properties /Type Property 
ms130281(v=vs.90)	Type Property	Property	Microsoft.WindowsMobile.DirectX.Direct3D	Microsoft.WindowsMobile.DirectX (in Microsoft.WindowsMobile.DirectX.dll)	3.5,2.0	CE6R3+;CE5.0/6.0	.NET Framework 3.5/General Reference for the .NET Framework/Additional Managed Reference Topics/Microsoft.WindowsMobile.DirectX.Direct3D Namespace/Resource Class/Resource Properties /Type Property 
ms130396(v=vs.90)	Type Property	Property	Microsoft.WindowsMobile.DirectX.Direct3D	Microsoft.WindowsMobile.DirectX (in Microsoft.WindowsMobile.DirectX.dll)	3.5,2.0	CE6R3+;CE5.0/6.0	.NET Framework 3.5/General Reference for the .NET Framework/Additional Managed Reference Topics/Microsoft.WindowsMobile.DirectX.Direct3D Namespace/SurfaceDescription Structure/SurfaceDescription Properties /Type Property 
ms130639(v=vs.90)	Type Property	Property	Microsoft.WindowsMobile.DirectX.Direct3D	Microsoft.WindowsMobile.DirectX (in Microsoft.WindowsMobile.DirectX.dll)	3.5,2.0	CE6R3+;CE5.0/6.0	.NET Framework 3.5/General Reference for the .NET Framework/Additional Managed Reference Topics/Microsoft.WindowsMobile.DirectX.Direct3D Namespace/VertexBufferDescription Structure/VertexBufferDescription Properties /Type Property 
ms129761(v=vs.90)	UnaryNegation Operator	Operator	Microsoft.WindowsMobile.DirectX.Direct3D	Microsoft.WindowsMobile.DirectX (in Microsoft.WindowsMobile.DirectX.dll)	3.5,2.0	CE6R3+;CE5.0/6.0	.NET Framework 3.5/General Reference for the .NET Framework/Additional Managed Reference Topics/Microsoft.WindowsMobile.DirectX.Direct3D Namespace/FixedPoint Structure/FixedPoint Operators/UnaryNegation Operator
ms129762(v=vs.90)	UnaryPlus Operator	Operator	Microsoft.WindowsMobile.DirectX.Direct3D	Microsoft.WindowsMobile.DirectX (in Microsoft.WindowsMobile.DirectX.dll)	3.5,2.0	CE6R3+;CE5.0/6.0	.NET Framework 3.5/General Reference for the .NET Framework/Additional Managed Reference Topics/Microsoft.WindowsMobile.DirectX.Direct3D Namespace/FixedPoint Structure/FixedPoint Operators/UnaryPlus Operator
ms129854(v=vs.90)	Unlock Method	Method	Microsoft.WindowsMobile.DirectX.Direct3D	Microsoft.WindowsMobile.DirectX (in Microsoft.WindowsMobile.DirectX.dll)	3.5,2.0	CE6R3+;CE5.0/6.0	.NET Framework 3.5/General Reference for the .NET Framework/Additional Managed Reference Topics/Microsoft.WindowsMobile.DirectX.Direct3D Namespace/IndexBuffer Class/IndexBuffer Methods /Unlock Method 
ms130621(v=vs.90)	Unlock Method	Method	Microsoft.WindowsMobile.DirectX.Direct3D	Microsoft.WindowsMobile.DirectX (in Microsoft.WindowsMobile.DirectX.dll)	3.5,2.0	CE6R3+;CE5.0/6.0	.NET Framework 3.5/General Reference for the .NET Framework/Additional Managed Reference Topics/Microsoft.WindowsMobile.DirectX.Direct3D Namespace/VertexBuffer Class/VertexBuffer Methods /Unlock Method 
ms130092(v=vs.90)	UnlockAttributeBuffer Method	Method	Microsoft.WindowsMobile.DirectX.Direct3D	Microsoft.WindowsMobile.DirectX (in Microsoft.WindowsMobile.DirectX.dll)	3.5,2.0	CE6R3+;CE5.0/6.0	.NET Framework 3.5/General Reference for the .NET Framework/Additional Managed Reference Topics/Microsoft.WindowsMobile.DirectX.Direct3D Namespace/Mesh Class/Mesh Methods /UnlockAttributeBuffer Method /UnlockAttributeBuffer Method 
ms130093(v=vs.90)	UnlockAttributeBuffer Method (Int32[])		Microsoft.WindowsMobile.DirectX.Direct3D	Microsoft.WindowsMobile.DirectX (in Microsoft.WindowsMobile.DirectX.dll)	3.5,2.0	CE6R3+;CE5.0/6.0	.NET Framework 3.5/General Reference for the .NET Framework/Additional Managed Reference Topics/Microsoft.WindowsMobile.DirectX.Direct3D Namespace/Mesh Class/Mesh Methods /UnlockAttributeBuffer Method /UnlockAttributeBuffer Method (Int32[])
ms130352(v=vs.90)	UnlockRectangle Method	Method	Microsoft.WindowsMobile.DirectX.Direct3D	Microsoft.WindowsMobile.DirectX (in Microsoft.WindowsMobile.DirectX.dll)	3.5,2.0	CE6R3+;CE5.0/6.0	.NET Framework 3.5/General Reference for the .NET Framework/Additional Managed Reference Topics/Microsoft.WindowsMobile.DirectX.Direct3D Namespace/Surface Class/Surface Methods /UnlockRectangle Method 
ms130441(v=vs.90)	UnlockRectangle Method	Method	Microsoft.WindowsMobile.DirectX.Direct3D	Microsoft.WindowsMobile.DirectX (in Microsoft.WindowsMobile.DirectX.dll)	3.5,2.0	CE6R3+;CE5.0/6.0	.NET Framework 3.5/General Reference for the .NET Framework/Additional Managed Reference Topics/Microsoft.WindowsMobile.DirectX.Direct3D Namespace/Texture Class/Texture Methods /UnlockRectangle Method 
ms129895(v=vs.90)	Update Method	Method	Microsoft.WindowsMobile.DirectX.Direct3D	Microsoft.WindowsMobile.DirectX (in Microsoft.WindowsMobile.DirectX.dll)	3.5,2.0	CE6R3+;CE5.0/6.0	.NET Framework 3.5/General Reference for the .NET Framework/Additional Managed Reference Topics/Microsoft.WindowsMobile.DirectX.Direct3D Namespace/Light Class/Light Methods /Update Method 
ms129919(v=vs.90)	Update Method	Method	Microsoft.WindowsMobile.DirectX.Direct3D	Microsoft.WindowsMobile.DirectX (in Microsoft.WindowsMobile.DirectX.dll)	3.5,2.0	CE6R3+;CE5.0/6.0	.NET Framework 3.5/General Reference for the .NET Framework/Additional Managed Reference Topics/Microsoft.WindowsMobile.DirectX.Direct3D Namespace/LightFixed Class/LightFixed Methods /Update Method 
ms129608(v=vs.90)	UpdateTexture Method	Method	Microsoft.WindowsMobile.DirectX.Direct3D	Microsoft.WindowsMobile.DirectX (in Microsoft.WindowsMobile.DirectX.dll)	3.5,2.0	CE6R3+;CE5.0/6.0	.NET Framework 3.5/General Reference for the .NET Framework/Additional Managed Reference Topics/Microsoft.WindowsMobile.DirectX.Direct3D Namespace/Device Class/Device Methods /UpdateTexture Method 
ms130584(v=vs.90)	Usage Enumeration	Enumeration	Microsoft.WindowsMobile.DirectX.Direct3D	Microsoft.WindowsMobile.DirectX (in Microsoft.WindowsMobile.DirectX.dll)	3.5,2.0	CE6R3+;CE5.0/6.0	.NET Framework 3.5/General Reference for the .NET Framework/Additional Managed Reference Topics/Microsoft.WindowsMobile.DirectX.Direct3D Namespace/Usage Enumeration
ms129874(v=vs.90)	Usage Property	Property	Microsoft.WindowsMobile.DirectX.Direct3D	Microsoft.WindowsMobile.DirectX (in Microsoft.WindowsMobile.DirectX.dll)	3.5,2.0	CE6R3+;CE5.0/6.0	.NET Framework 3.5/General Reference for the .NET Framework/Additional Managed Reference Topics/Microsoft.WindowsMobile.DirectX.Direct3D Namespace/IndexBufferDescription Structure/IndexBufferDescription Properties /Usage Property 
ms130397(v=vs.90)	Usage Property	Property	Microsoft.WindowsMobile.DirectX.Direct3D	Microsoft.WindowsMobile.DirectX (in Microsoft.WindowsMobile.DirectX.dll)	3.5,2.0	CE6R3+;CE5.0/6.0	.NET Framework 3.5/General Reference for the .NET Framework/Additional Managed Reference Topics/Microsoft.WindowsMobile.DirectX.Direct3D Namespace/SurfaceDescription Structure/SurfaceDescription Properties /Usage Property 
ms130523(v=vs.90)	Usage Property	Property	Microsoft.WindowsMobile.DirectX.Direct3D	Microsoft.WindowsMobile.DirectX (in Microsoft.WindowsMobile.DirectX.dll)	3.5,2.0	CE6R3+;CE5.0/6.0	.NET Framework 3.5/General Reference for the .NET Framework/Additional Managed Reference Topics/Microsoft.WindowsMobile.DirectX.Direct3D Namespace/TextureRequirements Structure/TextureRequirements Properties /Usage Property 
ms130640(v=vs.90)	Usage Property	Property	Microsoft.WindowsMobile.DirectX.Direct3D	Microsoft.WindowsMobile.DirectX (in Microsoft.WindowsMobile.DirectX.dll)	3.5,2.0	CE6R3+;CE5.0/6.0	.NET Framework 3.5/General Reference for the .NET Framework/Additional Managed Reference Topics/Microsoft.WindowsMobile.DirectX.Direct3D Namespace/VertexBufferDescription Structure/VertexBufferDescription Properties /Usage Property 
ms130114(v=vs.90)	Use32Bit Property	Property	Microsoft.WindowsMobile.DirectX.Direct3D	Microsoft.WindowsMobile.DirectX (in Microsoft.WindowsMobile.DirectX.dll)	3.5,2.0	CE6R3+;CE5.0/6.0	.NET Framework 3.5/General Reference for the .NET Framework/Additional Managed Reference Topics/Microsoft.WindowsMobile.DirectX.Direct3D Namespace/MeshOptions Structure/MeshOptions Properties /Use32Bit Property 
ms130263(v=vs.90)	UseWBuffer Property	Property	Microsoft.WindowsMobile.DirectX.Direct3D	Microsoft.WindowsMobile.DirectX (in Microsoft.WindowsMobile.DirectX.dll)	3.5,2.0	CE6R3+;CE5.0/6.0	.NET Framework 3.5/General Reference for the .NET Framework/Additional Managed Reference Topics/Microsoft.WindowsMobile.DirectX.Direct3D Namespace/RenderStateManager Class/RenderStateManager Properties /UseWBuffer Property 
ms129609(v=vs.90)	ValidateDevice Method	Method	Microsoft.WindowsMobile.DirectX.Direct3D	Microsoft.WindowsMobile.DirectX (in Microsoft.WindowsMobile.DirectX.dll)	3.5,2.0	CE6R3+;CE5.0/6.0	.NET Framework 3.5/General Reference for the .NET Framework/Additional Managed Reference Topics/Microsoft.WindowsMobile.DirectX.Direct3D Namespace/Device Class/Device Methods /ValidateDevice Method 
ms130585(v=vs.90)	ValidateDeviceParams Structure	Structure	Microsoft.WindowsMobile.DirectX.Direct3D	Microsoft.WindowsMobile.DirectX (in Microsoft.WindowsMobile.DirectX.dll)	3.5,2.0	CE6R3+;CE5.0/6.0	.NET Framework 3.5/General Reference for the .NET Framework/Additional Managed Reference Topics/Microsoft.WindowsMobile.DirectX.Direct3D Namespace/ValidateDeviceParams Structure
ms129121(v=vs.90)	Value Property	Property	Microsoft.WindowsMobile.DirectX.Direct3D	Microsoft.WindowsMobile.DirectX (in Microsoft.WindowsMobile.DirectX.dll)	3.5,2.0	CE6R3+;CE5.0/6.0	.NET Framework 3.5/General Reference for the .NET Framework/Additional Managed Reference Topics/Microsoft.WindowsMobile.DirectX.Direct3D Namespace/BehaviorFlags Structure/BehaviorFlags Properties /Value Property 
ms130115(v=vs.90)	Value Property	Property	Microsoft.WindowsMobile.DirectX.Direct3D	Microsoft.WindowsMobile.DirectX (in Microsoft.WindowsMobile.DirectX.dll)	3.5,2.0	CE6R3+;CE5.0/6.0	.NET Framework 3.5/General Reference for the .NET Framework/Additional Managed Reference Topics/Microsoft.WindowsMobile.DirectX.Direct3D Namespace/MeshOptions Structure/MeshOptions Properties /Value Property 
ms130602(v=vs.90)	Vector3Fixed Constructor (FixedPoint, FixedPoint, FixedPoint)		Microsoft.WindowsMobile.DirectX.Direct3D	Microsoft.WindowsMobile.DirectX (in Microsoft.WindowsMobile.DirectX.dll)	3.5,2.0	CE6R3+;CE5.0/6.0	.NET Framework 3.5/General Reference for the .NET Framework/Additional Managed Reference Topics/Microsoft.WindowsMobile.DirectX.Direct3D Namespace/Vector3Fixed Structure/Vector3Fixed Constructor /Vector3Fixed Constructor (FixedPoint, FixedPoint, FixedPoint)
ms130601(v=vs.90)	Vector3Fixed Constructor (Vector3)		Microsoft.WindowsMobile.DirectX.Direct3D	Microsoft.WindowsMobile.DirectX (in Microsoft.WindowsMobile.DirectX.dll)	3.5,2.0	CE6R3+;CE5.0/6.0	.NET Framework 3.5/General Reference for the .NET Framework/Additional Managed Reference Topics/Microsoft.WindowsMobile.DirectX.Direct3D Namespace/Vector3Fixed Structure/Vector3Fixed Constructor /Vector3Fixed Constructor (Vector3)
ms130593(v=vs.90)	Vector3Fixed Structure	Structure	Microsoft.WindowsMobile.DirectX.Direct3D	Microsoft.WindowsMobile.DirectX (in Microsoft.WindowsMobile.DirectX.dll)	3.5,2.0	CE6R3+;CE5.0/6.0	.NET Framework 3.5/General Reference for the .NET Framework/Additional Managed Reference Topics/Microsoft.WindowsMobile.DirectX.Direct3D Namespace/Vector3Fixed Structure
ms129023(v=vs.90)	VendorId Property	Property	Microsoft.WindowsMobile.DirectX.Direct3D	Microsoft.WindowsMobile.DirectX (in Microsoft.WindowsMobile.DirectX.dll)	3.5,2.0	CE6R3+;CE5.0/6.0	.NET Framework 3.5/General Reference for the .NET Framework/Additional Managed Reference Topics/Microsoft.WindowsMobile.DirectX.Direct3D Namespace/AdapterDetails Structure/AdapterDetails Properties /VendorId Property 
ms130606(v=vs.90)	VertexBuffer Class	Class	Microsoft.WindowsMobile.DirectX.Direct3D	Microsoft.WindowsMobile.DirectX (in Microsoft.WindowsMobile.DirectX.dll)	3.5,2.0	CE6R3+;CE5.0/6.0	.NET Framework 3.5/General Reference for the .NET Framework/Additional Managed Reference Topics/Microsoft.WindowsMobile.DirectX.Direct3D Namespace/VertexBuffer Class
ms130609(v=vs.90)	VertexBuffer Constructor (Device, Int32, Usage, VertexFormats, Pool)		Microsoft.WindowsMobile.DirectX.Direct3D	Microsoft.WindowsMobile.DirectX (in Microsoft.WindowsMobile.DirectX.dll)	3.5,2.0	CE6R3+;CE5.0/6.0	.NET Framework 3.5/General Reference for the .NET Framework/Additional Managed Reference Topics/Microsoft.WindowsMobile.DirectX.Direct3D Namespace/VertexBuffer Class/VertexBuffer Constructor /VertexBuffer Constructor (Device, Int32, Usage, VertexFormats, Pool)
ms130610(v=vs.90)	VertexBuffer Constructor (Type, Int32, Device, Usage, VertexFormats, Pool)		Microsoft.WindowsMobile.DirectX.Direct3D	Microsoft.WindowsMobile.DirectX (in Microsoft.WindowsMobile.DirectX.dll)	3.5,2.0	CE6R3+;CE5.0/6.0	.NET Framework 3.5/General Reference for the .NET Framework/Additional Managed Reference Topics/Microsoft.WindowsMobile.DirectX.Direct3D Namespace/VertexBuffer Class/VertexBuffer Constructor /VertexBuffer Constructor (Type, Int32, Device, Usage, VertexFormats, Pool)
ms129099(v=vs.90)	VertexBuffer Property	Property	Microsoft.WindowsMobile.DirectX.Direct3D	Microsoft.WindowsMobile.DirectX (in Microsoft.WindowsMobile.DirectX.dll)	3.5,2.0	CE6R3+;CE5.0/6.0	.NET Framework 3.5/General Reference for the .NET Framework/Additional Managed Reference Topics/Microsoft.WindowsMobile.DirectX.Direct3D Namespace/BaseMesh Class/BaseMesh Properties /VertexBuffer Property 
ms130633(v=vs.90)	VertexBufferDescription Structure	Structure	Microsoft.WindowsMobile.DirectX.Direct3D	Microsoft.WindowsMobile.DirectX (in Microsoft.WindowsMobile.DirectX.dll)	3.5,2.0	CE6R3+;CE5.0/6.0	.NET Framework 3.5/General Reference for the .NET Framework/Additional Managed Reference Topics/Microsoft.WindowsMobile.DirectX.Direct3D Namespace/VertexBufferDescription Structure
ms130116(v=vs.90)	VertexBufferDynamic Property	Property	Microsoft.WindowsMobile.DirectX.Direct3D	Microsoft.WindowsMobile.DirectX (in Microsoft.WindowsMobile.DirectX.dll)	3.5,2.0	CE6R3+;CE5.0/6.0	.NET Framework 3.5/General Reference for the .NET Framework/Additional Managed Reference Topics/Microsoft.WindowsMobile.DirectX.Direct3D Namespace/MeshOptions Structure/MeshOptions Properties /VertexBufferDynamic Property 
ms130117(v=vs.90)	VertexBufferManaged Property	Property	Microsoft.WindowsMobile.DirectX.Direct3D	Microsoft.WindowsMobile.DirectX (in Microsoft.WindowsMobile.DirectX.dll)	3.5,2.0	CE6R3+;CE5.0/6.0	.NET Framework 3.5/General Reference for the .NET Framework/Additional Managed Reference Topics/Microsoft.WindowsMobile.DirectX.Direct3D Namespace/MeshOptions Structure/MeshOptions Properties /VertexBufferManaged Property 
ms130118(v=vs.90)	VertexBufferSystemMem Property	Property	Microsoft.WindowsMobile.DirectX.Direct3D	Microsoft.WindowsMobile.DirectX (in Microsoft.WindowsMobile.DirectX.dll)	3.5,2.0	CE6R3+;CE5.0/6.0	.NET Framework 3.5/General Reference for the .NET Framework/Additional Managed Reference Topics/Microsoft.WindowsMobile.DirectX.Direct3D Namespace/MeshOptions Structure/MeshOptions Properties /VertexBufferSystemMem Property 
ms130119(v=vs.90)	VertexBufferWriteOnly Property	Property	Microsoft.WindowsMobile.DirectX.Direct3D	Microsoft.WindowsMobile.DirectX (in Microsoft.WindowsMobile.DirectX.dll)	3.5,2.0	CE6R3+;CE5.0/6.0	.NET Framework 3.5/General Reference for the .NET Framework/Additional Managed Reference Topics/Microsoft.WindowsMobile.DirectX.Direct3D Namespace/MeshOptions Structure/MeshOptions Properties /VertexBufferWriteOnly Property 
ms129074(v=vs.90)	VertexCount Property	Property	Microsoft.WindowsMobile.DirectX.Direct3D	Microsoft.WindowsMobile.DirectX (in Microsoft.WindowsMobile.DirectX.dll)	3.5,2.0	CE6R3+;CE5.0/6.0	.NET Framework 3.5/General Reference for the .NET Framework/Additional Managed Reference Topics/Microsoft.WindowsMobile.DirectX.Direct3D Namespace/AttributeRange Structure/AttributeRange Properties /VertexCount Property 
ms129100(v=vs.90)	VertexFormat Property	Property	Microsoft.WindowsMobile.DirectX.Direct3D	Microsoft.WindowsMobile.DirectX (in Microsoft.WindowsMobile.DirectX.dll)	3.5,2.0	CE6R3+;CE5.0/6.0	.NET Framework 3.5/General Reference for the .NET Framework/Additional Managed Reference Topics/Microsoft.WindowsMobile.DirectX.Direct3D Namespace/BaseMesh Class/BaseMesh Properties /VertexFormat Property 
ms130641(v=vs.90)	VertexFormat Property	Property	Microsoft.WindowsMobile.DirectX.Direct3D	Microsoft.WindowsMobile.DirectX (in Microsoft.WindowsMobile.DirectX.dll)	3.5,2.0	CE6R3+;CE5.0/6.0	.NET Framework 3.5/General Reference for the .NET Framework/Additional Managed Reference Topics/Microsoft.WindowsMobile.DirectX.Direct3D Namespace/VertexBufferDescription Structure/VertexBufferDescription Properties /VertexFormat Property 
ms130644(v=vs.90)	VertexFormats Enumeration	Enumeration	Microsoft.WindowsMobile.DirectX.Direct3D	Microsoft.WindowsMobile.DirectX (in Microsoft.WindowsMobile.DirectX.dll)	3.5,2.0	CE6R3+;CE5.0/6.0	.NET Framework 3.5/General Reference for the .NET Framework/Additional Managed Reference Topics/Microsoft.WindowsMobile.DirectX.Direct3D Namespace/VertexFormats Enumeration
ms130645(v=vs.90)	VertexInformation Class	Class	Microsoft.WindowsMobile.DirectX.Direct3D	Microsoft.WindowsMobile.DirectX (in Microsoft.WindowsMobile.DirectX.dll)	3.5,2.0	CE6R3+;CE5.0/6.0	.NET Framework 3.5/General Reference for the .NET Framework/Additional Managed Reference Topics/Microsoft.WindowsMobile.DirectX.Direct3D Namespace/VertexInformation Class
ms129195(v=vs.90)	VertexProcessingCaps Property	Property	Microsoft.WindowsMobile.DirectX.Direct3D	Microsoft.WindowsMobile.DirectX (in Microsoft.WindowsMobile.DirectX.dll)	3.5,2.0	CE6R3+;CE5.0/6.0	.NET Framework 3.5/General Reference for the .NET Framework/Additional Managed Reference Topics/Microsoft.WindowsMobile.DirectX.Direct3D Namespace/Caps Structure/Caps Properties /VertexProcessingCaps Property 
ms130651(v=vs.90)	VertexProcessingCaps Structure	Structure	Microsoft.WindowsMobile.DirectX.Direct3D	Microsoft.WindowsMobile.DirectX (in Microsoft.WindowsMobile.DirectX.dll)	3.5,2.0	CE6R3+;CE5.0/6.0	.NET Framework 3.5/General Reference for the .NET Framework/Additional Managed Reference Topics/Microsoft.WindowsMobile.DirectX.Direct3D Namespace/VertexProcessingCaps Structure
ms129075(v=vs.90)	VertexStart Property	Property	Microsoft.WindowsMobile.DirectX.Direct3D	Microsoft.WindowsMobile.DirectX (in Microsoft.WindowsMobile.DirectX.dll)	3.5,2.0	CE6R3+;CE5.0/6.0	.NET Framework 3.5/General Reference for the .NET Framework/Additional Managed Reference Topics/Microsoft.WindowsMobile.DirectX.Direct3D Namespace/AttributeRange Structure/AttributeRange Properties /VertexStart Property 
ms130663(v=vs.90)	VertexTextureCoordinate Class	Class	Microsoft.WindowsMobile.DirectX.Direct3D	Microsoft.WindowsMobile.DirectX (in Microsoft.WindowsMobile.DirectX.dll)	3.5,2.0	CE6R3+;CE5.0/6.0	.NET Framework 3.5/General Reference for the .NET Framework/Additional Managed Reference Topics/Microsoft.WindowsMobile.DirectX.Direct3D Namespace/VertexTextureCoordinate Class
ms130577(v=vs.90)	View Property	Property	Microsoft.WindowsMobile.DirectX.Direct3D	Microsoft.WindowsMobile.DirectX (in Microsoft.WindowsMobile.DirectX.dll)	3.5,2.0	CE6R3+;CE5.0/6.0	.NET Framework 3.5/General Reference for the .NET Framework/Additional Managed Reference Topics/Microsoft.WindowsMobile.DirectX.Direct3D Namespace/Transforms Class/Transforms Properties /View Property 
ms130578(v=vs.90)	ViewFixed Property	Property	Microsoft.WindowsMobile.DirectX.Direct3D	Microsoft.WindowsMobile.DirectX (in Microsoft.WindowsMobile.DirectX.dll)	3.5,2.0	CE6R3+;CE5.0/6.0	.NET Framework 3.5/General Reference for the .NET Framework/Additional Managed Reference Topics/Microsoft.WindowsMobile.DirectX.Direct3D Namespace/Transforms Class/Transforms Properties /ViewFixed Property 
ms129628(v=vs.90)	Viewport Property	Property	Microsoft.WindowsMobile.DirectX.Direct3D	Microsoft.WindowsMobile.DirectX (in Microsoft.WindowsMobile.DirectX.dll)	3.5,2.0	CE6R3+;CE5.0/6.0	.NET Framework 3.5/General Reference for the .NET Framework/Additional Managed Reference Topics/Microsoft.WindowsMobile.DirectX.Direct3D Namespace/Device Class/Device Properties /Viewport Property 
ms130674(v=vs.90)	Viewport Structure	Structure	Microsoft.WindowsMobile.DirectX.Direct3D	Microsoft.WindowsMobile.DirectX (in Microsoft.WindowsMobile.DirectX.dll)	3.5,2.0	CE6R3+;CE5.0/6.0	.NET Framework 3.5/General Reference for the .NET Framework/Additional Managed Reference Topics/Microsoft.WindowsMobile.DirectX.Direct3D Namespace/Viewport Structure
ms129817(v=vs.90)	Weight Property	Property	Microsoft.WindowsMobile.DirectX.Direct3D	Microsoft.WindowsMobile.DirectX (in Microsoft.WindowsMobile.DirectX.dll)	3.5,2.0	CE6R3+;CE5.0/6.0	.NET Framework 3.5/General Reference for the .NET Framework/Additional Managed Reference Topics/Microsoft.WindowsMobile.DirectX.Direct3D Namespace/FontDescription Structure/FontDescription Properties /Weight Property 
ms129681(v=vs.90)	Width Property	Property	Microsoft.WindowsMobile.DirectX.Direct3D	Microsoft.WindowsMobile.DirectX (in Microsoft.WindowsMobile.DirectX.dll)	3.5,2.0	CE6R3+;CE5.0/6.0	.NET Framework 3.5/General Reference for the .NET Framework/Additional Managed Reference Topics/Microsoft.WindowsMobile.DirectX.Direct3D Namespace/DisplayMode Structure/DisplayMode Properties /Width Property 
ms129818(v=vs.90)	Width Property	Property	Microsoft.WindowsMobile.DirectX.Direct3D	Microsoft.WindowsMobile.DirectX (in Microsoft.WindowsMobile.DirectX.dll)	3.5,2.0	CE6R3+;CE5.0/6.0	.NET Framework 3.5/General Reference for the .NET Framework/Additional Managed Reference Topics/Microsoft.WindowsMobile.DirectX.Direct3D Namespace/FontDescription Structure/FontDescription Properties /Width Property 
ms130398(v=vs.90)	Width Property	Property	Microsoft.WindowsMobile.DirectX.Direct3D	Microsoft.WindowsMobile.DirectX (in Microsoft.WindowsMobile.DirectX.dll)	3.5,2.0	CE6R3+;CE5.0/6.0	.NET Framework 3.5/General Reference for the .NET Framework/Additional Managed Reference Topics/Microsoft.WindowsMobile.DirectX.Direct3D Namespace/SurfaceDescription Structure/SurfaceDescription Properties /Width Property 
ms130524(v=vs.90)	Width Property	Property	Microsoft.WindowsMobile.DirectX.Direct3D	Microsoft.WindowsMobile.DirectX (in Microsoft.WindowsMobile.DirectX.dll)	3.5,2.0	CE6R3+;CE5.0/6.0	.NET Framework 3.5/General Reference for the .NET Framework/Additional Managed Reference Topics/Microsoft.WindowsMobile.DirectX.Direct3D Namespace/TextureRequirements Structure/TextureRequirements Properties /Width Property 
ms130681(v=vs.90)	Width Property	Property	Microsoft.WindowsMobile.DirectX.Direct3D	Microsoft.WindowsMobile.DirectX (in Microsoft.WindowsMobile.DirectX.dll)	3.5,2.0	CE6R3+;CE5.0/6.0	.NET Framework 3.5/General Reference for the .NET Framework/Additional Managed Reference Topics/Microsoft.WindowsMobile.DirectX.Direct3D Namespace/Viewport Structure/Viewport Properties /Width Property 
ms130188(v=vs.90)	Windowed Property	Property	Microsoft.WindowsMobile.DirectX.Direct3D	Microsoft.WindowsMobile.DirectX (in Microsoft.WindowsMobile.DirectX.dll)	3.5,2.0	CE6R3+;CE5.0/6.0	.NET Framework 3.5/General Reference for the .NET Framework/Additional Managed Reference Topics/Microsoft.WindowsMobile.DirectX.Direct3D Namespace/PresentParameters Class/PresentParameters Properties /Windowed Property 
ms130579(v=vs.90)	World Property	Property	Microsoft.WindowsMobile.DirectX.Direct3D	Microsoft.WindowsMobile.DirectX (in Microsoft.WindowsMobile.DirectX.dll)	3.5,2.0	CE6R3+;CE5.0/6.0	.NET Framework 3.5/General Reference for the .NET Framework/Additional Managed Reference Topics/Microsoft.WindowsMobile.DirectX.Direct3D Namespace/Transforms Class/Transforms Properties /World Property 
ms130580(v=vs.90)	WorldFixed Property	Property	Microsoft.WindowsMobile.DirectX.Direct3D	Microsoft.WindowsMobile.DirectX (in Microsoft.WindowsMobile.DirectX.dll)	3.5,2.0	CE6R3+;CE5.0/6.0	.NET Framework 3.5/General Reference for the .NET Framework/Additional Managed Reference Topics/Microsoft.WindowsMobile.DirectX.Direct3D Namespace/Transforms Class/Transforms Properties /WorldFixed Property 
ms130264(v=vs.90)	Wrap0 Property	Property	Microsoft.WindowsMobile.DirectX.Direct3D	Microsoft.WindowsMobile.DirectX (in Microsoft.WindowsMobile.DirectX.dll)	3.5,2.0	CE6R3+;CE5.0/6.0	.NET Framework 3.5/General Reference for the .NET Framework/Additional Managed Reference Topics/Microsoft.WindowsMobile.DirectX.Direct3D Namespace/RenderStateManager Class/RenderStateManager Properties /Wrap0 Property 
ms130265(v=vs.90)	Wrap1 Property	Property	Microsoft.WindowsMobile.DirectX.Direct3D	Microsoft.WindowsMobile.DirectX (in Microsoft.WindowsMobile.DirectX.dll)	3.5,2.0	CE6R3+;CE5.0/6.0	.NET Framework 3.5/General Reference for the .NET Framework/Additional Managed Reference Topics/Microsoft.WindowsMobile.DirectX.Direct3D Namespace/RenderStateManager Class/RenderStateManager Properties /Wrap1 Property 
ms130266(v=vs.90)	Wrap2 Property	Property	Microsoft.WindowsMobile.DirectX.Direct3D	Microsoft.WindowsMobile.DirectX (in Microsoft.WindowsMobile.DirectX.dll)	3.5,2.0	CE6R3+;CE5.0/6.0	.NET Framework 3.5/General Reference for the .NET Framework/Additional Managed Reference Topics/Microsoft.WindowsMobile.DirectX.Direct3D Namespace/RenderStateManager Class/RenderStateManager Properties /Wrap2 Property 
ms130267(v=vs.90)	Wrap3 Property	Property	Microsoft.WindowsMobile.DirectX.Direct3D	Microsoft.WindowsMobile.DirectX (in Microsoft.WindowsMobile.DirectX.dll)	3.5,2.0	CE6R3+;CE5.0/6.0	.NET Framework 3.5/General Reference for the .NET Framework/Additional Managed Reference Topics/Microsoft.WindowsMobile.DirectX.Direct3D Namespace/RenderStateManager Class/RenderStateManager Properties /Wrap3 Property 
ms130686(v=vs.90)	WrapCoordinates Enumeration	Enumeration	Microsoft.WindowsMobile.DirectX.Direct3D	Microsoft.WindowsMobile.DirectX (in Microsoft.WindowsMobile.DirectX.dll)	3.5,2.0	CE6R3+;CE5.0/6.0	.NET Framework 3.5/General Reference for the .NET Framework/Additional Managed Reference Topics/Microsoft.WindowsMobile.DirectX.Direct3D Namespace/WrapCoordinates Enumeration
ms130120(v=vs.90)	WriteOnly Property	Property	Microsoft.WindowsMobile.DirectX.Direct3D	Microsoft.WindowsMobile.DirectX (in Microsoft.WindowsMobile.DirectX.dll)	3.5,2.0	CE6R3+;CE5.0/6.0	.NET Framework 3.5/General Reference for the .NET Framework/Additional Managed Reference Topics/Microsoft.WindowsMobile.DirectX.Direct3D Namespace/MeshOptions Structure/MeshOptions Properties /WriteOnly Property 
ms129275(v=vs.90)	X Field	Field	Microsoft.WindowsMobile.DirectX.Direct3D	Microsoft.WindowsMobile.DirectX (in Microsoft.WindowsMobile.DirectX.dll)	3.5,2.0	CE6R3+;CE5.0/6.0	.NET Framework 3.5/General Reference for the .NET Framework/Additional Managed Reference Topics/Microsoft.WindowsMobile.DirectX.Direct3D Namespace/CustomVertex.PositionColored Structure/CustomVertex.PositionColored Fields/X Field
ms129295(v=vs.90)	X Field	Field	Microsoft.WindowsMobile.DirectX.Direct3D	Microsoft.WindowsMobile.DirectX (in Microsoft.WindowsMobile.DirectX.dll)	3.5,2.0	CE6R3+;CE5.0/6.0	.NET Framework 3.5/General Reference for the .NET Framework/Additional Managed Reference Topics/Microsoft.WindowsMobile.DirectX.Direct3D Namespace/CustomVertex.PositionColoredTextured Structure/CustomVertex.PositionColoredTextured Fields/X Field
ms129315(v=vs.90)	X Field	Field	Microsoft.WindowsMobile.DirectX.Direct3D	Microsoft.WindowsMobile.DirectX (in Microsoft.WindowsMobile.DirectX.dll)	3.5,2.0	CE6R3+;CE5.0/6.0	.NET Framework 3.5/General Reference for the .NET Framework/Additional Managed Reference Topics/Microsoft.WindowsMobile.DirectX.Direct3D Namespace/CustomVertex.PositionNormal Structure/CustomVertex.PositionNormal Fields/X Field
ms129337(v=vs.90)	X Field	Field	Microsoft.WindowsMobile.DirectX.Direct3D	Microsoft.WindowsMobile.DirectX (in Microsoft.WindowsMobile.DirectX.dll)	3.5,2.0	CE6R3+;CE5.0/6.0	.NET Framework 3.5/General Reference for the .NET Framework/Additional Managed Reference Topics/Microsoft.WindowsMobile.DirectX.Direct3D Namespace/CustomVertex.PositionNormalColored Structure/CustomVertex.PositionNormalColored Fields/X Field
ms129357(v=vs.90)	X Field	Field	Microsoft.WindowsMobile.DirectX.Direct3D	Microsoft.WindowsMobile.DirectX (in Microsoft.WindowsMobile.DirectX.dll)	3.5,2.0	CE6R3+;CE5.0/6.0	.NET Framework 3.5/General Reference for the .NET Framework/Additional Managed Reference Topics/Microsoft.WindowsMobile.DirectX.Direct3D Namespace/CustomVertex.PositionNormalFixed Structure/CustomVertex.PositionNormalFixed Fields/X Field
ms129379(v=vs.90)	X Field	Field	Microsoft.WindowsMobile.DirectX.Direct3D	Microsoft.WindowsMobile.DirectX (in Microsoft.WindowsMobile.DirectX.dll)	3.5,2.0	CE6R3+;CE5.0/6.0	.NET Framework 3.5/General Reference for the .NET Framework/Additional Managed Reference Topics/Microsoft.WindowsMobile.DirectX.Direct3D Namespace/CustomVertex.PositionNormalTextured Structure/CustomVertex.PositionNormalTextured Fields/X Field
ms129396(v=vs.90)	X Field	Field	Microsoft.WindowsMobile.DirectX.Direct3D	Microsoft.WindowsMobile.DirectX (in Microsoft.WindowsMobile.DirectX.dll)	3.5,2.0	CE6R3+;CE5.0/6.0	.NET Framework 3.5/General Reference for the .NET Framework/Additional Managed Reference Topics/Microsoft.WindowsMobile.DirectX.Direct3D Namespace/CustomVertex.PositionOnly Structure/CustomVertex.PositionOnly Fields/X Field
ms129413(v=vs.90)	X Field	Field	Microsoft.WindowsMobile.DirectX.Direct3D	Microsoft.WindowsMobile.DirectX (in Microsoft.WindowsMobile.DirectX.dll)	3.5,2.0	CE6R3+;CE5.0/6.0	.NET Framework 3.5/General Reference for the .NET Framework/Additional Managed Reference Topics/Microsoft.WindowsMobile.DirectX.Direct3D Namespace/CustomVertex.PositionOnlyFixed Structure/CustomVertex.PositionOnlyFixed Fields/X Field
ms129432(v=vs.90)	X Field	Field	Microsoft.WindowsMobile.DirectX.Direct3D	Microsoft.WindowsMobile.DirectX (in Microsoft.WindowsMobile.DirectX.dll)	3.5,2.0	CE6R3+;CE5.0/6.0	.NET Framework 3.5/General Reference for the .NET Framework/Additional Managed Reference Topics/Microsoft.WindowsMobile.DirectX.Direct3D Namespace/CustomVertex.PositionTextured Structure/CustomVertex.PositionTextured Fields/X Field
ms129451(v=vs.90)	X Field	Field	Microsoft.WindowsMobile.DirectX.Direct3D	Microsoft.WindowsMobile.DirectX (in Microsoft.WindowsMobile.DirectX.dll)	3.5,2.0	CE6R3+;CE5.0/6.0	.NET Framework 3.5/General Reference for the .NET Framework/Additional Managed Reference Topics/Microsoft.WindowsMobile.DirectX.Direct3D Namespace/CustomVertex.Transformed Structure/CustomVertex.Transformed Fields/X Field
ms129470(v=vs.90)	X Field	Field	Microsoft.WindowsMobile.DirectX.Direct3D	Microsoft.WindowsMobile.DirectX (in Microsoft.WindowsMobile.DirectX.dll)	3.5,2.0	CE6R3+;CE5.0/6.0	.NET Framework 3.5/General Reference for the .NET Framework/Additional Managed Reference Topics/Microsoft.WindowsMobile.DirectX.Direct3D Namespace/CustomVertex.TransformedColored Structure/CustomVertex.TransformedColored Fields/X Field
ms129491(v=vs.90)	X Field	Field	Microsoft.WindowsMobile.DirectX.Direct3D	Microsoft.WindowsMobile.DirectX (in Microsoft.WindowsMobile.DirectX.dll)	3.5,2.0	CE6R3+;CE5.0/6.0	.NET Framework 3.5/General Reference for the .NET Framework/Additional Managed Reference Topics/Microsoft.WindowsMobile.DirectX.Direct3D Namespace/CustomVertex.TransformedColoredTextured Structure/CustomVertex.TransformedColoredTextured Fields/X Field
ms129509(v=vs.90)	X Field	Field	Microsoft.WindowsMobile.DirectX.Direct3D	Microsoft.WindowsMobile.DirectX (in Microsoft.WindowsMobile.DirectX.dll)	3.5,2.0	CE6R3+;CE5.0/6.0	.NET Framework 3.5/General Reference for the .NET Framework/Additional Managed Reference Topics/Microsoft.WindowsMobile.DirectX.Direct3D Namespace/CustomVertex.TransformedFixed Structure/CustomVertex.TransformedFixed Fields/X Field
ms129526(v=vs.90)	X Field	Field	Microsoft.WindowsMobile.DirectX.Direct3D	Microsoft.WindowsMobile.DirectX (in Microsoft.WindowsMobile.DirectX.dll)	3.5,2.0	CE6R3+;CE5.0/6.0	.NET Framework 3.5/General Reference for the .NET Framework/Additional Managed Reference Topics/Microsoft.WindowsMobile.DirectX.Direct3D Namespace/CustomVertex.TransformedTextured Structure/CustomVertex.TransformedTextured Fields/X Field
ms130596(v=vs.90)	X Field	Field	Microsoft.WindowsMobile.DirectX.Direct3D	Microsoft.WindowsMobile.DirectX (in Microsoft.WindowsMobile.DirectX.dll)	3.5,2.0	CE6R3+;CE5.0/6.0	.NET Framework 3.5/General Reference for the .NET Framework/Additional Managed Reference Topics/Microsoft.WindowsMobile.DirectX.Direct3D Namespace/Vector3Fixed Structure/Vector3Fixed Fields/X Field
ms130682(v=vs.90)	X Property	Property	Microsoft.WindowsMobile.DirectX.Direct3D	Microsoft.WindowsMobile.DirectX (in Microsoft.WindowsMobile.DirectX.dll)	3.5,2.0	CE6R3+;CE5.0/6.0	.NET Framework 3.5/General Reference for the .NET Framework/Additional Managed Reference Topics/Microsoft.WindowsMobile.DirectX.Direct3D Namespace/Viewport Structure/Viewport Properties /X Property 
ms129276(v=vs.90)	Y Field	Field	Microsoft.WindowsMobile.DirectX.Direct3D	Microsoft.WindowsMobile.DirectX (in Microsoft.WindowsMobile.DirectX.dll)	3.5,2.0	CE6R3+;CE5.0/6.0	.NET Framework 3.5/General Reference for the .NET Framework/Additional Managed Reference Topics/Microsoft.WindowsMobile.DirectX.Direct3D Namespace/CustomVertex.PositionColored Structure/CustomVertex.PositionColored Fields/Y Field
ms129296(v=vs.90)	Y Field	Field	Microsoft.WindowsMobile.DirectX.Direct3D	Microsoft.WindowsMobile.DirectX (in Microsoft.WindowsMobile.DirectX.dll)	3.5,2.0	CE6R3+;CE5.0/6.0	.NET Framework 3.5/General Reference for the .NET Framework/Additional Managed Reference Topics/Microsoft.WindowsMobile.DirectX.Direct3D Namespace/CustomVertex.PositionColoredTextured Structure/CustomVertex.PositionColoredTextured Fields/Y Field
ms129316(v=vs.90)	Y Field	Field	Microsoft.WindowsMobile.DirectX.Direct3D	Microsoft.WindowsMobile.DirectX (in Microsoft.WindowsMobile.DirectX.dll)	3.5,2.0	CE6R3+;CE5.0/6.0	.NET Framework 3.5/General Reference for the .NET Framework/Additional Managed Reference Topics/Microsoft.WindowsMobile.DirectX.Direct3D Namespace/CustomVertex.PositionNormal Structure/CustomVertex.PositionNormal Fields/Y Field
ms129338(v=vs.90)	Y Field	Field	Microsoft.WindowsMobile.DirectX.Direct3D	Microsoft.WindowsMobile.DirectX (in Microsoft.WindowsMobile.DirectX.dll)	3.5,2.0	CE6R3+;CE5.0/6.0	.NET Framework 3.5/General Reference for the .NET Framework/Additional Managed Reference Topics/Microsoft.WindowsMobile.DirectX.Direct3D Namespace/CustomVertex.PositionNormalColored Structure/CustomVertex.PositionNormalColored Fields/Y Field
ms129358(v=vs.90)	Y Field	Field	Microsoft.WindowsMobile.DirectX.Direct3D	Microsoft.WindowsMobile.DirectX (in Microsoft.WindowsMobile.DirectX.dll)	3.5,2.0	CE6R3+;CE5.0/6.0	.NET Framework 3.5/General Reference for the .NET Framework/Additional Managed Reference Topics/Microsoft.WindowsMobile.DirectX.Direct3D Namespace/CustomVertex.PositionNormalFixed Structure/CustomVertex.PositionNormalFixed Fields/Y Field
ms129380(v=vs.90)	Y Field	Field	Microsoft.WindowsMobile.DirectX.Direct3D	Microsoft.WindowsMobile.DirectX (in Microsoft.WindowsMobile.DirectX.dll)	3.5,2.0	CE6R3+;CE5.0/6.0	.NET Framework 3.5/General Reference for the .NET Framework/Additional Managed Reference Topics/Microsoft.WindowsMobile.DirectX.Direct3D Namespace/CustomVertex.PositionNormalTextured Structure/CustomVertex.PositionNormalTextured Fields/Y Field
ms129397(v=vs.90)	Y Field	Field	Microsoft.WindowsMobile.DirectX.Direct3D	Microsoft.WindowsMobile.DirectX (in Microsoft.WindowsMobile.DirectX.dll)	3.5,2.0	CE6R3+;CE5.0/6.0	.NET Framework 3.5/General Reference for the .NET Framework/Additional Managed Reference Topics/Microsoft.WindowsMobile.DirectX.Direct3D Namespace/CustomVertex.PositionOnly Structure/CustomVertex.PositionOnly Fields/Y Field
ms129414(v=vs.90)	Y Field	Field	Microsoft.WindowsMobile.DirectX.Direct3D	Microsoft.WindowsMobile.DirectX (in Microsoft.WindowsMobile.DirectX.dll)	3.5,2.0	CE6R3+;CE5.0/6.0	.NET Framework 3.5/General Reference for the .NET Framework/Additional Managed Reference Topics/Microsoft.WindowsMobile.DirectX.Direct3D Namespace/CustomVertex.PositionOnlyFixed Structure/CustomVertex.PositionOnlyFixed Fields/Y Field
ms129433(v=vs.90)	Y Field	Field	Microsoft.WindowsMobile.DirectX.Direct3D	Microsoft.WindowsMobile.DirectX (in Microsoft.WindowsMobile.DirectX.dll)	3.5,2.0	CE6R3+;CE5.0/6.0	.NET Framework 3.5/General Reference for the .NET Framework/Additional Managed Reference Topics/Microsoft.WindowsMobile.DirectX.Direct3D Namespace/CustomVertex.PositionTextured Structure/CustomVertex.PositionTextured Fields/Y Field
ms129452(v=vs.90)	Y Field	Field	Microsoft.WindowsMobile.DirectX.Direct3D	Microsoft.WindowsMobile.DirectX (in Microsoft.WindowsMobile.DirectX.dll)	3.5,2.0	CE6R3+;CE5.0/6.0	.NET Framework 3.5/General Reference for the .NET Framework/Additional Managed Reference Topics/Microsoft.WindowsMobile.DirectX.Direct3D Namespace/CustomVertex.Transformed Structure/CustomVertex.Transformed Fields/Y Field
ms129471(v=vs.90)	Y Field	Field	Microsoft.WindowsMobile.DirectX.Direct3D	Microsoft.WindowsMobile.DirectX (in Microsoft.WindowsMobile.DirectX.dll)	3.5,2.0	CE6R3+;CE5.0/6.0	.NET Framework 3.5/General Reference for the .NET Framework/Additional Managed Reference Topics/Microsoft.WindowsMobile.DirectX.Direct3D Namespace/CustomVertex.TransformedColored Structure/CustomVertex.TransformedColored Fields/Y Field
ms129492(v=vs.90)	Y Field	Field	Microsoft.WindowsMobile.DirectX.Direct3D	Microsoft.WindowsMobile.DirectX (in Microsoft.WindowsMobile.DirectX.dll)	3.5,2.0	CE6R3+;CE5.0/6.0	.NET Framework 3.5/General Reference for the .NET Framework/Additional Managed Reference Topics/Microsoft.WindowsMobile.DirectX.Direct3D Namespace/CustomVertex.TransformedColoredTextured Structure/CustomVertex.TransformedColoredTextured Fields/Y Field
ms129510(v=vs.90)	Y Field	Field	Microsoft.WindowsMobile.DirectX.Direct3D	Microsoft.WindowsMobile.DirectX (in Microsoft.WindowsMobile.DirectX.dll)	3.5,2.0	CE6R3+;CE5.0/6.0	.NET Framework 3.5/General Reference for the .NET Framework/Additional Managed Reference Topics/Microsoft.WindowsMobile.DirectX.Direct3D Namespace/CustomVertex.TransformedFixed Structure/CustomVertex.TransformedFixed Fields/Y Field
ms129527(v=vs.90)	Y Field	Field	Microsoft.WindowsMobile.DirectX.Direct3D	Microsoft.WindowsMobile.DirectX (in Microsoft.WindowsMobile.DirectX.dll)	3.5,2.0	CE6R3+;CE5.0/6.0	.NET Framework 3.5/General Reference for the .NET Framework/Additional Managed Reference Topics/Microsoft.WindowsMobile.DirectX.Direct3D Namespace/CustomVertex.TransformedTextured Structure/CustomVertex.TransformedTextured Fields/Y Field
ms130597(v=vs.90)	Y Field	Field	Microsoft.WindowsMobile.DirectX.Direct3D	Microsoft.WindowsMobile.DirectX (in Microsoft.WindowsMobile.DirectX.dll)	3.5,2.0	CE6R3+;CE5.0/6.0	.NET Framework 3.5/General Reference for the .NET Framework/Additional Managed Reference Topics/Microsoft.WindowsMobile.DirectX.Direct3D Namespace/Vector3Fixed Structure/Vector3Fixed Fields/Y Field
ms130683(v=vs.90)	Y Property	Property	Microsoft.WindowsMobile.DirectX.Direct3D	Microsoft.WindowsMobile.DirectX (in Microsoft.WindowsMobile.DirectX.dll)	3.5,2.0	CE6R3+;CE5.0/6.0	.NET Framework 3.5/General Reference for the .NET Framework/Additional Managed Reference Topics/Microsoft.WindowsMobile.DirectX.Direct3D Namespace/Viewport Structure/Viewport Properties /Y Property 
ms129277(v=vs.90)	Z Field	Field	Microsoft.WindowsMobile.DirectX.Direct3D	Microsoft.WindowsMobile.DirectX (in Microsoft.WindowsMobile.DirectX.dll)	3.5,2.0	CE6R3+;CE5.0/6.0	.NET Framework 3.5/General Reference for the .NET Framework/Additional Managed Reference Topics/Microsoft.WindowsMobile.DirectX.Direct3D Namespace/CustomVertex.PositionColored Structure/CustomVertex.PositionColored Fields/Z Field
ms129297(v=vs.90)	Z Field	Field	Microsoft.WindowsMobile.DirectX.Direct3D	Microsoft.WindowsMobile.DirectX (in Microsoft.WindowsMobile.DirectX.dll)	3.5,2.0	CE6R3+;CE5.0/6.0	.NET Framework 3.5/General Reference for the .NET Framework/Additional Managed Reference Topics/Microsoft.WindowsMobile.DirectX.Direct3D Namespace/CustomVertex.PositionColoredTextured Structure/CustomVertex.PositionColoredTextured Fields/Z Field
ms129317(v=vs.90)	Z Field	Field	Microsoft.WindowsMobile.DirectX.Direct3D	Microsoft.WindowsMobile.DirectX (in Microsoft.WindowsMobile.DirectX.dll)	3.5,2.0	CE6R3+;CE5.0/6.0	.NET Framework 3.5/General Reference for the .NET Framework/Additional Managed Reference Topics/Microsoft.WindowsMobile.DirectX.Direct3D Namespace/CustomVertex.PositionNormal Structure/CustomVertex.PositionNormal Fields/Z Field
ms129339(v=vs.90)	Z Field	Field	Microsoft.WindowsMobile.DirectX.Direct3D	Microsoft.WindowsMobile.DirectX (in Microsoft.WindowsMobile.DirectX.dll)	3.5,2.0	CE6R3+;CE5.0/6.0	.NET Framework 3.5/General Reference for the .NET Framework/Additional Managed Reference Topics/Microsoft.WindowsMobile.DirectX.Direct3D Namespace/CustomVertex.PositionNormalColored Structure/CustomVertex.PositionNormalColored Fields/Z Field
ms129359(v=vs.90)	Z Field	Field	Microsoft.WindowsMobile.DirectX.Direct3D	Microsoft.WindowsMobile.DirectX (in Microsoft.WindowsMobile.DirectX.dll)	3.5,2.0	CE6R3+;CE5.0/6.0	.NET Framework 3.5/General Reference for the .NET Framework/Additional Managed Reference Topics/Microsoft.WindowsMobile.DirectX.Direct3D Namespace/CustomVertex.PositionNormalFixed Structure/CustomVertex.PositionNormalFixed Fields/Z Field
ms129381(v=vs.90)	Z Field	Field	Microsoft.WindowsMobile.DirectX.Direct3D	Microsoft.WindowsMobile.DirectX (in Microsoft.WindowsMobile.DirectX.dll)	3.5,2.0	CE6R3+;CE5.0/6.0	.NET Framework 3.5/General Reference for the .NET Framework/Additional Managed Reference Topics/Microsoft.WindowsMobile.DirectX.Direct3D Namespace/CustomVertex.PositionNormalTextured Structure/CustomVertex.PositionNormalTextured Fields/Z Field
ms129398(v=vs.90)	Z Field	Field	Microsoft.WindowsMobile.DirectX.Direct3D	Microsoft.WindowsMobile.DirectX (in Microsoft.WindowsMobile.DirectX.dll)	3.5,2.0	CE6R3+;CE5.0/6.0	.NET Framework 3.5/General Reference for the .NET Framework/Additional Managed Reference Topics/Microsoft.WindowsMobile.DirectX.Direct3D Namespace/CustomVertex.PositionOnly Structure/CustomVertex.PositionOnly Fields/Z Field
ms129415(v=vs.90)	Z Field	Field	Microsoft.WindowsMobile.DirectX.Direct3D	Microsoft.WindowsMobile.DirectX (in Microsoft.WindowsMobile.DirectX.dll)	3.5,2.0	CE6R3+;CE5.0/6.0	.NET Framework 3.5/General Reference for the .NET Framework/Additional Managed Reference Topics/Microsoft.WindowsMobile.DirectX.Direct3D Namespace/CustomVertex.PositionOnlyFixed Structure/CustomVertex.PositionOnlyFixed Fields/Z Field
ms129434(v=vs.90)	Z Field	Field	Microsoft.WindowsMobile.DirectX.Direct3D	Microsoft.WindowsMobile.DirectX (in Microsoft.WindowsMobile.DirectX.dll)	3.5,2.0	CE6R3+;CE5.0/6.0	.NET Framework 3.5/General Reference for the .NET Framework/Additional Managed Reference Topics/Microsoft.WindowsMobile.DirectX.Direct3D Namespace/CustomVertex.PositionTextured Structure/CustomVertex.PositionTextured Fields/Z Field
ms129453(v=vs.90)	Z Field	Field	Microsoft.WindowsMobile.DirectX.Direct3D	Microsoft.WindowsMobile.DirectX (in Microsoft.WindowsMobile.DirectX.dll)	3.5,2.0	CE6R3+;CE5.0/6.0	.NET Framework 3.5/General Reference for the .NET Framework/Additional Managed Reference Topics/Microsoft.WindowsMobile.DirectX.Direct3D Namespace/CustomVertex.Transformed Structure/CustomVertex.Transformed Fields/Z Field
ms129472(v=vs.90)	Z Field	Field	Microsoft.WindowsMobile.DirectX.Direct3D	Microsoft.WindowsMobile.DirectX (in Microsoft.WindowsMobile.DirectX.dll)	3.5,2.0	CE6R3+;CE5.0/6.0	.NET Framework 3.5/General Reference for the .NET Framework/Additional Managed Reference Topics/Microsoft.WindowsMobile.DirectX.Direct3D Namespace/CustomVertex.TransformedColored Structure/CustomVertex.TransformedColored Fields/Z Field
ms129493(v=vs.90)	Z Field	Field	Microsoft.WindowsMobile.DirectX.Direct3D	Microsoft.WindowsMobile.DirectX (in Microsoft.WindowsMobile.DirectX.dll)	3.5,2.0	CE6R3+;CE5.0/6.0	.NET Framework 3.5/General Reference for the .NET Framework/Additional Managed Reference Topics/Microsoft.WindowsMobile.DirectX.Direct3D Namespace/CustomVertex.TransformedColoredTextured Structure/CustomVertex.TransformedColoredTextured Fields/Z Field
ms129511(v=vs.90)	Z Field	Field	Microsoft.WindowsMobile.DirectX.Direct3D	Microsoft.WindowsMobile.DirectX (in Microsoft.WindowsMobile.DirectX.dll)	3.5,2.0	CE6R3+;CE5.0/6.0	.NET Framework 3.5/General Reference for the .NET Framework/Additional Managed Reference Topics/Microsoft.WindowsMobile.DirectX.Direct3D Namespace/CustomVertex.TransformedFixed Structure/CustomVertex.TransformedFixed Fields/Z Field
ms129528(v=vs.90)	Z Field	Field	Microsoft.WindowsMobile.DirectX.Direct3D	Microsoft.WindowsMobile.DirectX (in Microsoft.WindowsMobile.DirectX.dll)	3.5,2.0	CE6R3+;CE5.0/6.0	.NET Framework 3.5/General Reference for the .NET Framework/Additional Managed Reference Topics/Microsoft.WindowsMobile.DirectX.Direct3D Namespace/CustomVertex.TransformedTextured Structure/CustomVertex.TransformedTextured Fields/Z Field
ms130598(v=vs.90)	Z Field	Field	Microsoft.WindowsMobile.DirectX.Direct3D	Microsoft.WindowsMobile.DirectX (in Microsoft.WindowsMobile.DirectX.dll)	3.5,2.0	CE6R3+;CE5.0/6.0	.NET Framework 3.5/General Reference for the .NET Framework/Additional Managed Reference Topics/Microsoft.WindowsMobile.DirectX.Direct3D Namespace/Vector3Fixed Structure/Vector3Fixed Fields/Z Field
ms130268(v=vs.90)	ZBufferEnable Property	Property	Microsoft.WindowsMobile.DirectX.Direct3D	Microsoft.WindowsMobile.DirectX (in Microsoft.WindowsMobile.DirectX.dll)	3.5,2.0	CE6R3+;CE5.0/6.0	.NET Framework 3.5/General Reference for the .NET Framework/Additional Managed Reference Topics/Microsoft.WindowsMobile.DirectX.Direct3D Namespace/RenderStateManager Class/RenderStateManager Properties /ZBufferEnable Property 
ms130269(v=vs.90)	ZBufferFunction Property	Property	Microsoft.WindowsMobile.DirectX.Direct3D	Microsoft.WindowsMobile.DirectX (in Microsoft.WindowsMobile.DirectX.dll)	3.5,2.0	CE6R3+;CE5.0/6.0	.NET Framework 3.5/General Reference for the .NET Framework/Additional Managed Reference Topics/Microsoft.WindowsMobile.DirectX.Direct3D Namespace/RenderStateManager Class/RenderStateManager Properties /ZBufferFunction Property 
ms130270(v=vs.90)	ZBufferWriteEnable Property	Property	Microsoft.WindowsMobile.DirectX.Direct3D	Microsoft.WindowsMobile.DirectX (in Microsoft.WindowsMobile.DirectX.dll)	3.5,2.0	CE6R3+;CE5.0/6.0	.NET Framework 3.5/General Reference for the .NET Framework/Additional Managed Reference Topics/Microsoft.WindowsMobile.DirectX.Direct3D Namespace/RenderStateManager Class/RenderStateManager Properties /ZBufferWriteEnable Property 
ms129196(v=vs.90)	ZCompareCaps Property	Property	Microsoft.WindowsMobile.DirectX.Direct3D	Microsoft.WindowsMobile.DirectX (in Microsoft.WindowsMobile.DirectX.dll)	3.5,2.0	CE6R3+;CE5.0/6.0	.NET Framework 3.5/General Reference for the .NET Framework/Additional Managed Reference Topics/Microsoft.WindowsMobile.DirectX.Direct3D Namespace/Caps Structure/Caps Properties /ZCompareCaps Property 
ms130056(v=vs.90)	Zero Property	Property	Microsoft.WindowsMobile.DirectX.Direct3D	Microsoft.WindowsMobile.DirectX (in Microsoft.WindowsMobile.DirectX.dll)	3.5,2.0	CE6R3+;CE5.0/6.0	.NET Framework 3.5/General Reference for the .NET Framework/Additional Managed Reference Topics/Microsoft.WindowsMobile.DirectX.Direct3D Namespace/MatrixFixed Structure/MatrixFixed Properties /Zero Property 
