# header	name	page	status	detail
include/Btagpub.h	NETWORK_FLAGS_DROP_ACTIVE		no-pageid	
include/Btagpub.h	NETWORK_FLAGS_DROP_HOLD		no-pageid	
include/Btagpub.h	NETWORK_FLAGS_DROP_OFFERING		no-pageid	
include/Btagpub.h	NETWORK_FLAGS_DROP_OUTGOING		no-pageid	
include/Btagpub.h	NETWORK_FLAGS_DROP_ALL		no-pageid	
include/Btagpub.h	NETWORK_FLAGS_STATE_ACTIVE	aa450315	name-no-value-on-page	
include/Btagpub.h	NETWORK_FLAGS_STATE_HOLD	aa450315	name-no-value-on-page	
include/Btagpub.h	NETWORK_FLAGS_STATE_OFFERING	aa450315	name-no-value-on-page	
include/Btagpub.h	NETWORK_FLAGS_STATE_OUTGOING	aa450315	name-no-value-on-page	
include/Bthsdpdef.h	MAX_UUIDS_IN_QUERY	ee495874	name-no-value-on-page	
include/Buttonview.hpp	_INC_WINDOWS_CE_SDK_DECOR_EMPTY		no-pageid	
include/Cchannel.h	CHANNEL_NAME_LEN		no-pageid	
include/Cchannel.h	CHANNEL_OPTION_INITIALIZED	aa513856	name-no-value-on-page	
include/Cchannel.h	CHANNEL_OPTION_ENCRYPT_RDP	aa513856	name-no-value-on-page	
include/Cchannel.h	CHANNEL_OPTION_ENCRYPT_SC	aa513856	name-no-value-on-page	
include/Cchannel.h	CHANNEL_OPTION_ENCRYPT_CS	aa513856	name-no-value-on-page	
include/Cchannel.h	CHANNEL_OPTION_PRI_HIGH	aa513856	name-no-value-on-page	
include/Cchannel.h	CHANNEL_OPTION_PRI_MED	aa513856	name-no-value-on-page	
include/Cchannel.h	CHANNEL_OPTION_PRI_LOW	aa513856	name-no-value-on-page	
include/Cchannel.h	CHANNEL_OPTION_COMPRESS_RDP	aa513856	name-no-value-on-page	
include/Cchannel.h	CHANNEL_OPTION_COMPRESS	aa513856	name-no-value-on-page	
include/Cchannel.h	CHANNEL_OPTION_SHOW_PROTOCOL	aa513856	name-no-value-on-page	
include/Cchannel.h	CHANNEL_OPTION_REMOTE_CONTROL_PERSISTENT	aa513856	name-no-value-on-page	
include/Cchannel.h	CHANNEL_FLAG_FIRST	aa514754	name-no-value-on-page	
include/Cchannel.h	CHANNEL_FLAG_LAST	aa514754	name-no-value-on-page	
include/Cchannel.h	CHANNEL_FLAG_MIDDLE	aa514754	name-no-value-on-page	
include/Cdioctl.h	IOCTL_CDROM_PAUSE_AUDIO	ms901379	name-no-value-on-page	value R1/derived
include/Cdioctl.h	IOCTL_CDROM_PLAY_AUDIO_MSF	ms901380	name-no-value-on-page	value R1/derived
include/Cdioctl.h	IOCTL_CDROM_READ_TOC	ms901382	name-no-value-on-page	value R1/derived
include/Cdioctl.h	IOCTL_CDROM_RESUME_AUDIO	ms901383	name-no-value-on-page	value R1/derived
include/Cdioctl.h	IOCTL_CDROM_SEEK_AUDIO_MSF	ms901384	name-no-value-on-page	value R1/derived
include/Cdioctl.h	IOCTL_CDROM_STOP_AUDIO	ms901385	name-no-value-on-page	value R1/derived
include/Comboboxview.hpp	_INC_WINDOWS_CE_SDK_DECOR_EMPTY		no-pageid	
include/Commctrl.h	ILC_MASK	ms909810	name-no-value-on-page	
include/Commctrl.h	ILC_COLOR	ms909810	name-no-value-on-page	
include/Commctrl.h	ILC_COLOR4	ms909810	name-no-value-on-page	
include/Commctrl.h	ILC_COLOR8	ms909810	name-no-value-on-page	
include/Commctrl.h	ILC_COLOR16	ms909810	name-no-value-on-page	
include/Commctrl.h	ILC_COLOR24	ms909810	name-no-value-on-page	
include/Commctrl.h	ILC_COLOR32	ms909810	name-no-value-on-page	
include/Commctrl.h	ILC_COLORDDB	ms909810	name-no-value-on-page	
include/Commctrl.h	ILC_MIRROR	ms909810	name-no-value-on-page	
include/Commctrl.h	ILD_NORMAL	ms909816	name-no-value-on-page	
include/Commctrl.h	ILD_TRANSPARENT	ms909816	name-no-value-on-page	
include/Commctrl.h	ILD_BLEND25	ms909816	name-no-value-on-page	
include/Commctrl.h	ILD_BLEND50		no-pageid	
include/Commctrl.h	ILD_MASK		no-pageid	
include/Commctrl.h	ILD_IMAGE		no-pageid	
include/Commctrl.h	ILD_ROP		no-pageid	
include/Commctrl.h	ILD_OVERLAYMASK		no-pageid	
include/Commctrl.h	CLR_NONE	ms909836	name-no-value-on-page	
include/Commctrl.h	CLR_DEFAULT	ms909836	name-not-on-page	
include/Commctrl.h	ACM_PLAY		no-pageid	
include/Commctrl.h	ACM_STOP		no-pageid	
include/Commctrl.h	ACM_OPEN		no-pageid	
include/Commctrl.h	ACN_START		no-pageid	
include/Commctrl.h	ACN_STOP		no-pageid	
include/Commctrl.h	ACS_CENTER		no-pageid	
include/Commctrl.h	ACS_TRANSPARENT		no-pageid	
include/Commctrl.h	ACS_AUTOPLAY		no-pageid	
include/Commctrl.h	ACS_TIMER		no-pageid	
include/Commctrl.h	CCS_VERT		no-pageid	
include/Commctrl.h	CDDS_PREPAINT		no-pageid	
include/Commctrl.h	CDDS_POSTPAINT		no-pageid	
include/Commctrl.h	CDDS_PREERASE		no-pageid	
include/Commctrl.h	CDDS_POSTERASE		no-pageid	
include/Commctrl.h	CDDS_ITEM		no-pageid	
include/Commctrl.h	CDDS_ITEMPREPAINT		no-pageid	
include/Commctrl.h	CDDS_ITEMPOSTPAINT		no-pageid	
include/Commctrl.h	CDDS_ITEMPREERASE		no-pageid	
include/Commctrl.h	CDDS_ITEMPOSTERASE		no-pageid	
include/Commctrl.h	CDIS_SELECTED		no-pageid	
include/Commctrl.h	CDIS_GRAYED		no-pageid	
include/Commctrl.h	CDIS_DISABLED		no-pageid	
include/Commctrl.h	CDIS_CHECKED		no-pageid	
include/Commctrl.h	CDIS_FOCUS		no-pageid	
include/Commctrl.h	CDIS_DEFAULT		no-pageid	
include/Commctrl.h	CDIS_HOT		no-pageid	
include/Commctrl.h	CDRF_DODEFAULT		no-pageid	
include/Commctrl.h	CDRF_NEWFONT		no-pageid	
include/Commctrl.h	CDRF_SKIPDEFAULT		no-pageid	
include/Commctrl.h	CDRF_NOTIFYPOSTPAINT		no-pageid	
include/Commctrl.h	CDRF_NOTIFYITEMDRAW		no-pageid	
include/Commctrl.h	CDRF_NOTIFYPOSTERASE		no-pageid	
include/Commctrl.h	CDRF_NOTIFYITEMERASE		no-pageid	
include/Commctrl.h	CMDBAR_HELP		no-pageid	
include/Commctrl.h	CMDBAR_OK		no-pageid	
include/Commctrl.h	DTM_GETSYSTEMTIME		no-pageid	
include/Commctrl.h	DTM_SETSYSTEMTIME		no-pageid	
include/Commctrl.h	DTM_GETRANGE		no-pageid	
include/Commctrl.h	DTM_SETRANGE		no-pageid	
include/Commctrl.h	DTM_SETMCCOLOR		no-pageid	
include/Commctrl.h	DTM_GETMCCOLOR		no-pageid	
include/Commctrl.h	DTM_GETMONTHCAL		no-pageid	
include/Commctrl.h	DTM_SETMCFONT		no-pageid	
include/Commctrl.h	DTM_GETMCFONT		no-pageid	
include/Commctrl.h	DTM_SETFORMAT		no-pageid	
include/Commctrl.h	DTS_SHOWNONE		no-pageid	
include/Commctrl.h	GDT_VALID		no-pageid	
include/Commctrl.h	GDT_NONE		no-pageid	
include/Commctrl.h	GDTR_MIN		no-pageid	
include/Commctrl.h	GDTR_MAX		no-pageid	
include/Commctrl.h	GMR_VISIBLE		no-pageid	
include/Commctrl.h	GMR_DAYSTATE		no-pageid	
include/Commctrl.h	HDF_LEFT		no-pageid	
include/Commctrl.h	HDF_RIGHT		no-pageid	
include/Commctrl.h	HDF_CENTER		no-pageid	
include/Commctrl.h	HDF_JUSTIFYMASK		no-pageid	
include/Commctrl.h	HDF_RTLREADING		no-pageid	
include/Commctrl.h	HDF_IMAGE		no-pageid	
include/Commctrl.h	HDF_BITMAP_ON_RIGHT		no-pageid	
include/Commctrl.h	HDF_BITMAP		no-pageid	
include/Commctrl.h	HDF_STRING		no-pageid	
include/Commctrl.h	HDF_OWNERDRAW		no-pageid	
include/Commctrl.h	HDI_HEIGHT		no-pageid	
include/Commctrl.h	HDI_WIDTH		no-pageid	
include/Commctrl.h	HDI_TEXT		no-pageid	
include/Commctrl.h	HDI_FORMAT		no-pageid	
include/Commctrl.h	HDI_LPARAM		no-pageid	
include/Commctrl.h	HDI_BITMAP		no-pageid	
include/Commctrl.h	HDI_IMAGE		no-pageid	
include/Commctrl.h	HDI_DI_SETITEM		no-pageid	
include/Commctrl.h	HDI_ORDER		no-pageid	
include/Commctrl.h	HDM_GETITEMCOUNT		no-pageid	
include/Commctrl.h	HDM_DELETEITEM		no-pageid	
include/Commctrl.h	HDM_LAYOUT		no-pageid	
include/Commctrl.h	HDM_HITTEST		no-pageid	
include/Commctrl.h	HDM_GETITEMRECT		no-pageid	
include/Commctrl.h	HDM_SETIMAGELIST		no-pageid	
include/Commctrl.h	HDM_GETIMAGELIST		no-pageid	
include/Commctrl.h	HDM_INSERTITEM		no-pageid	
include/Commctrl.h	HDM_GETITEM		no-pageid	
include/Commctrl.h	HDM_SETITEM		no-pageid	
include/Commctrl.h	HDM_ORDERTOINDEX		no-pageid	
include/Commctrl.h	HDM_CREATEDRAGIMAGE		no-pageid	
include/Commctrl.h	HDM_GETORDERARRAY		no-pageid	
include/Commctrl.h	HDM_SETORDERARRAY		no-pageid	
include/Commctrl.h	HDM_SETHOTDIVIDER		no-pageid	
include/Commctrl.h	HDS_BUTTONS		no-pageid	
include/Commctrl.h	HDS_DRAGDROP		no-pageid	
include/Commctrl.h	HHT_NOWHERE		no-pageid	
include/Commctrl.h	HHT_ONHEADER		no-pageid	
include/Commctrl.h	HHT_ONDIVIDER		no-pageid	
include/Commctrl.h	HHT_ONDIVOPEN		no-pageid	
include/Commctrl.h	HHT_TORIGHT		no-pageid	
include/Commctrl.h	HHT_TOLEFT		no-pageid	
include/Commctrl.h	ICC_LISTVIEW_CLASSES		no-pageid	
include/Commctrl.h	ICC_TREEVIEW_CLASSES		no-pageid	
include/Commctrl.h	ICC_BAR_CLASSES		no-pageid	
include/Commctrl.h	ICC_TAB_CLASSES		no-pageid	
include/Commctrl.h	ICC_UPDOWN_CLASS		no-pageid	
include/Commctrl.h	ICC_PROGRESS_CLASS		no-pageid	
include/Commctrl.h	ICC_HOTKEY_CLASS		no-pageid	
include/Commctrl.h	ICC_ANIMATE_CLASS		no-pageid	
include/Commctrl.h	ICC_DATE_CLASSES		no-pageid	
include/Commctrl.h	ICC_USEREX_CLASSES		no-pageid	
include/Commctrl.h	ICC_COOL_CLASSES		no-pageid	
include/Commctrl.h	ICC_INTERNET_CLASSES		no-pageid	
include/Commctrl.h	IDB_STD_SMALL_COLOR		no-pageid	
include/Commctrl.h	IDB_STD_LARGE_COLOR		no-pageid	
include/Commctrl.h	IDB_VIEW_SMALL_COLOR		no-pageid	
include/Commctrl.h	IDB_VIEW_LARGE_COLOR		no-pageid	
include/Commctrl.h	IDB_HIST_SMALL_COLOR		no-pageid	
include/Commctrl.h	IDB_HIST_LARGE_COLOR		no-pageid	
include/Commctrl.h	ILCF_MOVE		no-pageid	
include/Commctrl.h	ILCF_SWAP		no-pageid	
include/Commctrl.h	LVGIT_UNFOLDED		no-pageid	
include/Commctrl.h	LVIF_TEXT		no-pageid	
include/Commctrl.h	LVIS_FOCUSED		no-pageid	
include/Commctrl.h	LVIS_SELECTED		no-pageid	
include/Commctrl.h	LVIS_CUT		no-pageid	
include/Commctrl.h	LVIS_DROPHILITED		no-pageid	
include/Commctrl.h	LVM_GETBKCOLOR		no-pageid	
include/Commctrl.h	LVM_SETBKCOLOR		no-pageid	
include/Commctrl.h	LVM_GETIMAGELIST		no-pageid	
include/Commctrl.h	LVM_SETIMAGELIST		no-pageid	
include/Commctrl.h	LVM_GETITEMCOUNT		no-pageid	
include/Commctrl.h	LVM_DELETEITEM		no-pageid	
include/Commctrl.h	LVM_DELETEALLITEMS		no-pageid	
include/Commctrl.h	LVM_GETCALLBACKMASK		no-pageid	
include/Commctrl.h	LVM_SETCALLBACKMASK		no-pageid	
include/Commctrl.h	LVM_GETNEXTITEM		no-pageid	
include/Commctrl.h	LVM_GETITEMRECT		no-pageid	
include/Commctrl.h	LVM_SETITEMPOSITION		no-pageid	
include/Commctrl.h	LVM_GETITEMPOSITION		no-pageid	
include/Commctrl.h	LVM_HITTEST		no-pageid	
include/Commctrl.h	LVM_ENSUREVISIBLE		no-pageid	
include/Commctrl.h	LVM_SCROLL		no-pageid	
include/Commctrl.h	LVM_REDRAWITEMS		no-pageid	
include/Commctrl.h	LVM_ARRANGE		no-pageid	
include/Commctrl.h	LVM_GETEDITCONTROL		no-pageid	
include/Commctrl.h	LVM_DELETECOLUMN		no-pageid	
include/Commctrl.h	LVM_GETCOLUMNWIDTH		no-pageid	
include/Commctrl.h	LVM_SETCOLUMNWIDTH		no-pageid	
include/Commctrl.h	LVM_GETHEADER		no-pageid	
include/Commctrl.h	LVM_CREATEDRAGIMAGE		no-pageid	
include/Commctrl.h	LVM_GETVIEWRECT		no-pageid	
include/Commctrl.h	LVM_GETTEXTCOLOR		no-pageid	
include/Commctrl.h	LVM_SETTEXTCOLOR		no-pageid	
include/Commctrl.h	LVM_GETTEXTBKCOLOR		no-pageid	
include/Commctrl.h	LVM_SETTEXTBKCOLOR		no-pageid	
include/Commctrl.h	LVM_GETTOPINDEX		no-pageid	
include/Commctrl.h	LVM_GETCOUNTPERPAGE		no-pageid	
include/Commctrl.h	LVM_GETORIGIN		no-pageid	
include/Commctrl.h	LVM_UPDATE		no-pageid	
include/Commctrl.h	LVM_SETITEMSTATE		no-pageid	
include/Commctrl.h	LVM_GETITEMSTATE		no-pageid	
include/Commctrl.h	LVM_SETITEMCOUNT		no-pageid	
include/Commctrl.h	LVM_SORTITEMS		no-pageid	
include/Commctrl.h	LVM_SETITEMPOSITION32		no-pageid	
include/Commctrl.h	LVM_GETSELECTEDCOUNT		no-pageid	
include/Commctrl.h	LVM_GETITEMSPACING		no-pageid	
include/Commctrl.h	LVM_SETICONSPACING		no-pageid	
include/Commctrl.h	LVM_SETEXTENDEDLISTVIEWSTYLE		no-pageid	
include/Commctrl.h	LVM_GETEXTENDEDLISTVIEWSTYLE		no-pageid	
include/Commctrl.h	LVM_GETSUBITEMRECT		no-pageid	
include/Commctrl.h	LVM_SUBITEMHITTEST		no-pageid	
include/Commctrl.h	LVM_SETCOLUMNORDERARRAY		no-pageid	
include/Commctrl.h	LVM_GETCOLUMNORDERARRAY		no-pageid	
include/Commctrl.h	LVM_APPROXIMATEVIEWRECT		no-pageid	
include/Commctrl.h	LVM_SETWORKAREAS		no-pageid	
include/Commctrl.h	LVM_GETSELECTIONMARK		no-pageid	
include/Commctrl.h	LVM_SETSELECTIONMARK		no-pageid	
include/Commctrl.h	LVM_GETWORKAREAS		no-pageid	
include/Commctrl.h	LVM_GETNUMBEROFWORKAREAS		no-pageid	
include/Commctrl.h	LVM_SETTOOLTIPS		no-pageid	
include/Commctrl.h	LVM_GETITEM		no-pageid	
include/Commctrl.h	LVM_SETITEM		no-pageid	
include/Commctrl.h	LVM_INSERTITEM		no-pageid	
include/Commctrl.h	LVM_GETTOOLTIPS		no-pageid	
include/Commctrl.h	LVM_FINDITEM		no-pageid	
include/Commctrl.h	LVM_GETSTRINGWIDTH		no-pageid	
include/Commctrl.h	LVM_GETCOLUMN		no-pageid	
include/Commctrl.h	LVM_SETCOLUMN		no-pageid	
include/Commctrl.h	LVM_INSERTCOLUMN		no-pageid	
include/Commctrl.h	LVM_GETITEMTEXT		no-pageid	
include/Commctrl.h	LVM_SETITEMTEXT		no-pageid	
include/Commctrl.h	LVM_GETISEARCHSTRING		no-pageid	
include/Commctrl.h	LVM_EDITLABEL		no-pageid	
include/Commctrl.h	LVM_SETBKIMAGE		no-pageid	
include/Commctrl.h	LVM_GETBKIMAGE		no-pageid	
include/Commctrl.h	LVM_INSERTGROUP		no-pageid	
include/Commctrl.h	LVM_SETGROUPINFO		no-pageid	
include/Commctrl.h	LVM_GETGROUPINFO		no-pageid	
include/Commctrl.h	LVM_REMOVEGROUP		no-pageid	
include/Commctrl.h	LVM_MOVEGROUP		no-pageid	
include/Commctrl.h	LVM_SETGROUPMETRICS		no-pageid	
include/Commctrl.h	LVM_GETGROUPMETRICS		no-pageid	
include/Commctrl.h	LVM_ENABLEGROUPVIEW		no-pageid	
include/Commctrl.h	LVM_SORTGROUPS		no-pageid	
include/Commctrl.h	LVM_INSERTGROUPSORTED		no-pageid	
include/Commctrl.h	LVM_REMOVEALLGROUPS		no-pageid	
include/Commctrl.h	LVM_HASGROUP		no-pageid	
include/Commctrl.h	LVM_SETINFOTIP		no-pageid	
include/Commctrl.h	LVM_ISGROUPVIEWENABLED		no-pageid	
include/Commctrl.h	LVM_MAPIDTOINDEX		no-pageid	
include/Commctrl.h	MCHT_NOWHERE		no-pageid	
include/Commctrl.h	MCHT_TITLE		no-pageid	
include/Commctrl.h	MCHT_TITLEMONTH		no-pageid	
include/Commctrl.h	MCHT_TITLEYEAR		no-pageid	
include/Commctrl.h	MCHT_CALENDAR		no-pageid	
include/Commctrl.h	MCHT_CALENDARDATE		no-pageid	
include/Commctrl.h	MCHT_CALENDARDAY		no-pageid	
include/Commctrl.h	MCHT_CALENDARWEEKNUM		no-pageid	
include/Commctrl.h	MCHT_TODAYLINK		no-pageid	
include/Commctrl.h	MCHT_NEXT		no-pageid	
include/Commctrl.h	MCHT_TITLEBTNNEXT		no-pageid	
include/Commctrl.h	MCHT_CALENDARDATENEXT		no-pageid	
include/Commctrl.h	MCHT_PREV		no-pageid	
include/Commctrl.h	MCHT_TITLEBTNPREV		no-pageid	
include/Commctrl.h	MCHT_CALENDARDATEPREV		no-pageid	
include/Commctrl.h	MCM_GETCURSEL		no-pageid	
include/Commctrl.h	MCM_SETCURSEL		no-pageid	
include/Commctrl.h	MCM_GETMAXSELCOUNT		no-pageid	
include/Commctrl.h	MCM_SETMAXSELCOUNT		no-pageid	
include/Commctrl.h	MCM_GETSELRANGE		no-pageid	
include/Commctrl.h	MCM_SETSELRANGE		no-pageid	
include/Commctrl.h	MCM_GETMONTHRANGE		no-pageid	
include/Commctrl.h	MCM_SETDAYSTATE		no-pageid	
include/Commctrl.h	MCM_GETMINREQRECT		no-pageid	
include/Commctrl.h	MCM_SETCOLOR		no-pageid	
include/Commctrl.h	MCM_GETCOLOR		no-pageid	
include/Commctrl.h	MCM_SETTODAY		no-pageid	
include/Commctrl.h	MCM_GETTODAY		no-pageid	
include/Commctrl.h	MCM_HITTEST		no-pageid	
include/Commctrl.h	MCM_SETFIRSTDAYOFWEEK		no-pageid	
include/Commctrl.h	MCM_GETFIRSTDAYOFWEEK		no-pageid	
include/Commctrl.h	MCM_GETRANGE		no-pageid	
include/Commctrl.h	MCM_SETRANGE		no-pageid	
include/Commctrl.h	MCM_GETMONTHDELTA		no-pageid	
include/Commctrl.h	MCM_SETMONTHDELTA		no-pageid	
include/Commctrl.h	MCM_GETMAXTODAYWIDTH		no-pageid	
include/Commctrl.h	MCS_DAYSTATE		no-pageid	
include/Commctrl.h	MCS_MULTISELECT		no-pageid	
include/Commctrl.h	MCS_WEEKNUMBERS		no-pageid	
include/Commctrl.h	MCSC_BACKGROUND		no-pageid	
include/Commctrl.h	MCSC_TEXT		no-pageid	
include/Commctrl.h	MCSC_TITLEBK		no-pageid	
include/Commctrl.h	MCSC_TITLETEXT		no-pageid	
include/Commctrl.h	MCSC_MONTHBK		no-pageid	
include/Commctrl.h	MCSC_TRAILINGTEXT		no-pageid	
include/Commctrl.h	SBM_SETPOS	ms913244	name-no-value-on-page	
include/Commctrl.h	SBM_GETPOS	ms913219	name-no-value-on-page	
include/Commctrl.h	SBM_SETRANGE	ms913253	name-no-value-on-page	
include/Commctrl.h	SBM_GETRANGE	ms913229	name-no-value-on-page	
include/Commctrl.h	SBM_SETRANGEREDRAW	ms913263	name-no-value-on-page	
include/Commctrl.h	SBM_SETSCROLLINFO	ms913272	name-no-value-on-page	
include/Commctrl.h	SBM_GETSCROLLINFO	ms913236	name-no-value-on-page	
include/Commctrl.h	PBM_SETRANGE		no-pageid	
include/Commctrl.h	PBM_SETPOS		no-pageid	
include/Commctrl.h	PBM_DELTAPOS		no-pageid	
include/Commctrl.h	PBM_SETSTEP		no-pageid	
include/Commctrl.h	PBM_STEPIT		no-pageid	
include/Commctrl.h	PBM_SETRANGE32		no-pageid	
include/Commctrl.h	PBM_GETRANGE		no-pageid	
include/Commctrl.h	PBM_GETPOS		no-pageid	
include/Commctrl.h	PSM_SETCURSEL		no-pageid	
include/Commctrl.h	PSM_REMOVEPAGE		no-pageid	
include/Commctrl.h	PSM_ADDPAGE		no-pageid	
include/Commctrl.h	PSM_CHANGED		no-pageid	
include/Commctrl.h	PSM_RESTARTWINDOWS		no-pageid	
include/Commctrl.h	PSM_REBOOTSYSTEM		no-pageid	
include/Commctrl.h	PSM_CANCELTOCLOSE		no-pageid	
include/Commctrl.h	PSM_QUERYSIBLINGS		no-pageid	
include/Commctrl.h	PSM_UNCHANGED		no-pageid	
include/Commctrl.h	PSM_APPLY		no-pageid	
include/Commctrl.h	PSM_SETWIZBUTTONS		no-pageid	
include/Commctrl.h	PSM_PRESSBUTTON		no-pageid	
include/Commctrl.h	PSM_SETCURSELID		no-pageid	
include/Commctrl.h	PSM_GETTABCONTROL		no-pageid	
include/Commctrl.h	PSM_ISDIALOGMESSAGE		no-pageid	
include/Commctrl.h	PSM_GETCURRENTPAGEHWND		no-pageid	
include/Commctrl.h	PSM_SETTITLE		no-pageid	
include/Commctrl.h	PSM_SETFINISHTEXT		no-pageid	
include/Commctrl.h	RB_DELETEBAND		no-pageid	
include/Commctrl.h	RB_GETBARINFO		no-pageid	
include/Commctrl.h	RB_SETBARINFO		no-pageid	
include/Commctrl.h	RB_SETPARENT		no-pageid	
include/Commctrl.h	RB_GETRECT		no-pageid	
include/Commctrl.h	RB_INSERTBAND		no-pageid	
include/Commctrl.h	RB_SETBANDINFO		no-pageid	
include/Commctrl.h	RB_GETBANDCOUNT		no-pageid	
include/Commctrl.h	RB_GETROWCOUNT		no-pageid	
include/Commctrl.h	RB_GETROWHEIGHT		no-pageid	
include/Commctrl.h	RB_IDTOINDEX		no-pageid	
include/Commctrl.h	RB_SETBKCOLOR		no-pageid	
include/Commctrl.h	RB_GETBKCOLOR		no-pageid	
include/Commctrl.h	RB_SETTEXTCOLOR		no-pageid	
include/Commctrl.h	RB_GETTEXTCOLOR		no-pageid	
include/Commctrl.h	RB_SIZETORECT		no-pageid	
include/Commctrl.h	RB_GETBARHEIGHT		no-pageid	
include/Commctrl.h	RB_GETBANDINFO		no-pageid	
include/Commctrl.h	RB_MINIMIZEBAND		no-pageid	
include/Commctrl.h	RB_MAXIMIZEBAND		no-pageid	
include/Commctrl.h	RB_GETBANDBORDERS		no-pageid	
include/Commctrl.h	RB_SHOWBAND		no-pageid	
include/Commctrl.h	RBBIM_CHILD		no-pageid	
include/Commctrl.h	RBBS_BREAK		no-pageid	
include/Commctrl.h	RBBS_FIXEDSIZE		no-pageid	
include/Commctrl.h	RBBS_CHILDEDGE		no-pageid	
include/Commctrl.h	RBBS_HIDDEN		no-pageid	
include/Commctrl.h	RBBS_NOVERT		no-pageid	
include/Commctrl.h	RBBS_FIXEDBMP		no-pageid	
include/Commctrl.h	RBBS_VARIABLEHEIGHT		no-pageid	
include/Commctrl.h	RBBS_GRIPPERALWAYS		no-pageid	
include/Commctrl.h	RBIM_IMAGELIST		no-pageid	
include/Commctrl.h	SB_SETPARTS		no-pageid	
include/Commctrl.h	SB_GETPARTS		no-pageid	
include/Commctrl.h	SB_GETBORDERS		no-pageid	
include/Commctrl.h	SB_SETMINHEIGHT		no-pageid	
include/Commctrl.h	SB_SIMPLE		no-pageid	
include/Commctrl.h	SB_GETRECT		no-pageid	
include/Commctrl.h	SB_SETTEXT		no-pageid	
include/Commctrl.h	SB_GETTEXTLENGTH		no-pageid	
include/Commctrl.h	SB_GETTEXT		no-pageid	
include/Commctrl.h	SB_ISSIMPLE		no-pageid	
include/Commctrl.h	SB_SETICON		no-pageid	
include/Commctrl.h	SB_GETICON		no-pageid	
include/Commctrl.h	SB_SETBKCOLOR		no-pageid	
include/Commctrl.h	SBT_NOBORDERS		no-pageid	
include/Commctrl.h	SBT_POPOUT		no-pageid	
include/Commctrl.h	SBT_RTLREADING		no-pageid	
include/Commctrl.h	SBT_OWNERDRAW		no-pageid	
include/Commctrl.h	STD_CUT		no-pageid	
include/Commctrl.h	STD_COPY		no-pageid	
include/Commctrl.h	STD_PASTE		no-pageid	
include/Commctrl.h	STD_UNDO		no-pageid	
include/Commctrl.h	STD_REDOW		no-pageid	
include/Commctrl.h	STD_DELETE		no-pageid	
include/Commctrl.h	STD_FILENEW		no-pageid	
include/Commctrl.h	STD_FILEOPEN		no-pageid	
include/Commctrl.h	STD_FILESAVE		no-pageid	
include/Commctrl.h	STD_PRINTPRE		no-pageid	
include/Commctrl.h	STD_PROPERTIES		no-pageid	
include/Commctrl.h	STD_HELP		no-pageid	
include/Commctrl.h	STD_FIND		no-pageid	
include/Commctrl.h	STD_REPLACE		no-pageid	
include/Commctrl.h	STD_PRINT		no-pageid	
include/Commctrl.h	TB_LINEUP		no-pageid	
include/Commctrl.h	TB_LINEDOWN		no-pageid	
include/Commctrl.h	TB_PAGEUP		no-pageid	
include/Commctrl.h	TB_PAGEDOWN		no-pageid	
include/Commctrl.h	TB_ENABLEBUTTON		no-pageid	
include/Commctrl.h	TB_CHECKBUTTON		no-pageid	
include/Commctrl.h	TB_PRESSBUTTON		no-pageid	
include/Commctrl.h	TB_HIDEBUTTON		no-pageid	
include/Commctrl.h	TB_INDETERMINATE		no-pageid	
include/Commctrl.h	TB_ISBUTTONENABLED		no-pageid	
include/Commctrl.h	TB_ISBUTTONCHECKED		no-pageid	
include/Commctrl.h	TB_ISBUTTONPRESSED		no-pageid	
include/Commctrl.h	TB_ISBUTTONHIDDEN		no-pageid	
include/Commctrl.h	TB_ISBUTTONINDETERMINATE		no-pageid	
include/Commctrl.h	TB_ISBUTTONHIGHLIGHTED		no-pageid	
include/Commctrl.h	TB_SETSTATE		no-pageid	
include/Commctrl.h	TB_GETSTATE		no-pageid	
include/Commctrl.h	TB_ADDBITMAP		no-pageid	
include/Commctrl.h	TB_ADDBUTTONS		no-pageid	
include/Commctrl.h	TB_INSERTBUTTON		no-pageid	
include/Commctrl.h	TB_DELETEBUTTON		no-pageid	
include/Commctrl.h	TB_BUTTONCOUNT		no-pageid	
include/Commctrl.h	TB_COMMANDTOINDEX		no-pageid	
include/Commctrl.h	TB_GETITEMRECT		no-pageid	
include/Commctrl.h	TB_BUTTONSTRUCTSIZE		no-pageid	
include/Commctrl.h	TB_SETBUTTONSIZE		no-pageid	
include/Commctrl.h	TB_SETBITMAPSIZE		no-pageid	
include/Commctrl.h	TB_AUTOSIZE		no-pageid	
include/Commctrl.h	TB_GETTOOLTIPS		no-pageid	
include/Commctrl.h	TB_SETTOOLTIPS		no-pageid	
include/Commctrl.h	TB_SETPARENT		no-pageid	
include/Commctrl.h	TB_SETROWS		no-pageid	
include/Commctrl.h	TB_GETROWS		no-pageid	
include/Commctrl.h	TB_GETBITMAPFLAGS		no-pageid	
include/Commctrl.h	TB_SETCMDID		no-pageid	
include/Commctrl.h	TB_CHANGEBITMAP		no-pageid	
include/Commctrl.h	TB_GETBITMAP		no-pageid	
include/Commctrl.h	TB_REPLACEBITMAP		no-pageid	
include/Commctrl.h	TB_SETINDENT		no-pageid	
include/Commctrl.h	TB_SETIMAGELIST		no-pageid	
include/Commctrl.h	TB_GETIMAGELIST		no-pageid	
include/Commctrl.h	TB_LOADIMAGES		no-pageid	
include/Commctrl.h	TB_GETRECT		no-pageid	
include/Commctrl.h	TB_SETDISABLEDIMAGELIST		no-pageid	
include/Commctrl.h	TB_GETDISABLEDIMAGELIST		no-pageid	
include/Commctrl.h	TB_SETSTYLE		no-pageid	
include/Commctrl.h	TB_GETSTYLE		no-pageid	
include/Commctrl.h	TB_GETBUTTONSIZE		no-pageid	
include/Commctrl.h	TB_SETBUTTONWIDTH		no-pageid	
include/Commctrl.h	TB_SETMAXTEXTROWS		no-pageid	
include/Commctrl.h	TB_GETTEXTROWS		no-pageid	
include/Commctrl.h	TB_GETBUTTONINFO		no-pageid	
include/Commctrl.h	TB_SETBUTTONINFO		no-pageid	
include/Commctrl.h	TB_SETDRAWTEXTFLAGS		no-pageid	
include/Commctrl.h	TB_GETBUTTONTEXT		no-pageid	
include/Commctrl.h	TB_ADDSTRING		no-pageid	
include/Commctrl.h	TBBF_LARGE		no-pageid	
include/Commctrl.h	TBCD_TICS		no-pageid	
include/Commctrl.h	TBCD_THUMB		no-pageid	
include/Commctrl.h	TBCD_CHANNEL		no-pageid	
include/Commctrl.h	TBIF_IMAGE		no-pageid	
include/Commctrl.h	TBIF_TEXT		no-pageid	
include/Commctrl.h	TBIF_STATE		no-pageid	
include/Commctrl.h	TBIF_STYLE		no-pageid	
include/Commctrl.h	TBIF_LPARAM		no-pageid	
include/Commctrl.h	TBIF_COMMAND		no-pageid	
include/Commctrl.h	TBIF_SIZE		no-pageid	
include/Commctrl.h	TBIF_BYINDEX		no-pageid	
include/Commctrl.h	TBM_GETRANGEMIN		no-pageid	
include/Commctrl.h	TBM_GETRANGEMAX		no-pageid	
include/Commctrl.h	TBM_GETTIC		no-pageid	
include/Commctrl.h	TBM_SETTIC		no-pageid	
include/Commctrl.h	TBM_SETPOS		no-pageid	
include/Commctrl.h	TBM_SETRANGE		no-pageid	
include/Commctrl.h	TBM_SETRANGEMIN		no-pageid	
include/Commctrl.h	TBM_SETRANGEMAX		no-pageid	
include/Commctrl.h	TBM_CLEARTICS		no-pageid	
include/Commctrl.h	TBM_SETSEL		no-pageid	
include/Commctrl.h	TBM_SETSELSTART		no-pageid	
include/Commctrl.h	TBM_SETSELEND		no-pageid	
include/Commctrl.h	TBM_GETPTICS		no-pageid	
include/Commctrl.h	TBM_GETTICPOS		no-pageid	
include/Commctrl.h	TBM_GETNUMTICS		no-pageid	
include/Commctrl.h	TBM_GETSELSTART		no-pageid	
include/Commctrl.h	TBM_GETSELEND		no-pageid	
include/Commctrl.h	TBM_CLEARSEL		no-pageid	
include/Commctrl.h	TBM_SETTICFREQ		no-pageid	
include/Commctrl.h	TBM_SETPAGESIZE		no-pageid	
include/Commctrl.h	TBM_GETPAGESIZE		no-pageid	
include/Commctrl.h	TBM_SETLINESIZE		no-pageid	
include/Commctrl.h	TBM_GETLINESIZE		no-pageid	
include/Commctrl.h	TBM_GETTHUMBRECT		no-pageid	
include/Commctrl.h	TBM_GETCHANNELRECT		no-pageid	
include/Commctrl.h	TBM_SETTHUMBLENGTH		no-pageid	
include/Commctrl.h	TBM_GETTHUMBLENGTH		no-pageid	
include/Commctrl.h	TBM_SETBUDDY		no-pageid	
include/Commctrl.h	TBM_GETBUDDY		no-pageid	
include/Commctrl.h	TBS_HORZ		no-pageid	
include/Commctrl.h	TBS_VERT		no-pageid	
include/Commctrl.h	TBS_ENABLESELRANGE		no-pageid	
include/Commctrl.h	TBS_FIXEDLENGTH		no-pageid	
include/Commctrl.h	TBSTYLE_DROPDOWN		no-pageid	
include/Commctrl.h	TBSTYLE_WRAPABLE		no-pageid	
include/Commctrl.h	TCHT_NOWHERE		no-pageid	
include/Commctrl.h	TCHT_ONITEMICON		no-pageid	
include/Commctrl.h	TCHT_ONITEMLABEL		no-pageid	
include/Commctrl.h	TCHT_ONITEM		no-pageid	
include/Commctrl.h	TCIF_TEXT		no-pageid	
include/Commctrl.h	TCIF_IMAGE		no-pageid	
include/Commctrl.h	TCIF_RTLREADING		no-pageid	
include/Commctrl.h	TCIF_PARAM		no-pageid	
include/Commctrl.h	TCIF_STATE		no-pageid	
include/Commctrl.h	TCIS_BUTTONPRESSED		no-pageid	
include/Commctrl.h	TCM_GETIMAGELIST		no-pageid	
include/Commctrl.h	TCM_SETIMAGELIST		no-pageid	
include/Commctrl.h	TCM_GETITEMCOUNT		no-pageid	
include/Commctrl.h	TCM_DELETEITEM		no-pageid	
include/Commctrl.h	TCM_DELETEALLITEMS		no-pageid	
include/Commctrl.h	TCM_GETITEMRECT		no-pageid	
include/Commctrl.h	TCM_GETCURSEL		no-pageid	
include/Commctrl.h	TCM_SETCURSEL		no-pageid	
include/Commctrl.h	TCM_HITTEST		no-pageid	
include/Commctrl.h	TCM_SETITEMEXTRA		no-pageid	
include/Commctrl.h	TCM_ADJUSTRECT		no-pageid	
include/Commctrl.h	TCM_SETITEMSIZE		no-pageid	
include/Commctrl.h	TCM_REMOVEIMAGE		no-pageid	
include/Commctrl.h	TCM_SETPADDING		no-pageid	
include/Commctrl.h	TCM_GETROWCOUNT		no-pageid	
include/Commctrl.h	TCM_GETCURFOCUS		no-pageid	
include/Commctrl.h	TCM_SETCURFOCUS		no-pageid	
include/Commctrl.h	TCM_SETMINTABWIDTH		no-pageid	
include/Commctrl.h	TCM_DESELECTALL		no-pageid	
include/Commctrl.h	TCM_HIGHLIGHTITEM		no-pageid	
include/Commctrl.h	TCM_SETEXTENDEDSTYLE		no-pageid	
include/Commctrl.h	TCM_GETEXTENDEDSTYLE		no-pageid	
include/Commctrl.h	TCM_GETITEM		no-pageid	
include/Commctrl.h	TCM_SETITEM		no-pageid	
include/Commctrl.h	TCM_INSERTITEM		no-pageid	
include/Commctrl.h	TCS_EX_FLATSEPARATORS		no-pageid	
include/Commctrl.h	TCS_BUTTONS		no-pageid	
include/Commctrl.h	TTF_IDISHWND		no-pageid	
include/Commctrl.h	TTF_CENTERTIP		no-pageid	
include/Commctrl.h	TTF_RTLREADING		no-pageid	
include/Commctrl.h	TTF_SUBCLASS		no-pageid	
include/Commctrl.h	TTF_ABSOLUTE		no-pageid	
include/Commctrl.h	TTF_DI_SETITEM		no-pageid	
include/Commctrl.h	TTM_ACTIVATE		no-pageid	
include/Commctrl.h	TTM_SETDELAYTIME		no-pageid	
include/Commctrl.h	TTM_RELAYEVENT		no-pageid	
include/Commctrl.h	TTM_GETTOOLCOUNT		no-pageid	
include/Commctrl.h	TTM_WINDOWFROMPOINT		no-pageid	
include/Commctrl.h	TTM_TRACKACTIVATE		no-pageid	
include/Commctrl.h	TTM_TRACKPOSITION		no-pageid	
include/Commctrl.h	TTM_SETTIPBKCOLOR		no-pageid	
include/Commctrl.h	TTM_SETTIPTEXTCOLOR		no-pageid	
include/Commctrl.h	TTM_GETDELAYTIME		no-pageid	
include/Commctrl.h	TTM_GETTIPBKCOLOR		no-pageid	
include/Commctrl.h	TTM_GETTIPTEXTCOLOR		no-pageid	
include/Commctrl.h	TTM_SETMAXTIPWIDTH		no-pageid	
include/Commctrl.h	TTM_GETMAXTIPWIDTH		no-pageid	
include/Commctrl.h	TTM_SETMARGIN		no-pageid	
include/Commctrl.h	TTM_GETMARGIN		no-pageid	
include/Commctrl.h	TTM_POP		no-pageid	
include/Commctrl.h	TTM_ADDTOOL		no-pageid	
include/Commctrl.h	TTM_DELTOOL		no-pageid	
include/Commctrl.h	TTM_NEWTOOLRECT		no-pageid	
include/Commctrl.h	TTM_GETTOOLINFO		no-pageid	
include/Commctrl.h	TTM_SETTOOLINFO		no-pageid	
include/Commctrl.h	TTM_HITTEST		no-pageid	
include/Commctrl.h	TTM_GETTEXT		no-pageid	
include/Commctrl.h	TTM_UPDATETIPTEXT		no-pageid	
include/Commctrl.h	TTM_ENUMTOOLS		no-pageid	
include/Commctrl.h	TTM_GETCURRENTTOOL		no-pageid	
include/Commctrl.h	TTS_NOPREFIX		no-pageid	
include/Commctrl.h	TVC_UNKNOWN		no-pageid	
include/Commctrl.h	TVC_BYMOUSE		no-pageid	
include/Commctrl.h	TVC_BYKEYBOARD		no-pageid	
include/Commctrl.h	TVE_COLLAPSE		no-pageid	
include/Commctrl.h	TVE_EXPAND		no-pageid	
include/Commctrl.h	TVE_TOGGLE		no-pageid	
include/Commctrl.h	TVE_EXPANDPARTIAL		no-pageid	
include/Commctrl.h	TVE_COLLAPSERESET		no-pageid	
include/Commctrl.h	TVGN_ROOT		no-pageid	
include/Commctrl.h	TVGN_NEXT		no-pageid	
include/Commctrl.h	TVGN_PREVIOUS		no-pageid	
include/Commctrl.h	TVGN_PARENT		no-pageid	
include/Commctrl.h	TVGN_CHILD		no-pageid	
include/Commctrl.h	TVGN_FIRSTVISIBLE		no-pageid	
include/Commctrl.h	TVGN_NEXTVISIBLE		no-pageid	
include/Commctrl.h	TVGN_PREVIOUSVISIBLE		no-pageid	
include/Commctrl.h	TVGN_DROPHILITE		no-pageid	
include/Commctrl.h	TVGN_CARET		no-pageid	
include/Commctrl.h	TVGN_LASTVISIBLE		no-pageid	
include/Commctrl.h	TVHT_NOWHERE		no-pageid	
include/Commctrl.h	TVHT_ONITEMICON		no-pageid	
include/Commctrl.h	TVHT_ONITEMLABEL		no-pageid	
include/Commctrl.h	TVHT_ONITEMINDENT		no-pageid	
include/Commctrl.h	TVHT_ONITEMBUTTON		no-pageid	
include/Commctrl.h	TVHT_ONITEMRIGHT		no-pageid	
include/Commctrl.h	TVHT_ONITEMSTATEICON		no-pageid	
include/Commctrl.h	TVHT_ONITEM		no-pageid	
include/Commctrl.h	TVHT_ABOVE		no-pageid	
include/Commctrl.h	TVHT_BELOW		no-pageid	
include/Commctrl.h	TVHT_TORIGHT		no-pageid	
include/Commctrl.h	TVHT_TOLEFT		no-pageid	
include/Commctrl.h	TVIF_TEXT		no-pageid	
include/Commctrl.h	TVIF_IMAGE		no-pageid	
include/Commctrl.h	TVIF_PARAM		no-pageid	
include/Commctrl.h	TVIF_STATE		no-pageid	
include/Commctrl.h	TVIF_HANDLE		no-pageid	
include/Commctrl.h	TVIF_SELECTEDIMAGE		no-pageid	
include/Commctrl.h	TVIF_CHILDREN		no-pageid	
include/Commctrl.h	TVIS_SELECTED		no-pageid	
include/Commctrl.h	TVIS_CUT		no-pageid	
include/Commctrl.h	TVIS_DROPHILITED		no-pageid	
include/Commctrl.h	TVIS_BOLD		no-pageid	
include/Commctrl.h	TVIS_EXPANDED		no-pageid	
include/Commctrl.h	TVIS_EXPANDEDONCE		no-pageid	
include/Commctrl.h	TVIS_OVERLAYMASK		no-pageid	
include/Commctrl.h	TVIS_STATEIMAGEMASK		no-pageid	
include/Commctrl.h	TVM_DELETEITEM		no-pageid	
include/Commctrl.h	TVM_EXPAND		no-pageid	
include/Commctrl.h	TVM_GETITEMRECT		no-pageid	
include/Commctrl.h	TVM_GETCOUNT		no-pageid	
include/Commctrl.h	TVM_GETINDENT		no-pageid	
include/Commctrl.h	TVM_SETINDENT		no-pageid	
include/Commctrl.h	TVM_GETIMAGELIST		no-pageid	
include/Commctrl.h	TVM_SETIMAGELIST		no-pageid	
include/Commctrl.h	TVM_GETNEXTITEM		no-pageid	
include/Commctrl.h	TVM_SELECTITEM		no-pageid	
include/Commctrl.h	TVM_GETEDITCONTROL		no-pageid	
include/Commctrl.h	TVM_GETVISIBLECOUNT		no-pageid	
include/Commctrl.h	TVM_HITTEST		no-pageid	
include/Commctrl.h	TVM_CREATEDRAGIMAGE		no-pageid	
include/Commctrl.h	TVM_SORTCHILDREN		no-pageid	
include/Commctrl.h	TVM_ENSUREVISIBLE		no-pageid	
include/Commctrl.h	TVM_SORTCHILDRENCB		no-pageid	
include/Commctrl.h	TVM_ENDEDITLABELNOW		no-pageid	
include/Commctrl.h	TVM_INSERTITEM		no-pageid	
include/Commctrl.h	TVM_GETITEM		no-pageid	
include/Commctrl.h	TVM_SETITEM		no-pageid	
include/Commctrl.h	TVM_GETISEARCHSTRING		no-pageid	
include/Commctrl.h	TVM_EDITLABEL		no-pageid	
include/Commctrl.h	TVS_HASBUTTONS		no-pageid	
include/Commctrl.h	TVSIL_NORMAL		no-pageid	
include/Commctrl.h	TVSIL_STATE		no-pageid	
include/Commctrl.h	UD_MAXVAL		no-pageid	
include/Commctrl.h	UDM_SETRANGE		no-pageid	
include/Commctrl.h	UDM_GETRANGE		no-pageid	
include/Commctrl.h	UDM_SETPOS		no-pageid	
include/Commctrl.h	UDM_GETPOS		no-pageid	
include/Commctrl.h	UDM_SETBUDDY		no-pageid	
include/Commctrl.h	UDM_GETBUDDY		no-pageid	
include/Commctrl.h	UDM_SETACCEL		no-pageid	
include/Commctrl.h	UDM_GETACCEL		no-pageid	
include/Commctrl.h	UDM_SETBASE		no-pageid	
include/Commctrl.h	UDM_GETBASE		no-pageid	
include/Commctrl.h	UDM_SETRANGE32		no-pageid	
include/Commctrl.h	UDM_GETRANGE32		no-pageid	
include/Commctrl.h	VIEW_LARGEICONS		no-pageid	
include/Commctrl.h	VIEW_SMALLICONS		no-pageid	
include/Commctrl.h	VIEW_LIST		no-pageid	
include/Commctrl.h	VIEW_DETAILS		no-pageid	
include/Commctrl.h	VIEW_SORTNAME		no-pageid	
include/Commctrl.h	VIEW_SORTSIZE		no-pageid	
include/Commctrl.h	VIEW_SORTDATE		no-pageid	
include/Commctrl.h	VIEW_SORTTYPE		no-pageid	
include/Commctrl.h	RB_HITTEST	aa453619	name-no-value-on-page	value R1/derived
include/Commctrl.h	TB_GETBUTTON	ms940429	name-no-value-on-page	value R1/derived
include/Commctrlview.hpp	_INC_WINDOWS_CE_SDK_DECOR_EMPTY		no-pageid	
include/D3dm.h	_FACD3DM	ms932027	match	
include/D3dm.h	D3DMRENDERSTATE_WRAPBIAS	ee490886	match	
include/D3dm.h	MAX_DEVICE_IDENTIFIER_STRING	ms932031	match	
include/D3dm.h	D3DMCREATE_MULTITHREADED	ms928109	match	
include/D3dm.h	D3DMCURRENT_DISPLAY_MODE	ee490298	match	
include/D3dmddk.h	D3DMTSS_TEXTURE	aa447708	match	
include/D3dmtypes.h	D3DMPRESENTFLAG_LOCKABLE_BACKBUFFER	ee490892	match	
include/Ddraw.h	DD_ROP_SPACE	ms907789	name-no-value-on-page	
include/Dmo.h	DMO_E_INVALIDSTREAMINDEX	aa451595	match	
include/Dmo.h	DMO_E_INVALIDTYPE	aa451595	match	
include/Dmo.h	DMO_E_TYPE_NOT_SET	aa451595	match	
include/Dmo.h	DMO_E_NOTACCEPTING	aa451595	match	
include/Dmo.h	DMO_E_TYPE_NOT_ACCEPTED	aa451595	match	
include/Dmo.h	DMO_E_NO_MORE_ITEMS	aa451595	match	
include/Dvdioctl.h	IOCTL_DVD_GET_REGION	ms902120	name-no-value-on-page	value R1/derived
include/Dvdnav.h	DVD_SYSTEM_SPACE_BIT	ms925307	match	
include/Dvdnav.h	DVD_NAVSTATREQ_VOLUME_BIT	ms925307	match	
include/Dvdnav.h	DVD_PROGRAM_PREVIOUS	ms925307	match	
include/Dvdnav.h	DVD_PROGRAM_NEXT	ms925307	match	
include/Dvdnav.h	DVD_PROGRAM_TOP	ms925307	match	
include/Dvdnav.h	DVD_MENU_TITLE	ms925307	match	
include/Dvdnav.h	DVD_MENU_ROOT	ms925307	match	
include/Dvdnav.h	DVD_MENU_SUBPICTURE	ms925307	match	
include/Dvdnav.h	DVD_MENU_AUDIO	ms925307	match	
include/Dvdnav.h	DVD_MENU_ANGLE	ms925307	match	
include/Dvdnav.h	DVD_MENU_PTT	ms925307	match	
include/Dvdnav.h	DVD_SELECT_UPPER	ms925307	match	
include/Dvdnav.h	DVD_SELECT_RIGHT	ms925307	match	
include/Dvdnav.h	DVD_SELECT_LOWER	ms925307	match	
include/Dvdnav.h	DVD_SELECT_LEFT	ms925307	match	
include/Dvdnav.h	DVD_SCANCAP_FORWARD_SCAN	ee481106	match	
include/Dvdnav.h	DVD_SCANCAP_FORWARD_SLOW	ee481106	match	
include/Dvdnav.h	DVD_SCANCAP_FORWARD_SINGLE	ee481106	match	
include/Dvdnav.h	DVD_SCANCAP_BACKWARD_SCAN	ee481106	match	
include/Dvdnav.h	DVD_SCANCAP_BACKWARD_SLOW	ee481106	match	
include/Dvdnav.h	DVD_SCANCAP_BACKWARD_SINGLE	ee481106	match	
include/Dvdnav.h	SPRM_M_LCD	ms925307	match	
include/Dvdnav.h	SPRM_ASTN	ms925307	match	
include/Dvdnav.h	SPRM_SPSTN	ms925307	match	
include/Dvdnav.h	SPRM_AGLN	ms925307	match	
include/Dvdnav.h	SPRM_TTN	ms925307	match	
include/Dvdnav.h	SPRM_VTS_TTN	ms925307	match	
include/Dvdnav.h	SPRM_TT_PGCN	ms925307	match	
include/Dvdnav.h	SPRM_PTTN	ms925307	match	
include/Dvdnav.h	SPRM_HL_BTNN	ms925307	match	
include/Dvdnav.h	SPRM_NV_TMR	ms925307	match	
include/Dvdnav.h	SPRM_NV_TMR_PGCN	ms925307	match	
include/Dvdnav.h	SPRM_P_AMXMD	ms925307	match	
include/Dvdnav.h	SPRM_CTY_CD	ms925307	match	
include/Dvdnav.h	SPRM_PTL_LVL	ms925307	match	
include/Dvdnav.h	SPRM_P_CFG_VIDEO	ms925307	match	
include/Dvdnav.h	SPRM_P_CFG_AUDIO	ms925307	match	
include/Dvdnav.h	SPRM_INI_LCD_AST	ms925307	match	
include/Dvdnav.h	SPRM_INI_LCD_EXT_AST	ms925307	match	
include/Dvdnav.h	SPRM_INI_LCD_SPST	ms925307	match	
include/Dvdnav.h	SPRM_INI_LCD_EXT_SPST	ms925307	match	
include/Dvdnav.h	SPRM_REGION	ms925307	match	
include/Gcacheview.hpp	_INC_WINDOWS_CE_SDK_DECOR_EMPTY		no-pageid	
include/Gdi.hpp	_INC_WINDOWS_CE_SDK_DECOR_EMPTY		no-pageid	
include/Gpsapi.h	GPS_MAX_SATELLITES	ee483540	match	
include/Headerview.hpp	_INC_WINDOWS_CE_SDK_DECOR_EMPTY		no-pageid	
include/Imaging.h	ALPHA_SHIFT	ee490465	match	
include/Imaging.h	RED_SHIFT	ee490465	match	
include/Imaging.h	GREEN_SHIFT	ee490465	match	
include/Imaging.h	BLUE_SHIFT	ee490465	match	
include/Imm.h	ATTR_INPUT		no-pageid	
include/Imm.h	ATTR_TARGET_CONVERTED		no-pageid	
include/Imm.h	ATTR_CONVERTED		no-pageid	
include/Imm.h	ATTR_TARGET_NOTCONVERTED		no-pageid	
include/Imm.h	ATTR_INPUT_ERROR		no-pageid	
include/Imm.h	ATTR_FIXEDCONVERTED		no-pageid	
include/Imm.h	CFS_DEFAULT		no-pageid	
include/Imm.h	CFS_CANDIDATEPOS		no-pageid	
include/Imm.h	CFS_EXCLUDE		no-pageid	
include/Imm.h	CPS_COMPLETE		no-pageid	
include/Imm.h	CPS_CONVERT		no-pageid	
include/Imm.h	CPS_REVERT		no-pageid	
include/Imm.h	CPS_CANCEL		no-pageid	
include/Imm.h	GCL_CONVERSION		no-pageid	
include/Imm.h	GCL_REVERSECONVERSION		no-pageid	
include/Imm.h	GCL_REVERSE_LENGTH		no-pageid	
include/Imm.h	GCS_COMPREADSTR		no-pageid	
include/Imm.h	GCS_COMPREADATTR		no-pageid	
include/Imm.h	GCS_COMPREADCLAUSE		no-pageid	
include/Imm.h	GCS_COMPSTR		no-pageid	
include/Imm.h	GCS_COMPATTR		no-pageid	
include/Imm.h	GCS_COMPCLAUSE		no-pageid	
include/Imm.h	GCS_CURSORPOS		no-pageid	
include/Imm.h	GCS_DELTASTART		no-pageid	
include/Imm.h	GCS_RESULTREADSTR		no-pageid	
include/Imm.h	GCS_RESULTREADCLAUSE		no-pageid	
include/Imm.h	GCS_RESULTSTR		no-pageid	
include/Imm.h	GCS_RESULTCLAUSE		no-pageid	
include/Imm.h	GGL_LEVEL		no-pageid	
include/Imm.h	GGL_INDEX		no-pageid	
include/Imm.h	GGL_STRING		no-pageid	
include/Imm.h	GGL_PRIVATE		no-pageid	
include/Imm.h	GL_ID_UNKNOWN		no-pageid	
include/Imm.h	GL_LEVEL_NOGUIDELINE		no-pageid	
include/Imm.h	GL_ID_NOMODULE		no-pageid	
include/Imm.h	GL_LEVEL_FATAL		no-pageid	
include/Imm.h	GL_LEVEL_ERROR		no-pageid	
include/Imm.h	GL_LEVEL_WARNING		no-pageid	
include/Imm.h	GL_LEVEL_INFORMATION		no-pageid	
include/Imm.h	GL_ID_NODICTIONARY		no-pageid	
include/Imm.h	GL_ID_CANNOTSAVE		no-pageid	
include/Imm.h	GL_ID_NOCONVERT		no-pageid	
include/Imm.h	GL_ID_TYPINGERROR		no-pageid	
include/Imm.h	GL_ID_TOOMANYSTROKE		no-pageid	
include/Imm.h	GL_ID_READINGCONFLICT		no-pageid	
include/Imm.h	GL_ID_INPUTREADING		no-pageid	
include/Imm.h	GL_ID_INPUTRADICAL		no-pageid	
include/Imm.h	GL_ID_INPUTCODE		no-pageid	
include/Imm.h	GL_ID_CHOOSECANDIDATE		no-pageid	
include/Imm.h	GL_ID_REVERSECONVERSION		no-pageid	
include/Imm.h	GL_ID_PRIVATE_FIRST		no-pageid	
include/Imm.h	GL_ID_PRIVATE_LAST		no-pageid	
include/Imm.h	IACE_CHILDREN		no-pageid	
include/Imm.h	IACE_DEFAULT		no-pageid	
include/Imm.h	IACE_IGNORENOCONTEXT		no-pageid	
include/Imm.h	IGIMIF_RIGHTMENU		no-pageid	
include/Imm.h	IGIMII_CMODE		no-pageid	
include/Imm.h	IGIMII_SMODE		no-pageid	
include/Imm.h	IGIMII_CONFIGURE		no-pageid	
include/Imm.h	IGIMII_TOOLS		no-pageid	
include/Imm.h	IGIMII_HELP		no-pageid	
include/Imm.h	IGIMII_OTHER		no-pageid	
include/Imm.h	IGIMII_INPUTTOOLS		no-pageid	
include/Imm.h	IGP_PROPERTY		no-pageid	
include/Imm.h	IGP_CONVERSION		no-pageid	
include/Imm.h	IGP_SENTENCE		no-pageid	
include/Imm.h	IGP_UI		no-pageid	
include/Imm.h	IGP_SETCOMPSTR		no-pageid	
include/Imm.h	IGP_SELECT		no-pageid	
include/Imm.h	IMC_GETCANDIDATEPOS		no-pageid	
include/Imm.h	IMC_SETCANDIDATEPOS		no-pageid	
include/Imm.h	IMC_GETCOMPOSITIONFONT		no-pageid	
include/Imm.h	IMC_SETCOMPOSITIONFONT		no-pageid	
include/Imm.h	IMC_GETCOMPOSITIONWINDOW		no-pageid	
include/Imm.h	IMC_SETCOMPOSITIONWINDOW		no-pageid	
include/Imm.h	IMC_GETSTATUSWINDOWPOS		no-pageid	
include/Imm.h	IMC_SETSTATUSWINDOWPOS		no-pageid	
include/Imm.h	IMC_CLOSESTATUSWINDOW		no-pageid	
include/Imm.h	IMC_OPENSTATUSWINDOW		no-pageid	
include/Imm.h	IME_CAND_UNKNOWN		no-pageid	
include/Imm.h	IME_SMODE_NONE		no-pageid	
include/Imm.h	IME_CAND_READ		no-pageid	
include/Imm.h	IME_CMODE_NATIVE		no-pageid	
include/Imm.h	IME_CONFIG_GENERAL		no-pageid	
include/Imm.h	IME_REGWORD_STYLE_EUDC		no-pageid	
include/Imm.h	IME_CAND_CODE		no-pageid	
include/Imm.h	IME_CMODE_KATAKANA		no-pageid	
include/Imm.h	IME_CONFIG_REGISTERWORD		no-pageid	
include/Imm.h	IME_SMODE_SINGLECONVERT		no-pageid	
include/Imm.h	IME_CAND_MEANING		no-pageid	
include/Imm.h	IME_CONFIG_SELECTDICTIONARY		no-pageid	
include/Imm.h	IME_ESC_QUERY_SUPPORT		no-pageid	
include/Imm.h	IME_CAND_RADICAL		no-pageid	
include/Imm.h	IME_ESC_RESERVED_FIRST		no-pageid	
include/Imm.h	IME_SMODE_AUTOMATIC		no-pageid	
include/Imm.h	IME_CMODE_FULLSHAPE		no-pageid	
include/Imm.h	IME_SMODE_PHRASEPREDICT		no-pageid	
include/Imm.h	IME_CHOTKEY_IME_NONIME_TOGGLE		no-pageid	
include/Imm.h	IME_CMODE_ROMAN		no-pageid	
include/Imm.h	IME_CHOTKEY_SHAPE_TOGGLE		no-pageid	
include/Imm.h	IME_CHOTKEY_SYMBOL_TOGGLE		no-pageid	
include/Imm.h	IME_CMODE_CHARCODE		no-pageid	
include/Imm.h	IME_JHOTKEY_CLOSE_OPEN		no-pageid	
include/Imm.h	IME_CMODE_HANJACONVERT		no-pageid	
include/Imm.h	IME_KHOTKEY_SHAPE_TOGGLE		no-pageid	
include/Imm.h	IME_KHOTKEY_HANJACONVERT		no-pageid	
include/Imm.h	IME_KHOTKEY_ENGLISH		no-pageid	
include/Imm.h	IME_THOTKEY_IME_NONIME_TOGGLE		no-pageid	
include/Imm.h	IME_THOTKEY_SHAPE_TOGGLE		no-pageid	
include/Imm.h	IME_THOTKEY_SYMBOL_TOGGLE		no-pageid	
include/Imm.h	IME_CMODE_SOFTKBD		no-pageid	
include/Imm.h	IME_CMODE_NOCONVERSION		no-pageid	
include/Imm.h	IME_HOTKEY_DSWITCH_FIRST		no-pageid	
include/Imm.h	IME_HOTKEY_DSWITCH_LAST		no-pageid	
include/Imm.h	IME_CMODE_EUDC		no-pageid	
include/Imm.h	IME_ESC_RESERVED_LAST		no-pageid	
include/Imm.h	IME_ESC_PRIVATE_FIRST		no-pageid	
include/Imm.h	IME_ESC_PRIVATE_LAST		no-pageid	
include/Imm.h	IME_ESC_SEQUENCE_TO_INTERNAL		no-pageid	
include/Imm.h	IME_ESC_GET_EUDC_DICTIONARY		no-pageid	
include/Imm.h	IME_ESC_SET_EUDC_DICTIONARY		no-pageid	
include/Imm.h	IME_ESC_MAX_KEY		no-pageid	
include/Imm.h	IME_ESC_IME_NAME		no-pageid	
include/Imm.h	IME_ESC_HANJA_MODE		no-pageid	
include/Imm.h	IME_PROP_AT_CARET		no-pageid	
include/Imm.h	IME_PROP_SPECIAL_UI		no-pageid	
include/Imm.h	IME_PROP_CANDLIST_START_FROM_1		no-pageid	
include/Imm.h	IME_PROP_UNICODE		no-pageid	
include/Imm.h	IME_REGWORD_STYLE_USER_FIRST		no-pageid	
include/Imm.h	IME_REGWORD_STYLE_USER_LAST		no-pageid	
include/Imm.h	IMEMENUITEM_STRING_SIZE		no-pageid	
include/Imm.h	IMEVER_0310		no-pageid	
include/Imm.h	IMEVER_0400		no-pageid	
include/Imm.h	IMFS_ENABLED		no-pageid	
include/Imm.h	IMFS_UNCHECKED		no-pageid	
include/Imm.h	IMFS_UNHILITE		no-pageid	
include/Imm.h	IMFS_DISABLED		no-pageid	
include/Imm.h	IMFS_GRAYED		no-pageid	
include/Imm.h	IMFS_CHECKED		no-pageid	
include/Imm.h	IMFS_HILITE		no-pageid	
include/Imm.h	IMFS_DEFAULT		no-pageid	
include/Imm.h	IMFT_RADIOCHECK		no-pageid	
include/Imm.h	IMFT_SEPARATOR		no-pageid	
include/Imm.h	IMFT_SUBMENU		no-pageid	
include/Imm.h	IMN_CLOSESTATUSWINDOW		no-pageid	
include/Imm.h	IMN_OPENSTATUSWINDOW		no-pageid	
include/Imm.h	IMN_CHANGECANDIDATE		no-pageid	
include/Imm.h	IMN_CLOSECANDIDATE		no-pageid	
include/Imm.h	IMN_OPENCANDIDATE		no-pageid	
include/Imm.h	IMN_SETCONVERSIONMODE		no-pageid	
include/Imm.h	IMN_SETSENTENCEMODE		no-pageid	
include/Imm.h	IMN_SETOPENSTATUS		no-pageid	
include/Imm.h	IMN_SETCANDIDATEPOS		no-pageid	
include/Imm.h	IMN_SETCOMPOSITIONFONT		no-pageid	
include/Imm.h	IMN_SETCOMPOSITIONWINDOW		no-pageid	
include/Imm.h	IMN_SETSTATUSWINDOWPOS		no-pageid	
include/Imm.h	IMN_GUIDELINE		no-pageid	
include/Imm.h	IMR_RECONVERTSTRING		no-pageid	
include/Imm.h	IMR_QUERYCHARPOSITION		no-pageid	
include/Imm.h	MOD_ALT		no-pageid	
include/Imm.h	MOD_CONTROL		no-pageid	
include/Imm.h	MOD_SHIFT		no-pageid	
include/Imm.h	MOD_IGNORE_ALL_MODIFIER		no-pageid	
include/Imm.h	MOD_ON_KEYUP		no-pageid	
include/Imm.h	MOD_RIGHT		no-pageid	
include/Imm.h	MOD_LEFT		no-pageid	
include/Imm.h	NI_OPENCANDIDATE		no-pageid	
include/Imm.h	NI_CLOSECANDIDATE		no-pageid	
include/Imm.h	NI_SELECTCANDIDATESTR		no-pageid	
include/Imm.h	NI_CHANGECANDIDATELIST		no-pageid	
include/Imm.h	NI_COMPOSITIONSTR		no-pageid	
include/Imm.h	NI_SETCANDIDATE_PAGESTART		no-pageid	
include/Imm.h	NI_SETCANDIDATE_PAGESIZE		no-pageid	
include/Imm.h	NI_IMEMENUSELECTED		no-pageid	
include/Imm.h	SCS_CAP_COMPSTR		no-pageid	
include/Imm.h	SCS_CAP_MAKEREAD		no-pageid	
include/Imm.h	SCS_SETSTR		no-pageid	
include/Imm.h	SCS_CHANGEATTR		no-pageid	
include/Imm.h	SCS_CHANGECLAUSE		no-pageid	
include/Imm.h	SELECT_CAP_SENTENCE		no-pageid	
include/Imm.h	UI_CAP_2700		no-pageid	
include/Imm.h	UI_CAP_ROT90		no-pageid	
include/Imm.h	UI_CAP_ROTANY		no-pageid	
include/Imm.h	VK_PROCESSKEY		no-pageid	
include/Imm.h	WM_IME_STARTCOMPOSITION		no-pageid	
include/Imm.h	WM_IME_ENDCOMPOSITION		no-pageid	
include/Imm.h	WM_IME_COMPOSITION		no-pageid	
include/Imm.h	WM_IME_SETCONTEXT		no-pageid	
include/Imm.h	WM_IME_NOTIFY		no-pageid	
include/Imm.h	WM_IME_CONTROL		no-pageid	
include/Imm.h	WM_IME_COMPOSITIONFULL		no-pageid	
include/Imm.h	WM_IME_SELECT		no-pageid	
include/Imm.h	WM_IME_CHAR		no-pageid	
include/Imm.h	WM_IME_REQUEST		no-pageid	
include/Imm.h	WM_IME_KEYDOWN		no-pageid	
include/Imm.h	WM_IME_KEYUP		no-pageid	
include/Mlang.h	MAX_RFC1766_NAME		no-pageid	
include/Mlang.h	MAX_LOCALE_NAME		no-pageid	
include/Mlang.h	MAX_MIMEFACE_NAME		no-pageid	
include/Mlang.h	MAX_SCRIPT_NAME		no-pageid	
include/Mlang.h	MAX_MIMECSET_NAME		no-pageid	
include/Mlang.h	MAX_MIMECP_NAME		no-pageid	
include/Mmsystem.h	MAXPNAMELEN	aa452419	name-not-on-page	
include/Mmsystem.h	MIXER_SHORT_NAME_CHARS	aa452419	name-not-on-page	
include/Mmsystem.h	MIXER_LONG_NAME_CHARS	aa452419	name-not-on-page	
include/Mmsystem.h	MAXERRORLENGTH	aa452419	name-not-on-page	
include/Mmsystem.h	MM_WOM_OPEN		no-pageid	
include/Mmsystem.h	MM_WOM_CLOSE		no-pageid	
include/Mmsystem.h	MM_WOM_DONE		no-pageid	
include/Mmsystem.h	MM_WIM_OPEN		no-pageid	
include/Mmsystem.h	MM_WIM_CLOSE		no-pageid	
include/Mmsystem.h	MM_WIM_DATA		no-pageid	
include/Mmsystem.h	MM_MIXM_LINE_CHANGE		no-pageid	
include/Mmsystem.h	MM_MIXM_CONTROL_CHANGE		no-pageid	
include/Mmsystem.h	WIM_OPEN		no-pageid	
include/Mmsystem.h	WIM_CLOSE		no-pageid	
include/Mmsystem.h	WIM_DATA		no-pageid	
include/Mmsystem.h	WOM_OPEN		no-pageid	
include/Mmsystem.h	WOM_CLOSE		no-pageid	
include/Mmsystem.h	WOM_DONE		no-pageid	
include/Msacmdrv.h	ACM_STREAMSIZEF_DESTINATION		no-pageid	
include/Msacmdrv.h	ACM_FORMATSUGGESTF_WFORMATTAG		no-pageid	
include/Msacmdrv.h	DRV_OPEN		no-pageid	
include/Msacmdrv.h	DRV_CLOSE		no-pageid	
include/Nclientview.hpp	_INC_WINDOWS_CE_SDK_DECOR_EMPTY		no-pageid	
include/Objbase.h	VT_ARRAY	aa519284	match	
include/Objbase.h	VT_BYREF	aa519284	match	
include/Objbase.h	VT_RESERVED	ee488486	match	
include/Objbase.h	FADF_AUTO	ms892133	match	
include/Objbase.h	FADF_STATIC	ms892133	match	
include/Objbase.h	FADF_EMBEDDED	ms892133	match	
include/Objbase.h	FADF_FIXEDSIZE	ms892133	match	
include/Objbase.h	FADF_BSTR	ms892133	match	
include/Objbase.h	FADF_UNKNOWN	ms892133	match	
include/Objbase.h	FADF_DISPATCH	ms892133	match	
include/Objbase.h	FADF_VARIANT	ms892133	match	
include/Objbase.h	FADF_RESERVED	ms892133	match	
include/Pegdser.h	IOCTL_SERIAL_CLR_DTR	ms901420	name-no-value-on-page	value R1/derived
include/Pegdser.h	IOCTL_SERIAL_CLR_RTS	ms901421	name-no-value-on-page	value R1/derived
include/Pegdser.h	IOCTL_SERIAL_GET_COMMSTATUS	ms901424	name-no-value-on-page	value R1/derived
include/Pegdser.h	IOCTL_SERIAL_GET_MODEMSTATUS	ms901426	name-no-value-on-page	value R1/derived
include/Pegdser.h	IOCTL_SERIAL_GET_PROPERTIES	ms901427	name-no-value-on-page	value R1/derived
include/Pegdser.h	IOCTL_SERIAL_GET_TIMEOUTS	ms901428	name-no-value-on-page	value R1/derived
include/Pegdser.h	IOCTL_SERIAL_GET_WAIT_MASK	ms901429	name-no-value-on-page	value R1/derived
include/Pegdser.h	IOCTL_SERIAL_IMMEDIATE_CHAR	ms901430	name-no-value-on-page	value R1/derived
include/Pegdser.h	IOCTL_SERIAL_PURGE	ms901431	name-no-value-on-page	value R1/derived
include/Pegdser.h	IOCTL_SERIAL_SET_BREAK_OFF	ms901432	name-no-value-on-page	value R1/derived
include/Pegdser.h	IOCTL_SERIAL_SET_BREAK_ON	ms901433	name-no-value-on-page	value R1/derived
include/Pegdser.h	IOCTL_SERIAL_SET_DTR	ms901435	name-no-value-on-page	value R1/derived
include/Pegdser.h	IOCTL_SERIAL_SET_QUEUE_SIZE	ms901436	name-no-value-on-page	value R1/derived
include/Pegdser.h	IOCTL_SERIAL_SET_RTS	ms901437	name-no-value-on-page	value R1/derived
include/Pegdser.h	IOCTL_SERIAL_SET_TIMEOUTS	ms901438	name-no-value-on-page	value R1/derived
include/Pegdser.h	IOCTL_SERIAL_SET_WAIT_MASK	ms901439	name-no-value-on-page	value R1/derived
include/Pegdser.h	IOCTL_SERIAL_SET_XOFF	ms901440	name-no-value-on-page	value R1/derived
include/Pegdser.h	IOCTL_SERIAL_SET_XON	ms901441	name-no-value-on-page	value R1/derived
include/Pegdser.h	IOCTL_SERIAL_WAIT_ON_MASK	ms901442	name-no-value-on-page	value R1/derived
include/Progressview.hpp	_INC_WINDOWS_CE_SDK_DECOR_EMPTY		no-pageid	
include/Prsht.h	ID_PSRESTARTWINDOWS		no-pageid	
include/Prsht.h	ID_PSREBOOTSYSTEM		no-pageid	
include/Prsht.h	PSCB_INITIALIZED		no-pageid	
include/Prsht.h	PSCB_PRECREATE		no-pageid	
include/Prsht.h	PSCB_GETVERSION		no-pageid	
include/Prsht.h	PSPCB_RELEASE		no-pageid	
include/Prsht.h	PSPCB_CREATE		no-pageid	
include/Ras.h	UNLEN		no-pageid	
include/Ras.h	PWLEN		no-pageid	
include/Ras.h	DNLEN		no-pageid	
include/Ras.h	RASCS_PAUSED	ms896360	name-no-value-on-page	value R1/derived
include/Ras.h	RASCS_DONE	ms896360	name-no-value-on-page	value R1/derived
include/Rebarview.hpp	_INC_WINDOWS_CE_SDK_DECOR_EMPTY		no-pageid	
include/Rpcdce.h	SEC_WINNT_AUTH_IDENTITY_ANSI		no-pageid	
include/Rpcdce.h	SEC_WINNT_AUTH_IDENTITY_UNICODE		no-pageid	
include/Schnlsp.h	SCH_CRED_NO_SYSTEM_MAPPER		no-pageid	
include/Schnlsp.h	SCH_CRED_NO_SERVERNAME_CHECK		no-pageid	
include/Schnlsp.h	SCH_CRED_MANUAL_CRED_VALIDATION		no-pageid	
include/Schnlsp.h	SCH_CRED_NO_DEFAULT_CREDS		no-pageid	
include/Schnlsp.h	SCH_CRED_AUTO_CRED_VALIDATION		no-pageid	
include/Schnlsp.h	SCH_CRED_USE_DEFAULT_CREDS		no-pageid	
include/Schnlsp.h	SCHANNEL_CRED_VERSION		no-pageid	
include/Schnlsp.h	SP_PROT_SSL2_SERVER		no-pageid	
include/Schnlsp.h	SP_PROT_SSL2_CLIENT		no-pageid	
include/Schnlsp.h	SP_PROT_SSL3_SERVER		no-pageid	
include/Schnlsp.h	SP_PROT_SSL3_CLIENT		no-pageid	
include/Schnlsp.h	SP_PROT_TLS1_SERVER		no-pageid	
include/Schnlsp.h	SP_PROT_TLS1_CLIENT		no-pageid	
include/Scrollview.hpp	_INC_WINDOWS_CE_SDK_DECOR_EMPTY		no-pageid	
include/Sdkddkver.h	_WIN32_WCE_100		no-pageid	
include/Sdkddkver.h	_WIN32_WCE_101		no-pageid	
include/Sdkddkver.h	_WIN32_WCE_200		no-pageid	
include/Sdkddkver.h	_WIN32_WCE_201		no-pageid	
include/Sdkddkver.h	_WIN32_WCE_210		no-pageid	
include/Sdkddkver.h	_WIN32_WCE_211		no-pageid	
include/Sdkddkver.h	_WIN32_WCE_212		no-pageid	
include/Sdkddkver.h	_WIN32_WCE_300		no-pageid	
include/Sdkddkver.h	_WIN32_WCE_400		no-pageid	
include/Sdkddkver.h	_WIN32_WCE_410		no-pageid	
include/Sdkddkver.h	_WIN32_WCE_420		no-pageid	
include/Sdkddkver.h	_WIN32_WCE_500		no-pageid	
include/Sdkddkver.h	_WIN32_WCE_600		no-pageid	
include/Shellapi.h	NIF_MESSAGE	ms911889	name-no-value-on-page	
include/Shellapi.h	NIF_ICON	ms911889	name-no-value-on-page	
include/Shellapi.h	NIF_TIP	ms911889	name-no-value-on-page	
include/Shellapi.h	NIM_ADD	aa453686	name-no-value-on-page	
include/Shellapi.h	NIM_MODIFY	aa453686	name-no-value-on-page	
include/Shellapi.h	NIM_DELETE	aa453686	name-no-value-on-page	
include/Shellapi.h	SEE_MASK_NOCLOSEPROCESS	aa453685	name-no-value-on-page	
include/Shellapi.h	SEE_MASK_FLAG_NO_UI	aa453685	name-no-value-on-page	
include/Shellapi.h	SE_ERR_FNF	aa453685	name-no-value-on-page	
include/Shellapi.h	SE_ERR_PNF	aa453685	name-no-value-on-page	
include/Shellapi.h	SE_ERR_ACCESSDENIED	aa453685	name-no-value-on-page	
include/Shellapi.h	SE_ERR_OOM	aa453685	name-no-value-on-page	
include/Shellapi.h	SE_ERR_SHARE	aa453685	name-no-value-on-page	
include/Shellapi.h	SE_ERR_ASSOCINCOMPLETE	aa453685	name-no-value-on-page	
include/Shellapi.h	SE_ERR_DDETIMEOUT	aa453685	name-no-value-on-page	
include/Shellapi.h	SE_ERR_DDEFAIL	aa453685	name-no-value-on-page	
include/Shellapi.h	SE_ERR_DDEBUSY	aa453685	name-no-value-on-page	
include/Shellapi.h	SE_ERR_NOASSOC	aa453685	name-no-value-on-page	
include/Shellapi.h	SE_ERR_DLLNOTFOUND	aa453685	name-no-value-on-page	
include/Shellapi.h	SHGFI_LARGEICON		no-pageid	
include/Shellapi.h	SHGFI_SMALLICON		no-pageid	
include/Shellapi.h	SHGFI_OPENICON		no-pageid	
include/Shellapi.h	SHGFI_SHELLICONSIZE		no-pageid	
include/Shellapi.h	SHGFI_PIDL		no-pageid	
include/Shellapi.h	SHGFI_USEFILEATTRIBUTES		no-pageid	
include/Shellapi.h	SHGFI_ICON		no-pageid	
include/Shellapi.h	SHGFI_DISPLAYNAME		no-pageid	
include/Shellapi.h	SHGFI_TYPENAME		no-pageid	
include/Shellapi.h	SHGFI_ATTRIBUTES		no-pageid	
include/Shellapi.h	SHGFI_ICONLOCATION		no-pageid	
include/Shellapi.h	SHGFI_EXETYPE		no-pageid	
include/Shellapi.h	SHGFI_SYSICONINDEX		no-pageid	
include/Shellapi.h	SHGFI_LINKOVERLAY		no-pageid	
include/Shellapi.h	SHGFI_SELECTED		no-pageid	
include/Shlobj.h	BIF_STATUSTEXT	aa452901	name-no-value-on-page	
include/Shlobj.h	BIF_EDITBOX	aa452901	name-no-value-on-page	
include/Shlobj.h	BIF_VALIDATE	aa452901	name-no-value-on-page	
include/Shlobj.h	CSIDL_DESKTOP	aa453707	match	
include/Shlobj.h	CSIDL_PROGRAMS	aa453707	match	
include/Shlobj.h	CSIDL_PERSONAL	aa453707	match	
include/Shlobj.h	CSIDL_FAVORITES	aa453707	match	
include/Shlobj.h	CSIDL_STARTUP	aa453707	match	
include/Shlobj.h	CSIDL_RECENT	aa453707	match	
include/Shlobj.h	CSIDL_DESKTOPDIRECTORY	aa453707	match	
include/Shlobj.h	CSIDL_FONTS	aa453707	match	
include/Shlobj.h	CSIDL_MYMUSIC	aa453707	match	
include/Shlobj.h	CSIDL_MYVIDEO	aa453707	match	
include/Shlobj.h	CSIDL_APPDATA	aa453707	match	
include/Shlobj.h	CSIDL_WINDOWS	aa453707	match	
include/Shlobj.h	CSIDL_PROGRAM_FILES	aa453707	match	
include/Shlobj.h	CSIDL_MYPICTURES	aa453707	match	
include/Shlobj.h	CSIDL_PROFILE	aa453707	match	
include/Shobjidl.h	SFGAO_CANCOPY	ms909872	name-no-value-on-page	
include/Shobjidl.h	SFGAO_CANMOVE	ms909872	name-no-value-on-page	
include/Shobjidl.h	SFGAO_CANLINK	ms909872	name-no-value-on-page	
include/Shobjidl.h	SFGAO_CANRENAME	ms909872	name-no-value-on-page	
include/Shobjidl.h	SFGAO_CANDELETE	ms909872	name-no-value-on-page	
include/Shobjidl.h	SFGAO_HASPROPSHEET	ms909872	name-no-value-on-page	
include/Shobjidl.h	SFGAO_DROPTARGET	ms909872	name-no-value-on-page	
include/Shobjidl.h	SFGAO_CAPABILITYMASK	ms909872	name-no-value-on-page	
include/Shobjidl.h	SFGAO_CANMONIKER	ms909872	name-no-value-on-page	
include/Shobjidl.h	SFGAO_GHOSTED	ms909872	name-no-value-on-page	
include/Shobjidl.h	SFGAO_LINK	ms909872	name-no-value-on-page	
include/Shobjidl.h	SFGAO_READONLY	ms909872	name-no-value-on-page	
include/Shobjidl.h	SFGAO_SHARE	ms909872	name-no-value-on-page	
include/Shobjidl.h	SFGAO_DISPLAYATTRMASK	ms909872	name-no-value-on-page	
include/Shobjidl.h	SFGAO_HASSUBFOLDER	ms909872	name-no-value-on-page	
include/Shobjidl.h	SFGAO_CONTENTSMASK	ms909872	name-no-value-on-page	
include/Shobjidl.h	SFGAO_BROWSABLE	ms909872	name-no-value-on-page	
include/Shobjidl.h	SFGAO_COMPRESSED	ms909872	name-no-value-on-page	
include/Shobjidl.h	SFGAO_FILESYSTEM	ms909872	name-no-value-on-page	
include/Shobjidl.h	SFGAO_FILESYSANCESTOR	ms909872	name-no-value-on-page	
include/Shobjidl.h	SFGAO_FOLDER	ms909872	name-no-value-on-page	
include/Shobjidl.h	SFGAO_NEWCONTENT	ms909872	name-no-value-on-page	
include/Shobjidl.h	SFGAO_NONENUMERATED	ms909872	name-no-value-on-page	
include/Shobjidl.h	SFGAO_REMOVABLE	ms909872	name-no-value-on-page	
include/Shobjidl.h	SFGAO_VALIDATE	ms909872	name-no-value-on-page	
include/Shobjidl.h	SVSI_DESELECT	ms909891	name-no-value-on-page	
include/Shobjidl.h	SVSI_SELECT	ms909891	name-no-value-on-page	
include/Shobjidl.h	SVSI_EDIT	ms909891	name-no-value-on-page	
include/Shobjidl.h	SVSI_DESELECTOTHERS	ms909891	name-no-value-on-page	
include/Shobjidl.h	SVSI_ENSUREVISIBLE	ms909891	name-no-value-on-page	
include/Shobjidl.h	SVSI_FOCUSED	ms909891	name-no-value-on-page	
include/Shobjidl.h	SVSI_TRANSLATEPT	ms909891	name-no-value-on-page	
include/Shobjidl.h	SVSI_SELECTIONMARK	ms909891	name-no-value-on-page	
include/Shobjidl.h	SVSI_POSITIONITEM	ms909891	name-no-value-on-page	
include/Shobjidl.h	SVSI_CHECK	ms909891	name-no-value-on-page	
include/Shobjidl.h	SVGIO_BACKGROUND	ms909887	name-no-value-on-page	
include/Shobjidl.h	SVGIO_SELECTION	ms909887	name-no-value-on-page	
include/Shobjidl.h	SVGIO_ALLVIEW	ms909887	name-no-value-on-page	
include/Shobjidl.h	SVGIO_CHECKED	ms909887	name-no-value-on-page	
include/Shobjidl.h	SVGIO_TYPE_MASK	ms909887	name-no-value-on-page	
include/Shobjidl.h	SVGIO_FLAG_VIEWORDER	ms909887	name-no-value-on-page	
include/Shobjidl.h	DROPEFFECT_COPY		no-pageid	
include/Shobjidl.h	DROPEFFECT_MOVE		no-pageid	
include/Shobjidl.h	DROPEFFECT_LINK		no-pageid	
include/Shobjidl.h	MK_LBUTTON		no-pageid	
include/Shobjidl.h	MK_RBUTTON		no-pageid	
include/Shobjidl.h	MK_SHIFT		no-pageid	
include/Shobjidl.h	MK_CONTROL		no-pageid	
include/Shobjidl.h	MK_MBUTTON		no-pageid	
include/Shobjidl.h	MK_ALT		no-pageid	
include/Shobjidl.h	SHGDN_INFOLDER		no-pageid	
include/Shobjidl.h	SHGDN_FOREDITING		no-pageid	
include/Shobjidl.h	SHGDN_FORADDRESSBAR		no-pageid	
include/Shobjidl.h	SHGDN_FORPARSING		no-pageid	
include/Shobjidl.h	SVUIA_DEACTIVATE		no-pageid	
include/Shobjidl.h	SVUIA_ACTIVATE_NOFOCUS		no-pageid	
include/Shobjidl.h	SVUIA_ACTIVATE_FOCUS		no-pageid	
include/Shobjidl.h	SVUIA_INPLACEACTIVATE		no-pageid	
include/Shobjidl.h	SVUIA_IN_PLACEACTIVATE		no-pageid	
include/Sipapi.h	SIPF_OFF		no-pageid	
include/Sipapi.h	SIPF_ON		no-pageid	
include/Sipapi.h	SIPF_DOCKED		no-pageid	
include/Sipapi.h	SIPF_LOCKED		no-pageid	
include/Sms.h	SMS_MAX_ADDRESS_LENGTH		no-pageid	
include/Sspi.h	ASC_REQ_DELEGATE		no-pageid	
include/Sspi.h	ASC_REQ_MUTUAL_AUTH		no-pageid	
include/Sspi.h	ASC_REQ_REPLAY_DETECT		no-pageid	
include/Sspi.h	ASC_REQ_SEQUENCE_DETECT		no-pageid	
include/Sspi.h	ASC_REQ_CONFIDENTIALITY		no-pageid	
include/Sspi.h	ASC_REQ_USE_SESSION_KEY		no-pageid	
include/Sspi.h	ASC_REQ_ALLOCATE_MEMORY		no-pageid	
include/Sspi.h	ASC_REQ_USE_DCE_STYLE		no-pageid	
include/Sspi.h	ASC_REQ_DATAGRAM		no-pageid	
include/Sspi.h	ASC_REQ_CONNECTION		no-pageid	
include/Sspi.h	ASC_REQ_EXTENDED_ERROR		no-pageid	
include/Sspi.h	ASC_REQ_STREAM		no-pageid	
include/Sspi.h	ASC_REQ_INTEGRITY		no-pageid	
include/Sspi.h	ISC_REQ_DELEGATE		no-pageid	
include/Sspi.h	ISC_REQ_MUTUAL_AUTH		no-pageid	
include/Sspi.h	ISC_REQ_REPLAY_DETECT		no-pageid	
include/Sspi.h	ISC_REQ_SEQUENCE_DETECT		no-pageid	
include/Sspi.h	ISC_REQ_CONFIDENTIALITY		no-pageid	
include/Sspi.h	ISC_REQ_USE_SESSION_KEY		no-pageid	
include/Sspi.h	ISC_REQ_PROMPT_FOR_CREDS		no-pageid	
include/Sspi.h	ISC_REQ_USE_SUPPLIED_CREDS		no-pageid	
include/Sspi.h	ISC_REQ_ALLOCATE_MEMORY		no-pageid	
include/Sspi.h	ISC_REQ_USE_DCE_STYLE		no-pageid	
include/Sspi.h	ISC_REQ_DATAGRAM		no-pageid	
include/Sspi.h	ISC_REQ_CONNECTION		no-pageid	
include/Sspi.h	ISC_REQ_EXTENDED_ERROR		no-pageid	
include/Sspi.h	ISC_RET_EXTENDED_ERROR		no-pageid	
include/Sspi.h	ISC_REQ_STREAM		no-pageid	
include/Sspi.h	ISC_REQ_INTEGRITY		no-pageid	
include/Sspi.h	SEC_E_OK		no-pageid	
include/Sspi.h	SEC_I_CONTINUE_NEEDED		no-pageid	
include/Sspi.h	SEC_I_COMPLETE_NEEDED		no-pageid	
include/Sspi.h	SEC_I_COMPLETE_AND_CONTINUE		no-pageid	
include/Sspi.h	SEC_I_RENEGOTIATE		no-pageid	
include/Sspi.h	SECBUFFER_EMPTY		no-pageid	
include/Sspi.h	SECBUFFER_VERSION		no-pageid	
include/Sspi.h	SECBUFFER_DATA	ee498798	match	
include/Sspi.h	SECBUFFER_TOKEN		no-pageid	
include/Sspi.h	SECBUFFER_PKG_PARAMS		no-pageid	
include/Sspi.h	SECBUFFER_MISSING		no-pageid	
include/Sspi.h	SECBUFFER_EXTRA		no-pageid	
include/Sspi.h	SECBUFFER_STREAM_TRAILER		no-pageid	
include/Sspi.h	SECBUFFER_STREAM_HEADER		no-pageid	
include/Sspi.h	SECBUFFER_STREAM		no-pageid	
include/Sspi.h	SECBUFFER_READONLY		no-pageid	
include/Sspi.h	SECPKG_ATTR_SIZES		no-pageid	
include/Sspi.h	SECPKG_ATTR_NAMES		no-pageid	
include/Sspi.h	SECPKG_CRED_ATTR_NAMES		no-pageid	
include/Sspi.h	SECPKG_CRED_INBOUND		no-pageid	
include/Sspi.h	SECPKG_FLAG_INTEGRITY		no-pageid	
include/Sspi.h	SECPKG_ATTR_LIFESPAN		no-pageid	
include/Sspi.h	SECPKG_CRED_OUTBOUND		no-pageid	
include/Sspi.h	SECPKG_FLAG_PRIVACY		no-pageid	
include/Sspi.h	SECPKG_CRED_BOTH		no-pageid	
include/Sspi.h	SECPKG_ATTR_STREAM_SIZES		no-pageid	
include/Sspi.h	SECPKG_FLAG_TOKEN_ONLY		no-pageid	
include/Sspi.h	SECPKG_ATTR_KEY_INFO		no-pageid	
include/Sspi.h	SECPKG_ATTR_AUTHORITY		no-pageid	
include/Sspi.h	SECPKG_ATTR_PROTO_INFO		no-pageid	
include/Sspi.h	SECPKG_FLAG_DATAGRAM		no-pageid	
include/Sspi.h	SECPKG_FLAG_CONNECTION		no-pageid	
include/Sspi.h	SECPKG_FLAG_MULTI_REQUIRED		no-pageid	
include/Sspi.h	SECPKG_FLAG_CLIENT_ONLY		no-pageid	
include/Sspi.h	SECPKG_ATTR_ISSUER_LIST		no-pageid	
include/Sspi.h	SECPKG_ATTR_REMOTE_CRED		no-pageid	
include/Sspi.h	SECPKG_ATTR_LOCAL_CRED		no-pageid	
include/Sspi.h	SECPKG_ATTR_REMOTE_CERT_CONTEXT		no-pageid	
include/Sspi.h	SECPKG_ATTR_LOCAL_CERT_CONTEXT		no-pageid	
include/Sspi.h	SECPKG_ATTR_ISSUER_LIST_EX		no-pageid	
include/Sspi.h	SECPKG_ATTR_CONNECTION_INFO		no-pageid	
include/Sspi.h	SECPKG_FLAG_EXTENDED_ERROR		no-pageid	
include/Sspi.h	SECPKG_FLAG_IMPERSONATION		no-pageid	
include/Sspi.h	SECPKG_FLAG_ACCEPT_WIN32_NAME		no-pageid	
include/Sspi.h	SECPKG_FLAG_STREAM		no-pageid	
include/Sspi.h	SECURITY_NATIVE_DREP		no-pageid	
include/Statctlview.hpp	_INC_WINDOWS_CE_SDK_DECOR_EMPTY		no-pageid	
include/Tabview.hpp	_INC_WINDOWS_CE_SDK_DECOR_EMPTY		no-pageid	
include/Tapi.h	LINEADDRCAPFLAGS_ACCEPTTOALERT	ms893345	match	
include/Tapi.h	LINEADDRCAPFLAGS_AUTORECONNECT	ms893345	match	
include/Tapi.h	LINEADDRCAPFLAGS_BLOCKIDDEFAULT	ms893345	match	
include/Tapi.h	LINEADDRCAPFLAGS_BLOCKIDOVERRIDE	ms893345	match	
include/Tapi.h	LINEADDRCAPFLAGS_CONFDROP	ms893345	match	
include/Tapi.h	LINEADDRCAPFLAGS_CONFERENCEHELD	ms893345	match	
include/Tapi.h	LINEADDRCAPFLAGS_CONFERENCEMAKE	ms893345	match	
include/Tapi.h	LINEADDRCAPFLAGS_DESTOFFHOOK	ms893345	match	
include/Tapi.h	LINEADDRCAPFLAGS_DIALED	ms893345	match	
include/Tapi.h	LINEADDRCAPFLAGS_FWDBUSYNAADDR	ms893345	match	
include/Tapi.h	LINEADDRCAPFLAGS_FWDCONSULT	ms893345	match	
include/Tapi.h	LINEADDRCAPFLAGS_FWDINTEXTADDR	ms893345	match	
include/Tapi.h	LINEADDRCAPFLAGS_FWDNUMRINGS	ms893345	match	
include/Tapi.h	LINEADDRCAPFLAGS_FWDSTATUSVALID	ms893345	match	
include/Tapi.h	LINEADDRCAPFLAGS_HOLDMAKESNEW	ms893345	match	
include/Tapi.h	LINEADDRCAPFLAGS_NOEXTERNALCALLS	ms893345	match	
include/Tapi.h	LINEADDRCAPFLAGS_NOINTERNALCALLS	ms893345	match	
include/Tapi.h	LINEADDRCAPFLAGS_ORIGOFFHOOK	ms893345	match	
include/Tapi.h	LINEADDRCAPFLAGS_PARTIALDIAL	ms893345	match	
include/Tapi.h	LINEADDRCAPFLAGS_PICKUPCALLWAIT	ms893345	match	
include/Tapi.h	LINEADDRCAPFLAGS_PICKUPGROUPID	ms893345	match	
include/Tapi.h	LINEADDRCAPFLAGS_PREDICTIVEDIALER	ms893345	match	
include/Tapi.h	LINEADDRCAPFLAGS_QUEUE	ms893345	match	
include/Tapi.h	LINEADDRCAPFLAGS_ROUTEPOINT	ms893345	match	
include/Tapi.h	LINEADDRCAPFLAGS_SECURE	ms893345	match	
include/Tapi.h	LINEADDRCAPFLAGS_SETCALLINGID	ms893345	match	
include/Tapi.h	LINEADDRCAPFLAGS_SETUPCONFNULL	ms893345	match	
include/Tapi.h	LINEADDRCAPFLAGS_TRANSFERHELD	ms893345	match	
include/Tapi.h	LINEADDRCAPFLAGS_TRANSFERMAKE	ms893345	match	
include/Tapi.h	LINEADDRESSMODE_ADDRESSID	ms893356	match	
include/Tapi.h	LINEADDRESSMODE_DIALABLEADDR	ms893356	match	
include/Tapi.h	LINEADDRESSSHARING_PRIVATE	ms893362	match	
include/Tapi.h	LINEADDRESSSHARING_BRIDGEDEXCL	ms893362	match	
include/Tapi.h	LINEADDRESSSHARING_BRIDGEDNEW	ms893362	match	
include/Tapi.h	LINEADDRESSSHARING_BRIDGEDSHARED	ms893362	match	
include/Tapi.h	LINEADDRESSSHARING_MONITORED	ms893362	match	
include/Tapi.h	LINEADDRESSSTATE_CAPSCHANGE	ms893367	match	
include/Tapi.h	LINEADDRESSSTATE_DEVSPECIFIC	ms893367	match	
include/Tapi.h	LINEADDRESSSTATE_FORWARD	ms893367	match	
include/Tapi.h	LINEADDRESSSTATE_INUSEMANY	ms893367	match	
include/Tapi.h	LINEADDRESSSTATE_INUSEONE	ms893367	match	
include/Tapi.h	LINEADDRESSSTATE_INUSEZERO	ms893367	match	
include/Tapi.h	LINEADDRESSSTATE_NUMCALLS	ms893367	match	
include/Tapi.h	LINEADDRESSSTATE_OTHER	ms893367	match	
include/Tapi.h	LINEADDRESSSTATE_TERMINALS	ms893367	match	
include/Tapi.h	LINEADDRESSTYPE_PHONENUMBER	ms893386	match	
include/Tapi.h	LINEADDRESSTYPE_SDP	ms893386	match	
include/Tapi.h	LINEADDRESSTYPE_EMAILNAME	ms893386	match	
include/Tapi.h	LINEADDRESSTYPE_DOMAINNAME	ms893386	match	
include/Tapi.h	LINEADDRESSTYPE_IPADDRESS	ms893386	match	
include/Tapi.h	LINEADDRFEATURE_FORWARD	ms898980	match	
include/Tapi.h	LINEADDRFEATURE_MAKECALL	ms898980	match	
include/Tapi.h	LINEADDRFEATURE_PICKUP	ms898980	match	
include/Tapi.h	LINEADDRFEATURE_PICKUPDIRECT	ms898980	match	
include/Tapi.h	LINEADDRFEATURE_PICKUPGROUP	ms898980	match	
include/Tapi.h	LINEADDRFEATURE_PICKUPHELD	ms898980	match	
include/Tapi.h	LINEADDRFEATURE_PICKUPWAITING	ms898980	match	
include/Tapi.h	LINEADDRFEATURE_SETMEDIACONTROL	ms898980	match	
include/Tapi.h	LINEADDRFEATURE_SETTERMINAL	ms898980	match	
include/Tapi.h	LINEADDRFEATURE_SETUPCONF	ms898980	match	
include/Tapi.h	LINEADDRFEATURE_UNCOMPLETECALL	ms898980	match	
include/Tapi.h	LINEADDRFEATURE_UNPARK	ms898980	match	
include/Tapi.h	LINEADDRFEATURE_FORWARDDND	ms898980	match	
include/Tapi.h	LINEADDRFEATURE_FORWARDFWD	ms898980	match	
include/Tapi.h	LINEANSWERMODE_DROP	ms898981	match	
include/Tapi.h	LINEANSWERMODE_HOLD	ms898981	match	
include/Tapi.h	LINEANSWERMODE_NONE	ms898981	match	
include/Tapi.h	LINEBEARERMODE_ALTSPEECHDATA	ms893407	match	
include/Tapi.h	LINEBEARERMODE_DATA	ms893407	match	
include/Tapi.h	LINEBEARERMODE_MULTIUSE	ms893407	match	
include/Tapi.h	LINEBEARERMODE_NONCALLSIGNALING	ms893407	match	
include/Tapi.h	LINEBEARERMODE_PASSTHROUGH	ms893407	match	
include/Tapi.h	LINEBEARERMODE_RESTRICTEDDATA	ms893407	match	
include/Tapi.h	LINEBEARERMODE_SPEECH	ms893407	match	
include/Tapi.h	LINEBEARERMODE_VOICE	ms893407	match	
include/Tapi.h	LINEBUSYMODE_STATION	ms893419	match	
include/Tapi.h	LINEBUSYMODE_TRUNK	ms893419	match	
include/Tapi.h	LINEBUSYMODE_UNKNOWN	ms893419	match	
include/Tapi.h	LINEBUSYMODE_UNAVAIL	ms893419	match	
include/Tapi.h	LINECALLCOMPLCOND_BUSY	ms893430	match	
include/Tapi.h	LINECALLCOMPLCOND_NOANSWER	ms893430	match	
include/Tapi.h	LINECALLCOMPLMODE_CALLBACK	ms893519	match	
include/Tapi.h	LINECALLCOMPLMODE_CAMPON	ms893519	match	
include/Tapi.h	LINECALLCOMPLMODE_INTRUDE	ms893519	match	
include/Tapi.h	LINECALLCOMPLMODE_MESSAGE	ms893519	match	
include/Tapi.h	LINECALLFEATURE_ACCEPT	ms893582	match	
include/Tapi.h	LINECALLFEATURE_ADDTOCONF	ms893582	match	
include/Tapi.h	LINECALLFEATURE_ANSWER	ms893582	match	
include/Tapi.h	LINECALLFEATURE_BLINDTRANSFER	ms893582	match	
include/Tapi.h	LINECALLFEATURE_COMPLETETRANSF	ms893582	match	
include/Tapi.h	LINECALLFEATURE_DIAL	ms893582	match	
include/Tapi.h	LINECALLFEATURE_DROP	ms893582	match	
include/Tapi.h	LINECALLFEATURE_GENERATEDIGITS	ms893582	match	
include/Tapi.h	LINECALLFEATURE_GENERATETONE	ms893582	match	
include/Tapi.h	LINECALLFEATURE_HOLD	ms893582	match	
include/Tapi.h	LINECALLFEATURE_MONITORDIGITS	ms893582	match	
include/Tapi.h	LINECALLFEATURE_MONITORMEDIA	ms893582	match	
include/Tapi.h	LINECALLFEATURE_PREPAREADDCONF	ms893582	match	
include/Tapi.h	LINECALLFEATURE_REDIRECT	ms893582	match	
include/Tapi.h	LINECALLFEATURE_RELEASEUSERUSERINFO	ms893582	match	
include/Tapi.h	LINECALLFEATURE_REMOVEFROMCONF	ms893582	match	
include/Tapi.h	LINECALLFEATURE_SENDUSERUSER	ms893582	match	
include/Tapi.h	LINECALLFEATURE_SETCALLPARAMS	ms893582	match	
include/Tapi.h	LINECALLFEATURE_SETQOS	ms893582	match	
include/Tapi.h	LINECALLFEATURE_SETTERMINAL	ms893582	match	
include/Tapi.h	LINECALLFEATURE_SETUPCONF	ms893582	match	
include/Tapi.h	LINECALLFEATURE_SETTREATMENT	ms893582	match	
include/Tapi.h	LINECALLFEATURE_SETUPTRANSFER	ms893582	match	
include/Tapi.h	LINECALLFEATURE_SWAPHOLD	ms893582	match	
include/Tapi.h	LINECALLFEATURE_UNHOLD	ms893582	match	
include/Tapi.h	LINECALLFEATURE2_NOHOLDCONFERENCE	ms893599	match	
include/Tapi.h	LINECALLFEATURE2_ONESTEPTRANSFER	ms893599	match	
include/Tapi.h	LINECALLFEATURE2_TRANSFERCONF	ms893599	match	
include/Tapi.h	LINECALLFEATURE2_TRANSFERNORM	ms893599	match	
include/Tapi.h	LINECALLINFOSTATE_APPSPECIFIC	ms893623	match	
include/Tapi.h	LINECALLINFOSTATE_BEARERMODE	ms893623	match	
include/Tapi.h	LINECALLINFOSTATE_CALLDATA	ms893623	match	
include/Tapi.h	LINECALLINFOSTATE_CALLEDID	ms893623	match	
include/Tapi.h	LINECALLINFOSTATE_CALLERID	ms893623	match	
include/Tapi.h	LINECALLINFOSTATE_CALLID	ms893623	match	
include/Tapi.h	LINECALLINFOSTATE_CHARGINGINFO	ms893623	match	
include/Tapi.h	LINECALLINFOSTATE_COMPLETIONID	ms893623	match	
include/Tapi.h	LINECALLINFOSTATE_CONNECTEDID	ms893623	match	
include/Tapi.h	LINECALLINFOSTATE_DEVSPECIFIC	ms893623	match	
include/Tapi.h	LINECALLINFOSTATE_DIALPARAMS	ms893623	match	
include/Tapi.h	LINECALLINFOSTATE_DISPLAY	ms893623	match	
include/Tapi.h	LINECALLINFOSTATE_HIGHLEVELCOMP	ms893623	match	
include/Tapi.h	LINECALLINFOSTATE_LOWLEVELCOMP	ms893623	match	
include/Tapi.h	LINECALLINFOSTATE_MEDIAMODE	ms893623	match	
include/Tapi.h	LINECALLINFOSTATE_MONITORMODES	ms893623	match	
include/Tapi.h	LINECALLINFOSTATE_NUMMONITORS	ms893623	match	
include/Tapi.h	LINECALLINFOSTATE_NUMOWNERDECR	ms893623	match	
include/Tapi.h	LINECALLINFOSTATE_NUMOWNERINCR	ms893623	match	
include/Tapi.h	LINECALLINFOSTATE_ORIGIN	ms893623	match	
include/Tapi.h	LINECALLINFOSTATE_OTHER	ms893623	match	
include/Tapi.h	LINECALLINFOSTATE_QOS	ms893623	match	
include/Tapi.h	LINECALLINFOSTATE_RATE	ms893623	match	
include/Tapi.h	LINECALLINFOSTATE_REASON	ms893623	match	
include/Tapi.h	LINECALLINFOSTATE_REDIRECTINGID	ms893623	match	
include/Tapi.h	LINECALLINFOSTATE_REDIRECTIONID	ms893623	match	
include/Tapi.h	LINECALLINFOSTATE_RELATEDCALLID	ms893623	match	
include/Tapi.h	LINECALLINFOSTATE_TERMINAL	ms893623	match	
include/Tapi.h	LINECALLINFOSTATE_TREATMENT	ms893623	match	
include/Tapi.h	LINECALLINFOSTATE_TRUNK	ms893623	match	
include/Tapi.h	LINECALLINFOSTATE_USERUSERINFO	ms893623	match	
include/Tapi.h	LINECALLORIGIN_CONFERENCE	ms893672	match	
include/Tapi.h	LINECALLORIGIN_EXTERNAL	ms893672	match	
include/Tapi.h	LINECALLORIGIN_INBOUND	ms893672	match	
include/Tapi.h	LINECALLORIGIN_INTERNAL	ms893672	match	
include/Tapi.h	LINECALLORIGIN_OUTBOUND	ms893672	match	
include/Tapi.h	LINECALLORIGIN_UNAVAIL	ms893672	match	
include/Tapi.h	LINECALLORIGIN_UNKNOWN	ms893672	match	
include/Tapi.h	LINECALLPARAMFLAGS_BLOCKID	ms893682	match	
include/Tapi.h	LINECALLPARAMFLAGS_DESTOFFHOOK	ms893682	match	
include/Tapi.h	LINECALLPARAMFLAGS_IDLE	ms893682	match	
include/Tapi.h	LINECALLPARAMFLAGS_NOHOLDCONFERENCE	ms893682	match	
include/Tapi.h	LINECALLPARAMFLAGS_ONESTEPTRANSFER	ms893682	match	
include/Tapi.h	LINECALLPARAMFLAGS_ORIGOFFHOOK	ms893682	match	
include/Tapi.h	LINECALLPARAMFLAGS_PREDICTIVEDIAL	ms893682	match	
include/Tapi.h	LINECALLPARAMFLAGS_SECURE	ms893682	match	
include/Tapi.h	LINECALLPARTYID_ADDRESS	ms893855	match	
include/Tapi.h	LINECALLPARTYID_BLOCKED	ms893855	match	
include/Tapi.h	LINECALLPARTYID_NAME	ms893855	match	
include/Tapi.h	LINECALLPARTYID_OUTOFAREA	ms893855	match	
include/Tapi.h	LINECALLPARTYID_PARTIAL	ms893855	match	
include/Tapi.h	LINECALLPARTYID_UNAVAIL	ms893855	match	
include/Tapi.h	LINECALLPARTYID_UNKNOWN	ms893855	match	
include/Tapi.h	LINECALLPRIVILEGE_MONITOR	ms893958	match	
include/Tapi.h	LINECALLPRIVILEGE_NONE	ms893958	match	
include/Tapi.h	LINECALLPRIVILEGE_OWNER	ms893958	match	
include/Tapi.h	LINECALLREASON_CALLCOMPLETION	ms893966	match	
include/Tapi.h	LINECALLREASON_CAMPEDON	ms893966	match	
include/Tapi.h	LINECALLREASON_DIRECT	ms893966	match	
include/Tapi.h	LINECALLREASON_FWDBUSY	ms893966	match	
include/Tapi.h	LINECALLREASON_FWDNOANSWER	ms893966	match	
include/Tapi.h	LINECALLREASON_FWDUNCOND	ms893966	match	
include/Tapi.h	LINECALLREASON_INTRUDE	ms893966	match	
include/Tapi.h	LINECALLREASON_PARKED	ms893966	match	
include/Tapi.h	LINECALLREASON_PICKUP	ms893966	match	
include/Tapi.h	LINECALLREASON_REDIRECT	ms893966	match	
include/Tapi.h	LINECALLREASON_REMINDER	ms893966	match	
include/Tapi.h	LINECALLREASON_ROUTEREQUEST	ms893966	match	
include/Tapi.h	LINECALLREASON_TRANSFER	ms893966	match	
include/Tapi.h	LINECALLREASON_UNAVAIL	ms893966	match	
include/Tapi.h	LINECALLREASON_UNKNOWN	ms893966	match	
include/Tapi.h	LINECALLREASON_UNPARK	ms893966	match	
include/Tapi.h	LINECALLSELECT_ADDRESS	ms893976	match	
include/Tapi.h	LINECALLSELECT_CALL	ms893976	match	
include/Tapi.h	LINECALLSELECT_CALLID	ms893976	match	
include/Tapi.h	LINECALLSELECT_DEVICEID	ms893976	match	
include/Tapi.h	LINECALLSELECT_LINE	ms893976	match	
include/Tapi.h	LINECALLSTATE_ACCEPTED	ms893984	match	
include/Tapi.h	LINECALLSTATE_BUSY	ms893984	match	
include/Tapi.h	LINECALLSTATE_CONFERENCED	ms893984	match	
include/Tapi.h	LINECALLSTATE_CONNECTED	ms893984	match	
include/Tapi.h	LINECALLSTATE_DIALING	ms893984	match	
include/Tapi.h	LINECALLSTATE_DIALTONE	ms893984	match	
include/Tapi.h	LINECALLSTATE_DISCONNECTED	ms893984	match	
include/Tapi.h	LINECALLSTATE_IDLE	ms893984	match	
include/Tapi.h	LINECALLSTATE_OFFERING	ms893984	match	
include/Tapi.h	LINECALLSTATE_ONHOLD	ms893984	match	
include/Tapi.h	LINECALLSTATE_ONHOLDPENDCONF	ms893984	match	
include/Tapi.h	LINECALLSTATE_ONHOLDPENDTRANSFER	ms893984	match	
include/Tapi.h	LINECALLSTATE_PROCEEDING	ms893984	match	
include/Tapi.h	LINECALLSTATE_RINGBACK	ms893984	match	
include/Tapi.h	LINECALLSTATE_SPECIALINFO	ms893984	match	
include/Tapi.h	LINECALLSTATE_UNKNOWN	ms893984	match	
include/Tapi.h	LINECALLTREATMENT_BUSY	ms894115	match	
include/Tapi.h	LINECALLTREATMENT_MUSIC	ms894115	match	
include/Tapi.h	LINECALLTREATMENT_RINGBACK	ms894115	match	
include/Tapi.h	LINECALLTREATMENT_SILENCE	ms894115	match	
include/Tapi.h	LINECONNECTEDMODE_ACTIVE	ms894124	match	
include/Tapi.h	LINECONNECTEDMODE_ACTIVEHELD	ms894124	match	
include/Tapi.h	LINECONNECTEDMODE_CONFIRMED	ms894124	match	
include/Tapi.h	LINECONNECTEDMODE_INACTIVE	ms894124	match	
include/Tapi.h	LINECONNECTEDMODE_INACTIVEHELD	ms894124	match	
include/Tapi.h	LINEDEVCAPFLAGS_CALLHUB	ms894129	match	
include/Tapi.h	LINEDEVCAPFLAGS_CALLHUBTRACKING	ms894129	match	
include/Tapi.h	LINEDEVCAPFLAGS_CLOSEDROP	ms894129	match	
include/Tapi.h	LINEDEVCAPFLAGS_CROSSADDRCONF	ms894129	match	
include/Tapi.h	LINEDEVCAPFLAGS_HIGHLEVCOMP	ms894129	match	
include/Tapi.h	LINEDEVCAPFLAGS_LOWLEVCOMP	ms894129	match	
include/Tapi.h	LINEDEVCAPFLAGS_MEDIACONTROL	ms894129	match	
include/Tapi.h	LINEDEVCAPFLAGS_MSP	ms894129	match	
include/Tapi.h	LINEDEVCAPFLAGS_MULTIPLEADDR	ms894129	match	
include/Tapi.h	LINEDEVCAPFLAGS_PRIVATEOBJECTS	ms894129	match	
include/Tapi.h	LINEDEVSTATE_BATTERY	ms894134	match	
include/Tapi.h	LINEDEVSTATE_CAPSCHANGE	ms894134	match	
include/Tapi.h	LINEDEVSTATE_CLOSE	ms894134	match	
include/Tapi.h	LINEDEVSTATE_CONFIGCHANGE	ms894134	match	
include/Tapi.h	LINEDEVSTATE_CONNECTED	ms894134	match	
include/Tapi.h	LINEDEVSTATE_DEVSPECIFIC	ms894134	match	
include/Tapi.h	LINEDEVSTATE_DISCONNECTED	ms894134	match	
include/Tapi.h	LINEDEVSTATE_INSERVICE	ms894134	match	
include/Tapi.h	LINEDEVSTATE_LOCK	ms894134	match	
include/Tapi.h	LINEDEVSTATE_MAINTENANCE	ms894134	match	
include/Tapi.h	LINEDEVSTATE_MSGWAITOFF	ms894134	match	
include/Tapi.h	LINEDEVSTATE_MSGWAITON	ms894134	match	
include/Tapi.h	LINEDEVSTATE_NUMCALLS	ms894134	match	
include/Tapi.h	LINEDEVSTATE_NUMCOMPLETIONS	ms894134	match	
include/Tapi.h	LINEDEVSTATE_OPEN	ms894134	match	
include/Tapi.h	LINEDEVSTATE_OTHER	ms894134	match	
include/Tapi.h	LINEDEVSTATE_OUTOFSERVICE	ms894134	match	
include/Tapi.h	LINEDEVSTATE_REINIT	ms894134	match	
include/Tapi.h	LINEDEVSTATE_REMOVED	ms894134	match	
include/Tapi.h	LINEDEVSTATE_RINGING	ms894134	match	
include/Tapi.h	LINEDEVSTATE_ROAMMODE	ms894134	match	
include/Tapi.h	LINEDEVSTATE_SIGNAL	ms894134	match	
include/Tapi.h	LINEDEVSTATE_TERMINALS	ms894134	match	
include/Tapi.h	LINEDEVSTATE_TRANSLATECHANGE	ms894134	match	
include/Tapi.h	LINEDEVSTATUSFLAGS_INSERVICE	ms894136	match	
include/Tapi.h	LINEDEVSTATUSFLAGS_LOCKED	ms894136	match	
include/Tapi.h	LINEDEVSTATUSFLAGS_MSGWAIT	ms894136	match	
include/Tapi.h	LINEDIALTONEMODE_EXTERNAL	ms894139	match	
include/Tapi.h	LINEDIALTONEMODE_INTERNAL	ms894139	match	
include/Tapi.h	LINEDIALTONEMODE_NORMAL	ms894139	match	
include/Tapi.h	LINEDIALTONEMODE_SPECIAL	ms894139	match	
include/Tapi.h	LINEDIALTONEMODE_UNAVAIL	ms894139	match	
include/Tapi.h	LINEDIALTONEMODE_UNKNOWN	ms894139	match	
include/Tapi.h	LINEDIGITMODE_DTMF	ms894140	match	
include/Tapi.h	LINEDIGITMODE_DTMFEND	ms894140	match	
include/Tapi.h	LINEDIGITMODE_PULSE	ms894140	match	
include/Tapi.h	LINEDISCONNECTMODE_BADADDRESS	ms894141	match	
include/Tapi.h	LINEDISCONNECTMODE_BLOCKED	ms894141	match	
include/Tapi.h	LINEDISCONNECTMODE_BUSY	ms894141	match	
include/Tapi.h	LINEDISCONNECTMODE_CANCELLED	ms894141	match	
include/Tapi.h	LINEDISCONNECTMODE_CONGESTION	ms894141	match	
include/Tapi.h	LINEDISCONNECTMODE_DONOTDISTURB	ms894141	match	
include/Tapi.h	LINEDISCONNECTMODE_FORWARDED	ms894141	match	
include/Tapi.h	LINEDISCONNECTMODE_INCOMPATIBLE	ms894141	match	
include/Tapi.h	LINEDISCONNECTMODE_NOANSWER	ms894141	match	
include/Tapi.h	LINEDISCONNECTMODE_NODIALTONE	ms894141	match	
include/Tapi.h	LINEDISCONNECTMODE_NORMAL	ms894141	match	
include/Tapi.h	LINEDISCONNECTMODE_NUMBERCHANGED	ms894141	match	
include/Tapi.h	LINEDISCONNECTMODE_OUTOFORDER	ms894141	match	
include/Tapi.h	LINEDISCONNECTMODE_PICKUP	ms894141	match	
include/Tapi.h	LINEDISCONNECTMODE_QOSUNAVAIL	ms894141	match	
include/Tapi.h	LINEDISCONNECTMODE_REJECT	ms894141	match	
include/Tapi.h	LINEDISCONNECTMODE_TEMPFAILURE	ms894141	match	
include/Tapi.h	LINEDISCONNECTMODE_UNAVAIL	ms894141	match	
include/Tapi.h	LINEDISCONNECTMODE_UNKNOWN	ms894141	match	
include/Tapi.h	LINEDISCONNECTMODE_UNREACHABLE	ms894141	match	
include/Tapi.h	LINEERR_ADDRESSBLOCKED	ms894143	match	
include/Tapi.h	LINEERR_ALLOCATED	ms894143	match	
include/Tapi.h	LINEERR_BADDEVICEID	ms894143	match	
include/Tapi.h	LINEERR_BEARERMODEUNAVAIL	ms894143	match	
include/Tapi.h	LINEERR_BILLINGREJECTED	ms894143	match	
include/Tapi.h	LINEERR_CALLUNAVAIL	ms894143	match	
include/Tapi.h	LINEERR_COMPLETIONOVERRUN	ms894143	match	
include/Tapi.h	LINEERR_CONFERENCEFULL	ms894143	match	
include/Tapi.h	LINEERR_DIALBILLING	ms894143	match	
include/Tapi.h	LINEERR_DIALDIALTONE	ms894143	match	
include/Tapi.h	LINEERR_DIALPROMPT	ms894143	match	
include/Tapi.h	LINEERR_DIALQUIET	ms894143	match	
include/Tapi.h	LINEERR_DIALVOICEDETECT	ms894143	match	
include/Tapi.h	LINEERR_INCOMPATIBLEAPIVERSION	ms894143	match	
include/Tapi.h	LINEERR_INCOMPATIBLEEXTVERSION	ms894143	match	
include/Tapi.h	LINEERR_INIFILECORRUPT	ms894143	match	
include/Tapi.h	LINEERR_INUSE	ms894143	match	
include/Tapi.h	LINEERR_INVALADDRESS	ms894143	match	
include/Tapi.h	LINEERR_INVALADDRESSID	ms894143	match	
include/Tapi.h	LINEERR_INVALADDRESSMODE	ms894143	match	
include/Tapi.h	LINEERR_INVALADDRESSSTATE	ms894143	match	
include/Tapi.h	LINEERR_INVALAPPHANDLE	ms894143	match	
include/Tapi.h	LINEERR_INVALAPPNAME	ms894143	match	
include/Tapi.h	LINEERR_INVALBEARERMODE	ms894143	match	
include/Tapi.h	LINEERR_INVALCALLHANDLE	ms894143	match	
include/Tapi.h	LINEERR_INVALCALLPARAMS	ms894143	match	
include/Tapi.h	LINEERR_INVALCALLPRIVILEGE	ms894143	match	
include/Tapi.h	LINEERR_INVALCALLSELECT	ms894143	match	
include/Tapi.h	LINEERR_INVALCALLSTATE	ms894143	match	
include/Tapi.h	LINEERR_INVALCALLSTATELIST	ms894143	match	
include/Tapi.h	LINEERR_INVALCARD	ms894143	match	
include/Tapi.h	LINEERR_INVALCOMPLETIONID	ms894143	match	
include/Tapi.h	LINEERR_INVALCONFCALLHANDLE	ms894143	match	
include/Tapi.h	LINEERR_INVALCONSULTCALLHANDLE	ms894143	match	
include/Tapi.h	LINEERR_INVALCOUNTRYCODE	ms894143	match	
include/Tapi.h	LINEERR_INVALDEVICECLASS	ms894143	match	
include/Tapi.h	LINEERR_INVALDEVICEHANDLE	ms894143	match	
include/Tapi.h	LINEERR_INVALDIALPARAMS	ms894143	match	
include/Tapi.h	LINEERR_INVALDIGITLIST	ms894143	match	
include/Tapi.h	LINEERR_INVALDIGITMODE	ms894143	match	
include/Tapi.h	LINEERR_INVALDIGITS	ms894143	match	
include/Tapi.h	LINEERR_INVALEXTVERSION	ms894143	match	
include/Tapi.h	LINEERR_INVALFEATURE	ms894143	match	
include/Tapi.h	LINEERR_INVALGROUPID	ms894143	match	
include/Tapi.h	LINEERR_INVALLINEHANDLE	ms894143	match	
include/Tapi.h	LINEERR_INVALLINESTATE	ms894143	match	
include/Tapi.h	LINEERR_INVALLOCATION	ms894143	match	
include/Tapi.h	LINEERR_INVALMEDIALIST	ms894143	match	
include/Tapi.h	LINEERR_INVALMEDIAMODE	ms894143	match	
include/Tapi.h	LINEERR_INVALMESSAGEID	ms894143	match	
include/Tapi.h	LINEERR_INVALPARAM	ms894143	match	
include/Tapi.h	LINEERR_INVALPARKID	ms894143	match	
include/Tapi.h	LINEERR_INVALPARKMODE	ms894143	match	
include/Tapi.h	LINEERR_INVALPASSWORD	ms894143	match	
include/Tapi.h	LINEERR_INVALPOINTER	ms894143	match	
include/Tapi.h	LINEERR_INVALPRIVSELECT	ms894143	match	
include/Tapi.h	LINEERR_INVALRATE	ms894143	match	
include/Tapi.h	LINEERR_INVALREQUESTMODE	ms894143	match	
include/Tapi.h	LINEERR_INVALTERMINALID	ms894143	match	
include/Tapi.h	LINEERR_INVALTERMINALMODE	ms894143	match	
include/Tapi.h	LINEERR_INVALTIMEOUT	ms894143	match	
include/Tapi.h	LINEERR_INVALTONE	ms894143	match	
include/Tapi.h	LINEERR_INVALTONELIST	ms894143	match	
include/Tapi.h	LINEERR_INVALTONEMODE	ms894143	match	
include/Tapi.h	LINEERR_INVALTRANSFERMODE	ms894143	match	
include/Tapi.h	LINEERR_LINEMAPPERFAILED	ms894143	match	
include/Tapi.h	LINEERR_NOCONFERENCE	ms894143	match	
include/Tapi.h	LINEERR_NODEVICE	ms894143	match	
include/Tapi.h	LINEERR_NODRIVER	ms894143	match	
include/Tapi.h	LINEERR_NOMEM	ms894143	match	
include/Tapi.h	LINEERR_NOMULTIPLEINSTANCE	ms894143	match	
include/Tapi.h	LINEERR_NOREQUEST	ms894143	match	
include/Tapi.h	LINEERR_NOTOWNER	ms894143	match	
include/Tapi.h	LINEERR_NOTREGISTERED	ms894143	match	
include/Tapi.h	LINEERR_OPERATIONFAILED	ms894143	match	
include/Tapi.h	LINEERR_OPERATIONUNAVAIL	ms894143	match	
include/Tapi.h	LINEERR_RATEUNAVAIL	ms894143	match	
include/Tapi.h	LINEERR_REINIT	ms894143	match	
include/Tapi.h	LINEERR_REQUESTOVERRUN	ms894143	match	
include/Tapi.h	LINEERR_RESOURCEUNAVAIL	ms894143	match	
include/Tapi.h	LINEERR_STRUCTURETOOSMALL	ms894143	match	
include/Tapi.h	LINEERR_TARGETNOTFOUND	ms894143	match	
include/Tapi.h	LINEERR_TARGETSELF	ms894143	match	
include/Tapi.h	LINEERR_UNINITIALIZED	ms894143	match	
include/Tapi.h	LINEERR_USERUSERINFOTOOBIG	ms894143	match	
include/Tapi.h	LINEFEATURE_DEVSPECIFIC	ms894146	match	
include/Tapi.h	LINEFEATURE_DEVSPECIFICFEAT	ms894146	match	
include/Tapi.h	LINEFEATURE_FORWARD	ms894146	match	
include/Tapi.h	LINEFEATURE_FORWARDDND	ms894146	match	
include/Tapi.h	LINEFEATURE_FORWARDFWD	ms894146	match	
include/Tapi.h	LINEFEATURE_MAKECALL	ms894146	match	
include/Tapi.h	LINEFEATURE_SETMEDIACONTROL	ms894146	match	
include/Tapi.h	LINEFEATURE_SETTERMINAL	ms894146	match	
include/Tapi.h	LINEFORWARDMODE_BUSY	ms894149	match	
include/Tapi.h	LINEFORWARDMODE_BUSYEXTERNAL	ms894149	match	
include/Tapi.h	LINEFORWARDMODE_BUSYINTERNAL	ms894149	match	
include/Tapi.h	LINEFORWARDMODE_BUSYSPECIFIC	ms894149	match	
include/Tapi.h	LINEFORWARDMODE_BUSYNA	ms894149	match	
include/Tapi.h	LINEFORWARDMODE_BUSYNAEXTERNAL	ms894149	match	
include/Tapi.h	LINEFORWARDMODE_BUSYNAINTERNAL	ms894149	match	
include/Tapi.h	LINEFORWARDMODE_BUSYNASPECIFIC	ms894149	match	
include/Tapi.h	LINEFORWARDMODE_NOANSW	ms894149	match	
include/Tapi.h	LINEFORWARDMODE_NOANSWEXTERNAL	ms894149	match	
include/Tapi.h	LINEFORWARDMODE_NOANSWINTERNAL	ms894149	match	
include/Tapi.h	LINEFORWARDMODE_NOANSWSPECIFIC	ms894149	match	
include/Tapi.h	LINEFORWARDMODE_UNAVAIL	ms894149	match	
include/Tapi.h	LINEFORWARDMODE_UNCOND	ms894149	match	
include/Tapi.h	LINEFORWARDMODE_UNCONDEXTERNAL	ms894149	match	
include/Tapi.h	LINEFORWARDMODE_UNCONDINTERNAL	ms894149	match	
include/Tapi.h	LINEFORWARDMODE_UNCONDSPECIFIC	ms894149	match	
include/Tapi.h	LINEFORWARDMODE_UNKNOWN	ms894149	match	
include/Tapi.h	LINEGATHERTERM_BUFFERFULL	ms894151	match	
include/Tapi.h	LINEGATHERTERM_CANCEL	ms894151	match	
include/Tapi.h	LINEGATHERTERM_FIRSTTIMEOUT	ms894151	match	
include/Tapi.h	LINEGATHERTERM_INTERTIMEOUT	ms894151	match	
include/Tapi.h	LINEGATHERTERM_TERMDIGIT	ms894151	match	
include/Tapi.h	LINEGENERATETERM_CANCEL	ms894154	match	
include/Tapi.h	LINEGENERATETERM_DONE	ms894154	match	
include/Tapi.h	LINEINITIALIZEEXOPTION_USECOMPLETIONPORT	ms894371	match	
include/Tapi.h	LINEINITIALIZEEXOPTION_USEEVENT	ms894371	match	
include/Tapi.h	LINEINITIALIZEEXOPTION_USEHIDDENWINDOW	ms894371	match	
include/Tapi.h	LINEMEDIACONTROL_NONE	ms894388	match	
include/Tapi.h	LINEMEDIACONTROL_PAUSE	ms894388	match	
include/Tapi.h	LINEMEDIACONTROL_RATENORMAL	ms894388	match	
include/Tapi.h	LINEMEDIACONTROL_RATEDOWN	ms894388	match	
include/Tapi.h	LINEMEDIACONTROL_RATEUP	ms894388	match	
include/Tapi.h	LINEMEDIACONTROL_RESET	ms894388	match	
include/Tapi.h	LINEMEDIACONTROL_RESUME	ms894388	match	
include/Tapi.h	LINEMEDIACONTROL_START	ms894388	match	
include/Tapi.h	LINEMEDIACONTROL_VOLUMEDOWN	ms894388	match	
include/Tapi.h	LINEMEDIACONTROL_VOLUMENORMAL	ms894388	match	
include/Tapi.h	LINEMEDIACONTROL_VOLUMEUP	ms894388	match	
include/Tapi.h	LINEMEDIAMODE_AUTOMATEDVOICE	ms894389	match	
include/Tapi.h	LINEMEDIAMODE_DATAMODEM	ms894389	match	
include/Tapi.h	LINEMEDIAMODE_ADSI	ms894389	match	
include/Tapi.h	LINEMEDIAMODE_DIGITALDATA	ms894389	match	
include/Tapi.h	LINEMEDIAMODE_G3FAX	ms894389	match	
include/Tapi.h	LINEMEDIAMODE_G4FAX	ms894389	match	
include/Tapi.h	LINEMEDIAMODE_INTERACTIVEVOICE	ms894389	match	
include/Tapi.h	LINEMEDIAMODE_MIXED	ms894389	match	
include/Tapi.h	LINEMEDIAMODE_TDD	ms894389	match	
include/Tapi.h	LINEMEDIAMODE_TELETEX	ms894389	match	
include/Tapi.h	LINEMEDIAMODE_TELEX	ms894389	match	
include/Tapi.h	LINEMEDIAMODE_VIDEOTEX	ms894389	match	
include/Tapi.h	LINEMEDIAMODE_VOICEVIEW	ms894389	match	
include/Tapi.h	LINEMEDIAMODE_UNKNOWN	ms894389	match	
include/Tapi.h	LINEOFFERINGMODE_ACTIVE	ms894409	match	
include/Tapi.h	LINEOFFERINGMODE_INACTIVE	ms894409	match	
include/Tapi.h	LINEOPENOPTION_PROXY	ms894421	match	
include/Tapi.h	LINEOPENOPTION_SINGLEADDRESS	ms894421	match	
include/Tapi.h	LINEPARKMODE_DIRECTED	ms894422	match	
include/Tapi.h	LINEPARKMODE_NONDIRECTED	ms894422	match	
include/Tapi.h	LINEREMOVEFROMCONF_ANY	ms894450	match	
include/Tapi.h	LINEREMOVEFROMCONF_LAST	ms894450	match	
include/Tapi.h	LINEREMOVEFROMCONF_NONE	ms894450	match	
include/Tapi.h	LINEROAMMODE_HOME	ms894463	match	
include/Tapi.h	LINEROAMMODE_ROAMA	ms894463	match	
include/Tapi.h	LINEROAMMODE_ROAMB	ms894463	match	
include/Tapi.h	LINEROAMMODE_UNAVAIL	ms894463	match	
include/Tapi.h	LINEROAMMODE_UNKNOWN	ms894463	match	
include/Tapi.h	LINESPECIALINFO_CUSTIRREG	ms894520	match	
include/Tapi.h	LINESPECIALINFO_NOCIRCUIT	ms894520	match	
include/Tapi.h	LINESPECIALINFO_REORDER	ms894520	match	
include/Tapi.h	LINESPECIALINFO_UNAVAIL	ms894520	match	
include/Tapi.h	LINESPECIALINFO_UNKNOWN	ms894520	match	
include/Tapi.h	LINETERMDEV_HEADSET	ms894525	match	
include/Tapi.h	LINETERMDEV_PHONE	ms894525	match	
include/Tapi.h	LINETERMDEV_SPEAKER	ms894525	match	
include/Tapi.h	LINETERMMODE_BUTTONS	ms894528	match	
include/Tapi.h	LINETERMMODE_DISPLAY	ms894528	match	
include/Tapi.h	LINETERMMODE_HOOKSWITCH	ms894528	match	
include/Tapi.h	LINETERMMODE_LAMPS	ms894528	match	
include/Tapi.h	LINETERMMODE_MEDIABIDIRECT	ms894528	match	
include/Tapi.h	LINETERMMODE_MEDIAFROMLINE	ms894528	match	
include/Tapi.h	LINETERMMODE_MEDIATOLINE	ms894528	match	
include/Tapi.h	LINETERMMODE_RINGER	ms894528	match	
include/Tapi.h	LINETERMSHARING_PRIVATE	ms894530	match	
include/Tapi.h	LINETERMSHARING_SHAREDCONF	ms894530	match	
include/Tapi.h	LINETERMSHARING_SHAREDEXCL	ms894530	match	
include/Tapi.h	LINETOLLLISTOPTION_ADD	ms894532	match	
include/Tapi.h	LINETOLLLISTOPTION_REMOVE	ms894532	match	
include/Tapi.h	LINETONEMODE_BEEP	ms894535	match	
include/Tapi.h	LINETONEMODE_BILLING	ms894535	match	
include/Tapi.h	LINETONEMODE_BUSY	ms894535	match	
include/Tapi.h	LINETONEMODE_CUSTOM	ms894535	match	
include/Tapi.h	LINETONEMODE_RINGBACK	ms894535	match	
include/Tapi.h	LINETRANSFERMODE_CONFERENCE	ms894537	match	
include/Tapi.h	LINETRANSFERMODE_TRANSFER	ms894537	match	
include/Tapi.h	LINETRANSLATEOPTION_CANCELCALLWAITING	ms894546	match	
include/Tapi.h	LINETRANSLATEOPTION_CARDOVERRIDE	ms894546	match	
include/Tapi.h	LINETRANSLATEOPTION_FORCELD	ms894546	match	
include/Tapi.h	LINETRANSLATEOPTION_FORCELOCAL	ms894546	match	
include/Tapi.h	LINETRANSLATERESULT_CANONICAL	ms894553	match	
include/Tapi.h	LINETRANSLATERESULT_DIALBILLING	ms894553	match	
include/Tapi.h	LINETRANSLATERESULT_DIALDIALTONE	ms894553	match	
include/Tapi.h	LINETRANSLATERESULT_DIALPROMPT	ms894553	match	
include/Tapi.h	LINETRANSLATERESULT_DIALQUIET	ms894553	match	
include/Tapi.h	LINETRANSLATERESULT_INTERNATIONAL	ms894553	match	
include/Tapi.h	LINETRANSLATERESULT_INTOLLLIST	ms894553	match	
include/Tapi.h	LINETRANSLATERESULT_LOCAL	ms894553	match	
include/Tapi.h	LINETRANSLATERESULT_LONGDISTANCE	ms894553	match	
include/Tapi.h	LINETRANSLATERESULT_NOTINTOLLLIST	ms894553	match	
include/Tapi.h	LINETRANSLATERESULT_VOICEDETECT	ms894553	match	
include/Tapi.h	PHONEBUTTONFUNCTION_ABBREVDIAL	ms895905	match	
include/Tapi.h	PHONEBUTTONFUNCTION_BUSY	ms895905	match	
include/Tapi.h	PHONEBUTTONFUNCTION_BRIDGEDAPP	ms895905	match	
include/Tapi.h	PHONEBUTTONFUNCTION_CALLAPP	ms895905	match	
include/Tapi.h	PHONEBUTTONFUNCTION_CALLID	ms895905	match	
include/Tapi.h	PHONEBUTTONFUNCTION_CAMPON	ms895905	match	
include/Tapi.h	PHONEBUTTONFUNCTION_COVER	ms895905	match	
include/Tapi.h	PHONEBUTTONFUNCTION_CONFERENCE	ms895905	match	
include/Tapi.h	PHONEBUTTONFUNCTION_CONNECT	ms895905	match	
include/Tapi.h	PHONEBUTTONFUNCTION_DATAOFF	ms895905	match	
include/Tapi.h	PHONEBUTTONFUNCTION_DATAON	ms895905	match	
include/Tapi.h	PHONEBUTTONFUNCTION_DATETIME	ms895905	match	
include/Tapi.h	PHONEBUTTONFUNCTION_DIRECTORY	ms895905	match	
include/Tapi.h	PHONEBUTTONFUNCTION_DISCONNECT	ms895905	match	
include/Tapi.h	PHONEBUTTONFUNCTION_DONOTDISTURB	ms895905	match	
include/Tapi.h	PHONEBUTTONFUNCTION_DROP	ms895905	match	
include/Tapi.h	PHONEBUTTONFUNCTION_FLASH	ms895905	match	
include/Tapi.h	PHONEBUTTONFUNCTION_FORWARD	ms895905	match	
include/Tapi.h	PHONEBUTTONFUNCTION_HOLD	ms895905	match	
include/Tapi.h	PHONEBUTTONFUNCTION_INTERCOM	ms895905	match	
include/Tapi.h	PHONEBUTTONFUNCTION_LASTNUM	ms895905	match	
include/Tapi.h	PHONEBUTTONFUNCTION_MSGINDICATOR	ms895905	match	
include/Tapi.h	PHONEBUTTONFUNCTION_MSGWAITOFF	ms895905	match	
include/Tapi.h	PHONEBUTTONFUNCTION_MSGWAITON	ms895905	match	
include/Tapi.h	PHONEBUTTONFUNCTION_MUTE	ms895905	match	
include/Tapi.h	PHONEBUTTONFUNCTION_NIGHTSRV	ms895905	match	
include/Tapi.h	PHONEBUTTONFUNCTION_NONE	ms895905	match	
include/Tapi.h	PHONEBUTTONFUNCTION_PARK	ms895905	match	
include/Tapi.h	PHONEBUTTONFUNCTION_PICKUP	ms895905	match	
include/Tapi.h	PHONEBUTTONFUNCTION_QUEUECALL	ms895905	match	
include/Tapi.h	PHONEBUTTONFUNCTION_RECALL	ms895905	match	
include/Tapi.h	PHONEBUTTONFUNCTION_REDIRECT	ms895905	match	
include/Tapi.h	PHONEBUTTONFUNCTION_REJECT	ms895905	match	
include/Tapi.h	PHONEBUTTONFUNCTION_REPDIAL	ms895905	match	
include/Tapi.h	PHONEBUTTONFUNCTION_RINGAGAIN	ms895905	match	
include/Tapi.h	PHONEBUTTONFUNCTION_SAVEREPEAT	ms895905	match	
include/Tapi.h	PHONEBUTTONFUNCTION_SELECTRING	ms895905	match	
include/Tapi.h	PHONEBUTTONFUNCTION_SETREPDIAL	ms895905	match	
include/Tapi.h	PHONEBUTTONFUNCTION_SENDCALLS	ms895905	match	
include/Tapi.h	PHONEBUTTONFUNCTION_SPEAKEROFF	ms895905	match	
include/Tapi.h	PHONEBUTTONFUNCTION_SPEAKERON	ms895905	match	
include/Tapi.h	PHONEBUTTONFUNCTION_STATIONSPEED	ms895905	match	
include/Tapi.h	PHONEBUTTONFUNCTION_SYSTEMSPEED	ms895905	match	
include/Tapi.h	PHONEBUTTONFUNCTION_TRANSFER	ms895905	match	
include/Tapi.h	PHONEBUTTONFUNCTION_UNKNOWN	ms895905	match	
include/Tapi.h	PHONEBUTTONFUNCTION_VOLUMEDOWN	ms895905	match	
include/Tapi.h	PHONEBUTTONFUNCTION_VOLUMEUP	ms895905	match	
include/Tapi.h	PHONEBUTTONMODE_CALL	ms895906	match	
include/Tapi.h	PHONEBUTTONMODE_DISPLAY	ms895906	match	
include/Tapi.h	PHONEBUTTONMODE_DUMMY	ms895906	match	
include/Tapi.h	PHONEBUTTONMODE_FEATURE	ms895906	match	
include/Tapi.h	PHONEBUTTONMODE_KEYPAD	ms895906	match	
include/Tapi.h	PHONEBUTTONMODE_LOCAL	ms895906	match	
include/Tapi.h	PHONEBUTTONSTATE_DOWN	ms895907	match	
include/Tapi.h	PHONEBUTTONSTATE_UNAVAIL	ms895907	match	
include/Tapi.h	PHONEBUTTONSTATE_UNKNOWN	ms895907	match	
include/Tapi.h	PHONEBUTTONSTATE_UP	ms895907	match	
include/Tapi.h	PHONEERR_ALLOCATED	ms895921	match	
include/Tapi.h	PHONEERR_BADDEVICEID	ms895921	match	
include/Tapi.h	PHONEERR_INCOMPATIBLEAPIVERSION	ms895921	match	
include/Tapi.h	PHONEERR_INCOMPATIBLEEXTVERSION	ms895921	match	
include/Tapi.h	PHONEERR_INIFILECORRUPT	ms895921	match	
include/Tapi.h	PHONEERR_INUSE	ms895921	match	
include/Tapi.h	PHONEERR_INVALAPPHANDLE	ms895921	match	
include/Tapi.h	PHONEERR_INVALAPPNAME	ms895921	match	
include/Tapi.h	PHONEERR_INVALBUTTONLAMPID	ms895921	match	
include/Tapi.h	PHONEERR_INVALBUTTONMODE	ms895921	match	
include/Tapi.h	PHONEERR_INVALBUTTONSTATE	ms895921	match	
include/Tapi.h	PHONEERR_INVALDATAID	ms895921	match	
include/Tapi.h	PHONEERR_INVALDEVICECLASS	ms895921	match	
include/Tapi.h	PHONEERR_INVALEXTVERSION	ms895921	match	
include/Tapi.h	PHONEERR_INVALHOOKSWITCHDEV	ms895921	match	
include/Tapi.h	PHONEERR_INVALHOOKSWITCHMODE	ms895921	match	
include/Tapi.h	PHONEERR_INVALLAMPMODE	ms895921	match	
include/Tapi.h	PHONEERR_INVALPARAM	ms895921	match	
include/Tapi.h	PHONEERR_INVALPHONEHANDLE	ms895921	match	
include/Tapi.h	PHONEERR_INVALPHONESTATE	ms895921	match	
include/Tapi.h	PHONEERR_INVALPOINTER	ms895921	match	
include/Tapi.h	PHONEERR_INVALPRIVILEGE	ms895921	match	
include/Tapi.h	PHONEERR_INVALRINGMODE	ms895921	match	
include/Tapi.h	PHONEERR_NODEVICE	ms895921	match	
include/Tapi.h	PHONEERR_NODRIVER	ms895921	match	
include/Tapi.h	PHONEERR_NOMEM	ms895921	match	
include/Tapi.h	PHONEERR_NOTOWNER	ms895921	match	
include/Tapi.h	PHONEERR_OPERATIONFAILED	ms895921	match	
include/Tapi.h	PHONEERR_OPERATIONUNAVAIL	ms895921	match	
include/Tapi.h	PHONEERR_REINIT	ms895921	match	
include/Tapi.h	PHONEERR_REQUESTOVERRUN	ms895921	match	
include/Tapi.h	PHONEERR_RESOURCEUNAVAIL	ms895921	match	
include/Tapi.h	PHONEERR_STRUCTURETOOSMALL	ms895921	match	
include/Tapi.h	PHONEERR_UNINITIALIZED	ms895921	match	
include/Tapi.h	PHONEFEATURE_GETGAINHANDSET	ms895924	match	
include/Tapi.h	PHONEFEATURE_GETGAINSPEAKER	ms895924	match	
include/Tapi.h	PHONEFEATURE_GETGAINHEADSET	ms895924	match	
include/Tapi.h	PHONEFEATURE_GETHOOKSWITCHHANDSET	ms895924	match	
include/Tapi.h	PHONEFEATURE_GETHOOKSWITCHSPEAKER	ms895924	match	
include/Tapi.h	PHONEFEATURE_GETHOOKSWITCHHEADSET	ms895924	match	
include/Tapi.h	PHONEFEATURE_GETRING	ms895924	match	
include/Tapi.h	PHONEFEATURE_GETVOLUMEHANDSET	ms895924	match	
include/Tapi.h	PHONEFEATURE_GETVOLUMESPEAKER	ms895924	match	
include/Tapi.h	PHONEFEATURE_GETVOLUMEHEADSET	ms895924	match	
include/Tapi.h	PHONEFEATURE_SETGAINHANDSET	ms895924	match	
include/Tapi.h	PHONEFEATURE_SETGAINSPEAKER	ms895924	match	
include/Tapi.h	PHONEFEATURE_SETGAINHEADSET	ms895924	match	
include/Tapi.h	PHONEFEATURE_SETHOOKSWITCHHANDSET	ms895924	match	
include/Tapi.h	PHONEFEATURE_SETHOOKSWITCHSPEAKER	ms895924	match	
include/Tapi.h	PHONEFEATURE_SETHOOKSWITCHHEADSET	ms895924	match	
include/Tapi.h	PHONEFEATURE_SETRING	ms895924	match	
include/Tapi.h	PHONEFEATURE_SETVOLUMEHANDSET	ms895924	match	
include/Tapi.h	PHONEFEATURE_SETVOLUMESPEAKER	ms895924	match	
include/Tapi.h	PHONEFEATURE_SETVOLUMEHEADSET	ms895924	match	
include/Tapi.h	PHONEHOOKSWITCHDEV_HANDSET	ms895935	match	
include/Tapi.h	PHONEHOOKSWITCHDEV_HEADSET	ms895935	match	
include/Tapi.h	PHONEHOOKSWITCHDEV_SPEAKER	ms895935	match	
include/Tapi.h	PHONEHOOKSWITCHMODE_MIC	ms895936	match	
include/Tapi.h	PHONEHOOKSWITCHMODE_MICSPEAKER	ms895936	match	
include/Tapi.h	PHONEHOOKSWITCHMODE_ONHOOK	ms895936	match	
include/Tapi.h	PHONEHOOKSWITCHMODE_SPEAKER	ms895936	match	
include/Tapi.h	PHONEHOOKSWITCHMODE_UNKNOWN	ms895936	match	
include/Tapi.h	PHONEINITIALIZEEXOPTION_USECOMPLETIONPORT	ms895938	match	
include/Tapi.h	PHONEINITIALIZEEXOPTION_USEEVENT	ms895938	match	
include/Tapi.h	PHONEINITIALIZEEXOPTION_USEHIDDENWINDOW	ms895938	match	
include/Tapi.h	PHONELAMPMODE_DUMMY	ms895940	match	
include/Tapi.h	PHONELAMPMODE_BROKENFLUTTER	ms895940	match	
include/Tapi.h	PHONELAMPMODE_FLASH	ms895940	match	
include/Tapi.h	PHONELAMPMODE_FLUTTER	ms895940	match	
include/Tapi.h	PHONELAMPMODE_OFF	ms895940	match	
include/Tapi.h	PHONELAMPMODE_STEADY	ms895940	match	
include/Tapi.h	PHONELAMPMODE_UNKNOWN	ms895940	match	
include/Tapi.h	PHONELAMPMODE_WINK	ms895940	match	
include/Tapi.h	PHONEPRIVILEGE_MONITOR	ms895945	match	
include/Tapi.h	PHONEPRIVILEGE_OWNER	ms895945	match	
include/Tapi.h	PHONESTATE_CAPSCHANGE	ms896219	match	
include/Tapi.h	PHONESTATE_CONNECTED	ms896219	match	
include/Tapi.h	PHONESTATE_DEVSPECIFIC	ms896219	match	
include/Tapi.h	PHONESTATE_DISCONNECTED	ms896219	match	
include/Tapi.h	PHONESTATE_DISPLAY	ms896219	match	
include/Tapi.h	PHONESTATE_HANDSETGAIN	ms896219	match	
include/Tapi.h	PHONESTATE_HANDSETHOOKSWITCH	ms896219	match	
include/Tapi.h	PHONESTATE_HANDSETVOLUME	ms896219	match	
include/Tapi.h	PHONESTATE_HEADSETHOOKSWITCH	ms896219	match	
include/Tapi.h	PHONESTATE_HEADSETGAIN	ms896219	match	
include/Tapi.h	PHONESTATE_HEADSETVOLUME	ms896219	match	
include/Tapi.h	PHONESTATE_LAMP	ms896219	match	
include/Tapi.h	PHONESTATE_MONITORS	ms896219	match	
include/Tapi.h	PHONESTATE_OTHER	ms896219	match	
include/Tapi.h	PHONESTATE_OWNER	ms896219	match	
include/Tapi.h	PHONESTATE_REINIT	ms896219	match	
include/Tapi.h	PHONESTATE_REMOVED	ms896219	match	
include/Tapi.h	PHONESTATE_RESUME	ms896219	match	
include/Tapi.h	PHONESTATE_RINGMODE	ms896219	match	
include/Tapi.h	PHONESTATE_RINGVOLUME	ms896219	match	
include/Tapi.h	PHONESTATE_SPEAKERHOOKSWITCH	ms896219	match	
include/Tapi.h	PHONESTATE_SPEAKERGAIN	ms896219	match	
include/Tapi.h	PHONESTATE_SPEAKERVOLUME	ms896219	match	
include/Tapi.h	PHONESTATE_SUSPEND	ms896219	match	
include/Tapi.h	PHONESTATUSFLAGS_CONNECTED	ms896255	match	
include/Tapi.h	PHONESTATUSFLAGS_SUSPENDED	ms896255	match	
include/Tapi.h	LINE_NEWCALL	ms894406	name-no-value-on-page	value R1/derived
include/Tapi.h	LINE_ADDRESSSTATE	ms893374	name-no-value-on-page	value R1/derived
include/Tapi.h	LINE_CALLINFO	ms893651	name-no-value-on-page	value R1/derived
include/Tapi.h	LINE_CALLSTATE	ms894004	name-no-value-on-page	value R1/derived
include/Tapi.h	LINE_CLOSE	ms894120	name-no-value-on-page	value R1/derived
include/Tapi.h	LINE_CREATE	ms894127	name-no-value-on-page	value R1/derived
include/Tapi.h	LINE_DEVSPECIFIC	ms894133	name-no-value-on-page	value R1/derived
include/Tapi.h	LINE_GENERATE	ms894157	name-no-value-on-page	value R1/derived
include/Tapi.h	LINE_LINEDEVSTATE	ms894381	name-no-value-on-page	value R1/derived
include/Tapi.h	LINE_MONITORDIGITS	ms894393	name-no-value-on-page	value R1/derived
include/Tapi.h	LINE_MONITORMEDIA	ms894399	name-no-value-on-page	value R1/derived
include/Tapi.h	LINE_REMOVE	ms894457	name-no-value-on-page	value R1/derived
include/Tlhelp32.h	TH32CS_SNAPHEAPLIST	ms885189	name-no-value-on-page	
include/Tlhelp32.h	TH32CS_SNAPPROCESS	ms885189	name-no-value-on-page	
include/Tlhelp32.h	TH32CS_SNAPTHREAD	ms885189	name-no-value-on-page	
include/Tlhelp32.h	TH32CS_SNAPMODULE	ms885189	name-no-value-on-page	
include/Tlhelp32.h	TH32CS_SNAPNOHEAPS		no-pageid	
include/Tlhelp32.h	TH32CS_GETALLMODS		no-pageid	
include/Toolbarview.hpp	_INC_WINDOWS_CE_SDK_DECOR_EMPTY		no-pageid	
include/Trackbarview.hpp	_INC_WINDOWS_CE_SDK_DECOR_EMPTY		no-pageid	
include/Urlmon.h	CF_NULL	ms918847	match	
include/Voiperrorcodes.h	VOIP_E_ENUMOUTOFDATE	ms912600	match	
include/Voiperrorcodes.h	VOIP_E_NOTINITIALIZED	ms912600	match	
include/Voiperrorcodes.h	VOIP_E_RECORDNOTINDB	ms912600	match	
include/Voiperrorcodes.h	VOIP_E_ALREADYINITIALIZED	ms912600	match	
include/Voiperrorcodes.h	VOIP_E_NODB	ms912600	match	
include/Voiperrorcodes.h	VOIP_E_NOTCURRENTCALL	ms912600	match	
include/Voiperrorcodes.h	VOIP_E_BUSY	ms912600	match	
include/Voiperrorcodes.h	VOIP_E_NOACTIVECALL	ms912600	match	
include/Voiperrorcodes.h	VOIP_E_TIMENOTSET	ms912600	match	
include/Voiperrorcodes.h	VOIP_E_INVALIDCALLSTATUS	ms912600	match	
include/Voiperrorcodes.h	VOIP_E_PROVISIONING_FAILED	ms912600	match	
include/Voiperrorcodes.h	VOIP_E_NOMEDIAMGR	ms912600	match	
include/Voiperrorcodes.h	VOIP_E_TOOMANYCONFERENCEPARTICIPANTS	ms912600	match	
include/Voiperrorcodes.h	VOIP_S_DONT_TERMINATE	ms912605	match	
include/Voiplap.h	VOIPLAP_E_NOSERVER	ms912601	match	
include/Voiplap.h	VOIPLAP_E_NOCREDENTIALS	ms912601	match	
include/Voiplap.h	VOIPLAP_E_CANTCONNECT	ms912601	match	
include/Voiplap.h	VOIPLAP_E_CANTAUTHENTICATESERVER	ms912601	match	
include/Voiplap.h	VOIPLAP_E_TRANSMISSIONFAILED	ms912601	match	
include/Voiplap.h	VOIPLAP_E_TIMEOUT	ms912601	match	
include/Voiplap.h	VOIPLAP_E_INVALIDDATA	ms912601	match	
include/Voiplap.h	VOIPLAP_E_BUSY	ms912601	match	
include/Voiplap.h	VOIPLAP_S_PCUNLOCKED	ms912602	match	
include/Voiplap.h	VOIPLAP_S_PCLOCKED	ms912602	match	
include/Winbase.h	LMEM_FIXED	ms886742	name-not-on-page	
include/Winbase.h	LMEM_MOVEABLE	ms886742	name-no-value-on-page	
include/Winbase.h	LMEM_ZEROINIT	ms886742	name-no-value-on-page	
include/Winbase.h	LMEM_MODIFY	ms886742	name-no-value-on-page	
include/Winbase.h	INFINITE	aa450900	name-no-value-on-page	
include/Winbase.h	THREAD_PRIORITY_TIME_CRITICAL	ms885643	name-no-value-on-page	
include/Winbase.h	THREAD_PRIORITY_HIGHEST	ms885643	name-no-value-on-page	
include/Winbase.h	THREAD_PRIORITY_ABOVE_NORMAL	ms885643	name-no-value-on-page	
include/Winbase.h	THREAD_PRIORITY_NORMAL	ms885643	name-no-value-on-page	
include/Winbase.h	THREAD_PRIORITY_BELOW_NORMAL	ms885643	name-no-value-on-page	
include/Winbase.h	THREAD_PRIORITY_LOWEST	ms885643	name-no-value-on-page	
include/Winbase.h	THREAD_PRIORITY_ABOVE_IDLE	ms885643	name-no-value-on-page	
include/Winbase.h	THREAD_PRIORITY_IDLE	ms885643	name-no-value-on-page	
include/Winbase.h	TLS_MINIMUM_AVAILABLE		no-pageid	
include/Winbase.h	DONT_RESOLVE_DLL_REFERENCES	ms886737	name-no-value-on-page	
include/Winbase.h	LOAD_LIBRARY_AS_DATAFILE	ms886737	name-no-value-on-page	
include/Winbase.h	LOAD_WITH_ALTERED_SEARCH_PATH	ms886737	name-no-value-on-page	
include/Winbase.h	FILE_ATTRIBUTE_READONLY	ms892378	name-no-value-on-page	
include/Winbase.h	FILE_ATTRIBUTE_HIDDEN	ms892378	name-no-value-on-page	
include/Winbase.h	FILE_ATTRIBUTE_SYSTEM	ms892378	name-no-value-on-page	
include/Winbase.h	FILE_ATTRIBUTE_DIRECTORY	ms892378	name-no-value-on-page	
include/Winbase.h	FILE_ATTRIBUTE_ARCHIVE	ms892378	name-no-value-on-page	
include/Winbase.h	FILE_ATTRIBUTE_INROM	ms892378	name-no-value-on-page	
include/Winbase.h	FILE_ATTRIBUTE_NORMAL	ms892378	name-no-value-on-page	
include/Winbase.h	FILE_ATTRIBUTE_TEMPORARY	ms892378	name-no-value-on-page	
include/Winbase.h	FILE_ATTRIBUTE_SPARSE_FILE	ms892378	name-no-value-on-page	
include/Winbase.h	FILE_ATTRIBUTE_REPARSE_POINT	ms892378	name-no-value-on-page	
include/Winbase.h	FILE_ATTRIBUTE_COMPRESSED	ms892378	name-no-value-on-page	
include/Winbase.h	FILE_ATTRIBUTE_ROMMODULE	ms892378	name-no-value-on-page	
include/Winbase.h	FILE_ATTRIBUTE_ENCRYPTED	ms892378	name-no-value-on-page	
include/Winbase.h	GENERIC_READ	ms892378	name-not-on-page	
include/Winbase.h	GENERIC_WRITE	ms892378	name-not-on-page	
include/Winbase.h	GENERIC_EXECUTE	ms892378	name-not-on-page	
include/Winbase.h	GENERIC_ALL	ms892378	name-not-on-page	
include/Winbase.h	FILE_SHARE_READ	ms885182	name-not-on-page	
include/Winbase.h	FILE_SHARE_WRITE	ms885182	name-not-on-page	
include/Winbase.h	CREATE_NEW	aa517318	name-no-value-on-page	
include/Winbase.h	CREATE_ALWAYS	aa517318	name-no-value-on-page	
include/Winbase.h	OPEN_EXISTING	aa517318	name-no-value-on-page	
include/Winbase.h	OPEN_ALWAYS	aa517318	name-no-value-on-page	
include/Winbase.h	TRUNCATE_EXISTING	aa517318	name-no-value-on-page	
include/Winbase.h	FILE_FLAG_WRITE_THROUGH	aa517318	name-no-value-on-page	
include/Winbase.h	FILE_FLAG_OVERLAPPED	aa517318	name-no-value-on-page	
include/Winbase.h	FILE_FLAG_RANDOM_ACCESS	aa517318	name-no-value-on-page	
include/Winbase.h	FILE_BEGIN	ms891933	name-no-value-on-page	
include/Winbase.h	FILE_CURRENT	ms891933	name-no-value-on-page	
include/Winbase.h	FILE_END	ms891933	name-no-value-on-page	
include/Winbase.h	PROGRESS_CONTINUE		no-pageid	
include/Winbase.h	PROGRESS_CANCEL		no-pageid	
include/Winbase.h	PROGRESS_STOP		no-pageid	
include/Winbase.h	COPY_FILE_FAIL_IF_EXISTS	aa517311	name-no-value-on-page	
include/Winbase.h	COPY_FILE_RESTARTABLE	aa517311	name-no-value-on-page	
include/Winbase.h	COPY_FILE_ALLOW_DECRYPTED_DESTINATION		no-pageid	
include/Winbase.h	WAIT_OBJECT_0	ms885177	name-not-on-page	
include/Winbase.h	WAIT_ABANDONED	ms885177	name-not-on-page	
include/Winbase.h	WAIT_ABANDONED_0	ms885177	name-not-on-page	
include/Winbase.h	WAIT_TIMEOUT	ee487988	match	
include/Winbase.h	MAXIMUM_WAIT_OBJECTS	aa450987	name-no-value-on-page	
include/Winbase.h	EVENT_ALL_ACCESS	ms886764	name-no-value-on-page	
include/Winbase.h	DUPLICATE_CLOSE_SOURCE		no-pageid	
include/Winbase.h	DUPLICATE_SAME_ACCESS		no-pageid	
include/Winbase.h	HEAP_NO_SERIALIZE	ms885654	name-no-value-on-page	
include/Winbase.h	HEAP_ZERO_MEMORY	ms885654	name-no-value-on-page	
include/Winbase.h	PROCESSOR_ARCHITECTURE_INTEL	aa450921	name-no-value-on-page	
include/Winbase.h	PROCESSOR_ARCHITECTURE_MIPS	aa450921	name-no-value-on-page	
include/Winbase.h	PROCESSOR_ARCHITECTURE_SHX	aa450921	name-no-value-on-page	
include/Winbase.h	PROCESSOR_ARCHITECTURE_ARM	aa450921	name-no-value-on-page	
include/Winbase.h	PROCESSOR_ARCHITECTURE_UNKNOWN	aa450921	name-no-value-on-page	
include/Winbase.h	VER_PLATFORM_WIN32_WINDOWS		no-pageid	
include/Winbase.h	VER_PLATFORM_WIN32_NT		no-pageid	
include/Winbase.h	VER_PLATFORM_WIN32_CE		no-pageid	
include/Winbase.h	MEM_COMMIT	aa450975	name-no-value-on-page	
include/Winbase.h	MEM_RESERVE	aa450975	name-no-value-on-page	
include/Winbase.h	MEM_DECOMMIT	aa450975	name-not-on-page	
include/Winbase.h	MEM_RELEASE	aa450975	name-not-on-page	
include/Winbase.h	MEM_FREE	aa450975	name-not-on-page	
include/Winbase.h	MEM_PRIVATE	aa450975	name-not-on-page	
include/Winbase.h	MEM_MAPPED	aa450975	name-not-on-page	
include/Winbase.h	MEM_TOP_DOWN	aa450975	name-no-value-on-page	
include/Winbase.h	MEM_RESET	aa450975	name-no-value-on-page	
include/Winbase.h	MEM_IMAGE	aa450975	name-not-on-page	
include/Winbase.h	PAGE_NOACCESS	aa450980	name-no-value-on-page	
include/Winbase.h	PAGE_READONLY	aa450980	name-no-value-on-page	
include/Winbase.h	PAGE_READWRITE	aa450980	name-not-on-page	
include/Winbase.h	PAGE_WRITECOPY	aa450980	name-not-on-page	
include/Winbase.h	PAGE_EXECUTE	aa450980	name-no-value-on-page	
include/Winbase.h	PAGE_EXECUTE_READ	aa450980	name-no-value-on-page	
include/Winbase.h	PAGE_EXECUTE_READWRITE	aa450980	name-not-on-page	
include/Winbase.h	PAGE_EXECUTE_WRITECOPY	aa450980	name-not-on-page	
include/Winbase.h	PAGE_GUARD	aa450980	name-no-value-on-page	
include/Winbase.h	PAGE_NOCACHE	aa450980	name-no-value-on-page	
include/Winbase.h	TIME_ZONE_ID_UNKNOWN	ms885646	name-no-value-on-page	
include/Winbase.h	TIME_ZONE_ID_STANDARD	ms885646	name-no-value-on-page	
include/Winbase.h	TIME_ZONE_ID_DAYLIGHT	ms885646	name-no-value-on-page	
include/Winbase.h	FILE_NOTIFY_CHANGE_FILE_NAME	ms889670	name-no-value-on-page	
include/Winbase.h	FILE_NOTIFY_CHANGE_DIR_NAME	ms889670	name-no-value-on-page	
include/Winbase.h	FILE_NOTIFY_CHANGE_SIZE	ms889670	name-no-value-on-page	
include/Winbase.h	FILE_NOTIFY_CHANGE_LAST_WRITE	ms889670	name-no-value-on-page	
include/Winbase.h	LOCKFILE_FAIL_IMMEDIATELY	ms891385	name-no-value-on-page	
include/Winbase.h	LOCKFILE_EXCLUSIVE_LOCK	ms891385	name-no-value-on-page	
include/Winbase.h	DLL_PROCESS_DETACH	ms885202	name-no-value-on-page	
include/Winbase.h	DLL_PROCESS_ATTACH	ms885202	name-no-value-on-page	
include/Winbase.h	DLL_THREAD_ATTACH	ms885202	name-no-value-on-page	
include/Winbase.h	DLL_THREAD_DETACH	ms885202	name-no-value-on-page	
include/Winbase.h	FILE_MAP_WRITE	ms891386	name-no-value-on-page	
include/Winbase.h	FILE_MAP_READ	ms891386	name-no-value-on-page	
include/Winbase.h	EXCEPTION_DEBUG_EVENT	ms885195	name-no-value-on-page	
include/Winbase.h	CREATE_THREAD_DEBUG_EVENT	ms885195	name-no-value-on-page	
include/Winbase.h	CREATE_PROCESS_DEBUG_EVENT	ms885195	name-no-value-on-page	
include/Winbase.h	EXIT_THREAD_DEBUG_EVENT	ms885195	name-no-value-on-page	
include/Winbase.h	EXIT_PROCESS_DEBUG_EVENT	ms885195	name-no-value-on-page	
include/Winbase.h	LOAD_DLL_DEBUG_EVENT	ms885195	name-no-value-on-page	
include/Winbase.h	UNLOAD_DLL_DEBUG_EVENT	ms885195	name-no-value-on-page	
include/Winbase.h	OUTPUT_DEBUG_STRING_EVENT	ms885195	name-no-value-on-page	
include/Winbase.h	DBG_CONTINUE	ms885175	name-no-value-on-page	
include/Winbase.h	DBG_EXCEPTION_NOT_HANDLED	ms885175	name-no-value-on-page	
include/Winbase.h	FORMAT_MESSAGE_ALLOCATE_BUFFER	ms885599	name-no-value-on-page	
include/Winbase.h	FORMAT_MESSAGE_IGNORE_INSERTS	ms885599	name-no-value-on-page	
include/Winbase.h	FORMAT_MESSAGE_FROM_STRING	ms885599	name-no-value-on-page	
include/Winbase.h	FORMAT_MESSAGE_FROM_HMODULE	ms885599	name-no-value-on-page	
include/Winbase.h	FORMAT_MESSAGE_FROM_SYSTEM	ms885599	name-no-value-on-page	
include/Winbase.h	FORMAT_MESSAGE_ARGUMENT_ARRAY	ms885599	name-no-value-on-page	
include/Winbase.h	FORMAT_MESSAGE_MAX_WIDTH_MASK	ms885599	name-no-value-on-page	
include/Winbase.h	VS_FF_DEBUG		no-pageid	
include/Winbase.h	VS_FF_INFOINFERRED		no-pageid	
include/Winbase.h	VS_FF_PATCHED		no-pageid	
include/Winbase.h	VS_FF_PRELEASE		no-pageid	
include/Winbase.h	VS_FF_PRIVATEBUILD		no-pageid	
include/Winbase.h	VS_FF_SPECIALBUILD		no-pageid	
include/Winber.h	LBER_USE_DER	ms863718	name-no-value-on-page	
include/Wincrypt.h	AT_KEYEXCHANGE		no-pageid	
include/Wincrypt.h	AT_SIGNATURE		no-pageid	
include/Wincrypt.h	CALG_DSS_SIGN		no-pageid	
include/Wincrypt.h	CALG_RSA_SIGN		no-pageid	
include/Wincrypt.h	CALG_DES		no-pageid	
include/Wincrypt.h	CALG_RC2		no-pageid	
include/Wincrypt.h	CALG_3DES		no-pageid	
include/Wincrypt.h	CALG_DESX		no-pageid	
include/Wincrypt.h	CALG_SKIPJACK		no-pageid	
include/Wincrypt.h	CALG_CYLINK_MEK		no-pageid	
include/Wincrypt.h	CALG_AES_128		no-pageid	
include/Wincrypt.h	CALG_AES_192		no-pageid	
include/Wincrypt.h	CALG_AES_256		no-pageid	
include/Wincrypt.h	CALG_RC4		no-pageid	
include/Wincrypt.h	CALG_SEAL		no-pageid	
include/Wincrypt.h	CALG_MD2		no-pageid	
include/Wincrypt.h	CALG_MD4		no-pageid	
include/Wincrypt.h	CALG_MD5		no-pageid	
include/Wincrypt.h	CALG_SHA		no-pageid	
include/Wincrypt.h	CALG_SHA1		no-pageid	
include/Wincrypt.h	CALG_MAC		no-pageid	
include/Wincrypt.h	CALG_SSL3_SHAMD5		no-pageid	
include/Wincrypt.h	CALG_RSA_KEYX		no-pageid	
include/Wincrypt.h	CALG_DH_EPHEM		no-pageid	
include/Wincrypt.h	CALG_KEA_KEYX		no-pageid	
include/Wincrypt.h	CERT_TRUST_NO_ERROR		no-pageid	
include/Wincrypt.h	CERT_V1		no-pageid	
include/Wincrypt.h	CERT_KEY_PROV_HANDLE_PROP_ID		no-pageid	
include/Wincrypt.h	CERT_SET_KEY_CONTEXT_PROP_ID		no-pageid	
include/Wincrypt.h	CERT_SET_KEY_PROV_HANDLE_PROP_ID		no-pageid	
include/Wincrypt.h	CERT_STORE_ADD_NEW		no-pageid	
include/Wincrypt.h	CERT_TRUST_HAS_EXACT_MATCH_ISSUER		no-pageid	
include/Wincrypt.h	CERT_TRUST_IS_NOT_TIME_VALID		no-pageid	
include/Wincrypt.h	CERT_V2		no-pageid	
include/Wincrypt.h	CERT_KEY_PROV_INFO_PROP_ID		no-pageid	
include/Wincrypt.h	CERT_STORE_ADD_USE_EXISTING		no-pageid	
include/Wincrypt.h	CERT_TRUST_HAS_KEY_MATCH_ISSUER		no-pageid	
include/Wincrypt.h	CERT_TRUST_IS_NOT_TIME_NESTED		no-pageid	
include/Wincrypt.h	CERT_V3		no-pageid	
include/Wincrypt.h	CERT_STORE_ADD_REPLACE_EXISTING		no-pageid	
include/Wincrypt.h	CERT_STORE_ADD_ALWAYS		no-pageid	
include/Wincrypt.h	CERT_TRUST_HAS_NAME_MATCH_ISSUER		no-pageid	
include/Wincrypt.h	CERT_TRUST_IS_REVOKED		no-pageid	
include/Wincrypt.h	CERT_KEY_CONTEXT_PROP_ID		no-pageid	
include/Wincrypt.h	CERT_STORE_ADD_REPLACE_EXISTING_INHERIT_PROPERTIES		no-pageid	
include/Wincrypt.h	CERT_NAME_DNS_TYPE		no-pageid	
include/Wincrypt.h	CERT_STORE_ADD_NEWER		no-pageid	
include/Wincrypt.h	CERT_STORE_ADD_NEWER_INHERIT_PROPERTIES		no-pageid	
include/Wincrypt.h	CERT_TRUST_IS_NOT_SIGNATURE_VALID		no-pageid	
include/Wincrypt.h	CERT_TRUST_IS_SELF_SIGNED		no-pageid	
include/Wincrypt.h	CERT_STORE_PROV_SYSTEM		no-pageid	
include/Wincrypt.h	CERT_TRUST_IS_NOT_VALID_FOR_USAGE		no-pageid	
include/Wincrypt.h	CERT_ARCHIVED_PROP_ID		no-pageid	
include/Wincrypt.h	CERT_KEY_IDENTIFIER_PROP_ID		no-pageid	
include/Wincrypt.h	CERT_TRUST_IS_UNTRUSTED_ROOT		no-pageid	
include/Wincrypt.h	CERT_TRUST_REVOCATION_STATUS_UNKNOWN		no-pageid	
include/Wincrypt.h	CERT_TRUST_IS_CYCLIC		no-pageid	
include/Wincrypt.h	CERT_TRUST_IS_COMPLEX_CHAIN		no-pageid	
include/Wincrypt.h	CERT_TRUST_IS_PARTIAL_CHAIN		no-pageid	
include/Wincrypt.h	CERT_SYSTEM_STORE_LOCAL_MACHINE		no-pageid	
include/Wincrypt.h	CERT_TRUST_CTL_IS_NOT_TIME_VALID		no-pageid	
include/Wincrypt.h	CERT_TRUST_CTL_IS_NOT_SIGNATURE_VALID		no-pageid	
include/Wincrypt.h	CERT_TRUST_CTL_IS_NOT_VALID_FOR_USAGE		no-pageid	
include/Wincrypt.h	CRYPT_FAILED		no-pageid	
include/Wincrypt.h	CRYPT_EXPORTABLE		no-pageid	
include/Wincrypt.h	CRYPT_USER_PROTECTED		no-pageid	
include/Wincrypt.h	CRYPT_NEWKEYSET		no-pageid	
include/Wincrypt.h	CRYPT_DELETEKEYSET		no-pageid	
include/Wincrypt.h	CRYPT_NO_SALT		no-pageid	
include/Wincrypt.h	CRYPT_MACHINE_KEYSET		no-pageid	
include/Wincrypt.h	CRYPT_SILENT		no-pageid	
include/Wincrypt.h	CRYPT_ENCODE_ALLOC_FLAG		no-pageid	
include/Wincrypt.h	CRYPT_VERIFYCONTEXT		no-pageid	
include/Wincrypt.h	CRYPTPROTECT_UI_FORBIDDEN		no-pageid	
include/Wincrypt.h	CRYPTPROTECT_LOCAL_MACHINE		no-pageid	
include/Wincrypt.h	HP_ALGID		no-pageid	
include/Wincrypt.h	HP_HASHVAL		no-pageid	
include/Wincrypt.h	HP_HASHSIZE		no-pageid	
include/Wincrypt.h	KP_EFFECTIVE_KEYLEN		no-pageid	
include/Wincrypt.h	PKCS_7_ASN_ENCODING		no-pageid	
include/Wincrypt.h	PP_NAME		no-pageid	
include/Wincrypt.h	PP_CONTAINER		no-pageid	
include/Wincrypt.h	PP_KEYSET_SEC_DESCR		no-pageid	
include/Wincrypt.h	PROV_RSA_FULL		no-pageid	
include/Wincrypt.h	PROV_RSA_SIG		no-pageid	
include/Wincrypt.h	PROV_DSS		no-pageid	
include/Wincrypt.h	PROV_FORTEZZA		no-pageid	
include/Wincrypt.h	PROV_MS_EXCHANGE		no-pageid	
include/Wincrypt.h	PROV_SSL		no-pageid	
include/Wincrypt.h	PROV_RSA_SCHANNEL		no-pageid	
include/Wincrypt.h	PROV_DSS_DH		no-pageid	
include/Wincrypt.h	PROV_EC_ECDSA_SIG		no-pageid	
include/Wincrypt.h	PROV_EC_ECNRA_SIG		no-pageid	
include/Wincrypt.h	PROV_EC_ECDSA_FULL		no-pageid	
include/Wincrypt.h	PROV_EC_ECNRA_FULL		no-pageid	
include/Wincrypt.h	PROV_DH_SCHANNEL		no-pageid	
include/Wincrypt.h	PROV_SPYRUS_LYNKS		no-pageid	
include/Wincrypt.h	PROV_RNG		no-pageid	
include/Wincrypt.h	PROV_INTEL_SEC		no-pageid	
include/Wincrypt.h	USAGE_MATCH_TYPE_AND		no-pageid	
include/Wincrypt.h	USAGE_MATCH_TYPE_OR		no-pageid	
include/Wincrypt.h	X509_ASN_ENCODING		no-pageid	
include/Windbase.h	OEM_CERTIFY_RUN	ms904879	match	
include/Windbase.h	OEM_CERTIFY_TRUST	ee478190	match	
include/Windef.h	MAX_PATH	ms890895	name-no-value-on-page	
include/Windef.h	FALSE		no-pageid	
include/Windef.h	TRUE		no-pageid	
include/Wingdi.h	CCHDEVICENAME		no-pageid	
include/Wingdi.h	CCHFORMNAME		no-pageid	
include/Wingdi.h	BLACKNESS	aa452783	match	
include/Wingdi.h	DSTINVERT	aa452783	match	
include/Wingdi.h	MERGECOPY	aa452783	match	
include/Wingdi.h	MERGEPAINT	aa452783	match	
include/Wingdi.h	NOTSRCCOPY	aa452783	match	
include/Wingdi.h	NOTSRCERASE	aa452783	match	
include/Wingdi.h	PATCOPY	aa452783	match	
include/Wingdi.h	PATINVERT	aa452783	match	
include/Wingdi.h	PATPAINT	aa452783	match	
include/Wingdi.h	SRCAND	aa452783	match	
include/Wingdi.h	SRCCOPY	aa452783	match	
include/Wingdi.h	SRCERASE	aa452783	match	
include/Wingdi.h	SRCINVERT	aa452783	match	
include/Wingdi.h	SRCPAINT	aa452783	match	
include/Wingdi.h	WHITENESS	aa452783	match	
include/Wingdi.h	R2_BLACK	aa452783	name-not-on-page	
include/Wingdi.h	R2_NOTMERGEPEN	aa452783	name-not-on-page	
include/Wingdi.h	R2_MASKNOTPEN	aa452783	name-not-on-page	
include/Wingdi.h	R2_NOTCOPYPEN	aa452783	name-not-on-page	
include/Wingdi.h	R2_MASKPENNOT	aa452783	name-not-on-page	
include/Wingdi.h	R2_NOT	aa452783	name-not-on-page	
include/Wingdi.h	R2_XORPEN	aa452783	name-not-on-page	
include/Wingdi.h	R2_NOTMASKPEN	aa452783	name-not-on-page	
include/Wingdi.h	R2_MASKPEN	aa452783	name-not-on-page	
include/Wingdi.h	R2_NOTXORPEN	aa452783	name-not-on-page	
include/Wingdi.h	R2_NOP	aa452783	name-not-on-page	
include/Wingdi.h	R2_MERGENOTPEN	aa452783	name-not-on-page	
include/Wingdi.h	R2_COPYPEN	aa452783	name-not-on-page	
include/Wingdi.h	R2_MERGEPENNOT	aa452783	name-not-on-page	
include/Wingdi.h	R2_MERGEPEN	aa452783	name-not-on-page	
include/Wingdi.h	R2_WHITE	aa452783	name-not-on-page	
include/Wingdi.h	TCI_SRCCHARSET		no-pageid	
include/Wingdi.h	TCI_SRCCODEPAGE		no-pageid	
include/Wingdi.h	TCI_SRCFONTSIG		no-pageid	
include/Wingdi.h	LF_FACESIZE	ms901140	name-no-value-on-page	
include/Wingdi.h	LF_FULLFACESIZE	ms901140	name-not-on-page	
include/Wingdi.h	RASTER_FONTTYPE	ms901125	name-no-value-on-page	
include/Wingdi.h	DEVICE_FONTTYPE	ms901125	name-no-value-on-page	
include/Wingdi.h	TRUETYPE_FONTTYPE	ms901125	name-no-value-on-page	
include/Wingdi.h	DT_TOP	ee504972	match	
include/Wingdi.h	DT_LEFT	ee504972	match	
include/Wingdi.h	DT_CENTER	ms901143	name-not-on-page	
include/Wingdi.h	DT_RIGHT	ms901143	name-not-on-page	
include/Wingdi.h	DT_VCENTER	ms901143	name-not-on-page	
include/Wingdi.h	DT_BOTTOM	ms901143	name-not-on-page	
include/Wingdi.h	DT_WORDBREAK	ms901143	name-not-on-page	
include/Wingdi.h	DT_SINGLELINE	ms901143	name-not-on-page	
include/Wingdi.h	DT_EXPANDTABS	ms901143	name-not-on-page	
include/Wingdi.h	DT_TABSTOP	ms901143	name-not-on-page	
include/Wingdi.h	DT_NOCLIP	ms901143	name-not-on-page	
include/Wingdi.h	DT_EXTERNALLEADING	ms901143	name-not-on-page	
include/Wingdi.h	DT_CALCRECT	ms901143	name-not-on-page	
include/Wingdi.h	DT_NOPREFIX	ms901143	name-not-on-page	
include/Wingdi.h	DT_INTERNAL	ms901143	name-not-on-page	
include/Wingdi.h	DT_END_ELLIPSIS	ms901143	name-not-on-page	
include/Wingdi.h	DT_RTLREADING	ms901143	name-not-on-page	
include/Wingdi.h	DT_WORD_ELLIPSIS	ms901143	name-not-on-page	
include/Wingdi.h	ETO_OPAQUE	ms901143	name-not-on-page	
include/Wingdi.h	ETO_CLIPPED	ms901143	name-not-on-page	
include/Wingdi.h	ETO_RTLREADING	ms901143	name-not-on-page	
include/Wingdi.h	TA_NOUPDATECP	ms901143	name-no-value-on-page	
include/Wingdi.h	TA_UPDATECP	ms901143	name-no-value-on-page	
include/Wingdi.h	TA_LEFT	ms901143	name-no-value-on-page	
include/Wingdi.h	TA_RIGHT	ms901143	name-no-value-on-page	
include/Wingdi.h	TA_CENTER	ms901143	name-no-value-on-page	
include/Wingdi.h	TA_TOP	ms901143	name-no-value-on-page	
include/Wingdi.h	TA_BOTTOM	ms901143	name-no-value-on-page	
include/Wingdi.h	TA_BASELINE	ms901143	name-no-value-on-page	
include/Wingdi.h	TA_RTLREADING	ms901143	name-no-value-on-page	
include/Wingdi.h	MONITORINFOF_PRIMARY		no-pageid	
include/Wingdi.h	MONITOR_DEFAULTTONULL	ms932212	name-no-value-on-page	
include/Wingdi.h	MONITOR_DEFAULTTOPRIMARY	ms932212	name-no-value-on-page	
include/Wingdi.h	MONITOR_DEFAULTTONEAREST	ms932212	name-no-value-on-page	
include/Wininet.h	HTTP_STATUS_CONTINUE	ms906351	name-no-value-on-page	
include/Wininet.h	HTTP_STATUS_SWITCH_PROTOCOLS	ms906351	name-no-value-on-page	
include/Wininet.h	HTTP_STATUS_OK	ms906351	name-no-value-on-page	
include/Wininet.h	HTTP_STATUS_CREATED	ms906351	name-no-value-on-page	
include/Wininet.h	HTTP_STATUS_ACCEPTED	ms906351	name-no-value-on-page	
include/Wininet.h	HTTP_STATUS_PARTIAL	ms906351	name-no-value-on-page	
include/Wininet.h	HTTP_STATUS_NO_CONTENT	ms906351	name-no-value-on-page	
include/Wininet.h	HTTP_STATUS_RESET_CONTENT	ms906351	name-no-value-on-page	
include/Wininet.h	HTTP_STATUS_PARTIAL_CONTENT	ms906351	name-no-value-on-page	
include/Wininet.h	HTTP_STATUS_AMBIGUOUS	ms906351	name-no-value-on-page	
include/Wininet.h	HTTP_STATUS_MOVED	ms906351	name-no-value-on-page	
include/Wininet.h	HTTP_STATUS_REDIRECT	ms906351	name-no-value-on-page	
include/Wininet.h	HTTP_STATUS_REDIRECT_METHOD	ms906351	name-no-value-on-page	
include/Wininet.h	HTTP_STATUS_NOT_MODIFIED	ms906351	name-no-value-on-page	
include/Wininet.h	HTTP_STATUS_USE_PROXY	ms906351	name-no-value-on-page	
include/Wininet.h	HTTP_STATUS_REDIRECT_KEEP_VERB	ms906351	name-no-value-on-page	
include/Wininet.h	HTTP_STATUS_BAD_REQUEST	ms906351	name-no-value-on-page	
include/Wininet.h	HTTP_STATUS_DENIED	ms906351	name-no-value-on-page	
include/Wininet.h	HTTP_STATUS_FORBIDDEN	ms906351	name-no-value-on-page	
include/Wininet.h	HTTP_STATUS_NOT_FOUND	ms906351	name-no-value-on-page	
include/Wininet.h	HTTP_STATUS_BAD_METHOD	ms906351	name-no-value-on-page	
include/Wininet.h	HTTP_STATUS_NONE_ACCEPTABLE	ms906351	name-no-value-on-page	
include/Wininet.h	HTTP_STATUS_PROXY_AUTH_REQ	ms906351	name-no-value-on-page	
include/Wininet.h	HTTP_STATUS_REQUEST_TIMEOUT	ms906351	name-no-value-on-page	
include/Wininet.h	HTTP_STATUS_CONFLICT	ms906351	name-no-value-on-page	
include/Wininet.h	HTTP_STATUS_GONE	ms906351	name-no-value-on-page	
include/Wininet.h	HTTP_STATUS_LENGTH_REQUIRED	ms906351	name-no-value-on-page	
include/Wininet.h	HTTP_STATUS_PRECOND_FAILED	ms906351	name-no-value-on-page	
include/Wininet.h	HTTP_STATUS_REQUEST_TOO_LARGE	ms906351	name-no-value-on-page	
include/Wininet.h	HTTP_STATUS_URI_TOO_LONG	ms906351	name-no-value-on-page	
include/Wininet.h	HTTP_STATUS_UNSUPPORTED_MEDIA	ms906351	name-no-value-on-page	
include/Wininet.h	HTTP_STATUS_RETRY_WITH	ms906351	name-no-value-on-page	
include/Wininet.h	HTTP_STATUS_SERVER_ERROR	ms906351	name-no-value-on-page	
include/Wininet.h	HTTP_STATUS_NOT_SUPPORTED	ms906351	name-no-value-on-page	
include/Wininet.h	HTTP_STATUS_BAD_GATEWAY	ms906351	name-no-value-on-page	
include/Wininet.h	HTTP_STATUS_SERVICE_UNAVAIL	ms906351	name-no-value-on-page	
include/Wininet.h	HTTP_STATUS_GATEWAY_TIMEOUT	ms906351	name-no-value-on-page	
include/Wininet.h	HTTP_STATUS_VERSION_NOT_SUP	ms906351	name-no-value-on-page	
include/Wininet.h	HTTP_QUERY_MIME_VERSION	ms918842	name-no-value-on-page	
include/Wininet.h	HTTP_QUERY_CONTENT_TYPE	ms918842	name-no-value-on-page	
include/Wininet.h	HTTP_QUERY_CONTENT_ID	ms918842	name-no-value-on-page	
include/Wininet.h	HTTP_QUERY_CONTENT_LANGUAGE	ms918842	name-no-value-on-page	
include/Wininet.h	HTTP_QUERY_ALLOW	ms918842	name-no-value-on-page	
include/Wininet.h	HTTP_QUERY_PUBLIC	ms918842	name-no-value-on-page	
include/Wininet.h	HTTP_QUERY_DATE	ms918842	name-no-value-on-page	
include/Wininet.h	HTTP_QUERY_EXPIRES	ms918842	name-no-value-on-page	
include/Wininet.h	HTTP_QUERY_LAST_MODIFIED	ms918842	name-no-value-on-page	
include/Wininet.h	HTTP_QUERY_URI	ms918842	name-no-value-on-page	
include/Wininet.h	HTTP_QUERY_PRAGMA	ms918842	name-no-value-on-page	
include/Wininet.h	HTTP_QUERY_VERSION	ms918842	name-no-value-on-page	
include/Wininet.h	HTTP_QUERY_STATUS_CODE	ms918842	name-no-value-on-page	
include/Wininet.h	HTTP_QUERY_STATUS_TEXT	ms918842	name-no-value-on-page	
include/Wininet.h	HTTP_QUERY_RAW_HEADERS	ms918842	name-no-value-on-page	
include/Wininet.h	HTTP_QUERY_RAW_HEADERS_CRLF	ms918842	name-no-value-on-page	
include/Wininet.h	HTTP_QUERY_CONNECTION	ms918842	name-no-value-on-page	
include/Wininet.h	HTTP_QUERY_ACCEPT	ms918842	name-no-value-on-page	
include/Wininet.h	HTTP_QUERY_ACCEPT_CHARSET	ms918842	name-no-value-on-page	
include/Wininet.h	HTTP_QUERY_ACCEPT_ENCODING	ms918842	name-no-value-on-page	
include/Wininet.h	HTTP_QUERY_ACCEPT_LANGUAGE	ms918842	name-no-value-on-page	
include/Wininet.h	HTTP_QUERY_AUTHORIZATION	ms918842	name-no-value-on-page	
include/Wininet.h	HTTP_QUERY_CONTENT_ENCODING	ms918842	name-no-value-on-page	
include/Wininet.h	HTTP_QUERY_FROM	ms918842	name-no-value-on-page	
include/Wininet.h	HTTP_QUERY_IF_MODIFIED_SINCE	ms918842	name-no-value-on-page	
include/Wininet.h	HTTP_QUERY_LOCATION	ms918842	name-no-value-on-page	
include/Wininet.h	HTTP_QUERY_REFERER	ms918842	name-no-value-on-page	
include/Wininet.h	HTTP_QUERY_RETRY_AFTER	ms918842	name-no-value-on-page	
include/Wininet.h	HTTP_QUERY_SERVER	ms918842	name-no-value-on-page	
include/Wininet.h	HTTP_QUERY_TITLE	ms918842	name-not-on-page	
include/Wininet.h	HTTP_QUERY_USER_AGENT	ms918842	name-no-value-on-page	
include/Wininet.h	HTTP_QUERY_WWW_AUTHENTICATE	ms918842	name-no-value-on-page	
include/Wininet.h	HTTP_QUERY_PROXY_AUTHENTICATE	ms918842	name-no-value-on-page	
include/Wininet.h	HTTP_QUERY_ACCEPT_RANGES	ms918842	name-no-value-on-page	
include/Wininet.h	HTTP_QUERY_SET_COOKIE	ms918842	name-no-value-on-page	
include/Wininet.h	HTTP_QUERY_COOKIE	ms918842	name-no-value-on-page	
include/Wininet.h	HTTP_QUERY_REQUEST_METHOD	ms918842	name-no-value-on-page	
include/Wininet.h	HTTP_QUERY_AGE	ms918842	name-no-value-on-page	
include/Wininet.h	HTTP_QUERY_CACHE_CONTROL	ms918842	name-no-value-on-page	
include/Wininet.h	HTTP_QUERY_CONTENT_BASE	ms918842	name-no-value-on-page	
include/Wininet.h	HTTP_QUERY_CONTENT_LOCATION	ms918842	name-no-value-on-page	
include/Wininet.h	HTTP_QUERY_CONTENT_MD5	ms918842	name-no-value-on-page	
include/Wininet.h	HTTP_QUERY_CONTENT_RANGE	ms918842	name-no-value-on-page	
include/Wininet.h	HTTP_QUERY_ETAG	ms918842	name-no-value-on-page	
include/Wininet.h	HTTP_QUERY_HOST	ms918842	name-no-value-on-page	
include/Wininet.h	HTTP_QUERY_IF_MATCH	ms918842	name-no-value-on-page	
include/Wininet.h	HTTP_QUERY_IF_NONE_MATCH	ms918842	name-no-value-on-page	
include/Wininet.h	HTTP_QUERY_IF_RANGE	ms918842	name-no-value-on-page	
include/Wininet.h	HTTP_QUERY_IF_UNMODIFIED_SINCE	ms918842	name-no-value-on-page	
include/Wininet.h	HTTP_QUERY_MAX_FORWARDS	ms918842	name-no-value-on-page	
include/Wininet.h	HTTP_QUERY_PROXY_AUTHORIZATION	ms918842	name-no-value-on-page	
include/Wininet.h	HTTP_QUERY_RANGE	ms918842	name-no-value-on-page	
include/Wininet.h	HTTP_QUERY_TRANSFER_ENCODING	ms918842	name-no-value-on-page	
include/Wininet.h	HTTP_QUERY_UPGRADE	ms918842	name-no-value-on-page	
include/Wininet.h	HTTP_QUERY_VARY	ms918842	name-no-value-on-page	
include/Wininet.h	HTTP_QUERY_VIA	ms918842	name-no-value-on-page	
include/Wininet.h	HTTP_QUERY_WARNING	ms918842	name-no-value-on-page	
include/Wininet.h	HTTP_QUERY_EXPECT	ms918842	name-no-value-on-page	
include/Wininet.h	HTTP_QUERY_PROXY_CONNECTION	ms918842	name-no-value-on-page	
include/Wininet.h	HTTP_QUERY_UNLESS_MODIFIED_SINCE	ms918842	name-no-value-on-page	
include/Wininet.h	HTTP_QUERY_MAX	ms918842	name-no-value-on-page	
include/Wininet.h	CACHE_ENTRY_ATTRIBUTE_FC		no-pageid	
include/Wininet.h	CACHE_ENTRY_HITRATE_FC		no-pageid	
include/Wininet.h	CACHE_ENTRY_MODTIME_FC		no-pageid	
include/Wininet.h	CACHE_ENTRY_EXPTIME_FC		no-pageid	
include/Wininet.h	CACHE_ENTRY_ACCTIME_FC		no-pageid	
include/Wininet.h	CACHE_ENTRY_SYNCTIME_FC		no-pageid	
include/Wininet.h	CACHE_ENTRY_HEADERINFO_FC		no-pageid	
include/Wininet.h	COOKIE_CACHE_ENTRY		no-pageid	
include/Wininet.h	ERROR_INTERNET_EXTENDED_ERROR		no-pageid	
include/Wininet.h	ERROR_INTERNET_INVALID_URL		no-pageid	
include/Wininet.h	ERROR_INTERNET_INCORRECT_PASSWORD		no-pageid	
include/Wininet.h	ERROR_INTERNET_CANNOT_CONNECT		no-pageid	
include/Wininet.h	ERROR_INTERNET_CONNECTION_RESET		no-pageid	
include/Wininet.h	ERROR_INTERNET_FORCE_RETRY		no-pageid	
include/Wininet.h	ERROR_INTERNET_SEC_CERT_DATE_INVALID		no-pageid	
include/Wininet.h	ERROR_INTERNET_SEC_CERT_CN_INVALID		no-pageid	
include/Wininet.h	ERROR_INTERNET_HTTP_TO_HTTPS_ON_REDIR		no-pageid	
include/Wininet.h	ERROR_INTERNET_HTTPS_TO_HTTP_ON_REDIR		no-pageid	
include/Wininet.h	ERROR_INTERNET_POST_IS_NON_SECURE		no-pageid	
include/Wininet.h	ERROR_INTERNET_CLIENT_AUTH_CERT_NEEDED		no-pageid	
include/Wininet.h	ERROR_INTERNET_INVALID_CA		no-pageid	
include/Wininet.h	ERROR_HTTP_HEADER_NOT_FOUND		no-pageid	
include/Wininet.h	FLAGS_ERROR_UI_FILTER_FOR_ERRORS		no-pageid	
include/Wininet.h	FLAGS_ERROR_UI_FLAGS_CHANGE_OPTIONS		no-pageid	
include/Wininet.h	FLAGS_ERROR_UI_FLAGS_GENERATE_DATA		no-pageid	
include/Wininet.h	HTTP_QUERY_CONTENT_TRANSFER_ENCODING		no-pageid	
include/Wininet.h	HTTP_QUERY_CONTENT_DESCRIPTION		no-pageid	
include/Wininet.h	HTTP_QUERY_CONTENT_LENGTH		no-pageid	
include/Wininet.h	HTTP_QUERY_MESSAGE_ID		no-pageid	
include/Wininet.h	HTTP_QUERY_DERIVED_FROM		no-pageid	
include/Wininet.h	HTTP_QUERY_COST		no-pageid	
include/Wininet.h	HTTP_QUERY_LINK		no-pageid	
include/Wininet.h	HTTP_QUERY_FORWARDED		no-pageid	
include/Wininet.h	HTTP_QUERY_ORIG_URI		no-pageid	
include/Wininet.h	HTTP_QUERY_CUSTOM		no-pageid	
include/Wininet.h	HTTP_ADDREQ_FLAG_COALESCE_WITH_SEMICOLON		no-pageid	
include/Wininet.h	HTTP_ADDREQ_FLAG_ADD_IF_NEW		no-pageid	
include/Wininet.h	HTTP_ADDREQ_FLAG_ADD		no-pageid	
include/Wininet.h	HTTP_QUERY_FLAG_NUMBER		no-pageid	
include/Wininet.h	HTTP_ADDREQ_FLAG_COALESCE		no-pageid	
include/Wininet.h	HTTP_ADDREQ_FLAG_COALESCE_WITH_COMMA		no-pageid	
include/Wininet.h	HTTP_QUERY_FLAG_SYSTEMTIME		no-pageid	
include/Wininet.h	HTTP_ADDREQ_FLAG_REPLACE		no-pageid	
include/Wininet.h	HTTP_QUERY_FLAG_REQUEST_HEADERS		no-pageid	
include/Wininet.h	ICU_ENCODE_SPACES_ONLY		no-pageid	
include/Wininet.h	ICU_NO_META		no-pageid	
include/Wininet.h	ICU_DECODE		no-pageid	
include/Wininet.h	ICU_NO_ENCODE		no-pageid	
include/Wininet.h	ICU_USERNAME		no-pageid	
include/Wininet.h	ICU_ESCAPE		no-pageid	
include/Wininet.h	INTERNET_INVALID_PORT_NUMBER		no-pageid	
include/Wininet.h	INTERNET_OPEN_TYPE_PRECONFIG		no-pageid	
include/Wininet.h	INTERNET_RFC1123_FORMAT		no-pageid	
include/Wininet.h	INTERNET_CONNECTION_MODEM		no-pageid	
include/Wininet.h	INTERNET_FIRST_OPTION		no-pageid	
include/Wininet.h	INTERNET_FLAG_TRANSFER_ASCII		no-pageid	
include/Wininet.h	INTERNET_HANDLE_TYPE_INTERNET		no-pageid	
include/Wininet.h	INTERNET_OPEN_TYPE_DIRECT		no-pageid	
include/Wininet.h	INTERNET_OPTION_CALLBACK		no-pageid	
include/Wininet.h	INTERNET_REQFLAG_FROM_CACHE		no-pageid	
include/Wininet.h	INTERNET_SERVICE_FTP		no-pageid	
include/Wininet.h	INTERNET_STATE_CONNECTED		no-pageid	
include/Wininet.h	INTERNET_CONNECTION_LAN		no-pageid	
include/Wininet.h	INTERNET_FLAG_TRANSFER_BINARY		no-pageid	
include/Wininet.h	INTERNET_HANDLE_TYPE_CONNECT_FTP		no-pageid	
include/Wininet.h	INTERNET_OPTION_CONNECT_TIMEOUT		no-pageid	
include/Wininet.h	INTERNET_SERVICE_GOPHER		no-pageid	
include/Wininet.h	INTERNET_STATE_DISCONNECTED		no-pageid	
include/Wininet.h	INTERNET_OPEN_TYPE_PROXY		no-pageid	
include/Wininet.h	INTERNET_OPTION_CONNECT_RETRIES		no-pageid	
include/Wininet.h	INTERNET_SERVICE_HTTP		no-pageid	
include/Wininet.h	INTERNET_CONNECTION_PROXY		no-pageid	
include/Wininet.h	INTERNET_HANDLE_TYPE_CONNECT_HTTP		no-pageid	
include/Wininet.h	INTERNET_OPTION_CONNECT_BACKOFF		no-pageid	
include/Wininet.h	INTERNET_HANDLE_TYPE_FTP_FIND		no-pageid	
include/Wininet.h	INTERNET_OPTION_CONTROL_SEND_TIMEOUT		no-pageid	
include/Wininet.h	INTERNET_OPTION_SEND_TIMEOUT		no-pageid	
include/Wininet.h	INTERNET_HANDLE_TYPE_FTP_FIND_HTML		no-pageid	
include/Wininet.h	INTERNET_OPTION_CONTROL_RECEIVE_TIMEOUT		no-pageid	
include/Wininet.h	INTERNET_OPTION_RECEIVE_TIMEOUT		no-pageid	
include/Wininet.h	INTERNET_HANDLE_TYPE_FTP_FILE		no-pageid	
include/Wininet.h	INTERNET_OPTION_DATA_SEND_TIMEOUT		no-pageid	
include/Wininet.h	INTERNET_CONNECTION_MODEM_BUSY		no-pageid	
include/Wininet.h	INTERNET_HANDLE_TYPE_FTP_FILE_HTML		no-pageid	
include/Wininet.h	INTERNET_OPTION_DATA_RECEIVE_TIMEOUT		no-pageid	
include/Wininet.h	INTERNET_SCHEME_SOCKS		no-pageid	
include/Wininet.h	INTERNET_OPTION_HANDLE_TYPE		no-pageid	
include/Wininet.h	INTERNET_OPTION_CONTEXT_VALUE		no-pageid	
include/Wininet.h	INTERNET_STATUS_RESOLVING_NAME		no-pageid	
include/Wininet.h	INTERNET_STATUS_NAME_RESOLVED		no-pageid	
include/Wininet.h	INTERNET_OPTION_READ_BUFFER_SIZE		no-pageid	
include/Wininet.h	INTERNET_HANDLE_TYPE_HTTP_REQUEST		no-pageid	
include/Wininet.h	INTERNET_OPTION_WRITE_BUFFER_SIZE		no-pageid	
include/Wininet.h	INTERNET_FLAG_MUST_CACHE_REQUEST		no-pageid	
include/Wininet.h	INTERNET_RAS_INSTALLED		no-pageid	
include/Wininet.h	INTERNET_STATE_DISCONNECTED_BY_USER		no-pageid	
include/Wininet.h	INTERNET_STATUS_CONNECTING_TO_SERVER		no-pageid	
include/Wininet.h	INTERNET_DEFAULT_FTP_PORT		no-pageid	
include/Wininet.h	INTERNET_OPTION_PARENT_HANDLE		no-pageid	
include/Wininet.h	INTERNET_STATUS_CONNECTED_TO_SERVER		no-pageid	
include/Wininet.h	INTERNET_OPTION_REQUEST_FLAGS		no-pageid	
include/Wininet.h	INTERNET_OPTION_EXTENDED_ERROR		no-pageid	
include/Wininet.h	INTERNET_OPTION_USERNAME		no-pageid	
include/Wininet.h	INTERNET_OPTION_PASSWORD		no-pageid	
include/Wininet.h	INTERNET_RFC1123_BUFSIZE		no-pageid	
include/Wininet.h	INTERNET_STATUS_SENDING_REQUEST		no-pageid	
include/Wininet.h	INTERNET_OPTION_SECURITY_FLAGS		no-pageid	
include/Wininet.h	INTERNET_STATUS_REQUEST_SENT		no-pageid	
include/Wininet.h	INTERNET_CONNECTION_OFFLINE		no-pageid	
include/Wininet.h	INTERNET_OPTION_SECURITY_CERTIFICATE_STRUCT		no-pageid	
include/Wininet.h	INTERNET_OPTION_DATAFILE_NAME		no-pageid	
include/Wininet.h	INTERNET_OPTION_URL		no-pageid	
include/Wininet.h	INTERNET_OPTION_SECURITY_CERTIFICATE		no-pageid	
include/Wininet.h	INTERNET_OPTION_SECURITY_KEY_BITNESS		no-pageid	
include/Wininet.h	INTERNET_OPTION_REFRESH		no-pageid	
include/Wininet.h	INTERNET_OPTION_PROXY		no-pageid	
include/Wininet.h	INTERNET_OPTION_SETTINGS_CHANGED		no-pageid	
include/Wininet.h	INTERNET_OPTION_VERSION		no-pageid	
include/Wininet.h	INTERNET_STATUS_RECEIVING_RESPONSE		no-pageid	
include/Wininet.h	INTERNET_OPTION_USER_AGENT		no-pageid	
include/Wininet.h	INTERNET_STATUS_RESPONSE_RECEIVED		no-pageid	
include/Wininet.h	INTERNET_OPTION_END_BROWSER_SESSION		no-pageid	
include/Wininet.h	INTERNET_STATUS_CTL_RESPONSE_RECEIVED		no-pageid	
include/Wininet.h	INTERNET_OPTION_PROXY_USERNAME		no-pageid	
include/Wininet.h	INTERNET_STATUS_PREFETCH		no-pageid	
include/Wininet.h	INTERNET_OPTION_PROXY_PASSWORD		no-pageid	
include/Wininet.h	INTERNET_LAST_OPTION		no-pageid	
include/Wininet.h	INTERNET_OPTION_CONNECTED_STATE		no-pageid	
include/Wininet.h	INTERNET_STATUS_CLOSING_CONNECTION		no-pageid	
include/Wininet.h	INTERNET_STATUS_CONNECTION_CLOSED		no-pageid	
include/Wininet.h	INTERNET_STATUS_HANDLE_CREATED		no-pageid	
include/Wininet.h	INTERNET_CONNECTION_CONFIGURED		no-pageid	
include/Wininet.h	INTERNET_STATUS_HANDLE_CLOSING		no-pageid	
include/Wininet.h	INTERNET_DEFAULT_HTTP_PORT		no-pageid	
include/Wininet.h	INTERNET_STATUS_REQUEST_COMPLETE		no-pageid	
include/Wininet.h	INTERNET_STATUS_REDIRECT		no-pageid	
include/Wininet.h	INTERNET_FLAG_PRAGMA_NOCACHE		no-pageid	
include/Wininet.h	INTERNET_STATE_IDLE		no-pageid	
include/Wininet.h	INTERNET_DEFAULT_HTTPS_PORT		no-pageid	
include/Wininet.h	INTERNET_FLAG_NO_UI		no-pageid	
include/Wininet.h	INTERNET_STATE_BUSY		no-pageid	
include/Wininet.h	INTERNET_FLAG_HYPERLINK		no-pageid	
include/Wininet.h	INTERNET_DEFAULT_SOCKS_PORT		no-pageid	
include/Wininet.h	INTERNET_FLAG_RESYNCHRONIZE		no-pageid	
include/Wininet.h	INTERNET_FLAG_IGNORE_CERT_CN_INVALID		no-pageid	
include/Wininet.h	INTERNET_FLAG_IGNORE_CERT_DATE_INVALID		no-pageid	
include/Wininet.h	INTERNET_FLAG_IGNORE_REDIRECT_TO_HTTPS		no-pageid	
include/Wininet.h	INTERNET_FLAG_IGNORE_REDIRECT_TO_HTTP		no-pageid	
include/Wininet.h	INTERNET_FLAG_NO_AUTH		no-pageid	
include/Wininet.h	INTERNET_FLAG_NO_COOKIES		no-pageid	
include/Wininet.h	INTERNET_FLAG_READ_PREFETCH		no-pageid	
include/Wininet.h	INTERNET_FLAG_NO_AUTO_REDIRECT		no-pageid	
include/Wininet.h	INTERNET_FLAG_KEEP_CONNECTION		no-pageid	
include/Wininet.h	INTERNET_FLAG_SECURE		no-pageid	
include/Wininet.h	INTERNET_FLAG_OFFLINE		no-pageid	
include/Wininet.h	INTERNET_FLAG_DONT_CACHE		no-pageid	
include/Wininet.h	INTERNET_FLAG_NO_CACHE_WRITE		no-pageid	
include/Wininet.h	INTERNET_FLAG_PASSIVE		no-pageid	
include/Wininet.h	INTERNET_FLAG_ASYNC		no-pageid	
include/Wininet.h	INTERNET_FLAG_EXISTING_CONNECT		no-pageid	
include/Wininet.h	INTERNET_FLAG_RAW_DATA		no-pageid	
include/Wininet.h	INTERNET_FLAG_RELOAD		no-pageid	
include/Wininet.h	IRF_ASYNC		no-pageid	
include/Wininet.h	IRF_SYNC		no-pageid	
include/Wininet.h	IRF_NO_WAIT		no-pageid	
include/Wininet.h	IRF_USE_CONTEXT		no-pageid	
include/Wininet.h	NORMAL_CACHE_ENTRY		no-pageid	
include/Wininet.h	SECURITY_FLAG_SECURE		no-pageid	
include/Wininet.h	SECURITY_FLAG_IGNORE_REVOCATION		no-pageid	
include/Wininet.h	SECURITY_FLAG_IGNORE_UNKNOWN_CA		no-pageid	
include/Wininet.h	SECURITY_FLAG_IGNORE_WRONG_USAGE		no-pageid	
include/Wininet.h	SECURITY_FLAG_IGNORE_CERT_CN_INVALID		no-pageid	
include/Wininet.h	SECURITY_FLAG_IGNORE_CERT_DATE_INVALID		no-pageid	
include/Wininet.h	SECURITY_FLAG_IGNORE_REDIRECT_TO_HTTPS		no-pageid	
include/Wininet.h	SECURITY_FLAG_IGNORE_REDIRECT_TO_HTTP		no-pageid	
include/Wininet.h	SECURITY_FLAG_40BIT		no-pageid	
include/Wininet.h	SECURITY_FLAG_NORMALBITNESS		no-pageid	
include/Wininet.h	SECURITY_FLAG_128BIT		no-pageid	
include/Wininet.h	SECURITY_FLAG_56BIT		no-pageid	
include/Wininet.h	SECURITY_FLAG_UNKNOWNBIT		no-pageid	
include/Wininet.h	SPARSE_CACHE_ENTRY		no-pageid	
include/Wininet.h	STICKY_CACHE_ENTRY		no-pageid	
include/Wininet.h	URLHISTORY_CACHE_ENTRY		no-pageid	
include/Wininet.h	WININET_API_FLAG_ASYNC		no-pageid	
include/Wininet.h	WININET_API_FLAG_SYNC		no-pageid	
include/Wininet.h	WININET_API_FLAG_USE_CONTEXT		no-pageid	
include/Winldap.h	LDAP_MOD_ADD	ms892279	name-no-value-on-page	
include/Winldap.h	LDAP_MOD_DELETE	ms892279	name-no-value-on-page	
include/Winldap.h	LDAP_MOD_REPLACE	ms892279	name-no-value-on-page	
include/Winldap.h	LDAP_OPT_DESC	ms893453	name-no-value-on-page	
include/Winldap.h	LDAP_OPT_DEREF	ms893453	name-no-value-on-page	
include/Winldap.h	LDAP_OPT_SIZELIMIT	ms893453	name-no-value-on-page	
include/Winldap.h	LDAP_OPT_TIMELIMIT	ms893453	name-no-value-on-page	
include/Winldap.h	LDAP_OPT_REFERRALS	ms893453	name-no-value-on-page	
include/Winldap.h	LDAP_OPT_RESTART	ms893453	name-no-value-on-page	
include/Winldap.h	LDAP_OPT_SSL	ms893453	name-no-value-on-page	
include/Winldap.h	LDAP_OPT_REFERRAL_HOP_LIMIT	ms893453	name-no-value-on-page	
include/Winldap.h	LDAP_OPT_PROTOCOL_VERSION	ms893453	name-no-value-on-page	
include/Winldap.h	LDAP_OPT_VERSION	ms893453	name-no-value-on-page	
include/Winldap.h	LDAP_OPT_HOST_NAME	ms893453	name-no-value-on-page	
include/Winldap.h	LDAP_OPT_ERROR_NUMBER	ms893453	name-no-value-on-page	
include/Winldap.h	LDAP_OPT_ERROR_STRING	ms893453	name-no-value-on-page	
include/Winldap.h	LDAP_OPT_SERVER_ERROR	ms893453	name-no-value-on-page	
include/Winldap.h	LPDA_OPT_SERVER_EXT_ERROR	ms893453	name-no-value-on-page	
include/Winldap.h	LDAP_OPT_DNSDOMAIN_NAME	ms893453	name-no-value-on-page	
include/Winldap.h	LDAP_OPT_HOST_REACHABLE	ms893453	name-no-value-on-page	
include/Winldap.h	LDAP_OPT_PROMPT_CREDENTIALS	ms893453	name-no-value-on-page	
include/Winldap.h	LDAP_OPT_AUTO_RECONNECT	ms893453	name-no-value-on-page	
include/Winldap.h	LDAP_OPT_SSPI_FLAGS	ms893453	name-no-value-on-page	
include/Winldap.h	LDAP_OPT_AREC_EXCLUSIVE	ms893453	name-no-value-on-page	
include/Winldap.h	PING_KEEP_ALIVE	ms893453	name-no-value-on-page	
include/Winldap.h	PING_WAIT_TIME	ms893453	name-no-value-on-page	
include/Winldap.h	PING_LIMIT	ms893453	name-no-value-on-page	
include/Winldap.h	LDAP_DEREF_NEVER	ms893453	name-no-value-on-page	
include/Winldap.h	LDAP_DEREF_SEARCHING	ms893453	name-no-value-on-page	
include/Winldap.h	LDAP_DEREF_FINDING	ms893453	name-no-value-on-page	
include/Winldap.h	LDAP_DEREF_ALWAYS	ms893453	name-no-value-on-page	
include/Winldap.h	LDAP_NO_LIMIT	ms893453	name-no-value-on-page	
include/Winnls.h	CP_ACP	ms906416	match	
include/Winnls.h	CP_OEMCP	ms906416	match	
include/Winnls.h	CP_MACCP	ms906416	match	
include/Winnls.h	CP_THREAD_ACP	ms906416	match	
include/Winnls.h	CP_SYMBOL	ms906416	match	
include/Winnls.h	CP_UTF7	ms906416	match	
include/Winnls.h	CP_UTF8	ms906416	match	
include/Winnls.h	MB_PRECOMPOSED	ms886760	name-no-value-on-page	
include/Winnls.h	MB_COMPOSITE	ms886760	name-no-value-on-page	
include/Winnls.h	MB_USEGLYPHCHARS	ms886760	name-no-value-on-page	
include/Winnls.h	MB_ERR_INVALID_CHARS	ms886760	name-no-value-on-page	
include/Winnls.h	WC_COMPOSITECHECK	aa450989	name-no-value-on-page	
include/Winnls.h	WC_DISCARDNS	aa450989	name-no-value-on-page	
include/Winnls.h	WC_SEPCHARS	aa450989	name-no-value-on-page	
include/Winnls.h	WC_DEFAULTCHAR	aa450989	name-no-value-on-page	
include/Winnls.h	CT_CTYPE1	ms905272	name-no-value-on-page	
include/Winnls.h	CT_CTYPE2	ms905272	name-no-value-on-page	
include/Winnls.h	CT_CTYPE3	ms905272	name-no-value-on-page	
include/Winnls.h	LCID_INSTALLED	ms906219	name-no-value-on-page	
include/Winnls.h	LCID_SUPPORTED	ms906219	name-no-value-on-page	
include/Winnls.h	CSTR_LESS_THAN	ms904713	name-no-value-on-page	
include/Winnls.h	CSTR_EQUAL	ms904713	name-no-value-on-page	
include/Winnls.h	CSTR_GREATER_THAN	ms904713	name-no-value-on-page	
include/Winnls.h	MAX_DEFAULTCHAR	ms904717	name-no-value-on-page	
include/Winnls.h	MAX_LEADBYTES	ms904717	name-no-value-on-page	
include/Winnls.h	LOCALE_ILANGUAGE	ee491958	name-no-value-on-page	value R1/derived
include/Winnls.h	LOCALE_SLANGUAGE	ee491958	name-no-value-on-page	value R1/derived
include/Winnls.h	LOCALE_SENGLANGUAGE	ee491958	name-no-value-on-page	value R1/derived
include/Winnls.h	LOCALE_SABBREVLANGNAME	ee491958	name-no-value-on-page	value R1/derived
include/Winnls.h	LOCALE_SNATIVELANGNAME	ee491958	name-no-value-on-page	value R1/derived
include/Winnls.h	LOCALE_ICOUNTRY	ee491958	name-no-value-on-page	value R1/derived
include/Winnls.h	LOCALE_SCOUNTRY	ee491958	name-no-value-on-page	value R1/derived
include/Winnls.h	LOCALE_SNATIVECTRYNAME	ee491958	name-no-value-on-page	value R1/derived
include/Winnls.h	LOCALE_SENGCOUNTRY	ee491958	name-no-value-on-page	value R1/derived
include/Winnls.h	LOCALE_SABBREVCTRYNAME	ee491958	name-no-value-on-page	value R1/derived
include/Winnls.h	LOCALE_IDEFAULTLANGUAGE	ee491958	name-no-value-on-page	value R1/derived
include/Winnls.h	LOCALE_IDEFAULTCOUNTRY	ee491958	name-no-value-on-page	value R1/derived
include/Winnls.h	LOCALE_IDEFAULTANSICODEPAGE	ee491958	name-no-value-on-page	value R1/derived
include/Winnls.h	LOCALE_IDEFAULTCODEPAGE	ee491958	name-no-value-on-page	value R1/derived
include/Winnls.h	LOCALE_SLIST	ee491958	name-no-value-on-page	value R1/derived
include/Winnls.h	LOCALE_IMEASURE	ee491958	name-no-value-on-page	value R1/derived
include/Winnls.h	LOCALE_SDECIMAL	ee491958	name-no-value-on-page	value R1/derived
include/Winnls.h	LOCALE_STHOUSAND	ee491958	name-no-value-on-page	value R1/derived
include/Winnls.h	LOCALE_SGROUPING	ee491958	name-no-value-on-page	value R1/derived
include/Winnls.h	LOCALE_IDIGITS	ee491958	name-no-value-on-page	value R1/derived
include/Winnls.h	LOCALE_IDIGITSUBSTITUTION	ee491958	name-no-value-on-page	value R1/derived
include/Winnls.h	LOCALE_SNATIVEDIGITS	ee491958	name-no-value-on-page	value R1/derived
include/Winnls.h	LOCALE_ILZERO	ee491958	name-no-value-on-page	value R1/derived
include/Winnls.h	LOCALE_INEGNUMBER	ee491958	name-no-value-on-page	value R1/derived
include/Winnls.h	LOCALE_SCURRENCY	ee491958	name-no-value-on-page	value R1/derived
include/Winnls.h	LOCALE_SINTLSYMBOL	ee491958	name-no-value-on-page	value R1/derived
include/Winnls.h	LOCALE_SMONDECIMALSEP	ee491958	name-no-value-on-page	value R1/derived
include/Winnls.h	LOCALE_SMONTHOUSANDSEP	ee491958	name-no-value-on-page	value R1/derived
include/Winnls.h	LOCALE_SMONGROUPING	ee491958	name-no-value-on-page	value R1/derived
include/Winnls.h	LOCALE_ICURRDIGITS	ee491958	name-no-value-on-page	value R1/derived
include/Winnls.h	LOCALE_IINTLCURRDIGITS	ee491958	name-no-value-on-page	value R1/derived
include/Winnls.h	LOCALE_ICURRENCY	ee491958	name-no-value-on-page	value R1/derived
include/Winnls.h	LOCALE_INEGCURR	ee491958	name-no-value-on-page	value R1/derived
include/Winnls.h	LOCALE_SDATE	ee491958	name-no-value-on-page	value R1/derived
include/Winnls.h	LOCALE_STIME	ee491958	name-no-value-on-page	value R1/derived
include/Winnls.h	LOCALE_STIMEFORMAT	ee491958	name-no-value-on-page	value R1/derived
include/Winnls.h	LOCALE_SYEARMONTH	ee491958	name-no-value-on-page	value R1/derived
include/Winnls.h	LOCALE_SSHORTDATE	ee491958	name-no-value-on-page	value R1/derived
include/Winnls.h	LOCALE_SLONGDATE	ee491958	name-no-value-on-page	value R1/derived
include/Winnls.h	LOCALE_IDATE	ee491958	name-no-value-on-page	value R1/derived
include/Winnls.h	LOCALE_ILDATE	ee491958	name-no-value-on-page	value R1/derived
include/Winnls.h	LOCALE_ITIME	ee491958	name-no-value-on-page	value R1/derived
include/Winnls.h	LOCALE_ICENTURY	ee491958	name-no-value-on-page	value R1/derived
include/Winnls.h	LOCALE_ITLZERO	ee491958	name-no-value-on-page	value R1/derived
include/Winnls.h	LOCALE_IDAYLZERO	ee491958	name-no-value-on-page	value R1/derived
include/Winnls.h	LOCALE_IMONLZERO	ee491958	name-no-value-on-page	value R1/derived
include/Winnls.h	LOCALE_S1159	ee491958	name-no-value-on-page	value R1/derived
include/Winnls.h	LOCALE_S2359	ee491958	name-no-value-on-page	value R1/derived
include/Winnls.h	LOCALE_ICALENDARTYPE	ee491958	name-no-value-on-page	value R1/derived
include/Winnls.h	LOCALE_IOPTIONALCALENDAR	ee491958	name-no-value-on-page	value R1/derived
include/Winnls.h	LOCALE_IFIRSTDAYOFWEEK	ee491958	name-no-value-on-page	value R1/derived
include/Winnls.h	LOCALE_SDAYNAME1	ee491958	annotated-deviation	hdr=0x002A page=0x0
include/Winnls.h	LOCALE_SDAYNAME2	ee491958	annotated-deviation	hdr=0x002B page=0x1
include/Winnls.h	LOCALE_SDAYNAME3	ee491958	annotated-deviation	hdr=0x002C page=0x2
include/Winnls.h	LOCALE_SDAYNAME4	ee491958	annotated-deviation	hdr=0x002D page=0x3
include/Winnls.h	LOCALE_SDAYNAME5	ee491958	annotated-deviation	hdr=0x002E page=0x4
include/Winnls.h	LOCALE_SDAYNAME6	ee491958	annotated-deviation	hdr=0x002F page=0x5
include/Winnls.h	LOCALE_SDAYNAME7	ee491958	annotated-deviation	hdr=0x0030 page=0x6
include/Winnls.h	LOCALE_IFIRSTWEEKOFYEAR	ee491958	name-no-value-on-page	value R1/derived
include/Winnls.h	LOCALE_SABBREVDAYNAME1	ee491958	name-no-value-on-page	value R1/derived
include/Winnls.h	LOCALE_SABBREVDAYNAME2	ee491958	name-no-value-on-page	value R1/derived
include/Winnls.h	LOCALE_SABBREVDAYNAME3	ee491958	name-no-value-on-page	value R1/derived
include/Winnls.h	LOCALE_SABBREVDAYNAME4	ee491958	name-no-value-on-page	value R1/derived
include/Winnls.h	LOCALE_SABBREVDAYNAME5	ee491958	name-no-value-on-page	value R1/derived
include/Winnls.h	LOCALE_SABBREVDAYNAME6	ee491958	name-no-value-on-page	value R1/derived
include/Winnls.h	LOCALE_SABBREVDAYNAME7	ee491958	name-no-value-on-page	value R1/derived
include/Winnls.h	LOCALE_SMONTHNAME1	ee491958	name-no-value-on-page	value R1/derived
include/Winnls.h	LOCALE_SMONTHNAME2	ee491958	name-no-value-on-page	value R1/derived
include/Winnls.h	LOCALE_SMONTHNAME3	ee491958	name-no-value-on-page	value R1/derived
include/Winnls.h	LOCALE_SMONTHNAME4	ee491958	name-no-value-on-page	value R1/derived
include/Winnls.h	LOCALE_SMONTHNAME5	ee491958	name-no-value-on-page	value R1/derived
include/Winnls.h	LOCALE_SMONTHNAME6	ee491958	name-no-value-on-page	value R1/derived
include/Winnls.h	LOCALE_SMONTHNAME7	ee491958	name-no-value-on-page	value R1/derived
include/Winnls.h	LOCALE_SMONTHNAME8	ee491958	name-no-value-on-page	value R1/derived
include/Winnls.h	LOCALE_SMONTHNAME9	ee491958	name-no-value-on-page	value R1/derived
include/Winnls.h	LOCALE_SMONTHNAME10	ee491958	name-no-value-on-page	value R1/derived
include/Winnls.h	LOCALE_SMONTHNAME11	ee491958	name-no-value-on-page	value R1/derived
include/Winnls.h	LOCALE_SMONTHNAME12	ee491958	name-no-value-on-page	value R1/derived
include/Winnls.h	LOCALE_SMONTHNAME13	ee491958	name-no-value-on-page	value R1/derived
include/Winnls.h	LOCALE_SABBREVMONTHNAME1	ee491958	name-no-value-on-page	value R1/derived
include/Winnls.h	LOCALE_SABBREVMONTHNAME2	ee491958	name-no-value-on-page	value R1/derived
include/Winnls.h	LOCALE_SABBREVMONTHNAME3	ee491958	name-no-value-on-page	value R1/derived
include/Winnls.h	LOCALE_SABBREVMONTHNAME4	ee491958	name-no-value-on-page	value R1/derived
include/Winnls.h	LOCALE_SABBREVMONTHNAME5	ee491958	name-no-value-on-page	value R1/derived
include/Winnls.h	LOCALE_SABBREVMONTHNAME6	ee491958	name-no-value-on-page	value R1/derived
include/Winnls.h	LOCALE_SABBREVMONTHNAME7	ee491958	name-no-value-on-page	value R1/derived
include/Winnls.h	LOCALE_SABBREVMONTHNAME8	ee491958	name-no-value-on-page	value R1/derived
include/Winnls.h	LOCALE_SABBREVMONTHNAME9	ee491958	name-no-value-on-page	value R1/derived
include/Winnls.h	LOCALE_SABBREVMONTHNAME10	ee491958	name-no-value-on-page	value R1/derived
include/Winnls.h	LOCALE_SABBREVMONTHNAME11	ee491958	name-no-value-on-page	value R1/derived
include/Winnls.h	LOCALE_SABBREVMONTHNAME12	ee491958	name-no-value-on-page	value R1/derived
include/Winnls.h	LOCALE_SABBREVMONTHNAME13	ee491958	name-no-value-on-page	value R1/derived
include/Winnls.h	LOCALE_SPOSITIVESIGN	ee491958	name-no-value-on-page	value R1/derived
include/Winnls.h	LOCALE_SNEGATIVESIGN	ee491958	name-no-value-on-page	value R1/derived
include/Winnls.h	LOCALE_IPOSSIGNPOSN	ee491958	name-no-value-on-page	value R1/derived
include/Winnls.h	LOCALE_INEGSIGNPOSN	ee491958	name-no-value-on-page	value R1/derived
include/Winnls.h	LOCALE_IPOSSYMPRECEDES	ee491958	name-no-value-on-page	value R1/derived
include/Winnls.h	LOCALE_IPOSSEPBYSPACE	ee491958	name-no-value-on-page	value R1/derived
include/Winnls.h	LOCALE_INEGSYMPRECEDES	ee491958	name-no-value-on-page	value R1/derived
include/Winnls.h	LOCALE_INEGSEPBYSPACE	ee491958	name-no-value-on-page	value R1/derived
include/Winnls.h	LOCALE_IPAPERSIZE	ee491958	name-no-value-on-page	value R1/derived
include/Winnls.h	LOCALE_NOUSEROVERRIDE	ee491958	name-no-value-on-page	value R1/derived
include/Winnls.h	LOCALE_USER_DEFAULT	ms905243	name-no-value-on-page	value R1/derived
include/Winnls.h	LOCALE_SYSTEM_DEFAULT	ms905243	name-no-value-on-page	value R1/derived
include/Winnt.h	FILE_ACTION_ADDED	ms889597	name-no-value-on-page	
include/Winnt.h	FILE_ACTION_REMOVED	ms889597	name-no-value-on-page	
include/Winnt.h	FILE_ACTION_MODIFIED	ms889597	name-no-value-on-page	
include/Winnt.h	FILE_ACTION_RENAMED_OLD_NAME	ms889597	name-no-value-on-page	
include/Winnt.h	FILE_ACTION_RENAMED_NEW_NAME	ms889597	name-no-value-on-page	
include/Winnt.h	EXCEPTION_MAXIMUM_PARAMETERS	ms886790	name-no-value-on-page	
include/Winnt.h	EXCEPTION_ACCESS_VIOLATION	ms885620	name-no-value-on-page	
include/Winnt.h	EXCEPTION_BREAKPOINT	ms885620	name-no-value-on-page	
include/Winnt.h	EXCEPTION_DATATYPE_MISALIGNMENT	ms885620	name-no-value-on-page	
include/Winnt.h	EXCEPTION_SINGLE_STEP	ms885620	name-no-value-on-page	
include/Winnt.h	EXCEPTION_ARRAY_BOUNDS_EXCEEDED	ms885620	name-no-value-on-page	
include/Winnt.h	EXCEPTION_FLT_DENORMAL_OPERAND	ms885620	name-no-value-on-page	
include/Winnt.h	EXCEPTION_FLT_DIVIDE_BY_ZERO	ms885620	name-no-value-on-page	
include/Winnt.h	EXCEPTION_FLT_INEXACT_RESULT	ms885620	name-no-value-on-page	
include/Winnt.h	EXCEPTION_FLT_INVALID_OPERATION	ms885620	name-no-value-on-page	
include/Winnt.h	EXCEPTION_FLT_OVERFLOW	ms885620	name-no-value-on-page	
include/Winnt.h	EXCEPTION_FLT_STACK_CHECK	ms885620	name-no-value-on-page	
include/Winnt.h	EXCEPTION_FLT_UNDERFLOW	ms885620	name-no-value-on-page	
include/Winnt.h	EXCEPTION_INT_DIVIDE_BY_ZERO	ms885620	name-no-value-on-page	
include/Winnt.h	EXCEPTION_INT_OVERFLOW	ms885620	name-no-value-on-page	
include/Winnt.h	EXCEPTION_PRIV_INSTRUCTION	ms885620	name-no-value-on-page	
include/Winnt.h	EXCEPTION_NONCONTINUABLE_EXCEPTION	ms885620	name-no-value-on-page	
include/Winnt.h	EXCEPTION_CONTINUABLE	ms886790	name-not-on-page	
include/Winnt.h	EXCEPTION_NONCONTINUABLE	ms886790	name-no-value-on-page	
include/Winreg.h	REG_NONE	ms891469	name-no-value-on-page	
include/Winreg.h	REG_SZ	ms891469	name-no-value-on-page	
include/Winreg.h	REG_EXPAND_SZ	ms891469	name-no-value-on-page	
include/Winreg.h	REG_BINARY	ms891469	name-no-value-on-page	
include/Winreg.h	REG_DWORD	ms891469	name-no-value-on-page	
include/Winreg.h	REG_DWORD_LITTLE_ENDIAN	ms891469	name-no-value-on-page	
include/Winreg.h	REG_DWORD_BIG_ENDIAN	ms891469	name-no-value-on-page	
include/Winreg.h	REG_LINK	ms891469	name-no-value-on-page	
include/Winreg.h	REG_MULTI_SZ	ms891469	name-no-value-on-page	
include/Winreg.h	REG_RESOURCE_LIST	ms891469	name-no-value-on-page	
include/Winreg.h	REG_OPTION_NON_VOLATILE	ms891450	name-no-value-on-page	
include/Winreg.h	REG_OPTION_VOLATILE	ms891450	name-no-value-on-page	
include/Winreg.h	REG_CREATED_NEW_KEY	ms891450	name-no-value-on-page	
include/Winreg.h	REG_OPENED_EXISTING_KEY	ms891450	name-no-value-on-page	
include/Winreg.h	REG_NOTIFY_CHANGE_NAME	aa517116	name-no-value-on-page	
include/Winreg.h	REG_NOTIFY_CHANGE_LAST_SET	aa517116	name-no-value-on-page	
include/Winsock2.h	WSADESCRIPTION_LEN	ms898735	name-no-value-on-page	
include/Winsock2.h	WSASYS_STATUS_LEN	ms898735	name-no-value-on-page	
include/Winsock2.h	WSAPROTOCOL_LEN	ms898760	name-no-value-on-page	
include/Winsock2.h	FD_SETSIZE	aa450370	name-no-value-on-page	
include/Winsock2.h	FD_MAX_EVENTS	ms898754	name-no-value-on-page	
include/Winsock2.h	MAX_PROTOCOL_CHAIN	ms898759	name-no-value-on-page	
include/Winsock2.h	AF_UNSPEC	aa450958	name-no-value-on-page	
include/Winsock2.h	AF_INET	aa450958	name-not-on-page	
include/Winsock2.h	AF_IRDA	aa450958	name-not-on-page	
include/Winsock2.h	AF_INET6	aa450958	name-not-on-page	
include/Winsock2.h	SOCK_STREAM	aa450958	name-no-value-on-page	
include/Winsock2.h	SOCK_DGRAM	aa450958	name-no-value-on-page	
include/Winsock2.h	SOCK_RAW	aa450958	name-no-value-on-page	
include/Winsock2.h	IPPROTO_IP	aa450958	name-no-value-on-page	
include/Winsock2.h	IPPROTO_TCP	aa450958	name-no-value-on-page	
include/Winsock2.h	IPPROTO_UDP	aa450958	name-no-value-on-page	
include/Winsock2.h	IPPROTO_IPV6	aa450958	name-no-value-on-page	
include/Winsock2.h	SD_RECEIVE	aa450939	name-no-value-on-page	
include/Winsock2.h	SD_SEND	aa450939	name-no-value-on-page	
include/Winsock2.h	SD_BOTH	aa450939	name-no-value-on-page	
include/Winsock2.h	AI_PASSIVE	aa450282	name-no-value-on-page	
include/Winsock2.h	AI_CANONNAME	aa450282	name-no-value-on-page	
include/Winsock2.h	AI_NUMERICHOST	aa450282	name-no-value-on-page	
include/Winsock2.h	WSA_FLAG_OVERLAPPED	ms898773	name-not-on-page	
include/Winsock2.h	WSA_FLAG_MULTIPOINT_C_ROOT	ms898773	name-no-value-on-page	
include/Winsock2.h	WSA_FLAG_MULTIPOINT_C_LEAF	ms898773	name-no-value-on-page	
include/Winsock2.h	WSA_FLAG_MULTIPOINT_D_ROOT	ms898773	name-no-value-on-page	
include/Winsock2.h	WSA_FLAG_MULTIPOINT_D_LEAF	ms898773	name-no-value-on-page	
include/Winsock2.h	WSA_FLAG_ACCESS_SYSTEM_SECURITY	ms898773	name-not-on-page	
include/Winsock2.h	WSA_FLAG_NO_HANDLE_INHERIT	ms898773	name-not-on-page	
include/Winsock2.h	SG_UNCONSTRAINED_GROUP	ms898773	name-not-on-page	
include/Winsock2.h	SG_CONSTRAINED_GROUP	ms898773	name-not-on-page	
include/Winsock2.h	SO_KEEPALIVE	ms884940	name-no-value-on-page	
include/Winsock2.h	SO_CONDITIONAL_ACCEPT	ms884940	name-no-value-on-page	
include/Winsock2.h	WSABASEERR	ms884940	name-not-on-page	
include/Winsock2.h	WSAEINTR	aa450263	match	
include/Winsock2.h	WSAEBADF	ms884940	name-not-on-page	
include/Winsock2.h	WSAEACCES	aa450263	match	
include/Winsock2.h	WSAEFAULT	aa450263	match	
include/Winsock2.h	WSAEINVAL	aa450263	match	
include/Winsock2.h	WSAEMFILE	aa450263	match	
include/Winsock2.h	WSAEWOULDBLOCK	aa450263	match	
include/Winsock2.h	WSAEINPROGRESS	aa450263	match	
include/Winsock2.h	WSAEALREADY	aa450263	match	
include/Winsock2.h	WSAENOTSOCK	aa450263	match	
include/Winsock2.h	WSAEDESTADDRREQ	aa450263	match	
include/Winsock2.h	WSAEMSGSIZE	aa450263	match	
include/Winsock2.h	WSAEPROTOTYPE	aa450263	match	
include/Winsock2.h	WSAENOPROTOOPT	aa450263	match	
include/Winsock2.h	WSAEPROTONOSUPPORT	aa450263	match	
include/Winsock2.h	WSAESOCKTNOSUPPORT	aa450263	match	
include/Winsock2.h	WSAEOPNOTSUPP	aa450263	match	
include/Winsock2.h	WSAEPFNOSUPPORT	aa450263	match	
include/Winsock2.h	WSAEAFNOSUPPORT	aa450263	match	
include/Winsock2.h	WSAEADDRINUSE	aa450263	match	
include/Winsock2.h	WSAEADDRNOTAVAIL	aa450263	match	
include/Winsock2.h	WSAENETDOWN	aa450263	match	
include/Winsock2.h	WSAENETUNREACH	aa450263	match	
include/Winsock2.h	WSAENETRESET	aa450263	match	
include/Winsock2.h	WSAECONNABORTED	aa450263	match	
include/Winsock2.h	WSAECONNRESET	aa450263	match	
include/Winsock2.h	WSAENOBUFS	aa450263	match	
include/Winsock2.h	WSAEISCONN	aa450263	match	
include/Winsock2.h	WSAENOTCONN	aa450263	match	
include/Winsock2.h	WSAESHUTDOWN	aa450263	match	
include/Winsock2.h	WSAETOOMANYREFS	ms884940	name-not-on-page	
include/Winsock2.h	WSAETIMEDOUT	aa450263	match	
include/Winsock2.h	WSAECONNREFUSED	aa450263	match	
include/Winsock2.h	WSAELOOP	ms884940	name-not-on-page	
include/Winsock2.h	WSAENAMETOOLONG	ms884940	name-not-on-page	
include/Winsock2.h	WSAEHOSTDOWN	aa450263	match	
include/Winsock2.h	WSAEHOSTUNREACH	aa450263	match	
include/Winsock2.h	WSAENOTEMPTY	ms884940	name-not-on-page	
include/Winsock2.h	WSAEPROCLIM	aa450263	match	
include/Winsock2.h	WSAEUSERS	ms884940	name-not-on-page	
include/Winsock2.h	WSAEDQUOT	ms884940	name-not-on-page	
include/Winsock2.h	WSAESTALE	ms884940	name-not-on-page	
include/Winsock2.h	WSAEREMOTE	ms884940	name-not-on-page	
include/Winsock2.h	WSASYSNOTREADY	aa450263	match	
include/Winsock2.h	WSAVERNOTSUPPORTED	aa450263	match	
include/Winsock2.h	WSANOTINITIALISED	aa450263	match	
include/Winsock2.h	WSAEDISCON	aa450263	match	
include/Winsock2.h	WSAENOMORE	ms884940	name-not-on-page	
include/Winsock2.h	WSAECANCELLED	ms884940	name-not-on-page	
include/Winsock2.h	WSAEINVALIDPROCTABLE	ms884940	name-not-on-page	
include/Winsock2.h	WSAEINVALIDPROVIDER	ms884940	name-not-on-page	
include/Winsock2.h	WSAEPROVIDERFAILEDINIT	ms884940	name-not-on-page	
include/Winsock2.h	WSASYSCALLFAILURE	ms884940	name-not-on-page	
include/Winsock2.h	WSASERVICE_NOT_FOUND	ms884940	name-not-on-page	
include/Winsock2.h	WSATYPE_NOT_FOUND	aa450263	match	
include/Winsock2.h	WSA_E_NO_MORE	ms884940	name-not-on-page	
include/Winsock2.h	WSA_E_CANCELLED	ms884940	name-not-on-page	
include/Winsock2.h	WSAEREFUSED	ms884940	name-not-on-page	
include/Winsock2.h	WSAHOST_NOT_FOUND	aa450263	match	
include/Winsock2.h	WSATRY_AGAIN	aa450263	match	
include/Winsock2.h	WSANO_RECOVERY	aa450263	match	
include/Winsock2.h	WSANO_DATA	aa450263	match	
include/Winsock2.h	WSA_QOS_RECEIVERS	ms884940	name-not-on-page	
include/Winsock2.h	WSA_QOS_SENDERS	ms884940	name-not-on-page	
include/Winsock2.h	WSA_QOS_NO_SENDERS	ms884940	name-not-on-page	
include/Winsock2.h	WSA_QOS_NO_RECEIVERS	ms884940	name-not-on-page	
include/Winsock2.h	WSA_QOS_REQUEST_CONFIRMED	ms884940	name-not-on-page	
include/Winsock2.h	WSA_QOS_ADMISSION_FAILURE	ms884940	name-not-on-page	
include/Winsock2.h	WSA_QOS_POLICY_FAILURE	ms884940	name-not-on-page	
include/Winsock2.h	WSA_QOS_BAD_STYLE	ms884940	name-not-on-page	
include/Winsock2.h	WSA_QOS_BAD_OBJECT	ms884940	name-not-on-page	
include/Winsock2.h	WSA_QOS_TRAFFIC_CTRL_ERROR	ms884940	name-not-on-page	
include/Winsock2.h	WSA_QOS_GENERIC_ERROR	ms884940	name-not-on-page	
include/Winsock2.h	WSA_QOS_ESERVICETYPE	ms884940	name-not-on-page	
include/Winsock2.h	WSA_QOS_EFLOWSPEC	ms884940	name-not-on-page	
include/Winsock2.h	WSA_QOS_EPROVSPECBUF	ms884940	name-not-on-page	
include/Winsock2.h	WSA_QOS_EFILTERSTYLE	ms884940	name-not-on-page	
include/Winsock2.h	WSA_QOS_EFILTERTYPE	ms884940	name-not-on-page	
include/Winsock2.h	WSA_QOS_EFILTERCOUNT	ms884940	name-not-on-page	
include/Winsock2.h	WSA_QOS_EOBJLENGTH	ms884940	name-not-on-page	
include/Winsock2.h	WSA_QOS_EFLOWCOUNT	ms884940	name-not-on-page	
include/Winsock2.h	WSA_QOS_EUNKOWNPSOBJ	ms884940	name-not-on-page	
include/Winsock2.h	WSA_QOS_EPOLICYOBJ	ms884940	name-not-on-page	
include/Winsock2.h	WSA_QOS_EFLOWDESC	ms884940	name-not-on-page	
include/Winsock2.h	WSA_QOS_EPSFLOWSPEC	ms884940	name-not-on-page	
include/Winsock2.h	WSA_QOS_EPSFILTERSPEC	ms884940	name-not-on-page	
include/Winsock2.h	WSA_QOS_ESDMODEOBJ	ms884940	name-not-on-page	
include/Winsock2.h	WSA_QOS_ESHAPERATEOBJ	ms884940	name-not-on-page	
include/Winsock2.h	WSA_QOS_RESERVED_PETYPE	ms884940	name-not-on-page	
include/Winsock2.h	WSA_INVALID_HANDLE	ms884940	name-not-on-page	
include/Winsock2.h	WSA_NOT_ENOUGH_MEMORY	ms884940	name-not-on-page	
include/Winsock2.h	WSA_INVALID_PARAMETER	ms884940	name-not-on-page	
include/Winsock2.h	WSA_OPERATION_ABORTED	ms884940	name-not-on-page	
include/Winsock2.h	WSA_IO_INCOMPLETE	ms884940	name-not-on-page	
include/Winsock2.h	WSA_IO_PENDING	ms884940	name-not-on-page	
include/Winsock2.h	SOL_IRLMP		no-pageid	
include/Winuser.h	SIF_RANGE		no-pageid	
include/Winuser.h	SIF_PAGE		no-pageid	
include/Winuser.h	SIF_POS		no-pageid	
include/Winuser.h	SIF_DISABLENOSCROLL		no-pageid	
include/Winuser.h	SIF_TRACKPOS		no-pageid	
include/Winuser.h	SB_HORZ		no-pageid	
include/Winuser.h	SB_VERT		no-pageid	
include/Winuser.h	SB_CTL		no-pageid	
include/Winuser.h	SB_BOTH		no-pageid	
include/Winuser.h	SW_SCROLLCHILDREN		no-pageid	
include/Winuser.h	SW_INVALIDATE		no-pageid	
include/Winuser.h	SW_ERASE		no-pageid	
include/Winuser.h	SW_SMOOTHSCROLL		no-pageid	
include/Winuser.h	VK_LBUTTON	ee504832	match	
include/Winuser.h	VK_RBUTTON	ee504832	match	
include/Winuser.h	VK_CANCEL	ee504832	match	
include/Winuser.h	VK_MBUTTON	ee504832	match	
include/Winuser.h	VK_BACK	ee504832	match	
include/Winuser.h	VK_TAB	ee504832	match	
include/Winuser.h	VK_CLEAR	ee504832	match	
include/Winuser.h	VK_RETURN	ee504832	match	
include/Winuser.h	VK_SHIFT	ee504832	match	
include/Winuser.h	VK_CONTROL	ee504832	match	
include/Winuser.h	VK_MENU	ee504832	match	
include/Winuser.h	VK_PAUSE	ee504832	match	
include/Winuser.h	VK_CAPITAL	ee504832	match	
include/Winuser.h	VK_ESCAPE	ee504832	match	
include/Winuser.h	VK_SPACE	ee504832	match	
include/Winuser.h	VK_PRIOR	ee504832	match	
include/Winuser.h	VK_NEXT	ee504832	match	
include/Winuser.h	VK_END	ee504832	match	
include/Winuser.h	VK_HOME	ee504832	match	
include/Winuser.h	VK_LEFT	ee504832	match	
include/Winuser.h	VK_UP	ee504832	match	
include/Winuser.h	VK_RIGHT	ee504832	match	
include/Winuser.h	VK_DOWN	ee504832	match	
include/Winuser.h	VK_SELECT	ee504832	match	
include/Winuser.h	VK_EXECUTE	ee504832	match	
include/Winuser.h	VK_SNAPSHOT	ee504832	match	
include/Winuser.h	VK_INSERT	ee504832	match	
include/Winuser.h	VK_DELETE	ee504832	match	
include/Winuser.h	VK_HELP	ee504832	match	
include/Winuser.h	VK_LWIN	ee504832	match	
include/Winuser.h	VK_RWIN	ee504832	match	
include/Winuser.h	VK_APPS	ee504832	match	
include/Winuser.h	VK_NUMPAD0	ee504832	match	
include/Winuser.h	VK_NUMPAD1	ee504832	match	
include/Winuser.h	VK_NUMPAD2	ee504832	match	
include/Winuser.h	VK_NUMPAD3	ee504832	match	
include/Winuser.h	VK_NUMPAD4	ee504832	match	
include/Winuser.h	VK_NUMPAD5	ee504832	match	
include/Winuser.h	VK_NUMPAD6	ee504832	match	
include/Winuser.h	VK_NUMPAD7	ee504832	match	
include/Winuser.h	VK_NUMPAD8	ee504832	match	
include/Winuser.h	VK_NUMPAD9	ee504832	match	
include/Winuser.h	VK_MULTIPLY	ee504832	match	
include/Winuser.h	VK_ADD	ee504832	match	
include/Winuser.h	VK_SEPARATOR	ee504832	match	
include/Winuser.h	VK_SUBTRACT	ee504832	match	
include/Winuser.h	VK_DECIMAL	ee504832	match	
include/Winuser.h	VK_DIVIDE	ee504832	match	
include/Winuser.h	VK_F1	ee504832	match	
include/Winuser.h	VK_F2	ee504832	match	
include/Winuser.h	VK_F3	ee504832	match	
include/Winuser.h	VK_F4	ee504832	match	
include/Winuser.h	VK_F5	ee504832	match	
include/Winuser.h	VK_F6	ee504832	match	
include/Winuser.h	VK_F7	ee504832	match	
include/Winuser.h	VK_F8	ee504832	match	
include/Winuser.h	VK_F9	ee504832	match	
include/Winuser.h	VK_F10	ee504832	match	
include/Winuser.h	VK_F11	ee504832	match	
include/Winuser.h	VK_F12	ee504832	match	
include/Winuser.h	VK_F13	ee504832	match	
include/Winuser.h	VK_F14	ee504832	match	
include/Winuser.h	VK_F15	ee504832	match	
include/Winuser.h	VK_F16	ee504832	match	
include/Winuser.h	VK_F17	ee504832	match	
include/Winuser.h	VK_F18	ee504832	match	
include/Winuser.h	VK_F19	ee504832	match	
include/Winuser.h	VK_F20	ee504832	match	
include/Winuser.h	VK_F21	ee504832	match	
include/Winuser.h	VK_F22	ee504832	match	
include/Winuser.h	VK_F23	ee504832	match	
include/Winuser.h	VK_F24	ee504832	match	
include/Winuser.h	VK_NUMLOCK	ee504832	match	
include/Winuser.h	VK_SCROLL	ee504832	match	
include/Winuser.h	VK_LSHIFT	ee504832	match	
include/Winuser.h	VK_RSHIFT	ee504832	match	
include/Winuser.h	VK_LCONTROL	ee504832	match	
include/Winuser.h	VK_RCONTROL	ee504832	match	
include/Winuser.h	VK_LMENU	ee504832	match	
include/Winuser.h	VK_RMENU	ee504832	match	
include/Winuser.h	VK_PACKET	ee504832	match	
include/Winuser.h	VK_ATTN	ee504832	match	
include/Winuser.h	VK_CRSEL	ee504832	match	
include/Winuser.h	VK_EXSEL	ee504832	match	
include/Winuser.h	VK_EREOF	ee504832	match	
include/Winuser.h	VK_PLAY	ee504832	match	
include/Winuser.h	VK_ZOOM	ee504832	match	
include/Winuser.h	VK_NONAME	ee504832	match	
include/Winuser.h	VK_PA1	ee504832	match	
include/Winuser.h	VK_OEM_CLEAR	ee504832	match	
include/Winuser.h	VK_KEYLOCK	ms927178	name-no-value-on-page	
include/Winuser.h	VK_OEM_SCROLL	ms927178	match	
include/Winuser.h	VK_OEM_1	ms927178	match	
include/Winuser.h	VK_OEM_PLUS	ms927178	match	
include/Winuser.h	VK_OEM_COMMA	ms927178	match	
include/Winuser.h	VK_OEM_MINUS	ms927178	match	
include/Winuser.h	VK_OEM_PERIOD	ms927178	match	
include/Winuser.h	VK_OEM_2	ms927178	match	
include/Winuser.h	VK_OEM_3	ms927178	match	
include/Winuser.h	VK_OEM_4	ms927178	match	
include/Winuser.h	VK_OEM_5	ms927178	match	
include/Winuser.h	VK_OEM_6	ms927178	match	
include/Winuser.h	VK_OEM_7	ms927178	match	
include/Winuser.h	VK_OEM_8	ms927178	match	
include/Winuser.h	VK_OEM_AX	ms927178	match	
include/Winuser.h	VK_OEM_102	ms927178	match	
include/Winuser.h	VK_DBE_ALPHANUMERIC	ms927178	match	
include/Winuser.h	VK_DBE_KATAKANA	ms927178	match	
include/Winuser.h	VK_DBE_HIRAGANA	ms927178	match	
include/Winuser.h	VK_DBE_SBCSCHAR	ms927178	match	
include/Winuser.h	VK_DBE_DBCSCHAR	ms927178	match	
include/Winuser.h	VK_DBE_ROMAN	ms927178	match	
include/Winuser.h	VK_DBE_NOROMAN	ms927178	match	
include/Winuser.h	VK_DBE_ENTERWORDREGISTERMODE	ms927178	match	
include/Winuser.h	VK_DBE_ENTERIMECONFIGMODE	ms927178	match	
include/Winuser.h	VK_DBE_FLUSHSTRING	ms927178	match	
include/Winuser.h	VK_DBE_CODEINPUT	ms927178	match	
include/Winuser.h	VK_DBE_NOCODEINPUT	ms927178	match	
include/Winuser.h	VK_OEM_NEC_SEPARATE	aa452679	match	
include/Winuser.h	VK_OEM_NEC_EQUAL	aa452679	match	
include/Winuser.h	VK_OEM_NEC_DP1	aa452679	match	
include/Winuser.h	VK_OEM_NEC_DP2	aa452679	match	
include/Winuser.h	VK_OEM_NEC_DP3	aa452679	match	
include/Winuser.h	VK_OEM_NEC_DP4	aa452679	match	
include/Winuser.h	VK_OEM_F17	aa452679	match	
include/Winuser.h	VK_OEM_F18	aa452679	match	
include/Winuser.h	VK_OEM_F19	aa452679	match	
include/Winuser.h	VK_OEM_F20	aa452679	match	
include/Winuser.h	VK_OEM_F21	aa452679	match	
include/Winuser.h	VK_OEM_F22	aa452679	match	
include/Winuser.h	VK_OEM_F23	aa452679	match	
include/Winuser.h	VK_OEM_F24	aa452679	match	
include/Winuser.h	VK_ERICSSON_BASE	aa452679	match	
include/Winuser.h	VK_OEM_FJ_JISHO	aa452679	match	
include/Winuser.h	VK_OEM_FJ_MASSHOU	aa452679	match	
include/Winuser.h	VK_OEM_FJ_TOUROKU	aa452679	match	
include/Winuser.h	VK_OEM_FJ_LOYA	aa452679	match	
include/Winuser.h	VK_OEM_FJ_ROYA	aa452679	match	
include/Winuser.h	VK_OEM_FJ_000	aa452679	match	
include/Winuser.h	VK_OEM_FJ_EQUAL	aa452679	match	
include/Winuser.h	VK_OEM_FJ_00	aa452679	match	
include/Winuser.h	VK_OEM_OAS_1	aa452679	match	
include/Winuser.h	VK_OEM_OAS_2	aa452679	match	
include/Winuser.h	VK_OEM_OAS_3	aa452679	match	
include/Winuser.h	VK_OEM_OAS_4	aa452679	match	
include/Winuser.h	VK_OEM_OAS_5	aa452679	match	
include/Winuser.h	VK_OEM_OAS_6	aa452679	match	
include/Winuser.h	VK_OEM_OAS_7	aa452679	match	
include/Winuser.h	VK_OEM_OAS_8	aa452679	match	
include/Winuser.h	VK_OEM_OAS_9	aa452679	match	
include/Winuser.h	VK_OEM_OAS_10	aa452679	match	
include/Winuser.h	VK_OEM_OAS_11	aa452679	match	
include/Winuser.h	VK_OEM_OAS_12	aa452679	match	
include/Winuser.h	VK_OEM_OAS_13	aa452679	match	
include/Winuser.h	VK_OEM_OAS_14	aa452679	match	
include/Winuser.h	VK_OEM_OAS_15	aa452679	match	
include/Winuser.h	VK_OEM_OAS_16	aa452679	match	
include/Winuser.h	VK_OEM_OAS_17	aa452679	match	
include/Winuser.h	VK_OEM_OAS_18	aa452679	match	
include/Winuser.h	VK_OEM_OAS_19	aa452679	match	
include/Winuser.h	VK_OEM_OAS_20	aa452679	match	
include/Winuser.h	VK_OEM_OAS_21	aa452679	match	
include/Winuser.h	VK_OEM_OAS_22	aa452679	match	
include/Winuser.h	VK_OEM_OAS_23	aa452679	match	
include/Winuser.h	VK_OEM_OAS_24	aa452679	match	
include/Winuser.h	VK_OEM_OAS_25	aa452679	match	
include/Winuser.h	VK_OEM_OAS_26	aa452679	match	
include/Winuser.h	VK_OEM_OAS_27	aa452679	match	
include/Winuser.h	VK_OEM_OAS_28	aa452679	match	
include/Winuser.h	VK_OEM_OAS_29	aa452679	match	
include/Winuser.h	VK_OEM_FJ_DUMMY	aa452679	match	
include/Winuser.h	VK_ICO_HELP	aa452679	match	
include/Winuser.h	VK_ICO_00	aa452679	match	
include/Winuser.h	VK_ICO_CLEAR	aa452679	match	
include/Winuser.h	KEYEVENTF_EXTENDEDKEY		no-pageid	
include/Winuser.h	KEYEVENTF_KEYUP		no-pageid	
include/Winuser.h	INPUT_MOUSE	ms909851	name-no-value-on-page	
include/Winuser.h	INPUT_KEYBOARD	ms909851	name-no-value-on-page	
include/Winuser.h	INPUT_HARDWARE	ms909851	name-no-value-on-page	
include/Winuser.h	WM_USER	aa453870	name-not-on-page	
include/Winuser.h	WM_APP	ms914107	match	
include/Winuser.h	WM_HSCROLL	aa453869	name-no-value-on-page	
include/Winuser.h	WM_VSCROLL	aa453919	name-no-value-on-page	
include/Winuser.h	WM_LBUTTONUP	aa453880	name-no-value-on-page	
include/Winuser.h	WM_LBUTTONDBLCLK	aa453878	name-no-value-on-page	
include/Winuser.h	WM_SETCURSOR	aa453900	name-no-value-on-page	
include/Winuser.h	WM_CAPTURECHANGED	ms914109	name-no-value-on-page	
include/Winuser.h	WM_GETICON	aa453863	name-no-value-on-page	
include/Winuser.h	WM_SETICON	aa453903	name-no-value-on-page	
include/Winuser.h	WM_RASDIALEVENT	ms898580	name-no-value-on-page	
include/Winuser.h	WM_PAINT	aa453891	name-no-value-on-page	
include/Winuser.h	WM_SETREDRAW	aa453904	name-no-value-on-page	
include/Winuser.h	WM_SYSCOLORCHANGE	aa453910	name-no-value-on-page	
include/Winuser.h	WM_QUERYNEWPALETTE	aa453894	name-no-value-on-page	
include/Winuser.h	WM_PALETTECHANGED	aa453892	name-no-value-on-page	
include/Winuser.h	WM_CANCELMODE	ms914108	name-no-value-on-page	
include/Winuser.h	WM_CLOSE	ee481752	match	
include/Winuser.h	WM_CREATE	ms914118	name-no-value-on-page	
include/Winuser.h	WM_DESTROY	aa453854	name-no-value-on-page	
include/Winuser.h	WM_ENABLE	aa453856	name-no-value-on-page	
include/Winuser.h	WM_ERASEBKGND	aa453858	name-no-value-on-page	
include/Winuser.h	WM_SETFONT	aa453902	name-no-value-on-page	
include/Winuser.h	WM_GETFONT	aa453862	name-no-value-on-page	
include/Winuser.h	WM_GETTEXT	aa453864	name-no-value-on-page	
include/Winuser.h	WM_GETTEXTLENGTH	aa453865	name-no-value-on-page	
include/Winuser.h	WM_MOVE	aa453887	name-no-value-on-page	
include/Winuser.h	WM_NOTIFY	aa453890	name-no-value-on-page	
include/Winuser.h	WM_QUIT	aa453895	name-no-value-on-page	
include/Winuser.h	WM_SETTEXT	aa453905	name-no-value-on-page	
include/Winuser.h	WM_SETTINGCHANGE	aa453906	name-no-value-on-page	
include/Winuser.h	WM_SIZE	aa453907	name-no-value-on-page	
include/Winuser.h	WM_STYLECHANGED	aa453908	name-no-value-on-page	
include/Winuser.h	WM_WINDOWPOSCHANGED	aa453920	name-no-value-on-page	
include/Winuser.h	WM_ACTIVATE	ms914105	name-no-value-on-page	
include/Winuser.h	WM_CHAR	ms914110	name-no-value-on-page	
include/Winuser.h	WM_HOTKEY	aa453868	name-no-value-on-page	
include/Winuser.h	WM_INITMENUPOPUP	aa453872	name-no-value-on-page	
include/Winuser.h	WM_KEYDOWN	aa453873	name-no-value-on-page	
include/Winuser.h	WM_KEYUP	aa453876	name-no-value-on-page	
include/Winuser.h	WM_KILLFOCUS	aa453877	name-no-value-on-page	
include/Winuser.h	WM_MENUCHAR	aa453884	name-no-value-on-page	
include/Winuser.h	WM_SETFOCUS	aa453901	name-no-value-on-page	
include/Winuser.h	WM_SYSCHAR	aa453909	name-no-value-on-page	
include/Winuser.h	WM_SYSCOMMAND	aa453911	name-no-value-on-page	
include/Winuser.h	WM_SYSDEADCHAR	aa453913	name-no-value-on-page	
include/Winuser.h	WM_SYSKEYDOWN	aa453914	name-no-value-on-page	
include/Winuser.h	WM_SYSKEYUP	aa453915	name-no-value-on-page	
include/Winuser.h	BM_CLICK	aa452890	name-no-value-on-page	
include/Winuser.h	BM_GETCHECK	aa452891	name-no-value-on-page	
include/Winuser.h	BM_GETSTATE	aa452892	name-no-value-on-page	
include/Winuser.h	BM_SETCHECK	aa452893	name-no-value-on-page	
include/Winuser.h	BM_SETSTATE	aa452894	name-no-value-on-page	
include/Winuser.h	BM_SETSTYLE	aa452895	name-no-value-on-page	
include/Winuser.h	BN_CLICKED	aa452896	name-no-value-on-page	
include/Winuser.h	BN_KILLFOCUS	aa452897	name-no-value-on-page	
include/Winuser.h	BN_SETFOCUS	aa452898	name-no-value-on-page	
include/Winuser.h	WM_CTLCOLORBTN	ms914119	name-no-value-on-page	
include/Winuser.h	STM_SETIMAGE	ms940367	name-no-value-on-page	
include/Winuser.h	STM_GETIMAGE	ms940366	name-no-value-on-page	
include/Winuser.h	STN_CLICKED	ms940368	name-no-value-on-page	
include/Winuser.h	STN_ENABLE	ms940370	name-no-value-on-page	
include/Winuser.h	STN_DISABLE	ms940369	name-no-value-on-page	
include/Winuser.h	WM_CTLCOLORSTATIC	aa453851	name-no-value-on-page	
include/Winuser.h	WM_COMMAND	ms914115	name-no-value-on-page	
include/Winuser.h	WM_CONTEXTMENU	ms914116	name-no-value-on-page	
include/Winuser.h	WM_ENTERMENULOOP	aa453857	name-no-value-on-page	
include/Winuser.h	WM_EXITMENULOOP	aa453859	name-no-value-on-page	
include/Winuser.h	WM_CTLCOLORDLG	aa453847	name-no-value-on-page	
include/Winuser.h	WM_GETDLGCODE	aa453861	name-no-value-on-page	
include/Winuser.h	WM_INITDIALOG	aa453871	name-no-value-on-page	
include/Winuser.h	WM_NEXTDLGCTL	aa453889	name-no-value-on-page	
include/Winuser.h	WM_CLEAR	ms914113	name-no-value-on-page	
include/Winuser.h	WM_COPY	ms914117	name-no-value-on-page	
include/Winuser.h	WM_CUT	aa453852	name-no-value-on-page	
include/Winuser.h	WM_PASTE	aa453893	name-no-value-on-page	
include/Winuser.h	WM_RENDERALLFORMATS	aa453898	name-no-value-on-page	
include/Winuser.h	WM_RENDERFORMAT	aa453899	name-no-value-on-page	
include/Winuser.h	WM_UNDO	aa453917	name-no-value-on-page	
include/Winuser.h	CB_GETEDITSEL	ms928352	name-no-value-on-page	
include/Winuser.h	CB_LIMITTEXT	ms908045	name-no-value-on-page	
include/Winuser.h	CB_SETEDITSEL	ms908063	name-no-value-on-page	
include/Winuser.h	CB_ADDSTRING	aa452924	name-no-value-on-page	
include/Winuser.h	CB_DELETESTRING	aa452925	name-no-value-on-page	
include/Winuser.h	CB_GETCOUNT	ms939290	name-no-value-on-page	
include/Winuser.h	CB_GETCURSEL	ms939382	name-no-value-on-page	
include/Winuser.h	CB_GETLBTEXT	ms928386	name-no-value-on-page	
include/Winuser.h	CB_GETLBTEXTLEN	ms928395	name-no-value-on-page	
include/Winuser.h	CB_INSERTSTRING	ms908036	name-no-value-on-page	
include/Winuser.h	CB_RESETCONTENT	ms908059	name-no-value-on-page	
include/Winuser.h	CB_FINDSTRING	aa452926	name-no-value-on-page	
include/Winuser.h	CB_SELECTSTRING	ms908060	name-no-value-on-page	
include/Winuser.h	CB_SETCURSEL	ms908061	name-no-value-on-page	
include/Winuser.h	CB_SHOWDROPDOWN	ms908070	name-no-value-on-page	
include/Winuser.h	CB_GETITEMDATA	ms928374	name-no-value-on-page	
include/Winuser.h	CB_SETITEMDATA	ms908066	name-no-value-on-page	
include/Winuser.h	CB_GETDROPPEDCONTROLRECT	ms928334	name-no-value-on-page	
include/Winuser.h	CB_SETITEMHEIGHT	ms908067	name-no-value-on-page	
include/Winuser.h	CB_GETITEMHEIGHT	ms928376	name-no-value-on-page	
include/Winuser.h	CB_SETEXTENDEDUI	ms908064	name-no-value-on-page	
include/Winuser.h	CB_GETEXTENDEDUI	ms928359	name-no-value-on-page	
include/Winuser.h	CB_GETDROPPEDSTATE	ms928340	name-no-value-on-page	
include/Winuser.h	CB_FINDSTRINGEXACT	aa452927	name-no-value-on-page	
include/Winuser.h	CB_SETLOCALE	ms908068	name-no-value-on-page	
include/Winuser.h	CB_GETLOCALE	ms907898	name-no-value-on-page	
include/Winuser.h	CB_GETTOPINDEX	ms907963	name-no-value-on-page	
include/Winuser.h	CB_SETTOPINDEX	ms908069	name-no-value-on-page	
include/Winuser.h	CB_GETHORIZONTALEXTENT	ms928366	name-no-value-on-page	
include/Winuser.h	CB_SETHORIZONTALEXTENT	ms908065	name-no-value-on-page	
include/Winuser.h	CB_GETDROPPEDWIDTH	ms928343	name-no-value-on-page	
include/Winuser.h	CB_SETDROPPEDWIDTH	ms908062	name-no-value-on-page	
include/Winuser.h	CB_INITSTORAGE	ms908027	name-no-value-on-page	
include/Winuser.h	CB_GETCOMBOBOXINFO	aa452928	name-no-value-on-page	
include/Winuser.h	CBN_SELCHANGE		no-pageid	
include/Winuser.h	CBN_DBLCLK		no-pageid	
include/Winuser.h	CBN_SETFOCUS		no-pageid	
include/Winuser.h	CBN_KILLFOCUS		no-pageid	
include/Winuser.h	CBN_EDITCHANGE		no-pageid	
include/Winuser.h	CBN_EDITUPDATE		no-pageid	
include/Winuser.h	CBN_DROPDOWN		no-pageid	
include/Winuser.h	CBN_CLOSEUP		no-pageid	
include/Winuser.h	CBN_SELENDOK		no-pageid	
include/Winuser.h	CBN_SELENDCANCEL		no-pageid	
include/Winuser.h	LB_ADDSTRING	aa453251	name-no-value-on-page	
include/Winuser.h	LB_INSERTSTRING	aa453271	name-no-value-on-page	
include/Winuser.h	LB_DELETESTRING	aa453252	name-no-value-on-page	
include/Winuser.h	LB_SELITEMRANGEEX	aa453282	name-no-value-on-page	
include/Winuser.h	LB_RESETCONTENT	aa453279	name-no-value-on-page	
include/Winuser.h	LB_SETSEL	aa453291	name-no-value-on-page	
include/Winuser.h	LB_SETCURSEL	aa453286	name-no-value-on-page	
include/Winuser.h	LB_GETSEL	aa453264	name-no-value-on-page	
include/Winuser.h	LB_GETCURSEL	aa453258	name-no-value-on-page	
include/Winuser.h	LB_GETTEXT	aa453267	name-no-value-on-page	
include/Winuser.h	LB_GETTEXTLEN	aa453268	name-no-value-on-page	
include/Winuser.h	LB_GETCOUNT	aa453257	name-no-value-on-page	
include/Winuser.h	LB_SELECTSTRING	aa453280	name-no-value-on-page	
include/Winuser.h	LB_GETTOPINDEX	aa453269	name-no-value-on-page	
include/Winuser.h	LB_FINDSTRING	aa453253	name-no-value-on-page	
include/Winuser.h	LB_GETSELCOUNT	aa453265	name-no-value-on-page	
include/Winuser.h	LB_GETSELITEMS	aa453266	name-no-value-on-page	
include/Winuser.h	LB_SETTABSTOPS	aa453292	name-no-value-on-page	
include/Winuser.h	LB_GETHORIZONTALEXTENT	aa453259	name-no-value-on-page	
include/Winuser.h	LB_SETHORIZONTALEXTENT	aa453287	name-no-value-on-page	
include/Winuser.h	LB_SETCOLUMNWIDTH	aa453285	name-no-value-on-page	
include/Winuser.h	LB_SETTOPINDEX	aa453293	name-no-value-on-page	
include/Winuser.h	LB_GETITEMRECT	aa453262	name-no-value-on-page	
include/Winuser.h	LB_GETITEMDATA	aa453260	name-no-value-on-page	
include/Winuser.h	LB_SETITEMDATA	aa453288	name-no-value-on-page	
include/Winuser.h	LB_SELITEMRANGE	aa453281	name-no-value-on-page	
include/Winuser.h	LB_SETANCHORINDEX	aa453283	name-no-value-on-page	
include/Winuser.h	LB_GETANCHORINDEX	aa453255	name-no-value-on-page	
include/Winuser.h	LB_SETCARETINDEX	aa453284	name-no-value-on-page	
include/Winuser.h	LB_GETCARETINDEX	aa453256	name-no-value-on-page	
include/Winuser.h	LB_SETITEMHEIGHT	aa453289	name-no-value-on-page	
include/Winuser.h	LB_GETITEMHEIGHT	aa453261	name-no-value-on-page	
include/Winuser.h	LB_FINDSTRINGEXACT	aa453254	name-no-value-on-page	
include/Winuser.h	LB_SETLOCALE	aa453290	name-no-value-on-page	
include/Winuser.h	LB_GETLOCALE	aa453263	name-no-value-on-page	
include/Winuser.h	LB_INITSTORAGE	aa453270	name-no-value-on-page	
include/Winuser.h	LB_ITEMFROMPOINT	aa453272	name-no-value-on-page	
include/Winuser.h	LBN_SELCHANGE		no-pageid	
include/Winuser.h	LBN_DBLCLK		no-pageid	
include/Winuser.h	LBN_SELCANCEL		no-pageid	
include/Winuser.h	LBN_SETFOCUS		no-pageid	
include/Winuser.h	LBN_KILLFOCUS		no-pageid	
include/Winuser.h	WM_CTLCOLORLISTBOX	aa453849	name-no-value-on-page	
include/Winuser.h	WM_DRAWITEM	aa453855	name-no-value-on-page	
include/Winuser.h	WM_DELETEITEM	aa453853	name-no-value-on-page	
include/Winuser.h	EM_GETSEL	aa453012	name-no-value-on-page	
include/Winuser.h	EM_SETSEL	aa453030	name-no-value-on-page	
include/Winuser.h	EM_GETRECT	aa453011	name-no-value-on-page	
include/Winuser.h	EM_SETRECT	aa453028	name-no-value-on-page	
include/Winuser.h	EM_SETRECTNP	aa453029	name-no-value-on-page	
include/Winuser.h	EM_SCROLL	aa453021	name-no-value-on-page	
include/Winuser.h	EM_LINESCROLL	aa453017	name-no-value-on-page	
include/Winuser.h	EM_SCROLLCARET	aa453022	name-no-value-on-page	
include/Winuser.h	EM_GETMODIFY	aa453009	name-no-value-on-page	
include/Winuser.h	EM_SETMODIFY	aa453025	name-no-value-on-page	
include/Winuser.h	EM_GETLINECOUNT	aa453007	name-no-value-on-page	
include/Winuser.h	EM_LINEINDEX	aa453015	name-no-value-on-page	
include/Winuser.h	EM_LINELENGTH	aa453016	name-no-value-on-page	
include/Winuser.h	EM_REPLACESEL	aa453020	name-no-value-on-page	
include/Winuser.h	EM_GETLINE	aa453006	name-no-value-on-page	
include/Winuser.h	EM_LIMITTEXT	aa453013	name-no-value-on-page	
include/Winuser.h	EM_CANUNDO	aa452998	name-no-value-on-page	
include/Winuser.h	EM_UNDO	aa453032	name-no-value-on-page	
include/Winuser.h	EM_FMTLINES	aa453003	name-no-value-on-page	
include/Winuser.h	EM_LINEFROMCHAR	aa453014	name-no-value-on-page	
include/Winuser.h	EM_SETTABSTOPS	aa453031	name-no-value-on-page	
include/Winuser.h	EM_SETPASSWORDCHAR	aa453026	name-no-value-on-page	
include/Winuser.h	EM_EMPTYUNDOBUFFER	aa453002	name-no-value-on-page	
include/Winuser.h	EM_GETFIRSTVISIBLELINE	aa453004	name-no-value-on-page	
include/Winuser.h	EM_SETREADONLY	aa453027	name-no-value-on-page	
include/Winuser.h	EM_GETPASSWORDCHAR	aa453010	name-no-value-on-page	
include/Winuser.h	EM_SETMARGINS	aa453024	name-no-value-on-page	
include/Winuser.h	EM_GETMARGINS	aa453008	name-no-value-on-page	
include/Winuser.h	EM_SETLIMITTEXT	aa453023	name-no-value-on-page	
include/Winuser.h	EM_GETLIMITTEXT	aa453005	name-no-value-on-page	
include/Winuser.h	EM_POSFROMCHAR	aa453018	name-no-value-on-page	
include/Winuser.h	EM_CHARFROMPOS	aa453001	name-no-value-on-page	
include/Winuser.h	EN_SETFOCUS	aa453046	name-no-value-on-page	
include/Winuser.h	EN_KILLFOCUS	aa453044	name-no-value-on-page	
include/Winuser.h	EN_CHANGE	aa453036	name-no-value-on-page	
include/Winuser.h	EN_UPDATE	aa453053	name-no-value-on-page	
include/Winuser.h	EN_ERRSPACE	aa453042	name-no-value-on-page	
include/Winuser.h	EN_MAXTEXT	aa453045	name-no-value-on-page	
include/Winuser.h	EN_HSCROLL	aa453043	name-no-value-on-page	
include/Winuser.h	EN_VSCROLL	aa453054	name-no-value-on-page	
include/Winuser.h	WM_CTLCOLOREDIT	aa453848	name-no-value-on-page	
include/Winuser.h	WM_MEASUREITEM	aa453883	name-no-value-on-page	
include/Winuser.h	WM_COPYDATA	aa453921	name-no-value-on-page	
include/Winuser.h	WS_OVERLAPPED	aa452869	name-not-on-page	
include/Winuser.h	WS_POPUP	aa452869	name-no-value-on-page	
include/Winuser.h	WS_CHILD	aa452869	name-no-value-on-page	
include/Winuser.h	WS_VISIBLE	aa452869	name-no-value-on-page	
include/Winuser.h	WS_DISABLED	aa452869	name-no-value-on-page	
include/Winuser.h	WS_CLIPSIBLINGS	aa452869	name-no-value-on-page	
include/Winuser.h	WS_CLIPCHILDREN	aa452869	name-no-value-on-page	
include/Winuser.h	WS_CAPTION	aa452869	name-not-on-page	
include/Winuser.h	WS_BORDER	aa452869	name-not-on-page	
include/Winuser.h	WS_DLGFRAME	aa452869	name-not-on-page	
include/Winuser.h	WS_VSCROLL	aa452869	name-not-on-page	
include/Winuser.h	WS_HSCROLL	aa452869	name-not-on-page	
include/Winuser.h	WS_SYSMENU	aa452869	name-not-on-page	
include/Winuser.h	WS_SIZEBOX	aa452869	name-not-on-page	
include/Winuser.h	WS_GROUP	aa452869	name-no-value-on-page	
include/Winuser.h	WS_TABSTOP	aa452869	name-no-value-on-page	
include/Winuser.h	WS_EX_DLGMODALFRAME	aa452869	name-not-on-page	
include/Winuser.h	WS_EX_TOPMOST	aa452869	name-no-value-on-page	
include/Winuser.h	WS_EX_WINDOWEDGE	aa452869	name-not-on-page	
include/Winuser.h	WS_EX_CLIENTEDGE	aa452869	name-not-on-page	
include/Winuser.h	WS_EX_CONTEXTHELP	aa452869	name-not-on-page	
include/Winuser.h	WS_EX_STATICEDGE	aa452869	name-not-on-page	
include/Winuser.h	WS_EX_NOACTIVATE	aa452869	name-no-value-on-page	
include/Winuser.h	MB_OK	ms911829	name-no-value-on-page	
include/Winuser.h	MB_OKCANCEL	ms911829	name-no-value-on-page	
include/Winuser.h	MB_ABORTRETRYIGNORE	ms911829	name-no-value-on-page	
include/Winuser.h	MB_YESNOCANCEL	ms911829	name-no-value-on-page	
include/Winuser.h	MB_YESNO	ms911829	name-no-value-on-page	
include/Winuser.h	MB_RETRYCANCEL	ms911829	name-no-value-on-page	
include/Winuser.h	MB_ICONHAND	ms911829	name-no-value-on-page	
include/Winuser.h	MB_ICONQUESTION	ms911829	name-no-value-on-page	
include/Winuser.h	MB_ICONEXCLAMATION	ms911829	name-no-value-on-page	
include/Winuser.h	MB_ICONASTERISK	ms911829	name-no-value-on-page	
include/Winuser.h	MB_APPLMODAL	ms911829	name-no-value-on-page	
include/Winuser.h	MB_DEFBUTTON1	ms911829	name-no-value-on-page	
include/Winuser.h	MB_DEFBUTTON2	ms911829	name-no-value-on-page	
include/Winuser.h	MB_DEFBUTTON3	ms911829	name-no-value-on-page	
include/Winuser.h	MB_SETFOREGROUND	ms911829	name-no-value-on-page	
include/Winuser.h	MB_TOPMOST	ms911829	name-no-value-on-page	
include/Winuser.h	BS_PUSHBUTTON	aa453607	name-not-on-page	
include/Winuser.h	BS_DEFPUSHBUTTON	aa453607	name-not-on-page	
include/Winuser.h	BS_CHECKBOX	aa453607	name-not-on-page	
include/Winuser.h	BS_AUTOCHECKBOX	aa453607	name-not-on-page	
include/Winuser.h	BS_RADIOBUTTON	aa453607	name-no-value-on-page	
include/Winuser.h	BS_3STATE	aa453607	name-not-on-page	
include/Winuser.h	BS_AUTO3STATE	aa453607	name-not-on-page	
include/Winuser.h	BS_AUTORADIOBUTTON	aa453607	name-no-value-on-page	
include/Winuser.h	BS_OWNERDRAW	aa453607	name-not-on-page	
include/Winuser.h	BS_RIGHTBUTTON	aa453607	name-no-value-on-page	
include/Winuser.h	BS_LEFT	aa453607	name-no-value-on-page	
include/Winuser.h	BS_RIGHT	aa453607	name-no-value-on-page	
include/Winuser.h	BS_CENTER	aa453607	name-not-on-page	
include/Winuser.h	BS_TOP	aa453607	name-not-on-page	
include/Winuser.h	BS_BOTTOM	aa453607	name-not-on-page	
include/Winuser.h	BS_VCENTER	aa453607	name-not-on-page	
include/Winuser.h	BS_PUSHLIKE	aa453607	name-not-on-page	
include/Winuser.h	BS_NOTIFY	aa453607	name-not-on-page	
include/Winuser.h	ES_LEFT	aa452995	name-no-value-on-page	
include/Winuser.h	ES_CENTER	aa452995	name-no-value-on-page	
include/Winuser.h	ES_RIGHT	aa452995	name-no-value-on-page	
include/Winuser.h	ES_MULTILINE	aa452995	name-no-value-on-page	
include/Winuser.h	ES_UPPERCASE	aa452995	name-no-value-on-page	
include/Winuser.h	ES_LOWERCASE	aa452995	name-no-value-on-page	
include/Winuser.h	ES_PASSWORD	aa452995	name-no-value-on-page	
include/Winuser.h	ES_AUTOVSCROLL	aa452995	name-no-value-on-page	
include/Winuser.h	ES_AUTOHSCROLL	aa452995	name-no-value-on-page	
include/Winuser.h	ES_NOHIDESEL	aa452995	name-no-value-on-page	
include/Winuser.h	ES_OEMCONVERT	aa452995	name-no-value-on-page	
include/Winuser.h	ES_READONLY	aa452995	name-no-value-on-page	
include/Winuser.h	ES_WANTRETURN	aa452995	name-no-value-on-page	
include/Winuser.h	ES_NUMBER	aa452995	name-no-value-on-page	
include/Winuser.h	LBS_NOTIFY	aa453299	name-no-value-on-page	
include/Winuser.h	LBS_SORT	aa453299	name-no-value-on-page	
include/Winuser.h	LBS_NOREDRAW	aa453299	name-no-value-on-page	
include/Winuser.h	LBS_MULTIPLESEL	aa453299	name-no-value-on-page	
include/Winuser.h	LBS_OWNERDRAWFIXED	aa453299	name-no-value-on-page	
include/Winuser.h	LBS_OWNERDRAWVARIABLE	aa453299	name-no-value-on-page	
include/Winuser.h	LBS_HASSTRINGS	aa453299	name-no-value-on-page	
include/Winuser.h	LBS_USETABSTOPS	aa453299	name-no-value-on-page	
include/Winuser.h	LBS_NOINTEGRALHEIGHT	aa453299	name-no-value-on-page	
include/Winuser.h	LBS_MULTICOLUMN	aa453299	name-no-value-on-page	
include/Winuser.h	LBS_WANTKEYBOARDINPUT	aa453299	name-no-value-on-page	
include/Winuser.h	LBS_EXTENDEDSEL	aa453299	name-no-value-on-page	
include/Winuser.h	LBS_DISABLENOSCROLL	aa453299	name-no-value-on-page	
include/Winuser.h	LBS_NOSEL	aa453299	name-no-value-on-page	
include/Winuser.h	CBS_DROPDOWN	ms908112	name-no-value-on-page	
include/Winuser.h	CBS_DROPDOWNLIST	ms908112	name-no-value-on-page	
include/Winuser.h	CBS_AUTOHSCROLL	ms908112	name-no-value-on-page	
include/Winuser.h	CBS_OEMCONVERT	ms908112	name-no-value-on-page	
include/Winuser.h	CBS_SORT	ms908112	name-no-value-on-page	
include/Winuser.h	CBS_HASSTRINGS	ms908112	name-no-value-on-page	
include/Winuser.h	CBS_NOINTEGRALHEIGHT	ms908112	name-no-value-on-page	
include/Winuser.h	CBS_DISABLENOSCROLL	ms908112	name-no-value-on-page	
include/Winuser.h	CBS_UPPERCASE	ms908112	name-no-value-on-page	
include/Winuser.h	CBS_LOWERCASE	ms908112	name-no-value-on-page	
include/Winuser.h	SBS_HORZ	ms932612	name-no-value-on-page	
include/Winuser.h	SBS_VERT	ms932612	name-no-value-on-page	
include/Winuser.h	SS_LEFT	ms940359	name-no-value-on-page	
include/Winuser.h	SS_CENTER	ms940359	name-no-value-on-page	
include/Winuser.h	SS_RIGHT	ms940359	name-no-value-on-page	
include/Winuser.h	SS_ICON	ms940359	name-no-value-on-page	
include/Winuser.h	SS_LEFTNOWORDWRAP	ms940359	name-no-value-on-page	
include/Winuser.h	SS_BITMAP	ms940359	name-no-value-on-page	
include/Winuser.h	SS_NOPREFIX	ms940359	name-no-value-on-page	
include/Winuser.h	SS_NOTIFY	ms940359	name-no-value-on-page	
include/Winuser.h	SS_CENTERIMAGE	ms940359	name-no-value-on-page	
include/Winuser.h	DS_ABSALIGN	aa452961	name-no-value-on-page	
include/Winuser.h	DS_SYSMODAL	aa452961	name-no-value-on-page	
include/Winuser.h	DS_3DLOOK	aa452961	name-no-value-on-page	
include/Winuser.h	DS_FIXEDSYS	aa452961	name-no-value-on-page	
include/Winuser.h	DS_NOFAILCREATE	aa452961	name-no-value-on-page	
include/Winuser.h	DS_LOCALEDIT	aa452961	name-not-on-page	
include/Winuser.h	DS_SETFONT	aa452961	name-no-value-on-page	
include/Winuser.h	DS_MODALFRAME	aa452961	name-no-value-on-page	
include/Winuser.h	DS_NOIDLEMSG	aa452961	name-no-value-on-page	
include/Winuser.h	DS_SETFOREGROUND	aa452961	name-no-value-on-page	
include/Winuser.h	DS_CONTROL	aa452961	name-no-value-on-page	
include/Winuser.h	DS_CENTER	aa452961	name-no-value-on-page	
include/Winuser.h	DS_CENTERMOUSE	aa452961	name-no-value-on-page	
include/Winuser.h	DS_CONTEXTHELP	aa452961	name-no-value-on-page	
include/Winuser.h	IMAGE_BITMAP	aa452961	name-not-on-page	
include/Winuser.h	IMAGE_ICON	aa452961	name-not-on-page	
include/Winuser.h	IMAGE_CURSOR	aa452961	name-not-on-page	
include/Winuser.h	BS_TEXT		no-pageid	
include/Winuser.h	BS_USERBUTTON		no-pageid	
include/Winuser.h	BS_LEFTTEXT		no-pageid	
include/Winuser.h	BS_MULTILINE		no-pageid	
include/Winuser.h	BST_UNCHECKED		no-pageid	
include/Winuser.h	BST_CHECKED		no-pageid	
include/Winuser.h	BST_INDETERMINATE		no-pageid	
include/Winuser.h	CB_OKAY		no-pageid	
include/Winuser.h	CBS_SIMPLE		no-pageid	
include/Winuser.h	CBS_OWNERDRAWFIXED		no-pageid	
include/Winuser.h	CBS_OWNERDRAWVARIABLE		no-pageid	
include/Winuser.h	CF_TEXT		no-pageid	
include/Winuser.h	CF_SYLK		no-pageid	
include/Winuser.h	CF_DIF		no-pageid	
include/Winuser.h	CF_TIFF		no-pageid	
include/Winuser.h	CF_DIB		no-pageid	
include/Winuser.h	CF_PALETTE		no-pageid	
include/Winuser.h	CF_PENDATA		no-pageid	
include/Winuser.h	CF_RIFF		no-pageid	
include/Winuser.h	CF_WAVE		no-pageid	
include/Winuser.h	CF_UNICODETEXT		no-pageid	
include/Winuser.h	CS_OWNDC		no-pageid	
include/Winuser.h	CS_CLASSDC		no-pageid	
include/Winuser.h	CS_PARENTDC		no-pageid	
include/Winuser.h	CW_USEDEFAULT		no-pageid	
include/Winuser.h	DCX_WINDOW		no-pageid	
include/Winuser.h	DCX_CACHE		no-pageid	
include/Winuser.h	DCX_NORESETATTRS		no-pageid	
include/Winuser.h	DCX_CLIPCHILDREN		no-pageid	
include/Winuser.h	DCX_CLIPSIBLINGS		no-pageid	
include/Winuser.h	DCX_PARENTCLIP		no-pageid	
include/Winuser.h	DCX_EXCLUDERGN		no-pageid	
include/Winuser.h	DCX_INTERSECTRGN		no-pageid	
include/Winuser.h	DCX_INTERSECTUPDATE		no-pageid	
include/Winuser.h	DCX_VALIDATE		no-pageid	
include/Winuser.h	DWL_MSGRESULT		no-pageid	
include/Winuser.h	GW_OWNER		no-pageid	
include/Winuser.h	KEYEVENTF_SILENT		no-pageid	
include/Winuser.h	KL_NAMELENGTH		no-pageid	
include/Winuser.h	LBS_NODATA		no-pageid	
include/Winuser.h	MB_SYSTEMMODAL		no-pageid	
include/Winuser.h	MB_TASKMODAL		no-pageid	
include/Winuser.h	MF_BYCOMMAND		no-pageid	
include/Winuser.h	MF_STRING		no-pageid	
include/Winuser.h	MF_UNCHECKED		no-pageid	
include/Winuser.h	MF_CHECKED		no-pageid	
include/Winuser.h	MF_POPUP		no-pageid	
include/Winuser.h	MF_OWNERDRAW		no-pageid	
include/Winuser.h	MF_BYPOSITION		no-pageid	
include/Winuser.h	MF_SEPARATOR		no-pageid	
include/Winuser.h	MFS_ENABLED		no-pageid	
include/Winuser.h	MFS_UNCHECKED		no-pageid	
include/Winuser.h	MFS_UNHILITE		no-pageid	
include/Winuser.h	MFS_CHECKED		no-pageid	
include/Winuser.h	MFS_HILITE		no-pageid	
include/Winuser.h	MFT_STRING		no-pageid	
include/Winuser.h	MFT_MENUBARBREAK		no-pageid	
include/Winuser.h	MFT_MENUBREAK		no-pageid	
include/Winuser.h	MFT_OWNERDRAW		no-pageid	
include/Winuser.h	MFT_RADIOCHECK		no-pageid	
include/Winuser.h	MFT_SEPARATOR		no-pageid	
include/Winuser.h	MIIM_STATE		no-pageid	
include/Winuser.h	MIIM_ID		no-pageid	
include/Winuser.h	MIIM_SUBMENU		no-pageid	
include/Winuser.h	MIIM_CHECKMARKS		no-pageid	
include/Winuser.h	MIIM_TYPE		no-pageid	
include/Winuser.h	MIIM_DATA		no-pageid	
include/Winuser.h	MOUSEEVENTF_MOVE		no-pageid	
include/Winuser.h	MOUSEEVENTF_LEFTDOWN		no-pageid	
include/Winuser.h	MOUSEEVENTF_LEFTUP		no-pageid	
include/Winuser.h	MOUSEEVENTF_RIGHTDOWN		no-pageid	
include/Winuser.h	MOUSEEVENTF_RIGHTUP		no-pageid	
include/Winuser.h	MOUSEEVENTF_MIDDLEDOWN		no-pageid	
include/Winuser.h	MOUSEEVENTF_MIDDLEUP		no-pageid	
include/Winuser.h	MOUSEEVENTF_WHEEL		no-pageid	
include/Winuser.h	MOUSEEVENTF_ABSOLUTE		no-pageid	
include/Winuser.h	ODT_MENU		no-pageid	
include/Winuser.h	ODT_LISTBOX		no-pageid	
include/Winuser.h	ODT_COMBOBOX		no-pageid	
include/Winuser.h	ODT_BUTTON		no-pageid	
include/Winuser.h	PM_NOREMOVE		no-pageid	
include/Winuser.h	PM_REMOVE		no-pageid	
include/Winuser.h	PM_NOYIELD		no-pageid	
include/Winuser.h	SBS_BOTTOMALIGN		no-pageid	
include/Winuser.h	SBS_RIGHTALIGN		no-pageid	
include/Winuser.h	SBS_SIZEBOXBOTTOMRIGHTALIGN		no-pageid	
include/Winuser.h	SBS_SIZEGRIP		no-pageid	
include/Winuser.h	SM_CXBORDER		no-pageid	
include/Winuser.h	SM_CYBORDER		no-pageid	
include/Winuser.h	SM_SWAPBUTTON		no-pageid	
include/Winuser.h	SPI_GETMOUSE		no-pageid	
include/Winuser.h	SPI_SETMOUSE		no-pageid	
include/Winuser.h	SPI_GETSCREENSAVETIMEOUT		no-pageid	
include/Winuser.h	SPI_SETSCREENSAVETIMEOUT		no-pageid	
include/Winuser.h	SPI_SETWORKAREA		no-pageid	
include/Winuser.h	SPI_GETWORKAREA		no-pageid	
include/Winuser.h	SPI_GETTOGGLEKEYS		no-pageid	
include/Winuser.h	SPI_SETTOGGLEKEYS		no-pageid	
include/Winuser.h	SPI_GETMOUSEKEYS		no-pageid	
include/Winuser.h	SPI_SETMOUSEKEYS		no-pageid	
include/Winuser.h	SPI_GETSHOWSOUNDS		no-pageid	
include/Winuser.h	SPI_SETSHOWSOUNDS		no-pageid	
include/Winuser.h	SPI_GETSTICKYKEYS		no-pageid	
include/Winuser.h	SPI_SETSTICKYKEYS		no-pageid	
include/Winuser.h	SPI_GETACCESSTIMEOUT		no-pageid	
include/Winuser.h	SPI_SETACCESSTIMEOUT		no-pageid	
include/Winuser.h	SPI_GETSOUNDSENTRY		no-pageid	
include/Winuser.h	SPI_SETSOUNDSENTRY		no-pageid	
include/Winuser.h	SPI_GETHIGHCONTRAST		no-pageid	
include/Winuser.h	SPI_SETHIGHCONTRAST		no-pageid	
include/Winuser.h	SPI_GETFONTSMOOTHING		no-pageid	
include/Winuser.h	SPI_SETFONTSMOOTHING		no-pageid	
include/Winuser.h	SPI_GETWHEELSCROLLLINES		no-pageid	
include/Winuser.h	SPI_SETWHEELSCROLLLINES		no-pageid	
include/Winuser.h	SPI_GETPLATFORMTYPE		no-pageid	
include/Winuser.h	SPI_GETOEMINFO		no-pageid	
include/Winuser.h	SPI_GETFONTSMOOTHINGCONTRAST		no-pageid	
include/Winuser.h	SPI_SETFONTSMOOTHINGCONTRAST		no-pageid	
include/Winuser.h	SPIF_UPDATEINIFILE		no-pageid	
include/Winuser.h	SPIF_SENDCHANGE		no-pageid	
include/Winuser.h	SS_BLACKRECT		no-pageid	
include/Winuser.h	SS_GRAYRECT		no-pageid	
include/Winuser.h	SS_WHITERECT		no-pageid	
include/Winuser.h	SS_BLACKFRAME		no-pageid	
include/Winuser.h	SS_GRAYFRAME		no-pageid	
include/Winuser.h	SS_WHITEFRAME		no-pageid	
include/Winuser.h	SS_SIMPLE		no-pageid	
include/Winuser.h	SS_RIGHTJUST		no-pageid	
include/Winuser.h	SS_REALSIZEIMAGE		no-pageid	
include/Winuser.h	SS_SUNKEN		no-pageid	
include/Winuser.h	SW_HIDE		no-pageid	
include/Winuser.h	SW_SHOWNORMAL		no-pageid	
include/Winuser.h	SW_SHOWNOACTIVATE		no-pageid	
include/Winuser.h	SW_SHOW		no-pageid	
include/Winuser.h	SW_SHOWNA		no-pageid	
include/Winuser.h	SW_RESTORE		no-pageid	
include/Winuser.h	SWP_NOSIZE		no-pageid	
include/Winuser.h	SWP_NOMOVE		no-pageid	
include/Winuser.h	SWP_NOZORDER		no-pageid	
include/Winuser.h	SWP_NOREDRAW		no-pageid	
include/Winuser.h	SWP_NOACTIVATE		no-pageid	
include/Winuser.h	SWP_DRAWFRAME		no-pageid	
include/Winuser.h	SWP_FRAMECHANGED		no-pageid	
include/Winuser.h	SWP_SHOWWINDOW		no-pageid	
include/Winuser.h	SWP_HIDEWINDOW		no-pageid	
include/Winuser.h	SWP_NOCOPYBITS		no-pageid	
include/Winuser.h	SWP_NOOWNERZORDER		no-pageid	
include/Winuser.h	SWP_NOREPOSITION		no-pageid	
include/Winuser.h	SWP_NOSENDCHANGING		no-pageid	
include/Winuser.h	WA_INACTIVE		no-pageid	
include/Winuser.h	WA_ACTIVE		no-pageid	
include/Winuser.h	WA_CLICKACTIVE		no-pageid	
include/Winuser.h	WHEEL_DELTA		no-pageid	
include/Winuser.h	WM_FONTCHANGE		no-pageid	
include/Winuser.h	WM_MOUSEACTIVATE		no-pageid	
include/Winuser.h	WM_WINDOWPOSCHANGING		no-pageid	
include/Winuser.h	WM_HELP		no-pageid	
include/Winuser.h	WM_KEYLAST		no-pageid	
include/Winuser.h	WM_TIMER		no-pageid	
include/Winuser.h	WM_CTLCOLORSCROLLBAR		no-pageid	
include/Winuser.h	WM_MOUSEFIRST		no-pageid	
include/Winuser.h	WM_LBUTTONDOWN		no-pageid	
include/Winuser.h	WM_RBUTTONDOWN		no-pageid	
include/Winuser.h	WM_RBUTTONUP		no-pageid	
include/Winuser.h	WM_MOUSELAST		no-pageid	
include/Winuser.h	WM_PARENTNOTIFY		no-pageid	
include/Winuser.h	WM_HIBERNATE		no-pageid	
include/Winuser.h	WS_EX_LEFT		no-pageid	
include/Winuser.h	WS_EX_LTRREADING		no-pageid	
include/Winuser.h	WS_EX_RIGHTSCROLLBAR		no-pageid	
include/Winuser.h	WS_TILED		no-pageid	
include/Winuser.h	WS_EX_NOPARENTNOTIFY		no-pageid	
include/Winuser.h	WS_EX_ACCEPTFILES		no-pageid	
include/Winuser.h	WS_EX_TRANSPARENT		no-pageid	
include/Winuser.h	WS_EX_MDICHILD		no-pageid	
include/Winuser.h	WS_EX_TOOLWINDOW		no-pageid	
include/Winuser.h	WS_EX_PALETTEWINDOW		no-pageid	
include/Winuser.h	WS_EX_RIGHT		no-pageid	
include/Winuser.h	WS_EX_RTLREADING		no-pageid	
include/Winuser.h	WS_EX_LEFTSCROLLBAR		no-pageid	
include/Winuser.h	WS_EX_CONTROLPARENT		no-pageid	
include/Winuser.h	WS_MAXIMIZEBOX		no-pageid	
include/Winuser.h	WS_MINIMIZEBOX		no-pageid	
include/Winuser.h	WS_NONAVDONEBUTTON		no-pageid	
include/Winuser.h	WS_EX_APPWINDOW		no-pageid	
include/Winuser.h	WS_THICKFRAME		no-pageid	
include/Winuser.h	WS_EX_NOINHERITLAYOUT		no-pageid	
include/Winuser.h	WS_EX_LAYOUTRTL		no-pageid	
include/Winuser.h	WS_OVERLAPPEDWINDOW		no-pageid	
include/Winuser.h	WS_TILEDWINDOW		no-pageid	
include/Winuser.h	WS_MAXIMIZE		no-pageid	
include/Winuser.h	WS_ICONIC		no-pageid	
include/Winuser.h	WS_MINIMIZE		no-pageid	
include/Winuser.h	WS_CHILDWINDOW		no-pageid	
include/Winuser.h	WS_EX_NODRAG		no-pageid	
include/Winuser.h	WS_EX_CAPTIONOKBTN		no-pageid	
include/Winuser.h	WS_POPUPWINDOW		no-pageid	
include/Winuser.h	WM_MOUSEMOVE	ms924867	name-no-value-on-page	value R1/derived
include/Winuser.h	ATF_TIMEOUTON		no-pageid	
include/Winuser.h	ATF_ONOFFFEEDBACK		no-pageid	
include/Winuser.h	ATF_AVAILABLE		no-pageid	
include/Winuser.h	HCF_HIGHCONTRASTON		no-pageid	
include/Winuser.h	HCF_AVAILABLE		no-pageid	
include/Winuser.h	HCF_HOTKEYACTIVE		no-pageid	
include/Winuser.h	HCF_HOTKEYSOUND		no-pageid	
include/Winuser.h	HCF_HOTKEYAVAILABLE		no-pageid	
include/Winuser.h	SSF_SOUNDSENTRYON		no-pageid	
include/Winuser.h	SSF_AVAILABLE		no-pageid	
include/Winuser.h	SKF_STICKYKEYSON		no-pageid	
include/Winuser.h	SKF_AVAILABLE		no-pageid	
include/Winuser.h	SKF_HOTKEYACTIVE		no-pageid	
include/Winuser.h	SKF_HOTKEYSOUND		no-pageid	
include/Winuser.h	SKF_AUDIBLEFEEDBACK		no-pageid	
include/Winuser.h	SKF_TRISTATE		no-pageid	
include/Winuser.h	TKF_TOGGLEKEYSON		no-pageid	
include/Winuser.h	TKF_AVAILABLE		no-pageid	
include/Winuser.h	TKF_HOTKEYACTIVE		no-pageid	
include/Winuser.h	TKF_HOTKEYSOUND		no-pageid	
include/Winver.h	VS_FFI_SIGNATURE	aa450983	name-not-on-page	
include/Winver.h	VS_FFI_STRUCVERSION	aa450983	name-not-on-page	
include/Winver.h	VS_FFI_FILEFLAGSMASK	aa450983	name-not-on-page	
include/Winver.h	VS_FF_DEBUG	aa450983	name-no-value-on-page	
include/Winver.h	VS_FF_PRERELEASE	aa450983	name-no-value-on-page	
include/Winver.h	VS_FF_PATCHED	aa450983	name-no-value-on-page	
include/Winver.h	VS_FF_PRIVATEBUILD	aa450983	name-no-value-on-page	
include/Winver.h	VS_FF_INFOINFERRED	aa450983	name-no-value-on-page	
include/Winver.h	VS_FF_SPECIALBUILD	aa450983	name-no-value-on-page	
include/Winver.h	VOS_UNKNOWN	aa450983	name-no-value-on-page	
include/Winver.h	VOS__WINDOWS32	aa450983	name-no-value-on-page	
include/Winver.h	VOS_NT	aa450983	name-no-value-on-page	
include/Winver.h	VOS_NT_WINDOWS32	aa450983	name-no-value-on-page	
include/Winver.h	VFT_UNKNOWN	aa450983	name-no-value-on-page	
include/Winver.h	VFT_APP	aa450983	name-no-value-on-page	
include/Winver.h	VFT_DLL	aa450983	name-no-value-on-page	
include/Winver.h	VFT_DRV	aa450983	name-no-value-on-page	
include/Winver.h	VFT_FONT	aa450983	name-no-value-on-page	
include/Winver.h	VFT_VXD	aa450983	name-no-value-on-page	
include/Winver.h	VFT_STATIC_LIB	aa450983	name-no-value-on-page	
include/Winver.h	VFT2_UNKNOWN	aa450983	name-no-value-on-page	
include/Winver.h	VFT2_DRV_COMM	aa450983	name-no-value-on-page	
include/Winver.h	VFT2_DRV_KEYBOARD	aa450983	name-no-value-on-page	
include/Winver.h	VFT2_DRV_LANGUAGE	aa450983	name-no-value-on-page	
include/Winver.h	VFT2_DRV_DISPLAY	aa450983	name-no-value-on-page	
include/Winver.h	VFT2_DRV_MOUSE	aa450983	name-no-value-on-page	
include/Winver.h	VFT2_DRV_NETWORK	aa450983	name-no-value-on-page	
include/Winver.h	VFT2_DRV_SYSTEM	aa450983	name-no-value-on-page	
include/Winver.h	VFT2_DRV_INSTALLABLE	aa450983	name-no-value-on-page	
include/Winver.h	VFT2_DRV_SOUND	aa450983	name-no-value-on-page	
include/Winver.h	VFT2_DRV_VERSIONED_PRINTER	aa450983	name-not-on-page	
include/Ws2spi.h	WSPDESCRIPTION_LEN	ms900586	name-no-value-on-page	
include/aygshell.h	SHIDIM_FLAGS	aa453714	match	
include/aygshell.h	VK_APP1	ee505065	match	
include/aygshell.h	VK_APP2	ee505065	match	
include/aygshell.h	VK_APP3	ee505065	match	
include/aygshell.h	VK_APP4	ee505065	match	
include/aygshell.h	VK_APP5	ee505065	match	
include/aygshell.h	VK_APP6	ee505065	match	
include/aygshell.h	GN_CONTEXTMENU		no-pageid	
include/aygshell.h	NMN_INVOKECOMMAND		no-pageid	
include/aygshell.h	SHCMBF_COLORBK		no-pageid	
include/aygshell.h	SHCMBF_HMENU		no-pageid	
include/aygshell.h	SHCMBM_SETSUBMENU		no-pageid	
include/aygshell.h	SHCMBM_GETSUBMENU		no-pageid	
include/aygshell.h	SHCMBM_GETMENU		no-pageid	
include/aygshell.h	SHDB_SHOW		no-pageid	
include/aygshell.h	SHDB_HIDE		no-pageid	
include/aygshell.h	SHFS_SHOWTASKBAR		no-pageid	
include/aygshell.h	SHFS_HIDETASKBAR		no-pageid	
include/aygshell.h	SHFS_SHOWSIPBUTTON		no-pageid	
include/aygshell.h	SHFS_HIDESIPBUTTON		no-pageid	
include/aygshell.h	SHFS_SHOWSTARTICON		no-pageid	
include/aygshell.h	SHFS_HIDESTARTICON		no-pageid	
include/aygshell.h	SHRG_RETURNCMD		no-pageid	
include/aygshell.h	SPI_SETSIPINFO		no-pageid	
include/aygshell.h	SPI_GETSIPINFO		no-pageid	
include/aygshell.h	SPI_SETCURRENTIM		no-pageid	
include/aygshell.h	SPI_GETCURRENTIM		no-pageid	
include/dvddrvr.h	DVD_AUDIOCAP_AC3	ee481106	match	
include/dvddrvr.h	DVD_AUDIOCAP_MPEG	ee481106	match	
include/dvddrvr.h	DVD_AUDIOCAP_DTS	ee481106	match	
include/dvddrvr.h	DVD_AUDIOCAP_SDDS	ee481106	match	
include/dvddrvr.h	DVD_AUDIOCAP_LPCM_KARAOKE	ee481106	match	
include/dvddrvr.h	DVD_AUDIOCAP_AC3_KARAOKE	ee481106	match	
include/dvddrvr.h	DVD_AUDIOCAP_MPEG_KARAOKE	ee481106	match	
include/dvddrvr.h	DVD_AUDIOCAP_DTS_KARAOKE	ee481106	match	
include/dvddrvr.h	DVD_AUDIOCAP_SDDS_KARAOKE	ee481106	match	
include/dvddrvr.h	DVD_SCANCAP_FORWARD_SCAN	ee481106	match	
include/dvddrvr.h	DVD_SCANCAP_FORWARD_SLOW	ee481106	match	
include/dvddrvr.h	DVD_SCANCAP_FORWARD_SINGLE	ee481106	match	
include/dvddrvr.h	DVD_SCANCAP_BACKWARD_SCAN	ee481106	match	
include/dvddrvr.h	DVD_SCANCAP_BACKWARD_SLOW	ee481106	match	
include/dvddrvr.h	DVD_SCANCAP_BACKWARD_SINGLE	ee481106	match	
include/winerror.h	ERROR_SUCCESS	aa450917	match	
include/winerror.h	NO_ERROR	aa450949	name-no-value-on-page	
include/winerror.h	ERROR_INVALID_FUNCTION	aa450917	match	
include/winerror.h	ERROR_FILE_NOT_FOUND	aa450917	match	
include/winerror.h	ERROR_PATH_NOT_FOUND	aa450917	match	
include/winerror.h	ERROR_TOO_MANY_OPEN_FILES	aa450917	match	
include/winerror.h	ERROR_ACCESS_DENIED	aa450917	match	
include/winerror.h	ERROR_INVALID_HANDLE	aa450917	match	
include/winerror.h	ERROR_ARENA_TRASHED	aa450917	match	
include/winerror.h	ERROR_NOT_ENOUGH_MEMORY	aa450917	match	
include/winerror.h	ERROR_INVALID_BLOCK	aa450917	match	
include/winerror.h	ERROR_BAD_ENVIRONMENT	aa450917	match	
include/winerror.h	ERROR_BAD_FORMAT	aa450917	match	
include/winerror.h	ERROR_INVALID_ACCESS	aa450917	match	
include/winerror.h	ERROR_INVALID_DATA	aa450917	match	
include/winerror.h	ERROR_OUTOFMEMORY	aa450917	match	
include/winerror.h	ERROR_INVALID_DRIVE	aa450917	match	
include/winerror.h	ERROR_CURRENT_DIRECTORY	aa450917	match	
include/winerror.h	ERROR_NOT_SAME_DEVICE	aa450917	match	
include/winerror.h	ERROR_NO_MORE_FILES	aa450917	match	
include/winerror.h	ERROR_WRITE_PROTECT	aa450917	match	
include/winerror.h	ERROR_BAD_UNIT	aa450917	match	
include/winerror.h	ERROR_NOT_READY	aa450917	match	
include/winerror.h	ERROR_BAD_COMMAND	aa450917	match	
include/winerror.h	ERROR_CRC	aa450917	match	
include/winerror.h	ERROR_BAD_LENGTH	aa450917	match	
include/winerror.h	ERROR_SEEK	aa450917	match	
include/winerror.h	ERROR_NOT_DOS_DISK	aa450917	match	
include/winerror.h	ERROR_SECTOR_NOT_FOUND	aa450917	match	
include/winerror.h	ERROR_OUT_OF_PAPER	aa450917	match	
include/winerror.h	ERROR_WRITE_FAULT	aa450917	match	
include/winerror.h	ERROR_READ_FAULT	aa450917	match	
include/winerror.h	ERROR_GEN_FAILURE	aa450917	match	
include/winerror.h	ERROR_SHARING_VIOLATION	aa450917	match	
include/winerror.h	ERROR_LOCK_VIOLATION	aa450917	match	
include/winerror.h	ERROR_WRONG_DISK	aa450917	match	
include/winerror.h	ERROR_SHARING_BUFFER_EXCEEDED	aa450917	match	
include/winerror.h	ERROR_HANDLE_EOF	aa450917	match	
include/winerror.h	ERROR_HANDLE_DISK_FULL	aa450917	match	
include/winerror.h	ERROR_NOT_SUPPORTED	aa450917	match	
include/winerror.h	ERROR_REM_NOT_LIST	aa450917	match	
include/winerror.h	ERROR_DUP_NAME	aa450917	match	
include/winerror.h	ERROR_BAD_NETPATH	aa450917	match	
include/winerror.h	ERROR_NETWORK_BUSY	aa450917	match	
include/winerror.h	ERROR_DEV_NOT_EXIST	aa450917	match	
include/winerror.h	ERROR_TOO_MANY_CMDS	aa450917	match	
include/winerror.h	ERROR_ADAP_HDW_ERR	aa450917	match	
include/winerror.h	ERROR_BAD_NET_RESP	aa450917	match	
include/winerror.h	ERROR_UNEXP_NET_ERR	aa450917	match	
include/winerror.h	ERROR_BAD_REM_ADAP	aa450917	match	
include/winerror.h	ERROR_PRINTQ_FULL	aa450917	match	
include/winerror.h	ERROR_NO_SPOOL_SPACE	aa450917	match	
include/winerror.h	ERROR_PRINT_CANCELLED	aa450917	match	
include/winerror.h	ERROR_NETNAME_DELETED	aa450917	match	
include/winerror.h	ERROR_NETWORK_ACCESS_DENIED	aa450917	match	
include/winerror.h	ERROR_BAD_DEV_TYPE	aa450917	match	
include/winerror.h	ERROR_BAD_NET_NAME	aa450917	match	
include/winerror.h	ERROR_TOO_MANY_NAMES	aa450917	match	
include/winerror.h	ERROR_TOO_MANY_SESS	aa450917	match	
include/winerror.h	ERROR_SHARING_PAUSED	aa450917	match	
include/winerror.h	ERROR_REQ_NOT_ACCEP	aa450917	match	
include/winerror.h	ERROR_REDIR_PAUSED	aa450917	match	
include/winerror.h	ERROR_FILE_EXISTS	aa450917	match	
include/winerror.h	ERROR_CANNOT_MAKE	aa450917	match	
include/winerror.h	ERROR_FAIL_I24	aa450917	match	
include/winerror.h	ERROR_OUT_OF_STRUCTURES	aa450917	match	
include/winerror.h	ERROR_ALREADY_ASSIGNED	aa450917	match	
include/winerror.h	ERROR_INVALID_PASSWORD	aa450917	match	
include/winerror.h	ERROR_INVALID_PARAMETER	aa450917	match	
include/winerror.h	ERROR_NET_WRITE_FAULT	aa450917	match	
include/winerror.h	ERROR_NO_PROC_SLOTS	aa450917	match	
include/winerror.h	ERROR_TOO_MANY_SEMAPHORES	aa450917	match	
include/winerror.h	ERROR_EXCL_SEM_ALREADY_OWNED	aa450917	match	
include/winerror.h	ERROR_SEM_IS_SET	aa450917	match	
include/winerror.h	ERROR_TOO_MANY_SEM_REQUESTS	aa450917	match	
include/winerror.h	ERROR_INVALID_AT_INTERRUPT_TIME	aa450917	match	
include/winerror.h	ERROR_SEM_OWNER_DIED	aa450917	match	
include/winerror.h	ERROR_SEM_USER_LIMIT	aa450917	match	
include/winerror.h	ERROR_DISK_CHANGE	aa450917	match	
include/winerror.h	ERROR_DRIVE_LOCKED	aa450917	match	
include/winerror.h	ERROR_BROKEN_PIPE	aa450917	match	
include/winerror.h	ERROR_OPEN_FAILED	aa450917	match	
include/winerror.h	ERROR_BUFFER_OVERFLOW	aa450917	match	
include/winerror.h	ERROR_DISK_FULL	aa450917	match	
include/winerror.h	ERROR_NO_MORE_SEARCH_HANDLES	aa450917	match	
include/winerror.h	ERROR_INVALID_TARGET_HANDLE	aa450917	match	
include/winerror.h	ERROR_INVALID_CATEGORY	aa450917	match	
include/winerror.h	ERROR_INVALID_VERIFY_SWITCH	aa450917	match	
include/winerror.h	ERROR_BAD_DRIVER_LEVEL	aa450917	match	
include/winerror.h	ERROR_CALL_NOT_IMPLEMENTED	aa450917	match	
include/winerror.h	ERROR_SEM_TIMEOUT	aa450917	match	
include/winerror.h	ERROR_INSUFFICIENT_BUFFER	aa450917	match	
include/winerror.h	ERROR_INVALID_NAME	aa450917	match	
include/winerror.h	ERROR_INVALID_LEVEL	aa450917	match	
include/winerror.h	ERROR_NO_VOLUME_LABEL	aa450917	match	
include/winerror.h	ERROR_MOD_NOT_FOUND	aa450917	match	
include/winerror.h	ERROR_PROC_NOT_FOUND	aa450917	match	
include/winerror.h	ERROR_WAIT_NO_CHILDREN	aa450917	match	
include/winerror.h	ERROR_CHILD_NOT_COMPLETE	aa450917	match	
include/winerror.h	ERROR_DIRECT_ACCESS_HANDLE	aa450917	match	
include/winerror.h	ERROR_NEGATIVE_SEEK	aa450917	match	
include/winerror.h	ERROR_SEEK_ON_DEVICE	aa450917	match	
include/winerror.h	ERROR_IS_JOIN_TARGET	aa450917	match	
include/winerror.h	ERROR_IS_JOINED	aa450917	match	
include/winerror.h	ERROR_IS_SUBSTED	aa450917	match	
include/winerror.h	ERROR_NOT_JOINED	aa450917	match	
include/winerror.h	ERROR_NOT_SUBSTED	aa450917	match	
include/winerror.h	ERROR_JOIN_TO_JOIN	aa450917	match	
include/winerror.h	ERROR_SUBST_TO_SUBST	aa450917	match	
include/winerror.h	ERROR_JOIN_TO_SUBST	aa450917	match	
include/winerror.h	ERROR_SUBST_TO_JOIN	aa450917	match	
include/winerror.h	ERROR_BUSY_DRIVE	aa450917	match	
include/winerror.h	ERROR_SAME_DRIVE	aa450917	match	
include/winerror.h	ERROR_DIR_NOT_ROOT	aa450917	match	
include/winerror.h	ERROR_DIR_NOT_EMPTY	aa450917	match	
include/winerror.h	ERROR_IS_SUBST_PATH	aa450917	match	
include/winerror.h	ERROR_IS_JOIN_PATH	aa450917	match	
include/winerror.h	ERROR_PATH_BUSY	aa450917	match	
include/winerror.h	ERROR_IS_SUBST_TARGET	aa450917	match	
include/winerror.h	ERROR_SYSTEM_TRACE	aa450917	match	
include/winerror.h	ERROR_INVALID_EVENT_COUNT	aa450917	match	
include/winerror.h	ERROR_TOO_MANY_MUXWAITERS	aa450917	match	
include/winerror.h	ERROR_INVALID_LIST_FORMAT	aa450917	match	
include/winerror.h	ERROR_LABEL_TOO_LONG	aa450917	match	
include/winerror.h	ERROR_TOO_MANY_TCBS	aa450917	match	
include/winerror.h	ERROR_SIGNAL_REFUSED	aa450917	match	
include/winerror.h	ERROR_DISCARDED	aa450917	match	
include/winerror.h	ERROR_NOT_LOCKED	aa450917	match	
include/winerror.h	ERROR_BAD_THREADID_ADDR	aa450917	match	
include/winerror.h	ERROR_BAD_ARGUMENTS	aa450917	match	
include/winerror.h	ERROR_BAD_PATHNAME	aa450917	match	
include/winerror.h	ERROR_SIGNAL_PENDING	aa450917	match	
include/winerror.h	ERROR_MAX_THRDS_REACHED	aa450917	match	
include/winerror.h	ERROR_LOCK_FAILED	aa450917	match	
include/winerror.h	ERROR_BUSY	aa450917	match	
include/winerror.h	ERROR_CANCEL_VIOLATION	aa450917	match	
include/winerror.h	ERROR_ATOMIC_LOCKS_NOT_SUPPORTED	aa450917	match	
include/winerror.h	ERROR_INVALID_SEGMENT_NUMBER	aa450917	match	
include/winerror.h	ERROR_INVALID_ORDINAL	aa450917	match	
include/winerror.h	ERROR_ALREADY_EXISTS	aa450917	match	
include/winerror.h	ERROR_INVALID_FLAG_NUMBER	aa450917	match	
include/winerror.h	ERROR_SEM_NOT_FOUND	aa450917	match	
include/winerror.h	ERROR_INVALID_STARTING_CODESEG	aa450917	match	
include/winerror.h	ERROR_INVALID_STACKSEG	aa450917	match	
include/winerror.h	ERROR_INVALID_MODULETYPE	aa450917	match	
include/winerror.h	ERROR_INVALID_EXE_SIGNATURE	aa450917	match	
include/winerror.h	ERROR_EXE_MARKED_INVALID	aa450917	match	
include/winerror.h	ERROR_BAD_EXE_FORMAT	aa450917	match	
include/winerror.h	ERROR_INVALID_MINALLOCSIZE	aa450917	match	
include/winerror.h	ERROR_DYNLINK_FROM_INVALID_RING	aa450917	match	
include/winerror.h	ERROR_IOPL_NOT_ENABLED	aa450917	match	
include/winerror.h	ERROR_INVALID_SEGDPL	aa450917	match	
include/winerror.h	ERROR_RING2SEG_MUST_BE_MOVABLE	aa450917	match	
include/winerror.h	ERROR_RELOC_CHAIN_XEEDS_SEGLIM	aa450917	match	
include/winerror.h	ERROR_INFLOOP_IN_RELOC_CHAIN	aa450917	match	
include/winerror.h	ERROR_ENVVAR_NOT_FOUND	aa450917	match	
include/winerror.h	ERROR_NO_SIGNAL_SENT	aa450917	match	
include/winerror.h	ERROR_FILENAME_EXCED_RANGE	aa450917	match	
include/winerror.h	ERROR_RING2_STACK_IN_USE	aa450917	match	
include/winerror.h	ERROR_META_EXPANSION_TOO_LONG	aa450917	match	
include/winerror.h	ERROR_INVALID_SIGNAL_NUMBER	aa450917	match	
include/winerror.h	ERROR_THREAD_1_INACTIVE	aa450917	match	
include/winerror.h	ERROR_LOCKED	aa450917	match	
include/winerror.h	ERROR_TOO_MANY_MODULES	aa450917	match	
include/winerror.h	ERROR_NESTING_NOT_ALLOWED	aa450917	match	
include/winerror.h	ERROR_EXE_MACHINE_TYPE_MISMATCH	aa450917	match	
include/winerror.h	ERROR_BAD_PIPE	aa450917	match	
include/winerror.h	ERROR_PIPE_BUSY	aa450917	match	
include/winerror.h	ERROR_NO_DATA	aa450917	match	
include/winerror.h	ERROR_PIPE_NOT_CONNECTED	aa450917	match	
include/winerror.h	ERROR_MORE_DATA	aa450917	match	
include/winerror.h	ERROR_VC_DISCONNECTED	aa450917	match	
include/winerror.h	ERROR_INVALID_EA_NAME	aa450917	match	
include/winerror.h	ERROR_EA_LIST_INCONSISTENT	aa450917	match	
include/winerror.h	ERROR_NO_MORE_ITEMS	aa450917	match	
include/winerror.h	STILL_ACTIVE	ms885622	name-no-value-on-page	
include/winerror.h	ERROR_CANNOT_COPY	aa450917	match	
include/winerror.h	ERROR_DIRECTORY	aa450917	match	
include/winerror.h	ERROR_EAS_DIDNT_FIT	aa450917	match	
include/winerror.h	ERROR_EA_FILE_CORRUPT	aa450917	match	
include/winerror.h	ERROR_EA_TABLE_FULL	aa450917	match	
include/winerror.h	ERROR_INVALID_EA_HANDLE	aa450917	match	
include/winerror.h	ERROR_EAS_NOT_SUPPORTED	aa450917	match	
include/winerror.h	ERROR_NOT_OWNER	aa450917	match	
include/winerror.h	ERROR_TOO_MANY_POSTS	aa450917	match	
include/winerror.h	ERROR_PARTIAL_COPY	aa450917	match	
include/winerror.h	ERROR_MR_MID_NOT_FOUND	aa450917	match	
include/winerror.h	ERROR_INVALID_ADDRESS	aa450917	match	
include/winerror.h	ERROR_ARITHMETIC_OVERFLOW	aa450917	match	
include/winerror.h	ERROR_PIPE_CONNECTED	aa450917	match	
include/winerror.h	ERROR_PIPE_LISTENING	aa450917	match	
include/winerror.h	ERROR_EA_ACCESS_DENIED	aa450917	match	
include/winerror.h	ERROR_OPERATION_ABORTED	aa450917	match	
include/winerror.h	ERROR_IO_INCOMPLETE	aa450917	match	
include/winerror.h	ERROR_IO_PENDING	aa450917	match	
include/winerror.h	ERROR_NOACCESS	aa450917	match	
include/winerror.h	ERROR_SWAPERROR	aa450917	match	
include/winerror.h	ERROR_STACK_OVERFLOW	aa450917	match	
include/winerror.h	ERROR_INVALID_MESSAGE	aa450917	match	
include/winerror.h	ERROR_CAN_NOT_COMPLETE	aa450917	match	
include/winerror.h	ERROR_INVALID_FLAGS	aa450917	match	
include/winerror.h	ERROR_UNRECOGNIZED_VOLUME	aa450917	match	
include/winerror.h	ERROR_FILE_INVALID	aa450917	match	
include/winerror.h	ERROR_FULLSCREEN_MODE	aa450917	match	
include/winerror.h	ERROR_NO_TOKEN	aa450917	match	
include/winerror.h	ERROR_BADDB	aa450917	match	
include/winerror.h	ERROR_BADKEY	aa450917	match	
include/winerror.h	ERROR_CANTOPEN	aa450917	match	
include/winerror.h	ERROR_CANTREAD	aa450917	match	
include/winerror.h	ERROR_CANTWRITE	aa450917	match	
include/winerror.h	ERROR_REGISTRY_RECOVERED	aa450917	match	
include/winerror.h	ERROR_REGISTRY_CORRUPT	aa450917	match	
include/winerror.h	ERROR_REGISTRY_IO_FAILED	aa450917	match	
include/winerror.h	ERROR_NOT_REGISTRY_FILE	aa450917	match	
include/winerror.h	ERROR_KEY_DELETED	aa450917	match	
include/winerror.h	ERROR_NO_LOG_SPACE	aa450917	match	
include/winerror.h	ERROR_KEY_HAS_CHILDREN	aa450917	match	
include/winerror.h	ERROR_CHILD_MUST_BE_VOLATILE	aa450917	match	
include/winerror.h	ERROR_NOTIFY_ENUM_DIR	aa450917	match	
include/winerror.h	ERROR_DEPENDENT_SERVICES_RUNNING	aa450917	match	
include/winerror.h	ERROR_INVALID_SERVICE_CONTROL	aa450917	match	
include/winerror.h	ERROR_SERVICE_REQUEST_TIMEOUT	aa450917	match	
include/winerror.h	ERROR_SERVICE_NO_THREAD	aa450917	match	
include/winerror.h	ERROR_SERVICE_DATABASE_LOCKED	aa450917	match	
include/winerror.h	ERROR_SERVICE_ALREADY_RUNNING	aa450917	match	
include/winerror.h	ERROR_INVALID_SERVICE_ACCOUNT	aa450917	match	
include/winerror.h	ERROR_SERVICE_DISABLED	aa450917	match	
include/winerror.h	ERROR_CIRCULAR_DEPENDENCY	aa450917	match	
include/winerror.h	ERROR_SERVICE_DOES_NOT_EXIST	aa450917	match	
include/winerror.h	ERROR_SERVICE_CANNOT_ACCEPT_CTRL	aa450917	match	
include/winerror.h	ERROR_SERVICE_NOT_ACTIVE	aa450917	match	
include/winerror.h	ERROR_FAILED_SERVICE_CONTROLLER_CONNECT	aa450917	match	
include/winerror.h	ERROR_EXCEPTION_IN_SERVICE	aa450917	match	
include/winerror.h	ERROR_DATABASE_DOES_NOT_EXIST	aa450917	match	
include/winerror.h	ERROR_SERVICE_SPECIFIC_ERROR	aa450917	match	
include/winerror.h	ERROR_PROCESS_ABORTED	aa450917	match	
include/winerror.h	ERROR_SERVICE_DEPENDENCY_FAIL	aa450917	match	
include/winerror.h	ERROR_SERVICE_LOGON_FAILED	aa450917	match	
include/winerror.h	ERROR_SERVICE_START_HANG	aa450917	match	
include/winerror.h	ERROR_INVALID_SERVICE_LOCK	aa450917	match	
include/winerror.h	ERROR_SERVICE_MARKED_FOR_DELETE	aa450917	match	
include/winerror.h	ERROR_SERVICE_EXISTS	aa450917	match	
include/winerror.h	ERROR_ALREADY_RUNNING_LKG	aa450917	match	
include/winerror.h	ERROR_SERVICE_DEPENDENCY_DELETED	aa450917	match	
include/winerror.h	ERROR_BOOT_ALREADY_ACCEPTED	aa450917	match	
include/winerror.h	ERROR_SERVICE_NEVER_STARTED	aa450917	match	
include/winerror.h	ERROR_DUPLICATE_SERVICE_NAME	aa450917	match	
include/winerror.h	ERROR_NO_UNICODE_TRANSLATION	aa450917	match	
include/winerror.h	ERROR_DIFFERENT_SERVICE_ACCOUNT	aa450917	match	
include/winerror.h	ERROR_END_OF_MEDIA	aa450917	match	
include/winerror.h	ERROR_FILEMARK_DETECTED	aa450917	match	
include/winerror.h	ERROR_BEGINNING_OF_MEDIA	aa450917	match	
include/winerror.h	ERROR_SETMARK_DETECTED	aa450917	match	
include/winerror.h	ERROR_NO_DATA_DETECTED	aa450917	match	
include/winerror.h	ERROR_PARTITION_FAILURE	aa450917	match	
include/winerror.h	ERROR_INVALID_BLOCK_LENGTH	aa450917	match	
include/winerror.h	ERROR_DEVICE_NOT_PARTITIONED	aa450917	match	
include/winerror.h	ERROR_UNABLE_TO_LOCK_MEDIA	aa450917	match	
include/winerror.h	ERROR_UNABLE_TO_UNLOAD_MEDIA	aa450917	match	
include/winerror.h	ERROR_MEDIA_CHANGED	aa450917	match	
include/winerror.h	ERROR_BUS_RESET	aa450917	match	
include/winerror.h	ERROR_NO_MEDIA_IN_DRIVE	aa450917	match	
include/winerror.h	ERROR_DLL_INIT_FAILED	aa450917	match	
include/winerror.h	ERROR_SHUTDOWN_IN_PROGRESS	aa450917	match	
include/winerror.h	ERROR_NO_SHUTDOWN_IN_PROGRESS	aa450917	match	
include/winerror.h	ERROR_IO_DEVICE	aa450917	match	
include/winerror.h	ERROR_SERIAL_NO_DEVICE	aa450917	match	
include/winerror.h	ERROR_IRQ_BUSY	aa450917	match	
include/winerror.h	ERROR_MORE_WRITES	aa450917	match	
include/winerror.h	ERROR_COUNTER_TIMEOUT	aa450917	match	
include/winerror.h	ERROR_FLOPPY_ID_MARK_NOT_FOUND	aa450917	match	
include/winerror.h	ERROR_FLOPPY_WRONG_CYLINDER	aa450917	match	
include/winerror.h	ERROR_FLOPPY_UNKNOWN_ERROR	aa450917	match	
include/winerror.h	ERROR_FLOPPY_BAD_REGISTERS	aa450917	match	
include/winerror.h	ERROR_DISK_RECALIBRATE_FAILED	aa450917	match	
include/winerror.h	ERROR_DISK_OPERATION_FAILED	aa450917	match	
include/winerror.h	ERROR_DISK_RESET_FAILED	aa450917	match	
include/winerror.h	ERROR_EOM_OVERFLOW	aa450917	match	
include/winerror.h	ERROR_NOT_ENOUGH_SERVER_MEMORY	aa450917	match	
include/winerror.h	ERROR_POSSIBLE_DEADLOCK	aa450917	match	
include/winerror.h	ERROR_MAPPED_ALIGNMENT	aa450917	match	
include/winerror.h	ERROR_SET_POWER_STATE_VETOED	aa450917	match	
include/winerror.h	ERROR_SET_POWER_STATE_FAILED	aa450917	match	
include/winerror.h	ERROR_TOO_MANY_LINKS	aa450917	match	
include/winerror.h	ERROR_OLD_WIN_VERSION	aa450917	match	
include/winerror.h	ERROR_APP_WRONG_OS	aa450917	match	
include/winerror.h	ERROR_SINGLE_INSTANCE_APP	aa450917	match	
include/winerror.h	ERROR_RMODE_APP	aa450917	match	
include/winerror.h	ERROR_INVALID_DLL	aa450917	match	
include/winerror.h	ERROR_NO_ASSOCIATION	aa450917	match	
include/winerror.h	ERROR_DDE_FAIL	aa450917	match	
include/winerror.h	ERROR_DLL_NOT_FOUND	aa450917	match	
include/winerror.h	ERROR_BAD_DEVICE	aa450917	match	
include/winerror.h	ERROR_CONNECTION_UNAVAIL	aa450917	match	
include/winerror.h	ERROR_DEVICE_ALREADY_REMEMBERED	aa450917	match	
include/winerror.h	ERROR_NO_NET_OR_BAD_PATH	aa450917	match	
include/winerror.h	ERROR_BAD_PROVIDER	aa450917	match	
include/winerror.h	ERROR_CANNOT_OPEN_PROFILE	aa450917	match	
include/winerror.h	ERROR_BAD_PROFILE	aa450917	match	
include/winerror.h	ERROR_NOT_CONTAINER	aa450917	match	
include/winerror.h	ERROR_EXTENDED_ERROR	aa450917	match	
include/winerror.h	ERROR_INVALID_GROUPNAME	aa450917	match	
include/winerror.h	ERROR_INVALID_COMPUTERNAME	aa450917	match	
include/winerror.h	ERROR_INVALID_EVENTNAME	aa450917	match	
include/winerror.h	ERROR_INVALID_DOMAINNAME	aa450917	match	
include/winerror.h	ERROR_INVALID_SERVICENAME	aa450917	match	
include/winerror.h	ERROR_INVALID_NETNAME	aa450917	match	
include/winerror.h	ERROR_INVALID_SHARENAME	aa450917	match	
include/winerror.h	ERROR_INVALID_PASSWORDNAME	aa450917	match	
include/winerror.h	ERROR_INVALID_MESSAGENAME	aa450917	match	
include/winerror.h	ERROR_INVALID_MESSAGEDEST	aa450917	match	
include/winerror.h	ERROR_SESSION_CREDENTIAL_CONFLICT	aa450917	match	
include/winerror.h	ERROR_REMOTE_SESSION_LIMIT_EXCEEDED	aa450917	match	
include/winerror.h	ERROR_DUP_DOMAINNAME	aa450917	match	
include/winerror.h	ERROR_NO_NETWORK	aa450917	match	
include/winerror.h	ERROR_CANCELLED	aa450917	match	
include/winerror.h	ERROR_USER_MAPPED_FILE	aa450917	match	
include/winerror.h	ERROR_CONNECTION_REFUSED	aa450917	match	
include/winerror.h	ERROR_GRACEFUL_DISCONNECT	aa450917	match	
include/winerror.h	ERROR_ADDRESS_ALREADY_ASSOCIATED	aa450917	match	
include/winerror.h	ERROR_ADDRESS_NOT_ASSOCIATED	aa450917	match	
include/winerror.h	ERROR_CONNECTION_INVALID	aa450917	match	
include/winerror.h	ERROR_CONNECTION_ACTIVE	aa450917	match	
include/winerror.h	ERROR_NETWORK_UNREACHABLE	aa450917	match	
include/winerror.h	ERROR_HOST_UNREACHABLE	aa450917	match	
include/winerror.h	ERROR_PROTOCOL_UNREACHABLE	aa450917	match	
include/winerror.h	ERROR_PORT_UNREACHABLE	aa450917	match	
include/winerror.h	ERROR_REQUEST_ABORTED	aa450917	match	
include/winerror.h	ERROR_CONNECTION_ABORTED	aa450917	match	
include/winerror.h	ERROR_RETRY	aa450917	match	
include/winerror.h	ERROR_CONNECTION_COUNT_LIMIT	aa450917	match	
include/winerror.h	ERROR_LOGIN_TIME_RESTRICTION	aa450917	match	
include/winerror.h	ERROR_LOGIN_WKSTA_RESTRICTION	aa450917	match	
include/winerror.h	ERROR_INCORRECT_ADDRESS	aa450917	match	
include/winerror.h	ERROR_ALREADY_REGISTERED	aa450917	match	
include/winerror.h	ERROR_SERVICE_NOT_FOUND	aa450917	match	
include/winerror.h	ERROR_NOT_AUTHENTICATED	aa450917	match	
include/winerror.h	ERROR_NOT_LOGGED_ON	aa450917	match	
include/winerror.h	ERROR_CONTINUE	aa450917	match	
include/winerror.h	ERROR_ALREADY_INITIALIZED	aa450917	match	
include/winerror.h	ERROR_NO_MORE_DEVICES	aa450917	match	
include/winerror.h	ERROR_NOT_ALL_ASSIGNED	aa450917	match	
include/winerror.h	ERROR_SOME_NOT_MAPPED	aa450917	match	
include/winerror.h	ERROR_NO_QUOTAS_FOR_ACCOUNT	aa450917	match	
include/winerror.h	ERROR_LOCAL_USER_SESSION_KEY	aa450917	match	
include/winerror.h	ERROR_NULL_LM_PASSWORD	aa450917	match	
include/winerror.h	ERROR_UNKNOWN_REVISION	aa450917	match	
include/winerror.h	ERROR_REVISION_MISMATCH	aa450917	match	
include/winerror.h	ERROR_INVALID_OWNER	aa450917	match	
include/winerror.h	ERROR_INVALID_PRIMARY_GROUP	aa450917	match	
include/winerror.h	ERROR_NO_IMPERSONATION_TOKEN	aa450917	match	
include/winerror.h	ERROR_CANT_DISABLE_MANDATORY	aa450917	match	
include/winerror.h	ERROR_NO_LOGON_SERVERS	aa450917	match	
include/winerror.h	ERROR_NO_SUCH_LOGON_SESSION	aa450917	match	
include/winerror.h	ERROR_NO_SUCH_PRIVILEGE	aa450917	match	
include/winerror.h	ERROR_PRIVILEGE_NOT_HELD	aa450917	match	
include/winerror.h	ERROR_INVALID_ACCOUNT_NAME	aa450917	match	
include/winerror.h	ERROR_USER_EXISTS	aa450917	match	
include/winerror.h	ERROR_NO_SUCH_USER	aa450917	match	
include/winerror.h	ERROR_GROUP_EXISTS	aa450917	match	
include/winerror.h	ERROR_NO_SUCH_GROUP	aa450917	match	
include/winerror.h	ERROR_MEMBER_IN_GROUP	aa450917	match	
include/winerror.h	ERROR_MEMBER_NOT_IN_GROUP	aa450917	match	
include/winerror.h	ERROR_LAST_ADMIN	aa450917	match	
include/winerror.h	ERROR_WRONG_PASSWORD	aa450917	match	
include/winerror.h	ERROR_ILL_FORMED_PASSWORD	aa450917	match	
include/winerror.h	ERROR_PASSWORD_RESTRICTION	aa450917	match	
include/winerror.h	ERROR_LOGON_FAILURE	aa450917	match	
include/winerror.h	ERROR_ACCOUNT_RESTRICTION	aa450917	match	
include/winerror.h	ERROR_INVALID_LOGON_HOURS	aa450917	match	
include/winerror.h	ERROR_INVALID_WORKSTATION	aa450917	match	
include/winerror.h	ERROR_PASSWORD_EXPIRED	aa450917	match	
include/winerror.h	ERROR_ACCOUNT_DISABLED	aa450917	match	
include/winerror.h	ERROR_NONE_MAPPED	aa450917	match	
include/winerror.h	ERROR_TOO_MANY_LUIDS_REQUESTED	aa450917	match	
include/winerror.h	ERROR_LUIDS_EXHAUSTED	aa450917	match	
include/winerror.h	ERROR_INVALID_SUB_AUTHORITY	aa450917	match	
include/winerror.h	ERROR_INVALID_ACL	aa450917	match	
include/winerror.h	ERROR_INVALID_SID	aa450917	match	
include/winerror.h	ERROR_INVALID_SECURITY_DESCR	aa450917	match	
include/winerror.h	ERROR_BAD_INHERITANCE_ACL	aa450917	match	
include/winerror.h	ERROR_SERVER_DISABLED	aa450917	match	
include/winerror.h	ERROR_SERVER_NOT_DISABLED	aa450917	match	
include/winerror.h	ERROR_INVALID_ID_AUTHORITY	aa450917	match	
include/winerror.h	ERROR_ALLOTTED_SPACE_EXCEEDED	aa450917	match	
include/winerror.h	ERROR_INVALID_GROUP_ATTRIBUTES	aa450917	match	
include/winerror.h	ERROR_BAD_IMPERSONATION_LEVEL	aa450917	match	
include/winerror.h	ERROR_CANT_OPEN_ANONYMOUS	aa450917	match	
include/winerror.h	ERROR_BAD_VALIDATION_CLASS	aa450917	match	
include/winerror.h	ERROR_BAD_TOKEN_TYPE	aa450917	match	
include/winerror.h	ERROR_NO_SECURITY_ON_OBJECT	aa450917	match	
include/winerror.h	ERROR_CANT_ACCESS_DOMAIN_INFO	aa450917	match	
include/winerror.h	ERROR_INVALID_SERVER_STATE	aa450917	match	
include/winerror.h	ERROR_INVALID_DOMAIN_STATE	aa450917	match	
include/winerror.h	ERROR_INVALID_DOMAIN_ROLE	aa450917	match	
include/winerror.h	ERROR_NO_SUCH_DOMAIN	aa450917	match	
include/winerror.h	ERROR_DOMAIN_EXISTS	aa450917	match	
include/winerror.h	ERROR_DOMAIN_LIMIT_EXCEEDED	aa450917	match	
include/winerror.h	ERROR_INTERNAL_DB_CORRUPTION	aa450917	match	
include/winerror.h	ERROR_INTERNAL_ERROR	aa450917	match	
include/winerror.h	ERROR_GENERIC_NOT_MAPPED	aa450917	match	
include/winerror.h	ERROR_BAD_DESCRIPTOR_FORMAT	aa450917	match	
include/winerror.h	ERROR_NOT_LOGON_PROCESS	aa450917	match	
include/winerror.h	ERROR_LOGON_SESSION_EXISTS	aa450917	match	
include/winerror.h	ERROR_NO_SUCH_PACKAGE	aa450917	match	
include/winerror.h	ERROR_BAD_LOGON_SESSION_STATE	aa450917	match	
include/winerror.h	ERROR_LOGON_SESSION_COLLISION	aa450917	match	
include/winerror.h	ERROR_INVALID_LOGON_TYPE	aa450917	match	
include/winerror.h	ERROR_RXACT_INVALID_STATE	aa450917	match	
include/winerror.h	ERROR_RXACT_COMMIT_FAILURE	aa450917	match	
include/winerror.h	ERROR_SPECIAL_ACCOUNT	aa450917	match	
include/winerror.h	ERROR_SPECIAL_GROUP	aa450917	match	
include/winerror.h	ERROR_SPECIAL_USER	aa450917	match	
include/winerror.h	ERROR_MEMBERS_PRIMARY_GROUP	aa450917	match	
include/winerror.h	ERROR_TOKEN_ALREADY_IN_USE	aa450917	match	
include/winerror.h	ERROR_NO_SUCH_ALIAS	aa450917	match	
include/winerror.h	ERROR_MEMBER_NOT_IN_ALIAS	aa450917	match	
include/winerror.h	ERROR_MEMBER_IN_ALIAS	aa450917	match	
include/winerror.h	ERROR_ALIAS_EXISTS	aa450917	match	
include/winerror.h	ERROR_LOGON_NOT_GRANTED	aa450917	match	
include/winerror.h	ERROR_TOO_MANY_SECRETS	aa450917	match	
include/winerror.h	ERROR_SECRET_TOO_LONG	aa450917	match	
include/winerror.h	ERROR_INTERNAL_DB_ERROR	aa450917	match	
include/winerror.h	ERROR_TOO_MANY_CONTEXT_IDS	aa450917	match	
include/winerror.h	ERROR_LOGON_TYPE_NOT_GRANTED	aa450917	match	
include/winerror.h	ERROR_NT_CROSS_ENCRYPTION_REQUIRED	aa450917	match	
include/winerror.h	ERROR_NO_SUCH_MEMBER	aa450917	match	
include/winerror.h	ERROR_INVALID_MEMBER	aa450917	match	
include/winerror.h	ERROR_TOO_MANY_SIDS	aa450917	match	
include/winerror.h	ERROR_LM_CROSS_ENCRYPTION_REQUIRED	aa450917	match	
include/winerror.h	ERROR_NO_INHERITANCE	aa450917	match	
include/winerror.h	ERROR_FILE_CORRUPT	aa450917	match	
include/winerror.h	ERROR_DISK_CORRUPT	aa450917	match	
include/winerror.h	ERROR_NO_USER_SESSION_KEY	aa450917	match	
include/winerror.h	ERROR_LICENSE_QUOTA_EXCEEDED	aa450917	match	
include/winerror.h	ERROR_INVALID_WINDOW_HANDLE	aa450917	match	
include/winerror.h	ERROR_INVALID_MENU_HANDLE	aa450917	match	
include/winerror.h	ERROR_INVALID_CURSOR_HANDLE	aa450917	match	
include/winerror.h	ERROR_INVALID_ACCEL_HANDLE	aa450917	match	
include/winerror.h	ERROR_INVALID_HOOK_HANDLE	aa450917	match	
include/winerror.h	ERROR_INVALID_DWP_HANDLE	aa450917	match	
include/winerror.h	ERROR_TLW_WITH_WSCHILD	aa450917	match	
include/winerror.h	ERROR_CANNOT_FIND_WND_CLASS	aa450917	match	
include/winerror.h	ERROR_WINDOW_OF_OTHER_THREAD	aa450917	match	
include/winerror.h	ERROR_HOTKEY_ALREADY_REGISTERED	aa450917	match	
include/winerror.h	ERROR_CLASS_ALREADY_EXISTS	aa450917	match	
include/winerror.h	ERROR_CLASS_DOES_NOT_EXIST	aa450917	match	
include/winerror.h	ERROR_CLASS_HAS_WINDOWS	aa450917	match	
include/winerror.h	ERROR_INVALID_INDEX	aa450917	match	
include/winerror.h	ERROR_INVALID_ICON_HANDLE	aa450917	match	
include/winerror.h	ERROR_PRIVATE_DIALOG_INDEX	aa450917	match	
include/winerror.h	ERROR_LISTBOX_ID_NOT_FOUND	aa450917	match	
include/winerror.h	ERROR_NO_WILDCARD_CHARACTERS	aa450917	match	
include/winerror.h	ERROR_CLIPBOARD_NOT_OPEN	aa450917	match	
include/winerror.h	ERROR_HOTKEY_NOT_REGISTERED	aa450917	match	
include/winerror.h	ERROR_WINDOW_NOT_DIALOG	aa450917	match	
include/winerror.h	ERROR_CONTROL_ID_NOT_FOUND	aa450917	match	
include/winerror.h	ERROR_INVALID_COMBOBOX_MESSAGE	aa450917	match	
include/winerror.h	ERROR_WINDOW_NOT_COMBOBOX	aa450917	match	
include/winerror.h	ERROR_INVALID_EDIT_HEIGHT	aa450917	match	
include/winerror.h	ERROR_DC_NOT_FOUND	aa450917	match	
include/winerror.h	ERROR_INVALID_HOOK_FILTER	aa450917	match	
include/winerror.h	ERROR_INVALID_FILTER_PROC	aa450917	match	
include/winerror.h	ERROR_HOOK_NEEDS_HMOD	aa450917	match	
include/winerror.h	ERROR_GLOBAL_ONLY_HOOK	aa450917	match	
include/winerror.h	ERROR_JOURNAL_HOOK_SET	aa450917	match	
include/winerror.h	ERROR_HOOK_NOT_INSTALLED	aa450917	match	
include/winerror.h	ERROR_INVALID_LB_MESSAGE	aa450917	match	
include/winerror.h	ERROR_LB_WITHOUT_TABSTOPS	aa450917	match	
include/winerror.h	ERROR_DESTROY_OBJECT_OF_OTHER_THREAD	aa450917	match	
include/winerror.h	ERROR_CHILD_WINDOW_MENU	aa450917	match	
include/winerror.h	ERROR_NO_SYSTEM_MENU	aa450917	match	
include/winerror.h	ERROR_INVALID_MSGBOX_STYLE	aa450917	match	
include/winerror.h	ERROR_INVALID_SPI_VALUE	aa450917	match	
include/winerror.h	ERROR_SCREEN_ALREADY_LOCKED	aa450917	match	
include/winerror.h	ERROR_HWNDS_HAVE_DIFF_PARENT	aa450917	match	
include/winerror.h	ERROR_NOT_CHILD_WINDOW	aa450917	match	
include/winerror.h	ERROR_INVALID_GW_COMMAND	aa450917	match	
include/winerror.h	ERROR_INVALID_THREAD_ID	aa450917	match	
include/winerror.h	ERROR_NON_MDICHILD_WINDOW	aa450917	match	
include/winerror.h	ERROR_POPUP_ALREADY_ACTIVE	aa450917	match	
include/winerror.h	ERROR_NO_SCROLLBARS	aa450917	match	
include/winerror.h	ERROR_INVALID_SCROLLBAR_RANGE	aa450917	match	
include/winerror.h	ERROR_INVALID_SHOWWIN_COMMAND	aa450917	match	
include/winerror.h	ERROR_NO_SYSTEM_RESOURCES	aa450917	match	
include/winerror.h	ERROR_NONPAGED_SYSTEM_RESOURCES	aa450917	match	
include/winerror.h	ERROR_PAGED_SYSTEM_RESOURCES	aa450917	match	
include/winerror.h	ERROR_WORKING_SET_QUOTA	aa450917	match	
include/winerror.h	ERROR_PAGEFILE_QUOTA	aa450917	match	
include/winerror.h	ERROR_COMMITMENT_LIMIT	aa450917	match	
include/winerror.h	ERROR_MENU_ITEM_NOT_FOUND	aa450917	match	
include/winerror.h	ERROR_INVALID_KEYBOARD_HANDLE	aa450917	match	
include/winerror.h	ERROR_HOOK_TYPE_NOT_ALLOWED	aa450917	match	
include/winerror.h	ERROR_REQUIRES_INTERACTIVE_WINDOWSTATION	aa450917	match	
include/winerror.h	ERROR_TIMEOUT	aa450917	match	
include/winerror.h	ERROR_EVENTLOG_FILE_CORRUPT	aa450917	match	
include/winerror.h	ERROR_EVENTLOG_CANT_START	aa450917	match	
include/winerror.h	ERROR_LOG_FILE_FULL	aa450917	match	
include/winerror.h	ERROR_EVENTLOG_FILE_CHANGED	aa450917	match	
include/winerror.h	RPC_S_INVALID_STRING_BINDING	aa450917	match	
include/winerror.h	RPC_S_WRONG_KIND_OF_BINDING	aa450917	match	
include/winerror.h	RPC_S_INVALID_BINDING	aa450917	match	
include/winerror.h	RPC_S_PROTSEQ_NOT_SUPPORTED	aa450917	match	
include/winerror.h	RPC_S_INVALID_RPC_PROTSEQ	aa450917	match	
include/winerror.h	RPC_S_INVALID_STRING_UUID	aa450917	match	
include/winerror.h	RPC_S_INVALID_ENDPOINT_FORMAT	aa450917	match	
include/winerror.h	RPC_S_INVALID_NET_ADDR	aa450917	match	
include/winerror.h	RPC_S_NO_ENDPOINT_FOUND	aa450917	match	
include/winerror.h	RPC_S_INVALID_TIMEOUT	aa450917	match	
include/winerror.h	RPC_S_OBJECT_NOT_FOUND	aa450917	match	
include/winerror.h	RPC_S_ALREADY_REGISTERED	aa450917	match	
include/winerror.h	RPC_S_TYPE_ALREADY_REGISTERED	aa450917	match	
include/winerror.h	RPC_S_ALREADY_LISTENING	aa450917	match	
include/winerror.h	RPC_S_NO_PROTSEQS_REGISTERED	aa450917	match	
include/winerror.h	RPC_S_NOT_LISTENING	aa450917	match	
include/winerror.h	RPC_S_UNKNOWN_MGR_TYPE	aa450917	match	
include/winerror.h	RPC_S_UNKNOWN_IF	aa450917	match	
include/winerror.h	RPC_S_NO_BINDINGS	aa450917	match	
include/winerror.h	RPC_S_NO_PROTSEQS	aa450917	match	
include/winerror.h	RPC_S_CANT_CREATE_ENDPOINT	aa450917	match	
include/winerror.h	RPC_S_OUT_OF_RESOURCES	aa450917	match	
include/winerror.h	RPC_S_SERVER_UNAVAILABLE	aa450917	match	
include/winerror.h	RPC_S_SERVER_TOO_BUSY	aa450917	match	
include/winerror.h	RPC_S_INVALID_NETWORK_OPTIONS	aa450917	match	
include/winerror.h	RPC_S_NO_CALL_ACTIVE	aa450917	match	
include/winerror.h	RPC_S_CALL_FAILED	aa450917	match	
include/winerror.h	RPC_S_CALL_FAILED_DNE	aa450917	match	
include/winerror.h	RPC_S_PROTOCOL_ERROR	aa450917	match	
include/winerror.h	RPC_S_UNSUPPORTED_TRANS_SYN	aa450917	match	
include/winerror.h	RPC_S_UNSUPPORTED_TYPE	aa450917	match	
include/winerror.h	RPC_S_INVALID_TAG	aa450917	match	
include/winerror.h	RPC_S_INVALID_BOUND	aa450917	match	
include/winerror.h	RPC_S_NO_ENTRY_NAME	aa450917	match	
include/winerror.h	RPC_S_INVALID_NAME_SYNTAX	aa450917	match	
include/winerror.h	RPC_S_UNSUPPORTED_NAME_SYNTAX	aa450917	match	
include/winerror.h	RPC_S_UUID_NO_ADDRESS	aa450917	match	
include/winerror.h	RPC_S_DUPLICATE_ENDPOINT	aa450917	match	
include/winerror.h	RPC_S_UNKNOWN_AUTHN_TYPE	aa450917	match	
include/winerror.h	RPC_S_MAX_CALLS_TOO_SMALL	aa450917	match	
include/winerror.h	RPC_S_STRING_TOO_LONG	aa450917	match	
include/winerror.h	RPC_S_PROTSEQ_NOT_FOUND	aa450917	match	
include/winerror.h	RPC_S_PROCNUM_OUT_OF_RANGE	aa450917	match	
include/winerror.h	RPC_S_BINDING_HAS_NO_AUTH	aa450917	match	
include/winerror.h	RPC_S_UNKNOWN_AUTHN_SERVICE	aa450917	match	
include/winerror.h	RPC_S_UNKNOWN_AUTHN_LEVEL	aa450917	match	
include/winerror.h	RPC_S_INVALID_AUTH_IDENTITY	aa450917	match	
include/winerror.h	RPC_S_UNKNOWN_AUTHZ_SERVICE	aa450917	match	
include/winerror.h	EPT_S_INVALID_ENTRY	aa450917	match	
include/winerror.h	EPT_S_CANT_PERFORM_OP	aa450917	match	
include/winerror.h	EPT_S_NOT_REGISTERED	aa450917	match	
include/winerror.h	RPC_S_NOTHING_TO_EXPORT	aa450917	match	
include/winerror.h	RPC_S_INCOMPLETE_NAME	aa450917	match	
include/winerror.h	RPC_S_INVALID_VERS_OPTION	aa450917	match	
include/winerror.h	RPC_S_NO_MORE_MEMBERS	aa450917	match	
include/winerror.h	RPC_S_NOT_ALL_OBJS_UNEXPORTED	aa450917	match	
include/winerror.h	RPC_S_INTERFACE_NOT_FOUND	aa450917	match	
include/winerror.h	RPC_S_ENTRY_ALREADY_EXISTS	aa450917	match	
include/winerror.h	RPC_S_ENTRY_NOT_FOUND	aa450917	match	
include/winerror.h	RPC_S_NAME_SERVICE_UNAVAILABLE	aa450917	match	
include/winerror.h	RPC_S_INVALID_NAF_ID	aa450917	match	
include/winerror.h	RPC_S_CANNOT_SUPPORT	aa450917	match	
include/winerror.h	RPC_S_NO_CONTEXT_AVAILABLE	aa450917	match	
include/winerror.h	RPC_S_INTERNAL_ERROR	aa450917	match	
include/winerror.h	RPC_S_ZERO_DIVIDE	aa450917	match	
include/winerror.h	RPC_S_ADDRESS_ERROR	aa450917	match	
include/winerror.h	RPC_S_FP_DIV_ZERO	aa450917	match	
include/winerror.h	RPC_S_FP_UNDERFLOW	aa450917	match	
include/winerror.h	RPC_S_FP_OVERFLOW	aa450917	match	
include/winerror.h	RPC_X_NO_MORE_ENTRIES	aa450917	match	
include/winerror.h	RPC_X_SS_CHAR_TRANS_OPEN_FAIL	aa450917	match	
include/winerror.h	RPC_X_SS_CHAR_TRANS_SHORT_FILE	aa450917	match	
include/winerror.h	RPC_X_SS_IN_NULL_CONTEXT	aa450917	match	
include/winerror.h	RPC_X_SS_CONTEXT_DAMAGED	aa450917	match	
include/winerror.h	RPC_X_SS_HANDLES_MISMATCH	aa450917	match	
include/winerror.h	RPC_X_SS_CANNOT_GET_CALL_HANDLE	aa450917	match	
include/winerror.h	RPC_X_NULL_REF_POINTER	aa450917	match	
include/winerror.h	RPC_X_ENUM_VALUE_OUT_OF_RANGE	aa450917	match	
include/winerror.h	RPC_X_BYTE_COUNT_TOO_SMALL	aa450917	match	
include/winerror.h	RPC_X_BAD_STUB_DATA	aa450917	match	
include/winerror.h	ERROR_INVALID_USER_BUFFER	aa450917	match	
include/winerror.h	ERROR_UNRECOGNIZED_MEDIA	aa450917	match	
include/winerror.h	ERROR_NO_TRUST_LSA_SECRET	aa450917	match	
include/winerror.h	ERROR_NO_TRUST_SAM_ACCOUNT	aa450917	match	
include/winerror.h	ERROR_TRUSTED_DOMAIN_FAILURE	aa450917	match	
include/winerror.h	ERROR_TRUSTED_RELATIONSHIP_FAILURE	aa450917	match	
include/winerror.h	ERROR_TRUST_FAILURE	aa450917	match	
include/winerror.h	RPC_S_CALL_IN_PROGRESS	aa450917	match	
include/winerror.h	ERROR_NETLOGON_NOT_STARTED	aa450917	match	
include/winerror.h	ERROR_ACCOUNT_EXPIRED	aa450917	match	
include/winerror.h	ERROR_REDIRECTOR_HAS_OPEN_HANDLES	aa450917	match	
include/winerror.h	ERROR_PRINTER_DRIVER_ALREADY_INSTALLED	aa450917	match	
include/winerror.h	ERROR_UNKNOWN_PORT	aa450917	match	
include/winerror.h	ERROR_UNKNOWN_PRINTER_DRIVER	aa450917	match	
include/winerror.h	ERROR_UNKNOWN_PRINTPROCESSOR	aa450917	match	
include/winerror.h	ERROR_INVALID_SEPARATOR_FILE	aa450917	match	
include/winerror.h	ERROR_INVALID_PRIORITY	aa450917	match	
include/winerror.h	ERROR_INVALID_PRINTER_NAME	aa450917	match	
include/winerror.h	ERROR_PRINTER_ALREADY_EXISTS	aa450917	match	
include/winerror.h	ERROR_INVALID_PRINTER_COMMAND	aa450917	match	
include/winerror.h	ERROR_INVALID_DATATYPE	aa450917	match	
include/winerror.h	ERROR_INVALID_ENVIRONMENT	aa450917	match	
include/winerror.h	RPC_S_NO_MORE_BINDINGS	aa450917	match	
include/winerror.h	ERROR_NOLOGON_INTERDOMAIN_TRUST_ACCOUNT	aa450917	match	
include/winerror.h	ERROR_NOLOGON_WORKSTATION_TRUST_ACCOUNT	aa450917	match	
include/winerror.h	ERROR_NOLOGON_SERVER_TRUST_ACCOUNT	aa450917	match	
include/winerror.h	ERROR_DOMAIN_TRUST_INCONSISTENT	aa450917	match	
include/winerror.h	ERROR_SERVER_HAS_OPEN_HANDLES	aa450917	match	
include/winerror.h	ERROR_RESOURCE_DATA_NOT_FOUND	aa450917	match	
include/winerror.h	ERROR_RESOURCE_TYPE_NOT_FOUND	aa450917	match	
include/winerror.h	ERROR_RESOURCE_NAME_NOT_FOUND	aa450917	match	
include/winerror.h	ERROR_RESOURCE_LANG_NOT_FOUND	aa450917	match	
include/winerror.h	ERROR_NOT_ENOUGH_QUOTA	aa450917	match	
include/winerror.h	RPC_S_NO_INTERFACES	aa450917	match	
include/winerror.h	RPC_S_CALL_CANCELLED	aa450917	match	
include/winerror.h	RPC_S_BINDING_INCOMPLETE	aa450917	match	
include/winerror.h	RPC_S_COMM_FAILURE	aa450917	match	
include/winerror.h	RPC_S_UNSUPPORTED_AUTHN_LEVEL	aa450917	match	
include/winerror.h	RPC_S_NO_PRINC_NAME	aa450917	match	
include/winerror.h	RPC_S_NOT_RPC_ERROR	aa450917	match	
include/winerror.h	RPC_S_UUID_LOCAL_ONLY	aa450917	match	
include/winerror.h	RPC_S_SEC_PKG_ERROR	aa450917	match	
include/winerror.h	RPC_S_NOT_CANCELLED	aa450917	match	
include/winerror.h	RPC_X_INVALID_ES_ACTION	aa450917	match	
include/winerror.h	RPC_X_WRONG_ES_VERSION	aa450917	match	
include/winerror.h	RPC_X_WRONG_STUB_VERSION	aa450917	match	
include/winerror.h	RPC_X_INVALID_PIPE_OBJECT	aa450917	match	
include/winerror.h	RPC_X_INVALID_PIPE_OPERATION	aa450917	match	
include/winerror.h	RPC_X_WRONG_PIPE_VERSION	aa450917	match	
include/winerror.h	RPC_S_GROUP_MEMBER_NOT_FOUND	aa450917	match	
include/winerror.h	EPT_S_CANT_CREATE	aa450917	match	
include/winerror.h	RPC_S_INVALID_OBJECT	aa450917	match	
include/winerror.h	ERROR_INVALID_TIME	aa450917	match	
include/winerror.h	ERROR_INVALID_FORM_NAME	aa450917	match	
include/winerror.h	ERROR_INVALID_FORM_SIZE	aa450917	match	
include/winerror.h	ERROR_ALREADY_WAITING	aa450917	match	
include/winerror.h	ERROR_PRINTER_DELETED	aa450917	match	
include/winerror.h	ERROR_INVALID_PRINTER_STATE	aa450917	match	
include/winerror.h	ERROR_PASSWORD_MUST_CHANGE	aa450917	match	
include/winerror.h	ERROR_DOMAIN_CONTROLLER_NOT_FOUND	aa450917	match	
include/winerror.h	ERROR_ACCOUNT_LOCKED_OUT	aa450917	match	
include/winerror.h	OR_INVALID_OXID	aa450917	match	
include/winerror.h	OR_INVALID_OID	aa450917	match	
include/winerror.h	OR_INVALID_SET	aa450917	match	
include/winerror.h	RPC_S_SEND_INCOMPLETE	aa450917	match	
include/winerror.h	ERROR_INVALID_PIXEL_FORMAT	aa450917	match	
include/winerror.h	ERROR_BAD_DRIVER	aa450917	match	
include/winerror.h	ERROR_INVALID_WINDOW_STYLE	aa450917	match	
include/winerror.h	ERROR_METAFILE_NOT_SUPPORTED	aa450917	match	
include/winerror.h	ERROR_TRANSFORM_NOT_SUPPORTED	aa450917	match	
include/winerror.h	ERROR_CLIPPING_NOT_SUPPORTED	aa450917	match	
include/winerror.h	ERROR_BAD_USERNAME	aa450917	match	
include/winerror.h	ERROR_NOT_CONNECTED	aa450917	match	
include/winerror.h	ERROR_OPEN_FILES	aa450917	match	
include/winerror.h	ERROR_ACTIVE_CONNECTIONS	aa450917	match	
include/winerror.h	ERROR_DEVICE_IN_USE	aa450917	match	
include/winerror.h	ERROR_UNKNOWN_PRINT_MONITOR	aa450917	match	
include/winerror.h	ERROR_PRINTER_DRIVER_IN_USE	aa450917	match	
include/winerror.h	ERROR_SPOOL_FILE_NOT_FOUND	aa450917	match	
include/winerror.h	ERROR_SPL_NO_STARTDOC	aa450917	match	
include/winerror.h	ERROR_SPL_NO_ADDJOB	aa450917	match	
include/winerror.h	ERROR_PRINT_PROCESSOR_ALREADY_INSTALLED	aa450917	match	
include/winerror.h	ERROR_PRINT_MONITOR_ALREADY_INSTALLED	aa450917	match	
include/winerror.h	ERROR_INVALID_PRINT_MONITOR	aa450917	match	
include/winerror.h	ERROR_PRINT_MONITOR_IN_USE	aa450917	match	
include/winerror.h	ERROR_PRINTER_HAS_JOBS_QUEUED	aa450917	match	
include/winerror.h	ERROR_SUCCESS_REBOOT_REQUIRED	aa450917	match	
include/winerror.h	ERROR_SUCCESS_RESTART_REQUIRED	aa450917	match	
include/winerror.h	ERROR_WINS_INTERNAL	aa450917	match	
include/winerror.h	ERROR_CAN_NOT_DEL_LOCAL_WINS	aa450917	match	
include/winerror.h	ERROR_STATIC_INIT	aa450917	match	
include/winerror.h	ERROR_INC_BACKUP	aa450917	match	
include/winerror.h	ERROR_FULL_BACKUP	aa450917	match	
include/winerror.h	ERROR_REC_NON_EXISTENT	aa450917	match	
include/winerror.h	ERROR_RPL_NOT_ALLOWED	aa450917	match	
include/winerror.h	ERROR_NO_BROWSER_SERVERS_FOUND	aa450917	match	
include/winerror.h	NTE_BAD_UID	aa451033	match	
include/winerror.h	NTE_BAD_HASH	aa451033	match	
include/winerror.h	NTE_BAD_KEY	aa451033	match	
include/winerror.h	NTE_BAD_LEN	aa451033	match	
include/winerror.h	NTE_BAD_DATA	aa451033	match	
include/winerror.h	NTE_BAD_SIGNATURE	aa451033	match	
include/winerror.h	NTE_BAD_VER	aa451033	match	
include/winerror.h	NTE_BAD_ALGID	aa451033	match	
include/winerror.h	NTE_BAD_FLAGS	aa451033	match	
include/winerror.h	NTE_BAD_TYPE	aa451033	match	
include/winerror.h	NTE_BAD_KEY_STATE	aa451033	match	
include/winerror.h	NTE_BAD_HASH_STATE	aa451033	match	
include/winerror.h	NTE_NO_KEY	aa451033	match	
include/winerror.h	NTE_NO_MEMORY	aa451033	match	
include/winerror.h	NTE_EXISTS	aa451033	match	
include/winerror.h	NTE_PERM	aa451033	match	
include/winerror.h	NTE_NOT_FOUND	aa451033	match	
include/winerror.h	NTE_DOUBLE_ENCRYPT	aa451033	match	
include/winerror.h	NTE_BAD_PROVIDER	aa451033	match	
include/winerror.h	NTE_BAD_PROV_TYPE	aa451033	match	
include/winerror.h	NTE_BAD_PUBLIC_KEY	aa451033	match	
include/winerror.h	NTE_BAD_KEYSET	aa451033	match	
include/winerror.h	NTE_PROV_TYPE_NOT_DEF	aa451033	match	
include/winerror.h	NTE_PROV_TYPE_ENTRY_BAD	aa451033	match	
include/winerror.h	NTE_KEYSET_NOT_DEF	aa451033	match	
include/winerror.h	NTE_KEYSET_ENTRY_BAD	aa451033	match	
include/winerror.h	NTE_PROV_TYPE_NO_MATCH	aa451033	match	
include/winerror.h	NTE_SIGNATURE_FILE_BAD	aa451033	match	
include/winerror.h	NTE_PROVIDER_DLL_FAIL	aa451033	match	
include/winerror.h	NTE_PROV_DLL_NOT_FOUND	aa451033	match	
include/winerror.h	NTE_BAD_KEYSET_PARAM	aa451033	match	
include/winerror.h	NTE_FAIL	aa451033	match	
include/winerror.h	NTE_SYS_ERR	aa451033	match	
include/winerror.h	CRYPT_E_MSG_ERROR	aa451026	match	
include/winerror.h	CRYPT_E_UNKNOWN_ALGO	aa451026	match	
include/winerror.h	CRYPT_E_OID_FORMAT	aa451026	match	
include/winerror.h	CRYPT_E_INVALID_MSG_TYPE	aa451026	match	
include/winerror.h	CRYPT_E_UNEXPECTED_ENCODING	aa451026	match	
include/winerror.h	CRYPT_E_AUTH_ATTR_MISSING	aa451026	match	
include/winerror.h	CRYPT_E_HASH_VALUE	aa451026	match	
include/winerror.h	CRYPT_E_INVALID_INDEX	aa451026	match	
include/winerror.h	CRYPT_E_ALREADY_DECRYPTED	aa451026	match	
include/winerror.h	CRYPT_E_NOT_DECRYPTED	aa451026	match	
include/winerror.h	CRYPT_E_RECIPIENT_NOT_FOUND	aa451026	match	
include/winerror.h	CRYPT_E_CONTROL_TYPE	aa451026	match	
include/winerror.h	CRYPT_E_ISSUER_SERIALNUMBER	aa451026	match	
include/winerror.h	CRYPT_E_SIGNER_NOT_FOUND	aa451026	match	
include/winerror.h	CRYPT_E_ATTRIBUTES_MISSING	aa451026	match	
include/winerror.h	CRYPT_E_STREAM_MSG_NOT_READY	aa451026	match	
include/winerror.h	CRYPT_E_BAD_LEN	aa451026	match	
include/winerror.h	CRYPT_E_BAD_ENCODE	aa451026	match	
include/winerror.h	CRYPT_E_FILE_ERROR	aa451026	match	
include/winerror.h	CRYPT_E_NOT_FOUND	aa451026	match	
include/winerror.h	CRYPT_E_EXISTS	aa451026	match	
include/winerror.h	CRYPT_E_NO_PROVIDER	aa451026	match	
include/winerror.h	CRYPT_E_SELF_SIGNED	aa451026	match	
include/winerror.h	CRYPT_E_DELETED_PREV	aa451026	match	
include/winerror.h	CRYPT_E_NO_MATCH	aa451026	match	
include/winerror.h	CRYPT_E_UNEXPECTED_MSG_TYPE	aa451026	match	
include/winerror.h	CRYPT_E_NO_KEY_PROPERTY	aa451026	match	
include/winerror.h	CRYPT_E_NO_DECRYPT_CERT	aa451026	match	
include/winerror.h	CRYPT_E_BAD_MSG	aa451026	match	
include/winerror.h	CRYPT_E_NO_SIGNER	aa451026	match	
include/winerror.h	CRYPT_E_PENDING_CLOSE	aa451026	match	
include/winerror.h	CRYPT_E_REVOKED	aa451026	match	
include/winerror.h	CRYPT_E_NO_REVOCATION_DLL	aa451026	match	
include/winerror.h	CRYPT_E_NO_REVOCATION_CHECK	aa451026	match	
include/winerror.h	CRYPT_E_REVOCATION_OFFLINE	aa451026	match	
include/winerror.h	CRYPT_E_INVALID_X500_STRING	aa451026	match	
include/winerror.h	CRYPT_E_NOT_CHAR_STRING	aa451026	match	
include/winerror.h	CRYPT_E_FILERESIZED	aa451026	match	
include/winerror.h	CRYPT_E_SECURITY_SETTINGS	aa451026	match	
include/winerror.h	CRYPT_E_NO_VERIFY_USAGE_DLL	aa451026	match	
include/winerror.h	CRYPT_E_NO_VERIFY_USAGE_CHECK	aa451026	match	
include/winerror.h	CRYPT_E_VERIFY_USAGE_OFFLINE	aa451026	match	
include/winerror.h	CRYPT_E_NOT_IN_CTL	aa451026	match	
include/winerror.h	CRYPT_E_NO_TRUSTED_SIGNER	aa451026	match	
include/winerror.h	CRYPT_E_OSS_ERROR	aa451026	match	
include/winerror.h	CERTSRV_E_BAD_REQUESTSUBJECT	aa451023	match	
include/winerror.h	CERTSRV_E_NO_REQUEST	aa451023	match	
include/winerror.h	CERTSRV_E_BAD_REQUESTSTATUS	aa451023	match	
include/winerror.h	CERTSRV_E_PROPERTY_EMPTY	aa451023	match	
include/winerror.h	CERTDB_E_JET_ERROR	aa451023	match	
include/winerror.h	TRUST_E_SYSTEM_ERROR	aa451035	match	
include/winerror.h	TRUST_E_NO_SIGNER_CERT	aa451035	match	
include/winerror.h	TRUST_E_COUNTER_SIGNER	aa451035	match	
include/winerror.h	TRUST_E_CERT_SIGNATURE	aa451035	match	
include/winerror.h	TRUST_E_TIME_STAMP	aa451035	match	
include/winerror.h	TRUST_E_BAD_DIGEST	aa451035	match	
include/winerror.h	TRUST_E_BASIC_CONSTRAINTS	aa451035	match	
include/winerror.h	TRUST_E_FINANCIAL_CRITERIA	aa451035	match	
include/oak/Ntddndis.h	OID_802_3_CURRENT_ADDRESS	ms905735	name-no-value-on-page	value R1/derived
include/oak/Ntddndis.h	OID_802_3_MAC_OPTIONS	ms905736	name-no-value-on-page	value R1/derived
include/oak/Ntddndis.h	OID_802_3_MAXIMUM_LIST_SIZE	ms905737	name-no-value-on-page	value R1/derived
include/oak/Ntddndis.h	OID_802_3_MULTICAST_LIST	ms905738	name-no-value-on-page	value R1/derived
include/oak/Ntddndis.h	OID_802_3_PERMANENT_ADDRESS	ms905739	name-no-value-on-page	value R1/derived
include/oak/Ntddndis.h	OID_802_3_RCV_ERROR_ALIGNMENT	ms905740	name-no-value-on-page	value R1/derived
include/oak/Ntddndis.h	OID_802_3_RCV_OVERRUN	ms905741	name-no-value-on-page	value R1/derived
include/oak/Ntddndis.h	OID_802_3_XMIT_DEFERRED	ms905742	name-no-value-on-page	value R1/derived
include/oak/Ntddndis.h	OID_802_3_XMIT_HEARTBEAT_FAILURE	ms905743	name-no-value-on-page	value R1/derived
include/oak/Ntddndis.h	OID_802_3_XMIT_LATE_COLLISIONS	ms905744	name-no-value-on-page	value R1/derived
include/oak/Ntddndis.h	OID_802_3_XMIT_MAX_COLLISIONS	ms905745	name-no-value-on-page	value R1/derived
include/oak/Ntddndis.h	OID_802_3_XMIT_MORE_COLLISIONS	ms905746	name-no-value-on-page	value R1/derived
include/oak/Ntddndis.h	OID_802_3_XMIT_ONE_COLLISION	ms905747	name-no-value-on-page	value R1/derived
include/oak/Ntddndis.h	OID_802_3_XMIT_TIMES_CRS_LOST	ms905748	name-no-value-on-page	value R1/derived
include/oak/Ntddndis.h	OID_802_3_XMIT_UNDERRUN	ms905749	name-no-value-on-page	value R1/derived
include/oak/Ntddndis.h	OID_GEN_CURRENT_LOOKAHEAD	aa448105	name-no-value-on-page	value R1/derived
include/oak/Ntddndis.h	OID_GEN_CURRENT_PACKET_FILTER	aa448106	name-no-value-on-page	value R1/derived
include/oak/Ntddndis.h	OID_GEN_DRIVER_VERSION	aa448107	name-no-value-on-page	value R1/derived
include/oak/Ntddndis.h	OID_GEN_HARDWARE_STATUS	aa448108	name-no-value-on-page	value R1/derived
include/oak/Ntddndis.h	OID_GEN_LINK_SPEED	aa448109	name-no-value-on-page	value R1/derived
include/oak/Ntddndis.h	OID_GEN_MAC_OPTIONS	aa448110	name-no-value-on-page	value R1/derived
include/oak/Ntddndis.h	OID_GEN_MAXIMUM_FRAME_SIZE	aa448112	name-no-value-on-page	value R1/derived
include/oak/Ntddndis.h	OID_GEN_MAXIMUM_LOOKAHEAD	aa448113	name-no-value-on-page	value R1/derived
include/oak/Ntddndis.h	OID_GEN_MAXIMUM_SEND_PACKETS	aa448114	name-no-value-on-page	value R1/derived
include/oak/Ntddndis.h	OID_GEN_MAXIMUM_TOTAL_SIZE	aa448115	name-no-value-on-page	value R1/derived
include/oak/Ntddndis.h	OID_GEN_MEDIA_CONNECT_STATUS	aa448116	name-no-value-on-page	value R1/derived
include/oak/Ntddndis.h	OID_GEN_MEDIA_IN_USE	aa448117	name-no-value-on-page	value R1/derived
include/oak/Ntddndis.h	OID_GEN_MEDIA_SUPPORTED	aa448118	name-no-value-on-page	value R1/derived
include/oak/Ntddndis.h	OID_GEN_NETWORK_LAYER_ADDRESSES	aa448119	name-no-value-on-page	value R1/derived
include/oak/Ntddndis.h	OID_GEN_PHYSICAL_MEDIUM	aa448120	name-no-value-on-page	value R1/derived
include/oak/Ntddndis.h	OID_GEN_PROTOCOL_OPTIONS	aa448121	name-no-value-on-page	value R1/derived
include/oak/Ntddndis.h	OID_GEN_RECEIVE_BLOCK_SIZE	aa448122	name-no-value-on-page	value R1/derived
include/oak/Ntddndis.h	OID_GEN_RECEIVE_BUFFER_SPACE	aa448123	name-no-value-on-page	value R1/derived
include/oak/Ntddndis.h	OID_GEN_TRANSMIT_BLOCK_SIZE	aa448125	name-no-value-on-page	value R1/derived
include/oak/Ntddndis.h	OID_GEN_TRANSMIT_BUFFER_SPACE	aa448126	name-no-value-on-page	value R1/derived
include/oak/Ntddndis.h	OID_GEN_TRANSPORT_HEADER_OFFSET	aa448127	name-no-value-on-page	value R1/derived
include/oak/Ntddndis.h	OID_GEN_VENDOR_DESCRIPTION	aa448128	name-no-value-on-page	value R1/derived
include/oak/Ntddndis.h	OID_GEN_VENDOR_ID	aa448129	name-no-value-on-page	value R1/derived
include/oak/Rndismini.h	REQ_ID_VENDOR_ID	aa447838	match	
include/oak/Rndismini.h	REQ_ID_VENDOR_DESCRIPTION	aa447838	match	
include/oak/Rndismini.h	REQ_ID_DEVICE_MAX_RX	aa447838	match	
include/oak/Rndismini.h	REQ_ID_DEVICE_MACADDR	aa447838	match	
include/oak/Rtccore.h	RTCAU_BASIC	ms931697	match	
include/oak/Rtccore.h	RTCAU_DIGEST	ms931697	match	
include/oak/Rtccore.h	RTCAU_KERBEROS	ms931697	match	
include/oak/Rtccore.h	RTCAU_NTLM	ms931697	match	
include/oak/Rtccore.h	RTCAU_USE_LOGON_CRED	ms931697	match	
include/oak/Rtccore.h	RTCCS_FAIL_ON_REDIRECT	ms931725	match	
include/oak/Rtccore.h	RTCCS_FORCE_PROFILE	ms931725	match	
include/oak/Rtccore.h	RTCEF_ALL	ms931840	match	
include/oak/Rtccore.h	RTCEF_BUDDY	ms931840	match	
include/oak/Rtccore.h	RTCEF_BUDDY2	ms931840	match	
include/oak/Rtccore.h	RTCEF_CLIENT	ms931840	match	
include/oak/Rtccore.h	RTCEF_GROUP	ms931840	match	
include/oak/Rtccore.h	RTCEF_INFO	ms931840	match	
include/oak/Rtccore.h	RTCEF_INTENSITY	ms931840	match	
include/oak/Rtccore.h	RTCEF_MEDIA	ms931840	match	
include/oak/Rtccore.h	RTCEF_MEDIA_REQUEST	ms931840	match	
include/oak/Rtccore.h	RTCEF_MESSAGING	ms931840	match	
include/oak/Rtccore.h	RTCEF_PARTICIPANT_STATE_CHANGE	ms931840	match	
include/oak/Rtccore.h	RTCEF_PRESENCE_DATA	ms931840	match	
include/oak/Rtccore.h	RTCEF_PRESENCE_PROPERTY	ms931840	match	
include/oak/Rtccore.h	RTCEF_PRESENCE_STATUS	ms931840	match	
include/oak/Rtccore.h	RTCEF_PROFILE	ms931840	match	
include/oak/Rtccore.h	RTCEF_REGISTRATION_STATE_CHANGE	ms931840	match	
include/oak/Rtccore.h	RTCEF_REINVITE	ms931840	match	
include/oak/Rtccore.h	RTCEF_ROAMING	ms931840	match	
include/oak/Rtccore.h	RTCEF_SESSION_OPERATION_COMPLETE	ms931840	match	
include/oak/Rtccore.h	RTCEF_SESSION_REFER_STATUS	ms931840	match	
include/oak/Rtccore.h	RTCEF_SESSION_REFERRED	ms931840	match	
include/oak/Rtccore.h	RTCEF_SESSION_STATE_CHANGE	ms931840	match	
include/oak/Rtccore.h	RTCEF_USERSEARCH	ms931840	match	
include/oak/Rtccore.h	RTCEF_WATCHER	ms931840	match	
include/oak/Rtccore.h	RTCEF_WATCHER2	ms931840	match	
include/oak/Rtccore.h	RTCIF_DISABLE_MEDIA	ms912432	match	
include/oak/Rtccore.h	RTCIF_DISABLE_STRICT_DNS	ms912432	match	
include/oak/Rtccore.h	RTCIF_DISABLE_UPNP	ms912432	match	
include/oak/Rtccore.h	RTCIF_ENABLE_SERVER_CLASS	ms912432	match	
include/oak/Rtccore.h	RTCMT_ALL	ms912554	match	
include/oak/Rtccore.h	RTCMT_ALL_RTP	ms912554	match	
include/oak/Rtccore.h	RTCMT_AUDIO_RECEIVE	ms912554	match	
include/oak/Rtccore.h	RTCMT_AUDIO_SEND	ms912554	match	
include/oak/Rtccore.h	RTCMT_T120_SENDRECV	ms912554	match	
include/oak/Rtccore.h	RTCMT_VIDEO_RECEIVE	ms912554	match	
include/oak/Rtccore.h	RTCMT_VIDEO_SEND	ms912554	match	
include/oak/Rtccore.h	RTCRF_REGISTER_ALL	ms912574	match	
include/oak/Rtccore.h	RTCRF_REGISTER_INVITE_SESSIONS	ms912574	match	
include/oak/Rtccore.h	RTCRF_REGISTER_MESSAGE_SESSIONS	ms912574	match	
include/oak/Rtccore.h	RTCRF_REGISTER_NOTIFY	ms912574	match	
include/oak/Rtccore.h	RTCRF_REGISTER_PRESENCE	ms912574	match	
include/oak/Rtccore.h	RTCRMF_ALL_ROAMING	ms912576	match	
include/oak/Rtccore.h	RTCRMF_BUDDY_ROAMING	ms912576	match	
include/oak/Rtccore.h	RTCRMF_PRESENCE_ROAMING	ms912576	match	
include/oak/Rtccore.h	RTCRMF_PROFILE_ROAMING	ms912576	match	
include/oak/Rtccore.h	RTCRMF_WATCHER_ROAMING	ms912576	match	
include/oak/Rtccore.h	RTCSI_APPLICATION	ms912584	match	
include/oak/Rtccore.h	RTCSI_IM	ms912584	match	
include/oak/Rtccore.h	RTCSI_MULTIPARTY	ms912584	match	
include/oak/Rtccore.h	RTCSI_PC_TO_PC	ms912584	match	
include/oak/Rtccore.h	RTCSI_PC_TO_PHONE	ms912584	match	
include/oak/Rtccore.h	RTCSI_PHONE_TO_PHONE	ms912584	match	
include/oak/Rtccore.h	RTCTR_TCP	ms912587	match	
include/oak/Rtccore.h	RTCTR_TLS	ms912587	match	
include/oak/Rtccore.h	RTCTR_UDP	ms912587	match	
include/oak/Rtcerr.h	RTC_E_ANOTHER_MEDIA_SESSION_ACTIVE	ms931795	match	
include/oak/Rtcerr.h	RTC_E_BASIC_AUTH_SET_TLS	ms931795	match	
include/oak/Rtcerr.h	RTC_E_CLIENT_ALREADY_INITIALIZED	ms931795	match	
include/oak/Rtcerr.h	RTC_E_CLIENT_ALREADY_SHUT_DOWN	ms931795	match	
include/oak/Rtcerr.h	RTC_E_CLIENT_NOT_INITIALIZED	ms931795	match	
include/oak/Rtcerr.h	RTC_E_DESTINATION_ADDRESS_LOCAL	ms931795	match	
include/oak/Rtcerr.h	RTC_E_DESTINATION_ADDRESS_MULTICAST	ms931795	match	
include/oak/Rtcerr.h	RTC_E_DUPLICATE_BUDDY	ms931795	match	
include/oak/Rtcerr.h	RTC_E_DUPLICATE_GROUP	ms931795	match	
include/oak/Rtcerr.h	RTC_E_DUPLICATE_REALM	ms931795	match	
include/oak/Rtcerr.h	RTC_E_DUPLICATE_WATCHER	ms931795	match	
include/oak/Rtcerr.h	RTC_E_INSUFFICIENT_SECURITY_LEVEL	ms931795	match	
include/oak/Rtcerr.h	RTC_E_INVALID_ACL_LIST	ms931795	match	
include/oak/Rtcerr.h	RTC_E_INVALID_ADDRESS_LOCAL	ms931795	match	
include/oak/Rtcerr.h	RTC_E_INVALID_BUDDY_LIST	ms931795	match	
include/oak/Rtcerr.h	RTC_E_INVALID_LISTEN_SOCKET	ms931795	match	
include/oak/Rtcerr.h	RTC_E_INVALID_OBJECT_STATE	ms931795	match	
include/oak/Rtcerr.h	RTC_E_INVALID_PORTRANGE	ms931795	match	
include/oak/Rtcerr.h	RTC_E_INVALID_PREFERENCE_LIST	ms931795	match	
include/oak/Rtcerr.h	RTC_E_INVALID_PROFILE	ms931795	match	
include/oak/Rtcerr.h	RTC_E_INVALID_PROXY_ADDRESS	ms931795	match	
include/oak/Rtcerr.h	RTC_E_INVALID_REGISTRATION_STATE	ms931795	match	
include/oak/Rtcerr.h	RTC_E_INVALID_SESSION_STATE	ms931795	match	
include/oak/Rtcerr.h	RTC_E_INVALID_SESSION_TYPE	ms931795	match	
include/oak/Rtcerr.h	RTC_E_INVALID_SIP_URL	ms931795	match	
include/oak/Rtcerr.h	RTC_E_INVITEE_PARTY_TIMEOUT	ms931795	match	
include/oak/Rtcerr.h	RTC_E_LISTENING_SOCKET_NOT_EXIST	ms931795	match	
include/oak/Rtcerr.h	RTC_E_LOCAL_PHONE_NEEDED	ms931795	match	
include/oak/Rtcerr.h	RTC_E_MALFORMED_XML	ms931795	match	
include/oak/Rtcerr.h	RTC_E_MAX_PENDING_OPERATIONS	ms931795	match	
include/oak/Rtcerr.h	RTC_E_MAX_REDIRECTS	ms931795	match	
include/oak/Rtcerr.h	RTC_E_MEDIA_AEC	ms931795	match	
include/oak/Rtcerr.h	RTC_E_MEDIA_AUDIO_DEVICE_NOT_AVAILABLE	ms931795	match	
include/oak/Rtcerr.h	RTC_E_MEDIA_CONTROLLER_STATE	ms931795	match	
include/oak/Rtcerr.h	RTC_E_MEDIA_DISABLED	ms931795	match	
include/oak/Rtcerr.h	RTC_E_MEDIA_ENABLED	ms931795	match	
include/oak/Rtcerr.h	RTC_E_MEDIA_NEED_TERMINAL	ms931795	match	
include/oak/Rtcerr.h	RTC_E_MEDIA_SESSION_IN_HOLD	ms931795	match	
include/oak/Rtcerr.h	RTC_E_MEDIA_SESSION_NOT_EXIST	ms931795	match	
include/oak/Rtcerr.h	RTC_E_MEDIA_VIDEO_DEVICE_NOT_AVAILABLE	ms931795	match	
include/oak/Rtcerr.h	RTC_E_NOT_EXIST	ms931795	match	
include/oak/Rtcerr.h	RTC_E_NOT_PRESENCE_PROFILE	ms931795	match	
include/oak/Rtcerr.h	RTC_E_NO_BUDDY	ms931795	match	
include/oak/Rtcerr.h	RTC_E_NO_DEVICE	ms931795	match	
include/oak/Rtcerr.h	RTC_E_NO_GROUP	ms931795	match	
include/oak/Rtcerr.h	RTC_E_NO_PROFILE	ms931795	match	
include/oak/Rtcerr.h	RTC_E_NO_REALM	ms931795	match	
include/oak/Rtcerr.h	RTC_E_NO_TRANSPORT	ms931795	match	
include/oak/Rtcerr.h	RTC_E_NO_WATCHER	ms931795	match	
include/oak/Rtcerr.h	RTC_E_PINT_STATUS_REJECTED_ALL_BUSY	ms931795	match	
include/oak/Rtcerr.h	RTC_E_PINT_STATUS_REJECTED_BADNUMBER	ms931795	match	
include/oak/Rtcerr.h	RTC_E_PINT_STATUS_REJECTED_BUSY	ms931795	match	
include/oak/Rtcerr.h	RTC_E_PINT_STATUS_REJECTED_CANCELLED	ms931795	match	
include/oak/Rtcerr.h	RTC_E_PINT_STATUS_REJECTED_NO_ANSWER	ms931795	match	
include/oak/Rtcerr.h	RTC_E_PINT_STATUS_REJECTED_PL_FAILED	ms931795	match	
include/oak/Rtcerr.h	RTC_E_PINT_STATUS_REJECTED_SW_FAILED	ms931795	match	
include/oak/Rtcerr.h	RTC_E_POLICY_NOT_ALLOW	ms931795	match	
include/oak/Rtcerr.h	RTC_E_PORT_MANAGER_ALREADY_SET	ms931795	match	
include/oak/Rtcerr.h	RTC_E_PORT_MAPPING_FAILED	ms931795	match	
include/oak/Rtcerr.h	RTC_E_PORT_MAPPING_UNAVAILABLE	ms931795	match	
include/oak/Rtcerr.h	RTC_E_PRESENCE_ENABLED	ms931795	match	
include/oak/Rtcerr.h	RTC_E_PRESENCE_NOT_ENABLED	ms931795	match	
include/oak/Rtcerr.h	RTC_E_PROFILE_INVALID_SERVER_AUTHMETHOD	ms931795	match	
include/oak/Rtcerr.h	RTC_E_PROFILE_INVALID_SERVER_PROTOCOL	ms931795	match	
include/oak/Rtcerr.h	RTC_E_PROFILE_INVALID_SERVER_ROLE	ms931795	match	
include/oak/Rtcerr.h	RTC_E_PROFILE_INVALID_SESSION	ms931795	match	
include/oak/Rtcerr.h	RTC_E_PROFILE_INVALID_SESSION_PARTY	ms931795	match	
include/oak/Rtcerr.h	RTC_E_PROFILE_INVALID_SESSION_TYPE	ms931795	match	
include/oak/Rtcerr.h	RTC_E_PROFILE_MULTIPLE_REGISTRARS	ms931795	match	
include/oak/Rtcerr.h	RTC_E_PROFILE_NO_KEY	ms931795	match	
include/oak/Rtcerr.h	RTC_E_PROFILE_NO_NAME	ms931795	match	
include/oak/Rtcerr.h	RTC_E_PROFILE_NO_PROVISION	ms931795	match	
include/oak/Rtcerr.h	RTC_E_PROFILE_NO_SERVER	ms931795	match	
include/oak/Rtcerr.h	RTC_E_PROFILE_NO_SERVER_ADDRESS	ms931795	match	
include/oak/Rtcerr.h	RTC_E_PROFILE_NO_SERVER_PROTOCOL	ms931795	match	
include/oak/Rtcerr.h	RTC_E_PROFILE_NO_USER	ms931795	match	
include/oak/Rtcerr.h	RTC_E_PROFILE_NO_USER_URI	ms931795	match	
include/oak/Rtcerr.h	RTC_E_PROFILE_SERVER_UNAUTHORIZED	ms931795	match	
include/oak/Rtcerr.h	RTC_E_REDIRECT_PROCESSING_FAILED	ms931795	match	
include/oak/Rtcerr.h	RTC_E_REFER_NOT_ACCEPTED	ms931795	match	
include/oak/Rtcerr.h	RTC_E_REFER_NOT_ALLOWED	ms931795	match	
include/oak/Rtcerr.h	RTC_E_REFER_NOT_EXIST	ms931795	match	
include/oak/Rtcerr.h	RTC_E_REGISTRATION_DEACTIVATED	ms931795	match	
include/oak/Rtcerr.h	RTC_E_REGISTRATION_REJECTED	ms931795	match	
include/oak/Rtcerr.h	RTC_E_REGISTRATION_UNREGISTERED	ms931795	match	
include/oak/Rtcerr.h	RTC_E_ROAMING_ENABLED	ms931795	match	
include/oak/Rtcerr.h	RTC_E_ROAMING_FAILED	ms931795	match	
include/oak/Rtcerr.h	RTC_E_ROAMING_OPERATION_INTERRUPTED	ms931795	match	
include/oak/Rtcerr.h	RTC_E_SDP_CONNECTION_ADDR	ms931795	match	
include/oak/Rtcerr.h	RTC_E_SDP_FAILED_TO_BUILD	ms931795	match	
include/oak/Rtcerr.h	RTC_E_SDP_MULTICAST	ms931795	match	
include/oak/Rtcerr.h	RTC_E_SDP_NOT_PRESENT	ms931795	match	
include/oak/Rtcerr.h	RTC_E_SDP_NO_MEDIA	ms931795	match	
include/oak/Rtcerr.h	RTC_E_SDP_PARSE_FAILED	ms931795	match	
include/oak/Rtcerr.h	RTC_E_SDP_UPDATE_FAILED	ms931795	match	
include/oak/Rtcerr.h	RTC_E_SECURITY_LEVEL_NOT_COMPATIBLE	ms931795	match	
include/oak/Rtcerr.h	RTC_E_SECURITY_LEVEL_NOT_DEFINED	ms931795	match	
include/oak/Rtcerr.h	RTC_E_SECURITY_LEVEL_NOT_SUPPORTED_BY_PARTICIPANT	ms931795	match	
include/oak/Rtcerr.h	RTC_E_SIP_ADDITIONAL_PARTY_IN_TWO_PARTY_SESSION	ms931795	match	
include/oak/Rtcerr.h	RTC_E_SIP_AUTH_FAILED	ms931795	match	
include/oak/Rtcerr.h	RTC_E_SIP_AUTH_HEADER_SENT	ms931795	match	
include/oak/Rtcerr.h	RTC_E_SIP_AUTH_TIME_SKEW	ms931795	match	
include/oak/Rtcerr.h	RTC_E_SIP_AUTH_TYPE_NOT_SUPPORTED	ms931795	match	
include/oak/Rtcerr.h	RTC_E_SIP_CALL_CONNECTION_NOT_ESTABLISHED	ms931795	match	
include/oak/Rtcerr.h	RTC_E_SIP_CALL_DISCONNECTED	ms931795	match	
include/oak/Rtcerr.h	RTC_E_SIP_CODECS_DO_NOT_MATCH	ms931795	match	
include/oak/Rtcerr.h	RTC_E_SIP_DNS_FAIL	ms931795	match	
include/oak/Rtcerr.h	RTC_E_SIP_HEADER_NOT_PRESENT	ms931795	match	
include/oak/Rtcerr.h	RTC_E_SIP_HIGH_SECURITY_SET_TLS	ms931795	match	
include/oak/Rtcerr.h	RTC_E_SIP_HOLD_OPERATION_PENDING	ms931795	match	
include/oak/Rtcerr.h	RTC_E_SIP_INCOMPATIBLE_ENCRYPTION	ms931795	match	
include/oak/Rtcerr.h	RTC_E_SIP_INVALID_CERTIFICATE	ms931795	match	
include/oak/Rtcerr.h	RTC_E_SIP_INVITE_TRANSACTION_PENDING	ms931795	match	
include/oak/Rtcerr.h	RTC_E_SIP_NEED_MORE_DATA	ms931795	match	
include/oak/Rtcerr.h	RTC_E_SIP_NO_STREAM	ms931795	match	
include/oak/Rtcerr.h	RTC_E_SIP_OTHER_PARTY_JOIN_IN_PROGRESS	ms931795	match	
include/oak/Rtcerr.h	RTC_E_SIP_PARSE_FAILED	ms931795	match	
include/oak/Rtcerr.h	RTC_E_SIP_PARTY_ALREADY_IN_SESSION	ms931795	match	
include/oak/Rtcerr.h	RTC_E_SIP_REQUEST_DESTINATION_ADDR_NOT_PRESENT	ms931795	match	
include/oak/Rtcerr.h	RTC_E_SIP_SSL_NEGOTIATION_TIMEOUT	ms931795	match	
include/oak/Rtcerr.h	RTC_E_SIP_SSL_TUNNEL_FAILED	ms931795	match	
include/oak/Rtcerr.h	RTC_E_SIP_STACK_SHUTDOWN	ms931795	match	
include/oak/Rtcerr.h	RTC_E_SIP_STREAM_NOT_PRESENT	ms931795	match	
include/oak/Rtcerr.h	RTC_E_SIP_STREAM_PRESENT	ms931795	match	
include/oak/Rtcerr.h	RTC_E_SIP_TCP_FAIL	ms931795	match	
include/oak/Rtcerr.h	RTC_E_SIP_TIMEOUT	ms931795	match	
include/oak/Rtcerr.h	RTC_E_SIP_TLS_FAIL	ms931795	match	
include/oak/Rtcerr.h	RTC_E_SIP_TRANSPORT_NOT_SUPPORTED	ms931795	match	
include/oak/Rtcerr.h	RTC_E_SIP_UDP_SIZE_EXCEEDED	ms931795	match	
include/oak/Rtcerr.h	RTC_E_SIP_UNHOLD_OPERATION_PENDING	ms931795	match	
include/oak/Rtcerr.h	RTC_E_START_STREAM	ms931795	match	
include/oak/Rtcerr.h	RTC_E_STATUS_CLIENT_ADDRESS_INCOMPLETE	ms931795	match	
include/oak/Rtcerr.h	RTC_E_STATUS_CLIENT_AMBIGUOUS	ms931795	match	
include/oak/Rtcerr.h	RTC_E_STATUS_CLIENT_BAD_EXTENSION	ms931795	match	
include/oak/Rtcerr.h	RTC_E_STATUS_CLIENT_BAD_REQUEST	ms931795	match	
include/oak/Rtcerr.h	RTC_E_STATUS_CLIENT_BUSY_HERE	ms931795	match	
include/oak/Rtcerr.h	RTC_E_STATUS_CLIENT_CONFLICT	ms931795	match	
include/oak/Rtcerr.h	RTC_E_STATUS_CLIENT_FORBIDDEN	ms931795	match	
include/oak/Rtcerr.h	RTC_E_STATUS_CLIENT_GONE	ms931795	match	
include/oak/Rtcerr.h	RTC_E_STATUS_CLIENT_LENGTH_REQUIRED	ms931795	match	
include/oak/Rtcerr.h	RTC_E_STATUS_CLIENT_LOOP_DETECTED	ms931795	match	
include/oak/Rtcerr.h	RTC_E_STATUS_CLIENT_METHOD_NOT_ALLOWED	ms931795	match	
include/oak/Rtcerr.h	RTC_E_STATUS_CLIENT_NOT_ACCEPTABLE	ms931795	match	
include/oak/Rtcerr.h	RTC_E_STATUS_CLIENT_NOT_FOUND	ms931795	match	
include/oak/Rtcerr.h	RTC_E_STATUS_CLIENT_PAYMENT_REQUIRED	ms931795	match	
include/oak/Rtcerr.h	RTC_E_STATUS_CLIENT_PROXY_AUTHENTICATION_REQUIRED	ms931795	match	
include/oak/Rtcerr.h	RTC_E_STATUS_CLIENT_REQUEST_ENTITY_TOO_LARGE	ms931795	match	
include/oak/Rtcerr.h	RTC_E_STATUS_CLIENT_REQUEST_TIMEOUT	ms931795	match	
include/oak/Rtcerr.h	RTC_E_STATUS_CLIENT_REQUEST_URI_TOO_LARGE	ms931795	match	
include/oak/Rtcerr.h	RTC_E_STATUS_CLIENT_TEMPORARILY_NOT_AVAILABLE	ms931795	match	
include/oak/Rtcerr.h	RTC_E_STATUS_CLIENT_TOO_MANY_HOPS	ms931795	match	
include/oak/Rtcerr.h	RTC_E_STATUS_CLIENT_TRANSACTION_DOES_NOT_EXIST	ms931795	match	
include/oak/Rtcerr.h	RTC_E_STATUS_CLIENT_UNAUTHORIZED	ms931795	match	
include/oak/Rtcerr.h	RTC_E_STATUS_CLIENT_UNSUPPORTED_MEDIA_TYPE	ms931795	match	
include/oak/Rtcerr.h	RTC_E_STATUS_GLOBAL_BUSY_EVERYWHERE	ms931795	match	
include/oak/Rtcerr.h	RTC_E_STATUS_GLOBAL_DECLINE	ms931795	match	
include/oak/Rtcerr.h	RTC_E_STATUS_GLOBAL_DOES_NOT_EXIST_ANYWHERE	ms931795	match	
include/oak/Rtcerr.h	RTC_E_STATUS_GLOBAL_NOT_ACCEPTABLE	ms931795	match	
include/oak/Rtcerr.h	RTC_E_STATUS_INFO_CALL_FORWARDING	ms931795	match	
include/oak/Rtcerr.h	RTC_E_STATUS_INFO_QUEUED	ms931795	match	
include/oak/Rtcerr.h	RTC_E_STATUS_INFO_RINGING	ms931795	match	
include/oak/Rtcerr.h	RTC_E_STATUS_INFO_TRYING	ms931795	match	
include/oak/Rtcerr.h	RTC_E_STATUS_NOT_ACCEPTABLE_HERE	ms931795	match	
include/oak/Rtcerr.h	RTC_E_STATUS_REDIRECT_ALTERNATIVE_SERVICE	ms931795	match	
include/oak/Rtcerr.h	RTC_E_STATUS_REDIRECT_MOVED_PERMANENTLY	ms931795	match	
include/oak/Rtcerr.h	RTC_E_STATUS_REDIRECT_MOVED_TEMPORARILY	ms931795	match	
include/oak/Rtcerr.h	RTC_E_STATUS_REDIRECT_MULTIPLE_CHOICES	ms931795	match	
include/oak/Rtcerr.h	RTC_E_STATUS_REDIRECT_SEE_OTHER	ms931795	match	
include/oak/Rtcerr.h	RTC_E_STATUS_REDIRECT_USE_PROXY	ms931795	match	
include/oak/Rtcerr.h	RTC_E_STATUS_REQUEST_TERMINATED	ms931795	match	
include/oak/Rtcerr.h	RTC_E_STATUS_SERVER_BAD_GATEWAY	ms931795	match	
include/oak/Rtcerr.h	RTC_E_STATUS_SERVER_INTERNAL_ERROR	ms931795	match	
include/oak/Rtcerr.h	RTC_E_STATUS_SERVER_NOT_IMPLEMENTED	ms931795	match	
include/oak/Rtcerr.h	RTC_E_STATUS_SERVER_SERVER_TIMEOUT	ms931795	match	
include/oak/Rtcerr.h	RTC_E_STATUS_SERVER_SERVICE_UNAVAILABLE	ms931795	match	
include/oak/Rtcerr.h	RTC_E_STATUS_SERVER_VERSION_NOT_SUPPORTED	ms931795	match	
include/oak/Rtcerr.h	RTC_E_STATUS_SESSION_PROGRESS	ms931795	match	
include/oak/Rtcerr.h	RTC_E_STATUS_SUCCESS	ms931795	match	
include/oak/Rtcerr.h	RTC_E_TOO_MANY_GROUPS	ms931795	match	
include/oak/Rtcerr.h	RTC_E_TOO_MANY_RETRIES	ms931795	match	
include/oak/Rtcerr.h	RTC_E_TOO_SMALL_EXPIRES_VALUE	ms931795	match	
include/oak/Rtcerr.h	RTC_E_INVALID_SUBSCRIPTION_STATE	ee499276	match	
include/oak/Rtcerr.h	RTC_S_ROAMING_NOT_SUPPORTED	ms912578	match	
