# action	name	note
keep	ActivateDevice	doc-derived (doc)
keep	ActivateDeviceEx	doc-derived (doc)
keep	ActivateKeyboardLayout	doc-derived (doc)
keep	ActivateService	doc-derived (doc)
keep	AddFontResourceW	doc-derived (doc-generic)
keep	AddVectoredExceptionHandler	doc-derived (doc)
keep	AdvertiseInterface	doc-derived (doc)
keep	AllocPhysMem	doc-derived (doc)
keep	AlphaBlend	doc-derived (doc)
keep	BatteryDrvrGetLevels	doc-derived (doc)
keep	BatteryDrvrSupportsChangeNotification	doc-derived (doc)
keep	BatteryGetLifeTimeInfo	doc-derived (doc)
keep	BatteryNotifyOfTimeChange	doc-derived (doc)
keep	BeginPaint	doc-derived (doc)
keep	BitBlt	doc-derived (doc)
keep	CacheRangeFlush	doc-derived (doc)
keep	CacheSync	doc-derived (doc)
keep	CaptureDumpFileOnDevice	doc-derived (doc)
keep	CeAllocAsynchronousBuffer	doc-derived (doc)
keep	CeAllocDuplicateBuffer	doc-derived (doc)
keep	CeCallUserProc	doc-derived (doc)
keep	CeChangeDatabaseLCID	doc-derived (doc)
keep	CeClearReplChangeBitsEx	doc-derived (doc)
keep	CeClearUserNotification	doc-derived (doc)
keep	CeCloseCallerBuffer	doc-derived (doc)
keep	CeCreateDatabase	doc-derived (doc)
keep	CeCreateDatabaseEx	doc-derived (doc)
keep	CeCreateDatabaseEx2	doc-derived (doc)
keep	CeDeleteDatabase	doc-derived (doc)
keep	CeDeleteDatabaseEx	doc-derived (doc)
keep	CeDeleteRecord	doc-derived (doc)
keep	CeEnumDBVolumes	doc-derived (doc)
keep	CeEventHasOccurred	doc-derived (doc)
keep	CeFindCloseRegChange	doc-derived (doc)
keep	CeFindFirstDatabase	doc-derived (doc)
keep	CeFindFirstDatabaseEx	doc-derived (doc)
keep	CeFindFirstRegChange	doc-derived (doc)
keep	CeFindNextChangedRecord	doc-derived (doc)
keep	CeFindNextDatabase	doc-derived (doc)
keep	CeFindNextDatabaseEx	doc-derived (doc)
keep	CeFindNextRegChange	doc-derived (doc)
keep	CeFlushAsynchronousBuffer	doc-derived (doc)
keep	CeFlushDBVol	doc-derived (doc)
keep	CeFreeAsynchronousBuffer	doc-derived (doc)
keep	CeFreeDuplicateBuffer	doc-derived (doc)
keep	CeFreeNotification	doc-derived (doc)
keep	CeGenRandom	doc-derived (doc)
keep	CeGetCallerTrust	doc-derived (doc)
keep	CeGetCanonicalPathNameW	doc-derived (doc-generic)
keep	CeGetDBInformationByHandle	doc-derived (doc)
keep	CeGetFileNotificationInfo	doc-derived (doc)
keep	CeGetRandomSeed	doc-derived (doc)
keep	CeGetRawTime	doc-derived (doc)
keep	CeGetRawTimeOffset	doc-derived (doc)
keep	CeGetReplChangeBitsEx	doc-derived (doc)
keep	CeGetReplChangeMask	doc-derived (doc)
keep	CeGetReplOtherBitsEx	doc-derived (doc)
keep	CeGetThreadPriority	doc-derived (doc)
keep	CeGetThreadQuantum	doc-derived (doc)
keep	CeGetUserNotification	doc-derived (doc)
keep	CeGetUserNotificationHandles	doc-derived (doc)
keep	CeGetUserNotificationPreferences	doc-derived (doc)
keep	CeHandleAppNotifications	doc-derived (doc)
keep	CeHeapCreate	doc-derived (doc)
keep	CeLogData	doc-derived (doc)
keep	CeLogGetZones	doc-derived (doc)
keep	CeLogInterrupt	doc-derived (doc)
keep	CeLogMsg	doc-derived (doc)
keep	CeLogQueryZones	doc-derived (doc)
keep	CeLogReSync	doc-derived (doc)
keep	CeLogSetZones	doc-derived (doc)
keep	CeLogThreadMigrate	doc-derived (doc)
keep	CeMountDBVol	doc-derived (doc)
keep	CeOidGetInfo	doc-derived (doc)
keep	CeOidGetInfoEx	doc-derived (doc)
keep	CeOidGetInfoEx2	doc-derived (doc)
keep	CeOpenCallerBuffer	doc-derived (doc)
keep	CeOpenDatabase	doc-derived (doc)
keep	CeOpenDatabaseEx	doc-derived (doc)
keep	CeOpenDatabaseEx2	doc-derived (doc)
keep	CeReadRecordProps	doc-derived (doc)
keep	CeReadRecordPropsEx	doc-derived (doc)
keep	CeRegGetInfo	doc-derived (doc)
keep	CeRegGetNotificationInfo	doc-derived (doc)
keep	CeRegTestSetValueW	doc-derived (doc)
keep	CeRegisterReplNotification	doc-derived (doc)
keep	CeRemoteHeapCreate	doc-derived (doc)
keep	CeRemoteHeapTranslatePointer	doc-derived (doc)
keep	CeRunAppAtEvent	doc-derived (doc)
keep	CeRunAppAtTime	doc-derived (doc)
keep	CeSeekDatabase	doc-derived (doc)
keep	CeSeekDatabaseEx	doc-derived (doc)
keep	CeSetDatabaseInfo	doc-derived (doc)
keep	CeSetDatabaseInfoEx	doc-derived (doc)
keep	CeSetDatabaseInfoEx2	doc-derived (doc)
keep	CeSetPowerOnEvent	doc-derived (doc)
keep	CeSetProcessVersion	doc-derived (doc)
keep	CeSetReplChangeBitsEx	doc-derived (doc)
keep	CeSetReplChangeMask	doc-derived (doc)
keep	CeSetReplOtherBitsEx	doc-derived (doc)
keep	CeSetThreadQuantum	doc-derived (doc)
keep	CeSetUserNotification	doc-derived (doc)
keep	CeSetUserNotificationEx	doc-derived (doc)
keep	CeSvcAdd	doc-derived (doc)
keep	CeSvcQueryInfo	doc-derived (doc)
keep	CeSvcRemove	doc-derived (doc)
keep	CeUnmountDBVol	doc-derived (doc)
keep	CeVirtualSharedAlloc	doc-derived (doc)
keep	CeWriteRecordProps	doc-derived (doc)
keep	CeZeroPointer	doc-derived (doc)
keep	ChangeDisplaySettingsEx	doc-derived (doc)
keep	CharNextW	doc-derived (doc-generic)
keep	CheckDlgButton	doc-derived (doc)
keep	ClientToScreen	doc-derived (doc)
keep	CloseHandle	doc-derived (doc)
keep	CloseMsgQueue	doc-derived (doc)
keep	CombineRgn	doc-derived (doc)
keep	CompareFileTime	doc-derived (doc)
keep	ContinueDebugEvent	doc-derived (doc)
keep	ConvertThreadToFiber	doc-derived (doc)
keep	CopyFileExW	doc-derived (doc-generic)
keep	CopyFileW	doc-derived (doc-generic)
keep	CreateAPIHandle	doc-derived (doc)
keep	CreateAPISet	doc-derived (doc)
keep	CreateBitmap	doc-derived (doc)
keep	CreateCompatibleBitmap	doc-derived (doc)
keep	CreateCompatibleDC	doc-derived (doc)
keep	CreateDCW	doc-derived (doc-generic)
keep	CreateDIBPatternBrushPt	doc-derived (doc)
keep	CreateDIBSection	doc-derived (doc)
keep	CreateDirectoryW	doc-derived (doc-generic)
keep	CreateEnrollmentConfigDialog	doc-derived (doc)
keep	CreateEventW	doc-derived (doc-generic)
keep	CreateFiber	doc-derived (doc)
keep	CreateFileForMapping	doc-derived (doc)
keep	CreateFileForMappingW	doc-derived (doc-generic)
keep	CreateFileMappingW	doc-derived (doc-generic)
keep	CreateFileW	doc-derived (doc-generic)
keep	CreateFontIndirectW	doc-derived (doc-generic)
keep	CreateMsgQueue	doc-derived (doc)
keep	CreateMutexW	doc-derived (doc-generic)
keep	CreatePalette	doc-derived (doc)
keep	CreatePatternBrush	doc-derived (doc)
keep	CreatePen	doc-derived (doc)
keep	CreatePenIndirect	doc-derived (doc)
keep	CreateProcessW	doc-derived (doc-generic)
keep	CreateRectRgn	doc-derived (doc)
keep	CreateRectRgnIndirect	doc-derived (doc)
keep	CreateSolidBrush	doc-derived (doc)
keep	CreateStaticMapping	doc-derived (doc)
keep	CreateThread	doc-derived (doc)
keep	CreateWatchDogTimer	doc-derived (doc)
keep	CredDelete	doc-derived (doc)
keep	CredFree	doc-derived (doc)
keep	CredRead	doc-derived (doc)
keep	CredUpdate	doc-derived (doc)
keep	CredWrite	doc-derived (doc)
keep	CryptAcquireContextW	doc-derived (doc-generic)
keep	CryptContextAddRef	doc-derived (doc)
keep	CryptCreateHash	doc-derived (doc)
keep	CryptDecrypt	doc-derived (doc)
keep	CryptDeriveKey	doc-derived (doc)
keep	CryptDestroyHash	doc-derived (doc)
keep	CryptDestroyKey	doc-derived (doc)
keep	CryptDuplicateHash	doc-derived (doc)
keep	CryptDuplicateKey	doc-derived (doc)
keep	CryptEncrypt	doc-derived (doc)
keep	CryptEnumProviderTypesW	doc-derived (doc-generic)
keep	CryptEnumProvidersW	doc-derived (doc-generic)
keep	CryptExportKey	doc-derived (doc)
keep	CryptFindLocalizedName	doc-derived (doc)
keep	CryptGenKey	doc-derived (doc)
keep	CryptGenRandom	doc-derived (doc)
keep	CryptGetDefaultProviderW	doc-derived (doc-generic)
keep	CryptGetHashParam	doc-derived (doc)
keep	CryptGetKeyParam	doc-derived (doc)
keep	CryptGetProvParam	doc-derived (doc)
keep	CryptGetUserKey	doc-derived (doc)
keep	CryptHashData	doc-derived (doc)
keep	CryptHashSessionKey	doc-derived (doc)
keep	CryptImportKey	doc-derived (doc)
keep	CryptMsgCalculateEncodedLength	doc-derived (doc)
keep	CryptMsgClose	doc-derived (doc)
keep	CryptMsgControl	doc-derived (doc)
keep	CryptMsgDuplicate	doc-derived (doc)
keep	CryptMsgGetParam	doc-derived (doc)
keep	CryptMsgOpenToDecode	doc-derived (doc)
keep	CryptMsgOpenToEncode	doc-derived (doc)
keep	CryptMsgUpdate	doc-derived (doc)
keep	CryptProtectData	doc-derived (doc)
keep	CryptReleaseContext	doc-derived (doc)
keep	CryptSetHashParam	doc-derived (doc)
keep	CryptSetKeyParam	doc-derived (doc)
keep	CryptSetProvParam	doc-derived (doc)
keep	CryptSetProviderExW	doc-derived (doc-generic)
keep	CryptSetProviderW	doc-derived (doc-generic)
keep	CryptSignHashW	doc-derived (doc-generic)
keep	CryptUnprotectData	doc-derived (doc)
keep	CryptVerifySignatureW	doc-derived (doc-generic)
keep	DDKReg_GetIsrInfo	doc-derived (doc)
keep	DDKReg_GetPciInfo	doc-derived (doc)
keep	DDKReg_GetWindowInfo	doc-derived (doc)
keep	DeactivateDevice	doc-derived (doc)
keep	DebugActiveProcess	doc-derived (doc)
keep	DebugActiveProcessStop	doc-derived (doc)
keep	DebugBreak	doc-derived (doc)
keep	DeinitLAP	doc-derived (doc)
keep	DeleteAndRenameFile	doc-derived (doc)
keep	DeleteDC	doc-derived (doc)
keep	DeleteFiber	doc-derived (doc)
keep	DeleteFileW	doc-derived (doc-generic)
keep	DeleteObject	doc-derived (doc)
keep	DeregisterDevice	doc-derived (doc)
keep	DeregisterService	doc-derived (doc)
keep	DeviceIoControl	doc-derived (doc)
keep	DevicePowerNotify	doc-derived (doc)
keep	DisableThreadLibraryCalls	doc-derived (doc)
keep	DispatchMessageW	doc-derived (doc-generic)
keep	DrawEdge	doc-derived (doc)
keep	DrawFocusRect	doc-derived (doc)
keep	DrawTextW	doc-derived (doc-generic)
keep	DuplicateHandle	doc-derived (doc)
keep	Ellipse	doc-derived (doc)
keep	EnableEUDC	doc-derived (doc)
keep	EnumDevices	doc-derived (doc)
keep	EnumDisplayDevices	doc-derived (doc)
keep	EnumDisplayMonitors	doc-derived (doc)
keep	EnumDisplaySettings	doc-derived (doc)
keep	EnumFontFamiliesExW	doc-derived (doc-generic)
keep	EnumFontFamiliesW	doc-derived (doc-generic)
keep	EnumFontsW	doc-derived (doc-generic)
keep	EnumPnpIds	doc-derived (doc)
keep	EnumPropsEx	doc-derived (doc)
keep	EnumPropsExW	doc-derived (doc-generic)
keep	EnumServices	doc-derived (doc)
keep	EqualRgn	doc-derived (doc)
keep	ExcludeClipRect	doc-derived (doc)
keep	ExitProcess	doc-derived (doc)
keep	ExitThread	doc-derived (doc)
keep	ExtCreateRegion	doc-derived (doc)
keep	ExtEscape	doc-derived (doc)
keep	ExtTextOutW	doc-derived (doc-generic)
keep	FileSystemPowerFunction	doc-derived (doc)
keep	FileTimeToLocalFileTime	doc-derived (doc)
keep	FileTimeToSystemTime	doc-derived (doc)
keep	FillRect	doc-derived (doc)
keep	FillRgn	doc-derived (doc)
keep	FindClose	doc-derived (doc)
keep	FindCloseChangeNotification	doc-derived (doc)
keep	FindFirstChangeNotificationW	doc-derived (doc-generic)
keep	FindFirstFileExW	doc-derived (doc-generic)
keep	FindFirstFileW	doc-derived (doc-generic)
keep	FindNextChangeNotification	doc-derived (doc)
keep	FindNextFileW	doc-derived (doc-generic)
keep	FindResource	doc-derived (doc)
keep	FindResourceW	doc-derived (doc-generic)
keep	FlushFileBuffers	doc-derived (doc)
keep	FlushInstructionCache	doc-derived (doc)
keep	FlushViewOfFile	doc-derived (doc)
keep	ForcePageout	doc-derived (doc)
keep	ForwardDeviceIoControl	doc-derived (doc)
keep	FreeIntChainHandler	doc-derived (doc)
keep	FreeLibrary	doc-derived (doc)
keep	FreePhysMem	doc-derived (doc)
keep	GetBkColor	doc-derived (doc)
keep	GetBkMode	doc-derived (doc)
keep	GetCallerProcess	doc-derived (doc)
keep	GetCallerVMProcessId	doc-derived (doc)
keep	GetCapture	doc-derived (doc)
keep	GetCharABCWidths	doc-derived (doc)
keep	GetCharABCWidthsI	doc-derived (doc)
keep	GetCharABCWidthsW	doc-derived (doc-generic)
keep	GetCharWidth32	doc-derived (doc)
keep	GetCharWidth32W	doc-derived (doc-generic)
keep	GetClipBox	doc-derived (doc)
keep	GetClipRgn	doc-derived (doc)
keep	GetCommandLineW	doc-derived (doc-generic)
keep	GetCurrentFT	doc-derived (doc)
keep	GetCurrentFiber	doc-derived (doc)
keep	GetCurrentObject	doc-derived (doc)
keep	GetCurrentPermissions	doc-derived (doc)
keep	GetCurrentPositionEx	doc-derived (doc)
keep	GetCurrentProcess	doc-derived (doc)
keep	GetCurrentProcessId	doc-derived (doc)
keep	GetCurrentThread	doc-derived (doc)
keep	GetCurrentThreadId	doc-derived (doc)
keep	GetDC	doc-derived (doc)
keep	GetDCEx	doc-derived (doc)
keep	GetDIBColorTable	doc-derived (doc)
keep	GetDeviceCaps	doc-derived (doc)
keep	GetDevicePower	doc-derived (doc)
keep	GetDeviceUniqueID	doc-derived (doc)
keep	GetDirectCallerProcessId	doc-derived (doc)
keep	GetDiskFreeSpaceExW	doc-derived (doc-generic)
keep	GetDllVersion	doc-derived (doc)
keep	GetDoubleClickTime	doc-derived (doc)
keep	GetEventData	doc-derived (doc)
keep	GetExitCodeProcess	doc-derived (doc)
keep	GetExitCodeThread	doc-derived (doc)
keep	GetFiberData	doc-derived (doc)
keep	GetFileAttributesExW	doc-derived (doc-generic)
keep	GetFileAttributesW	doc-derived (doc-generic)
keep	GetFileInformationByHandle	doc-derived (doc)
keep	GetFileSize	doc-derived (doc)
keep	GetFileTime	doc-derived (doc)
keep	GetFileVersionInfoSizeW	doc-derived (doc-generic)
keep	GetFileVersionInfoW	doc-derived (doc-generic)
keep	GetFontData	doc-derived (doc)
keep	GetIdleTime	doc-derived (doc)
keep	GetKeyboardLayoutList	doc-derived (doc)
keep	GetKeyboardType	doc-derived (doc)
keep	GetLastError	doc-derived (doc)
keep	GetLayout	doc-derived (doc)
keep	GetLocalTime	doc-derived (doc)
keep	GetMessagePos	doc-derived (doc)
keep	GetMessageQueueReadyTimeStamp	doc-derived (doc)
keep	GetMessageSource	doc-derived (doc)
keep	GetMessageW	doc-derived (doc-generic)
keep	GetModuleFileNameW	doc-derived (doc-generic)
keep	GetModuleHandleW	doc-derived (doc-generic)
keep	GetModuleInformation	doc-derived (doc)
keep	GetMonitorInfo	doc-derived (doc)
keep	GetMouseMovePoints	doc-derived (doc)
keep	GetMsgQueueInfo	doc-derived (doc)
keep	GetNearestColor	doc-derived (doc)
keep	GetNearestPaletteIndex	doc-derived (doc)
keep	GetObjectType	doc-derived (doc)
keep	GetObjectW	doc-derived (doc-generic)
keep	GetOutlineTextMetricsW	doc-derived (doc-generic)
keep	GetOwnerProcess	doc-derived (doc)
keep	GetPaletteEntries	doc-derived (doc)
keep	GetPasswordStatus	doc-derived (doc)
keep	GetPixel	doc-derived (doc)
keep	GetProcAddressW	doc-derived (doc-generic)
keep	GetProcessVersion	doc-derived (doc)
keep	GetProp	doc-derived (doc)
keep	GetPropW	doc-derived (doc-generic)
keep	GetQueueStatus	doc-derived (doc)
keep	GetROP2	doc-derived (doc)
keep	GetRegionData	doc-derived (doc)
keep	GetRgnBox	doc-derived (doc)
keep	GetServiceHandle	doc-derived (doc)
keep	GetStdioPathW	doc-derived (doc)
keep	GetStockObject	doc-derived (doc)
keep	GetStoreInformation	doc-derived (doc)
keep	GetStretchBltMode	doc-derived (doc)
keep	GetStringTypeW	doc-derived (doc)
keep	GetSysColorBrush	doc-derived (doc)
keep	GetSystemInfo	doc-derived (doc)
keep	GetSystemMemoryDivision	doc-derived (doc)
keep	GetSystemPaletteEntries	doc-derived (doc)
keep	GetSystemPowerState	doc-derived (doc)
keep	GetSystemPowerStatusEx	doc-derived (doc)
keep	GetSystemPowerStatusEx2	doc-derived (doc)
keep	GetSystemTime	doc-derived (doc)
keep	GetSystemTimeAsFileTime	doc-derived (doc)
keep	GetTempFileNameW	doc-derived (doc-generic)
keep	GetTempPathW	doc-derived (doc-generic)
keep	GetTextAlign	doc-derived (doc)
keep	GetTextCharacterExtra	doc-derived (doc)
keep	GetTextColor	doc-derived (doc)
keep	GetTextExtentExPointW	doc-derived (doc-generic)
keep	GetTextExtentPoint32W	doc-derived (doc-generic)
keep	GetTextExtentPointW	doc-derived (doc-generic)
keep	GetTextFaceW	doc-derived (doc-generic)
keep	GetTextMetricsW	doc-derived (doc-generic)
keep	GetThreadCallStack	doc-derived (doc)
keep	GetThreadContext	doc-derived (doc)
keep	GetThreadPriority	doc-derived (doc)
keep	GetThreadTimes	doc-derived (doc)
keep	GetTickCount	doc-derived (doc)
keep	GetTimeZoneInformation	doc-derived (doc)
keep	GetUpdateRect	doc-derived (doc)
keep	GetUpdateRgn	doc-derived (doc)
keep	GetUserDirectory	doc-derived (doc)
keep	GetUserNameExW	doc-derived (doc-generic)
keep	GetVersionEx	doc-derived (doc)
keep	GetVersionExW	doc-derived (doc-generic)
keep	GetViewportExtEx	doc-derived (doc)
keep	GetViewportOrgEx	doc-derived (doc)
keep	GetWindowDC	doc-derived (doc)
keep	GetWindowExtEx	doc-derived (doc)
keep	GetWindowOrgEx	doc-derived (doc)
keep	GetWindowRgn	doc-derived (doc)
keep	GlobalAddAtomW	doc-derived (doc-generic)
keep	GlobalDeleteAtom	doc-derived (doc)
keep	GlobalFindAtomW	doc-derived (doc-generic)
keep	GlobalMemoryStatus	doc-derived (doc)
keep	GradientFill	doc-derived (doc)
keep	GwesPowerOffSystem	doc-derived (doc)
keep	HandleBlob	doc-derived (doc)
keep	HeapAlloc	doc-derived (doc)
keep	HeapCompact	doc-derived (doc)
keep	HeapCreate	doc-derived (doc)
keep	HeapDestroy	doc-derived (doc)
keep	HeapFree	doc-derived (doc)
keep	HeapReAlloc	doc-derived (doc)
keep	HeapSize	doc-derived (doc)
keep	HeapValidate	doc-derived (doc)
keep	InSendMessage	doc-derived (doc)
keep	InterlockedCompareExchange	doc-derived (doc)
keep	InterlockedCompareExchangePointer	doc-derived (doc)
keep	InterlockedDecrement	doc-derived (doc)
keep	InterlockedExchange	doc-derived (doc)
keep	InterlockedExchangeAdd	doc-derived (doc)
keep	InterlockedExchangePointer	doc-derived (doc)
keep	InterlockedIncrement	doc-derived (doc)
keep	InterlockedTestExchange	doc-derived (doc)
keep	InterruptDisable	doc-derived (doc)
keep	InterruptDone	doc-derived (doc)
keep	InterruptInitialize	doc-derived (doc)
keep	InterruptMask	doc-derived (doc)
keep	IntersectClipRect	doc-derived (doc)
keep	InvalidateRect	doc-derived (doc)
keep	InvalidateRgn	doc-derived (doc)
keep	InvertRect	doc-derived (doc)
keep	IsBadCodePtr	doc-derived (doc)
keep	IsBadReadPtr	doc-derived (doc)
keep	IsBadWritePtr	doc-derived (doc)
keep	IsDBCSLeadByte	doc-derived (doc)
keep	IsDBCSLeadByteEx	doc-derived (doc)
keep	IsDlgButtonChecked	doc-derived (doc)
keep	IsNamedEventSignaled	doc-derived (doc)
keep	KernelIoControl	doc-derived (doc)
keep	KernelLibIoControl	doc-derived (doc)
keep	KeybdGetDeviceInfo	doc-derived (doc)
keep	LAPCreateEnrollmentConfigDialog	doc-derived (doc)
keep	LASSReloadConfig	doc-derived (doc)
keep	LineTo	doc-derived (doc)
keep	LoadDriver	doc-derived (doc)
keep	LoadFSD	doc-derived (doc)
keep	LoadIntChainHandler	doc-derived (doc)
keep	LoadKernelLibrary	doc-derived (doc)
keep	LoadKeyboardLayoutW	doc-derived (doc-generic)
keep	LoadLibraryExW	doc-derived (doc-generic)
keep	LoadLibraryW	doc-derived (doc-generic)
keep	LoadResource	doc-derived (doc)
keep	LocalAlloc	doc-derived (doc)
keep	LocalFileTimeToFileTime	doc-derived (doc)
keep	LocalFree	doc-derived (doc)
keep	LocalReAlloc	doc-derived (doc)
keep	LocalSize	doc-derived (doc)
keep	LockFileEx	doc-derived (doc)
keep	LockPages	doc-derived (doc)
keep	LockResource	doc-derived (doc)
keep	MapCallerPtr	doc-derived (doc)
keep	MapPtrToProcess	doc-derived (doc)
keep	MapViewOfFile	doc-derived (doc)
keep	MapWindowPoints	doc-derived (doc)
keep	MaskBlt	doc-derived (doc)
keep	MatchTarget	doc-derived (doc)
keep	MatchUser	doc-derived (doc)
keep	MonitorFromPoint	doc-derived (doc)
keep	MonitorFromRect	doc-derived (doc)
keep	MonitorFromWindow	doc-derived (doc)
keep	MoveFileW	doc-derived (doc-generic)
keep	MoveToEx	doc-derived (doc)
keep	MultiByteToWideChar	doc-derived (doc)
keep	NKCreateStaticMapping	doc-derived (doc)
keep	NKForceCleanBoot	doc-derived (doc)
keep	NotifyWinUserSystem	doc-derived (doc)
keep	OffsetRgn	doc-derived (doc)
keep	OffsetViewportOrgEx	doc-derived (doc)
keep	OpenDeviceKey	doc-derived (doc)
keep	OpenEventW	doc-derived (doc-generic)
keep	OpenMsgQueue	doc-derived (doc)
keep	OpenProcess	doc-derived (doc)
keep	OpenThread	doc-derived (doc)
keep	OpenWatchDogTimer	doc-derived (doc)
keep	PageOutModule	doc-derived (doc)
keep	PatBlt	doc-derived (doc)
keep	PeekMessageW	doc-derived (doc-generic)
keep	PlatformManageSystemPower	doc-derived (doc)
keep	PlatformMapPowerStateHint	doc-derived (doc)
keep	PlatformResumeSystem	doc-derived (doc)
keep	PlatformValidatePMRegistry	doc-derived (doc)
keep	PlaySoundW	doc-derived (doc-generic)
keep	Polygon	doc-derived (doc)
keep	Polyline	doc-derived (doc)
keep	PostMessageW	doc-derived (doc-generic)
keep	PostQuitMessage	doc-derived (doc)
keep	PostThreadMessageW	doc-derived (doc-generic)
keep	PowerOffSystem	doc-derived (doc)
keep	PowerPolicyNotify	doc-derived (doc)
keep	ProfileCaptureStatus	doc-derived (doc)
keep	ProfileStart	doc-derived (doc)
keep	ProfileStartEx	doc-derived (doc)
keep	ProfileStop	doc-derived (doc)
keep	PtInRegion	doc-derived (doc)
keep	PulseEvent	doc-derived (doc)
keep	QueryInstructionSet	doc-derived (doc)
keep	QueryPerformanceCounter	doc-derived (doc)
keep	QueryPerformanceFrequency	doc-derived (doc)
keep	RaiseException	doc-derived (doc)
keep	Random	doc-derived (doc)
keep	RasDeleteEntry	doc-derived (doc)
keep	RasDevConfigDialogEditW	doc-derived (doc-generic)
keep	RasDial	doc-derived (doc)
keep	RasEnumConnections	doc-derived (doc)
keep	RasEnumDevicesW	doc-derived (doc-generic)
keep	RasEnumEntries	doc-derived (doc)
keep	RasGetConnectStatus	doc-derived (doc)
keep	RasGetDispPhoneNumW	doc-derived (doc-generic)
keep	RasGetEapConnectionData	doc-derived (doc)
keep	RasGetEapUserData	doc-derived (doc)
keep	RasGetEntryDialParams	doc-derived (doc)
keep	RasGetEntryProperties	doc-derived (doc)
keep	RasGetLinkStatistics	doc-derived (doc)
keep	RasGetProjectionInfoW	doc-derived (doc-generic)
keep	RasHangUp	doc-derived (doc)
keep	RasIOControl	doc-derived (doc)
keep	RasRenameEntry	doc-derived (doc)
keep	RasSetEapConnectionData	doc-derived (doc)
keep	RasSetEapUserData	doc-derived (doc)
keep	RasSetEntryDialParams	doc-derived (doc)
keep	RasSetEntryProperties	doc-derived (doc)
keep	RasValidateEntryName	doc-derived (doc)
keep	ReadFile	doc-derived (doc)
keep	ReadMsgQueue	doc-derived (doc)
keep	ReadMsgQueueEx	doc-derived (doc)
keep	ReadProcessMemory	doc-derived (doc)
keep	RealizePalette	doc-derived (doc)
keep	RectInRegion	doc-derived (doc)
keep	RectVisible	doc-derived (doc)
keep	Rectangle	doc-derived (doc)
keep	RedrawWindow	doc-derived (doc)
keep	RefreshWatchDogTimer	doc-derived (doc)
keep	RegCloseKey	doc-derived (doc)
keep	RegCloseKeyW	doc-derived (doc-generic)
keep	RegCopyFile	doc-derived (doc)
keep	RegCreateKeyExW	doc-derived (doc-generic)
keep	RegDeleteKeyW	doc-derived (doc-generic)
keep	RegDeleteValueW	doc-derived (doc-generic)
keep	RegEnumKeyExW	doc-derived (doc-generic)
keep	RegEnumValueW	doc-derived (doc-generic)
keep	RegFlushKey	doc-derived (doc)
keep	RegFlushKeyW	doc-derived (doc-generic)
keep	RegOpenKeyExW	doc-derived (doc-generic)
keep	RegQueryInfoKeyW	doc-derived (doc-generic)
keep	RegQueryValueExW	doc-derived (doc-generic)
keep	RegReplaceKey	doc-derived (doc)
keep	RegRestoreFile	doc-derived (doc)
keep	RegSaveKey	doc-derived (doc)
keep	RegSetValueExW	doc-derived (doc-generic)
keep	RegisterAPISet	doc-derived (doc)
keep	RegisterDevice	doc-derived (doc)
keep	RegisterPowerRelationship	doc-derived (doc)
keep	RegisterService	doc-derived (doc)
keep	RegisterWindowMessageW	doc-derived (doc-generic)
keep	ReleaseCapture	doc-derived (doc)
keep	ReleaseDC	doc-derived (doc)
keep	ReleasePowerRelationship	doc-derived (doc)
keep	ReleasePowerRequirement	doc-derived (doc)
keep	ReleaseSemaphore	doc-derived (doc)
keep	RemoveDirectoryW	doc-derived (doc-generic)
keep	RemoveFontResourceW	doc-derived (doc-generic)
keep	RemoveProp	doc-derived (doc)
keep	RemovePropW	doc-derived (doc-generic)
keep	RemoveVectoredExceptionHandler	doc-derived (doc)
keep	ReplChangeSyncSettings	doc-derived (doc)
keep	ReplCheckpoint	doc-derived (doc)
keep	ReplCloseSync	doc-derived (doc)
keep	ReplFindNextChange	doc-derived (doc)
keep	ReplGetOidStatus	doc-derived (doc)
keep	ReplGetSyncState	doc-derived (doc)
keep	ReplOpenSync	doc-derived (doc)
keep	ReportFault	doc-derived (doc)
keep	RequestBluetoothNotifications	doc-derived (doc)
keep	RequestDeviceNotifications	doc-derived (doc)
keep	RequestPowerNotifications	doc-derived (doc)
keep	ResetEvent	doc-derived (doc)
keep	ResourceCreateList	doc-derived (doc)
keep	ResourceRelease	doc-derived (doc)
keep	ResourceRequest	doc-derived (doc)
keep	RestoreDC	doc-derived (doc)
keep	ResumeThread	doc-derived (doc)
keep	RoundRect	doc-derived (doc)
keep	SHAddToRecentDocs	doc-derived (doc)
keep	SHCreateShortcut	doc-derived (doc)
keep	SHCreateShortcutEx	doc-derived (doc)
keep	SHGetShortcutTarget	doc-derived (doc)
keep	SHGetSpecialFolderPath	doc-derived (doc)
keep	SHLoadDIBitmap	doc-derived (doc)
keep	SaveDC	doc-derived (doc)
keep	ScreenToClient	doc-derived (doc)
keep	ScrollDC	doc-derived (doc)
keep	ScrollWindowEx	doc-derived (doc)
keep	SelectClipRgn	doc-derived (doc)
keep	SelectObject	doc-derived (doc)
keep	SelectPalette	doc-derived (doc)
keep	SendMessageTimeout	doc-derived (doc)
keep	SendMessageW	doc-derived (doc-generic)
keep	SendNotifyMessageW	doc-derived (doc-generic)
keep	ServiceAddPort	doc-derived (doc)
keep	ServiceClosePort	doc-derived (doc)
keep	ServiceIoControl	doc-derived (doc)
keep	ServiceUnbindPorts	doc-derived (doc)
keep	SetAPIErrorHandler	doc-derived (doc)
keep	SetBitmapBits	doc-derived (doc)
keep	SetBkColor	doc-derived (doc)
keep	SetBkMode	doc-derived (doc)
keep	SetBrushOrgEx	doc-derived (doc)
keep	SetCapture	doc-derived (doc)
keep	SetCleanRebootFlag	doc-derived (doc)
keep	SetCurrentUser	doc-derived (doc)
keep	SetDIBColorTable	doc-derived (doc)
keep	SetDIBitsToDevice	doc-derived (doc)
keep	SetDaylightTime	doc-derived (doc)
keep	SetDbgZone	doc-derived (doc)
keep	SetDevicePower	doc-derived (doc)
keep	SetEndOfFile	doc-derived (doc)
keep	SetEvent	doc-derived (doc)
keep	SetEventData	doc-derived (doc)
keep	SetFileAttributesW	doc-derived (doc-generic)
keep	SetFilePointer	doc-derived (doc)
keep	SetFileTime	doc-derived (doc)
keep	SetInterruptEvent	doc-derived (doc)
keep	SetKMode	doc-derived (doc)
keep	SetLastError	doc-derived (doc)
keep	SetLayout	doc-derived (doc)
keep	SetLocalTime	doc-derived (doc)
keep	SetOOMEvent	doc-derived (doc)
keep	SetPaletteEntries	doc-derived (doc)
keep	SetPasswordStatus	doc-derived (doc)
keep	SetPixel	doc-derived (doc)
keep	SetPowerRequirement	doc-derived (doc)
keep	SetProcPermissions	doc-derived (doc)
keep	SetProp	doc-derived (doc)
keep	SetPropW	doc-derived (doc-generic)
keep	SetROP2	doc-derived (doc)
keep	SetRectRgn	doc-derived (doc)
keep	SetStdioPathW	doc-derived (doc)
keep	SetStretchBltMode	doc-derived (doc)
keep	SetSystemMemoryDivision	doc-derived (doc)
keep	SetSystemPowerState	doc-derived (doc)
keep	SetSystemTime	doc-derived (doc)
keep	SetTextAlign	doc-derived (doc)
keep	SetTextCharacterExtra	doc-derived (doc)
keep	SetTextColor	doc-derived (doc)
keep	SetThreadPriority	doc-derived (doc)
keep	SetTimeZoneInformation	doc-derived (doc)
keep	SetUserData	doc-derived (doc)
keep	SetViewportOrgEx	doc-derived (doc)
keep	SetWindowOrgEx	doc-derived (doc)
keep	ShellExecuteEx	doc-derived (doc)
keep	SignalStarted	doc-derived (doc)
keep	SipEnumIM	doc-derived (doc)
keep	SipGetCurrentIM	doc-derived (doc)
keep	SipGetInfo	doc-derived (doc)
keep	SipRegisterNotification	doc-derived (doc)
keep	SipSetCurrentIM	doc-derived (doc)
keep	SipSetDefaultRect	doc-derived (doc)
keep	SipSetInfo	doc-derived (doc)
keep	SipShowIM	doc-derived (doc)
keep	SipStatus	doc-derived (doc)
keep	SizeofResource	doc-derived (doc)
keep	Sleep	doc-derived (doc)
keep	SleepTillTick	doc-derived (doc)
keep	StartWatchDogTimer	doc-derived (doc)
keep	StopBluetoothNotifications	doc-derived (doc)
keep	StopDeviceNotifications	doc-derived (doc)
keep	StopPowerNotifications	doc-derived (doc)
keep	StopWatchDogTimer	doc-derived (doc)
keep	StretchBlt	doc-derived (doc)
keep	StretchDIBits	doc-derived (doc)
keep	SuspendThread	doc-derived (doc)
keep	SwitchToFiber	doc-derived (doc)
keep	SystemParametersInfoW	doc-derived (doc-generic)
keep	SystemTimeToFileTime	doc-derived (doc)
keep	TSPI_lineAccept	doc-derived (doc)
keep	TSPI_lineAddToConference	doc-derived (doc)
keep	TSPI_lineAnswer	doc-derived (doc)
keep	TSPI_lineBlindTransfer	doc-derived (doc)
keep	TSPI_lineClose	doc-derived (doc)
keep	TSPI_lineCloseCall	doc-derived (doc)
keep	TSPI_lineCompleteTransfer	doc-derived (doc)
keep	TSPI_lineConfigDialogEdit	doc-derived (doc)
keep	TSPI_lineDevSpecific	doc-derived (doc)
keep	TSPI_lineDial	doc-derived (doc)
keep	TSPI_lineDrop	doc-derived (doc)
keep	TSPI_lineForward	doc-derived (doc)
keep	TSPI_lineGenerateDigits	doc-derived (doc)
keep	TSPI_lineGenerateTone	doc-derived (doc)
keep	TSPI_lineGetAddressCaps	doc-derived (doc)
keep	TSPI_lineGetAddressID	doc-derived (doc)
keep	TSPI_lineGetAddressStatus	doc-derived (doc)
keep	TSPI_lineGetCallAddressID	doc-derived (doc)
keep	TSPI_lineGetCallInfo	doc-derived (doc)
keep	TSPI_lineGetCallStatus	doc-derived (doc)
keep	TSPI_lineGetDevCaps	doc-derived (doc)
keep	TSPI_lineGetDevConfig	doc-derived (doc)
keep	TSPI_lineGetExtensionID	doc-derived (doc)
keep	TSPI_lineGetID	doc-derived (doc)
keep	TSPI_lineGetIcon	doc-derived (doc)
keep	TSPI_lineGetLineDevStatus	doc-derived (doc)
keep	TSPI_lineGetNumAddressIDs	doc-derived (doc)
keep	TSPI_lineHold	doc-derived (doc)
keep	TSPI_lineMakeCall	doc-derived (doc)
keep	TSPI_lineMonitorDigits	doc-derived (doc)
keep	TSPI_lineMonitorMedia	doc-derived (doc)
keep	TSPI_lineNegotiateExtVersion	doc-derived (doc)
keep	TSPI_lineNegotiateTSPIVersion	doc-derived (doc)
keep	TSPI_lineOpen	doc-derived (doc)
keep	TSPI_linePickup	doc-derived (doc)
keep	TSPI_linePrepareAddToConference	doc-derived (doc)
keep	TSPI_lineRedirect	doc-derived (doc)
keep	TSPI_lineReleaseUserUserInfo	doc-derived (doc)
keep	TSPI_lineRemoveFromConference	doc-derived (doc)
keep	TSPI_lineSendUserUserInfo	doc-derived (doc)
keep	TSPI_lineSetCallParams	doc-derived (doc)
keep	TSPI_lineSetDefaultMediaDetection	doc-derived (doc)
keep	TSPI_lineSetDevConfig	doc-derived (doc)
keep	TSPI_lineSetMediaMode	doc-derived (doc)
keep	TSPI_lineSetStatusMessages	doc-derived (doc)
keep	TSPI_lineSetTerminal	doc-derived (doc)
keep	TSPI_lineSetupConference	doc-derived (doc)
keep	TSPI_lineSetupTransfer	doc-derived (doc)
keep	TSPI_lineSwapHold	doc-derived (doc)
keep	TSPI_lineUnhold	doc-derived (doc)
keep	TSPI_phoneClose	doc-derived (doc)
keep	TSPI_phoneConfigDialog	doc-derived (doc)
keep	TSPI_phoneDevSpecific	doc-derived (doc)
keep	TSPI_phoneGetDevCaps	doc-derived (doc)
keep	TSPI_phoneGetExtensionID	doc-derived (doc)
keep	TSPI_phoneGetGain	doc-derived (doc)
keep	TSPI_phoneGetHookSwitch	doc-derived (doc)
keep	TSPI_phoneGetID	doc-derived (doc)
keep	TSPI_phoneGetIcon	doc-derived (doc)
keep	TSPI_phoneGetRing	doc-derived (doc)
keep	TSPI_phoneGetStatus	doc-derived (doc)
keep	TSPI_phoneGetVolume	doc-derived (doc)
keep	TSPI_phoneNegotiateExtVersion	doc-derived (doc)
keep	TSPI_phoneNegotiateTSPIVersion	doc-derived (doc)
keep	TSPI_phoneOpen	doc-derived (doc)
keep	TSPI_phoneSelectExtVersion	doc-derived (doc)
keep	TSPI_phoneSetGain	doc-derived (doc)
keep	TSPI_phoneSetHookSwitch	doc-derived (doc)
keep	TSPI_phoneSetRing	doc-derived (doc)
keep	TSPI_phoneSetStatusMessages	doc-derived (doc)
keep	TSPI_phoneSetVolume	doc-derived (doc)
keep	TSPI_providerCreateLineDevice	doc-derived (doc)
keep	TSPI_providerCreatePhoneDevice	doc-derived (doc)
keep	TSPI_providerEnumDevices	doc-derived (doc)
keep	TSPI_providerInit	doc-derived (doc)
keep	TSPI_providerInstall	doc-derived (doc)
keep	TSPI_providerRemove	doc-derived (doc)
keep	TSPI_providerRemoveDevice	doc-derived (doc)
keep	TSPI_providerShutdown	doc-derived (doc)
keep	TerminateProcess	doc-derived (doc)
keep	TerminateThread	doc-derived (doc)
keep	TlsAlloc	doc-derived (doc)
keep	TlsFree	doc-derived (doc)
keep	TlsGetValue	doc-derived (doc)
keep	TlsSetValue	doc-derived (doc)
keep	TouchCalibrate	doc-derived (doc)
keep	TranslateCharsetInfo	doc-derived (doc)
keep	TranslateMessage	doc-derived (doc)
keep	TransparentBlt	doc-derived (doc)
keep	TransparentImage	doc-derived (doc)
keep	TryEnterCriticalSection	doc-derived (doc)
keep	UnlockFileEx	doc-derived (doc)
keep	UnlockPages	doc-derived (doc)
keep	UnmapViewOfFile	doc-derived (doc)
keep	UpdateWindow	doc-derived (doc)
keep	ValidateRect	doc-derived (doc)
keep	ValidateRgn	doc-derived (doc)
keep	VerQueryValueW	doc-derived (doc-generic)
keep	VerifyUser	doc-derived (doc)
keep	VerifyUserStart	doc-derived (doc)
keep	VerifyUserStop	doc-derived (doc)
keep	VerifyUserToTop	doc-derived (doc)
keep	VirtualAlloc	doc-derived (doc)
keep	VirtualAllocCopyEx	doc-derived (doc)
keep	VirtualAllocEx	doc-derived (doc)
keep	VirtualCopy	doc-derived (doc)
keep	VirtualCopyEx	doc-derived (doc)
keep	VirtualFree	doc-derived (doc)
keep	VirtualFreeEx	doc-derived (doc)
keep	VirtualProtect	doc-derived (doc)
keep	VirtualProtectEx	doc-derived (doc)
keep	VirtualQuery	doc-derived (doc)
keep	VirtualQueryEx	doc-derived (doc)
keep	VirtualSetAttributes	doc-derived (doc)
keep	VirtualSetPageFlags	doc-derived (doc)
keep	WNetAddConnection3W	doc-derived (doc-generic)
keep	WNetCancelConnection2W	doc-derived (doc-generic)
keep	WNetCloseEnum	doc-derived (doc)
keep	WNetConnectionDialog1W	doc-derived (doc-generic)
keep	WNetDisconnectDialog	doc-derived (doc)
keep	WNetDisconnectDialog1W	doc-derived (doc-generic)
keep	WNetEnumResourceW	doc-derived (doc-generic)
keep	WNetGetConnectionW	doc-derived (doc-generic)
keep	WNetGetUniversalNameW	doc-derived (doc-generic)
keep	WNetGetUserW	doc-derived (doc-generic)
keep	WNetOpenEnumW	doc-derived (doc-generic)
keep	WaitForDebugEvent	doc-derived (doc)
keep	WaitForSingleObject	doc-derived (doc)
keep	WideCharToMultiByte	doc-derived (doc)
keep	WriteDebugLED	doc-derived (doc)
keep	WriteFile	doc-derived (doc)
keep	WriteMsgQueue	doc-derived (doc)
keep	lineAccept	doc-derived (doc)
keep	lineAddProvider	doc-derived (doc)
keep	lineAddToConference	doc-derived (doc)
keep	lineAnswer	doc-derived (doc)
keep	lineBlindTransfer	doc-derived (doc)
keep	lineClose	doc-derived (doc)
keep	lineCompleteTransfer	doc-derived (doc)
keep	lineConfigDialogEdit	doc-derived (doc)
keep	lineDeallocateCall	doc-derived (doc)
keep	lineDevSpecific	doc-derived (doc)
keep	lineDial	doc-derived (doc)
keep	lineDrop	doc-derived (doc)
keep	lineForward	doc-derived (doc)
keep	lineGenerateDigits	doc-derived (doc)
keep	lineGenerateTone	doc-derived (doc)
keep	lineGetAddressCaps	doc-derived (doc)
keep	lineGetAddressID	doc-derived (doc)
keep	lineGetAddressStatus	doc-derived (doc)
keep	lineGetAppPriority	doc-derived (doc)
keep	lineGetCallInfo	doc-derived (doc)
keep	lineGetCallStatus	doc-derived (doc)
keep	lineGetConfRelatedCalls	doc-derived (doc)
keep	lineGetDevCaps	doc-derived (doc)
keep	lineGetDevConfig	doc-derived (doc)
keep	lineGetID	doc-derived (doc)
keep	lineGetIcon	doc-derived (doc)
keep	lineGetLineDevStatus	doc-derived (doc)
keep	lineGetMessage	doc-derived (doc)
keep	lineGetNewCalls	doc-derived (doc)
keep	lineGetNumRings	doc-derived (doc)
keep	lineGetProviderList	doc-derived (doc)
keep	lineGetStatusMessages	doc-derived (doc)
keep	lineGetTranslateCaps	doc-derived (doc)
keep	lineHandoff	doc-derived (doc)
keep	lineHold	doc-derived (doc)
keep	lineInitialize	doc-derived (doc)
keep	lineInitializeEx	doc-derived (doc)
keep	lineMakeCall	doc-derived (doc)
keep	lineMonitorDigits	doc-derived (doc)
keep	lineMonitorMedia	doc-derived (doc)
keep	lineNegotiateAPIVersion	doc-derived (doc)
keep	lineNegotiateExtVersion	doc-derived (doc)
keep	lineOpen	doc-derived (doc)
keep	linePickup	doc-derived (doc)
keep	linePrepareAddToConference	doc-derived (doc)
keep	lineRedirect	doc-derived (doc)
keep	lineReleaseUserUserInfo	doc-derived (doc)
keep	lineRemoveFromConference	doc-derived (doc)
keep	lineSendUserUserInfo	doc-derived (doc)
keep	lineSetAppPriority	doc-derived (doc)
keep	lineSetCallParams	doc-derived (doc)
keep	lineSetCallPrivilege	doc-derived (doc)
keep	lineSetCurrentLocation	doc-derived (doc)
keep	lineSetDevConfig	doc-derived (doc)
keep	lineSetMediaMode	doc-derived (doc)
keep	lineSetNumRings	doc-derived (doc)
keep	lineSetStatusMessages	doc-derived (doc)
keep	lineSetTerminal	doc-derived (doc)
keep	lineSetTollList	doc-derived (doc)
keep	lineSetupConference	doc-derived (doc)
keep	lineSetupTransfer	doc-derived (doc)
keep	lineShutdown	doc-derived (doc)
keep	lineSwapHold	doc-derived (doc)
keep	lineTranslateAddress	doc-derived (doc)
keep	lineTranslateDialog	doc-derived (doc)
keep	lineUnhold	doc-derived (doc)
keep	mixerClose	doc-derived (doc)
keep	mixerGetControlDetails	doc-derived (doc)
keep	mixerGetDevCaps	doc-derived (doc)
keep	mixerGetID	doc-derived (doc)
keep	mixerGetLineControls	doc-derived (doc)
keep	mixerGetLineInfo	doc-derived (doc)
keep	mixerGetNumDevs	doc-derived (doc)
keep	mixerMessage	doc-derived (doc)
keep	mixerOpen	doc-derived (doc)
keep	mixerSetControlDetails	doc-derived (doc)
keep	mouse_event	doc-derived (doc)
keep	phoneClose	doc-derived (doc)
keep	phoneConfigDialog	doc-derived (doc)
keep	phoneDevSpecific	doc-derived (doc)
keep	phoneGetDevCaps	doc-derived (doc)
keep	phoneGetGain	doc-derived (doc)
keep	phoneGetHookSwitch	doc-derived (doc)
keep	phoneGetID	doc-derived (doc)
keep	phoneGetIcon	doc-derived (doc)
keep	phoneGetMessage	doc-derived (doc)
keep	phoneGetRing	doc-derived (doc)
keep	phoneGetStatus	doc-derived (doc)
keep	phoneGetStatusMessages	doc-derived (doc)
keep	phoneGetVolume	doc-derived (doc)
keep	phoneInitializeEx	doc-derived (doc)
keep	phoneNegotiateAPIVersion	doc-derived (doc)
keep	phoneNegotiateExtVersion	doc-derived (doc)
keep	phoneOpen	doc-derived (doc)
keep	phoneSetGain	doc-derived (doc)
keep	phoneSetHookSwitch	doc-derived (doc)
keep	phoneSetRing	doc-derived (doc)
keep	phoneSetStatusMessages	doc-derived (doc)
keep	phoneSetVolume	doc-derived (doc)
keep	phoneShutdown	doc-derived (doc)
keep	sndPlaySoundW	doc-derived (doc-generic)
keep	waveInAddBuffer	doc-derived (doc)
keep	waveInClose	doc-derived (doc)
keep	waveInGetDevCaps	doc-derived (doc)
keep	waveInGetErrorText	doc-derived (doc)
keep	waveInGetID	doc-derived (doc)
keep	waveInGetNumDevs	doc-derived (doc)
keep	waveInGetPosition	doc-derived (doc)
keep	waveInGetProperty	doc-derived (doc)
keep	waveInMessage	doc-derived (doc)
keep	waveInOpen	doc-derived (doc)
keep	waveInPrepareHeader	doc-derived (doc)
keep	waveInReset	doc-derived (doc)
keep	waveInSetProperty	doc-derived (doc)
keep	waveInStart	doc-derived (doc)
keep	waveInStop	doc-derived (doc)
keep	waveInUnprepareHeader	doc-derived (doc)
keep	waveOutBreakLoop	doc-derived (doc)
keep	waveOutClose	doc-derived (doc)
keep	waveOutGetDevCaps	doc-derived (doc)
keep	waveOutGetErrorText	doc-derived (doc)
keep	waveOutGetID	doc-derived (doc)
keep	waveOutGetNumDevs	doc-derived (doc)
keep	waveOutGetPitch	doc-derived (doc)
keep	waveOutGetPlaybackRate	doc-derived (doc)
keep	waveOutGetPosition	doc-derived (doc)
keep	waveOutGetProperty	doc-derived (doc)
keep	waveOutGetVolume	doc-derived (doc)
keep	waveOutMessage	doc-derived (doc)
keep	waveOutOpen	doc-derived (doc)
keep	waveOutPause	doc-derived (doc)
keep	waveOutPrepareHeader	doc-derived (doc)
keep	waveOutReset	doc-derived (doc)
keep	waveOutRestart	doc-derived (doc)
keep	waveOutSetPitch	doc-derived (doc)
keep	waveOutSetPlaybackRate	doc-derived (doc)
keep	waveOutSetProperty	doc-derived (doc)
keep	waveOutSetVolume	doc-derived (doc)
keep	waveOutUnprepareHeader	doc-derived (doc)
keep	waveOutWrite	doc-derived (doc)
pending	AbortDoc	catalog title; Requirements row not yet harvested
pending	AdjustWindowRectEx	catalog title; Requirements row not yet harvested
pending	AllKeys	catalog title; Requirements row not yet harvested
pending	AppendMenuW	catalog title; Requirements row not yet harvested
pending	BeginDeferWindowPos	catalog title; Requirements row not yet harvested
pending	BringWindowToTop	catalog title; Requirements row not yet harvested
pending	CallWindowProcW	catalog title; Requirements row not yet harvested
pending	CeCreateTokenFromAccount	catalog title; Requirements row not yet harvested
pending	CeFsIoControlW	catalog title; Requirements row not yet harvested
pending	CeGetCurrentTrust	catalog title; Requirements row not yet harvested
pending	CeGetVolumeInfoW	catalog title; Requirements row not yet harvested
pending	CeImpersonateCurrentProcess	catalog title; Requirements row not yet harvested
pending	CeResyncFilesys	catalog title; Requirements row not yet harvested
pending	CeSetThreadPriority	catalog title; Requirements row not yet harvested
pending	CharLowerBuffW	catalog title; Requirements row not yet harvested
pending	CharLowerW	catalog title; Requirements row not yet harvested
pending	CharPrevW	catalog title; Requirements row not yet harvested
pending	CharUpperBuffW	catalog title; Requirements row not yet harvested
pending	CharUpperW	catalog title; Requirements row not yet harvested
pending	CheckMenuItem	catalog title; Requirements row not yet harvested
pending	CheckMenuRadioItem	catalog title; Requirements row not yet harvested
pending	CheckPassword	catalog title; Requirements row not yet harvested
pending	CheckRadioButton	catalog title; Requirements row not yet harvested
pending	CheckRemoteDebuggerPresent	catalog title; Requirements row not yet harvested
pending	ChildWindowFromPoint	catalog title; Requirements row not yet harvested
pending	ClearCommBreak	catalog title; Requirements row not yet harvested
pending	ClearCommError	catalog title; Requirements row not yet harvested
pending	ClipCursor	catalog title; Requirements row not yet harvested
pending	CloseClipboard	catalog title; Requirements row not yet harvested
pending	CloseGestureInfoHandle	catalog title; Requirements row not yet harvested
pending	CompareStringW	catalog title; Requirements row not yet harvested
pending	ConvertDefaultLocale	catalog title; Requirements row not yet harvested
pending	CopyRect	catalog title; Requirements row not yet harvested
pending	CountClipboardFormats	catalog title; Requirements row not yet harvested
pending	CreateAcceleratorTableW	catalog title; Requirements row not yet harvested
pending	CreateCaret	catalog title; Requirements row not yet harvested
pending	CreateCursor	catalog title; Requirements row not yet harvested
pending	CreateDialogIndirectParamW	catalog title; Requirements row not yet harvested
pending	CreateHandler	catalog title; Requirements row not yet harvested
pending	CreateIconIndirect	catalog title; Requirements row not yet harvested
pending	CreateMenu	catalog title; Requirements row not yet harvested
pending	CreatePartition	catalog title; Requirements row not yet harvested
pending	CreatePartitionEx	catalog title; Requirements row not yet harvested
pending	CreatePopupMenu	catalog title; Requirements row not yet harvested
pending	CreateSemaphoreW	catalog title; Requirements row not yet harvested
pending	CreateTicket	catalog title; Requirements row not yet harvested
pending	CreateWindowExW	catalog title; Requirements row not yet harvested
pending	DPA_GetPtr	catalog title; Requirements row not yet harvested
pending	DataHandler	catalog title; Requirements row not yet harvested
pending	DefDlgProcW	catalog title; Requirements row not yet harvested
pending	DefWindowProcW	catalog title; Requirements row not yet harvested
pending	DeferWindowPos	catalog title; Requirements row not yet harvested
pending	DeleteCriticalSection	catalog title; Requirements row not yet harvested
pending	DeleteHandler	catalog title; Requirements row not yet harvested
pending	DeleteMenu	catalog title; Requirements row not yet harvested
pending	DeletePartition	catalog title; Requirements row not yet harvested
pending	DeleteStaticMapping	catalog title; Requirements row not yet harvested
pending	DeleteTicket	catalog title; Requirements row not yet harvested
pending	DestroyAcceleratorTable	catalog title; Requirements row not yet harvested
pending	DestroyCaret	catalog title; Requirements row not yet harvested
pending	DestroyCursor	catalog title; Requirements row not yet harvested
pending	DestroyIcon	catalog title; Requirements row not yet harvested
pending	DestroyMenu	catalog title; Requirements row not yet harvested
pending	DestroyWindow	catalog title; Requirements row not yet harvested
pending	DialogBoxIndirectParamW	catalog title; Requirements row not yet harvested
pending	DisableGestures	catalog title; Requirements row not yet harvested
pending	DisassociateSession	catalog title; Requirements row not yet harvested
pending	DismountPartition	catalog title; Requirements row not yet harvested
pending	DismountStore	catalog title; Requirements row not yet harvested
pending	DrawFrameControl	catalog title; Requirements row not yet harvested
pending	DrawIconEx	catalog title; Requirements row not yet harvested
pending	DrawMenuBar	catalog title; Requirements row not yet harvested
pending	EditSession	catalog title; Requirements row not yet harvested
pending	EditorDeregister	catalog title; Requirements row not yet harvested
pending	EditorInitialize	catalog title; Requirements row not yet harvested
pending	EmptyClipboard	catalog title; Requirements row not yet harvested
pending	EnableGestures	catalog title; Requirements row not yet harvested
pending	EnableHardwareKeyboard	catalog title; Requirements row not yet harvested
pending	EnableMenuItem	catalog title; Requirements row not yet harvested
pending	EnableWindow	catalog title; Requirements row not yet harvested
pending	EndDeferWindowPos	catalog title; Requirements row not yet harvested
pending	EndDialog	catalog title; Requirements row not yet harvested
pending	EndDoc	catalog title; Requirements row not yet harvested
pending	EndPage	catalog title; Requirements row not yet harvested
pending	EndPaint	catalog title; Requirements row not yet harvested
pending	EnterCriticalSection	catalog title; Requirements row not yet harvested
pending	EnumCalendarInfoW	catalog title; Requirements row not yet harvested
pending	EnumClipboardFormats	catalog title; Requirements row not yet harvested
pending	EnumDeviceInterfaces	catalog title; Requirements row not yet harvested
pending	EnumSystemCodePagesW	catalog title; Requirements row not yet harvested
pending	EnumUILanguagesW	catalog title; Requirements row not yet harvested
pending	EnumWindows	catalog title; Requirements row not yet harvested
pending	EqualRect	catalog title; Requirements row not yet harvested
pending	EscapeCommFunction	catalog title; Requirements row not yet harvested
pending	ExtractIconExW	catalog title; Requirements row not yet harvested
pending	FindClosePartition	catalog title; Requirements row not yet harvested
pending	FindCloseStore	catalog title; Requirements row not yet harvested
pending	FindFirstDevice	catalog title; Requirements row not yet harvested
pending	FindFirstPartition	catalog title; Requirements row not yet harvested
pending	FindFirstStore	catalog title; Requirements row not yet harvested
pending	FindNextDevice	catalog title; Requirements row not yet harvested
pending	FindNextPartition	catalog title; Requirements row not yet harvested
pending	FindNextStore	catalog title; Requirements row not yet harvested
pending	FindWindowW	catalog title; Requirements row not yet harvested
pending	FoldStringW	catalog title; Requirements row not yet harvested
pending	FormatMessageW	catalog title; Requirements row not yet harvested
pending	FormatPartition	catalog title; Requirements row not yet harvested
pending	FormatPartitionEx	catalog title; Requirements row not yet harvested
pending	FormatStore	catalog title; Requirements row not yet harvested
pending	FreeLibraryAndExitThread	catalog title; Requirements row not yet harvested
pending	Gesture	catalog title; Requirements row not yet harvested
pending	GetACP	catalog title; Requirements row not yet harvested
pending	GetActiveWindow	catalog title; Requirements row not yet harvested
pending	GetAnimateMessageInfo	catalog title; Requirements row not yet harvested
pending	GetAsyncKeyState	catalog title; Requirements row not yet harvested
pending	GetAsyncShiftFlags	catalog title; Requirements row not yet harvested
pending	GetCPInfo	catalog title; Requirements row not yet harvested
pending	GetCaretBlinkTime	catalog title; Requirements row not yet harvested
pending	GetCaretPos	catalog title; Requirements row not yet harvested
pending	GetClassInfoW	catalog title; Requirements row not yet harvested
pending	GetClassLong	catalog title; Requirements row not yet harvested
pending	GetClassLongW	catalog title; Requirements row not yet harvested
pending	GetClassNameW	catalog title; Requirements row not yet harvested
pending	GetClientRect	catalog title; Requirements row not yet harvested
pending	GetClipCursor	catalog title; Requirements row not yet harvested
pending	GetClipboardData	catalog title; Requirements row not yet harvested
pending	GetClipboardDataAlloc	catalog title; Requirements row not yet harvested
pending	GetClipboardFormatNameW	catalog title; Requirements row not yet harvested
pending	GetClipboardOwner	catalog title; Requirements row not yet harvested
pending	GetCommMask	catalog title; Requirements row not yet harvested
pending	GetCommModemStatus	catalog title; Requirements row not yet harvested
pending	GetCommProperties	catalog title; Requirements row not yet harvested
pending	GetCommState	catalog title; Requirements row not yet harvested
pending	GetCommTimeouts	catalog title; Requirements row not yet harvested
pending	GetCurrencyFormatW	catalog title; Requirements row not yet harvested
pending	GetCursor	catalog title; Requirements row not yet harvested
pending	GetCursorPos	catalog title; Requirements row not yet harvested
pending	GetDateFormatW	catalog title; Requirements row not yet harvested
pending	GetDesktopWindow	catalog title; Requirements row not yet harvested
pending	GetDeviceInformationByDeviceHandle	catalog title; Requirements row not yet harvested
pending	GetDeviceInformationByFileHandle	catalog title; Requirements row not yet harvested
pending	GetDialogBaseUnits	catalog title; Requirements row not yet harvested
pending	GetDlgCtrlID	catalog title; Requirements row not yet harvested
pending	GetDlgItem	catalog title; Requirements row not yet harvested
pending	GetDlgItemInt	catalog title; Requirements row not yet harvested
pending	GetDlgItemTextW	catalog title; Requirements row not yet harvested
pending	GetFocus	catalog title; Requirements row not yet harvested
pending	GetForegroundInfo	catalog title; Requirements row not yet harvested
pending	GetForegroundKeyboardLayoutHandle	catalog title; Requirements row not yet harvested
pending	GetForegroundKeyboardTarget	catalog title; Requirements row not yet harvested
pending	GetForegroundWindow	catalog title; Requirements row not yet harvested
pending	GetGestureExtraArguments	catalog title; Requirements row not yet harvested
pending	GetGestureInfo	catalog title; Requirements row not yet harvested
pending	GetIconInfo	catalog title; Requirements row not yet harvested
pending	GetKeyState	catalog title; Requirements row not yet harvested
pending	GetKeyboardLayout	catalog title; Requirements row not yet harvested
pending	GetKeyboardLayoutNameW	catalog title; Requirements row not yet harvested
pending	GetKeyboardStatus	catalog title; Requirements row not yet harvested
pending	GetLocaleInfoW	catalog title; Requirements row not yet harvested
pending	GetMenuItemInfoW	catalog title; Requirements row not yet harvested
pending	GetNextDlgGroupItem	catalog title; Requirements row not yet harvested
pending	GetNextDlgTabItem	catalog title; Requirements row not yet harvested
pending	GetNumberFormatW	catalog title; Requirements row not yet harvested
pending	GetOEMCP	catalog title; Requirements row not yet harvested
pending	GetOpenClipboardWindow	catalog title; Requirements row not yet harvested
pending	GetOpenFileNameW	catalog title; Requirements row not yet harvested
pending	GetParent	catalog title; Requirements row not yet harvested
pending	GetPartitionInfo	catalog title; Requirements row not yet harvested
pending	GetPasswordActive	catalog title; Requirements row not yet harvested
pending	GetPriorityClipboardFormat	catalog title; Requirements row not yet harvested
pending	GetProcessHeap	catalog title; Requirements row not yet harvested
pending	GetSaveFileNameW	catalog title; Requirements row not yet harvested
pending	GetScrollInfo	catalog title; Requirements row not yet harvested
pending	GetStoreInfo	catalog title; Requirements row not yet harvested
pending	GetStringTypeExW	catalog title; Requirements row not yet harvested
pending	GetSubMenu	catalog title; Requirements row not yet harvested
pending	GetSysColor	catalog title; Requirements row not yet harvested
pending	GetSystemDefaultLCID	catalog title; Requirements row not yet harvested
pending	GetSystemDefaultLangID	catalog title; Requirements row not yet harvested
pending	GetSystemDefaultUILanguage	catalog title; Requirements row not yet harvested
pending	GetSystemMetrics	catalog title; Requirements row not yet harvested
pending	GetTimeFormatW	catalog title; Requirements row not yet harvested
pending	GetUserDefaultLCID	catalog title; Requirements row not yet harvested
pending	GetUserDefaultLangID	catalog title; Requirements row not yet harvested
pending	GetUserDefaultUILanguage	catalog title; Requirements row not yet harvested
pending	GetWindow	catalog title; Requirements row not yet harvested
pending	GetWindowAutoGesture	catalog title; Requirements row not yet harvested
pending	GetWindowLongW	catalog title; Requirements row not yet harvested
pending	GetWindowRect	catalog title; Requirements row not yet harvested
pending	GetWindowTextLengthW	catalog title; Requirements row not yet harvested
pending	GetWindowTextW	catalog title; Requirements row not yet harvested
pending	GetWindowThreadProcessId	catalog title; Requirements row not yet harvested
pending	HideCaret	catalog title; Requirements row not yet harvested
pending	ImageList_Add	catalog title; Requirements row not yet harvested
pending	ImageList_AddMasked	catalog title; Requirements row not yet harvested
pending	ImageList_BeginDrag	catalog title; Requirements row not yet harvested
pending	ImageList_Copy	catalog title; Requirements row not yet harvested
pending	ImageList_Create	catalog title; Requirements row not yet harvested
pending	ImageList_Destroy	catalog title; Requirements row not yet harvested
pending	ImageList_DragEnter	catalog title; Requirements row not yet harvested
pending	ImageList_DragLeave	catalog title; Requirements row not yet harvested
pending	ImageList_DragMove	catalog title; Requirements row not yet harvested
pending	ImageList_DragShowNolock	catalog title; Requirements row not yet harvested
pending	ImageList_Draw	catalog title; Requirements row not yet harvested
pending	ImageList_DrawEx	catalog title; Requirements row not yet harvested
pending	ImageList_DrawIndirect	catalog title; Requirements row not yet harvested
pending	ImageList_Duplicate	catalog title; Requirements row not yet harvested
pending	ImageList_EndDrag	catalog title; Requirements row not yet harvested
pending	ImageList_GetBkColor	catalog title; Requirements row not yet harvested
pending	ImageList_GetDragImage	catalog title; Requirements row not yet harvested
pending	ImageList_GetIcon	catalog title; Requirements row not yet harvested
pending	ImageList_GetIconSize	catalog title; Requirements row not yet harvested
pending	ImageList_GetImageCount	catalog title; Requirements row not yet harvested
pending	ImageList_GetImageInfo	catalog title; Requirements row not yet harvested
pending	ImageList_LoadImage	catalog title; Requirements row not yet harvested
pending	ImageList_Merge	catalog title; Requirements row not yet harvested
pending	ImageList_Remove	catalog title; Requirements row not yet harvested
pending	ImageList_Replace	catalog title; Requirements row not yet harvested
pending	ImageList_ReplaceIcon	catalog title; Requirements row not yet harvested
pending	ImageList_SetBkColor	catalog title; Requirements row not yet harvested
pending	ImageList_SetDragCursorImage	catalog title; Requirements row not yet harvested
pending	ImageList_SetIconSize	catalog title; Requirements row not yet harvested
pending	ImageList_SetImageCount	catalog title; Requirements row not yet harvested
pending	ImageList_SetOverlayImage	catalog title; Requirements row not yet harvested
pending	ImmAssociateContext	catalog title; Requirements row not yet harvested
pending	ImmAssociateContextEx	catalog title; Requirements row not yet harvested
pending	ImmConfigureIMEW	catalog title; Requirements row not yet harvested
pending	ImmCreateContext	catalog title; Requirements row not yet harvested
pending	ImmCreateIMCC	catalog title; Requirements row not yet harvested
pending	ImmDestroyContext	catalog title; Requirements row not yet harvested
pending	ImmDestroyIMCC	catalog title; Requirements row not yet harvested
pending	ImmDisableIME	catalog title; Requirements row not yet harvested
pending	ImmEnumRegisterWordW	catalog title; Requirements row not yet harvested
pending	ImmEscapeW	catalog title; Requirements row not yet harvested
pending	ImmGenerateMessage	catalog title; Requirements row not yet harvested
pending	ImmGetCandidateListCountW	catalog title; Requirements row not yet harvested
pending	ImmGetCandidateListW	catalog title; Requirements row not yet harvested
pending	ImmGetCandidateWindow	catalog title; Requirements row not yet harvested
pending	ImmGetCompositionFontW	catalog title; Requirements row not yet harvested
pending	ImmGetCompositionStringW	catalog title; Requirements row not yet harvested
pending	ImmGetCompositionWindow	catalog title; Requirements row not yet harvested
pending	ImmGetContext	catalog title; Requirements row not yet harvested
pending	ImmGetConversionListW	catalog title; Requirements row not yet harvested
pending	ImmGetConversionStatus	catalog title; Requirements row not yet harvested
pending	ImmGetDefaultIMEWnd	catalog title; Requirements row not yet harvested
pending	ImmGetDescriptionW	catalog title; Requirements row not yet harvested
pending	ImmGetGuideLineW	catalog title; Requirements row not yet harvested
pending	ImmGetHotKey	catalog title; Requirements row not yet harvested
pending	ImmGetIMCCLockCount	catalog title; Requirements row not yet harvested
pending	ImmGetIMCCSize	catalog title; Requirements row not yet harvested
pending	ImmGetIMCLockCount	catalog title; Requirements row not yet harvested
pending	ImmGetIMEFileNameW	catalog title; Requirements row not yet harvested
pending	ImmGetImeMenuItemsW	catalog title; Requirements row not yet harvested
pending	ImmGetOpenStatus	catalog title; Requirements row not yet harvested
pending	ImmGetProperty	catalog title; Requirements row not yet harvested
pending	ImmGetRegisterWordStyleW	catalog title; Requirements row not yet harvested
pending	ImmGetStatusWindowPos	catalog title; Requirements row not yet harvested
pending	ImmGetVirtualKey	catalog title; Requirements row not yet harvested
pending	ImmIsIME	catalog title; Requirements row not yet harvested
pending	ImmIsUIMessageW	catalog title; Requirements row not yet harvested
pending	ImmLockIMC	catalog title; Requirements row not yet harvested
pending	ImmLockIMCC	catalog title; Requirements row not yet harvested
pending	ImmNotifyIME	catalog title; Requirements row not yet harvested
pending	ImmReSizeIMCC	catalog title; Requirements row not yet harvested
pending	ImmRegisterWordW	catalog title; Requirements row not yet harvested
pending	ImmReleaseContext	catalog title; Requirements row not yet harvested
pending	ImmSIPanelState	catalog title; Requirements row not yet harvested
pending	ImmSetCandidateWindow	catalog title; Requirements row not yet harvested
pending	ImmSetCompositionFontW	catalog title; Requirements row not yet harvested
pending	ImmSetCompositionStringW	catalog title; Requirements row not yet harvested
pending	ImmSetCompositionWindow	catalog title; Requirements row not yet harvested
pending	ImmSetConversionStatus	catalog title; Requirements row not yet harvested
pending	ImmSetHotKey	catalog title; Requirements row not yet harvested
pending	ImmSetOpenStatus	catalog title; Requirements row not yet harvested
pending	ImmSetStatusWindowPos	catalog title; Requirements row not yet harvested
pending	ImmSimulateHotKey	catalog title; Requirements row not yet harvested
pending	ImmUnlockIMC	catalog title; Requirements row not yet harvested
pending	ImmUnlockIMCC	catalog title; Requirements row not yet harvested
pending	ImmUnregisterWordW	catalog title; Requirements row not yet harvested
pending	InflateRect	catalog title; Requirements row not yet harvested
pending	InitializeCriticalSection	catalog title; Requirements row not yet harvested
pending	InsertMenuW	catalog title; Requirements row not yet harvested
pending	IntersectRect	catalog title; Requirements row not yet harvested
pending	IsAPIReady	catalog title; Requirements row not yet harvested
pending	IsChild	catalog title; Requirements row not yet harvested
pending	IsClipboardFormatAvailable	catalog title; Requirements row not yet harvested
pending	IsDialogMessageW	catalog title; Requirements row not yet harvested
pending	IsProcessorFeaturePresent	catalog title; Requirements row not yet harvested
pending	IsRectEmpty	catalog title; Requirements row not yet harvested
pending	IsValidCodePage	catalog title; Requirements row not yet harvested
pending	IsValidLocale	catalog title; Requirements row not yet harvested
pending	IsWindow	catalog title; Requirements row not yet harvested
pending	IsWindowEnabled	catalog title; Requirements row not yet harvested
pending	IsWindowVisible	catalog title; Requirements row not yet harvested
pending	KillTimer	catalog title; Requirements row not yet harvested
pending	LASSClose	catalog title; Requirements row not yet harvested
pending	LASSGetResult	catalog title; Requirements row not yet harvested
pending	LASSGetValue	catalog title; Requirements row not yet harvested
pending	LCMapStringW	catalog title; Requirements row not yet harvested
pending	LeaveCriticalSection	catalog title; Requirements row not yet harvested
pending	LoadAcceleratorsW	catalog title; Requirements row not yet harvested
pending	LoadAnimatedCursor	catalog title; Requirements row not yet harvested
pending	LoadBitmapW	catalog title; Requirements row not yet harvested
pending	LoadCursorW	catalog title; Requirements row not yet harvested
pending	LoadFSDEx	catalog title; Requirements row not yet harvested
pending	LoadIconW	catalog title; Requirements row not yet harvested
pending	LoadImageW	catalog title; Requirements row not yet harvested
pending	LoadMenuW	catalog title; Requirements row not yet harvested
pending	LoadStringW	catalog title; Requirements row not yet harvested
pending	MapDialogRect	catalog title; Requirements row not yet harvested
pending	MapVirtualKeyW	catalog title; Requirements row not yet harvested
pending	MessageBeep	catalog title; Requirements row not yet harvested
pending	MessageBoxW	catalog title; Requirements row not yet harvested
pending	MountPartition	catalog title; Requirements row not yet harvested
pending	MoveWindow	catalog title; Requirements row not yet harvested
pending	MsgWaitForMultipleObjectsEx	catalog title; Requirements row not yet harvested
pending	MulDiv	catalog title; Requirements row not yet harvested
pending	NKDbgPrintfW	catalog title; Requirements row not yet harvested
pending	NLedGetDeviceInfo	catalog title; Requirements row not yet harvested
pending	NLedSetDevice	catalog title; Requirements row not yet harvested
pending	OffsetRect	catalog title; Requirements row not yet harvested
pending	OpenClipboard	catalog title; Requirements row not yet harvested
pending	OpenPartition	catalog title; Requirements row not yet harvested
pending	OpenStore	catalog title; Requirements row not yet harvested
pending	OutputDebugStringW	catalog title; Requirements row not yet harvested
pending	PostKeybdMessage	catalog title; Requirements row not yet harvested
pending	PtInRect	catalog title; Requirements row not yet harvested
pending	PurgeComm	catalog title; Requirements row not yet harvested
pending	QueryGestures	catalog title; Requirements row not yet harvested
pending	QueryInfoSession	catalog title; Requirements row not yet harvested
pending	ReadRegistryFromOEM	catalog title; Requirements row not yet harvested
pending	RegisterClassW	catalog title; Requirements row not yet harvested
pending	RegisterClipboardFormatW	catalog title; Requirements row not yet harvested
pending	RegisterDbgZones	catalog title; Requirements row not yet harvested
pending	RegisterDesktop	catalog title; Requirements row not yet harvested
pending	RegisterDirectMethods	catalog title; Requirements row not yet harvested
pending	RegisterEditor	catalog title; Requirements row not yet harvested
pending	RegisterGesture	catalog title; Requirements row not yet harvested
pending	RegisterHotKey	catalog title; Requirements row not yet harvested
pending	RegisterTaskBar	catalog title; Requirements row not yet harvested
pending	RegisterTaskBarEx	catalog title; Requirements row not yet harvested
pending	RegistryBatchNotification	catalog title; Requirements row not yet harvested
pending	RegistryCloseNotification	catalog title; Requirements row not yet harvested
pending	RegistryDeleteValue	catalog title; Requirements row not yet harvested
pending	RegistryGetDWORD	catalog title; Requirements row not yet harvested
pending	RegistryGetString	catalog title; Requirements row not yet harvested
pending	RegistryNotifyApp	catalog title; Requirements row not yet harvested
pending	RegistryNotifyCallback	catalog title; Requirements row not yet harvested
pending	RegistryNotifyMsgQueue	catalog title; Requirements row not yet harvested
pending	RegistryNotifyWindow	catalog title; Requirements row not yet harvested
pending	RegistrySetDWORD	catalog title; Requirements row not yet harvested
pending	RegistrySetString	catalog title; Requirements row not yet harvested
pending	RegistryStopNotification	catalog title; Requirements row not yet harvested
pending	RegistryTestExchangeDWORD	catalog title; Requirements row not yet harvested
pending	ReleaseMutex	catalog title; Requirements row not yet harvested
pending	RemoveMenu	catalog title; Requirements row not yet harvested
pending	RenamePartition	catalog title; Requirements row not yet harvested
pending	ResourceDestroyList	catalog title; Requirements row not yet harvested
pending	ResourceMarkAsShareable	catalog title; Requirements row not yet harvested
pending	ResourceRequestEx	catalog title; Requirements row not yet harvested
pending	SHGetFileInfo	catalog title; Requirements row not yet harvested
pending	SHShowOutOfMemory	catalog title; Requirements row not yet harvested
pending	SendDlgItemMessageW	catalog title; Requirements row not yet harvested
pending	SendInput	catalog title; Requirements row not yet harvested
pending	SetAbortProc	catalog title; Requirements row not yet harvested
pending	SetActiveWindow	catalog title; Requirements row not yet harvested
pending	SetCaretBlinkTime	catalog title; Requirements row not yet harvested
pending	SetCaretPos	catalog title; Requirements row not yet harvested
pending	SetClassLong	catalog title; Requirements row not yet harvested
pending	SetClassLongW	catalog title; Requirements row not yet harvested
pending	SetClipboardData	catalog title; Requirements row not yet harvested
pending	SetCommBreak	catalog title; Requirements row not yet harvested
pending	SetCommMask	catalog title; Requirements row not yet harvested
pending	SetCommState	catalog title; Requirements row not yet harvested
pending	SetCommTimeouts	catalog title; Requirements row not yet harvested
pending	SetCursor	catalog title; Requirements row not yet harvested
pending	SetCursorPos	catalog title; Requirements row not yet harvested
pending	SetDlgItemInt	catalog title; Requirements row not yet harvested
pending	SetDlgItemTextW	catalog title; Requirements row not yet harvested
pending	SetFocus	catalog title; Requirements row not yet harvested
pending	SetForegroundWindow	catalog title; Requirements row not yet harvested
pending	SetLocaleInfoW	catalog title; Requirements row not yet harvested
pending	SetMenuItemInfoW	catalog title; Requirements row not yet harvested
pending	SetParent	catalog title; Requirements row not yet harvested
pending	SetPartitionAttributes	catalog title; Requirements row not yet harvested
pending	SetPassword	catalog title; Requirements row not yet harvested
pending	SetPasswordActive	catalog title; Requirements row not yet harvested
pending	SetRect	catalog title; Requirements row not yet harvested
pending	SetRectEmpty	catalog title; Requirements row not yet harvested
pending	SetScrollInfo	catalog title; Requirements row not yet harvested
pending	SetScrollPos	catalog title; Requirements row not yet harvested
pending	SetScrollRange	catalog title; Requirements row not yet harvested
pending	SetSysColors	catalog title; Requirements row not yet harvested
pending	SetThreadContext	catalog title; Requirements row not yet harvested
pending	SetTimer	catalog title; Requirements row not yet harvested
pending	SetUserDefaultLCID	catalog title; Requirements row not yet harvested
pending	SetUserDefaultUILanguage	catalog title; Requirements row not yet harvested
pending	SetWindowAutoGesture	catalog title; Requirements row not yet harvested
pending	SetWindowLongW	catalog title; Requirements row not yet harvested
pending	SetWindowPos	catalog title; Requirements row not yet harvested
pending	SetWindowRgn	catalog title; Requirements row not yet harvested
pending	SetWindowTextW	catalog title; Requirements row not yet harvested
pending	SetupComm	catalog title; Requirements row not yet harvested
pending	Shell_NotifyIcon	catalog title; Requirements row not yet harvested
pending	ShowCaret	catalog title; Requirements row not yet harvested
pending	ShowCursor	catalog title; Requirements row not yet harvested
pending	ShowWindow	catalog title; Requirements row not yet harvested
pending	StartDocW	catalog title; Requirements row not yet harvested
pending	StartPage	catalog title; Requirements row not yet harvested
pending	StringCbCatExW	catalog title; Requirements row not yet harvested
pending	StringCbCatNExW	catalog title; Requirements row not yet harvested
pending	StringCbCatNW	catalog title; Requirements row not yet harvested
pending	StringCbCatW	catalog title; Requirements row not yet harvested
pending	StringCbCopyExW	catalog title; Requirements row not yet harvested
pending	StringCbCopyNExW	catalog title; Requirements row not yet harvested
pending	StringCbCopyNW	catalog title; Requirements row not yet harvested
pending	StringCbCopyW	catalog title; Requirements row not yet harvested
pending	StringCbLengthW	catalog title; Requirements row not yet harvested
pending	StringCbPrintfExW	catalog title; Requirements row not yet harvested
pending	StringCbPrintfW	catalog title; Requirements row not yet harvested
pending	StringCbVPrintfExW	catalog title; Requirements row not yet harvested
pending	StringCbVPrintfW	catalog title; Requirements row not yet harvested
pending	StringCchCatExW	catalog title; Requirements row not yet harvested
pending	StringCchCatNExW	catalog title; Requirements row not yet harvested
pending	StringCchCatNW	catalog title; Requirements row not yet harvested
pending	StringCchCatW	catalog title; Requirements row not yet harvested
pending	StringCchCopyExW	catalog title; Requirements row not yet harvested
pending	StringCchCopyNExW	catalog title; Requirements row not yet harvested
pending	StringCchCopyNW	catalog title; Requirements row not yet harvested
pending	StringCchCopyW	catalog title; Requirements row not yet harvested
pending	StringCchLengthW	catalog title; Requirements row not yet harvested
pending	StringCchPrintfExW	catalog title; Requirements row not yet harvested
pending	StringCchPrintfW	catalog title; Requirements row not yet harvested
pending	StringCchVPrintfExW	catalog title; Requirements row not yet harvested
pending	StringCchVPrintfW	catalog title; Requirements row not yet harvested
pending	SubtractRect	catalog title; Requirements row not yet harvested
pending	SystemIdleTimerReset	catalog title; Requirements row not yet harvested
pending	TimeoutSession	catalog title; Requirements row not yet harvested
pending	TrackPopupMenuEx	catalog title; Requirements row not yet harvested
pending	TranslateAcceleratorW	catalog title; Requirements row not yet harvested
pending	TransmitCommChar	catalog title; Requirements row not yet harvested
pending	UnionRect	catalog title; Requirements row not yet harvested
pending	UnregisterClassW	catalog title; Requirements row not yet harvested
pending	UnregisterHotKey	catalog title; Requirements row not yet harvested
pending	VerifyUserAsync	catalog title; Requirements row not yet harvested
pending	WaitCommEvent	catalog title; Requirements row not yet harvested
pending	WaitForAPIReady	catalog title; Requirements row not yet harvested
pending	WaitForMultipleObjects	catalog title; Requirements row not yet harvested
pending	WindowFromPoint	catalog title; Requirements row not yet harvested
pending	WriteProcessMemory	catalog title; Requirements row not yet harvested
pending	WriteRegistryToOEM	catalog title; Requirements row not yet harvested
pending	_CountLeadingOnes	catalog title; Requirements row not yet harvested
pending	_CountLeadingOnes64	catalog title; Requirements row not yet harvested
pending	_CountLeadingSigns	catalog title; Requirements row not yet harvested
pending	_CountLeadingSigns64	catalog title; Requirements row not yet harvested
pending	_CountLeadingZeros	catalog title; Requirements row not yet harvested
pending	_CountLeadingZeros64	catalog title; Requirements row not yet harvested
pending	_CountOneBits	catalog title; Requirements row not yet harvested
pending	_CountOneBits64	catalog title; Requirements row not yet harvested
pending	_MulHigh	catalog title; Requirements row not yet harvested
pending	_MulUnsignedHigh	catalog title; Requirements row not yet harvested
pending	_byteswap_uint64	catalog title; Requirements row not yet harvested
pending	_byteswap_ulong	catalog title; Requirements row not yet harvested
pending	_byteswap_ushort	catalog title; Requirements row not yet harvested
pending	_cabs	catalog title; Requirements row not yet harvested
pending	_chgsign	catalog title; Requirements row not yet harvested
pending	_copysign	catalog title; Requirements row not yet harvested
pending	_ecvt	catalog title; Requirements row not yet harvested
pending	_fcvt	catalog title; Requirements row not yet harvested
pending	_fileno	catalog title; Requirements row not yet harvested
pending	_finite	catalog title; Requirements row not yet harvested
pending	_flushall	catalog title; Requirements row not yet harvested
pending	_fpclass	catalog title; Requirements row not yet harvested
pending	_fpieee_flt	catalog title; Requirements row not yet harvested
pending	_fpreset	catalog title; Requirements row not yet harvested
pending	_gcvt	catalog title; Requirements row not yet harvested
pending	_hypot	catalog title; Requirements row not yet harvested
pending	_isnan	catalog title; Requirements row not yet harvested
pending	_isunordered	catalog title; Requirements row not yet harvested
pending	_isunorderedf	catalog title; Requirements row not yet harvested
pending	_logb	catalog title; Requirements row not yet harvested
pending	_memccpy	catalog title; Requirements row not yet harvested
pending	_memicmp	catalog title; Requirements row not yet harvested
pending	_msize	catalog title; Requirements row not yet harvested
pending	_nextafter	catalog title; Requirements row not yet harvested
pending	_scalb	catalog title; Requirements row not yet harvested
pending	_setmode	catalog title; Requirements row not yet harvested
pending	_statusfp	catalog title; Requirements row not yet harvested
pending	_swab	catalog title; Requirements row not yet harvested
pending	_wfdopen	catalog title; Requirements row not yet harvested
pending	abs	catalog title; Requirements row not yet harvested
pending	acos	catalog title; Requirements row not yet harvested
pending	asin	catalog title; Requirements row not yet harvested
pending	atoi	catalog title; Requirements row not yet harvested
pending	calloc	catalog title; Requirements row not yet harvested
pending	ceil	catalog title; Requirements row not yet harvested
pending	clearerr	catalog title; Requirements row not yet harvested
pending	div	catalog title; Requirements row not yet harvested
pending	exp	catalog title; Requirements row not yet harvested
pending	fabs	catalog title; Requirements row not yet harvested
pending	feof	catalog title; Requirements row not yet harvested
pending	ferror	catalog title; Requirements row not yet harvested
pending	fflush	catalog title; Requirements row not yet harvested
pending	fgetpos	catalog title; Requirements row not yet harvested
pending	floor	catalog title; Requirements row not yet harvested
pending	fmod	catalog title; Requirements row not yet harvested
pending	fread	catalog title; Requirements row not yet harvested
pending	free	catalog title; Requirements row not yet harvested
pending	frexp	catalog title; Requirements row not yet harvested
pending	fseek	catalog title; Requirements row not yet harvested
pending	fsetpos	catalog title; Requirements row not yet harvested
pending	ftell	catalog title; Requirements row not yet harvested
pending	fwrite	catalog title; Requirements row not yet harvested
pending	keybd_event	catalog title; Requirements row not yet harvested
pending	labs	catalog title; Requirements row not yet harvested
pending	ldexp	catalog title; Requirements row not yet harvested
pending	ldiv	catalog title; Requirements row not yet harvested
pending	longjmp	catalog title; Requirements row not yet harvested
pending	malloc	catalog title; Requirements row not yet harvested
pending	mbstowcs	catalog title; Requirements row not yet harvested
pending	memmove	catalog title; Requirements row not yet harvested
pending	modf	catalog title; Requirements row not yet harvested
pending	pow	catalog title; Requirements row not yet harvested
pending	qsort	catalog title; Requirements row not yet harvested
pending	rand	catalog title; Requirements row not yet harvested
pending	realloc	catalog title; Requirements row not yet harvested
pending	setjmp	catalog title; Requirements row not yet harvested
pending	setvbuf	catalog title; Requirements row not yet harvested
pending	sqrt	catalog title; Requirements row not yet harvested
pending	srand	catalog title; Requirements row not yet harvested
pending	towlower	catalog title; Requirements row not yet harvested
pending	towupper	catalog title; Requirements row not yet harvested
pending	wcstombs	catalog title; Requirements row not yet harvested
pending	wsprintfW	catalog title; Requirements row not yet harvested
pending	wvsprintfW	catalog title; Requirements row not yet harvested
add	CeGetCacheInfo	doc-derived (APILocation=Coredll.lib); was missing from the def
add	CeSetMemoryAttributes	doc-derived (APILocation=Coredll.lib); was missing from the def
add	CeSvcClose	doc-derived (APILocation=Coredll.lib); was missing from the def
add	CeSvcDelete	doc-derived (APILocation=Coredll.lib); was missing from the def
add	CeSvcDeleteVal	doc-derived (APILocation=Coredll.lib); was missing from the def
add	CeSvcEnumProfiles	doc-derived (APILocation=Coredll.lib); was missing from the def
add	CeSvcGetBinary	doc-derived (APILocation=Coredll.lib); was missing from the def
add	CeSvcGetDword	doc-derived (APILocation=Coredll.lib); was missing from the def
add	CeSvcGetString	doc-derived (APILocation=Coredll.lib); was missing from the def
add	CeSvcOpen	doc-derived (APILocation=Coredll.lib); was missing from the def
add	CeSvcOpenEx	doc-derived (APILocation=Coredll.lib); was missing from the def
add	CeSvcSetBinary	doc-derived (APILocation=Coredll.lib); was missing from the def
add	CeSvcSetDword	doc-derived (APILocation=Coredll.lib); was missing from the def
add	CeSvcSetString	doc-derived (APILocation=Coredll.lib); was missing from the def
add	DrWatsonClear	doc-derived (APILocation=Coredll.lib); was missing from the def
add	DrWatsonFlush	doc-derived (APILocation=Coredll.lib); was missing from the def
add	DrWatsonGetSize	doc-derived (APILocation=Coredll.lib); was missing from the def
add	DrWatsonReadData	doc-derived (APILocation=Coredll.lib); was missing from the def
add	DrWatsonWriteData	doc-derived (APILocation=Coredll.lib); was missing from the def
add	SecureZeroMemory	doc-derived (APILocation=Coredll.lib); was missing from the def
drop	??0exception@std@@QAA@ABV01@@Z	dump-tier only; no official page names it as a Coredll.lib export
drop	??0exception@std@@QAA@PBD@Z	dump-tier only; no official page names it as a Coredll.lib export
drop	??0exception@std@@QAA@XZ	dump-tier only; no official page names it as a Coredll.lib export
drop	??0exception@std@@QAE@ABV01@@Z	dump-tier only; no official page names it as a Coredll.lib export
drop	??0exception@std@@QAE@PBD@Z	dump-tier only; no official page names it as a Coredll.lib export
drop	??0exception@std@@QAE@XZ	dump-tier only; no official page names it as a Coredll.lib export
drop	??0type_info@@AAA@ABV0@@Z	dump-tier only; no official page names it as a Coredll.lib export
drop	??0type_info@@AAE@ABV0@@Z	dump-tier only; no official page names it as a Coredll.lib export
drop	??1exception@std@@UAA@XZ	dump-tier only; no official page names it as a Coredll.lib export
drop	??1exception@std@@UAE@XZ	dump-tier only; no official page names it as a Coredll.lib export
drop	??1type_info@@UAA@XZ	dump-tier only; no official page names it as a Coredll.lib export
drop	??1type_info@@UAE@XZ	dump-tier only; no official page names it as a Coredll.lib export
drop	??2@YAPAXI@Z	dump-tier only; no official page names it as a Coredll.lib export
drop	??2@YAPAXIABUnothrow_t@std@@@Z	dump-tier only; no official page names it as a Coredll.lib export
drop	??3@YAXPAX@Z	dump-tier only; no official page names it as a Coredll.lib export
drop	??3@YAXPAXABUnothrow_t@std@@@Z	dump-tier only; no official page names it as a Coredll.lib export
drop	??4exception@std@@QAAAAV01@ABV01@@Z	dump-tier only; no official page names it as a Coredll.lib export
drop	??4exception@std@@QAEAAV01@ABV01@@Z	dump-tier only; no official page names it as a Coredll.lib export
drop	??4type_info@@AAAAAV0@ABV0@@Z	dump-tier only; no official page names it as a Coredll.lib export
drop	??4type_info@@AAEAAV0@ABV0@@Z	dump-tier only; no official page names it as a Coredll.lib export
drop	??8type_info@@QBAHABV0@@Z	dump-tier only; no official page names it as a Coredll.lib export
drop	??8type_info@@QBEHABV0@@Z	dump-tier only; no official page names it as a Coredll.lib export
drop	??9type_info@@QBAHABV0@@Z	dump-tier only; no official page names it as a Coredll.lib export
drop	??9type_info@@QBEHABV0@@Z	dump-tier only; no official page names it as a Coredll.lib export
drop	??_7exception@std@@6B@	dump-tier only; no official page names it as a Coredll.lib export
drop	??_7type_info@@6B@	dump-tier only; no official page names it as a Coredll.lib export
drop	??_L@YAXPAXIHP6AX0@Z1@Z	dump-tier only; no official page names it as a Coredll.lib export
drop	??_L@YGXPAXIHP6EX0@Z1@Z	dump-tier only; no official page names it as a Coredll.lib export
drop	??_M@YAXPAXIHP6AX0@Z@Z	dump-tier only; no official page names it as a Coredll.lib export
drop	??_M@YGXPAXIHP6EX0@Z@Z	dump-tier only; no official page names it as a Coredll.lib export
drop	??_N@YAXPAXIHP6AX0@Z1@Z	dump-tier only; no official page names it as a Coredll.lib export
drop	??_N@YGXPAXIHP6EX0@Z1@Z	dump-tier only; no official page names it as a Coredll.lib export
drop	??_U@YAPAXI@Z	dump-tier only; no official page names it as a Coredll.lib export
drop	??_U@YAPAXIABUnothrow_t@std@@@Z	dump-tier only; no official page names it as a Coredll.lib export
drop	??_V@YAXPAX@Z	dump-tier only; no official page names it as a Coredll.lib export
drop	??_V@YAXPAXABUnothrow_t@std@@@Z	dump-tier only; no official page names it as a Coredll.lib export
drop	??__C@YAXPAX0IHP6AX00@ZP6AX0@Z@Z	dump-tier only; no official page names it as a Coredll.lib export
drop	??__C@YGXPAX0IHP6EX00@ZP6EX0@Z@Z	dump-tier only; no official page names it as a Coredll.lib export
drop	??__D@YAXPAX0IHP6AX00@ZP6AX0@Z@Z	dump-tier only; no official page names it as a Coredll.lib export
drop	??__D@YGXPAX0IHP6EX00@ZP6EX0@Z@Z	dump-tier only; no official page names it as a Coredll.lib export
drop	?CloseEnhMetaFile@@YAPAUHENHMETAFILE__@@PAUHDC__@@@Z	dump-tier only; no official page names it as a Coredll.lib export
drop	?CreateEnhMetaFileW@@YAPAUHDC__@@PAU1@PBGPBUtagRECT@@1@Z	dump-tier only; no official page names it as a Coredll.lib export
drop	?DefaultImcGet@@YAKXZ	dump-tier only; no official page names it as a Coredll.lib export
drop	?DefaultImeWndGet@@YAPAUHWND__@@XZ	dump-tier only; no official page names it as a Coredll.lib export
drop	?DeleteEnhMetaFile@@YAHPAUHENHMETAFILE__@@@Z	dump-tier only; no official page names it as a Coredll.lib export
drop	?ImmGetUIClassName@@YAPAGXZ	dump-tier only; no official page names it as a Coredll.lib export
drop	?ImmProcessKey@@YAKPAUHWND__@@IJKI@Z	dump-tier only; no official page names it as a Coredll.lib export
drop	?ImmSetActiveContext@@YAHPAUHWND__@@KH@Z	dump-tier only; no official page names it as a Coredll.lib export
drop	?ImmTranslateMessage@@YAHPAUHWND__@@IIJHIIPAH@Z	dump-tier only; no official page names it as a Coredll.lib export
drop	?PlayEnhMetaFile@@YAHPAUHDC__@@PAUHENHMETAFILE__@@PBUtagRECT@@@Z	dump-tier only; no official page names it as a Coredll.lib export
drop	?SetObjectOwner@@YAHPAX0@Z	dump-tier only; no official page names it as a Coredll.lib export
drop	?_Nomemory@std@@YAXXZ	dump-tier only; no official page names it as a Coredll.lib export
drop	?_Xlen@std@@YAXXZ	dump-tier only; no official page names it as a Coredll.lib export
drop	?_Xran@std@@YAXXZ	dump-tier only; no official page names it as a Coredll.lib export
drop	?__set_inconsistency@@YAP6AXXZP6AXXZ@Z	dump-tier only; no official page names it as a Coredll.lib export
drop	?_inconsistency@@YAXXZ	dump-tier only; no official page names it as a Coredll.lib export
drop	?_query_new_handler@@YAP6AHI@ZXZ	dump-tier only; no official page names it as a Coredll.lib export
drop	?_query_new_mode@@YAHXZ	dump-tier only; no official page names it as a Coredll.lib export
drop	?_set_new_handler@@YAP6AHI@ZP6AHI@Z@Z	dump-tier only; no official page names it as a Coredll.lib export
drop	?_set_new_mode@@YAHH@Z	dump-tier only; no official page names it as a Coredll.lib export
drop	?before@type_info@@QBAHABV1@@Z	dump-tier only; no official page names it as a Coredll.lib export
drop	?before@type_info@@QBEHABV1@@Z	dump-tier only; no official page names it as a Coredll.lib export
drop	?name@type_info@@QBAPBDXZ	dump-tier only; no official page names it as a Coredll.lib export
drop	?name@type_info@@QBEPBDXZ	dump-tier only; no official page names it as a Coredll.lib export
drop	?nothrow@std@@3Unothrow_t@1@B	dump-tier only; no official page names it as a Coredll.lib export
drop	?raw_name@type_info@@QBAPBDXZ	dump-tier only; no official page names it as a Coredll.lib export
drop	?raw_name@type_info@@QBEPBDXZ	dump-tier only; no official page names it as a Coredll.lib export
drop	?set_new_handler@@YAP6AXXZP6AXXZ@Z	dump-tier only; no official page names it as a Coredll.lib export
drop	?set_terminate@std@@YAP6AXXZP6AXXZ@Z	dump-tier only; no official page names it as a Coredll.lib export
drop	?set_unexpected@std@@YAP6AXXZP6AXXZ@Z	dump-tier only; no official page names it as a Coredll.lib export
drop	?terminate@std@@YAXXZ	dump-tier only; no official page names it as a Coredll.lib export
drop	?uncaught_exception@std@@YA_NXZ	dump-tier only; no official page names it as a Coredll.lib export
drop	?unexpected@std@@YAXXZ	dump-tier only; no official page names it as a Coredll.lib export
drop	?what@exception@std@@UBAPBDXZ	dump-tier only; no official page names it as a Coredll.lib export
drop	?what@exception@std@@UBEPBDXZ	dump-tier only; no official page names it as a Coredll.lib export
drop	ADBAddAccountToGroup	dump-tier only; no official page names it as a Coredll.lib export
drop	ADBCreateAccount	dump-tier only; no official page names it as a Coredll.lib export
drop	ADBDeleteAccount	dump-tier only; no official page names it as a Coredll.lib export
drop	ADBEnumAccounts	dump-tier only; no official page names it as a Coredll.lib export
drop	ADBGetAccountProperty	dump-tier only; no official page names it as a Coredll.lib export
drop	ADBGetAccountSecurityInfo	dump-tier only; no official page names it as a Coredll.lib export
drop	ADBRemoveAccountFromGroup	dump-tier only; no official page names it as a Coredll.lib export
drop	ADBSetAccountProperties	dump-tier only; no official page names it as a Coredll.lib export
drop	AFDSelect	dump-tier only; no official page names it as a Coredll.lib export
drop	AFDSocket	dump-tier only; no official page names it as a Coredll.lib export
drop	AFS_CloseAllFileHandles	dump-tier only; no official page names it as a Coredll.lib export
drop	AFS_CreateDirectoryW	dump-tier only; no official page names it as a Coredll.lib export
drop	AFS_CreateFileW	dump-tier only; no official page names it as a Coredll.lib export
drop	AFS_DeleteFileW	dump-tier only; no official page names it as a Coredll.lib export
drop	AFS_FindFirstChangeNotificationW	dump-tier only; no official page names it as a Coredll.lib export
drop	AFS_FindFirstFileW	dump-tier only; no official page names it as a Coredll.lib export
drop	AFS_FsIoControlW	dump-tier only; no official page names it as a Coredll.lib export
drop	AFS_GetDiskFreeSpace	dump-tier only; no official page names it as a Coredll.lib export
drop	AFS_GetFileAttributesW	dump-tier only; no official page names it as a Coredll.lib export
drop	AFS_GetFileSecurityW	dump-tier only; no official page names it as a Coredll.lib export
drop	AFS_MoveFileW	dump-tier only; no official page names it as a Coredll.lib export
drop	AFS_NotifyMountedFS	dump-tier only; no official page names it as a Coredll.lib export
drop	AFS_PrestoChangoFileName	dump-tier only; no official page names it as a Coredll.lib export
drop	AFS_RegisterFileSystemFunction	dump-tier only; no official page names it as a Coredll.lib export
drop	AFS_RemoveDirectoryW	dump-tier only; no official page names it as a Coredll.lib export
drop	AFS_SetFileAttributesW	dump-tier only; no official page names it as a Coredll.lib export
drop	AFS_SetFileSecurityW	dump-tier only; no official page names it as a Coredll.lib export
drop	AFS_Unmount	dump-tier only; no official page names it as a Coredll.lib export
drop	A_SHAFinal	dump-tier only; no official page names it as a Coredll.lib export
drop	A_SHAInit	dump-tier only; no official page names it as a Coredll.lib export
drop	A_SHAUpdate	dump-tier only; no official page names it as a Coredll.lib export
drop	AccessibilitySoundSentryEvent	dump-tier only; no official page names it as a Coredll.lib export
drop	AddEventAccess	dump-tier only; no official page names it as a Coredll.lib export
drop	AddFontMemResourceEx	dump-tier only; no official page names it as a Coredll.lib export
drop	AddTrackedItem	dump-tier only; no official page names it as a Coredll.lib export
drop	AnimateRects	dump-tier only; no official page names it as a Coredll.lib export
drop	AttachDebugger	dump-tier only; no official page names it as a Coredll.lib export
drop	AttachHdstub	dump-tier only; no official page names it as a Coredll.lib export
drop	AttachOsAxsT0	dump-tier only; no official page names it as a Coredll.lib export
drop	AttachOsAxsT1	dump-tier only; no official page names it as a Coredll.lib export
drop	AudioUpdateFromRegistry	dump-tier only; no official page names it as a Coredll.lib export
drop	BackupEventLogW	dump-tier only; no official page names it as a Coredll.lib export
drop	BinaryCompress	dump-tier only; no official page names it as a Coredll.lib export
drop	BinaryDecompress	dump-tier only; no official page names it as a Coredll.lib export
drop	CallNextHookEx	dump-tier only; no official page names it as a Coredll.lib export
drop	CaptureDumpFileOnDevice2	dump-tier only; no official page names it as a Coredll.lib export
drop	CeAccessCheck	dump-tier only; no official page names it as a Coredll.lib export
drop	CeAddDatabaseProps	dump-tier only; no official page names it as a Coredll.lib export
drop	CeAddSyncPartner	dump-tier only; no official page names it as a Coredll.lib export
drop	CeAttachCustomTrackingData	dump-tier only; no official page names it as a Coredll.lib export
drop	CeBeginSyncSession	dump-tier only; no official page names it as a Coredll.lib export
drop	CeBeginTransaction	dump-tier only; no official page names it as a Coredll.lib export
drop	CeCertVerify	dump-tier only; no official page names it as a Coredll.lib export
drop	CeClosePolicy	dump-tier only; no official page names it as a Coredll.lib export
drop	CeConvertSDToStr	dump-tier only; no official page names it as a Coredll.lib export
drop	CeConvertStrToSD	dump-tier only; no official page names it as a Coredll.lib export
drop	CeCreateDatabaseWithProps	dump-tier only; no official page names it as a Coredll.lib export
drop	CeCreateSession	dump-tier only; no official page names it as a Coredll.lib export
drop	CeCreateToken	dump-tier only; no official page names it as a Coredll.lib export
drop	CeDuplicateToken	dump-tier only; no official page names it as a Coredll.lib export
drop	CeEndSyncSession	dump-tier only; no official page names it as a Coredll.lib export
drop	CeEndTransaction	dump-tier only; no official page names it as a Coredll.lib export
drop	CeGetChangedRecordCnt	dump-tier only; no official page names it as a Coredll.lib export
drop	CeGetChangedRecords	dump-tier only; no official page names it as a Coredll.lib export
drop	CeGetCustomTrackingData	dump-tier only; no official page names it as a Coredll.lib export
drop	CeGetDatabaseProps	dump-tier only; no official page names it as a Coredll.lib export
drop	CeGetDatabaseSession	dump-tier only; no official page names it as a Coredll.lib export
drop	CeGetGroupSID	dump-tier only; no official page names it as a Coredll.lib export
drop	CeGetModuleHeapInfo	dump-tier only; no official page names it as a Coredll.lib export
drop	CeGetModuleInfo	dump-tier only; no official page names it as a Coredll.lib export
drop	CeGetNotificationThreadId	dump-tier only; no official page names it as a Coredll.lib export
drop	CeGetOwnerSID	dump-tier only; no official page names it as a Coredll.lib export
drop	CeGetPolicyInfo	dump-tier only; no official page names it as a Coredll.lib export
drop	CeGetProcessTrust	dump-tier only; no official page names it as a Coredll.lib export
drop	CeGetPropChangeInfo	dump-tier only; no official page names it as a Coredll.lib export
drop	CeGetRecordChangeInfo	dump-tier only; no official page names it as a Coredll.lib export
drop	CeImpersonateToken	dump-tier only; no official page names it as a Coredll.lib export
drop	CeMapArgumentArray	dump-tier only; no official page names it as a Coredll.lib export
drop	CeMarkRecord	dump-tier only; no official page names it as a Coredll.lib export
drop	CeModuleJit	dump-tier only; no official page names it as a Coredll.lib export
drop	CeMountDBVolEx	dump-tier only; no official page names it as a Coredll.lib export
drop	CeOpenDatabaseInSession	dump-tier only; no official page names it as a Coredll.lib export
drop	CeOpenFileHandle	dump-tier only; no official page names it as a Coredll.lib export
drop	CeOpenModuleByPolicy	dump-tier only; no official page names it as a Coredll.lib export
drop	CeOpenPolicy	dump-tier only; no official page names it as a Coredll.lib export
drop	CeOpenStream	dump-tier only; no official page names it as a Coredll.lib export
drop	CePolicyCheck	dump-tier only; no official page names it as a Coredll.lib export
drop	CePolicyCheckByHandle	dump-tier only; no official page names it as a Coredll.lib export
drop	CePrivilegeCheck	dump-tier only; no official page names it as a Coredll.lib export
drop	CePurgeTrackingData	dump-tier only; no official page names it as a Coredll.lib export
drop	CePurgeTrackingGenerations	dump-tier only; no official page names it as a Coredll.lib export
drop	CeRegisterFileSystemNotification	dump-tier only; no official page names it as a Coredll.lib export
drop	CeRemoveDatabaseProps	dump-tier only; no official page names it as a Coredll.lib export
drop	CeRemoveDatabaseTracking	dump-tier only; no official page names it as a Coredll.lib export
drop	CeRemoveFontResource	dump-tier only; no official page names it as a Coredll.lib export
drop	CeRemoveSyncPartner	dump-tier only; no official page names it as a Coredll.lib export
drop	CeReportFault	dump-tier only; no official page names it as a Coredll.lib export
drop	CeRevertToSelf	dump-tier only; no official page names it as a Coredll.lib export
drop	CeSafeCopyMemory	dump-tier only; no official page names it as a Coredll.lib export
drop	CeSetDirectCall	dump-tier only; no official page names it as a Coredll.lib export
drop	CeSetExtendedPdata	dump-tier only; no official page names it as a Coredll.lib export
drop	CeSetSessionOption	dump-tier only; no official page names it as a Coredll.lib export
drop	CeStreamRead	dump-tier only; no official page names it as a Coredll.lib export
drop	CeStreamSaveChanges	dump-tier only; no official page names it as a Coredll.lib export
drop	CeStreamSeek	dump-tier only; no official page names it as a Coredll.lib export
drop	CeStreamSetSize	dump-tier only; no official page names it as a Coredll.lib export
drop	CeStreamWrite	dump-tier only; no official page names it as a Coredll.lib export
drop	CeTrackDatabase	dump-tier only; no official page names it as a Coredll.lib export
drop	CeTrackProperty	dump-tier only; no official page names it as a Coredll.lib export
drop	ClearEventLogW	dump-tier only; no official page names it as a Coredll.lib export
drop	CloseAllDeviceHandles	dump-tier only; no official page names it as a Coredll.lib export
drop	CloseAllFileHandles	dump-tier only; no official page names it as a Coredll.lib export
drop	CloseAllServiceHandles	dump-tier only; no official page names it as a Coredll.lib export
drop	CloseEnhMetaFile	dump-tier only; no official page names it as a Coredll.lib export
drop	CloseEventLog	dump-tier only; no official page names it as a Coredll.lib export
drop	CloseProcOE	dump-tier only; no official page names it as a Coredll.lib export
drop	ComThreadBaseFunc	dump-tier only; no official page names it as a Coredll.lib export
drop	CompactAllHeaps	dump-tier only; no official page names it as a Coredll.lib export
drop	ConnectDebugger	dump-tier only; no official page names it as a Coredll.lib export
drop	ConnectHdstub	dump-tier only; no official page names it as a Coredll.lib export
drop	ConnectOsAxsT0	dump-tier only; no official page names it as a Coredll.lib export
drop	ConnectOsAxsT1	dump-tier only; no official page names it as a Coredll.lib export
drop	CreateBitmapFromPointer	dump-tier only; no official page names it as a Coredll.lib export
drop	CreateCrit	dump-tier only; no official page names it as a Coredll.lib export
drop	CreateDeviceHandle	dump-tier only; no official page names it as a Coredll.lib export
drop	CreateEnhMetaFileW	dump-tier only; no official page names it as a Coredll.lib export
drop	CreateLocaleView	dump-tier only; no official page names it as a Coredll.lib export
drop	CreateServiceHandle	dump-tier only; no official page names it as a Coredll.lib export
drop	DBCanonicalize	dump-tier only; no official page names it as a Coredll.lib export
drop	DPA_Clone	dump-tier only; no official page names it as a Coredll.lib export
drop	DPA_Create	dump-tier only; no official page names it as a Coredll.lib export
drop	DPA_CreateEx	dump-tier only; no official page names it as a Coredll.lib export
drop	DPA_DeleteAllPtrs	dump-tier only; no official page names it as a Coredll.lib export
drop	DPA_DeletePtr	dump-tier only; no official page names it as a Coredll.lib export
drop	DPA_Destroy	dump-tier only; no official page names it as a Coredll.lib export
drop	DPA_DestroyCallback	dump-tier only; no official page names it as a Coredll.lib export
drop	DPA_EnumCallback	dump-tier only; no official page names it as a Coredll.lib export
drop	DPA_GetPtrIndex	dump-tier only; no official page names it as a Coredll.lib export
drop	DPA_Grow	dump-tier only; no official page names it as a Coredll.lib export
drop	DPA_InsertPtr	dump-tier only; no official page names it as a Coredll.lib export
drop	DPA_Search	dump-tier only; no official page names it as a Coredll.lib export
drop	DPA_SetPtr	dump-tier only; no official page names it as a Coredll.lib export
drop	DPA_Sort	dump-tier only; no official page names it as a Coredll.lib export
drop	DSA_Clone	dump-tier only; no official page names it as a Coredll.lib export
drop	DSA_Create	dump-tier only; no official page names it as a Coredll.lib export
drop	DSA_DeleteAllItems	dump-tier only; no official page names it as a Coredll.lib export
drop	DSA_DeleteItem	dump-tier only; no official page names it as a Coredll.lib export
drop	DSA_Destroy	dump-tier only; no official page names it as a Coredll.lib export
drop	DSA_DestroyCallback	dump-tier only; no official page names it as a Coredll.lib export
drop	DSA_EnumCallback	dump-tier only; no official page names it as a Coredll.lib export
drop	DSA_GetItem	dump-tier only; no official page names it as a Coredll.lib export
drop	DSA_GetItemPtr	dump-tier only; no official page names it as a Coredll.lib export
drop	DSA_Grow	dump-tier only; no official page names it as a Coredll.lib export
drop	DSA_InsertItem	dump-tier only; no official page names it as a Coredll.lib export
drop	DSA_Search	dump-tier only; no official page names it as a Coredll.lib export
drop	DSA_SetItem	dump-tier only; no official page names it as a Coredll.lib export
drop	DSA_SetRange	dump-tier only; no official page names it as a Coredll.lib export
drop	DSA_Sort	dump-tier only; no official page names it as a Coredll.lib export
drop	DebugNotify	dump-tier only; no official page names it as a Coredll.lib export
drop	DebugSetProcessKillOnExit	dump-tier only; no official page names it as a Coredll.lib export
drop	DecompressBinaryBlock	dump-tier only; no official page names it as a Coredll.lib export
drop	DefaultImcGet	dump-tier only; no official page names it as a Coredll.lib export
drop	DefaultImeWndGet	dump-tier only; no official page names it as a Coredll.lib export
drop	DeleteEnhMetaFile	dump-tier only; no official page names it as a Coredll.lib export
drop	DeleteTrackedItem	dump-tier only; no official page names it as a Coredll.lib export
drop	DeregisterAFS	dump-tier only; no official page names it as a Coredll.lib export
drop	DeregisterAFSName	dump-tier only; no official page names it as a Coredll.lib export
drop	DeregisterBluetoothCOMPort	dump-tier only; no official page names it as a Coredll.lib export
drop	DeregisterEventSource	dump-tier only; no official page names it as a Coredll.lib export
drop	DisableCaretSystemWide	dump-tier only; no official page names it as a Coredll.lib export
drop	DisablePixelDoubling	dump-tier only; no official page names it as a Coredll.lib export
drop	DumpFileSystemHeap	dump-tier only; no official page names it as a Coredll.lib export
drop	DumpKCallProfile	dump-tier only; no official page names it as a Coredll.lib export
drop	EnableCaretSystemWide	dump-tier only; no official page names it as a Coredll.lib export
drop	EventModify	dump-tier only; no official page names it as a Coredll.lib export
drop	ExtractResource	dump-tier only; no official page names it as a Coredll.lib export
drop	FilterTrackedItem	dump-tier only; no official page names it as a Coredll.lib export
drop	FlushViewOfFileMaybe	dump-tier only; no official page names it as a Coredll.lib export
drop	ForcePixelDoubling	dump-tier only; no official page names it as a Coredll.lib export
drop	GetAPIAddress	dump-tier only; no official page names it as a Coredll.lib export
drop	GetAssociatedMenu	dump-tier only; no official page names it as a Coredll.lib export
drop	GetCRTFlags	dump-tier only; no official page names it as a Coredll.lib export
drop	GetCRTStorageEx	dump-tier only; no official page names it as a Coredll.lib export
drop	GetCallStackSnapshot	dump-tier only; no official page names it as a Coredll.lib export
drop	GetCallerProcessIndex	dump-tier only; no official page names it as a Coredll.lib export
drop	GetDeviceByIndex	dump-tier only; no official page names it as a Coredll.lib export
drop	GetDeviceHandleFromContext	dump-tier only; no official page names it as a Coredll.lib export
drop	GetDeviceKeys	dump-tier only; no official page names it as a Coredll.lib export
drop	GetFSHeapInfo	dump-tier only; no official page names it as a Coredll.lib export
drop	GetFileSecurityW	dump-tier only; no official page names it as a Coredll.lib export
drop	GetGweApiSetTables	dump-tier only; no official page names it as a Coredll.lib export
drop	GetHandleServerId	dump-tier only; no official page names it as a Coredll.lib export
drop	GetHeapSnapshot	dump-tier only; no official page names it as a Coredll.lib export
drop	GetKPhys	dump-tier only; no official page names it as a Coredll.lib export
drop	GetKeyboardTarget	dump-tier only; no official page names it as a Coredll.lib export
drop	GetMessageWNoWait	dump-tier only; no official page names it as a Coredll.lib export
drop	GetNlsTables	dump-tier only; no official page names it as a Coredll.lib export
drop	GetOverlappedResult	dump-tier only; no official page names it as a Coredll.lib export
drop	GetPrivateCallbacks	dump-tier only; no official page names it as a Coredll.lib export
drop	GetProcAddrBits	dump-tier only; no official page names it as a Coredll.lib export
drop	GetProcAddressA	dump-tier only; no official page names it as a Coredll.lib export
drop	GetProcAddressInProcess	dump-tier only; no official page names it as a Coredll.lib export
drop	GetProcFromPtr	dump-tier only; no official page names it as a Coredll.lib export
drop	GetProcName	dump-tier only; no official page names it as a Coredll.lib export
drop	GetProcessIDFromIndex	dump-tier only; no official page names it as a Coredll.lib export
drop	GetProcessId	dump-tier only; no official page names it as a Coredll.lib export
drop	GetProcessIdOfThread	dump-tier only; no official page names it as a Coredll.lib export
drop	GetProcessIndexFromID	dump-tier only; no official page names it as a Coredll.lib export
drop	GetRealTime	dump-tier only; no official page names it as a Coredll.lib export
drop	GetRomFileBytes	dump-tier only; no official page names it as a Coredll.lib export
drop	GetRomFileInfo	dump-tier only; no official page names it as a Coredll.lib export
drop	GetServiceByIndex	dump-tier only; no official page names it as a Coredll.lib export
drop	GetThreadId	dump-tier only; no official page names it as a Coredll.lib export
drop	GetWindowTextWDirect	dump-tier only; no official page names it as a Coredll.lib export
drop	GiveKPhys	dump-tier only; no official page names it as a Coredll.lib export
drop	GwesPowerDown	dump-tier only; no official page names it as a Coredll.lib export
drop	GwesPowerUp	dump-tier only; no official page names it as a Coredll.lib export
drop	HeapAllocTrace	dump-tier only; no official page names it as a Coredll.lib export
drop	ImageList_CopyDitherImage	dump-tier only; no official page names it as a Coredll.lib export
drop	ImmActivateLayout	dump-tier only; no official page names it as a Coredll.lib export
drop	ImmEnableIME	dump-tier only; no official page names it as a Coredll.lib export
drop	ImmGetImcInfo	dump-tier only; no official page names it as a Coredll.lib export
drop	ImmGetKeyboardLayout	dump-tier only; no official page names it as a Coredll.lib export
drop	ImmGetUIClassName	dump-tier only; no official page names it as a Coredll.lib export
drop	ImmProcessKey	dump-tier only; no official page names it as a Coredll.lib export
drop	ImmRequestMessageW	dump-tier only; no official page names it as a Coredll.lib export
drop	ImmSendNotification	dump-tier only; no official page names it as a Coredll.lib export
drop	ImmSetActiveContext	dump-tier only; no official page names it as a Coredll.lib export
drop	ImmSetImeWndIMC	dump-tier only; no official page names it as a Coredll.lib export
drop	ImmTranslateMessage	dump-tier only; no official page names it as a Coredll.lib export
drop	Imm_DllEntry	dump-tier only; no official page names it as a Coredll.lib export
drop	InitLocale	dump-tier only; no official page names it as a Coredll.lib export
drop	InitializeUsrCoredllCallbacks	dump-tier only; no official page names it as a Coredll.lib export
drop	InputDebugCharW	dump-tier only; no official page names it as a Coredll.lib export
drop	IntChainHandlerIoControl	dump-tier only; no official page names it as a Coredll.lib export
drop	Int_CloseHandle	dump-tier only; no official page names it as a Coredll.lib export
drop	Int_CreateEventW	dump-tier only; no official page names it as a Coredll.lib export
drop	Int_HeapAlloc	dump-tier only; no official page names it as a Coredll.lib export
drop	Int_HeapCreate	dump-tier only; no official page names it as a Coredll.lib export
drop	Int_HeapDestroy	dump-tier only; no official page names it as a Coredll.lib export
drop	Int_HeapFree	dump-tier only; no official page names it as a Coredll.lib export
drop	Int_HeapReAlloc	dump-tier only; no official page names it as a Coredll.lib export
drop	Int_HeapSize	dump-tier only; no official page names it as a Coredll.lib export
drop	IsBadPtr	dump-tier only; no official page names it as a Coredll.lib export
drop	IsEncryptionPermitted	dump-tier only; no official page names it as a Coredll.lib export
drop	IsExiting	dump-tier only; no official page names it as a Coredll.lib export
drop	IsForcePixelDoubling	dump-tier only; no official page names it as a Coredll.lib export
drop	IsPrimaryThread	dump-tier only; no official page names it as a Coredll.lib export
drop	IsProcessDying	dump-tier only; no official page names it as a Coredll.lib export
drop	IsSystemFile	dump-tier only; no official page names it as a Coredll.lib export
drop	KernExtractIcons	dump-tier only; no official page names it as a Coredll.lib export
drop	KeybdInitStates	dump-tier only; no official page names it as a Coredll.lib export
drop	KeybdVKeyToUnicode	dump-tier only; no official page names it as a Coredll.lib export
drop	KillAllOtherThreads	dump-tier only; no official page names it as a Coredll.lib export
drop	LeaveCritSec	dump-tier only; no official page names it as a Coredll.lib export
drop	LocalAllocInProcess	dump-tier only; no official page names it as a Coredll.lib export
drop	LocalAllocTrace	dump-tier only; no official page names it as a Coredll.lib export
drop	LocalFreeInProcess	dump-tier only; no official page names it as a Coredll.lib export
drop	LocalSizeInProcess	dump-tier only; no official page names it as a Coredll.lib export
drop	LockAPIHandle	dump-tier only; no official page names it as a Coredll.lib export
drop	LockEventLog	dump-tier only; no official page names it as a Coredll.lib export
drop	MD5Final	dump-tier only; no official page names it as a Coredll.lib export
drop	MD5Init	dump-tier only; no official page names it as a Coredll.lib export
drop	MD5Update	dump-tier only; no official page names it as a Coredll.lib export
drop	MainThreadBaseFunc	dump-tier only; no official page names it as a Coredll.lib export
drop	MapPtrToProcWithSize	dump-tier only; no official page names it as a Coredll.lib export
drop	MapPtrUnsecure	dump-tier only; no official page names it as a Coredll.lib export
drop	MatchesWildcardMask	dump-tier only; no official page names it as a Coredll.lib export
drop	NKTerminateThread	dump-tier only; no official page names it as a Coredll.lib export
drop	NKvDbgPrintfW	dump-tier only; no official page names it as a Coredll.lib export
drop	NPXNPHandler	dump-tier only; no official page names it as a Coredll.lib export
drop	NotSystemParametersInfoI	dump-tier only; no official page names it as a Coredll.lib export
drop	NotifyForceCleanboot	dump-tier only; no official page names it as a Coredll.lib export
drop	OpenEventLogW	dump-tier only; no official page names it as a Coredll.lib export
drop	OtherThreadsRunning	dump-tier only; no official page names it as a Coredll.lib export
drop	PPSHRestart	dump-tier only; no official page names it as a Coredll.lib export
drop	PSLNotify	dump-tier only; no official page names it as a Coredll.lib export
drop	PegClearUserNotification	dump-tier only; no official page names it as a Coredll.lib export
drop	PegCreateDatabase	dump-tier only; no official page names it as a Coredll.lib export
drop	PegDeleteDatabase	dump-tier only; no official page names it as a Coredll.lib export
drop	PegDeleteRecord	dump-tier only; no official page names it as a Coredll.lib export
drop	PegFindFirstDatabase	dump-tier only; no official page names it as a Coredll.lib export
drop	PegFindNextDatabase	dump-tier only; no official page names it as a Coredll.lib export
drop	PegGetUserNotificationPreferences	dump-tier only; no official page names it as a Coredll.lib export
drop	PegHandleAppNotifications	dump-tier only; no official page names it as a Coredll.lib export
drop	PegOidGetInfo	dump-tier only; no official page names it as a Coredll.lib export
drop	PegOpenDatabase	dump-tier only; no official page names it as a Coredll.lib export
drop	PegReadRecordProps	dump-tier only; no official page names it as a Coredll.lib export
drop	PegRemoveFontResource	dump-tier only; no official page names it as a Coredll.lib export
drop	PegRunAppAtEvent	dump-tier only; no official page names it as a Coredll.lib export
drop	PegRunAppAtTime	dump-tier only; no official page names it as a Coredll.lib export
drop	PegSeekDatabase	dump-tier only; no official page names it as a Coredll.lib export
drop	PegSetDatabaseInfo	dump-tier only; no official page names it as a Coredll.lib export
drop	PegSetUserNotification	dump-tier only; no official page names it as a Coredll.lib export
drop	PegWriteRecordProps	dump-tier only; no official page names it as a Coredll.lib export
drop	PerformCallBack4	dump-tier only; no official page names it as a Coredll.lib export
drop	PlayEnhMetaFile	dump-tier only; no official page names it as a Coredll.lib export
drop	PrepareThreadExit	dump-tier only; no official page names it as a Coredll.lib export
drop	PrintTrackedItem	dump-tier only; no official page names it as a Coredll.lib export
drop	ProcessDetachAllDLLs	dump-tier only; no official page names it as a Coredll.lib export
drop	ProfileSyscall	dump-tier only; no official page names it as a Coredll.lib export
drop	QASetWindowsJournalHook	dump-tier only; no official page names it as a Coredll.lib export
drop	QAUnhookWindowsJournalHook	dump-tier only; no official page names it as a Coredll.lib export
drop	QueryAPISetID	dump-tier only; no official page names it as a Coredll.lib export
drop	REL_UDriverProcIoControl	dump-tier only; no official page names it as a Coredll.lib export
drop	RasGetEntryDevConfig	dump-tier only; no official page names it as a Coredll.lib export
drop	RasHangup	dump-tier only; no official page names it as a Coredll.lib export
drop	RasSetEntryDevConfig	dump-tier only; no official page names it as a Coredll.lib export
drop	ReadEventLogRaw	dump-tier only; no official page names it as a Coredll.lib export
drop	ReadFileScatter	dump-tier only; no official page names it as a Coredll.lib export
drop	ReadFileWithSeek	dump-tier only; no official page names it as a Coredll.lib export
drop	RectangleAnimation	dump-tier only; no official page names it as a Coredll.lib export
drop	RefreshKernelAlarm	dump-tier only; no official page names it as a Coredll.lib export
drop	RegOpenProcessKey	dump-tier only; no official page names it as a Coredll.lib export
drop	RegisterAFSEx	dump-tier only; no official page names it as a Coredll.lib export
drop	RegisterAFSName	dump-tier only; no official page names it as a Coredll.lib export
drop	RegisterBluetoothCOMPort	dump-tier only; no official page names it as a Coredll.lib export
drop	RegisterDefaultGestureHandler	dump-tier only; no official page names it as a Coredll.lib export
drop	RegisterEventSourceW	dump-tier only; no official page names it as a Coredll.lib export
drop	RegisterSIPanel	dump-tier only; no official page names it as a Coredll.lib export
drop	RegisterTrackedItem	dump-tier only; no official page names it as a Coredll.lib export
drop	ReinitLocale	dump-tier only; no official page names it as a Coredll.lib export
drop	RemoteHeapAlloc	dump-tier only; no official page names it as a Coredll.lib export
drop	RemoteHeapFree	dump-tier only; no official page names it as a Coredll.lib export
drop	RemoteHeapReAlloc	dump-tier only; no official page names it as a Coredll.lib export
drop	RemoteHeapSize	dump-tier only; no official page names it as a Coredll.lib export
drop	RemoteLocalAlloc	dump-tier only; no official page names it as a Coredll.lib export
drop	RemoteLocalFree	dump-tier only; no official page names it as a Coredll.lib export
drop	RemoteLocalReAlloc	dump-tier only; no official page names it as a Coredll.lib export
drop	RemoteLocalSize	dump-tier only; no official page names it as a Coredll.lib export
drop	RemoveFontMemResourceEx	dump-tier only; no official page names it as a Coredll.lib export
drop	ReportEventW	dump-tier only; no official page names it as a Coredll.lib export
drop	RtlDispatchException	dump-tier only; no official page names it as a Coredll.lib export
drop	SHChangeNotifyRegisterI	dump-tier only; no official page names it as a Coredll.lib export
drop	SHCloseAppsI	dump-tier only; no official page names it as a Coredll.lib export
drop	SHCreateExplorerInstance	dump-tier only; no official page names it as a Coredll.lib export
drop	SHDoneButtonI	dump-tier only; no official page names it as a Coredll.lib export
drop	SHFileNotifyFreeI	dump-tier only; no official page names it as a Coredll.lib export
drop	SHFileNotifyRemoveI	dump-tier only; no official page names it as a Coredll.lib export
drop	SHGetAppKeyAssocI	dump-tier only; no official page names it as a Coredll.lib export
drop	SHLoadIndirectString	dump-tier only; no official page names it as a Coredll.lib export
drop	SHNotificationAddI	dump-tier only; no official page names it as a Coredll.lib export
drop	SHNotificationGetDataI	dump-tier only; no official page names it as a Coredll.lib export
drop	SHNotificationRemoveI	dump-tier only; no official page names it as a Coredll.lib export
drop	SHNotificationUpdateI	dump-tier only; no official page names it as a Coredll.lib export
drop	SHSetAppKeyWndAssocI	dump-tier only; no official page names it as a Coredll.lib export
drop	SHSetNavBarTextI	dump-tier only; no official page names it as a Coredll.lib export
drop	SHSipPreferenceI	dump-tier only; no official page names it as a Coredll.lib export
drop	SecureWipeAllVolumes	dump-tier only; no official page names it as a Coredll.lib export
drop	SetACP	dump-tier only; no official page names it as a Coredll.lib export
drop	SetAssociatedMenu	dump-tier only; no official page names it as a Coredll.lib export
drop	SetCriticalProcess	dump-tier only; no official page names it as a Coredll.lib export
drop	SetDialogAutoScrollBar	dump-tier only; no official page names it as a Coredll.lib export
drop	SetExceptionHandler	dump-tier only; no official page names it as a Coredll.lib export
drop	SetFileSecurityW	dump-tier only; no official page names it as a Coredll.lib export
drop	SetGwesOOMEvent	dump-tier only; no official page names it as a Coredll.lib export
drop	SetGwesPowerHandler	dump-tier only; no official page names it as a Coredll.lib export
drop	SetHandleOwner	dump-tier only; no official page names it as a Coredll.lib export
drop	SetHandleOwnerWorkaround	dump-tier only; no official page names it as a Coredll.lib export
drop	SetHardwareWatch	dump-tier only; no official page names it as a Coredll.lib export
drop	SetKernelAlarm	dump-tier only; no official page names it as a Coredll.lib export
drop	SetKeyboardTarget	dump-tier only; no official page names it as a Coredll.lib export
drop	SetLowestScheduledPriority	dump-tier only; no official page names it as a Coredll.lib export
drop	SetOEMCP	dump-tier only; no official page names it as a Coredll.lib export
drop	SetObjectOwner	dump-tier only; no official page names it as a Coredll.lib export
drop	SetPowerOffHandler	dump-tier only; no official page names it as a Coredll.lib export
drop	SetRealTime	dump-tier only; no official page names it as a Coredll.lib export
drop	SetSystemDefaultLCID	dump-tier only; no official page names it as a Coredll.lib export
drop	SetTimeZoneBias	dump-tier only; no official page names it as a Coredll.lib export
drop	SetWDevicePowerHandler	dump-tier only; no official page names it as a Coredll.lib export
drop	SetWindowPosOnRotate	dump-tier only; no official page names it as a Coredll.lib export
drop	SetWindowsHookExW	dump-tier only; no official page names it as a Coredll.lib export
drop	ShellModalEnd	dump-tier only; no official page names it as a Coredll.lib export
drop	ShowStartupWindow	dump-tier only; no official page names it as a Coredll.lib export
drop	StringCbCatA	dump-tier only; no official page names it as a Coredll.lib export
drop	StringCbCatExA	dump-tier only; no official page names it as a Coredll.lib export
drop	StringCbCatNA	dump-tier only; no official page names it as a Coredll.lib export
drop	StringCbCatNExA	dump-tier only; no official page names it as a Coredll.lib export
drop	StringCbCopyA	dump-tier only; no official page names it as a Coredll.lib export
drop	StringCbCopyExA	dump-tier only; no official page names it as a Coredll.lib export
drop	StringCbCopyNA	dump-tier only; no official page names it as a Coredll.lib export
drop	StringCbLengthA	dump-tier only; no official page names it as a Coredll.lib export
drop	StringCbPrintfA	dump-tier only; no official page names it as a Coredll.lib export
drop	StringCbPrintfExA	dump-tier only; no official page names it as a Coredll.lib export
drop	StringCbVPrintfA	dump-tier only; no official page names it as a Coredll.lib export
drop	StringCbVPrintfExA	dump-tier only; no official page names it as a Coredll.lib export
drop	StringCchCatA	dump-tier only; no official page names it as a Coredll.lib export
drop	StringCchCatExA	dump-tier only; no official page names it as a Coredll.lib export
drop	StringCchCatNA	dump-tier only; no official page names it as a Coredll.lib export
drop	StringCchCatNExA	dump-tier only; no official page names it as a Coredll.lib export
drop	StringCchCopyA	dump-tier only; no official page names it as a Coredll.lib export
drop	StringCchCopyExA	dump-tier only; no official page names it as a Coredll.lib export
drop	StringCchCopyNA	dump-tier only; no official page names it as a Coredll.lib export
drop	StringCchLengthA	dump-tier only; no official page names it as a Coredll.lib export
drop	StringCchPrintfA	dump-tier only; no official page names it as a Coredll.lib export
drop	StringCchPrintfExA	dump-tier only; no official page names it as a Coredll.lib export
drop	StringCchVPrintfA	dump-tier only; no official page names it as a Coredll.lib export
drop	StringCchVPrintfExA	dump-tier only; no official page names it as a Coredll.lib export
drop	StringCompress	dump-tier only; no official page names it as a Coredll.lib export
drop	StringDecompress	dump-tier only; no official page names it as a Coredll.lib export
drop	SystemMemoryLow	dump-tier only; no official page names it as a Coredll.lib export
drop	SystemStarted	dump-tier only; no official page names it as a Coredll.lib export
drop	THCreateSnapshot	dump-tier only; no official page names it as a Coredll.lib export
drop	THGrow	dump-tier only; no official page names it as a Coredll.lib export
drop	TakeCritSec	dump-tier only; no official page names it as a Coredll.lib export
drop	ThreadAttachAllDLLs	dump-tier only; no official page names it as a Coredll.lib export
drop	ThreadBaseFunc	dump-tier only; no official page names it as a Coredll.lib export
drop	ThreadDetachAllDLLs	dump-tier only; no official page names it as a Coredll.lib export
drop	ThreadExceptionExit	dump-tier only; no official page names it as a Coredll.lib export
drop	TlsCall	dump-tier only; no official page names it as a Coredll.lib export
drop	TurnOffProfiling	dump-tier only; no official page names it as a Coredll.lib export
drop	TurnOnProfiling	dump-tier only; no official page names it as a Coredll.lib export
drop	U_rclose	dump-tier only; no official page names it as a Coredll.lib export
drop	U_rlseek	dump-tier only; no official page names it as a Coredll.lib export
drop	U_ropen	dump-tier only; no official page names it as a Coredll.lib export
drop	U_rread	dump-tier only; no official page names it as a Coredll.lib export
drop	U_rwrite	dump-tier only; no official page names it as a Coredll.lib export
drop	UnLockEventLog	dump-tier only; no official page names it as a Coredll.lib export
drop	UnhookWindowsHookEx	dump-tier only; no official page names it as a Coredll.lib export
drop	UnlockAPIHandle	dump-tier only; no official page names it as a Coredll.lib export
drop	UnregisterFunc1	dump-tier only; no official page names it as a Coredll.lib export
drop	UpdateNLSInfo	dump-tier only; no official page names it as a Coredll.lib export
drop	UpdateNLSInfoEx	dump-tier only; no official page names it as a Coredll.lib export
drop	UserCallWindowProc	dump-tier only; no official page names it as a Coredll.lib export
drop	VerifyAPIHandle	dump-tier only; no official page names it as a Coredll.lib export
drop	WriteFileGather	dump-tier only; no official page names it as a Coredll.lib export
drop	WriteFileWithSeek	dump-tier only; no official page names it as a Coredll.lib export
drop	_CIacos	dump-tier only; no official page names it as a Coredll.lib export
drop	_CIasin	dump-tier only; no official page names it as a Coredll.lib export
drop	_CIatan	dump-tier only; no official page names it as a Coredll.lib export
drop	_CIatan2	dump-tier only; no official page names it as a Coredll.lib export
drop	_CIcos	dump-tier only; no official page names it as a Coredll.lib export
drop	_CIcosh	dump-tier only; no official page names it as a Coredll.lib export
drop	_CIexp	dump-tier only; no official page names it as a Coredll.lib export
drop	_CIfmod	dump-tier only; no official page names it as a Coredll.lib export
drop	_CIlog	dump-tier only; no official page names it as a Coredll.lib export
drop	_CIlog10	dump-tier only; no official page names it as a Coredll.lib export
drop	_CIpow	dump-tier only; no official page names it as a Coredll.lib export
drop	_CIsin	dump-tier only; no official page names it as a Coredll.lib export
drop	_CIsinh	dump-tier only; no official page names it as a Coredll.lib export
drop	_CIsqrt	dump-tier only; no official page names it as a Coredll.lib export
drop	_CItan	dump-tier only; no official page names it as a Coredll.lib export
drop	_CItanh	dump-tier only; no official page names it as a Coredll.lib export
drop	_CxxThrowException	dump-tier only; no official page names it as a Coredll.lib export
drop	_EH_prolog	dump-tier only; no official page names it as a Coredll.lib export
drop	_EH_prolog2	dump-tier only; no official page names it as a Coredll.lib export
drop	_HUGE	dump-tier only; no official page names it as a Coredll.lib export
drop	_InitStdioLib	dump-tier only; no official page names it as a Coredll.lib export
drop	_SEH_epilog	dump-tier only; no official page names it as a Coredll.lib export
drop	_SEH_prolog	dump-tier only; no official page names it as a Coredll.lib export
drop	_XcptFilter	dump-tier only; no official page names it as a Coredll.lib export
drop	__C_specific_handler	dump-tier only; no official page names it as a Coredll.lib export
drop	__CxxFrameHandler	dump-tier only; no official page names it as a Coredll.lib export
drop	__CxxFrameHandler3	dump-tier only; no official page names it as a Coredll.lib export
drop	__CxxThrowException	dump-tier only; no official page names it as a Coredll.lib export
drop	__GetUserKData	dump-tier only; no official page names it as a Coredll.lib export
drop	__RTCastToVoid	dump-tier only; no official page names it as a Coredll.lib export
drop	__RTDynamicCast	dump-tier only; no official page names it as a Coredll.lib export
drop	__RTtypeid	dump-tier only; no official page names it as a Coredll.lib export
drop	__abnormal_termination	dump-tier only; no official page names it as a Coredll.lib export
drop	__addd	dump-tier only; no official page names it as a Coredll.lib export
drop	__adds	dump-tier only; no official page names it as a Coredll.lib export
drop	__cmpd	dump-tier only; no official page names it as a Coredll.lib export
drop	__cmps	dump-tier only; no official page names it as a Coredll.lib export
drop	__divd	dump-tier only; no official page names it as a Coredll.lib export
drop	__divs	dump-tier only; no official page names it as a Coredll.lib export
drop	__dtoi	dump-tier only; no official page names it as a Coredll.lib export
drop	__dtoi64	dump-tier only; no official page names it as a Coredll.lib export
drop	__dtos	dump-tier only; no official page names it as a Coredll.lib export
drop	__dtou	dump-tier only; no official page names it as a Coredll.lib export
drop	__dtou64	dump-tier only; no official page names it as a Coredll.lib export
drop	__eqd	dump-tier only; no official page names it as a Coredll.lib export
drop	__eqs	dump-tier only; no official page names it as a Coredll.lib export
drop	__ged	dump-tier only; no official page names it as a Coredll.lib export
drop	__ges	dump-tier only; no official page names it as a Coredll.lib export
drop	__gtd	dump-tier only; no official page names it as a Coredll.lib export
drop	__gts	dump-tier only; no official page names it as a Coredll.lib export
drop	__i64tod	dump-tier only; no official page names it as a Coredll.lib export
drop	__i64tos	dump-tier only; no official page names it as a Coredll.lib export
drop	__itod	dump-tier only; no official page names it as a Coredll.lib export
drop	__itos	dump-tier only; no official page names it as a Coredll.lib export
drop	__led	dump-tier only; no official page names it as a Coredll.lib export
drop	__les	dump-tier only; no official page names it as a Coredll.lib export
drop	__ltd	dump-tier only; no official page names it as a Coredll.lib export
drop	__lts	dump-tier only; no official page names it as a Coredll.lib export
drop	__muld	dump-tier only; no official page names it as a Coredll.lib export
drop	__muls	dump-tier only; no official page names it as a Coredll.lib export
drop	__ned	dump-tier only; no official page names it as a Coredll.lib export
drop	__negd	dump-tier only; no official page names it as a Coredll.lib export
drop	__negs	dump-tier only; no official page names it as a Coredll.lib export
drop	__nes	dump-tier only; no official page names it as a Coredll.lib export
drop	__report_gsfailure	dump-tier only; no official page names it as a Coredll.lib export
drop	__rt_sdiv	dump-tier only; no official page names it as a Coredll.lib export
drop	__rt_sdiv10	dump-tier only; no official page names it as a Coredll.lib export
drop	__rt_sdiv64by64	dump-tier only; no official page names it as a Coredll.lib export
drop	__rt_srem64by64	dump-tier only; no official page names it as a Coredll.lib export
drop	__rt_srsh	dump-tier only; no official page names it as a Coredll.lib export
drop	__rt_udiv	dump-tier only; no official page names it as a Coredll.lib export
drop	__rt_udiv10	dump-tier only; no official page names it as a Coredll.lib export
drop	__rt_udiv64by64	dump-tier only; no official page names it as a Coredll.lib export
drop	__rt_urem64by64	dump-tier only; no official page names it as a Coredll.lib export
drop	__rt_ursh	dump-tier only; no official page names it as a Coredll.lib export
drop	__security_error_handler	dump-tier only; no official page names it as a Coredll.lib export
drop	__security_gen_cookie	dump-tier only; no official page names it as a Coredll.lib export
drop	__security_gen_cookie2	dump-tier only; no official page names it as a Coredll.lib export
drop	__stod	dump-tier only; no official page names it as a Coredll.lib export
drop	__stoi	dump-tier only; no official page names it as a Coredll.lib export
drop	__stoi64	dump-tier only; no official page names it as a Coredll.lib export
drop	__stou	dump-tier only; no official page names it as a Coredll.lib export
drop	__stou64	dump-tier only; no official page names it as a Coredll.lib export
drop	__strgtold12	dump-tier only; no official page names it as a Coredll.lib export
drop	__subd	dump-tier only; no official page names it as a Coredll.lib export
drop	__subs	dump-tier only; no official page names it as a Coredll.lib export
drop	__u64tod	dump-tier only; no official page names it as a Coredll.lib export
drop	__u64tos	dump-tier only; no official page names it as a Coredll.lib export
drop	__utod	dump-tier only; no official page names it as a Coredll.lib export
drop	__utos	dump-tier only; no official page names it as a Coredll.lib export
drop	_abs64	dump-tier only; no official page names it as a Coredll.lib export
drop	_alldiv	dump-tier only; no official page names it as a Coredll.lib export
drop	_alldvrm	dump-tier only; no official page names it as a Coredll.lib export
drop	_allmul	dump-tier only; no official page names it as a Coredll.lib export
drop	_alloca_probe	dump-tier only; no official page names it as a Coredll.lib export
drop	_alloca_probe_16	dump-tier only; no official page names it as a Coredll.lib export
drop	_alloca_probe_8	dump-tier only; no official page names it as a Coredll.lib export
drop	_allrem	dump-tier only; no official page names it as a Coredll.lib export
drop	_allshl	dump-tier only; no official page names it as a Coredll.lib export
drop	_allshr	dump-tier only; no official page names it as a Coredll.lib export
drop	_atodbl	dump-tier only; no official page names it as a Coredll.lib export
drop	_atoflt	dump-tier only; no official page names it as a Coredll.lib export
drop	_atoi64	dump-tier only; no official page names it as a Coredll.lib export
drop	_aulldiv	dump-tier only; no official page names it as a Coredll.lib export
drop	_aulldvrm	dump-tier only; no official page names it as a Coredll.lib export
drop	_aullrem	dump-tier only; no official page names it as a Coredll.lib export
drop	_aullshr	dump-tier only; no official page names it as a Coredll.lib export
drop	_chkstk	dump-tier only; no official page names it as a Coredll.lib export
drop	_clearfp	dump-tier only; no official page names it as a Coredll.lib export
drop	_controlfp	dump-tier only; no official page names it as a Coredll.lib export
drop	_controlfp_s	dump-tier only; no official page names it as a Coredll.lib export
drop	_ecvt_s	dump-tier only; no official page names it as a Coredll.lib export
drop	_except_handler3	dump-tier only; no official page names it as a Coredll.lib export
drop	_except_handler4_common	dump-tier only; no official page names it as a Coredll.lib export
drop	_fcloseall	dump-tier only; no official page names it as a Coredll.lib export
drop	_fcvt_s	dump-tier only; no official page names it as a Coredll.lib export
drop	_fload	dump-tier only; no official page names it as a Coredll.lib export
drop	_fltused	dump-tier only; no official page names it as a Coredll.lib export
drop	_frnd	dump-tier only; no official page names it as a Coredll.lib export
drop	_fsqrt	dump-tier only; no official page names it as a Coredll.lib export
drop	_ftol	dump-tier only; no official page names it as a Coredll.lib export
drop	_ftol2	dump-tier only; no official page names it as a Coredll.lib export
drop	_ftol2_sse	dump-tier only; no official page names it as a Coredll.lib export
drop	_ftol2_sse_excpt	dump-tier only; no official page names it as a Coredll.lib export
drop	_gcvt_s	dump-tier only; no official page names it as a Coredll.lib export
drop	_get_invalid_parameter_handler	dump-tier only; no official page names it as a Coredll.lib export
drop	_getstdfilex	dump-tier only; no official page names it as a Coredll.lib export
drop	_getws	dump-tier only; no official page names it as a Coredll.lib export
drop	_getws_s	dump-tier only; no official page names it as a Coredll.lib export
drop	_inp	dump-tier only; no official page names it as a Coredll.lib export
drop	_inpd	dump-tier only; no official page names it as a Coredll.lib export
drop	_inpw	dump-tier only; no official page names it as a Coredll.lib export
drop	_invalid_parameter	dump-tier only; no official page names it as a Coredll.lib export
drop	_isctype	dump-tier only; no official page names it as a Coredll.lib export
drop	_isnanf	dump-tier only; no official page names it as a Coredll.lib export
drop	_itoa	dump-tier only; no official page names it as a Coredll.lib export
drop	_itoa_s	dump-tier only; no official page names it as a Coredll.lib export
drop	_itow	dump-tier only; no official page names it as a Coredll.lib export
drop	_itow_s	dump-tier only; no official page names it as a Coredll.lib export
drop	_j0	dump-tier only; no official page names it as a Coredll.lib export
drop	_j1	dump-tier only; no official page names it as a Coredll.lib export
drop	_jn	dump-tier only; no official page names it as a Coredll.lib export
drop	_ld12tod	dump-tier only; no official page names it as a Coredll.lib export
drop	_ld12tof	dump-tier only; no official page names it as a Coredll.lib export
drop	_local_unwind2	dump-tier only; no official page names it as a Coredll.lib export
drop	_local_unwind4	dump-tier only; no official page names it as a Coredll.lib export
drop	_lrotl	dump-tier only; no official page names it as a Coredll.lib export
drop	_lrotr	dump-tier only; no official page names it as a Coredll.lib export
drop	_ltoa	dump-tier only; no official page names it as a Coredll.lib export
drop	_ltoa_s	dump-tier only; no official page names it as a Coredll.lib export
drop	_ltow	dump-tier only; no official page names it as a Coredll.lib export
drop	_ltow_s	dump-tier only; no official page names it as a Coredll.lib export
drop	_mbmemset	dump-tier only; no official page names it as a Coredll.lib export
drop	_outp	dump-tier only; no official page names it as a Coredll.lib export
drop	_outpd	dump-tier only; no official page names it as a Coredll.lib export
drop	_outpw	dump-tier only; no official page names it as a Coredll.lib export
drop	_purecall	dump-tier only; no official page names it as a Coredll.lib export
drop	_putws	dump-tier only; no official page names it as a Coredll.lib export
drop	_recalloc	dump-tier only; no official page names it as a Coredll.lib export
drop	_rotl	dump-tier only; no official page names it as a Coredll.lib export
drop	_rotl64	dump-tier only; no official page names it as a Coredll.lib export
drop	_rotr	dump-tier only; no official page names it as a Coredll.lib export
drop	_rotr64	dump-tier only; no official page names it as a Coredll.lib export
drop	_set_invalid_parameter_handler	dump-tier only; no official page names it as a Coredll.lib export
drop	_setjmp3	dump-tier only; no official page names it as a Coredll.lib export
drop	_snprintf	dump-tier only; no official page names it as a Coredll.lib export
drop	_snprintf_s	dump-tier only; no official page names it as a Coredll.lib export
drop	_snwprintf	dump-tier only; no official page names it as a Coredll.lib export
drop	_snwprintf_s	dump-tier only; no official page names it as a Coredll.lib export
drop	_strdup	dump-tier only; no official page names it as a Coredll.lib export
drop	_stricmp	dump-tier only; no official page names it as a Coredll.lib export
drop	_strlwr	dump-tier only; no official page names it as a Coredll.lib export
drop	_strlwr_s	dump-tier only; no official page names it as a Coredll.lib export
drop	_strnicmp	dump-tier only; no official page names it as a Coredll.lib export
drop	_strnset	dump-tier only; no official page names it as a Coredll.lib export
drop	_strnset_s	dump-tier only; no official page names it as a Coredll.lib export
drop	_strrev	dump-tier only; no official page names it as a Coredll.lib export
drop	_strset	dump-tier only; no official page names it as a Coredll.lib export
drop	_strset_s	dump-tier only; no official page names it as a Coredll.lib export
drop	_strupr	dump-tier only; no official page names it as a Coredll.lib export
drop	_strupr_s	dump-tier only; no official page names it as a Coredll.lib export
drop	_ultoa	dump-tier only; no official page names it as a Coredll.lib export
drop	_ultoa_s	dump-tier only; no official page names it as a Coredll.lib export
drop	_ultow	dump-tier only; no official page names it as a Coredll.lib export
drop	_ultow_s	dump-tier only; no official page names it as a Coredll.lib export
drop	_vsnprintf	dump-tier only; no official page names it as a Coredll.lib export
drop	_vsnprintf_s	dump-tier only; no official page names it as a Coredll.lib export
drop	_vsnwprintf	dump-tier only; no official page names it as a Coredll.lib export
drop	_vsnwprintf_s	dump-tier only; no official page names it as a Coredll.lib export
drop	_wcsdup	dump-tier only; no official page names it as a Coredll.lib export
drop	_wcsicmp	dump-tier only; no official page names it as a Coredll.lib export
drop	_wcslwr	dump-tier only; no official page names it as a Coredll.lib export
drop	_wcslwr_s	dump-tier only; no official page names it as a Coredll.lib export
drop	_wcsnicmp	dump-tier only; no official page names it as a Coredll.lib export
drop	_wcsnset	dump-tier only; no official page names it as a Coredll.lib export
drop	_wcsnset_s	dump-tier only; no official page names it as a Coredll.lib export
drop	_wcsrev	dump-tier only; no official page names it as a Coredll.lib export
drop	_wcsset	dump-tier only; no official page names it as a Coredll.lib export
drop	_wcsset_s	dump-tier only; no official page names it as a Coredll.lib export
drop	_wcsupr	dump-tier only; no official page names it as a Coredll.lib export
drop	_wcsupr_s	dump-tier only; no official page names it as a Coredll.lib export
drop	_wfopen	dump-tier only; no official page names it as a Coredll.lib export
drop	_wfopen_s	dump-tier only; no official page names it as a Coredll.lib export
drop	_wfreopen	dump-tier only; no official page names it as a Coredll.lib export
drop	_wfreopen_s	dump-tier only; no official page names it as a Coredll.lib export
drop	_wtol	dump-tier only; no official page names it as a Coredll.lib export
drop	_wtoll	dump-tier only; no official page names it as a Coredll.lib export
drop	_y0	dump-tier only; no official page names it as a Coredll.lib export
drop	_y1	dump-tier only; no official page names it as a Coredll.lib export
drop	_yn	dump-tier only; no official page names it as a Coredll.lib export
drop	acmDriverAdd	dump-tier only; no official page names it as a Coredll.lib export
drop	acmDriverClose	dump-tier only; no official page names it as a Coredll.lib export
drop	acmDriverDetails	dump-tier only; no official page names it as a Coredll.lib export
drop	acmDriverEnum	dump-tier only; no official page names it as a Coredll.lib export
drop	acmDriverID	dump-tier only; no official page names it as a Coredll.lib export
drop	acmDriverMessage	dump-tier only; no official page names it as a Coredll.lib export
drop	acmDriverOpen	dump-tier only; no official page names it as a Coredll.lib export
drop	acmDriverPriority	dump-tier only; no official page names it as a Coredll.lib export
drop	acmDriverRemove	dump-tier only; no official page names it as a Coredll.lib export
drop	acmFilterChoose	dump-tier only; no official page names it as a Coredll.lib export
drop	acmFilterDetails	dump-tier only; no official page names it as a Coredll.lib export
drop	acmFilterEnum	dump-tier only; no official page names it as a Coredll.lib export
drop	acmFilterTagDetails	dump-tier only; no official page names it as a Coredll.lib export
drop	acmFilterTagEnum	dump-tier only; no official page names it as a Coredll.lib export
drop	acmFormatChoose	dump-tier only; no official page names it as a Coredll.lib export
drop	acmFormatDetails	dump-tier only; no official page names it as a Coredll.lib export
drop	acmFormatEnum	dump-tier only; no official page names it as a Coredll.lib export
drop	acmFormatSuggest	dump-tier only; no official page names it as a Coredll.lib export
drop	acmFormatTagDetails	dump-tier only; no official page names it as a Coredll.lib export
drop	acmFormatTagEnum	dump-tier only; no official page names it as a Coredll.lib export
drop	acmGetVersion	dump-tier only; no official page names it as a Coredll.lib export
drop	acmMetrics	dump-tier only; no official page names it as a Coredll.lib export
drop	acmStreamClose	dump-tier only; no official page names it as a Coredll.lib export
drop	acmStreamConvert	dump-tier only; no official page names it as a Coredll.lib export
drop	acmStreamMessage	dump-tier only; no official page names it as a Coredll.lib export
drop	acmStreamOpen	dump-tier only; no official page names it as a Coredll.lib export
drop	acmStreamPrepareHeader	dump-tier only; no official page names it as a Coredll.lib export
drop	acmStreamReset	dump-tier only; no official page names it as a Coredll.lib export
drop	acmStreamSize	dump-tier only; no official page names it as a Coredll.lib export
drop	acmStreamUnprepareHeader	dump-tier only; no official page names it as a Coredll.lib export
drop	atan	dump-tier only; no official page names it as a Coredll.lib export
drop	atan2	dump-tier only; no official page names it as a Coredll.lib export
drop	atof	dump-tier only; no official page names it as a Coredll.lib export
drop	atol	dump-tier only; no official page names it as a Coredll.lib export
drop	ceilf	dump-tier only; no official page names it as a Coredll.lib export
drop	clearerr_s	dump-tier only; no official page names it as a Coredll.lib export
drop	cos	dump-tier only; no official page names it as a Coredll.lib export
drop	cosh	dump-tier only; no official page names it as a Coredll.lib export
drop	difftime	dump-tier only; no official page names it as a Coredll.lib export
drop	fabsf	dump-tier only; no official page names it as a Coredll.lib export
drop	fclose	dump-tier only; no official page names it as a Coredll.lib export
drop	fgetc	dump-tier only; no official page names it as a Coredll.lib export
drop	fgets	dump-tier only; no official page names it as a Coredll.lib export
drop	fgetwc	dump-tier only; no official page names it as a Coredll.lib export
drop	fgetws	dump-tier only; no official page names it as a Coredll.lib export
drop	floorf	dump-tier only; no official page names it as a Coredll.lib export
drop	fmodf	dump-tier only; no official page names it as a Coredll.lib export
drop	fopen	dump-tier only; no official page names it as a Coredll.lib export
drop	fopen_s	dump-tier only; no official page names it as a Coredll.lib export
drop	fprintf	dump-tier only; no official page names it as a Coredll.lib export
drop	fprintf_s	dump-tier only; no official page names it as a Coredll.lib export
drop	fputc	dump-tier only; no official page names it as a Coredll.lib export
drop	fputs	dump-tier only; no official page names it as a Coredll.lib export
drop	fputwc	dump-tier only; no official page names it as a Coredll.lib export
drop	fputws	dump-tier only; no official page names it as a Coredll.lib export
drop	fread_s	dump-tier only; no official page names it as a Coredll.lib export
drop	fscanf	dump-tier only; no official page names it as a Coredll.lib export
drop	fscanf_s	dump-tier only; no official page names it as a Coredll.lib export
drop	fwprintf	dump-tier only; no official page names it as a Coredll.lib export
drop	fwprintf_s	dump-tier only; no official page names it as a Coredll.lib export
drop	fwscanf	dump-tier only; no official page names it as a Coredll.lib export
drop	fwscanf_s	dump-tier only; no official page names it as a Coredll.lib export
drop	g_hProcessHeap	dump-tier only; no official page names it as a Coredll.lib export
drop	getchar	dump-tier only; no official page names it as a Coredll.lib export
drop	gets	dump-tier only; no official page names it as a Coredll.lib export
drop	gets_s	dump-tier only; no official page names it as a Coredll.lib export
drop	getwchar	dump-tier only; no official page names it as a Coredll.lib export
drop	iswctype	dump-tier only; no official page names it as a Coredll.lib export
drop	lineStartDTMF	dump-tier only; no official page names it as a Coredll.lib export
drop	lineStopDTMF	dump-tier only; no official page names it as a Coredll.lib export
drop	log	dump-tier only; no official page names it as a Coredll.lib export
drop	log10	dump-tier only; no official page names it as a Coredll.lib export
drop	lstrcmpW	dump-tier only; no official page names it as a Coredll.lib export
drop	lstrcmpiW	dump-tier only; no official page names it as a Coredll.lib export
drop	mbstowcs_s	dump-tier only; no official page names it as a Coredll.lib export
drop	memchr	dump-tier only; no official page names it as a Coredll.lib export
drop	memcmp	dump-tier only; no official page names it as a Coredll.lib export
drop	memcpy	dump-tier only; no official page names it as a Coredll.lib export
drop	memcpy_s	dump-tier only; no official page names it as a Coredll.lib export
drop	memmove_s	dump-tier only; no official page names it as a Coredll.lib export
drop	memset	dump-tier only; no official page names it as a Coredll.lib export
drop	printf	dump-tier only; no official page names it as a Coredll.lib export
drop	printf_s	dump-tier only; no official page names it as a Coredll.lib export
drop	putchar	dump-tier only; no official page names it as a Coredll.lib export
drop	puts	dump-tier only; no official page names it as a Coredll.lib export
drop	putwchar	dump-tier only; no official page names it as a Coredll.lib export
drop	qsort_s	dump-tier only; no official page names it as a Coredll.lib export
drop	rand_s	dump-tier only; no official page names it as a Coredll.lib export
drop	scanf	dump-tier only; no official page names it as a Coredll.lib export
drop	scanf_s	dump-tier only; no official page names it as a Coredll.lib export
drop	sin	dump-tier only; no official page names it as a Coredll.lib export
drop	sinh	dump-tier only; no official page names it as a Coredll.lib export
drop	sprintf	dump-tier only; no official page names it as a Coredll.lib export
drop	sprintf_s	dump-tier only; no official page names it as a Coredll.lib export
drop	sqrtf	dump-tier only; no official page names it as a Coredll.lib export
drop	sscanf	dump-tier only; no official page names it as a Coredll.lib export
drop	sscanf_s	dump-tier only; no official page names it as a Coredll.lib export
drop	strcat	dump-tier only; no official page names it as a Coredll.lib export
drop	strcat_s	dump-tier only; no official page names it as a Coredll.lib export
drop	strchr	dump-tier only; no official page names it as a Coredll.lib export
drop	strcmp	dump-tier only; no official page names it as a Coredll.lib export
drop	strcpy	dump-tier only; no official page names it as a Coredll.lib export
drop	strcpy_s	dump-tier only; no official page names it as a Coredll.lib export
drop	strcspn	dump-tier only; no official page names it as a Coredll.lib export
drop	strlen	dump-tier only; no official page names it as a Coredll.lib export
drop	strncat	dump-tier only; no official page names it as a Coredll.lib export
drop	strncat_s	dump-tier only; no official page names it as a Coredll.lib export
drop	strncmp	dump-tier only; no official page names it as a Coredll.lib export
drop	strncpy	dump-tier only; no official page names it as a Coredll.lib export
drop	strncpy_s	dump-tier only; no official page names it as a Coredll.lib export
drop	strnlen	dump-tier only; no official page names it as a Coredll.lib export
drop	strpbrk	dump-tier only; no official page names it as a Coredll.lib export
drop	strrchr	dump-tier only; no official page names it as a Coredll.lib export
drop	strspn	dump-tier only; no official page names it as a Coredll.lib export
drop	strstr	dump-tier only; no official page names it as a Coredll.lib export
drop	strtod	dump-tier only; no official page names it as a Coredll.lib export
drop	strtok	dump-tier only; no official page names it as a Coredll.lib export
drop	strtok_s	dump-tier only; no official page names it as a Coredll.lib export
drop	strtol	dump-tier only; no official page names it as a Coredll.lib export
drop	strtoul	dump-tier only; no official page names it as a Coredll.lib export
drop	swprintf	dump-tier only; no official page names it as a Coredll.lib export
drop	swprintf_s	dump-tier only; no official page names it as a Coredll.lib export
drop	swscanf	dump-tier only; no official page names it as a Coredll.lib export
drop	swscanf_s	dump-tier only; no official page names it as a Coredll.lib export
drop	tan	dump-tier only; no official page names it as a Coredll.lib export
drop	tanh	dump-tier only; no official page names it as a Coredll.lib export
drop	tolower	dump-tier only; no official page names it as a Coredll.lib export
drop	toupper	dump-tier only; no official page names it as a Coredll.lib export
drop	ungetc	dump-tier only; no official page names it as a Coredll.lib export
drop	ungetwc	dump-tier only; no official page names it as a Coredll.lib export
drop	vfprintf	dump-tier only; no official page names it as a Coredll.lib export
drop	vfprintf_s	dump-tier only; no official page names it as a Coredll.lib export
drop	vfwprintf	dump-tier only; no official page names it as a Coredll.lib export
drop	vfwprintf_s	dump-tier only; no official page names it as a Coredll.lib export
drop	vprintf	dump-tier only; no official page names it as a Coredll.lib export
drop	vprintf_s	dump-tier only; no official page names it as a Coredll.lib export
drop	vsprintf	dump-tier only; no official page names it as a Coredll.lib export
drop	vsprintf_s	dump-tier only; no official page names it as a Coredll.lib export
drop	vswprintf	dump-tier only; no official page names it as a Coredll.lib export
drop	vswprintf_s	dump-tier only; no official page names it as a Coredll.lib export
drop	vwprintf	dump-tier only; no official page names it as a Coredll.lib export
drop	vwprintf_s	dump-tier only; no official page names it as a Coredll.lib export
drop	wcscat	dump-tier only; no official page names it as a Coredll.lib export
drop	wcscat_s	dump-tier only; no official page names it as a Coredll.lib export
drop	wcschr	dump-tier only; no official page names it as a Coredll.lib export
drop	wcscmp	dump-tier only; no official page names it as a Coredll.lib export
drop	wcscpy	dump-tier only; no official page names it as a Coredll.lib export
drop	wcscpy_s	dump-tier only; no official page names it as a Coredll.lib export
drop	wcscspn	dump-tier only; no official page names it as a Coredll.lib export
drop	wcslen	dump-tier only; no official page names it as a Coredll.lib export
drop	wcsncat	dump-tier only; no official page names it as a Coredll.lib export
drop	wcsncat_s	dump-tier only; no official page names it as a Coredll.lib export
drop	wcsncmp	dump-tier only; no official page names it as a Coredll.lib export
drop	wcsncpy	dump-tier only; no official page names it as a Coredll.lib export
drop	wcsncpy_s	dump-tier only; no official page names it as a Coredll.lib export
drop	wcsnlen	dump-tier only; no official page names it as a Coredll.lib export
drop	wcspbrk	dump-tier only; no official page names it as a Coredll.lib export
drop	wcsrchr	dump-tier only; no official page names it as a Coredll.lib export
drop	wcsspn	dump-tier only; no official page names it as a Coredll.lib export
drop	wcsstr	dump-tier only; no official page names it as a Coredll.lib export
drop	wcstod	dump-tier only; no official page names it as a Coredll.lib export
drop	wcstok	dump-tier only; no official page names it as a Coredll.lib export
drop	wcstok_s	dump-tier only; no official page names it as a Coredll.lib export
drop	wcstol	dump-tier only; no official page names it as a Coredll.lib export
drop	wcstombs_s	dump-tier only; no official page names it as a Coredll.lib export
drop	wcstoul	dump-tier only; no official page names it as a Coredll.lib export
drop	wprintf	dump-tier only; no official page names it as a Coredll.lib export
drop	wprintf_s	dump-tier only; no official page names it as a Coredll.lib export
drop	wscanf	dump-tier only; no official page names it as a Coredll.lib export
drop	wscanf_s	dump-tier only; no official page names it as a Coredll.lib export
