name	hdr	cited-pid	twin-path	twin-pid	status	print
AddFontResourceW	include/Wingdi.h	ms901109			no-twin-page	
BthAGNetworkDropCall	include/Btagpub.h	aa450316	/home/user/wince-docs-corpus/docs/mslearn/windows-ce-5.0/aa450316.html		no-print-in-twin	
BthAGNetworkHoldCall	include/Btagpub.h	aa450317	/home/user/wince-docs-corpus/docs/mslearn/windows-ce-5.0/aa450317.html		no-print-in-twin	
BthAGPhoneExtInit	include/Btagpub.h	aa450311	/home/user/wince-docs-corpus/docs/mslearn/windows-ce-5.0/aa450311.html		no-print-in-twin	
BthGetRole	include/Bt_api.h	ee495829	/home/user/wince-docs-corpus/docs/mslearn/windows-embedded-ce-6.0/ee495829(v=winembedded.60).html		no-print-in-twin	
BthNsSetService	include/Bt_api.h	ms887870	/home/user/wince-docs-corpus/docs/mslearn/windows-embedded-ce-6.0/ee495417.html	ee495417	twin-match	 | INT BthNsSetService(LPWSAQUERYSET, WSAESETSERVICEOP, DWORD)
CeCheckPassword	include/Rapi.h	aa513323	/home/user/wince-docs-corpus/docs/mslearn/windows-embedded-ce-6.0/ee496632.html	ee496632	twin-match	 | BOOL CeCheckPassword(LPWSTR)
CeCloseHandle	include/Rapi.h	aa513324	/home/user/wince-docs-corpus/docs/mslearn/windows-embedded-ce-6.0/ee496436.html	ee496436	twin-match	 | BOOL CeCloseHandle(HANDLE)
CeCopyFile	include/Rapi.h	aa513325	/home/user/wince-docs-corpus/docs/mslearn/windows-embedded-ce-6.0/ee496602.html	ee496602	twin-match	 | BOOL CeCopyFile(LPCWSTR, LPCWSTR, BOOL)
CeCreateDatabase	include/Windbase.h	aa516985	/home/user/wince-docs-corpus/docs/mslearn/windows-ce-net-4x/ms923898.html	ms923898	twin-match	 | CEOID CeCreateDatabase(LPWSTR, DWORD, WORD, SORTORDERSPEC*)
CeCreateDirectory	include/Rapi.h	aa513328	/home/user/wince-docs-corpus/docs/mslearn/windows-embedded-ce-6.0/ee497470.html	ee497470	twin-match	 | BOOL CeCreateDirectory(LPCWSTR, LPSECURITY_ATTRIBUTES)
CeCredFree	include/Credmgr.h	ms937729	/home/user/wince-docs-corpus/docs/mslearn/windows-ce-5.0/ms937729.html		no-print-in-twin	
CeCredRead	include/Credmgr.h	ms937730	/home/user/wince-docs-corpus/docs/mslearn/windows-ce-5.0/ms937730.html		no-print-in-twin	
CeCredWrite	include/Credmgr.h	ms937731	/home/user/wince-docs-corpus/docs/mslearn/windows-ce-5.0/ms937731.html		no-print-in-twin	
CeDeleteDatabase	include/Windbase.h	aa516994	/home/user/wince-docs-corpus/docs/mslearn/windows-ce-5.0/aa516995.html	aa516995	twin-match	 | BOOL CeDeleteDatabase(CEOID)
CeDeleteFile	include/Rapi.h	aa513344	/home/user/wince-docs-corpus/docs/mslearn/windows-embedded-ce-6.0/ee496815.html	ee496815	twin-match	 | BOOL CeDeleteFile(LPCWSTR)
CeDeleteRecord	include/Windbase.h	aa516997	/home/user/wince-docs-corpus/docs/mslearn/windows-ce-5.0/aa516998.html	aa516998	twin-match	 | BOOL CeDeleteRecord(HANDLE, CEOID)
CeFindClose	include/Rapi.h	aa513349	/home/user/wince-docs-corpus/docs/mslearn/windows-embedded-ce-6.0/ee496194.html	ee496194	twin-match	 | BOOL CeFindClose(HANDLE)
CeFindFirstDatabase	include/Windbase.h	aa517106	/home/user/wince-docs-corpus/docs/mslearn/windows-ce-net-4x/ms923911.html	ms923911	twin-match	 | HANDLE CeFindFirstDatabase(DWORD)
CeFindNextDatabase	include/Windbase.h	aa517118	/home/user/wince-docs-corpus/docs/mslearn/windows-ce-net-4x/ms923913.html	ms923913	twin-match	 | CEOID CeFindNextDatabase(HANDLE)
CeFindNextFile	include/Rapi.h	aa513356	/home/user/wince-docs-corpus/docs/mslearn/windows-embedded-ce-6.0/ee497313.html	ee497313	twin-diff	arg2: hdr='LPWIN32_FIND_DATA' twin='LPCE_FIND_DATA' | BOOL CeFindNextFile(HANDLE, LPCE_FIND_DATA)
CeFreeNotification	include/Windbase.h	aa517132	/home/user/wince-docs-corpus/docs/mslearn/windows-ce-5.0/aa517135.html	aa517135	twin-diff	arg1: hdr='PCENOTIFYREQUEST' twin='CENOTIFYREQUEST*'; arg2: hdr='PCENOTIFICATION' twin='CENOTIFICATION*' | BOOL CeFreeNotification(CENOTIFYREQUEST*, CENOTIFICATION*)
CeGetClassName	include/Rapi.h	aa513357	/home/user/wince-docs-corpus/docs/mslearn/windows-embedded-ce-6.0/ee496373.html	ee496373	twin-match	 | int CeGetClassName(HWND, LPWSTR, Int)
CeGetDBInformationByHandle	include/Windbase.h	aa517152	/home/user/wince-docs-corpus/docs/mslearn/windows-ce-5.0/aa517155.html	aa517155	twin-match	 | BOOL CeGetDBInformationByHandle(HANDLE, BY_HANDLE_DB_INFORMATION*)
CeGetDesktopDeviceCaps	include/Rapi.h	aa513358	/home/user/wince-docs-corpus/docs/mslearn/windows-embedded-ce-6.0/ee497528.html	ee497528	twin-match	 | INT CeGetDesktopDeviceCaps(INT)
CeGetFileAttributes	include/Rapi.h	aa513359	/home/user/wince-docs-corpus/docs/mslearn/windows-embedded-ce-6.0/ee497216.html	ee497216	twin-match	 | DWORD CeGetFileAttributes(LPCWSTR)
CeGetFileNotificationInfo	include/Winbase.h	aa517158	/home/user/wince-docs-corpus/docs/mslearn/windows-ce-net-4x/ms923919.html	ms923919	twin-match	 | BOOL CeGetFileNotificationInfo(HANDLE, DWORD, LPVOID, DWORD, LPDWORD, LPDWORD)
CeGetFileSize	include/Rapi.h	aa513360	/home/user/wince-docs-corpus/docs/mslearn/windows-embedded-ce-6.0/ee496424.html	ee496424	twin-match	 | DWORD CeGetFileSize(HANDLE, LPDWORD)
CeGetFileTime	include/Rapi.h	aa513361	/home/user/wince-docs-corpus/docs/mslearn/windows-embedded-ce-6.0/ee497530.html	ee497530	twin-match	 | BOOL CeGetFileTime(HANDLE, LPFILETIME, LPFILETIME, LPFILETIME)
CeGetLastError	include/Rapi.h	aa513362	/home/user/wince-docs-corpus/docs/mslearn/windows-embedded-ce-6.0/ee496760.html	ee496760	twin-match	 | DWORD CeGetLastError()
CeGetStoreInformation	include/Rapi.h	aa513365	/home/user/wince-docs-corpus/docs/mslearn/windows-embedded-ce-6.0/ee497593.html	ee497593	twin-match	 | BOOL CeGetStoreInformation(LPSTORE_INFORMATION)
CeGetSystemPowerStatusEx	include/Rapi.h	aa513368	/home/user/wince-docs-corpus/docs/mslearn/windows-embedded-ce-6.0/ee496824.html	ee496824	twin-match	 | BOOL CeGetSystemPowerStatusEx(PSYSTEM_POWER_STATUS_EX, BOOL)
CeGetUserNotification	include/Notify.h	ms908074	/home/user/wince-docs-corpus/docs/mslearn/windows-ce-5.0/ms908076.html	ms908076	twin-diff	arg2: hdr='DWORD**' twin='DWORD' | BOOL CeGetUserNotification(HANDLE, DWORD, LPDWORD, LPBYTE)
CeGetUserNotificationHandles	include/Notify.h	ms908076	/home/user/wince-docs-corpus/docs/mslearn/windows-ce-5.0/ms908077.html	ms908077	twin-diff	arg2: hdr='DWORD**' twin='DWORD' | BOOL CeGetUserNotificationHandles(HANDLE*, DWORD, LPDWORD)
CeGetUserNotificationPreferences	include/Notify.h	ms908077	/home/user/wince-docs-corpus/docs/mslearn/windows-embedded-ce-6.0/ee503893.html	ee503893	twin-diff	arg2: hdr='PCE_USER_NOTIFICATION**' twin='PCE_USER_NOTIFICATION' | BOOL CeGetUserNotificationPreferences(HWND, PCE_USER_NOTIFICATION)
CeGetWindow	include/Rapi.h	aa513372	/home/user/wince-docs-corpus/docs/mslearn/windows-embedded-ce-6.0/ee496227.html	ee496227	twin-match	 | HWND CeGetWindow(HWND, UINT)
CeGetWindowLong	include/Rapi.h	aa513371	/home/user/wince-docs-corpus/docs/mslearn/windows-embedded-ce-6.0/ee496775.html	ee496775	twin-match	 | LONG CeGetWindowLong(HWND, Int)
CeGetWindowText	include/Rapi.h	aa513373	/home/user/wince-docs-corpus/docs/mslearn/windows-embedded-ce-6.0/ee496160.html	ee496160	twin-match	 | int CeGetWindowText(HWND, LPWSTR, int)
CeGlobalMemoryStatus	include/Rapi.h	aa513374	/home/user/wince-docs-corpus/docs/mslearn/windows-embedded-ce-6.0/ee496627.html	ee496627	twin-match	 | void CeGlobalMemoryStatus(LPMEMORYSTATUS)
CeHandleAppNotifications	include/Notify.h	ms908078	/home/user/wince-docs-corpus/docs/mslearn/windows-embedded-ce-6.0/ee499110.html	ee499110	twin-match	 | BOOL CeHandleAppNotifications(TCHAR*)
CeMoveFile	include/Rapi.h	aa513376	/home/user/wince-docs-corpus/docs/mslearn/windows-embedded-ce-6.0/ee497524.html	ee497524	twin-match	 | BOOL CeMoveFile(LPCWSTR, LPCWSTR)
CeOidGetInfo	include/Windbase.h	aa517194	/home/user/wince-docs-corpus/docs/mslearn/windows-ce-net-4x/ms923923.html	ms923923	twin-match	 | BOOL CeOidGetInfo(CEOID, CEOIDINFO*)
CeOpenDatabase	include/Windbase.h	aa517213	/home/user/wince-docs-corpus/docs/mslearn/windows-ce-net-4x/ms923928.html	ms923928	twin-match	 | HANDLE CeOpenDatabase(PCEOID, LPWSTR, CEPROPID, DWORD, HWND)
CeRapiInit	include/Rapi.h	aa513384	/home/user/wince-docs-corpus/docs/mslearn/windows-embedded-ce-6.0/ee496569(v=winembedded.60).html	ee496569	twin-match	 | HRESULT CeRapiInit()
CeRapiInitEx	include/Rapi.h	aa513385	/home/user/wince-docs-corpus/docs/mslearn/windows-embedded-ce-6.0/ee496193(v=winembedded.60).html	ee496193	twin-match	 | HRESULT CeRapiInitEx(RAPIINIT*)
CeRapiUninit	include/Rapi.h	aa513387	/home/user/wince-docs-corpus/docs/mslearn/windows-embedded-ce-6.0/ee496378(v=winembedded.60).html	ee496378	twin-match	 | HRESULT CeRapiUninit()
CeReadFile	include/Rapi.h	aa513388	/home/user/wince-docs-corpus/docs/mslearn/windows-embedded-ce-6.0/ee497567.html	ee497567	twin-match	 | BOOL CeReadFile(HANDLE, LPVOID, DWORD, LPDWORD, LPOVERLAPPED)
CeReadRecordProps	include/Windbase.h	aa517229	/home/user/wince-docs-corpus/docs/mslearn/windows-ce-5.0/aa517232.html	aa517232	twin-match	 | CEOID CeReadRecordProps(HANDLE, DWORD, LPWORD, CEPROPID*, LPBYTE*, LPDWORD)
CeRegCloseKey	include/Rapi.h	aa513391	/home/user/wince-docs-corpus/docs/mslearn/windows-embedded-ce-6.0/ee497318.html	ee497318	twin-match	 | LONG CeRegCloseKey(HKEY)
CeRegDeleteKey	include/Rapi.h	aa513393	/home/user/wince-docs-corpus/docs/mslearn/windows-embedded-ce-6.0/ee497306.html	ee497306	twin-match	 | LONG CeRegDeleteKey(HKEY, LPCWSTR)
CeRegDeleteValue	include/Rapi.h	aa513394	/home/user/wince-docs-corpus/docs/mslearn/windows-embedded-ce-6.0/ee496223.html	ee496223	twin-match	 | LONG CeRegDeleteValue(HKEY, LPCWSTR)
CeRegEnumKeyEx	include/Rapi.h	aa513395	/home/user/wince-docs-corpus/docs/mslearn/windows-embedded-ce-6.0/ee497283.html	ee497283	twin-match	 | LONG CeRegEnumKeyEx(HKEY, DWORD, LPWSTR, LPDWORD, LPDWORD, LPWSTR, LPDWORD, PFILETIME)
CeRegEnumValue	include/Rapi.h	aa513396	/home/user/wince-docs-corpus/docs/mslearn/windows-embedded-ce-6.0/ee496771.html	ee496771	twin-match	 | LONG CeRegEnumValue(HKEY, DWORD, LPWSTR, LPDWORD, LPDWORD, LPDWORD, LPBYTE, LPDWORD)
CeRegOpenKeyEx	include/Rapi.h	aa513397	/home/user/wince-docs-corpus/docs/mslearn/windows-embedded-ce-6.0/ee496804.html	ee496804	twin-match	 | LONG CeRegOpenKeyEx(HKEY, LPCWSTR, DWORD, REGSAM, PHKEY)
CeRegQueryInfoKey	include/Rapi.h	aa513398	/home/user/wince-docs-corpus/docs/mslearn/windows-embedded-ce-6.0/ee496652.html	ee496652	twin-match	 | LONG CeRegQueryInfoKey(HKEY, LPWSTR, LPDWORD, LPDWORD, LPDWORD, LPDWORD, LPDWORD, LPDWORD, LPDWORD, LPDWORD, LPDWORD, PFILETIME)
CeRegQueryValueEx	include/Rapi.h	aa513399	/home/user/wince-docs-corpus/docs/mslearn/windows-embedded-ce-6.0/ee496398.html	ee496398	twin-match	 | LONG CeRegQueryValueEx(HKEY, LPCWSTR, LPDWORD, LPDWORD, LPBYTE, LPDWORD)
CeRegTestSetValueW	include/Winreg.h	ee490635	/home/user/wince-docs-corpus/docs/mslearn/windows-embedded-ce-6.0/ee490635(v=winembedded.60).html		no-print-in-twin	
CeRemoveDirectory	include/Rapi.h	aa513401	/home/user/wince-docs-corpus/docs/mslearn/windows-embedded-ce-6.0/ee496604.html	ee496604	twin-match	 | BOOL CeRemoveDirectory(LPCWSTR)
CeRunAppAtEvent	include/Notify.h	ms908079	/home/user/wince-docs-corpus/docs/mslearn/windows-embedded-ce-6.0/ee504578.html	ee504578	twin-match	 | BOOL CeRunAppAtEvent(TCHAR*, LONG)
CeRunAppAtTime	include/Notify.h	ms908102	/home/user/wince-docs-corpus/docs/mslearn/windows-embedded-ce-6.0/ee506251.html	ee506251	twin-match	 | BOOL CeRunAppAtTime(TCHAR*, SYSTEMTIME*)
CeSHCreateShortcut	include/Rapi.h	aa513814	/home/user/wince-docs-corpus/docs/mslearn/windows-embedded-ce-6.0/ee496828.html	ee496828	twin-match	 | BOOL CeSHCreateShortcut(LPWSTR, LPWSTR)
CeSHGetShortcutTarget	include/Rapi.h	aa513816	/home/user/wince-docs-corpus/docs/mslearn/windows-embedded-ce-6.0/ee496841.html	ee496841	twin-match	 | BOOL CeSHGetShortcutTarget(LPWSTR, LPWSTR, Int)
CeSeekDatabase	include/Windbase.h	aa517246	/home/user/wince-docs-corpus/docs/mslearn/windows-ce-5.0/aa517250.html	aa517250	twin-match	 | CEOID CeSeekDatabase(HANDLE, DWORD, DWORD, LPDWORD)
CeSeekDatabaseEx	include/Windbase.h	aa517251	/home/user/wince-docs-corpus/docs/mslearn/windows-ce-5.0/aa517253.html	aa517253	twin-match	 | CEOID CeSeekDatabaseEx(HANDLE, DWORD, DWORD, WORD, LPDWORD)
CeSetDatabaseInfo	include/Windbase.h	aa517254	/home/user/wince-docs-corpus/docs/mslearn/windows-ce-5.0/aa517256.html	aa517256	twin-match	 | BOOL CeSetDatabaseInfo(CEOID, CEDBASEINFO*)
CeSetEndOfFile	include/Rapi.h	aa513405	/home/user/wince-docs-corpus/docs/mslearn/windows-embedded-ce-6.0/ee496656.html	ee496656	twin-match	 | BOOL CeSetEndOfFile(HANDLE)
CeSetFileAttributes	include/Rapi.h	aa513406	/home/user/wince-docs-corpus/docs/mslearn/windows-embedded-ce-6.0/ee496984.html	ee496984	twin-match	 | BOOL CeSetFileAttributes(LPCWSTR, DWORD)
CeSetFilePointer	include/Rapi.h	aa513810	/home/user/wince-docs-corpus/docs/mslearn/windows-embedded-ce-6.0/ee497032.html	ee497032	twin-match	 | DWORD CeSetFilePointer(HANDLE, LONG, PLONG, DWORD)
CeSetMemoryAttributes	include/oak/Pkfuncs.h	ms885152	/home/user/wince-docs-corpus/docs/mslearn/windows-embedded-ce-6.0/ee482840(v=winembedded.60).html	ee482840	twin-match	 | BOOL CeSetMemoryAttributes(LPVOID, LPVOID, DWORD, DWORD)
CeSetUserNotification	include/Notify.h	ms908103	/home/user/wince-docs-corpus/docs/mslearn/windows-embedded-ce-6.0/ee501051.html	ee501051	twin-diff	arg4: hdr='PCE_USER_NOTIFICATION**' twin='PCE_USER_NOTIFICATION' | HANDLE CeSetUserNotification(HANDLE, TCHAR*, SYSTEMTIME*, PCE_USER_NOTIFICATION)
CeSetUserNotificationEx	include/Notify.h	ms908104	/home/user/wince-docs-corpus/docs/mslearn/windows-ce-5.0/ms908105.html	ms908105	twin-diff	arg2: hdr='CE_NOTIFICATION_TRIGGER***' twin='CE_NOTIFICATION_TRIGGER*' | HANDLE CeSetUserNotificationEx(HANDLE, CE_NOTIFICATION_TRIGGER*, CE_USER_NOTIFICATION*)
CeWriteFile	include/Rapi.h	aa513847	/home/user/wince-docs-corpus/docs/mslearn/windows-embedded-ce-6.0/ee497515.html	ee497515	twin-match	 | BOOL CeWriteFile(HANDLE, LPCVOID, DWORD, LPDWORD, LPOVERLAPPED)
CeWriteRecordProps	include/Windbase.h	aa517285	/home/user/wince-docs-corpus/docs/mslearn/windows-ce-5.0/aa517288.html	aa517288	twin-match	 | CEOID CeWriteRecordProps(HANDLE, CEOID, WORD, CEPROPVAL*)
CertControlStore	include/Wincrypt.h	ms937039	/home/user/wince-docs-corpus/docs/mslearn/windows-ce-5.0/ms937042.html	ms937042	twin-match	 | BOOL WINAPI CertControlStore(HCERTSTORE, DWORD, DWORD, void const*)
CertFreeCertificateContext	include/Wincrypt.h	ms937658	/home/user/wince-docs-corpus/docs/mslearn/windows-ce-5.0/ms937659.html	ms937659	twin-match	 | BOOL WINAPI CertFreeCertificateContext(PCCERT_CONTEXT)
CertGetCertificateChain	include/Wincrypt.h	ms937658	/home/user/wince-docs-corpus/docs/mslearn/windows-ce-5.0/ms937660.html	ms937660	twin-match	 | BOOL WINAPI CertGetCertificateChain(HCERTCHAINENGINE, PCCERT_CONTEXT, LPFILETIME, HCERTSTORE, PCERT_CHAIN_PARA, DWORD, LPVOID, PCCERT_CHAIN_CONTEXT*)
CertGetCertificateContextProperty	include/Wincrypt.h	ms937658	/home/user/wince-docs-corpus/docs/mslearn/windows-ce-5.0/ms937661.html	ms937661	twin-match	 | BOOL WINAPI CertGetCertificateContextProperty(PCCERT_CONTEXT, DWORD, void*, DWORD*)
CertGetSubjectCertificateFromStore	include/Wincrypt.h	ms937668	/home/user/wince-docs-corpus/docs/mslearn/windows-ce-5.0/ms937670.html	ms937670	twin-match	 | PCCERT_CONTEXT WINAPI CertGetSubjectCertificateFromStore(HCERTSTORE, DWORD, PCERT_INFO)
CertGetValidUsages	include/Wincrypt.h	ms937668	/home/user/wince-docs-corpus/docs/mslearn/windows-ce-5.0/aa452565.html	aa452565	twin-match	 | BOOL WINAPI CertGetValidUsages(DWORD, PCCERT_CONTEXT*, int*, LPSTR*, DWORD*)
CertStrToName	include/Wincrypt.h	ms937700	/home/user/wince-docs-corpus/docs/mslearn/windows-ce-5.0/ms937703.html	ms937703	twin-match	 | BOOL WINAPI CertStrToName(DWORD, LPCTSTR, DWORD, void*, BYTE*, DWORD*, LPCTSTR*)
CertVerifySubjectCertificateContext	include/Wincrypt.h	ms937700	/home/user/wince-docs-corpus/docs/mslearn/windows-ce-5.0/ms937709.html	ms937709	twin-match	 | BOOL WINAPI CertVerifySubjectCertificateContext(PCCERT_CONTEXT, PCCERT_CONTEXT, DWORD*)
CertVerifyTimeValidity	include/Wincrypt.h	ms937700	/home/user/wince-docs-corpus/docs/mslearn/windows-ce-5.0/ms937710.html	ms937710	twin-match	 | LONG WINAPI CertVerifyTimeValidity(LPFILETIME, PCERT_INFO)
CharLowerBuffW	include/Winbase.h	ms885160			no-twin-page	
CharUpperBuffW	include/Winbase.h	ms885165			no-twin-page	
CheckMenuItem	include/Winuser.h	aa452862	/home/user/wince-docs-corpus/docs/mslearn/windows-embedded-ce-6.0/ee499672.html	ee499672	twin-diff	ret: hdr='BOOL' twin='DWORD' | DWORD CheckMenuItem(HMENU, UINT, UINT)
CheckMenuRadioItem	include/Winuser.h	ms928575	/home/user/wince-docs-corpus/docs/mslearn/windows-embedded-ce-6.0/ee502246.html	ee502246	twin-diff	ret: hdr='BOOL' twin='BOOL API'; arg4: hdr='UINT**' twin='UINT' | BOOL API CheckMenuRadioItem(HMENU, UINT, UINT, UINT, UINT)
CheckRadioButton	include/Winuser.h	ms928577	/home/user/wince-docs-corpus/docs/mslearn/windows-embedded-ce-6.0/ee500159.html	ee500159	twin-match	 | BOOL CheckRadioButton(HWND, int, int, int)
ClearCommBreak	include/Winbase.h	ms885166	/home/user/wince-docs-corpus/docs/mslearn/windows-embedded-ce-6.0/ee488216.html	ee488216	twin-match	 | BOOL ClearCommBreak(HANDLE)
ClearCommError	include/Winbase.h	ms885167	/home/user/wince-docs-corpus/docs/mslearn/windows-embedded-ce-6.0/ee488605.html	ee488605	twin-match	 | BOOL ClearCommError(HANDLE, LPDWORD, LPCOMSTAT)
ClientToScreen	include/Winuser.h	ms928584	/home/user/wince-docs-corpus/docs/mslearn/windows-embedded-ce-6.0/ee505933.html	ee505933	twin-match	 | BOOL ClientToScreen(HWND, LPPOINT)
CloseHandle	include/Winbase.h	aa517300	/home/user/wince-docs-corpus/docs/mslearn/windows-ce-net-4x/ms923946.html	ms923946	twin-match	 | BOOL CloseHandle(HANDLE)
CoInternetGetSecurityUrl	include/Urlmon.h	aa452113	/home/user/wince-docs-corpus/docs/mslearn/windows-ce-5.0/aa452113.html		no-print-in-twin	
CoInternetQueryInfo	include/Urlmon.h	aa452118	/home/user/wince-docs-corpus/docs/mslearn/windows-ce-net-4x/ms928771.html	ms928771	twin-diff	ret: hdr='HRESULT WINAPI' twin='HRESULT' | HRESULT CoInternetQueryInfo(LPCWSTR, QUERYOPTION, DWORD, LPVOID, DWORD, DWORD*, DWORD)
CoRegisterPSClsid	include/Objbase.h	ms886499	/home/user/wince-docs-corpus/docs/chm/windows-ce-3.0/_wcesdk_com_CoRegisterPSClsid.html		no-print-in-twin	
CombineRgn	include/Wingdi.h	ms928608	/home/user/wince-docs-corpus/docs/mslearn/windows-embedded-ce-6.0/ee504827.html	ee504827	twin-match	 | int CombineRgn(HRGN, HRGN, HRGN, int)
CommandBands_AddAdornments	include/Commctrl.h	ms908121	/home/user/wince-docs-corpus/docs/mslearn/windows-ce-5.0/ms908118.html	ms908118	twin-match	 | BOOL CommandBands_AddAdornments(HWND, HINSTANCE, DWORD, LPREBARBANDINFO)
CommandBands_AddBands	include/Commctrl.h	ms908118	/home/user/wince-docs-corpus/docs/mslearn/windows-ce-5.0/ms908120.html	ms908120	twin-match	 | BOOL CommandBands_AddBands(HWND, HINSTANCE, UINT, LPREBARBANDINFO)
CommandBands_GetCommandBar	include/Commctrl.h	ms908120	/home/user/wince-docs-corpus/docs/mslearn/windows-ce-5.0/ms908122.html	ms908122	twin-match	 | HWND CommandBands_GetCommandBar(HWND, UINT)
CommandBands_GetRestoreInformation	include/Commctrl.h	ms908122	/home/user/wince-docs-corpus/docs/mslearn/windows-ce-5.0/ms908123.html	ms908123	twin-diff	ret: hdr='BOOL' twin='BOOL WINAPI' | BOOL WINAPI CommandBands_GetRestoreInformation(HWND, UINT, LPCOMMANDBANDSRESTOREINFO)
CommandBands_Show	include/Commctrl.h	ms908123	/home/user/wince-docs-corpus/docs/mslearn/windows-ce-5.0/ms908126.html	ms908126	twin-diff	ret: hdr='BOOL' twin='BOOL WINAPI' | BOOL WINAPI CommandBands_Show(HWND, BOOL)
CommandBar_AddAdornments	include/Commctrl.h	ms908131	/home/user/wince-docs-corpus/docs/mslearn/windows-embedded-ce-6.0/ee501392.html	ee501392	twin-match	 | BOOL CommandBar_AddAdornments(HWND, DWORD, DWORD)
CommandBar_AddBitmap	include/Commctrl.h	ms908127	/home/user/wince-docs-corpus/docs/mslearn/windows-embedded-ce-6.0/ee504155.html	ee504155	twin-match	 | int CommandBar_AddBitmap(HWND, HINSTANCE, int, int, int, int)
CommandBar_AlignAdornments	include/Commctrl.h	ms908128	/home/user/wince-docs-corpus/docs/mslearn/windows-embedded-ce-6.0/ee501797.html	ee501797	twin-match	 | void CommandBar_AlignAdornments(HWND)
CommandBar_DrawMenuBar	include/Commctrl.h	aa453948	/home/user/wince-docs-corpus/docs/mslearn/windows-embedded-ce-6.0/ee505864.html	ee505864	twin-match	 | BOOL CommandBar_DrawMenuBar(HWND, WORD)
CommandBar_GetMenu	include/Commctrl.h	ms908133	/home/user/wince-docs-corpus/docs/mslearn/windows-embedded-ce-6.0/ee500487.html	ee500487	twin-match	 | HMENU CommandBar_GetMenu(HWND, WORD)
CommandBar_Height	include/Commctrl.h	ms908134	/home/user/wince-docs-corpus/docs/mslearn/windows-embedded-ce-6.0/ee500881.html	ee500881	twin-match	 | int CommandBar_Height(HWND)
CommandBar_InsertComboBox	include/Commctrl.h	ms908135	/home/user/wince-docs-corpus/docs/mslearn/windows-embedded-ce-6.0/ee503989.html	ee503989	twin-match	 | HWND CommandBar_InsertComboBox(HWND, HINSTANCE, int, UINT, WORD, WORD)
CommandBar_InsertMenubar	include/Commctrl.h	ms908137	/home/user/wince-docs-corpus/docs/mslearn/windows-embedded-ce-6.0/ee505113.html	ee505113	twin-match	 | BOOL CommandBar_InsertMenubar(HWND, HINSTANCE, WORD, WORD)
CommandBar_InsertMenubarEx	include/Commctrl.h	ms908138	/home/user/wince-docs-corpus/docs/mslearn/windows-embedded-ce-6.0/ee501421.html	ee501421	twin-match	 | BOOL CommandBar_InsertMenubarEx(HWND, HINSTANCE, LPTSTR, WORD)
CommandBar_Show	include/Commctrl.h	ms908139	/home/user/wince-docs-corpus/docs/mslearn/windows-embedded-ce-6.0/ee502524.html	ee502524	twin-match	 | BOOL CommandBar_Show(HWND, BOOL)
CompareFileTime	include/Winbase.h	ms885172	/home/user/wince-docs-corpus/docs/mslearn/windows-embedded-ce-6.0/ee488173.html	ee488173	twin-match	 | LONG CompareFileTime(const FILETIME*, const FILETIME*)
CompareStringW	include/Winnls.h	ms904713			no-twin-page	
ConvertDefaultLocale	include/Winnls.h	ms904716	/home/user/wince-docs-corpus/docs/mslearn/windows-ce-net-4x/ms919133.html	ms919133	twin-match	 | LCID ConvertDefaultLocale(LCID)
CopyFileExW	include/Winbase.h	aa517311			no-twin-page	
CopyFileW	include/Winbase.h	aa517309			no-twin-page	
CopyRect	include/Winuser.h	ms908152	/home/user/wince-docs-corpus/docs/mslearn/windows-embedded-ce-6.0/ee500892.html	ee500892	twin-match	 | BOOL CopyRect(LPRECT, const RECT*)
CopyStgMedium	include/Urlmon.h	aa452132	/home/user/wince-docs-corpus/docs/mslearn/windows-ce-net-4x/ms928773.html	ms928773	twin-diff	ret: hdr='HRESULT WINAPI' twin='HRESULT' | HRESULT CopyStgMedium(const STGMEDIUM*, STGMEDIUM*)
CountClipboardFormats	include/Winuser.h	ms928586	/home/user/wince-docs-corpus/docs/mslearn/windows-embedded-ce-6.0/ee499055.html	ee499055	twin-match	 | int CountClipboardFormats()
CreateAsyncBindCtx	include/Urlmon.h	aa452136	/home/user/wince-docs-corpus/docs/mslearn/windows-ce-net-4x/ms928774.html	ms928774	twin-diff	ret: hdr='HRESULT WINAPI' twin='HRESULT' | HRESULT CreateAsyncBindCtx(DWORD, IBindStatusCallback*, IEnumFORMATETC*, IBindCtx**)
CreateAsyncBindCtxEx	include/Urlmon.h	aa452138	/home/user/wince-docs-corpus/docs/mslearn/windows-ce-net-4x/ms928775.html	ms928775	twin-diff	ret: hdr='HRESULT WINAPI' twin='HRESULT' | HRESULT CreateAsyncBindCtxEx(IBindCtx*, DWORD, IBindStatusCallback*, IEnumFORMATETC*, IBindCtx**, DWORD)
CreateBitmap	include/Wingdi.h	ms908163	/home/user/wince-docs-corpus/docs/mslearn/windows-embedded-ce-6.0/ee505308.html	ee505308	twin-match	 | HBITMAP CreateBitmap(int, int, UINT, UINT, const VOID*)
CreateCompatibleBitmap	include/Wingdi.h	ms908165	/home/user/wince-docs-corpus/docs/mslearn/windows-embedded-ce-6.0/ee505724.html	ee505724	twin-match	 | HBITMAP CreateCompatibleBitmap(HDC, int, int)
CreateCompatibleDC	include/Wingdi.h	ms908166	/home/user/wince-docs-corpus/docs/mslearn/windows-embedded-ce-6.0/ee504853.html	ee504853	twin-match	 | HDC CreateCompatibleDC(HDC)
CreateCursor	include/Winuser.h	aa453410	/home/user/wince-docs-corpus/docs/mslearn/windows-ce-5.0/ms908167(v=msdn.10).html	ms908167	twin-match	 | HCURSOR CreateCursor(HINSTANCE, int, int, int, int, const VOID*, const VOID*)
CreateDIBPatternBrushPt	include/Wingdi.h	ms908173	/home/user/wince-docs-corpus/docs/mslearn/windows-embedded-ce-6.0/ee501785.html	ee501785	twin-match	 | HBRUSH CreateDIBPatternBrushPt(const void*, UINT)
CreateDIBSection	include/Wingdi.h	ms908174	/home/user/wince-docs-corpus/docs/mslearn/windows-embedded-ce-6.0/ee502255.html	ee502255	twin-match	 | HBITMAP CreateDIBSection(HDC, const BITMAPINFO*, UINT, void**, HANDLE, DWORD)
CreateDialogIndirect	include/Winuser.h	ms908169	/home/user/wince-docs-corpus/docs/mslearn/windows-embedded-ce-6.0/ee504589.html	ee504589	twin-diff	arg2: hdr='LPCDLGTEMPLATE**' twin='LPCDLGTEMPLATE' | HWND CreateDialogIndirect(HINSTANCE, LPCDLGTEMPLATE, HWND, DLGPROC)
CreateDialogIndirectParamW	include/Winuser.h	ms908170			no-twin-page	
CreateDirectoryW	include/Winbase.h	aa517316			no-twin-page	
CreateEventW	include/Winbase.h	ms885177			no-twin-page	
CreateFileW	include/Winbase.h	aa517318			no-twin-page	
CreateFontIndirectW	include/Wingdi.h	ms901120			no-twin-page	
CreateFormatEnumerator	include/Urlmon.h	aa452140	/home/user/wince-docs-corpus/docs/mslearn/windows-ce-net-4x/ms928776.html	ms928776	twin-diff	ret: hdr='HRESULT WINAPI' twin='HRESULT' | HRESULT CreateFormatEnumerator(UINT, FORMATETC*, IEnumFORMATETC**)
CreateHandler	include/Natedit.h	ms885179	/home/user/wince-docs-corpus/docs/mslearn/windows-embedded-ce-6.0/ee488445.html	ee488445	twin-match	 | NTSTATUS CreateHandler(PVOID, ULONG, USHORT, ULONG, USHORT, ULONG, USHORT, PVOID*)
CreateMenu	include/Winuser.h	ms928576	/home/user/wince-docs-corpus/docs/mslearn/windows-embedded-ce-6.0/ee503486.html	ee503486	twin-match	 | HMENU CreateMenu()
CreateOleAdviseHolder	include/Oleauto.h	ms864397	/home/user/wince-docs-corpus/docs/mslearn/windows-embedded-ce-6.0/ee489605.html	ee489605	twin-diff	ret: hdr='HRESULT' twin='WINOLEAPI' | WINOLEAPI CreateOleAdviseHolder(IOleAdviseHolder FAR**)
CreatePenIndirect	include/Wingdi.h	ms908181	/home/user/wince-docs-corpus/docs/mslearn/windows-embedded-ce-6.0/ee500189.html	ee500189	twin-match	 | HPEN CreatePenIndirect(const LOGPEN*)
CreatePopupMenu	include/Winuser.h	ms908177	/home/user/wince-docs-corpus/docs/mslearn/windows-embedded-ce-6.0/ee502545.html	ee502545	twin-match	 | HMENU CreatePopupMenu()
CreateRectRgnIndirect	include/Wingdi.h	ms908185	/home/user/wince-docs-corpus/docs/mslearn/windows-embedded-ce-6.0/ee505867.html	ee505867	twin-match	 | HRGN CreateRectRgnIndirect(const RECT*)
CreateStatusWindow	include/Commctrl.h	ms908188	/home/user/wince-docs-corpus/docs/mslearn/windows-embedded-ce-6.0/ee500873.html	ee500873	twin-match	 | HWND CreateStatusWindow(LONG, LPSTR, HWND, WORD)
CreateThread	include/Winbase.h	ms885186	/home/user/wince-docs-corpus/docs/mslearn/windows-embedded-ce-6.0/ee488162.html	ee488162	twin-match	 | HANDLE CreateThread(LPSECURITY_ATTRIBUTES, DWORD, LPTHREAD_START_ROUTINE, LPVOID, DWORD, LPDWORD)
CreateURLMoniker	include/Urlmon.h	aa452144	/home/user/wince-docs-corpus/docs/mslearn/windows-ce-net-4x/ms928778.html	ms928778	twin-diff	ret: hdr='HRESULT WINAPI' twin='HRESULT' | HRESULT CreateURLMoniker(IMoniker*, LPWSTR, IMoniker**)
CreateURLMonikerEx	include/Urlmon.h	aa452146	/home/user/wince-docs-corpus/docs/mslearn/windows-ce-net-4x/ms928779.html	ms928779	twin-diff	ret: hdr='HRESULT WINAPI' twin='HRESULT' | HRESULT CreateURLMonikerEx(LPMONIKER, LPCWSTR, LPMONIKER*, DWORD)
CryptDuplicateKey	include/Wincrypt.h	ms937746	/home/user/wince-docs-corpus/docs/chm/windows-ce-3.0/_wcesdk_crypto2_CryptDuplicateKey.html		no-print-in-twin	
CryptEncrypt	include/Wincrypt.h	ms937746	/home/user/wince-docs-corpus/docs/mslearn/windows-ce-5.0/ms937989.html	ms937989	twin-diff	ret: hdr='BOOL WINAPI' twin='BOOL CRYPTFUNC' | BOOL CRYPTFUNC CryptEncrypt(HCRYPTKEY, HCRYPTHASH, BOOL, DWORD, BYTE*, DWORD*, DWORD)
CryptEnumProvidersW	include/Wincrypt.h	ms937746			no-twin-page	
CryptExportKey	include/Wincrypt.h	ms938025	/home/user/wince-docs-corpus/docs/mslearn/windows-embedded-ce-6.0/ee498393.html	ee498393	twin-diff	ret: hdr='BOOL WINAPI' twin='BOOL CRYPTFUNC' | BOOL CRYPTFUNC CryptExportKey(HCRYPTKEY, HCRYPTKEY, DWORD, DWORD, BYTE*, DWORD*)
CryptGenKey	include/Wincrypt.h	aa452566	/home/user/wince-docs-corpus/docs/mslearn/windows-ce-5.0/ms938062.html	ms938062	twin-diff	ret: hdr='BOOL WINAPI' twin='BOOL CRYPTFUNC' | BOOL CRYPTFUNC CryptGenKey(HCRYPTPROV, ALG_ID, DWORD, HCRYPTKEY*)
CryptGenRandom	include/Wincrypt.h	aa452566	/home/user/wince-docs-corpus/docs/mslearn/windows-embedded-ce-6.0/ee498196.html	ee498196	twin-diff	ret: hdr='BOOL WINAPI' twin='BOOL CRYPTFUNC' | BOOL CRYPTFUNC CryptGenRandom(HCRYPTPROV, DWORD, BYTE*)
CryptGetDefaultProviderW	include/Wincrypt.h	aa452566			no-twin-page	
CryptGetHashParam	include/Wincrypt.h	ms938096	/home/user/wince-docs-corpus/docs/chm/windows-ce-3.0/_wcesdk_crypto2_CryptGetHashParam.html		no-print-in-twin	
CryptGetKeyParam	include/Wincrypt.h	ms938096	/home/user/wince-docs-corpus/docs/mslearn/windows-ce-5.0/ms938103.html	ms938103	twin-diff	ret: hdr='BOOL WINAPI' twin='BOOL CRYPTFUNC' | BOOL CRYPTFUNC CryptGetKeyParam(HCRYPTKEY, DWORD, BYTE*, DWORD*, DWORD)
CryptGetProvParam	include/Wincrypt.h	ms938096	/home/user/wince-docs-corpus/docs/mslearn/windows-ce-5.0/ms938119.html	ms938119	twin-match	 | BOOL WINAPI CryptGetProvParam(HCRYPTPROV, DWORD, BYTE*, DWORD*, DWORD)
CryptGetUserKey	include/Wincrypt.h	ms938096	/home/user/wince-docs-corpus/docs/mslearn/windows-ce-5.0/ms938123.html	ms938123	twin-match	 | BOOL WINAPI CryptGetUserKey(HCRYPTPROV, DWORD, HCRYPTKEY*)
CryptSetProviderW	include/Wincrypt.h	ms938335			no-twin-page	
CryptSignHashW	include/Wincrypt.h	ms938358			no-twin-page	
CryptUninstallDefaultContext	include/Wincrypt.h	aa452567	/home/user/wince-docs-corpus/docs/mslearn/windows-ce-5.0/ms938372.html	ms938372	twin-match	 | BOOL WINAPI CryptUninstallDefaultContext(HCRYPTDEFAULTCONTEXT, DWORD, void*)
DMORegisterFilter	include/Dmoreg.h	ms886303	/home/user/wince-docs-corpus/docs/mslearn/windows-ce-5.0/aa452529.html	aa452529	twin-diff	ret: hdr='HRESULT' twin='STDAPI' | STDAPI DMORegisterFilter(LPCWSTR, REFCLSID, REFGUID, REFCLSID, DWORD, unsigned long, const DMO_PARTIAL_MEDIATYPE*, unsigned long, const DMO_PARTIAL_MEDIATYPE*)
DataHandler	include/Natedit.h	ms885191	/home/user/wince-docs-corpus/docs/mslearn/windows-embedded-ce-6.0/ee488191.html	ee488191	twin-match	 | NTSTATUS DataHandler(PVOID, PVOID, PVOID, PVOID, PVOID, PIPRCVBUF, ULONG)
DebugBreak	include/Winbase.h	ms885194	/home/user/wince-docs-corpus/docs/mslearn/windows-embedded-ce-6.0/ee488413.html	ee488413	twin-match	 | void DebugBreak()
DefDlgProcW	include/Winuser.h	ms908172			no-twin-page	
DeleteDC	include/Wingdi.h	aa452930	/home/user/wince-docs-corpus/docs/mslearn/windows-embedded-ce-6.0/ee502851.html	ee502851	twin-match	 | BOOL DeleteDC(HDC)
DeleteFileW	include/Winbase.h	ms889001			no-twin-page	
DeleteHandler	include/Natedit.h	ms885198	/home/user/wince-docs-corpus/docs/mslearn/windows-embedded-ce-6.0/ee488399.html	ee488399	twin-match	 | NTSTATUS DeleteHandler(PVOID, PVOID, PVOID, PVOID)
DeleteMenu	include/Winuser.h	ms908182	/home/user/wince-docs-corpus/docs/mslearn/windows-embedded-ce-6.0/ee504306.html	ee504306	twin-match	 | BOOL DeleteMenu(HMENU, UINT, UINT)
DeleteObject	include/Wingdi.h	aa452933	/home/user/wince-docs-corpus/docs/mslearn/windows-embedded-ce-6.0/ee503315.html	ee503315	twin-match	 | BOOL DeleteObject(HGDIOBJ)
DestroyAcceleratorTable	include/Winuser.h	aa453407	/home/user/wince-docs-corpus/docs/mslearn/windows-embedded-ce-6.0/ee500521.html	ee500521	twin-match	 | BOOL DestroyAcceleratorTable(HACCEL)
DestroyCaret	include/Winuser.h	ms908164	/home/user/wince-docs-corpus/docs/mslearn/windows-embedded-ce-6.0/ee499400.html	ee499400	twin-match	 | BOOL DestroyCaret()
DestroyCursor	include/Winuser.h	ms908167	/home/user/wince-docs-corpus/docs/mslearn/windows-ce-5.0/aa452937(v=msdn.10).html	aa452937	twin-match	 | BOOL DestroyCursor(HCURSOR)
DestroyIcon	include/Winuser.h	ms908175	/home/user/wince-docs-corpus/docs/mslearn/windows-ce-net-4x/ms924844.html	ms924844	twin-match	 | BOOL DestroyIcon(HICON)
DestroyMenu	include/Winuser.h	aa452932	/home/user/wince-docs-corpus/docs/mslearn/windows-embedded-ce-6.0/ee505063.html	ee505063	twin-match	 | BOOL DestroyMenu(HMENU)
DialogBoxIndirectParamW	include/Winuser.h	aa452948			no-twin-page	
DispatchMessageW	include/Winuser.h	ms911790			no-twin-page	
DrWatsonClear	include/oak/Pkfuncs.h	ms885203	/home/user/wince-docs-corpus/docs/mslearn/windows-embedded-ce-6.0/ee482942(v=winembedded.60).html	ee482942	twin-match	 | BOOL DrWatsonClear()
DrWatsonFlush	include/oak/Pkfuncs.h	ms885204	/home/user/wince-docs-corpus/docs/mslearn/windows-embedded-ce-6.0/ee483034(v=winembedded.60).html	ee483034	twin-match	 | BOOL DrWatsonFlush()
DrWatsonGetSize	include/oak/Pkfuncs.h	ms885205	/home/user/wince-docs-corpus/docs/mslearn/windows-embedded-ce-6.0/ee482837(v=winembedded.60).html	ee482837	twin-match	 | DWORD DrWatsonGetSize()
DrWatsonReadData	include/oak/Pkfuncs.h	ms885206	/home/user/wince-docs-corpus/docs/mslearn/windows-embedded-ce-6.0/ee482790(v=winembedded.60).html	ee482790	twin-match	 | DWORD DrWatsonReadData(DWORD, LPVOID, DWORD)
DrWatsonWriteData	include/oak/Pkfuncs.h	ms885207	/home/user/wince-docs-corpus/docs/mslearn/windows-embedded-ce-6.0/ee482758(v=winembedded.60).html	ee482758	twin-match	 | DWORD DrWatsonWriteData(DWORD, LPVOID, DWORD)
DrawEdge	include/Wingdi.h	aa452968	/home/user/wince-docs-corpus/docs/mslearn/windows-embedded-ce-6.0/ee501983.html	ee501983	twin-match	 | BOOL DrawEdge(HDC, LPRECT, UINT, UINT)
DrawFocusRect	include/Wingdi.h	aa452969	/home/user/wince-docs-corpus/docs/mslearn/windows-embedded-ce-6.0/ee500893.html	ee500893	twin-match	 | BOOL DrawFocusRect(HDC, const RECT*)
DrawIcon	include/Winuser.h	aa452937	/home/user/wince-docs-corpus/docs/mslearn/windows-ce-net-4x/ms924845.html	ms924845	twin-match	 | BOOL DrawIcon(HDC, int, int, HICON)
DrawIconEx	include/Winuser.h	aa452938	/home/user/wince-docs-corpus/docs/mslearn/windows-ce-net-4x/ms924846.html	ms924846	twin-match	 | BOOL DrawIconEx(HDC, int, int, HICON, int, int, UINT, HBRUSH, UINT)
DrawMenuBar	include/Winuser.h	aa452940	/home/user/wince-docs-corpus/docs/mslearn/windows-ce-5.0/aa452975.html	aa452975	twin-match	 | BOOL DrawMenuBar(HWND)
DrawStatusText	include/Commctrl.h	aa452976	/home/user/wince-docs-corpus/docs/mslearn/windows-embedded-ce-6.0/ee505247.html	ee505247	twin-match	 | void DrawStatusText(HDC, LPRECT, LPCWSTR, UINT)
DrawTextW	include/Wingdi.h	ms901121			no-twin-page	
Ellipse	include/Wingdi.h	aa452997	/home/user/wince-docs-corpus/docs/mslearn/windows-embedded-ce-6.0/ee502230.html	ee502230	twin-match	 | BOOL Ellipse(HDC, int, int, int, int)
EmptyClipboard	include/Winuser.h	ms908153	/home/user/wince-docs-corpus/docs/mslearn/windows-embedded-ce-6.0/ee505658.html	ee505658	twin-match	 | BOOL EmptyClipboard()
EnableMenuItem	include/Winuser.h	aa452975	/home/user/wince-docs-corpus/docs/mslearn/windows-embedded-ce-6.0/ee501426.html	ee501426	twin-match	 | BOOL EnableMenuItem(HMENU, UINT, UINT)
EnableWindow	include/Winuser.h	ms939986	/home/user/wince-docs-corpus/docs/mslearn/windows-embedded-ce-6.0/ee504109.html	ee504109	twin-match	 | BOOL EnableWindow(HWND, BOOL)
EndDialog	include/Winuser.h	aa452950	/home/user/wince-docs-corpus/docs/mslearn/windows-embedded-ce-6.0/ee506301.html	ee506301	twin-match	 | BOOL EndDialog(HWND, int)
EndDoc	include/Wingdi.h	aa452835	/home/user/wince-docs-corpus/docs/mslearn/windows-ce-5.0/aa453039.html	aa453039	twin-match	 | int EndDoc(HDC)
EndPage	include/Wingdi.h	aa453039	/home/user/wince-docs-corpus/docs/mslearn/windows-ce-5.0/aa453040.html	aa453040	twin-match	 | int EndPage(HDC)
EndPaint	include/Winuser.h	aa453041	/home/user/wince-docs-corpus/docs/mslearn/windows-embedded-ce-6.0/ee499422.html	ee499422	twin-match	 | BOOL EndPaint(HWND, const PAINTSTRUCT*)
EnumClipboardFormats	include/Winuser.h	aa453019	/home/user/wince-docs-corpus/docs/mslearn/windows-embedded-ce-6.0/ee505881.html	ee505881	twin-match	 | UINT EnumClipboardFormats(UINT)
EnumDateFormatsW	include/Winnls.h	ms904724			no-twin-page	
EnumDisplayMonitors	include/Wingdi.h	ms932091	/home/user/wince-docs-corpus/docs/mslearn/windows-ce-5.0/aa451688(v=msdn.10).html	aa451688	twin-match	 | BOOL EnumDisplayMonitors(HDC, LPCRECT, MONITORENUMPROC, LPARAM)
EnumFontFamiliesW	include/Wingdi.h	ms901123			no-twin-page	
EnumFontsW	include/Wingdi.h	ms901126			no-twin-page	
EnumPropsExW	include/Windows.h	ms939781			no-twin-page	
EnumSystemLocalesW	include/Winnls.h	ms905070			no-twin-page	
EnumTimeFormatsW	include/Winnls.h	ms905077			no-twin-page	
EqualRect	include/Winuser.h	aa453055	/home/user/wince-docs-corpus/docs/mslearn/windows-embedded-ce-6.0/ee500525.html	ee500525	twin-match	 | BOOL EqualRect(const RECT*, const RECT*)
EqualRgn	include/Wingdi.h	aa453056	/home/user/wince-docs-corpus/docs/mslearn/windows-embedded-ce-6.0/ee504300.html	ee504300	twin-match	 | BOOL EqualRgn(HRGN, HRGN)
EscapeCommFunction	include/Winbase.h	ms885213	/home/user/wince-docs-corpus/docs/mslearn/windows-embedded-ce-6.0/ee488402.html	ee488402	twin-match	 | BOOL EscapeCommFunction(HANDLE, DWORD)
ExcludeClipRect	include/Wingdi.h	aa453058	/home/user/wince-docs-corpus/docs/mslearn/windows-embedded-ce-6.0/ee505422.html	ee505422	twin-match	 | int ExcludeClipRect(HDC, int, int, int, int)
ExitThread	include/Winbase.h	ms885219	/home/user/wince-docs-corpus/docs/mslearn/windows-embedded-ce-6.0/ee488591.html	ee488591	twin-match	 | VOID ExitThread(DWORD)
ExtTextOutW	include/Wingdi.h	ms901129			no-twin-page	
FSDMGR_EmptyLockContainer	include/oak/Fsdmgr.h	aa517921	/home/user/wince-docs-corpus/docs/mslearn/windows-ce-5.0/aa517921.html		no-print-in-twin	
FileTimeToLocalFileTime	include/Winbase.h	ms885589	/home/user/wince-docs-corpus/docs/mslearn/windows-embedded-ce-6.0/ee488768.html	ee488768	twin-match	 | BOOL FileTimeToLocalFileTime(const FILETIME*, LPFILETIME)
FileTimeToSystemTime	include/Winbase.h	ms885593	/home/user/wince-docs-corpus/docs/mslearn/windows-embedded-ce-6.0/ee488551.html	ee488551	twin-match	 | BOOL FileTimeToSystemTime(const FILETIME*, LPSYSTEMTIME)
FillRect	include/Wingdi.h	aa453067	/home/user/wince-docs-corpus/docs/mslearn/windows-embedded-ce-6.0/ee499094.html	ee499094	twin-match	 | int FillRect(HDC, const RECT*, HBRUSH)
FindClose	include/Winbase.h	ms889619	/home/user/wince-docs-corpus/docs/mslearn/windows-ce-net-4x/ms923963.html	ms923963	twin-match	 | BOOL FindClose(HANDLE)
FindFirstFileW	include/Winbase.h	ms889678			no-twin-page	
FindMediaType	include/Urlmon.h	aa452199	/home/user/wince-docs-corpus/docs/mslearn/windows-ce-net-4x/ms928781.html	ms928781	twin-diff	ret: hdr='HRESULT WINAPI' twin='HRESULT' | HRESULT FindMediaType(LPCSTR, CLIPFORMAT*)
FindMediaTypeClass	include/Urlmon.h	aa452201	/home/user/wince-docs-corpus/docs/mslearn/windows-ce-net-4x/ms928782.html	ms928782	twin-diff	ret: hdr='HRESULT WINAPI' twin='HRESULT' | HRESULT FindMediaTypeClass(LPBC, LPCSTR, CLSID*, DWORD)
FindMimeFromData	include/Urlmon.h	aa452204	/home/user/wince-docs-corpus/docs/mslearn/windows-ce-net-4x/ms928783.html	ms928783	twin-diff	ret: hdr='HRESULT WINAPI' twin='HRESULT' | HRESULT FindMimeFromData(LPBC, LPCWSTR, LPVOID, DWORD, LPCWSTR, DWORD, LPWSTR*, DWORD)
FindNextFileW	include/Winbase.h	ms889873			no-twin-page	
FlushIpNetTable	include/Iphlpapi.h	aa450382	/home/user/wince-docs-corpus/docs/mslearn/windows-embedded-ce-6.0/ee493293.html	ee493293	twin-match	 | DWORD FlushIpNetTable(DWORD)
FreeLibrary	include/Winbase.h	ms885601	/home/user/wince-docs-corpus/docs/mslearn/windows-embedded-ce-6.0/ee488241.html	ee488241	twin-match	 | BOOL FreeLibrary(HMODULE)
GetActiveWindow	include/Winuser.h	ms940023	/home/user/wince-docs-corpus/docs/mslearn/windows-embedded-ce-6.0/ee505710.html	ee505710	twin-match	 | HWND GetActiveWindow()
GetAdapterIndex	include/Iphlpapi.h	aa450392	/home/user/wince-docs-corpus/docs/mslearn/windows-embedded-ce-6.0/ee494496.html	ee494496	twin-match	 | DWORD GetAdapterIndex(LPWSTR, PULONG)
GetAdaptersInfo	include/Iphlpapi.h	aa450394	/home/user/wince-docs-corpus/docs/mslearn/windows-embedded-ce-6.0/ee494906.html	ee494906	twin-match	 | DWORD GetAdaptersInfo(PIP_ADAPTER_INFO, PULONG)
GetAsyncKeyState	include/Winuser.h	aa453132	/home/user/wince-docs-corpus/docs/mslearn/windows-embedded-ce-6.0/ee504378.html	ee504378	twin-match	 | SHORT GetAsyncKeyState(int)
GetBestInterfaceEx	include/Iphlpapi.h	aa450397	/home/user/wince-docs-corpus/docs/mslearn/windows-ce-5.0/aa450397.html		no-print-in-twin	
GetBestRoute	include/Iphlpapi.h	aa450398	/home/user/wince-docs-corpus/docs/mslearn/windows-embedded-ce-6.0/ee494119.html	ee494119	twin-match	 | DWORD GetBestRoute(DWORD, DWORD, PMIB_IPFORWARDROW)
GetBkColor	include/Wingdi.h	ms929205	/home/user/wince-docs-corpus/docs/mslearn/windows-embedded-ce-6.0/ee499127.html	ee499127	twin-match	 | COLORREF GetBkColor(HDC)
GetBkMode	include/Wingdi.h	ms929206	/home/user/wince-docs-corpus/docs/mslearn/windows-embedded-ce-6.0/ee502613.html	ee502613	twin-match	 | int GetBkMode(HDC)
GetCapture	include/Winuser.h	ms939750	/home/user/wince-docs-corpus/docs/mslearn/windows-ce-net-4x/ms924848.html	ms924848	twin-match	 | HWND GetCapture()
GetCaretBlinkTime	include/Winuser.h	aa452936	/home/user/wince-docs-corpus/docs/mslearn/windows-embedded-ce-6.0/ee505236.html	ee505236	twin-match	 | UINT GetCaretBlinkTime()
GetCaretPos	include/Winuser.h	ms929209	/home/user/wince-docs-corpus/docs/mslearn/windows-embedded-ce-6.0/ee501385.html	ee501385	twin-match	 | BOOL GetCaretPos(LPPOINT)
GetClassFileOrMime	include/Urlmon.h	ms906288	/home/user/wince-docs-corpus/docs/mslearn/windows-ce-net-4x/ms928784.html	ms928784	twin-diff	ret: hdr='HRESULT WINAPI' twin='HRESULT' | HRESULT GetClassFileOrMime(LPBC, LPCWSTR, LPVOID, DWORD, LPCWSTR, DWORD, CLSID*)
GetClipBox	include/Wingdi.h	ms929219	/home/user/wince-docs-corpus/docs/mslearn/windows-embedded-ce-6.0/ee501949.html	ee501949	twin-match	 | int GetClipBox(HDC, LPRECT)
GetClipCursor	include/Winuser.h	ms928585	/home/user/wince-docs-corpus/docs/mslearn/windows-ce-5.0/ms929220(v=msdn.10).html	ms929220	twin-match	 | BOOL GetClipCursor(LPRECT)
GetClipRgn	include/Wingdi.h	ms929221	/home/user/wince-docs-corpus/docs/mslearn/windows-embedded-ce-6.0/ee504572.html	ee504572	twin-match	 | int GetClipRgn(HDC, HRGN)
GetClipboardData	include/Winuser.h	aa453047	/home/user/wince-docs-corpus/docs/mslearn/windows-embedded-ce-6.0/ee500850.html	ee500850	twin-match	 | HANDLE GetClipboardData(UINT)
GetClipboardDataAlloc	include/Winuser.h	ms929215	/home/user/wince-docs-corpus/docs/mslearn/windows-embedded-ce-6.0/ee501066.html	ee501066	twin-match	 | HANDLE GetClipboardDataAlloc(UINT)
GetClipboardFormatNameW	include/Winuser.h	ms929216			no-twin-page	
GetClipboardOwner	include/Winuser.h	ms929217	/home/user/wince-docs-corpus/docs/mslearn/windows-embedded-ce-6.0/ee501914.html	ee501914	twin-match	 | HWND GetClipboardOwner()
GetCommMask	include/Winbase.h	ms885606	/home/user/wince-docs-corpus/docs/mslearn/windows-embedded-ce-6.0/ee488193.html	ee488193	twin-match	 | BOOL GetCommMask(HANDLE, LPDWORD)
GetCommModemStatus	include/Winbase.h	ms885607	/home/user/wince-docs-corpus/docs/mslearn/windows-embedded-ce-6.0/ee488617.html	ee488617	twin-match	 | BOOL GetCommModemStatus(HANDLE, LPDWORD)
GetCommProperties	include/Winbase.h	ms885608	/home/user/wince-docs-corpus/docs/mslearn/windows-embedded-ce-6.0/ee488603.html	ee488603	twin-match	 | BOOL GetCommProperties(HANDLE, LPCOMMPROP)
GetCommTimeouts	include/Winbase.h	ms885610	/home/user/wince-docs-corpus/docs/mslearn/windows-embedded-ce-6.0/ee488240.html	ee488240	twin-match	 | BOOL GetCommTimeouts(HANDLE, LPCOMMTIMEOUTS)
GetCurrencyFormatW	include/Winnls.h	ms906228			no-twin-page	
GetCurrentObject	include/Wingdi.h	ms929223	/home/user/wince-docs-corpus/docs/mslearn/windows-embedded-ce-6.0/ee505940.html	ee505940	twin-match	 | HGDIOBJ GetCurrentObject(HDC, UINT)
GetCurrentProcessId	include/Kfuncs.h	ms885614	/home/user/wince-docs-corpus/docs/mslearn/windows-embedded-ce-6.0/ee488631.html	ee488631	twin-match	 | DWORD GetCurrentProcessId()
GetCurrentThreadId	include/Kfuncs.h	ms885616	/home/user/wince-docs-corpus/docs/mslearn/windows-embedded-ce-6.0/ee488409.html	ee488409	twin-match	 | DWORD GetCurrentThreadId()
GetCursor	include/Winuser.h	ms929220	/home/user/wince-docs-corpus/docs/mslearn/windows-ce-5.0/ms929225(v=msdn.10).html	ms929225	twin-match	 | HCURSOR GetCursor()
GetCursorPos	include/Winuser.h	ms929225	/home/user/wince-docs-corpus/docs/mslearn/windows-ce-5.0/ms929226(v=msdn.10).html	ms929226	twin-match	 | BOOL GetCursorPos(LPPOINT)
GetDC	include/Winuser.h	ms929227	/home/user/wince-docs-corpus/docs/mslearn/windows-embedded-ce-6.0/ee499088.html	ee499088	twin-match	 | HDC GetDC(HWND)
GetDateFormatW	include/Winnls.h	ms906228			no-twin-page	
GetDeviceCaps	include/Wingdi.h	ms929230	/home/user/wince-docs-corpus/docs/mslearn/windows-embedded-ce-6.0/ee503230.html	ee503230	twin-match	 | int GetDeviceCaps(HDC, int)
GetDialogBaseUnits	include/Winuser.h	aa453038	/home/user/wince-docs-corpus/docs/mslearn/windows-ce-5.0/ms929231.html	ms929231	twin-match	 | LONG GetDialogBaseUnits()
GetDiskFreeSpaceExW	include/Winbase.h	ms890887			no-twin-page	
GetDlgCtrlID	include/Winuser.h	ms929231	/home/user/wince-docs-corpus/docs/mslearn/windows-embedded-ce-6.0/ee505952.html	ee505952	twin-match	 | int GetDlgCtrlID(HWND)
GetDlgItem	include/Winuser.h	ms929233	/home/user/wince-docs-corpus/docs/mslearn/windows-embedded-ce-6.0/ee500513.html	ee500513	twin-match	 | HWND GetDlgItem(HWND, int)
GetDlgItemInt	include/Winuser.h	ms929234	/home/user/wince-docs-corpus/docs/mslearn/windows-embedded-ce-6.0/ee500607.html	ee500607	twin-match	 | UINT GetDlgItemInt(HWND, int, BOOL*, BOOL)
GetDlgItemTextW	include/Winuser.h	ms929235			no-twin-page	
GetDllVersion	include/Winbase.h	ms885617	/home/user/wince-docs-corpus/docs/mslearn/windows-embedded-ce-6.0/ee488161.html	ee488161	twin-match	 | DWORD GetDllVersion(HMODULE)
GetDoubleClickTime	include/Winuser.h	ms929208	/home/user/wince-docs-corpus/docs/mslearn/windows-ce-5.0/ms929237(v=msdn.10).html	ms929237	twin-match	 | UINT GetDoubleClickTime()
GetExitCodeThread	include/Winbase.h	ms885623	/home/user/wince-docs-corpus/docs/mslearn/windows-embedded-ce-6.0/ee488756.html	ee488756	twin-match	 | BOOL GetExitCodeThread(HANDLE, LPDWORD)
GetFileAttributesW	include/Winbase.h	ms890895			no-twin-page	
GetFileInformationByHandle	include/Winbase.h	ms890926	/home/user/wince-docs-corpus/docs/mslearn/windows-embedded-ce-6.0/ee489735.html	ee489735	twin-match	 | BOOL GetFileInformationByHandle(HANDLE, LPBY_HANDLE_FILE_INFORMATION)
GetFileSize	include/Winbase.h	ms890939	/home/user/wince-docs-corpus/docs/mslearn/windows-embedded-ce-6.0/ee490353.html	ee490353	twin-match	 | DWORD GetFileSize(HANDLE, LPDWORD)
GetFileTime	include/Winbase.h	ms885625	/home/user/wince-docs-corpus/docs/mslearn/windows-embedded-ce-6.0/ee487950.html	ee487950	twin-match	 | BOOL GetFileTime(HANDLE, LPFILETIME, LPFILETIME, LPFILETIME)
GetFileVersionInfoW	include/Winbase.h	ms890963			no-twin-page	
GetFocus	include/Winuser.h	ms929204	/home/user/wince-docs-corpus/docs/mslearn/windows-embedded-ce-6.0/ee502865.html	ee502865	twin-match	 | HWND GetFocus()
GetFriendlyIfIndex	include/Iphlpapi.h	aa450401	/home/user/wince-docs-corpus/docs/mslearn/windows-embedded-ce-6.0/ee494694.html	ee494694	twin-match	 | DWORD GetFriendlyIfIndex(DWORD)
GetIcmpStatistics	include/Iphlpapi.h	aa450406	/home/user/wince-docs-corpus/docs/mslearn/windows-embedded-ce-6.0/ee494858.html	ee494858	twin-match	 | DWORD GetIcmpStatistics(PMIB_ICMP)
GetIcmpStatisticsEx	include/Iphlpapi.h	aa450407	/home/user/wince-docs-corpus/docs/mslearn/windows-ce-net-4x/ms927389.html	ms927389	twin-match	 | DWORD GetIcmpStatisticsEx(PMIB_ICMP, DWORD)
GetIconInfo	include/Winuser.h	aa452972	/home/user/wince-docs-corpus/docs/mslearn/windows-ce-5.0/ms929247.html	ms929247	twin-match	 | BOOL GetIconInfo(HICON, PICONINFO)
GetIfEntry	include/Iphlpapi.h	aa450408	/home/user/wince-docs-corpus/docs/mslearn/windows-embedded-ce-6.0/ee493262.html	ee493262	twin-match	 | DWORD GetIfEntry(PMIB_IFROW)
GetIfTable	include/Iphlpapi.h	aa450409	/home/user/wince-docs-corpus/docs/mslearn/windows-embedded-ce-6.0/ee494305.html	ee494305	twin-match	 | DWORD GetIfTable(PMIB_IFTABLE, PULONG, BOOL)
GetInterfaceInfo	include/Iphlpapi.h	aa450410	/home/user/wince-docs-corpus/docs/mslearn/windows-embedded-ce-6.0/ee493639.html	ee493639	twin-match	 | DWORD GetInterfaceInfo(PIP_INTERFACE_INFO, PULONG)
GetIpAddrTable	include/Iphlpapi.h	aa450411	/home/user/wince-docs-corpus/docs/mslearn/windows-embedded-ce-6.0/ee493850.html	ee493850	twin-match	 | DWORD GetIpAddrTable(PMIB_IPADDRTABLE, PULONG, BOOL)
GetIpForwardTable	include/Iphlpapi.h	aa450412	/home/user/wince-docs-corpus/docs/mslearn/windows-embedded-ce-6.0/ee493868.html	ee493868	twin-match	 | DWORD GetIpForwardTable(PMIB_IPFORWARDTABLE, PULONG, BOOL)
GetIpNetTable	include/Iphlpapi.h	aa450413	/home/user/wince-docs-corpus/docs/mslearn/windows-embedded-ce-6.0/ee494695.html	ee494695	twin-match	 | DWORD GetIpNetTable(PMIB_IPNETTABLE, PULONG, BOOL)
GetKeyboardLayout	include/Winuser.h	aa452845	/home/user/wince-docs-corpus/docs/mslearn/windows-ce-5.0/ms929249.html	ms929249	twin-match	 | HKL GetKeyboardLayout(DWORD)
GetKeyboardLayoutList	include/Winuser.h	ms929249	/home/user/wince-docs-corpus/docs/mslearn/windows-ce-5.0/ms929250.html	ms929250	twin-match	 | UINT GetKeyboardLayoutList(int, HKL*)
GetKeyboardLayoutNameW	include/Winuser.h	ms929250			no-twin-page	
GetKeyboardStatus	include/Winuser.h	ms929252	/home/user/wince-docs-corpus/docs/mslearn/windows-ce-5.0/ms929253.html	ms929253	twin-match	 | DWORD GetKeyboardStatus()
GetKeyboardType	include/Winuser.h	ms929253	/home/user/wince-docs-corpus/docs/mslearn/windows-ce-5.0/ms929254.html	ms929254	twin-match	 | int GetKeyboardType(int)
GetLastError	include/Winbase.h	ms885627	/home/user/wince-docs-corpus/docs/mslearn/windows-embedded-ce-6.0/ee488182.html	ee488182	twin-match	 | DWORD GetLastError()
GetLocalTime	include/Winbase.h	ms885628	/home/user/wince-docs-corpus/docs/mslearn/windows-embedded-ce-6.0/ee487966.html	ee487966	twin-match	 | void GetLocalTime(LPSYSTEMTIME)
GetMenuItemInfoW	include/Winuser.h	aa453034			no-twin-page	
GetMessagePos	include/Winuser.h	aa453136	/home/user/wince-docs-corpus/docs/mslearn/windows-embedded-ce-6.0/ee501753.html	ee501753	twin-match	 | DWORD GetMessagePos()
GetModuleFileNameW	include/Winbase.h	ms885629			no-twin-page	
GetMonitorInfo	include/Wingdi.h	ms932091	/home/user/wince-docs-corpus/docs/mslearn/windows-ce-5.0/aa451738(v=msdn.10).html	aa451738	twin-match	 | BOOL GetMonitorInfo(HMONITOR, LPMONITORINFO)
GetMouseMovePoints	include/Winuser.h	ms929237	/home/user/wince-docs-corpus/docs/mslearn/windows-ce-5.0/aa453139(v=msdn.10).html	aa453139	twin-diff	ret: hdr='BOOL' twin='BOOL WINAPI' | BOOL WINAPI GetMouseMovePoints(PPOINT, UINT, UINT*)
GetNearestColor	include/Wingdi.h	aa453140	/home/user/wince-docs-corpus/docs/mslearn/windows-embedded-ce-6.0/ee506255.html	ee506255	twin-match	 | COLORREF GetNearestColor(HDC, COLORREF)
GetNetworkParams	include/Iphlpapi.h	aa450417	/home/user/wince-docs-corpus/docs/mslearn/windows-embedded-ce-6.0/ee494470.html	ee494470	twin-match	 | DWORD GetNetworkParams(PFIXED_INFO, PULONG)
GetNextDlgGroupItem	include/Winuser.h	ms929236	/home/user/wince-docs-corpus/docs/mslearn/windows-embedded-ce-6.0/ee505040.html	ee505040	twin-match	 | HWND GetNextDlgGroupItem(HWND, HWND, BOOL)
GetNextDlgTabItem	include/Winuser.h	aa453145	/home/user/wince-docs-corpus/docs/mslearn/windows-embedded-ce-6.0/ee499080.html	ee499080	twin-match	 | HWND GetNextDlgTabItem(HWND, HWND, BOOL)
GetNumberFormatW	include/Winnls.h	ms906228			no-twin-page	
GetNumberOfInterfaces	include/Iphlpapi.h	aa450418	/home/user/wince-docs-corpus/docs/mslearn/windows-embedded-ce-6.0/ee494841.html	ee494841	twin-match	 | DWORD GetNumberOfInterfaces(PDWORD)
GetObjectType	include/Wingdi.h	aa453148	/home/user/wince-docs-corpus/docs/mslearn/windows-embedded-ce-6.0/ee499386.html	ee499386	twin-match	 | DWORD GetObjectType(HGDIOBJ)
GetObjectW	include/Wingdi.h	aa453147			no-twin-page	
GetOpenClipboardWindow	include/Winuser.h	ms929218	/home/user/wince-docs-corpus/docs/mslearn/windows-embedded-ce-6.0/ee503207.html	ee503207	twin-match	 | HWND GetOpenClipboardWindow()
GetOpenFileNameW	include/Commdlg.h	aa453150			no-twin-page	
GetPerAdapterInfo	include/Iphlpapi.h	aa450421	/home/user/wince-docs-corpus/docs/mslearn/windows-embedded-ce-6.0/ee495165.html	ee495165	twin-match	 | DWORD GetPerAdapterInfo(ULONG, PIP_PER_ADAPTER_INFO, PULONG)
GetPixel	include/Wingdi.h	aa453153	/home/user/wince-docs-corpus/docs/mslearn/windows-embedded-ce-6.0/ee504020.html	ee504020	twin-match	 | COLORREF GetPixel(HDC, int, int)
GetPriorityClipboardFormat	include/Winuser.h	aa453149	/home/user/wince-docs-corpus/docs/mslearn/windows-embedded-ce-6.0/ee505514.html	ee505514	twin-match	 | int GetPriorityClipboardFormat(UINT*, int)
GetProcAddressW	include/Winbase.h	ms885634			no-twin-page	
GetProcessVersion	include/Winbase.h	ms885636	/home/user/wince-docs-corpus/docs/mslearn/windows-embedded-ce-6.0/ee488575.html	ee488575	twin-match	 | DWORD GetProcessVersion(DWORD)
GetPropW	include/Windows.h	aa453647			no-twin-page	
GetRegionData	include/Wingdi.h	aa453157	/home/user/wince-docs-corpus/docs/mslearn/windows-embedded-ce-6.0/ee505860.html	ee505860	twin-match	 | DWORD GetRegionData(HRGN, DWORD, LPRGNDATA)
GetRgnBox	include/Wingdi.h	aa453159	/home/user/wince-docs-corpus/docs/mslearn/windows-embedded-ce-6.0/ee504142.html	ee504142	twin-match	 | int GetRgnBox(HRGN, LPRECT)
GetSaveFileNameW	include/Commdlg.h	aa453162			no-twin-page	
GetStockObject	include/Wingdi.h	aa453164	/home/user/wince-docs-corpus/docs/mslearn/windows-embedded-ce-6.0/ee505070.html	ee505070	twin-match	 | HGDIOBJ GetStockObject(int)
GetStoreInformation	include/Winbase.h	ms891023	/home/user/wince-docs-corpus/docs/mslearn/windows-embedded-ce-6.0/ee490015.html	ee490015	twin-match	 | BOOL GetStoreInformation(LPSTORE_INFORMATION)
GetSubMenu	include/Winuser.h	aa453134	/home/user/wince-docs-corpus/docs/mslearn/windows-embedded-ce-6.0/ee505084.html	ee505084	twin-match	 | HMENU GetSubMenu(HMENU, int)
GetSysColor	include/Winuser.h	aa453033	/home/user/wince-docs-corpus/docs/mslearn/windows-embedded-ce-6.0/ee505488.html	ee505488	twin-match	 | DWORD GetSysColor(int)
GetSysColorBrush	include/Wingdi.h	aa453168	/home/user/wince-docs-corpus/docs/mslearn/windows-embedded-ce-6.0/ee501395.html	ee501395	twin-match	 | HBRUSH GetSysColorBrush(int)
GetSystemDefaultLCID	include/Winnls.h	ms905298	/home/user/wince-docs-corpus/docs/mslearn/windows-ce-net-4x/ms919344.html	ms919344	twin-match	 | LCID GetSystemDefaultLCID()
GetSystemDefaultLangID	include/Winnls.h	ms905289	/home/user/wince-docs-corpus/docs/mslearn/windows-ce-net-4x/ms919336.html	ms919336	twin-match	 | LANGID GetSystemDefaultLangID()
GetSystemInfo	include/Winbase.h	ms885638	/home/user/wince-docs-corpus/docs/mslearn/windows-embedded-ce-6.0/ee488900.html	ee488900	twin-match	 | VOID GetSystemInfo(LPSYSTEM_INFO)
GetSystemMemoryDivision	include/Winbase.h	ms885639	/home/user/wince-docs-corpus/docs/mslearn/windows-embedded-ce-6.0/ee482753(v=winembedded.60).html	ee482753	twin-match	 | BOOL GetSystemMemoryDivision(LPDWORD, LPDWORD, LPDWORD)
GetSystemMenu	include/Winuser.h	aa453166	/home/user/wince-docs-corpus/docs/mslearn/windows-ce-5.0/aa453169.html	aa453169	twin-match	 | HMENU GetSystemMenu(HWND, BOOL)
GetSystemMetrics	include/Winuser.h	aa453167	/home/user/wince-docs-corpus/docs/mslearn/windows-embedded-ce-6.0/ee499415.html	ee499415	twin-match	 | int GetSystemMetrics(int)
GetSystemPowerStatusEx	include/Winbase.h	aa453172	/home/user/wince-docs-corpus/docs/mslearn/windows-embedded-ce-6.0/ee500626.html	ee500626	twin-match	 | BOOL GetSystemPowerStatusEx(PSYSTEM_POWER_STATUS_EX, BOOL)
GetSystemPowerStatusEx2	include/Winbase.h	aa453172	/home/user/wince-docs-corpus/docs/mslearn/windows-ce-5.0/aa453173.html	aa453173	twin-match	 | DWORD GetSystemPowerStatusEx2(PSYSTEM_POWER_STATUS_EX2, DWORD, BOOL)
GetTcpStatistics	include/Iphlpapi.h	ms890306	/home/user/wince-docs-corpus/docs/mslearn/windows-embedded-ce-6.0/ee493828.html	ee493828	twin-match	 | DWORD GetTcpStatistics(PMIB_TCPSTATS)
GetTcpStatisticsEx	include/Iphlpapi.h	ms890307	/home/user/wince-docs-corpus/docs/mslearn/windows-ce-net-4x/ms927394.html	ms927394	twin-match	 | DWORD GetTcpStatisticsEx(PMIB_TCPSTATS, DWORD)
GetTcpTable	include/Iphlpapi.h	ms890308	/home/user/wince-docs-corpus/docs/mslearn/windows-embedded-ce-6.0/ee493852.html	ee493852	twin-match	 | DWORD GetTcpTable(PMIB_TCPTABLE, PDWORD, BOOL)
GetTextColor	include/Wingdi.h	ms901134	/home/user/wince-docs-corpus/docs/mslearn/windows-embedded-ce-6.0/ee489912.html	ee489912	twin-match	 | COLORREF GetTextColor(HDC)
GetTextExtentExPointW	include/Wingdi.h	ms901135			no-twin-page	
GetTextFaceW	include/Wingdi.h	ms901138			no-twin-page	
GetTextMetricsW	include/Wingdi.h	ms901139			no-twin-page	
GetThreadPriority	include/Winbase.h	ms885643	/home/user/wince-docs-corpus/docs/mslearn/windows-embedded-ce-6.0/ee488168.html	ee488168	twin-match	 | int GetThreadPriority(HANDLE)
GetTickCount	include/Winbase.h	ms885645	/home/user/wince-docs-corpus/docs/mslearn/windows-embedded-ce-6.0/ee487985.html	ee487985	twin-match	 | DWORD GetTickCount()
GetTimeZoneInformation	include/Winbase.h	ms885646	/home/user/wince-docs-corpus/docs/mslearn/windows-embedded-ce-6.0/ee488172.html	ee488172	twin-match	 | DWORD GetTimeZoneInformation(LPTIME_ZONE_INFORMATION)
GetUdpStatistics	include/Iphlpapi.h	ms890309	/home/user/wince-docs-corpus/docs/mslearn/windows-embedded-ce-6.0/ee494233.html	ee494233	twin-match	 | DWORD GetUdpStatistics(PMIB_UDPSTATS)
GetUdpStatisticsEx	include/Iphlpapi.h	ms890310	/home/user/wince-docs-corpus/docs/mslearn/windows-ce-net-4x/ms927396.html	ms927396	twin-match	 | DWORD GetUdpStatisticsEx(PMIB_UDPSTATS, DWORD)
GetUdpTable	include/Iphlpapi.h	ms890311	/home/user/wince-docs-corpus/docs/mslearn/windows-embedded-ce-6.0/ee493220.html	ee493220	twin-match	 | DWORD GetUdpTable(PMIB_UDPTABLE, PDWORD, BOOL)
GetUniDirectionalAdapterInfo	include/Iphlpapi.h	ms890312	/home/user/wince-docs-corpus/docs/mslearn/windows-embedded-ce-6.0/ee493427.html	ee493427	twin-match	 | DWORD GetUniDirectionalAdapterInfo(PIP_UNIDIRECTIONAL_ADAPTER_ADDRESS, PULONG)
GetUpdateRect	include/Winuser.h	aa453174	/home/user/wince-docs-corpus/docs/mslearn/windows-embedded-ce-6.0/ee501189.html	ee501189	twin-match	 | BOOL GetUpdateRect(HWND, LPRECT, BOOL)
GetUpdateRgn	include/Winuser.h	aa453175	/home/user/wince-docs-corpus/docs/mslearn/windows-embedded-ce-6.0/ee500868.html	ee500868	twin-match	 | int GetUpdateRgn(HWND, HRGN, BOOL)
GetVersionEx	include/Winbase.h	ms885648	/home/user/wince-docs-corpus/docs/mslearn/windows-embedded-ce-6.0/ee488165.html	ee488165	twin-match	 | BOOL GetVersionEx(LPOSVERSIONINFO)
GetViewportExtEx	include/Wingdi.h	aa453949	/home/user/wince-docs-corpus/docs/mslearn/windows-ce-5.0/aa453949.html		no-print-in-twin	
GetViewportOrgEx	include/Wingdi.h	aa453950	/home/user/wince-docs-corpus/docs/mslearn/windows-ce-5.0/aa453950.html		no-print-in-twin	
GetWindowDC	include/Winuser.h	aa453179	/home/user/wince-docs-corpus/docs/mslearn/windows-embedded-ce-6.0/ee500451.html	ee500451	twin-match	 | HDC GetWindowDC(HWND)
GetWindowExtEx	include/Wingdi.h	aa453951	/home/user/wince-docs-corpus/docs/mslearn/windows-ce-5.0/aa453951.html		no-print-in-twin	
GetWindowOrgEx	include/Wingdi.h	aa453952	/home/user/wince-docs-corpus/docs/mslearn/windows-ce-5.0/aa453952.html		no-print-in-twin	
GlobalDeleteAtom	include/Windows.h	aa453188	/home/user/wince-docs-corpus/docs/mslearn/windows-ce-5.0/aa453189.html	aa453189	twin-match	 | ATOM GlobalDeleteAtom(ATOM)
GlobalFindAtomW	include/Windows.h	aa453189			no-twin-page	
GlobalMemoryStatus	include/Winbase.h	ms885649	/home/user/wince-docs-corpus/docs/mslearn/windows-embedded-ce-6.0/ee488170.html	ee488170	twin-diff	ret: hdr='VOID' twin='void' | void GlobalMemoryStatus(LPMEMORYSTATUS)
Heap32ListNext	include/Tlhelp32.h	ms885651	/home/user/wince-docs-corpus/docs/mslearn/windows-ce-5.0/ms885652.html	ms885652	twin-diff	ret: hdr='BOOL' twin='BOOL WINAPI' | BOOL WINAPI Heap32ListNext(HANDLE, LPHEAPLIST32)
Heap32Next	include/Tlhelp32.h	ms885650	/home/user/wince-docs-corpus/docs/mslearn/windows-ce-5.0/ms885653.html	ms885653	twin-diff	ret: hdr='BOOL' twin='BOOL WINAPI' | BOOL WINAPI Heap32Next(HANDLE, LPHEAPENTRY32)
HeapCreate	include/Winbase.h	ms885656	/home/user/wince-docs-corpus/docs/mslearn/windows-embedded-ce-6.0/ee488381.html	ee488381	twin-match	 | HANDLE HeapCreate(DWORD, DWORD, DWORD)
HeapDestroy	include/Winbase.h	ms885657	/home/user/wince-docs-corpus/docs/mslearn/windows-embedded-ce-6.0/ee488651.html	ee488651	twin-match	 | BOOL HeapDestroy(HANDLE)
HeapFree	include/Winbase.h	ms885659	/home/user/wince-docs-corpus/docs/mslearn/windows-embedded-ce-6.0/ee488228.html	ee488228	twin-match	 | BOOL HeapFree(HANDLE, DWORD, LPVOID)
HeapReAlloc	include/Winbase.h	ms885661	/home/user/wince-docs-corpus/docs/mslearn/windows-embedded-ce-6.0/ee488385.html	ee488385	twin-match	 | LPVOID HeapReAlloc(HANDLE, DWORD, LPVOID, DWORD)
HideCaret	include/Winuser.h	ms929210	/home/user/wince-docs-corpus/docs/mslearn/windows-embedded-ce-6.0/ee503185.html	ee503185	twin-match	 | BOOL HideCaret(HWND)
ImageList_AddMasked	include/Commctrl.h	ms909786	/home/user/wince-docs-corpus/docs/mslearn/windows-embedded-ce-6.0/ee503446.html	ee503446	twin-diff	ret: hdr='int' twin='int WINAPI' | int WINAPI ImageList_AddMasked(HIMAGELIST, HBITMAP, COLORREF)
ImageList_BeginDrag	include/Commctrl.h	ms909795	/home/user/wince-docs-corpus/docs/mslearn/windows-embedded-ce-6.0/ee500766.html	ee500766	twin-diff	ret: hdr='BOOL' twin='BOOL WINAPI' | BOOL WINAPI ImageList_BeginDrag(HIMAGELIST, int, int, int)
ImageList_Copy	include/Commctrl.h	ms909799	/home/user/wince-docs-corpus/docs/mslearn/windows-ce-5.0/ms909805.html	ms909805	twin-match	 | BOOL ImageList_Copy(HIMAGELIST, int, HIMAGELIST, int, UINT)
ImageList_Create	include/Commctrl.h	ms909805	/home/user/wince-docs-corpus/docs/mslearn/windows-ce-5.0/ms909810.html	ms909810	twin-diff	ret: hdr='HIMAGELIST' twin='HIMAGELIST WINAPI' | HIMAGELIST WINAPI ImageList_Create(int, int, UINT, int, int)
ImageList_DragEnter	include/Commctrl.h	ms909811	/home/user/wince-docs-corpus/docs/mslearn/windows-embedded-ce-6.0/ee505711.html	ee505711	twin-diff	ret: hdr='BOOL' twin='BOOL WINAPI' | BOOL WINAPI ImageList_DragEnter(HWND, int, int)
ImageList_DragLeave	include/Commctrl.h	ms909812	/home/user/wince-docs-corpus/docs/mslearn/windows-embedded-ce-6.0/ee501729.html	ee501729	twin-diff	ret: hdr='BOOL' twin='BOOL WINAPI' | BOOL WINAPI ImageList_DragLeave(HWND)
ImageList_DragMove	include/Commctrl.h	ms909813	/home/user/wince-docs-corpus/docs/mslearn/windows-embedded-ce-6.0/ee503204.html	ee503204	twin-diff	ret: hdr='BOOL' twin='BOOL WINAPI' | BOOL WINAPI ImageList_DragMove(int, int)
ImageList_DragShowNolock	include/Commctrl.h	ms909814	/home/user/wince-docs-corpus/docs/mslearn/windows-embedded-ce-6.0/ee501254.html	ee501254	twin-diff	ret: hdr='BOOL' twin='BOOL WINAPI' | BOOL WINAPI ImageList_DragShowNolock(BOOL)
ImageList_Draw	include/Commctrl.h	ms909815	/home/user/wince-docs-corpus/docs/mslearn/windows-embedded-ce-6.0/ee502905.html	ee502905	twin-diff	ret: hdr='BOOL' twin='BOOL WINAPI'; arg4: hdr='int**' twin='int' | BOOL WINAPI ImageList_Draw(HIMAGELIST, int, HDC, int, int, UINT)
ImageList_DrawEx	include/Commctrl.h	ms909816	/home/user/wince-docs-corpus/docs/mslearn/windows-embedded-ce-6.0/ee506293.html	ee506293	twin-diff	ret: hdr='BOOL' twin='BOOL WINAPI'; arg4: hdr='int**' twin='int' | BOOL WINAPI ImageList_DrawEx(HIMAGELIST, int, HDC, int, int, int, int, COLORREF, COLORREF, UINT)
ImageList_DrawIndirect	include/Commctrl.h	ms909817	/home/user/wince-docs-corpus/docs/mslearn/windows-ce-5.0/ms909818.html	ms909818	twin-match	 | BOOL ImageList_DrawIndirect(IMAGELISTDRAWPARAMS*)
ImageList_Duplicate	include/Commctrl.h	ms909818	/home/user/wince-docs-corpus/docs/mslearn/windows-ce-5.0/ms909820.html	ms909820	twin-match	 | HIMAGELIST ImageList_Duplicate(HIMAGELIST)
ImageList_EndDrag	include/Commctrl.h	ms909820	/home/user/wince-docs-corpus/docs/mslearn/windows-embedded-ce-6.0/ee499743.html	ee499743	twin-diff	ret: hdr='BOOL' twin='BOOL WINAPI' | BOOL WINAPI ImageList_EndDrag()
ImageList_GetBkColor	include/Commctrl.h	ms909821	/home/user/wince-docs-corpus/docs/mslearn/windows-embedded-ce-6.0/ee501730.html	ee501730	twin-diff	ret: hdr='COLORREF' twin='COLORREF WINAPI' | COLORREF WINAPI ImageList_GetBkColor(HIMAGELIST)
ImageList_GetDragImage	include/Commctrl.h	ms909823	/home/user/wince-docs-corpus/docs/mslearn/windows-embedded-ce-6.0/ee500265.html	ee500265	twin-diff	ret: hdr='HIMAGELIST' twin='HIMAGELIST WINAPI' | HIMAGELIST WINAPI ImageList_GetDragImage(POINT*, POINT*)
ImageList_GetIcon	include/Commctrl.h	ms909824	/home/user/wince-docs-corpus/docs/mslearn/windows-embedded-ce-6.0/ee506299.html	ee506299	twin-diff	ret: hdr='HICON' twin='HICON WINAPI' | HICON WINAPI ImageList_GetIcon(HIMAGELIST, int, UINT)
ImageList_GetIconSize	include/Commctrl.h	ms909825	/home/user/wince-docs-corpus/docs/mslearn/windows-embedded-ce-6.0/ee503580.html	ee503580	twin-diff	ret: hdr='BOOL' twin='BOOL WINAPI' | BOOL WINAPI ImageList_GetIconSize(HIMAGELIST, int*, int*)
ImageList_GetImageCount	include/Commctrl.h	ms909826	/home/user/wince-docs-corpus/docs/mslearn/windows-embedded-ce-6.0/ee504304.html	ee504304	twin-diff	ret: hdr='int' twin='Int WINAPI' | Int WINAPI ImageList_GetImageCount(HIMAGELIST)
ImageList_GetImageInfo	include/Commctrl.h	ms909827	/home/user/wince-docs-corpus/docs/mslearn/windows-embedded-ce-6.0/ee499663.html	ee499663	twin-diff	ret: hdr='BOOL' twin='BOOL WINAPI' | BOOL WINAPI ImageList_GetImageInfo(HIMAGELIST, int, IMAGEINFO*)
ImageList_LoadImage	include/Commctrl.h	ms909828	/home/user/wince-docs-corpus/docs/mslearn/windows-embedded-ce-6.0/ee504385.html	ee504385	twin-diff	ret: hdr='HIMAGELIST' twin='HIMAGELIST WINAPI'; arg3: hdr='int**' twin='int' | HIMAGELIST WINAPI ImageList_LoadImage(HINSTANCE, LPCSTR, int, int, COLORREF, UINT, UINT)
ImageList_Merge	include/Commctrl.h	ms909830	/home/user/wince-docs-corpus/docs/mslearn/windows-embedded-ce-6.0/ee503132.html	ee503132	twin-diff	ret: hdr='HIMAGELIST' twin='HIMAGELIST WINAPI'; arg3: hdr='HIMAGELIST**' twin='HIMAGELIST' | HIMAGELIST WINAPI ImageList_Merge(HIMAGELIST, int, HIMAGELIST, int, int, int)
ImageList_Remove	include/Commctrl.h	ms909831	/home/user/wince-docs-corpus/docs/mslearn/windows-embedded-ce-6.0/ee506284.html	ee506284	twin-diff	ret: hdr='BOOL' twin='BOOL WINAPI' | BOOL WINAPI ImageList_Remove(HIMAGELIST, int)
ImageList_RemoveAll	include/Commctrl.h	ms909832	/home/user/wince-docs-corpus/docs/mslearn/windows-embedded-ce-6.0/ee504892.html	ee504892	twin-diff	arg1: hdr='HIMAGELIST' twin='himl' | BOOL ImageList_RemoveAll(himl)
ImageList_Replace	include/Commctrl.h	ms909833	/home/user/wince-docs-corpus/docs/mslearn/windows-embedded-ce-6.0/ee504557.html	ee504557	twin-diff	ret: hdr='BOOL' twin='BOOL WINAPI'; arg3: hdr='HBITMAP**' twin='HBITMAP' | BOOL WINAPI ImageList_Replace(HIMAGELIST, int, HBITMAP, HBITMAP)
ImageList_ReplaceIcon	include/Commctrl.h	ms909834	/home/user/wince-docs-corpus/docs/mslearn/windows-embedded-ce-6.0/ee500224.html	ee500224	twin-diff	ret: hdr='int' twin='int WINAPI'; arg3: hdr='HICON**' twin='HICON' | int WINAPI ImageList_ReplaceIcon(HIMAGELIST, int, HICON)
ImageList_SetBkColor	include/Commctrl.h	ms909835	/home/user/wince-docs-corpus/docs/mslearn/windows-embedded-ce-6.0/ee504889.html	ee504889	twin-diff	ret: hdr='COLORREF' twin='COLORREF WINAPI' | COLORREF WINAPI ImageList_SetBkColor(HIMAGELIST, COLORREF)
ImageList_SetDragCursorImage	include/Commctrl.h	ms909836	/home/user/wince-docs-corpus/docs/mslearn/windows-embedded-ce-6.0/ee503586.html	ee503586	twin-diff	ret: hdr='BOOL' twin='BOOL WINAPI'; arg2: hdr='int**' twin='int' | BOOL WINAPI ImageList_SetDragCursorImage(HIMAGELIST, int, int, int)
ImageList_SetIconSize	include/Commctrl.h	ms909837	/home/user/wince-docs-corpus/docs/mslearn/windows-embedded-ce-6.0/ee500889.html	ee500889	twin-diff	ret: hdr='BOOL' twin='BOOL WINAPI' | BOOL WINAPI ImageList_SetIconSize(HIMAGELIST, int, int)
ImageList_SetImageCount	include/Commctrl.h	ms909838	/home/user/wince-docs-corpus/docs/mslearn/windows-ce-5.0/ms909839.html	ms909839	twin-diff	arg2: hdr='UINT**' twin='UINT' | BOOL ImageList_SetImageCount(HIMAGELIST, UINT)
ImageList_SetOverlayImage	include/Commctrl.h	ms909839	/home/user/wince-docs-corpus/docs/mslearn/windows-embedded-ce-6.0/ee506087.html	ee506087	twin-diff	ret: hdr='BOOL' twin='BOOL WINAPI' | BOOL WINAPI ImageList_SetOverlayImage(HIMAGELIST, int, int)
ImeGetUIClassName	include/Msimeui.h	ms905977	/home/user/wince-docs-corpus/docs/mslearn/windows-embedded-ce-6.0/ee490992.html	ee490992	twin-match	 | void ImeGetUIClassName(LPTSTR)
ImmAssociateContext	include/Imm.h	ms905989	/home/user/wince-docs-corpus/docs/mslearn/windows-ce-5.0/ms905984.html	ms905984	twin-match	 | HIMC ImmAssociateContext(HWND, HIMC)
ImmAssociateContextEx	include/Imm.h	ms905984	/home/user/wince-docs-corpus/docs/mslearn/windows-ce-5.0/ms905985.html	ms905985	twin-diff	arg2: hdr='HIMC' twin='HINC' | BOOL ImmAssociateContextEx(HWND, HINC, DWORD)
ImmConfigureIMEW	include/Imm.h	ms906014			no-twin-page	
ImmCreateContext	include/Imm.h	ms906027	/home/user/wince-docs-corpus/docs/mslearn/windows-ce-5.0/ms905987.html	ms905987	twin-match	 | HIMC ImmCreateContext()
ImmDestroyContext	include/Imm.h	ms905987	/home/user/wince-docs-corpus/docs/mslearn/windows-ce-5.0/ms905989.html	ms905989	twin-match	 | BOOL ImmDestroyContext(HIMC)
ImmDestroyIMCC	include/Imm.h	ms905988	/home/user/wince-docs-corpus/docs/mslearn/windows-ce-5.0/ms905990.html	ms905990	twin-match	 | HIMCC WINAPI ImmDestroyIMCC(HIMCC)
ImmDisableIME	include/Imm.h	ms906025	/home/user/wince-docs-corpus/docs/mslearn/windows-ce-5.0/ms905991.html	ms905991	twin-match	 | BOOL ImmDisableIME(DWORD)
ImmEnumRegisterWordW	include/Imm.h	ms906041			no-twin-page	
ImmEscapeW	include/Imm.h	ms905986			no-twin-page	
ImmGenerateMessage	include/Imm.h	ms906022	/home/user/wince-docs-corpus/docs/mslearn/windows-ce-5.0/ms905994.html	ms905994	twin-match	 | BOOL WINAPI ImmGenerateMessage(HIMC)
ImmGetCandidateListCountW	include/Imm.h	ms905995			no-twin-page	
ImmGetCandidateWindow	include/Imm.h	ms905996	/home/user/wince-docs-corpus/docs/mslearn/windows-ce-5.0/ms905997.html	ms905997	twin-match	 | BOOL ImmGetCandidateWindow(HIMC, DWORD, LPCANDIDATEFORM)
ImmGetCompositionFontW	include/Imm.h	ms906032			no-twin-page	
ImmGetCompositionWindow	include/Imm.h	ms906031	/home/user/wince-docs-corpus/docs/mslearn/windows-ce-5.0/ms906002.html	ms906002	twin-match	 | BOOL ImmGetCompositionWindow(HIMC, LPCOMPOSITIONFORM)
ImmGetConversionListW	include/Imm.h	ms906033			no-twin-page	
ImmGetDefaultIMEWnd	include/Imm.h	ms906036	/home/user/wince-docs-corpus/docs/mslearn/windows-ce-5.0/ms906007.html	ms906007	twin-match	 | HWND ImmGetDefaultIMEWnd(HWND)
ImmGetDescriptionW	include/Imm.h	ms906021			no-twin-page	
ImmGetGuideLineW	include/Imm.h	ms906017			no-twin-page	
ImmGetIMCCLockCount	include/Imm.h	ms906012	/home/user/wince-docs-corpus/docs/mslearn/windows-ce-5.0/ms906011.html	ms906011	twin-match	 | DWORD WINAPI ImmGetIMCCLockCount(HIMCC)
ImmGetIMCCSize	include/Imm.h	ms906040	/home/user/wince-docs-corpus/docs/mslearn/windows-ce-5.0/ms906012.html	ms906012	twin-match	 | DWORD WINAPI ImmGetIMCCSize(HIMCC)
ImmGetIMCLockCount	include/Imm.h	ms906039	/home/user/wince-docs-corpus/docs/mslearn/windows-ce-5.0/ms906013.html	ms906013	twin-match	 | DWORD WINAPI ImmGetIMCLockCount(HIMC)
ImmGetIMEFileNameW	include/Imm.h	ms906008			no-twin-page	
ImmGetImeMenuItemsW	include/Imm.h	ms906009			no-twin-page	
ImmGetProperty	include/Imm.h	ms906007	/home/user/wince-docs-corpus/docs/mslearn/windows-ce-5.0/ms906017.html	ms906017	twin-match	 | BOOL ImmGetProperty(HKL, DWORD)
ImmGetRegisterWordStyleW	include/Imm.h	ms905992			no-twin-page	
ImmGetStatusWindowPos	include/Imm.h	ms906035	/home/user/wince-docs-corpus/docs/mslearn/windows-ce-5.0/ms906019.html	ms906019	twin-match	 | BOOL ImmGetStatusWindowPos(HIMC, LPPOINT)
ImmGetVirtualKey	include/Imm.h	ms905994	/home/user/wince-docs-corpus/docs/mslearn/windows-ce-5.0/ms906020.html	ms906020	twin-match	 | UINT ImmGetVirtualKey(HWND)
ImmIsUIMessageW	include/Imm.h	ms905993			no-twin-page	
ImmLockIMC	include/Imm.h	ms905985	/home/user/wince-docs-corpus/docs/mslearn/windows-ce-5.0/ms906023.html	ms906023	twin-match	 | LPINPUTCONTEXT WINAPI ImmLockIMC(HIMC)
ImmLockIMCC	include/Imm.h	ms906028	/home/user/wince-docs-corpus/docs/mslearn/windows-ce-5.0/ms906024.html	ms906024	twin-match	 | LPVOID WINAPI ImmLockIMCC(HIMCC)
ImmReSizeIMCC	include/Imm.h	ms905990	/home/user/wince-docs-corpus/docs/mslearn/windows-ce-5.0/ms906028.html	ms906028	twin-match	 | HIMCC WINAPI ImmReSizeIMCC(HIMCC, DWORD)
ImmReleaseContext	include/Imm.h	ms906003	/home/user/wince-docs-corpus/docs/mslearn/windows-ce-5.0/ms906027.html	ms906027	twin-match	 | BOOL ImmReleaseContext(HWND, HIMC)
ImmSIPanelState	include/Imm.h	ms905991	/home/user/wince-docs-corpus/docs/mslearn/windows-ce-5.0/ms906038.html	ms906038	twin-match	 | BOOL ImmSIPanelState(UINT, LPVOID)
ImmSetCandidateWindow	include/Imm.h	ms905997	/home/user/wince-docs-corpus/docs/mslearn/windows-ce-5.0/ms906029.html	ms906029	twin-match	 | BOOL ImmSetCandidateWindow(HIMC, LPCANDIDATEFORM)
ImmSetCompositionFontW	include/Imm.h	ms905998			no-twin-page	
ImmSetCompositionStringW	include/Imm.h	ms906001			no-twin-page	
ImmSetCompositionWindow	include/Imm.h	ms906002	/home/user/wince-docs-corpus/docs/mslearn/windows-ce-5.0/ms906032.html	ms906032	twin-match	 | BOOL ImmSetCompositionWindow(HIMC, LPCOMPOSITIONFORM)
ImmSetConversionStatus	include/Imm.h	ms906005	/home/user/wince-docs-corpus/docs/mslearn/windows-ce-5.0/ms906033.html	ms906033	twin-match	 | BOOL ImmSetConversionStatus(HIMC, DWORD, DWORD)
ImmSetHotKey	include/Imm.h	ms906010	/home/user/wince-docs-corpus/docs/mslearn/windows-ce-5.0/ms906034.html	ms906034	twin-match	 | BOOL WINAPI ImmSetHotKey(DWORD, UINT, UINT, HKL)
ImmSetOpenStatus	include/Imm.h	ms906016	/home/user/wince-docs-corpus/docs/mslearn/windows-ce-5.0/ms906035.html	ms906035	twin-match	 | BOOL ImmSetOpenStatus(HIMC, BOOL)
ImmSetStatusWindowPos	include/Imm.h	ms906019	/home/user/wince-docs-corpus/docs/mslearn/windows-ce-5.0/ms906036.html	ms906036	twin-match	 | BOOL ImmSetStatusWindowPos(HIMC, LPPOINT)
ImmSimulateHotKey	include/Imm.h	ms906034	/home/user/wince-docs-corpus/docs/mslearn/windows-ce-5.0/ms906037.html	ms906037	twin-match	 | BOOL ImmSimulateHotKey(HWND, DWORD)
ImmUnlockIMC	include/Imm.h	ms906023	/home/user/wince-docs-corpus/docs/mslearn/windows-ce-5.0/ms906039.html	ms906039	twin-match	 | BOOL WINAPI ImmUnlockIMC(HIMC)
ImmUnlockIMCC	include/Imm.h	ms906024	/home/user/wince-docs-corpus/docs/mslearn/windows-ce-5.0/ms906040.html	ms906040	twin-match	 | BOOL WINAPI ImmUnlockIMCC(HIMCC)
ImmUnregisterWordW	include/Imm.h	ms906026			no-twin-page	
InflateRect	include/Winbase.h	ms909847	/home/user/wince-docs-corpus/docs/mslearn/windows-embedded-ce-6.0/ee501937.html	ee501937	twin-match	 | BOOL InflateRect(LPRECT, int, int)
InitCommonControls	include/Commctrl.h	ms909848	/home/user/wince-docs-corpus/docs/mslearn/windows-embedded-ce-6.0/ee501415.html	ee501415	twin-match	 | void InitCommonControls()
InsertMenuW	include/Winuser.h	aa453169			no-twin-page	
InterlockedDecrement	include/Winbase.h	ms885669	/home/user/wince-docs-corpus/docs/mslearn/windows-embedded-ce-6.0/ee488204.html	ee488204	twin-match	 | LONG InterlockedDecrement(LPLONG)
InterlockedExchange	include/Winbase.h	ms885670	/home/user/wince-docs-corpus/docs/mslearn/windows-embedded-ce-6.0/ee488427.html	ee488427	twin-match	 | LONG InterlockedExchange(LPLONG, LONG)
InterlockedIncrement	include/Winbase.h	ms885673	/home/user/wince-docs-corpus/docs/mslearn/windows-embedded-ce-6.0/ee488178.html	ee488178	twin-match	 | LONG InterlockedIncrement(LPLONG)
InterlockedTestExchange	include/Winbase.h	ms885674	/home/user/wince-docs-corpus/docs/mslearn/windows-embedded-ce-6.0/ee488428.html	ee488428	twin-diff	ret: hdr='LONG' twin='LONG WINAPI' | LONG WINAPI InterlockedTestExchange(LPLONG, LONG, LONG)
InternetConfirmZoneCrossing	include/Wininet.h	ms918350	/home/user/wince-docs-corpus/docs/mslearn/windows-embedded-ce-6.0/ee492166.html	ee492166	twin-match	 | DWORD InternetConfirmZoneCrossing(HWND, LPTSTR, LPTSTR, BOOL)
InternetGetConnectedStateEx	include/Wininet.h	ms918361	/home/user/wince-docs-corpus/docs/mslearn/windows-embedded-ce-6.0/ee491815.html	ee491815	twin-match	 | BOOL InternetGetConnectedStateEx(LPDWORD, LPTSTR, DWORD, DWORD)
IntersectClipRect	include/Wingdi.h	ms909855	/home/user/wince-docs-corpus/docs/mslearn/windows-embedded-ce-6.0/ee502890.html	ee502890	twin-match	 | int IntersectClipRect(HDC, int, int, int, int)
IntersectRect	include/Winuser.h	ms909856	/home/user/wince-docs-corpus/docs/mslearn/windows-embedded-ce-6.0/ee500197.html	ee500197	twin-match	 | BOOL IntersectRect(LPRECT, const RECT*, const RECT*)
InvalidateRect	include/Winuser.h	ms909857	/home/user/wince-docs-corpus/docs/mslearn/windows-embedded-ce-6.0/ee505051.html	ee505051	twin-match	 | BOOL InvalidateRect(HWND, const RECT*, BOOL)
IpReleaseAddress	include/Iphlpapi.h	aa450426	/home/user/wince-docs-corpus/docs/mslearn/windows-embedded-ce-6.0/ee494303.html	ee494303	twin-match	 | DWORD IpReleaseAddress(PIP_ADAPTER_INDEX_MAP)
IpRenewAddress	include/Iphlpapi.h	aa450427	/home/user/wince-docs-corpus/docs/mslearn/windows-embedded-ce-6.0/ee493830.html	ee493830	twin-match	 | DWORD IpRenewAddress(PIP_ADAPTER_INDEX_MAP)
IsBadReadPtr	include/Winbase.h	ms885688	/home/user/wince-docs-corpus/docs/mslearn/windows-embedded-ce-6.0/ee488585.html	ee488585	twin-match	 | BOOL IsBadReadPtr(const void*, UINT)
IsBadWritePtr	include/Winbase.h	ms885689	/home/user/wince-docs-corpus/docs/mslearn/windows-embedded-ce-6.0/ee488361.html	ee488361	twin-match	 | BOOL IsBadWritePtr(LPVOID, UINT)
IsCharAlphaNumericW	include/Winbase.h	ms885690			no-twin-page	
IsCharLowerW	include/Winbase.h	ms885691			no-twin-page	
IsCharUpperW	include/Winbase.h	ms885692			no-twin-page	
IsClipboardFormatAvailable	include/Winuser.h	aa453154	/home/user/wince-docs-corpus/docs/mslearn/windows-embedded-ce-6.0/ee501144.html	ee501144	twin-match	 | BOOL IsClipboardFormatAvailable(UINT)
IsConvertINetStringAvailable	include/Mlang.h	ms918805	/home/user/wince-docs-corpus/docs/mslearn/windows-ce-net-4x/ms902813.html	ms902813	twin-diff	ret: hdr='HRESULT WINAPI' twin='HRESULT' | HRESULT IsConvertINetStringAvailable(DWORD, DWORD)
IsDialogMessageW	include/Winuser.h	aa453146			no-twin-page	
IsRectEmpty	include/Winuser.h	ms909894	/home/user/wince-docs-corpus/docs/mslearn/windows-embedded-ce-6.0/ee506063.html	ee506063	twin-match	 | BOOL IsRectEmpty(const RECT*)
IsValidLocale	include/Winnls.h	ms906219	/home/user/wince-docs-corpus/docs/mslearn/windows-ce-net-4x/ms921460.html	ms921460	twin-match	 | BOOL IsValidLocale(LCID, DWORD)
IsWindowEnabled	include/Winuser.h	aa453035	/home/user/wince-docs-corpus/docs/mslearn/windows-embedded-ce-6.0/ee505428.html	ee505428	twin-match	 | BOOL IsWindowEnabled(HWND)
LcidToRfc1766	include/Mlang.h	ms918817	/home/user/wince-docs-corpus/docs/mslearn/windows-ce-net-4x/ms902831.html	ms902831	twin-diff	ret: hdr='HRESULT WINAPI' twin='HRESULT' | HRESULT LcidToRfc1766(LCID, LPTSTR, int)
LdapGetLastError	include/Winldap.h	ms892298	/home/user/wince-docs-corpus/docs/mslearn/windows-ce-5.0/ms892267.html	ms892267	twin-match	 | ULONG LdapGetLastError()
LdapMapErrorToWin32	include/Winldap.h	ms892267	/home/user/wince-docs-corpus/docs/mslearn/windows-ce-5.0/ms892276.html	ms892276	twin-match	 | ULONG LdapMapErrorToWin32(ULONG)
LdapUTF8ToUnicode	include/Winldap.h	ms892319	/home/user/wince-docs-corpus/docs/mslearn/windows-ce-5.0/ms892320.html	ms892320	twin-match	 | int LdapUTF8ToUnicode(LPCSTR, int, LPWSTR, int)
LoadAcceleratorsW	include/Winuser.h	ms908162			no-twin-page	
LoadBitmapW	include/Winuser.h	aa453409			no-twin-page	
LoadCursorW	include/Winuser.h	aa453730			no-twin-page	
LoadIconW	include/Winuser.h	ms929247			no-twin-page	
LoadImageW	include/Winuser.h	aa453411			no-twin-page	
LoadLibraryW	include/Winbase.h	ms886736			no-twin-page	
LoadMenuW	include/Winuser.h	ms909853			no-twin-page	
LoadStringW	include/Winbase.h	ms886738			no-twin-page	
LocalAlloc	include/Winbase.h	ms886742	/home/user/wince-docs-corpus/docs/mslearn/windows-embedded-ce-6.0/ee487963.html	ee487963	twin-match	 | HLOCAL LocalAlloc(UINT, UINT)
LocalFileTimeToFileTime	include/Winbase.h	ms886740	/home/user/wince-docs-corpus/docs/mslearn/windows-embedded-ce-6.0/ee487989.html	ee487989	twin-match	 | BOOL LocalFileTimeToFileTime(const FILETIME*, LPFILETIME)
LocalFree	include/Winbase.h	ms886741	/home/user/wince-docs-corpus/docs/mslearn/windows-embedded-ce-6.0/ee488030.html	ee488030	twin-match	 | HLOCAL LocalFree(HLOCAL)
LocalReAlloc	include/Winbase.h	ms886742	/home/user/wince-docs-corpus/docs/mslearn/windows-embedded-ce-6.0/ee488426.html	ee488426	twin-match	 | HLOCAL LocalReAlloc(HLOCAL, UINT, UINT)
LocalSize	include/Winbase.h	ms886743	/home/user/wince-docs-corpus/docs/mslearn/windows-embedded-ce-6.0/ee488019.html	ee488019	twin-match	 | UINT LocalSize(HLOCAL)
LockResource	include/Winbase.h	aa453416	/home/user/wince-docs-corpus/docs/mslearn/windows-ce-5.0/aa453417.html	aa453417	twin-match	 | LPVOID LockResource(HGLOBAL)
MDDAllocMem	include/oak/Rndismini.h	ms902181	/home/user/wince-docs-corpus/docs/mslearn/windows-ce-5.0/ms902179.html	ms902179	twin-match	 | PBYTE MDDAllocMem()
MapDialogRect	include/Winuser.h	ms909864	/home/user/wince-docs-corpus/docs/mslearn/windows-ce-5.0/ms911788.html	ms911788	twin-match	 | BOOL MapDialogRect(HWND, LPRECT)
MapVirtualKeyW	include/Winuser.h	ms911789			no-twin-page	
MapWindowPoints	include/Winuser.h	ms911790	/home/user/wince-docs-corpus/docs/mslearn/windows-embedded-ce-6.0/ee501159.html	ee501159	twin-match	 | int MapWindowPoints(HWND, HWND, LPPOINT, UINT)
MapWindowPoints	include/Winuser.h	ms911790	/home/user/wince-docs-corpus/docs/mslearn/windows-embedded-ce-6.0/ee501159.html	ee501159	twin-match	 | int MapWindowPoints(HWND, HWND, LPPOINT, UINT)
MaskBlt	include/Wingdi.h	ms911792	/home/user/wince-docs-corpus/docs/mslearn/windows-embedded-ce-6.0/ee505239.html	ee505239	twin-match	 | BOOL MaskBlt(HDC, int, int, int, int, HDC, int, int, HBITMAP, int, int, DWORD)
MessageBeep	include/Winbase.h	ms911826	/home/user/wince-docs-corpus/docs/mslearn/windows-embedded-ce-6.0/ee506099.html	ee506099	twin-match	 | BOOL MessageBeep(UINT)
MessageBoxW	include/Windows.h	ms911827			no-twin-page	
Module32Next	include/Tlhelp32.h	ms886754	/home/user/wince-docs-corpus/docs/mslearn/windows-ce-5.0/ms886755.html	ms886755	twin-diff	ret: hdr='BOOL' twin='BOOL WINAPI' | BOOL WINAPI Module32Next(HANDLE, LPMODULEENTRY32)
MonitorFromPoint	include/Wingdi.h	ms932091	/home/user/wince-docs-corpus/docs/mslearn/windows-ce-5.0/ms932198(v=msdn.10).html	ms932198	twin-match	 | HMONITOR MonitorFromPoint(POINT, DWORD)
MonitorFromRect	include/Wingdi.h	ms932091	/home/user/wince-docs-corpus/docs/mslearn/windows-ce-5.0/ms932208(v=msdn.10).html	ms932208	twin-match	 | HMONITOR MonitorFromRect(LPCRECT, DWORD)
MonitorFromWindow	include/Wingdi.h	ms932091	/home/user/wince-docs-corpus/docs/mslearn/windows-ce-5.0/ms932212(v=msdn.10).html	ms932212	twin-match	 | HMONITOR MonitorFromWindow(HWND, DWORD)
MoveFileW	include/Winbase.h	ms891388			no-twin-page	
MsgWaitForMultipleObjectsEx	include/Winbase.h	ms931460	/home/user/wince-docs-corpus/docs/mslearn/windows-ce-5.0/ms931461.html	ms931461	twin-match	 | DWORD MsgWaitForMultipleObjectsEx(DWORD, LPHANDLE, DWORD, DWORD, DWORD)
NSPLookupServiceNext	include/Ws2spi.h	ms895756	/home/user/wince-docs-corpus/docs/mslearn/windows-ce-5.0/ms895756(v=msdn.10).html		no-print-in-twin	
NSPRemoveServiceClass	include/Ws2spi.h	ms895756	/home/user/wince-docs-corpus/docs/mslearn/windows-ce-5.0/ms895758(v=msdn.10).html	ms895758	twin-match	 | int NSPRemoveServiceClass(LPGUID, LPGUID)
NSPSetService	include/Ws2spi.h	ms895756	/home/user/wince-docs-corpus/docs/mslearn/windows-ce-5.0/ms895766(v=msdn.10).html	ms895766	twin-match	 | int NSPSetService(LPGUID, LPWSASERVICECLASSINFOW, LPWSAQUERYSETW, WSAESETSERVICEOP, DWORD)
NdisCreateLookaheadBufferFromSharedMemory	include/oak/Ndis.h	aa447932	/home/user/wince-docs-corpus/docs/mslearn/windows-ce-5.0/aa447932.html		no-print-in-twin	
NdisDprAcquireSpinLock	include/oak/Ndis.h	aa447937	/home/user/wince-docs-corpus/docs/mslearn/windows-ce-net-4x/ms921046.html	ms921046	twin-match	 | VOID NdisDprAcquireSpinLock(PNDIS_SPIN_LOCK)
NdisDprReleaseSpinLock	include/oak/Ndis.h	aa447942	/home/user/wince-docs-corpus/docs/mslearn/windows-ce-net-4x/ms921052.html	ms921052	twin-match	 | VOID NdisDprReleaseSpinLock(PNDIS_SPIN_LOCK)
NdisEqualString	include/oak/Ndis.h	aa447946	/home/user/wince-docs-corpus/docs/mslearn/windows-ce-net-4x/ms921055.html	ms921055	twin-match	 | BOOLEAN NdisEqualString(PNDIS_STRING, PNDIS_STRING, BOOLEAN)
NdisFreeMemory	include/oak/Ndis.h	aa447954	/home/user/wince-docs-corpus/docs/mslearn/windows-ce-net-4x/ms921061.html	ms921061	twin-match	 | VOID NdisFreeMemory(PVOID, UINT, UINT)
NdisFreeSpinLock	include/oak/Ndis.h	aa447958	/home/user/wince-docs-corpus/docs/chm/windows-ce-3.0/_wcesdk_NdisFreeSpinLock.html		no-print-in-twin	
NdisGetFirstBufferFromPacket	include/oak/Ndis.h	aa447966	/home/user/wince-docs-corpus/docs/mslearn/windows-ce-net-4x/ms921070.html	ms921070	twin-match	 | VOID NdisGetFirstBufferFromPacket(PNDIS_PACKET, PNDIS_BUFFER*, PVOID*, PUINT, PUINT)
NdisIMRevertBack	include/oak/Ndis.h	aa448318	/home/user/wince-docs-corpus/docs/chm/windows-ce-3.0/_wcesdk_NdisIMRevertBack.html		no-print-in-twin	
NdisInitAnsiString	include/oak/Ndis.h	aa448002	/home/user/wince-docs-corpus/docs/mslearn/windows-ce-net-4x/ms921091.html	ms921091	twin-match	 | VOID NdisInitAnsiString(PNDIS_ANSI_STRING, PCSTR)
NdisInitUnicodeString	include/oak/Ndis.h	aa448010	/home/user/wince-docs-corpus/docs/mslearn/windows-ce-net-4x/ms921098.html	ms921098	twin-match	 | VOID NdisInitUnicodeString(PNDIS_STRING, PCWSTR)
NdisInitializeString	include/oak/Ndis.h	aa448007	/home/user/wince-docs-corpus/docs/mslearn/windows-ce-net-4x/ms921095.html	ms921095	twin-match	 | VOID NdisInitializeString(PNDIS_STRING, PUCHAR)
NdisMIndicateReceivePacket	include/oak/Ndis.h	aa448038	/home/user/wince-docs-corpus/docs/mslearn/windows-ce-net-4x/ms921126.html	ms921126	twin-match	 | VOID NdisMIndicateReceivePacket(NDIS_HANDLE, PPNDIS_PACKET, UINT)
NdisMSleep	include/oak/Ndis.h	ms904064	/home/user/wince-docs-corpus/docs/mslearn/windows-embedded-ce-6.0/ee481464.html	ee481464	twin-match	 | VOID NdisMSleep(ULONG)
NdisMoveMemory	include/oak/Ndis.h	ms904040	/home/user/wince-docs-corpus/docs/mslearn/windows-ce-net-4x/ms921134.html	ms921134	twin-match	 | VOID NdisMoveMemory(PVOID, PVOID, ULONG)
NdisMoveToMappedMemory	include/oak/Ndis.h	ms904041	/home/user/wince-docs-corpus/docs/mslearn/windows-ce-net-4x/ms921135.html	ms921135	twin-match	 | VOID NdisMoveToMappedMemory(PVOID, PVOID, ULONG)
NdisOpenConfiguration	include/oak/Ndis.h	ms904079	/home/user/wince-docs-corpus/docs/mslearn/windows-embedded-ce-6.0/ee483022.html	ee483022	twin-match	 | VOID NdisOpenConfiguration(PNDIS_STATUS, PNDIS_HANDLE, NDIS_HANDLE)
NdisOpenProtocolConfiguration	include/oak/Ndis.h	ms904083	/home/user/wince-docs-corpus/docs/mslearn/windows-embedded-ce-6.0/ee486292.html	ee486292	twin-match	 | VOID NdisOpenProtocolConfiguration(PNDIS_STATUS, PNDIS_HANDLE, PNDIS_STRING)
NdisQueryBuffer	include/oak/Ndis.h	ms904101	/home/user/wince-docs-corpus/docs/mslearn/windows-embedded-ce-6.0/ee485061.html	ee485061	twin-match	 | VOID NdisQueryBuffer(PNDIS_BUFFER, PVOID*, PUINT)
NdisReadNetworkAddress	include/oak/Ndis.h	ms904121	/home/user/wince-docs-corpus/docs/mslearn/windows-embedded-ce-6.0/ee486110.html	ee486110	twin-match	 | VOID NdisReadNetworkAddress(PNDIS_STATUS, PVOID*, PUINT, NDIS_HANDLE)
NdisReadPortUshort	include/oak/Ndis.h	ms904126	/home/user/wince-docs-corpus/docs/mslearn/windows-embedded-ce-6.0/ee486084.html	ee486084	twin-match	 | VOID NdisReadPortUshort(NDIS_HANDLE, ULONG, PUSHORT)
NdisRegisterProtocol	include/oak/Ndis.h	ms904134	/home/user/wince-docs-corpus/docs/mslearn/windows-embedded-ce-6.0/ee484055.html	ee484055	twin-match	 | VOID NdisRegisterProtocol(PNDIS_STATUS, PNDIS_HANDLE, PNDIS_PROTOCOL_CHARACTERISTICS, UINT)
NdisTerminateWrapper	include/oak/Ndis.h	ms905028	/home/user/wince-docs-corpus/docs/mslearn/windows-embedded-ce-6.0/ee482637.html	ee482637	twin-match	 | VOID NdisTerminateWrapper(NDIS_HANDLE, PVOID)
NdisWriteErrorLogEntry	include/oak/Ndis.h	ms905056	/home/user/wince-docs-corpus/docs/mslearn/windows-embedded-ce-6.0/ee486975.html	ee486975	twin-diff	argc: hdr=3 twin=4 | VOID NdisWriteErrorLogEntry(NDIS_HANDLE, NDIS_ERROR_CODE, ULONG, ULONG)
NdisZeroMemory	include/oak/Ndis.h	ms905279	/home/user/wince-docs-corpus/docs/mslearn/windows-embedded-ce-6.0/ee482714.html	ee482714	twin-match	 | VOID NdisZeroMemory(PVOID, ULONG)
OffsetRect	include/Winuser.h	ms911891	/home/user/wince-docs-corpus/docs/mslearn/windows-embedded-ce-6.0/ee504901.html	ee504901	twin-match	 | BOOL OffsetRect(LPRECT, int, int)
OffsetRgn	include/Wingdi.h	ms911892	/home/user/wince-docs-corpus/docs/mslearn/windows-embedded-ce-6.0/ee501910.html	ee501910	twin-match	 | int OffsetRgn(HRGN, int, int)
OffsetViewportOrgEx	include/Wingdi.h	aa453953	/home/user/wince-docs-corpus/docs/mslearn/windows-ce-5.0/aa453953.html		no-print-in-twin	
OleDraw	include/Oleauto.h	ms892591	/home/user/wince-docs-corpus/docs/chm/windows-ce-3.0/_wcesdk_COM_OleDraw.html		no-print-in-twin	
OleIsRunning	include/Oleauto.h	ms892593	/home/user/wince-docs-corpus/docs/mslearn/windows-embedded-ce-6.0/ee489723.html	ee489723	twin-match	 | BOOL OleIsRunning(LPOLEOBJECT)
OleRun	include/Oleauto.h	ms892596	/home/user/wince-docs-corpus/docs/mslearn/windows-embedded-ce-6.0/ee487733.html	ee487733	twin-diff	ret: hdr='HRESULT' twin='WINOLEAPI' | WINOLEAPI OleRun(LPUNKNOWN)
OleSetContainedObject	include/Oleauto.h	ms892599	/home/user/wince-docs-corpus/docs/mslearn/windows-embedded-ce-6.0/ee488740.html	ee488740	twin-diff	ret: hdr='HRESULT' twin='WINOLEAPI' | WINOLEAPI OleSetContainedObject(LPUNKNOWN, BOOL)
OpenClipboard	include/Winuser.h	ms909863	/home/user/wince-docs-corpus/docs/mslearn/windows-embedded-ce-6.0/ee503328.html	ee503328	twin-match	 | BOOL OpenClipboard(HWND)
OpenEventW	include/Winbase.h	ms886764			no-twin-page	
PatBlt	include/Wingdi.h	ms911916	/home/user/wince-docs-corpus/docs/mslearn/windows-embedded-ce-6.0/ee503352.html	ee503352	twin-match	 | BOOL PatBlt(HDC, int, int, int, int, DWORD)
PlaySoundW	include/Mmsystem.h	ms932262			no-twin-page	
Polygon	include/Wingdi.h	ms911933	/home/user/wince-docs-corpus/docs/mslearn/windows-embedded-ce-6.0/ee505249.html	ee505249	twin-match	 | BOOL Polygon(HDC, const POINT*, int)
Polyline	include/Wingdi.h	ms911934	/home/user/wince-docs-corpus/docs/mslearn/windows-embedded-ce-6.0/ee501424.html	ee501424	twin-match	 | BOOL Polyline(HDC, const POINT*, int)
PostMessageW	include/Winuser.h	ms911937			no-twin-page	
PostQuitMessage	include/Winuser.h	ms911938	/home/user/wince-docs-corpus/docs/mslearn/windows-embedded-ce-6.0/ee504315.html	ee504315	twin-match	 | void PostQuitMessage(int)
Process32Next	include/Tlhelp32.h	ms886772	/home/user/wince-docs-corpus/docs/mslearn/windows-ce-5.0/ms886773.html	ms886773	twin-diff	ret: hdr='BOOL' twin='BOOL WINAPI' | BOOL WINAPI Process32Next(HANDLE, LPPROCESSENTRY32)
PtInRect	include/Winuser.h	aa453601	/home/user/wince-docs-corpus/docs/mslearn/windows-embedded-ce-6.0/ee505698.html	ee505698	twin-match	 | BOOL PtInRect(const RECT*, POINT)
PtInRegion	include/Wingdi.h	aa453602	/home/user/wince-docs-corpus/docs/mslearn/windows-embedded-ce-6.0/ee503452.html	ee503452	twin-match	 | BOOL PtInRegion(HRGN, int, int)
PulseEvent	include/Winbase.h	ms886784	/home/user/wince-docs-corpus/docs/mslearn/windows-embedded-ce-6.0/ee488021.html	ee488021	twin-match	 | BOOL PulseEvent(HANDLE)
ReadFile	include/Winbase.h	ms891445	/home/user/wince-docs-corpus/docs/mslearn/windows-embedded-ce-6.0/ee489594.html	ee489594	twin-match	 | BOOL ReadFile(HANDLE, LPVOID, DWORD, LPDWORD, LPOVERLAPPED)
ReadProcessMemory	include/Winbase.h	ms885642	/home/user/wince-docs-corpus/docs/mslearn/windows-ce-5.0/ms886794.html	ms886794	twin-match	 | BOOL ReadProcessMemory(HANDLE, LPCVOID, LPVOID, DWORD, LPDWORD)
RectInRegion	include/Wingdi.h	ms913051	/home/user/wince-docs-corpus/docs/mslearn/windows-embedded-ce-6.0/ee505688.html	ee505688	twin-match	 | BOOL RectInRegion(HRGN, const RECT*)
Rectangle	include/Wingdi.h	ms912947	/home/user/wince-docs-corpus/docs/mslearn/windows-embedded-ce-6.0/ee505883.html	ee505883	twin-match	 | BOOL Rectangle(HDC, int, int, int, int)
RegCloseKeyW	include/Winreg.h	ms891448			no-twin-page	
RegCreateKeyExW	include/Winreg.h	ms891450			no-twin-page	
RegDeleteKeyW	include/Winreg.h	ms891451			no-twin-page	
RegDeleteValueW	include/Winreg.h	ms891452			no-twin-page	
RegEnumKeyExW	include/Winreg.h	ms891453			no-twin-page	
RegEnumValueW	include/Winreg.h	ms891454			no-twin-page	
RegOpenKeyExW	include/Winreg.h	ms891460			no-twin-page	
RegQueryInfoKeyW	include/Winreg.h	ms891461			no-twin-page	
RegQueryValueExW	include/Winreg.h	ms891462			no-twin-page	
RegSetValueExW	include/Winreg.h	ms891469			no-twin-page	
RegisterBindStatusCallback	include/Urlmon.h	ms918844	/home/user/wince-docs-corpus/docs/mslearn/windows-ce-net-4x/ms928913.html	ms928913	twin-diff	ret: hdr='HRESULT WINAPI' twin='HRESULT' | HRESULT RegisterBindStatusCallback(IBindCtx*, IBindStatusCallback*, IBindStatusCallback**, DWORD)
RegisterClipboardFormatW	include/Winuser.h	ms911905			no-twin-page	
RegisterFormatEnumerator	include/Urlmon.h	ms918845	/home/user/wince-docs-corpus/docs/mslearn/windows-ce-net-4x/ms928914.html	ms928914	twin-diff	ret: hdr='HRESULT WINAPI' twin='HRESULT' | HRESULT RegisterFormatEnumerator(LPBC, IEnumFORMATETC*, DWORD)
ReleaseCapture	include/Winuser.h	ms940011	/home/user/wince-docs-corpus/docs/mslearn/windows-ce-net-4x/ms924857.html	ms924857	twin-match	 | BOOL ReleaseCapture()
ReleaseDC	include/Winuser.h	ms939760	/home/user/wince-docs-corpus/docs/mslearn/windows-embedded-ce-6.0/ee500245.html	ee500245	twin-match	 | int ReleaseDC(HWND, HDC)
RemoveDirectoryW	include/Winbase.h	ms891470			no-twin-page	
RemoveFontResourceW	include/Wingdi.h	ms901142			no-twin-page	
RemoveMenu	include/Winuser.h	aa453415	/home/user/wince-docs-corpus/docs/mslearn/windows-embedded-ce-6.0/ee503476.html	ee503476	twin-match	 | BOOL RemoveMenu(HMENU, UINT, UINT)
RemovePropW	include/Windows.h	aa453155			no-twin-page	
ResetEvent	include/Winbase.h	ms886800	/home/user/wince-docs-corpus/docs/mslearn/windows-embedded-ce-6.0/ee487974.html	ee487974	twin-match	 | BOOL ResetEvent(HANDLE)
ResumeThread	include/Winbase.h	ms886801	/home/user/wince-docs-corpus/docs/mslearn/windows-embedded-ce-6.0/ee488648.html	ee488648	twin-match	 | DWORD ResumeThread(HANDLE)
RetrieveUrlCacheEntryFile	include/Wininet.h	ms918849	/home/user/wince-docs-corpus/docs/mslearn/windows-embedded-ce-6.0/ee492063.html	ee492063	twin-match	 | BOOL RetrieveUrlCacheEntryFile(LPCTSTR, LPINTERNET_CACHE_ENTRY_INFO, LPDWORD, DWORD)
Rfc1766ToLcid	include/Mlang.h	ms918853	/home/user/wince-docs-corpus/docs/mslearn/windows-ce-net-4x/ms902889.html	ms902889	twin-diff	ret: hdr='HRESULT WINAPI' twin='HRESULT' | HRESULT Rfc1766ToLcid(LCID*, LPTSTR)
RoundRect	include/Wingdi.h	ms939867	/home/user/wince-docs-corpus/docs/mslearn/windows-embedded-ce-6.0/ee500905.html	ee500905	twin-match	 | BOOL RoundRect(HDC, int, int, int, int, int, int)
SCardListCards	include/Winscard.h	ms926418	/home/user/wince-docs-corpus/docs/mslearn/windows-ce-5.0/ms926419.html	ms926419	twin-match	 | LONG SCardListCards(SCARDCONTEXT, LPCBYTE, LPCGUID, DWORD, LPTSTR, LPDWORD)
SCardListInterfaces	include/Winscard.h	ms926418	/home/user/wince-docs-corpus/docs/mslearn/windows-ce-5.0/ms926420.html	ms926420	twin-match	 | LONG SCardListInterfaces(SCARDCONTEXT, LPCTSTR, LPGUID, LPDWORD)
SCardListReaders	include/Winscard.h	ms926418	/home/user/wince-docs-corpus/docs/mslearn/windows-ce-5.0/ms926422.html	ms926422	twin-match	 | LONG SCardListReaders(SCARDCONTEXT, LPCTSTR, LPTSTR, LPDWORD)
SCardLocateCardsByATR	include/Winscard.h	ms926424	/home/user/wince-docs-corpus/docs/mslearn/windows-ce-5.0/ms926424.html		no-print-in-twin	
SCardReconnect	include/Winscard.h	ms926424	/home/user/wince-docs-corpus/docs/mslearn/windows-ce-5.0/ms926426.html	ms926426	twin-match	 | LONG SCardReconnect(SCARDHANDLE, DWORD, DWORD, DWORD, LPDWORD)
SCardReleaseContext	include/Winscard.h	ms926424	/home/user/wince-docs-corpus/docs/mslearn/windows-ce-5.0/ms926427.html	ms926427	twin-match	 | LONG SCardReleaseContext(SCARDCONTEXT)
SCardSetAttrib	include/Winscard.h	ms926424	/home/user/wince-docs-corpus/docs/mslearn/windows-ce-5.0/ms926428.html	ms926428	twin-match	 | LONG SCardSetAttrib(SCARDHANDLE, DWORD, LPCBYTE, DWORD)
SHCreateShortcut	include/Shellapi.h	aa453680	/home/user/wince-docs-corpus/docs/mslearn/windows-embedded-ce-6.0/ee506084.html	ee506084	twin-match	 | DWORD WINAPI SHCreateShortcut(LPTSTR, LPTSTR)
SHGetShortcutTarget	include/Shellapi.h	aa453705	/home/user/wince-docs-corpus/docs/mslearn/windows-embedded-ce-6.0/ee505315.html	ee505315	twin-match	 | BOOL SHGetShortcutTarget(LPTSTR, LPTSTR, int)
SHLoadDIBitmap	include/Shellapi.h	aa453720	/home/user/wince-docs-corpus/docs/mslearn/windows-embedded-ce-6.0/ee505632.html	ee505632	twin-match	 | HBITMAP SHLoadDIBitmap(LPCTSTR)
SHShowOutOfMemory	include/Shellapi.h	aa453739	/home/user/wince-docs-corpus/docs/mslearn/windows-embedded-ce-6.0/ee499745.html	ee499745	twin-match	 | int SHShowOutOfMemory(HWND, UINT)
ScreenToClient	include/Winuser.h	ms932582	/home/user/wince-docs-corpus/docs/mslearn/windows-embedded-ce-6.0/ee503589.html	ee503589	twin-match	 | BOOL ScreenToClient(HWND, LPPOINT)
ScrollDC	include/Windows.h	ms932696	/home/user/wince-docs-corpus/docs/mslearn/windows-embedded-ce-6.0/ee499718.html	ee499718	twin-match	 | BOOL ScrollDC(HDC, int, int, const RECT*, const RECT*, HRGN, LPRECT)
ScrollWindowEx	include/Winuser.h	aa453654	/home/user/wince-docs-corpus/docs/mslearn/windows-embedded-ce-6.0/ee500480.html	ee500480	twin-diff	arg4: hdr='const RECT***' twin='const RECT*' | int ScrollWindowEx(HWND, int, int, const RECT*, const RECT*, HRGN, LPRECT, UINT)
SecureZeroMemory	include/Winnt.h	ms886803	/home/user/wince-docs-corpus/docs/mslearn/windows-embedded-ce-6.0/ee488421.html	ee488421	twin-match	 | PVOID SecureZeroMemory(PVOID, SIZE_T)
SelectClipRgn	include/Wingdi.h	ms932714	/home/user/wince-docs-corpus/docs/mslearn/windows-embedded-ce-6.0/ee502828.html	ee502828	twin-match	 | int SelectClipRgn(HDC, HRGN)
SelectObject	include/Wingdi.h	ms932715	/home/user/wince-docs-corpus/docs/mslearn/windows-embedded-ce-6.0/ee506271.html	ee506271	twin-match	 | HGDIOBJ SelectObject(HDC, HGDIOBJ)
SendDlgItemMessageW	include/Winuser.h	ms911788			no-twin-page	
SetAbortProc	include/Wingdi.h	aa453040	/home/user/wince-docs-corpus/docs/mslearn/windows-ce-5.0/ms939985.html	ms939985	twin-match	 | int SetAbortProc(HDC, ABORTPROC)
SetActiveWindow	include/Winuser.h	ms929203	/home/user/wince-docs-corpus/docs/mslearn/windows-embedded-ce-6.0/ee504615.html	ee504615	twin-match	 | HWND SetActiveWindow(HWND)
SetBkColor	include/Wingdi.h	ms939988	/home/user/wince-docs-corpus/docs/mslearn/windows-embedded-ce-6.0/ee506089.html	ee506089	twin-match	 | COLORREF SetBkColor(HDC, COLORREF)
SetBkMode	include/Wingdi.h	ms939989	/home/user/wince-docs-corpus/docs/mslearn/windows-embedded-ce-6.0/ee499678.html	ee499678	twin-match	 | int SetBkMode(HDC, int)
SetBrushOrgEx	include/Wingdi.h	ms940010	/home/user/wince-docs-corpus/docs/mslearn/windows-embedded-ce-6.0/ee505889.html	ee505889	twin-match	 | BOOL SetBrushOrgEx(HDC, int, int, LPPOINT)
SetCapture	include/Winuser.h	aa452971	/home/user/wince-docs-corpus/docs/mslearn/windows-ce-net-4x/ms924858.html	ms924858	twin-match	 | HWND SetCapture(HWND)
SetCaretBlinkTime	include/Winuser.h	ms929930	/home/user/wince-docs-corpus/docs/mslearn/windows-embedded-ce-6.0/ee505058.html	ee505058	twin-match	 | BOOL SetCaretBlinkTime(UINT)
SetCaretPos	include/Winuser.h	ms940012	/home/user/wince-docs-corpus/docs/mslearn/windows-embedded-ce-6.0/ee502546.html	ee502546	twin-match	 | BOOL SetCaretPos(int, int)
SetClipboardData	include/Winuser.h	ms913094	/home/user/wince-docs-corpus/docs/mslearn/windows-embedded-ce-6.0/ee504536.html	ee504536	twin-match	 | HANDLE SetClipboardData(UINT, HANDLE)
SetCommBreak	include/Winbase.h	ms886804	/home/user/wince-docs-corpus/docs/mslearn/windows-embedded-ce-6.0/ee488578.html	ee488578	twin-match	 | BOOL SetCommBreak(HANDLE)
SetCommMask	include/Winbase.h	ms886805	/home/user/wince-docs-corpus/docs/mslearn/windows-embedded-ce-6.0/ee488916.html	ee488916	twin-match	 | BOOL SetCommMask(HANDLE, DWORD)
SetCommState	include/Winbase.h	ms886806	/home/user/wince-docs-corpus/docs/mslearn/windows-embedded-ce-6.0/ee487991.html	ee487991	twin-match	 | BOOL SetCommState(HANDLE, LPDCB)
SetCommTimeouts	include/Winbase.h	ms886807	/home/user/wince-docs-corpus/docs/mslearn/windows-embedded-ce-6.0/ee488388.html	ee488388	twin-match	 | BOOL SetCommTimeouts(HANDLE, LPCOMMTIMEOUTS)
SetCursor	include/Winuser.h	ms929226	/home/user/wince-docs-corpus/docs/mslearn/windows-ce-net-4x/ms924859.html	ms924859	twin-match	 | HCURSOR SetCursor(HCURSOR)
SetDlgItemTextW	include/Winuser.h	ms940020			no-twin-page	
SetEndOfFile	include/Winbase.h	ms891916	/home/user/wince-docs-corpus/docs/mslearn/windows-embedded-ce-6.0/ee490369.html	ee490369	twin-match	 | BOOL SetEndOfFile(HANDLE)
SetEvent	include/Winbase.h	ms886810	/home/user/wince-docs-corpus/docs/mslearn/windows-embedded-ce-6.0/ee488785.html	ee488785	twin-match	 | BOOL SetEvent(HANDLE)
SetFileAttributesW	include/Winbase.h	ms891925			no-twin-page	
SetFilePointer	include/Winbase.h	ms891933	/home/user/wince-docs-corpus/docs/mslearn/windows-embedded-ce-6.0/ee490790.html	ee490790	twin-match	 | DWORD SetFilePointer(HANDLE, LONG, PLONG, DWORD)
SetFileTime	include/Winbase.h	ms886812	/home/user/wince-docs-corpus/docs/mslearn/windows-embedded-ce-6.0/ee488233.html	ee488233	twin-match	 | BOOL SetFileTime(HANDLE, const FILETIME*, const FILETIME*, const FILETIME*)
SetFocus	include/Winuser.h	ms929240	/home/user/wince-docs-corpus/docs/mslearn/windows-embedded-ce-6.0/ee501059.html	ee501059	twin-match	 | HWND SetFocus(HWND)
SetIpForwardEntry	include/Iphlpapi.h	aa450922	/home/user/wince-docs-corpus/docs/mslearn/windows-embedded-ce-6.0/ee494909.html	ee494909	twin-match	 | DWORD SetIpForwardEntry(PMIB_IPFORWARDROW)
SetIpNetEntry	include/Iphlpapi.h	aa450924	/home/user/wince-docs-corpus/docs/mslearn/windows-embedded-ce-6.0/ee493663.html	ee493663	twin-match	 | DWORD SetIpNetEntry(PMIB_IPNETROW)
SetIpStatistics	include/Iphlpapi.h	aa450929	/home/user/wince-docs-corpus/docs/mslearn/windows-embedded-ce-6.0/ee494885.html	ee494885	twin-match	 | DWORD SetIpStatistics(PMIB_IPSTATS)
SetIpTTL	include/Iphlpapi.h	aa450931	/home/user/wince-docs-corpus/docs/mslearn/windows-embedded-ce-6.0/ee494316.html	ee494316	twin-match	 | DWORD SetIpTTL(UINT)
SetLastError	include/Winbase.h	ms886817	/home/user/wince-docs-corpus/docs/mslearn/windows-embedded-ce-6.0/ee487957.html	ee487957	twin-diff	ret: hdr='VOID' twin='void' | void SetLastError(DWORD)
SetLocalTime	include/Winbase.h	ms886818	/home/user/wince-docs-corpus/docs/mslearn/windows-embedded-ce-6.0/ee488183.html	ee488183	twin-match	 | BOOL SetLocalTime(const SYSTEMTIME*)
SetMenuItemInfoW	include/Winuser.h	ms939775			no-twin-page	
SetPixel	include/Wingdi.h	aa453646	/home/user/wince-docs-corpus/docs/mslearn/windows-embedded-ce-6.0/ee503104.html	ee503104	twin-match	 | COLORREF SetPixel(HDC, int, int, COLORREF)
SetRect	include/Winbase.h	aa453648	/home/user/wince-docs-corpus/docs/mslearn/windows-embedded-ce-6.0/ee502266.html	ee502266	twin-match	 | BOOL SetRect(LPRECT, int, int, int, int)
SetRectEmpty	include/Winuser.h	aa453649	/home/user/wince-docs-corpus/docs/mslearn/windows-embedded-ce-6.0/ee504846.html	ee504846	twin-match	 | BOOL SetRectEmpty(LPRECT)
SetScrollInfo	include/Winuser.h	aa453163	/home/user/wince-docs-corpus/docs/mslearn/windows-embedded-ce-6.0/ee503641.html	ee503641	twin-diff	arg4: hdr='BOOL**' twin='BOOL' | int SetScrollInfo(HWND, int, LPSCROLLINFO, BOOL)
SetScrollPos	include/Winuser.h	aa453652	/home/user/wince-docs-corpus/docs/mslearn/windows-embedded-ce-6.0/ee503730.html	ee503730	twin-match	 | int SetScrollPos(HWND, int, int, BOOL)
SetScrollRange	include/Winuser.h	aa453653	/home/user/wince-docs-corpus/docs/mslearn/windows-embedded-ce-6.0/ee501477.html	ee501477	twin-diff	arg4: hdr='int**' twin='int' | BOOL SetScrollRange(HWND, int, int, int, BOOL)
SetSystemTime	include/Winbase.h	aa450867	/home/user/wince-docs-corpus/docs/mslearn/windows-embedded-ce-6.0/ee488615.html	ee488615	twin-match	 | BOOL SetSystemTime(const SYSTEMTIME*)
SetTcpEntry	include/Iphlpapi.h	aa450937	/home/user/wince-docs-corpus/docs/mslearn/windows-embedded-ce-6.0/ee494687.html	ee494687	twin-match	 | DWORD SetTcpEntry(PMIB_TCPROW)
SetTextColor	include/Wingdi.h	ms901145	/home/user/wince-docs-corpus/docs/mslearn/windows-embedded-ce-6.0/ee489887.html	ee489887	twin-match	 | COLORREF SetTextColor(HDC, COLORREF)
SetThreadPriority	include/Winbase.h	aa450891	/home/user/wince-docs-corpus/docs/mslearn/windows-embedded-ce-6.0/ee488350.html	ee488350	twin-match	 | BOOL SetThreadPriority(HANDLE, int)
SetTimeZoneInformation	include/Winbase.h	aa450893	/home/user/wince-docs-corpus/docs/mslearn/windows-embedded-ce-6.0/ee488386.html	ee488386	twin-match	 | BOOL SetTimeZoneInformation(const TIME_ZONE_INFORMATION*)
SetUrlCacheEntryInfo	include/Wininet.h	ms918858	/home/user/wince-docs-corpus/docs/mslearn/windows-embedded-ce-6.0/ee492792.html	ee492792	twin-match	 | BOOL SetUrlCacheEntryInfo(LPCSTR, LPINTERNET_CACHE_ENTRY_INFO, DWORD)
SetViewportOrgEx	include/Wingdi.h	aa453660	/home/user/wince-docs-corpus/docs/chm/windows-ce-3.0/_wcesdk_Win32_SetViewportOrgEx.html		no-print-in-twin	
SetWindowOrgEx	include/Wingdi.h	aa453954	/home/user/wince-docs-corpus/docs/mslearn/windows-ce-5.0/aa453954.html		no-print-in-twin	
SetupComm	include/Winbase.h	aa450896	/home/user/wince-docs-corpus/docs/mslearn/windows-embedded-ce-6.0/ee488358.html	ee488358	twin-match	 | BOOL SetupComm(HANDLE, DWORD, DWORD)
ShowCaret	include/Winuser.h	ms940013	/home/user/wince-docs-corpus/docs/mslearn/windows-embedded-ce-6.0/ee502542.html	ee502542	twin-match	 | BOOL ShowCaret(HWND)
ShowCursor	include/Winuser.h	ms940016	/home/user/wince-docs-corpus/docs/mslearn/windows-ce-5.0/aa453730(v=msdn.10).html	aa453730	twin-match	 | int ShowCursor(BOOL)
SignalStarted	include/Winbase.h	aa450898	/home/user/wince-docs-corpus/docs/mslearn/windows-embedded-ce-6.0/ee488242.html	ee488242	twin-match	 | VOID SignalStarted(DWORD)
SipSetDefaultRect	include/Sipapi.h	ms940340	/home/user/wince-docs-corpus/docs/mslearn/windows-embedded-ce-6.0/ee504359.html	ee504359	twin-match	 | BOOL SipSetDefaultRect(RECT*)
SizeofResource	include/Winbase.h	aa453417	/home/user/wince-docs-corpus/docs/mslearn/windows-ce-5.0/ms940346.html	ms940346	twin-match	 | DWORD SizeofResource(HMODULE, HRSRC)
Sleep	include/Winbase.h	aa450900	/home/user/wince-docs-corpus/docs/mslearn/windows-embedded-ce-6.0/ee488158.html	ee488158	twin-diff	ret: hdr='VOID' twin='void' | void Sleep(DWORD)
SnmpUtilOctetsCmp	include/Snmp.h	ms896039	/home/user/wince-docs-corpus/docs/chm/windows-ce-3.0/wcesdkrSnmpUtilOctetsCmp.html		no-print-in-twin	
SnmpUtilOctetsCpy	include/Snmp.h	ms896040	/home/user/wince-docs-corpus/docs/mslearn/windows-ce-net-4x/ms927119.html	ms927119	twin-diff	arg1: hdr='AsnOctetString*' twin='AsnOctetString'; arg2: hdr='AsnOctetString*' twin='AsnOctetString' | SNMPAPI SnmpUtilOctetsCpy(AsnOctetString, AsnOctetString)
SnmpUtilOctetsNCmp	include/Snmp.h	ms896042	/home/user/wince-docs-corpus/docs/chm/windows-ce-3.0/wcesdkrSnmpUtilOctetsNCmp.html		no-print-in-twin	
SnmpUtilOidNCmp	include/Snmp.h	ms896047	/home/user/wince-docs-corpus/docs/chm/windows-ce-3.0/wcesdkrSnmpUtilOidNCmp.html		no-print-in-twin	
StartDocW	include/Wingdi.h	ms939985			no-twin-page	
StartPage	include/Wingdi.h	ms940349	/home/user/wince-docs-corpus/docs/mslearn/windows-ce-5.0/ms940350.html	ms940350	twin-match	 | int StartPage(HDC)
StretchBlt	include/Wingdi.h	ms940373	/home/user/wince-docs-corpus/docs/mslearn/windows-embedded-ce-6.0/ee504535.html	ee504535	twin-match	 | BOOL StretchBlt(HDC, int, int, int, int, HDC, int, int, int, int, DWORD)
StringFromGUID2	include/Objbase.h	ms891281	/home/user/wince-docs-corpus/docs/chm/windows-ce-3.0/_wcesdk_COM_StringFromGUID2.html		no-print-in-twin	
SubtractRect	include/Winuser.h	ms940381	/home/user/wince-docs-corpus/docs/mslearn/windows-embedded-ce-6.0/ee504025.html	ee504025	twin-match	 | BOOL SubtractRect(LPRECT, const RECT*, const RECT*)
SuspendThread	include/Winbase.h	aa450913	/home/user/wince-docs-corpus/docs/mslearn/windows-embedded-ce-6.0/ee488373.html	ee488373	twin-match	 | DWORD SuspendThread(HANDLE)
SystemParametersInfoW	include/Winuser.h	aa453170			no-twin-page	
SystemTimeToFileTime	include/Winbase.h	aa450925	/home/user/wince-docs-corpus/docs/mslearn/windows-embedded-ce-6.0/ee488792.html	ee488792	twin-match	 | BOOL SystemTimeToFileTime(const SYSTEMTIME*, LPFILETIME)
TSPI_lineForward	include/Tapicomn.h	aa451032	/home/user/wince-docs-corpus/docs/mslearn/windows-ce-net-4x/ms928271.html	ms928271	twin-diff	ret: hdr='LONG' twin='LONG TSPIAPI' | LONG TSPIAPI TSPI_lineForward(DRV_REQUESTID, HDRVLINE, DWORD, DWORD, LPLINEFORWARDLIST const, DWORD, HTAPICALL, LPHDRVCALL, LPLINECALLPARAMS const)
TSPI_lineGenerateDigits	include/Tapicomn.h	aa451032	/home/user/wince-docs-corpus/docs/mslearn/windows-ce-net-4x/ms928272.html	ms928272	twin-diff	ret: hdr='LONG' twin='LONG TSPIAPI' | LONG TSPIAPI TSPI_lineGenerateDigits(HDRVCALL, DWORD, DWORD, LPCWSTR, DWORD)
TSPI_lineGenerateTone	include/Tapicomn.h	aa451032	/home/user/wince-docs-corpus/docs/mslearn/windows-ce-net-4x/ms928273.html	ms928273	twin-diff	ret: hdr='LONG' twin='LONG TSPIAPI' | LONG TSPIAPI TSPI_lineGenerateTone(HDRVCALL, DWORD, DWORD, DWORD, DWORD, LPLINEGENERATETONE const)
TerminateProcess	include/Winbase.h	aa450927	/home/user/wince-docs-corpus/docs/mslearn/windows-embedded-ce-6.0/ee488378.html	ee488378	twin-match	 | BOOL TerminateProcess(HANDLE, DWORD)
Thread32Next	include/Tlhelp32.h	aa450934	/home/user/wince-docs-corpus/docs/mslearn/windows-ce-5.0/aa450936.html	aa450936	twin-diff	ret: hdr='BOOL' twin='BOOL WINAPI' | BOOL WINAPI Thread32Next(HANDLE, LPTHREADENTRY32)
TlsFree	include/Winbase.h	aa450947	/home/user/wince-docs-corpus/docs/mslearn/windows-embedded-ce-6.0/ee488903.html	ee488903	twin-match	 | BOOL TlsFree(DWORD)
TlsGetValue	include/Winbase.h	aa450949	/home/user/wince-docs-corpus/docs/mslearn/windows-embedded-ce-6.0/ee488590.html	ee488590	twin-match	 | LPVOID TlsGetValue(DWORD)
TlsSetValue	include/Winbase.h	aa450951	/home/user/wince-docs-corpus/docs/mslearn/windows-embedded-ce-6.0/ee488026.html	ee488026	twin-match	 | BOOL TlsSetValue(DWORD, LPVOID)
TrackPopupMenu	include/Winuser.h	ms940027	/home/user/wince-docs-corpus/docs/mslearn/windows-embedded-ce-6.0/ee503594.html	ee503594	twin-match	 | BOOL TrackPopupMenu(HMENU, UINT, int, int, int, HWND, const RECT*)
TrackPopupMenuEx	include/Winuser.h	aa453773	/home/user/wince-docs-corpus/docs/mslearn/windows-embedded-ce-6.0/ee504060.html	ee504060	twin-diff	arg5: hdr='HWND**' twin='HWND' | BOOL TrackPopupMenuEx(HMENU, UINT, int, int, HWND, LPTPMPARAMS)
TranslateAcceleratorW	include/Winuser.h	aa452935			no-twin-page	
TranslateMessage	include/Winuser.h	aa453776	/home/user/wince-docs-corpus/docs/mslearn/windows-embedded-ce-6.0/ee502837.html	ee502837	twin-match	 | BOOL TranslateMessage(const MSG*)
TransmitCommChar	include/Winbase.h	aa450957	/home/user/wince-docs-corpus/docs/mslearn/windows-embedded-ce-6.0/ee488400.html	ee488400	twin-match	 | BOOL TransmitCommChar(HANDLE, char)
UnionRect	include/Winuser.h	ms914081	/home/user/wince-docs-corpus/docs/mslearn/windows-embedded-ce-6.0/ee499433.html	ee499433	twin-match	 | BOOL UnionRect(LPRECT, const RECT*, const RECT*)
UnlockUrlCacheEntryFile	include/Wininet.h	ms918862	/home/user/wince-docs-corpus/docs/mslearn/windows-embedded-ce-6.0/ee492887.html	ee492887	twin-match	 | BOOL UnlockUrlCacheEntryFile(LPCSTR, DWORD)
UpdateWindow	include/Winuser.h	ms914085	/home/user/wince-docs-corpus/docs/mslearn/windows-embedded-ce-6.0/ee501696.html	ee501696	twin-match	 | BOOL UpdateWindow(HWND)
UpnpSetControlResponse	include/Upnpdevapi.h	ms898523	/home/user/wince-docs-corpus/docs/mslearn/windows-ce-5.0/ms898523.html		no-print-in-twin	
UpnpSetErrorResponse	include/Upnpdevapi.h	ms898523	/home/user/wince-docs-corpus/docs/mslearn/windows-ce-5.0/ms898533.html		no-print-in-twin	
UpnpSetRawControlResponse	include/Upnpdevapi.h	ms898523	/home/user/wince-docs-corpus/docs/mslearn/windows-ce-5.0/ms898542.html		no-print-in-twin	
ValidateRect	include/Winuser.h	ms914091	/home/user/wince-docs-corpus/docs/mslearn/windows-embedded-ce-6.0/ee502605.html	ee502605	twin-match	 | BOOL ValidateRect(HWND, const RECT*)
VarBstrFromUI1	include/Oleauto.h	ms891328	/home/user/wince-docs-corpus/docs/chm/windows-ce-3.0/_wcesdk_VarBstrFromUI1.html		no-print-in-twin	
VarDecFromUI4	include/Oleauto.h	ms891629	/home/user/wince-docs-corpus/docs/chm/windows-ce-3.0/_wcesdk_VarDecFromUI4.html		no-print-in-twin	
VarI4FromDate	include/Oleauto.h	aa519078	/home/user/wince-docs-corpus/docs/chm/windows-ce-3.0/_wcesdk_VarI4FromDate.html		no-print-in-twin	
VarI4FromI2	include/Oleauto.h	ms891663	/home/user/wince-docs-corpus/docs/chm/windows-ce-3.0/_wcesdk_VarI4FromI2.html		no-print-in-twin	
VarR8FromDisp	include/Oleauto.h	ms891810	/home/user/wince-docs-corpus/docs/chm/windows-ce-3.0/_wcesdk_VarR8FromDisp.html		no-print-in-twin	
VarR8FromUI4	include/Oleauto.h	ms891846	/home/user/wince-docs-corpus/docs/chm/windows-ce-3.0/_wcesdk_VarR8FromUI4.html		no-print-in-twin	
VirtualAlloc	include/Winbase.h	aa450975	/home/user/wince-docs-corpus/docs/mslearn/windows-embedded-ce-6.0/ee488564.html	ee488564	twin-match	 | LPVOID VirtualAlloc(LPVOID, DWORD, DWORD, DWORD)
VirtualFree	include/Winbase.h	aa450979	/home/user/wince-docs-corpus/docs/mslearn/windows-embedded-ce-6.0/ee488784.html	ee488784	twin-match	 | BOOL VirtualFree(LPVOID, DWORD, DWORD)
VirtualProtect	include/Winbase.h	aa450980	/home/user/wince-docs-corpus/docs/mslearn/windows-embedded-ce-6.0/ee488353.html	ee488353	twin-match	 | BOOL VirtualProtect(LPVOID, DWORD, DWORD, PDWORD)
VirtualQuery	include/Winbase.h	aa450981	/home/user/wince-docs-corpus/docs/mslearn/windows-embedded-ce-6.0/ee488918.html	ee488918	twin-match	 | DWORD VirtualQuery(LPCVOID, PMEMORY_BASIC_INFORMATION, DWORD)
WNetConnectionDialog1W	include/Winnetwk.h	ms898611			no-twin-page	
WNetDisconnectDialog1W	include/Winnetwk.h	ms898705			no-twin-page	
WRITE_PORT_BUFFER_USHORT	include/CEDDK.h	ms923673	/home/user/wince-docs-corpus/docs/chm/windows-ce-3.0/_wcepb_WRITE_PORT_BUFFER_USHORT.html		no-print-in-twin	
WSAAccept	include/Winsock2.h	ee493507	/home/user/wince-docs-corpus/docs/mslearn/windows-ce-5.0/ms898727.html	ms898727	twin-match	 | SOCKET WSAAccept(SOCKET, struct sockaddr*, LPINT, LPCONDITIONPROC, DWORD)
WSAAddressToString	include/Winsock2.h	ee493507	/home/user/wince-docs-corpus/docs/mslearn/windows-ce-5.0/ms898728.html	ms898728	twin-match	 | INT WSAAddressToString(LPSOCKADDR, DWORD, LPWSAPROTOCOL_INFO, LPTSTR, LPDWORD)
WSACleanup	include/Winsock2.h	ee493507	/home/user/wince-docs-corpus/docs/mslearn/windows-ce-5.0/ms898730.html	ms898730	twin-match	 | int WSACleanup()
WSAConnect	include/Winsock2.h	ms898731	/home/user/wince-docs-corpus/docs/mslearn/windows-ce-5.0/ms898733.html	ms898733	twin-match	 | int WSAConnect(SOCKET, const struct sockaddr FAR*, int, LPWSABUF, LPWSABUF, LPQOS, LPQOS)
WSAEnumProtocols	include/Winsock2.h	ms898737	/home/user/wince-docs-corpus/docs/mslearn/windows-ce-5.0/ms898739.html	ms898739	twin-diff	arg3: hdr='LPDWORD' twin='IL' | int WSAEnumProtocols(LPINT, LPWSAPROTOCOL_INFO, IL)
WSAEventSelect	include/Winsock2.h	ms898737	/home/user/wince-docs-corpus/docs/mslearn/windows-ce-5.0/ms898740.html	ms898740	twin-match	 | int WSAEventSelect(SOCKET, WSAEVENT, long)
WSAGetLastError	include/Winsock2.h	ms898737	/home/user/wince-docs-corpus/docs/mslearn/windows-ce-5.0/ms898741.html	ms898741	twin-match	 | int WSAGetLastError()
WSAGetOverlappedResult	include/Winsock2.h	ms898737	/home/user/wince-docs-corpus/docs/mslearn/windows-ce-5.0/ms898742.html	ms898742	twin-match	 | BOOL WSAGetOverlappedResult(SOCKET, LPWSAOVERLAPPED, LPDWORD, BOOL, LPDWORD)
WSAJoinLeaf	include/Winsock2.h	ms898745	/home/user/wince-docs-corpus/docs/mslearn/windows-ce-5.0/ms898746.html	ms898746	twin-match	 | SOCKET WSAJoinLeaf(SOCKET, const struct sockaddr FAR*, int, LPWSABUF, LPWSABUF, LPQOS, LPQOS, DWORD)
WSANtohl	include/Winsock2.h	ms898752	/home/user/wince-docs-corpus/docs/mslearn/windows-ce-5.0/ms898756.html	ms898756	twin-match	 | int WSANtohl(SOCKET, u_long, u_long*)
WSANtohs	include/Winsock2.h	ms898752	/home/user/wince-docs-corpus/docs/mslearn/windows-ce-5.0/ms898757.html	ms898757	twin-match	 | int WSANtohs(SOCKET, u_short, u_short*)
WSARecv	include/Winsock2.h	ms898752	/home/user/wince-docs-corpus/docs/mslearn/windows-ce-5.0/ms898763.html	ms898763	twin-match	 | int WSARecv(SOCKET, LPWSABUF, DWORD, LPDWORD, LPDWORD, LPWSAOVERLAPPED, LPWSAOVERLAPPED_COMPLETION_ROUTINE)
WSASetService	include/Winsock2.h	ms898772	/home/user/wince-docs-corpus/docs/mslearn/windows-ce-net-4x/ms863409.html	ms863409	twin-match	 | INT WSASetService(LPWSAQUERYSET, WSAESETSERVICEOP, DWORD)
WSASocket	include/Winsock2.h	ms898772	/home/user/wince-docs-corpus/docs/mslearn/windows-ce-net-4x/ms911776.html	ms911776	twin-match	 | SOCKET WSASocket(int, int, int, LPWSAPROTOCOL_INFO, GROUP, DWORD)
WSAStartup	include/Winsock2.h	ms898772	/home/user/wince-docs-corpus/docs/mslearn/windows-ce-net-4x/ms911778.html	ms911778	twin-match	 | int WSAStartup(WORD, LPWSADATA)
WSAStringToAddress	include/Winsock2.h	ms898772	/home/user/wince-docs-corpus/docs/mslearn/windows-ce-5.0/ms898775.html	ms898775	twin-match	 | INT WSAStringToAddress(LPTSTR, INT, LPWSAPROTOCOL_INFO, LPSOCKADDR, LPINT)
WSPStringToAddress	include/Ws2spi.h	ms898913	/home/user/wince-docs-corpus/docs/mslearn/windows-ce-5.0/ms898915(v=msdn.10).html	ms898915	twin-match	 | int WSPStringToAddress(LPWSTR, INT, LPWSAPROTOCOL_INFOW, LPSOCKADDR, LPINT, LPINT)
WaitCommEvent	include/Winbase.h	aa450985	/home/user/wince-docs-corpus/docs/mslearn/windows-embedded-ce-6.0/ee488449.html	ee488449	twin-match	 | BOOL WaitCommEvent(HANDLE, LPDWORD, LPOVERLAPPED)
WaitForSingleObject	include/Winbase.h	aa450988	/home/user/wince-docs-corpus/docs/mslearn/windows-embedded-ce-6.0/ee488762.html	ee488762	twin-match	 | DWORD WaitForSingleObject(HANDLE, DWORD)
WriteClassStg	include/Oleauto.h	ms897190	/home/user/wince-docs-corpus/docs/mslearn/windows-embedded-ce-6.0/ee489160.html	ee489160	twin-diff	ret: hdr='HRESULT' twin='WINOLEAPI' | WINOLEAPI WriteClassStg(IStorage*, REFCLSID)
WriteClassStm	include/Oleauto.h	ms897191	/home/user/wince-docs-corpus/docs/mslearn/windows-embedded-ce-6.0/ee488996.html	ee488996	twin-diff	ret: hdr='HRESULT' twin='WINOLEAPI' | WINOLEAPI WriteClassStm(IStream*, REFCLSID)
WriteFile	include/Winbase.h	ms892380	/home/user/wince-docs-corpus/docs/mslearn/windows-embedded-ce-6.0/ee490774.html	ee490774	twin-match	 | BOOL WriteFile(HANDLE, LPCVOID, DWORD, LPDWORD, LPOVERLAPPED)
WriteHitLogging	include/Urlmon.h	ms918878	/home/user/wince-docs-corpus/docs/mslearn/windows-ce-net-4x/ms929063.html	ms929063	twin-diff	ret: hdr='BOOL WINAPI' twin='BOOL' | BOOL WriteHitLogging(LPHIT_LOGGING_INFO)
ber_bvdup	include/Winber.h	ms863718	/home/user/wince-docs-corpus/docs/mslearn/windows-ce-5.0/ms863725.html	ms863725	twin-match	 | BERVAL* ber_bvdup(BERVAL*)
ber_bvecfree	include/Winber.h	ms863725	/home/user/wince-docs-corpus/docs/mslearn/windows-ce-5.0/ms863730.html	ms863730	twin-match	 | void ber_bvecfree(BERVAL**)
ber_bvfree	include/Winber.h	ms863730	/home/user/wince-docs-corpus/docs/mslearn/windows-ce-5.0/ms863737.html	ms863737	twin-match	 | void ber_bvfree(BERVAL*)
ber_first_element	include/Winber.h	ms863737	/home/user/wince-docs-corpus/docs/mslearn/windows-ce-5.0/ms863754.html	ms863754	twin-match	 | ULONG ber_first_element(BerElement*, ULONG*, CHAR**)
ber_flatten	include/Winber.h	ms863754	/home/user/wince-docs-corpus/docs/mslearn/windows-ce-5.0/ms863761.html	ms863761	twin-match	 | INT ber_flatten(BerElement*, BERVAL**)
ber_free	include/Winber.h	ms863761	/home/user/wince-docs-corpus/docs/mslearn/windows-ce-5.0/ms863769.html	ms863769	twin-match	 | void ber_free(BerElement*, INT)
ber_init	include/Winber.h	ms863769	/home/user/wince-docs-corpus/docs/mslearn/windows-ce-5.0/ms863775.html	ms863775	twin-match	 | BerElement* ber_init(BERVAL*)
ber_next_element	include/Winber.h	ms863775	/home/user/wince-docs-corpus/docs/mslearn/windows-ce-5.0/ms863786.html	ms863786	twin-match	 | ULONG ber_next_element(BerElement*, ULONG*, CHAR*)
ber_peek_tag	include/Winber.h	ms863786	/home/user/wince-docs-corpus/docs/mslearn/windows-ce-5.0/ms863791.html	ms863791	twin-match	 | ULONG ber_peek_tag(BerElement*, ULONG*)
ber_printf	include/Winber.h	ms863791	/home/user/wince-docs-corpus/docs/mslearn/windows-ce-5.0/ms863798.html	ms863798	twin-match	 | INT ber_printf(BerElement*, LPTSTR)
ber_scanf	include/Winber.h	ms863798	/home/user/wince-docs-corpus/docs/mslearn/windows-ce-5.0/ms863810.html	ms863810	twin-match	 | INT ber_scanf(BerElement*, LPTSTR)
ber_skip_tag	include/Winber.h	ms863810	/home/user/wince-docs-corpus/docs/mslearn/windows-ce-5.0/ms863817.html	ms863817	twin-match	 | ULONG ber_skip_tag(BerElement*, ULONG*)
bind	include/Winsock2.h	aa450276	/home/user/wince-docs-corpus/docs/mslearn/windows-ce-5.0/aa450300.html	aa450300	twin-match	 | int bind(SOCKET, const struct sockaddr FAR*, int)
connect	include/Winsock2.h	ms887908	/home/user/wince-docs-corpus/docs/mslearn/windows-ce-5.0/ms887909.html	ms887909	twin-match	 | int connect(SOCKET, const struct sockaddr FAR*, int)
gethostname	include/Winsock2.h	ms887908	/home/user/wince-docs-corpus/docs/mslearn/windows-ce-5.0/aa450405.html	aa450405	twin-diff	ret: hdr='struct hostent *gethostbyaddr(const char *addr, int len, int type) AKARI_CE_NAME(gethostbyaddr); AKARI_CE_IMPORT struct hostent *gethostbyname(const char *name) AKARI_CE_NAME(gethostbyname); AKARI_CE_IMPORT int' twin='int' | int gethostname(char FAR*, int)
getpeername	include/Winsock2.h	ms887908	/home/user/wince-docs-corpus/docs/mslearn/windows-ce-5.0/aa450419.html	aa450419	twin-match	 | int getpeername(SOCKET, struct sockaddr FAR*, int FAR*)
getsockname	include/Winsock2.h	ms887908	/home/user/wince-docs-corpus/docs/mslearn/windows-ce-5.0/ms890233.html	ms890233	twin-match	 | int getsockname(SOCKET, struct sockaddr FAR*, int FAR*)
inet_ntoa	include/Winsock2.h	ms891129	/home/user/wince-docs-corpus/docs/mslearn/windows-ce-5.0/ms890984.html	ms890984	twin-diff	ret: hdr='char *' twin='char FAR*' | char FAR* inet_ntoa(struct in_addr)
ldap_abandon	include/Winldap.h	ms863877	/home/user/wince-docs-corpus/docs/mslearn/windows-ce-5.0/ms891743.html	ms891743	twin-match	 | ULONG ldap_abandon(LDAP*, ULONG)
ldap_add_ext	include/Winldap.h	ms891744	/home/user/wince-docs-corpus/docs/mslearn/windows-ce-5.0/ms891745.html	ms891745	twin-match	 | ULONG ldap_add_ext(LDAP*, LPTSTR, LDAPMod*, LDAPControl**, LDAPControl**, ULONG*)
ldap_add_ext_s	include/Winldap.h	ms891745	/home/user/wince-docs-corpus/docs/mslearn/windows-ce-5.0/ms891746.html	ms891746	twin-match	 | ULONG ldap_add_ext_s(LDAP*, LPTSTR, LDAPMod*, LDAPControl**, LDAPControl**)
ldap_add_s	include/Winldap.h	ms891746	/home/user/wince-docs-corpus/docs/mslearn/windows-ce-5.0/ms891747.html	ms891747	twin-match	 | ULONG ldap_add_s(LDAP*, LPTSTR, LDAPMod*)
ldap_bind	include/Winldap.h	ms891743	/home/user/wince-docs-corpus/docs/mslearn/windows-ce-5.0/ms891748.html	ms891748	twin-match	 | ULONG ldap_bind(LDAP*, LPTSTR, LPTSTR, ULONG)
ldap_bind_s	include/Winldap.h	ms891748	/home/user/wince-docs-corpus/docs/mslearn/windows-ce-5.0/ms891749.html	ms891749	twin-match	 | ULONG ldap_bind_s(LDAP*, LPTSTR, LPTSTR, ULONG)
ldap_close_extended_op	include/Winldap.h	ms891747	/home/user/wince-docs-corpus/docs/mslearn/windows-ce-5.0/ms891751.html	ms891751	twin-match	 | ULONG ldap_close_extended_op(LDAP*, ULONG)
ldap_compare	include/Winldap.h	ms891751	/home/user/wince-docs-corpus/docs/mslearn/windows-ce-5.0/ms891752.html	ms891752	twin-match	 | ULONG ldap_compare(LDAP*, LPTSTR, LPTSTR, LPTSTR)
ldap_compare_ext	include/Winldap.h	ms891752	/home/user/wince-docs-corpus/docs/mslearn/windows-ce-5.0/ms891753.html	ms891753	twin-match	 | ULONG ldap_compare_ext(LDAP*, LPTSTR, LPTSTR, LPTSTR, struct berval*, LDAPControl**, LDAPControl**, ULONG*)
ldap_compare_ext_s	include/Winldap.h	ms891753	/home/user/wince-docs-corpus/docs/mslearn/windows-ce-5.0/ms891754.html	ms891754	twin-match	 | ULONG ldap_compare_ext_s(LDAP*, LPTSTR, LPTSTR, LPTSTR, struct berval*, LDAPControl**, LDAPControl**)
ldap_compare_s	include/Winldap.h	ms891754	/home/user/wince-docs-corpus/docs/mslearn/windows-ce-5.0/ms891755.html	ms891755	twin-match	 | ULONG ldap_compare_s(LDAP*, LPTSTR, LPTSTR, LPTSTR)
ldap_controls_free	include/Winldap.h	ms891758	/home/user/wince-docs-corpus/docs/mslearn/windows-ce-5.0/ms891759.html	ms891759	twin-match	 | ULONG ldap_controls_free(LDAPControl**)
ldap_count_entries	include/Winldap.h	ms891750	/home/user/wince-docs-corpus/docs/mslearn/windows-ce-5.0/ms891760.html	ms891760	twin-match	 | ULONG ldap_count_entries(LDAP*, LDAPMessage*)
ldap_count_references	include/Winldap.h	ms891760	/home/user/wince-docs-corpus/docs/mslearn/windows-ce-5.0/ms891761.html	ms891761	twin-match	 | ULONG ldap_count_references(LDAP*, LDAPMessage*)
ldap_count_values	include/Winldap.h	ms891765	/home/user/wince-docs-corpus/docs/mslearn/windows-ce-5.0/ms891762.html	ms891762	twin-match	 | ULONG ldap_count_values(LPTSTR*)
ldap_count_values_len	include/Winldap.h	ms891762	/home/user/wince-docs-corpus/docs/mslearn/windows-ce-5.0/ms891763.html	ms891763	twin-match	 | ULONG ldap_count_values_len(struct berval**)
ldap_create_page_control	include/Winldap.h	ms892293	/home/user/wince-docs-corpus/docs/mslearn/windows-ce-5.0/ms891764.html	ms891764	twin-match	 | ULONG ldap_create_page_control(LDAP*, ULONG, struct berval*, UCHAR, LDAPControl**)
ldap_create_sort_control	include/Winldap.h	ms891764	/home/user/wince-docs-corpus/docs/mslearn/windows-ce-5.0/ms891765.html	ms891765	twin-match	 | ULONG ldap_create_sort_control(LDAP*, LDAPSortKey**, UCHAR, LDAPControl**)
ldap_delete	include/Winldap.h	ms891755	/home/user/wince-docs-corpus/docs/mslearn/windows-ce-5.0/ms891766.html	ms891766	twin-match	 | ULONG ldap_delete(LDAP*, LPTSTR)
ldap_delete_ext	include/Winldap.h	ms891766	/home/user/wince-docs-corpus/docs/mslearn/windows-ce-5.0/ms891767.html	ms891767	twin-match	 | ULONG ldap_delete_ext(LDAP*, LPTSTR, LDAPControl**, LDAPControl**, ULONG*)
ldap_delete_ext_s	include/Winldap.h	ms891767	/home/user/wince-docs-corpus/docs/mslearn/windows-ce-5.0/ms891768.html	ms891768	twin-match	 | ULONG ldap_delete_ext_s(LDAP*, LPTSTR, LDAPControl**, LDAPControl**)
ldap_delete_s	include/Winldap.h	ms891768	/home/user/wince-docs-corpus/docs/mslearn/windows-ce-5.0/ms891769.html	ms891769	twin-match	 | ULONG ldap_delete_s(LDAP*, LPTSTR)
ldap_escape_filter_element	include/Winldap.h	ms891761	/home/user/wince-docs-corpus/docs/mslearn/windows-ce-5.0/ms892136.html	ms892136	twin-match	 | ULONG ldap_escape_filter_element(LPTSTR, ULONG, LPTSTR, ULONG)
ldap_explode_dn	include/Winldap.h	ms891770	/home/user/wince-docs-corpus/docs/mslearn/windows-ce-5.0/ms892251.html	ms892251	twin-diff	ret: hdr='PTCHAR*' twin='UNICODE PTCHAR *' | UNICODE PTCHAR * ldap_explode_dn(LPTSTR, ULONG)
ldap_extended_operation	include/Winldap.h	ms892296	/home/user/wince-docs-corpus/docs/mslearn/windows-ce-5.0/ms892261.html	ms892261	twin-match	 | ULONG ldap_extended_operation(LDAP*, LPTSTR, struct berval*, LDAPControl**, LDAPControl**, ULONG*)
ldap_first_attribute	include/Winldap.h	ms892136	/home/user/wince-docs-corpus/docs/mslearn/windows-ce-5.0/ms892263.html	ms892263	twin-diff	ret: hdr='PTCHAR' twin='UNICODE PTCHAR' | UNICODE PTCHAR ldap_first_attribute(LDAP*, LDAPMessage*, BerElement**)
ldap_first_entry	include/Winldap.h	ms892263	/home/user/wince-docs-corpus/docs/mslearn/windows-ce-5.0/ms892264.html	ms892264	twin-match	 | LDAPMessage* ldap_first_entry(LDAP*, LDAPMessage*)
ldap_first_reference	include/Winldap.h	ms892264	/home/user/wince-docs-corpus/docs/mslearn/windows-ce-5.0/ms892265.html	ms892265	twin-match	 | LDAPMessage* ldap_first_reference(LDAP*, LDAPMessage*)
ldap_get_dn	include/Winldap.h	ms892265	/home/user/wince-docs-corpus/docs/mslearn/windows-ce-5.0/ms892266.html	ms892266	twin-diff	ret: hdr='PTCHAR' twin='UNICODE PTCHAR' | UNICODE PTCHAR ldap_get_dn(LDAP*, LDAPMessage*)
ldap_get_next_page	include/Winldap.h	ms892266	/home/user/wince-docs-corpus/docs/mslearn/windows-ce-5.0/ms892268.html	ms892268	twin-match	 | ULONG ldap_get_next_page(LDAP*, LDAPSearch*, ULONG, ULONG*)
ldap_get_next_page_s	include/Winldap.h	ms892268	/home/user/wince-docs-corpus/docs/mslearn/windows-ce-5.0/ms892269.html	ms892269	twin-match	 | ULONG ldap_get_next_page_s(LDAP*, LDAPSearch*, LDAP_TIMEVAL*, ULONG, ULONG*, LDAPMessage**)
ldap_get_option	include/Winldap.h	ms891756	/home/user/wince-docs-corpus/docs/mslearn/windows-ce-5.0/ms892271.html	ms892271	twin-match	 | ULONG ldap_get_option(LDAP*, int, void*)
ldap_get_paged_count	include/Winldap.h	ms892269	/home/user/wince-docs-corpus/docs/mslearn/windows-ce-5.0/ms892272.html	ms892272	twin-match	 | ULONG ldap_get_paged_count(LDAP*, LDAPSearch*, ULONG*, LDAPMessage*)
ldap_get_values	include/Winldap.h	ms892272	/home/user/wince-docs-corpus/docs/mslearn/windows-ce-5.0/ms892273.html	ms892273	twin-diff	ret: hdr='PTCHAR*' twin='UNICODE PTCHAR*' | UNICODE PTCHAR* ldap_get_values(LDAP*, LDAPMessage*, LPTSTR)
ldap_get_values_len	include/Winldap.h	ms892273	/home/user/wince-docs-corpus/docs/mslearn/windows-ce-5.0/ms892274.html	ms892274	twin-match	 | struct berval** ldap_get_values_len(LDAP*, LDAPMessage*, LPTSTR)
ldap_init	include/Winldap.h	ms892271	/home/user/wince-docs-corpus/docs/mslearn/windows-ce-5.0/ms892275.html	ms892275	twin-match	 | LDAP* ldap_init(LPTSTR, ULONG)
ldap_memfree	include/Winldap.h	ms891759	/home/user/wince-docs-corpus/docs/mslearn/windows-ce-5.0/ms892277.html	ms892277	twin-match	 | VOID ldap_memfree(LPTSTR)
ldap_modify	include/Winldap.h	ms891769	/home/user/wince-docs-corpus/docs/mslearn/windows-ce-5.0/ms892280.html	ms892280	twin-match	 | ULONG ldap_modify(LDAP*, LPTSTR, LDAPMod*)
ldap_modify_ext	include/Winldap.h	ms892280	/home/user/wince-docs-corpus/docs/mslearn/windows-ce-5.0/ms892281.html	ms892281	twin-match	 | ULONG ldap_modify_ext(LDAP*, LPTSTR, LDAPMod*, LDAPControl**, LDAPControl**, ULONG*)
ldap_modify_ext_s	include/Winldap.h	ms892281	/home/user/wince-docs-corpus/docs/mslearn/windows-ce-5.0/ms892282.html	ms892282	twin-match	 | ULONG ldap_modify_ext_s(LDAP*, LPTSTR, LDAPMod*, LDAPControl**, LDAPControl**)
ldap_modify_s	include/Winldap.h	ms892282	/home/user/wince-docs-corpus/docs/mslearn/windows-ce-5.0/ms892283.html	ms892283	twin-match	 | ULONG ldap_modify_s(LDAP*, LPTSTR, LDAPMod*)
ldap_msgfree	include/Winldap.h	ms892277	/home/user/wince-docs-corpus/docs/mslearn/windows-ce-5.0/ms892284.html	ms892284	twin-match	 | ULONG ldap_msgfree(LDAPMessage*)
ldap_next_attribute	include/Winldap.h	ms892274	/home/user/wince-docs-corpus/docs/mslearn/windows-ce-5.0/ms892285.html	ms892285	twin-diff	ret: hdr='PTCHAR' twin='UNICODE PTCHAR' | UNICODE PTCHAR ldap_next_attribute(LDAP*, LDAPMessage*, BerElement*)
ldap_next_entry	include/Winldap.h	ms892285	/home/user/wince-docs-corpus/docs/mslearn/windows-ce-5.0/ms892286.html	ms892286	twin-match	 | LDAPMessage* ldap_next_entry(LDAP*, LDAPMessage*)
ldap_next_reference	include/Winldap.h	ms892286	/home/user/wince-docs-corpus/docs/mslearn/windows-ce-5.0/ms892287.html	ms892287	twin-match	 | LDAPMessage* ldap_next_reference(LDAP*, LDAPMessage*)
ldap_open	include/Winldap.h	ms892275	/home/user/wince-docs-corpus/docs/mslearn/windows-ce-5.0/ms892288.html	ms892288	twin-match	 | LDAP* ldap_open(LPTSTR, ULONG)
ldap_parse_page_control	include/Winldap.h	ms892289	/home/user/wince-docs-corpus/docs/mslearn/windows-ce-5.0/ms892290.html	ms892290	twin-diff	arg4: hdr='struct berval**' twin='struct**' | ULONG ldap_parse_page_control(LDAP*, LDAPControl**, ULONG*, struct**)
ldap_parse_reference	include/Winldap.h	ms892290	/home/user/wince-docs-corpus/docs/mslearn/windows-ce-5.0/ms892291.html	ms892291	twin-match	 | ULONG ldap_parse_reference(LDAP*, LDAPMessage*, LPTSTR**)
ldap_parse_result	include/Winldap.h	ms892291	/home/user/wince-docs-corpus/docs/mslearn/windows-ce-5.0/ms892292.html	ms892292	twin-diff	arg4: hdr='LPTSTR***' twin='LPTSTR*'; arg5: hdr='LPTSTR***' twin='LPTSTR*'; arg6: hdr='LPTSTR****' twin='LPTSTR**'; arg7: hdr='LDAPControl*****' twin='LDAPControl***'; arg8: hdr='BOOLEAN**' twin='BOOLEAN' | ULONG ldap_parse_result(LDAP*, LDAPMessage*, ULONG*, LPTSTR*, LPTSTR*, LPTSTR**, LDAPControl***, BOOLEAN)
ldap_parse_sort_control	include/Winldap.h	ms892292	/home/user/wince-docs-corpus/docs/mslearn/windows-ce-5.0/ms892293.html	ms892293	twin-match	 | ULONG ldap_parse_sort_control(LDAP*, LDAPControl**, ULONG*, LPTSTR*)
ldap_rename_ext	include/Winldap.h	ms892283	/home/user/wince-docs-corpus/docs/mslearn/windows-ce-5.0/ms892295.html	ms892295	twin-match	 | ULONG ldap_rename_ext(LDAP*, LPTSTR, LPTSTR, LPTSTR, INT, LDAPControl**, LDAPControl**, ULONG*)
ldap_rename_ext_s	include/Winldap.h	ms892295	/home/user/wince-docs-corpus/docs/mslearn/windows-ce-5.0/ms892296.html	ms892296	twin-match	 | ULONG ldap_rename_ext_s(LDAP*, LPTSTR, LPTSTR, LPTSTR, INT, LDAPControl**, LDAPControl**)
ldap_result	include/Winldap.h	ms892308	/home/user/wince-docs-corpus/docs/mslearn/windows-ce-5.0/ms892297.html	ms892297	twin-match	 | ULONG ldap_result(LDAP*, ULONG, ULONG, LDAP_TIMEVAL*, LDAPMessage**)
ldap_result2error	include/Winldap.h	ms892105	/home/user/wince-docs-corpus/docs/mslearn/windows-ce-5.0/ms892298.html	ms892298	twin-match	 | ULONG ldap_result2error(LDAP*, LDAPMessage*, ULONG)
ldap_search	include/Winldap.h	ms892287	/home/user/wince-docs-corpus/docs/mslearn/windows-ce-5.0/ms892302.html	ms892302	twin-match	 | ULONG ldap_search(LDAP*, LPTSTR, ULONG, LPTSTR, LPTSTR, ULONG)
ldap_search_abandon_page	include/Winldap.h	ms892302	/home/user/wince-docs-corpus/docs/mslearn/windows-ce-5.0/ms892303.html	ms892303	twin-match	 | ULONG ldap_search_abandon_page(LDAP*, LDAPSearch*)
ldap_search_ext	include/Winldap.h	ms892303	/home/user/wince-docs-corpus/docs/mslearn/windows-ce-5.0/ms892304.html	ms892304	twin-match	 | ULONG ldap_search_ext(LDAP*, LPTSTR, ULONG, LPTSTR, LPTSTR, ULONG, LDAPControl**, LDAPControl**, ULONG, ULONG, ULONG*)
ldap_search_ext_s	include/Winldap.h	ms892304	/home/user/wince-docs-corpus/docs/mslearn/windows-ce-5.0/ms892305.html	ms892305	twin-match	 | ULONG ldap_search_ext_s(LDAP*, LPTSTR, ULONG, LPTSTR, LPTSTR, ULONG, LDAPControl**, LDAPControl**, struct l_timeval*, ULONG, LDAPMessage**)
ldap_search_init_page	include/Winldap.h	ms892305	/home/user/wince-docs-corpus/docs/mslearn/windows-ce-5.0/ms892306.html	ms892306	twin-match	 | PLDAPSearch ldap_search_init_page(LDAP*, LPTSTR, ULONG, LPTSTR, LPTSTR, ULONG, LDAPControl**, LDAPControl**, ULONG, ULONG, LDAPSortKey**)
ldap_search_s	include/Winldap.h	ms892306	/home/user/wince-docs-corpus/docs/mslearn/windows-ce-5.0/ms892307.html	ms892307	twin-match	 | ULONG ldap_search_s(LDAP*, LPTSTR, ULONG, LPTSTR, LPTSTR, ULONG, LDAPMessage**)
ldap_search_st	include/Winldap.h	ms892307	/home/user/wince-docs-corpus/docs/mslearn/windows-ce-5.0/ms892308.html	ms892308	twin-match	 | ULONG ldap_search_st(LDAP*, LPTSTR, ULONG, LPTSTR, LPTSTR, ULONG, struct l_timeval*, LDAPMessage**)
ldap_set_option	include/Winldap.h	ms892288	/home/user/wince-docs-corpus/docs/mslearn/windows-ce-5.0/ms892310.html	ms892310	twin-match	 | ULONG ldap_set_option(LDAP*, int, void*)
ldap_simple_bind	include/Winldap.h	ms892310	/home/user/wince-docs-corpus/docs/mslearn/windows-ce-5.0/ms892311.html	ms892311	twin-match	 | ULONG ldap_simple_bind(LDAP*, LPTSTR, LPTSTR)
ldap_simple_bind_s	include/Winldap.h	ms892311	/home/user/wince-docs-corpus/docs/mslearn/windows-ce-5.0/ms892312.html	ms892312	twin-match	 | ULONG ldap_simple_bind_s(LDAP*, LPTSTR, LPTSTR)
ldap_sslinit	include/Winldap.h	ms892312	/home/user/wince-docs-corpus/docs/mslearn/windows-ce-5.0/ms892314.html	ms892314	twin-match	 | LDAP* ldap_sslinit(LPTSTR, ULONG, int)
ldap_ufn2dn	include/Winldap.h	ms891763	/home/user/wince-docs-corpus/docs/mslearn/windows-ce-5.0/ms892316.html	ms892316	twin-match	 | ULONG ldap_ufn2dn(LPTSTR, LPTSTR*)
ldap_unbind	include/Winldap.h	ms892314	/home/user/wince-docs-corpus/docs/mslearn/windows-ce-5.0/ms892317.html	ms892317	twin-match	 | ULONG ldap_unbind(LDAP*)
ldap_unbind_s	include/Winldap.h	ms892317	/home/user/wince-docs-corpus/docs/mslearn/windows-ce-5.0/ms892318.html	ms892318	twin-match	 | ULONG ldap_unbind_s(LDAP*)
ldap_value_free	include/Winldap.h	ms892284	/home/user/wince-docs-corpus/docs/mslearn/windows-ce-5.0/ms892321.html	ms892321	twin-match	 | ULONG ldap_value_free(LPTSTR*)
ldap_value_free_len	include/Winldap.h	ms892321	/home/user/wince-docs-corpus/docs/mslearn/windows-ce-5.0/ms892322.html	ms892322	twin-match	 | ULONG ldap_value_free_len(struct berval**)
lineAccept	include/Tapi.h	ms893395	/home/user/wince-docs-corpus/docs/mslearn/windows-ce-5.0/ms893325.html	ms893325	twin-diff	ret: hdr='LONG' twin='LONG WINAPI' | LONG WINAPI lineAccept(HCALL, LPCSTR, DWORD)
lineAddProvider	include/Tapi.h	ms894481	/home/user/wince-docs-corpus/docs/mslearn/windows-ce-net-4x/ms927977.html	ms927977	twin-match	 | LONG lineAddProvider(LPCWSTR, HWND, LPDWORD)
lineAnswer	include/Tapi.h	ms894387	/home/user/wince-docs-corpus/docs/mslearn/windows-ce-5.0/ms893395.html	ms893395	twin-diff	ret: hdr='LONG' twin='LONG WINAPI' | LONG WINAPI lineAnswer(HCALL, LPCSTR, DWORD)
lineBlindTransfer	include/Tapi.h	ms894122	/home/user/wince-docs-corpus/docs/mslearn/windows-ce-5.0/ms893412.html	ms893412	twin-diff	ret: hdr='LONG' twin='LONG WINAPI' | LONG WINAPI lineBlindTransfer(HCALL, LPCWSTR, DWORD)
lineClose	include/Tapi.h	ms894420	/home/user/wince-docs-corpus/docs/mslearn/windows-ce-net-4x/ms927985.html	ms927985	twin-match	 | LONG lineClose(HLINE)
lineCompleteTransfer	include/Tapi.h	ms894514	/home/user/wince-docs-corpus/docs/mslearn/windows-ce-5.0/ms894122.html	ms894122	twin-diff	ret: hdr='LONG' twin='LONG WINAPI' | LONG WINAPI lineCompleteTransfer(HCALL, HCALL, LPHCALL, DWORD)
lineConfigDialogEdit	include/Tapi.h	ms894488	/home/user/wince-docs-corpus/docs/mslearn/windows-ce-net-4x/ms927987.html	ms927987	twin-match	 | LONG lineConfigDialogEdit(DWORD, HWND, LPCWSTR, LPVOID const, DWORD, LPVARSTRING)
lineDeallocateCall	include/Tapi.h	ms893325	/home/user/wince-docs-corpus/docs/mslearn/windows-ce-net-4x/ms927988.html	ms927988	twin-match	 | LONG lineDeallocateCall(HCALL)
lineDevSpecific	include/Tapi.h	ms894438	/home/user/wince-docs-corpus/docs/mslearn/windows-ce-5.0/ms894131.html	ms894131	twin-diff	ret: hdr='LONG' twin='LONG WINAPI' | LONG WINAPI lineDevSpecific(HLINE, DWORD, HCALL, LPVOID, DWORD)
lineDial	include/Tapi.h	ms894142	/home/user/wince-docs-corpus/docs/mslearn/windows-ce-5.0/ms894137.html	ms894137	twin-diff	ret: hdr='LONG' twin='LONG WINAPI' | LONG WINAPI lineDial(HCALL, LPCWSTR, DWORD)
lineDrop	include/Tapi.h	ms894128	/home/user/wince-docs-corpus/docs/mslearn/windows-ce-net-4x/ms927994.html	ms927994	twin-match	 | LONG lineDrop(HCALL, LPCTSTR, DWORD)
lineForward	include/Tapi.h	ms894435	/home/user/wince-docs-corpus/docs/mslearn/windows-ce-5.0/ms894147.html	ms894147	twin-diff	ret: hdr='LONG' twin='LONG WINAPI' | LONG WINAPI lineForward(HLINE, DWORD, DWORD, LPLINEFORWARDLIST const, DWORD, LPHCALL, LPLINECALLPARAMS const)
lineGenerateDigits	include/Tapi.h	ms894395	/home/user/wince-docs-corpus/docs/mslearn/windows-ce-5.0/ms894152.html	ms894152	twin-diff	ret: hdr='LONG' twin='LONG WINAPI' | LONG WINAPI lineGenerateDigits(HCALL, DWORD, LPCWSTR, DWORD)
lineGenerateTone	include/Tapi.h	ms894152	/home/user/wince-docs-corpus/docs/mslearn/windows-ce-5.0/ms894156.html	ms894156	twin-diff	ret: hdr='LONG' twin='LONG WINAPI' | LONG WINAPI lineGenerateTone(HCALL, DWORD, DWORD, DWORD, LPLINEGENERATETONE const)
lineGetAddressCaps	include/Tapi.h	ms894336	/home/user/wince-docs-corpus/docs/mslearn/windows-ce-5.0/ms894158.html	ms894158	twin-diff	ret: hdr='LONG' twin='LONG WINAPI' | LONG WINAPI lineGetAddressCaps(HLINEAPP, DWORD, DWORD, DWORD, DWORD, LPLINEADDRESSCAPS)
lineGetAddressID	include/Tapi.h	ms894160	/home/user/wince-docs-corpus/docs/mslearn/windows-ce-5.0/ms894159.html	ms894159	twin-diff	ret: hdr='LONG' twin='LONG WINAPI' | LONG WINAPI lineGetAddressID(HLINE, LPDWORD, DWORD, LPCWSTR, DWORD)
lineGetAddressStatus	include/Tapi.h	ms894158	/home/user/wince-docs-corpus/docs/mslearn/windows-ce-5.0/ms894160.html	ms894160	twin-diff	ret: hdr='LONG' twin='LONG WINAPI' | LONG WINAPI lineGetAddressStatus(HLINE, DWORD, LPLINEADDRESSSTATUS)
lineGetAppPriority	include/Tapi.h	ms894509	/home/user/wince-docs-corpus/docs/mslearn/windows-ce-5.0/ms894161.html	ms894161	twin-diff	ret: hdr='LONG' twin='LONG WINAPI' | LONG WINAPI lineGetAppPriority(LPCWSTR, DWORD, LPLINEEXTENSIONID, DWORD, LPVARSTRING, LPDWORD)
lineGetCallStatus	include/Tapi.h	ms894162	/home/user/wince-docs-corpus/docs/mslearn/windows-ce-5.0/ms894163.html	ms894163	twin-diff	ret: hdr='LONG' twin='LONG WINAPI' | LONG WINAPI lineGetCallStatus(HCALL, LPLINECALLSTATUS)
lineGetConfRelatedCalls	include/Tapi.h	ms894163	/home/user/wince-docs-corpus/docs/mslearn/windows-ce-5.0/ms894164.html	ms894164	twin-diff	ret: hdr='LONG' twin='LONG WINAPI' | LONG WINAPI lineGetConfRelatedCalls(HCALL, LPLINECALLLIST)
lineGetDevCaps	include/Tapi.h	ms894118	/home/user/wince-docs-corpus/docs/mslearn/windows-ce-net-4x/ms928009.html	ms928009	twin-match	 | LONG lineGetDevCaps(HLINEAPP, DWORD, DWORD, DWORD, LPLINEDEVCAPS)
lineGetID	include/Tapi.h	ms894159	/home/user/wince-docs-corpus/docs/mslearn/windows-ce-net-4x/ms928012.html	ms928012	twin-match	 | LONG lineGetID(HLINE, DWORD, HCALL, DWORD, LPVARSTRING, LPCWSTR)
lineGetIcon	include/Tapi.h	ms894331	/home/user/wince-docs-corpus/docs/mslearn/windows-ce-5.0/ms894313.html	ms894313	twin-diff	ret: hdr='LONG' twin='LONG WINAPI' | LONG WINAPI lineGetIcon(DWORD, LPCWSTR, LPHICON)
lineGetLineDevStatus	include/Tapi.h	ms894165	/home/user/wince-docs-corpus/docs/mslearn/windows-ce-5.0/ms894336.html	ms894336	twin-diff	ret: hdr='LONG' twin='LONG WINAPI' | LONG WINAPI lineGetLineDevStatus(HLINE, LPLINEDEVSTATUS)
lineGetMessage	include/Tapi.h	ms894404	/home/user/wince-docs-corpus/docs/mslearn/windows-ce-5.0/ms894338.html	ms894338	twin-diff	ret: hdr='LONG' twin='LONG WINAPI' | LONG WINAPI lineGetMessage(HLINEAPP, LPLINEMESSAGE, DWORD)
lineGetNewCalls	include/Tapi.h	ms894500	/home/user/wince-docs-corpus/docs/mslearn/windows-ce-5.0/ms894341.html	ms894341	twin-diff	ret: hdr='LONG' twin='LONG WINAPI' | LONG WINAPI lineGetNewCalls(HLINE, DWORD, DWORD, LPLINECALLLIST)
lineGetNumRings	include/Tapi.h	ms894341	/home/user/wince-docs-corpus/docs/mslearn/windows-ce-5.0/ms894350.html	ms894350	twin-diff	ret: hdr='LONG' twin='LONG WINAPI' | LONG WINAPI lineGetNumRings(HLINE, DWORD, LPDWORD)
lineGetProviderList	include/Tapi.h	ms893340	/home/user/wince-docs-corpus/docs/mslearn/windows-ce-5.0/ms894352.html	ms894352	twin-diff	ret: hdr='LONG' twin='LONG WINAPI' | LONG WINAPI lineGetProviderList(DWORD, LPLINEPROVIDERLIST)
lineGetStatusMessages	include/Tapi.h	ms894313	/home/user/wince-docs-corpus/docs/mslearn/windows-ce-5.0/ms894356.html	ms894356	twin-diff	ret: hdr='LONG' twin='LONG WINAPI' | LONG WINAPI lineGetStatusMessages(HLINE, LPDWORD, LPDWORD)
lineGetTranslateCaps	include/Tapi.h	ms894123	/home/user/wince-docs-corpus/docs/mslearn/windows-ce-net-4x/ms928019.html	ms928019	twin-match	 | LONG lineGetTranslateCaps(HLINEAPP, DWORD, LPLINETRANSLATECAPS)
lineHandoff	include/Tapi.h	ms894147	/home/user/wince-docs-corpus/docs/mslearn/windows-ce-5.0/ms894363.html	ms894363	twin-diff	ret: hdr='LONG' twin='LONG WINAPI' | LONG WINAPI lineHandoff(HCALL, LPCSTR, DWORD)
lineHold	include/Tapi.h	ms894137	/home/user/wince-docs-corpus/docs/mslearn/windows-ce-5.0/ms894368.html	ms894368	twin-diff	ret: hdr='LONG' twin='LONG WINAPI' | LONG WINAPI lineHold(HCALL)
lineInitializeEx	include/Tapi.h	ms894369	/home/user/wince-docs-corpus/docs/mslearn/windows-ce-5.0/ms894370.html	ms894370	twin-diff	ret: hdr='LONG' twin='LONG WINAPI' | LONG WINAPI lineInitializeEx(LPHLINEAPP, HINSTANCE, LINECALLBACK, LPCWSTR, LPDWORD, LPDWORD, LPLINEINITIALIZEEXPARAMS)
lineMonitorDigits	include/Tapi.h	ms894505	/home/user/wince-docs-corpus/docs/mslearn/windows-ce-5.0/ms894391.html	ms894391	twin-diff	ret: hdr='LONG' twin='LONG WINAPI' | LONG WINAPI lineMonitorDigits(HCALL, DWORD)
lineMonitorMedia	include/Tapi.h	ms894391	/home/user/wince-docs-corpus/docs/mslearn/windows-ce-5.0/ms894395.html	ms894395	twin-diff	ret: hdr='LONG' twin='LONG WINAPI' | LONG WINAPI lineMonitorMedia(HCALL, DWORD)
lineNegotiateAPIVersion	include/Tapi.h	ms894517	/home/user/wince-docs-corpus/docs/mslearn/windows-ce-net-4x/ms928030.html	ms928030	twin-match	 | LONG lineNegotiateAPIVersion(HLINEAPP, DWORD, DWORD, DWORD, LPDWORD, LPLINEEXTENSIONID)
lineNegotiateExtVersion	include/Tapi.h	ms894402	/home/user/wince-docs-corpus/docs/mslearn/windows-ce-5.0/ms894404.html	ms894404	twin-diff	ret: hdr='LONG' twin='LONG WINAPI' | LONG WINAPI lineNegotiateExtVersion(HLINEAPP, DWORD, DWORD, DWORD, DWORD, LPDWORD)
linePickup	include/Tapi.h	ms894522	/home/user/wince-docs-corpus/docs/mslearn/windows-ce-5.0/ms894423.html	ms894423	twin-diff	ret: hdr='LONG' twin='LONG WINAPI' | LONG WINAPI linePickup(HLINE, DWORD, LPHCALL, LPCSTR, LPCSTR)
linePrepareAddToConference	include/Tapi.h	ms894512	/home/user/wince-docs-corpus/docs/mslearn/windows-ce-5.0/ms894429.html	ms894429	twin-diff	ret: hdr='LONG' twin='LONG WINAPI' | LONG WINAPI linePrepareAddToConference(HCALL, LPHCALL, LPLINECALLPARAMS const)
lineRedirect	include/Tapi.h	ms894423	/home/user/wince-docs-corpus/docs/mslearn/windows-ce-5.0/ms894435.html	ms894435	twin-diff	ret: hdr='LONG' twin='LONG WINAPI' | LONG WINAPI lineRedirect(HCALL, LPCSTR, DWORD)
lineReleaseUserUserInfo	include/Tapi.h	ms894466	/home/user/wince-docs-corpus/docs/mslearn/windows-ce-5.0/ms894438.html	ms894438	twin-diff	ret: hdr='LONG' twin='LONG WINAPI' | LONG WINAPI lineReleaseUserUserInfo(HCALL)
lineRemoveFromConference	include/Tapi.h	ms893390	/home/user/wince-docs-corpus/docs/mslearn/windows-ce-5.0/ms894452.html	ms894452	twin-diff	ret: hdr='LONG' twin='LONG WINAPI' | LONG WINAPI lineRemoveFromConference(HCALL)
lineSendUserUserInfo	include/Tapi.h	ms894156	/home/user/wince-docs-corpus/docs/mslearn/windows-ce-5.0/ms894466.html	ms894466	twin-diff	ret: hdr='LONG' twin='LONG WINAPI' | LONG WINAPI lineSendUserUserInfo(HCALL, LPCSTR, DWORD)
lineSetAppPriority	include/Tapi.h	ms894161	/home/user/wince-docs-corpus/docs/mslearn/windows-ce-5.0/ms894470.html	ms894470	twin-diff	ret: hdr='LONG' twin='LONG WINAPI' | LONG WINAPI lineSetAppPriority(LPCSTR, DWORD, LPLINEEXTENSIONID, DWORD, LPCSTR, DWORD)
lineSetCallParams	include/Tapi.h	ms894164	/home/user/wince-docs-corpus/docs/mslearn/windows-ce-5.0/ms894473.html	ms894473	twin-diff	ret: hdr='LONG' twin='LONG WINAPI' | LONG WINAPI lineSetCallParams(HCALL, DWORD, DWORD, DWORD, LPLINEDIALPARAMS const)
lineSetCallPrivilege	include/Tapi.h	ms894473	/home/user/wince-docs-corpus/docs/mslearn/windows-ce-net-4x/ms928041.html	ms928041	twin-diff	ret: hdr='LONG' twin='LONG WINAPI' | LONG WINAPI lineSetCallPrivilege(HCALL, DWORD)
lineSetCurrentLocation	include/Tapi.h	ms894338	/home/user/wince-docs-corpus/docs/mslearn/windows-ce-net-4x/ms928042.html	ms928042	twin-match	 | LONG lineSetCurrentLocation(HLINEAPP, DWORD)
lineSetDevConfig	include/Tapi.h	ms894177	/home/user/wince-docs-corpus/docs/mslearn/windows-ce-net-4x/ms928043.html	ms928043	twin-match	 | LONG lineSetDevConfig(DWORD, LPVOID const, DWORD, LPCTSTR)
lineSetMediaMode	include/Tapi.h	ms894475	/home/user/wince-docs-corpus/docs/mslearn/windows-ce-5.0/ms894491.html	ms894491	twin-diff	ret: hdr='LONG' twin='LONG WINAPI' | LONG WINAPI lineSetMediaMode(HCALL, DWORD)
lineSetNumRings	include/Tapi.h	ms894350	/home/user/wince-docs-corpus/docs/mslearn/windows-ce-5.0/ms894494.html	ms894494	twin-diff	ret: hdr='LONG' twin='LONG WINAPI' | LONG WINAPI lineSetNumRings(HLINE, DWORD, DWORD)
lineSetStatusMessages	include/Tapi.h	ms894356	/home/user/wince-docs-corpus/docs/mslearn/windows-ce-net-4x/ms928046.html	ms928046	twin-match	 | LONG lineSetStatusMessages(HLINE, DWORD, DWORD)
lineSetTerminal	include/Tapi.h	ms894491	/home/user/wince-docs-corpus/docs/mslearn/windows-ce-5.0/ms894505.html	ms894505	twin-diff	ret: hdr='LONG' twin='LONG WINAPI' | LONG WINAPI lineSetTerminal(HLINE, DWORD, HCALL, DWORD, DWORD, DWORD, DWORD)
lineSetTollList	include/Tapi.h	ms894543	/home/user/wince-docs-corpus/docs/mslearn/windows-ce-5.0/ms894509.html	ms894509	twin-diff	ret: hdr='LONG' twin='LONG WINAPI' | LONG WINAPI lineSetTollList(HLINEAPP, DWORD, LPCWSTR, DWORD)
lineSetupConference	include/Tapi.h	ms894452	/home/user/wince-docs-corpus/docs/mslearn/windows-ce-5.0/ms894512.html	ms894512	twin-diff	ret: hdr='LONG' twin='LONG WINAPI' | LONG WINAPI lineSetupConference(HCALL, HLINE, LPHCALL, LPHCALL, DWORD, LPLINECALLPARAMS const)
lineSetupTransfer	include/Tapi.h	ms894429	/home/user/wince-docs-corpus/docs/mslearn/windows-ce-5.0/ms894514.html	ms894514	twin-diff	ret: hdr='LONG' twin='LONG WINAPI' | LONG WINAPI lineSetupTransfer(HCALL, LPHCALL, LPLINECALLPARAMS const)
lineShutdown	include/Tapi.h	ms894370	/home/user/wince-docs-corpus/docs/mslearn/windows-ce-net-4x/ms928052.html	ms928052	twin-match	 | LONG lineShutdown(HLINEAPP)
lineSwapHold	include/Tapi.h	ms894557	/home/user/wince-docs-corpus/docs/mslearn/windows-ce-5.0/ms894522.html	ms894522	twin-diff	ret: hdr='LONG' twin='LONG WINAPI' | LONG WINAPI lineSwapHold(HCALL, HCALL)
lineTranslateAddress	include/Tapi.h	ms894361	/home/user/wince-docs-corpus/docs/mslearn/windows-ce-net-4x/ms938808.html	ms938808	twin-match	 | LONG lineTranslateAddress(HLINEAPP, DWORD, DWORD, LPCWSTR, DWORD, DWORD, LPLINETRANSLATEOUTPUT)
lineTranslateDialog	include/Tapi.h	ms894539	/home/user/wince-docs-corpus/docs/mslearn/windows-ce-net-4x/ms939041.html	ms939041	twin-match	 | LONG lineTranslateDialog(HLINEAPP, DWORD, DWORD, HWND, LPCWSTR)
lineUnhold	include/Tapi.h	ms894368	/home/user/wince-docs-corpus/docs/mslearn/windows-ce-5.0/ms894557.html	ms894557	twin-diff	ret: hdr='LONG' twin='LONG WINAPI' | LONG WINAPI lineUnhold(HCALL)
mixerClose	include/Mmsystem.h	ms932037	/home/user/wince-docs-corpus/docs/mslearn/windows-embedded-ce-6.0/ee487381.html	ee487381	twin-match	 | MMRESULT mixerClose(HMIXER)
mixerGetControlDetails	include/Mmsystem.h	ms932044	/home/user/wince-docs-corpus/docs/mslearn/windows-embedded-ce-6.0/ee487387.html	ee487387	twin-match	 | MMRESULT mixerGetControlDetails(HMIXEROBJ, LPMIXERCONTROLDETAILS, DWORD)
mixerGetID	include/Mmsystem.h	ms932046	/home/user/wince-docs-corpus/docs/mslearn/windows-embedded-ce-6.0/ee487524.html	ee487524	twin-match	 | MMRESULT mixerGetID(HMIXEROBJ, UINT*, DWORD)
mixerMessage	include/Mmsystem.h	ms932049	/home/user/wince-docs-corpus/docs/mslearn/windows-ce-5.0/ms932052.html	ms932052	twin-diff	ret: hdr='UINT mixerGetNumDevs(void); /* ms932052 "mixerMessage" (DWORD return as printed). */ AKARI_CE_IMPORT DWORD' twin='DWORD' | DWORD mixerMessage(HMIXER, UINT, DWORD, DWORD)
mouse_event	include/Winuser.h	aa453139	/home/user/wince-docs-corpus/docs/mslearn/windows-ce-5.0/ms931453(v=msdn.10).html	ms931453	twin-match	 | VOID mouse_event(DWORD, DWORD, DWORD, DWORD, DWORD)
phoneClose	include/Tapi.h	ms895944	/home/user/wince-docs-corpus/docs/mslearn/windows-ce-5.0/ms895912.html	ms895912	twin-diff	ret: hdr='LONG' twin='LONG WINAPI' | LONG WINAPI phoneClose(HPHONE)
phoneConfigDialog	include/Tapi.h	ms895929	/home/user/wince-docs-corpus/docs/mslearn/windows-ce-5.0/ms895915.html	ms895915	twin-diff	ret: hdr='LONG' twin='LONG WINAPI' | LONG WINAPI phoneConfigDialog(DWORD, HWND, LPCSTR)
phoneDevSpecific	include/Tapi.h	ms895915	/home/user/wince-docs-corpus/docs/mslearn/windows-ce-5.0/ms895918.html	ms895918	twin-diff	ret: hdr='LONG' twin='LONG WINAPI' | LONG WINAPI phoneDevSpecific(HPHONE, LPVOID, DWORD)
phoneGetDevCaps	include/Tapi.h	ms895930	/home/user/wince-docs-corpus/docs/mslearn/windows-ce-5.0/ms895925.html	ms895925	twin-diff	ret: hdr='LONG' twin='LONG WINAPI' | LONG WINAPI phoneGetDevCaps(HPHONEAPP, DWORD, DWORD, DWORD, LPPHONECAPS)
phoneGetGain	include/Tapi.h	ms895932	/home/user/wince-docs-corpus/docs/mslearn/windows-ce-5.0/ms895926.html	ms895926	twin-diff	ret: hdr='LONG' twin='LONG WINAPI' | LONG WINAPI phoneGetGain(HPHONE, DWORD, LPDWORD)
phoneGetHookSwitch	include/Tapi.h	ms896201	/home/user/wince-docs-corpus/docs/mslearn/windows-ce-5.0/ms895927.html	ms895927	twin-diff	ret: hdr='LONG' twin='LONG WINAPI' | LONG WINAPI phoneGetHookSwitch(HPHONE, LPDWORD)
phoneGetID	include/Tapi.h	ms895928	/home/user/wince-docs-corpus/docs/mslearn/windows-ce-5.0/ms895929.html	ms895929	twin-diff	ret: hdr='LONG' twin='LONG WINAPI' | LONG WINAPI phoneGetID(HPHONE, LPVARSTRING, LPCWSTR)
phoneGetIcon	include/Tapi.h	ms896197	/home/user/wince-docs-corpus/docs/mslearn/windows-ce-5.0/ms895928.html	ms895928	twin-diff	ret: hdr='LONG' twin='LONG WINAPI' | LONG WINAPI phoneGetIcon(DWORD, LPCWSTR, LPHICON)
phoneGetMessage	include/Tapi.h	ms895943	/home/user/wince-docs-corpus/docs/mslearn/windows-ce-5.0/ms895930.html	ms895930	twin-diff	ret: hdr='LONG' twin='LONG WINAPI' | LONG WINAPI phoneGetMessage(HPHONEAPP, LPPHONEMESSAGE, DWORD)
phoneGetRing	include/Tapi.h	ms896185	/home/user/wince-docs-corpus/docs/mslearn/windows-ce-5.0/ms895931.html	ms895931	twin-diff	ret: hdr='LONG' twin='LONG WINAPI' | LONG WINAPI phoneGetRing(HPHONE, LPDWORD, LPDWORD)
phoneGetStatus	include/Tapi.h	ms895925	/home/user/wince-docs-corpus/docs/mslearn/windows-ce-net-4x/ms928236.html	ms928236	twin-diff	ret: hdr='LONG' twin='LONG WINAPI' | LONG WINAPI phoneGetStatus(HPHONE, LPPHONESTATUS)
phoneGetStatusMessages	include/Tapi.h	ms896190	/home/user/wince-docs-corpus/docs/mslearn/windows-ce-5.0/ms895933.html	ms895933	twin-diff	ret: hdr='LONG' twin='LONG WINAPI' | LONG WINAPI phoneGetStatusMessages(HPHONE, LPDWORD, LPDWORD, LPDWORD)
phoneGetVolume	include/Tapi.h	ms896179	/home/user/wince-docs-corpus/docs/mslearn/windows-ce-5.0/ms895934.html	ms895934	twin-diff	ret: hdr='LONG' twin='LONG WINAPI' | LONG WINAPI phoneGetVolume(HPHONE, DWORD, LPDWORD)
phoneNegotiateAPIVersion	include/Tapi.h	ms895912	/home/user/wince-docs-corpus/docs/mslearn/windows-ce-5.0/ms895942.html	ms895942	twin-diff	ret: hdr='LONG' twin='LONG WINAPI' | LONG WINAPI phoneNegotiateAPIVersion(HPHONEAPP, DWORD, DWORD, DWORD, LPDWORD, LPPHONEEXTENSIONID)
phoneNegotiateExtVersion	include/Tapi.h	ms895942	/home/user/wince-docs-corpus/docs/mslearn/windows-ce-5.0/ms895943.html	ms895943	twin-diff	ret: hdr='LONG' twin='LONG WINAPI' | LONG WINAPI phoneNegotiateExtVersion(HPHONEAPP, DWORD, DWORD, DWORD, DWORD, LPDWORD)
phoneOpen	include/Tapi.h	ms896208	/home/user/wince-docs-corpus/docs/mslearn/windows-ce-5.0/ms895944.html	ms895944	twin-diff	ret: hdr='LONG' twin='LONG WINAPI' | LONG WINAPI phoneOpen(HPHONEAPP, DWORD, LPHPHONE, DWORD, DWORD, DWORD_PTR, DWORD)
phoneSetGain	include/Tapi.h	ms895926	/home/user/wince-docs-corpus/docs/mslearn/windows-ce-5.0/ms896179.html	ms896179	twin-diff	ret: hdr='LONG' twin='LONG WINAPI' | LONG WINAPI phoneSetGain(HPHONE, DWORD, DWORD)
phoneSetHookSwitch	include/Tapi.h	ms895927	/home/user/wince-docs-corpus/docs/mslearn/windows-ce-5.0/ms896185.html	ms896185	twin-diff	ret: hdr='LONG' twin='LONG WINAPI' | LONG WINAPI phoneSetHookSwitch(HPHONE, DWORD, DWORD)
phoneSetRing	include/Tapi.h	ms895931	/home/user/wince-docs-corpus/docs/mslearn/windows-ce-5.0/ms896190.html	ms896190	twin-diff	ret: hdr='LONG' twin='LONG WINAPI' | LONG WINAPI phoneSetRing(HPHONE, DWORD, DWORD)
phoneSetStatusMessages	include/Tapi.h	ms895933	/home/user/wince-docs-corpus/docs/mslearn/windows-ce-5.0/ms896197.html	ms896197	twin-diff	ret: hdr='LONG' twin='LONG WINAPI' | LONG WINAPI phoneSetStatusMessages(HPHONE, DWORD, DWORD, DWORD)
phoneSetVolume	include/Tapi.h	ms895934	/home/user/wince-docs-corpus/docs/mslearn/windows-ce-5.0/ms896201.html	ms896201	twin-diff	ret: hdr='LONG' twin='LONG WINAPI' | LONG WINAPI phoneSetVolume(HPHONE, DWORD, DWORD)
phoneShutdown	include/Tapi.h	ms895937	/home/user/wince-docs-corpus/docs/mslearn/windows-ce-5.0/ms896208.html	ms896208	twin-diff	ret: hdr='LONG' twin='LONG WINAPI' | LONG WINAPI phoneShutdown(HPHONEAPP)
waveInGetPosition	include/Mmsystem.h	aa452427	/home/user/wince-docs-corpus/docs/mslearn/windows-ce-5.0/aa452428.html	aa452428	twin-diff	ret: hdr='UINT waveInGetNumDevs(void); /* aa452428 "waveInGetPosition". */ AKARI_CE_IMPORT MMRESULT' twin='MMRESULT' | MMRESULT waveInGetPosition(HWAVEIN, LPMMTIME, UINT)
waveOutGetPitch	include/Mmsystem.h	aa452448	/home/user/wince-docs-corpus/docs/mslearn/windows-ce-5.0/aa452449.html	aa452449	twin-diff	ret: hdr='UINT waveOutGetNumDevs(void); /* aa452449 "waveOutGetPitch". */ AKARI_CE_IMPORT MMRESULT' twin='MMRESULT' | MMRESULT waveOutGetPitch(HWAVEOUT, LPDWORD)
wsprintfW	include/Winbase.h	aa450993			no-twin-page	
wvsprintfW	include/Winbase.h	aa450994			no-twin-page	
